ISO-10303-21;
HEADER;
FILE_DESCRIPTION(('FreeCAD Model'),'2;1');
FILE_NAME('Open CASCADE Shape Model','2026-09-28T10:09:15',('FreeCAD'),(
    'FreeCAD'),'Open CASCADE STEP processor 7.8','FreeCAD','Unknown');
FILE_SCHEMA(('AUTOMOTIVE_DESIGN { 1 0 10303 214 1 1 1 1 }'));
ENDSEC;
DATA;
#1 = APPLICATION_PROTOCOL_DEFINITION('international standard',
  'automotive_design',2000,#2);
#2 = APPLICATION_CONTEXT(
  'core data for automotive mechanical design processes');
#3 = SHAPE_DEFINITION_REPRESENTATION(#4,#10);
#4 = PRODUCT_DEFINITION_SHAPE('','',#5);
#5 = PRODUCT_DEFINITION('design','',#6,#9);
#6 = PRODUCT_DEFINITION_FORMATION('','',#7);
#7 = PRODUCT('Open CASCADE STEP translator 7.8 15',
  'Open CASCADE STEP translator 7.8 15','',(#8));
#8 = PRODUCT_CONTEXT('',#2,'mechanical');
#9 = PRODUCT_DEFINITION_CONTEXT('part definition',#2,'design');
#10 = ADVANCED_BREP_SHAPE_REPRESENTATION('',(#11,#15),#6432);
#11 = AXIS2_PLACEMENT_3D('',#12,#13,#14);
#12 = CARTESIAN_POINT('',(0.,0.,0.));
#13 = DIRECTION('',(0.,0.,1.));
#14 = DIRECTION('',(1.,0.,-0.));
#15 = MANIFOLD_SOLID_BREP('',#16);
#16 = CLOSED_SHELL('',(#17,#175,#226,#285,#333,#357,#382,#406,#431,#455,
    #480,#504,#529,#553,#578,#602,#627,#651,#700,#751,#768,#786,#1141,
    #1165,#1176,#1445,#1469,#1487,#1550,#1812,#1848,#1873,#1932,#2186,
    #2445,#2457,#2475,#2508,#2526,#2551,#2576,#2601,#2633,#2657,#2681,
    #2706,#2731,#2755,#2779,#2797,#2829,#2853,#2877,#2902,#2927,#2951,
    #2975,#2993,#3025,#3049,#3073,#3098,#3123,#3147,#3171,#3189,#3221,
    #3245,#3269,#3294,#3319,#3343,#3367,#3385,#3410,#3486,#3509,#3534,
    #3556,#3573,#3590,#3607,#3624,#3641,#3658,#3670,#3692,#3709,#3726,
    #3743,#3760,#3777,#3794,#3806,#3828,#3845,#3862,#3879,#3896,#3913,
    #3930,#3942,#3967,#4075,#4093,#4169,#4194,#4253,#4270,#4287,#4312,
    #4371,#4393,#4410,#4427,#4444,#4461,#4478,#4495,#4507,#4529,#4546,
    #4563,#4580,#4597,#4614,#4631,#4643,#4665,#4682,#4699,#4716,#4733,
    #4750,#4767,#4779,#4802,#4827,#4838,#5054,#5065,#5085,#5105,#5125,
    #5145,#5162,#5179,#5191,#5211,#5228,#5251,#5276,#5301,#5326,#5351,
    #5362,#5578,#5622,#5646,#5671,#5688,#5732,#5756,#5781,#5798,#5818,
    #5840,#5857,#5874,#5886,#5908,#5925,#5942,#5954,#5976,#5993,#6010,
    #6022,#6044,#6061,#6078,#6090,#6112,#6129,#6146,#6158,#6180,#6197,
    #6214,#6226,#6251,#6276,#6301,#6326,#6343,#6355,#6367,#6379,#6391,
    #6403,#6415));
#17 = ADVANCED_FACE('',(#18),#170,.F.);
#18 = FACE_BOUND('',#19,.F.);
#19 = EDGE_LOOP('',(#20,#30,#38,#46,#54,#63,#71,#80,#88,#97,#105,#114,
    #122,#131,#139,#148,#156,#164));
#20 = ORIENTED_EDGE('',*,*,#21,.F.);
#21 = EDGE_CURVE('',#22,#24,#26,.T.);
#22 = VERTEX_POINT('',#23);
#23 = CARTESIAN_POINT('',(-89.,-77.,-55.));
#24 = VERTEX_POINT('',#25);
#25 = CARTESIAN_POINT('',(-89.,77.,-55.));
#26 = LINE('',#27,#28);
#27 = CARTESIAN_POINT('',(-89.,-82.,-55.));
#28 = VECTOR('',#29,1.);
#29 = DIRECTION('',(-0.,1.,0.));
#30 = ORIENTED_EDGE('',*,*,#31,.T.);
#31 = EDGE_CURVE('',#22,#32,#34,.T.);
#32 = VERTEX_POINT('',#33);
#33 = CARTESIAN_POINT('',(-24.3,-77.,-55.));
#34 = LINE('',#35,#36);
#35 = CARTESIAN_POINT('',(-94.,-77.,-55.));
#36 = VECTOR('',#37,1.);
#37 = DIRECTION('',(1.,0.,-0.));
#38 = ORIENTED_EDGE('',*,*,#39,.T.);
#39 = EDGE_CURVE('',#32,#40,#42,.T.);
#40 = VERTEX_POINT('',#41);
#41 = CARTESIAN_POINT('',(-24.3,-70.,-55.));
#42 = LINE('',#43,#44);
#43 = CARTESIAN_POINT('',(-24.3,-86.,-55.));
#44 = VECTOR('',#45,1.);
#45 = DIRECTION('',(-0.,1.,0.));
#46 = ORIENTED_EDGE('',*,*,#47,.T.);
#47 = EDGE_CURVE('',#40,#48,#50,.T.);
#48 = VERTEX_POINT('',#49);
#49 = CARTESIAN_POINT('',(-32.35424868893,-70.,-55.));
#50 = LINE('',#51,#52);
#51 = CARTESIAN_POINT('',(-86.5,-70.,-55.));
#52 = VECTOR('',#53,1.);
#53 = DIRECTION('',(-1.,-0.,0.));
#54 = ORIENTED_EDGE('',*,*,#55,.F.);
#55 = EDGE_CURVE('',#56,#48,#58,.T.);
#56 = VERTEX_POINT('',#57);
#57 = CARTESIAN_POINT('',(-37.64575131106,-70.,-55.));
#58 = CIRCLE('',#59,4.);
#59 = AXIS2_PLACEMENT_3D('',#60,#61,#62);
#60 = CARTESIAN_POINT('',(-35.,-67.,-55.));
#61 = DIRECTION('',(0.,0.,1.));
#62 = DIRECTION('',(1.,0.,-0.));
#63 = ORIENTED_EDGE('',*,*,#64,.T.);
#64 = EDGE_CURVE('',#56,#65,#67,.T.);
#65 = VERTEX_POINT('',#66);
#66 = CARTESIAN_POINT('',(-67.35424868893,-70.,-55.));
#67 = LINE('',#68,#69);
#68 = CARTESIAN_POINT('',(-86.5,-70.,-55.));
#69 = VECTOR('',#70,1.);
#70 = DIRECTION('',(-1.,-0.,0.));
#71 = ORIENTED_EDGE('',*,*,#72,.F.);
#72 = EDGE_CURVE('',#73,#65,#75,.T.);
#73 = VERTEX_POINT('',#74);
#74 = CARTESIAN_POINT('',(-72.64575131106,-70.,-55.));
#75 = CIRCLE('',#76,4.);
#76 = AXIS2_PLACEMENT_3D('',#77,#78,#79);
#77 = CARTESIAN_POINT('',(-70.,-67.,-55.));
#78 = DIRECTION('',(0.,0.,1.));
#79 = DIRECTION('',(1.,0.,-0.));
#80 = ORIENTED_EDGE('',*,*,#81,.T.);
#81 = EDGE_CURVE('',#73,#82,#84,.T.);
#82 = VERTEX_POINT('',#83);
#83 = CARTESIAN_POINT('',(-79.,-70.,-55.));
#84 = LINE('',#85,#86);
#85 = CARTESIAN_POINT('',(-86.5,-70.,-55.));
#86 = VECTOR('',#87,1.);
#87 = DIRECTION('',(-1.,-0.,0.));
#88 = ORIENTED_EDGE('',*,*,#89,.F.);
#89 = EDGE_CURVE('',#90,#82,#92,.T.);
#90 = VERTEX_POINT('',#91);
#91 = CARTESIAN_POINT('',(-85.,-64.,-55.));
#92 = CIRCLE('',#93,6.);
#93 = AXIS2_PLACEMENT_3D('',#94,#95,#96);
#94 = CARTESIAN_POINT('',(-79.,-64.,-55.));
#95 = DIRECTION('',(0.,0.,1.));
#96 = DIRECTION('',(1.,0.,-0.));
#97 = ORIENTED_EDGE('',*,*,#98,.T.);
#98 = EDGE_CURVE('',#90,#99,#101,.T.);
#99 = VERTEX_POINT('',#100);
#100 = CARTESIAN_POINT('',(-85.,64.,-55.));
#101 = LINE('',#102,#103);
#102 = CARTESIAN_POINT('',(-85.,-73.,-55.));
#103 = VECTOR('',#104,1.);
#104 = DIRECTION('',(-0.,1.,0.));
#105 = ORIENTED_EDGE('',*,*,#106,.F.);
#106 = EDGE_CURVE('',#107,#99,#109,.T.);
#107 = VERTEX_POINT('',#108);
#108 = CARTESIAN_POINT('',(-79.,70.,-55.));
#109 = CIRCLE('',#110,6.);
#110 = AXIS2_PLACEMENT_3D('',#111,#112,#113);
#111 = CARTESIAN_POINT('',(-79.,64.,-55.));
#112 = DIRECTION('',(0.,0.,1.));
#113 = DIRECTION('',(1.,0.,-0.));
#114 = ORIENTED_EDGE('',*,*,#115,.F.);
#115 = EDGE_CURVE('',#116,#107,#118,.T.);
#116 = VERTEX_POINT('',#117);
#117 = CARTESIAN_POINT('',(-72.64575131106,70.,-55.));
#118 = LINE('',#119,#120);
#119 = CARTESIAN_POINT('',(-86.5,70.,-55.));
#120 = VECTOR('',#121,1.);
#121 = DIRECTION('',(-1.,-0.,0.));
#122 = ORIENTED_EDGE('',*,*,#123,.F.);
#123 = EDGE_CURVE('',#124,#116,#126,.T.);
#124 = VERTEX_POINT('',#125);
#125 = CARTESIAN_POINT('',(-67.35424868893,70.,-55.));
#126 = CIRCLE('',#127,4.);
#127 = AXIS2_PLACEMENT_3D('',#128,#129,#130);
#128 = CARTESIAN_POINT('',(-70.,67.,-55.));
#129 = DIRECTION('',(0.,0.,1.));
#130 = DIRECTION('',(1.,0.,-0.));
#131 = ORIENTED_EDGE('',*,*,#132,.F.);
#132 = EDGE_CURVE('',#133,#124,#135,.T.);
#133 = VERTEX_POINT('',#134);
#134 = CARTESIAN_POINT('',(-37.64575131106,70.,-55.));
#135 = LINE('',#136,#137);
#136 = CARTESIAN_POINT('',(-86.5,70.,-55.));
#137 = VECTOR('',#138,1.);
#138 = DIRECTION('',(-1.,-0.,0.));
#139 = ORIENTED_EDGE('',*,*,#140,.F.);
#140 = EDGE_CURVE('',#141,#133,#143,.T.);
#141 = VERTEX_POINT('',#142);
#142 = CARTESIAN_POINT('',(-32.35424868893,70.,-55.));
#143 = CIRCLE('',#144,4.);
#144 = AXIS2_PLACEMENT_3D('',#145,#146,#147);
#145 = CARTESIAN_POINT('',(-35.,67.,-55.));
#146 = DIRECTION('',(0.,0.,1.));
#147 = DIRECTION('',(1.,0.,-0.));
#148 = ORIENTED_EDGE('',*,*,#149,.F.);
#149 = EDGE_CURVE('',#150,#141,#152,.T.);
#150 = VERTEX_POINT('',#151);
#151 = CARTESIAN_POINT('',(-24.3,70.,-55.));
#152 = LINE('',#153,#154);
#153 = CARTESIAN_POINT('',(-86.5,70.,-55.));
#154 = VECTOR('',#155,1.);
#155 = DIRECTION('',(-1.,-0.,0.));
#156 = ORIENTED_EDGE('',*,*,#157,.T.);
#157 = EDGE_CURVE('',#150,#158,#160,.T.);
#158 = VERTEX_POINT('',#159);
#159 = CARTESIAN_POINT('',(-24.3,77.,-55.));
#160 = LINE('',#161,#162);
#161 = CARTESIAN_POINT('',(-24.3,-86.,-55.));
#162 = VECTOR('',#163,1.);
#163 = DIRECTION('',(-0.,1.,0.));
#164 = ORIENTED_EDGE('',*,*,#165,.F.);
#165 = EDGE_CURVE('',#24,#158,#166,.T.);
#166 = LINE('',#167,#168);
#167 = CARTESIAN_POINT('',(-94.,77.,-55.));
#168 = VECTOR('',#169,1.);
#169 = DIRECTION('',(1.,0.,-0.));
#170 = PLANE('',#171);
#171 = AXIS2_PLACEMENT_3D('',#172,#173,#174);
#172 = CARTESIAN_POINT('',(-94.,-82.,-55.));
#173 = DIRECTION('',(0.,0.,1.));
#174 = DIRECTION('',(1.,0.,-0.));
#175 = ADVANCED_FACE('',(#176),#221,.T.);
#176 = FACE_BOUND('',#177,.T.);
#177 = EDGE_LOOP('',(#178,#179,#188,#197,#205,#214));
#178 = ORIENTED_EDGE('',*,*,#21,.F.);
#179 = ORIENTED_EDGE('',*,*,#180,.T.);
#180 = EDGE_CURVE('',#22,#181,#183,.T.);
#181 = VERTEX_POINT('',#182);
#182 = CARTESIAN_POINT('',(-91.,-77.,-54.58257569495));
#183 = CIRCLE('',#184,5.);
#184 = AXIS2_PLACEMENT_3D('',#185,#186,#187);
#185 = CARTESIAN_POINT('',(-89.,-77.,-50.));
#186 = DIRECTION('',(0.,1.,-0.));
#187 = DIRECTION('',(-1.,0.,0.));
#188 = ORIENTED_EDGE('',*,*,#189,.T.);
#189 = EDGE_CURVE('',#181,#190,#192,.T.);
#190 = VERTEX_POINT('',#191);
#191 = CARTESIAN_POINT('',(-94.,-77.,-50.));
#192 = CIRCLE('',#193,5.);
#193 = AXIS2_PLACEMENT_3D('',#194,#195,#196);
#194 = CARTESIAN_POINT('',(-89.,-77.,-50.));
#195 = DIRECTION('',(0.,1.,-0.));
#196 = DIRECTION('',(-1.,0.,0.));
#197 = ORIENTED_EDGE('',*,*,#198,.T.);
#198 = EDGE_CURVE('',#190,#199,#201,.T.);
#199 = VERTEX_POINT('',#200);
#200 = CARTESIAN_POINT('',(-94.,77.,-50.));
#201 = LINE('',#202,#203);
#202 = CARTESIAN_POINT('',(-94.,-82.,-50.));
#203 = VECTOR('',#204,1.);
#204 = DIRECTION('',(-0.,1.,0.));
#205 = ORIENTED_EDGE('',*,*,#206,.F.);
#206 = EDGE_CURVE('',#207,#199,#209,.T.);
#207 = VERTEX_POINT('',#208);
#208 = CARTESIAN_POINT('',(-91.,77.,-54.58257569495));
#209 = CIRCLE('',#210,5.);
#210 = AXIS2_PLACEMENT_3D('',#211,#212,#213);
#211 = CARTESIAN_POINT('',(-89.,77.,-50.));
#212 = DIRECTION('',(0.,1.,-0.));
#213 = DIRECTION('',(-1.,0.,0.));
#214 = ORIENTED_EDGE('',*,*,#215,.F.);
#215 = EDGE_CURVE('',#24,#207,#216,.T.);
#216 = CIRCLE('',#217,5.);
#217 = AXIS2_PLACEMENT_3D('',#218,#219,#220);
#218 = CARTESIAN_POINT('',(-89.,77.,-50.));
#219 = DIRECTION('',(0.,1.,-0.));
#220 = DIRECTION('',(-1.,0.,0.));
#221 = CYLINDRICAL_SURFACE('',#222,5.);
#222 = AXIS2_PLACEMENT_3D('',#223,#224,#225);
#223 = CARTESIAN_POINT('',(-89.,-82.,-50.));
#224 = DIRECTION('',(-0.,1.,0.));
#225 = DIRECTION('',(-1.,-0.,0.));
#226 = ADVANCED_FACE('',(#227),#280,.T.);
#227 = FACE_BOUND('',#228,.F.);
#228 = EDGE_LOOP('',(#229,#238,#239,#248,#256,#265,#273));
#229 = ORIENTED_EDGE('',*,*,#230,.F.);
#230 = EDGE_CURVE('',#24,#231,#233,.T.);
#231 = VERTEX_POINT('',#232);
#232 = CARTESIAN_POINT('',(-89.,79.,-54.58257569495));
#233 = CIRCLE('',#234,5.);
#234 = AXIS2_PLACEMENT_3D('',#235,#236,#237);
#235 = CARTESIAN_POINT('',(-89.,77.,-50.));
#236 = DIRECTION('',(1.,6.123233995737E-17,-0.));
#237 = DIRECTION('',(-6.123233995737E-17,1.,0.));
#238 = ORIENTED_EDGE('',*,*,#165,.T.);
#239 = ORIENTED_EDGE('',*,*,#240,.T.);
#240 = EDGE_CURVE('',#158,#241,#243,.T.);
#241 = VERTEX_POINT('',#242);
#242 = CARTESIAN_POINT('',(-24.3,79.5,-54.33012701892));
#243 = CIRCLE('',#244,5.);
#244 = AXIS2_PLACEMENT_3D('',#245,#246,#247);
#245 = CARTESIAN_POINT('',(-24.3,77.,-50.));
#246 = DIRECTION('',(1.,0.,-0.));
#247 = DIRECTION('',(0.,1.,0.));
#248 = ORIENTED_EDGE('',*,*,#249,.T.);
#249 = EDGE_CURVE('',#241,#250,#252,.T.);
#250 = VERTEX_POINT('',#251);
#251 = CARTESIAN_POINT('',(-20.,79.5,-54.33012701892));
#252 = LINE('',#253,#254);
#253 = CARTESIAN_POINT('',(-94.,79.5,-54.33012701892));
#254 = VECTOR('',#255,1.);
#255 = DIRECTION('',(1.,0.,-0.));
#256 = ORIENTED_EDGE('',*,*,#257,.T.);
#257 = EDGE_CURVE('',#250,#258,#260,.T.);
#258 = VERTEX_POINT('',#259);
#259 = CARTESIAN_POINT('',(-20.,82.,-50.));
#260 = CIRCLE('',#261,5.);
#261 = AXIS2_PLACEMENT_3D('',#262,#263,#264);
#262 = CARTESIAN_POINT('',(-20.,77.,-50.));
#263 = DIRECTION('',(1.,0.,-0.));
#264 = DIRECTION('',(0.,1.,0.));
#265 = ORIENTED_EDGE('',*,*,#266,.F.);
#266 = EDGE_CURVE('',#267,#258,#269,.T.);
#267 = VERTEX_POINT('',#268);
#268 = CARTESIAN_POINT('',(-89.,82.,-50.));
#269 = LINE('',#270,#271);
#270 = CARTESIAN_POINT('',(-94.,82.,-50.));
#271 = VECTOR('',#272,1.);
#272 = DIRECTION('',(1.,0.,-0.));
#273 = ORIENTED_EDGE('',*,*,#274,.F.);
#274 = EDGE_CURVE('',#231,#267,#275,.T.);
#275 = CIRCLE('',#276,5.);
#276 = AXIS2_PLACEMENT_3D('',#277,#278,#279);
#277 = CARTESIAN_POINT('',(-89.,77.,-50.));
#278 = DIRECTION('',(1.,6.123233995737E-17,-0.));
#279 = DIRECTION('',(-6.123233995737E-17,1.,0.));
#280 = CYLINDRICAL_SURFACE('',#281,5.);
#281 = AXIS2_PLACEMENT_3D('',#282,#283,#284);
#282 = CARTESIAN_POINT('',(-94.,77.,-50.));
#283 = DIRECTION('',(1.,0.,-0.));
#284 = DIRECTION('',(0.,1.,0.));
#285 = ADVANCED_FACE('',(#286),#328,.T.);
#286 = FACE_BOUND('',#287,.T.);
#287 = EDGE_LOOP('',(#288,#289,#297,#305,#313,#321,#327));
#288 = ORIENTED_EDGE('',*,*,#240,.T.);
#289 = ORIENTED_EDGE('',*,*,#290,.F.);
#290 = EDGE_CURVE('',#291,#241,#293,.T.);
#291 = VERTEX_POINT('',#292);
#292 = CARTESIAN_POINT('',(-24.3,79.5,-26.83188401883));
#293 = LINE('',#294,#295);
#294 = CARTESIAN_POINT('',(-24.3,79.5,-56.1));
#295 = VECTOR('',#296,1.);
#296 = DIRECTION('',(-0.,0.,-1.));
#297 = ORIENTED_EDGE('',*,*,#298,.F.);
#298 = EDGE_CURVE('',#299,#291,#301,.T.);
#299 = VERTEX_POINT('',#300);
#300 = CARTESIAN_POINT('',(-24.3,79.,-26.83188401883));
#301 = LINE('',#302,#303);
#302 = CARTESIAN_POINT('',(-24.3,60.,-26.83188401883));
#303 = VECTOR('',#304,1.);
#304 = DIRECTION('',(0.,1.,0.));
#305 = ORIENTED_EDGE('',*,*,#306,.T.);
#306 = EDGE_CURVE('',#299,#307,#309,.T.);
#307 = VERTEX_POINT('',#308);
#308 = CARTESIAN_POINT('',(-24.3,79.,-50.));
#309 = LINE('',#310,#311);
#310 = CARTESIAN_POINT('',(-24.3,79.,-56.1));
#311 = VECTOR('',#312,1.);
#312 = DIRECTION('',(-0.,0.,-1.));
#313 = ORIENTED_EDGE('',*,*,#314,.F.);
#314 = EDGE_CURVE('',#315,#307,#317,.T.);
#315 = VERTEX_POINT('',#316);
#316 = CARTESIAN_POINT('',(-24.3,70.,-50.));
#317 = LINE('',#318,#319);
#318 = CARTESIAN_POINT('',(-24.3,-90.,-50.));
#319 = VECTOR('',#320,1.);
#320 = DIRECTION('',(-0.,1.,0.));
#321 = ORIENTED_EDGE('',*,*,#322,.T.);
#322 = EDGE_CURVE('',#315,#150,#323,.T.);
#323 = LINE('',#324,#325);
#324 = CARTESIAN_POINT('',(-24.3,70.,-55.6));
#325 = VECTOR('',#326,1.);
#326 = DIRECTION('',(-0.,0.,-1.));
#327 = ORIENTED_EDGE('',*,*,#157,.T.);
#328 = PLANE('',#329);
#329 = AXIS2_PLACEMENT_3D('',#330,#331,#332);
#330 = CARTESIAN_POINT('',(-24.3,-90.,-55.2));
#331 = DIRECTION('',(1.,0.,-0.));
#332 = DIRECTION('',(0.,0.,1.));
#333 = ADVANCED_FACE('',(#334),#352,.F.);
#334 = FACE_BOUND('',#335,.F.);
#335 = EDGE_LOOP('',(#336,#344,#345,#346));
#336 = ORIENTED_EDGE('',*,*,#337,.F.);
#337 = EDGE_CURVE('',#315,#338,#340,.T.);
#338 = VERTEX_POINT('',#339);
#339 = CARTESIAN_POINT('',(-32.35424868893,70.,-50.));
#340 = LINE('',#341,#342);
#341 = CARTESIAN_POINT('',(-89.5,70.,-50.));
#342 = VECTOR('',#343,1.);
#343 = DIRECTION('',(-1.,-0.,0.));
#344 = ORIENTED_EDGE('',*,*,#322,.T.);
#345 = ORIENTED_EDGE('',*,*,#149,.T.);
#346 = ORIENTED_EDGE('',*,*,#347,.T.);
#347 = EDGE_CURVE('',#141,#338,#348,.T.);
#348 = LINE('',#349,#350);
#349 = CARTESIAN_POINT('',(-32.35424868893,70.,-55.5));
#350 = VECTOR('',#351,1.);
#351 = DIRECTION('',(0.,0.,1.));
#352 = PLANE('',#353);
#353 = AXIS2_PLACEMENT_3D('',#354,#355,#356);
#354 = CARTESIAN_POINT('',(-79.,70.,-56.));
#355 = DIRECTION('',(-0.,1.,0.));
#356 = DIRECTION('',(0.,0.,1.));
#357 = ADVANCED_FACE('',(#358),#377,.F.);
#358 = FACE_BOUND('',#359,.F.);
#359 = EDGE_LOOP('',(#360,#361,#362,#370));
#360 = ORIENTED_EDGE('',*,*,#347,.F.);
#361 = ORIENTED_EDGE('',*,*,#140,.T.);
#362 = ORIENTED_EDGE('',*,*,#363,.T.);
#363 = EDGE_CURVE('',#133,#364,#366,.T.);
#364 = VERTEX_POINT('',#365);
#365 = CARTESIAN_POINT('',(-37.64575131106,70.,-50.));
#366 = LINE('',#367,#368);
#367 = CARTESIAN_POINT('',(-37.64575131106,70.,-55.5));
#368 = VECTOR('',#369,1.);
#369 = DIRECTION('',(0.,0.,1.));
#370 = ORIENTED_EDGE('',*,*,#371,.F.);
#371 = EDGE_CURVE('',#338,#364,#372,.T.);
#372 = CIRCLE('',#373,4.);
#373 = AXIS2_PLACEMENT_3D('',#374,#375,#376);
#374 = CARTESIAN_POINT('',(-35.,67.,-50.));
#375 = DIRECTION('',(0.,0.,1.));
#376 = DIRECTION('',(1.,0.,-0.));
#377 = CYLINDRICAL_SURFACE('',#378,4.);
#378 = AXIS2_PLACEMENT_3D('',#379,#380,#381);
#379 = CARTESIAN_POINT('',(-35.,67.,-55.5));
#380 = DIRECTION('',(0.,0.,1.));
#381 = DIRECTION('',(1.,0.,-0.));
#382 = ADVANCED_FACE('',(#383),#401,.F.);
#383 = FACE_BOUND('',#384,.F.);
#384 = EDGE_LOOP('',(#385,#386,#387,#395));
#385 = ORIENTED_EDGE('',*,*,#363,.F.);
#386 = ORIENTED_EDGE('',*,*,#132,.T.);
#387 = ORIENTED_EDGE('',*,*,#388,.T.);
#388 = EDGE_CURVE('',#124,#389,#391,.T.);
#389 = VERTEX_POINT('',#390);
#390 = CARTESIAN_POINT('',(-67.35424868893,70.,-50.));
#391 = LINE('',#392,#393);
#392 = CARTESIAN_POINT('',(-67.35424868893,70.,-55.5));
#393 = VECTOR('',#394,1.);
#394 = DIRECTION('',(0.,0.,1.));
#395 = ORIENTED_EDGE('',*,*,#396,.F.);
#396 = EDGE_CURVE('',#364,#389,#397,.T.);
#397 = LINE('',#398,#399);
#398 = CARTESIAN_POINT('',(-89.5,70.,-50.));
#399 = VECTOR('',#400,1.);
#400 = DIRECTION('',(-1.,-0.,0.));
#401 = PLANE('',#402);
#402 = AXIS2_PLACEMENT_3D('',#403,#404,#405);
#403 = CARTESIAN_POINT('',(-79.,70.,-56.));
#404 = DIRECTION('',(-0.,1.,0.));
#405 = DIRECTION('',(0.,0.,1.));
#406 = ADVANCED_FACE('',(#407),#426,.F.);
#407 = FACE_BOUND('',#408,.F.);
#408 = EDGE_LOOP('',(#409,#410,#411,#419));
#409 = ORIENTED_EDGE('',*,*,#388,.F.);
#410 = ORIENTED_EDGE('',*,*,#123,.T.);
#411 = ORIENTED_EDGE('',*,*,#412,.T.);
#412 = EDGE_CURVE('',#116,#413,#415,.T.);
#413 = VERTEX_POINT('',#414);
#414 = CARTESIAN_POINT('',(-72.64575131106,70.,-50.));
#415 = LINE('',#416,#417);
#416 = CARTESIAN_POINT('',(-72.64575131106,70.,-55.5));
#417 = VECTOR('',#418,1.);
#418 = DIRECTION('',(0.,0.,1.));
#419 = ORIENTED_EDGE('',*,*,#420,.F.);
#420 = EDGE_CURVE('',#389,#413,#421,.T.);
#421 = CIRCLE('',#422,4.);
#422 = AXIS2_PLACEMENT_3D('',#423,#424,#425);
#423 = CARTESIAN_POINT('',(-70.,67.,-50.));
#424 = DIRECTION('',(0.,0.,1.));
#425 = DIRECTION('',(1.,0.,-0.));
#426 = CYLINDRICAL_SURFACE('',#427,4.);
#427 = AXIS2_PLACEMENT_3D('',#428,#429,#430);
#428 = CARTESIAN_POINT('',(-70.,67.,-55.5));
#429 = DIRECTION('',(0.,0.,1.));
#430 = DIRECTION('',(1.,0.,-0.));
#431 = ADVANCED_FACE('',(#432),#450,.F.);
#432 = FACE_BOUND('',#433,.F.);
#433 = EDGE_LOOP('',(#434,#435,#436,#444));
#434 = ORIENTED_EDGE('',*,*,#412,.F.);
#435 = ORIENTED_EDGE('',*,*,#115,.T.);
#436 = ORIENTED_EDGE('',*,*,#437,.T.);
#437 = EDGE_CURVE('',#107,#438,#440,.T.);
#438 = VERTEX_POINT('',#439);
#439 = CARTESIAN_POINT('',(-79.,70.,-50.));
#440 = LINE('',#441,#442);
#441 = CARTESIAN_POINT('',(-79.,70.,-56.));
#442 = VECTOR('',#443,1.);
#443 = DIRECTION('',(0.,0.,1.));
#444 = ORIENTED_EDGE('',*,*,#445,.F.);
#445 = EDGE_CURVE('',#413,#438,#446,.T.);
#446 = LINE('',#447,#448);
#447 = CARTESIAN_POINT('',(-89.5,70.,-50.));
#448 = VECTOR('',#449,1.);
#449 = DIRECTION('',(-1.,-0.,0.));
#450 = PLANE('',#451);
#451 = AXIS2_PLACEMENT_3D('',#452,#453,#454);
#452 = CARTESIAN_POINT('',(-79.,70.,-56.));
#453 = DIRECTION('',(-0.,1.,0.));
#454 = DIRECTION('',(0.,0.,1.));
#455 = ADVANCED_FACE('',(#456),#475,.F.);
#456 = FACE_BOUND('',#457,.F.);
#457 = EDGE_LOOP('',(#458,#467,#468,#469));
#458 = ORIENTED_EDGE('',*,*,#459,.F.);
#459 = EDGE_CURVE('',#438,#460,#462,.T.);
#460 = VERTEX_POINT('',#461);
#461 = CARTESIAN_POINT('',(-85.,64.,-50.));
#462 = CIRCLE('',#463,6.);
#463 = AXIS2_PLACEMENT_3D('',#464,#465,#466);
#464 = CARTESIAN_POINT('',(-79.,64.,-50.));
#465 = DIRECTION('',(0.,0.,1.));
#466 = DIRECTION('',(1.,0.,-0.));
#467 = ORIENTED_EDGE('',*,*,#437,.F.);
#468 = ORIENTED_EDGE('',*,*,#106,.T.);
#469 = ORIENTED_EDGE('',*,*,#470,.T.);
#470 = EDGE_CURVE('',#99,#460,#471,.T.);
#471 = LINE('',#472,#473);
#472 = CARTESIAN_POINT('',(-85.,64.,-56.));
#473 = VECTOR('',#474,1.);
#474 = DIRECTION('',(0.,0.,1.));
#475 = CYLINDRICAL_SURFACE('',#476,6.);
#476 = AXIS2_PLACEMENT_3D('',#477,#478,#479);
#477 = CARTESIAN_POINT('',(-79.,64.,-56.));
#478 = DIRECTION('',(0.,0.,1.));
#479 = DIRECTION('',(1.,0.,-0.));
#480 = ADVANCED_FACE('',(#481),#499,.T.);
#481 = FACE_BOUND('',#482,.T.);
#482 = EDGE_LOOP('',(#483,#491,#492,#493));
#483 = ORIENTED_EDGE('',*,*,#484,.F.);
#484 = EDGE_CURVE('',#90,#485,#487,.T.);
#485 = VERTEX_POINT('',#486);
#486 = CARTESIAN_POINT('',(-85.,-64.,-50.));
#487 = LINE('',#488,#489);
#488 = CARTESIAN_POINT('',(-85.,-64.,-56.));
#489 = VECTOR('',#490,1.);
#490 = DIRECTION('',(0.,0.,1.));
#491 = ORIENTED_EDGE('',*,*,#98,.T.);
#492 = ORIENTED_EDGE('',*,*,#470,.T.);
#493 = ORIENTED_EDGE('',*,*,#494,.F.);
#494 = EDGE_CURVE('',#485,#460,#495,.T.);
#495 = LINE('',#496,#497);
#496 = CARTESIAN_POINT('',(-85.,-77.,-50.));
#497 = VECTOR('',#498,1.);
#498 = DIRECTION('',(-0.,1.,0.));
#499 = PLANE('',#500);
#500 = AXIS2_PLACEMENT_3D('',#501,#502,#503);
#501 = CARTESIAN_POINT('',(-85.,-64.,-56.));
#502 = DIRECTION('',(1.,0.,-0.));
#503 = DIRECTION('',(0.,0.,1.));
#504 = ADVANCED_FACE('',(#505),#524,.F.);
#505 = FACE_BOUND('',#506,.F.);
#506 = EDGE_LOOP('',(#507,#516,#517,#518));
#507 = ORIENTED_EDGE('',*,*,#508,.F.);
#508 = EDGE_CURVE('',#485,#509,#511,.T.);
#509 = VERTEX_POINT('',#510);
#510 = CARTESIAN_POINT('',(-79.,-70.,-50.));
#511 = CIRCLE('',#512,6.);
#512 = AXIS2_PLACEMENT_3D('',#513,#514,#515);
#513 = CARTESIAN_POINT('',(-79.,-64.,-50.));
#514 = DIRECTION('',(0.,0.,1.));
#515 = DIRECTION('',(1.,0.,-0.));
#516 = ORIENTED_EDGE('',*,*,#484,.F.);
#517 = ORIENTED_EDGE('',*,*,#89,.T.);
#518 = ORIENTED_EDGE('',*,*,#519,.T.);
#519 = EDGE_CURVE('',#82,#509,#520,.T.);
#520 = LINE('',#521,#522);
#521 = CARTESIAN_POINT('',(-79.,-70.,-56.));
#522 = VECTOR('',#523,1.);
#523 = DIRECTION('',(0.,0.,1.));
#524 = CYLINDRICAL_SURFACE('',#525,6.);
#525 = AXIS2_PLACEMENT_3D('',#526,#527,#528);
#526 = CARTESIAN_POINT('',(-79.,-64.,-56.));
#527 = DIRECTION('',(0.,0.,1.));
#528 = DIRECTION('',(1.,0.,-0.));
#529 = ADVANCED_FACE('',(#530),#548,.T.);
#530 = FACE_BOUND('',#531,.T.);
#531 = EDGE_LOOP('',(#532,#540,#541,#542));
#532 = ORIENTED_EDGE('',*,*,#533,.F.);
#533 = EDGE_CURVE('',#73,#534,#536,.T.);
#534 = VERTEX_POINT('',#535);
#535 = CARTESIAN_POINT('',(-72.64575131106,-70.,-50.));
#536 = LINE('',#537,#538);
#537 = CARTESIAN_POINT('',(-72.64575131106,-70.,-55.5));
#538 = VECTOR('',#539,1.);
#539 = DIRECTION('',(0.,0.,1.));
#540 = ORIENTED_EDGE('',*,*,#81,.T.);
#541 = ORIENTED_EDGE('',*,*,#519,.T.);
#542 = ORIENTED_EDGE('',*,*,#543,.F.);
#543 = EDGE_CURVE('',#534,#509,#544,.T.);
#544 = LINE('',#545,#546);
#545 = CARTESIAN_POINT('',(-89.5,-70.,-50.));
#546 = VECTOR('',#547,1.);
#547 = DIRECTION('',(-1.,-0.,0.));
#548 = PLANE('',#549);
#549 = AXIS2_PLACEMENT_3D('',#550,#551,#552);
#550 = CARTESIAN_POINT('',(-79.,-70.,-56.));
#551 = DIRECTION('',(-0.,1.,0.));
#552 = DIRECTION('',(0.,0.,1.));
#553 = ADVANCED_FACE('',(#554),#573,.F.);
#554 = FACE_BOUND('',#555,.F.);
#555 = EDGE_LOOP('',(#556,#557,#558,#566));
#556 = ORIENTED_EDGE('',*,*,#533,.F.);
#557 = ORIENTED_EDGE('',*,*,#72,.T.);
#558 = ORIENTED_EDGE('',*,*,#559,.T.);
#559 = EDGE_CURVE('',#65,#560,#562,.T.);
#560 = VERTEX_POINT('',#561);
#561 = CARTESIAN_POINT('',(-67.35424868893,-70.,-50.));
#562 = LINE('',#563,#564);
#563 = CARTESIAN_POINT('',(-67.35424868893,-70.,-55.5));
#564 = VECTOR('',#565,1.);
#565 = DIRECTION('',(0.,0.,1.));
#566 = ORIENTED_EDGE('',*,*,#567,.F.);
#567 = EDGE_CURVE('',#534,#560,#568,.T.);
#568 = CIRCLE('',#569,4.);
#569 = AXIS2_PLACEMENT_3D('',#570,#571,#572);
#570 = CARTESIAN_POINT('',(-70.,-67.,-50.));
#571 = DIRECTION('',(0.,0.,1.));
#572 = DIRECTION('',(1.,0.,-0.));
#573 = CYLINDRICAL_SURFACE('',#574,4.);
#574 = AXIS2_PLACEMENT_3D('',#575,#576,#577);
#575 = CARTESIAN_POINT('',(-70.,-67.,-55.5));
#576 = DIRECTION('',(0.,0.,1.));
#577 = DIRECTION('',(1.,0.,-0.));
#578 = ADVANCED_FACE('',(#579),#597,.T.);
#579 = FACE_BOUND('',#580,.T.);
#580 = EDGE_LOOP('',(#581,#589,#590,#591));
#581 = ORIENTED_EDGE('',*,*,#582,.F.);
#582 = EDGE_CURVE('',#56,#583,#585,.T.);
#583 = VERTEX_POINT('',#584);
#584 = CARTESIAN_POINT('',(-37.64575131106,-70.,-50.));
#585 = LINE('',#586,#587);
#586 = CARTESIAN_POINT('',(-37.64575131106,-70.,-55.5));
#587 = VECTOR('',#588,1.);
#588 = DIRECTION('',(0.,0.,1.));
#589 = ORIENTED_EDGE('',*,*,#64,.T.);
#590 = ORIENTED_EDGE('',*,*,#559,.T.);
#591 = ORIENTED_EDGE('',*,*,#592,.F.);
#592 = EDGE_CURVE('',#583,#560,#593,.T.);
#593 = LINE('',#594,#595);
#594 = CARTESIAN_POINT('',(-89.5,-70.,-50.));
#595 = VECTOR('',#596,1.);
#596 = DIRECTION('',(-1.,-0.,0.));
#597 = PLANE('',#598);
#598 = AXIS2_PLACEMENT_3D('',#599,#600,#601);
#599 = CARTESIAN_POINT('',(-79.,-70.,-56.));
#600 = DIRECTION('',(-0.,1.,0.));
#601 = DIRECTION('',(0.,0.,1.));
#602 = ADVANCED_FACE('',(#603),#622,.F.);
#603 = FACE_BOUND('',#604,.F.);
#604 = EDGE_LOOP('',(#605,#606,#607,#615));
#605 = ORIENTED_EDGE('',*,*,#582,.F.);
#606 = ORIENTED_EDGE('',*,*,#55,.T.);
#607 = ORIENTED_EDGE('',*,*,#608,.T.);
#608 = EDGE_CURVE('',#48,#609,#611,.T.);
#609 = VERTEX_POINT('',#610);
#610 = CARTESIAN_POINT('',(-32.35424868893,-70.,-50.));
#611 = LINE('',#612,#613);
#612 = CARTESIAN_POINT('',(-32.35424868893,-70.,-55.5));
#613 = VECTOR('',#614,1.);
#614 = DIRECTION('',(0.,0.,1.));
#615 = ORIENTED_EDGE('',*,*,#616,.F.);
#616 = EDGE_CURVE('',#583,#609,#617,.T.);
#617 = CIRCLE('',#618,4.);
#618 = AXIS2_PLACEMENT_3D('',#619,#620,#621);
#619 = CARTESIAN_POINT('',(-35.,-67.,-50.));
#620 = DIRECTION('',(0.,0.,1.));
#621 = DIRECTION('',(1.,0.,-0.));
#622 = CYLINDRICAL_SURFACE('',#623,4.);
#623 = AXIS2_PLACEMENT_3D('',#624,#625,#626);
#624 = CARTESIAN_POINT('',(-35.,-67.,-55.5));
#625 = DIRECTION('',(0.,0.,1.));
#626 = DIRECTION('',(1.,0.,-0.));
#627 = ADVANCED_FACE('',(#628),#646,.T.);
#628 = FACE_BOUND('',#629,.T.);
#629 = EDGE_LOOP('',(#630,#638,#644,#645));
#630 = ORIENTED_EDGE('',*,*,#631,.F.);
#631 = EDGE_CURVE('',#632,#609,#634,.T.);
#632 = VERTEX_POINT('',#633);
#633 = CARTESIAN_POINT('',(-24.3,-70.,-50.));
#634 = LINE('',#635,#636);
#635 = CARTESIAN_POINT('',(-89.5,-70.,-50.));
#636 = VECTOR('',#637,1.);
#637 = DIRECTION('',(-1.,-0.,0.));
#638 = ORIENTED_EDGE('',*,*,#639,.T.);
#639 = EDGE_CURVE('',#632,#40,#640,.T.);
#640 = LINE('',#641,#642);
#641 = CARTESIAN_POINT('',(-24.3,-70.,-55.6));
#642 = VECTOR('',#643,1.);
#643 = DIRECTION('',(-0.,0.,-1.));
#644 = ORIENTED_EDGE('',*,*,#47,.T.);
#645 = ORIENTED_EDGE('',*,*,#608,.T.);
#646 = PLANE('',#647);
#647 = AXIS2_PLACEMENT_3D('',#648,#649,#650);
#648 = CARTESIAN_POINT('',(-79.,-70.,-56.));
#649 = DIRECTION('',(-0.,1.,0.));
#650 = DIRECTION('',(0.,0.,1.));
#651 = ADVANCED_FACE('',(#652),#695,.T.);
#652 = FACE_BOUND('',#653,.T.);
#653 = EDGE_LOOP('',(#654,#664,#671,#672,#673,#681,#689));
#654 = ORIENTED_EDGE('',*,*,#655,.T.);
#655 = EDGE_CURVE('',#656,#658,#660,.T.);
#656 = VERTEX_POINT('',#657);
#657 = CARTESIAN_POINT('',(-24.3,-79.5,-26.83188401883));
#658 = VERTEX_POINT('',#659);
#659 = CARTESIAN_POINT('',(-24.3,-79.5,-54.33012701892));
#660 = LINE('',#661,#662);
#661 = CARTESIAN_POINT('',(-24.3,-79.5,-56.1));
#662 = VECTOR('',#663,1.);
#663 = DIRECTION('',(-0.,0.,-1.));
#664 = ORIENTED_EDGE('',*,*,#665,.T.);
#665 = EDGE_CURVE('',#658,#32,#666,.T.);
#666 = CIRCLE('',#667,5.);
#667 = AXIS2_PLACEMENT_3D('',#668,#669,#670);
#668 = CARTESIAN_POINT('',(-24.3,-77.,-50.));
#669 = DIRECTION('',(1.,0.,0.));
#670 = DIRECTION('',(0.,-1.,0.));
#671 = ORIENTED_EDGE('',*,*,#39,.T.);
#672 = ORIENTED_EDGE('',*,*,#639,.F.);
#673 = ORIENTED_EDGE('',*,*,#674,.F.);
#674 = EDGE_CURVE('',#675,#632,#677,.T.);
#675 = VERTEX_POINT('',#676);
#676 = CARTESIAN_POINT('',(-24.3,-79.,-50.));
#677 = LINE('',#678,#679);
#678 = CARTESIAN_POINT('',(-24.3,-90.,-50.));
#679 = VECTOR('',#680,1.);
#680 = DIRECTION('',(-0.,1.,0.));
#681 = ORIENTED_EDGE('',*,*,#682,.F.);
#682 = EDGE_CURVE('',#683,#675,#685,.T.);
#683 = VERTEX_POINT('',#684);
#684 = CARTESIAN_POINT('',(-24.3,-79.,-26.83188401883));
#685 = LINE('',#686,#687);
#686 = CARTESIAN_POINT('',(-24.3,-79.,-56.1));
#687 = VECTOR('',#688,1.);
#688 = DIRECTION('',(-0.,0.,-1.));
#689 = ORIENTED_EDGE('',*,*,#690,.T.);
#690 = EDGE_CURVE('',#683,#656,#691,.T.);
#691 = LINE('',#692,#693);
#692 = CARTESIAN_POINT('',(-24.3,-60.,-26.83188401883));
#693 = VECTOR('',#694,1.);
#694 = DIRECTION('',(0.,-1.,0.));
#695 = PLANE('',#696);
#696 = AXIS2_PLACEMENT_3D('',#697,#698,#699);
#697 = CARTESIAN_POINT('',(-24.3,-90.,-55.2));
#698 = DIRECTION('',(1.,0.,-0.));
#699 = DIRECTION('',(0.,0.,1.));
#700 = ADVANCED_FACE('',(#701),#746,.T.);
#701 = FACE_BOUND('',#702,.T.);
#702 = EDGE_LOOP('',(#703,#712,#713,#714,#722,#731,#739));
#703 = ORIENTED_EDGE('',*,*,#704,.F.);
#704 = EDGE_CURVE('',#22,#705,#707,.T.);
#705 = VERTEX_POINT('',#706);
#706 = CARTESIAN_POINT('',(-89.,-79.,-54.58257569495));
#707 = CIRCLE('',#708,5.);
#708 = AXIS2_PLACEMENT_3D('',#709,#710,#711);
#709 = CARTESIAN_POINT('',(-89.,-77.,-50.));
#710 = DIRECTION('',(-1.,6.123233995737E-17,0.));
#711 = DIRECTION('',(-6.123233995737E-17,-1.,0.));
#712 = ORIENTED_EDGE('',*,*,#31,.T.);
#713 = ORIENTED_EDGE('',*,*,#665,.F.);
#714 = ORIENTED_EDGE('',*,*,#715,.T.);
#715 = EDGE_CURVE('',#658,#716,#718,.T.);
#716 = VERTEX_POINT('',#717);
#717 = CARTESIAN_POINT('',(-20.,-79.5,-54.33012701892));
#718 = LINE('',#719,#720);
#719 = CARTESIAN_POINT('',(-94.,-79.5,-54.33012701892));
#720 = VECTOR('',#721,1.);
#721 = DIRECTION('',(1.,0.,-0.));
#722 = ORIENTED_EDGE('',*,*,#723,.F.);
#723 = EDGE_CURVE('',#724,#716,#726,.T.);
#724 = VERTEX_POINT('',#725);
#725 = CARTESIAN_POINT('',(-20.,-82.,-50.));
#726 = CIRCLE('',#727,5.);
#727 = AXIS2_PLACEMENT_3D('',#728,#729,#730);
#728 = CARTESIAN_POINT('',(-20.,-77.,-50.));
#729 = DIRECTION('',(1.,0.,0.));
#730 = DIRECTION('',(0.,-1.,0.));
#731 = ORIENTED_EDGE('',*,*,#732,.F.);
#732 = EDGE_CURVE('',#733,#724,#735,.T.);
#733 = VERTEX_POINT('',#734);
#734 = CARTESIAN_POINT('',(-89.,-82.,-50.));
#735 = LINE('',#736,#737);
#736 = CARTESIAN_POINT('',(-94.,-82.,-50.));
#737 = VECTOR('',#738,1.);
#738 = DIRECTION('',(1.,0.,-0.));
#739 = ORIENTED_EDGE('',*,*,#740,.F.);
#740 = EDGE_CURVE('',#705,#733,#741,.T.);
#741 = CIRCLE('',#742,5.);
#742 = AXIS2_PLACEMENT_3D('',#743,#744,#745);
#743 = CARTESIAN_POINT('',(-89.,-77.,-50.));
#744 = DIRECTION('',(-1.,6.123233995737E-17,0.));
#745 = DIRECTION('',(-6.123233995737E-17,-1.,0.));
#746 = CYLINDRICAL_SURFACE('',#747,5.);
#747 = AXIS2_PLACEMENT_3D('',#748,#749,#750);
#748 = CARTESIAN_POINT('',(-94.,-77.,-50.));
#749 = DIRECTION('',(1.,0.,-0.));
#750 = DIRECTION('',(0.,-1.,0.));
#751 = ADVANCED_FACE('',(#752),#763,.T.);
#752 = FACE_BOUND('',#753,.T.);
#753 = EDGE_LOOP('',(#754,#755,#756));
#754 = ORIENTED_EDGE('',*,*,#180,.F.);
#755 = ORIENTED_EDGE('',*,*,#704,.T.);
#756 = ORIENTED_EDGE('',*,*,#757,.F.);
#757 = EDGE_CURVE('',#181,#705,#758,.T.);
#758 = CIRCLE('',#759,2.);
#759 = AXIS2_PLACEMENT_3D('',#760,#761,#762);
#760 = CARTESIAN_POINT('',(-89.,-77.,-54.58257569495));
#761 = DIRECTION('',(0.,0.,1.));
#762 = DIRECTION('',(0.,-1.,0.));
#763 = SPHERICAL_SURFACE('',#764,5.);
#764 = AXIS2_PLACEMENT_3D('',#765,#766,#767);
#765 = CARTESIAN_POINT('',(-89.,-77.,-50.));
#766 = DIRECTION('',(0.,0.,1.));
#767 = DIRECTION('',(-1.,0.,0.));
#768 = ADVANCED_FACE('',(#769),#781,.T.);
#769 = FACE_BOUND('',#770,.T.);
#770 = EDGE_LOOP('',(#771,#772,#773,#774));
#771 = ORIENTED_EDGE('',*,*,#189,.F.);
#772 = ORIENTED_EDGE('',*,*,#757,.T.);
#773 = ORIENTED_EDGE('',*,*,#740,.T.);
#774 = ORIENTED_EDGE('',*,*,#775,.F.);
#775 = EDGE_CURVE('',#190,#733,#776,.T.);
#776 = CIRCLE('',#777,5.);
#777 = AXIS2_PLACEMENT_3D('',#778,#779,#780);
#778 = CARTESIAN_POINT('',(-89.,-77.,-50.));
#779 = DIRECTION('',(0.,0.,1.));
#780 = DIRECTION('',(-1.,0.,0.));
#781 = SPHERICAL_SURFACE('',#782,5.);
#782 = AXIS2_PLACEMENT_3D('',#783,#784,#785);
#783 = CARTESIAN_POINT('',(-89.,-77.,-50.));
#784 = DIRECTION('',(0.,0.,1.));
#785 = DIRECTION('',(-1.,0.,0.));
#786 = ADVANCED_FACE('',(#787,#812,#823,#834,#845,#915,#985,#1055,#1125)
  ,#1136,.F.);
#787 = FACE_BOUND('',#788,.F.);
#788 = EDGE_LOOP('',(#789,#797,#798,#806));
#789 = ORIENTED_EDGE('',*,*,#790,.F.);
#790 = EDGE_CURVE('',#190,#791,#793,.T.);
#791 = VERTEX_POINT('',#792);
#792 = CARTESIAN_POINT('',(-94.,-77.,95.));
#793 = LINE('',#794,#795);
#794 = CARTESIAN_POINT('',(-94.,-77.,-55.));
#795 = VECTOR('',#796,1.);
#796 = DIRECTION('',(0.,0.,1.));
#797 = ORIENTED_EDGE('',*,*,#198,.T.);
#798 = ORIENTED_EDGE('',*,*,#799,.T.);
#799 = EDGE_CURVE('',#199,#800,#802,.T.);
#800 = VERTEX_POINT('',#801);
#801 = CARTESIAN_POINT('',(-94.,77.,95.));
#802 = LINE('',#803,#804);
#803 = CARTESIAN_POINT('',(-94.,77.,-55.));
#804 = VECTOR('',#805,1.);
#805 = DIRECTION('',(0.,0.,1.));
#806 = ORIENTED_EDGE('',*,*,#807,.F.);
#807 = EDGE_CURVE('',#791,#800,#808,.T.);
#808 = LINE('',#809,#810);
#809 = CARTESIAN_POINT('',(-94.,-82.,95.));
#810 = VECTOR('',#811,1.);
#811 = DIRECTION('',(-0.,1.,0.));
#812 = FACE_BOUND('',#813,.F.);
#813 = EDGE_LOOP('',(#814));
#814 = ORIENTED_EDGE('',*,*,#815,.F.);
#815 = EDGE_CURVE('',#816,#816,#818,.T.);
#816 = VERTEX_POINT('',#817);
#817 = CARTESIAN_POINT('',(-94.,62.,-36.8));
#818 = CIRCLE('',#819,3.2);
#819 = AXIS2_PLACEMENT_3D('',#820,#821,#822);
#820 = CARTESIAN_POINT('',(-94.,62.,-40.));
#821 = DIRECTION('',(1.,0.,0.));
#822 = DIRECTION('',(-0.,0.,1.));
#823 = FACE_BOUND('',#824,.F.);
#824 = EDGE_LOOP('',(#825));
#825 = ORIENTED_EDGE('',*,*,#826,.F.);
#826 = EDGE_CURVE('',#827,#827,#829,.T.);
#827 = VERTEX_POINT('',#828);
#828 = CARTESIAN_POINT('',(-94.,62.,44.2));
#829 = CIRCLE('',#830,3.2);
#830 = AXIS2_PLACEMENT_3D('',#831,#832,#833);
#831 = CARTESIAN_POINT('',(-94.,62.,41.));
#832 = DIRECTION('',(1.,0.,0.));
#833 = DIRECTION('',(-0.,0.,1.));
#834 = FACE_BOUND('',#835,.F.);
#835 = EDGE_LOOP('',(#836));
#836 = ORIENTED_EDGE('',*,*,#837,.F.);
#837 = EDGE_CURVE('',#838,#838,#840,.T.);
#838 = VERTEX_POINT('',#839);
#839 = CARTESIAN_POINT('',(-94.,-62.,-36.8));
#840 = CIRCLE('',#841,3.2);
#841 = AXIS2_PLACEMENT_3D('',#842,#843,#844);
#842 = CARTESIAN_POINT('',(-94.,-62.,-40.));
#843 = DIRECTION('',(1.,0.,0.));
#844 = DIRECTION('',(-0.,0.,1.));
#845 = FACE_BOUND('',#846,.F.);
#846 = EDGE_LOOP('',(#847,#858,#866,#875,#883,#892,#900,#909));
#847 = ORIENTED_EDGE('',*,*,#848,.F.);
#848 = EDGE_CURVE('',#849,#851,#853,.T.);
#849 = VERTEX_POINT('',#850);
#850 = CARTESIAN_POINT('',(-94.,-47.2,57.));
#851 = VERTEX_POINT('',#852);
#852 = CARTESIAN_POINT('',(-94.,-49.,55.2));
#853 = CIRCLE('',#854,1.8);
#854 = AXIS2_PLACEMENT_3D('',#855,#856,#857);
#855 = CARTESIAN_POINT('',(-94.,-47.2,55.2));
#856 = DIRECTION('',(1.,0.,1.110223024625E-16));
#857 = DIRECTION('',(1.110223024625E-16,0.,-1.));
#858 = ORIENTED_EDGE('',*,*,#859,.T.);
#859 = EDGE_CURVE('',#849,#860,#862,.T.);
#860 = VERTEX_POINT('',#861);
#861 = CARTESIAN_POINT('',(-94.,47.2,57.));
#862 = LINE('',#863,#864);
#863 = CARTESIAN_POINT('',(-94.,-64.6,57.));
#864 = VECTOR('',#865,1.);
#865 = DIRECTION('',(0.,1.,0.));
#866 = ORIENTED_EDGE('',*,*,#867,.F.);
#867 = EDGE_CURVE('',#868,#860,#870,.T.);
#868 = VERTEX_POINT('',#869);
#869 = CARTESIAN_POINT('',(-94.,49.,55.2));
#870 = CIRCLE('',#871,1.8);
#871 = AXIS2_PLACEMENT_3D('',#872,#873,#874);
#872 = CARTESIAN_POINT('',(-94.,47.2,55.2));
#873 = DIRECTION('',(1.,0.,1.110223024625E-16));
#874 = DIRECTION('',(1.110223024625E-16,0.,-1.));
#875 = ORIENTED_EDGE('',*,*,#876,.F.);
#876 = EDGE_CURVE('',#877,#868,#879,.T.);
#877 = VERTEX_POINT('',#878);
#878 = CARTESIAN_POINT('',(-94.,49.,54.8));
#879 = LINE('',#880,#881);
#880 = CARTESIAN_POINT('',(-94.,49.,0.1));
#881 = VECTOR('',#882,1.);
#882 = DIRECTION('',(0.,-0.,1.));
#883 = ORIENTED_EDGE('',*,*,#884,.F.);
#884 = EDGE_CURVE('',#885,#877,#887,.T.);
#885 = VERTEX_POINT('',#886);
#886 = CARTESIAN_POINT('',(-94.,47.2,53.));
#887 = CIRCLE('',#888,1.8);
#888 = AXIS2_PLACEMENT_3D('',#889,#890,#891);
#889 = CARTESIAN_POINT('',(-94.,47.2,54.8));
#890 = DIRECTION('',(1.,0.,1.110223024625E-16));
#891 = DIRECTION('',(1.110223024625E-16,0.,-1.));
#892 = ORIENTED_EDGE('',*,*,#893,.F.);
#893 = EDGE_CURVE('',#894,#885,#896,.T.);
#894 = VERTEX_POINT('',#895);
#895 = CARTESIAN_POINT('',(-94.,-47.2,53.));
#896 = LINE('',#897,#898);
#897 = CARTESIAN_POINT('',(-94.,-64.6,53.));
#898 = VECTOR('',#899,1.);
#899 = DIRECTION('',(0.,1.,0.));
#900 = ORIENTED_EDGE('',*,*,#901,.F.);
#901 = EDGE_CURVE('',#902,#894,#904,.T.);
#902 = VERTEX_POINT('',#903);
#903 = CARTESIAN_POINT('',(-94.,-49.,54.8));
#904 = CIRCLE('',#905,1.8);
#905 = AXIS2_PLACEMENT_3D('',#906,#907,#908);
#906 = CARTESIAN_POINT('',(-94.,-47.2,54.8));
#907 = DIRECTION('',(1.,0.,1.110223024625E-16));
#908 = DIRECTION('',(1.110223024625E-16,0.,-1.));
#909 = ORIENTED_EDGE('',*,*,#910,.T.);
#910 = EDGE_CURVE('',#902,#851,#911,.T.);
#911 = LINE('',#912,#913);
#912 = CARTESIAN_POINT('',(-94.,-49.,0.1));
#913 = VECTOR('',#914,1.);
#914 = DIRECTION('',(0.,-0.,1.));
#915 = FACE_BOUND('',#916,.F.);
#916 = EDGE_LOOP('',(#917,#928,#936,#945,#953,#962,#970,#979));
#917 = ORIENTED_EDGE('',*,*,#918,.F.);
#918 = EDGE_CURVE('',#919,#921,#923,.T.);
#919 = VERTEX_POINT('',#920);
#920 = CARTESIAN_POINT('',(-94.,-47.2,66.));
#921 = VERTEX_POINT('',#922);
#922 = CARTESIAN_POINT('',(-94.,-49.,64.2));
#923 = CIRCLE('',#924,1.8);
#924 = AXIS2_PLACEMENT_3D('',#925,#926,#927);
#925 = CARTESIAN_POINT('',(-94.,-47.2,64.2));
#926 = DIRECTION('',(1.,0.,1.110223024625E-16));
#927 = DIRECTION('',(1.110223024625E-16,0.,-1.));
#928 = ORIENTED_EDGE('',*,*,#929,.T.);
#929 = EDGE_CURVE('',#919,#930,#932,.T.);
#930 = VERTEX_POINT('',#931);
#931 = CARTESIAN_POINT('',(-94.,47.2,66.));
#932 = LINE('',#933,#934);
#933 = CARTESIAN_POINT('',(-94.,-64.6,66.));
#934 = VECTOR('',#935,1.);
#935 = DIRECTION('',(0.,1.,0.));
#936 = ORIENTED_EDGE('',*,*,#937,.F.);
#937 = EDGE_CURVE('',#938,#930,#940,.T.);
#938 = VERTEX_POINT('',#939);
#939 = CARTESIAN_POINT('',(-94.,49.,64.2));
#940 = CIRCLE('',#941,1.8);
#941 = AXIS2_PLACEMENT_3D('',#942,#943,#944);
#942 = CARTESIAN_POINT('',(-94.,47.2,64.2));
#943 = DIRECTION('',(1.,0.,1.110223024625E-16));
#944 = DIRECTION('',(1.110223024625E-16,0.,-1.));
#945 = ORIENTED_EDGE('',*,*,#946,.F.);
#946 = EDGE_CURVE('',#947,#938,#949,.T.);
#947 = VERTEX_POINT('',#948);
#948 = CARTESIAN_POINT('',(-94.,49.,63.8));
#949 = LINE('',#950,#951);
#950 = CARTESIAN_POINT('',(-94.,49.,4.6));
#951 = VECTOR('',#952,1.);
#952 = DIRECTION('',(0.,-0.,1.));
#953 = ORIENTED_EDGE('',*,*,#954,.F.);
#954 = EDGE_CURVE('',#955,#947,#957,.T.);
#955 = VERTEX_POINT('',#956);
#956 = CARTESIAN_POINT('',(-94.,47.2,62.));
#957 = CIRCLE('',#958,1.8);
#958 = AXIS2_PLACEMENT_3D('',#959,#960,#961);
#959 = CARTESIAN_POINT('',(-94.,47.2,63.8));
#960 = DIRECTION('',(1.,0.,1.110223024625E-16));
#961 = DIRECTION('',(1.110223024625E-16,0.,-1.));
#962 = ORIENTED_EDGE('',*,*,#963,.F.);
#963 = EDGE_CURVE('',#964,#955,#966,.T.);
#964 = VERTEX_POINT('',#965);
#965 = CARTESIAN_POINT('',(-94.,-47.2,62.));
#966 = LINE('',#967,#968);
#967 = CARTESIAN_POINT('',(-94.,-64.6,62.));
#968 = VECTOR('',#969,1.);
#969 = DIRECTION('',(0.,1.,0.));
#970 = ORIENTED_EDGE('',*,*,#971,.F.);
#971 = EDGE_CURVE('',#972,#964,#974,.T.);
#972 = VERTEX_POINT('',#973);
#973 = CARTESIAN_POINT('',(-94.,-49.,63.8));
#974 = CIRCLE('',#975,1.8);
#975 = AXIS2_PLACEMENT_3D('',#976,#977,#978);
#976 = CARTESIAN_POINT('',(-94.,-47.2,63.8));
#977 = DIRECTION('',(1.,0.,1.110223024625E-16));
#978 = DIRECTION('',(1.110223024625E-16,0.,-1.));
#979 = ORIENTED_EDGE('',*,*,#980,.T.);
#980 = EDGE_CURVE('',#972,#921,#981,.T.);
#981 = LINE('',#982,#983);
#982 = CARTESIAN_POINT('',(-94.,-49.,4.6));
#983 = VECTOR('',#984,1.);
#984 = DIRECTION('',(0.,-0.,1.));
#985 = FACE_BOUND('',#986,.F.);
#986 = EDGE_LOOP('',(#987,#998,#1006,#1015,#1023,#1032,#1040,#1049));
#987 = ORIENTED_EDGE('',*,*,#988,.F.);
#988 = EDGE_CURVE('',#989,#991,#993,.T.);
#989 = VERTEX_POINT('',#990);
#990 = CARTESIAN_POINT('',(-94.,-47.2,75.));
#991 = VERTEX_POINT('',#992);
#992 = CARTESIAN_POINT('',(-94.,-49.,73.2));
#993 = CIRCLE('',#994,1.8);
#994 = AXIS2_PLACEMENT_3D('',#995,#996,#997);
#995 = CARTESIAN_POINT('',(-94.,-47.2,73.2));
#996 = DIRECTION('',(1.,0.,1.110223024625E-16));
#997 = DIRECTION('',(1.110223024625E-16,0.,-1.));
#998 = ORIENTED_EDGE('',*,*,#999,.T.);
#999 = EDGE_CURVE('',#989,#1000,#1002,.T.);
#1000 = VERTEX_POINT('',#1001);
#1001 = CARTESIAN_POINT('',(-94.,47.2,75.));
#1002 = LINE('',#1003,#1004);
#1003 = CARTESIAN_POINT('',(-94.,-64.6,75.));
#1004 = VECTOR('',#1005,1.);
#1005 = DIRECTION('',(0.,1.,0.));
#1006 = ORIENTED_EDGE('',*,*,#1007,.F.);
#1007 = EDGE_CURVE('',#1008,#1000,#1010,.T.);
#1008 = VERTEX_POINT('',#1009);
#1009 = CARTESIAN_POINT('',(-94.,49.,73.2));
#1010 = CIRCLE('',#1011,1.8);
#1011 = AXIS2_PLACEMENT_3D('',#1012,#1013,#1014);
#1012 = CARTESIAN_POINT('',(-94.,47.2,73.2));
#1013 = DIRECTION('',(1.,0.,1.110223024625E-16));
#1014 = DIRECTION('',(1.110223024625E-16,0.,-1.));
#1015 = ORIENTED_EDGE('',*,*,#1016,.F.);
#1016 = EDGE_CURVE('',#1017,#1008,#1019,.T.);
#1017 = VERTEX_POINT('',#1018);
#1018 = CARTESIAN_POINT('',(-94.,49.,72.8));
#1019 = LINE('',#1020,#1021);
#1020 = CARTESIAN_POINT('',(-94.,49.,9.1));
#1021 = VECTOR('',#1022,1.);
#1022 = DIRECTION('',(0.,-0.,1.));
#1023 = ORIENTED_EDGE('',*,*,#1024,.F.);
#1024 = EDGE_CURVE('',#1025,#1017,#1027,.T.);
#1025 = VERTEX_POINT('',#1026);
#1026 = CARTESIAN_POINT('',(-94.,47.2,71.));
#1027 = CIRCLE('',#1028,1.8);
#1028 = AXIS2_PLACEMENT_3D('',#1029,#1030,#1031);
#1029 = CARTESIAN_POINT('',(-94.,47.2,72.8));
#1030 = DIRECTION('',(1.,0.,1.110223024625E-16));
#1031 = DIRECTION('',(1.110223024625E-16,0.,-1.));
#1032 = ORIENTED_EDGE('',*,*,#1033,.F.);
#1033 = EDGE_CURVE('',#1034,#1025,#1036,.T.);
#1034 = VERTEX_POINT('',#1035);
#1035 = CARTESIAN_POINT('',(-94.,-47.2,71.));
#1036 = LINE('',#1037,#1038);
#1037 = CARTESIAN_POINT('',(-94.,-64.6,71.));
#1038 = VECTOR('',#1039,1.);
#1039 = DIRECTION('',(0.,1.,0.));
#1040 = ORIENTED_EDGE('',*,*,#1041,.F.);
#1041 = EDGE_CURVE('',#1042,#1034,#1044,.T.);
#1042 = VERTEX_POINT('',#1043);
#1043 = CARTESIAN_POINT('',(-94.,-49.,72.8));
#1044 = CIRCLE('',#1045,1.8);
#1045 = AXIS2_PLACEMENT_3D('',#1046,#1047,#1048);
#1046 = CARTESIAN_POINT('',(-94.,-47.2,72.8));
#1047 = DIRECTION('',(1.,0.,1.110223024625E-16));
#1048 = DIRECTION('',(1.110223024625E-16,0.,-1.));
#1049 = ORIENTED_EDGE('',*,*,#1050,.T.);
#1050 = EDGE_CURVE('',#1042,#991,#1051,.T.);
#1051 = LINE('',#1052,#1053);
#1052 = CARTESIAN_POINT('',(-94.,-49.,9.1));
#1053 = VECTOR('',#1054,1.);
#1054 = DIRECTION('',(0.,-0.,1.));
#1055 = FACE_BOUND('',#1056,.F.);
#1056 = EDGE_LOOP('',(#1057,#1068,#1076,#1085,#1093,#1102,#1110,#1119));
#1057 = ORIENTED_EDGE('',*,*,#1058,.F.);
#1058 = EDGE_CURVE('',#1059,#1061,#1063,.T.);
#1059 = VERTEX_POINT('',#1060);
#1060 = CARTESIAN_POINT('',(-94.,-47.2,84.));
#1061 = VERTEX_POINT('',#1062);
#1062 = CARTESIAN_POINT('',(-94.,-49.,82.2));
#1063 = CIRCLE('',#1064,1.8);
#1064 = AXIS2_PLACEMENT_3D('',#1065,#1066,#1067);
#1065 = CARTESIAN_POINT('',(-94.,-47.2,82.2));
#1066 = DIRECTION('',(1.,0.,1.110223024625E-16));
#1067 = DIRECTION('',(1.110223024625E-16,0.,-1.));
#1068 = ORIENTED_EDGE('',*,*,#1069,.T.);
#1069 = EDGE_CURVE('',#1059,#1070,#1072,.T.);
#1070 = VERTEX_POINT('',#1071);
#1071 = CARTESIAN_POINT('',(-94.,47.2,84.));
#1072 = LINE('',#1073,#1074);
#1073 = CARTESIAN_POINT('',(-94.,-64.6,84.));
#1074 = VECTOR('',#1075,1.);
#1075 = DIRECTION('',(0.,1.,0.));
#1076 = ORIENTED_EDGE('',*,*,#1077,.F.);
#1077 = EDGE_CURVE('',#1078,#1070,#1080,.T.);
#1078 = VERTEX_POINT('',#1079);
#1079 = CARTESIAN_POINT('',(-94.,49.,82.2));
#1080 = CIRCLE('',#1081,1.8);
#1081 = AXIS2_PLACEMENT_3D('',#1082,#1083,#1084);
#1082 = CARTESIAN_POINT('',(-94.,47.2,82.2));
#1083 = DIRECTION('',(1.,0.,1.110223024625E-16));
#1084 = DIRECTION('',(1.110223024625E-16,0.,-1.));
#1085 = ORIENTED_EDGE('',*,*,#1086,.F.);
#1086 = EDGE_CURVE('',#1087,#1078,#1089,.T.);
#1087 = VERTEX_POINT('',#1088);
#1088 = CARTESIAN_POINT('',(-94.,49.,81.8));
#1089 = LINE('',#1090,#1091);
#1090 = CARTESIAN_POINT('',(-94.,49.,13.6));
#1091 = VECTOR('',#1092,1.);
#1092 = DIRECTION('',(0.,-0.,1.));
#1093 = ORIENTED_EDGE('',*,*,#1094,.F.);
#1094 = EDGE_CURVE('',#1095,#1087,#1097,.T.);
#1095 = VERTEX_POINT('',#1096);
#1096 = CARTESIAN_POINT('',(-94.,47.2,80.));
#1097 = CIRCLE('',#1098,1.8);
#1098 = AXIS2_PLACEMENT_3D('',#1099,#1100,#1101);
#1099 = CARTESIAN_POINT('',(-94.,47.2,81.8));
#1100 = DIRECTION('',(1.,0.,1.110223024625E-16));
#1101 = DIRECTION('',(1.110223024625E-16,0.,-1.));
#1102 = ORIENTED_EDGE('',*,*,#1103,.F.);
#1103 = EDGE_CURVE('',#1104,#1095,#1106,.T.);
#1104 = VERTEX_POINT('',#1105);
#1105 = CARTESIAN_POINT('',(-94.,-47.2,80.));
#1106 = LINE('',#1107,#1108);
#1107 = CARTESIAN_POINT('',(-94.,-64.6,80.));
#1108 = VECTOR('',#1109,1.);
#1109 = DIRECTION('',(0.,1.,0.));
#1110 = ORIENTED_EDGE('',*,*,#1111,.F.);
#1111 = EDGE_CURVE('',#1112,#1104,#1114,.T.);
#1112 = VERTEX_POINT('',#1113);
#1113 = CARTESIAN_POINT('',(-94.,-49.,81.8));
#1114 = CIRCLE('',#1115,1.8);
#1115 = AXIS2_PLACEMENT_3D('',#1116,#1117,#1118);
#1116 = CARTESIAN_POINT('',(-94.,-47.2,81.8));
#1117 = DIRECTION('',(1.,0.,1.110223024625E-16));
#1118 = DIRECTION('',(1.110223024625E-16,0.,-1.));
#1119 = ORIENTED_EDGE('',*,*,#1120,.T.);
#1120 = EDGE_CURVE('',#1112,#1061,#1121,.T.);
#1121 = LINE('',#1122,#1123);
#1122 = CARTESIAN_POINT('',(-94.,-49.,13.6));
#1123 = VECTOR('',#1124,1.);
#1124 = DIRECTION('',(0.,-0.,1.));
#1125 = FACE_BOUND('',#1126,.F.);
#1126 = EDGE_LOOP('',(#1127));
#1127 = ORIENTED_EDGE('',*,*,#1128,.F.);
#1128 = EDGE_CURVE('',#1129,#1129,#1131,.T.);
#1129 = VERTEX_POINT('',#1130);
#1130 = CARTESIAN_POINT('',(-94.,-62.,44.2));
#1131 = CIRCLE('',#1132,3.2);
#1132 = AXIS2_PLACEMENT_3D('',#1133,#1134,#1135);
#1133 = CARTESIAN_POINT('',(-94.,-62.,41.));
#1134 = DIRECTION('',(1.,0.,0.));
#1135 = DIRECTION('',(-0.,0.,1.));
#1136 = PLANE('',#1137);
#1137 = AXIS2_PLACEMENT_3D('',#1138,#1139,#1140);
#1138 = CARTESIAN_POINT('',(-94.,-82.,-55.));
#1139 = DIRECTION('',(1.,0.,-0.));
#1140 = DIRECTION('',(0.,0.,1.));
#1141 = ADVANCED_FACE('',(#1142),#1160,.T.);
#1142 = FACE_BOUND('',#1143,.F.);
#1143 = EDGE_LOOP('',(#1144,#1145,#1152,#1153));
#1144 = ORIENTED_EDGE('',*,*,#206,.F.);
#1145 = ORIENTED_EDGE('',*,*,#1146,.F.);
#1146 = EDGE_CURVE('',#231,#207,#1147,.T.);
#1147 = CIRCLE('',#1148,2.);
#1148 = AXIS2_PLACEMENT_3D('',#1149,#1150,#1151);
#1149 = CARTESIAN_POINT('',(-89.,77.,-54.58257569495));
#1150 = DIRECTION('',(0.,0.,1.));
#1151 = DIRECTION('',(0.,-1.,0.));
#1152 = ORIENTED_EDGE('',*,*,#274,.T.);
#1153 = ORIENTED_EDGE('',*,*,#1154,.F.);
#1154 = EDGE_CURVE('',#199,#267,#1155,.T.);
#1155 = CIRCLE('',#1156,5.);
#1156 = AXIS2_PLACEMENT_3D('',#1157,#1158,#1159);
#1157 = CARTESIAN_POINT('',(-89.,77.,-50.));
#1158 = DIRECTION('',(-0.,0.,-1.));
#1159 = DIRECTION('',(-1.,0.,0.));
#1160 = SPHERICAL_SURFACE('',#1161,5.);
#1161 = AXIS2_PLACEMENT_3D('',#1162,#1163,#1164);
#1162 = CARTESIAN_POINT('',(-89.,77.,-50.));
#1163 = DIRECTION('',(0.,0.,1.));
#1164 = DIRECTION('',(-1.,0.,0.));
#1165 = ADVANCED_FACE('',(#1166),#1171,.T.);
#1166 = FACE_BOUND('',#1167,.F.);
#1167 = EDGE_LOOP('',(#1168,#1169,#1170));
#1168 = ORIENTED_EDGE('',*,*,#215,.F.);
#1169 = ORIENTED_EDGE('',*,*,#230,.T.);
#1170 = ORIENTED_EDGE('',*,*,#1146,.T.);
#1171 = SPHERICAL_SURFACE('',#1172,5.);
#1172 = AXIS2_PLACEMENT_3D('',#1173,#1174,#1175);
#1173 = CARTESIAN_POINT('',(-89.,77.,-50.));
#1174 = DIRECTION('',(0.,0.,1.));
#1175 = DIRECTION('',(-1.,0.,0.));
#1176 = ADVANCED_FACE('',(#1177,#1219,#1230,#1300,#1370),#1440,.T.);
#1177 = FACE_BOUND('',#1178,.T.);
#1178 = EDGE_LOOP('',(#1179,#1180,#1188,#1196,#1204,#1213));
#1179 = ORIENTED_EDGE('',*,*,#266,.F.);
#1180 = ORIENTED_EDGE('',*,*,#1181,.T.);
#1181 = EDGE_CURVE('',#267,#1182,#1184,.T.);
#1182 = VERTEX_POINT('',#1183);
#1183 = CARTESIAN_POINT('',(-89.,82.,95.));
#1184 = LINE('',#1185,#1186);
#1185 = CARTESIAN_POINT('',(-89.,82.,-55.));
#1186 = VECTOR('',#1187,1.);
#1187 = DIRECTION('',(0.,0.,1.));
#1188 = ORIENTED_EDGE('',*,*,#1189,.T.);
#1189 = EDGE_CURVE('',#1182,#1190,#1192,.T.);
#1190 = VERTEX_POINT('',#1191);
#1191 = CARTESIAN_POINT('',(-20.,82.,95.));
#1192 = LINE('',#1193,#1194);
#1193 = CARTESIAN_POINT('',(-94.,82.,95.));
#1194 = VECTOR('',#1195,1.);
#1195 = DIRECTION('',(1.,0.,-0.));
#1196 = ORIENTED_EDGE('',*,*,#1197,.T.);
#1197 = EDGE_CURVE('',#1190,#1198,#1200,.T.);
#1198 = VERTEX_POINT('',#1199);
#1199 = CARTESIAN_POINT('',(-20.,82.,30.173498305632));
#1200 = LINE('',#1201,#1202);
#1201 = CARTESIAN_POINT('',(-20.,82.,-57.5));
#1202 = VECTOR('',#1203,1.);
#1203 = DIRECTION('',(-0.,0.,-1.));
#1204 = ORIENTED_EDGE('',*,*,#1205,.F.);
#1205 = EDGE_CURVE('',#1206,#1198,#1208,.T.);
#1206 = VERTEX_POINT('',#1207);
#1207 = CARTESIAN_POINT('',(-20.,82.,-30.17349830563));
#1208 = CIRCLE('',#1209,36.2);
#1209 = AXIS2_PLACEMENT_3D('',#1210,#1211,#1212);
#1210 = CARTESIAN_POINT('',(0.,82.,0.));
#1211 = DIRECTION('',(0.,1.,0.));
#1212 = DIRECTION('',(0.,-0.,1.));
#1213 = ORIENTED_EDGE('',*,*,#1214,.T.);
#1214 = EDGE_CURVE('',#1206,#258,#1215,.T.);
#1215 = LINE('',#1216,#1217);
#1216 = CARTESIAN_POINT('',(-20.,82.,-57.5));
#1217 = VECTOR('',#1218,1.);
#1218 = DIRECTION('',(-0.,0.,-1.));
#1219 = FACE_BOUND('',#1220,.T.);
#1220 = EDGE_LOOP('',(#1221));
#1221 = ORIENTED_EDGE('',*,*,#1222,.F.);
#1222 = EDGE_CURVE('',#1223,#1223,#1225,.T.);
#1223 = VERTEX_POINT('',#1224);
#1224 = CARTESIAN_POINT('',(-45.,82.,43.));
#1225 = CIRCLE('',#1226,8.);
#1226 = AXIS2_PLACEMENT_3D('',#1227,#1228,#1229);
#1227 = CARTESIAN_POINT('',(-45.,82.,35.));
#1228 = DIRECTION('',(0.,1.,0.));
#1229 = DIRECTION('',(0.,-0.,1.));
#1230 = FACE_BOUND('',#1231,.T.);
#1231 = EDGE_LOOP('',(#1232,#1242,#1251,#1259,#1268,#1276,#1285,#1293));
#1232 = ORIENTED_EDGE('',*,*,#1233,.T.);
#1233 = EDGE_CURVE('',#1234,#1236,#1238,.T.);
#1234 = VERTEX_POINT('',#1235);
#1235 = CARTESIAN_POINT('',(-78.,82.,57.2));
#1236 = VERTEX_POINT('',#1237);
#1237 = CARTESIAN_POINT('',(-78.,82.,56.8));
#1238 = LINE('',#1239,#1240);
#1239 = CARTESIAN_POINT('',(-78.,82.,0.9));
#1240 = VECTOR('',#1241,1.);
#1241 = DIRECTION('',(0.,0.,-1.));
#1242 = ORIENTED_EDGE('',*,*,#1243,.T.);
#1243 = EDGE_CURVE('',#1236,#1244,#1246,.T.);
#1244 = VERTEX_POINT('',#1245);
#1245 = CARTESIAN_POINT('',(-76.5,82.,55.3));
#1246 = CIRCLE('',#1247,1.5);
#1247 = AXIS2_PLACEMENT_3D('',#1248,#1249,#1250);
#1248 = CARTESIAN_POINT('',(-76.5,82.,56.8));
#1249 = DIRECTION('',(0.,-1.,1.110223024625E-16));
#1250 = DIRECTION('',(1.,0.,0.));
#1251 = ORIENTED_EDGE('',*,*,#1252,.T.);
#1252 = EDGE_CURVE('',#1244,#1253,#1255,.T.);
#1253 = VERTEX_POINT('',#1254);
#1254 = CARTESIAN_POINT('',(-33.5,82.,55.3));
#1255 = LINE('',#1256,#1257);
#1256 = CARTESIAN_POINT('',(-85.25,82.,55.3));
#1257 = VECTOR('',#1258,1.);
#1258 = DIRECTION('',(1.,0.,-0.));
#1259 = ORIENTED_EDGE('',*,*,#1260,.T.);
#1260 = EDGE_CURVE('',#1253,#1261,#1263,.T.);
#1261 = VERTEX_POINT('',#1262);
#1262 = CARTESIAN_POINT('',(-32.,82.,56.8));
#1263 = CIRCLE('',#1264,1.5);
#1264 = AXIS2_PLACEMENT_3D('',#1265,#1266,#1267);
#1265 = CARTESIAN_POINT('',(-33.5,82.,56.8));
#1266 = DIRECTION('',(0.,-1.,1.110223024625E-16));
#1267 = DIRECTION('',(1.,0.,0.));
#1268 = ORIENTED_EDGE('',*,*,#1269,.F.);
#1269 = EDGE_CURVE('',#1270,#1261,#1272,.T.);
#1270 = VERTEX_POINT('',#1271);
#1271 = CARTESIAN_POINT('',(-32.,82.,57.2));
#1272 = LINE('',#1273,#1274);
#1273 = CARTESIAN_POINT('',(-32.,82.,0.9));
#1274 = VECTOR('',#1275,1.);
#1275 = DIRECTION('',(0.,0.,-1.));
#1276 = ORIENTED_EDGE('',*,*,#1277,.T.);
#1277 = EDGE_CURVE('',#1270,#1278,#1280,.T.);
#1278 = VERTEX_POINT('',#1279);
#1279 = CARTESIAN_POINT('',(-33.5,82.,58.7));
#1280 = CIRCLE('',#1281,1.5);
#1281 = AXIS2_PLACEMENT_3D('',#1282,#1283,#1284);
#1282 = CARTESIAN_POINT('',(-33.5,82.,57.2));
#1283 = DIRECTION('',(0.,-1.,1.110223024625E-16));
#1284 = DIRECTION('',(1.,0.,0.));
#1285 = ORIENTED_EDGE('',*,*,#1286,.F.);
#1286 = EDGE_CURVE('',#1287,#1278,#1289,.T.);
#1287 = VERTEX_POINT('',#1288);
#1288 = CARTESIAN_POINT('',(-76.5,82.,58.7));
#1289 = LINE('',#1290,#1291);
#1290 = CARTESIAN_POINT('',(-85.25,82.,58.7));
#1291 = VECTOR('',#1292,1.);
#1292 = DIRECTION('',(1.,0.,-0.));
#1293 = ORIENTED_EDGE('',*,*,#1294,.T.);
#1294 = EDGE_CURVE('',#1287,#1234,#1295,.T.);
#1295 = CIRCLE('',#1296,1.5);
#1296 = AXIS2_PLACEMENT_3D('',#1297,#1298,#1299);
#1297 = CARTESIAN_POINT('',(-76.5,82.,57.2));
#1298 = DIRECTION('',(0.,-1.,1.110223024625E-16));
#1299 = DIRECTION('',(1.,0.,0.));
#1300 = FACE_BOUND('',#1301,.T.);
#1301 = EDGE_LOOP('',(#1302,#1312,#1321,#1329,#1338,#1346,#1355,#1363));
#1302 = ORIENTED_EDGE('',*,*,#1303,.T.);
#1303 = EDGE_CURVE('',#1304,#1306,#1308,.T.);
#1304 = VERTEX_POINT('',#1305);
#1305 = CARTESIAN_POINT('',(-78.,82.,66.2));
#1306 = VERTEX_POINT('',#1307);
#1307 = CARTESIAN_POINT('',(-78.,82.,65.8));
#1308 = LINE('',#1309,#1310);
#1309 = CARTESIAN_POINT('',(-78.,82.,5.4));
#1310 = VECTOR('',#1311,1.);
#1311 = DIRECTION('',(0.,0.,-1.));
#1312 = ORIENTED_EDGE('',*,*,#1313,.T.);
#1313 = EDGE_CURVE('',#1306,#1314,#1316,.T.);
#1314 = VERTEX_POINT('',#1315);
#1315 = CARTESIAN_POINT('',(-76.5,82.,64.3));
#1316 = CIRCLE('',#1317,1.5);
#1317 = AXIS2_PLACEMENT_3D('',#1318,#1319,#1320);
#1318 = CARTESIAN_POINT('',(-76.5,82.,65.8));
#1319 = DIRECTION('',(0.,-1.,1.110223024625E-16));
#1320 = DIRECTION('',(1.,0.,0.));
#1321 = ORIENTED_EDGE('',*,*,#1322,.T.);
#1322 = EDGE_CURVE('',#1314,#1323,#1325,.T.);
#1323 = VERTEX_POINT('',#1324);
#1324 = CARTESIAN_POINT('',(-33.5,82.,64.3));
#1325 = LINE('',#1326,#1327);
#1326 = CARTESIAN_POINT('',(-85.25,82.,64.3));
#1327 = VECTOR('',#1328,1.);
#1328 = DIRECTION('',(1.,0.,-0.));
#1329 = ORIENTED_EDGE('',*,*,#1330,.T.);
#1330 = EDGE_CURVE('',#1323,#1331,#1333,.T.);
#1331 = VERTEX_POINT('',#1332);
#1332 = CARTESIAN_POINT('',(-32.,82.,65.8));
#1333 = CIRCLE('',#1334,1.5);
#1334 = AXIS2_PLACEMENT_3D('',#1335,#1336,#1337);
#1335 = CARTESIAN_POINT('',(-33.5,82.,65.8));
#1336 = DIRECTION('',(0.,-1.,1.110223024625E-16));
#1337 = DIRECTION('',(1.,0.,0.));
#1338 = ORIENTED_EDGE('',*,*,#1339,.F.);
#1339 = EDGE_CURVE('',#1340,#1331,#1342,.T.);
#1340 = VERTEX_POINT('',#1341);
#1341 = CARTESIAN_POINT('',(-32.,82.,66.2));
#1342 = LINE('',#1343,#1344);
#1343 = CARTESIAN_POINT('',(-32.,82.,5.4));
#1344 = VECTOR('',#1345,1.);
#1345 = DIRECTION('',(0.,0.,-1.));
#1346 = ORIENTED_EDGE('',*,*,#1347,.T.);
#1347 = EDGE_CURVE('',#1340,#1348,#1350,.T.);
#1348 = VERTEX_POINT('',#1349);
#1349 = CARTESIAN_POINT('',(-33.5,82.,67.7));
#1350 = CIRCLE('',#1351,1.5);
#1351 = AXIS2_PLACEMENT_3D('',#1352,#1353,#1354);
#1352 = CARTESIAN_POINT('',(-33.5,82.,66.2));
#1353 = DIRECTION('',(0.,-1.,1.110223024625E-16));
#1354 = DIRECTION('',(1.,0.,0.));
#1355 = ORIENTED_EDGE('',*,*,#1356,.F.);
#1356 = EDGE_CURVE('',#1357,#1348,#1359,.T.);
#1357 = VERTEX_POINT('',#1358);
#1358 = CARTESIAN_POINT('',(-76.5,82.,67.7));
#1359 = LINE('',#1360,#1361);
#1360 = CARTESIAN_POINT('',(-85.25,82.,67.7));
#1361 = VECTOR('',#1362,1.);
#1362 = DIRECTION('',(1.,0.,-0.));
#1363 = ORIENTED_EDGE('',*,*,#1364,.T.);
#1364 = EDGE_CURVE('',#1357,#1304,#1365,.T.);
#1365 = CIRCLE('',#1366,1.5);
#1366 = AXIS2_PLACEMENT_3D('',#1367,#1368,#1369);
#1367 = CARTESIAN_POINT('',(-76.5,82.,66.2));
#1368 = DIRECTION('',(0.,-1.,1.110223024625E-16));
#1369 = DIRECTION('',(1.,0.,0.));
#1370 = FACE_BOUND('',#1371,.T.);
#1371 = EDGE_LOOP('',(#1372,#1382,#1391,#1399,#1408,#1416,#1425,#1433));
#1372 = ORIENTED_EDGE('',*,*,#1373,.T.);
#1373 = EDGE_CURVE('',#1374,#1376,#1378,.T.);
#1374 = VERTEX_POINT('',#1375);
#1375 = CARTESIAN_POINT('',(-78.,82.,75.2));
#1376 = VERTEX_POINT('',#1377);
#1377 = CARTESIAN_POINT('',(-78.,82.,74.8));
#1378 = LINE('',#1379,#1380);
#1379 = CARTESIAN_POINT('',(-78.,82.,9.9));
#1380 = VECTOR('',#1381,1.);
#1381 = DIRECTION('',(0.,0.,-1.));
#1382 = ORIENTED_EDGE('',*,*,#1383,.T.);
#1383 = EDGE_CURVE('',#1376,#1384,#1386,.T.);
#1384 = VERTEX_POINT('',#1385);
#1385 = CARTESIAN_POINT('',(-76.5,82.,73.3));
#1386 = CIRCLE('',#1387,1.5);
#1387 = AXIS2_PLACEMENT_3D('',#1388,#1389,#1390);
#1388 = CARTESIAN_POINT('',(-76.5,82.,74.8));
#1389 = DIRECTION('',(0.,-1.,1.110223024625E-16));
#1390 = DIRECTION('',(1.,0.,0.));
#1391 = ORIENTED_EDGE('',*,*,#1392,.T.);
#1392 = EDGE_CURVE('',#1384,#1393,#1395,.T.);
#1393 = VERTEX_POINT('',#1394);
#1394 = CARTESIAN_POINT('',(-33.5,82.,73.3));
#1395 = LINE('',#1396,#1397);
#1396 = CARTESIAN_POINT('',(-85.25,82.,73.3));
#1397 = VECTOR('',#1398,1.);
#1398 = DIRECTION('',(1.,0.,-0.));
#1399 = ORIENTED_EDGE('',*,*,#1400,.T.);
#1400 = EDGE_CURVE('',#1393,#1401,#1403,.T.);
#1401 = VERTEX_POINT('',#1402);
#1402 = CARTESIAN_POINT('',(-32.,82.,74.8));
#1403 = CIRCLE('',#1404,1.5);
#1404 = AXIS2_PLACEMENT_3D('',#1405,#1406,#1407);
#1405 = CARTESIAN_POINT('',(-33.5,82.,74.8));
#1406 = DIRECTION('',(0.,-1.,1.110223024625E-16));
#1407 = DIRECTION('',(1.,0.,0.));
#1408 = ORIENTED_EDGE('',*,*,#1409,.F.);
#1409 = EDGE_CURVE('',#1410,#1401,#1412,.T.);
#1410 = VERTEX_POINT('',#1411);
#1411 = CARTESIAN_POINT('',(-32.,82.,75.2));
#1412 = LINE('',#1413,#1414);
#1413 = CARTESIAN_POINT('',(-32.,82.,9.9));
#1414 = VECTOR('',#1415,1.);
#1415 = DIRECTION('',(0.,0.,-1.));
#1416 = ORIENTED_EDGE('',*,*,#1417,.T.);
#1417 = EDGE_CURVE('',#1410,#1418,#1420,.T.);
#1418 = VERTEX_POINT('',#1419);
#1419 = CARTESIAN_POINT('',(-33.5,82.,76.7));
#1420 = CIRCLE('',#1421,1.5);
#1421 = AXIS2_PLACEMENT_3D('',#1422,#1423,#1424);
#1422 = CARTESIAN_POINT('',(-33.5,82.,75.2));
#1423 = DIRECTION('',(0.,-1.,1.110223024625E-16));
#1424 = DIRECTION('',(1.,0.,0.));
#1425 = ORIENTED_EDGE('',*,*,#1426,.F.);
#1426 = EDGE_CURVE('',#1427,#1418,#1429,.T.);
#1427 = VERTEX_POINT('',#1428);
#1428 = CARTESIAN_POINT('',(-76.5,82.,76.7));
#1429 = LINE('',#1430,#1431);
#1430 = CARTESIAN_POINT('',(-85.25,82.,76.7));
#1431 = VECTOR('',#1432,1.);
#1432 = DIRECTION('',(1.,0.,-0.));
#1433 = ORIENTED_EDGE('',*,*,#1434,.T.);
#1434 = EDGE_CURVE('',#1427,#1374,#1435,.T.);
#1435 = CIRCLE('',#1436,1.5);
#1436 = AXIS2_PLACEMENT_3D('',#1437,#1438,#1439);
#1437 = CARTESIAN_POINT('',(-76.5,82.,75.2));
#1438 = DIRECTION('',(0.,-1.,1.110223024625E-16));
#1439 = DIRECTION('',(1.,0.,0.));
#1440 = PLANE('',#1441);
#1441 = AXIS2_PLACEMENT_3D('',#1442,#1443,#1444);
#1442 = CARTESIAN_POINT('',(-94.,82.,-55.));
#1443 = DIRECTION('',(-0.,1.,0.));
#1444 = DIRECTION('',(0.,0.,1.));
#1445 = ADVANCED_FACE('',(#1446),#1464,.T.);
#1446 = FACE_BOUND('',#1447,.T.);
#1447 = EDGE_LOOP('',(#1448,#1456,#1457,#1458));
#1448 = ORIENTED_EDGE('',*,*,#1449,.F.);
#1449 = EDGE_CURVE('',#250,#1450,#1452,.T.);
#1450 = VERTEX_POINT('',#1451);
#1451 = CARTESIAN_POINT('',(-20.,79.5,-30.17349830563));
#1452 = LINE('',#1453,#1454);
#1453 = CARTESIAN_POINT('',(-20.,79.5,-58.5));
#1454 = VECTOR('',#1455,1.);
#1455 = DIRECTION('',(0.,0.,1.));
#1456 = ORIENTED_EDGE('',*,*,#257,.T.);
#1457 = ORIENTED_EDGE('',*,*,#1214,.F.);
#1458 = ORIENTED_EDGE('',*,*,#1459,.F.);
#1459 = EDGE_CURVE('',#1450,#1206,#1460,.T.);
#1460 = LINE('',#1461,#1462);
#1461 = CARTESIAN_POINT('',(-20.,60.,-30.17349830563));
#1462 = VECTOR('',#1463,1.);
#1463 = DIRECTION('',(0.,1.,0.));
#1464 = PLANE('',#1465);
#1465 = AXIS2_PLACEMENT_3D('',#1466,#1467,#1468);
#1466 = CARTESIAN_POINT('',(-20.,-90.,-60.));
#1467 = DIRECTION('',(1.,0.,-0.));
#1468 = DIRECTION('',(0.,0.,1.));
#1469 = ADVANCED_FACE('',(#1470),#1482,.F.);
#1470 = FACE_BOUND('',#1471,.F.);
#1471 = EDGE_LOOP('',(#1472,#1473,#1474,#1481));
#1472 = ORIENTED_EDGE('',*,*,#249,.F.);
#1473 = ORIENTED_EDGE('',*,*,#290,.F.);
#1474 = ORIENTED_EDGE('',*,*,#1475,.F.);
#1475 = EDGE_CURVE('',#1450,#291,#1476,.T.);
#1476 = CIRCLE('',#1477,36.2);
#1477 = AXIS2_PLACEMENT_3D('',#1478,#1479,#1480);
#1478 = CARTESIAN_POINT('',(0.,79.5,0.));
#1479 = DIRECTION('',(0.,1.,0.));
#1480 = DIRECTION('',(0.,-0.,1.));
#1481 = ORIENTED_EDGE('',*,*,#1449,.F.);
#1482 = PLANE('',#1483);
#1483 = AXIS2_PLACEMENT_3D('',#1484,#1485,#1486);
#1484 = CARTESIAN_POINT('',(-91.5,79.5,-57.));
#1485 = DIRECTION('',(-0.,1.,0.));
#1486 = DIRECTION('',(0.,0.,1.));
#1487 = ADVANCED_FACE('',(#1488),#1545,.T.);
#1488 = FACE_BOUND('',#1489,.T.);
#1489 = EDGE_LOOP('',(#1490,#1498,#1507,#1515,#1524,#1530,#1531,#1532,
    #1533,#1534,#1535,#1536,#1537,#1538,#1539,#1540,#1541,#1542,#1543,
    #1544));
#1490 = ORIENTED_EDGE('',*,*,#1491,.F.);
#1491 = EDGE_CURVE('',#1492,#307,#1494,.T.);
#1492 = VERTEX_POINT('',#1493);
#1493 = CARTESIAN_POINT('',(-89.,79.,-50.));
#1494 = LINE('',#1495,#1496);
#1495 = CARTESIAN_POINT('',(-95.5,79.,-50.));
#1496 = VECTOR('',#1497,1.);
#1497 = DIRECTION('',(1.,0.,-0.));
#1498 = ORIENTED_EDGE('',*,*,#1499,.T.);
#1499 = EDGE_CURVE('',#1492,#1500,#1502,.T.);
#1500 = VERTEX_POINT('',#1501);
#1501 = CARTESIAN_POINT('',(-91.,77.,-50.));
#1502 = CIRCLE('',#1503,2.);
#1503 = AXIS2_PLACEMENT_3D('',#1504,#1505,#1506);
#1504 = CARTESIAN_POINT('',(-89.,77.,-50.));
#1505 = DIRECTION('',(0.,0.,1.));
#1506 = DIRECTION('',(-1.,-0.,0.));
#1507 = ORIENTED_EDGE('',*,*,#1508,.T.);
#1508 = EDGE_CURVE('',#1500,#1509,#1511,.T.);
#1509 = VERTEX_POINT('',#1510);
#1510 = CARTESIAN_POINT('',(-91.,-77.,-50.));
#1511 = LINE('',#1512,#1513);
#1512 = CARTESIAN_POINT('',(-91.,-84.5,-50.));
#1513 = VECTOR('',#1514,1.);
#1514 = DIRECTION('',(0.,-1.,0.));
#1515 = ORIENTED_EDGE('',*,*,#1516,.T.);
#1516 = EDGE_CURVE('',#1509,#1517,#1519,.T.);
#1517 = VERTEX_POINT('',#1518);
#1518 = CARTESIAN_POINT('',(-89.,-79.,-50.));
#1519 = CIRCLE('',#1520,2.);
#1520 = AXIS2_PLACEMENT_3D('',#1521,#1522,#1523);
#1521 = CARTESIAN_POINT('',(-89.,-77.,-50.));
#1522 = DIRECTION('',(0.,0.,1.));
#1523 = DIRECTION('',(-1.,-0.,0.));
#1524 = ORIENTED_EDGE('',*,*,#1525,.T.);
#1525 = EDGE_CURVE('',#1517,#675,#1526,.T.);
#1526 = LINE('',#1527,#1528);
#1527 = CARTESIAN_POINT('',(-95.5,-79.,-50.));
#1528 = VECTOR('',#1529,1.);
#1529 = DIRECTION('',(1.,0.,-0.));
#1530 = ORIENTED_EDGE('',*,*,#674,.T.);
#1531 = ORIENTED_EDGE('',*,*,#631,.T.);
#1532 = ORIENTED_EDGE('',*,*,#616,.F.);
#1533 = ORIENTED_EDGE('',*,*,#592,.T.);
#1534 = ORIENTED_EDGE('',*,*,#567,.F.);
#1535 = ORIENTED_EDGE('',*,*,#543,.T.);
#1536 = ORIENTED_EDGE('',*,*,#508,.F.);
#1537 = ORIENTED_EDGE('',*,*,#494,.T.);
#1538 = ORIENTED_EDGE('',*,*,#459,.F.);
#1539 = ORIENTED_EDGE('',*,*,#445,.F.);
#1540 = ORIENTED_EDGE('',*,*,#420,.F.);
#1541 = ORIENTED_EDGE('',*,*,#396,.F.);
#1542 = ORIENTED_EDGE('',*,*,#371,.F.);
#1543 = ORIENTED_EDGE('',*,*,#337,.F.);
#1544 = ORIENTED_EDGE('',*,*,#314,.T.);
#1545 = PLANE('',#1546);
#1546 = AXIS2_PLACEMENT_3D('',#1547,#1548,#1549);
#1547 = CARTESIAN_POINT('',(-100.,-90.,-50.));
#1548 = DIRECTION('',(0.,0.,1.));
#1549 = DIRECTION('',(1.,0.,-0.));
#1550 = ADVANCED_FACE('',(#1551,#1586,#1597,#1667,#1737),#1807,.F.);
#1551 = FACE_BOUND('',#1552,.F.);
#1552 = EDGE_LOOP('',(#1553,#1554,#1562,#1570,#1578,#1585));
#1553 = ORIENTED_EDGE('',*,*,#1491,.F.);
#1554 = ORIENTED_EDGE('',*,*,#1555,.T.);
#1555 = EDGE_CURVE('',#1492,#1556,#1558,.T.);
#1556 = VERTEX_POINT('',#1557);
#1557 = CARTESIAN_POINT('',(-89.,79.,95.));
#1558 = LINE('',#1559,#1560);
#1559 = CARTESIAN_POINT('',(-89.,79.,-57.));
#1560 = VECTOR('',#1561,1.);
#1561 = DIRECTION('',(0.,0.,1.));
#1562 = ORIENTED_EDGE('',*,*,#1563,.T.);
#1563 = EDGE_CURVE('',#1556,#1564,#1566,.T.);
#1564 = VERTEX_POINT('',#1565);
#1565 = CARTESIAN_POINT('',(-24.3,79.,95.));
#1566 = LINE('',#1567,#1568);
#1567 = CARTESIAN_POINT('',(-91.,79.,95.));
#1568 = VECTOR('',#1569,1.);
#1569 = DIRECTION('',(1.,0.,-0.));
#1570 = ORIENTED_EDGE('',*,*,#1571,.T.);
#1571 = EDGE_CURVE('',#1564,#1572,#1574,.T.);
#1572 = VERTEX_POINT('',#1573);
#1573 = CARTESIAN_POINT('',(-24.3,79.,26.831884018831));
#1574 = LINE('',#1575,#1576);
#1575 = CARTESIAN_POINT('',(-24.3,79.,-56.1));
#1576 = VECTOR('',#1577,1.);
#1577 = DIRECTION('',(-0.,0.,-1.));
#1578 = ORIENTED_EDGE('',*,*,#1579,.F.);
#1579 = EDGE_CURVE('',#299,#1572,#1580,.T.);
#1580 = CIRCLE('',#1581,36.2);
#1581 = AXIS2_PLACEMENT_3D('',#1582,#1583,#1584);
#1582 = CARTESIAN_POINT('',(0.,79.,0.));
#1583 = DIRECTION('',(0.,1.,0.));
#1584 = DIRECTION('',(0.,-0.,1.));
#1585 = ORIENTED_EDGE('',*,*,#306,.T.);
#1586 = FACE_BOUND('',#1587,.F.);
#1587 = EDGE_LOOP('',(#1588));
#1588 = ORIENTED_EDGE('',*,*,#1589,.F.);
#1589 = EDGE_CURVE('',#1590,#1590,#1592,.T.);
#1590 = VERTEX_POINT('',#1591);
#1591 = CARTESIAN_POINT('',(-45.,79.,43.));
#1592 = CIRCLE('',#1593,8.);
#1593 = AXIS2_PLACEMENT_3D('',#1594,#1595,#1596);
#1594 = CARTESIAN_POINT('',(-45.,79.,35.));
#1595 = DIRECTION('',(0.,1.,0.));
#1596 = DIRECTION('',(0.,-0.,1.));
#1597 = FACE_BOUND('',#1598,.F.);
#1598 = EDGE_LOOP('',(#1599,#1609,#1618,#1626,#1635,#1643,#1652,#1660));
#1599 = ORIENTED_EDGE('',*,*,#1600,.T.);
#1600 = EDGE_CURVE('',#1601,#1603,#1605,.T.);
#1601 = VERTEX_POINT('',#1602);
#1602 = CARTESIAN_POINT('',(-78.,79.,57.2));
#1603 = VERTEX_POINT('',#1604);
#1604 = CARTESIAN_POINT('',(-78.,79.,56.8));
#1605 = LINE('',#1606,#1607);
#1606 = CARTESIAN_POINT('',(-78.,79.,-0.1));
#1607 = VECTOR('',#1608,1.);
#1608 = DIRECTION('',(0.,0.,-1.));
#1609 = ORIENTED_EDGE('',*,*,#1610,.T.);
#1610 = EDGE_CURVE('',#1603,#1611,#1613,.T.);
#1611 = VERTEX_POINT('',#1612);
#1612 = CARTESIAN_POINT('',(-76.5,79.,55.3));
#1613 = CIRCLE('',#1614,1.5);
#1614 = AXIS2_PLACEMENT_3D('',#1615,#1616,#1617);
#1615 = CARTESIAN_POINT('',(-76.5,79.,56.8));
#1616 = DIRECTION('',(0.,-1.,1.110223024625E-16));
#1617 = DIRECTION('',(1.,0.,0.));
#1618 = ORIENTED_EDGE('',*,*,#1619,.T.);
#1619 = EDGE_CURVE('',#1611,#1620,#1622,.T.);
#1620 = VERTEX_POINT('',#1621);
#1621 = CARTESIAN_POINT('',(-33.5,79.,55.3));
#1622 = LINE('',#1623,#1624);
#1623 = CARTESIAN_POINT('',(-83.75,79.,55.3));
#1624 = VECTOR('',#1625,1.);
#1625 = DIRECTION('',(1.,0.,-0.));
#1626 = ORIENTED_EDGE('',*,*,#1627,.T.);
#1627 = EDGE_CURVE('',#1620,#1628,#1630,.T.);
#1628 = VERTEX_POINT('',#1629);
#1629 = CARTESIAN_POINT('',(-32.,79.,56.8));
#1630 = CIRCLE('',#1631,1.5);
#1631 = AXIS2_PLACEMENT_3D('',#1632,#1633,#1634);
#1632 = CARTESIAN_POINT('',(-33.5,79.,56.8));
#1633 = DIRECTION('',(0.,-1.,1.110223024625E-16));
#1634 = DIRECTION('',(1.,0.,0.));
#1635 = ORIENTED_EDGE('',*,*,#1636,.F.);
#1636 = EDGE_CURVE('',#1637,#1628,#1639,.T.);
#1637 = VERTEX_POINT('',#1638);
#1638 = CARTESIAN_POINT('',(-32.,79.,57.2));
#1639 = LINE('',#1640,#1641);
#1640 = CARTESIAN_POINT('',(-32.,79.,-0.1));
#1641 = VECTOR('',#1642,1.);
#1642 = DIRECTION('',(0.,0.,-1.));
#1643 = ORIENTED_EDGE('',*,*,#1644,.T.);
#1644 = EDGE_CURVE('',#1637,#1645,#1647,.T.);
#1645 = VERTEX_POINT('',#1646);
#1646 = CARTESIAN_POINT('',(-33.5,79.,58.7));
#1647 = CIRCLE('',#1648,1.5);
#1648 = AXIS2_PLACEMENT_3D('',#1649,#1650,#1651);
#1649 = CARTESIAN_POINT('',(-33.5,79.,57.2));
#1650 = DIRECTION('',(0.,-1.,1.110223024625E-16));
#1651 = DIRECTION('',(1.,0.,0.));
#1652 = ORIENTED_EDGE('',*,*,#1653,.F.);
#1653 = EDGE_CURVE('',#1654,#1645,#1656,.T.);
#1654 = VERTEX_POINT('',#1655);
#1655 = CARTESIAN_POINT('',(-76.5,79.,58.7));
#1656 = LINE('',#1657,#1658);
#1657 = CARTESIAN_POINT('',(-83.75,79.,58.7));
#1658 = VECTOR('',#1659,1.);
#1659 = DIRECTION('',(1.,0.,-0.));
#1660 = ORIENTED_EDGE('',*,*,#1661,.T.);
#1661 = EDGE_CURVE('',#1654,#1601,#1662,.T.);
#1662 = CIRCLE('',#1663,1.5);
#1663 = AXIS2_PLACEMENT_3D('',#1664,#1665,#1666);
#1664 = CARTESIAN_POINT('',(-76.5,79.,57.2));
#1665 = DIRECTION('',(0.,-1.,1.110223024625E-16));
#1666 = DIRECTION('',(1.,0.,0.));
#1667 = FACE_BOUND('',#1668,.F.);
#1668 = EDGE_LOOP('',(#1669,#1679,#1688,#1696,#1705,#1713,#1722,#1730));
#1669 = ORIENTED_EDGE('',*,*,#1670,.T.);
#1670 = EDGE_CURVE('',#1671,#1673,#1675,.T.);
#1671 = VERTEX_POINT('',#1672);
#1672 = CARTESIAN_POINT('',(-78.,79.,66.2));
#1673 = VERTEX_POINT('',#1674);
#1674 = CARTESIAN_POINT('',(-78.,79.,65.8));
#1675 = LINE('',#1676,#1677);
#1676 = CARTESIAN_POINT('',(-78.,79.,4.4));
#1677 = VECTOR('',#1678,1.);
#1678 = DIRECTION('',(0.,0.,-1.));
#1679 = ORIENTED_EDGE('',*,*,#1680,.T.);
#1680 = EDGE_CURVE('',#1673,#1681,#1683,.T.);
#1681 = VERTEX_POINT('',#1682);
#1682 = CARTESIAN_POINT('',(-76.5,79.,64.3));
#1683 = CIRCLE('',#1684,1.5);
#1684 = AXIS2_PLACEMENT_3D('',#1685,#1686,#1687);
#1685 = CARTESIAN_POINT('',(-76.5,79.,65.8));
#1686 = DIRECTION('',(0.,-1.,1.110223024625E-16));
#1687 = DIRECTION('',(1.,0.,0.));
#1688 = ORIENTED_EDGE('',*,*,#1689,.T.);
#1689 = EDGE_CURVE('',#1681,#1690,#1692,.T.);
#1690 = VERTEX_POINT('',#1691);
#1691 = CARTESIAN_POINT('',(-33.5,79.,64.3));
#1692 = LINE('',#1693,#1694);
#1693 = CARTESIAN_POINT('',(-83.75,79.,64.3));
#1694 = VECTOR('',#1695,1.);
#1695 = DIRECTION('',(1.,0.,-0.));
#1696 = ORIENTED_EDGE('',*,*,#1697,.T.);
#1697 = EDGE_CURVE('',#1690,#1698,#1700,.T.);
#1698 = VERTEX_POINT('',#1699);
#1699 = CARTESIAN_POINT('',(-32.,79.,65.8));
#1700 = CIRCLE('',#1701,1.5);
#1701 = AXIS2_PLACEMENT_3D('',#1702,#1703,#1704);
#1702 = CARTESIAN_POINT('',(-33.5,79.,65.8));
#1703 = DIRECTION('',(0.,-1.,1.110223024625E-16));
#1704 = DIRECTION('',(1.,0.,0.));
#1705 = ORIENTED_EDGE('',*,*,#1706,.F.);
#1706 = EDGE_CURVE('',#1707,#1698,#1709,.T.);
#1707 = VERTEX_POINT('',#1708);
#1708 = CARTESIAN_POINT('',(-32.,79.,66.2));
#1709 = LINE('',#1710,#1711);
#1710 = CARTESIAN_POINT('',(-32.,79.,4.4));
#1711 = VECTOR('',#1712,1.);
#1712 = DIRECTION('',(0.,0.,-1.));
#1713 = ORIENTED_EDGE('',*,*,#1714,.T.);
#1714 = EDGE_CURVE('',#1707,#1715,#1717,.T.);
#1715 = VERTEX_POINT('',#1716);
#1716 = CARTESIAN_POINT('',(-33.5,79.,67.7));
#1717 = CIRCLE('',#1718,1.5);
#1718 = AXIS2_PLACEMENT_3D('',#1719,#1720,#1721);
#1719 = CARTESIAN_POINT('',(-33.5,79.,66.2));
#1720 = DIRECTION('',(0.,-1.,1.110223024625E-16));
#1721 = DIRECTION('',(1.,0.,0.));
#1722 = ORIENTED_EDGE('',*,*,#1723,.F.);
#1723 = EDGE_CURVE('',#1724,#1715,#1726,.T.);
#1724 = VERTEX_POINT('',#1725);
#1725 = CARTESIAN_POINT('',(-76.5,79.,67.7));
#1726 = LINE('',#1727,#1728);
#1727 = CARTESIAN_POINT('',(-83.75,79.,67.7));
#1728 = VECTOR('',#1729,1.);
#1729 = DIRECTION('',(1.,0.,-0.));
#1730 = ORIENTED_EDGE('',*,*,#1731,.T.);
#1731 = EDGE_CURVE('',#1724,#1671,#1732,.T.);
#1732 = CIRCLE('',#1733,1.5);
#1733 = AXIS2_PLACEMENT_3D('',#1734,#1735,#1736);
#1734 = CARTESIAN_POINT('',(-76.5,79.,66.2));
#1735 = DIRECTION('',(0.,-1.,1.110223024625E-16));
#1736 = DIRECTION('',(1.,0.,0.));
#1737 = FACE_BOUND('',#1738,.F.);
#1738 = EDGE_LOOP('',(#1739,#1749,#1758,#1766,#1775,#1783,#1792,#1800));
#1739 = ORIENTED_EDGE('',*,*,#1740,.T.);
#1740 = EDGE_CURVE('',#1741,#1743,#1745,.T.);
#1741 = VERTEX_POINT('',#1742);
#1742 = CARTESIAN_POINT('',(-78.,79.,75.2));
#1743 = VERTEX_POINT('',#1744);
#1744 = CARTESIAN_POINT('',(-78.,79.,74.8));
#1745 = LINE('',#1746,#1747);
#1746 = CARTESIAN_POINT('',(-78.,79.,8.9));
#1747 = VECTOR('',#1748,1.);
#1748 = DIRECTION('',(0.,0.,-1.));
#1749 = ORIENTED_EDGE('',*,*,#1750,.T.);
#1750 = EDGE_CURVE('',#1743,#1751,#1753,.T.);
#1751 = VERTEX_POINT('',#1752);
#1752 = CARTESIAN_POINT('',(-76.5,79.,73.3));
#1753 = CIRCLE('',#1754,1.5);
#1754 = AXIS2_PLACEMENT_3D('',#1755,#1756,#1757);
#1755 = CARTESIAN_POINT('',(-76.5,79.,74.8));
#1756 = DIRECTION('',(0.,-1.,1.110223024625E-16));
#1757 = DIRECTION('',(1.,0.,0.));
#1758 = ORIENTED_EDGE('',*,*,#1759,.T.);
#1759 = EDGE_CURVE('',#1751,#1760,#1762,.T.);
#1760 = VERTEX_POINT('',#1761);
#1761 = CARTESIAN_POINT('',(-33.5,79.,73.3));
#1762 = LINE('',#1763,#1764);
#1763 = CARTESIAN_POINT('',(-83.75,79.,73.3));
#1764 = VECTOR('',#1765,1.);
#1765 = DIRECTION('',(1.,0.,-0.));
#1766 = ORIENTED_EDGE('',*,*,#1767,.T.);
#1767 = EDGE_CURVE('',#1760,#1768,#1770,.T.);
#1768 = VERTEX_POINT('',#1769);
#1769 = CARTESIAN_POINT('',(-32.,79.,74.8));
#1770 = CIRCLE('',#1771,1.5);
#1771 = AXIS2_PLACEMENT_3D('',#1772,#1773,#1774);
#1772 = CARTESIAN_POINT('',(-33.5,79.,74.8));
#1773 = DIRECTION('',(0.,-1.,1.110223024625E-16));
#1774 = DIRECTION('',(1.,0.,0.));
#1775 = ORIENTED_EDGE('',*,*,#1776,.F.);
#1776 = EDGE_CURVE('',#1777,#1768,#1779,.T.);
#1777 = VERTEX_POINT('',#1778);
#1778 = CARTESIAN_POINT('',(-32.,79.,75.2));
#1779 = LINE('',#1780,#1781);
#1780 = CARTESIAN_POINT('',(-32.,79.,8.9));
#1781 = VECTOR('',#1782,1.);
#1782 = DIRECTION('',(0.,0.,-1.));
#1783 = ORIENTED_EDGE('',*,*,#1784,.T.);
#1784 = EDGE_CURVE('',#1777,#1785,#1787,.T.);
#1785 = VERTEX_POINT('',#1786);
#1786 = CARTESIAN_POINT('',(-33.5,79.,76.7));
#1787 = CIRCLE('',#1788,1.5);
#1788 = AXIS2_PLACEMENT_3D('',#1789,#1790,#1791);
#1789 = CARTESIAN_POINT('',(-33.5,79.,75.2));
#1790 = DIRECTION('',(0.,-1.,1.110223024625E-16));
#1791 = DIRECTION('',(1.,0.,0.));
#1792 = ORIENTED_EDGE('',*,*,#1793,.F.);
#1793 = EDGE_CURVE('',#1794,#1785,#1796,.T.);
#1794 = VERTEX_POINT('',#1795);
#1795 = CARTESIAN_POINT('',(-76.5,79.,76.7));
#1796 = LINE('',#1797,#1798);
#1797 = CARTESIAN_POINT('',(-83.75,79.,76.7));
#1798 = VECTOR('',#1799,1.);
#1799 = DIRECTION('',(1.,0.,-0.));
#1800 = ORIENTED_EDGE('',*,*,#1801,.T.);
#1801 = EDGE_CURVE('',#1794,#1741,#1802,.T.);
#1802 = CIRCLE('',#1803,1.5);
#1803 = AXIS2_PLACEMENT_3D('',#1804,#1805,#1806);
#1804 = CARTESIAN_POINT('',(-76.5,79.,75.2));
#1805 = DIRECTION('',(0.,-1.,1.110223024625E-16));
#1806 = DIRECTION('',(1.,0.,0.));
#1807 = PLANE('',#1808);
#1808 = AXIS2_PLACEMENT_3D('',#1809,#1810,#1811);
#1809 = CARTESIAN_POINT('',(-91.,79.,-57.));
#1810 = DIRECTION('',(-0.,1.,0.));
#1811 = DIRECTION('',(0.,0.,1.));
#1812 = ADVANCED_FACE('',(#1813),#1843,.F.);
#1813 = FACE_BOUND('',#1814,.F.);
#1814 = EDGE_LOOP('',(#1815,#1816,#1817,#1818,#1819,#1820,#1828,#1837));
#1815 = ORIENTED_EDGE('',*,*,#1205,.F.);
#1816 = ORIENTED_EDGE('',*,*,#1459,.F.);
#1817 = ORIENTED_EDGE('',*,*,#1475,.T.);
#1818 = ORIENTED_EDGE('',*,*,#298,.F.);
#1819 = ORIENTED_EDGE('',*,*,#1579,.T.);
#1820 = ORIENTED_EDGE('',*,*,#1821,.T.);
#1821 = EDGE_CURVE('',#1572,#1822,#1824,.T.);
#1822 = VERTEX_POINT('',#1823);
#1823 = CARTESIAN_POINT('',(-24.3,79.5,26.831884018831));
#1824 = LINE('',#1825,#1826);
#1825 = CARTESIAN_POINT('',(-24.3,60.,26.831884018831));
#1826 = VECTOR('',#1827,1.);
#1827 = DIRECTION('',(0.,1.,0.));
#1828 = ORIENTED_EDGE('',*,*,#1829,.T.);
#1829 = EDGE_CURVE('',#1822,#1830,#1832,.T.);
#1830 = VERTEX_POINT('',#1831);
#1831 = CARTESIAN_POINT('',(-20.,79.5,30.173498305632));
#1832 = CIRCLE('',#1833,36.2);
#1833 = AXIS2_PLACEMENT_3D('',#1834,#1835,#1836);
#1834 = CARTESIAN_POINT('',(0.,79.5,0.));
#1835 = DIRECTION('',(0.,1.,0.));
#1836 = DIRECTION('',(0.,-0.,1.));
#1837 = ORIENTED_EDGE('',*,*,#1838,.T.);
#1838 = EDGE_CURVE('',#1830,#1198,#1839,.T.);
#1839 = LINE('',#1840,#1841);
#1840 = CARTESIAN_POINT('',(-20.,60.,30.173498305632));
#1841 = VECTOR('',#1842,1.);
#1842 = DIRECTION('',(0.,1.,0.));
#1843 = CYLINDRICAL_SURFACE('',#1844,36.2);
#1844 = AXIS2_PLACEMENT_3D('',#1845,#1846,#1847);
#1845 = CARTESIAN_POINT('',(0.,60.,0.));
#1846 = DIRECTION('',(0.,1.,0.));
#1847 = DIRECTION('',(0.,-0.,1.));
#1848 = ADVANCED_FACE('',(#1849),#1868,.T.);
#1849 = FACE_BOUND('',#1850,.T.);
#1850 = EDGE_LOOP('',(#1851,#1852,#1853,#1862));
#1851 = ORIENTED_EDGE('',*,*,#715,.F.);
#1852 = ORIENTED_EDGE('',*,*,#655,.F.);
#1853 = ORIENTED_EDGE('',*,*,#1854,.T.);
#1854 = EDGE_CURVE('',#656,#1855,#1857,.T.);
#1855 = VERTEX_POINT('',#1856);
#1856 = CARTESIAN_POINT('',(-20.,-79.5,-30.17349830563));
#1857 = CIRCLE('',#1858,36.2);
#1858 = AXIS2_PLACEMENT_3D('',#1859,#1860,#1861);
#1859 = CARTESIAN_POINT('',(0.,-79.5,0.));
#1860 = DIRECTION('',(0.,-1.,0.));
#1861 = DIRECTION('',(0.,-0.,-1.));
#1862 = ORIENTED_EDGE('',*,*,#1863,.F.);
#1863 = EDGE_CURVE('',#716,#1855,#1864,.T.);
#1864 = LINE('',#1865,#1866);
#1865 = CARTESIAN_POINT('',(-20.,-79.5,-58.5));
#1866 = VECTOR('',#1867,1.);
#1867 = DIRECTION('',(0.,0.,1.));
#1868 = PLANE('',#1869);
#1869 = AXIS2_PLACEMENT_3D('',#1870,#1871,#1872);
#1870 = CARTESIAN_POINT('',(-91.5,-79.5,-57.));
#1871 = DIRECTION('',(-0.,1.,0.));
#1872 = DIRECTION('',(0.,0.,1.));
#1873 = ADVANCED_FACE('',(#1874),#1927,.F.);
#1874 = FACE_BOUND('',#1875,.F.);
#1875 = EDGE_LOOP('',(#1876,#1887,#1895,#1904,#1912,#1919,#1920,#1921));
#1876 = ORIENTED_EDGE('',*,*,#1877,.F.);
#1877 = EDGE_CURVE('',#1878,#1880,#1882,.T.);
#1878 = VERTEX_POINT('',#1879);
#1879 = CARTESIAN_POINT('',(-20.,-82.,30.173498305632));
#1880 = VERTEX_POINT('',#1881);
#1881 = CARTESIAN_POINT('',(-20.,-82.,-30.17349830563));
#1882 = CIRCLE('',#1883,36.2);
#1883 = AXIS2_PLACEMENT_3D('',#1884,#1885,#1886);
#1884 = CARTESIAN_POINT('',(0.,-82.,0.));
#1885 = DIRECTION('',(0.,-1.,0.));
#1886 = DIRECTION('',(0.,-0.,-1.));
#1887 = ORIENTED_EDGE('',*,*,#1888,.F.);
#1888 = EDGE_CURVE('',#1889,#1878,#1891,.T.);
#1889 = VERTEX_POINT('',#1890);
#1890 = CARTESIAN_POINT('',(-20.,-79.5,30.173498305632));
#1891 = LINE('',#1892,#1893);
#1892 = CARTESIAN_POINT('',(-20.,-60.,30.173498305632));
#1893 = VECTOR('',#1894,1.);
#1894 = DIRECTION('',(0.,-1.,0.));
#1895 = ORIENTED_EDGE('',*,*,#1896,.T.);
#1896 = EDGE_CURVE('',#1889,#1897,#1899,.T.);
#1897 = VERTEX_POINT('',#1898);
#1898 = CARTESIAN_POINT('',(-24.3,-79.5,26.831884018831));
#1899 = CIRCLE('',#1900,36.2);
#1900 = AXIS2_PLACEMENT_3D('',#1901,#1902,#1903);
#1901 = CARTESIAN_POINT('',(0.,-79.5,0.));
#1902 = DIRECTION('',(0.,-1.,0.));
#1903 = DIRECTION('',(0.,-0.,-1.));
#1904 = ORIENTED_EDGE('',*,*,#1905,.F.);
#1905 = EDGE_CURVE('',#1906,#1897,#1908,.T.);
#1906 = VERTEX_POINT('',#1907);
#1907 = CARTESIAN_POINT('',(-24.3,-79.,26.831884018831));
#1908 = LINE('',#1909,#1910);
#1909 = CARTESIAN_POINT('',(-24.3,-60.,26.831884018831));
#1910 = VECTOR('',#1911,1.);
#1911 = DIRECTION('',(0.,-1.,0.));
#1912 = ORIENTED_EDGE('',*,*,#1913,.T.);
#1913 = EDGE_CURVE('',#1906,#683,#1914,.T.);
#1914 = CIRCLE('',#1915,36.2);
#1915 = AXIS2_PLACEMENT_3D('',#1916,#1917,#1918);
#1916 = CARTESIAN_POINT('',(0.,-79.,0.));
#1917 = DIRECTION('',(0.,-1.,0.));
#1918 = DIRECTION('',(0.,-0.,-1.));
#1919 = ORIENTED_EDGE('',*,*,#690,.T.);
#1920 = ORIENTED_EDGE('',*,*,#1854,.T.);
#1921 = ORIENTED_EDGE('',*,*,#1922,.T.);
#1922 = EDGE_CURVE('',#1855,#1880,#1923,.T.);
#1923 = LINE('',#1924,#1925);
#1924 = CARTESIAN_POINT('',(-20.,-60.,-30.17349830563));
#1925 = VECTOR('',#1926,1.);
#1926 = DIRECTION('',(0.,-1.,0.));
#1927 = CYLINDRICAL_SURFACE('',#1928,36.2);
#1928 = AXIS2_PLACEMENT_3D('',#1929,#1930,#1931);
#1929 = CARTESIAN_POINT('',(0.,-60.,0.));
#1930 = DIRECTION('',(0.,-1.,0.));
#1931 = DIRECTION('',(0.,-0.,-1.));
#1932 = ADVANCED_FACE('',(#1933,#1960,#1971,#2041,#2111),#2181,.T.);
#1933 = FACE_BOUND('',#1934,.T.);
#1934 = EDGE_LOOP('',(#1935,#1936,#1944,#1952,#1958,#1959));
#1935 = ORIENTED_EDGE('',*,*,#1525,.F.);
#1936 = ORIENTED_EDGE('',*,*,#1937,.T.);
#1937 = EDGE_CURVE('',#1517,#1938,#1940,.T.);
#1938 = VERTEX_POINT('',#1939);
#1939 = CARTESIAN_POINT('',(-89.,-79.,95.));
#1940 = LINE('',#1941,#1942);
#1941 = CARTESIAN_POINT('',(-89.,-79.,-57.));
#1942 = VECTOR('',#1943,1.);
#1943 = DIRECTION('',(0.,0.,1.));
#1944 = ORIENTED_EDGE('',*,*,#1945,.T.);
#1945 = EDGE_CURVE('',#1938,#1946,#1948,.T.);
#1946 = VERTEX_POINT('',#1947);
#1947 = CARTESIAN_POINT('',(-24.3,-79.,95.));
#1948 = LINE('',#1949,#1950);
#1949 = CARTESIAN_POINT('',(-91.,-79.,95.));
#1950 = VECTOR('',#1951,1.);
#1951 = DIRECTION('',(1.,0.,-0.));
#1952 = ORIENTED_EDGE('',*,*,#1953,.T.);
#1953 = EDGE_CURVE('',#1946,#1906,#1954,.T.);
#1954 = LINE('',#1955,#1956);
#1955 = CARTESIAN_POINT('',(-24.3,-79.,-56.1));
#1956 = VECTOR('',#1957,1.);
#1957 = DIRECTION('',(-0.,0.,-1.));
#1958 = ORIENTED_EDGE('',*,*,#1913,.T.);
#1959 = ORIENTED_EDGE('',*,*,#682,.T.);
#1960 = FACE_BOUND('',#1961,.T.);
#1961 = EDGE_LOOP('',(#1962));
#1962 = ORIENTED_EDGE('',*,*,#1963,.T.);
#1963 = EDGE_CURVE('',#1964,#1964,#1966,.T.);
#1964 = VERTEX_POINT('',#1965);
#1965 = CARTESIAN_POINT('',(-45.,-79.,27.));
#1966 = CIRCLE('',#1967,8.);
#1967 = AXIS2_PLACEMENT_3D('',#1968,#1969,#1970);
#1968 = CARTESIAN_POINT('',(-45.,-79.,35.));
#1969 = DIRECTION('',(0.,-1.,0.));
#1970 = DIRECTION('',(0.,-0.,-1.));
#1971 = FACE_BOUND('',#1972,.T.);
#1972 = EDGE_LOOP('',(#1973,#1983,#1992,#2000,#2009,#2017,#2026,#2034));
#1973 = ORIENTED_EDGE('',*,*,#1974,.T.);
#1974 = EDGE_CURVE('',#1975,#1977,#1979,.T.);
#1975 = VERTEX_POINT('',#1976);
#1976 = CARTESIAN_POINT('',(-78.,-79.,57.2));
#1977 = VERTEX_POINT('',#1978);
#1978 = CARTESIAN_POINT('',(-78.,-79.,56.8));
#1979 = LINE('',#1980,#1981);
#1980 = CARTESIAN_POINT('',(-78.,-79.,-0.1));
#1981 = VECTOR('',#1982,1.);
#1982 = DIRECTION('',(0.,0.,-1.));
#1983 = ORIENTED_EDGE('',*,*,#1984,.T.);
#1984 = EDGE_CURVE('',#1977,#1985,#1987,.T.);
#1985 = VERTEX_POINT('',#1986);
#1986 = CARTESIAN_POINT('',(-76.5,-79.,55.3));
#1987 = CIRCLE('',#1988,1.5);
#1988 = AXIS2_PLACEMENT_3D('',#1989,#1990,#1991);
#1989 = CARTESIAN_POINT('',(-76.5,-79.,56.8));
#1990 = DIRECTION('',(0.,-1.,1.110223024625E-16));
#1991 = DIRECTION('',(1.,0.,0.));
#1992 = ORIENTED_EDGE('',*,*,#1993,.T.);
#1993 = EDGE_CURVE('',#1985,#1994,#1996,.T.);
#1994 = VERTEX_POINT('',#1995);
#1995 = CARTESIAN_POINT('',(-33.5,-79.,55.3));
#1996 = LINE('',#1997,#1998);
#1997 = CARTESIAN_POINT('',(-83.75,-79.,55.3));
#1998 = VECTOR('',#1999,1.);
#1999 = DIRECTION('',(1.,0.,-0.));
#2000 = ORIENTED_EDGE('',*,*,#2001,.T.);
#2001 = EDGE_CURVE('',#1994,#2002,#2004,.T.);
#2002 = VERTEX_POINT('',#2003);
#2003 = CARTESIAN_POINT('',(-32.,-79.,56.8));
#2004 = CIRCLE('',#2005,1.5);
#2005 = AXIS2_PLACEMENT_3D('',#2006,#2007,#2008);
#2006 = CARTESIAN_POINT('',(-33.5,-79.,56.8));
#2007 = DIRECTION('',(0.,-1.,1.110223024625E-16));
#2008 = DIRECTION('',(1.,0.,0.));
#2009 = ORIENTED_EDGE('',*,*,#2010,.F.);
#2010 = EDGE_CURVE('',#2011,#2002,#2013,.T.);
#2011 = VERTEX_POINT('',#2012);
#2012 = CARTESIAN_POINT('',(-32.,-79.,57.2));
#2013 = LINE('',#2014,#2015);
#2014 = CARTESIAN_POINT('',(-32.,-79.,-0.1));
#2015 = VECTOR('',#2016,1.);
#2016 = DIRECTION('',(0.,0.,-1.));
#2017 = ORIENTED_EDGE('',*,*,#2018,.T.);
#2018 = EDGE_CURVE('',#2011,#2019,#2021,.T.);
#2019 = VERTEX_POINT('',#2020);
#2020 = CARTESIAN_POINT('',(-33.5,-79.,58.7));
#2021 = CIRCLE('',#2022,1.5);
#2022 = AXIS2_PLACEMENT_3D('',#2023,#2024,#2025);
#2023 = CARTESIAN_POINT('',(-33.5,-79.,57.2));
#2024 = DIRECTION('',(0.,-1.,1.110223024625E-16));
#2025 = DIRECTION('',(1.,0.,0.));
#2026 = ORIENTED_EDGE('',*,*,#2027,.F.);
#2027 = EDGE_CURVE('',#2028,#2019,#2030,.T.);
#2028 = VERTEX_POINT('',#2029);
#2029 = CARTESIAN_POINT('',(-76.5,-79.,58.7));
#2030 = LINE('',#2031,#2032);
#2031 = CARTESIAN_POINT('',(-83.75,-79.,58.7));
#2032 = VECTOR('',#2033,1.);
#2033 = DIRECTION('',(1.,0.,-0.));
#2034 = ORIENTED_EDGE('',*,*,#2035,.T.);
#2035 = EDGE_CURVE('',#2028,#1975,#2036,.T.);
#2036 = CIRCLE('',#2037,1.5);
#2037 = AXIS2_PLACEMENT_3D('',#2038,#2039,#2040);
#2038 = CARTESIAN_POINT('',(-76.5,-79.,57.2));
#2039 = DIRECTION('',(0.,-1.,1.110223024625E-16));
#2040 = DIRECTION('',(1.,0.,0.));
#2041 = FACE_BOUND('',#2042,.T.);
#2042 = EDGE_LOOP('',(#2043,#2053,#2062,#2070,#2079,#2087,#2096,#2104));
#2043 = ORIENTED_EDGE('',*,*,#2044,.T.);
#2044 = EDGE_CURVE('',#2045,#2047,#2049,.T.);
#2045 = VERTEX_POINT('',#2046);
#2046 = CARTESIAN_POINT('',(-78.,-79.,66.2));
#2047 = VERTEX_POINT('',#2048);
#2048 = CARTESIAN_POINT('',(-78.,-79.,65.8));
#2049 = LINE('',#2050,#2051);
#2050 = CARTESIAN_POINT('',(-78.,-79.,4.4));
#2051 = VECTOR('',#2052,1.);
#2052 = DIRECTION('',(0.,0.,-1.));
#2053 = ORIENTED_EDGE('',*,*,#2054,.T.);
#2054 = EDGE_CURVE('',#2047,#2055,#2057,.T.);
#2055 = VERTEX_POINT('',#2056);
#2056 = CARTESIAN_POINT('',(-76.5,-79.,64.3));
#2057 = CIRCLE('',#2058,1.5);
#2058 = AXIS2_PLACEMENT_3D('',#2059,#2060,#2061);
#2059 = CARTESIAN_POINT('',(-76.5,-79.,65.8));
#2060 = DIRECTION('',(0.,-1.,1.110223024625E-16));
#2061 = DIRECTION('',(1.,0.,0.));
#2062 = ORIENTED_EDGE('',*,*,#2063,.T.);
#2063 = EDGE_CURVE('',#2055,#2064,#2066,.T.);
#2064 = VERTEX_POINT('',#2065);
#2065 = CARTESIAN_POINT('',(-33.5,-79.,64.3));
#2066 = LINE('',#2067,#2068);
#2067 = CARTESIAN_POINT('',(-83.75,-79.,64.3));
#2068 = VECTOR('',#2069,1.);
#2069 = DIRECTION('',(1.,0.,-0.));
#2070 = ORIENTED_EDGE('',*,*,#2071,.T.);
#2071 = EDGE_CURVE('',#2064,#2072,#2074,.T.);
#2072 = VERTEX_POINT('',#2073);
#2073 = CARTESIAN_POINT('',(-32.,-79.,65.8));
#2074 = CIRCLE('',#2075,1.5);
#2075 = AXIS2_PLACEMENT_3D('',#2076,#2077,#2078);
#2076 = CARTESIAN_POINT('',(-33.5,-79.,65.8));
#2077 = DIRECTION('',(0.,-1.,1.110223024625E-16));
#2078 = DIRECTION('',(1.,0.,0.));
#2079 = ORIENTED_EDGE('',*,*,#2080,.F.);
#2080 = EDGE_CURVE('',#2081,#2072,#2083,.T.);
#2081 = VERTEX_POINT('',#2082);
#2082 = CARTESIAN_POINT('',(-32.,-79.,66.2));
#2083 = LINE('',#2084,#2085);
#2084 = CARTESIAN_POINT('',(-32.,-79.,4.4));
#2085 = VECTOR('',#2086,1.);
#2086 = DIRECTION('',(0.,0.,-1.));
#2087 = ORIENTED_EDGE('',*,*,#2088,.T.);
#2088 = EDGE_CURVE('',#2081,#2089,#2091,.T.);
#2089 = VERTEX_POINT('',#2090);
#2090 = CARTESIAN_POINT('',(-33.5,-79.,67.7));
#2091 = CIRCLE('',#2092,1.5);
#2092 = AXIS2_PLACEMENT_3D('',#2093,#2094,#2095);
#2093 = CARTESIAN_POINT('',(-33.5,-79.,66.2));
#2094 = DIRECTION('',(0.,-1.,1.110223024625E-16));
#2095 = DIRECTION('',(1.,0.,0.));
#2096 = ORIENTED_EDGE('',*,*,#2097,.F.);
#2097 = EDGE_CURVE('',#2098,#2089,#2100,.T.);
#2098 = VERTEX_POINT('',#2099);
#2099 = CARTESIAN_POINT('',(-76.5,-79.,67.7));
#2100 = LINE('',#2101,#2102);
#2101 = CARTESIAN_POINT('',(-83.75,-79.,67.7));
#2102 = VECTOR('',#2103,1.);
#2103 = DIRECTION('',(1.,0.,-0.));
#2104 = ORIENTED_EDGE('',*,*,#2105,.T.);
#2105 = EDGE_CURVE('',#2098,#2045,#2106,.T.);
#2106 = CIRCLE('',#2107,1.5);
#2107 = AXIS2_PLACEMENT_3D('',#2108,#2109,#2110);
#2108 = CARTESIAN_POINT('',(-76.5,-79.,66.2));
#2109 = DIRECTION('',(0.,-1.,1.110223024625E-16));
#2110 = DIRECTION('',(1.,0.,0.));
#2111 = FACE_BOUND('',#2112,.T.);
#2112 = EDGE_LOOP('',(#2113,#2123,#2132,#2140,#2149,#2157,#2166,#2174));
#2113 = ORIENTED_EDGE('',*,*,#2114,.T.);
#2114 = EDGE_CURVE('',#2115,#2117,#2119,.T.);
#2115 = VERTEX_POINT('',#2116);
#2116 = CARTESIAN_POINT('',(-78.,-79.,75.2));
#2117 = VERTEX_POINT('',#2118);
#2118 = CARTESIAN_POINT('',(-78.,-79.,74.8));
#2119 = LINE('',#2120,#2121);
#2120 = CARTESIAN_POINT('',(-78.,-79.,8.9));
#2121 = VECTOR('',#2122,1.);
#2122 = DIRECTION('',(0.,0.,-1.));
#2123 = ORIENTED_EDGE('',*,*,#2124,.T.);
#2124 = EDGE_CURVE('',#2117,#2125,#2127,.T.);
#2125 = VERTEX_POINT('',#2126);
#2126 = CARTESIAN_POINT('',(-76.5,-79.,73.3));
#2127 = CIRCLE('',#2128,1.5);
#2128 = AXIS2_PLACEMENT_3D('',#2129,#2130,#2131);
#2129 = CARTESIAN_POINT('',(-76.5,-79.,74.8));
#2130 = DIRECTION('',(0.,-1.,1.110223024625E-16));
#2131 = DIRECTION('',(1.,0.,0.));
#2132 = ORIENTED_EDGE('',*,*,#2133,.T.);
#2133 = EDGE_CURVE('',#2125,#2134,#2136,.T.);
#2134 = VERTEX_POINT('',#2135);
#2135 = CARTESIAN_POINT('',(-33.5,-79.,73.3));
#2136 = LINE('',#2137,#2138);
#2137 = CARTESIAN_POINT('',(-83.75,-79.,73.3));
#2138 = VECTOR('',#2139,1.);
#2139 = DIRECTION('',(1.,0.,-0.));
#2140 = ORIENTED_EDGE('',*,*,#2141,.T.);
#2141 = EDGE_CURVE('',#2134,#2142,#2144,.T.);
#2142 = VERTEX_POINT('',#2143);
#2143 = CARTESIAN_POINT('',(-32.,-79.,74.8));
#2144 = CIRCLE('',#2145,1.5);
#2145 = AXIS2_PLACEMENT_3D('',#2146,#2147,#2148);
#2146 = CARTESIAN_POINT('',(-33.5,-79.,74.8));
#2147 = DIRECTION('',(0.,-1.,1.110223024625E-16));
#2148 = DIRECTION('',(1.,0.,0.));
#2149 = ORIENTED_EDGE('',*,*,#2150,.F.);
#2150 = EDGE_CURVE('',#2151,#2142,#2153,.T.);
#2151 = VERTEX_POINT('',#2152);
#2152 = CARTESIAN_POINT('',(-32.,-79.,75.2));
#2153 = LINE('',#2154,#2155);
#2154 = CARTESIAN_POINT('',(-32.,-79.,8.9));
#2155 = VECTOR('',#2156,1.);
#2156 = DIRECTION('',(0.,0.,-1.));
#2157 = ORIENTED_EDGE('',*,*,#2158,.T.);
#2158 = EDGE_CURVE('',#2151,#2159,#2161,.T.);
#2159 = VERTEX_POINT('',#2160);
#2160 = CARTESIAN_POINT('',(-33.5,-79.,76.7));
#2161 = CIRCLE('',#2162,1.5);
#2162 = AXIS2_PLACEMENT_3D('',#2163,#2164,#2165);
#2163 = CARTESIAN_POINT('',(-33.5,-79.,75.2));
#2164 = DIRECTION('',(0.,-1.,1.110223024625E-16));
#2165 = DIRECTION('',(1.,0.,0.));
#2166 = ORIENTED_EDGE('',*,*,#2167,.F.);
#2167 = EDGE_CURVE('',#2168,#2159,#2170,.T.);
#2168 = VERTEX_POINT('',#2169);
#2169 = CARTESIAN_POINT('',(-76.5,-79.,76.7));
#2170 = LINE('',#2171,#2172);
#2171 = CARTESIAN_POINT('',(-83.75,-79.,76.7));
#2172 = VECTOR('',#2173,1.);
#2173 = DIRECTION('',(1.,0.,-0.));
#2174 = ORIENTED_EDGE('',*,*,#2175,.T.);
#2175 = EDGE_CURVE('',#2168,#2115,#2176,.T.);
#2176 = CIRCLE('',#2177,1.5);
#2177 = AXIS2_PLACEMENT_3D('',#2178,#2179,#2180);
#2178 = CARTESIAN_POINT('',(-76.5,-79.,75.2));
#2179 = DIRECTION('',(0.,-1.,1.110223024625E-16));
#2180 = DIRECTION('',(1.,0.,0.));
#2181 = PLANE('',#2182);
#2182 = AXIS2_PLACEMENT_3D('',#2183,#2184,#2185);
#2183 = CARTESIAN_POINT('',(-91.,-79.,-57.));
#2184 = DIRECTION('',(-0.,1.,0.));
#2185 = DIRECTION('',(0.,0.,1.));
#2186 = ADVANCED_FACE('',(#2187,#2219,#2230,#2300,#2370),#2440,.F.);
#2187 = FACE_BOUND('',#2188,.F.);
#2188 = EDGE_LOOP('',(#2189,#2190,#2198,#2206,#2212,#2213));
#2189 = ORIENTED_EDGE('',*,*,#732,.F.);
#2190 = ORIENTED_EDGE('',*,*,#2191,.T.);
#2191 = EDGE_CURVE('',#733,#2192,#2194,.T.);
#2192 = VERTEX_POINT('',#2193);
#2193 = CARTESIAN_POINT('',(-89.,-82.,95.));
#2194 = LINE('',#2195,#2196);
#2195 = CARTESIAN_POINT('',(-89.,-82.,-55.));
#2196 = VECTOR('',#2197,1.);
#2197 = DIRECTION('',(0.,0.,1.));
#2198 = ORIENTED_EDGE('',*,*,#2199,.T.);
#2199 = EDGE_CURVE('',#2192,#2200,#2202,.T.);
#2200 = VERTEX_POINT('',#2201);
#2201 = CARTESIAN_POINT('',(-20.,-82.,95.));
#2202 = LINE('',#2203,#2204);
#2203 = CARTESIAN_POINT('',(-94.,-82.,95.));
#2204 = VECTOR('',#2205,1.);
#2205 = DIRECTION('',(1.,0.,-0.));
#2206 = ORIENTED_EDGE('',*,*,#2207,.T.);
#2207 = EDGE_CURVE('',#2200,#1878,#2208,.T.);
#2208 = LINE('',#2209,#2210);
#2209 = CARTESIAN_POINT('',(-20.,-82.,-57.5));
#2210 = VECTOR('',#2211,1.);
#2211 = DIRECTION('',(-0.,0.,-1.));
#2212 = ORIENTED_EDGE('',*,*,#1877,.T.);
#2213 = ORIENTED_EDGE('',*,*,#2214,.T.);
#2214 = EDGE_CURVE('',#1880,#724,#2215,.T.);
#2215 = LINE('',#2216,#2217);
#2216 = CARTESIAN_POINT('',(-20.,-82.,-57.5));
#2217 = VECTOR('',#2218,1.);
#2218 = DIRECTION('',(-0.,0.,-1.));
#2219 = FACE_BOUND('',#2220,.F.);
#2220 = EDGE_LOOP('',(#2221));
#2221 = ORIENTED_EDGE('',*,*,#2222,.T.);
#2222 = EDGE_CURVE('',#2223,#2223,#2225,.T.);
#2223 = VERTEX_POINT('',#2224);
#2224 = CARTESIAN_POINT('',(-45.,-82.,27.));
#2225 = CIRCLE('',#2226,8.);
#2226 = AXIS2_PLACEMENT_3D('',#2227,#2228,#2229);
#2227 = CARTESIAN_POINT('',(-45.,-82.,35.));
#2228 = DIRECTION('',(0.,-1.,0.));
#2229 = DIRECTION('',(0.,-0.,-1.));
#2230 = FACE_BOUND('',#2231,.F.);
#2231 = EDGE_LOOP('',(#2232,#2242,#2251,#2259,#2268,#2276,#2285,#2293));
#2232 = ORIENTED_EDGE('',*,*,#2233,.T.);
#2233 = EDGE_CURVE('',#2234,#2236,#2238,.T.);
#2234 = VERTEX_POINT('',#2235);
#2235 = CARTESIAN_POINT('',(-78.,-82.,57.2));
#2236 = VERTEX_POINT('',#2237);
#2237 = CARTESIAN_POINT('',(-78.,-82.,56.8));
#2238 = LINE('',#2239,#2240);
#2239 = CARTESIAN_POINT('',(-78.,-82.,0.9));
#2240 = VECTOR('',#2241,1.);
#2241 = DIRECTION('',(0.,0.,-1.));
#2242 = ORIENTED_EDGE('',*,*,#2243,.T.);
#2243 = EDGE_CURVE('',#2236,#2244,#2246,.T.);
#2244 = VERTEX_POINT('',#2245);
#2245 = CARTESIAN_POINT('',(-76.5,-82.,55.3));
#2246 = CIRCLE('',#2247,1.5);
#2247 = AXIS2_PLACEMENT_3D('',#2248,#2249,#2250);
#2248 = CARTESIAN_POINT('',(-76.5,-82.,56.8));
#2249 = DIRECTION('',(0.,-1.,1.110223024625E-16));
#2250 = DIRECTION('',(1.,0.,0.));
#2251 = ORIENTED_EDGE('',*,*,#2252,.T.);
#2252 = EDGE_CURVE('',#2244,#2253,#2255,.T.);
#2253 = VERTEX_POINT('',#2254);
#2254 = CARTESIAN_POINT('',(-33.5,-82.,55.3));
#2255 = LINE('',#2256,#2257);
#2256 = CARTESIAN_POINT('',(-85.25,-82.,55.3));
#2257 = VECTOR('',#2258,1.);
#2258 = DIRECTION('',(1.,0.,-0.));
#2259 = ORIENTED_EDGE('',*,*,#2260,.T.);
#2260 = EDGE_CURVE('',#2253,#2261,#2263,.T.);
#2261 = VERTEX_POINT('',#2262);
#2262 = CARTESIAN_POINT('',(-32.,-82.,56.8));
#2263 = CIRCLE('',#2264,1.5);
#2264 = AXIS2_PLACEMENT_3D('',#2265,#2266,#2267);
#2265 = CARTESIAN_POINT('',(-33.5,-82.,56.8));
#2266 = DIRECTION('',(0.,-1.,1.110223024625E-16));
#2267 = DIRECTION('',(1.,0.,0.));
#2268 = ORIENTED_EDGE('',*,*,#2269,.F.);
#2269 = EDGE_CURVE('',#2270,#2261,#2272,.T.);
#2270 = VERTEX_POINT('',#2271);
#2271 = CARTESIAN_POINT('',(-32.,-82.,57.2));
#2272 = LINE('',#2273,#2274);
#2273 = CARTESIAN_POINT('',(-32.,-82.,0.9));
#2274 = VECTOR('',#2275,1.);
#2275 = DIRECTION('',(0.,0.,-1.));
#2276 = ORIENTED_EDGE('',*,*,#2277,.T.);
#2277 = EDGE_CURVE('',#2270,#2278,#2280,.T.);
#2278 = VERTEX_POINT('',#2279);
#2279 = CARTESIAN_POINT('',(-33.5,-82.,58.7));
#2280 = CIRCLE('',#2281,1.5);
#2281 = AXIS2_PLACEMENT_3D('',#2282,#2283,#2284);
#2282 = CARTESIAN_POINT('',(-33.5,-82.,57.2));
#2283 = DIRECTION('',(0.,-1.,1.110223024625E-16));
#2284 = DIRECTION('',(1.,0.,0.));
#2285 = ORIENTED_EDGE('',*,*,#2286,.F.);
#2286 = EDGE_CURVE('',#2287,#2278,#2289,.T.);
#2287 = VERTEX_POINT('',#2288);
#2288 = CARTESIAN_POINT('',(-76.5,-82.,58.7));
#2289 = LINE('',#2290,#2291);
#2290 = CARTESIAN_POINT('',(-85.25,-82.,58.7));
#2291 = VECTOR('',#2292,1.);
#2292 = DIRECTION('',(1.,0.,-0.));
#2293 = ORIENTED_EDGE('',*,*,#2294,.T.);
#2294 = EDGE_CURVE('',#2287,#2234,#2295,.T.);
#2295 = CIRCLE('',#2296,1.5);
#2296 = AXIS2_PLACEMENT_3D('',#2297,#2298,#2299);
#2297 = CARTESIAN_POINT('',(-76.5,-82.,57.2));
#2298 = DIRECTION('',(0.,-1.,1.110223024625E-16));
#2299 = DIRECTION('',(1.,0.,0.));
#2300 = FACE_BOUND('',#2301,.F.);
#2301 = EDGE_LOOP('',(#2302,#2312,#2321,#2329,#2338,#2346,#2355,#2363));
#2302 = ORIENTED_EDGE('',*,*,#2303,.T.);
#2303 = EDGE_CURVE('',#2304,#2306,#2308,.T.);
#2304 = VERTEX_POINT('',#2305);
#2305 = CARTESIAN_POINT('',(-78.,-82.,66.2));
#2306 = VERTEX_POINT('',#2307);
#2307 = CARTESIAN_POINT('',(-78.,-82.,65.8));
#2308 = LINE('',#2309,#2310);
#2309 = CARTESIAN_POINT('',(-78.,-82.,5.4));
#2310 = VECTOR('',#2311,1.);
#2311 = DIRECTION('',(0.,0.,-1.));
#2312 = ORIENTED_EDGE('',*,*,#2313,.T.);
#2313 = EDGE_CURVE('',#2306,#2314,#2316,.T.);
#2314 = VERTEX_POINT('',#2315);
#2315 = CARTESIAN_POINT('',(-76.5,-82.,64.3));
#2316 = CIRCLE('',#2317,1.5);
#2317 = AXIS2_PLACEMENT_3D('',#2318,#2319,#2320);
#2318 = CARTESIAN_POINT('',(-76.5,-82.,65.8));
#2319 = DIRECTION('',(0.,-1.,1.110223024625E-16));
#2320 = DIRECTION('',(1.,0.,0.));
#2321 = ORIENTED_EDGE('',*,*,#2322,.T.);
#2322 = EDGE_CURVE('',#2314,#2323,#2325,.T.);
#2323 = VERTEX_POINT('',#2324);
#2324 = CARTESIAN_POINT('',(-33.5,-82.,64.3));
#2325 = LINE('',#2326,#2327);
#2326 = CARTESIAN_POINT('',(-85.25,-82.,64.3));
#2327 = VECTOR('',#2328,1.);
#2328 = DIRECTION('',(1.,0.,-0.));
#2329 = ORIENTED_EDGE('',*,*,#2330,.T.);
#2330 = EDGE_CURVE('',#2323,#2331,#2333,.T.);
#2331 = VERTEX_POINT('',#2332);
#2332 = CARTESIAN_POINT('',(-32.,-82.,65.8));
#2333 = CIRCLE('',#2334,1.5);
#2334 = AXIS2_PLACEMENT_3D('',#2335,#2336,#2337);
#2335 = CARTESIAN_POINT('',(-33.5,-82.,65.8));
#2336 = DIRECTION('',(0.,-1.,1.110223024625E-16));
#2337 = DIRECTION('',(1.,0.,0.));
#2338 = ORIENTED_EDGE('',*,*,#2339,.F.);
#2339 = EDGE_CURVE('',#2340,#2331,#2342,.T.);
#2340 = VERTEX_POINT('',#2341);
#2341 = CARTESIAN_POINT('',(-32.,-82.,66.2));
#2342 = LINE('',#2343,#2344);
#2343 = CARTESIAN_POINT('',(-32.,-82.,5.4));
#2344 = VECTOR('',#2345,1.);
#2345 = DIRECTION('',(0.,0.,-1.));
#2346 = ORIENTED_EDGE('',*,*,#2347,.T.);
#2347 = EDGE_CURVE('',#2340,#2348,#2350,.T.);
#2348 = VERTEX_POINT('',#2349);
#2349 = CARTESIAN_POINT('',(-33.5,-82.,67.7));
#2350 = CIRCLE('',#2351,1.5);
#2351 = AXIS2_PLACEMENT_3D('',#2352,#2353,#2354);
#2352 = CARTESIAN_POINT('',(-33.5,-82.,66.2));
#2353 = DIRECTION('',(0.,-1.,1.110223024625E-16));
#2354 = DIRECTION('',(1.,0.,0.));
#2355 = ORIENTED_EDGE('',*,*,#2356,.F.);
#2356 = EDGE_CURVE('',#2357,#2348,#2359,.T.);
#2357 = VERTEX_POINT('',#2358);
#2358 = CARTESIAN_POINT('',(-76.5,-82.,67.7));
#2359 = LINE('',#2360,#2361);
#2360 = CARTESIAN_POINT('',(-85.25,-82.,67.7));
#2361 = VECTOR('',#2362,1.);
#2362 = DIRECTION('',(1.,0.,-0.));
#2363 = ORIENTED_EDGE('',*,*,#2364,.T.);
#2364 = EDGE_CURVE('',#2357,#2304,#2365,.T.);
#2365 = CIRCLE('',#2366,1.5);
#2366 = AXIS2_PLACEMENT_3D('',#2367,#2368,#2369);
#2367 = CARTESIAN_POINT('',(-76.5,-82.,66.2));
#2368 = DIRECTION('',(0.,-1.,1.110223024625E-16));
#2369 = DIRECTION('',(1.,0.,0.));
#2370 = FACE_BOUND('',#2371,.F.);
#2371 = EDGE_LOOP('',(#2372,#2382,#2391,#2399,#2408,#2416,#2425,#2433));
#2372 = ORIENTED_EDGE('',*,*,#2373,.T.);
#2373 = EDGE_CURVE('',#2374,#2376,#2378,.T.);
#2374 = VERTEX_POINT('',#2375);
#2375 = CARTESIAN_POINT('',(-78.,-82.,75.2));
#2376 = VERTEX_POINT('',#2377);
#2377 = CARTESIAN_POINT('',(-78.,-82.,74.8));
#2378 = LINE('',#2379,#2380);
#2379 = CARTESIAN_POINT('',(-78.,-82.,9.9));
#2380 = VECTOR('',#2381,1.);
#2381 = DIRECTION('',(0.,0.,-1.));
#2382 = ORIENTED_EDGE('',*,*,#2383,.T.);
#2383 = EDGE_CURVE('',#2376,#2384,#2386,.T.);
#2384 = VERTEX_POINT('',#2385);
#2385 = CARTESIAN_POINT('',(-76.5,-82.,73.3));
#2386 = CIRCLE('',#2387,1.5);
#2387 = AXIS2_PLACEMENT_3D('',#2388,#2389,#2390);
#2388 = CARTESIAN_POINT('',(-76.5,-82.,74.8));
#2389 = DIRECTION('',(0.,-1.,1.110223024625E-16));
#2390 = DIRECTION('',(1.,0.,0.));
#2391 = ORIENTED_EDGE('',*,*,#2392,.T.);
#2392 = EDGE_CURVE('',#2384,#2393,#2395,.T.);
#2393 = VERTEX_POINT('',#2394);
#2394 = CARTESIAN_POINT('',(-33.5,-82.,73.3));
#2395 = LINE('',#2396,#2397);
#2396 = CARTESIAN_POINT('',(-85.25,-82.,73.3));
#2397 = VECTOR('',#2398,1.);
#2398 = DIRECTION('',(1.,0.,-0.));
#2399 = ORIENTED_EDGE('',*,*,#2400,.T.);
#2400 = EDGE_CURVE('',#2393,#2401,#2403,.T.);
#2401 = VERTEX_POINT('',#2402);
#2402 = CARTESIAN_POINT('',(-32.,-82.,74.8));
#2403 = CIRCLE('',#2404,1.5);
#2404 = AXIS2_PLACEMENT_3D('',#2405,#2406,#2407);
#2405 = CARTESIAN_POINT('',(-33.5,-82.,74.8));
#2406 = DIRECTION('',(0.,-1.,1.110223024625E-16));
#2407 = DIRECTION('',(1.,0.,0.));
#2408 = ORIENTED_EDGE('',*,*,#2409,.F.);
#2409 = EDGE_CURVE('',#2410,#2401,#2412,.T.);
#2410 = VERTEX_POINT('',#2411);
#2411 = CARTESIAN_POINT('',(-32.,-82.,75.2));
#2412 = LINE('',#2413,#2414);
#2413 = CARTESIAN_POINT('',(-32.,-82.,9.9));
#2414 = VECTOR('',#2415,1.);
#2415 = DIRECTION('',(0.,0.,-1.));
#2416 = ORIENTED_EDGE('',*,*,#2417,.T.);
#2417 = EDGE_CURVE('',#2410,#2418,#2420,.T.);
#2418 = VERTEX_POINT('',#2419);
#2419 = CARTESIAN_POINT('',(-33.5,-82.,76.7));
#2420 = CIRCLE('',#2421,1.5);
#2421 = AXIS2_PLACEMENT_3D('',#2422,#2423,#2424);
#2422 = CARTESIAN_POINT('',(-33.5,-82.,75.2));
#2423 = DIRECTION('',(0.,-1.,1.110223024625E-16));
#2424 = DIRECTION('',(1.,0.,0.));
#2425 = ORIENTED_EDGE('',*,*,#2426,.F.);
#2426 = EDGE_CURVE('',#2427,#2418,#2429,.T.);
#2427 = VERTEX_POINT('',#2428);
#2428 = CARTESIAN_POINT('',(-76.5,-82.,76.7));
#2429 = LINE('',#2430,#2431);
#2430 = CARTESIAN_POINT('',(-85.25,-82.,76.7));
#2431 = VECTOR('',#2432,1.);
#2432 = DIRECTION('',(1.,0.,-0.));
#2433 = ORIENTED_EDGE('',*,*,#2434,.T.);
#2434 = EDGE_CURVE('',#2427,#2374,#2435,.T.);
#2435 = CIRCLE('',#2436,1.5);
#2436 = AXIS2_PLACEMENT_3D('',#2437,#2438,#2439);
#2437 = CARTESIAN_POINT('',(-76.5,-82.,75.2));
#2438 = DIRECTION('',(0.,-1.,1.110223024625E-16));
#2439 = DIRECTION('',(1.,0.,0.));
#2440 = PLANE('',#2441);
#2441 = AXIS2_PLACEMENT_3D('',#2442,#2443,#2444);
#2442 = CARTESIAN_POINT('',(-94.,-82.,-55.));
#2443 = DIRECTION('',(-0.,1.,0.));
#2444 = DIRECTION('',(0.,0.,1.));
#2445 = ADVANCED_FACE('',(#2446),#2452,.T.);
#2446 = FACE_BOUND('',#2447,.T.);
#2447 = EDGE_LOOP('',(#2448,#2449,#2450,#2451));
#2448 = ORIENTED_EDGE('',*,*,#2214,.T.);
#2449 = ORIENTED_EDGE('',*,*,#723,.T.);
#2450 = ORIENTED_EDGE('',*,*,#1863,.T.);
#2451 = ORIENTED_EDGE('',*,*,#1922,.T.);
#2452 = PLANE('',#2453);
#2453 = AXIS2_PLACEMENT_3D('',#2454,#2455,#2456);
#2454 = CARTESIAN_POINT('',(-20.,-90.,-60.));
#2455 = DIRECTION('',(1.,0.,-0.));
#2456 = DIRECTION('',(0.,0.,1.));
#2457 = ADVANCED_FACE('',(#2458),#2470,.T.);
#2458 = FACE_BOUND('',#2459,.T.);
#2459 = EDGE_LOOP('',(#2460,#2461,#2462,#2463));
#2460 = ORIENTED_EDGE('',*,*,#790,.F.);
#2461 = ORIENTED_EDGE('',*,*,#775,.T.);
#2462 = ORIENTED_EDGE('',*,*,#2191,.T.);
#2463 = ORIENTED_EDGE('',*,*,#2464,.F.);
#2464 = EDGE_CURVE('',#791,#2192,#2465,.T.);
#2465 = CIRCLE('',#2466,5.);
#2466 = AXIS2_PLACEMENT_3D('',#2467,#2468,#2469);
#2467 = CARTESIAN_POINT('',(-89.,-77.,95.));
#2468 = DIRECTION('',(0.,0.,1.));
#2469 = DIRECTION('',(-1.,0.,0.));
#2470 = CYLINDRICAL_SURFACE('',#2471,5.);
#2471 = AXIS2_PLACEMENT_3D('',#2472,#2473,#2474);
#2472 = CARTESIAN_POINT('',(-89.,-77.,-55.));
#2473 = DIRECTION('',(0.,0.,1.));
#2474 = DIRECTION('',(-1.,-0.,0.));
#2475 = ADVANCED_FACE('',(#2476),#2503,.T.);
#2476 = FACE_BOUND('',#2477,.T.);
#2477 = EDGE_LOOP('',(#2478,#2487,#2495,#2502));
#2478 = ORIENTED_EDGE('',*,*,#2479,.F.);
#2479 = EDGE_CURVE('',#2480,#791,#2482,.T.);
#2480 = VERTEX_POINT('',#2481);
#2481 = CARTESIAN_POINT('',(-89.,-77.,100.));
#2482 = CIRCLE('',#2483,5.);
#2483 = AXIS2_PLACEMENT_3D('',#2484,#2485,#2486);
#2484 = CARTESIAN_POINT('',(-89.,-77.,95.));
#2485 = DIRECTION('',(0.,-1.,0.));
#2486 = DIRECTION('',(-1.,0.,0.));
#2487 = ORIENTED_EDGE('',*,*,#2488,.T.);
#2488 = EDGE_CURVE('',#2480,#2489,#2491,.T.);
#2489 = VERTEX_POINT('',#2490);
#2490 = CARTESIAN_POINT('',(-89.,77.,100.));
#2491 = LINE('',#2492,#2493);
#2492 = CARTESIAN_POINT('',(-89.,-82.,100.));
#2493 = VECTOR('',#2494,1.);
#2494 = DIRECTION('',(-0.,1.,0.));
#2495 = ORIENTED_EDGE('',*,*,#2496,.F.);
#2496 = EDGE_CURVE('',#800,#2489,#2497,.T.);
#2497 = CIRCLE('',#2498,5.);
#2498 = AXIS2_PLACEMENT_3D('',#2499,#2500,#2501);
#2499 = CARTESIAN_POINT('',(-89.,77.,95.));
#2500 = DIRECTION('',(-0.,1.,0.));
#2501 = DIRECTION('',(-1.,-0.,0.));
#2502 = ORIENTED_EDGE('',*,*,#807,.F.);
#2503 = CYLINDRICAL_SURFACE('',#2504,5.);
#2504 = AXIS2_PLACEMENT_3D('',#2505,#2506,#2507);
#2505 = CARTESIAN_POINT('',(-89.,-82.,95.));
#2506 = DIRECTION('',(-0.,1.,0.));
#2507 = DIRECTION('',(-1.,-0.,0.));
#2508 = ADVANCED_FACE('',(#2509),#2521,.T.);
#2509 = FACE_BOUND('',#2510,.F.);
#2510 = EDGE_LOOP('',(#2511,#2512,#2513,#2514));
#2511 = ORIENTED_EDGE('',*,*,#799,.F.);
#2512 = ORIENTED_EDGE('',*,*,#1154,.T.);
#2513 = ORIENTED_EDGE('',*,*,#1181,.T.);
#2514 = ORIENTED_EDGE('',*,*,#2515,.T.);
#2515 = EDGE_CURVE('',#1182,#800,#2516,.T.);
#2516 = CIRCLE('',#2517,5.);
#2517 = AXIS2_PLACEMENT_3D('',#2518,#2519,#2520);
#2518 = CARTESIAN_POINT('',(-89.,77.,95.));
#2519 = DIRECTION('',(0.,0.,1.));
#2520 = DIRECTION('',(-1.,-0.,0.));
#2521 = CYLINDRICAL_SURFACE('',#2522,5.);
#2522 = AXIS2_PLACEMENT_3D('',#2523,#2524,#2525);
#2523 = CARTESIAN_POINT('',(-89.,77.,-55.));
#2524 = DIRECTION('',(0.,0.,1.));
#2525 = DIRECTION('',(-1.,-0.,0.));
#2526 = ADVANCED_FACE('',(#2527),#2546,.F.);
#2527 = FACE_BOUND('',#2528,.F.);
#2528 = EDGE_LOOP('',(#2529,#2537,#2544,#2545));
#2529 = ORIENTED_EDGE('',*,*,#2530,.T.);
#2530 = EDGE_CURVE('',#816,#2531,#2533,.T.);
#2531 = VERTEX_POINT('',#2532);
#2532 = CARTESIAN_POINT('',(-92.,62.,-36.8));
#2533 = LINE('',#2534,#2535);
#2534 = CARTESIAN_POINT('',(-94.2,62.,-36.8));
#2535 = VECTOR('',#2536,1.);
#2536 = DIRECTION('',(1.,0.,0.));
#2537 = ORIENTED_EDGE('',*,*,#2538,.F.);
#2538 = EDGE_CURVE('',#2531,#2531,#2539,.T.);
#2539 = CIRCLE('',#2540,3.2);
#2540 = AXIS2_PLACEMENT_3D('',#2541,#2542,#2543);
#2541 = CARTESIAN_POINT('',(-92.,62.,-40.));
#2542 = DIRECTION('',(1.,0.,0.));
#2543 = DIRECTION('',(-0.,0.,1.));
#2544 = ORIENTED_EDGE('',*,*,#2530,.F.);
#2545 = ORIENTED_EDGE('',*,*,#815,.T.);
#2546 = CYLINDRICAL_SURFACE('',#2547,3.2);
#2547 = AXIS2_PLACEMENT_3D('',#2548,#2549,#2550);
#2548 = CARTESIAN_POINT('',(-94.2,62.,-40.));
#2549 = DIRECTION('',(1.,0.,0.));
#2550 = DIRECTION('',(-0.,0.,1.));
#2551 = ADVANCED_FACE('',(#2552),#2571,.F.);
#2552 = FACE_BOUND('',#2553,.F.);
#2553 = EDGE_LOOP('',(#2554,#2562,#2569,#2570));
#2554 = ORIENTED_EDGE('',*,*,#2555,.T.);
#2555 = EDGE_CURVE('',#827,#2556,#2558,.T.);
#2556 = VERTEX_POINT('',#2557);
#2557 = CARTESIAN_POINT('',(-92.,62.,44.2));
#2558 = LINE('',#2559,#2560);
#2559 = CARTESIAN_POINT('',(-94.2,62.,44.2));
#2560 = VECTOR('',#2561,1.);
#2561 = DIRECTION('',(1.,0.,0.));
#2562 = ORIENTED_EDGE('',*,*,#2563,.F.);
#2563 = EDGE_CURVE('',#2556,#2556,#2564,.T.);
#2564 = CIRCLE('',#2565,3.2);
#2565 = AXIS2_PLACEMENT_3D('',#2566,#2567,#2568);
#2566 = CARTESIAN_POINT('',(-92.,62.,41.));
#2567 = DIRECTION('',(1.,0.,0.));
#2568 = DIRECTION('',(-0.,0.,1.));
#2569 = ORIENTED_EDGE('',*,*,#2555,.F.);
#2570 = ORIENTED_EDGE('',*,*,#826,.T.);
#2571 = CYLINDRICAL_SURFACE('',#2572,3.2);
#2572 = AXIS2_PLACEMENT_3D('',#2573,#2574,#2575);
#2573 = CARTESIAN_POINT('',(-94.2,62.,41.));
#2574 = DIRECTION('',(1.,0.,0.));
#2575 = DIRECTION('',(-0.,0.,1.));
#2576 = ADVANCED_FACE('',(#2577),#2596,.F.);
#2577 = FACE_BOUND('',#2578,.F.);
#2578 = EDGE_LOOP('',(#2579,#2587,#2594,#2595));
#2579 = ORIENTED_EDGE('',*,*,#2580,.T.);
#2580 = EDGE_CURVE('',#838,#2581,#2583,.T.);
#2581 = VERTEX_POINT('',#2582);
#2582 = CARTESIAN_POINT('',(-92.,-62.,-36.8));
#2583 = LINE('',#2584,#2585);
#2584 = CARTESIAN_POINT('',(-94.2,-62.,-36.8));
#2585 = VECTOR('',#2586,1.);
#2586 = DIRECTION('',(1.,0.,0.));
#2587 = ORIENTED_EDGE('',*,*,#2588,.F.);
#2588 = EDGE_CURVE('',#2581,#2581,#2589,.T.);
#2589 = CIRCLE('',#2590,3.2);
#2590 = AXIS2_PLACEMENT_3D('',#2591,#2592,#2593);
#2591 = CARTESIAN_POINT('',(-92.,-62.,-40.));
#2592 = DIRECTION('',(1.,0.,0.));
#2593 = DIRECTION('',(-0.,0.,1.));
#2594 = ORIENTED_EDGE('',*,*,#2580,.F.);
#2595 = ORIENTED_EDGE('',*,*,#837,.T.);
#2596 = CYLINDRICAL_SURFACE('',#2597,3.2);
#2597 = AXIS2_PLACEMENT_3D('',#2598,#2599,#2600);
#2598 = CARTESIAN_POINT('',(-94.2,-62.,-40.));
#2599 = DIRECTION('',(1.,0.,0.));
#2600 = DIRECTION('',(-0.,0.,1.));
#2601 = ADVANCED_FACE('',(#2602),#2628,.F.);
#2602 = FACE_BOUND('',#2603,.F.);
#2603 = EDGE_LOOP('',(#2604,#2615,#2621,#2622));
#2604 = ORIENTED_EDGE('',*,*,#2605,.F.);
#2605 = EDGE_CURVE('',#2606,#2608,#2610,.T.);
#2606 = VERTEX_POINT('',#2607);
#2607 = CARTESIAN_POINT('',(-91.,-47.2,57.));
#2608 = VERTEX_POINT('',#2609);
#2609 = CARTESIAN_POINT('',(-91.,-49.,55.2));
#2610 = CIRCLE('',#2611,1.8);
#2611 = AXIS2_PLACEMENT_3D('',#2612,#2613,#2614);
#2612 = CARTESIAN_POINT('',(-91.,-47.2,55.2));
#2613 = DIRECTION('',(1.,0.,1.110223024625E-16));
#2614 = DIRECTION('',(1.110223024625E-16,0.,-1.));
#2615 = ORIENTED_EDGE('',*,*,#2616,.F.);
#2616 = EDGE_CURVE('',#849,#2606,#2617,.T.);
#2617 = LINE('',#2618,#2619);
#2618 = CARTESIAN_POINT('',(-94.2,-47.2,57.));
#2619 = VECTOR('',#2620,1.);
#2620 = DIRECTION('',(1.,0.,1.110223024625E-16));
#2621 = ORIENTED_EDGE('',*,*,#848,.T.);
#2622 = ORIENTED_EDGE('',*,*,#2623,.T.);
#2623 = EDGE_CURVE('',#851,#2608,#2624,.T.);
#2624 = LINE('',#2625,#2626);
#2625 = CARTESIAN_POINT('',(-94.2,-49.,55.2));
#2626 = VECTOR('',#2627,1.);
#2627 = DIRECTION('',(1.,0.,1.110223024625E-16));
#2628 = CYLINDRICAL_SURFACE('',#2629,1.8);
#2629 = AXIS2_PLACEMENT_3D('',#2630,#2631,#2632);
#2630 = CARTESIAN_POINT('',(-94.2,-47.2,55.2));
#2631 = DIRECTION('',(1.,0.,1.110223024625E-16));
#2632 = DIRECTION('',(1.110223024625E-16,0.,-1.));
#2633 = ADVANCED_FACE('',(#2634),#2652,.T.);
#2634 = FACE_BOUND('',#2635,.T.);
#2635 = EDGE_LOOP('',(#2636,#2637,#2638,#2646));
#2636 = ORIENTED_EDGE('',*,*,#2616,.F.);
#2637 = ORIENTED_EDGE('',*,*,#859,.T.);
#2638 = ORIENTED_EDGE('',*,*,#2639,.T.);
#2639 = EDGE_CURVE('',#860,#2640,#2642,.T.);
#2640 = VERTEX_POINT('',#2641);
#2641 = CARTESIAN_POINT('',(-91.,47.2,57.));
#2642 = LINE('',#2643,#2644);
#2643 = CARTESIAN_POINT('',(-94.2,47.2,57.));
#2644 = VECTOR('',#2645,1.);
#2645 = DIRECTION('',(1.,0.,1.110223024625E-16));
#2646 = ORIENTED_EDGE('',*,*,#2647,.F.);
#2647 = EDGE_CURVE('',#2606,#2640,#2648,.T.);
#2648 = LINE('',#2649,#2650);
#2649 = CARTESIAN_POINT('',(-91.,-63.1,57.));
#2650 = VECTOR('',#2651,1.);
#2651 = DIRECTION('',(0.,1.,0.));
#2652 = PLANE('',#2653);
#2653 = AXIS2_PLACEMENT_3D('',#2654,#2655,#2656);
#2654 = CARTESIAN_POINT('',(-94.2,-47.2,57.));
#2655 = DIRECTION('',(1.110223024625E-16,0.,-1.));
#2656 = DIRECTION('',(1.,0.,1.110223024625E-16));
#2657 = ADVANCED_FACE('',(#2658),#2676,.T.);
#2658 = FACE_BOUND('',#2659,.T.);
#2659 = EDGE_LOOP('',(#2660,#2661,#2662,#2670));
#2660 = ORIENTED_EDGE('',*,*,#910,.T.);
#2661 = ORIENTED_EDGE('',*,*,#2623,.T.);
#2662 = ORIENTED_EDGE('',*,*,#2663,.F.);
#2663 = EDGE_CURVE('',#2664,#2608,#2666,.T.);
#2664 = VERTEX_POINT('',#2665);
#2665 = CARTESIAN_POINT('',(-91.,-49.,54.8));
#2666 = LINE('',#2667,#2668);
#2667 = CARTESIAN_POINT('',(-91.,-49.,-0.9));
#2668 = VECTOR('',#2669,1.);
#2669 = DIRECTION('',(0.,-0.,1.));
#2670 = ORIENTED_EDGE('',*,*,#2671,.F.);
#2671 = EDGE_CURVE('',#902,#2664,#2672,.T.);
#2672 = LINE('',#2673,#2674);
#2673 = CARTESIAN_POINT('',(-94.2,-49.,54.8));
#2674 = VECTOR('',#2675,1.);
#2675 = DIRECTION('',(1.,0.,1.110223024625E-16));
#2676 = PLANE('',#2677);
#2677 = AXIS2_PLACEMENT_3D('',#2678,#2679,#2680);
#2678 = CARTESIAN_POINT('',(-94.2,-49.,55.2));
#2679 = DIRECTION('',(0.,1.,0.));
#2680 = DIRECTION('',(1.,0.,1.110223024625E-16));
#2681 = ADVANCED_FACE('',(#2682),#2701,.F.);
#2682 = FACE_BOUND('',#2683,.F.);
#2683 = EDGE_LOOP('',(#2684,#2693,#2699,#2700));
#2684 = ORIENTED_EDGE('',*,*,#2685,.F.);
#2685 = EDGE_CURVE('',#2686,#2640,#2688,.T.);
#2686 = VERTEX_POINT('',#2687);
#2687 = CARTESIAN_POINT('',(-91.,49.,55.2));
#2688 = CIRCLE('',#2689,1.8);
#2689 = AXIS2_PLACEMENT_3D('',#2690,#2691,#2692);
#2690 = CARTESIAN_POINT('',(-91.,47.2,55.2));
#2691 = DIRECTION('',(1.,0.,1.110223024625E-16));
#2692 = DIRECTION('',(1.110223024625E-16,0.,-1.));
#2693 = ORIENTED_EDGE('',*,*,#2694,.F.);
#2694 = EDGE_CURVE('',#868,#2686,#2695,.T.);
#2695 = LINE('',#2696,#2697);
#2696 = CARTESIAN_POINT('',(-94.2,49.,55.2));
#2697 = VECTOR('',#2698,1.);
#2698 = DIRECTION('',(1.,0.,1.110223024625E-16));
#2699 = ORIENTED_EDGE('',*,*,#867,.T.);
#2700 = ORIENTED_EDGE('',*,*,#2639,.T.);
#2701 = CYLINDRICAL_SURFACE('',#2702,1.8);
#2702 = AXIS2_PLACEMENT_3D('',#2703,#2704,#2705);
#2703 = CARTESIAN_POINT('',(-94.2,47.2,55.2));
#2704 = DIRECTION('',(1.,0.,1.110223024625E-16));
#2705 = DIRECTION('',(1.110223024625E-16,0.,-1.));
#2706 = ADVANCED_FACE('',(#2707),#2726,.F.);
#2707 = FACE_BOUND('',#2708,.F.);
#2708 = EDGE_LOOP('',(#2709,#2718,#2719,#2720));
#2709 = ORIENTED_EDGE('',*,*,#2710,.F.);
#2710 = EDGE_CURVE('',#2664,#2711,#2713,.T.);
#2711 = VERTEX_POINT('',#2712);
#2712 = CARTESIAN_POINT('',(-91.,-47.2,53.));
#2713 = CIRCLE('',#2714,1.8);
#2714 = AXIS2_PLACEMENT_3D('',#2715,#2716,#2717);
#2715 = CARTESIAN_POINT('',(-91.,-47.2,54.8));
#2716 = DIRECTION('',(1.,0.,1.110223024625E-16));
#2717 = DIRECTION('',(1.110223024625E-16,0.,-1.));
#2718 = ORIENTED_EDGE('',*,*,#2671,.F.);
#2719 = ORIENTED_EDGE('',*,*,#901,.T.);
#2720 = ORIENTED_EDGE('',*,*,#2721,.T.);
#2721 = EDGE_CURVE('',#894,#2711,#2722,.T.);
#2722 = LINE('',#2723,#2724);
#2723 = CARTESIAN_POINT('',(-94.2,-47.2,53.));
#2724 = VECTOR('',#2725,1.);
#2725 = DIRECTION('',(1.,0.,1.110223024625E-16));
#2726 = CYLINDRICAL_SURFACE('',#2727,1.8);
#2727 = AXIS2_PLACEMENT_3D('',#2728,#2729,#2730);
#2728 = CARTESIAN_POINT('',(-94.2,-47.2,54.8));
#2729 = DIRECTION('',(1.,0.,1.110223024625E-16));
#2730 = DIRECTION('',(1.110223024625E-16,0.,-1.));
#2731 = ADVANCED_FACE('',(#2732),#2750,.F.);
#2732 = FACE_BOUND('',#2733,.F.);
#2733 = EDGE_LOOP('',(#2734,#2735,#2736,#2744));
#2734 = ORIENTED_EDGE('',*,*,#876,.T.);
#2735 = ORIENTED_EDGE('',*,*,#2694,.T.);
#2736 = ORIENTED_EDGE('',*,*,#2737,.F.);
#2737 = EDGE_CURVE('',#2738,#2686,#2740,.T.);
#2738 = VERTEX_POINT('',#2739);
#2739 = CARTESIAN_POINT('',(-91.,49.,54.8));
#2740 = LINE('',#2741,#2742);
#2741 = CARTESIAN_POINT('',(-91.,49.,-0.9));
#2742 = VECTOR('',#2743,1.);
#2743 = DIRECTION('',(0.,-0.,1.));
#2744 = ORIENTED_EDGE('',*,*,#2745,.F.);
#2745 = EDGE_CURVE('',#877,#2738,#2746,.T.);
#2746 = LINE('',#2747,#2748);
#2747 = CARTESIAN_POINT('',(-94.2,49.,54.8));
#2748 = VECTOR('',#2749,1.);
#2749 = DIRECTION('',(1.,0.,1.110223024625E-16));
#2750 = PLANE('',#2751);
#2751 = AXIS2_PLACEMENT_3D('',#2752,#2753,#2754);
#2752 = CARTESIAN_POINT('',(-94.2,49.,55.2));
#2753 = DIRECTION('',(0.,1.,0.));
#2754 = DIRECTION('',(1.,0.,1.110223024625E-16));
#2755 = ADVANCED_FACE('',(#2756),#2774,.F.);
#2756 = FACE_BOUND('',#2757,.F.);
#2757 = EDGE_LOOP('',(#2758,#2759,#2760,#2768));
#2758 = ORIENTED_EDGE('',*,*,#2721,.F.);
#2759 = ORIENTED_EDGE('',*,*,#893,.T.);
#2760 = ORIENTED_EDGE('',*,*,#2761,.T.);
#2761 = EDGE_CURVE('',#885,#2762,#2764,.T.);
#2762 = VERTEX_POINT('',#2763);
#2763 = CARTESIAN_POINT('',(-91.,47.2,53.));
#2764 = LINE('',#2765,#2766);
#2765 = CARTESIAN_POINT('',(-94.2,47.2,53.));
#2766 = VECTOR('',#2767,1.);
#2767 = DIRECTION('',(1.,0.,1.110223024625E-16));
#2768 = ORIENTED_EDGE('',*,*,#2769,.F.);
#2769 = EDGE_CURVE('',#2711,#2762,#2770,.T.);
#2770 = LINE('',#2771,#2772);
#2771 = CARTESIAN_POINT('',(-91.,-63.1,53.));
#2772 = VECTOR('',#2773,1.);
#2773 = DIRECTION('',(0.,1.,0.));
#2774 = PLANE('',#2775);
#2775 = AXIS2_PLACEMENT_3D('',#2776,#2777,#2778);
#2776 = CARTESIAN_POINT('',(-94.2,-47.2,53.));
#2777 = DIRECTION('',(1.110223024625E-16,0.,-1.));
#2778 = DIRECTION('',(1.,0.,1.110223024625E-16));
#2779 = ADVANCED_FACE('',(#2780),#2792,.F.);
#2780 = FACE_BOUND('',#2781,.F.);
#2781 = EDGE_LOOP('',(#2782,#2789,#2790,#2791));
#2782 = ORIENTED_EDGE('',*,*,#2783,.F.);
#2783 = EDGE_CURVE('',#2762,#2738,#2784,.T.);
#2784 = CIRCLE('',#2785,1.8);
#2785 = AXIS2_PLACEMENT_3D('',#2786,#2787,#2788);
#2786 = CARTESIAN_POINT('',(-91.,47.2,54.8));
#2787 = DIRECTION('',(1.,0.,1.110223024625E-16));
#2788 = DIRECTION('',(1.110223024625E-16,0.,-1.));
#2789 = ORIENTED_EDGE('',*,*,#2761,.F.);
#2790 = ORIENTED_EDGE('',*,*,#884,.T.);
#2791 = ORIENTED_EDGE('',*,*,#2745,.T.);
#2792 = CYLINDRICAL_SURFACE('',#2793,1.8);
#2793 = AXIS2_PLACEMENT_3D('',#2794,#2795,#2796);
#2794 = CARTESIAN_POINT('',(-94.2,47.2,54.8));
#2795 = DIRECTION('',(1.,0.,1.110223024625E-16));
#2796 = DIRECTION('',(1.110223024625E-16,0.,-1.));
#2797 = ADVANCED_FACE('',(#2798),#2824,.F.);
#2798 = FACE_BOUND('',#2799,.F.);
#2799 = EDGE_LOOP('',(#2800,#2811,#2817,#2818));
#2800 = ORIENTED_EDGE('',*,*,#2801,.F.);
#2801 = EDGE_CURVE('',#2802,#2804,#2806,.T.);
#2802 = VERTEX_POINT('',#2803);
#2803 = CARTESIAN_POINT('',(-91.,-47.2,66.));
#2804 = VERTEX_POINT('',#2805);
#2805 = CARTESIAN_POINT('',(-91.,-49.,64.2));
#2806 = CIRCLE('',#2807,1.8);
#2807 = AXIS2_PLACEMENT_3D('',#2808,#2809,#2810);
#2808 = CARTESIAN_POINT('',(-91.,-47.2,64.2));
#2809 = DIRECTION('',(1.,0.,1.110223024625E-16));
#2810 = DIRECTION('',(1.110223024625E-16,0.,-1.));
#2811 = ORIENTED_EDGE('',*,*,#2812,.F.);
#2812 = EDGE_CURVE('',#919,#2802,#2813,.T.);
#2813 = LINE('',#2814,#2815);
#2814 = CARTESIAN_POINT('',(-94.2,-47.2,66.));
#2815 = VECTOR('',#2816,1.);
#2816 = DIRECTION('',(1.,0.,1.110223024625E-16));
#2817 = ORIENTED_EDGE('',*,*,#918,.T.);
#2818 = ORIENTED_EDGE('',*,*,#2819,.T.);
#2819 = EDGE_CURVE('',#921,#2804,#2820,.T.);
#2820 = LINE('',#2821,#2822);
#2821 = CARTESIAN_POINT('',(-94.2,-49.,64.2));
#2822 = VECTOR('',#2823,1.);
#2823 = DIRECTION('',(1.,0.,1.110223024625E-16));
#2824 = CYLINDRICAL_SURFACE('',#2825,1.8);
#2825 = AXIS2_PLACEMENT_3D('',#2826,#2827,#2828);
#2826 = CARTESIAN_POINT('',(-94.2,-47.2,64.2));
#2827 = DIRECTION('',(1.,0.,1.110223024625E-16));
#2828 = DIRECTION('',(1.110223024625E-16,0.,-1.));
#2829 = ADVANCED_FACE('',(#2830),#2848,.T.);
#2830 = FACE_BOUND('',#2831,.T.);
#2831 = EDGE_LOOP('',(#2832,#2833,#2834,#2842));
#2832 = ORIENTED_EDGE('',*,*,#2812,.F.);
#2833 = ORIENTED_EDGE('',*,*,#929,.T.);
#2834 = ORIENTED_EDGE('',*,*,#2835,.T.);
#2835 = EDGE_CURVE('',#930,#2836,#2838,.T.);
#2836 = VERTEX_POINT('',#2837);
#2837 = CARTESIAN_POINT('',(-91.,47.2,66.));
#2838 = LINE('',#2839,#2840);
#2839 = CARTESIAN_POINT('',(-94.2,47.2,66.));
#2840 = VECTOR('',#2841,1.);
#2841 = DIRECTION('',(1.,0.,1.110223024625E-16));
#2842 = ORIENTED_EDGE('',*,*,#2843,.F.);
#2843 = EDGE_CURVE('',#2802,#2836,#2844,.T.);
#2844 = LINE('',#2845,#2846);
#2845 = CARTESIAN_POINT('',(-91.,-63.1,66.));
#2846 = VECTOR('',#2847,1.);
#2847 = DIRECTION('',(0.,1.,0.));
#2848 = PLANE('',#2849);
#2849 = AXIS2_PLACEMENT_3D('',#2850,#2851,#2852);
#2850 = CARTESIAN_POINT('',(-94.2,-47.2,66.));
#2851 = DIRECTION('',(1.110223024625E-16,0.,-1.));
#2852 = DIRECTION('',(1.,0.,1.110223024625E-16));
#2853 = ADVANCED_FACE('',(#2854),#2872,.T.);
#2854 = FACE_BOUND('',#2855,.T.);
#2855 = EDGE_LOOP('',(#2856,#2857,#2858,#2866));
#2856 = ORIENTED_EDGE('',*,*,#980,.T.);
#2857 = ORIENTED_EDGE('',*,*,#2819,.T.);
#2858 = ORIENTED_EDGE('',*,*,#2859,.F.);
#2859 = EDGE_CURVE('',#2860,#2804,#2862,.T.);
#2860 = VERTEX_POINT('',#2861);
#2861 = CARTESIAN_POINT('',(-91.,-49.,63.8));
#2862 = LINE('',#2863,#2864);
#2863 = CARTESIAN_POINT('',(-91.,-49.,3.6));
#2864 = VECTOR('',#2865,1.);
#2865 = DIRECTION('',(0.,-0.,1.));
#2866 = ORIENTED_EDGE('',*,*,#2867,.F.);
#2867 = EDGE_CURVE('',#972,#2860,#2868,.T.);
#2868 = LINE('',#2869,#2870);
#2869 = CARTESIAN_POINT('',(-94.2,-49.,63.8));
#2870 = VECTOR('',#2871,1.);
#2871 = DIRECTION('',(1.,0.,1.110223024625E-16));
#2872 = PLANE('',#2873);
#2873 = AXIS2_PLACEMENT_3D('',#2874,#2875,#2876);
#2874 = CARTESIAN_POINT('',(-94.2,-49.,64.2));
#2875 = DIRECTION('',(0.,1.,0.));
#2876 = DIRECTION('',(1.,0.,1.110223024625E-16));
#2877 = ADVANCED_FACE('',(#2878),#2897,.F.);
#2878 = FACE_BOUND('',#2879,.F.);
#2879 = EDGE_LOOP('',(#2880,#2889,#2895,#2896));
#2880 = ORIENTED_EDGE('',*,*,#2881,.F.);
#2881 = EDGE_CURVE('',#2882,#2836,#2884,.T.);
#2882 = VERTEX_POINT('',#2883);
#2883 = CARTESIAN_POINT('',(-91.,49.,64.2));
#2884 = CIRCLE('',#2885,1.8);
#2885 = AXIS2_PLACEMENT_3D('',#2886,#2887,#2888);
#2886 = CARTESIAN_POINT('',(-91.,47.2,64.2));
#2887 = DIRECTION('',(1.,0.,1.110223024625E-16));
#2888 = DIRECTION('',(1.110223024625E-16,0.,-1.));
#2889 = ORIENTED_EDGE('',*,*,#2890,.F.);
#2890 = EDGE_CURVE('',#938,#2882,#2891,.T.);
#2891 = LINE('',#2892,#2893);
#2892 = CARTESIAN_POINT('',(-94.2,49.,64.2));
#2893 = VECTOR('',#2894,1.);
#2894 = DIRECTION('',(1.,0.,1.110223024625E-16));
#2895 = ORIENTED_EDGE('',*,*,#937,.T.);
#2896 = ORIENTED_EDGE('',*,*,#2835,.T.);
#2897 = CYLINDRICAL_SURFACE('',#2898,1.8);
#2898 = AXIS2_PLACEMENT_3D('',#2899,#2900,#2901);
#2899 = CARTESIAN_POINT('',(-94.2,47.2,64.2));
#2900 = DIRECTION('',(1.,0.,1.110223024625E-16));
#2901 = DIRECTION('',(1.110223024625E-16,0.,-1.));
#2902 = ADVANCED_FACE('',(#2903),#2922,.F.);
#2903 = FACE_BOUND('',#2904,.F.);
#2904 = EDGE_LOOP('',(#2905,#2914,#2915,#2916));
#2905 = ORIENTED_EDGE('',*,*,#2906,.F.);
#2906 = EDGE_CURVE('',#2860,#2907,#2909,.T.);
#2907 = VERTEX_POINT('',#2908);
#2908 = CARTESIAN_POINT('',(-91.,-47.2,62.));
#2909 = CIRCLE('',#2910,1.8);
#2910 = AXIS2_PLACEMENT_3D('',#2911,#2912,#2913);
#2911 = CARTESIAN_POINT('',(-91.,-47.2,63.8));
#2912 = DIRECTION('',(1.,0.,1.110223024625E-16));
#2913 = DIRECTION('',(1.110223024625E-16,0.,-1.));
#2914 = ORIENTED_EDGE('',*,*,#2867,.F.);
#2915 = ORIENTED_EDGE('',*,*,#971,.T.);
#2916 = ORIENTED_EDGE('',*,*,#2917,.T.);
#2917 = EDGE_CURVE('',#964,#2907,#2918,.T.);
#2918 = LINE('',#2919,#2920);
#2919 = CARTESIAN_POINT('',(-94.2,-47.2,62.));
#2920 = VECTOR('',#2921,1.);
#2921 = DIRECTION('',(1.,0.,1.110223024625E-16));
#2922 = CYLINDRICAL_SURFACE('',#2923,1.8);
#2923 = AXIS2_PLACEMENT_3D('',#2924,#2925,#2926);
#2924 = CARTESIAN_POINT('',(-94.2,-47.2,63.8));
#2925 = DIRECTION('',(1.,0.,1.110223024625E-16));
#2926 = DIRECTION('',(1.110223024625E-16,0.,-1.));
#2927 = ADVANCED_FACE('',(#2928),#2946,.F.);
#2928 = FACE_BOUND('',#2929,.F.);
#2929 = EDGE_LOOP('',(#2930,#2931,#2932,#2940));
#2930 = ORIENTED_EDGE('',*,*,#946,.T.);
#2931 = ORIENTED_EDGE('',*,*,#2890,.T.);
#2932 = ORIENTED_EDGE('',*,*,#2933,.F.);
#2933 = EDGE_CURVE('',#2934,#2882,#2936,.T.);
#2934 = VERTEX_POINT('',#2935);
#2935 = CARTESIAN_POINT('',(-91.,49.,63.8));
#2936 = LINE('',#2937,#2938);
#2937 = CARTESIAN_POINT('',(-91.,49.,3.6));
#2938 = VECTOR('',#2939,1.);
#2939 = DIRECTION('',(0.,-0.,1.));
#2940 = ORIENTED_EDGE('',*,*,#2941,.F.);
#2941 = EDGE_CURVE('',#947,#2934,#2942,.T.);
#2942 = LINE('',#2943,#2944);
#2943 = CARTESIAN_POINT('',(-94.2,49.,63.8));
#2944 = VECTOR('',#2945,1.);
#2945 = DIRECTION('',(1.,0.,1.110223024625E-16));
#2946 = PLANE('',#2947);
#2947 = AXIS2_PLACEMENT_3D('',#2948,#2949,#2950);
#2948 = CARTESIAN_POINT('',(-94.2,49.,64.2));
#2949 = DIRECTION('',(0.,1.,0.));
#2950 = DIRECTION('',(1.,0.,1.110223024625E-16));
#2951 = ADVANCED_FACE('',(#2952),#2970,.F.);
#2952 = FACE_BOUND('',#2953,.F.);
#2953 = EDGE_LOOP('',(#2954,#2955,#2956,#2964));
#2954 = ORIENTED_EDGE('',*,*,#2917,.F.);
#2955 = ORIENTED_EDGE('',*,*,#963,.T.);
#2956 = ORIENTED_EDGE('',*,*,#2957,.T.);
#2957 = EDGE_CURVE('',#955,#2958,#2960,.T.);
#2958 = VERTEX_POINT('',#2959);
#2959 = CARTESIAN_POINT('',(-91.,47.2,62.));
#2960 = LINE('',#2961,#2962);
#2961 = CARTESIAN_POINT('',(-94.2,47.2,62.));
#2962 = VECTOR('',#2963,1.);
#2963 = DIRECTION('',(1.,0.,1.110223024625E-16));
#2964 = ORIENTED_EDGE('',*,*,#2965,.F.);
#2965 = EDGE_CURVE('',#2907,#2958,#2966,.T.);
#2966 = LINE('',#2967,#2968);
#2967 = CARTESIAN_POINT('',(-91.,-63.1,62.));
#2968 = VECTOR('',#2969,1.);
#2969 = DIRECTION('',(0.,1.,0.));
#2970 = PLANE('',#2971);
#2971 = AXIS2_PLACEMENT_3D('',#2972,#2973,#2974);
#2972 = CARTESIAN_POINT('',(-94.2,-47.2,62.));
#2973 = DIRECTION('',(1.110223024625E-16,0.,-1.));
#2974 = DIRECTION('',(1.,0.,1.110223024625E-16));
#2975 = ADVANCED_FACE('',(#2976),#2988,.F.);
#2976 = FACE_BOUND('',#2977,.F.);
#2977 = EDGE_LOOP('',(#2978,#2985,#2986,#2987));
#2978 = ORIENTED_EDGE('',*,*,#2979,.F.);
#2979 = EDGE_CURVE('',#2958,#2934,#2980,.T.);
#2980 = CIRCLE('',#2981,1.8);
#2981 = AXIS2_PLACEMENT_3D('',#2982,#2983,#2984);
#2982 = CARTESIAN_POINT('',(-91.,47.2,63.8));
#2983 = DIRECTION('',(1.,0.,1.110223024625E-16));
#2984 = DIRECTION('',(1.110223024625E-16,0.,-1.));
#2985 = ORIENTED_EDGE('',*,*,#2957,.F.);
#2986 = ORIENTED_EDGE('',*,*,#954,.T.);
#2987 = ORIENTED_EDGE('',*,*,#2941,.T.);
#2988 = CYLINDRICAL_SURFACE('',#2989,1.8);
#2989 = AXIS2_PLACEMENT_3D('',#2990,#2991,#2992);
#2990 = CARTESIAN_POINT('',(-94.2,47.2,63.8));
#2991 = DIRECTION('',(1.,0.,1.110223024625E-16));
#2992 = DIRECTION('',(1.110223024625E-16,0.,-1.));
#2993 = ADVANCED_FACE('',(#2994),#3020,.F.);
#2994 = FACE_BOUND('',#2995,.F.);
#2995 = EDGE_LOOP('',(#2996,#3007,#3013,#3014));
#2996 = ORIENTED_EDGE('',*,*,#2997,.F.);
#2997 = EDGE_CURVE('',#2998,#3000,#3002,.T.);
#2998 = VERTEX_POINT('',#2999);
#2999 = CARTESIAN_POINT('',(-91.,-47.2,75.));
#3000 = VERTEX_POINT('',#3001);
#3001 = CARTESIAN_POINT('',(-91.,-49.,73.2));
#3002 = CIRCLE('',#3003,1.8);
#3003 = AXIS2_PLACEMENT_3D('',#3004,#3005,#3006);
#3004 = CARTESIAN_POINT('',(-91.,-47.2,73.2));
#3005 = DIRECTION('',(1.,0.,1.110223024625E-16));
#3006 = DIRECTION('',(1.110223024625E-16,0.,-1.));
#3007 = ORIENTED_EDGE('',*,*,#3008,.F.);
#3008 = EDGE_CURVE('',#989,#2998,#3009,.T.);
#3009 = LINE('',#3010,#3011);
#3010 = CARTESIAN_POINT('',(-94.2,-47.2,75.));
#3011 = VECTOR('',#3012,1.);
#3012 = DIRECTION('',(1.,0.,1.110223024625E-16));
#3013 = ORIENTED_EDGE('',*,*,#988,.T.);
#3014 = ORIENTED_EDGE('',*,*,#3015,.T.);
#3015 = EDGE_CURVE('',#991,#3000,#3016,.T.);
#3016 = LINE('',#3017,#3018);
#3017 = CARTESIAN_POINT('',(-94.2,-49.,73.2));
#3018 = VECTOR('',#3019,1.);
#3019 = DIRECTION('',(1.,0.,1.110223024625E-16));
#3020 = CYLINDRICAL_SURFACE('',#3021,1.8);
#3021 = AXIS2_PLACEMENT_3D('',#3022,#3023,#3024);
#3022 = CARTESIAN_POINT('',(-94.2,-47.2,73.2));
#3023 = DIRECTION('',(1.,0.,1.110223024625E-16));
#3024 = DIRECTION('',(1.110223024625E-16,0.,-1.));
#3025 = ADVANCED_FACE('',(#3026),#3044,.T.);
#3026 = FACE_BOUND('',#3027,.T.);
#3027 = EDGE_LOOP('',(#3028,#3029,#3030,#3038));
#3028 = ORIENTED_EDGE('',*,*,#3008,.F.);
#3029 = ORIENTED_EDGE('',*,*,#999,.T.);
#3030 = ORIENTED_EDGE('',*,*,#3031,.T.);
#3031 = EDGE_CURVE('',#1000,#3032,#3034,.T.);
#3032 = VERTEX_POINT('',#3033);
#3033 = CARTESIAN_POINT('',(-91.,47.2,75.));
#3034 = LINE('',#3035,#3036);
#3035 = CARTESIAN_POINT('',(-94.2,47.2,75.));
#3036 = VECTOR('',#3037,1.);
#3037 = DIRECTION('',(1.,0.,1.110223024625E-16));
#3038 = ORIENTED_EDGE('',*,*,#3039,.F.);
#3039 = EDGE_CURVE('',#2998,#3032,#3040,.T.);
#3040 = LINE('',#3041,#3042);
#3041 = CARTESIAN_POINT('',(-91.,-63.1,75.));
#3042 = VECTOR('',#3043,1.);
#3043 = DIRECTION('',(0.,1.,0.));
#3044 = PLANE('',#3045);
#3045 = AXIS2_PLACEMENT_3D('',#3046,#3047,#3048);
#3046 = CARTESIAN_POINT('',(-94.2,-47.2,75.));
#3047 = DIRECTION('',(1.110223024625E-16,0.,-1.));
#3048 = DIRECTION('',(1.,0.,1.110223024625E-16));
#3049 = ADVANCED_FACE('',(#3050),#3068,.T.);
#3050 = FACE_BOUND('',#3051,.T.);
#3051 = EDGE_LOOP('',(#3052,#3053,#3054,#3062));
#3052 = ORIENTED_EDGE('',*,*,#1050,.T.);
#3053 = ORIENTED_EDGE('',*,*,#3015,.T.);
#3054 = ORIENTED_EDGE('',*,*,#3055,.F.);
#3055 = EDGE_CURVE('',#3056,#3000,#3058,.T.);
#3056 = VERTEX_POINT('',#3057);
#3057 = CARTESIAN_POINT('',(-91.,-49.,72.8));
#3058 = LINE('',#3059,#3060);
#3059 = CARTESIAN_POINT('',(-91.,-49.,8.1));
#3060 = VECTOR('',#3061,1.);
#3061 = DIRECTION('',(0.,-0.,1.));
#3062 = ORIENTED_EDGE('',*,*,#3063,.F.);
#3063 = EDGE_CURVE('',#1042,#3056,#3064,.T.);
#3064 = LINE('',#3065,#3066);
#3065 = CARTESIAN_POINT('',(-94.2,-49.,72.8));
#3066 = VECTOR('',#3067,1.);
#3067 = DIRECTION('',(1.,0.,1.110223024625E-16));
#3068 = PLANE('',#3069);
#3069 = AXIS2_PLACEMENT_3D('',#3070,#3071,#3072);
#3070 = CARTESIAN_POINT('',(-94.2,-49.,73.2));
#3071 = DIRECTION('',(0.,1.,0.));
#3072 = DIRECTION('',(1.,0.,1.110223024625E-16));
#3073 = ADVANCED_FACE('',(#3074),#3093,.F.);
#3074 = FACE_BOUND('',#3075,.F.);
#3075 = EDGE_LOOP('',(#3076,#3085,#3091,#3092));
#3076 = ORIENTED_EDGE('',*,*,#3077,.F.);
#3077 = EDGE_CURVE('',#3078,#3032,#3080,.T.);
#3078 = VERTEX_POINT('',#3079);
#3079 = CARTESIAN_POINT('',(-91.,49.,73.2));
#3080 = CIRCLE('',#3081,1.8);
#3081 = AXIS2_PLACEMENT_3D('',#3082,#3083,#3084);
#3082 = CARTESIAN_POINT('',(-91.,47.2,73.2));
#3083 = DIRECTION('',(1.,0.,1.110223024625E-16));
#3084 = DIRECTION('',(1.110223024625E-16,0.,-1.));
#3085 = ORIENTED_EDGE('',*,*,#3086,.F.);
#3086 = EDGE_CURVE('',#1008,#3078,#3087,.T.);
#3087 = LINE('',#3088,#3089);
#3088 = CARTESIAN_POINT('',(-94.2,49.,73.2));
#3089 = VECTOR('',#3090,1.);
#3090 = DIRECTION('',(1.,0.,1.110223024625E-16));
#3091 = ORIENTED_EDGE('',*,*,#1007,.T.);
#3092 = ORIENTED_EDGE('',*,*,#3031,.T.);
#3093 = CYLINDRICAL_SURFACE('',#3094,1.8);
#3094 = AXIS2_PLACEMENT_3D('',#3095,#3096,#3097);
#3095 = CARTESIAN_POINT('',(-94.2,47.2,73.2));
#3096 = DIRECTION('',(1.,0.,1.110223024625E-16));
#3097 = DIRECTION('',(1.110223024625E-16,0.,-1.));
#3098 = ADVANCED_FACE('',(#3099),#3118,.F.);
#3099 = FACE_BOUND('',#3100,.F.);
#3100 = EDGE_LOOP('',(#3101,#3110,#3111,#3112));
#3101 = ORIENTED_EDGE('',*,*,#3102,.F.);
#3102 = EDGE_CURVE('',#3056,#3103,#3105,.T.);
#3103 = VERTEX_POINT('',#3104);
#3104 = CARTESIAN_POINT('',(-91.,-47.2,71.));
#3105 = CIRCLE('',#3106,1.8);
#3106 = AXIS2_PLACEMENT_3D('',#3107,#3108,#3109);
#3107 = CARTESIAN_POINT('',(-91.,-47.2,72.8));
#3108 = DIRECTION('',(1.,0.,1.110223024625E-16));
#3109 = DIRECTION('',(1.110223024625E-16,0.,-1.));
#3110 = ORIENTED_EDGE('',*,*,#3063,.F.);
#3111 = ORIENTED_EDGE('',*,*,#1041,.T.);
#3112 = ORIENTED_EDGE('',*,*,#3113,.T.);
#3113 = EDGE_CURVE('',#1034,#3103,#3114,.T.);
#3114 = LINE('',#3115,#3116);
#3115 = CARTESIAN_POINT('',(-94.2,-47.2,71.));
#3116 = VECTOR('',#3117,1.);
#3117 = DIRECTION('',(1.,0.,1.110223024625E-16));
#3118 = CYLINDRICAL_SURFACE('',#3119,1.8);
#3119 = AXIS2_PLACEMENT_3D('',#3120,#3121,#3122);
#3120 = CARTESIAN_POINT('',(-94.2,-47.2,72.8));
#3121 = DIRECTION('',(1.,0.,1.110223024625E-16));
#3122 = DIRECTION('',(1.110223024625E-16,0.,-1.));
#3123 = ADVANCED_FACE('',(#3124),#3142,.F.);
#3124 = FACE_BOUND('',#3125,.F.);
#3125 = EDGE_LOOP('',(#3126,#3127,#3128,#3136));
#3126 = ORIENTED_EDGE('',*,*,#1016,.T.);
#3127 = ORIENTED_EDGE('',*,*,#3086,.T.);
#3128 = ORIENTED_EDGE('',*,*,#3129,.F.);
#3129 = EDGE_CURVE('',#3130,#3078,#3132,.T.);
#3130 = VERTEX_POINT('',#3131);
#3131 = CARTESIAN_POINT('',(-91.,49.,72.8));
#3132 = LINE('',#3133,#3134);
#3133 = CARTESIAN_POINT('',(-91.,49.,8.1));
#3134 = VECTOR('',#3135,1.);
#3135 = DIRECTION('',(0.,-0.,1.));
#3136 = ORIENTED_EDGE('',*,*,#3137,.F.);
#3137 = EDGE_CURVE('',#1017,#3130,#3138,.T.);
#3138 = LINE('',#3139,#3140);
#3139 = CARTESIAN_POINT('',(-94.2,49.,72.8));
#3140 = VECTOR('',#3141,1.);
#3141 = DIRECTION('',(1.,0.,1.110223024625E-16));
#3142 = PLANE('',#3143);
#3143 = AXIS2_PLACEMENT_3D('',#3144,#3145,#3146);
#3144 = CARTESIAN_POINT('',(-94.2,49.,73.2));
#3145 = DIRECTION('',(0.,1.,0.));
#3146 = DIRECTION('',(1.,0.,1.110223024625E-16));
#3147 = ADVANCED_FACE('',(#3148),#3166,.F.);
#3148 = FACE_BOUND('',#3149,.F.);
#3149 = EDGE_LOOP('',(#3150,#3151,#3152,#3160));
#3150 = ORIENTED_EDGE('',*,*,#3113,.F.);
#3151 = ORIENTED_EDGE('',*,*,#1033,.T.);
#3152 = ORIENTED_EDGE('',*,*,#3153,.T.);
#3153 = EDGE_CURVE('',#1025,#3154,#3156,.T.);
#3154 = VERTEX_POINT('',#3155);
#3155 = CARTESIAN_POINT('',(-91.,47.2,71.));
#3156 = LINE('',#3157,#3158);
#3157 = CARTESIAN_POINT('',(-94.2,47.2,71.));
#3158 = VECTOR('',#3159,1.);
#3159 = DIRECTION('',(1.,0.,1.110223024625E-16));
#3160 = ORIENTED_EDGE('',*,*,#3161,.F.);
#3161 = EDGE_CURVE('',#3103,#3154,#3162,.T.);
#3162 = LINE('',#3163,#3164);
#3163 = CARTESIAN_POINT('',(-91.,-63.1,71.));
#3164 = VECTOR('',#3165,1.);
#3165 = DIRECTION('',(0.,1.,0.));
#3166 = PLANE('',#3167);
#3167 = AXIS2_PLACEMENT_3D('',#3168,#3169,#3170);
#3168 = CARTESIAN_POINT('',(-94.2,-47.2,71.));
#3169 = DIRECTION('',(1.110223024625E-16,0.,-1.));
#3170 = DIRECTION('',(1.,0.,1.110223024625E-16));
#3171 = ADVANCED_FACE('',(#3172),#3184,.F.);
#3172 = FACE_BOUND('',#3173,.F.);
#3173 = EDGE_LOOP('',(#3174,#3181,#3182,#3183));
#3174 = ORIENTED_EDGE('',*,*,#3175,.F.);
#3175 = EDGE_CURVE('',#3154,#3130,#3176,.T.);
#3176 = CIRCLE('',#3177,1.8);
#3177 = AXIS2_PLACEMENT_3D('',#3178,#3179,#3180);
#3178 = CARTESIAN_POINT('',(-91.,47.2,72.8));
#3179 = DIRECTION('',(1.,0.,1.110223024625E-16));
#3180 = DIRECTION('',(1.110223024625E-16,0.,-1.));
#3181 = ORIENTED_EDGE('',*,*,#3153,.F.);
#3182 = ORIENTED_EDGE('',*,*,#1024,.T.);
#3183 = ORIENTED_EDGE('',*,*,#3137,.T.);
#3184 = CYLINDRICAL_SURFACE('',#3185,1.8);
#3185 = AXIS2_PLACEMENT_3D('',#3186,#3187,#3188);
#3186 = CARTESIAN_POINT('',(-94.2,47.2,72.8));
#3187 = DIRECTION('',(1.,0.,1.110223024625E-16));
#3188 = DIRECTION('',(1.110223024625E-16,0.,-1.));
#3189 = ADVANCED_FACE('',(#3190),#3216,.F.);
#3190 = FACE_BOUND('',#3191,.F.);
#3191 = EDGE_LOOP('',(#3192,#3203,#3209,#3210));
#3192 = ORIENTED_EDGE('',*,*,#3193,.F.);
#3193 = EDGE_CURVE('',#3194,#3196,#3198,.T.);
#3194 = VERTEX_POINT('',#3195);
#3195 = CARTESIAN_POINT('',(-91.,-47.2,84.));
#3196 = VERTEX_POINT('',#3197);
#3197 = CARTESIAN_POINT('',(-91.,-49.,82.2));
#3198 = CIRCLE('',#3199,1.8);
#3199 = AXIS2_PLACEMENT_3D('',#3200,#3201,#3202);
#3200 = CARTESIAN_POINT('',(-91.,-47.2,82.2));
#3201 = DIRECTION('',(1.,0.,1.110223024625E-16));
#3202 = DIRECTION('',(1.110223024625E-16,0.,-1.));
#3203 = ORIENTED_EDGE('',*,*,#3204,.F.);
#3204 = EDGE_CURVE('',#1059,#3194,#3205,.T.);
#3205 = LINE('',#3206,#3207);
#3206 = CARTESIAN_POINT('',(-94.2,-47.2,84.));
#3207 = VECTOR('',#3208,1.);
#3208 = DIRECTION('',(1.,0.,1.110223024625E-16));
#3209 = ORIENTED_EDGE('',*,*,#1058,.T.);
#3210 = ORIENTED_EDGE('',*,*,#3211,.T.);
#3211 = EDGE_CURVE('',#1061,#3196,#3212,.T.);
#3212 = LINE('',#3213,#3214);
#3213 = CARTESIAN_POINT('',(-94.2,-49.,82.2));
#3214 = VECTOR('',#3215,1.);
#3215 = DIRECTION('',(1.,0.,1.110223024625E-16));
#3216 = CYLINDRICAL_SURFACE('',#3217,1.8);
#3217 = AXIS2_PLACEMENT_3D('',#3218,#3219,#3220);
#3218 = CARTESIAN_POINT('',(-94.2,-47.2,82.2));
#3219 = DIRECTION('',(1.,0.,1.110223024625E-16));
#3220 = DIRECTION('',(1.110223024625E-16,0.,-1.));
#3221 = ADVANCED_FACE('',(#3222),#3240,.T.);
#3222 = FACE_BOUND('',#3223,.T.);
#3223 = EDGE_LOOP('',(#3224,#3225,#3226,#3234));
#3224 = ORIENTED_EDGE('',*,*,#3204,.F.);
#3225 = ORIENTED_EDGE('',*,*,#1069,.T.);
#3226 = ORIENTED_EDGE('',*,*,#3227,.T.);
#3227 = EDGE_CURVE('',#1070,#3228,#3230,.T.);
#3228 = VERTEX_POINT('',#3229);
#3229 = CARTESIAN_POINT('',(-91.,47.2,84.));
#3230 = LINE('',#3231,#3232);
#3231 = CARTESIAN_POINT('',(-94.2,47.2,84.));
#3232 = VECTOR('',#3233,1.);
#3233 = DIRECTION('',(1.,0.,1.110223024625E-16));
#3234 = ORIENTED_EDGE('',*,*,#3235,.F.);
#3235 = EDGE_CURVE('',#3194,#3228,#3236,.T.);
#3236 = LINE('',#3237,#3238);
#3237 = CARTESIAN_POINT('',(-91.,-63.1,84.));
#3238 = VECTOR('',#3239,1.);
#3239 = DIRECTION('',(0.,1.,0.));
#3240 = PLANE('',#3241);
#3241 = AXIS2_PLACEMENT_3D('',#3242,#3243,#3244);
#3242 = CARTESIAN_POINT('',(-94.2,-47.2,84.));
#3243 = DIRECTION('',(1.110223024625E-16,0.,-1.));
#3244 = DIRECTION('',(1.,0.,1.110223024625E-16));
#3245 = ADVANCED_FACE('',(#3246),#3264,.T.);
#3246 = FACE_BOUND('',#3247,.T.);
#3247 = EDGE_LOOP('',(#3248,#3249,#3250,#3258));
#3248 = ORIENTED_EDGE('',*,*,#1120,.T.);
#3249 = ORIENTED_EDGE('',*,*,#3211,.T.);
#3250 = ORIENTED_EDGE('',*,*,#3251,.F.);
#3251 = EDGE_CURVE('',#3252,#3196,#3254,.T.);
#3252 = VERTEX_POINT('',#3253);
#3253 = CARTESIAN_POINT('',(-91.,-49.,81.8));
#3254 = LINE('',#3255,#3256);
#3255 = CARTESIAN_POINT('',(-91.,-49.,12.6));
#3256 = VECTOR('',#3257,1.);
#3257 = DIRECTION('',(0.,-0.,1.));
#3258 = ORIENTED_EDGE('',*,*,#3259,.F.);
#3259 = EDGE_CURVE('',#1112,#3252,#3260,.T.);
#3260 = LINE('',#3261,#3262);
#3261 = CARTESIAN_POINT('',(-94.2,-49.,81.8));
#3262 = VECTOR('',#3263,1.);
#3263 = DIRECTION('',(1.,0.,1.110223024625E-16));
#3264 = PLANE('',#3265);
#3265 = AXIS2_PLACEMENT_3D('',#3266,#3267,#3268);
#3266 = CARTESIAN_POINT('',(-94.2,-49.,82.2));
#3267 = DIRECTION('',(0.,1.,0.));
#3268 = DIRECTION('',(1.,0.,1.110223024625E-16));
#3269 = ADVANCED_FACE('',(#3270),#3289,.F.);
#3270 = FACE_BOUND('',#3271,.F.);
#3271 = EDGE_LOOP('',(#3272,#3281,#3287,#3288));
#3272 = ORIENTED_EDGE('',*,*,#3273,.F.);
#3273 = EDGE_CURVE('',#3274,#3228,#3276,.T.);
#3274 = VERTEX_POINT('',#3275);
#3275 = CARTESIAN_POINT('',(-91.,49.,82.2));
#3276 = CIRCLE('',#3277,1.8);
#3277 = AXIS2_PLACEMENT_3D('',#3278,#3279,#3280);
#3278 = CARTESIAN_POINT('',(-91.,47.2,82.2));
#3279 = DIRECTION('',(1.,0.,1.110223024625E-16));
#3280 = DIRECTION('',(1.110223024625E-16,0.,-1.));
#3281 = ORIENTED_EDGE('',*,*,#3282,.F.);
#3282 = EDGE_CURVE('',#1078,#3274,#3283,.T.);
#3283 = LINE('',#3284,#3285);
#3284 = CARTESIAN_POINT('',(-94.2,49.,82.2));
#3285 = VECTOR('',#3286,1.);
#3286 = DIRECTION('',(1.,0.,1.110223024625E-16));
#3287 = ORIENTED_EDGE('',*,*,#1077,.T.);
#3288 = ORIENTED_EDGE('',*,*,#3227,.T.);
#3289 = CYLINDRICAL_SURFACE('',#3290,1.8);
#3290 = AXIS2_PLACEMENT_3D('',#3291,#3292,#3293);
#3291 = CARTESIAN_POINT('',(-94.2,47.2,82.2));
#3292 = DIRECTION('',(1.,0.,1.110223024625E-16));
#3293 = DIRECTION('',(1.110223024625E-16,0.,-1.));
#3294 = ADVANCED_FACE('',(#3295),#3314,.F.);
#3295 = FACE_BOUND('',#3296,.F.);
#3296 = EDGE_LOOP('',(#3297,#3306,#3307,#3308));
#3297 = ORIENTED_EDGE('',*,*,#3298,.F.);
#3298 = EDGE_CURVE('',#3252,#3299,#3301,.T.);
#3299 = VERTEX_POINT('',#3300);
#3300 = CARTESIAN_POINT('',(-91.,-47.2,80.));
#3301 = CIRCLE('',#3302,1.8);
#3302 = AXIS2_PLACEMENT_3D('',#3303,#3304,#3305);
#3303 = CARTESIAN_POINT('',(-91.,-47.2,81.8));
#3304 = DIRECTION('',(1.,0.,1.110223024625E-16));
#3305 = DIRECTION('',(1.110223024625E-16,0.,-1.));
#3306 = ORIENTED_EDGE('',*,*,#3259,.F.);
#3307 = ORIENTED_EDGE('',*,*,#1111,.T.);
#3308 = ORIENTED_EDGE('',*,*,#3309,.T.);
#3309 = EDGE_CURVE('',#1104,#3299,#3310,.T.);
#3310 = LINE('',#3311,#3312);
#3311 = CARTESIAN_POINT('',(-94.2,-47.2,80.));
#3312 = VECTOR('',#3313,1.);
#3313 = DIRECTION('',(1.,0.,1.110223024625E-16));
#3314 = CYLINDRICAL_SURFACE('',#3315,1.8);
#3315 = AXIS2_PLACEMENT_3D('',#3316,#3317,#3318);
#3316 = CARTESIAN_POINT('',(-94.2,-47.2,81.8));
#3317 = DIRECTION('',(1.,0.,1.110223024625E-16));
#3318 = DIRECTION('',(1.110223024625E-16,0.,-1.));
#3319 = ADVANCED_FACE('',(#3320),#3338,.F.);
#3320 = FACE_BOUND('',#3321,.F.);
#3321 = EDGE_LOOP('',(#3322,#3323,#3324,#3332));
#3322 = ORIENTED_EDGE('',*,*,#1086,.T.);
#3323 = ORIENTED_EDGE('',*,*,#3282,.T.);
#3324 = ORIENTED_EDGE('',*,*,#3325,.F.);
#3325 = EDGE_CURVE('',#3326,#3274,#3328,.T.);
#3326 = VERTEX_POINT('',#3327);
#3327 = CARTESIAN_POINT('',(-91.,49.,81.8));
#3328 = LINE('',#3329,#3330);
#3329 = CARTESIAN_POINT('',(-91.,49.,12.6));
#3330 = VECTOR('',#3331,1.);
#3331 = DIRECTION('',(0.,-0.,1.));
#3332 = ORIENTED_EDGE('',*,*,#3333,.F.);
#3333 = EDGE_CURVE('',#1087,#3326,#3334,.T.);
#3334 = LINE('',#3335,#3336);
#3335 = CARTESIAN_POINT('',(-94.2,49.,81.8));
#3336 = VECTOR('',#3337,1.);
#3337 = DIRECTION('',(1.,0.,1.110223024625E-16));
#3338 = PLANE('',#3339);
#3339 = AXIS2_PLACEMENT_3D('',#3340,#3341,#3342);
#3340 = CARTESIAN_POINT('',(-94.2,49.,82.2));
#3341 = DIRECTION('',(0.,1.,0.));
#3342 = DIRECTION('',(1.,0.,1.110223024625E-16));
#3343 = ADVANCED_FACE('',(#3344),#3362,.F.);
#3344 = FACE_BOUND('',#3345,.F.);
#3345 = EDGE_LOOP('',(#3346,#3347,#3348,#3356));
#3346 = ORIENTED_EDGE('',*,*,#3309,.F.);
#3347 = ORIENTED_EDGE('',*,*,#1103,.T.);
#3348 = ORIENTED_EDGE('',*,*,#3349,.T.);
#3349 = EDGE_CURVE('',#1095,#3350,#3352,.T.);
#3350 = VERTEX_POINT('',#3351);
#3351 = CARTESIAN_POINT('',(-91.,47.2,80.));
#3352 = LINE('',#3353,#3354);
#3353 = CARTESIAN_POINT('',(-94.2,47.2,80.));
#3354 = VECTOR('',#3355,1.);
#3355 = DIRECTION('',(1.,0.,1.110223024625E-16));
#3356 = ORIENTED_EDGE('',*,*,#3357,.F.);
#3357 = EDGE_CURVE('',#3299,#3350,#3358,.T.);
#3358 = LINE('',#3359,#3360);
#3359 = CARTESIAN_POINT('',(-91.,-63.1,80.));
#3360 = VECTOR('',#3361,1.);
#3361 = DIRECTION('',(0.,1.,0.));
#3362 = PLANE('',#3363);
#3363 = AXIS2_PLACEMENT_3D('',#3364,#3365,#3366);
#3364 = CARTESIAN_POINT('',(-94.2,-47.2,80.));
#3365 = DIRECTION('',(1.110223024625E-16,0.,-1.));
#3366 = DIRECTION('',(1.,0.,1.110223024625E-16));
#3367 = ADVANCED_FACE('',(#3368),#3380,.F.);
#3368 = FACE_BOUND('',#3369,.F.);
#3369 = EDGE_LOOP('',(#3370,#3377,#3378,#3379));
#3370 = ORIENTED_EDGE('',*,*,#3371,.F.);
#3371 = EDGE_CURVE('',#3350,#3326,#3372,.T.);
#3372 = CIRCLE('',#3373,1.8);
#3373 = AXIS2_PLACEMENT_3D('',#3374,#3375,#3376);
#3374 = CARTESIAN_POINT('',(-91.,47.2,81.8));
#3375 = DIRECTION('',(1.,0.,1.110223024625E-16));
#3376 = DIRECTION('',(1.110223024625E-16,0.,-1.));
#3377 = ORIENTED_EDGE('',*,*,#3349,.F.);
#3378 = ORIENTED_EDGE('',*,*,#1094,.T.);
#3379 = ORIENTED_EDGE('',*,*,#3333,.T.);
#3380 = CYLINDRICAL_SURFACE('',#3381,1.8);
#3381 = AXIS2_PLACEMENT_3D('',#3382,#3383,#3384);
#3382 = CARTESIAN_POINT('',(-94.2,47.2,81.8));
#3383 = DIRECTION('',(1.,0.,1.110223024625E-16));
#3384 = DIRECTION('',(1.110223024625E-16,0.,-1.));
#3385 = ADVANCED_FACE('',(#3386),#3405,.F.);
#3386 = FACE_BOUND('',#3387,.F.);
#3387 = EDGE_LOOP('',(#3388,#3396,#3403,#3404));
#3388 = ORIENTED_EDGE('',*,*,#3389,.T.);
#3389 = EDGE_CURVE('',#1129,#3390,#3392,.T.);
#3390 = VERTEX_POINT('',#3391);
#3391 = CARTESIAN_POINT('',(-92.,-62.,44.2));
#3392 = LINE('',#3393,#3394);
#3393 = CARTESIAN_POINT('',(-94.2,-62.,44.2));
#3394 = VECTOR('',#3395,1.);
#3395 = DIRECTION('',(1.,0.,0.));
#3396 = ORIENTED_EDGE('',*,*,#3397,.F.);
#3397 = EDGE_CURVE('',#3390,#3390,#3398,.T.);
#3398 = CIRCLE('',#3399,3.2);
#3399 = AXIS2_PLACEMENT_3D('',#3400,#3401,#3402);
#3400 = CARTESIAN_POINT('',(-92.,-62.,41.));
#3401 = DIRECTION('',(1.,0.,0.));
#3402 = DIRECTION('',(-0.,0.,1.));
#3403 = ORIENTED_EDGE('',*,*,#3389,.F.);
#3404 = ORIENTED_EDGE('',*,*,#1128,.T.);
#3405 = CYLINDRICAL_SURFACE('',#3406,3.2);
#3406 = AXIS2_PLACEMENT_3D('',#3407,#3408,#3409);
#3407 = CARTESIAN_POINT('',(-94.2,-62.,41.));
#3408 = DIRECTION('',(1.,0.,0.));
#3409 = DIRECTION('',(-0.,0.,1.));
#3410 = ADVANCED_FACE('',(#3411),#3481,.T.);
#3411 = FACE_BOUND('',#3412,.T.);
#3412 = EDGE_LOOP('',(#3413,#3423,#3430,#3431,#3432,#3440,#3449,#3457,
    #3466,#3472,#3473,#3474));
#3413 = ORIENTED_EDGE('',*,*,#3414,.F.);
#3414 = EDGE_CURVE('',#3415,#3417,#3419,.T.);
#3415 = VERTEX_POINT('',#3416);
#3416 = CARTESIAN_POINT('',(-20.,-77.,100.));
#3417 = VERTEX_POINT('',#3418);
#3418 = CARTESIAN_POINT('',(-20.,77.,100.));
#3419 = LINE('',#3420,#3421);
#3420 = CARTESIAN_POINT('',(-20.,-86.,100.));
#3421 = VECTOR('',#3422,1.);
#3422 = DIRECTION('',(-0.,1.,0.));
#3423 = ORIENTED_EDGE('',*,*,#3424,.T.);
#3424 = EDGE_CURVE('',#3415,#2200,#3425,.T.);
#3425 = CIRCLE('',#3426,5.);
#3426 = AXIS2_PLACEMENT_3D('',#3427,#3428,#3429);
#3427 = CARTESIAN_POINT('',(-20.,-77.,95.));
#3428 = DIRECTION('',(1.,0.,0.));
#3429 = DIRECTION('',(0.,-1.,0.));
#3430 = ORIENTED_EDGE('',*,*,#2207,.T.);
#3431 = ORIENTED_EDGE('',*,*,#1888,.F.);
#3432 = ORIENTED_EDGE('',*,*,#3433,.T.);
#3433 = EDGE_CURVE('',#1889,#3434,#3436,.T.);
#3434 = VERTEX_POINT('',#3435);
#3435 = CARTESIAN_POINT('',(-20.,-79.5,95.));
#3436 = LINE('',#3437,#3438);
#3437 = CARTESIAN_POINT('',(-20.,-79.5,-58.5));
#3438 = VECTOR('',#3439,1.);
#3439 = DIRECTION('',(0.,0.,1.));
#3440 = ORIENTED_EDGE('',*,*,#3441,.F.);
#3441 = EDGE_CURVE('',#3442,#3434,#3444,.T.);
#3442 = VERTEX_POINT('',#3443);
#3443 = CARTESIAN_POINT('',(-20.,-77.,97.5));
#3444 = CIRCLE('',#3445,2.5);
#3445 = AXIS2_PLACEMENT_3D('',#3446,#3447,#3448);
#3446 = CARTESIAN_POINT('',(-20.,-77.,95.));
#3447 = DIRECTION('',(1.,0.,0.));
#3448 = DIRECTION('',(0.,-1.,0.));
#3449 = ORIENTED_EDGE('',*,*,#3450,.F.);
#3450 = EDGE_CURVE('',#3451,#3442,#3453,.T.);
#3451 = VERTEX_POINT('',#3452);
#3452 = CARTESIAN_POINT('',(-20.,77.,97.5));
#3453 = LINE('',#3454,#3455);
#3454 = CARTESIAN_POINT('',(-20.,-84.75,97.5));
#3455 = VECTOR('',#3456,1.);
#3456 = DIRECTION('',(0.,-1.,0.));
#3457 = ORIENTED_EDGE('',*,*,#3458,.F.);
#3458 = EDGE_CURVE('',#3459,#3451,#3461,.T.);
#3459 = VERTEX_POINT('',#3460);
#3460 = CARTESIAN_POINT('',(-20.,79.5,95.));
#3461 = CIRCLE('',#3462,2.5);
#3462 = AXIS2_PLACEMENT_3D('',#3463,#3464,#3465);
#3463 = CARTESIAN_POINT('',(-20.,77.,95.));
#3464 = DIRECTION('',(1.,0.,-0.));
#3465 = DIRECTION('',(0.,1.,0.));
#3466 = ORIENTED_EDGE('',*,*,#3467,.F.);
#3467 = EDGE_CURVE('',#1830,#3459,#3468,.T.);
#3468 = LINE('',#3469,#3470);
#3469 = CARTESIAN_POINT('',(-20.,79.5,-58.5));
#3470 = VECTOR('',#3471,1.);
#3471 = DIRECTION('',(0.,0.,1.));
#3472 = ORIENTED_EDGE('',*,*,#1838,.T.);
#3473 = ORIENTED_EDGE('',*,*,#1197,.F.);
#3474 = ORIENTED_EDGE('',*,*,#3475,.T.);
#3475 = EDGE_CURVE('',#1190,#3417,#3476,.T.);
#3476 = CIRCLE('',#3477,5.);
#3477 = AXIS2_PLACEMENT_3D('',#3478,#3479,#3480);
#3478 = CARTESIAN_POINT('',(-20.,77.,95.));
#3479 = DIRECTION('',(1.,0.,-0.));
#3480 = DIRECTION('',(0.,1.,0.));
#3481 = PLANE('',#3482);
#3482 = AXIS2_PLACEMENT_3D('',#3483,#3484,#3485);
#3483 = CARTESIAN_POINT('',(-20.,-90.,-60.));
#3484 = DIRECTION('',(1.,0.,-0.));
#3485 = DIRECTION('',(0.,0.,1.));
#3486 = ADVANCED_FACE('',(#3487),#3504,.T.);
#3487 = FACE_BOUND('',#3488,.T.);
#3488 = EDGE_LOOP('',(#3489,#3490,#3497,#3503));
#3489 = ORIENTED_EDGE('',*,*,#1189,.F.);
#3490 = ORIENTED_EDGE('',*,*,#3491,.T.);
#3491 = EDGE_CURVE('',#1182,#2489,#3492,.T.);
#3492 = CIRCLE('',#3493,5.);
#3493 = AXIS2_PLACEMENT_3D('',#3494,#3495,#3496);
#3494 = CARTESIAN_POINT('',(-89.,77.,95.));
#3495 = DIRECTION('',(1.,0.,6.123233995737E-17));
#3496 = DIRECTION('',(-6.123233995737E-17,-0.,1.));
#3497 = ORIENTED_EDGE('',*,*,#3498,.T.);
#3498 = EDGE_CURVE('',#2489,#3417,#3499,.T.);
#3499 = LINE('',#3500,#3501);
#3500 = CARTESIAN_POINT('',(-94.,77.,100.));
#3501 = VECTOR('',#3502,1.);
#3502 = DIRECTION('',(1.,0.,-0.));
#3503 = ORIENTED_EDGE('',*,*,#3475,.F.);
#3504 = CYLINDRICAL_SURFACE('',#3505,5.);
#3505 = AXIS2_PLACEMENT_3D('',#3506,#3507,#3508);
#3506 = CARTESIAN_POINT('',(-94.,77.,95.));
#3507 = DIRECTION('',(1.,0.,-0.));
#3508 = DIRECTION('',(0.,1.,0.));
#3509 = ADVANCED_FACE('',(#3510),#3529,.T.);
#3510 = FACE_BOUND('',#3511,.T.);
#3511 = EDGE_LOOP('',(#3512,#3520,#3527,#3528));
#3512 = ORIENTED_EDGE('',*,*,#3513,.T.);
#3513 = EDGE_CURVE('',#1223,#3514,#3516,.T.);
#3514 = VERTEX_POINT('',#3515);
#3515 = CARTESIAN_POINT('',(-45.,86.,43.));
#3516 = LINE('',#3517,#3518);
#3517 = CARTESIAN_POINT('',(-45.,75.,43.));
#3518 = VECTOR('',#3519,1.);
#3519 = DIRECTION('',(0.,1.,0.));
#3520 = ORIENTED_EDGE('',*,*,#3521,.F.);
#3521 = EDGE_CURVE('',#3514,#3514,#3522,.T.);
#3522 = CIRCLE('',#3523,8.);
#3523 = AXIS2_PLACEMENT_3D('',#3524,#3525,#3526);
#3524 = CARTESIAN_POINT('',(-45.,86.,35.));
#3525 = DIRECTION('',(0.,1.,0.));
#3526 = DIRECTION('',(0.,-0.,1.));
#3527 = ORIENTED_EDGE('',*,*,#3513,.F.);
#3528 = ORIENTED_EDGE('',*,*,#1222,.T.);
#3529 = CYLINDRICAL_SURFACE('',#3530,8.);
#3530 = AXIS2_PLACEMENT_3D('',#3531,#3532,#3533);
#3531 = CARTESIAN_POINT('',(-45.,75.,35.));
#3532 = DIRECTION('',(0.,1.,0.));
#3533 = DIRECTION('',(0.,-0.,1.));
#3534 = ADVANCED_FACE('',(#3535),#3551,.T.);
#3535 = FACE_BOUND('',#3536,.T.);
#3536 = EDGE_LOOP('',(#3537,#3543,#3544,#3550));
#3537 = ORIENTED_EDGE('',*,*,#3538,.F.);
#3538 = EDGE_CURVE('',#1236,#1603,#3539,.T.);
#3539 = LINE('',#3540,#3541);
#3540 = CARTESIAN_POINT('',(-78.,82.2,56.8));
#3541 = VECTOR('',#3542,1.);
#3542 = DIRECTION('',(0.,-1.,1.110223024625E-16));
#3543 = ORIENTED_EDGE('',*,*,#1233,.F.);
#3544 = ORIENTED_EDGE('',*,*,#3545,.T.);
#3545 = EDGE_CURVE('',#1234,#1601,#3546,.T.);
#3546 = LINE('',#3547,#3548);
#3547 = CARTESIAN_POINT('',(-78.,82.2,57.2));
#3548 = VECTOR('',#3549,1.);
#3549 = DIRECTION('',(0.,-1.,1.110223024625E-16));
#3550 = ORIENTED_EDGE('',*,*,#1600,.T.);
#3551 = PLANE('',#3552);
#3552 = AXIS2_PLACEMENT_3D('',#3553,#3554,#3555);
#3553 = CARTESIAN_POINT('',(-78.,82.2,56.8));
#3554 = DIRECTION('',(1.,0.,0.));
#3555 = DIRECTION('',(0.,-1.,1.110223024625E-16));
#3556 = ADVANCED_FACE('',(#3557),#3568,.F.);
#3557 = FACE_BOUND('',#3558,.F.);
#3558 = EDGE_LOOP('',(#3559,#3560,#3566,#3567));
#3559 = ORIENTED_EDGE('',*,*,#1661,.F.);
#3560 = ORIENTED_EDGE('',*,*,#3561,.F.);
#3561 = EDGE_CURVE('',#1287,#1654,#3562,.T.);
#3562 = LINE('',#3563,#3564);
#3563 = CARTESIAN_POINT('',(-76.5,82.2,58.7));
#3564 = VECTOR('',#3565,1.);
#3565 = DIRECTION('',(0.,-1.,1.110223024625E-16));
#3566 = ORIENTED_EDGE('',*,*,#1294,.T.);
#3567 = ORIENTED_EDGE('',*,*,#3545,.T.);
#3568 = CYLINDRICAL_SURFACE('',#3569,1.5);
#3569 = AXIS2_PLACEMENT_3D('',#3570,#3571,#3572);
#3570 = CARTESIAN_POINT('',(-76.5,82.2,57.2));
#3571 = DIRECTION('',(0.,-1.,1.110223024625E-16));
#3572 = DIRECTION('',(1.,0.,0.));
#3573 = ADVANCED_FACE('',(#3574),#3585,.F.);
#3574 = FACE_BOUND('',#3575,.F.);
#3575 = EDGE_LOOP('',(#3576,#3577,#3578,#3579));
#3576 = ORIENTED_EDGE('',*,*,#1610,.F.);
#3577 = ORIENTED_EDGE('',*,*,#3538,.F.);
#3578 = ORIENTED_EDGE('',*,*,#1243,.T.);
#3579 = ORIENTED_EDGE('',*,*,#3580,.T.);
#3580 = EDGE_CURVE('',#1244,#1611,#3581,.T.);
#3581 = LINE('',#3582,#3583);
#3582 = CARTESIAN_POINT('',(-76.5,82.2,55.3));
#3583 = VECTOR('',#3584,1.);
#3584 = DIRECTION('',(0.,-1.,1.110223024625E-16));
#3585 = CYLINDRICAL_SURFACE('',#3586,1.5);
#3586 = AXIS2_PLACEMENT_3D('',#3587,#3588,#3589);
#3587 = CARTESIAN_POINT('',(-76.5,82.2,56.8));
#3588 = DIRECTION('',(0.,-1.,1.110223024625E-16));
#3589 = DIRECTION('',(1.,0.,0.));
#3590 = ADVANCED_FACE('',(#3591),#3602,.F.);
#3591 = FACE_BOUND('',#3592,.F.);
#3592 = EDGE_LOOP('',(#3593,#3594,#3595,#3596));
#3593 = ORIENTED_EDGE('',*,*,#1286,.F.);
#3594 = ORIENTED_EDGE('',*,*,#3561,.T.);
#3595 = ORIENTED_EDGE('',*,*,#1653,.T.);
#3596 = ORIENTED_EDGE('',*,*,#3597,.F.);
#3597 = EDGE_CURVE('',#1278,#1645,#3598,.T.);
#3598 = LINE('',#3599,#3600);
#3599 = CARTESIAN_POINT('',(-33.5,82.2,58.7));
#3600 = VECTOR('',#3601,1.);
#3601 = DIRECTION('',(0.,-1.,1.110223024625E-16));
#3602 = PLANE('',#3603);
#3603 = AXIS2_PLACEMENT_3D('',#3604,#3605,#3606);
#3604 = CARTESIAN_POINT('',(-76.5,82.2,58.7));
#3605 = DIRECTION('',(0.,1.110223024625E-16,1.));
#3606 = DIRECTION('',(0.,-1.,1.110223024625E-16));
#3607 = ADVANCED_FACE('',(#3608),#3619,.T.);
#3608 = FACE_BOUND('',#3609,.T.);
#3609 = EDGE_LOOP('',(#3610,#3611,#3612,#3613));
#3610 = ORIENTED_EDGE('',*,*,#1252,.F.);
#3611 = ORIENTED_EDGE('',*,*,#3580,.T.);
#3612 = ORIENTED_EDGE('',*,*,#1619,.T.);
#3613 = ORIENTED_EDGE('',*,*,#3614,.F.);
#3614 = EDGE_CURVE('',#1253,#1620,#3615,.T.);
#3615 = LINE('',#3616,#3617);
#3616 = CARTESIAN_POINT('',(-33.5,82.2,55.3));
#3617 = VECTOR('',#3618,1.);
#3618 = DIRECTION('',(0.,-1.,1.110223024625E-16));
#3619 = PLANE('',#3620);
#3620 = AXIS2_PLACEMENT_3D('',#3621,#3622,#3623);
#3621 = CARTESIAN_POINT('',(-76.5,82.2,55.3));
#3622 = DIRECTION('',(0.,1.110223024625E-16,1.));
#3623 = DIRECTION('',(0.,-1.,1.110223024625E-16));
#3624 = ADVANCED_FACE('',(#3625),#3636,.F.);
#3625 = FACE_BOUND('',#3626,.F.);
#3626 = EDGE_LOOP('',(#3627,#3628,#3634,#3635));
#3627 = ORIENTED_EDGE('',*,*,#1644,.F.);
#3628 = ORIENTED_EDGE('',*,*,#3629,.F.);
#3629 = EDGE_CURVE('',#1270,#1637,#3630,.T.);
#3630 = LINE('',#3631,#3632);
#3631 = CARTESIAN_POINT('',(-32.,82.2,57.2));
#3632 = VECTOR('',#3633,1.);
#3633 = DIRECTION('',(0.,-1.,1.110223024625E-16));
#3634 = ORIENTED_EDGE('',*,*,#1277,.T.);
#3635 = ORIENTED_EDGE('',*,*,#3597,.T.);
#3636 = CYLINDRICAL_SURFACE('',#3637,1.5);
#3637 = AXIS2_PLACEMENT_3D('',#3638,#3639,#3640);
#3638 = CARTESIAN_POINT('',(-33.5,82.2,57.2));
#3639 = DIRECTION('',(0.,-1.,1.110223024625E-16));
#3640 = DIRECTION('',(1.,0.,0.));
#3641 = ADVANCED_FACE('',(#3642),#3653,.F.);
#3642 = FACE_BOUND('',#3643,.F.);
#3643 = EDGE_LOOP('',(#3644,#3645,#3646,#3647));
#3644 = ORIENTED_EDGE('',*,*,#1627,.F.);
#3645 = ORIENTED_EDGE('',*,*,#3614,.F.);
#3646 = ORIENTED_EDGE('',*,*,#1260,.T.);
#3647 = ORIENTED_EDGE('',*,*,#3648,.T.);
#3648 = EDGE_CURVE('',#1261,#1628,#3649,.T.);
#3649 = LINE('',#3650,#3651);
#3650 = CARTESIAN_POINT('',(-32.,82.2,56.8));
#3651 = VECTOR('',#3652,1.);
#3652 = DIRECTION('',(0.,-1.,1.110223024625E-16));
#3653 = CYLINDRICAL_SURFACE('',#3654,1.5);
#3654 = AXIS2_PLACEMENT_3D('',#3655,#3656,#3657);
#3655 = CARTESIAN_POINT('',(-33.5,82.2,56.8));
#3656 = DIRECTION('',(0.,-1.,1.110223024625E-16));
#3657 = DIRECTION('',(1.,0.,0.));
#3658 = ADVANCED_FACE('',(#3659),#3665,.F.);
#3659 = FACE_BOUND('',#3660,.F.);
#3660 = EDGE_LOOP('',(#3661,#3662,#3663,#3664));
#3661 = ORIENTED_EDGE('',*,*,#3648,.F.);
#3662 = ORIENTED_EDGE('',*,*,#1269,.F.);
#3663 = ORIENTED_EDGE('',*,*,#3629,.T.);
#3664 = ORIENTED_EDGE('',*,*,#1636,.T.);
#3665 = PLANE('',#3666);
#3666 = AXIS2_PLACEMENT_3D('',#3667,#3668,#3669);
#3667 = CARTESIAN_POINT('',(-32.,82.2,56.8));
#3668 = DIRECTION('',(1.,0.,0.));
#3669 = DIRECTION('',(0.,-1.,1.110223024625E-16));
#3670 = ADVANCED_FACE('',(#3671),#3687,.T.);
#3671 = FACE_BOUND('',#3672,.T.);
#3672 = EDGE_LOOP('',(#3673,#3679,#3680,#3686));
#3673 = ORIENTED_EDGE('',*,*,#3674,.F.);
#3674 = EDGE_CURVE('',#1306,#1673,#3675,.T.);
#3675 = LINE('',#3676,#3677);
#3676 = CARTESIAN_POINT('',(-78.,82.2,65.8));
#3677 = VECTOR('',#3678,1.);
#3678 = DIRECTION('',(0.,-1.,1.110223024625E-16));
#3679 = ORIENTED_EDGE('',*,*,#1303,.F.);
#3680 = ORIENTED_EDGE('',*,*,#3681,.T.);
#3681 = EDGE_CURVE('',#1304,#1671,#3682,.T.);
#3682 = LINE('',#3683,#3684);
#3683 = CARTESIAN_POINT('',(-78.,82.2,66.2));
#3684 = VECTOR('',#3685,1.);
#3685 = DIRECTION('',(0.,-1.,1.110223024625E-16));
#3686 = ORIENTED_EDGE('',*,*,#1670,.T.);
#3687 = PLANE('',#3688);
#3688 = AXIS2_PLACEMENT_3D('',#3689,#3690,#3691);
#3689 = CARTESIAN_POINT('',(-78.,82.2,65.8));
#3690 = DIRECTION('',(1.,0.,0.));
#3691 = DIRECTION('',(0.,-1.,1.110223024625E-16));
#3692 = ADVANCED_FACE('',(#3693),#3704,.F.);
#3693 = FACE_BOUND('',#3694,.F.);
#3694 = EDGE_LOOP('',(#3695,#3696,#3702,#3703));
#3695 = ORIENTED_EDGE('',*,*,#1731,.F.);
#3696 = ORIENTED_EDGE('',*,*,#3697,.F.);
#3697 = EDGE_CURVE('',#1357,#1724,#3698,.T.);
#3698 = LINE('',#3699,#3700);
#3699 = CARTESIAN_POINT('',(-76.5,82.2,67.7));
#3700 = VECTOR('',#3701,1.);
#3701 = DIRECTION('',(0.,-1.,1.110223024625E-16));
#3702 = ORIENTED_EDGE('',*,*,#1364,.T.);
#3703 = ORIENTED_EDGE('',*,*,#3681,.T.);
#3704 = CYLINDRICAL_SURFACE('',#3705,1.5);
#3705 = AXIS2_PLACEMENT_3D('',#3706,#3707,#3708);
#3706 = CARTESIAN_POINT('',(-76.5,82.2,66.2));
#3707 = DIRECTION('',(0.,-1.,1.110223024625E-16));
#3708 = DIRECTION('',(1.,0.,0.));
#3709 = ADVANCED_FACE('',(#3710),#3721,.F.);
#3710 = FACE_BOUND('',#3711,.F.);
#3711 = EDGE_LOOP('',(#3712,#3713,#3714,#3715));
#3712 = ORIENTED_EDGE('',*,*,#1680,.F.);
#3713 = ORIENTED_EDGE('',*,*,#3674,.F.);
#3714 = ORIENTED_EDGE('',*,*,#1313,.T.);
#3715 = ORIENTED_EDGE('',*,*,#3716,.T.);
#3716 = EDGE_CURVE('',#1314,#1681,#3717,.T.);
#3717 = LINE('',#3718,#3719);
#3718 = CARTESIAN_POINT('',(-76.5,82.2,64.3));
#3719 = VECTOR('',#3720,1.);
#3720 = DIRECTION('',(0.,-1.,1.110223024625E-16));
#3721 = CYLINDRICAL_SURFACE('',#3722,1.5);
#3722 = AXIS2_PLACEMENT_3D('',#3723,#3724,#3725);
#3723 = CARTESIAN_POINT('',(-76.5,82.2,65.8));
#3724 = DIRECTION('',(0.,-1.,1.110223024625E-16));
#3725 = DIRECTION('',(1.,0.,0.));
#3726 = ADVANCED_FACE('',(#3727),#3738,.F.);
#3727 = FACE_BOUND('',#3728,.F.);
#3728 = EDGE_LOOP('',(#3729,#3730,#3731,#3732));
#3729 = ORIENTED_EDGE('',*,*,#1356,.F.);
#3730 = ORIENTED_EDGE('',*,*,#3697,.T.);
#3731 = ORIENTED_EDGE('',*,*,#1723,.T.);
#3732 = ORIENTED_EDGE('',*,*,#3733,.F.);
#3733 = EDGE_CURVE('',#1348,#1715,#3734,.T.);
#3734 = LINE('',#3735,#3736);
#3735 = CARTESIAN_POINT('',(-33.5,82.2,67.7));
#3736 = VECTOR('',#3737,1.);
#3737 = DIRECTION('',(0.,-1.,1.110223024625E-16));
#3738 = PLANE('',#3739);
#3739 = AXIS2_PLACEMENT_3D('',#3740,#3741,#3742);
#3740 = CARTESIAN_POINT('',(-76.5,82.2,67.7));
#3741 = DIRECTION('',(0.,1.110223024625E-16,1.));
#3742 = DIRECTION('',(0.,-1.,1.110223024625E-16));
#3743 = ADVANCED_FACE('',(#3744),#3755,.T.);
#3744 = FACE_BOUND('',#3745,.T.);
#3745 = EDGE_LOOP('',(#3746,#3747,#3748,#3749));
#3746 = ORIENTED_EDGE('',*,*,#1322,.F.);
#3747 = ORIENTED_EDGE('',*,*,#3716,.T.);
#3748 = ORIENTED_EDGE('',*,*,#1689,.T.);
#3749 = ORIENTED_EDGE('',*,*,#3750,.F.);
#3750 = EDGE_CURVE('',#1323,#1690,#3751,.T.);
#3751 = LINE('',#3752,#3753);
#3752 = CARTESIAN_POINT('',(-33.5,82.2,64.3));
#3753 = VECTOR('',#3754,1.);
#3754 = DIRECTION('',(0.,-1.,1.110223024625E-16));
#3755 = PLANE('',#3756);
#3756 = AXIS2_PLACEMENT_3D('',#3757,#3758,#3759);
#3757 = CARTESIAN_POINT('',(-76.5,82.2,64.3));
#3758 = DIRECTION('',(0.,1.110223024625E-16,1.));
#3759 = DIRECTION('',(0.,-1.,1.110223024625E-16));
#3760 = ADVANCED_FACE('',(#3761),#3772,.F.);
#3761 = FACE_BOUND('',#3762,.F.);
#3762 = EDGE_LOOP('',(#3763,#3764,#3770,#3771));
#3763 = ORIENTED_EDGE('',*,*,#1714,.F.);
#3764 = ORIENTED_EDGE('',*,*,#3765,.F.);
#3765 = EDGE_CURVE('',#1340,#1707,#3766,.T.);
#3766 = LINE('',#3767,#3768);
#3767 = CARTESIAN_POINT('',(-32.,82.2,66.2));
#3768 = VECTOR('',#3769,1.);
#3769 = DIRECTION('',(0.,-1.,1.110223024625E-16));
#3770 = ORIENTED_EDGE('',*,*,#1347,.T.);
#3771 = ORIENTED_EDGE('',*,*,#3733,.T.);
#3772 = CYLINDRICAL_SURFACE('',#3773,1.5);
#3773 = AXIS2_PLACEMENT_3D('',#3774,#3775,#3776);
#3774 = CARTESIAN_POINT('',(-33.5,82.2,66.2));
#3775 = DIRECTION('',(0.,-1.,1.110223024625E-16));
#3776 = DIRECTION('',(1.,0.,0.));
#3777 = ADVANCED_FACE('',(#3778),#3789,.F.);
#3778 = FACE_BOUND('',#3779,.F.);
#3779 = EDGE_LOOP('',(#3780,#3781,#3782,#3783));
#3780 = ORIENTED_EDGE('',*,*,#1697,.F.);
#3781 = ORIENTED_EDGE('',*,*,#3750,.F.);
#3782 = ORIENTED_EDGE('',*,*,#1330,.T.);
#3783 = ORIENTED_EDGE('',*,*,#3784,.T.);
#3784 = EDGE_CURVE('',#1331,#1698,#3785,.T.);
#3785 = LINE('',#3786,#3787);
#3786 = CARTESIAN_POINT('',(-32.,82.2,65.8));
#3787 = VECTOR('',#3788,1.);
#3788 = DIRECTION('',(0.,-1.,1.110223024625E-16));
#3789 = CYLINDRICAL_SURFACE('',#3790,1.5);
#3790 = AXIS2_PLACEMENT_3D('',#3791,#3792,#3793);
#3791 = CARTESIAN_POINT('',(-33.5,82.2,65.8));
#3792 = DIRECTION('',(0.,-1.,1.110223024625E-16));
#3793 = DIRECTION('',(1.,0.,0.));
#3794 = ADVANCED_FACE('',(#3795),#3801,.F.);
#3795 = FACE_BOUND('',#3796,.F.);
#3796 = EDGE_LOOP('',(#3797,#3798,#3799,#3800));
#3797 = ORIENTED_EDGE('',*,*,#3784,.F.);
#3798 = ORIENTED_EDGE('',*,*,#1339,.F.);
#3799 = ORIENTED_EDGE('',*,*,#3765,.T.);
#3800 = ORIENTED_EDGE('',*,*,#1706,.T.);
#3801 = PLANE('',#3802);
#3802 = AXIS2_PLACEMENT_3D('',#3803,#3804,#3805);
#3803 = CARTESIAN_POINT('',(-32.,82.2,65.8));
#3804 = DIRECTION('',(1.,0.,0.));
#3805 = DIRECTION('',(0.,-1.,1.110223024625E-16));
#3806 = ADVANCED_FACE('',(#3807),#3823,.T.);
#3807 = FACE_BOUND('',#3808,.T.);
#3808 = EDGE_LOOP('',(#3809,#3815,#3816,#3822));
#3809 = ORIENTED_EDGE('',*,*,#3810,.F.);
#3810 = EDGE_CURVE('',#1376,#1743,#3811,.T.);
#3811 = LINE('',#3812,#3813);
#3812 = CARTESIAN_POINT('',(-78.,82.2,74.8));
#3813 = VECTOR('',#3814,1.);
#3814 = DIRECTION('',(0.,-1.,1.110223024625E-16));
#3815 = ORIENTED_EDGE('',*,*,#1373,.F.);
#3816 = ORIENTED_EDGE('',*,*,#3817,.T.);
#3817 = EDGE_CURVE('',#1374,#1741,#3818,.T.);
#3818 = LINE('',#3819,#3820);
#3819 = CARTESIAN_POINT('',(-78.,82.2,75.2));
#3820 = VECTOR('',#3821,1.);
#3821 = DIRECTION('',(0.,-1.,1.110223024625E-16));
#3822 = ORIENTED_EDGE('',*,*,#1740,.T.);
#3823 = PLANE('',#3824);
#3824 = AXIS2_PLACEMENT_3D('',#3825,#3826,#3827);
#3825 = CARTESIAN_POINT('',(-78.,82.2,74.8));
#3826 = DIRECTION('',(1.,0.,0.));
#3827 = DIRECTION('',(0.,-1.,1.110223024625E-16));
#3828 = ADVANCED_FACE('',(#3829),#3840,.F.);
#3829 = FACE_BOUND('',#3830,.F.);
#3830 = EDGE_LOOP('',(#3831,#3832,#3838,#3839));
#3831 = ORIENTED_EDGE('',*,*,#1801,.F.);
#3832 = ORIENTED_EDGE('',*,*,#3833,.F.);
#3833 = EDGE_CURVE('',#1427,#1794,#3834,.T.);
#3834 = LINE('',#3835,#3836);
#3835 = CARTESIAN_POINT('',(-76.5,82.2,76.7));
#3836 = VECTOR('',#3837,1.);
#3837 = DIRECTION('',(0.,-1.,1.110223024625E-16));
#3838 = ORIENTED_EDGE('',*,*,#1434,.T.);
#3839 = ORIENTED_EDGE('',*,*,#3817,.T.);
#3840 = CYLINDRICAL_SURFACE('',#3841,1.5);
#3841 = AXIS2_PLACEMENT_3D('',#3842,#3843,#3844);
#3842 = CARTESIAN_POINT('',(-76.5,82.2,75.2));
#3843 = DIRECTION('',(0.,-1.,1.110223024625E-16));
#3844 = DIRECTION('',(1.,0.,0.));
#3845 = ADVANCED_FACE('',(#3846),#3857,.F.);
#3846 = FACE_BOUND('',#3847,.F.);
#3847 = EDGE_LOOP('',(#3848,#3849,#3850,#3851));
#3848 = ORIENTED_EDGE('',*,*,#1750,.F.);
#3849 = ORIENTED_EDGE('',*,*,#3810,.F.);
#3850 = ORIENTED_EDGE('',*,*,#1383,.T.);
#3851 = ORIENTED_EDGE('',*,*,#3852,.T.);
#3852 = EDGE_CURVE('',#1384,#1751,#3853,.T.);
#3853 = LINE('',#3854,#3855);
#3854 = CARTESIAN_POINT('',(-76.5,82.2,73.3));
#3855 = VECTOR('',#3856,1.);
#3856 = DIRECTION('',(0.,-1.,1.110223024625E-16));
#3857 = CYLINDRICAL_SURFACE('',#3858,1.5);
#3858 = AXIS2_PLACEMENT_3D('',#3859,#3860,#3861);
#3859 = CARTESIAN_POINT('',(-76.5,82.2,74.8));
#3860 = DIRECTION('',(0.,-1.,1.110223024625E-16));
#3861 = DIRECTION('',(1.,0.,0.));
#3862 = ADVANCED_FACE('',(#3863),#3874,.F.);
#3863 = FACE_BOUND('',#3864,.F.);
#3864 = EDGE_LOOP('',(#3865,#3866,#3867,#3868));
#3865 = ORIENTED_EDGE('',*,*,#1426,.F.);
#3866 = ORIENTED_EDGE('',*,*,#3833,.T.);
#3867 = ORIENTED_EDGE('',*,*,#1793,.T.);
#3868 = ORIENTED_EDGE('',*,*,#3869,.F.);
#3869 = EDGE_CURVE('',#1418,#1785,#3870,.T.);
#3870 = LINE('',#3871,#3872);
#3871 = CARTESIAN_POINT('',(-33.5,82.2,76.7));
#3872 = VECTOR('',#3873,1.);
#3873 = DIRECTION('',(0.,-1.,1.110223024625E-16));
#3874 = PLANE('',#3875);
#3875 = AXIS2_PLACEMENT_3D('',#3876,#3877,#3878);
#3876 = CARTESIAN_POINT('',(-76.5,82.2,76.7));
#3877 = DIRECTION('',(0.,1.110223024625E-16,1.));
#3878 = DIRECTION('',(0.,-1.,1.110223024625E-16));
#3879 = ADVANCED_FACE('',(#3880),#3891,.T.);
#3880 = FACE_BOUND('',#3881,.T.);
#3881 = EDGE_LOOP('',(#3882,#3883,#3884,#3885));
#3882 = ORIENTED_EDGE('',*,*,#1392,.F.);
#3883 = ORIENTED_EDGE('',*,*,#3852,.T.);
#3884 = ORIENTED_EDGE('',*,*,#1759,.T.);
#3885 = ORIENTED_EDGE('',*,*,#3886,.F.);
#3886 = EDGE_CURVE('',#1393,#1760,#3887,.T.);
#3887 = LINE('',#3888,#3889);
#3888 = CARTESIAN_POINT('',(-33.5,82.2,73.3));
#3889 = VECTOR('',#3890,1.);
#3890 = DIRECTION('',(0.,-1.,1.110223024625E-16));
#3891 = PLANE('',#3892);
#3892 = AXIS2_PLACEMENT_3D('',#3893,#3894,#3895);
#3893 = CARTESIAN_POINT('',(-76.5,82.2,73.3));
#3894 = DIRECTION('',(0.,1.110223024625E-16,1.));
#3895 = DIRECTION('',(0.,-1.,1.110223024625E-16));
#3896 = ADVANCED_FACE('',(#3897),#3908,.F.);
#3897 = FACE_BOUND('',#3898,.F.);
#3898 = EDGE_LOOP('',(#3899,#3900,#3906,#3907));
#3899 = ORIENTED_EDGE('',*,*,#1784,.F.);
#3900 = ORIENTED_EDGE('',*,*,#3901,.F.);
#3901 = EDGE_CURVE('',#1410,#1777,#3902,.T.);
#3902 = LINE('',#3903,#3904);
#3903 = CARTESIAN_POINT('',(-32.,82.2,75.2));
#3904 = VECTOR('',#3905,1.);
#3905 = DIRECTION('',(0.,-1.,1.110223024625E-16));
#3906 = ORIENTED_EDGE('',*,*,#1417,.T.);
#3907 = ORIENTED_EDGE('',*,*,#3869,.T.);
#3908 = CYLINDRICAL_SURFACE('',#3909,1.5);
#3909 = AXIS2_PLACEMENT_3D('',#3910,#3911,#3912);
#3910 = CARTESIAN_POINT('',(-33.5,82.2,75.2));
#3911 = DIRECTION('',(0.,-1.,1.110223024625E-16));
#3912 = DIRECTION('',(1.,0.,0.));
#3913 = ADVANCED_FACE('',(#3914),#3925,.F.);
#3914 = FACE_BOUND('',#3915,.F.);
#3915 = EDGE_LOOP('',(#3916,#3917,#3918,#3919));
#3916 = ORIENTED_EDGE('',*,*,#1767,.F.);
#3917 = ORIENTED_EDGE('',*,*,#3886,.F.);
#3918 = ORIENTED_EDGE('',*,*,#1400,.T.);
#3919 = ORIENTED_EDGE('',*,*,#3920,.T.);
#3920 = EDGE_CURVE('',#1401,#1768,#3921,.T.);
#3921 = LINE('',#3922,#3923);
#3922 = CARTESIAN_POINT('',(-32.,82.2,74.8));
#3923 = VECTOR('',#3924,1.);
#3924 = DIRECTION('',(0.,-1.,1.110223024625E-16));
#3925 = CYLINDRICAL_SURFACE('',#3926,1.5);
#3926 = AXIS2_PLACEMENT_3D('',#3927,#3928,#3929);
#3927 = CARTESIAN_POINT('',(-33.5,82.2,74.8));
#3928 = DIRECTION('',(0.,-1.,1.110223024625E-16));
#3929 = DIRECTION('',(1.,0.,0.));
#3930 = ADVANCED_FACE('',(#3931),#3937,.F.);
#3931 = FACE_BOUND('',#3932,.F.);
#3932 = EDGE_LOOP('',(#3933,#3934,#3935,#3936));
#3933 = ORIENTED_EDGE('',*,*,#3920,.F.);
#3934 = ORIENTED_EDGE('',*,*,#1409,.F.);
#3935 = ORIENTED_EDGE('',*,*,#3901,.T.);
#3936 = ORIENTED_EDGE('',*,*,#1776,.T.);
#3937 = PLANE('',#3938);
#3938 = AXIS2_PLACEMENT_3D('',#3939,#3940,#3941);
#3939 = CARTESIAN_POINT('',(-32.,82.2,74.8));
#3940 = DIRECTION('',(1.,0.,0.));
#3941 = DIRECTION('',(0.,-1.,1.110223024625E-16));
#3942 = ADVANCED_FACE('',(#3943),#3962,.F.);
#3943 = FACE_BOUND('',#3944,.F.);
#3944 = EDGE_LOOP('',(#3945,#3953,#3954,#3955));
#3945 = ORIENTED_EDGE('',*,*,#3946,.F.);
#3946 = EDGE_CURVE('',#1509,#3947,#3949,.T.);
#3947 = VERTEX_POINT('',#3948);
#3948 = CARTESIAN_POINT('',(-91.,-77.,95.));
#3949 = LINE('',#3950,#3951);
#3950 = CARTESIAN_POINT('',(-91.,-77.,-57.));
#3951 = VECTOR('',#3952,1.);
#3952 = DIRECTION('',(0.,0.,1.));
#3953 = ORIENTED_EDGE('',*,*,#1516,.T.);
#3954 = ORIENTED_EDGE('',*,*,#1937,.T.);
#3955 = ORIENTED_EDGE('',*,*,#3956,.F.);
#3956 = EDGE_CURVE('',#3947,#1938,#3957,.T.);
#3957 = CIRCLE('',#3958,2.);
#3958 = AXIS2_PLACEMENT_3D('',#3959,#3960,#3961);
#3959 = CARTESIAN_POINT('',(-89.,-77.,95.));
#3960 = DIRECTION('',(0.,0.,1.));
#3961 = DIRECTION('',(-1.,0.,0.));
#3962 = CYLINDRICAL_SURFACE('',#3963,2.);
#3963 = AXIS2_PLACEMENT_3D('',#3964,#3965,#3966);
#3964 = CARTESIAN_POINT('',(-89.,-77.,-57.));
#3965 = DIRECTION('',(0.,0.,1.));
#3966 = DIRECTION('',(-1.,-0.,0.));
#3967 = ADVANCED_FACE('',(#3968,#3986,#3997,#4008,#4019,#4029,#4039,
    #4049,#4059),#4070,.T.);
#3968 = FACE_BOUND('',#3969,.T.);
#3969 = EDGE_LOOP('',(#3970,#3971,#3972,#3980));
#3970 = ORIENTED_EDGE('',*,*,#3946,.F.);
#3971 = ORIENTED_EDGE('',*,*,#1508,.F.);
#3972 = ORIENTED_EDGE('',*,*,#3973,.T.);
#3973 = EDGE_CURVE('',#1500,#3974,#3976,.T.);
#3974 = VERTEX_POINT('',#3975);
#3975 = CARTESIAN_POINT('',(-91.,77.,95.));
#3976 = LINE('',#3977,#3978);
#3977 = CARTESIAN_POINT('',(-91.,77.,-57.));
#3978 = VECTOR('',#3979,1.);
#3979 = DIRECTION('',(0.,0.,1.));
#3980 = ORIENTED_EDGE('',*,*,#3981,.F.);
#3981 = EDGE_CURVE('',#3947,#3974,#3982,.T.);
#3982 = LINE('',#3983,#3984);
#3983 = CARTESIAN_POINT('',(-91.,-79.,95.));
#3984 = VECTOR('',#3985,1.);
#3985 = DIRECTION('',(-0.,1.,0.));
#3986 = FACE_BOUND('',#3987,.T.);
#3987 = EDGE_LOOP('',(#3988));
#3988 = ORIENTED_EDGE('',*,*,#3989,.F.);
#3989 = EDGE_CURVE('',#3990,#3990,#3992,.T.);
#3990 = VERTEX_POINT('',#3991);
#3991 = CARTESIAN_POINT('',(-91.,62.,-35.));
#3992 = CIRCLE('',#3993,5.);
#3993 = AXIS2_PLACEMENT_3D('',#3994,#3995,#3996);
#3994 = CARTESIAN_POINT('',(-91.,62.,-40.));
#3995 = DIRECTION('',(1.,0.,0.));
#3996 = DIRECTION('',(-0.,0.,1.));
#3997 = FACE_BOUND('',#3998,.T.);
#3998 = EDGE_LOOP('',(#3999));
#3999 = ORIENTED_EDGE('',*,*,#4000,.F.);
#4000 = EDGE_CURVE('',#4001,#4001,#4003,.T.);
#4001 = VERTEX_POINT('',#4002);
#4002 = CARTESIAN_POINT('',(-91.,62.,46.));
#4003 = CIRCLE('',#4004,5.);
#4004 = AXIS2_PLACEMENT_3D('',#4005,#4006,#4007);
#4005 = CARTESIAN_POINT('',(-91.,62.,41.));
#4006 = DIRECTION('',(1.,0.,0.));
#4007 = DIRECTION('',(-0.,0.,1.));
#4008 = FACE_BOUND('',#4009,.T.);
#4009 = EDGE_LOOP('',(#4010));
#4010 = ORIENTED_EDGE('',*,*,#4011,.F.);
#4011 = EDGE_CURVE('',#4012,#4012,#4014,.T.);
#4012 = VERTEX_POINT('',#4013);
#4013 = CARTESIAN_POINT('',(-91.,-62.,-35.));
#4014 = CIRCLE('',#4015,5.);
#4015 = AXIS2_PLACEMENT_3D('',#4016,#4017,#4018);
#4016 = CARTESIAN_POINT('',(-91.,-62.,-40.));
#4017 = DIRECTION('',(1.,0.,0.));
#4018 = DIRECTION('',(-0.,0.,1.));
#4019 = FACE_BOUND('',#4020,.T.);
#4020 = EDGE_LOOP('',(#4021,#4022,#4023,#4024,#4025,#4026,#4027,#4028));
#4021 = ORIENTED_EDGE('',*,*,#2605,.F.);
#4022 = ORIENTED_EDGE('',*,*,#2647,.T.);
#4023 = ORIENTED_EDGE('',*,*,#2685,.F.);
#4024 = ORIENTED_EDGE('',*,*,#2737,.F.);
#4025 = ORIENTED_EDGE('',*,*,#2783,.F.);
#4026 = ORIENTED_EDGE('',*,*,#2769,.F.);
#4027 = ORIENTED_EDGE('',*,*,#2710,.F.);
#4028 = ORIENTED_EDGE('',*,*,#2663,.T.);
#4029 = FACE_BOUND('',#4030,.T.);
#4030 = EDGE_LOOP('',(#4031,#4032,#4033,#4034,#4035,#4036,#4037,#4038));
#4031 = ORIENTED_EDGE('',*,*,#2801,.F.);
#4032 = ORIENTED_EDGE('',*,*,#2843,.T.);
#4033 = ORIENTED_EDGE('',*,*,#2881,.F.);
#4034 = ORIENTED_EDGE('',*,*,#2933,.F.);
#4035 = ORIENTED_EDGE('',*,*,#2979,.F.);
#4036 = ORIENTED_EDGE('',*,*,#2965,.F.);
#4037 = ORIENTED_EDGE('',*,*,#2906,.F.);
#4038 = ORIENTED_EDGE('',*,*,#2859,.T.);
#4039 = FACE_BOUND('',#4040,.T.);
#4040 = EDGE_LOOP('',(#4041,#4042,#4043,#4044,#4045,#4046,#4047,#4048));
#4041 = ORIENTED_EDGE('',*,*,#2997,.F.);
#4042 = ORIENTED_EDGE('',*,*,#3039,.T.);
#4043 = ORIENTED_EDGE('',*,*,#3077,.F.);
#4044 = ORIENTED_EDGE('',*,*,#3129,.F.);
#4045 = ORIENTED_EDGE('',*,*,#3175,.F.);
#4046 = ORIENTED_EDGE('',*,*,#3161,.F.);
#4047 = ORIENTED_EDGE('',*,*,#3102,.F.);
#4048 = ORIENTED_EDGE('',*,*,#3055,.T.);
#4049 = FACE_BOUND('',#4050,.T.);
#4050 = EDGE_LOOP('',(#4051,#4052,#4053,#4054,#4055,#4056,#4057,#4058));
#4051 = ORIENTED_EDGE('',*,*,#3193,.F.);
#4052 = ORIENTED_EDGE('',*,*,#3235,.T.);
#4053 = ORIENTED_EDGE('',*,*,#3273,.F.);
#4054 = ORIENTED_EDGE('',*,*,#3325,.F.);
#4055 = ORIENTED_EDGE('',*,*,#3371,.F.);
#4056 = ORIENTED_EDGE('',*,*,#3357,.F.);
#4057 = ORIENTED_EDGE('',*,*,#3298,.F.);
#4058 = ORIENTED_EDGE('',*,*,#3251,.T.);
#4059 = FACE_BOUND('',#4060,.T.);
#4060 = EDGE_LOOP('',(#4061));
#4061 = ORIENTED_EDGE('',*,*,#4062,.F.);
#4062 = EDGE_CURVE('',#4063,#4063,#4065,.T.);
#4063 = VERTEX_POINT('',#4064);
#4064 = CARTESIAN_POINT('',(-91.,-62.,46.));
#4065 = CIRCLE('',#4066,5.);
#4066 = AXIS2_PLACEMENT_3D('',#4067,#4068,#4069);
#4067 = CARTESIAN_POINT('',(-91.,-62.,41.));
#4068 = DIRECTION('',(1.,0.,0.));
#4069 = DIRECTION('',(-0.,0.,1.));
#4070 = PLANE('',#4071);
#4071 = AXIS2_PLACEMENT_3D('',#4072,#4073,#4074);
#4072 = CARTESIAN_POINT('',(-91.,-79.,-57.));
#4073 = DIRECTION('',(1.,0.,-0.));
#4074 = DIRECTION('',(0.,0.,1.));
#4075 = ADVANCED_FACE('',(#4076),#4088,.F.);
#4076 = FACE_BOUND('',#4077,.T.);
#4077 = EDGE_LOOP('',(#4078,#4079,#4080,#4081));
#4078 = ORIENTED_EDGE('',*,*,#3973,.F.);
#4079 = ORIENTED_EDGE('',*,*,#1499,.F.);
#4080 = ORIENTED_EDGE('',*,*,#1555,.T.);
#4081 = ORIENTED_EDGE('',*,*,#4082,.T.);
#4082 = EDGE_CURVE('',#1556,#3974,#4083,.T.);
#4083 = CIRCLE('',#4084,2.);
#4084 = AXIS2_PLACEMENT_3D('',#4085,#4086,#4087);
#4085 = CARTESIAN_POINT('',(-89.,77.,95.));
#4086 = DIRECTION('',(0.,0.,1.));
#4087 = DIRECTION('',(-1.,-0.,0.));
#4088 = CYLINDRICAL_SURFACE('',#4089,2.);
#4089 = AXIS2_PLACEMENT_3D('',#4090,#4091,#4092);
#4090 = CARTESIAN_POINT('',(-89.,77.,-57.));
#4091 = DIRECTION('',(0.,0.,1.));
#4092 = DIRECTION('',(-1.,-0.,0.));
#4093 = ADVANCED_FACE('',(#4094),#4164,.T.);
#4094 = FACE_BOUND('',#4095,.T.);
#4095 = EDGE_LOOP('',(#4096,#4104,#4105,#4106,#4115,#4123,#4130,#4131,
    #4132,#4140,#4149,#4157));
#4096 = ORIENTED_EDGE('',*,*,#4097,.T.);
#4097 = EDGE_CURVE('',#4098,#1897,#4100,.T.);
#4098 = VERTEX_POINT('',#4099);
#4099 = CARTESIAN_POINT('',(-24.3,-79.5,95.));
#4100 = LINE('',#4101,#4102);
#4101 = CARTESIAN_POINT('',(-24.3,-79.5,-56.1));
#4102 = VECTOR('',#4103,1.);
#4103 = DIRECTION('',(-0.,0.,-1.));
#4104 = ORIENTED_EDGE('',*,*,#1905,.F.);
#4105 = ORIENTED_EDGE('',*,*,#1953,.F.);
#4106 = ORIENTED_EDGE('',*,*,#4107,.F.);
#4107 = EDGE_CURVE('',#4108,#1946,#4110,.T.);
#4108 = VERTEX_POINT('',#4109);
#4109 = CARTESIAN_POINT('',(-24.3,-77.,97.));
#4110 = CIRCLE('',#4111,2.);
#4111 = AXIS2_PLACEMENT_3D('',#4112,#4113,#4114);
#4112 = CARTESIAN_POINT('',(-24.3,-77.,95.));
#4113 = DIRECTION('',(1.,0.,0.));
#4114 = DIRECTION('',(0.,-1.,0.));
#4115 = ORIENTED_EDGE('',*,*,#4116,.T.);
#4116 = EDGE_CURVE('',#4108,#4117,#4119,.T.);
#4117 = VERTEX_POINT('',#4118);
#4118 = CARTESIAN_POINT('',(-24.3,77.,97.));
#4119 = LINE('',#4120,#4121);
#4120 = CARTESIAN_POINT('',(-24.3,-84.5,97.));
#4121 = VECTOR('',#4122,1.);
#4122 = DIRECTION('',(-0.,1.,0.));
#4123 = ORIENTED_EDGE('',*,*,#4124,.F.);
#4124 = EDGE_CURVE('',#1564,#4117,#4125,.T.);
#4125 = CIRCLE('',#4126,2.);
#4126 = AXIS2_PLACEMENT_3D('',#4127,#4128,#4129);
#4127 = CARTESIAN_POINT('',(-24.3,77.,95.));
#4128 = DIRECTION('',(1.,0.,-0.));
#4129 = DIRECTION('',(0.,1.,0.));
#4130 = ORIENTED_EDGE('',*,*,#1571,.T.);
#4131 = ORIENTED_EDGE('',*,*,#1821,.T.);
#4132 = ORIENTED_EDGE('',*,*,#4133,.F.);
#4133 = EDGE_CURVE('',#4134,#1822,#4136,.T.);
#4134 = VERTEX_POINT('',#4135);
#4135 = CARTESIAN_POINT('',(-24.3,79.5,95.));
#4136 = LINE('',#4137,#4138);
#4137 = CARTESIAN_POINT('',(-24.3,79.5,-56.1));
#4138 = VECTOR('',#4139,1.);
#4139 = DIRECTION('',(-0.,0.,-1.));
#4140 = ORIENTED_EDGE('',*,*,#4141,.T.);
#4141 = EDGE_CURVE('',#4134,#4142,#4144,.T.);
#4142 = VERTEX_POINT('',#4143);
#4143 = CARTESIAN_POINT('',(-24.3,77.,97.5));
#4144 = CIRCLE('',#4145,2.5);
#4145 = AXIS2_PLACEMENT_3D('',#4146,#4147,#4148);
#4146 = CARTESIAN_POINT('',(-24.3,77.,95.));
#4147 = DIRECTION('',(1.,0.,-0.));
#4148 = DIRECTION('',(0.,1.,0.));
#4149 = ORIENTED_EDGE('',*,*,#4150,.F.);
#4150 = EDGE_CURVE('',#4151,#4142,#4153,.T.);
#4151 = VERTEX_POINT('',#4152);
#4152 = CARTESIAN_POINT('',(-24.3,-77.,97.5));
#4153 = LINE('',#4154,#4155);
#4154 = CARTESIAN_POINT('',(-24.3,-84.75,97.5));
#4155 = VECTOR('',#4156,1.);
#4156 = DIRECTION('',(-0.,1.,0.));
#4157 = ORIENTED_EDGE('',*,*,#4158,.T.);
#4158 = EDGE_CURVE('',#4151,#4098,#4159,.T.);
#4159 = CIRCLE('',#4160,2.5);
#4160 = AXIS2_PLACEMENT_3D('',#4161,#4162,#4163);
#4161 = CARTESIAN_POINT('',(-24.3,-77.,95.));
#4162 = DIRECTION('',(1.,0.,0.));
#4163 = DIRECTION('',(0.,-1.,0.));
#4164 = PLANE('',#4165);
#4165 = AXIS2_PLACEMENT_3D('',#4166,#4167,#4168);
#4166 = CARTESIAN_POINT('',(-24.3,-90.,-55.2));
#4167 = DIRECTION('',(1.,0.,-0.));
#4168 = DIRECTION('',(0.,0.,1.));
#4169 = ADVANCED_FACE('',(#4170),#4189,.F.);
#4170 = FACE_BOUND('',#4171,.F.);
#4171 = EDGE_LOOP('',(#4172,#4173,#4182,#4188));
#4172 = ORIENTED_EDGE('',*,*,#1563,.F.);
#4173 = ORIENTED_EDGE('',*,*,#4174,.T.);
#4174 = EDGE_CURVE('',#1556,#4175,#4177,.T.);
#4175 = VERTEX_POINT('',#4176);
#4176 = CARTESIAN_POINT('',(-89.,77.,97.));
#4177 = CIRCLE('',#4178,2.);
#4178 = AXIS2_PLACEMENT_3D('',#4179,#4180,#4181);
#4179 = CARTESIAN_POINT('',(-89.,77.,95.));
#4180 = DIRECTION('',(1.,0.,6.123233995737E-17));
#4181 = DIRECTION('',(-6.123233995737E-17,-0.,1.));
#4182 = ORIENTED_EDGE('',*,*,#4183,.T.);
#4183 = EDGE_CURVE('',#4175,#4117,#4184,.T.);
#4184 = LINE('',#4185,#4186);
#4185 = CARTESIAN_POINT('',(-91.,77.,97.));
#4186 = VECTOR('',#4187,1.);
#4187 = DIRECTION('',(1.,0.,-0.));
#4188 = ORIENTED_EDGE('',*,*,#4124,.F.);
#4189 = CYLINDRICAL_SURFACE('',#4190,2.);
#4190 = AXIS2_PLACEMENT_3D('',#4191,#4192,#4193);
#4191 = CARTESIAN_POINT('',(-91.,77.,95.));
#4192 = DIRECTION('',(1.,0.,-0.));
#4193 = DIRECTION('',(0.,1.,0.));
#4194 = ADVANCED_FACE('',(#4195),#4248,.T.);
#4195 = FACE_BOUND('',#4196,.T.);
#4196 = EDGE_LOOP('',(#4197,#4205,#4206,#4207,#4216,#4224,#4233,#4241));
#4197 = ORIENTED_EDGE('',*,*,#4198,.T.);
#4198 = EDGE_CURVE('',#4199,#1590,#4201,.T.);
#4199 = VERTEX_POINT('',#4200);
#4200 = CARTESIAN_POINT('',(-45.,75.,43.));
#4201 = LINE('',#4202,#4203);
#4202 = CARTESIAN_POINT('',(-45.,75.,43.));
#4203 = VECTOR('',#4204,1.);
#4204 = DIRECTION('',(0.,1.,0.));
#4205 = ORIENTED_EDGE('',*,*,#1589,.F.);
#4206 = ORIENTED_EDGE('',*,*,#4198,.F.);
#4207 = ORIENTED_EDGE('',*,*,#4208,.T.);
#4208 = EDGE_CURVE('',#4199,#4209,#4211,.T.);
#4209 = VERTEX_POINT('',#4210);
#4210 = CARTESIAN_POINT('',(-38.38562172233,75.,39.5));
#4211 = CIRCLE('',#4212,8.);
#4212 = AXIS2_PLACEMENT_3D('',#4213,#4214,#4215);
#4213 = CARTESIAN_POINT('',(-45.,75.,35.));
#4214 = DIRECTION('',(0.,1.,0.));
#4215 = DIRECTION('',(0.,-0.,1.));
#4216 = ORIENTED_EDGE('',*,*,#4217,.T.);
#4217 = EDGE_CURVE('',#4209,#4218,#4220,.T.);
#4218 = VERTEX_POINT('',#4219);
#4219 = CARTESIAN_POINT('',(-38.38562172233,78.5,39.5));
#4220 = LINE('',#4221,#4222);
#4221 = CARTESIAN_POINT('',(-38.38562172233,75.,39.5));
#4222 = VECTOR('',#4223,1.);
#4223 = DIRECTION('',(0.,1.,0.));
#4224 = ORIENTED_EDGE('',*,*,#4225,.T.);
#4225 = EDGE_CURVE('',#4218,#4226,#4228,.T.);
#4226 = VERTEX_POINT('',#4227);
#4227 = CARTESIAN_POINT('',(-39.5,78.5,29.190524980689));
#4228 = CIRCLE('',#4229,8.);
#4229 = AXIS2_PLACEMENT_3D('',#4230,#4231,#4232);
#4230 = CARTESIAN_POINT('',(-45.,78.5,35.));
#4231 = DIRECTION('',(0.,1.,0.));
#4232 = DIRECTION('',(0.,-0.,1.));
#4233 = ORIENTED_EDGE('',*,*,#4234,.F.);
#4234 = EDGE_CURVE('',#4235,#4226,#4237,.T.);
#4235 = VERTEX_POINT('',#4236);
#4236 = CARTESIAN_POINT('',(-39.5,75.,29.190524980689));
#4237 = LINE('',#4238,#4239);
#4238 = CARTESIAN_POINT('',(-39.5,75.,29.190524980689));
#4239 = VECTOR('',#4240,1.);
#4240 = DIRECTION('',(0.,1.,0.));
#4241 = ORIENTED_EDGE('',*,*,#4242,.T.);
#4242 = EDGE_CURVE('',#4235,#4199,#4243,.T.);
#4243 = CIRCLE('',#4244,8.);
#4244 = AXIS2_PLACEMENT_3D('',#4245,#4246,#4247);
#4245 = CARTESIAN_POINT('',(-45.,75.,35.));
#4246 = DIRECTION('',(0.,1.,0.));
#4247 = DIRECTION('',(0.,-0.,1.));
#4248 = CYLINDRICAL_SURFACE('',#4249,8.);
#4249 = AXIS2_PLACEMENT_3D('',#4250,#4251,#4252);
#4250 = CARTESIAN_POINT('',(-45.,75.,35.));
#4251 = DIRECTION('',(0.,1.,0.));
#4252 = DIRECTION('',(0.,-0.,1.));
#4253 = ADVANCED_FACE('',(#4254),#4265,.F.);
#4254 = FACE_BOUND('',#4255,.F.);
#4255 = EDGE_LOOP('',(#4256,#4262,#4263,#4264));
#4256 = ORIENTED_EDGE('',*,*,#4257,.T.);
#4257 = EDGE_CURVE('',#4134,#3459,#4258,.T.);
#4258 = LINE('',#4259,#4260);
#4259 = CARTESIAN_POINT('',(-91.5,79.5,95.));
#4260 = VECTOR('',#4261,1.);
#4261 = DIRECTION('',(1.,0.,-0.));
#4262 = ORIENTED_EDGE('',*,*,#3467,.F.);
#4263 = ORIENTED_EDGE('',*,*,#1829,.F.);
#4264 = ORIENTED_EDGE('',*,*,#4133,.F.);
#4265 = PLANE('',#4266);
#4266 = AXIS2_PLACEMENT_3D('',#4267,#4268,#4269);
#4267 = CARTESIAN_POINT('',(-91.5,79.5,-57.));
#4268 = DIRECTION('',(-0.,1.,0.));
#4269 = DIRECTION('',(0.,0.,1.));
#4270 = ADVANCED_FACE('',(#4271),#4282,.T.);
#4271 = FACE_BOUND('',#4272,.T.);
#4272 = EDGE_LOOP('',(#4273,#4279,#4280,#4281));
#4273 = ORIENTED_EDGE('',*,*,#4274,.T.);
#4274 = EDGE_CURVE('',#4098,#3434,#4275,.T.);
#4275 = LINE('',#4276,#4277);
#4276 = CARTESIAN_POINT('',(-91.5,-79.5,95.));
#4277 = VECTOR('',#4278,1.);
#4278 = DIRECTION('',(1.,0.,-0.));
#4279 = ORIENTED_EDGE('',*,*,#3433,.F.);
#4280 = ORIENTED_EDGE('',*,*,#1896,.T.);
#4281 = ORIENTED_EDGE('',*,*,#4097,.F.);
#4282 = PLANE('',#4283);
#4283 = AXIS2_PLACEMENT_3D('',#4284,#4285,#4286);
#4284 = CARTESIAN_POINT('',(-91.5,-79.5,-57.));
#4285 = DIRECTION('',(-0.,1.,0.));
#4286 = DIRECTION('',(0.,0.,1.));
#4287 = ADVANCED_FACE('',(#4288),#4307,.F.);
#4288 = FACE_BOUND('',#4289,.T.);
#4289 = EDGE_LOOP('',(#4290,#4299,#4305,#4306));
#4290 = ORIENTED_EDGE('',*,*,#4291,.F.);
#4291 = EDGE_CURVE('',#4292,#1938,#4294,.T.);
#4292 = VERTEX_POINT('',#4293);
#4293 = CARTESIAN_POINT('',(-89.,-77.,97.));
#4294 = CIRCLE('',#4295,2.);
#4295 = AXIS2_PLACEMENT_3D('',#4296,#4297,#4298);
#4296 = CARTESIAN_POINT('',(-89.,-77.,95.));
#4297 = DIRECTION('',(1.,-6.123233995737E-17,0.));
#4298 = DIRECTION('',(-6.123233995737E-17,-1.,0.));
#4299 = ORIENTED_EDGE('',*,*,#4300,.T.);
#4300 = EDGE_CURVE('',#4292,#4108,#4301,.T.);
#4301 = LINE('',#4302,#4303);
#4302 = CARTESIAN_POINT('',(-91.,-77.,97.));
#4303 = VECTOR('',#4304,1.);
#4304 = DIRECTION('',(1.,0.,-0.));
#4305 = ORIENTED_EDGE('',*,*,#4107,.T.);
#4306 = ORIENTED_EDGE('',*,*,#1945,.F.);
#4307 = CYLINDRICAL_SURFACE('',#4308,2.);
#4308 = AXIS2_PLACEMENT_3D('',#4309,#4310,#4311);
#4309 = CARTESIAN_POINT('',(-91.,-77.,95.));
#4310 = DIRECTION('',(1.,0.,-0.));
#4311 = DIRECTION('',(0.,-1.,0.));
#4312 = ADVANCED_FACE('',(#4313),#4366,.T.);
#4313 = FACE_BOUND('',#4314,.T.);
#4314 = EDGE_LOOP('',(#4315,#4323,#4324,#4325,#4334,#4342,#4351,#4359));
#4315 = ORIENTED_EDGE('',*,*,#4316,.T.);
#4316 = EDGE_CURVE('',#4317,#1964,#4319,.T.);
#4317 = VERTEX_POINT('',#4318);
#4318 = CARTESIAN_POINT('',(-45.,-75.,27.));
#4319 = LINE('',#4320,#4321);
#4320 = CARTESIAN_POINT('',(-45.,-75.,27.));
#4321 = VECTOR('',#4322,1.);
#4322 = DIRECTION('',(0.,-1.,0.));
#4323 = ORIENTED_EDGE('',*,*,#1963,.F.);
#4324 = ORIENTED_EDGE('',*,*,#4316,.F.);
#4325 = ORIENTED_EDGE('',*,*,#4326,.T.);
#4326 = EDGE_CURVE('',#4317,#4327,#4329,.T.);
#4327 = VERTEX_POINT('',#4328);
#4328 = CARTESIAN_POINT('',(-39.5,-75.,29.190524980689));
#4329 = CIRCLE('',#4330,8.);
#4330 = AXIS2_PLACEMENT_3D('',#4331,#4332,#4333);
#4331 = CARTESIAN_POINT('',(-45.,-75.,35.));
#4332 = DIRECTION('',(0.,-1.,0.));
#4333 = DIRECTION('',(0.,-0.,-1.));
#4334 = ORIENTED_EDGE('',*,*,#4335,.T.);
#4335 = EDGE_CURVE('',#4327,#4336,#4338,.T.);
#4336 = VERTEX_POINT('',#4337);
#4337 = CARTESIAN_POINT('',(-39.5,-78.5,29.190524980689));
#4338 = LINE('',#4339,#4340);
#4339 = CARTESIAN_POINT('',(-39.5,-75.,29.190524980689));
#4340 = VECTOR('',#4341,1.);
#4341 = DIRECTION('',(0.,-1.,0.));
#4342 = ORIENTED_EDGE('',*,*,#4343,.T.);
#4343 = EDGE_CURVE('',#4336,#4344,#4346,.T.);
#4344 = VERTEX_POINT('',#4345);
#4345 = CARTESIAN_POINT('',(-38.38562172233,-78.5,39.5));
#4346 = CIRCLE('',#4347,8.);
#4347 = AXIS2_PLACEMENT_3D('',#4348,#4349,#4350);
#4348 = CARTESIAN_POINT('',(-45.,-78.5,35.));
#4349 = DIRECTION('',(0.,-1.,0.));
#4350 = DIRECTION('',(0.,-0.,-1.));
#4351 = ORIENTED_EDGE('',*,*,#4352,.F.);
#4352 = EDGE_CURVE('',#4353,#4344,#4355,.T.);
#4353 = VERTEX_POINT('',#4354);
#4354 = CARTESIAN_POINT('',(-38.38562172233,-75.,39.5));
#4355 = LINE('',#4356,#4357);
#4356 = CARTESIAN_POINT('',(-38.38562172233,-75.,39.5));
#4357 = VECTOR('',#4358,1.);
#4358 = DIRECTION('',(0.,-1.,0.));
#4359 = ORIENTED_EDGE('',*,*,#4360,.T.);
#4360 = EDGE_CURVE('',#4353,#4317,#4361,.T.);
#4361 = CIRCLE('',#4362,8.);
#4362 = AXIS2_PLACEMENT_3D('',#4363,#4364,#4365);
#4363 = CARTESIAN_POINT('',(-45.,-75.,35.));
#4364 = DIRECTION('',(0.,-1.,0.));
#4365 = DIRECTION('',(0.,-0.,-1.));
#4366 = CYLINDRICAL_SURFACE('',#4367,8.);
#4367 = AXIS2_PLACEMENT_3D('',#4368,#4369,#4370);
#4368 = CARTESIAN_POINT('',(-45.,-75.,35.));
#4369 = DIRECTION('',(0.,-1.,0.));
#4370 = DIRECTION('',(0.,-0.,-1.));
#4371 = ADVANCED_FACE('',(#4372),#4388,.T.);
#4372 = FACE_BOUND('',#4373,.T.);
#4373 = EDGE_LOOP('',(#4374,#4380,#4381,#4387));
#4374 = ORIENTED_EDGE('',*,*,#4375,.F.);
#4375 = EDGE_CURVE('',#1977,#2236,#4376,.T.);
#4376 = LINE('',#4377,#4378);
#4377 = CARTESIAN_POINT('',(-78.,-78.8,56.8));
#4378 = VECTOR('',#4379,1.);
#4379 = DIRECTION('',(0.,-1.,1.110223024625E-16));
#4380 = ORIENTED_EDGE('',*,*,#1974,.F.);
#4381 = ORIENTED_EDGE('',*,*,#4382,.T.);
#4382 = EDGE_CURVE('',#1975,#2234,#4383,.T.);
#4383 = LINE('',#4384,#4385);
#4384 = CARTESIAN_POINT('',(-78.,-78.8,57.2));
#4385 = VECTOR('',#4386,1.);
#4386 = DIRECTION('',(0.,-1.,1.110223024625E-16));
#4387 = ORIENTED_EDGE('',*,*,#2233,.T.);
#4388 = PLANE('',#4389);
#4389 = AXIS2_PLACEMENT_3D('',#4390,#4391,#4392);
#4390 = CARTESIAN_POINT('',(-78.,-78.8,56.8));
#4391 = DIRECTION('',(1.,0.,0.));
#4392 = DIRECTION('',(0.,-1.,1.110223024625E-16));
#4393 = ADVANCED_FACE('',(#4394),#4405,.F.);
#4394 = FACE_BOUND('',#4395,.F.);
#4395 = EDGE_LOOP('',(#4396,#4397,#4403,#4404));
#4396 = ORIENTED_EDGE('',*,*,#2294,.F.);
#4397 = ORIENTED_EDGE('',*,*,#4398,.F.);
#4398 = EDGE_CURVE('',#2028,#2287,#4399,.T.);
#4399 = LINE('',#4400,#4401);
#4400 = CARTESIAN_POINT('',(-76.5,-78.8,58.7));
#4401 = VECTOR('',#4402,1.);
#4402 = DIRECTION('',(0.,-1.,1.110223024625E-16));
#4403 = ORIENTED_EDGE('',*,*,#2035,.T.);
#4404 = ORIENTED_EDGE('',*,*,#4382,.T.);
#4405 = CYLINDRICAL_SURFACE('',#4406,1.5);
#4406 = AXIS2_PLACEMENT_3D('',#4407,#4408,#4409);
#4407 = CARTESIAN_POINT('',(-76.5,-78.8,57.2));
#4408 = DIRECTION('',(0.,-1.,1.110223024625E-16));
#4409 = DIRECTION('',(1.,0.,0.));
#4410 = ADVANCED_FACE('',(#4411),#4422,.F.);
#4411 = FACE_BOUND('',#4412,.F.);
#4412 = EDGE_LOOP('',(#4413,#4414,#4415,#4416));
#4413 = ORIENTED_EDGE('',*,*,#2243,.F.);
#4414 = ORIENTED_EDGE('',*,*,#4375,.F.);
#4415 = ORIENTED_EDGE('',*,*,#1984,.T.);
#4416 = ORIENTED_EDGE('',*,*,#4417,.T.);
#4417 = EDGE_CURVE('',#1985,#2244,#4418,.T.);
#4418 = LINE('',#4419,#4420);
#4419 = CARTESIAN_POINT('',(-76.5,-78.8,55.3));
#4420 = VECTOR('',#4421,1.);
#4421 = DIRECTION('',(0.,-1.,1.110223024625E-16));
#4422 = CYLINDRICAL_SURFACE('',#4423,1.5);
#4423 = AXIS2_PLACEMENT_3D('',#4424,#4425,#4426);
#4424 = CARTESIAN_POINT('',(-76.5,-78.8,56.8));
#4425 = DIRECTION('',(0.,-1.,1.110223024625E-16));
#4426 = DIRECTION('',(1.,0.,0.));
#4427 = ADVANCED_FACE('',(#4428),#4439,.F.);
#4428 = FACE_BOUND('',#4429,.F.);
#4429 = EDGE_LOOP('',(#4430,#4431,#4432,#4433));
#4430 = ORIENTED_EDGE('',*,*,#2027,.F.);
#4431 = ORIENTED_EDGE('',*,*,#4398,.T.);
#4432 = ORIENTED_EDGE('',*,*,#2286,.T.);
#4433 = ORIENTED_EDGE('',*,*,#4434,.F.);
#4434 = EDGE_CURVE('',#2019,#2278,#4435,.T.);
#4435 = LINE('',#4436,#4437);
#4436 = CARTESIAN_POINT('',(-33.5,-78.8,58.7));
#4437 = VECTOR('',#4438,1.);
#4438 = DIRECTION('',(0.,-1.,1.110223024625E-16));
#4439 = PLANE('',#4440);
#4440 = AXIS2_PLACEMENT_3D('',#4441,#4442,#4443);
#4441 = CARTESIAN_POINT('',(-76.5,-78.8,58.7));
#4442 = DIRECTION('',(0.,1.110223024625E-16,1.));
#4443 = DIRECTION('',(0.,-1.,1.110223024625E-16));
#4444 = ADVANCED_FACE('',(#4445),#4456,.T.);
#4445 = FACE_BOUND('',#4446,.T.);
#4446 = EDGE_LOOP('',(#4447,#4448,#4449,#4450));
#4447 = ORIENTED_EDGE('',*,*,#1993,.F.);
#4448 = ORIENTED_EDGE('',*,*,#4417,.T.);
#4449 = ORIENTED_EDGE('',*,*,#2252,.T.);
#4450 = ORIENTED_EDGE('',*,*,#4451,.F.);
#4451 = EDGE_CURVE('',#1994,#2253,#4452,.T.);
#4452 = LINE('',#4453,#4454);
#4453 = CARTESIAN_POINT('',(-33.5,-78.8,55.3));
#4454 = VECTOR('',#4455,1.);
#4455 = DIRECTION('',(0.,-1.,1.110223024625E-16));
#4456 = PLANE('',#4457);
#4457 = AXIS2_PLACEMENT_3D('',#4458,#4459,#4460);
#4458 = CARTESIAN_POINT('',(-76.5,-78.8,55.3));
#4459 = DIRECTION('',(0.,1.110223024625E-16,1.));
#4460 = DIRECTION('',(0.,-1.,1.110223024625E-16));
#4461 = ADVANCED_FACE('',(#4462),#4473,.F.);
#4462 = FACE_BOUND('',#4463,.F.);
#4463 = EDGE_LOOP('',(#4464,#4465,#4471,#4472));
#4464 = ORIENTED_EDGE('',*,*,#2277,.F.);
#4465 = ORIENTED_EDGE('',*,*,#4466,.F.);
#4466 = EDGE_CURVE('',#2011,#2270,#4467,.T.);
#4467 = LINE('',#4468,#4469);
#4468 = CARTESIAN_POINT('',(-32.,-78.8,57.2));
#4469 = VECTOR('',#4470,1.);
#4470 = DIRECTION('',(0.,-1.,1.110223024625E-16));
#4471 = ORIENTED_EDGE('',*,*,#2018,.T.);
#4472 = ORIENTED_EDGE('',*,*,#4434,.T.);
#4473 = CYLINDRICAL_SURFACE('',#4474,1.5);
#4474 = AXIS2_PLACEMENT_3D('',#4475,#4476,#4477);
#4475 = CARTESIAN_POINT('',(-33.5,-78.8,57.2));
#4476 = DIRECTION('',(0.,-1.,1.110223024625E-16));
#4477 = DIRECTION('',(1.,0.,0.));
#4478 = ADVANCED_FACE('',(#4479),#4490,.F.);
#4479 = FACE_BOUND('',#4480,.F.);
#4480 = EDGE_LOOP('',(#4481,#4482,#4483,#4484));
#4481 = ORIENTED_EDGE('',*,*,#2260,.F.);
#4482 = ORIENTED_EDGE('',*,*,#4451,.F.);
#4483 = ORIENTED_EDGE('',*,*,#2001,.T.);
#4484 = ORIENTED_EDGE('',*,*,#4485,.T.);
#4485 = EDGE_CURVE('',#2002,#2261,#4486,.T.);
#4486 = LINE('',#4487,#4488);
#4487 = CARTESIAN_POINT('',(-32.,-78.8,56.8));
#4488 = VECTOR('',#4489,1.);
#4489 = DIRECTION('',(0.,-1.,1.110223024625E-16));
#4490 = CYLINDRICAL_SURFACE('',#4491,1.5);
#4491 = AXIS2_PLACEMENT_3D('',#4492,#4493,#4494);
#4492 = CARTESIAN_POINT('',(-33.5,-78.8,56.8));
#4493 = DIRECTION('',(0.,-1.,1.110223024625E-16));
#4494 = DIRECTION('',(1.,0.,0.));
#4495 = ADVANCED_FACE('',(#4496),#4502,.F.);
#4496 = FACE_BOUND('',#4497,.F.);
#4497 = EDGE_LOOP('',(#4498,#4499,#4500,#4501));
#4498 = ORIENTED_EDGE('',*,*,#4485,.F.);
#4499 = ORIENTED_EDGE('',*,*,#2010,.F.);
#4500 = ORIENTED_EDGE('',*,*,#4466,.T.);
#4501 = ORIENTED_EDGE('',*,*,#2269,.T.);
#4502 = PLANE('',#4503);
#4503 = AXIS2_PLACEMENT_3D('',#4504,#4505,#4506);
#4504 = CARTESIAN_POINT('',(-32.,-78.8,56.8));
#4505 = DIRECTION('',(1.,0.,0.));
#4506 = DIRECTION('',(0.,-1.,1.110223024625E-16));
#4507 = ADVANCED_FACE('',(#4508),#4524,.T.);
#4508 = FACE_BOUND('',#4509,.T.);
#4509 = EDGE_LOOP('',(#4510,#4516,#4517,#4523));
#4510 = ORIENTED_EDGE('',*,*,#4511,.F.);
#4511 = EDGE_CURVE('',#2047,#2306,#4512,.T.);
#4512 = LINE('',#4513,#4514);
#4513 = CARTESIAN_POINT('',(-78.,-78.8,65.8));
#4514 = VECTOR('',#4515,1.);
#4515 = DIRECTION('',(0.,-1.,1.110223024625E-16));
#4516 = ORIENTED_EDGE('',*,*,#2044,.F.);
#4517 = ORIENTED_EDGE('',*,*,#4518,.T.);
#4518 = EDGE_CURVE('',#2045,#2304,#4519,.T.);
#4519 = LINE('',#4520,#4521);
#4520 = CARTESIAN_POINT('',(-78.,-78.8,66.2));
#4521 = VECTOR('',#4522,1.);
#4522 = DIRECTION('',(0.,-1.,1.110223024625E-16));
#4523 = ORIENTED_EDGE('',*,*,#2303,.T.);
#4524 = PLANE('',#4525);
#4525 = AXIS2_PLACEMENT_3D('',#4526,#4527,#4528);
#4526 = CARTESIAN_POINT('',(-78.,-78.8,65.8));
#4527 = DIRECTION('',(1.,0.,0.));
#4528 = DIRECTION('',(0.,-1.,1.110223024625E-16));
#4529 = ADVANCED_FACE('',(#4530),#4541,.F.);
#4530 = FACE_BOUND('',#4531,.F.);
#4531 = EDGE_LOOP('',(#4532,#4533,#4539,#4540));
#4532 = ORIENTED_EDGE('',*,*,#2364,.F.);
#4533 = ORIENTED_EDGE('',*,*,#4534,.F.);
#4534 = EDGE_CURVE('',#2098,#2357,#4535,.T.);
#4535 = LINE('',#4536,#4537);
#4536 = CARTESIAN_POINT('',(-76.5,-78.8,67.7));
#4537 = VECTOR('',#4538,1.);
#4538 = DIRECTION('',(0.,-1.,1.110223024625E-16));
#4539 = ORIENTED_EDGE('',*,*,#2105,.T.);
#4540 = ORIENTED_EDGE('',*,*,#4518,.T.);
#4541 = CYLINDRICAL_SURFACE('',#4542,1.5);
#4542 = AXIS2_PLACEMENT_3D('',#4543,#4544,#4545);
#4543 = CARTESIAN_POINT('',(-76.5,-78.8,66.2));
#4544 = DIRECTION('',(0.,-1.,1.110223024625E-16));
#4545 = DIRECTION('',(1.,0.,0.));
#4546 = ADVANCED_FACE('',(#4547),#4558,.F.);
#4547 = FACE_BOUND('',#4548,.F.);
#4548 = EDGE_LOOP('',(#4549,#4550,#4551,#4552));
#4549 = ORIENTED_EDGE('',*,*,#2313,.F.);
#4550 = ORIENTED_EDGE('',*,*,#4511,.F.);
#4551 = ORIENTED_EDGE('',*,*,#2054,.T.);
#4552 = ORIENTED_EDGE('',*,*,#4553,.T.);
#4553 = EDGE_CURVE('',#2055,#2314,#4554,.T.);
#4554 = LINE('',#4555,#4556);
#4555 = CARTESIAN_POINT('',(-76.5,-78.8,64.3));
#4556 = VECTOR('',#4557,1.);
#4557 = DIRECTION('',(0.,-1.,1.110223024625E-16));
#4558 = CYLINDRICAL_SURFACE('',#4559,1.5);
#4559 = AXIS2_PLACEMENT_3D('',#4560,#4561,#4562);
#4560 = CARTESIAN_POINT('',(-76.5,-78.8,65.8));
#4561 = DIRECTION('',(0.,-1.,1.110223024625E-16));
#4562 = DIRECTION('',(1.,0.,0.));
#4563 = ADVANCED_FACE('',(#4564),#4575,.F.);
#4564 = FACE_BOUND('',#4565,.F.);
#4565 = EDGE_LOOP('',(#4566,#4567,#4568,#4569));
#4566 = ORIENTED_EDGE('',*,*,#2097,.F.);
#4567 = ORIENTED_EDGE('',*,*,#4534,.T.);
#4568 = ORIENTED_EDGE('',*,*,#2356,.T.);
#4569 = ORIENTED_EDGE('',*,*,#4570,.F.);
#4570 = EDGE_CURVE('',#2089,#2348,#4571,.T.);
#4571 = LINE('',#4572,#4573);
#4572 = CARTESIAN_POINT('',(-33.5,-78.8,67.7));
#4573 = VECTOR('',#4574,1.);
#4574 = DIRECTION('',(0.,-1.,1.110223024625E-16));
#4575 = PLANE('',#4576);
#4576 = AXIS2_PLACEMENT_3D('',#4577,#4578,#4579);
#4577 = CARTESIAN_POINT('',(-76.5,-78.8,67.7));
#4578 = DIRECTION('',(0.,1.110223024625E-16,1.));
#4579 = DIRECTION('',(0.,-1.,1.110223024625E-16));
#4580 = ADVANCED_FACE('',(#4581),#4592,.T.);
#4581 = FACE_BOUND('',#4582,.T.);
#4582 = EDGE_LOOP('',(#4583,#4584,#4585,#4586));
#4583 = ORIENTED_EDGE('',*,*,#2063,.F.);
#4584 = ORIENTED_EDGE('',*,*,#4553,.T.);
#4585 = ORIENTED_EDGE('',*,*,#2322,.T.);
#4586 = ORIENTED_EDGE('',*,*,#4587,.F.);
#4587 = EDGE_CURVE('',#2064,#2323,#4588,.T.);
#4588 = LINE('',#4589,#4590);
#4589 = CARTESIAN_POINT('',(-33.5,-78.8,64.3));
#4590 = VECTOR('',#4591,1.);
#4591 = DIRECTION('',(0.,-1.,1.110223024625E-16));
#4592 = PLANE('',#4593);
#4593 = AXIS2_PLACEMENT_3D('',#4594,#4595,#4596);
#4594 = CARTESIAN_POINT('',(-76.5,-78.8,64.3));
#4595 = DIRECTION('',(0.,1.110223024625E-16,1.));
#4596 = DIRECTION('',(0.,-1.,1.110223024625E-16));
#4597 = ADVANCED_FACE('',(#4598),#4609,.F.);
#4598 = FACE_BOUND('',#4599,.F.);
#4599 = EDGE_LOOP('',(#4600,#4601,#4607,#4608));
#4600 = ORIENTED_EDGE('',*,*,#2347,.F.);
#4601 = ORIENTED_EDGE('',*,*,#4602,.F.);
#4602 = EDGE_CURVE('',#2081,#2340,#4603,.T.);
#4603 = LINE('',#4604,#4605);
#4604 = CARTESIAN_POINT('',(-32.,-78.8,66.2));
#4605 = VECTOR('',#4606,1.);
#4606 = DIRECTION('',(0.,-1.,1.110223024625E-16));
#4607 = ORIENTED_EDGE('',*,*,#2088,.T.);
#4608 = ORIENTED_EDGE('',*,*,#4570,.T.);
#4609 = CYLINDRICAL_SURFACE('',#4610,1.5);
#4610 = AXIS2_PLACEMENT_3D('',#4611,#4612,#4613);
#4611 = CARTESIAN_POINT('',(-33.5,-78.8,66.2));
#4612 = DIRECTION('',(0.,-1.,1.110223024625E-16));
#4613 = DIRECTION('',(1.,0.,0.));
#4614 = ADVANCED_FACE('',(#4615),#4626,.F.);
#4615 = FACE_BOUND('',#4616,.F.);
#4616 = EDGE_LOOP('',(#4617,#4618,#4619,#4620));
#4617 = ORIENTED_EDGE('',*,*,#2330,.F.);
#4618 = ORIENTED_EDGE('',*,*,#4587,.F.);
#4619 = ORIENTED_EDGE('',*,*,#2071,.T.);
#4620 = ORIENTED_EDGE('',*,*,#4621,.T.);
#4621 = EDGE_CURVE('',#2072,#2331,#4622,.T.);
#4622 = LINE('',#4623,#4624);
#4623 = CARTESIAN_POINT('',(-32.,-78.8,65.8));
#4624 = VECTOR('',#4625,1.);
#4625 = DIRECTION('',(0.,-1.,1.110223024625E-16));
#4626 = CYLINDRICAL_SURFACE('',#4627,1.5);
#4627 = AXIS2_PLACEMENT_3D('',#4628,#4629,#4630);
#4628 = CARTESIAN_POINT('',(-33.5,-78.8,65.8));
#4629 = DIRECTION('',(0.,-1.,1.110223024625E-16));
#4630 = DIRECTION('',(1.,0.,0.));
#4631 = ADVANCED_FACE('',(#4632),#4638,.F.);
#4632 = FACE_BOUND('',#4633,.F.);
#4633 = EDGE_LOOP('',(#4634,#4635,#4636,#4637));
#4634 = ORIENTED_EDGE('',*,*,#4621,.F.);
#4635 = ORIENTED_EDGE('',*,*,#2080,.F.);
#4636 = ORIENTED_EDGE('',*,*,#4602,.T.);
#4637 = ORIENTED_EDGE('',*,*,#2339,.T.);
#4638 = PLANE('',#4639);
#4639 = AXIS2_PLACEMENT_3D('',#4640,#4641,#4642);
#4640 = CARTESIAN_POINT('',(-32.,-78.8,65.8));
#4641 = DIRECTION('',(1.,0.,0.));
#4642 = DIRECTION('',(0.,-1.,1.110223024625E-16));
#4643 = ADVANCED_FACE('',(#4644),#4660,.T.);
#4644 = FACE_BOUND('',#4645,.T.);
#4645 = EDGE_LOOP('',(#4646,#4652,#4653,#4659));
#4646 = ORIENTED_EDGE('',*,*,#4647,.F.);
#4647 = EDGE_CURVE('',#2117,#2376,#4648,.T.);
#4648 = LINE('',#4649,#4650);
#4649 = CARTESIAN_POINT('',(-78.,-78.8,74.8));
#4650 = VECTOR('',#4651,1.);
#4651 = DIRECTION('',(0.,-1.,1.110223024625E-16));
#4652 = ORIENTED_EDGE('',*,*,#2114,.F.);
#4653 = ORIENTED_EDGE('',*,*,#4654,.T.);
#4654 = EDGE_CURVE('',#2115,#2374,#4655,.T.);
#4655 = LINE('',#4656,#4657);
#4656 = CARTESIAN_POINT('',(-78.,-78.8,75.2));
#4657 = VECTOR('',#4658,1.);
#4658 = DIRECTION('',(0.,-1.,1.110223024625E-16));
#4659 = ORIENTED_EDGE('',*,*,#2373,.T.);
#4660 = PLANE('',#4661);
#4661 = AXIS2_PLACEMENT_3D('',#4662,#4663,#4664);
#4662 = CARTESIAN_POINT('',(-78.,-78.8,74.8));
#4663 = DIRECTION('',(1.,0.,0.));
#4664 = DIRECTION('',(0.,-1.,1.110223024625E-16));
#4665 = ADVANCED_FACE('',(#4666),#4677,.F.);
#4666 = FACE_BOUND('',#4667,.F.);
#4667 = EDGE_LOOP('',(#4668,#4669,#4675,#4676));
#4668 = ORIENTED_EDGE('',*,*,#2434,.F.);
#4669 = ORIENTED_EDGE('',*,*,#4670,.F.);
#4670 = EDGE_CURVE('',#2168,#2427,#4671,.T.);
#4671 = LINE('',#4672,#4673);
#4672 = CARTESIAN_POINT('',(-76.5,-78.8,76.7));
#4673 = VECTOR('',#4674,1.);
#4674 = DIRECTION('',(0.,-1.,1.110223024625E-16));
#4675 = ORIENTED_EDGE('',*,*,#2175,.T.);
#4676 = ORIENTED_EDGE('',*,*,#4654,.T.);
#4677 = CYLINDRICAL_SURFACE('',#4678,1.5);
#4678 = AXIS2_PLACEMENT_3D('',#4679,#4680,#4681);
#4679 = CARTESIAN_POINT('',(-76.5,-78.8,75.2));
#4680 = DIRECTION('',(0.,-1.,1.110223024625E-16));
#4681 = DIRECTION('',(1.,0.,0.));
#4682 = ADVANCED_FACE('',(#4683),#4694,.F.);
#4683 = FACE_BOUND('',#4684,.F.);
#4684 = EDGE_LOOP('',(#4685,#4686,#4687,#4688));
#4685 = ORIENTED_EDGE('',*,*,#2383,.F.);
#4686 = ORIENTED_EDGE('',*,*,#4647,.F.);
#4687 = ORIENTED_EDGE('',*,*,#2124,.T.);
#4688 = ORIENTED_EDGE('',*,*,#4689,.T.);
#4689 = EDGE_CURVE('',#2125,#2384,#4690,.T.);
#4690 = LINE('',#4691,#4692);
#4691 = CARTESIAN_POINT('',(-76.5,-78.8,73.3));
#4692 = VECTOR('',#4693,1.);
#4693 = DIRECTION('',(0.,-1.,1.110223024625E-16));
#4694 = CYLINDRICAL_SURFACE('',#4695,1.5);
#4695 = AXIS2_PLACEMENT_3D('',#4696,#4697,#4698);
#4696 = CARTESIAN_POINT('',(-76.5,-78.8,74.8));
#4697 = DIRECTION('',(0.,-1.,1.110223024625E-16));
#4698 = DIRECTION('',(1.,0.,0.));
#4699 = ADVANCED_FACE('',(#4700),#4711,.F.);
#4700 = FACE_BOUND('',#4701,.F.);
#4701 = EDGE_LOOP('',(#4702,#4703,#4704,#4705));
#4702 = ORIENTED_EDGE('',*,*,#2167,.F.);
#4703 = ORIENTED_EDGE('',*,*,#4670,.T.);
#4704 = ORIENTED_EDGE('',*,*,#2426,.T.);
#4705 = ORIENTED_EDGE('',*,*,#4706,.F.);
#4706 = EDGE_CURVE('',#2159,#2418,#4707,.T.);
#4707 = LINE('',#4708,#4709);
#4708 = CARTESIAN_POINT('',(-33.5,-78.8,76.7));
#4709 = VECTOR('',#4710,1.);
#4710 = DIRECTION('',(0.,-1.,1.110223024625E-16));
#4711 = PLANE('',#4712);
#4712 = AXIS2_PLACEMENT_3D('',#4713,#4714,#4715);
#4713 = CARTESIAN_POINT('',(-76.5,-78.8,76.7));
#4714 = DIRECTION('',(0.,1.110223024625E-16,1.));
#4715 = DIRECTION('',(0.,-1.,1.110223024625E-16));
#4716 = ADVANCED_FACE('',(#4717),#4728,.T.);
#4717 = FACE_BOUND('',#4718,.T.);
#4718 = EDGE_LOOP('',(#4719,#4720,#4721,#4722));
#4719 = ORIENTED_EDGE('',*,*,#2133,.F.);
#4720 = ORIENTED_EDGE('',*,*,#4689,.T.);
#4721 = ORIENTED_EDGE('',*,*,#2392,.T.);
#4722 = ORIENTED_EDGE('',*,*,#4723,.F.);
#4723 = EDGE_CURVE('',#2134,#2393,#4724,.T.);
#4724 = LINE('',#4725,#4726);
#4725 = CARTESIAN_POINT('',(-33.5,-78.8,73.3));
#4726 = VECTOR('',#4727,1.);
#4727 = DIRECTION('',(0.,-1.,1.110223024625E-16));
#4728 = PLANE('',#4729);
#4729 = AXIS2_PLACEMENT_3D('',#4730,#4731,#4732);
#4730 = CARTESIAN_POINT('',(-76.5,-78.8,73.3));
#4731 = DIRECTION('',(0.,1.110223024625E-16,1.));
#4732 = DIRECTION('',(0.,-1.,1.110223024625E-16));
#4733 = ADVANCED_FACE('',(#4734),#4745,.F.);
#4734 = FACE_BOUND('',#4735,.F.);
#4735 = EDGE_LOOP('',(#4736,#4737,#4743,#4744));
#4736 = ORIENTED_EDGE('',*,*,#2417,.F.);
#4737 = ORIENTED_EDGE('',*,*,#4738,.F.);
#4738 = EDGE_CURVE('',#2151,#2410,#4739,.T.);
#4739 = LINE('',#4740,#4741);
#4740 = CARTESIAN_POINT('',(-32.,-78.8,75.2));
#4741 = VECTOR('',#4742,1.);
#4742 = DIRECTION('',(0.,-1.,1.110223024625E-16));
#4743 = ORIENTED_EDGE('',*,*,#2158,.T.);
#4744 = ORIENTED_EDGE('',*,*,#4706,.T.);
#4745 = CYLINDRICAL_SURFACE('',#4746,1.5);
#4746 = AXIS2_PLACEMENT_3D('',#4747,#4748,#4749);
#4747 = CARTESIAN_POINT('',(-33.5,-78.8,75.2));
#4748 = DIRECTION('',(0.,-1.,1.110223024625E-16));
#4749 = DIRECTION('',(1.,0.,0.));
#4750 = ADVANCED_FACE('',(#4751),#4762,.F.);
#4751 = FACE_BOUND('',#4752,.F.);
#4752 = EDGE_LOOP('',(#4753,#4754,#4755,#4756));
#4753 = ORIENTED_EDGE('',*,*,#2400,.F.);
#4754 = ORIENTED_EDGE('',*,*,#4723,.F.);
#4755 = ORIENTED_EDGE('',*,*,#2141,.T.);
#4756 = ORIENTED_EDGE('',*,*,#4757,.T.);
#4757 = EDGE_CURVE('',#2142,#2401,#4758,.T.);
#4758 = LINE('',#4759,#4760);
#4759 = CARTESIAN_POINT('',(-32.,-78.8,74.8));
#4760 = VECTOR('',#4761,1.);
#4761 = DIRECTION('',(0.,-1.,1.110223024625E-16));
#4762 = CYLINDRICAL_SURFACE('',#4763,1.5);
#4763 = AXIS2_PLACEMENT_3D('',#4764,#4765,#4766);
#4764 = CARTESIAN_POINT('',(-33.5,-78.8,74.8));
#4765 = DIRECTION('',(0.,-1.,1.110223024625E-16));
#4766 = DIRECTION('',(1.,0.,0.));
#4767 = ADVANCED_FACE('',(#4768),#4774,.F.);
#4768 = FACE_BOUND('',#4769,.F.);
#4769 = EDGE_LOOP('',(#4770,#4771,#4772,#4773));
#4770 = ORIENTED_EDGE('',*,*,#4757,.F.);
#4771 = ORIENTED_EDGE('',*,*,#2150,.F.);
#4772 = ORIENTED_EDGE('',*,*,#4738,.T.);
#4773 = ORIENTED_EDGE('',*,*,#2409,.T.);
#4774 = PLANE('',#4775);
#4775 = AXIS2_PLACEMENT_3D('',#4776,#4777,#4778);
#4776 = CARTESIAN_POINT('',(-32.,-78.8,74.8));
#4777 = DIRECTION('',(1.,0.,0.));
#4778 = DIRECTION('',(0.,-1.,1.110223024625E-16));
#4779 = ADVANCED_FACE('',(#4780),#4797,.T.);
#4780 = FACE_BOUND('',#4781,.F.);
#4781 = EDGE_LOOP('',(#4782,#4789,#4795,#4796));
#4782 = ORIENTED_EDGE('',*,*,#4783,.F.);
#4783 = EDGE_CURVE('',#2480,#2192,#4784,.T.);
#4784 = CIRCLE('',#4785,5.);
#4785 = AXIS2_PLACEMENT_3D('',#4786,#4787,#4788);
#4786 = CARTESIAN_POINT('',(-89.,-77.,95.));
#4787 = DIRECTION('',(1.,-6.123233995737E-17,0.));
#4788 = DIRECTION('',(-6.123233995737E-17,-1.,0.));
#4789 = ORIENTED_EDGE('',*,*,#4790,.T.);
#4790 = EDGE_CURVE('',#2480,#3415,#4791,.T.);
#4791 = LINE('',#4792,#4793);
#4792 = CARTESIAN_POINT('',(-94.,-77.,100.));
#4793 = VECTOR('',#4794,1.);
#4794 = DIRECTION('',(1.,0.,-0.));
#4795 = ORIENTED_EDGE('',*,*,#3424,.T.);
#4796 = ORIENTED_EDGE('',*,*,#2199,.F.);
#4797 = CYLINDRICAL_SURFACE('',#4798,5.);
#4798 = AXIS2_PLACEMENT_3D('',#4799,#4800,#4801);
#4799 = CARTESIAN_POINT('',(-94.,-77.,95.));
#4800 = DIRECTION('',(1.,0.,-0.));
#4801 = DIRECTION('',(0.,-1.,0.));
#4802 = ADVANCED_FACE('',(#4803),#4822,.T.);
#4803 = FACE_BOUND('',#4804,.T.);
#4804 = EDGE_LOOP('',(#4805,#4813,#4820,#4821));
#4805 = ORIENTED_EDGE('',*,*,#4806,.T.);
#4806 = EDGE_CURVE('',#2223,#4807,#4809,.T.);
#4807 = VERTEX_POINT('',#4808);
#4808 = CARTESIAN_POINT('',(-45.,-86.,27.));
#4809 = LINE('',#4810,#4811);
#4810 = CARTESIAN_POINT('',(-45.,-75.,27.));
#4811 = VECTOR('',#4812,1.);
#4812 = DIRECTION('',(0.,-1.,0.));
#4813 = ORIENTED_EDGE('',*,*,#4814,.F.);
#4814 = EDGE_CURVE('',#4807,#4807,#4815,.T.);
#4815 = CIRCLE('',#4816,8.);
#4816 = AXIS2_PLACEMENT_3D('',#4817,#4818,#4819);
#4817 = CARTESIAN_POINT('',(-45.,-86.,35.));
#4818 = DIRECTION('',(0.,-1.,0.));
#4819 = DIRECTION('',(0.,-0.,-1.));
#4820 = ORIENTED_EDGE('',*,*,#4806,.F.);
#4821 = ORIENTED_EDGE('',*,*,#2222,.T.);
#4822 = CYLINDRICAL_SURFACE('',#4823,8.);
#4823 = AXIS2_PLACEMENT_3D('',#4824,#4825,#4826);
#4824 = CARTESIAN_POINT('',(-45.,-75.,35.));
#4825 = DIRECTION('',(0.,-1.,0.));
#4826 = DIRECTION('',(0.,-0.,-1.));
#4827 = ADVANCED_FACE('',(#4828),#4833,.T.);
#4828 = FACE_BOUND('',#4829,.F.);
#4829 = EDGE_LOOP('',(#4830,#4831,#4832));
#4830 = ORIENTED_EDGE('',*,*,#2479,.F.);
#4831 = ORIENTED_EDGE('',*,*,#4783,.T.);
#4832 = ORIENTED_EDGE('',*,*,#2464,.F.);
#4833 = SPHERICAL_SURFACE('',#4834,5.);
#4834 = AXIS2_PLACEMENT_3D('',#4835,#4836,#4837);
#4835 = CARTESIAN_POINT('',(-89.,-77.,95.));
#4836 = DIRECTION('',(-0.,-0.,-1.));
#4837 = DIRECTION('',(-1.,0.,0.));
#4838 = ADVANCED_FACE('',(#4839,#4845,#4879,#4913,#4947,#4981,#5015),
  #5049,.T.);
#4839 = FACE_BOUND('',#4840,.T.);
#4840 = EDGE_LOOP('',(#4841,#4842,#4843,#4844));
#4841 = ORIENTED_EDGE('',*,*,#2488,.F.);
#4842 = ORIENTED_EDGE('',*,*,#4790,.T.);
#4843 = ORIENTED_EDGE('',*,*,#3414,.T.);
#4844 = ORIENTED_EDGE('',*,*,#3498,.F.);
#4845 = FACE_BOUND('',#4846,.T.);
#4846 = EDGE_LOOP('',(#4847,#4857,#4865,#4873));
#4847 = ORIENTED_EDGE('',*,*,#4848,.T.);
#4848 = EDGE_CURVE('',#4849,#4851,#4853,.T.);
#4849 = VERTEX_POINT('',#4850);
#4850 = CARTESIAN_POINT('',(-64.,-48.,100.));
#4851 = VERTEX_POINT('',#4852);
#4852 = CARTESIAN_POINT('',(-68.,-48.,100.));
#4853 = LINE('',#4854,#4855);
#4854 = CARTESIAN_POINT('',(-81.,-48.,100.));
#4855 = VECTOR('',#4856,1.);
#4856 = DIRECTION('',(-1.,-0.,0.));
#4857 = ORIENTED_EDGE('',*,*,#4858,.T.);
#4858 = EDGE_CURVE('',#4851,#4859,#4861,.T.);
#4859 = VERTEX_POINT('',#4860);
#4860 = CARTESIAN_POINT('',(-68.,-22.,100.));
#4861 = LINE('',#4862,#4863);
#4862 = CARTESIAN_POINT('',(-68.,-65.,100.));
#4863 = VECTOR('',#4864,1.);
#4864 = DIRECTION('',(-0.,1.,0.));
#4865 = ORIENTED_EDGE('',*,*,#4866,.F.);
#4866 = EDGE_CURVE('',#4867,#4859,#4869,.T.);
#4867 = VERTEX_POINT('',#4868);
#4868 = CARTESIAN_POINT('',(-64.,-22.,100.));
#4869 = LINE('',#4870,#4871);
#4870 = CARTESIAN_POINT('',(-81.,-22.,100.));
#4871 = VECTOR('',#4872,1.);
#4872 = DIRECTION('',(-1.,-0.,0.));
#4873 = ORIENTED_EDGE('',*,*,#4874,.F.);
#4874 = EDGE_CURVE('',#4849,#4867,#4875,.T.);
#4875 = LINE('',#4876,#4877);
#4876 = CARTESIAN_POINT('',(-64.,-65.,100.));
#4877 = VECTOR('',#4878,1.);
#4878 = DIRECTION('',(-0.,1.,0.));
#4879 = FACE_BOUND('',#4880,.T.);
#4880 = EDGE_LOOP('',(#4881,#4891,#4899,#4907));
#4881 = ORIENTED_EDGE('',*,*,#4882,.T.);
#4882 = EDGE_CURVE('',#4883,#4885,#4887,.T.);
#4883 = VERTEX_POINT('',#4884);
#4884 = CARTESIAN_POINT('',(-52.,-48.,100.));
#4885 = VERTEX_POINT('',#4886);
#4886 = CARTESIAN_POINT('',(-56.,-48.,100.));
#4887 = LINE('',#4888,#4889);
#4888 = CARTESIAN_POINT('',(-75.,-48.,100.));
#4889 = VECTOR('',#4890,1.);
#4890 = DIRECTION('',(-1.,-0.,0.));
#4891 = ORIENTED_EDGE('',*,*,#4892,.T.);
#4892 = EDGE_CURVE('',#4885,#4893,#4895,.T.);
#4893 = VERTEX_POINT('',#4894);
#4894 = CARTESIAN_POINT('',(-56.,-22.,100.));
#4895 = LINE('',#4896,#4897);
#4896 = CARTESIAN_POINT('',(-56.,-65.,100.));
#4897 = VECTOR('',#4898,1.);
#4898 = DIRECTION('',(-0.,1.,0.));
#4899 = ORIENTED_EDGE('',*,*,#4900,.F.);
#4900 = EDGE_CURVE('',#4901,#4893,#4903,.T.);
#4901 = VERTEX_POINT('',#4902);
#4902 = CARTESIAN_POINT('',(-52.,-22.,100.));
#4903 = LINE('',#4904,#4905);
#4904 = CARTESIAN_POINT('',(-75.,-22.,100.));
#4905 = VECTOR('',#4906,1.);
#4906 = DIRECTION('',(-1.,-0.,0.));
#4907 = ORIENTED_EDGE('',*,*,#4908,.F.);
#4908 = EDGE_CURVE('',#4883,#4901,#4909,.T.);
#4909 = LINE('',#4910,#4911);
#4910 = CARTESIAN_POINT('',(-52.,-65.,100.));
#4911 = VECTOR('',#4912,1.);
#4912 = DIRECTION('',(-0.,1.,0.));
#4913 = FACE_BOUND('',#4914,.T.);
#4914 = EDGE_LOOP('',(#4915,#4925,#4933,#4941));
#4915 = ORIENTED_EDGE('',*,*,#4916,.T.);
#4916 = EDGE_CURVE('',#4917,#4919,#4921,.T.);
#4917 = VERTEX_POINT('',#4918);
#4918 = CARTESIAN_POINT('',(-40.,-48.,100.));
#4919 = VERTEX_POINT('',#4920);
#4920 = CARTESIAN_POINT('',(-44.,-48.,100.));
#4921 = LINE('',#4922,#4923);
#4922 = CARTESIAN_POINT('',(-69.,-48.,100.));
#4923 = VECTOR('',#4924,1.);
#4924 = DIRECTION('',(-1.,-0.,0.));
#4925 = ORIENTED_EDGE('',*,*,#4926,.T.);
#4926 = EDGE_CURVE('',#4919,#4927,#4929,.T.);
#4927 = VERTEX_POINT('',#4928);
#4928 = CARTESIAN_POINT('',(-44.,-22.,100.));
#4929 = LINE('',#4930,#4931);
#4930 = CARTESIAN_POINT('',(-44.,-65.,100.));
#4931 = VECTOR('',#4932,1.);
#4932 = DIRECTION('',(-0.,1.,0.));
#4933 = ORIENTED_EDGE('',*,*,#4934,.F.);
#4934 = EDGE_CURVE('',#4935,#4927,#4937,.T.);
#4935 = VERTEX_POINT('',#4936);
#4936 = CARTESIAN_POINT('',(-40.,-22.,100.));
#4937 = LINE('',#4938,#4939);
#4938 = CARTESIAN_POINT('',(-69.,-22.,100.));
#4939 = VECTOR('',#4940,1.);
#4940 = DIRECTION('',(-1.,-0.,0.));
#4941 = ORIENTED_EDGE('',*,*,#4942,.F.);
#4942 = EDGE_CURVE('',#4917,#4935,#4943,.T.);
#4943 = LINE('',#4944,#4945);
#4944 = CARTESIAN_POINT('',(-40.,-65.,100.));
#4945 = VECTOR('',#4946,1.);
#4946 = DIRECTION('',(-0.,1.,0.));
#4947 = FACE_BOUND('',#4948,.T.);
#4948 = EDGE_LOOP('',(#4949,#4959,#4967,#4975));
#4949 = ORIENTED_EDGE('',*,*,#4950,.T.);
#4950 = EDGE_CURVE('',#4951,#4953,#4955,.T.);
#4951 = VERTEX_POINT('',#4952);
#4952 = CARTESIAN_POINT('',(-64.,22.,100.));
#4953 = VERTEX_POINT('',#4954);
#4954 = CARTESIAN_POINT('',(-68.,22.,100.));
#4955 = LINE('',#4956,#4957);
#4956 = CARTESIAN_POINT('',(-81.,22.,100.));
#4957 = VECTOR('',#4958,1.);
#4958 = DIRECTION('',(-1.,-0.,0.));
#4959 = ORIENTED_EDGE('',*,*,#4960,.T.);
#4960 = EDGE_CURVE('',#4953,#4961,#4963,.T.);
#4961 = VERTEX_POINT('',#4962);
#4962 = CARTESIAN_POINT('',(-68.,48.,100.));
#4963 = LINE('',#4964,#4965);
#4964 = CARTESIAN_POINT('',(-68.,-30.,100.));
#4965 = VECTOR('',#4966,1.);
#4966 = DIRECTION('',(-0.,1.,0.));
#4967 = ORIENTED_EDGE('',*,*,#4968,.F.);
#4968 = EDGE_CURVE('',#4969,#4961,#4971,.T.);
#4969 = VERTEX_POINT('',#4970);
#4970 = CARTESIAN_POINT('',(-64.,48.,100.));
#4971 = LINE('',#4972,#4973);
#4972 = CARTESIAN_POINT('',(-81.,48.,100.));
#4973 = VECTOR('',#4974,1.);
#4974 = DIRECTION('',(-1.,-0.,0.));
#4975 = ORIENTED_EDGE('',*,*,#4976,.F.);
#4976 = EDGE_CURVE('',#4951,#4969,#4977,.T.);
#4977 = LINE('',#4978,#4979);
#4978 = CARTESIAN_POINT('',(-64.,-30.,100.));
#4979 = VECTOR('',#4980,1.);
#4980 = DIRECTION('',(-0.,1.,0.));
#4981 = FACE_BOUND('',#4982,.T.);
#4982 = EDGE_LOOP('',(#4983,#4993,#5001,#5009));
#4983 = ORIENTED_EDGE('',*,*,#4984,.T.);
#4984 = EDGE_CURVE('',#4985,#4987,#4989,.T.);
#4985 = VERTEX_POINT('',#4986);
#4986 = CARTESIAN_POINT('',(-52.,22.,100.));
#4987 = VERTEX_POINT('',#4988);
#4988 = CARTESIAN_POINT('',(-56.,22.,100.));
#4989 = LINE('',#4990,#4991);
#4990 = CARTESIAN_POINT('',(-75.,22.,100.));
#4991 = VECTOR('',#4992,1.);
#4992 = DIRECTION('',(-1.,-0.,0.));
#4993 = ORIENTED_EDGE('',*,*,#4994,.T.);
#4994 = EDGE_CURVE('',#4987,#4995,#4997,.T.);
#4995 = VERTEX_POINT('',#4996);
#4996 = CARTESIAN_POINT('',(-56.,48.,100.));
#4997 = LINE('',#4998,#4999);
#4998 = CARTESIAN_POINT('',(-56.,-30.,100.));
#4999 = VECTOR('',#5000,1.);
#5000 = DIRECTION('',(-0.,1.,0.));
#5001 = ORIENTED_EDGE('',*,*,#5002,.F.);
#5002 = EDGE_CURVE('',#5003,#4995,#5005,.T.);
#5003 = VERTEX_POINT('',#5004);
#5004 = CARTESIAN_POINT('',(-52.,48.,100.));
#5005 = LINE('',#5006,#5007);
#5006 = CARTESIAN_POINT('',(-75.,48.,100.));
#5007 = VECTOR('',#5008,1.);
#5008 = DIRECTION('',(-1.,-0.,0.));
#5009 = ORIENTED_EDGE('',*,*,#5010,.F.);
#5010 = EDGE_CURVE('',#4985,#5003,#5011,.T.);
#5011 = LINE('',#5012,#5013);
#5012 = CARTESIAN_POINT('',(-52.,-30.,100.));
#5013 = VECTOR('',#5014,1.);
#5014 = DIRECTION('',(-0.,1.,0.));
#5015 = FACE_BOUND('',#5016,.T.);
#5016 = EDGE_LOOP('',(#5017,#5027,#5035,#5043));
#5017 = ORIENTED_EDGE('',*,*,#5018,.T.);
#5018 = EDGE_CURVE('',#5019,#5021,#5023,.T.);
#5019 = VERTEX_POINT('',#5020);
#5020 = CARTESIAN_POINT('',(-40.,22.,100.));
#5021 = VERTEX_POINT('',#5022);
#5022 = CARTESIAN_POINT('',(-44.,22.,100.));
#5023 = LINE('',#5024,#5025);
#5024 = CARTESIAN_POINT('',(-69.,22.,100.));
#5025 = VECTOR('',#5026,1.);
#5026 = DIRECTION('',(-1.,-0.,0.));
#5027 = ORIENTED_EDGE('',*,*,#5028,.T.);
#5028 = EDGE_CURVE('',#5021,#5029,#5031,.T.);
#5029 = VERTEX_POINT('',#5030);
#5030 = CARTESIAN_POINT('',(-44.,48.,100.));
#5031 = LINE('',#5032,#5033);
#5032 = CARTESIAN_POINT('',(-44.,-30.,100.));
#5033 = VECTOR('',#5034,1.);
#5034 = DIRECTION('',(-0.,1.,0.));
#5035 = ORIENTED_EDGE('',*,*,#5036,.F.);
#5036 = EDGE_CURVE('',#5037,#5029,#5039,.T.);
#5037 = VERTEX_POINT('',#5038);
#5038 = CARTESIAN_POINT('',(-40.,48.,100.));
#5039 = LINE('',#5040,#5041);
#5040 = CARTESIAN_POINT('',(-69.,48.,100.));
#5041 = VECTOR('',#5042,1.);
#5042 = DIRECTION('',(-1.,-0.,0.));
#5043 = ORIENTED_EDGE('',*,*,#5044,.F.);
#5044 = EDGE_CURVE('',#5019,#5037,#5045,.T.);
#5045 = LINE('',#5046,#5047);
#5046 = CARTESIAN_POINT('',(-40.,-30.,100.));
#5047 = VECTOR('',#5048,1.);
#5048 = DIRECTION('',(-0.,1.,0.));
#5049 = PLANE('',#5050);
#5050 = AXIS2_PLACEMENT_3D('',#5051,#5052,#5053);
#5051 = CARTESIAN_POINT('',(-94.,-82.,100.));
#5052 = DIRECTION('',(0.,0.,1.));
#5053 = DIRECTION('',(1.,0.,-0.));
#5054 = ADVANCED_FACE('',(#5055),#5060,.T.);
#5055 = FACE_BOUND('',#5056,.F.);
#5056 = EDGE_LOOP('',(#5057,#5058,#5059));
#5057 = ORIENTED_EDGE('',*,*,#2515,.F.);
#5058 = ORIENTED_EDGE('',*,*,#3491,.T.);
#5059 = ORIENTED_EDGE('',*,*,#2496,.F.);
#5060 = SPHERICAL_SURFACE('',#5061,5.);
#5061 = AXIS2_PLACEMENT_3D('',#5062,#5063,#5064);
#5062 = CARTESIAN_POINT('',(-89.,77.,95.));
#5063 = DIRECTION('',(0.,-1.,-0.));
#5064 = DIRECTION('',(-1.,-0.,0.));
#5065 = ADVANCED_FACE('',(#5066,#5069),#5080,.F.);
#5066 = FACE_BOUND('',#5067,.F.);
#5067 = EDGE_LOOP('',(#5068));
#5068 = ORIENTED_EDGE('',*,*,#2538,.T.);
#5069 = FACE_BOUND('',#5070,.F.);
#5070 = EDGE_LOOP('',(#5071));
#5071 = ORIENTED_EDGE('',*,*,#5072,.F.);
#5072 = EDGE_CURVE('',#5073,#5073,#5075,.T.);
#5073 = VERTEX_POINT('',#5074);
#5074 = CARTESIAN_POINT('',(-92.,62.,-38.3));
#5075 = CIRCLE('',#5076,1.7);
#5076 = AXIS2_PLACEMENT_3D('',#5077,#5078,#5079);
#5077 = CARTESIAN_POINT('',(-92.,62.,-40.));
#5078 = DIRECTION('',(1.,0.,0.));
#5079 = DIRECTION('',(-0.,0.,1.));
#5080 = PLANE('',#5081);
#5081 = AXIS2_PLACEMENT_3D('',#5082,#5083,#5084);
#5082 = CARTESIAN_POINT('',(-92.,62.,-40.));
#5083 = DIRECTION('',(1.,0.,0.));
#5084 = DIRECTION('',(-0.,0.,1.));
#5085 = ADVANCED_FACE('',(#5086,#5089),#5100,.F.);
#5086 = FACE_BOUND('',#5087,.F.);
#5087 = EDGE_LOOP('',(#5088));
#5088 = ORIENTED_EDGE('',*,*,#2563,.T.);
#5089 = FACE_BOUND('',#5090,.F.);
#5090 = EDGE_LOOP('',(#5091));
#5091 = ORIENTED_EDGE('',*,*,#5092,.F.);
#5092 = EDGE_CURVE('',#5093,#5093,#5095,.T.);
#5093 = VERTEX_POINT('',#5094);
#5094 = CARTESIAN_POINT('',(-92.,62.,42.7));
#5095 = CIRCLE('',#5096,1.7);
#5096 = AXIS2_PLACEMENT_3D('',#5097,#5098,#5099);
#5097 = CARTESIAN_POINT('',(-92.,62.,41.));
#5098 = DIRECTION('',(1.,0.,0.));
#5099 = DIRECTION('',(-0.,0.,1.));
#5100 = PLANE('',#5101);
#5101 = AXIS2_PLACEMENT_3D('',#5102,#5103,#5104);
#5102 = CARTESIAN_POINT('',(-92.,62.,41.));
#5103 = DIRECTION('',(1.,0.,0.));
#5104 = DIRECTION('',(-0.,0.,1.));
#5105 = ADVANCED_FACE('',(#5106,#5109),#5120,.F.);
#5106 = FACE_BOUND('',#5107,.F.);
#5107 = EDGE_LOOP('',(#5108));
#5108 = ORIENTED_EDGE('',*,*,#2588,.T.);
#5109 = FACE_BOUND('',#5110,.F.);
#5110 = EDGE_LOOP('',(#5111));
#5111 = ORIENTED_EDGE('',*,*,#5112,.F.);
#5112 = EDGE_CURVE('',#5113,#5113,#5115,.T.);
#5113 = VERTEX_POINT('',#5114);
#5114 = CARTESIAN_POINT('',(-92.,-62.,-38.3));
#5115 = CIRCLE('',#5116,1.7);
#5116 = AXIS2_PLACEMENT_3D('',#5117,#5118,#5119);
#5117 = CARTESIAN_POINT('',(-92.,-62.,-40.));
#5118 = DIRECTION('',(1.,0.,0.));
#5119 = DIRECTION('',(-0.,0.,1.));
#5120 = PLANE('',#5121);
#5121 = AXIS2_PLACEMENT_3D('',#5122,#5123,#5124);
#5122 = CARTESIAN_POINT('',(-92.,-62.,-40.));
#5123 = DIRECTION('',(1.,0.,0.));
#5124 = DIRECTION('',(-0.,0.,1.));
#5125 = ADVANCED_FACE('',(#5126,#5129),#5140,.F.);
#5126 = FACE_BOUND('',#5127,.F.);
#5127 = EDGE_LOOP('',(#5128));
#5128 = ORIENTED_EDGE('',*,*,#3397,.T.);
#5129 = FACE_BOUND('',#5130,.F.);
#5130 = EDGE_LOOP('',(#5131));
#5131 = ORIENTED_EDGE('',*,*,#5132,.F.);
#5132 = EDGE_CURVE('',#5133,#5133,#5135,.T.);
#5133 = VERTEX_POINT('',#5134);
#5134 = CARTESIAN_POINT('',(-92.,-62.,42.7));
#5135 = CIRCLE('',#5136,1.7);
#5136 = AXIS2_PLACEMENT_3D('',#5137,#5138,#5139);
#5137 = CARTESIAN_POINT('',(-92.,-62.,41.));
#5138 = DIRECTION('',(1.,0.,0.));
#5139 = DIRECTION('',(-0.,0.,1.));
#5140 = PLANE('',#5141);
#5141 = AXIS2_PLACEMENT_3D('',#5142,#5143,#5144);
#5142 = CARTESIAN_POINT('',(-92.,-62.,41.));
#5143 = DIRECTION('',(1.,0.,0.));
#5144 = DIRECTION('',(-0.,0.,1.));
#5145 = ADVANCED_FACE('',(#5146),#5157,.F.);
#5146 = FACE_BOUND('',#5147,.F.);
#5147 = EDGE_LOOP('',(#5148,#5149,#5150,#5156));
#5148 = ORIENTED_EDGE('',*,*,#4257,.F.);
#5149 = ORIENTED_EDGE('',*,*,#4141,.T.);
#5150 = ORIENTED_EDGE('',*,*,#5151,.T.);
#5151 = EDGE_CURVE('',#4142,#3451,#5152,.T.);
#5152 = LINE('',#5153,#5154);
#5153 = CARTESIAN_POINT('',(-91.5,77.,97.5));
#5154 = VECTOR('',#5155,1.);
#5155 = DIRECTION('',(1.,0.,-0.));
#5156 = ORIENTED_EDGE('',*,*,#3458,.F.);
#5157 = CYLINDRICAL_SURFACE('',#5158,2.5);
#5158 = AXIS2_PLACEMENT_3D('',#5159,#5160,#5161);
#5159 = CARTESIAN_POINT('',(-91.5,77.,95.));
#5160 = DIRECTION('',(1.,0.,-0.));
#5161 = DIRECTION('',(0.,1.,0.));
#5162 = ADVANCED_FACE('',(#5163),#5174,.F.);
#5163 = FACE_BOUND('',#5164,.F.);
#5164 = EDGE_LOOP('',(#5165,#5166,#5172,#5173));
#5165 = ORIENTED_EDGE('',*,*,#4150,.F.);
#5166 = ORIENTED_EDGE('',*,*,#5167,.T.);
#5167 = EDGE_CURVE('',#4151,#3442,#5168,.T.);
#5168 = LINE('',#5169,#5170);
#5169 = CARTESIAN_POINT('',(-91.5,-77.,97.5));
#5170 = VECTOR('',#5171,1.);
#5171 = DIRECTION('',(1.,0.,-0.));
#5172 = ORIENTED_EDGE('',*,*,#3450,.F.);
#5173 = ORIENTED_EDGE('',*,*,#5151,.F.);
#5174 = PLANE('',#5175);
#5175 = AXIS2_PLACEMENT_3D('',#5176,#5177,#5178);
#5176 = CARTESIAN_POINT('',(-91.5,-79.5,97.5));
#5177 = DIRECTION('',(0.,0.,1.));
#5178 = DIRECTION('',(1.,0.,-0.));
#5179 = ADVANCED_FACE('',(#5180),#5186,.F.);
#5180 = FACE_BOUND('',#5181,.T.);
#5181 = EDGE_LOOP('',(#5182,#5183,#5184,#5185));
#5182 = ORIENTED_EDGE('',*,*,#4158,.F.);
#5183 = ORIENTED_EDGE('',*,*,#5167,.T.);
#5184 = ORIENTED_EDGE('',*,*,#3441,.T.);
#5185 = ORIENTED_EDGE('',*,*,#4274,.F.);
#5186 = CYLINDRICAL_SURFACE('',#5187,2.5);
#5187 = AXIS2_PLACEMENT_3D('',#5188,#5189,#5190);
#5188 = CARTESIAN_POINT('',(-91.5,-77.,95.));
#5189 = DIRECTION('',(1.,0.,-0.));
#5190 = DIRECTION('',(0.,-1.,0.));
#5191 = ADVANCED_FACE('',(#5192,#5195),#5206,.T.);
#5192 = FACE_BOUND('',#5193,.T.);
#5193 = EDGE_LOOP('',(#5194));
#5194 = ORIENTED_EDGE('',*,*,#3521,.T.);
#5195 = FACE_BOUND('',#5196,.T.);
#5196 = EDGE_LOOP('',(#5197));
#5197 = ORIENTED_EDGE('',*,*,#5198,.F.);
#5198 = EDGE_CURVE('',#5199,#5199,#5201,.T.);
#5199 = VERTEX_POINT('',#5200);
#5200 = CARTESIAN_POINT('',(-45.,86.,36.7));
#5201 = CIRCLE('',#5202,1.7);
#5202 = AXIS2_PLACEMENT_3D('',#5203,#5204,#5205);
#5203 = CARTESIAN_POINT('',(-45.,86.,35.));
#5204 = DIRECTION('',(0.,1.,0.));
#5205 = DIRECTION('',(0.,-0.,1.));
#5206 = PLANE('',#5207);
#5207 = AXIS2_PLACEMENT_3D('',#5208,#5209,#5210);
#5208 = CARTESIAN_POINT('',(-45.,86.,35.));
#5209 = DIRECTION('',(0.,1.,0.));
#5210 = DIRECTION('',(0.,-0.,1.));
#5211 = ADVANCED_FACE('',(#5212),#5223,.F.);
#5212 = FACE_BOUND('',#5213,.T.);
#5213 = EDGE_LOOP('',(#5214,#5221,#5222));
#5214 = ORIENTED_EDGE('',*,*,#5215,.F.);
#5215 = EDGE_CURVE('',#4292,#3947,#5216,.T.);
#5216 = CIRCLE('',#5217,2.);
#5217 = AXIS2_PLACEMENT_3D('',#5218,#5219,#5220);
#5218 = CARTESIAN_POINT('',(-89.,-77.,95.));
#5219 = DIRECTION('',(0.,-1.,0.));
#5220 = DIRECTION('',(-1.,0.,0.));
#5221 = ORIENTED_EDGE('',*,*,#4291,.T.);
#5222 = ORIENTED_EDGE('',*,*,#3956,.F.);
#5223 = SPHERICAL_SURFACE('',#5224,2.);
#5224 = AXIS2_PLACEMENT_3D('',#5225,#5226,#5227);
#5225 = CARTESIAN_POINT('',(-89.,-77.,95.));
#5226 = DIRECTION('',(-0.,-0.,-1.));
#5227 = DIRECTION('',(-1.,0.,0.));
#5228 = ADVANCED_FACE('',(#5229),#5246,.F.);
#5229 = FACE_BOUND('',#5230,.F.);
#5230 = EDGE_LOOP('',(#5231,#5232,#5238,#5245));
#5231 = ORIENTED_EDGE('',*,*,#5215,.F.);
#5232 = ORIENTED_EDGE('',*,*,#5233,.T.);
#5233 = EDGE_CURVE('',#4292,#4175,#5234,.T.);
#5234 = LINE('',#5235,#5236);
#5235 = CARTESIAN_POINT('',(-89.,-79.,97.));
#5236 = VECTOR('',#5237,1.);
#5237 = DIRECTION('',(-0.,1.,0.));
#5238 = ORIENTED_EDGE('',*,*,#5239,.F.);
#5239 = EDGE_CURVE('',#3974,#4175,#5240,.T.);
#5240 = CIRCLE('',#5241,2.);
#5241 = AXIS2_PLACEMENT_3D('',#5242,#5243,#5244);
#5242 = CARTESIAN_POINT('',(-89.,77.,95.));
#5243 = DIRECTION('',(-0.,1.,0.));
#5244 = DIRECTION('',(-1.,-0.,0.));
#5245 = ORIENTED_EDGE('',*,*,#3981,.F.);
#5246 = CYLINDRICAL_SURFACE('',#5247,2.);
#5247 = AXIS2_PLACEMENT_3D('',#5248,#5249,#5250);
#5248 = CARTESIAN_POINT('',(-89.,-79.,95.));
#5249 = DIRECTION('',(-0.,1.,0.));
#5250 = DIRECTION('',(-1.,-0.,0.));
#5251 = ADVANCED_FACE('',(#5252),#5271,.T.);
#5252 = FACE_BOUND('',#5253,.T.);
#5253 = EDGE_LOOP('',(#5254,#5262,#5269,#5270));
#5254 = ORIENTED_EDGE('',*,*,#5255,.T.);
#5255 = EDGE_CURVE('',#3990,#5256,#5258,.T.);
#5256 = VERTEX_POINT('',#5257);
#5257 = CARTESIAN_POINT('',(-86.,62.,-35.));
#5258 = LINE('',#5259,#5260);
#5259 = CARTESIAN_POINT('',(-94.,62.,-35.));
#5260 = VECTOR('',#5261,1.);
#5261 = DIRECTION('',(1.,0.,0.));
#5262 = ORIENTED_EDGE('',*,*,#5263,.F.);
#5263 = EDGE_CURVE('',#5256,#5256,#5264,.T.);
#5264 = CIRCLE('',#5265,5.);
#5265 = AXIS2_PLACEMENT_3D('',#5266,#5267,#5268);
#5266 = CARTESIAN_POINT('',(-86.,62.,-40.));
#5267 = DIRECTION('',(1.,0.,0.));
#5268 = DIRECTION('',(-0.,0.,1.));
#5269 = ORIENTED_EDGE('',*,*,#5255,.F.);
#5270 = ORIENTED_EDGE('',*,*,#3989,.T.);
#5271 = CYLINDRICAL_SURFACE('',#5272,5.);
#5272 = AXIS2_PLACEMENT_3D('',#5273,#5274,#5275);
#5273 = CARTESIAN_POINT('',(-94.,62.,-40.));
#5274 = DIRECTION('',(1.,0.,0.));
#5275 = DIRECTION('',(-0.,0.,1.));
#5276 = ADVANCED_FACE('',(#5277),#5296,.T.);
#5277 = FACE_BOUND('',#5278,.T.);
#5278 = EDGE_LOOP('',(#5279,#5287,#5294,#5295));
#5279 = ORIENTED_EDGE('',*,*,#5280,.T.);
#5280 = EDGE_CURVE('',#4001,#5281,#5283,.T.);
#5281 = VERTEX_POINT('',#5282);
#5282 = CARTESIAN_POINT('',(-86.,62.,46.));
#5283 = LINE('',#5284,#5285);
#5284 = CARTESIAN_POINT('',(-94.,62.,46.));
#5285 = VECTOR('',#5286,1.);
#5286 = DIRECTION('',(1.,0.,0.));
#5287 = ORIENTED_EDGE('',*,*,#5288,.F.);
#5288 = EDGE_CURVE('',#5281,#5281,#5289,.T.);
#5289 = CIRCLE('',#5290,5.);
#5290 = AXIS2_PLACEMENT_3D('',#5291,#5292,#5293);
#5291 = CARTESIAN_POINT('',(-86.,62.,41.));
#5292 = DIRECTION('',(1.,0.,0.));
#5293 = DIRECTION('',(-0.,0.,1.));
#5294 = ORIENTED_EDGE('',*,*,#5280,.F.);
#5295 = ORIENTED_EDGE('',*,*,#4000,.T.);
#5296 = CYLINDRICAL_SURFACE('',#5297,5.);
#5297 = AXIS2_PLACEMENT_3D('',#5298,#5299,#5300);
#5298 = CARTESIAN_POINT('',(-94.,62.,41.));
#5299 = DIRECTION('',(1.,0.,0.));
#5300 = DIRECTION('',(-0.,0.,1.));
#5301 = ADVANCED_FACE('',(#5302),#5321,.T.);
#5302 = FACE_BOUND('',#5303,.T.);
#5303 = EDGE_LOOP('',(#5304,#5312,#5319,#5320));
#5304 = ORIENTED_EDGE('',*,*,#5305,.T.);
#5305 = EDGE_CURVE('',#4012,#5306,#5308,.T.);
#5306 = VERTEX_POINT('',#5307);
#5307 = CARTESIAN_POINT('',(-86.,-62.,-35.));
#5308 = LINE('',#5309,#5310);
#5309 = CARTESIAN_POINT('',(-94.,-62.,-35.));
#5310 = VECTOR('',#5311,1.);
#5311 = DIRECTION('',(1.,0.,0.));
#5312 = ORIENTED_EDGE('',*,*,#5313,.F.);
#5313 = EDGE_CURVE('',#5306,#5306,#5314,.T.);
#5314 = CIRCLE('',#5315,5.);
#5315 = AXIS2_PLACEMENT_3D('',#5316,#5317,#5318);
#5316 = CARTESIAN_POINT('',(-86.,-62.,-40.));
#5317 = DIRECTION('',(1.,0.,0.));
#5318 = DIRECTION('',(-0.,0.,1.));
#5319 = ORIENTED_EDGE('',*,*,#5305,.F.);
#5320 = ORIENTED_EDGE('',*,*,#4011,.T.);
#5321 = CYLINDRICAL_SURFACE('',#5322,5.);
#5322 = AXIS2_PLACEMENT_3D('',#5323,#5324,#5325);
#5323 = CARTESIAN_POINT('',(-94.,-62.,-40.));
#5324 = DIRECTION('',(1.,0.,0.));
#5325 = DIRECTION('',(-0.,0.,1.));
#5326 = ADVANCED_FACE('',(#5327),#5346,.T.);
#5327 = FACE_BOUND('',#5328,.T.);
#5328 = EDGE_LOOP('',(#5329,#5337,#5344,#5345));
#5329 = ORIENTED_EDGE('',*,*,#5330,.T.);
#5330 = EDGE_CURVE('',#4063,#5331,#5333,.T.);
#5331 = VERTEX_POINT('',#5332);
#5332 = CARTESIAN_POINT('',(-86.,-62.,46.));
#5333 = LINE('',#5334,#5335);
#5334 = CARTESIAN_POINT('',(-94.,-62.,46.));
#5335 = VECTOR('',#5336,1.);
#5336 = DIRECTION('',(1.,0.,0.));
#5337 = ORIENTED_EDGE('',*,*,#5338,.F.);
#5338 = EDGE_CURVE('',#5331,#5331,#5339,.T.);
#5339 = CIRCLE('',#5340,5.);
#5340 = AXIS2_PLACEMENT_3D('',#5341,#5342,#5343);
#5341 = CARTESIAN_POINT('',(-86.,-62.,41.));
#5342 = DIRECTION('',(1.,0.,0.));
#5343 = DIRECTION('',(-0.,0.,1.));
#5344 = ORIENTED_EDGE('',*,*,#5330,.F.);
#5345 = ORIENTED_EDGE('',*,*,#4062,.T.);
#5346 = CYLINDRICAL_SURFACE('',#5347,5.);
#5347 = AXIS2_PLACEMENT_3D('',#5348,#5349,#5350);
#5348 = CARTESIAN_POINT('',(-94.,-62.,41.));
#5349 = DIRECTION('',(1.,0.,0.));
#5350 = DIRECTION('',(-0.,0.,1.));
#5351 = ADVANCED_FACE('',(#5352),#5357,.F.);
#5352 = FACE_BOUND('',#5353,.T.);
#5353 = EDGE_LOOP('',(#5354,#5355,#5356));
#5354 = ORIENTED_EDGE('',*,*,#4082,.F.);
#5355 = ORIENTED_EDGE('',*,*,#4174,.T.);
#5356 = ORIENTED_EDGE('',*,*,#5239,.F.);
#5357 = SPHERICAL_SURFACE('',#5358,2.);
#5358 = AXIS2_PLACEMENT_3D('',#5359,#5360,#5361);
#5359 = CARTESIAN_POINT('',(-89.,77.,95.));
#5360 = DIRECTION('',(0.,-1.,-0.));
#5361 = DIRECTION('',(-1.,-0.,0.));
#5362 = ADVANCED_FACE('',(#5363,#5369,#5403,#5437,#5471,#5505,#5539),
  #5573,.F.);
#5363 = FACE_BOUND('',#5364,.F.);
#5364 = EDGE_LOOP('',(#5365,#5366,#5367,#5368));
#5365 = ORIENTED_EDGE('',*,*,#5233,.F.);
#5366 = ORIENTED_EDGE('',*,*,#4300,.T.);
#5367 = ORIENTED_EDGE('',*,*,#4116,.T.);
#5368 = ORIENTED_EDGE('',*,*,#4183,.F.);
#5369 = FACE_BOUND('',#5370,.F.);
#5370 = EDGE_LOOP('',(#5371,#5381,#5389,#5397));
#5371 = ORIENTED_EDGE('',*,*,#5372,.T.);
#5372 = EDGE_CURVE('',#5373,#5375,#5377,.T.);
#5373 = VERTEX_POINT('',#5374);
#5374 = CARTESIAN_POINT('',(-64.,-48.,97.));
#5375 = VERTEX_POINT('',#5376);
#5376 = CARTESIAN_POINT('',(-68.,-48.,97.));
#5377 = LINE('',#5378,#5379);
#5378 = CARTESIAN_POINT('',(-79.5,-48.,97.));
#5379 = VECTOR('',#5380,1.);
#5380 = DIRECTION('',(-1.,-0.,0.));
#5381 = ORIENTED_EDGE('',*,*,#5382,.T.);
#5382 = EDGE_CURVE('',#5375,#5383,#5385,.T.);
#5383 = VERTEX_POINT('',#5384);
#5384 = CARTESIAN_POINT('',(-68.,-22.,97.));
#5385 = LINE('',#5386,#5387);
#5386 = CARTESIAN_POINT('',(-68.,-63.5,97.));
#5387 = VECTOR('',#5388,1.);
#5388 = DIRECTION('',(-0.,1.,0.));
#5389 = ORIENTED_EDGE('',*,*,#5390,.F.);
#5390 = EDGE_CURVE('',#5391,#5383,#5393,.T.);
#5391 = VERTEX_POINT('',#5392);
#5392 = CARTESIAN_POINT('',(-64.,-22.,97.));
#5393 = LINE('',#5394,#5395);
#5394 = CARTESIAN_POINT('',(-79.5,-22.,97.));
#5395 = VECTOR('',#5396,1.);
#5396 = DIRECTION('',(-1.,-0.,0.));
#5397 = ORIENTED_EDGE('',*,*,#5398,.F.);
#5398 = EDGE_CURVE('',#5373,#5391,#5399,.T.);
#5399 = LINE('',#5400,#5401);
#5400 = CARTESIAN_POINT('',(-64.,-63.5,97.));
#5401 = VECTOR('',#5402,1.);
#5402 = DIRECTION('',(-0.,1.,0.));
#5403 = FACE_BOUND('',#5404,.F.);
#5404 = EDGE_LOOP('',(#5405,#5415,#5423,#5431));
#5405 = ORIENTED_EDGE('',*,*,#5406,.T.);
#5406 = EDGE_CURVE('',#5407,#5409,#5411,.T.);
#5407 = VERTEX_POINT('',#5408);
#5408 = CARTESIAN_POINT('',(-52.,-48.,97.));
#5409 = VERTEX_POINT('',#5410);
#5410 = CARTESIAN_POINT('',(-56.,-48.,97.));
#5411 = LINE('',#5412,#5413);
#5412 = CARTESIAN_POINT('',(-73.5,-48.,97.));
#5413 = VECTOR('',#5414,1.);
#5414 = DIRECTION('',(-1.,-0.,0.));
#5415 = ORIENTED_EDGE('',*,*,#5416,.T.);
#5416 = EDGE_CURVE('',#5409,#5417,#5419,.T.);
#5417 = VERTEX_POINT('',#5418);
#5418 = CARTESIAN_POINT('',(-56.,-22.,97.));
#5419 = LINE('',#5420,#5421);
#5420 = CARTESIAN_POINT('',(-56.,-63.5,97.));
#5421 = VECTOR('',#5422,1.);
#5422 = DIRECTION('',(-0.,1.,0.));
#5423 = ORIENTED_EDGE('',*,*,#5424,.F.);
#5424 = EDGE_CURVE('',#5425,#5417,#5427,.T.);
#5425 = VERTEX_POINT('',#5426);
#5426 = CARTESIAN_POINT('',(-52.,-22.,97.));
#5427 = LINE('',#5428,#5429);
#5428 = CARTESIAN_POINT('',(-73.5,-22.,97.));
#5429 = VECTOR('',#5430,1.);
#5430 = DIRECTION('',(-1.,-0.,0.));
#5431 = ORIENTED_EDGE('',*,*,#5432,.F.);
#5432 = EDGE_CURVE('',#5407,#5425,#5433,.T.);
#5433 = LINE('',#5434,#5435);
#5434 = CARTESIAN_POINT('',(-52.,-63.5,97.));
#5435 = VECTOR('',#5436,1.);
#5436 = DIRECTION('',(-0.,1.,0.));
#5437 = FACE_BOUND('',#5438,.F.);
#5438 = EDGE_LOOP('',(#5439,#5449,#5457,#5465));
#5439 = ORIENTED_EDGE('',*,*,#5440,.T.);
#5440 = EDGE_CURVE('',#5441,#5443,#5445,.T.);
#5441 = VERTEX_POINT('',#5442);
#5442 = CARTESIAN_POINT('',(-40.,-48.,97.));
#5443 = VERTEX_POINT('',#5444);
#5444 = CARTESIAN_POINT('',(-44.,-48.,97.));
#5445 = LINE('',#5446,#5447);
#5446 = CARTESIAN_POINT('',(-67.5,-48.,97.));
#5447 = VECTOR('',#5448,1.);
#5448 = DIRECTION('',(-1.,-0.,0.));
#5449 = ORIENTED_EDGE('',*,*,#5450,.T.);
#5450 = EDGE_CURVE('',#5443,#5451,#5453,.T.);
#5451 = VERTEX_POINT('',#5452);
#5452 = CARTESIAN_POINT('',(-44.,-22.,97.));
#5453 = LINE('',#5454,#5455);
#5454 = CARTESIAN_POINT('',(-44.,-63.5,97.));
#5455 = VECTOR('',#5456,1.);
#5456 = DIRECTION('',(-0.,1.,0.));
#5457 = ORIENTED_EDGE('',*,*,#5458,.F.);
#5458 = EDGE_CURVE('',#5459,#5451,#5461,.T.);
#5459 = VERTEX_POINT('',#5460);
#5460 = CARTESIAN_POINT('',(-40.,-22.,97.));
#5461 = LINE('',#5462,#5463);
#5462 = CARTESIAN_POINT('',(-67.5,-22.,97.));
#5463 = VECTOR('',#5464,1.);
#5464 = DIRECTION('',(-1.,-0.,0.));
#5465 = ORIENTED_EDGE('',*,*,#5466,.F.);
#5466 = EDGE_CURVE('',#5441,#5459,#5467,.T.);
#5467 = LINE('',#5468,#5469);
#5468 = CARTESIAN_POINT('',(-40.,-63.5,97.));
#5469 = VECTOR('',#5470,1.);
#5470 = DIRECTION('',(-0.,1.,0.));
#5471 = FACE_BOUND('',#5472,.F.);
#5472 = EDGE_LOOP('',(#5473,#5483,#5491,#5499));
#5473 = ORIENTED_EDGE('',*,*,#5474,.T.);
#5474 = EDGE_CURVE('',#5475,#5477,#5479,.T.);
#5475 = VERTEX_POINT('',#5476);
#5476 = CARTESIAN_POINT('',(-64.,22.,97.));
#5477 = VERTEX_POINT('',#5478);
#5478 = CARTESIAN_POINT('',(-68.,22.,97.));
#5479 = LINE('',#5480,#5481);
#5480 = CARTESIAN_POINT('',(-79.5,22.,97.));
#5481 = VECTOR('',#5482,1.);
#5482 = DIRECTION('',(-1.,-0.,0.));
#5483 = ORIENTED_EDGE('',*,*,#5484,.T.);
#5484 = EDGE_CURVE('',#5477,#5485,#5487,.T.);
#5485 = VERTEX_POINT('',#5486);
#5486 = CARTESIAN_POINT('',(-68.,48.,97.));
#5487 = LINE('',#5488,#5489);
#5488 = CARTESIAN_POINT('',(-68.,-28.5,97.));
#5489 = VECTOR('',#5490,1.);
#5490 = DIRECTION('',(-0.,1.,0.));
#5491 = ORIENTED_EDGE('',*,*,#5492,.F.);
#5492 = EDGE_CURVE('',#5493,#5485,#5495,.T.);
#5493 = VERTEX_POINT('',#5494);
#5494 = CARTESIAN_POINT('',(-64.,48.,97.));
#5495 = LINE('',#5496,#5497);
#5496 = CARTESIAN_POINT('',(-79.5,48.,97.));
#5497 = VECTOR('',#5498,1.);
#5498 = DIRECTION('',(-1.,-0.,0.));
#5499 = ORIENTED_EDGE('',*,*,#5500,.F.);
#5500 = EDGE_CURVE('',#5475,#5493,#5501,.T.);
#5501 = LINE('',#5502,#5503);
#5502 = CARTESIAN_POINT('',(-64.,-28.5,97.));
#5503 = VECTOR('',#5504,1.);
#5504 = DIRECTION('',(-0.,1.,0.));
#5505 = FACE_BOUND('',#5506,.F.);
#5506 = EDGE_LOOP('',(#5507,#5517,#5525,#5533));
#5507 = ORIENTED_EDGE('',*,*,#5508,.T.);
#5508 = EDGE_CURVE('',#5509,#5511,#5513,.T.);
#5509 = VERTEX_POINT('',#5510);
#5510 = CARTESIAN_POINT('',(-52.,22.,97.));
#5511 = VERTEX_POINT('',#5512);
#5512 = CARTESIAN_POINT('',(-56.,22.,97.));
#5513 = LINE('',#5514,#5515);
#5514 = CARTESIAN_POINT('',(-73.5,22.,97.));
#5515 = VECTOR('',#5516,1.);
#5516 = DIRECTION('',(-1.,-0.,0.));
#5517 = ORIENTED_EDGE('',*,*,#5518,.T.);
#5518 = EDGE_CURVE('',#5511,#5519,#5521,.T.);
#5519 = VERTEX_POINT('',#5520);
#5520 = CARTESIAN_POINT('',(-56.,48.,97.));
#5521 = LINE('',#5522,#5523);
#5522 = CARTESIAN_POINT('',(-56.,-28.5,97.));
#5523 = VECTOR('',#5524,1.);
#5524 = DIRECTION('',(-0.,1.,0.));
#5525 = ORIENTED_EDGE('',*,*,#5526,.F.);
#5526 = EDGE_CURVE('',#5527,#5519,#5529,.T.);
#5527 = VERTEX_POINT('',#5528);
#5528 = CARTESIAN_POINT('',(-52.,48.,97.));
#5529 = LINE('',#5530,#5531);
#5530 = CARTESIAN_POINT('',(-73.5,48.,97.));
#5531 = VECTOR('',#5532,1.);
#5532 = DIRECTION('',(-1.,-0.,0.));
#5533 = ORIENTED_EDGE('',*,*,#5534,.F.);
#5534 = EDGE_CURVE('',#5509,#5527,#5535,.T.);
#5535 = LINE('',#5536,#5537);
#5536 = CARTESIAN_POINT('',(-52.,-28.5,97.));
#5537 = VECTOR('',#5538,1.);
#5538 = DIRECTION('',(-0.,1.,0.));
#5539 = FACE_BOUND('',#5540,.F.);
#5540 = EDGE_LOOP('',(#5541,#5551,#5559,#5567));
#5541 = ORIENTED_EDGE('',*,*,#5542,.T.);
#5542 = EDGE_CURVE('',#5543,#5545,#5547,.T.);
#5543 = VERTEX_POINT('',#5544);
#5544 = CARTESIAN_POINT('',(-40.,22.,97.));
#5545 = VERTEX_POINT('',#5546);
#5546 = CARTESIAN_POINT('',(-44.,22.,97.));
#5547 = LINE('',#5548,#5549);
#5548 = CARTESIAN_POINT('',(-67.5,22.,97.));
#5549 = VECTOR('',#5550,1.);
#5550 = DIRECTION('',(-1.,-0.,0.));
#5551 = ORIENTED_EDGE('',*,*,#5552,.T.);
#5552 = EDGE_CURVE('',#5545,#5553,#5555,.T.);
#5553 = VERTEX_POINT('',#5554);
#5554 = CARTESIAN_POINT('',(-44.,48.,97.));
#5555 = LINE('',#5556,#5557);
#5556 = CARTESIAN_POINT('',(-44.,-28.5,97.));
#5557 = VECTOR('',#5558,1.);
#5558 = DIRECTION('',(-0.,1.,0.));
#5559 = ORIENTED_EDGE('',*,*,#5560,.F.);
#5560 = EDGE_CURVE('',#5561,#5553,#5563,.T.);
#5561 = VERTEX_POINT('',#5562);
#5562 = CARTESIAN_POINT('',(-40.,48.,97.));
#5563 = LINE('',#5564,#5565);
#5564 = CARTESIAN_POINT('',(-67.5,48.,97.));
#5565 = VECTOR('',#5566,1.);
#5566 = DIRECTION('',(-1.,-0.,0.));
#5567 = ORIENTED_EDGE('',*,*,#5568,.F.);
#5568 = EDGE_CURVE('',#5543,#5561,#5569,.T.);
#5569 = LINE('',#5570,#5571);
#5570 = CARTESIAN_POINT('',(-40.,-28.5,97.));
#5571 = VECTOR('',#5572,1.);
#5572 = DIRECTION('',(-0.,1.,0.));
#5573 = PLANE('',#5574);
#5574 = AXIS2_PLACEMENT_3D('',#5575,#5576,#5577);
#5575 = CARTESIAN_POINT('',(-91.,-79.,97.));
#5576 = DIRECTION('',(0.,0.,1.));
#5577 = DIRECTION('',(1.,0.,-0.));
#5578 = ADVANCED_FACE('',(#5579,#5606),#5617,.F.);
#5579 = FACE_BOUND('',#5580,.F.);
#5580 = EDGE_LOOP('',(#5581,#5582,#5583,#5591,#5600));
#5581 = ORIENTED_EDGE('',*,*,#4242,.T.);
#5582 = ORIENTED_EDGE('',*,*,#4208,.T.);
#5583 = ORIENTED_EDGE('',*,*,#5584,.F.);
#5584 = EDGE_CURVE('',#5585,#4209,#5587,.T.);
#5585 = VERTEX_POINT('',#5586);
#5586 = CARTESIAN_POINT('',(-38.5,75.,39.5));
#5587 = LINE('',#5588,#5589);
#5588 = CARTESIAN_POINT('',(-41.75,75.,39.5));
#5589 = VECTOR('',#5590,1.);
#5590 = DIRECTION('',(1.,0.,0.));
#5591 = ORIENTED_EDGE('',*,*,#5592,.T.);
#5592 = EDGE_CURVE('',#5585,#5593,#5595,.T.);
#5593 = VERTEX_POINT('',#5594);
#5594 = CARTESIAN_POINT('',(-39.5,75.,38.5));
#5595 = CIRCLE('',#5596,1.);
#5596 = AXIS2_PLACEMENT_3D('',#5597,#5598,#5599);
#5597 = CARTESIAN_POINT('',(-38.5,75.,38.5));
#5598 = DIRECTION('',(0.,-1.,1.110223024625E-16));
#5599 = DIRECTION('',(1.,0.,0.));
#5600 = ORIENTED_EDGE('',*,*,#5601,.T.);
#5601 = EDGE_CURVE('',#5593,#4235,#5602,.T.);
#5602 = LINE('',#5603,#5604);
#5603 = CARTESIAN_POINT('',(-39.5,75.,-1.75));
#5604 = VECTOR('',#5605,1.);
#5605 = DIRECTION('',(0.,0.,-1.));
#5606 = FACE_BOUND('',#5607,.F.);
#5607 = EDGE_LOOP('',(#5608));
#5608 = ORIENTED_EDGE('',*,*,#5609,.F.);
#5609 = EDGE_CURVE('',#5610,#5610,#5612,.T.);
#5610 = VERTEX_POINT('',#5611);
#5611 = CARTESIAN_POINT('',(-45.,75.,36.7));
#5612 = CIRCLE('',#5613,1.7);
#5613 = AXIS2_PLACEMENT_3D('',#5614,#5615,#5616);
#5614 = CARTESIAN_POINT('',(-45.,75.,35.));
#5615 = DIRECTION('',(0.,1.,0.));
#5616 = DIRECTION('',(0.,-0.,1.));
#5617 = PLANE('',#5618);
#5618 = AXIS2_PLACEMENT_3D('',#5619,#5620,#5621);
#5619 = CARTESIAN_POINT('',(-45.,75.,35.));
#5620 = DIRECTION('',(0.,1.,0.));
#5621 = DIRECTION('',(0.,-0.,1.));
#5622 = ADVANCED_FACE('',(#5623),#5641,.T.);
#5623 = FACE_BOUND('',#5624,.T.);
#5624 = EDGE_LOOP('',(#5625,#5626,#5634,#5640));
#5625 = ORIENTED_EDGE('',*,*,#4234,.T.);
#5626 = ORIENTED_EDGE('',*,*,#5627,.T.);
#5627 = EDGE_CURVE('',#4226,#5628,#5630,.T.);
#5628 = VERTEX_POINT('',#5629);
#5629 = CARTESIAN_POINT('',(-39.5,78.5,38.5));
#5630 = LINE('',#5631,#5632);
#5631 = CARTESIAN_POINT('',(-39.5,78.5,-38.5));
#5632 = VECTOR('',#5633,1.);
#5633 = DIRECTION('',(0.,1.110223024625E-16,1.));
#5634 = ORIENTED_EDGE('',*,*,#5635,.T.);
#5635 = EDGE_CURVE('',#5628,#5593,#5636,.T.);
#5636 = LINE('',#5637,#5638);
#5637 = CARTESIAN_POINT('',(-39.5,78.5,38.5));
#5638 = VECTOR('',#5639,1.);
#5639 = DIRECTION('',(0.,-1.,1.110223024625E-16));
#5640 = ORIENTED_EDGE('',*,*,#5601,.T.);
#5641 = PLANE('',#5642);
#5642 = AXIS2_PLACEMENT_3D('',#5643,#5644,#5645);
#5643 = CARTESIAN_POINT('',(-39.5,78.5,-38.5));
#5644 = DIRECTION('',(1.,0.,0.));
#5645 = DIRECTION('',(0.,-1.,1.110223024625E-16));
#5646 = ADVANCED_FACE('',(#5647),#5666,.F.);
#5647 = FACE_BOUND('',#5648,.F.);
#5648 = EDGE_LOOP('',(#5649,#5650,#5651,#5660));
#5649 = ORIENTED_EDGE('',*,*,#4225,.T.);
#5650 = ORIENTED_EDGE('',*,*,#5627,.T.);
#5651 = ORIENTED_EDGE('',*,*,#5652,.F.);
#5652 = EDGE_CURVE('',#5653,#5628,#5655,.T.);
#5653 = VERTEX_POINT('',#5654);
#5654 = CARTESIAN_POINT('',(-38.5,78.5,39.5));
#5655 = CIRCLE('',#5656,1.);
#5656 = AXIS2_PLACEMENT_3D('',#5657,#5658,#5659);
#5657 = CARTESIAN_POINT('',(-38.5,78.5,38.5));
#5658 = DIRECTION('',(0.,-1.,1.110223024625E-16));
#5659 = DIRECTION('',(1.,0.,0.));
#5660 = ORIENTED_EDGE('',*,*,#5661,.T.);
#5661 = EDGE_CURVE('',#5653,#4218,#5662,.T.);
#5662 = LINE('',#5663,#5664);
#5663 = CARTESIAN_POINT('',(-38.5,78.5,39.5));
#5664 = VECTOR('',#5665,1.);
#5665 = DIRECTION('',(1.,0.,0.));
#5666 = PLANE('',#5667);
#5667 = AXIS2_PLACEMENT_3D('',#5668,#5669,#5670);
#5668 = CARTESIAN_POINT('',(-2.17089662638E-15,78.5,0.));
#5669 = DIRECTION('',(-0.,1.,-1.110223024625E-16));
#5670 = DIRECTION('',(-1.,0.,0.));
#5671 = ADVANCED_FACE('',(#5672),#5683,.F.);
#5672 = FACE_BOUND('',#5673,.F.);
#5673 = EDGE_LOOP('',(#5674,#5675,#5681,#5682));
#5674 = ORIENTED_EDGE('',*,*,#5661,.F.);
#5675 = ORIENTED_EDGE('',*,*,#5676,.T.);
#5676 = EDGE_CURVE('',#5653,#5585,#5677,.T.);
#5677 = LINE('',#5678,#5679);
#5678 = CARTESIAN_POINT('',(-38.5,78.5,39.5));
#5679 = VECTOR('',#5680,1.);
#5680 = DIRECTION('',(0.,-1.,1.110223024625E-16));
#5681 = ORIENTED_EDGE('',*,*,#5584,.T.);
#5682 = ORIENTED_EDGE('',*,*,#4217,.T.);
#5683 = PLANE('',#5684);
#5684 = AXIS2_PLACEMENT_3D('',#5685,#5686,#5687);
#5685 = CARTESIAN_POINT('',(-38.5,78.5,39.5));
#5686 = DIRECTION('',(0.,1.110223024625E-16,1.));
#5687 = DIRECTION('',(0.,-1.,1.110223024625E-16));
#5688 = ADVANCED_FACE('',(#5689,#5716),#5727,.F.);
#5689 = FACE_BOUND('',#5690,.F.);
#5690 = EDGE_LOOP('',(#5691,#5692,#5693,#5701,#5710));
#5691 = ORIENTED_EDGE('',*,*,#4360,.T.);
#5692 = ORIENTED_EDGE('',*,*,#4326,.T.);
#5693 = ORIENTED_EDGE('',*,*,#5694,.F.);
#5694 = EDGE_CURVE('',#5695,#4327,#5697,.T.);
#5695 = VERTEX_POINT('',#5696);
#5696 = CARTESIAN_POINT('',(-39.5,-75.,38.5));
#5697 = LINE('',#5698,#5699);
#5698 = CARTESIAN_POINT('',(-39.5,-75.,-1.75));
#5699 = VECTOR('',#5700,1.);
#5700 = DIRECTION('',(0.,0.,-1.));
#5701 = ORIENTED_EDGE('',*,*,#5702,.T.);
#5702 = EDGE_CURVE('',#5695,#5703,#5705,.T.);
#5703 = VERTEX_POINT('',#5704);
#5704 = CARTESIAN_POINT('',(-38.5,-75.,39.5));
#5705 = CIRCLE('',#5706,1.);
#5706 = AXIS2_PLACEMENT_3D('',#5707,#5708,#5709);
#5707 = CARTESIAN_POINT('',(-38.5,-75.,38.5));
#5708 = DIRECTION('',(0.,1.,1.110223024625E-16));
#5709 = DIRECTION('',(1.,0.,-0.));
#5710 = ORIENTED_EDGE('',*,*,#5711,.T.);
#5711 = EDGE_CURVE('',#5703,#4353,#5712,.T.);
#5712 = LINE('',#5713,#5714);
#5713 = CARTESIAN_POINT('',(-41.75,-75.,39.5));
#5714 = VECTOR('',#5715,1.);
#5715 = DIRECTION('',(1.,0.,0.));
#5716 = FACE_BOUND('',#5717,.F.);
#5717 = EDGE_LOOP('',(#5718));
#5718 = ORIENTED_EDGE('',*,*,#5719,.F.);
#5719 = EDGE_CURVE('',#5720,#5720,#5722,.T.);
#5720 = VERTEX_POINT('',#5721);
#5721 = CARTESIAN_POINT('',(-45.,-75.,33.3));
#5722 = CIRCLE('',#5723,1.7);
#5723 = AXIS2_PLACEMENT_3D('',#5724,#5725,#5726);
#5724 = CARTESIAN_POINT('',(-45.,-75.,35.));
#5725 = DIRECTION('',(0.,-1.,0.));
#5726 = DIRECTION('',(0.,-0.,-1.));
#5727 = PLANE('',#5728);
#5728 = AXIS2_PLACEMENT_3D('',#5729,#5730,#5731);
#5729 = CARTESIAN_POINT('',(-45.,-75.,35.));
#5730 = DIRECTION('',(0.,-1.,0.));
#5731 = DIRECTION('',(0.,-0.,-1.));
#5732 = ADVANCED_FACE('',(#5733),#5751,.F.);
#5733 = FACE_BOUND('',#5734,.T.);
#5734 = EDGE_LOOP('',(#5735,#5743,#5749,#5750));
#5735 = ORIENTED_EDGE('',*,*,#5736,.F.);
#5736 = EDGE_CURVE('',#5737,#4344,#5739,.T.);
#5737 = VERTEX_POINT('',#5738);
#5738 = CARTESIAN_POINT('',(-38.5,-78.5,39.5));
#5739 = LINE('',#5740,#5741);
#5740 = CARTESIAN_POINT('',(-38.5,-78.5,39.5));
#5741 = VECTOR('',#5742,1.);
#5742 = DIRECTION('',(1.,0.,0.));
#5743 = ORIENTED_EDGE('',*,*,#5744,.T.);
#5744 = EDGE_CURVE('',#5737,#5703,#5745,.T.);
#5745 = LINE('',#5746,#5747);
#5746 = CARTESIAN_POINT('',(-38.5,-78.5,39.5));
#5747 = VECTOR('',#5748,1.);
#5748 = DIRECTION('',(0.,1.,1.110223024625E-16));
#5749 = ORIENTED_EDGE('',*,*,#5711,.T.);
#5750 = ORIENTED_EDGE('',*,*,#4352,.T.);
#5751 = PLANE('',#5752);
#5752 = AXIS2_PLACEMENT_3D('',#5753,#5754,#5755);
#5753 = CARTESIAN_POINT('',(-38.5,-78.5,39.5));
#5754 = DIRECTION('',(0.,-1.110223024625E-16,1.));
#5755 = DIRECTION('',(0.,-1.,-1.110223024625E-16));
#5756 = ADVANCED_FACE('',(#5757),#5776,.F.);
#5757 = FACE_BOUND('',#5758,.T.);
#5758 = EDGE_LOOP('',(#5759,#5760,#5768,#5775));
#5759 = ORIENTED_EDGE('',*,*,#4343,.F.);
#5760 = ORIENTED_EDGE('',*,*,#5761,.T.);
#5761 = EDGE_CURVE('',#4336,#5762,#5764,.T.);
#5762 = VERTEX_POINT('',#5763);
#5763 = CARTESIAN_POINT('',(-39.5,-78.5,38.5));
#5764 = LINE('',#5765,#5766);
#5765 = CARTESIAN_POINT('',(-39.5,-78.5,-38.5));
#5766 = VECTOR('',#5767,1.);
#5767 = DIRECTION('',(0.,-1.110223024625E-16,1.));
#5768 = ORIENTED_EDGE('',*,*,#5769,.F.);
#5769 = EDGE_CURVE('',#5737,#5762,#5770,.T.);
#5770 = CIRCLE('',#5771,1.);
#5771 = AXIS2_PLACEMENT_3D('',#5772,#5773,#5774);
#5772 = CARTESIAN_POINT('',(-38.5,-78.5,38.5));
#5773 = DIRECTION('',(0.,-1.,-1.110223024625E-16));
#5774 = DIRECTION('',(1.,0.,0.));
#5775 = ORIENTED_EDGE('',*,*,#5736,.T.);
#5776 = PLANE('',#5777);
#5777 = AXIS2_PLACEMENT_3D('',#5778,#5779,#5780);
#5778 = CARTESIAN_POINT('',(-2.17089662638E-15,-78.5,0.));
#5779 = DIRECTION('',(0.,-1.,-1.110223024625E-16));
#5780 = DIRECTION('',(1.,0.,0.));
#5781 = ADVANCED_FACE('',(#5782),#5793,.T.);
#5782 = FACE_BOUND('',#5783,.F.);
#5783 = EDGE_LOOP('',(#5784,#5785,#5786,#5792));
#5784 = ORIENTED_EDGE('',*,*,#4335,.T.);
#5785 = ORIENTED_EDGE('',*,*,#5761,.T.);
#5786 = ORIENTED_EDGE('',*,*,#5787,.T.);
#5787 = EDGE_CURVE('',#5762,#5695,#5788,.T.);
#5788 = LINE('',#5789,#5790);
#5789 = CARTESIAN_POINT('',(-39.5,-78.5,38.5));
#5790 = VECTOR('',#5791,1.);
#5791 = DIRECTION('',(0.,1.,1.110223024625E-16));
#5792 = ORIENTED_EDGE('',*,*,#5694,.T.);
#5793 = PLANE('',#5794);
#5794 = AXIS2_PLACEMENT_3D('',#5795,#5796,#5797);
#5795 = CARTESIAN_POINT('',(-39.5,-78.5,-38.5));
#5796 = DIRECTION('',(1.,0.,0.));
#5797 = DIRECTION('',(0.,-1.,-1.110223024625E-16));
#5798 = ADVANCED_FACE('',(#5799,#5802),#5813,.T.);
#5799 = FACE_BOUND('',#5800,.T.);
#5800 = EDGE_LOOP('',(#5801));
#5801 = ORIENTED_EDGE('',*,*,#4814,.T.);
#5802 = FACE_BOUND('',#5803,.T.);
#5803 = EDGE_LOOP('',(#5804));
#5804 = ORIENTED_EDGE('',*,*,#5805,.F.);
#5805 = EDGE_CURVE('',#5806,#5806,#5808,.T.);
#5806 = VERTEX_POINT('',#5807);
#5807 = CARTESIAN_POINT('',(-45.,-86.,33.3));
#5808 = CIRCLE('',#5809,1.7);
#5809 = AXIS2_PLACEMENT_3D('',#5810,#5811,#5812);
#5810 = CARTESIAN_POINT('',(-45.,-86.,35.));
#5811 = DIRECTION('',(0.,-1.,0.));
#5812 = DIRECTION('',(0.,-0.,-1.));
#5813 = PLANE('',#5814);
#5814 = AXIS2_PLACEMENT_3D('',#5815,#5816,#5817);
#5815 = CARTESIAN_POINT('',(-45.,-86.,35.));
#5816 = DIRECTION('',(0.,-1.,0.));
#5817 = DIRECTION('',(0.,-0.,-1.));
#5818 = ADVANCED_FACE('',(#5819),#5835,.T.);
#5819 = FACE_BOUND('',#5820,.T.);
#5820 = EDGE_LOOP('',(#5821,#5827,#5828,#5834));
#5821 = ORIENTED_EDGE('',*,*,#5822,.F.);
#5822 = EDGE_CURVE('',#5373,#4849,#5823,.T.);
#5823 = LINE('',#5824,#5825);
#5824 = CARTESIAN_POINT('',(-64.,-48.,96.8));
#5825 = VECTOR('',#5826,1.);
#5826 = DIRECTION('',(0.,0.,1.));
#5827 = ORIENTED_EDGE('',*,*,#5372,.T.);
#5828 = ORIENTED_EDGE('',*,*,#5829,.T.);
#5829 = EDGE_CURVE('',#5375,#4851,#5830,.T.);
#5830 = LINE('',#5831,#5832);
#5831 = CARTESIAN_POINT('',(-68.,-48.,96.8));
#5832 = VECTOR('',#5833,1.);
#5833 = DIRECTION('',(0.,0.,1.));
#5834 = ORIENTED_EDGE('',*,*,#4848,.F.);
#5835 = PLANE('',#5836);
#5836 = AXIS2_PLACEMENT_3D('',#5837,#5838,#5839);
#5837 = CARTESIAN_POINT('',(-68.,-48.,96.8));
#5838 = DIRECTION('',(-0.,1.,0.));
#5839 = DIRECTION('',(0.,0.,1.));
#5840 = ADVANCED_FACE('',(#5841),#5852,.F.);
#5841 = FACE_BOUND('',#5842,.F.);
#5842 = EDGE_LOOP('',(#5843,#5844,#5845,#5851));
#5843 = ORIENTED_EDGE('',*,*,#5822,.F.);
#5844 = ORIENTED_EDGE('',*,*,#5398,.T.);
#5845 = ORIENTED_EDGE('',*,*,#5846,.T.);
#5846 = EDGE_CURVE('',#5391,#4867,#5847,.T.);
#5847 = LINE('',#5848,#5849);
#5848 = CARTESIAN_POINT('',(-64.,-22.,96.8));
#5849 = VECTOR('',#5850,1.);
#5850 = DIRECTION('',(0.,0.,1.));
#5851 = ORIENTED_EDGE('',*,*,#4874,.F.);
#5852 = PLANE('',#5853);
#5853 = AXIS2_PLACEMENT_3D('',#5854,#5855,#5856);
#5854 = CARTESIAN_POINT('',(-64.,-48.,96.8));
#5855 = DIRECTION('',(1.,0.,-0.));
#5856 = DIRECTION('',(0.,0.,1.));
#5857 = ADVANCED_FACE('',(#5858),#5869,.T.);
#5858 = FACE_BOUND('',#5859,.T.);
#5859 = EDGE_LOOP('',(#5860,#5861,#5862,#5868));
#5860 = ORIENTED_EDGE('',*,*,#5829,.F.);
#5861 = ORIENTED_EDGE('',*,*,#5382,.T.);
#5862 = ORIENTED_EDGE('',*,*,#5863,.T.);
#5863 = EDGE_CURVE('',#5383,#4859,#5864,.T.);
#5864 = LINE('',#5865,#5866);
#5865 = CARTESIAN_POINT('',(-68.,-22.,96.8));
#5866 = VECTOR('',#5867,1.);
#5867 = DIRECTION('',(0.,0.,1.));
#5868 = ORIENTED_EDGE('',*,*,#4858,.F.);
#5869 = PLANE('',#5870);
#5870 = AXIS2_PLACEMENT_3D('',#5871,#5872,#5873);
#5871 = CARTESIAN_POINT('',(-68.,-48.,96.8));
#5872 = DIRECTION('',(1.,0.,-0.));
#5873 = DIRECTION('',(0.,0.,1.));
#5874 = ADVANCED_FACE('',(#5875),#5881,.F.);
#5875 = FACE_BOUND('',#5876,.F.);
#5876 = EDGE_LOOP('',(#5877,#5878,#5879,#5880));
#5877 = ORIENTED_EDGE('',*,*,#5846,.F.);
#5878 = ORIENTED_EDGE('',*,*,#5390,.T.);
#5879 = ORIENTED_EDGE('',*,*,#5863,.T.);
#5880 = ORIENTED_EDGE('',*,*,#4866,.F.);
#5881 = PLANE('',#5882);
#5882 = AXIS2_PLACEMENT_3D('',#5883,#5884,#5885);
#5883 = CARTESIAN_POINT('',(-68.,-22.,96.8));
#5884 = DIRECTION('',(-0.,1.,0.));
#5885 = DIRECTION('',(0.,0.,1.));
#5886 = ADVANCED_FACE('',(#5887),#5903,.T.);
#5887 = FACE_BOUND('',#5888,.T.);
#5888 = EDGE_LOOP('',(#5889,#5895,#5896,#5902));
#5889 = ORIENTED_EDGE('',*,*,#5890,.F.);
#5890 = EDGE_CURVE('',#5407,#4883,#5891,.T.);
#5891 = LINE('',#5892,#5893);
#5892 = CARTESIAN_POINT('',(-52.,-48.,96.8));
#5893 = VECTOR('',#5894,1.);
#5894 = DIRECTION('',(0.,0.,1.));
#5895 = ORIENTED_EDGE('',*,*,#5406,.T.);
#5896 = ORIENTED_EDGE('',*,*,#5897,.T.);
#5897 = EDGE_CURVE('',#5409,#4885,#5898,.T.);
#5898 = LINE('',#5899,#5900);
#5899 = CARTESIAN_POINT('',(-56.,-48.,96.8));
#5900 = VECTOR('',#5901,1.);
#5901 = DIRECTION('',(0.,0.,1.));
#5902 = ORIENTED_EDGE('',*,*,#4882,.F.);
#5903 = PLANE('',#5904);
#5904 = AXIS2_PLACEMENT_3D('',#5905,#5906,#5907);
#5905 = CARTESIAN_POINT('',(-56.,-48.,96.8));
#5906 = DIRECTION('',(-0.,1.,0.));
#5907 = DIRECTION('',(0.,0.,1.));
#5908 = ADVANCED_FACE('',(#5909),#5920,.F.);
#5909 = FACE_BOUND('',#5910,.F.);
#5910 = EDGE_LOOP('',(#5911,#5912,#5913,#5919));
#5911 = ORIENTED_EDGE('',*,*,#5890,.F.);
#5912 = ORIENTED_EDGE('',*,*,#5432,.T.);
#5913 = ORIENTED_EDGE('',*,*,#5914,.T.);
#5914 = EDGE_CURVE('',#5425,#4901,#5915,.T.);
#5915 = LINE('',#5916,#5917);
#5916 = CARTESIAN_POINT('',(-52.,-22.,96.8));
#5917 = VECTOR('',#5918,1.);
#5918 = DIRECTION('',(0.,0.,1.));
#5919 = ORIENTED_EDGE('',*,*,#4908,.F.);
#5920 = PLANE('',#5921);
#5921 = AXIS2_PLACEMENT_3D('',#5922,#5923,#5924);
#5922 = CARTESIAN_POINT('',(-52.,-48.,96.8));
#5923 = DIRECTION('',(1.,0.,-0.));
#5924 = DIRECTION('',(0.,0.,1.));
#5925 = ADVANCED_FACE('',(#5926),#5937,.T.);
#5926 = FACE_BOUND('',#5927,.T.);
#5927 = EDGE_LOOP('',(#5928,#5929,#5930,#5936));
#5928 = ORIENTED_EDGE('',*,*,#5897,.F.);
#5929 = ORIENTED_EDGE('',*,*,#5416,.T.);
#5930 = ORIENTED_EDGE('',*,*,#5931,.T.);
#5931 = EDGE_CURVE('',#5417,#4893,#5932,.T.);
#5932 = LINE('',#5933,#5934);
#5933 = CARTESIAN_POINT('',(-56.,-22.,96.8));
#5934 = VECTOR('',#5935,1.);
#5935 = DIRECTION('',(0.,0.,1.));
#5936 = ORIENTED_EDGE('',*,*,#4892,.F.);
#5937 = PLANE('',#5938);
#5938 = AXIS2_PLACEMENT_3D('',#5939,#5940,#5941);
#5939 = CARTESIAN_POINT('',(-56.,-48.,96.8));
#5940 = DIRECTION('',(1.,0.,-0.));
#5941 = DIRECTION('',(0.,0.,1.));
#5942 = ADVANCED_FACE('',(#5943),#5949,.F.);
#5943 = FACE_BOUND('',#5944,.F.);
#5944 = EDGE_LOOP('',(#5945,#5946,#5947,#5948));
#5945 = ORIENTED_EDGE('',*,*,#5914,.F.);
#5946 = ORIENTED_EDGE('',*,*,#5424,.T.);
#5947 = ORIENTED_EDGE('',*,*,#5931,.T.);
#5948 = ORIENTED_EDGE('',*,*,#4900,.F.);
#5949 = PLANE('',#5950);
#5950 = AXIS2_PLACEMENT_3D('',#5951,#5952,#5953);
#5951 = CARTESIAN_POINT('',(-56.,-22.,96.8));
#5952 = DIRECTION('',(-0.,1.,0.));
#5953 = DIRECTION('',(0.,0.,1.));
#5954 = ADVANCED_FACE('',(#5955),#5971,.T.);
#5955 = FACE_BOUND('',#5956,.T.);
#5956 = EDGE_LOOP('',(#5957,#5963,#5964,#5970));
#5957 = ORIENTED_EDGE('',*,*,#5958,.F.);
#5958 = EDGE_CURVE('',#5441,#4917,#5959,.T.);
#5959 = LINE('',#5960,#5961);
#5960 = CARTESIAN_POINT('',(-40.,-48.,96.8));
#5961 = VECTOR('',#5962,1.);
#5962 = DIRECTION('',(0.,0.,1.));
#5963 = ORIENTED_EDGE('',*,*,#5440,.T.);
#5964 = ORIENTED_EDGE('',*,*,#5965,.T.);
#5965 = EDGE_CURVE('',#5443,#4919,#5966,.T.);
#5966 = LINE('',#5967,#5968);
#5967 = CARTESIAN_POINT('',(-44.,-48.,96.8));
#5968 = VECTOR('',#5969,1.);
#5969 = DIRECTION('',(0.,0.,1.));
#5970 = ORIENTED_EDGE('',*,*,#4916,.F.);
#5971 = PLANE('',#5972);
#5972 = AXIS2_PLACEMENT_3D('',#5973,#5974,#5975);
#5973 = CARTESIAN_POINT('',(-44.,-48.,96.8));
#5974 = DIRECTION('',(-0.,1.,0.));
#5975 = DIRECTION('',(0.,0.,1.));
#5976 = ADVANCED_FACE('',(#5977),#5988,.F.);
#5977 = FACE_BOUND('',#5978,.F.);
#5978 = EDGE_LOOP('',(#5979,#5980,#5981,#5987));
#5979 = ORIENTED_EDGE('',*,*,#5958,.F.);
#5980 = ORIENTED_EDGE('',*,*,#5466,.T.);
#5981 = ORIENTED_EDGE('',*,*,#5982,.T.);
#5982 = EDGE_CURVE('',#5459,#4935,#5983,.T.);
#5983 = LINE('',#5984,#5985);
#5984 = CARTESIAN_POINT('',(-40.,-22.,96.8));
#5985 = VECTOR('',#5986,1.);
#5986 = DIRECTION('',(0.,0.,1.));
#5987 = ORIENTED_EDGE('',*,*,#4942,.F.);
#5988 = PLANE('',#5989);
#5989 = AXIS2_PLACEMENT_3D('',#5990,#5991,#5992);
#5990 = CARTESIAN_POINT('',(-40.,-48.,96.8));
#5991 = DIRECTION('',(1.,0.,-0.));
#5992 = DIRECTION('',(0.,0.,1.));
#5993 = ADVANCED_FACE('',(#5994),#6005,.T.);
#5994 = FACE_BOUND('',#5995,.T.);
#5995 = EDGE_LOOP('',(#5996,#5997,#5998,#6004));
#5996 = ORIENTED_EDGE('',*,*,#5965,.F.);
#5997 = ORIENTED_EDGE('',*,*,#5450,.T.);
#5998 = ORIENTED_EDGE('',*,*,#5999,.T.);
#5999 = EDGE_CURVE('',#5451,#4927,#6000,.T.);
#6000 = LINE('',#6001,#6002);
#6001 = CARTESIAN_POINT('',(-44.,-22.,96.8));
#6002 = VECTOR('',#6003,1.);
#6003 = DIRECTION('',(0.,0.,1.));
#6004 = ORIENTED_EDGE('',*,*,#4926,.F.);
#6005 = PLANE('',#6006);
#6006 = AXIS2_PLACEMENT_3D('',#6007,#6008,#6009);
#6007 = CARTESIAN_POINT('',(-44.,-48.,96.8));
#6008 = DIRECTION('',(1.,0.,-0.));
#6009 = DIRECTION('',(0.,0.,1.));
#6010 = ADVANCED_FACE('',(#6011),#6017,.F.);
#6011 = FACE_BOUND('',#6012,.F.);
#6012 = EDGE_LOOP('',(#6013,#6014,#6015,#6016));
#6013 = ORIENTED_EDGE('',*,*,#5982,.F.);
#6014 = ORIENTED_EDGE('',*,*,#5458,.T.);
#6015 = ORIENTED_EDGE('',*,*,#5999,.T.);
#6016 = ORIENTED_EDGE('',*,*,#4934,.F.);
#6017 = PLANE('',#6018);
#6018 = AXIS2_PLACEMENT_3D('',#6019,#6020,#6021);
#6019 = CARTESIAN_POINT('',(-44.,-22.,96.8));
#6020 = DIRECTION('',(-0.,1.,0.));
#6021 = DIRECTION('',(0.,0.,1.));
#6022 = ADVANCED_FACE('',(#6023),#6039,.T.);
#6023 = FACE_BOUND('',#6024,.T.);
#6024 = EDGE_LOOP('',(#6025,#6031,#6032,#6038));
#6025 = ORIENTED_EDGE('',*,*,#6026,.F.);
#6026 = EDGE_CURVE('',#5475,#4951,#6027,.T.);
#6027 = LINE('',#6028,#6029);
#6028 = CARTESIAN_POINT('',(-64.,22.,96.8));
#6029 = VECTOR('',#6030,1.);
#6030 = DIRECTION('',(0.,0.,1.));
#6031 = ORIENTED_EDGE('',*,*,#5474,.T.);
#6032 = ORIENTED_EDGE('',*,*,#6033,.T.);
#6033 = EDGE_CURVE('',#5477,#4953,#6034,.T.);
#6034 = LINE('',#6035,#6036);
#6035 = CARTESIAN_POINT('',(-68.,22.,96.8));
#6036 = VECTOR('',#6037,1.);
#6037 = DIRECTION('',(0.,0.,1.));
#6038 = ORIENTED_EDGE('',*,*,#4950,.F.);
#6039 = PLANE('',#6040);
#6040 = AXIS2_PLACEMENT_3D('',#6041,#6042,#6043);
#6041 = CARTESIAN_POINT('',(-68.,22.,96.8));
#6042 = DIRECTION('',(-0.,1.,0.));
#6043 = DIRECTION('',(0.,0.,1.));
#6044 = ADVANCED_FACE('',(#6045),#6056,.F.);
#6045 = FACE_BOUND('',#6046,.F.);
#6046 = EDGE_LOOP('',(#6047,#6048,#6049,#6055));
#6047 = ORIENTED_EDGE('',*,*,#6026,.F.);
#6048 = ORIENTED_EDGE('',*,*,#5500,.T.);
#6049 = ORIENTED_EDGE('',*,*,#6050,.T.);
#6050 = EDGE_CURVE('',#5493,#4969,#6051,.T.);
#6051 = LINE('',#6052,#6053);
#6052 = CARTESIAN_POINT('',(-64.,48.,96.8));
#6053 = VECTOR('',#6054,1.);
#6054 = DIRECTION('',(0.,0.,1.));
#6055 = ORIENTED_EDGE('',*,*,#4976,.F.);
#6056 = PLANE('',#6057);
#6057 = AXIS2_PLACEMENT_3D('',#6058,#6059,#6060);
#6058 = CARTESIAN_POINT('',(-64.,22.,96.8));
#6059 = DIRECTION('',(1.,0.,-0.));
#6060 = DIRECTION('',(0.,0.,1.));
#6061 = ADVANCED_FACE('',(#6062),#6073,.T.);
#6062 = FACE_BOUND('',#6063,.T.);
#6063 = EDGE_LOOP('',(#6064,#6065,#6066,#6072));
#6064 = ORIENTED_EDGE('',*,*,#6033,.F.);
#6065 = ORIENTED_EDGE('',*,*,#5484,.T.);
#6066 = ORIENTED_EDGE('',*,*,#6067,.T.);
#6067 = EDGE_CURVE('',#5485,#4961,#6068,.T.);
#6068 = LINE('',#6069,#6070);
#6069 = CARTESIAN_POINT('',(-68.,48.,96.8));
#6070 = VECTOR('',#6071,1.);
#6071 = DIRECTION('',(0.,0.,1.));
#6072 = ORIENTED_EDGE('',*,*,#4960,.F.);
#6073 = PLANE('',#6074);
#6074 = AXIS2_PLACEMENT_3D('',#6075,#6076,#6077);
#6075 = CARTESIAN_POINT('',(-68.,22.,96.8));
#6076 = DIRECTION('',(1.,0.,-0.));
#6077 = DIRECTION('',(0.,0.,1.));
#6078 = ADVANCED_FACE('',(#6079),#6085,.F.);
#6079 = FACE_BOUND('',#6080,.F.);
#6080 = EDGE_LOOP('',(#6081,#6082,#6083,#6084));
#6081 = ORIENTED_EDGE('',*,*,#6050,.F.);
#6082 = ORIENTED_EDGE('',*,*,#5492,.T.);
#6083 = ORIENTED_EDGE('',*,*,#6067,.T.);
#6084 = ORIENTED_EDGE('',*,*,#4968,.F.);
#6085 = PLANE('',#6086);
#6086 = AXIS2_PLACEMENT_3D('',#6087,#6088,#6089);
#6087 = CARTESIAN_POINT('',(-68.,48.,96.8));
#6088 = DIRECTION('',(-0.,1.,0.));
#6089 = DIRECTION('',(0.,0.,1.));
#6090 = ADVANCED_FACE('',(#6091),#6107,.T.);
#6091 = FACE_BOUND('',#6092,.T.);
#6092 = EDGE_LOOP('',(#6093,#6099,#6100,#6106));
#6093 = ORIENTED_EDGE('',*,*,#6094,.F.);
#6094 = EDGE_CURVE('',#5509,#4985,#6095,.T.);
#6095 = LINE('',#6096,#6097);
#6096 = CARTESIAN_POINT('',(-52.,22.,96.8));
#6097 = VECTOR('',#6098,1.);
#6098 = DIRECTION('',(0.,0.,1.));
#6099 = ORIENTED_EDGE('',*,*,#5508,.T.);
#6100 = ORIENTED_EDGE('',*,*,#6101,.T.);
#6101 = EDGE_CURVE('',#5511,#4987,#6102,.T.);
#6102 = LINE('',#6103,#6104);
#6103 = CARTESIAN_POINT('',(-56.,22.,96.8));
#6104 = VECTOR('',#6105,1.);
#6105 = DIRECTION('',(0.,0.,1.));
#6106 = ORIENTED_EDGE('',*,*,#4984,.F.);
#6107 = PLANE('',#6108);
#6108 = AXIS2_PLACEMENT_3D('',#6109,#6110,#6111);
#6109 = CARTESIAN_POINT('',(-56.,22.,96.8));
#6110 = DIRECTION('',(-0.,1.,0.));
#6111 = DIRECTION('',(0.,0.,1.));
#6112 = ADVANCED_FACE('',(#6113),#6124,.F.);
#6113 = FACE_BOUND('',#6114,.F.);
#6114 = EDGE_LOOP('',(#6115,#6116,#6117,#6123));
#6115 = ORIENTED_EDGE('',*,*,#6094,.F.);
#6116 = ORIENTED_EDGE('',*,*,#5534,.T.);
#6117 = ORIENTED_EDGE('',*,*,#6118,.T.);
#6118 = EDGE_CURVE('',#5527,#5003,#6119,.T.);
#6119 = LINE('',#6120,#6121);
#6120 = CARTESIAN_POINT('',(-52.,48.,96.8));
#6121 = VECTOR('',#6122,1.);
#6122 = DIRECTION('',(0.,0.,1.));
#6123 = ORIENTED_EDGE('',*,*,#5010,.F.);
#6124 = PLANE('',#6125);
#6125 = AXIS2_PLACEMENT_3D('',#6126,#6127,#6128);
#6126 = CARTESIAN_POINT('',(-52.,22.,96.8));
#6127 = DIRECTION('',(1.,0.,-0.));
#6128 = DIRECTION('',(0.,0.,1.));
#6129 = ADVANCED_FACE('',(#6130),#6141,.T.);
#6130 = FACE_BOUND('',#6131,.T.);
#6131 = EDGE_LOOP('',(#6132,#6133,#6134,#6140));
#6132 = ORIENTED_EDGE('',*,*,#6101,.F.);
#6133 = ORIENTED_EDGE('',*,*,#5518,.T.);
#6134 = ORIENTED_EDGE('',*,*,#6135,.T.);
#6135 = EDGE_CURVE('',#5519,#4995,#6136,.T.);
#6136 = LINE('',#6137,#6138);
#6137 = CARTESIAN_POINT('',(-56.,48.,96.8));
#6138 = VECTOR('',#6139,1.);
#6139 = DIRECTION('',(0.,0.,1.));
#6140 = ORIENTED_EDGE('',*,*,#4994,.F.);
#6141 = PLANE('',#6142);
#6142 = AXIS2_PLACEMENT_3D('',#6143,#6144,#6145);
#6143 = CARTESIAN_POINT('',(-56.,22.,96.8));
#6144 = DIRECTION('',(1.,0.,-0.));
#6145 = DIRECTION('',(0.,0.,1.));
#6146 = ADVANCED_FACE('',(#6147),#6153,.F.);
#6147 = FACE_BOUND('',#6148,.F.);
#6148 = EDGE_LOOP('',(#6149,#6150,#6151,#6152));
#6149 = ORIENTED_EDGE('',*,*,#6118,.F.);
#6150 = ORIENTED_EDGE('',*,*,#5526,.T.);
#6151 = ORIENTED_EDGE('',*,*,#6135,.T.);
#6152 = ORIENTED_EDGE('',*,*,#5002,.F.);
#6153 = PLANE('',#6154);
#6154 = AXIS2_PLACEMENT_3D('',#6155,#6156,#6157);
#6155 = CARTESIAN_POINT('',(-56.,48.,96.8));
#6156 = DIRECTION('',(-0.,1.,0.));
#6157 = DIRECTION('',(0.,0.,1.));
#6158 = ADVANCED_FACE('',(#6159),#6175,.T.);
#6159 = FACE_BOUND('',#6160,.T.);
#6160 = EDGE_LOOP('',(#6161,#6167,#6168,#6174));
#6161 = ORIENTED_EDGE('',*,*,#6162,.F.);
#6162 = EDGE_CURVE('',#5543,#5019,#6163,.T.);
#6163 = LINE('',#6164,#6165);
#6164 = CARTESIAN_POINT('',(-40.,22.,96.8));
#6165 = VECTOR('',#6166,1.);
#6166 = DIRECTION('',(0.,0.,1.));
#6167 = ORIENTED_EDGE('',*,*,#5542,.T.);
#6168 = ORIENTED_EDGE('',*,*,#6169,.T.);
#6169 = EDGE_CURVE('',#5545,#5021,#6170,.T.);
#6170 = LINE('',#6171,#6172);
#6171 = CARTESIAN_POINT('',(-44.,22.,96.8));
#6172 = VECTOR('',#6173,1.);
#6173 = DIRECTION('',(0.,0.,1.));
#6174 = ORIENTED_EDGE('',*,*,#5018,.F.);
#6175 = PLANE('',#6176);
#6176 = AXIS2_PLACEMENT_3D('',#6177,#6178,#6179);
#6177 = CARTESIAN_POINT('',(-44.,22.,96.8));
#6178 = DIRECTION('',(-0.,1.,0.));
#6179 = DIRECTION('',(0.,0.,1.));
#6180 = ADVANCED_FACE('',(#6181),#6192,.F.);
#6181 = FACE_BOUND('',#6182,.F.);
#6182 = EDGE_LOOP('',(#6183,#6184,#6185,#6191));
#6183 = ORIENTED_EDGE('',*,*,#6162,.F.);
#6184 = ORIENTED_EDGE('',*,*,#5568,.T.);
#6185 = ORIENTED_EDGE('',*,*,#6186,.T.);
#6186 = EDGE_CURVE('',#5561,#5037,#6187,.T.);
#6187 = LINE('',#6188,#6189);
#6188 = CARTESIAN_POINT('',(-40.,48.,96.8));
#6189 = VECTOR('',#6190,1.);
#6190 = DIRECTION('',(0.,0.,1.));
#6191 = ORIENTED_EDGE('',*,*,#5044,.F.);
#6192 = PLANE('',#6193);
#6193 = AXIS2_PLACEMENT_3D('',#6194,#6195,#6196);
#6194 = CARTESIAN_POINT('',(-40.,22.,96.8));
#6195 = DIRECTION('',(1.,0.,-0.));
#6196 = DIRECTION('',(0.,0.,1.));
#6197 = ADVANCED_FACE('',(#6198),#6209,.T.);
#6198 = FACE_BOUND('',#6199,.T.);
#6199 = EDGE_LOOP('',(#6200,#6201,#6202,#6208));
#6200 = ORIENTED_EDGE('',*,*,#6169,.F.);
#6201 = ORIENTED_EDGE('',*,*,#5552,.T.);
#6202 = ORIENTED_EDGE('',*,*,#6203,.T.);
#6203 = EDGE_CURVE('',#5553,#5029,#6204,.T.);
#6204 = LINE('',#6205,#6206);
#6205 = CARTESIAN_POINT('',(-44.,48.,96.8));
#6206 = VECTOR('',#6207,1.);
#6207 = DIRECTION('',(0.,0.,1.));
#6208 = ORIENTED_EDGE('',*,*,#5028,.F.);
#6209 = PLANE('',#6210);
#6210 = AXIS2_PLACEMENT_3D('',#6211,#6212,#6213);
#6211 = CARTESIAN_POINT('',(-44.,22.,96.8));
#6212 = DIRECTION('',(1.,0.,-0.));
#6213 = DIRECTION('',(0.,0.,1.));
#6214 = ADVANCED_FACE('',(#6215),#6221,.F.);
#6215 = FACE_BOUND('',#6216,.F.);
#6216 = EDGE_LOOP('',(#6217,#6218,#6219,#6220));
#6217 = ORIENTED_EDGE('',*,*,#6186,.F.);
#6218 = ORIENTED_EDGE('',*,*,#5560,.T.);
#6219 = ORIENTED_EDGE('',*,*,#6203,.T.);
#6220 = ORIENTED_EDGE('',*,*,#5036,.F.);
#6221 = PLANE('',#6222);
#6222 = AXIS2_PLACEMENT_3D('',#6223,#6224,#6225);
#6223 = CARTESIAN_POINT('',(-44.,48.,96.8));
#6224 = DIRECTION('',(-0.,1.,0.));
#6225 = DIRECTION('',(0.,0.,1.));
#6226 = ADVANCED_FACE('',(#6227),#6246,.F.);
#6227 = FACE_BOUND('',#6228,.F.);
#6228 = EDGE_LOOP('',(#6229,#6238,#6244,#6245));
#6229 = ORIENTED_EDGE('',*,*,#6230,.F.);
#6230 = EDGE_CURVE('',#6231,#6231,#6233,.T.);
#6231 = VERTEX_POINT('',#6232);
#6232 = CARTESIAN_POINT('',(-86.,62.,-38.3));
#6233 = CIRCLE('',#6234,1.7);
#6234 = AXIS2_PLACEMENT_3D('',#6235,#6236,#6237);
#6235 = CARTESIAN_POINT('',(-86.,62.,-40.));
#6236 = DIRECTION('',(1.,0.,0.));
#6237 = DIRECTION('',(-0.,0.,1.));
#6238 = ORIENTED_EDGE('',*,*,#6239,.F.);
#6239 = EDGE_CURVE('',#5073,#6231,#6240,.T.);
#6240 = LINE('',#6241,#6242);
#6241 = CARTESIAN_POINT('',(-94.2,62.,-38.3));
#6242 = VECTOR('',#6243,1.);
#6243 = DIRECTION('',(1.,0.,0.));
#6244 = ORIENTED_EDGE('',*,*,#5072,.T.);
#6245 = ORIENTED_EDGE('',*,*,#6239,.T.);
#6246 = CYLINDRICAL_SURFACE('',#6247,1.7);
#6247 = AXIS2_PLACEMENT_3D('',#6248,#6249,#6250);
#6248 = CARTESIAN_POINT('',(-94.2,62.,-40.));
#6249 = DIRECTION('',(1.,0.,0.));
#6250 = DIRECTION('',(-0.,0.,1.));
#6251 = ADVANCED_FACE('',(#6252),#6271,.F.);
#6252 = FACE_BOUND('',#6253,.F.);
#6253 = EDGE_LOOP('',(#6254,#6263,#6269,#6270));
#6254 = ORIENTED_EDGE('',*,*,#6255,.F.);
#6255 = EDGE_CURVE('',#6256,#6256,#6258,.T.);
#6256 = VERTEX_POINT('',#6257);
#6257 = CARTESIAN_POINT('',(-86.,62.,42.7));
#6258 = CIRCLE('',#6259,1.7);
#6259 = AXIS2_PLACEMENT_3D('',#6260,#6261,#6262);
#6260 = CARTESIAN_POINT('',(-86.,62.,41.));
#6261 = DIRECTION('',(1.,0.,0.));
#6262 = DIRECTION('',(-0.,0.,1.));
#6263 = ORIENTED_EDGE('',*,*,#6264,.F.);
#6264 = EDGE_CURVE('',#5093,#6256,#6265,.T.);
#6265 = LINE('',#6266,#6267);
#6266 = CARTESIAN_POINT('',(-94.2,62.,42.7));
#6267 = VECTOR('',#6268,1.);
#6268 = DIRECTION('',(1.,0.,0.));
#6269 = ORIENTED_EDGE('',*,*,#5092,.T.);
#6270 = ORIENTED_EDGE('',*,*,#6264,.T.);
#6271 = CYLINDRICAL_SURFACE('',#6272,1.7);
#6272 = AXIS2_PLACEMENT_3D('',#6273,#6274,#6275);
#6273 = CARTESIAN_POINT('',(-94.2,62.,41.));
#6274 = DIRECTION('',(1.,0.,0.));
#6275 = DIRECTION('',(-0.,0.,1.));
#6276 = ADVANCED_FACE('',(#6277),#6296,.F.);
#6277 = FACE_BOUND('',#6278,.F.);
#6278 = EDGE_LOOP('',(#6279,#6288,#6294,#6295));
#6279 = ORIENTED_EDGE('',*,*,#6280,.F.);
#6280 = EDGE_CURVE('',#6281,#6281,#6283,.T.);
#6281 = VERTEX_POINT('',#6282);
#6282 = CARTESIAN_POINT('',(-86.,-62.,-38.3));
#6283 = CIRCLE('',#6284,1.7);
#6284 = AXIS2_PLACEMENT_3D('',#6285,#6286,#6287);
#6285 = CARTESIAN_POINT('',(-86.,-62.,-40.));
#6286 = DIRECTION('',(1.,0.,0.));
#6287 = DIRECTION('',(-0.,0.,1.));
#6288 = ORIENTED_EDGE('',*,*,#6289,.F.);
#6289 = EDGE_CURVE('',#5113,#6281,#6290,.T.);
#6290 = LINE('',#6291,#6292);
#6291 = CARTESIAN_POINT('',(-94.2,-62.,-38.3));
#6292 = VECTOR('',#6293,1.);
#6293 = DIRECTION('',(1.,0.,0.));
#6294 = ORIENTED_EDGE('',*,*,#5112,.T.);
#6295 = ORIENTED_EDGE('',*,*,#6289,.T.);
#6296 = CYLINDRICAL_SURFACE('',#6297,1.7);
#6297 = AXIS2_PLACEMENT_3D('',#6298,#6299,#6300);
#6298 = CARTESIAN_POINT('',(-94.2,-62.,-40.));
#6299 = DIRECTION('',(1.,0.,0.));
#6300 = DIRECTION('',(-0.,0.,1.));
#6301 = ADVANCED_FACE('',(#6302),#6321,.F.);
#6302 = FACE_BOUND('',#6303,.F.);
#6303 = EDGE_LOOP('',(#6304,#6313,#6319,#6320));
#6304 = ORIENTED_EDGE('',*,*,#6305,.F.);
#6305 = EDGE_CURVE('',#6306,#6306,#6308,.T.);
#6306 = VERTEX_POINT('',#6307);
#6307 = CARTESIAN_POINT('',(-86.,-62.,42.7));
#6308 = CIRCLE('',#6309,1.7);
#6309 = AXIS2_PLACEMENT_3D('',#6310,#6311,#6312);
#6310 = CARTESIAN_POINT('',(-86.,-62.,41.));
#6311 = DIRECTION('',(1.,0.,0.));
#6312 = DIRECTION('',(-0.,0.,1.));
#6313 = ORIENTED_EDGE('',*,*,#6314,.F.);
#6314 = EDGE_CURVE('',#5133,#6306,#6315,.T.);
#6315 = LINE('',#6316,#6317);
#6316 = CARTESIAN_POINT('',(-94.2,-62.,42.7));
#6317 = VECTOR('',#6318,1.);
#6318 = DIRECTION('',(1.,0.,0.));
#6319 = ORIENTED_EDGE('',*,*,#5132,.T.);
#6320 = ORIENTED_EDGE('',*,*,#6314,.T.);
#6321 = CYLINDRICAL_SURFACE('',#6322,1.7);
#6322 = AXIS2_PLACEMENT_3D('',#6323,#6324,#6325);
#6323 = CARTESIAN_POINT('',(-94.2,-62.,41.));
#6324 = DIRECTION('',(1.,0.,0.));
#6325 = DIRECTION('',(-0.,0.,1.));
#6326 = ADVANCED_FACE('',(#6327),#6338,.F.);
#6327 = FACE_BOUND('',#6328,.F.);
#6328 = EDGE_LOOP('',(#6329,#6330,#6336,#6337));
#6329 = ORIENTED_EDGE('',*,*,#5198,.F.);
#6330 = ORIENTED_EDGE('',*,*,#6331,.F.);
#6331 = EDGE_CURVE('',#5610,#5199,#6332,.T.);
#6332 = LINE('',#6333,#6334);
#6333 = CARTESIAN_POINT('',(-45.,74.9,36.7));
#6334 = VECTOR('',#6335,1.);
#6335 = DIRECTION('',(0.,1.,0.));
#6336 = ORIENTED_EDGE('',*,*,#5609,.T.);
#6337 = ORIENTED_EDGE('',*,*,#6331,.T.);
#6338 = CYLINDRICAL_SURFACE('',#6339,1.7);
#6339 = AXIS2_PLACEMENT_3D('',#6340,#6341,#6342);
#6340 = CARTESIAN_POINT('',(-45.,74.9,35.));
#6341 = DIRECTION('',(0.,1.,0.));
#6342 = DIRECTION('',(0.,-0.,1.));
#6343 = ADVANCED_FACE('',(#6344,#6347),#6350,.T.);
#6344 = FACE_BOUND('',#6345,.T.);
#6345 = EDGE_LOOP('',(#6346));
#6346 = ORIENTED_EDGE('',*,*,#5263,.T.);
#6347 = FACE_BOUND('',#6348,.T.);
#6348 = EDGE_LOOP('',(#6349));
#6349 = ORIENTED_EDGE('',*,*,#6230,.F.);
#6350 = PLANE('',#6351);
#6351 = AXIS2_PLACEMENT_3D('',#6352,#6353,#6354);
#6352 = CARTESIAN_POINT('',(-86.,62.,-40.));
#6353 = DIRECTION('',(1.,0.,0.));
#6354 = DIRECTION('',(-0.,0.,1.));
#6355 = ADVANCED_FACE('',(#6356,#6359),#6362,.T.);
#6356 = FACE_BOUND('',#6357,.T.);
#6357 = EDGE_LOOP('',(#6358));
#6358 = ORIENTED_EDGE('',*,*,#5288,.T.);
#6359 = FACE_BOUND('',#6360,.T.);
#6360 = EDGE_LOOP('',(#6361));
#6361 = ORIENTED_EDGE('',*,*,#6255,.F.);
#6362 = PLANE('',#6363);
#6363 = AXIS2_PLACEMENT_3D('',#6364,#6365,#6366);
#6364 = CARTESIAN_POINT('',(-86.,62.,41.));
#6365 = DIRECTION('',(1.,0.,0.));
#6366 = DIRECTION('',(-0.,0.,1.));
#6367 = ADVANCED_FACE('',(#6368,#6371),#6374,.T.);
#6368 = FACE_BOUND('',#6369,.T.);
#6369 = EDGE_LOOP('',(#6370));
#6370 = ORIENTED_EDGE('',*,*,#5313,.T.);
#6371 = FACE_BOUND('',#6372,.T.);
#6372 = EDGE_LOOP('',(#6373));
#6373 = ORIENTED_EDGE('',*,*,#6280,.F.);
#6374 = PLANE('',#6375);
#6375 = AXIS2_PLACEMENT_3D('',#6376,#6377,#6378);
#6376 = CARTESIAN_POINT('',(-86.,-62.,-40.));
#6377 = DIRECTION('',(1.,0.,0.));
#6378 = DIRECTION('',(-0.,0.,1.));
#6379 = ADVANCED_FACE('',(#6380,#6383),#6386,.T.);
#6380 = FACE_BOUND('',#6381,.T.);
#6381 = EDGE_LOOP('',(#6382));
#6382 = ORIENTED_EDGE('',*,*,#5338,.T.);
#6383 = FACE_BOUND('',#6384,.T.);
#6384 = EDGE_LOOP('',(#6385));
#6385 = ORIENTED_EDGE('',*,*,#6305,.F.);
#6386 = PLANE('',#6387);
#6387 = AXIS2_PLACEMENT_3D('',#6388,#6389,#6390);
#6388 = CARTESIAN_POINT('',(-86.,-62.,41.));
#6389 = DIRECTION('',(1.,0.,0.));
#6390 = DIRECTION('',(-0.,0.,1.));
#6391 = ADVANCED_FACE('',(#6392),#6398,.F.);
#6392 = FACE_BOUND('',#6393,.F.);
#6393 = EDGE_LOOP('',(#6394,#6395,#6396,#6397));
#6394 = ORIENTED_EDGE('',*,*,#5592,.F.);
#6395 = ORIENTED_EDGE('',*,*,#5676,.F.);
#6396 = ORIENTED_EDGE('',*,*,#5652,.T.);
#6397 = ORIENTED_EDGE('',*,*,#5635,.T.);
#6398 = CYLINDRICAL_SURFACE('',#6399,1.);
#6399 = AXIS2_PLACEMENT_3D('',#6400,#6401,#6402);
#6400 = CARTESIAN_POINT('',(-38.5,78.5,38.5));
#6401 = DIRECTION('',(0.,-1.,1.110223024625E-16));
#6402 = DIRECTION('',(1.,0.,0.));
#6403 = ADVANCED_FACE('',(#6404),#6410,.F.);
#6404 = FACE_BOUND('',#6405,.T.);
#6405 = EDGE_LOOP('',(#6406,#6407,#6408,#6409));
#6406 = ORIENTED_EDGE('',*,*,#5702,.T.);
#6407 = ORIENTED_EDGE('',*,*,#5744,.F.);
#6408 = ORIENTED_EDGE('',*,*,#5769,.T.);
#6409 = ORIENTED_EDGE('',*,*,#5787,.T.);
#6410 = CYLINDRICAL_SURFACE('',#6411,1.);
#6411 = AXIS2_PLACEMENT_3D('',#6412,#6413,#6414);
#6412 = CARTESIAN_POINT('',(-38.5,-78.5,38.5));
#6413 = DIRECTION('',(0.,1.,1.110223024625E-16));
#6414 = DIRECTION('',(1.,0.,0.));
#6415 = ADVANCED_FACE('',(#6416),#6427,.F.);
#6416 = FACE_BOUND('',#6417,.F.);
#6417 = EDGE_LOOP('',(#6418,#6419,#6425,#6426));
#6418 = ORIENTED_EDGE('',*,*,#5805,.F.);
#6419 = ORIENTED_EDGE('',*,*,#6420,.F.);
#6420 = EDGE_CURVE('',#5720,#5806,#6421,.T.);
#6421 = LINE('',#6422,#6423);
#6422 = CARTESIAN_POINT('',(-45.,-74.9,33.3));
#6423 = VECTOR('',#6424,1.);
#6424 = DIRECTION('',(0.,-1.,0.));
#6425 = ORIENTED_EDGE('',*,*,#5719,.T.);
#6426 = ORIENTED_EDGE('',*,*,#6420,.T.);
#6427 = CYLINDRICAL_SURFACE('',#6428,1.7);
#6428 = AXIS2_PLACEMENT_3D('',#6429,#6430,#6431);
#6429 = CARTESIAN_POINT('',(-45.,-74.9,35.));
#6430 = DIRECTION('',(0.,-1.,0.));
#6431 = DIRECTION('',(0.,-0.,-1.));
#6432 = ( GEOMETRIC_REPRESENTATION_CONTEXT(3) 
GLOBAL_UNCERTAINTY_ASSIGNED_CONTEXT((#6436)) 
GLOBAL_UNIT_ASSIGNED_CONTEXT((#6433,#6434,#6435)) REPRESENTATION_CONTEXT
('Context #1','3D Context with UNIT and UNCERTAINTY') );
#6433 = ( LENGTH_UNIT() NAMED_UNIT(*) SI_UNIT(.MILLI.,.METRE.) );
#6434 = ( NAMED_UNIT(*) PLANE_ANGLE_UNIT() SI_UNIT($,.RADIAN.) );
#6435 = ( NAMED_UNIT(*) SI_UNIT($,.STERADIAN.) SOLID_ANGLE_UNIT() );
#6436 = UNCERTAINTY_MEASURE_WITH_UNIT(LENGTH_MEASURE(1.E-07),#6433,
  'distance_accuracy_value','confusion accuracy');
#6437 = PRODUCT_RELATED_PRODUCT_CATEGORY('part',$,(#7));
ENDSEC;
END-ISO-10303-21;
