ISO-10303-21;
HEADER;
FILE_DESCRIPTION(('FreeCAD Model'),'2;1');
FILE_NAME('Open CASCADE Shape Model','2026-09-22T10:50:13',('FreeCAD'),(
    'FreeCAD'),'Open CASCADE STEP processor 7.8','FreeCAD','Unknown');
FILE_SCHEMA(('AUTOMOTIVE_DESIGN { 1 0 10303 214 1 1 1 1 }'));
ENDSEC;
DATA;
#1 = APPLICATION_PROTOCOL_DEFINITION('international standard',
  'automotive_design',2000,#2);
#2 = APPLICATION_CONTEXT(
  'core data for automotive mechanical design processes');
#3 = SHAPE_DEFINITION_REPRESENTATION(#4,#10);
#4 = PRODUCT_DEFINITION_SHAPE('','',#5);
#5 = PRODUCT_DEFINITION('design','',#6,#9);
#6 = PRODUCT_DEFINITION_FORMATION('','',#7);
#7 = PRODUCT('Open CASCADE STEP translator 7.8 29',
  'Open CASCADE STEP translator 7.8 29','',(#8));
#8 = PRODUCT_CONTEXT('',#2,'mechanical');
#9 = PRODUCT_DEFINITION_CONTEXT('part definition',#2,'design');
#10 = ADVANCED_BREP_SHAPE_REPRESENTATION('',(#11,#15),#3511);
#11 = AXIS2_PLACEMENT_3D('',#12,#13,#14);
#12 = CARTESIAN_POINT('',(0.,0.,0.));
#13 = DIRECTION('',(0.,0.,1.));
#14 = DIRECTION('',(1.,0.,-0.));
#15 = MANIFOLD_SOLID_BREP('',#16);
#16 = CLOSED_SHELL('',(#17,#51,#82,#175,#217,#246,#281,#299,#317,#327,
    #562,#582,#637,#688,#712,#739,#822,#873,#913,#1007,#1047,#1072,#1147
    ,#1164,#1195,#1219,#1243,#1267,#1291,#1308,#1339,#1363,#1387,#1411,
    #1435,#1452,#1477,#1502,#1529,#1634,#1646,#1670,#1687,#2054,#2074,
    #2086,#2097,#2135,#2156,#2176,#2201,#2226,#2246,#2274,#2286,#2314,
    #2667,#2687,#2704,#2719,#2736,#2761,#2783,#2800,#2817,#2834,#2851,
    #2863,#2885,#2902,#2919,#2936,#2953,#2965,#3062,#3087,#3109,#3126,
    #3143,#3160,#3177,#3189,#3214,#3231,#3253,#3270,#3287,#3304,#3321,
    #3333,#3350,#3367,#3384,#3412,#3440,#3468,#3482,#3497));
#17 = ADVANCED_FACE('',(#18),#46,.T.);
#18 = FACE_BOUND('',#19,.F.);
#19 = EDGE_LOOP('',(#20,#30,#39));
#20 = ORIENTED_EDGE('',*,*,#21,.F.);
#21 = EDGE_CURVE('',#22,#24,#26,.T.);
#22 = VERTEX_POINT('',#23);
#23 = CARTESIAN_POINT('',(-5.280053023725,-151.9,8.727029280726));
#24 = VERTEX_POINT('',#25);
#25 = CARTESIAN_POINT('',(-5.048156432501,-151.9,8.388103493552));
#26 = LINE('',#27,#28);
#27 = CARTESIAN_POINT('',(-18.0481564325,-151.9,27.388103493552));
#28 = VECTOR('',#29,1.);
#29 = DIRECTION('',(0.564683915592,-0.,-0.82530726125));
#30 = ORIENTED_EDGE('',*,*,#31,.F.);
#31 = EDGE_CURVE('',#32,#22,#34,.T.);
#32 = VERTEX_POINT('',#33);
#33 = CARTESIAN_POINT('',(-10.1510491886,-151.9,-0.998098377204));
#34 = CIRCLE('',#35,10.2);
#35 = AXIS2_PLACEMENT_3D('',#36,#37,#38);
#36 = CARTESIAN_POINT('',(0.,-151.9,0.));
#37 = DIRECTION('',(0.,1.,0.));
#38 = DIRECTION('',(-0.,-0.,1.));
#39 = ORIENTED_EDGE('',*,*,#40,.F.);
#40 = EDGE_CURVE('',#24,#32,#41,.T.);
#41 = CIRCLE('',#42,6.);
#42 = AXIS2_PLACEMENT_3D('',#43,#44,#45);
#43 = CARTESIAN_POINT('',(-10.,-151.9,5.));
#44 = DIRECTION('',(0.,1.,0.));
#45 = DIRECTION('',(-0.,-0.,1.));
#46 = PLANE('',#47);
#47 = AXIS2_PLACEMENT_3D('',#48,#49,#50);
#48 = CARTESIAN_POINT('',(-11.13417449438,-151.9,16.349575143707));
#49 = DIRECTION('',(-0.,1.,-0.));
#50 = DIRECTION('',(0.,0.,1.));
#51 = ADVANCED_FACE('',(#52),#77,.F.);
#52 = FACE_BOUND('',#53,.T.);
#53 = EDGE_LOOP('',(#54,#55,#63,#71));
#54 = ORIENTED_EDGE('',*,*,#21,.F.);
#55 = ORIENTED_EDGE('',*,*,#56,.T.);
#56 = EDGE_CURVE('',#22,#57,#59,.T.);
#57 = VERTEX_POINT('',#58);
#58 = CARTESIAN_POINT('',(-5.280053023725,-153.,8.727029280726));
#59 = LINE('',#60,#61);
#60 = CARTESIAN_POINT('',(-5.280053023725,-150.9,8.727029280726));
#61 = VECTOR('',#62,1.);
#62 = DIRECTION('',(-0.,-1.,-0.));
#63 = ORIENTED_EDGE('',*,*,#64,.T.);
#64 = EDGE_CURVE('',#57,#65,#67,.T.);
#65 = VERTEX_POINT('',#66);
#66 = CARTESIAN_POINT('',(-5.048156432501,-153.,8.388103493552));
#67 = LINE('',#68,#69);
#68 = CARTESIAN_POINT('',(7.5252628514,-153.,-9.988432382919));
#69 = VECTOR('',#70,1.);
#70 = DIRECTION('',(0.564683915592,-0.,-0.82530726125));
#71 = ORIENTED_EDGE('',*,*,#72,.F.);
#72 = EDGE_CURVE('',#24,#65,#73,.T.);
#73 = LINE('',#74,#75);
#74 = CARTESIAN_POINT('',(-5.048156432501,-151.9,8.388103493552));
#75 = VECTOR('',#76,1.);
#76 = DIRECTION('',(-0.,-1.,-0.));
#77 = PLANE('',#78);
#78 = AXIS2_PLACEMENT_3D('',#79,#80,#81);
#79 = CARTESIAN_POINT('',(-18.0481564325,-151.9,27.388103493552));
#80 = DIRECTION('',(-0.82530726125,-0.,-0.564683915592));
#81 = DIRECTION('',(-0.564683915592,0.,0.82530726125));
#82 = ADVANCED_FACE('',(#83),#170,.T.);
#83 = FACE_BOUND('',#84,.F.);
#84 = EDGE_LOOP('',(#85,#94,#95,#96,#104,#113,#121,#130,#138,#147,#155,
    #164));
#85 = ORIENTED_EDGE('',*,*,#86,.F.);
#86 = EDGE_CURVE('',#65,#87,#89,.T.);
#87 = VERTEX_POINT('',#88);
#88 = CARTESIAN_POINT('',(-4.003865235248,-153.,5.215332029504));
#89 = CIRCLE('',#90,6.);
#90 = AXIS2_PLACEMENT_3D('',#91,#92,#93);
#91 = CARTESIAN_POINT('',(-10.,-153.,5.));
#92 = DIRECTION('',(0.,1.,0.));
#93 = DIRECTION('',(-0.,-0.,1.));
#94 = ORIENTED_EDGE('',*,*,#72,.F.);
#95 = ORIENTED_EDGE('',*,*,#40,.T.);
#96 = ORIENTED_EDGE('',*,*,#97,.T.);
#97 = EDGE_CURVE('',#32,#98,#100,.T.);
#98 = VERTEX_POINT('',#99);
#99 = CARTESIAN_POINT('',(-10.1510491886,-153.,-0.998098377204));
#100 = LINE('',#101,#102);
#101 = CARTESIAN_POINT('',(-10.1510491886,-150.9,-0.998098377204));
#102 = VECTOR('',#103,1.);
#103 = DIRECTION('',(-0.,-1.,-0.));
#104 = ORIENTED_EDGE('',*,*,#105,.F.);
#105 = EDGE_CURVE('',#106,#98,#108,.T.);
#106 = VERTEX_POINT('',#107);
#107 = CARTESIAN_POINT('',(-6.574584764752,-153.,7.389297049566E-02));
#108 = CIRCLE('',#109,6.);
#109 = AXIS2_PLACEMENT_3D('',#110,#111,#112);
#110 = CARTESIAN_POINT('',(-10.,-153.,5.));
#111 = DIRECTION('',(0.,1.,0.));
#112 = DIRECTION('',(-0.,-0.,1.));
#113 = ORIENTED_EDGE('',*,*,#114,.F.);
#114 = EDGE_CURVE('',#115,#106,#117,.T.);
#115 = VERTEX_POINT('',#116);
#116 = CARTESIAN_POINT('',(-6.574584764752,-152.9,7.389297049566E-02));
#117 = LINE('',#118,#119);
#118 = CARTESIAN_POINT('',(-6.574584764752,-151.9,7.389297049566E-02));
#119 = VECTOR('',#120,1.);
#120 = DIRECTION('',(-0.,-1.,-0.));
#121 = ORIENTED_EDGE('',*,*,#122,.F.);
#122 = EDGE_CURVE('',#123,#115,#125,.T.);
#123 = VERTEX_POINT('',#124);
#124 = CARTESIAN_POINT('',(-5.863681273812,-152.9,0.653637452377));
#125 = CIRCLE('',#126,6.);
#126 = AXIS2_PLACEMENT_3D('',#127,#128,#129);
#127 = CARTESIAN_POINT('',(-10.,-152.9,5.));
#128 = DIRECTION('',(0.,1.,0.));
#129 = DIRECTION('',(-0.,-0.,1.));
#130 = ORIENTED_EDGE('',*,*,#131,.F.);
#131 = EDGE_CURVE('',#132,#123,#134,.T.);
#132 = VERTEX_POINT('',#133);
#133 = CARTESIAN_POINT('',(-5.863681273812,-152.,0.653637452376));
#134 = LINE('',#135,#136);
#135 = CARTESIAN_POINT('',(-5.863681273812,-151.9,0.653637452376));
#136 = VECTOR('',#137,1.);
#137 = DIRECTION('',(-0.,-1.,-0.));
#138 = ORIENTED_EDGE('',*,*,#139,.F.);
#139 = EDGE_CURVE('',#140,#132,#142,.T.);
#140 = VERTEX_POINT('',#141);
#141 = CARTESIAN_POINT('',(-4.041118726188,-152.,4.298762547624));
#142 = CIRCLE('',#143,6.);
#143 = AXIS2_PLACEMENT_3D('',#144,#145,#146);
#144 = CARTESIAN_POINT('',(-10.,-152.,5.));
#145 = DIRECTION('',(0.,1.,0.));
#146 = DIRECTION('',(-0.,-0.,1.));
#147 = ORIENTED_EDGE('',*,*,#148,.T.);
#148 = EDGE_CURVE('',#140,#149,#151,.T.);
#149 = VERTEX_POINT('',#150);
#150 = CARTESIAN_POINT('',(-4.041118726188,-152.9,4.298762547624));
#151 = LINE('',#152,#153);
#152 = CARTESIAN_POINT('',(-4.041118726188,-151.9,4.298762547624));
#153 = VECTOR('',#154,1.);
#154 = DIRECTION('',(-0.,-1.,-0.));
#155 = ORIENTED_EDGE('',*,*,#156,.F.);
#156 = EDGE_CURVE('',#157,#149,#159,.T.);
#157 = VERTEX_POINT('',#158);
#158 = CARTESIAN_POINT('',(-4.003865235248,-152.9,5.215332029504));
#159 = CIRCLE('',#160,6.);
#160 = AXIS2_PLACEMENT_3D('',#161,#162,#163);
#161 = CARTESIAN_POINT('',(-10.,-152.9,5.));
#162 = DIRECTION('',(0.,1.,0.));
#163 = DIRECTION('',(-0.,-0.,1.));
#164 = ORIENTED_EDGE('',*,*,#165,.T.);
#165 = EDGE_CURVE('',#157,#87,#166,.T.);
#166 = LINE('',#167,#168);
#167 = CARTESIAN_POINT('',(-4.003865235248,-151.9,5.215332029504));
#168 = VECTOR('',#169,1.);
#169 = DIRECTION('',(-0.,-1.,-0.));
#170 = CYLINDRICAL_SURFACE('',#171,6.);
#171 = AXIS2_PLACEMENT_3D('',#172,#173,#174);
#172 = CARTESIAN_POINT('',(-10.,-151.9,5.));
#173 = DIRECTION('',(-0.,-1.,-0.));
#174 = DIRECTION('',(-0.,-0.,1.));
#175 = ADVANCED_FACE('',(#176),#212,.F.);
#176 = FACE_BOUND('',#177,.T.);
#177 = EDGE_LOOP('',(#178,#179,#180,#189,#196,#203,#204,#211));
#178 = ORIENTED_EDGE('',*,*,#31,.F.);
#179 = ORIENTED_EDGE('',*,*,#97,.T.);
#180 = ORIENTED_EDGE('',*,*,#181,.F.);
#181 = EDGE_CURVE('',#182,#98,#184,.T.);
#182 = VERTEX_POINT('',#183);
#183 = CARTESIAN_POINT('',(0.,-153.,10.2));
#184 = CIRCLE('',#185,10.2);
#185 = AXIS2_PLACEMENT_3D('',#186,#187,#188);
#186 = CARTESIAN_POINT('',(0.,-153.,0.));
#187 = DIRECTION('',(0.,1.,0.));
#188 = DIRECTION('',(-0.,-0.,1.));
#189 = ORIENTED_EDGE('',*,*,#190,.F.);
#190 = EDGE_CURVE('',#191,#182,#193,.T.);
#191 = VERTEX_POINT('',#192);
#192 = CARTESIAN_POINT('',(-2.498279470261E-15,-146.,10.2));
#193 = B_SPLINE_CURVE_WITH_KNOTS('',1,(#194,#195),.UNSPECIFIED.,.F.,.F.,
  (2,2),(1.,8.),.PIECEWISE_BEZIER_KNOTS.);
#194 = CARTESIAN_POINT('',(-2.498279470261E-15,-146.,10.2));
#195 = CARTESIAN_POINT('',(-2.498279470261E-15,-153.,10.2));
#196 = ORIENTED_EDGE('',*,*,#197,.T.);
#197 = EDGE_CURVE('',#191,#191,#198,.T.);
#198 = CIRCLE('',#199,10.2);
#199 = AXIS2_PLACEMENT_3D('',#200,#201,#202);
#200 = CARTESIAN_POINT('',(0.,-146.,0.));
#201 = DIRECTION('',(0.,1.,0.));
#202 = DIRECTION('',(-0.,-0.,1.));
#203 = ORIENTED_EDGE('',*,*,#190,.T.);
#204 = ORIENTED_EDGE('',*,*,#205,.F.);
#205 = EDGE_CURVE('',#57,#182,#206,.T.);
#206 = CIRCLE('',#207,10.2);
#207 = AXIS2_PLACEMENT_3D('',#208,#209,#210);
#208 = CARTESIAN_POINT('',(0.,-153.,0.));
#209 = DIRECTION('',(0.,1.,0.));
#210 = DIRECTION('',(-0.,-0.,1.));
#211 = ORIENTED_EDGE('',*,*,#56,.F.);
#212 = CYLINDRICAL_SURFACE('',#213,10.2);
#213 = AXIS2_PLACEMENT_3D('',#214,#215,#216);
#214 = CARTESIAN_POINT('',(0.,-145.,0.));
#215 = DIRECTION('',(-0.,-1.,-0.));
#216 = DIRECTION('',(-0.,-0.,1.));
#217 = ADVANCED_FACE('',(#218),#241,.T.);
#218 = FACE_BOUND('',#219,.F.);
#219 = EDGE_LOOP('',(#220,#221,#222,#223,#232,#239,#240));
#220 = ORIENTED_EDGE('',*,*,#205,.F.);
#221 = ORIENTED_EDGE('',*,*,#64,.T.);
#222 = ORIENTED_EDGE('',*,*,#86,.T.);
#223 = ORIENTED_EDGE('',*,*,#224,.T.);
#224 = EDGE_CURVE('',#87,#225,#227,.T.);
#225 = VERTEX_POINT('',#226);
#226 = CARTESIAN_POINT('',(-1.610410540879E-15,-153.,6.575));
#227 = CIRCLE('',#228,6.575);
#228 = AXIS2_PLACEMENT_3D('',#229,#230,#231);
#229 = CARTESIAN_POINT('',(0.,-153.,0.));
#230 = DIRECTION('',(0.,1.,0.));
#231 = DIRECTION('',(-0.,-0.,1.));
#232 = ORIENTED_EDGE('',*,*,#233,.T.);
#233 = EDGE_CURVE('',#225,#106,#234,.T.);
#234 = CIRCLE('',#235,6.575);
#235 = AXIS2_PLACEMENT_3D('',#236,#237,#238);
#236 = CARTESIAN_POINT('',(0.,-153.,0.));
#237 = DIRECTION('',(0.,1.,0.));
#238 = DIRECTION('',(-0.,-0.,1.));
#239 = ORIENTED_EDGE('',*,*,#105,.T.);
#240 = ORIENTED_EDGE('',*,*,#181,.F.);
#241 = PLANE('',#242);
#242 = AXIS2_PLACEMENT_3D('',#243,#244,#245);
#243 = CARTESIAN_POINT('',(0.486831458848,-153.,-69.67833977485));
#244 = DIRECTION('',(-0.,1.,-0.));
#245 = DIRECTION('',(0.,0.,1.));
#246 = ADVANCED_FACE('',(#247),#276,.F.);
#247 = FACE_BOUND('',#248,.T.);
#248 = EDGE_LOOP('',(#249,#257,#264,#265,#266,#267,#274,#275));
#249 = ORIENTED_EDGE('',*,*,#250,.T.);
#250 = EDGE_CURVE('',#225,#251,#253,.T.);
#251 = VERTEX_POINT('',#252);
#252 = CARTESIAN_POINT('',(-1.610410540879E-15,-158.05,6.575));
#253 = LINE('',#254,#255);
#254 = CARTESIAN_POINT('',(-1.610410540879E-15,-152.9,6.575));
#255 = VECTOR('',#256,1.);
#256 = DIRECTION('',(-0.,-1.,-0.));
#257 = ORIENTED_EDGE('',*,*,#258,.F.);
#258 = EDGE_CURVE('',#251,#251,#259,.T.);
#259 = CIRCLE('',#260,6.575);
#260 = AXIS2_PLACEMENT_3D('',#261,#262,#263);
#261 = CARTESIAN_POINT('',(0.,-158.05,0.));
#262 = DIRECTION('',(0.,1.,0.));
#263 = DIRECTION('',(-0.,-0.,1.));
#264 = ORIENTED_EDGE('',*,*,#250,.F.);
#265 = ORIENTED_EDGE('',*,*,#233,.T.);
#266 = ORIENTED_EDGE('',*,*,#114,.F.);
#267 = ORIENTED_EDGE('',*,*,#268,.T.);
#268 = EDGE_CURVE('',#115,#157,#269,.T.);
#269 = CIRCLE('',#270,6.575);
#270 = AXIS2_PLACEMENT_3D('',#271,#272,#273);
#271 = CARTESIAN_POINT('',(0.,-152.9,0.));
#272 = DIRECTION('',(0.,1.,0.));
#273 = DIRECTION('',(-0.,-0.,1.));
#274 = ORIENTED_EDGE('',*,*,#165,.T.);
#275 = ORIENTED_EDGE('',*,*,#224,.T.);
#276 = CYLINDRICAL_SURFACE('',#277,6.575);
#277 = AXIS2_PLACEMENT_3D('',#278,#279,#280);
#278 = CARTESIAN_POINT('',(0.,-152.9,0.));
#279 = DIRECTION('',(-0.,-1.,-0.));
#280 = DIRECTION('',(-0.,-0.,1.));
#281 = ADVANCED_FACE('',(#282),#294,.T.);
#282 = FACE_BOUND('',#283,.F.);
#283 = EDGE_LOOP('',(#284,#285,#286,#287));
#284 = ORIENTED_EDGE('',*,*,#122,.T.);
#285 = ORIENTED_EDGE('',*,*,#268,.T.);
#286 = ORIENTED_EDGE('',*,*,#156,.T.);
#287 = ORIENTED_EDGE('',*,*,#288,.F.);
#288 = EDGE_CURVE('',#123,#149,#289,.T.);
#289 = CIRCLE('',#290,5.9);
#290 = AXIS2_PLACEMENT_3D('',#291,#292,#293);
#291 = CARTESIAN_POINT('',(0.,-152.9,0.));
#292 = DIRECTION('',(0.,1.,0.));
#293 = DIRECTION('',(-0.,-0.,1.));
#294 = PLANE('',#295);
#295 = AXIS2_PLACEMENT_3D('',#296,#297,#298);
#296 = CARTESIAN_POINT('',(0.,-152.9,0.));
#297 = DIRECTION('',(-0.,-1.,-0.));
#298 = DIRECTION('',(0.,0.,-1.));
#299 = ADVANCED_FACE('',(#300),#312,.F.);
#300 = FACE_BOUND('',#301,.T.);
#301 = EDGE_LOOP('',(#302,#303,#304,#311));
#302 = ORIENTED_EDGE('',*,*,#288,.F.);
#303 = ORIENTED_EDGE('',*,*,#131,.F.);
#304 = ORIENTED_EDGE('',*,*,#305,.T.);
#305 = EDGE_CURVE('',#132,#140,#306,.T.);
#306 = CIRCLE('',#307,5.9);
#307 = AXIS2_PLACEMENT_3D('',#308,#309,#310);
#308 = CARTESIAN_POINT('',(0.,-152.,0.));
#309 = DIRECTION('',(0.,1.,0.));
#310 = DIRECTION('',(-0.,-0.,1.));
#311 = ORIENTED_EDGE('',*,*,#148,.T.);
#312 = CYLINDRICAL_SURFACE('',#313,5.9);
#313 = AXIS2_PLACEMENT_3D('',#314,#315,#316);
#314 = CARTESIAN_POINT('',(0.,-152.,0.));
#315 = DIRECTION('',(-0.,-1.,-0.));
#316 = DIRECTION('',(-0.,-0.,1.));
#317 = ADVANCED_FACE('',(#318),#322,.T.);
#318 = FACE_BOUND('',#319,.F.);
#319 = EDGE_LOOP('',(#320,#321));
#320 = ORIENTED_EDGE('',*,*,#139,.T.);
#321 = ORIENTED_EDGE('',*,*,#305,.T.);
#322 = PLANE('',#323);
#323 = AXIS2_PLACEMENT_3D('',#324,#325,#326);
#324 = CARTESIAN_POINT('',(0.,-152.,0.));
#325 = DIRECTION('',(-0.,-1.,-0.));
#326 = DIRECTION('',(0.,0.,-1.));
#327 = ADVANCED_FACE('',(#328,#443,#493,#543,#554),#557,.T.);
#328 = FACE_BOUND('',#329,.F.);
#329 = EDGE_LOOP('',(#330,#341,#350,#359,#368,#377,#386,#394,#403,#412,
    #420,#428,#437));
#330 = ORIENTED_EDGE('',*,*,#331,.F.);
#331 = EDGE_CURVE('',#332,#334,#336,.T.);
#332 = VERTEX_POINT('',#333);
#333 = CARTESIAN_POINT('',(-16.,-146.,0.));
#334 = VERTEX_POINT('',#335);
#335 = CARTESIAN_POINT('',(-14.30492794047,-146.,21.507617706388));
#336 = B_SPLINE_CURVE_WITH_KNOTS('',3,(#337,#338,#339,#340),
  .UNSPECIFIED.,.F.,.F.,(4,4),(0.,1.),.PIECEWISE_BEZIER_KNOTS.);
#337 = CARTESIAN_POINT('',(-16.,-146.,0.));
#338 = CARTESIAN_POINT('',(-16.,-146.,17.));
#339 = CARTESIAN_POINT('',(-13.,-146.,25.));
#340 = CARTESIAN_POINT('',(-13.,-146.,35.));
#341 = ORIENTED_EDGE('',*,*,#342,.F.);
#342 = EDGE_CURVE('',#343,#332,#345,.T.);
#343 = VERTEX_POINT('',#344);
#344 = CARTESIAN_POINT('',(-15.63691796222,-146.,-26.66984232516));
#345 = B_SPLINE_CURVE_WITH_KNOTS('',3,(#346,#347,#348,#349),
  .UNSPECIFIED.,.F.,.F.,(4,4),(0.,1.),.PIECEWISE_BEZIER_KNOTS.);
#346 = CARTESIAN_POINT('',(-14.,-146.,-92.));
#347 = CARTESIAN_POINT('',(-14.,-146.,-60.));
#348 = CARTESIAN_POINT('',(-16.,-146.,-35.));
#349 = CARTESIAN_POINT('',(-16.,-146.,0.));
#350 = ORIENTED_EDGE('',*,*,#351,.F.);
#351 = EDGE_CURVE('',#352,#343,#354,.T.);
#352 = VERTEX_POINT('',#353);
#353 = CARTESIAN_POINT('',(16.034744108161,-146.,-25.64685588498));
#354 = CIRCLE('',#355,17.);
#355 = AXIS2_PLACEMENT_3D('',#356,#357,#358);
#356 = CARTESIAN_POINT('',(0.,-146.,-20.));
#357 = DIRECTION('',(0.,1.,0.));
#358 = DIRECTION('',(-0.,-0.,1.));
#359 = ORIENTED_EDGE('',*,*,#360,.F.);
#360 = EDGE_CURVE('',#361,#352,#363,.T.);
#361 = VERTEX_POINT('',#362);
#362 = CARTESIAN_POINT('',(16.,-146.,0.));
#363 = B_SPLINE_CURVE_WITH_KNOTS('',3,(#364,#365,#366,#367),
  .UNSPECIFIED.,.F.,.F.,(4,4),(0.,1.),.PIECEWISE_BEZIER_KNOTS.);
#364 = CARTESIAN_POINT('',(16.,-146.,0.));
#365 = CARTESIAN_POINT('',(16.,-146.,-34.));
#366 = CARTESIAN_POINT('',(16.,-146.,-64.));
#367 = CARTESIAN_POINT('',(18.,-146.,-92.));
#368 = ORIENTED_EDGE('',*,*,#369,.F.);
#369 = EDGE_CURVE('',#370,#361,#372,.T.);
#370 = VERTEX_POINT('',#371);
#371 = CARTESIAN_POINT('',(13.,-146.,35.));
#372 = B_SPLINE_CURVE_WITH_KNOTS('',3,(#373,#374,#375,#376),
  .UNSPECIFIED.,.F.,.F.,(4,4),(0.,1.),.PIECEWISE_BEZIER_KNOTS.);
#373 = CARTESIAN_POINT('',(13.,-146.,35.));
#374 = CARTESIAN_POINT('',(13.,-146.,25.));
#375 = CARTESIAN_POINT('',(16.,-146.,17.));
#376 = CARTESIAN_POINT('',(16.,-146.,0.));
#377 = ORIENTED_EDGE('',*,*,#378,.F.);
#378 = EDGE_CURVE('',#379,#370,#381,.T.);
#379 = VERTEX_POINT('',#380);
#380 = CARTESIAN_POINT('',(-7.815186395984,-146.,45.388592859287));
#381 = CIRCLE('',#382,13.);
#382 = AXIS2_PLACEMENT_3D('',#383,#384,#385);
#383 = CARTESIAN_POINT('',(0.,-146.,35.));
#384 = DIRECTION('',(-0.,1.,0.));
#385 = DIRECTION('',(-1.,-0.,-0.));
#386 = ORIENTED_EDGE('',*,*,#387,.F.);
#387 = EDGE_CURVE('',#388,#379,#390,.T.);
#388 = VERTEX_POINT('',#389);
#389 = CARTESIAN_POINT('',(-20.41126701617,-146.,51.412805329814));
#390 = LINE('',#391,#392);
#391 = CARTESIAN_POINT('',(-20.41126701617,-146.,51.412805329814));
#392 = VECTOR('',#393,1.);
#393 = DIRECTION('',(0.902134221636,-0.,-0.431455497304));
#394 = ORIENTED_EDGE('',*,*,#395,.F.);
#395 = EDGE_CURVE('',#396,#388,#398,.T.);
#396 = VERTEX_POINT('',#397);
#397 = CARTESIAN_POINT('',(-23.,-146.,52.));
#398 = CIRCLE('',#399,6.);
#399 = AXIS2_PLACEMENT_3D('',#400,#401,#402);
#400 = CARTESIAN_POINT('',(-23.,-146.,46.));
#401 = DIRECTION('',(0.,1.,0.));
#402 = DIRECTION('',(-0.,-0.,1.));
#403 = ORIENTED_EDGE('',*,*,#404,.F.);
#404 = EDGE_CURVE('',#405,#396,#407,.T.);
#405 = VERTEX_POINT('',#406);
#406 = CARTESIAN_POINT('',(-25.58873298382,-146.,40.587194670186));
#407 = CIRCLE('',#408,6.);
#408 = AXIS2_PLACEMENT_3D('',#409,#410,#411);
#409 = CARTESIAN_POINT('',(-23.,-146.,46.));
#410 = DIRECTION('',(0.,1.,0.));
#411 = DIRECTION('',(-0.,-0.,1.));
#412 = ORIENTED_EDGE('',*,*,#413,.F.);
#413 = EDGE_CURVE('',#414,#405,#416,.T.);
#414 = VERTEX_POINT('',#415);
#415 = CARTESIAN_POINT('',(-13.90641685525,-146.,35.));
#416 = LINE('',#417,#418);
#417 = CARTESIAN_POINT('',(-2.588732983824,-146.,29.587194670186));
#418 = VECTOR('',#419,1.);
#419 = DIRECTION('',(-0.902134221636,-0.,0.431455497304));
#420 = ORIENTED_EDGE('',*,*,#421,.F.);
#421 = EDGE_CURVE('',#422,#414,#424,.T.);
#422 = VERTEX_POINT('',#423);
#423 = CARTESIAN_POINT('',(-25.58873298382,-146.,29.412805329814));
#424 = LINE('',#425,#426);
#425 = CARTESIAN_POINT('',(-25.58873298382,-146.,29.412805329814));
#426 = VECTOR('',#427,1.);
#427 = DIRECTION('',(0.902134221636,-0.,0.431455497304));
#428 = ORIENTED_EDGE('',*,*,#429,.F.);
#429 = EDGE_CURVE('',#430,#422,#432,.T.);
#430 = VERTEX_POINT('',#431);
#431 = CARTESIAN_POINT('',(-20.41126701617,-146.,18.587194670186));
#432 = CIRCLE('',#433,6.);
#433 = AXIS2_PLACEMENT_3D('',#434,#435,#436);
#434 = CARTESIAN_POINT('',(-23.,-146.,24.));
#435 = DIRECTION('',(0.,1.,0.));
#436 = DIRECTION('',(-0.,-0.,1.));
#437 = ORIENTED_EDGE('',*,*,#438,.F.);
#438 = EDGE_CURVE('',#334,#430,#439,.T.);
#439 = LINE('',#440,#441);
#440 = CARTESIAN_POINT('',(2.588732983824,-146.,29.587194670186));
#441 = VECTOR('',#442,1.);
#442 = DIRECTION('',(-0.902134221636,-0.,-0.431455497304));
#443 = FACE_BOUND('',#444,.F.);
#444 = EDGE_LOOP('',(#445,#455,#463,#471,#479,#487));
#445 = ORIENTED_EDGE('',*,*,#446,.F.);
#446 = EDGE_CURVE('',#447,#449,#451,.T.);
#447 = VERTEX_POINT('',#448);
#448 = CARTESIAN_POINT('',(-20.1,-146.,47.67431578065));
#449 = VERTEX_POINT('',#450);
#450 = CARTESIAN_POINT('',(-23.,-146.,49.3486315613));
#451 = LINE('',#452,#453);
#452 = CARTESIAN_POINT('',(-6.936170375426,-146.,40.074175203336));
#453 = VECTOR('',#454,1.);
#454 = DIRECTION('',(-0.866025403784,-0.,0.5));
#455 = ORIENTED_EDGE('',*,*,#456,.F.);
#456 = EDGE_CURVE('',#457,#447,#459,.T.);
#457 = VERTEX_POINT('',#458);
#458 = CARTESIAN_POINT('',(-20.1,-146.,44.32568421935));
#459 = LINE('',#460,#461);
#460 = CARTESIAN_POINT('',(-20.1,-146.,28.13833598074));
#461 = VECTOR('',#462,1.);
#462 = DIRECTION('',(-0.,-0.,1.));
#463 = ORIENTED_EDGE('',*,*,#464,.F.);
#464 = EDGE_CURVE('',#465,#457,#467,.T.);
#465 = VERTEX_POINT('',#466);
#466 = CARTESIAN_POINT('',(-23.,-146.,42.6513684387));
#467 = LINE('',#468,#469);
#468 = CARTESIAN_POINT('',(-23.12982516996,-146.,42.576413841872));
#469 = VECTOR('',#470,1.);
#470 = DIRECTION('',(0.866025403784,-0.,0.5));
#471 = ORIENTED_EDGE('',*,*,#472,.F.);
#472 = EDGE_CURVE('',#473,#465,#475,.T.);
#473 = VERTEX_POINT('',#474);
#474 = CARTESIAN_POINT('',(-25.9,-146.,44.32568421935));
#475 = LINE('',#476,#477);
#476 = CARTESIAN_POINT('',(-11.28617037542,-146.,35.888385751711));
#477 = VECTOR('',#478,1.);
#478 = DIRECTION('',(0.866025403784,-0.,-0.5));
#479 = ORIENTED_EDGE('',*,*,#480,.F.);
#480 = EDGE_CURVE('',#481,#473,#483,.T.);
#481 = VERTEX_POINT('',#482);
#482 = CARTESIAN_POINT('',(-25.9,-146.,47.67431578065));
#483 = LINE('',#484,#485);
#484 = CARTESIAN_POINT('',(-25.9,-146.,29.81265176139));
#485 = VECTOR('',#486,1.);
#486 = DIRECTION('',(-0.,-0.,-1.));
#487 = ORIENTED_EDGE('',*,*,#488,.F.);
#488 = EDGE_CURVE('',#449,#481,#489,.T.);
#489 = LINE('',#490,#491);
#490 = CARTESIAN_POINT('',(-24.57982516996,-146.,48.436519074147));
#491 = VECTOR('',#492,1.);
#492 = DIRECTION('',(-0.866025403784,-0.,-0.5));
#493 = FACE_BOUND('',#494,.F.);
#494 = EDGE_LOOP('',(#495,#505,#513,#521,#529,#537));
#495 = ORIENTED_EDGE('',*,*,#496,.F.);
#496 = EDGE_CURVE('',#497,#499,#501,.T.);
#497 = VERTEX_POINT('',#498);
#498 = CARTESIAN_POINT('',(-20.1,-146.,25.67431578065));
#499 = VERTEX_POINT('',#500);
#500 = CARTESIAN_POINT('',(-23.,-146.,27.3486315613));
#501 = LINE('',#502,#503);
#502 = CARTESIAN_POINT('',(-11.69931009624,-146.,20.824175203336));
#503 = VECTOR('',#504,1.);
#504 = DIRECTION('',(-0.866025403784,-0.,0.5));
#505 = ORIENTED_EDGE('',*,*,#506,.F.);
#506 = EDGE_CURVE('',#507,#497,#509,.T.);
#507 = VERTEX_POINT('',#508);
#508 = CARTESIAN_POINT('',(-20.1,-146.,22.32568421935));
#509 = LINE('',#510,#511);
#510 = CARTESIAN_POINT('',(-20.1,-146.,17.13833598074));
#511 = VECTOR('',#512,1.);
#512 = DIRECTION('',(-0.,-0.,1.));
#513 = ORIENTED_EDGE('',*,*,#514,.F.);
#514 = EDGE_CURVE('',#515,#507,#517,.T.);
#515 = VERTEX_POINT('',#516);
#516 = CARTESIAN_POINT('',(-23.,-146.,20.6513684387));
#517 = LINE('',#518,#519);
#518 = CARTESIAN_POINT('',(-18.36668544915,-146.,23.326413841872));
#519 = VECTOR('',#520,1.);
#520 = DIRECTION('',(0.866025403784,-0.,0.5));
#521 = ORIENTED_EDGE('',*,*,#522,.F.);
#522 = EDGE_CURVE('',#523,#515,#525,.T.);
#523 = VERTEX_POINT('',#524);
#524 = CARTESIAN_POINT('',(-25.9,-146.,22.32568421935));
#525 = LINE('',#526,#527);
#526 = CARTESIAN_POINT('',(-16.04931009624,-146.,16.638385751711));
#527 = VECTOR('',#528,1.);
#528 = DIRECTION('',(0.866025403784,-0.,-0.5));
#529 = ORIENTED_EDGE('',*,*,#530,.F.);
#530 = EDGE_CURVE('',#531,#523,#533,.T.);
#531 = VERTEX_POINT('',#532);
#532 = CARTESIAN_POINT('',(-25.9,-146.,25.67431578065));
#533 = LINE('',#534,#535);
#534 = CARTESIAN_POINT('',(-25.9,-146.,18.81265176139));
#535 = VECTOR('',#536,1.);
#536 = DIRECTION('',(-0.,-0.,-1.));
#537 = ORIENTED_EDGE('',*,*,#538,.F.);
#538 = EDGE_CURVE('',#499,#531,#539,.T.);
#539 = LINE('',#540,#541);
#540 = CARTESIAN_POINT('',(-19.81668544915,-146.,29.186519074147));
#541 = VECTOR('',#542,1.);
#542 = DIRECTION('',(-0.866025403784,-0.,-0.5));
#543 = FACE_BOUND('',#544,.F.);
#544 = EDGE_LOOP('',(#545));
#545 = ORIENTED_EDGE('',*,*,#546,.T.);
#546 = EDGE_CURVE('',#547,#547,#549,.T.);
#547 = VERTEX_POINT('',#548);
#548 = CARTESIAN_POINT('',(-9.858406733136E-16,-146.,39.025));
#549 = CIRCLE('',#550,4.025);
#550 = AXIS2_PLACEMENT_3D('',#551,#552,#553);
#551 = CARTESIAN_POINT('',(0.,-146.,35.));
#552 = DIRECTION('',(0.,1.,0.));
#553 = DIRECTION('',(-0.,-0.,1.));
#554 = FACE_BOUND('',#555,.F.);
#555 = EDGE_LOOP('',(#556));
#556 = ORIENTED_EDGE('',*,*,#197,.T.);
#557 = PLANE('',#558);
#558 = AXIS2_PLACEMENT_3D('',#559,#560,#561);
#559 = CARTESIAN_POINT('',(-5.621327393858,-146.,11.95098774213));
#560 = DIRECTION('',(-0.,1.,-0.));
#561 = DIRECTION('',(0.,0.,1.));
#562 = ADVANCED_FACE('',(#563,#566),#577,.F.);
#563 = FACE_BOUND('',#564,.T.);
#564 = EDGE_LOOP('',(#565));
#565 = ORIENTED_EDGE('',*,*,#258,.T.);
#566 = FACE_BOUND('',#567,.T.);
#567 = EDGE_LOOP('',(#568));
#568 = ORIENTED_EDGE('',*,*,#569,.F.);
#569 = EDGE_CURVE('',#570,#570,#572,.T.);
#570 = VERTEX_POINT('',#571);
#571 = CARTESIAN_POINT('',(-1.445083222994E-15,-158.05,5.9));
#572 = CIRCLE('',#573,5.9);
#573 = AXIS2_PLACEMENT_3D('',#574,#575,#576);
#574 = CARTESIAN_POINT('',(0.,-158.05,0.));
#575 = DIRECTION('',(0.,1.,0.));
#576 = DIRECTION('',(-0.,-0.,1.));
#577 = PLANE('',#578);
#578 = AXIS2_PLACEMENT_3D('',#579,#580,#581);
#579 = CARTESIAN_POINT('',(0.,-158.05,0.));
#580 = DIRECTION('',(-0.,-1.,-0.));
#581 = DIRECTION('',(0.,0.,-1.));
#582 = ADVANCED_FACE('',(#583),#629,.T.);
#583 = FACE_BOUND('',#584,.T.);
#584 = EDGE_LOOP('',(#585,#586,#594,#621));
#585 = ORIENTED_EDGE('',*,*,#331,.F.);
#586 = ORIENTED_EDGE('',*,*,#587,.T.);
#587 = EDGE_CURVE('',#332,#588,#590,.T.);
#588 = VERTEX_POINT('',#589);
#589 = CARTESIAN_POINT('',(-16.,-151.9,0.));
#590 = LINE('',#591,#592);
#591 = CARTESIAN_POINT('',(-16.,-146.,0.));
#592 = VECTOR('',#593,1.);
#593 = DIRECTION('',(-0.,-1.,-0.));
#594 = ORIENTED_EDGE('',*,*,#595,.F.);
#595 = EDGE_CURVE('',#596,#588,#598,.T.);
#596 = VERTEX_POINT('',#597);
#597 = CARTESIAN_POINT('',(-14.30492794047,-151.9,21.50761770639));
#598 = B_SPLINE_CURVE_WITH_KNOTS('',6,(#599,#600,#601,#602,#603,#604,
    #605,#606,#607,#608,#609,#610,#611,#612,#613,#614,#615,#616,#617,
    #618,#619,#620),.UNSPECIFIED.,.F.,.F.,(7,5,5,5,7),(0.,0.101038956448
    ,0.33189943824,0.592271525309,1.),.UNSPECIFIED.);
#599 = CARTESIAN_POINT('',(-14.30492526087,-151.9,21.507636546202));
#600 = CARTESIAN_POINT('',(-14.35612478995,-151.9,21.147661679609));
#601 = CARTESIAN_POINT('',(-14.40716789521,-151.9,20.787661756831));
#602 = CARTESIAN_POINT('',(-14.45793857208,-151.9,20.427620163788));
#603 = CARTESIAN_POINT('',(-14.50833047599,-151.9,20.067522192122));
#604 = CARTESIAN_POINT('',(-14.55824692239,-151.9,19.707355039195));
#605 = CARTESIAN_POINT('',(-14.72036808451,-151.9,18.523991138425));
#606 = CARTESIAN_POINT('',(-14.8301991623,-151.9,17.700455485182));
#607 = CARTESIAN_POINT('',(-14.9360520891,-151.9,16.876373945578));
#608 = CARTESIAN_POINT('',(-15.03714872237,-151.9,16.051672362415));
#609 = CARTESIAN_POINT('',(-15.13292698311,-151.9,15.226323303885));
#610 = CARTESIAN_POINT('',(-15.32457249889,-151.9,13.468768802768));
#611 = CARTESIAN_POINT('',(-15.41888645533,-151.9,12.536383710561));
#612 = CARTESIAN_POINT('',(-15.50536776682,-151.9,11.603205079698));
#613 = CARTESIAN_POINT('',(-15.58372155535,-151.9,10.669288292677));
#614 = CARTESIAN_POINT('',(-15.65382506849,-151.9,9.73471475041));
#615 = CARTESIAN_POINT('',(-15.81251536537,-151.9,7.335226871422));
#616 = CARTESIAN_POINT('',(-15.88910984736,-151.9,5.869487186634));
#617 = CARTESIAN_POINT('',(-15.94542388288,-151.9,4.402745968041));
#618 = CARTESIAN_POINT('',(-15.98211164447,-151.9,2.935368614114));
#619 = CARTESIAN_POINT('',(-16.,-151.9,1.46768770306));
#620 = CARTESIAN_POINT('',(-16.,-151.9,0.));
#621 = ORIENTED_EDGE('',*,*,#622,.T.);
#622 = EDGE_CURVE('',#596,#334,#623,.T.);
#623 = B_SPLINE_CURVE_WITH_KNOTS('',4,(#624,#625,#626,#627,#628),
  .UNSPECIFIED.,.F.,.F.,(5,5),(0.,1.),.PIECEWISE_BEZIER_KNOTS.);
#624 = CARTESIAN_POINT('',(-14.30492794047,-152.,21.50761770639));
#625 = CARTESIAN_POINT('',(-14.30492794047,-150.5000000001,
    21.50761770639));
#626 = CARTESIAN_POINT('',(-14.30492794047,-149.,21.50761770639));
#627 = CARTESIAN_POINT('',(-14.30492794047,-147.4999999998,
    21.50761770639));
#628 = CARTESIAN_POINT('',(-14.30492794047,-146.,21.50761770639));
#629 = SURFACE_OF_LINEAR_EXTRUSION('',#630,#635);
#630 = B_SPLINE_CURVE_WITH_KNOTS('',3,(#631,#632,#633,#634),
  .UNSPECIFIED.,.F.,.F.,(4,4),(0.,1.),.PIECEWISE_BEZIER_KNOTS.);
#631 = CARTESIAN_POINT('',(-16.,-146.,0.));
#632 = CARTESIAN_POINT('',(-16.,-146.,17.));
#633 = CARTESIAN_POINT('',(-13.,-146.,25.));
#634 = CARTESIAN_POINT('',(-13.,-146.,35.));
#635 = VECTOR('',#636,1.);
#636 = DIRECTION('',(-0.,1.,-0.));
#637 = ADVANCED_FACE('',(#638),#680,.T.);
#638 = FACE_BOUND('',#639,.T.);
#639 = EDGE_LOOP('',(#640,#641,#651,#660,#670,#679));
#640 = ORIENTED_EDGE('',*,*,#342,.F.);
#641 = ORIENTED_EDGE('',*,*,#642,.F.);
#642 = EDGE_CURVE('',#643,#343,#645,.T.);
#643 = VERTEX_POINT('',#644);
#644 = CARTESIAN_POINT('',(-15.63691796222,-152.,-26.66984232516));
#645 = B_SPLINE_CURVE_WITH_KNOTS('',4,(#646,#647,#648,#649,#650),
  .UNSPECIFIED.,.F.,.F.,(5,5),(0.,1.),.PIECEWISE_BEZIER_KNOTS.);
#646 = CARTESIAN_POINT('',(-15.63691796222,-152.0000006,-26.66984232516)
  );
#647 = CARTESIAN_POINT('',(-15.63691796222,-150.5000003,-26.66984232516)
  );
#648 = CARTESIAN_POINT('',(-15.63691796222,-149.,-26.66984232516));
#649 = CARTESIAN_POINT('',(-15.63691796222,-147.4999997,-26.66984232516)
  );
#650 = CARTESIAN_POINT('',(-15.63691796222,-145.9999994,-26.66984232516)
  );
#651 = ORIENTED_EDGE('',*,*,#652,.T.);
#652 = EDGE_CURVE('',#643,#653,#655,.T.);
#653 = VERTEX_POINT('',#654);
#654 = CARTESIAN_POINT('',(-15.98184929056,-152.,-5.794867837469));
#655 = B_SPLINE_CURVE_WITH_KNOTS('',3,(#656,#657,#658,#659),
  .UNSPECIFIED.,.F.,.F.,(4,4),(0.,1.),.PIECEWISE_BEZIER_KNOTS.);
#656 = CARTESIAN_POINT('',(-14.,-152.,-92.));
#657 = CARTESIAN_POINT('',(-14.,-152.,-60.));
#658 = CARTESIAN_POINT('',(-16.,-152.,-35.));
#659 = CARTESIAN_POINT('',(-16.,-152.,0.));
#660 = ORIENTED_EDGE('',*,*,#661,.T.);
#661 = EDGE_CURVE('',#653,#662,#664,.T.);
#662 = VERTEX_POINT('',#663);
#663 = CARTESIAN_POINT('',(-15.98184929056,-151.9,-5.794867837469));
#664 = B_SPLINE_CURVE_WITH_KNOTS('',4,(#665,#666,#667,#668,#669),
  .UNSPECIFIED.,.F.,.F.,(5,5),(0.,1.),.PIECEWISE_BEZIER_KNOTS.);
#665 = CARTESIAN_POINT('',(-15.98184929056,-152.0000006,-5.794867837469)
  );
#666 = CARTESIAN_POINT('',(-15.98184929056,-151.9750003,-5.794867837469)
  );
#667 = CARTESIAN_POINT('',(-15.98184929056,-151.95,-5.794867837469));
#668 = CARTESIAN_POINT('',(-15.98184929056,-151.9249997,-5.794867837469)
  );
#669 = CARTESIAN_POINT('',(-15.98184929056,-151.8999994,-5.794867837469)
  );
#670 = ORIENTED_EDGE('',*,*,#671,.F.);
#671 = EDGE_CURVE('',#588,#662,#672,.T.);
#672 = B_SPLINE_CURVE_WITH_KNOTS('',5,(#673,#674,#675,#676,#677,#678),
  .UNSPECIFIED.,.F.,.F.,(6,6),(0.,1.),.PIECEWISE_BEZIER_KNOTS.);
#673 = CARTESIAN_POINT('',(-16.,-151.9,0.));
#674 = CARTESIAN_POINT('',(-16.,-151.9,-3.400194583867));
#675 = CARTESIAN_POINT('',(-15.98427056419,-151.9,-6.800384957821));
#676 = CARTESIAN_POINT('',(-15.95305288076,-151.9,-10.20046601203));
#677 = CARTESIAN_POINT('',(-15.90699881545,-151.9,-13.60035625186));
#678 = CARTESIAN_POINT('',(-15.84741985572,-151.9,-17.));
#679 = ORIENTED_EDGE('',*,*,#587,.F.);
#680 = SURFACE_OF_LINEAR_EXTRUSION('',#681,#686);
#681 = B_SPLINE_CURVE_WITH_KNOTS('',3,(#682,#683,#684,#685),
  .UNSPECIFIED.,.F.,.F.,(4,4),(0.,1.),.PIECEWISE_BEZIER_KNOTS.);
#682 = CARTESIAN_POINT('',(-14.,-146.,-92.));
#683 = CARTESIAN_POINT('',(-14.,-146.,-60.));
#684 = CARTESIAN_POINT('',(-16.,-146.,-35.));
#685 = CARTESIAN_POINT('',(-16.,-146.,0.));
#686 = VECTOR('',#687,1.);
#687 = DIRECTION('',(-0.,1.,-0.));
#688 = ADVANCED_FACE('',(#689),#707,.F.);
#689 = FACE_BOUND('',#690,.T.);
#690 = EDGE_LOOP('',(#691,#692,#693,#701));
#691 = ORIENTED_EDGE('',*,*,#438,.F.);
#692 = ORIENTED_EDGE('',*,*,#622,.F.);
#693 = ORIENTED_EDGE('',*,*,#694,.F.);
#694 = EDGE_CURVE('',#695,#596,#697,.T.);
#695 = VERTEX_POINT('',#696);
#696 = CARTESIAN_POINT('',(-20.41126701617,-151.9,18.587194670186));
#697 = LINE('',#698,#699);
#698 = CARTESIAN_POINT('',(-5.571679167079,-151.9,25.684388858885));
#699 = VECTOR('',#700,1.);
#700 = DIRECTION('',(0.902134221636,-0.,0.431455497304));
#701 = ORIENTED_EDGE('',*,*,#702,.F.);
#702 = EDGE_CURVE('',#430,#695,#703,.T.);
#703 = LINE('',#704,#705);
#704 = CARTESIAN_POINT('',(-20.41126701617,-146.,18.587194670186));
#705 = VECTOR('',#706,1.);
#706 = DIRECTION('',(-0.,-1.,-0.));
#707 = PLANE('',#708);
#708 = AXIS2_PLACEMENT_3D('',#709,#710,#711);
#709 = CARTESIAN_POINT('',(2.588732983824,-146.,29.587194670186));
#710 = DIRECTION('',(-0.431455497304,-0.,0.902134221636));
#711 = DIRECTION('',(0.902134221636,0.,0.431455497304));
#712 = ADVANCED_FACE('',(#713),#734,.T.);
#713 = FACE_BOUND('',#714,.F.);
#714 = EDGE_LOOP('',(#715,#724,#732,#733));
#715 = ORIENTED_EDGE('',*,*,#716,.F.);
#716 = EDGE_CURVE('',#717,#643,#719,.T.);
#717 = VERTEX_POINT('',#718);
#718 = CARTESIAN_POINT('',(16.034744108161,-152.,-25.64685588498));
#719 = CIRCLE('',#720,17.);
#720 = AXIS2_PLACEMENT_3D('',#721,#722,#723);
#721 = CARTESIAN_POINT('',(0.,-152.,-20.));
#722 = DIRECTION('',(0.,1.,0.));
#723 = DIRECTION('',(-0.,-0.,1.));
#724 = ORIENTED_EDGE('',*,*,#725,.T.);
#725 = EDGE_CURVE('',#717,#352,#726,.T.);
#726 = B_SPLINE_CURVE_WITH_KNOTS('',4,(#727,#728,#729,#730,#731),
  .UNSPECIFIED.,.F.,.F.,(5,5),(0.,1.),.PIECEWISE_BEZIER_KNOTS.);
#727 = CARTESIAN_POINT('',(16.034744108161,-152.0000006,-25.64685588498)
  );
#728 = CARTESIAN_POINT('',(16.034744108161,-150.5000003,-25.64685588498)
  );
#729 = CARTESIAN_POINT('',(16.034744108161,-149.,-25.64685588498));
#730 = CARTESIAN_POINT('',(16.034744108161,-147.4999997,-25.64685588498)
  );
#731 = CARTESIAN_POINT('',(16.034744108161,-145.9999994,-25.64685588498)
  );
#732 = ORIENTED_EDGE('',*,*,#351,.T.);
#733 = ORIENTED_EDGE('',*,*,#642,.F.);
#734 = CYLINDRICAL_SURFACE('',#735,17.);
#735 = AXIS2_PLACEMENT_3D('',#736,#737,#738);
#736 = CARTESIAN_POINT('',(0.,-145.,-20.));
#737 = DIRECTION('',(-0.,-1.,-0.));
#738 = DIRECTION('',(-0.,-0.,1.));
#739 = ADVANCED_FACE('',(#740),#817,.T.);
#740 = FACE_BOUND('',#741,.F.);
#741 = EDGE_LOOP('',(#742,#743,#744,#752,#761,#769,#778,#785,#792,#793,
    #802,#810));
#742 = ORIENTED_EDGE('',*,*,#702,.F.);
#743 = ORIENTED_EDGE('',*,*,#429,.T.);
#744 = ORIENTED_EDGE('',*,*,#745,.T.);
#745 = EDGE_CURVE('',#422,#746,#748,.T.);
#746 = VERTEX_POINT('',#747);
#747 = CARTESIAN_POINT('',(-25.58873298382,-151.9,29.412805329814));
#748 = LINE('',#749,#750);
#749 = CARTESIAN_POINT('',(-25.58873298382,-146.,29.412805329814));
#750 = VECTOR('',#751,1.);
#751 = DIRECTION('',(-0.,-1.,-0.));
#752 = ORIENTED_EDGE('',*,*,#753,.F.);
#753 = EDGE_CURVE('',#754,#746,#756,.T.);
#754 = VERTEX_POINT('',#755);
#755 = CARTESIAN_POINT('',(-29.,-151.9,24.));
#756 = CIRCLE('',#757,6.);
#757 = AXIS2_PLACEMENT_3D('',#758,#759,#760);
#758 = CARTESIAN_POINT('',(-23.,-151.9,24.));
#759 = DIRECTION('',(0.,1.,0.));
#760 = DIRECTION('',(-0.,-0.,1.));
#761 = ORIENTED_EDGE('',*,*,#762,.T.);
#762 = EDGE_CURVE('',#754,#763,#765,.T.);
#763 = VERTEX_POINT('',#764);
#764 = CARTESIAN_POINT('',(-29.,-165.,24.));
#765 = LINE('',#766,#767);
#766 = CARTESIAN_POINT('',(-29.,-151.9,24.));
#767 = VECTOR('',#768,1.);
#768 = DIRECTION('',(-0.,-1.,-0.));
#769 = ORIENTED_EDGE('',*,*,#770,.T.);
#770 = EDGE_CURVE('',#763,#771,#773,.T.);
#771 = VERTEX_POINT('',#772);
#772 = CARTESIAN_POINT('',(-23.,-165.,30.));
#773 = CIRCLE('',#774,6.);
#774 = AXIS2_PLACEMENT_3D('',#775,#776,#777);
#775 = CARTESIAN_POINT('',(-23.,-165.,24.));
#776 = DIRECTION('',(0.,1.,0.));
#777 = DIRECTION('',(-0.,-0.,1.));
#778 = ORIENTED_EDGE('',*,*,#779,.T.);
#779 = EDGE_CURVE('',#771,#780,#782,.T.);
#780 = VERTEX_POINT('',#781);
#781 = CARTESIAN_POINT('',(-23.,-166.,30.));
#782 = B_SPLINE_CURVE_WITH_KNOTS('',1,(#783,#784),.UNSPECIFIED.,.F.,.F.,
  (2,2),(19.,20.),.PIECEWISE_BEZIER_KNOTS.);
#783 = CARTESIAN_POINT('',(-23.,-165.,30.));
#784 = CARTESIAN_POINT('',(-23.,-166.,30.));
#785 = ORIENTED_EDGE('',*,*,#786,.F.);
#786 = EDGE_CURVE('',#780,#780,#787,.T.);
#787 = CIRCLE('',#788,6.);
#788 = AXIS2_PLACEMENT_3D('',#789,#790,#791);
#789 = CARTESIAN_POINT('',(-23.,-166.,24.));
#790 = DIRECTION('',(0.,1.,0.));
#791 = DIRECTION('',(-0.,-0.,1.));
#792 = ORIENTED_EDGE('',*,*,#779,.F.);
#793 = ORIENTED_EDGE('',*,*,#794,.T.);
#794 = EDGE_CURVE('',#771,#795,#797,.T.);
#795 = VERTEX_POINT('',#796);
#796 = CARTESIAN_POINT('',(-27.95184356749,-165.,20.611896506448));
#797 = CIRCLE('',#798,6.);
#798 = AXIS2_PLACEMENT_3D('',#799,#800,#801);
#799 = CARTESIAN_POINT('',(-23.,-165.,24.));
#800 = DIRECTION('',(0.,1.,0.));
#801 = DIRECTION('',(-0.,-0.,1.));
#802 = ORIENTED_EDGE('',*,*,#803,.F.);
#803 = EDGE_CURVE('',#804,#795,#806,.T.);
#804 = VERTEX_POINT('',#805);
#805 = CARTESIAN_POINT('',(-27.95184356749,-151.9,20.611896506448));
#806 = LINE('',#807,#808);
#807 = CARTESIAN_POINT('',(-27.95184356749,-151.9,20.611896506448));
#808 = VECTOR('',#809,1.);
#809 = DIRECTION('',(-0.,-1.,-0.));
#810 = ORIENTED_EDGE('',*,*,#811,.F.);
#811 = EDGE_CURVE('',#695,#804,#812,.T.);
#812 = CIRCLE('',#813,6.);
#813 = AXIS2_PLACEMENT_3D('',#814,#815,#816);
#814 = CARTESIAN_POINT('',(-23.,-151.9,24.));
#815 = DIRECTION('',(0.,1.,0.));
#816 = DIRECTION('',(-0.,-0.,1.));
#817 = CYLINDRICAL_SURFACE('',#818,6.);
#818 = AXIS2_PLACEMENT_3D('',#819,#820,#821);
#819 = CARTESIAN_POINT('',(-23.,-146.,24.));
#820 = DIRECTION('',(-0.,-1.,-0.));
#821 = DIRECTION('',(-0.,-0.,1.));
#822 = ADVANCED_FACE('',(#823),#865,.T.);
#823 = FACE_BOUND('',#824,.T.);
#824 = EDGE_LOOP('',(#825,#826,#834,#847,#857,#864));
#825 = ORIENTED_EDGE('',*,*,#360,.F.);
#826 = ORIENTED_EDGE('',*,*,#827,.T.);
#827 = EDGE_CURVE('',#361,#828,#830,.T.);
#828 = VERTEX_POINT('',#829);
#829 = CARTESIAN_POINT('',(16.,-151.9,0.));
#830 = LINE('',#831,#832);
#831 = CARTESIAN_POINT('',(16.,-146.,0.));
#832 = VECTOR('',#833,1.);
#833 = DIRECTION('',(-0.,-1.,-0.));
#834 = ORIENTED_EDGE('',*,*,#835,.F.);
#835 = EDGE_CURVE('',#836,#828,#838,.T.);
#836 = VERTEX_POINT('',#837);
#837 = CARTESIAN_POINT('',(16.000364254747,-151.9,-5.743548007583));
#838 = B_SPLINE_CURVE_WITH_KNOTS('',4,(#839,#840,#841,#842,#843,#844,
    #845,#846),.UNSPECIFIED.,.F.,.F.,(5,3,5),(0.,0.65886889356,1.),
  .UNSPECIFIED.);
#839 = CARTESIAN_POINT('',(16.00982065192,-151.9,-17.));
#840 = CARTESIAN_POINT('',(16.004872588933,-151.9,-14.19981623626));
#841 = CARTESIAN_POINT('',(16.002182559791,-151.9,-11.39962611531));
#842 = CARTESIAN_POINT('',(16.00092191219,-151.9,-8.599433377908));
#843 = CARTESIAN_POINT('',(16.000091873749,-151.9,-4.349429476427));
#844 = CARTESIAN_POINT('',(16.000000006752,-151.9,-2.899620271924));
#845 = CARTESIAN_POINT('',(16.,-151.9,-1.44981044821));
#846 = CARTESIAN_POINT('',(16.,-151.9,0.));
#847 = ORIENTED_EDGE('',*,*,#848,.F.);
#848 = EDGE_CURVE('',#849,#836,#851,.T.);
#849 = VERTEX_POINT('',#850);
#850 = CARTESIAN_POINT('',(16.000364254747,-152.,-5.743548007583));
#851 = B_SPLINE_CURVE_WITH_KNOTS('',4,(#852,#853,#854,#855,#856),
  .UNSPECIFIED.,.F.,.F.,(5,5),(0.,1.),.PIECEWISE_BEZIER_KNOTS.);
#852 = CARTESIAN_POINT('',(16.000364254747,-152.0000006,-5.743548007583)
  );
#853 = CARTESIAN_POINT('',(16.000364254747,-151.9750003,-5.743548007583)
  );
#854 = CARTESIAN_POINT('',(16.000364254747,-151.95,-5.743548007583));
#855 = CARTESIAN_POINT('',(16.000364254747,-151.9249997,-5.743548007583)
  );
#856 = CARTESIAN_POINT('',(16.000364254747,-151.8999994,-5.743548007583)
  );
#857 = ORIENTED_EDGE('',*,*,#858,.T.);
#858 = EDGE_CURVE('',#849,#717,#859,.T.);
#859 = B_SPLINE_CURVE_WITH_KNOTS('',3,(#860,#861,#862,#863),
  .UNSPECIFIED.,.F.,.F.,(4,4),(0.,1.),.PIECEWISE_BEZIER_KNOTS.);
#860 = CARTESIAN_POINT('',(16.,-152.,0.));
#861 = CARTESIAN_POINT('',(16.,-152.,-34.));
#862 = CARTESIAN_POINT('',(16.,-152.,-64.));
#863 = CARTESIAN_POINT('',(18.,-152.,-92.));
#864 = ORIENTED_EDGE('',*,*,#725,.T.);
#865 = SURFACE_OF_LINEAR_EXTRUSION('',#866,#871);
#866 = B_SPLINE_CURVE_WITH_KNOTS('',3,(#867,#868,#869,#870),
  .UNSPECIFIED.,.F.,.F.,(4,4),(0.,1.),.PIECEWISE_BEZIER_KNOTS.);
#867 = CARTESIAN_POINT('',(16.,-146.,0.));
#868 = CARTESIAN_POINT('',(16.,-146.,-34.));
#869 = CARTESIAN_POINT('',(16.,-146.,-64.));
#870 = CARTESIAN_POINT('',(18.,-146.,-92.));
#871 = VECTOR('',#872,1.);
#872 = DIRECTION('',(-0.,1.,-0.));
#873 = ADVANCED_FACE('',(#874),#908,.F.);
#874 = FACE_BOUND('',#875,.T.);
#875 = EDGE_LOOP('',(#876,#877,#878,#886,#894,#902));
#876 = ORIENTED_EDGE('',*,*,#421,.F.);
#877 = ORIENTED_EDGE('',*,*,#745,.T.);
#878 = ORIENTED_EDGE('',*,*,#879,.F.);
#879 = EDGE_CURVE('',#880,#746,#882,.T.);
#880 = VERTEX_POINT('',#881);
#881 = CARTESIAN_POINT('',(-17.,-151.9,33.520460235121));
#882 = LINE('',#883,#884);
#883 = CARTESIAN_POINT('',(-22.24914513472,-151.9,31.009999518513));
#884 = VECTOR('',#885,1.);
#885 = DIRECTION('',(-0.902134221636,-0.,-0.431455497304));
#886 = ORIENTED_EDGE('',*,*,#887,.T.);
#887 = EDGE_CURVE('',#880,#888,#890,.T.);
#888 = VERTEX_POINT('',#889);
#889 = CARTESIAN_POINT('',(-17.,-152.,33.520460235121));
#890 = LINE('',#891,#892);
#891 = CARTESIAN_POINT('',(-17.,-148.95,33.520460235121));
#892 = VECTOR('',#893,1.);
#893 = DIRECTION('',(-0.,-1.,-0.));
#894 = ORIENTED_EDGE('',*,*,#895,.T.);
#895 = EDGE_CURVE('',#888,#896,#898,.T.);
#896 = VERTEX_POINT('',#897);
#897 = CARTESIAN_POINT('',(-13.90641685525,-152.,35.));
#898 = LINE('',#899,#900);
#899 = CARTESIAN_POINT('',(-25.58873298382,-152.,29.412805329814));
#900 = VECTOR('',#901,1.);
#901 = DIRECTION('',(0.902134221636,-0.,0.431455497304));
#902 = ORIENTED_EDGE('',*,*,#903,.T.);
#903 = EDGE_CURVE('',#896,#414,#904,.T.);
#904 = LINE('',#905,#906);
#905 = CARTESIAN_POINT('',(-13.90641685525,-146.,35.));
#906 = VECTOR('',#907,1.);
#907 = DIRECTION('',(0.,1.,-0.));
#908 = PLANE('',#909);
#909 = AXIS2_PLACEMENT_3D('',#910,#911,#912);
#910 = CARTESIAN_POINT('',(-25.58873298382,-146.,29.412805329814));
#911 = DIRECTION('',(0.431455497304,-0.,-0.902134221636));
#912 = DIRECTION('',(-0.902134221636,0.,-0.431455497304));
#913 = ADVANCED_FACE('',(#914),#999,.T.);
#914 = FACE_BOUND('',#915,.T.);
#915 = EDGE_LOOP('',(#916,#917,#925,#934,#944,#998));
#916 = ORIENTED_EDGE('',*,*,#369,.F.);
#917 = ORIENTED_EDGE('',*,*,#918,.T.);
#918 = EDGE_CURVE('',#370,#919,#921,.T.);
#919 = VERTEX_POINT('',#920);
#920 = CARTESIAN_POINT('',(13.,-152.,35.));
#921 = LINE('',#922,#923);
#922 = CARTESIAN_POINT('',(13.,-146.,35.));
#923 = VECTOR('',#924,1.);
#924 = DIRECTION('',(-0.,-1.,-0.));
#925 = ORIENTED_EDGE('',*,*,#926,.T.);
#926 = EDGE_CURVE('',#919,#927,#929,.T.);
#927 = VERTEX_POINT('',#928);
#928 = CARTESIAN_POINT('',(15.865204003323,-152.,6.106987959129));
#929 = B_SPLINE_CURVE_WITH_KNOTS('',3,(#930,#931,#932,#933),
  .UNSPECIFIED.,.F.,.F.,(4,4),(0.,1.),.PIECEWISE_BEZIER_KNOTS.);
#930 = CARTESIAN_POINT('',(13.,-152.,35.));
#931 = CARTESIAN_POINT('',(13.,-152.,25.));
#932 = CARTESIAN_POINT('',(16.,-152.,17.));
#933 = CARTESIAN_POINT('',(16.,-152.,0.));
#934 = ORIENTED_EDGE('',*,*,#935,.T.);
#935 = EDGE_CURVE('',#927,#936,#938,.T.);
#936 = VERTEX_POINT('',#937);
#937 = CARTESIAN_POINT('',(15.865204003323,-151.9,6.106987959129));
#938 = B_SPLINE_CURVE_WITH_KNOTS('',4,(#939,#940,#941,#942,#943),
  .UNSPECIFIED.,.F.,.F.,(5,5),(0.,1.),.PIECEWISE_BEZIER_KNOTS.);
#939 = CARTESIAN_POINT('',(15.865204003323,-152.0000006,6.106987959129)
  );
#940 = CARTESIAN_POINT('',(15.865204003323,-151.9750003,6.106987959129)
  );
#941 = CARTESIAN_POINT('',(15.865204003323,-151.95,6.106987959129));
#942 = CARTESIAN_POINT('',(15.865204003323,-151.9249997,6.106987959129)
  );
#943 = CARTESIAN_POINT('',(15.865204003323,-151.8999994,6.106987959129)
  );
#944 = ORIENTED_EDGE('',*,*,#945,.F.);
#945 = EDGE_CURVE('',#828,#936,#946,.T.);
#946 = B_SPLINE_CURVE_WITH_KNOTS('',8,(#947,#948,#949,#950,#951,#952,
    #953,#954,#955,#956,#957,#958,#959,#960,#961,#962,#963,#964,#965,
    #966,#967,#968,#969,#970,#971,#972,#973,#974,#975,#976,#977,#978,
    #979,#980,#981,#982,#983,#984,#985,#986,#987,#988,#989,#990,#991,
    #992,#993,#994,#995,#996,#997),.UNSPECIFIED.,.F.,.F.,(9,7,7,7,7,7,7,
    9),(0.,0.250135833896,0.578999622648,0.622671548906,0.663440420282,
    0.719568737642,0.87382436146,1.),.UNSPECIFIED.);
#947 = CARTESIAN_POINT('',(16.,-151.9,0.));
#948 = CARTESIAN_POINT('',(16.,-151.9,1.09965859582));
#949 = CARTESIAN_POINT('',(15.990436219326,-151.9,2.199313526851));
#950 = CARTESIAN_POINT('',(15.970984268942,-151.9,3.29885915172));
#951 = CARTESIAN_POINT('',(15.941337716622,-151.9,4.398182175507));
#952 = CARTESIAN_POINT('',(15.901217534704,-151.9,5.497161968945));
#953 = CARTESIAN_POINT('',(15.850396533347,-151.9,6.59567148182));
#954 = CARTESIAN_POINT('',(15.78873877927,-151.9,7.693578750554));
#955 = CARTESIAN_POINT('',(15.620955302623,-151.9,10.233243501958));
#956 = CARTESIAN_POINT('',(15.506932646547,-151.9,11.674603620116));
#957 = CARTESIAN_POINT('',(15.374214515476,-151.9,13.114383467786));
#958 = CARTESIAN_POINT('',(15.223267418438,-151.9,14.552282237702));
#959 = CARTESIAN_POINT('',(15.055235568384,-151.9,15.988173357124));
#960 = CARTESIAN_POINT('',(14.872214292242,-151.9,17.422136474504));
#961 = CARTESIAN_POINT('',(14.67786667014,-151.9,18.854528439008));
#962 = CARTESIAN_POINT('',(14.450892877719,-151.9,20.476081663383));
#963 = CARTESIAN_POINT('',(14.424178762903,-151.9,20.666158789855));
#964 = CARTESIAN_POINT('',(14.397370809461,-151.9,20.856221931816));
#965 = CARTESIAN_POINT('',(14.370481930761,-151.9,21.04627286044));
#966 = CARTESIAN_POINT('',(14.343525549637,-151.9,21.236313440671));
#967 = CARTESIAN_POINT('',(14.316515598385,-151.9,21.426345631222));
#968 = CARTESIAN_POINT('',(14.289466518766,-151.9,21.61637148458));
#969 = CARTESIAN_POINT('',(14.237119677403,-151.9,21.983783277859));
#970 = CARTESIAN_POINT('',(14.211825012118,-151.9,22.16116973758));
#971 = CARTESIAN_POINT('',(14.186521442706,-151.9,22.338554277575));
#972 = CARTESIAN_POINT('',(14.161221511165,-151.9,22.515938696515));
#973 = CARTESIAN_POINT('',(14.13593812493,-151.9,22.693324840322));
#974 = CARTESIAN_POINT('',(14.110684556876,-151.9,22.870714602175));
#975 = CARTESIAN_POINT('',(14.085474445316,-151.9,23.048109922505));
#976 = CARTESIAN_POINT('',(14.025693020922,-151.9,23.469751200691));
#977 = CARTESIAN_POINT('',(13.991173043253,-151.9,23.714003815551));
#978 = CARTESIAN_POINT('',(13.956798547977,-151.9,23.958275899584));
#979 = CARTESIAN_POINT('',(13.922607269392,-151.9,24.202572714745));
#980 = CARTESIAN_POINT('',(13.888637989113,-151.9,24.446899518937));
#981 = CARTESIAN_POINT('',(13.854930536072,-151.9,24.691261566017));
#982 = CARTESIAN_POINT('',(13.821525786513,-151.9,24.935664105786));
#983 = CARTESIAN_POINT('',(13.697607607647,-151.9,25.851921613647));
#984 = CARTESIAN_POINT('',(13.609353034152,-151.9,26.524067848584));
#985 = CARTESIAN_POINT('',(13.524564035487,-151.9,27.196670730146));
#986 = CARTESIAN_POINT('',(13.444154006749,-151.9,27.869827258549));
#987 = CARTESIAN_POINT('',(13.369057079397,-151.9,28.543608432242));
#988 = CARTESIAN_POINT('',(13.300193837717,-151.9,29.218055327599));
#989 = CARTESIAN_POINT('',(13.23843331851,-151.9,29.893174618956));
#990 = CARTESIAN_POINT('',(13.140477705757,-151.9,31.121680408935));
#991 = CARTESIAN_POINT('',(13.101675713487,-151.9,31.674853746127));
#992 = CARTESIAN_POINT('',(13.068571601104,-151.9,32.228422353242));
#993 = CARTESIAN_POINT('',(13.041551231801,-151.9,32.782339719304));
#994 = CARTESIAN_POINT('',(13.020946837695,-151.9,33.336543376018));
#995 = CARTESIAN_POINT('',(13.007028454325,-151.9,33.890954449445));
#996 = CARTESIAN_POINT('',(13.,-151.9,34.445477407035));
#997 = CARTESIAN_POINT('',(13.,-151.9,35.));
#998 = ORIENTED_EDGE('',*,*,#827,.F.);
#999 = SURFACE_OF_LINEAR_EXTRUSION('',#1000,#1005);
#1000 = B_SPLINE_CURVE_WITH_KNOTS('',3,(#1001,#1002,#1003,#1004),
  .UNSPECIFIED.,.F.,.F.,(4,4),(0.,1.),.PIECEWISE_BEZIER_KNOTS.);
#1001 = CARTESIAN_POINT('',(13.,-146.,35.));
#1002 = CARTESIAN_POINT('',(13.,-146.,25.));
#1003 = CARTESIAN_POINT('',(16.,-146.,17.));
#1004 = CARTESIAN_POINT('',(16.,-146.,0.));
#1005 = VECTOR('',#1006,1.);
#1006 = DIRECTION('',(-0.,1.,-0.));
#1007 = ADVANCED_FACE('',(#1008),#1042,.F.);
#1008 = FACE_BOUND('',#1009,.T.);
#1009 = EDGE_LOOP('',(#1010,#1011,#1012,#1020,#1028,#1036));
#1010 = ORIENTED_EDGE('',*,*,#413,.F.);
#1011 = ORIENTED_EDGE('',*,*,#903,.F.);
#1012 = ORIENTED_EDGE('',*,*,#1013,.T.);
#1013 = EDGE_CURVE('',#896,#1014,#1016,.T.);
#1014 = VERTEX_POINT('',#1015);
#1015 = CARTESIAN_POINT('',(-17.,-152.,36.479539764879));
#1016 = LINE('',#1017,#1018);
#1017 = CARTESIAN_POINT('',(-2.588732983824,-152.,29.587194670186));
#1018 = VECTOR('',#1019,1.);
#1019 = DIRECTION('',(-0.902134221636,-0.,0.431455497304));
#1020 = ORIENTED_EDGE('',*,*,#1021,.T.);
#1021 = EDGE_CURVE('',#1014,#1022,#1024,.T.);
#1022 = VERTEX_POINT('',#1023);
#1023 = CARTESIAN_POINT('',(-17.,-151.9,36.479539764879));
#1024 = LINE('',#1025,#1026);
#1025 = CARTESIAN_POINT('',(-17.,-148.95,36.479539764879));
#1026 = VECTOR('',#1027,1.);
#1027 = DIRECTION('',(-0.,1.,0.));
#1028 = ORIENTED_EDGE('',*,*,#1029,.F.);
#1029 = EDGE_CURVE('',#1030,#1022,#1032,.T.);
#1030 = VERTEX_POINT('',#1031);
#1031 = CARTESIAN_POINT('',(-25.58873298382,-151.9,40.587194670186));
#1032 = LINE('',#1033,#1034);
#1033 = CARTESIAN_POINT('',(-3.489825921431,-151.9,30.018152162085));
#1034 = VECTOR('',#1035,1.);
#1035 = DIRECTION('',(0.902134221636,-0.,-0.431455497304));
#1036 = ORIENTED_EDGE('',*,*,#1037,.F.);
#1037 = EDGE_CURVE('',#405,#1030,#1038,.T.);
#1038 = LINE('',#1039,#1040);
#1039 = CARTESIAN_POINT('',(-25.58873298382,-146.,40.587194670186));
#1040 = VECTOR('',#1041,1.);
#1041 = DIRECTION('',(-0.,-1.,-0.));
#1042 = PLANE('',#1043);
#1043 = AXIS2_PLACEMENT_3D('',#1044,#1045,#1046);
#1044 = CARTESIAN_POINT('',(-2.588732983824,-146.,29.587194670186));
#1045 = DIRECTION('',(0.431455497304,-0.,0.902134221636));
#1046 = DIRECTION('',(0.902134221636,0.,-0.431455497304));
#1047 = ADVANCED_FACE('',(#1048),#1067,.T.);
#1048 = FACE_BOUND('',#1049,.T.);
#1049 = EDGE_LOOP('',(#1050,#1051,#1059,#1066));
#1050 = ORIENTED_EDGE('',*,*,#378,.F.);
#1051 = ORIENTED_EDGE('',*,*,#1052,.F.);
#1052 = EDGE_CURVE('',#1053,#379,#1055,.T.);
#1053 = VERTEX_POINT('',#1054);
#1054 = CARTESIAN_POINT('',(-7.815186395984,-152.,45.388592859287));
#1055 = LINE('',#1056,#1057);
#1056 = CARTESIAN_POINT('',(-7.815186395984,-146.,45.388592859287));
#1057 = VECTOR('',#1058,1.);
#1058 = DIRECTION('',(-0.,1.,-0.));
#1059 = ORIENTED_EDGE('',*,*,#1060,.T.);
#1060 = EDGE_CURVE('',#1053,#919,#1061,.T.);
#1061 = CIRCLE('',#1062,13.);
#1062 = AXIS2_PLACEMENT_3D('',#1063,#1064,#1065);
#1063 = CARTESIAN_POINT('',(0.,-152.,35.));
#1064 = DIRECTION('',(-0.,1.,0.));
#1065 = DIRECTION('',(-1.,-0.,-0.));
#1066 = ORIENTED_EDGE('',*,*,#918,.F.);
#1067 = CYLINDRICAL_SURFACE('',#1068,13.);
#1068 = AXIS2_PLACEMENT_3D('',#1069,#1070,#1071);
#1069 = CARTESIAN_POINT('',(0.,-146.,35.));
#1070 = DIRECTION('',(-0.,1.,-0.));
#1071 = DIRECTION('',(-1.,-0.,-0.));
#1072 = ADVANCED_FACE('',(#1073),#1142,.T.);
#1073 = FACE_BOUND('',#1074,.F.);
#1074 = EDGE_LOOP('',(#1075,#1085,#1092,#1093,#1094,#1101,#1108,#1109,
    #1110,#1118,#1127,#1135));
#1075 = ORIENTED_EDGE('',*,*,#1076,.F.);
#1076 = EDGE_CURVE('',#1077,#1079,#1081,.T.);
#1077 = VERTEX_POINT('',#1078);
#1078 = CARTESIAN_POINT('',(-29.,-151.9,46.));
#1079 = VERTEX_POINT('',#1080);
#1080 = CARTESIAN_POINT('',(-29.,-165.,46.));
#1081 = LINE('',#1082,#1083);
#1082 = CARTESIAN_POINT('',(-29.,-151.9,46.));
#1083 = VECTOR('',#1084,1.);
#1084 = DIRECTION('',(-0.,-1.,-0.));
#1085 = ORIENTED_EDGE('',*,*,#1086,.F.);
#1086 = EDGE_CURVE('',#1030,#1077,#1087,.T.);
#1087 = CIRCLE('',#1088,6.);
#1088 = AXIS2_PLACEMENT_3D('',#1089,#1090,#1091);
#1089 = CARTESIAN_POINT('',(-23.,-151.9,46.));
#1090 = DIRECTION('',(0.,1.,0.));
#1091 = DIRECTION('',(-0.,-0.,1.));
#1092 = ORIENTED_EDGE('',*,*,#1037,.F.);
#1093 = ORIENTED_EDGE('',*,*,#404,.T.);
#1094 = ORIENTED_EDGE('',*,*,#1095,.T.);
#1095 = EDGE_CURVE('',#396,#1096,#1098,.T.);
#1096 = VERTEX_POINT('',#1097);
#1097 = CARTESIAN_POINT('',(-23.,-166.,52.));
#1098 = B_SPLINE_CURVE_WITH_KNOTS('',1,(#1099,#1100),.UNSPECIFIED.,.F.,
  .F.,(2,2),(-5.9,14.1),.PIECEWISE_BEZIER_KNOTS.);
#1099 = CARTESIAN_POINT('',(-23.,-146.,52.));
#1100 = CARTESIAN_POINT('',(-23.,-166.,52.));
#1101 = ORIENTED_EDGE('',*,*,#1102,.F.);
#1102 = EDGE_CURVE('',#1096,#1096,#1103,.T.);
#1103 = CIRCLE('',#1104,6.);
#1104 = AXIS2_PLACEMENT_3D('',#1105,#1106,#1107);
#1105 = CARTESIAN_POINT('',(-23.,-166.,46.));
#1106 = DIRECTION('',(0.,1.,0.));
#1107 = DIRECTION('',(-0.,-0.,1.));
#1108 = ORIENTED_EDGE('',*,*,#1095,.F.);
#1109 = ORIENTED_EDGE('',*,*,#395,.T.);
#1110 = ORIENTED_EDGE('',*,*,#1111,.T.);
#1111 = EDGE_CURVE('',#388,#1112,#1114,.T.);
#1112 = VERTEX_POINT('',#1113);
#1113 = CARTESIAN_POINT('',(-20.41126701617,-152.,51.412805329814));
#1114 = LINE('',#1115,#1116);
#1115 = CARTESIAN_POINT('',(-20.41126701617,-146.,51.412805329814));
#1116 = VECTOR('',#1117,1.);
#1117 = DIRECTION('',(-0.,-1.,-0.));
#1118 = ORIENTED_EDGE('',*,*,#1119,.T.);
#1119 = EDGE_CURVE('',#1112,#1120,#1122,.T.);
#1120 = VERTEX_POINT('',#1121);
#1121 = CARTESIAN_POINT('',(-17.,-152.,46.));
#1122 = CIRCLE('',#1123,6.);
#1123 = AXIS2_PLACEMENT_3D('',#1124,#1125,#1126);
#1124 = CARTESIAN_POINT('',(-23.,-152.,46.));
#1125 = DIRECTION('',(0.,1.,0.));
#1126 = DIRECTION('',(-0.,-0.,1.));
#1127 = ORIENTED_EDGE('',*,*,#1128,.T.);
#1128 = EDGE_CURVE('',#1120,#1129,#1131,.T.);
#1129 = VERTEX_POINT('',#1130);
#1130 = CARTESIAN_POINT('',(-17.,-165.,46.));
#1131 = LINE('',#1132,#1133);
#1132 = CARTESIAN_POINT('',(-17.,-151.9,46.));
#1133 = VECTOR('',#1134,1.);
#1134 = DIRECTION('',(-0.,-1.,-0.));
#1135 = ORIENTED_EDGE('',*,*,#1136,.T.);
#1136 = EDGE_CURVE('',#1129,#1079,#1137,.T.);
#1137 = CIRCLE('',#1138,6.);
#1138 = AXIS2_PLACEMENT_3D('',#1139,#1140,#1141);
#1139 = CARTESIAN_POINT('',(-23.,-165.,46.));
#1140 = DIRECTION('',(0.,1.,0.));
#1141 = DIRECTION('',(-0.,-0.,1.));
#1142 = CYLINDRICAL_SURFACE('',#1143,6.);
#1143 = AXIS2_PLACEMENT_3D('',#1144,#1145,#1146);
#1144 = CARTESIAN_POINT('',(-23.,-151.9,46.));
#1145 = DIRECTION('',(-0.,-1.,-0.));
#1146 = DIRECTION('',(-0.,-0.,1.));
#1147 = ADVANCED_FACE('',(#1148),#1159,.F.);
#1148 = FACE_BOUND('',#1149,.T.);
#1149 = EDGE_LOOP('',(#1150,#1151,#1152,#1158));
#1150 = ORIENTED_EDGE('',*,*,#387,.F.);
#1151 = ORIENTED_EDGE('',*,*,#1111,.T.);
#1152 = ORIENTED_EDGE('',*,*,#1153,.T.);
#1153 = EDGE_CURVE('',#1112,#1053,#1154,.T.);
#1154 = LINE('',#1155,#1156);
#1155 = CARTESIAN_POINT('',(-20.41126701617,-152.,51.412805329814));
#1156 = VECTOR('',#1157,1.);
#1157 = DIRECTION('',(0.902134221636,-0.,-0.431455497304));
#1158 = ORIENTED_EDGE('',*,*,#1052,.T.);
#1159 = PLANE('',#1160);
#1160 = AXIS2_PLACEMENT_3D('',#1161,#1162,#1163);
#1161 = CARTESIAN_POINT('',(-20.41126701617,-146.,51.412805329814));
#1162 = DIRECTION('',(-0.431455497304,-0.,-0.902134221636));
#1163 = DIRECTION('',(-0.902134221636,0.,0.431455497304));
#1164 = ADVANCED_FACE('',(#1165),#1190,.F.);
#1165 = FACE_BOUND('',#1166,.T.);
#1166 = EDGE_LOOP('',(#1167,#1168,#1176,#1184));
#1167 = ORIENTED_EDGE('',*,*,#446,.F.);
#1168 = ORIENTED_EDGE('',*,*,#1169,.T.);
#1169 = EDGE_CURVE('',#447,#1170,#1172,.T.);
#1170 = VERTEX_POINT('',#1171);
#1171 = CARTESIAN_POINT('',(-20.1,-155.5,47.67431578065));
#1172 = LINE('',#1173,#1174);
#1173 = CARTESIAN_POINT('',(-20.1,-145.9,47.67431578065));
#1174 = VECTOR('',#1175,1.);
#1175 = DIRECTION('',(-0.,-1.,-0.));
#1176 = ORIENTED_EDGE('',*,*,#1177,.T.);
#1177 = EDGE_CURVE('',#1170,#1178,#1180,.T.);
#1178 = VERTEX_POINT('',#1179);
#1179 = CARTESIAN_POINT('',(-23.,-155.5,49.3486315613));
#1180 = LINE('',#1181,#1182);
#1181 = CARTESIAN_POINT('',(-20.1,-155.5,47.67431578065));
#1182 = VECTOR('',#1183,1.);
#1183 = DIRECTION('',(-0.866025403784,-0.,0.5));
#1184 = ORIENTED_EDGE('',*,*,#1185,.F.);
#1185 = EDGE_CURVE('',#449,#1178,#1186,.T.);
#1186 = LINE('',#1187,#1188);
#1187 = CARTESIAN_POINT('',(-23.,-145.9,49.3486315613));
#1188 = VECTOR('',#1189,1.);
#1189 = DIRECTION('',(-0.,-1.,-0.));
#1190 = PLANE('',#1191);
#1191 = AXIS2_PLACEMENT_3D('',#1192,#1193,#1194);
#1192 = CARTESIAN_POINT('',(-20.1,-145.9,47.67431578065));
#1193 = DIRECTION('',(0.5,-0.,0.866025403784));
#1194 = DIRECTION('',(0.866025403784,0.,-0.5));
#1195 = ADVANCED_FACE('',(#1196),#1214,.F.);
#1196 = FACE_BOUND('',#1197,.T.);
#1197 = EDGE_LOOP('',(#1198,#1199,#1200,#1208));
#1198 = ORIENTED_EDGE('',*,*,#488,.F.);
#1199 = ORIENTED_EDGE('',*,*,#1185,.T.);
#1200 = ORIENTED_EDGE('',*,*,#1201,.T.);
#1201 = EDGE_CURVE('',#1178,#1202,#1204,.T.);
#1202 = VERTEX_POINT('',#1203);
#1203 = CARTESIAN_POINT('',(-25.9,-155.5,47.67431578065));
#1204 = LINE('',#1205,#1206);
#1205 = CARTESIAN_POINT('',(-23.,-155.5,49.3486315613));
#1206 = VECTOR('',#1207,1.);
#1207 = DIRECTION('',(-0.866025403784,-0.,-0.5));
#1208 = ORIENTED_EDGE('',*,*,#1209,.F.);
#1209 = EDGE_CURVE('',#481,#1202,#1210,.T.);
#1210 = LINE('',#1211,#1212);
#1211 = CARTESIAN_POINT('',(-25.9,-145.9,47.67431578065));
#1212 = VECTOR('',#1213,1.);
#1213 = DIRECTION('',(-0.,-1.,-0.));
#1214 = PLANE('',#1215);
#1215 = AXIS2_PLACEMENT_3D('',#1216,#1217,#1218);
#1216 = CARTESIAN_POINT('',(-23.,-145.9,49.3486315613));
#1217 = DIRECTION('',(-0.5,-0.,0.866025403784));
#1218 = DIRECTION('',(0.866025403784,0.,0.5));
#1219 = ADVANCED_FACE('',(#1220),#1238,.F.);
#1220 = FACE_BOUND('',#1221,.T.);
#1221 = EDGE_LOOP('',(#1222,#1223,#1224,#1232));
#1222 = ORIENTED_EDGE('',*,*,#480,.F.);
#1223 = ORIENTED_EDGE('',*,*,#1209,.T.);
#1224 = ORIENTED_EDGE('',*,*,#1225,.T.);
#1225 = EDGE_CURVE('',#1202,#1226,#1228,.T.);
#1226 = VERTEX_POINT('',#1227);
#1227 = CARTESIAN_POINT('',(-25.9,-155.5,44.32568421935));
#1228 = LINE('',#1229,#1230);
#1229 = CARTESIAN_POINT('',(-25.9,-155.5,47.67431578065));
#1230 = VECTOR('',#1231,1.);
#1231 = DIRECTION('',(-0.,-0.,-1.));
#1232 = ORIENTED_EDGE('',*,*,#1233,.F.);
#1233 = EDGE_CURVE('',#473,#1226,#1234,.T.);
#1234 = LINE('',#1235,#1236);
#1235 = CARTESIAN_POINT('',(-25.9,-145.9,44.32568421935));
#1236 = VECTOR('',#1237,1.);
#1237 = DIRECTION('',(-0.,-1.,-0.));
#1238 = PLANE('',#1239);
#1239 = AXIS2_PLACEMENT_3D('',#1240,#1241,#1242);
#1240 = CARTESIAN_POINT('',(-25.9,-145.9,47.67431578065));
#1241 = DIRECTION('',(-1.,-0.,-0.));
#1242 = DIRECTION('',(0.,0.,1.));
#1243 = ADVANCED_FACE('',(#1244),#1262,.F.);
#1244 = FACE_BOUND('',#1245,.T.);
#1245 = EDGE_LOOP('',(#1246,#1247,#1248,#1256));
#1246 = ORIENTED_EDGE('',*,*,#472,.F.);
#1247 = ORIENTED_EDGE('',*,*,#1233,.T.);
#1248 = ORIENTED_EDGE('',*,*,#1249,.T.);
#1249 = EDGE_CURVE('',#1226,#1250,#1252,.T.);
#1250 = VERTEX_POINT('',#1251);
#1251 = CARTESIAN_POINT('',(-23.,-155.5,42.6513684387));
#1252 = LINE('',#1253,#1254);
#1253 = CARTESIAN_POINT('',(-25.9,-155.5,44.32568421935));
#1254 = VECTOR('',#1255,1.);
#1255 = DIRECTION('',(0.866025403784,-0.,-0.5));
#1256 = ORIENTED_EDGE('',*,*,#1257,.F.);
#1257 = EDGE_CURVE('',#465,#1250,#1258,.T.);
#1258 = LINE('',#1259,#1260);
#1259 = CARTESIAN_POINT('',(-23.,-145.9,42.6513684387));
#1260 = VECTOR('',#1261,1.);
#1261 = DIRECTION('',(-0.,-1.,-0.));
#1262 = PLANE('',#1263);
#1263 = AXIS2_PLACEMENT_3D('',#1264,#1265,#1266);
#1264 = CARTESIAN_POINT('',(-25.9,-145.9,44.32568421935));
#1265 = DIRECTION('',(-0.5,-0.,-0.866025403784));
#1266 = DIRECTION('',(-0.866025403784,0.,0.5));
#1267 = ADVANCED_FACE('',(#1268),#1286,.F.);
#1268 = FACE_BOUND('',#1269,.T.);
#1269 = EDGE_LOOP('',(#1270,#1271,#1272,#1280));
#1270 = ORIENTED_EDGE('',*,*,#464,.F.);
#1271 = ORIENTED_EDGE('',*,*,#1257,.T.);
#1272 = ORIENTED_EDGE('',*,*,#1273,.T.);
#1273 = EDGE_CURVE('',#1250,#1274,#1276,.T.);
#1274 = VERTEX_POINT('',#1275);
#1275 = CARTESIAN_POINT('',(-20.1,-155.5,44.32568421935));
#1276 = LINE('',#1277,#1278);
#1277 = CARTESIAN_POINT('',(-23.,-155.5,42.6513684387));
#1278 = VECTOR('',#1279,1.);
#1279 = DIRECTION('',(0.866025403784,-0.,0.5));
#1280 = ORIENTED_EDGE('',*,*,#1281,.F.);
#1281 = EDGE_CURVE('',#457,#1274,#1282,.T.);
#1282 = LINE('',#1283,#1284);
#1283 = CARTESIAN_POINT('',(-20.1,-145.9,44.32568421935));
#1284 = VECTOR('',#1285,1.);
#1285 = DIRECTION('',(-0.,-1.,-0.));
#1286 = PLANE('',#1287);
#1287 = AXIS2_PLACEMENT_3D('',#1288,#1289,#1290);
#1288 = CARTESIAN_POINT('',(-23.,-145.9,42.6513684387));
#1289 = DIRECTION('',(0.5,-0.,-0.866025403784));
#1290 = DIRECTION('',(-0.866025403784,0.,-0.5));
#1291 = ADVANCED_FACE('',(#1292),#1303,.F.);
#1292 = FACE_BOUND('',#1293,.T.);
#1293 = EDGE_LOOP('',(#1294,#1295,#1296,#1302));
#1294 = ORIENTED_EDGE('',*,*,#456,.F.);
#1295 = ORIENTED_EDGE('',*,*,#1281,.T.);
#1296 = ORIENTED_EDGE('',*,*,#1297,.T.);
#1297 = EDGE_CURVE('',#1274,#1170,#1298,.T.);
#1298 = LINE('',#1299,#1300);
#1299 = CARTESIAN_POINT('',(-20.1,-155.5,44.32568421935));
#1300 = VECTOR('',#1301,1.);
#1301 = DIRECTION('',(-0.,-0.,1.));
#1302 = ORIENTED_EDGE('',*,*,#1169,.F.);
#1303 = PLANE('',#1304);
#1304 = AXIS2_PLACEMENT_3D('',#1305,#1306,#1307);
#1305 = CARTESIAN_POINT('',(-20.1,-145.9,44.32568421935));
#1306 = DIRECTION('',(1.,-0.,-0.));
#1307 = DIRECTION('',(0.,0.,-1.));
#1308 = ADVANCED_FACE('',(#1309),#1334,.F.);
#1309 = FACE_BOUND('',#1310,.T.);
#1310 = EDGE_LOOP('',(#1311,#1312,#1320,#1328));
#1311 = ORIENTED_EDGE('',*,*,#496,.F.);
#1312 = ORIENTED_EDGE('',*,*,#1313,.T.);
#1313 = EDGE_CURVE('',#497,#1314,#1316,.T.);
#1314 = VERTEX_POINT('',#1315);
#1315 = CARTESIAN_POINT('',(-20.1,-155.5,25.67431578065));
#1316 = LINE('',#1317,#1318);
#1317 = CARTESIAN_POINT('',(-20.1,-145.9,25.67431578065));
#1318 = VECTOR('',#1319,1.);
#1319 = DIRECTION('',(-0.,-1.,-0.));
#1320 = ORIENTED_EDGE('',*,*,#1321,.T.);
#1321 = EDGE_CURVE('',#1314,#1322,#1324,.T.);
#1322 = VERTEX_POINT('',#1323);
#1323 = CARTESIAN_POINT('',(-23.,-155.5,27.3486315613));
#1324 = LINE('',#1325,#1326);
#1325 = CARTESIAN_POINT('',(-20.1,-155.5,25.67431578065));
#1326 = VECTOR('',#1327,1.);
#1327 = DIRECTION('',(-0.866025403784,-0.,0.5));
#1328 = ORIENTED_EDGE('',*,*,#1329,.F.);
#1329 = EDGE_CURVE('',#499,#1322,#1330,.T.);
#1330 = LINE('',#1331,#1332);
#1331 = CARTESIAN_POINT('',(-23.,-145.9,27.3486315613));
#1332 = VECTOR('',#1333,1.);
#1333 = DIRECTION('',(-0.,-1.,-0.));
#1334 = PLANE('',#1335);
#1335 = AXIS2_PLACEMENT_3D('',#1336,#1337,#1338);
#1336 = CARTESIAN_POINT('',(-20.1,-145.9,25.67431578065));
#1337 = DIRECTION('',(0.5,-0.,0.866025403784));
#1338 = DIRECTION('',(0.866025403784,0.,-0.5));
#1339 = ADVANCED_FACE('',(#1340),#1358,.F.);
#1340 = FACE_BOUND('',#1341,.T.);
#1341 = EDGE_LOOP('',(#1342,#1343,#1351,#1357));
#1342 = ORIENTED_EDGE('',*,*,#506,.F.);
#1343 = ORIENTED_EDGE('',*,*,#1344,.T.);
#1344 = EDGE_CURVE('',#507,#1345,#1347,.T.);
#1345 = VERTEX_POINT('',#1346);
#1346 = CARTESIAN_POINT('',(-20.1,-155.5,22.32568421935));
#1347 = LINE('',#1348,#1349);
#1348 = CARTESIAN_POINT('',(-20.1,-145.9,22.32568421935));
#1349 = VECTOR('',#1350,1.);
#1350 = DIRECTION('',(-0.,-1.,-0.));
#1351 = ORIENTED_EDGE('',*,*,#1352,.T.);
#1352 = EDGE_CURVE('',#1345,#1314,#1353,.T.);
#1353 = LINE('',#1354,#1355);
#1354 = CARTESIAN_POINT('',(-20.1,-155.5,22.32568421935));
#1355 = VECTOR('',#1356,1.);
#1356 = DIRECTION('',(-0.,-0.,1.));
#1357 = ORIENTED_EDGE('',*,*,#1313,.F.);
#1358 = PLANE('',#1359);
#1359 = AXIS2_PLACEMENT_3D('',#1360,#1361,#1362);
#1360 = CARTESIAN_POINT('',(-20.1,-145.9,22.32568421935));
#1361 = DIRECTION('',(1.,-0.,-0.));
#1362 = DIRECTION('',(0.,0.,-1.));
#1363 = ADVANCED_FACE('',(#1364),#1382,.F.);
#1364 = FACE_BOUND('',#1365,.T.);
#1365 = EDGE_LOOP('',(#1366,#1367,#1368,#1376));
#1366 = ORIENTED_EDGE('',*,*,#538,.F.);
#1367 = ORIENTED_EDGE('',*,*,#1329,.T.);
#1368 = ORIENTED_EDGE('',*,*,#1369,.T.);
#1369 = EDGE_CURVE('',#1322,#1370,#1372,.T.);
#1370 = VERTEX_POINT('',#1371);
#1371 = CARTESIAN_POINT('',(-25.9,-155.5,25.67431578065));
#1372 = LINE('',#1373,#1374);
#1373 = CARTESIAN_POINT('',(-23.,-155.5,27.3486315613));
#1374 = VECTOR('',#1375,1.);
#1375 = DIRECTION('',(-0.866025403784,-0.,-0.5));
#1376 = ORIENTED_EDGE('',*,*,#1377,.F.);
#1377 = EDGE_CURVE('',#531,#1370,#1378,.T.);
#1378 = LINE('',#1379,#1380);
#1379 = CARTESIAN_POINT('',(-25.9,-145.9,25.67431578065));
#1380 = VECTOR('',#1381,1.);
#1381 = DIRECTION('',(-0.,-1.,-0.));
#1382 = PLANE('',#1383);
#1383 = AXIS2_PLACEMENT_3D('',#1384,#1385,#1386);
#1384 = CARTESIAN_POINT('',(-23.,-145.9,27.3486315613));
#1385 = DIRECTION('',(-0.5,-0.,0.866025403784));
#1386 = DIRECTION('',(0.866025403784,0.,0.5));
#1387 = ADVANCED_FACE('',(#1388),#1406,.F.);
#1388 = FACE_BOUND('',#1389,.T.);
#1389 = EDGE_LOOP('',(#1390,#1391,#1399,#1405));
#1390 = ORIENTED_EDGE('',*,*,#514,.F.);
#1391 = ORIENTED_EDGE('',*,*,#1392,.T.);
#1392 = EDGE_CURVE('',#515,#1393,#1395,.T.);
#1393 = VERTEX_POINT('',#1394);
#1394 = CARTESIAN_POINT('',(-23.,-155.5,20.6513684387));
#1395 = LINE('',#1396,#1397);
#1396 = CARTESIAN_POINT('',(-23.,-145.9,20.6513684387));
#1397 = VECTOR('',#1398,1.);
#1398 = DIRECTION('',(-0.,-1.,-0.));
#1399 = ORIENTED_EDGE('',*,*,#1400,.T.);
#1400 = EDGE_CURVE('',#1393,#1345,#1401,.T.);
#1401 = LINE('',#1402,#1403);
#1402 = CARTESIAN_POINT('',(-23.,-155.5,20.6513684387));
#1403 = VECTOR('',#1404,1.);
#1404 = DIRECTION('',(0.866025403784,-0.,0.5));
#1405 = ORIENTED_EDGE('',*,*,#1344,.F.);
#1406 = PLANE('',#1407);
#1407 = AXIS2_PLACEMENT_3D('',#1408,#1409,#1410);
#1408 = CARTESIAN_POINT('',(-23.,-145.9,20.6513684387));
#1409 = DIRECTION('',(0.5,-0.,-0.866025403784));
#1410 = DIRECTION('',(-0.866025403784,0.,-0.5));
#1411 = ADVANCED_FACE('',(#1412),#1430,.F.);
#1412 = FACE_BOUND('',#1413,.T.);
#1413 = EDGE_LOOP('',(#1414,#1415,#1416,#1424));
#1414 = ORIENTED_EDGE('',*,*,#530,.F.);
#1415 = ORIENTED_EDGE('',*,*,#1377,.T.);
#1416 = ORIENTED_EDGE('',*,*,#1417,.T.);
#1417 = EDGE_CURVE('',#1370,#1418,#1420,.T.);
#1418 = VERTEX_POINT('',#1419);
#1419 = CARTESIAN_POINT('',(-25.9,-155.5,22.32568421935));
#1420 = LINE('',#1421,#1422);
#1421 = CARTESIAN_POINT('',(-25.9,-155.5,25.67431578065));
#1422 = VECTOR('',#1423,1.);
#1423 = DIRECTION('',(-0.,-0.,-1.));
#1424 = ORIENTED_EDGE('',*,*,#1425,.F.);
#1425 = EDGE_CURVE('',#523,#1418,#1426,.T.);
#1426 = LINE('',#1427,#1428);
#1427 = CARTESIAN_POINT('',(-25.9,-145.9,22.32568421935));
#1428 = VECTOR('',#1429,1.);
#1429 = DIRECTION('',(-0.,-1.,-0.));
#1430 = PLANE('',#1431);
#1431 = AXIS2_PLACEMENT_3D('',#1432,#1433,#1434);
#1432 = CARTESIAN_POINT('',(-25.9,-145.9,25.67431578065));
#1433 = DIRECTION('',(-1.,-0.,-0.));
#1434 = DIRECTION('',(0.,0.,1.));
#1435 = ADVANCED_FACE('',(#1436),#1447,.F.);
#1436 = FACE_BOUND('',#1437,.T.);
#1437 = EDGE_LOOP('',(#1438,#1439,#1440,#1446));
#1438 = ORIENTED_EDGE('',*,*,#522,.F.);
#1439 = ORIENTED_EDGE('',*,*,#1425,.T.);
#1440 = ORIENTED_EDGE('',*,*,#1441,.T.);
#1441 = EDGE_CURVE('',#1418,#1393,#1442,.T.);
#1442 = LINE('',#1443,#1444);
#1443 = CARTESIAN_POINT('',(-25.9,-155.5,22.32568421935));
#1444 = VECTOR('',#1445,1.);
#1445 = DIRECTION('',(0.866025403784,-0.,-0.5));
#1446 = ORIENTED_EDGE('',*,*,#1392,.F.);
#1447 = PLANE('',#1448);
#1448 = AXIS2_PLACEMENT_3D('',#1449,#1450,#1451);
#1449 = CARTESIAN_POINT('',(-25.9,-145.9,22.32568421935));
#1450 = DIRECTION('',(-0.5,-0.,-0.866025403784));
#1451 = DIRECTION('',(-0.866025403784,0.,0.5));
#1452 = ADVANCED_FACE('',(#1453),#1472,.F.);
#1453 = FACE_BOUND('',#1454,.T.);
#1454 = EDGE_LOOP('',(#1455,#1464,#1470,#1471));
#1455 = ORIENTED_EDGE('',*,*,#1456,.F.);
#1456 = EDGE_CURVE('',#1457,#1457,#1459,.T.);
#1457 = VERTEX_POINT('',#1458);
#1458 = CARTESIAN_POINT('',(-9.858406733136E-16,-152.,39.025));
#1459 = CIRCLE('',#1460,4.025);
#1460 = AXIS2_PLACEMENT_3D('',#1461,#1462,#1463);
#1461 = CARTESIAN_POINT('',(0.,-152.,35.));
#1462 = DIRECTION('',(0.,1.,0.));
#1463 = DIRECTION('',(-0.,-0.,1.));
#1464 = ORIENTED_EDGE('',*,*,#1465,.F.);
#1465 = EDGE_CURVE('',#547,#1457,#1466,.T.);
#1466 = LINE('',#1467,#1468);
#1467 = CARTESIAN_POINT('',(-9.858406733136E-16,-145.,39.025));
#1468 = VECTOR('',#1469,1.);
#1469 = DIRECTION('',(-0.,-1.,-0.));
#1470 = ORIENTED_EDGE('',*,*,#546,.T.);
#1471 = ORIENTED_EDGE('',*,*,#1465,.T.);
#1472 = CYLINDRICAL_SURFACE('',#1473,4.025);
#1473 = AXIS2_PLACEMENT_3D('',#1474,#1475,#1476);
#1474 = CARTESIAN_POINT('',(0.,-145.,35.));
#1475 = DIRECTION('',(-0.,-1.,-0.));
#1476 = DIRECTION('',(-0.,-0.,1.));
#1477 = ADVANCED_FACE('',(#1478),#1497,.F.);
#1478 = FACE_BOUND('',#1479,.T.);
#1479 = EDGE_LOOP('',(#1480,#1489,#1495,#1496));
#1480 = ORIENTED_EDGE('',*,*,#1481,.F.);
#1481 = EDGE_CURVE('',#1482,#1482,#1484,.T.);
#1482 = VERTEX_POINT('',#1483);
#1483 = CARTESIAN_POINT('',(-1.445083222994E-15,-159.95,5.9));
#1484 = CIRCLE('',#1485,5.9);
#1485 = AXIS2_PLACEMENT_3D('',#1486,#1487,#1488);
#1486 = CARTESIAN_POINT('',(0.,-159.95,0.));
#1487 = DIRECTION('',(0.,1.,0.));
#1488 = DIRECTION('',(-0.,-0.,1.));
#1489 = ORIENTED_EDGE('',*,*,#1490,.F.);
#1490 = EDGE_CURVE('',#570,#1482,#1491,.T.);
#1491 = LINE('',#1492,#1493);
#1492 = CARTESIAN_POINT('',(-1.445083222994E-15,-152.,5.9));
#1493 = VECTOR('',#1494,1.);
#1494 = DIRECTION('',(-0.,-1.,-0.));
#1495 = ORIENTED_EDGE('',*,*,#569,.T.);
#1496 = ORIENTED_EDGE('',*,*,#1490,.T.);
#1497 = CYLINDRICAL_SURFACE('',#1498,5.9);
#1498 = AXIS2_PLACEMENT_3D('',#1499,#1500,#1501);
#1499 = CARTESIAN_POINT('',(0.,-152.,0.));
#1500 = DIRECTION('',(-0.,-1.,-0.));
#1501 = DIRECTION('',(-0.,-0.,1.));
#1502 = ADVANCED_FACE('',(#1503),#1524,.T.);
#1503 = FACE_BOUND('',#1504,.F.);
#1504 = EDGE_LOOP('',(#1505,#1514,#1515,#1516,#1517,#1518));
#1505 = ORIENTED_EDGE('',*,*,#1506,.F.);
#1506 = EDGE_CURVE('',#662,#1507,#1509,.T.);
#1507 = VERTEX_POINT('',#1508);
#1508 = CARTESIAN_POINT('',(-16.53909210554,-151.9,3.931721292819));
#1509 = CIRCLE('',#1510,17.);
#1510 = AXIS2_PLACEMENT_3D('',#1511,#1512,#1513);
#1511 = CARTESIAN_POINT('',(0.,-151.9,0.));
#1512 = DIRECTION('',(0.,1.,0.));
#1513 = DIRECTION('',(-0.,-0.,1.));
#1514 = ORIENTED_EDGE('',*,*,#671,.F.);
#1515 = ORIENTED_EDGE('',*,*,#595,.F.);
#1516 = ORIENTED_EDGE('',*,*,#694,.F.);
#1517 = ORIENTED_EDGE('',*,*,#811,.T.);
#1518 = ORIENTED_EDGE('',*,*,#1519,.F.);
#1519 = EDGE_CURVE('',#1507,#804,#1520,.T.);
#1520 = LINE('',#1521,#1522);
#1521 = CARTESIAN_POINT('',(-14.95184356749,-151.9,1.611896506448));
#1522 = VECTOR('',#1523,1.);
#1523 = DIRECTION('',(-0.564683915592,-0.,0.82530726125));
#1524 = PLANE('',#1525);
#1525 = AXIS2_PLACEMENT_3D('',#1526,#1527,#1528);
#1526 = CARTESIAN_POINT('',(-11.13417449438,-151.9,16.349575143707));
#1527 = DIRECTION('',(-0.,1.,-0.));
#1528 = DIRECTION('',(0.,0.,1.));
#1529 = ADVANCED_FACE('',(#1530),#1629,.T.);
#1530 = FACE_BOUND('',#1531,.F.);
#1531 = EDGE_LOOP('',(#1532,#1544,#1553,#1562,#1570,#1577,#1578,#1585,
    #1586,#1593,#1594,#1595,#1603,#1612,#1622));
#1532 = ORIENTED_EDGE('',*,*,#1533,.F.);
#1533 = EDGE_CURVE('',#1534,#1536,#1538,.T.);
#1534 = VERTEX_POINT('',#1535);
#1535 = CARTESIAN_POINT('',(16.000364254747,-165.,-5.743548007586));
#1536 = VERTEX_POINT('',#1537);
#1537 = CARTESIAN_POINT('',(16.000364254747,-153.,-5.743548007586));
#1538 = B_SPLINE_CURVE_WITH_KNOTS('',4,(#1539,#1540,#1541,#1542,#1543),
  .UNSPECIFIED.,.F.,.F.,(5,5),(0.,1.),.PIECEWISE_BEZIER_KNOTS.);
#1539 = CARTESIAN_POINT('',(16.000364254747,-165.0000006,-5.743548007583
    ));
#1540 = CARTESIAN_POINT('',(16.000364254747,-162.0000003,-5.743548007583
    ));
#1541 = CARTESIAN_POINT('',(16.000364254747,-159.,-5.743548007583));
#1542 = CARTESIAN_POINT('',(16.000364254747,-155.9999997,-5.743548007583
    ));
#1543 = CARTESIAN_POINT('',(16.000364254747,-152.9999994,-5.743548007583
    ));
#1544 = ORIENTED_EDGE('',*,*,#1545,.F.);
#1545 = EDGE_CURVE('',#1546,#1534,#1548,.T.);
#1546 = VERTEX_POINT('',#1547);
#1547 = CARTESIAN_POINT('',(-4.163799117101E-15,-165.,17.));
#1548 = CIRCLE('',#1549,17.);
#1549 = AXIS2_PLACEMENT_3D('',#1550,#1551,#1552);
#1550 = CARTESIAN_POINT('',(0.,-165.,0.));
#1551 = DIRECTION('',(0.,1.,0.));
#1552 = DIRECTION('',(-0.,-0.,1.));
#1553 = ORIENTED_EDGE('',*,*,#1554,.F.);
#1554 = EDGE_CURVE('',#1555,#1546,#1557,.T.);
#1555 = VERTEX_POINT('',#1556);
#1556 = CARTESIAN_POINT('',(-9.123510927554,-165.,14.344390832475));
#1557 = CIRCLE('',#1558,17.);
#1558 = AXIS2_PLACEMENT_3D('',#1559,#1560,#1561);
#1559 = CARTESIAN_POINT('',(0.,-165.,0.));
#1560 = DIRECTION('',(0.,1.,0.));
#1561 = DIRECTION('',(-0.,-0.,1.));
#1562 = ORIENTED_EDGE('',*,*,#1563,.F.);
#1563 = EDGE_CURVE('',#1564,#1555,#1566,.T.);
#1564 = VERTEX_POINT('',#1565);
#1565 = CARTESIAN_POINT('',(-9.123510927554,-152.,14.344390832475));
#1566 = LINE('',#1567,#1568);
#1567 = CARTESIAN_POINT('',(-9.123510927554,-151.9,14.344390832475));
#1568 = VECTOR('',#1569,1.);
#1569 = DIRECTION('',(-0.,-1.,-0.));
#1570 = ORIENTED_EDGE('',*,*,#1571,.T.);
#1571 = EDGE_CURVE('',#1564,#927,#1572,.T.);
#1572 = CIRCLE('',#1573,17.);
#1573 = AXIS2_PLACEMENT_3D('',#1574,#1575,#1576);
#1574 = CARTESIAN_POINT('',(0.,-152.,0.));
#1575 = DIRECTION('',(0.,1.,0.));
#1576 = DIRECTION('',(-0.,-0.,1.));
#1577 = ORIENTED_EDGE('',*,*,#935,.T.);
#1578 = ORIENTED_EDGE('',*,*,#1579,.T.);
#1579 = EDGE_CURVE('',#936,#836,#1580,.T.);
#1580 = CIRCLE('',#1581,17.);
#1581 = AXIS2_PLACEMENT_3D('',#1582,#1583,#1584);
#1582 = CARTESIAN_POINT('',(0.,-151.9,0.));
#1583 = DIRECTION('',(0.,1.,0.));
#1584 = DIRECTION('',(-0.,-0.,1.));
#1585 = ORIENTED_EDGE('',*,*,#848,.F.);
#1586 = ORIENTED_EDGE('',*,*,#1587,.T.);
#1587 = EDGE_CURVE('',#849,#653,#1588,.T.);
#1588 = CIRCLE('',#1589,17.);
#1589 = AXIS2_PLACEMENT_3D('',#1590,#1591,#1592);
#1590 = CARTESIAN_POINT('',(0.,-152.,0.));
#1591 = DIRECTION('',(0.,1.,0.));
#1592 = DIRECTION('',(-0.,-0.,1.));
#1593 = ORIENTED_EDGE('',*,*,#661,.T.);
#1594 = ORIENTED_EDGE('',*,*,#1506,.T.);
#1595 = ORIENTED_EDGE('',*,*,#1596,.T.);
#1596 = EDGE_CURVE('',#1507,#1597,#1599,.T.);
#1597 = VERTEX_POINT('',#1598);
#1598 = CARTESIAN_POINT('',(-16.53909210554,-165.,3.931721292819));
#1599 = LINE('',#1600,#1601);
#1600 = CARTESIAN_POINT('',(-16.53909210554,-151.9,3.931721292818));
#1601 = VECTOR('',#1602,1.);
#1602 = DIRECTION('',(-0.,-1.,-0.));
#1603 = ORIENTED_EDGE('',*,*,#1604,.F.);
#1604 = EDGE_CURVE('',#1605,#1597,#1607,.T.);
#1605 = VERTEX_POINT('',#1606);
#1606 = CARTESIAN_POINT('',(-15.98184929056,-165.,-5.794867837466));
#1607 = CIRCLE('',#1608,17.);
#1608 = AXIS2_PLACEMENT_3D('',#1609,#1610,#1611);
#1609 = CARTESIAN_POINT('',(0.,-165.,0.));
#1610 = DIRECTION('',(0.,1.,0.));
#1611 = DIRECTION('',(-0.,-0.,1.));
#1612 = ORIENTED_EDGE('',*,*,#1613,.T.);
#1613 = EDGE_CURVE('',#1605,#1614,#1616,.T.);
#1614 = VERTEX_POINT('',#1615);
#1615 = CARTESIAN_POINT('',(-15.98184929056,-153.,-5.794867837466));
#1616 = B_SPLINE_CURVE_WITH_KNOTS('',4,(#1617,#1618,#1619,#1620,#1621),
  .UNSPECIFIED.,.F.,.F.,(5,5),(0.,1.),.PIECEWISE_BEZIER_KNOTS.);
#1617 = CARTESIAN_POINT('',(-15.98184929056,-165.0000006,-5.794867837469
    ));
#1618 = CARTESIAN_POINT('',(-15.98184929056,-162.0000003,-5.794867837469
    ));
#1619 = CARTESIAN_POINT('',(-15.98184929056,-159.,-5.794867837469));
#1620 = CARTESIAN_POINT('',(-15.98184929056,-155.9999997,-5.794867837469
    ));
#1621 = CARTESIAN_POINT('',(-15.98184929056,-152.9999994,-5.794867837469
    ));
#1622 = ORIENTED_EDGE('',*,*,#1623,.F.);
#1623 = EDGE_CURVE('',#1536,#1614,#1624,.T.);
#1624 = CIRCLE('',#1625,17.);
#1625 = AXIS2_PLACEMENT_3D('',#1626,#1627,#1628);
#1626 = CARTESIAN_POINT('',(0.,-153.,0.));
#1627 = DIRECTION('',(0.,1.,0.));
#1628 = DIRECTION('',(-0.,-0.,1.));
#1629 = CYLINDRICAL_SURFACE('',#1630,17.);
#1630 = AXIS2_PLACEMENT_3D('',#1631,#1632,#1633);
#1631 = CARTESIAN_POINT('',(0.,-153.,0.));
#1632 = DIRECTION('',(-0.,-1.,-0.));
#1633 = DIRECTION('',(-0.,-0.,1.));
#1634 = ADVANCED_FACE('',(#1635),#1641,.T.);
#1635 = FACE_BOUND('',#1636,.F.);
#1636 = EDGE_LOOP('',(#1637,#1638,#1639,#1640));
#1637 = ORIENTED_EDGE('',*,*,#652,.T.);
#1638 = ORIENTED_EDGE('',*,*,#1587,.F.);
#1639 = ORIENTED_EDGE('',*,*,#858,.T.);
#1640 = ORIENTED_EDGE('',*,*,#716,.T.);
#1641 = PLANE('',#1642);
#1642 = AXIS2_PLACEMENT_3D('',#1643,#1644,#1645);
#1643 = CARTESIAN_POINT('',(-5.621327393858,-152.,11.95098774213));
#1644 = DIRECTION('',(-0.,-1.,-0.));
#1645 = DIRECTION('',(0.,0.,-1.));
#1646 = ADVANCED_FACE('',(#1647),#1665,.T.);
#1647 = FACE_BOUND('',#1648,.F.);
#1648 = EDGE_LOOP('',(#1649,#1650,#1656,#1657,#1658,#1664));
#1649 = ORIENTED_EDGE('',*,*,#879,.F.);
#1650 = ORIENTED_EDGE('',*,*,#1651,.F.);
#1651 = EDGE_CURVE('',#1022,#880,#1652,.T.);
#1652 = LINE('',#1653,#1654);
#1653 = CARTESIAN_POINT('',(-17.,-151.9,46.));
#1654 = VECTOR('',#1655,1.);
#1655 = DIRECTION('',(-0.,-0.,-1.));
#1656 = ORIENTED_EDGE('',*,*,#1029,.F.);
#1657 = ORIENTED_EDGE('',*,*,#1086,.T.);
#1658 = ORIENTED_EDGE('',*,*,#1659,.F.);
#1659 = EDGE_CURVE('',#754,#1077,#1660,.T.);
#1660 = LINE('',#1661,#1662);
#1661 = CARTESIAN_POINT('',(-29.,-151.9,24.));
#1662 = VECTOR('',#1663,1.);
#1663 = DIRECTION('',(-0.,-0.,1.));
#1664 = ORIENTED_EDGE('',*,*,#753,.T.);
#1665 = PLANE('',#1666);
#1666 = AXIS2_PLACEMENT_3D('',#1667,#1668,#1669);
#1667 = CARTESIAN_POINT('',(-11.13417449438,-151.9,16.349575143707));
#1668 = DIRECTION('',(-0.,1.,-0.));
#1669 = DIRECTION('',(0.,0.,1.));
#1670 = ADVANCED_FACE('',(#1671),#1682,.F.);
#1671 = FACE_BOUND('',#1672,.T.);
#1672 = EDGE_LOOP('',(#1673,#1674,#1680,#1681));
#1673 = ORIENTED_EDGE('',*,*,#762,.T.);
#1674 = ORIENTED_EDGE('',*,*,#1675,.T.);
#1675 = EDGE_CURVE('',#763,#1079,#1676,.T.);
#1676 = LINE('',#1677,#1678);
#1677 = CARTESIAN_POINT('',(-29.,-165.,24.));
#1678 = VECTOR('',#1679,1.);
#1679 = DIRECTION('',(-0.,-0.,1.));
#1680 = ORIENTED_EDGE('',*,*,#1076,.F.);
#1681 = ORIENTED_EDGE('',*,*,#1659,.F.);
#1682 = PLANE('',#1683);
#1683 = AXIS2_PLACEMENT_3D('',#1684,#1685,#1686);
#1684 = CARTESIAN_POINT('',(-29.,-151.9,24.));
#1685 = DIRECTION('',(1.,-0.,-0.));
#1686 = DIRECTION('',(0.,0.,-1.));
#1687 = ADVANCED_FACE('',(#1688,#1760,#1771,#1782,#1835,#1888,#1899,
    #1910,#1963,#1974,#1985,#2038),#2049,.T.);
#1688 = FACE_BOUND('',#1689,.F.);
#1689 = EDGE_LOOP('',(#1690,#1699,#1700,#1706,#1707,#1708,#1709,#1710,
    #1718,#1724,#1725,#1726,#1735,#1744,#1753));
#1690 = ORIENTED_EDGE('',*,*,#1691,.T.);
#1691 = EDGE_CURVE('',#1692,#1605,#1694,.T.);
#1692 = VERTEX_POINT('',#1693);
#1693 = CARTESIAN_POINT('',(-14.,-165.,-92.));
#1694 = B_SPLINE_CURVE_WITH_KNOTS('',3,(#1695,#1696,#1697,#1698),
  .UNSPECIFIED.,.F.,.F.,(4,4),(0.,1.),.PIECEWISE_BEZIER_KNOTS.);
#1695 = CARTESIAN_POINT('',(-14.,-165.,-92.));
#1696 = CARTESIAN_POINT('',(-14.,-165.,-60.));
#1697 = CARTESIAN_POINT('',(-16.,-165.,-35.));
#1698 = CARTESIAN_POINT('',(-16.,-165.,0.));
#1699 = ORIENTED_EDGE('',*,*,#1604,.T.);
#1700 = ORIENTED_EDGE('',*,*,#1701,.T.);
#1701 = EDGE_CURVE('',#1597,#795,#1702,.T.);
#1702 = LINE('',#1703,#1704);
#1703 = CARTESIAN_POINT('',(-14.95184356749,-165.,1.611896506448));
#1704 = VECTOR('',#1705,1.);
#1705 = DIRECTION('',(-0.564683915592,-0.,0.82530726125));
#1706 = ORIENTED_EDGE('',*,*,#794,.F.);
#1707 = ORIENTED_EDGE('',*,*,#770,.F.);
#1708 = ORIENTED_EDGE('',*,*,#1675,.T.);
#1709 = ORIENTED_EDGE('',*,*,#1136,.F.);
#1710 = ORIENTED_EDGE('',*,*,#1711,.T.);
#1711 = EDGE_CURVE('',#1129,#1712,#1714,.T.);
#1712 = VERTEX_POINT('',#1713);
#1713 = CARTESIAN_POINT('',(-17.,-165.,25.856182553743));
#1714 = LINE('',#1715,#1716);
#1715 = CARTESIAN_POINT('',(-17.,-165.,46.));
#1716 = VECTOR('',#1717,1.);
#1717 = DIRECTION('',(-0.,-0.,-1.));
#1718 = ORIENTED_EDGE('',*,*,#1719,.T.);
#1719 = EDGE_CURVE('',#1712,#1555,#1720,.T.);
#1720 = LINE('',#1721,#1722);
#1721 = CARTESIAN_POINT('',(-18.0481564325,-165.,27.388103493552));
#1722 = VECTOR('',#1723,1.);
#1723 = DIRECTION('',(0.564683915592,-0.,-0.82530726125));
#1724 = ORIENTED_EDGE('',*,*,#1554,.T.);
#1725 = ORIENTED_EDGE('',*,*,#1545,.T.);
#1726 = ORIENTED_EDGE('',*,*,#1727,.T.);
#1727 = EDGE_CURVE('',#1534,#1728,#1730,.T.);
#1728 = VERTEX_POINT('',#1729);
#1729 = CARTESIAN_POINT('',(18.,-165.,-92.));
#1730 = B_SPLINE_CURVE_WITH_KNOTS('',3,(#1731,#1732,#1733,#1734),
  .UNSPECIFIED.,.F.,.F.,(4,4),(0.,1.),.PIECEWISE_BEZIER_KNOTS.);
#1731 = CARTESIAN_POINT('',(16.,-165.,0.));
#1732 = CARTESIAN_POINT('',(16.,-165.,-34.));
#1733 = CARTESIAN_POINT('',(16.,-165.,-64.));
#1734 = CARTESIAN_POINT('',(18.,-165.,-92.));
#1735 = ORIENTED_EDGE('',*,*,#1736,.T.);
#1736 = EDGE_CURVE('',#1728,#1737,#1739,.T.);
#1737 = VERTEX_POINT('',#1738);
#1738 = CARTESIAN_POINT('',(24.,-165.,-130.));
#1739 = B_SPLINE_CURVE_WITH_KNOTS('',3,(#1740,#1741,#1742,#1743),
  .UNSPECIFIED.,.F.,.F.,(4,4),(0.,1.),.PIECEWISE_BEZIER_KNOTS.);
#1740 = CARTESIAN_POINT('',(18.,-165.,-92.));
#1741 = CARTESIAN_POINT('',(20.,-165.,-120.));
#1742 = CARTESIAN_POINT('',(24.,-165.,-112.));
#1743 = CARTESIAN_POINT('',(24.,-165.,-130.));
#1744 = ORIENTED_EDGE('',*,*,#1745,.T.);
#1745 = EDGE_CURVE('',#1737,#1746,#1748,.T.);
#1746 = VERTEX_POINT('',#1747);
#1747 = CARTESIAN_POINT('',(-24.,-165.,-130.));
#1748 = CIRCLE('',#1749,24.);
#1749 = AXIS2_PLACEMENT_3D('',#1750,#1751,#1752);
#1750 = CARTESIAN_POINT('',(0.,-165.,-130.));
#1751 = DIRECTION('',(0.,1.,-0.));
#1752 = DIRECTION('',(1.,-0.,-0.));
#1753 = ORIENTED_EDGE('',*,*,#1754,.T.);
#1754 = EDGE_CURVE('',#1746,#1692,#1755,.T.);
#1755 = B_SPLINE_CURVE_WITH_KNOTS('',3,(#1756,#1757,#1758,#1759),
  .UNSPECIFIED.,.F.,.F.,(4,4),(0.,1.),.PIECEWISE_BEZIER_KNOTS.);
#1756 = CARTESIAN_POINT('',(-24.,-165.,-130.));
#1757 = CARTESIAN_POINT('',(-24.,-165.,-110.));
#1758 = CARTESIAN_POINT('',(-14.,-165.,-108.));
#1759 = CARTESIAN_POINT('',(-14.,-165.,-92.));
#1760 = FACE_BOUND('',#1761,.F.);
#1761 = EDGE_LOOP('',(#1762));
#1762 = ORIENTED_EDGE('',*,*,#1763,.F.);
#1763 = EDGE_CURVE('',#1764,#1764,#1766,.T.);
#1764 = VERTEX_POINT('',#1765);
#1765 = CARTESIAN_POINT('',(-10.,-165.,-104.2));
#1766 = CIRCLE('',#1767,1.8);
#1767 = AXIS2_PLACEMENT_3D('',#1768,#1769,#1770);
#1768 = CARTESIAN_POINT('',(-10.,-165.,-106.));
#1769 = DIRECTION('',(0.,1.,0.));
#1770 = DIRECTION('',(-0.,-0.,1.));
#1771 = FACE_BOUND('',#1772,.F.);
#1772 = EDGE_LOOP('',(#1773));
#1773 = ORIENTED_EDGE('',*,*,#1774,.F.);
#1774 = EDGE_CURVE('',#1775,#1775,#1777,.T.);
#1775 = VERTEX_POINT('',#1776);
#1776 = CARTESIAN_POINT('',(-7.577722283114,-165.,-132.675));
#1777 = CIRCLE('',#1778,1.7);
#1778 = AXIS2_PLACEMENT_3D('',#1779,#1780,#1781);
#1779 = CARTESIAN_POINT('',(-7.577722283114,-165.,-134.375));
#1780 = DIRECTION('',(0.,1.,0.));
#1781 = DIRECTION('',(-0.,-0.,1.));
#1782 = FACE_BOUND('',#1783,.F.);
#1783 = EDGE_LOOP('',(#1784,#1794,#1803,#1811,#1820,#1828));
#1784 = ORIENTED_EDGE('',*,*,#1785,.T.);
#1785 = EDGE_CURVE('',#1786,#1788,#1790,.T.);
#1786 = VERTEX_POINT('',#1787);
#1787 = CARTESIAN_POINT('',(4.969548611026,-165.,-64.));
#1788 = VERTEX_POINT('',#1789);
#1789 = CARTESIAN_POINT('',(-6.,-165.,-64.));
#1790 = LINE('',#1791,#1792);
#1791 = CARTESIAN_POINT('',(-2.786134857568,-165.,-64.));
#1792 = VECTOR('',#1793,1.);
#1793 = DIRECTION('',(-1.,-0.,-0.));
#1794 = ORIENTED_EDGE('',*,*,#1795,.T.);
#1795 = EDGE_CURVE('',#1788,#1796,#1798,.T.);
#1796 = VERTEX_POINT('',#1797);
#1797 = CARTESIAN_POINT('',(-8.,-165.,-66.));
#1798 = CIRCLE('',#1799,2.);
#1799 = AXIS2_PLACEMENT_3D('',#1800,#1801,#1802);
#1800 = CARTESIAN_POINT('',(-6.,-165.,-66.));
#1801 = DIRECTION('',(0.,-1.,0.));
#1802 = DIRECTION('',(-1.,-0.,-0.));
#1803 = ORIENTED_EDGE('',*,*,#1804,.T.);
#1804 = EDGE_CURVE('',#1796,#1805,#1807,.T.);
#1805 = VERTEX_POINT('',#1806);
#1806 = CARTESIAN_POINT('',(-8.,-165.,-76.36012924374));
#1807 = LINE('',#1808,#1809);
#1808 = CARTESIAN_POINT('',(-8.,-165.,-65.92328328677));
#1809 = VECTOR('',#1810,1.);
#1810 = DIRECTION('',(-0.,-0.,-1.));
#1811 = ORIENTED_EDGE('',*,*,#1812,.T.);
#1812 = EDGE_CURVE('',#1805,#1813,#1815,.T.);
#1813 = VERTEX_POINT('',#1814);
#1814 = CARTESIAN_POINT('',(-4.626752934073,-165.,-77.81415554884));
#1815 = CIRCLE('',#1816,2.);
#1816 = AXIS2_PLACEMENT_3D('',#1817,#1818,#1819);
#1817 = CARTESIAN_POINT('',(-6.,-165.,-76.36012924374));
#1818 = DIRECTION('',(-0.,-1.,0.));
#1819 = DIRECTION('',(0.686623532964,-0.,-0.72701315255));
#1820 = ORIENTED_EDGE('',*,*,#1821,.T.);
#1821 = EDGE_CURVE('',#1813,#1822,#1824,.T.);
#1822 = VERTEX_POINT('',#1823);
#1823 = CARTESIAN_POINT('',(6.342795676953,-165.,-67.4540263051));
#1824 = LINE('',#1825,#1826);
#1825 = CARTESIAN_POINT('',(7.766613816762,-165.,-66.10930917305));
#1826 = VECTOR('',#1827,1.);
#1827 = DIRECTION('',(0.72701315255,-0.,0.686623532964));
#1828 = ORIENTED_EDGE('',*,*,#1829,.T.);
#1829 = EDGE_CURVE('',#1822,#1786,#1830,.T.);
#1830 = CIRCLE('',#1831,2.);
#1831 = AXIS2_PLACEMENT_3D('',#1832,#1833,#1834);
#1832 = CARTESIAN_POINT('',(4.969548611026,-165.,-66.));
#1833 = DIRECTION('',(0.,-1.,0.));
#1834 = DIRECTION('',(-2.6645352591E-15,-0.,1.));
#1835 = FACE_BOUND('',#1836,.F.);
#1836 = EDGE_LOOP('',(#1837,#1847,#1856,#1864,#1873,#1881));
#1837 = ORIENTED_EDGE('',*,*,#1838,.T.);
#1838 = EDGE_CURVE('',#1839,#1841,#1843,.T.);
#1839 = VERTEX_POINT('',#1840);
#1840 = CARTESIAN_POINT('',(2.366841826448,-165.,-29.));
#1841 = VERTEX_POINT('',#1842);
#1842 = CARTESIAN_POINT('',(-6.,-165.,-29.));
#1843 = LINE('',#1844,#1845);
#1844 = CARTESIAN_POINT('',(-2.786134857568,-165.,-29.));
#1845 = VECTOR('',#1846,1.);
#1846 = DIRECTION('',(-1.,-0.,-0.));
#1847 = ORIENTED_EDGE('',*,*,#1848,.T.);
#1848 = EDGE_CURVE('',#1841,#1849,#1851,.T.);
#1849 = VERTEX_POINT('',#1850);
#1850 = CARTESIAN_POINT('',(-8.,-165.,-31.));
#1851 = CIRCLE('',#1852,2.);
#1852 = AXIS2_PLACEMENT_3D('',#1853,#1854,#1855);
#1853 = CARTESIAN_POINT('',(-6.,-165.,-31.));
#1854 = DIRECTION('',(0.,-1.,0.));
#1855 = DIRECTION('',(-1.,-0.,-0.));
#1856 = ORIENTED_EDGE('',*,*,#1857,.T.);
#1857 = EDGE_CURVE('',#1849,#1858,#1860,.T.);
#1858 = VERTEX_POINT('',#1859);
#1859 = CARTESIAN_POINT('',(-8.,-165.,-37.79805898398));
#1860 = LINE('',#1861,#1862);
#1861 = CARTESIAN_POINT('',(-8.,-165.,-46.64224815689));
#1862 = VECTOR('',#1863,1.);
#1863 = DIRECTION('',(-0.,-0.,-1.));
#1864 = ORIENTED_EDGE('',*,*,#1865,.T.);
#1865 = EDGE_CURVE('',#1858,#1866,#1868,.T.);
#1866 = VERTEX_POINT('',#1867);
#1867 = CARTESIAN_POINT('',(-4.738814749811,-165.,-39.35028698422));
#1868 = CIRCLE('',#1869,2.);
#1869 = AXIS2_PLACEMENT_3D('',#1870,#1871,#1872);
#1870 = CARTESIAN_POINT('',(-6.,-165.,-37.79805898398));
#1871 = DIRECTION('',(-0.,-1.,0.));
#1872 = DIRECTION('',(0.630592625094,-0.,-0.776114000116));
#1873 = ORIENTED_EDGE('',*,*,#1874,.T.);
#1874 = EDGE_CURVE('',#1866,#1875,#1877,.T.);
#1875 = VERTEX_POINT('',#1876);
#1876 = CARTESIAN_POINT('',(3.628027076637,-165.,-32.55222800023));
#1877 = LINE('',#1878,#1879);
#1878 = CARTESIAN_POINT('',(-2.947962946003,-165.,-37.89521989362));
#1879 = VECTOR('',#1880,1.);
#1880 = DIRECTION('',(0.776114000116,-0.,0.630592625094));
#1881 = ORIENTED_EDGE('',*,*,#1882,.T.);
#1882 = EDGE_CURVE('',#1875,#1839,#1883,.T.);
#1883 = CIRCLE('',#1884,2.);
#1884 = AXIS2_PLACEMENT_3D('',#1885,#1886,#1887);
#1885 = CARTESIAN_POINT('',(2.366841826448,-165.,-31.));
#1886 = DIRECTION('',(0.,-1.,-0.));
#1887 = DIRECTION('',(2.22044604925E-16,-0.,1.));
#1888 = FACE_BOUND('',#1889,.F.);
#1889 = EDGE_LOOP('',(#1890));
#1890 = ORIENTED_EDGE('',*,*,#1891,.F.);
#1891 = EDGE_CURVE('',#1892,#1892,#1894,.T.);
#1892 = VERTEX_POINT('',#1893);
#1893 = CARTESIAN_POINT('',(-1.616533774875E-15,-165.,-123.4));
#1894 = CIRCLE('',#1895,6.6);
#1895 = AXIS2_PLACEMENT_3D('',#1896,#1897,#1898);
#1896 = CARTESIAN_POINT('',(0.,-165.,-130.));
#1897 = DIRECTION('',(0.,1.,0.));
#1898 = DIRECTION('',(-0.,-0.,1.));
#1899 = FACE_BOUND('',#1900,.F.);
#1900 = EDGE_LOOP('',(#1901));
#1901 = ORIENTED_EDGE('',*,*,#1902,.F.);
#1902 = EDGE_CURVE('',#1903,#1903,#1905,.T.);
#1903 = VERTEX_POINT('',#1904);
#1904 = CARTESIAN_POINT('',(1.194030629169E-16,-165.,-119.55));
#1905 = CIRCLE('',#1906,1.7);
#1906 = AXIS2_PLACEMENT_3D('',#1907,#1908,#1909);
#1907 = CARTESIAN_POINT('',(5.35782974627E-16,-165.,-121.25));
#1908 = DIRECTION('',(0.,1.,0.));
#1909 = DIRECTION('',(-0.,-0.,1.));
#1910 = FACE_BOUND('',#1911,.F.);
#1911 = EDGE_LOOP('',(#1912,#1922,#1931,#1939,#1948,#1956));
#1912 = ORIENTED_EDGE('',*,*,#1913,.T.);
#1913 = EDGE_CURVE('',#1914,#1916,#1918,.T.);
#1914 = VERTEX_POINT('',#1915);
#1915 = CARTESIAN_POINT('',(10.,-165.,-93.));
#1916 = VERTEX_POINT('',#1917);
#1917 = CARTESIAN_POINT('',(10.,-165.,-80.2119164549));
#1918 = LINE('',#1919,#1920);
#1919 = CARTESIAN_POINT('',(10.,-165.,-67.84917689235));
#1920 = VECTOR('',#1921,1.);
#1921 = DIRECTION('',(-0.,-0.,1.));
#1922 = ORIENTED_EDGE('',*,*,#1923,.T.);
#1923 = EDGE_CURVE('',#1916,#1924,#1926,.T.);
#1924 = VERTEX_POINT('',#1925);
#1925 = CARTESIAN_POINT('',(6.513411707506,-165.,-78.87398699166));
#1926 = CIRCLE('',#1927,2.);
#1927 = AXIS2_PLACEMENT_3D('',#1928,#1929,#1930);
#1928 = CARTESIAN_POINT('',(8.,-165.,-80.2119164549));
#1929 = DIRECTION('',(0.,-1.,0.));
#1930 = DIRECTION('',(-0.743294146247,-0.,0.668964731622));
#1931 = ORIENTED_EDGE('',*,*,#1932,.T.);
#1932 = EDGE_CURVE('',#1924,#1933,#1935,.T.);
#1933 = VERTEX_POINT('',#1934);
#1934 = CARTESIAN_POINT('',(-4.99586348308,-165.,-91.66207053675));
#1935 = LINE('',#1936,#1937);
#1936 = CARTESIAN_POINT('',(5.211645035786,-165.,-80.32039440468));
#1937 = VECTOR('',#1938,1.);
#1938 = DIRECTION('',(-0.668964731622,-0.,-0.743294146247));
#1939 = ORIENTED_EDGE('',*,*,#1940,.T.);
#1940 = EDGE_CURVE('',#1933,#1941,#1943,.T.);
#1941 = VERTEX_POINT('',#1942);
#1942 = CARTESIAN_POINT('',(-3.509275190585,-165.,-95.));
#1943 = CIRCLE('',#1944,2.);
#1944 = AXIS2_PLACEMENT_3D('',#1945,#1946,#1947);
#1945 = CARTESIAN_POINT('',(-3.509275190585,-165.,-93.));
#1946 = DIRECTION('',(0.,-1.,0.));
#1947 = DIRECTION('',(-1.33226762955E-15,-0.,-1.));
#1948 = ORIENTED_EDGE('',*,*,#1949,.T.);
#1949 = EDGE_CURVE('',#1941,#1950,#1952,.T.);
#1950 = VERTEX_POINT('',#1951);
#1951 = CARTESIAN_POINT('',(8.,-165.,-95.));
#1952 = LINE('',#1953,#1954);
#1953 = CARTESIAN_POINT('',(4.213865142432,-165.,-95.));
#1954 = VECTOR('',#1955,1.);
#1955 = DIRECTION('',(1.,-0.,-0.));
#1956 = ORIENTED_EDGE('',*,*,#1957,.T.);
#1957 = EDGE_CURVE('',#1950,#1914,#1958,.T.);
#1958 = CIRCLE('',#1959,2.);
#1959 = AXIS2_PLACEMENT_3D('',#1960,#1961,#1962);
#1960 = CARTESIAN_POINT('',(8.,-165.,-93.));
#1961 = DIRECTION('',(-0.,-1.,-0.));
#1962 = DIRECTION('',(1.,-0.,-0.));
#1963 = FACE_BOUND('',#1964,.F.);
#1964 = EDGE_LOOP('',(#1965));
#1965 = ORIENTED_EDGE('',*,*,#1966,.F.);
#1966 = EDGE_CURVE('',#1967,#1967,#1969,.T.);
#1967 = VERTEX_POINT('',#1968);
#1968 = CARTESIAN_POINT('',(7.577722283114,-165.,-132.675));
#1969 = CIRCLE('',#1970,1.7);
#1970 = AXIS2_PLACEMENT_3D('',#1971,#1972,#1973);
#1971 = CARTESIAN_POINT('',(7.577722283114,-165.,-134.375));
#1972 = DIRECTION('',(0.,1.,0.));
#1973 = DIRECTION('',(-0.,-0.,1.));
#1974 = FACE_BOUND('',#1975,.F.);
#1975 = EDGE_LOOP('',(#1976));
#1976 = ORIENTED_EDGE('',*,*,#1977,.F.);
#1977 = EDGE_CURVE('',#1978,#1978,#1980,.T.);
#1978 = VERTEX_POINT('',#1979);
#1979 = CARTESIAN_POINT('',(10.,-165.,-104.2));
#1980 = CIRCLE('',#1981,1.8);
#1981 = AXIS2_PLACEMENT_3D('',#1982,#1983,#1984);
#1982 = CARTESIAN_POINT('',(10.,-165.,-106.));
#1983 = DIRECTION('',(0.,1.,0.));
#1984 = DIRECTION('',(-0.,-0.,1.));
#1985 = FACE_BOUND('',#1986,.F.);
#1986 = EDGE_LOOP('',(#1987,#1997,#2006,#2014,#2023,#2031));
#1987 = ORIENTED_EDGE('',*,*,#1988,.T.);
#1988 = EDGE_CURVE('',#1989,#1991,#1993,.T.);
#1989 = VERTEX_POINT('',#1990);
#1990 = CARTESIAN_POINT('',(8.,-165.,-55.));
#1991 = VERTEX_POINT('',#1992);
#1992 = CARTESIAN_POINT('',(8.,-165.,-43.47993558709));
#1993 = LINE('',#1994,#1995);
#1994 = CARTESIAN_POINT('',(8.,-165.,-49.48318645844));
#1995 = VECTOR('',#1996,1.);
#1996 = DIRECTION('',(-0.,-0.,1.));
#1997 = ORIENTED_EDGE('',*,*,#1998,.T.);
#1998 = EDGE_CURVE('',#1991,#1999,#2001,.T.);
#1999 = VERTEX_POINT('',#2000);
#2000 = CARTESIAN_POINT('',(4.470177603766,-165.,-42.19166409552));
#2001 = CIRCLE('',#2002,2.);
#2002 = AXIS2_PLACEMENT_3D('',#2003,#2004,#2005);
#2003 = CARTESIAN_POINT('',(6.,-165.,-43.47993558709));
#2004 = DIRECTION('',(0.,-1.,0.));
#2005 = DIRECTION('',(-0.764911198117,-0.,0.644135745783));
#2006 = ORIENTED_EDGE('',*,*,#2007,.T.);
#2007 = EDGE_CURVE('',#1999,#2008,#2010,.T.);
#2008 = VERTEX_POINT('',#2009);
#2009 = CARTESIAN_POINT('',(-5.230929270261,-165.,-53.71172850843));
#2010 = LINE('',#2011,#2012);
#2011 = CARTESIAN_POINT('',(-4.494215036535,-165.,-52.83688035588));
#2012 = VECTOR('',#2013,1.);
#2013 = DIRECTION('',(-0.644135745783,-0.,-0.764911198117));
#2014 = ORIENTED_EDGE('',*,*,#2015,.T.);
#2015 = EDGE_CURVE('',#2008,#2016,#2018,.T.);
#2016 = VERTEX_POINT('',#2017);
#2017 = CARTESIAN_POINT('',(-3.701106874026,-165.,-57.));
#2018 = CIRCLE('',#2019,2.);
#2019 = AXIS2_PLACEMENT_3D('',#2020,#2021,#2022);
#2020 = CARTESIAN_POINT('',(-3.701106874026,-165.,-55.));
#2021 = DIRECTION('',(-0.,-1.,0.));
#2022 = DIRECTION('',(2.22044604925E-15,-0.,-1.));
#2023 = ORIENTED_EDGE('',*,*,#2024,.T.);
#2024 = EDGE_CURVE('',#2016,#2025,#2027,.T.);
#2025 = VERTEX_POINT('',#2026);
#2026 = CARTESIAN_POINT('',(6.,-165.,-57.));
#2027 = LINE('',#2028,#2029);
#2028 = CARTESIAN_POINT('',(3.213865142432,-165.,-57.));
#2029 = VECTOR('',#2030,1.);
#2030 = DIRECTION('',(1.,-0.,-0.));
#2031 = ORIENTED_EDGE('',*,*,#2032,.T.);
#2032 = EDGE_CURVE('',#2025,#1989,#2033,.T.);
#2033 = CIRCLE('',#2034,2.);
#2034 = AXIS2_PLACEMENT_3D('',#2035,#2036,#2037);
#2035 = CARTESIAN_POINT('',(6.,-165.,-55.));
#2036 = DIRECTION('',(-0.,-1.,0.));
#2037 = DIRECTION('',(1.,-0.,-3.5527136788E-15));
#2038 = FACE_BOUND('',#2039,.F.);
#2039 = EDGE_LOOP('',(#2040));
#2040 = ORIENTED_EDGE('',*,*,#2041,.F.);
#2041 = EDGE_CURVE('',#2042,#2042,#2044,.T.);
#2042 = VERTEX_POINT('',#2043);
#2043 = CARTESIAN_POINT('',(-1.610410540879E-15,-165.,6.575));
#2044 = CIRCLE('',#2045,6.575);
#2045 = AXIS2_PLACEMENT_3D('',#2046,#2047,#2048);
#2046 = CARTESIAN_POINT('',(0.,-165.,0.));
#2047 = DIRECTION('',(0.,1.,0.));
#2048 = DIRECTION('',(-0.,-0.,1.));
#2049 = PLANE('',#2050);
#2050 = AXIS2_PLACEMENT_3D('',#2051,#2052,#2053);
#2051 = CARTESIAN_POINT('',(-4.81298100501,-165.,-46.92724638636));
#2052 = DIRECTION('',(-0.,-1.,-0.));
#2053 = DIRECTION('',(0.,0.,-1.));
#2054 = ADVANCED_FACE('',(#2055,#2058),#2069,.T.);
#2055 = FACE_BOUND('',#2056,.F.);
#2056 = EDGE_LOOP('',(#2057));
#2057 = ORIENTED_EDGE('',*,*,#786,.T.);
#2058 = FACE_BOUND('',#2059,.F.);
#2059 = EDGE_LOOP('',(#2060));
#2060 = ORIENTED_EDGE('',*,*,#2061,.F.);
#2061 = EDGE_CURVE('',#2062,#2062,#2064,.T.);
#2062 = VERTEX_POINT('',#2063);
#2063 = CARTESIAN_POINT('',(-23.,-166.,25.7));
#2064 = CIRCLE('',#2065,1.7);
#2065 = AXIS2_PLACEMENT_3D('',#2066,#2067,#2068);
#2066 = CARTESIAN_POINT('',(-23.,-166.,24.));
#2067 = DIRECTION('',(0.,1.,0.));
#2068 = DIRECTION('',(-0.,-0.,1.));
#2069 = PLANE('',#2070);
#2070 = AXIS2_PLACEMENT_3D('',#2071,#2072,#2073);
#2071 = CARTESIAN_POINT('',(-23.,-166.,24.));
#2072 = DIRECTION('',(-0.,-1.,-0.));
#2073 = DIRECTION('',(0.,0.,-1.));
#2074 = ADVANCED_FACE('',(#2075),#2081,.F.);
#2075 = FACE_BOUND('',#2076,.T.);
#2076 = EDGE_LOOP('',(#2077,#2078,#2079,#2080));
#2077 = ORIENTED_EDGE('',*,*,#1519,.F.);
#2078 = ORIENTED_EDGE('',*,*,#1596,.T.);
#2079 = ORIENTED_EDGE('',*,*,#1701,.T.);
#2080 = ORIENTED_EDGE('',*,*,#803,.F.);
#2081 = PLANE('',#2082);
#2082 = AXIS2_PLACEMENT_3D('',#2083,#2084,#2085);
#2083 = CARTESIAN_POINT('',(-14.95184356749,-151.9,1.611896506448));
#2084 = DIRECTION('',(0.82530726125,-0.,0.564683915592));
#2085 = DIRECTION('',(0.564683915592,0.,-0.82530726125));
#2086 = ADVANCED_FACE('',(#2087),#2092,.T.);
#2087 = FACE_BOUND('',#2088,.F.);
#2088 = EDGE_LOOP('',(#2089,#2090,#2091));
#2089 = ORIENTED_EDGE('',*,*,#1579,.F.);
#2090 = ORIENTED_EDGE('',*,*,#945,.F.);
#2091 = ORIENTED_EDGE('',*,*,#835,.F.);
#2092 = PLANE('',#2093);
#2093 = AXIS2_PLACEMENT_3D('',#2094,#2095,#2096);
#2094 = CARTESIAN_POINT('',(-11.13417449438,-151.9,16.349575143707));
#2095 = DIRECTION('',(-0.,1.,-0.));
#2096 = DIRECTION('',(0.,0.,1.));
#2097 = ADVANCED_FACE('',(#2098,#2127),#2130,.T.);
#2098 = FACE_BOUND('',#2099,.F.);
#2099 = EDGE_LOOP('',(#2100,#2101,#2102,#2110,#2116,#2117,#2118,#2124,
    #2125,#2126));
#2100 = ORIENTED_EDGE('',*,*,#926,.T.);
#2101 = ORIENTED_EDGE('',*,*,#1571,.F.);
#2102 = ORIENTED_EDGE('',*,*,#2103,.T.);
#2103 = EDGE_CURVE('',#1564,#2104,#2106,.T.);
#2104 = VERTEX_POINT('',#2105);
#2105 = CARTESIAN_POINT('',(-17.,-152.,25.856182553743));
#2106 = LINE('',#2107,#2108);
#2107 = CARTESIAN_POINT('',(-12.46975860407,-152.,19.235060513544));
#2108 = VECTOR('',#2109,1.);
#2109 = DIRECTION('',(-0.564683915592,-0.,0.82530726125));
#2110 = ORIENTED_EDGE('',*,*,#2111,.T.);
#2111 = EDGE_CURVE('',#2104,#888,#2112,.T.);
#2112 = LINE('',#2113,#2114);
#2113 = CARTESIAN_POINT('',(-17.,-152.,28.975493871065));
#2114 = VECTOR('',#2115,1.);
#2115 = DIRECTION('',(-0.,-0.,1.));
#2116 = ORIENTED_EDGE('',*,*,#895,.T.);
#2117 = ORIENTED_EDGE('',*,*,#1013,.T.);
#2118 = ORIENTED_EDGE('',*,*,#2119,.T.);
#2119 = EDGE_CURVE('',#1014,#1120,#2120,.T.);
#2120 = LINE('',#2121,#2122);
#2121 = CARTESIAN_POINT('',(-17.,-152.,28.975493871065));
#2122 = VECTOR('',#2123,1.);
#2123 = DIRECTION('',(-0.,-0.,1.));
#2124 = ORIENTED_EDGE('',*,*,#1119,.F.);
#2125 = ORIENTED_EDGE('',*,*,#1153,.T.);
#2126 = ORIENTED_EDGE('',*,*,#1060,.T.);
#2127 = FACE_BOUND('',#2128,.F.);
#2128 = EDGE_LOOP('',(#2129));
#2129 = ORIENTED_EDGE('',*,*,#1456,.F.);
#2130 = PLANE('',#2131);
#2131 = AXIS2_PLACEMENT_3D('',#2132,#2133,#2134);
#2132 = CARTESIAN_POINT('',(-5.621327393858,-152.,11.95098774213));
#2133 = DIRECTION('',(-0.,-1.,-0.));
#2134 = DIRECTION('',(0.,0.,-1.));
#2135 = ADVANCED_FACE('',(#2136),#2151,.F.);
#2136 = FACE_BOUND('',#2137,.T.);
#2137 = EDGE_LOOP('',(#2138,#2139,#2140,#2141,#2142,#2143,#2149,#2150));
#2138 = ORIENTED_EDGE('',*,*,#1651,.F.);
#2139 = ORIENTED_EDGE('',*,*,#1021,.F.);
#2140 = ORIENTED_EDGE('',*,*,#2119,.T.);
#2141 = ORIENTED_EDGE('',*,*,#1128,.T.);
#2142 = ORIENTED_EDGE('',*,*,#1711,.T.);
#2143 = ORIENTED_EDGE('',*,*,#2144,.F.);
#2144 = EDGE_CURVE('',#2104,#1712,#2145,.T.);
#2145 = LINE('',#2146,#2147);
#2146 = CARTESIAN_POINT('',(-17.,-151.9,25.856182553743));
#2147 = VECTOR('',#2148,1.);
#2148 = DIRECTION('',(-0.,-1.,-0.));
#2149 = ORIENTED_EDGE('',*,*,#2111,.T.);
#2150 = ORIENTED_EDGE('',*,*,#887,.F.);
#2151 = PLANE('',#2152);
#2152 = AXIS2_PLACEMENT_3D('',#2153,#2154,#2155);
#2153 = CARTESIAN_POINT('',(-17.,-151.9,46.));
#2154 = DIRECTION('',(-1.,-0.,-0.));
#2155 = DIRECTION('',(0.,0.,1.));
#2156 = ADVANCED_FACE('',(#2157,#2160),#2171,.T.);
#2157 = FACE_BOUND('',#2158,.F.);
#2158 = EDGE_LOOP('',(#2159));
#2159 = ORIENTED_EDGE('',*,*,#1102,.T.);
#2160 = FACE_BOUND('',#2161,.F.);
#2161 = EDGE_LOOP('',(#2162));
#2162 = ORIENTED_EDGE('',*,*,#2163,.F.);
#2163 = EDGE_CURVE('',#2164,#2164,#2166,.T.);
#2164 = VERTEX_POINT('',#2165);
#2165 = CARTESIAN_POINT('',(-23.,-166.,47.7));
#2166 = CIRCLE('',#2167,1.7);
#2167 = AXIS2_PLACEMENT_3D('',#2168,#2169,#2170);
#2168 = CARTESIAN_POINT('',(-23.,-166.,46.));
#2169 = DIRECTION('',(0.,1.,0.));
#2170 = DIRECTION('',(-0.,-0.,1.));
#2171 = PLANE('',#2172);
#2172 = AXIS2_PLACEMENT_3D('',#2173,#2174,#2175);
#2173 = CARTESIAN_POINT('',(-23.,-166.,46.));
#2174 = DIRECTION('',(-0.,-1.,-0.));
#2175 = DIRECTION('',(0.,0.,-1.));
#2176 = ADVANCED_FACE('',(#2177,#2185),#2196,.T.);
#2177 = FACE_BOUND('',#2178,.F.);
#2178 = EDGE_LOOP('',(#2179,#2180,#2181,#2182,#2183,#2184));
#2179 = ORIENTED_EDGE('',*,*,#1177,.T.);
#2180 = ORIENTED_EDGE('',*,*,#1201,.T.);
#2181 = ORIENTED_EDGE('',*,*,#1225,.T.);
#2182 = ORIENTED_EDGE('',*,*,#1249,.T.);
#2183 = ORIENTED_EDGE('',*,*,#1273,.T.);
#2184 = ORIENTED_EDGE('',*,*,#1297,.T.);
#2185 = FACE_BOUND('',#2186,.F.);
#2186 = EDGE_LOOP('',(#2187));
#2187 = ORIENTED_EDGE('',*,*,#2188,.T.);
#2188 = EDGE_CURVE('',#2189,#2189,#2191,.T.);
#2189 = VERTEX_POINT('',#2190);
#2190 = CARTESIAN_POINT('',(-23.,-155.5,47.7));
#2191 = CIRCLE('',#2192,1.7);
#2192 = AXIS2_PLACEMENT_3D('',#2193,#2194,#2195);
#2193 = CARTESIAN_POINT('',(-23.,-155.5,46.));
#2194 = DIRECTION('',(0.,1.,0.));
#2195 = DIRECTION('',(-0.,-0.,1.));
#2196 = PLANE('',#2197);
#2197 = AXIS2_PLACEMENT_3D('',#2198,#2199,#2200);
#2198 = CARTESIAN_POINT('',(-23.,-155.5,46.));
#2199 = DIRECTION('',(-0.,1.,-0.));
#2200 = DIRECTION('',(0.,0.,1.));
#2201 = ADVANCED_FACE('',(#2202,#2210),#2221,.T.);
#2202 = FACE_BOUND('',#2203,.F.);
#2203 = EDGE_LOOP('',(#2204,#2205,#2206,#2207,#2208,#2209));
#2204 = ORIENTED_EDGE('',*,*,#1321,.T.);
#2205 = ORIENTED_EDGE('',*,*,#1369,.T.);
#2206 = ORIENTED_EDGE('',*,*,#1417,.T.);
#2207 = ORIENTED_EDGE('',*,*,#1441,.T.);
#2208 = ORIENTED_EDGE('',*,*,#1400,.T.);
#2209 = ORIENTED_EDGE('',*,*,#1352,.T.);
#2210 = FACE_BOUND('',#2211,.F.);
#2211 = EDGE_LOOP('',(#2212));
#2212 = ORIENTED_EDGE('',*,*,#2213,.T.);
#2213 = EDGE_CURVE('',#2214,#2214,#2216,.T.);
#2214 = VERTEX_POINT('',#2215);
#2215 = CARTESIAN_POINT('',(-23.,-155.5,25.7));
#2216 = CIRCLE('',#2217,1.7);
#2217 = AXIS2_PLACEMENT_3D('',#2218,#2219,#2220);
#2218 = CARTESIAN_POINT('',(-23.,-155.5,24.));
#2219 = DIRECTION('',(0.,1.,0.));
#2220 = DIRECTION('',(-0.,-0.,1.));
#2221 = PLANE('',#2222);
#2222 = AXIS2_PLACEMENT_3D('',#2223,#2224,#2225);
#2223 = CARTESIAN_POINT('',(-23.,-155.5,24.));
#2224 = DIRECTION('',(-0.,1.,-0.));
#2225 = DIRECTION('',(0.,0.,1.));
#2226 = ADVANCED_FACE('',(#2227,#2238),#2241,.T.);
#2227 = FACE_BOUND('',#2228,.F.);
#2228 = EDGE_LOOP('',(#2229));
#2229 = ORIENTED_EDGE('',*,*,#2230,.T.);
#2230 = EDGE_CURVE('',#2231,#2231,#2233,.T.);
#2231 = VERTEX_POINT('',#2232);
#2232 = CARTESIAN_POINT('',(-1.610410540879E-15,-159.95,6.575));
#2233 = CIRCLE('',#2234,6.575);
#2234 = AXIS2_PLACEMENT_3D('',#2235,#2236,#2237);
#2235 = CARTESIAN_POINT('',(0.,-159.95,0.));
#2236 = DIRECTION('',(0.,1.,0.));
#2237 = DIRECTION('',(-0.,-0.,1.));
#2238 = FACE_BOUND('',#2239,.F.);
#2239 = EDGE_LOOP('',(#2240));
#2240 = ORIENTED_EDGE('',*,*,#1481,.F.);
#2241 = PLANE('',#2242);
#2242 = AXIS2_PLACEMENT_3D('',#2243,#2244,#2245);
#2243 = CARTESIAN_POINT('',(0.,-159.95,0.));
#2244 = DIRECTION('',(-0.,-1.,-0.));
#2245 = DIRECTION('',(0.,0.,-1.));
#2246 = ADVANCED_FACE('',(#2247),#2266,.T.);
#2247 = FACE_BOUND('',#2248,.T.);
#2248 = EDGE_LOOP('',(#2249,#2258,#2259,#2260));
#2249 = ORIENTED_EDGE('',*,*,#2250,.F.);
#2250 = EDGE_CURVE('',#1536,#2251,#2253,.T.);
#2251 = VERTEX_POINT('',#2252);
#2252 = CARTESIAN_POINT('',(18.,-153.,-92.));
#2253 = B_SPLINE_CURVE_WITH_KNOTS('',3,(#2254,#2255,#2256,#2257),
  .UNSPECIFIED.,.F.,.F.,(4,4),(0.,1.),.PIECEWISE_BEZIER_KNOTS.);
#2254 = CARTESIAN_POINT('',(16.,-153.,0.));
#2255 = CARTESIAN_POINT('',(16.,-153.,-34.));
#2256 = CARTESIAN_POINT('',(16.,-153.,-64.));
#2257 = CARTESIAN_POINT('',(18.,-153.,-92.));
#2258 = ORIENTED_EDGE('',*,*,#1533,.F.);
#2259 = ORIENTED_EDGE('',*,*,#1727,.T.);
#2260 = ORIENTED_EDGE('',*,*,#2261,.F.);
#2261 = EDGE_CURVE('',#2251,#1728,#2262,.T.);
#2262 = LINE('',#2263,#2264);
#2263 = CARTESIAN_POINT('',(18.,-153.,-92.));
#2264 = VECTOR('',#2265,1.);
#2265 = DIRECTION('',(-0.,-1.,-0.));
#2266 = SURFACE_OF_LINEAR_EXTRUSION('',#2267,#2272);
#2267 = B_SPLINE_CURVE_WITH_KNOTS('',3,(#2268,#2269,#2270,#2271),
  .UNSPECIFIED.,.F.,.F.,(4,4),(0.,1.),.PIECEWISE_BEZIER_KNOTS.);
#2268 = CARTESIAN_POINT('',(16.,-153.,0.));
#2269 = CARTESIAN_POINT('',(16.,-153.,-34.));
#2270 = CARTESIAN_POINT('',(16.,-153.,-64.));
#2271 = CARTESIAN_POINT('',(18.,-153.,-92.));
#2272 = VECTOR('',#2273,1.);
#2273 = DIRECTION('',(-0.,1.,-0.));
#2274 = ADVANCED_FACE('',(#2275),#2281,.F.);
#2275 = FACE_BOUND('',#2276,.T.);
#2276 = EDGE_LOOP('',(#2277,#2278,#2279,#2280));
#2277 = ORIENTED_EDGE('',*,*,#2103,.T.);
#2278 = ORIENTED_EDGE('',*,*,#2144,.T.);
#2279 = ORIENTED_EDGE('',*,*,#1719,.T.);
#2280 = ORIENTED_EDGE('',*,*,#1563,.F.);
#2281 = PLANE('',#2282);
#2282 = AXIS2_PLACEMENT_3D('',#2283,#2284,#2285);
#2283 = CARTESIAN_POINT('',(-18.0481564325,-151.9,27.388103493552));
#2284 = DIRECTION('',(-0.82530726125,-0.,-0.564683915592));
#2285 = DIRECTION('',(-0.564683915592,0.,0.82530726125));
#2286 = ADVANCED_FACE('',(#2287),#2306,.T.);
#2287 = FACE_BOUND('',#2288,.T.);
#2288 = EDGE_LOOP('',(#2289,#2298,#2304,#2305));
#2289 = ORIENTED_EDGE('',*,*,#2290,.F.);
#2290 = EDGE_CURVE('',#2291,#1614,#2293,.T.);
#2291 = VERTEX_POINT('',#2292);
#2292 = CARTESIAN_POINT('',(-14.,-153.,-92.));
#2293 = B_SPLINE_CURVE_WITH_KNOTS('',3,(#2294,#2295,#2296,#2297),
  .UNSPECIFIED.,.F.,.F.,(4,4),(0.,1.),.PIECEWISE_BEZIER_KNOTS.);
#2294 = CARTESIAN_POINT('',(-14.,-153.,-92.));
#2295 = CARTESIAN_POINT('',(-14.,-153.,-60.));
#2296 = CARTESIAN_POINT('',(-16.,-153.,-35.));
#2297 = CARTESIAN_POINT('',(-16.,-153.,0.));
#2298 = ORIENTED_EDGE('',*,*,#2299,.T.);
#2299 = EDGE_CURVE('',#2291,#1692,#2300,.T.);
#2300 = LINE('',#2301,#2302);
#2301 = CARTESIAN_POINT('',(-14.,-153.,-92.));
#2302 = VECTOR('',#2303,1.);
#2303 = DIRECTION('',(-0.,-1.,-0.));
#2304 = ORIENTED_EDGE('',*,*,#1691,.T.);
#2305 = ORIENTED_EDGE('',*,*,#1613,.T.);
#2306 = SURFACE_OF_LINEAR_EXTRUSION('',#2307,#2312);
#2307 = B_SPLINE_CURVE_WITH_KNOTS('',3,(#2308,#2309,#2310,#2311),
  .UNSPECIFIED.,.F.,.F.,(4,4),(0.,1.),.PIECEWISE_BEZIER_KNOTS.);
#2308 = CARTESIAN_POINT('',(-14.,-153.,-92.));
#2309 = CARTESIAN_POINT('',(-14.,-153.,-60.));
#2310 = CARTESIAN_POINT('',(-16.,-153.,-35.));
#2311 = CARTESIAN_POINT('',(-16.,-153.,0.));
#2312 = VECTOR('',#2313,1.);
#2313 = DIRECTION('',(-0.,1.,-0.));
#2314 = ADVANCED_FACE('',(#2315,#2345,#2398,#2451,#2462,#2515,#2568,
    #2651),#2662,.T.);
#2315 = FACE_BOUND('',#2316,.F.);
#2316 = EDGE_LOOP('',(#2317,#2318,#2319,#2328,#2337,#2344));
#2317 = ORIENTED_EDGE('',*,*,#1623,.T.);
#2318 = ORIENTED_EDGE('',*,*,#2290,.F.);
#2319 = ORIENTED_EDGE('',*,*,#2320,.F.);
#2320 = EDGE_CURVE('',#2321,#2291,#2323,.T.);
#2321 = VERTEX_POINT('',#2322);
#2322 = CARTESIAN_POINT('',(-24.,-153.,-130.));
#2323 = B_SPLINE_CURVE_WITH_KNOTS('',3,(#2324,#2325,#2326,#2327),
  .UNSPECIFIED.,.F.,.F.,(4,4),(0.,1.),.PIECEWISE_BEZIER_KNOTS.);
#2324 = CARTESIAN_POINT('',(-24.,-153.,-130.));
#2325 = CARTESIAN_POINT('',(-24.,-153.,-110.));
#2326 = CARTESIAN_POINT('',(-14.,-153.,-108.));
#2327 = CARTESIAN_POINT('',(-14.,-153.,-92.));
#2328 = ORIENTED_EDGE('',*,*,#2329,.F.);
#2329 = EDGE_CURVE('',#2330,#2321,#2332,.T.);
#2330 = VERTEX_POINT('',#2331);
#2331 = CARTESIAN_POINT('',(24.,-153.,-130.));
#2332 = CIRCLE('',#2333,24.);
#2333 = AXIS2_PLACEMENT_3D('',#2334,#2335,#2336);
#2334 = CARTESIAN_POINT('',(0.,-153.,-130.));
#2335 = DIRECTION('',(0.,1.,-0.));
#2336 = DIRECTION('',(1.,-0.,-0.));
#2337 = ORIENTED_EDGE('',*,*,#2338,.F.);
#2338 = EDGE_CURVE('',#2251,#2330,#2339,.T.);
#2339 = B_SPLINE_CURVE_WITH_KNOTS('',3,(#2340,#2341,#2342,#2343),
  .UNSPECIFIED.,.F.,.F.,(4,4),(0.,1.),.PIECEWISE_BEZIER_KNOTS.);
#2340 = CARTESIAN_POINT('',(18.,-153.,-92.));
#2341 = CARTESIAN_POINT('',(20.,-153.,-120.));
#2342 = CARTESIAN_POINT('',(24.,-153.,-112.));
#2343 = CARTESIAN_POINT('',(24.,-153.,-130.));
#2344 = ORIENTED_EDGE('',*,*,#2250,.F.);
#2345 = FACE_BOUND('',#2346,.F.);
#2346 = EDGE_LOOP('',(#2347,#2357,#2366,#2374,#2383,#2391));
#2347 = ORIENTED_EDGE('',*,*,#2348,.F.);
#2348 = EDGE_CURVE('',#2349,#2351,#2353,.T.);
#2349 = VERTEX_POINT('',#2350);
#2350 = CARTESIAN_POINT('',(2.366841826448,-153.,-29.));
#2351 = VERTEX_POINT('',#2352);
#2352 = CARTESIAN_POINT('',(-6.,-153.,-29.));
#2353 = LINE('',#2354,#2355);
#2354 = CARTESIAN_POINT('',(-2.786134857568,-153.,-29.));
#2355 = VECTOR('',#2356,1.);
#2356 = DIRECTION('',(-1.,-0.,-0.));
#2357 = ORIENTED_EDGE('',*,*,#2358,.F.);
#2358 = EDGE_CURVE('',#2359,#2349,#2361,.T.);
#2359 = VERTEX_POINT('',#2360);
#2360 = CARTESIAN_POINT('',(3.628027076637,-153.,-32.55222800023));
#2361 = CIRCLE('',#2362,2.);
#2362 = AXIS2_PLACEMENT_3D('',#2363,#2364,#2365);
#2363 = CARTESIAN_POINT('',(2.366841826448,-153.,-31.));
#2364 = DIRECTION('',(0.,-1.,-0.));
#2365 = DIRECTION('',(2.22044604925E-16,-0.,1.));
#2366 = ORIENTED_EDGE('',*,*,#2367,.F.);
#2367 = EDGE_CURVE('',#2368,#2359,#2370,.T.);
#2368 = VERTEX_POINT('',#2369);
#2369 = CARTESIAN_POINT('',(-4.738814749811,-153.,-39.35028698422));
#2370 = LINE('',#2371,#2372);
#2371 = CARTESIAN_POINT('',(-2.947962946003,-153.,-37.89521989362));
#2372 = VECTOR('',#2373,1.);
#2373 = DIRECTION('',(0.776114000116,-0.,0.630592625094));
#2374 = ORIENTED_EDGE('',*,*,#2375,.F.);
#2375 = EDGE_CURVE('',#2376,#2368,#2378,.T.);
#2376 = VERTEX_POINT('',#2377);
#2377 = CARTESIAN_POINT('',(-8.,-153.,-37.79805898398));
#2378 = CIRCLE('',#2379,2.);
#2379 = AXIS2_PLACEMENT_3D('',#2380,#2381,#2382);
#2380 = CARTESIAN_POINT('',(-6.,-153.,-37.79805898398));
#2381 = DIRECTION('',(-0.,-1.,0.));
#2382 = DIRECTION('',(0.630592625094,-0.,-0.776114000116));
#2383 = ORIENTED_EDGE('',*,*,#2384,.F.);
#2384 = EDGE_CURVE('',#2385,#2376,#2387,.T.);
#2385 = VERTEX_POINT('',#2386);
#2386 = CARTESIAN_POINT('',(-8.,-153.,-31.));
#2387 = LINE('',#2388,#2389);
#2388 = CARTESIAN_POINT('',(-8.,-153.,-46.64224815689));
#2389 = VECTOR('',#2390,1.);
#2390 = DIRECTION('',(-0.,-0.,-1.));
#2391 = ORIENTED_EDGE('',*,*,#2392,.F.);
#2392 = EDGE_CURVE('',#2351,#2385,#2393,.T.);
#2393 = CIRCLE('',#2394,2.);
#2394 = AXIS2_PLACEMENT_3D('',#2395,#2396,#2397);
#2395 = CARTESIAN_POINT('',(-6.,-153.,-31.));
#2396 = DIRECTION('',(0.,-1.,0.));
#2397 = DIRECTION('',(-1.,-0.,-0.));
#2398 = FACE_BOUND('',#2399,.F.);
#2399 = EDGE_LOOP('',(#2400,#2410,#2419,#2427,#2436,#2444));
#2400 = ORIENTED_EDGE('',*,*,#2401,.F.);
#2401 = EDGE_CURVE('',#2402,#2404,#2406,.T.);
#2402 = VERTEX_POINT('',#2403);
#2403 = CARTESIAN_POINT('',(4.969548611026,-153.,-64.));
#2404 = VERTEX_POINT('',#2405);
#2405 = CARTESIAN_POINT('',(-6.,-153.,-64.));
#2406 = LINE('',#2407,#2408);
#2407 = CARTESIAN_POINT('',(-2.786134857568,-153.,-64.));
#2408 = VECTOR('',#2409,1.);
#2409 = DIRECTION('',(-1.,-0.,-0.));
#2410 = ORIENTED_EDGE('',*,*,#2411,.F.);
#2411 = EDGE_CURVE('',#2412,#2402,#2414,.T.);
#2412 = VERTEX_POINT('',#2413);
#2413 = CARTESIAN_POINT('',(6.342795676953,-153.,-67.4540263051));
#2414 = CIRCLE('',#2415,2.);
#2415 = AXIS2_PLACEMENT_3D('',#2416,#2417,#2418);
#2416 = CARTESIAN_POINT('',(4.969548611026,-153.,-66.));
#2417 = DIRECTION('',(0.,-1.,0.));
#2418 = DIRECTION('',(-2.6645352591E-15,-0.,1.));
#2419 = ORIENTED_EDGE('',*,*,#2420,.F.);
#2420 = EDGE_CURVE('',#2421,#2412,#2423,.T.);
#2421 = VERTEX_POINT('',#2422);
#2422 = CARTESIAN_POINT('',(-4.626752934073,-153.,-77.81415554884));
#2423 = LINE('',#2424,#2425);
#2424 = CARTESIAN_POINT('',(7.766613816762,-153.,-66.10930917305));
#2425 = VECTOR('',#2426,1.);
#2426 = DIRECTION('',(0.72701315255,-0.,0.686623532964));
#2427 = ORIENTED_EDGE('',*,*,#2428,.F.);
#2428 = EDGE_CURVE('',#2429,#2421,#2431,.T.);
#2429 = VERTEX_POINT('',#2430);
#2430 = CARTESIAN_POINT('',(-8.,-153.,-76.36012924374));
#2431 = CIRCLE('',#2432,2.);
#2432 = AXIS2_PLACEMENT_3D('',#2433,#2434,#2435);
#2433 = CARTESIAN_POINT('',(-6.,-153.,-76.36012924374));
#2434 = DIRECTION('',(-0.,-1.,0.));
#2435 = DIRECTION('',(0.686623532964,-0.,-0.72701315255));
#2436 = ORIENTED_EDGE('',*,*,#2437,.F.);
#2437 = EDGE_CURVE('',#2438,#2429,#2440,.T.);
#2438 = VERTEX_POINT('',#2439);
#2439 = CARTESIAN_POINT('',(-8.,-153.,-66.));
#2440 = LINE('',#2441,#2442);
#2441 = CARTESIAN_POINT('',(-8.,-153.,-65.92328328677));
#2442 = VECTOR('',#2443,1.);
#2443 = DIRECTION('',(-0.,-0.,-1.));
#2444 = ORIENTED_EDGE('',*,*,#2445,.F.);
#2445 = EDGE_CURVE('',#2404,#2438,#2446,.T.);
#2446 = CIRCLE('',#2447,2.);
#2447 = AXIS2_PLACEMENT_3D('',#2448,#2449,#2450);
#2448 = CARTESIAN_POINT('',(-6.,-153.,-66.));
#2449 = DIRECTION('',(0.,-1.,0.));
#2450 = DIRECTION('',(-1.,-0.,-0.));
#2451 = FACE_BOUND('',#2452,.F.);
#2452 = EDGE_LOOP('',(#2453));
#2453 = ORIENTED_EDGE('',*,*,#2454,.T.);
#2454 = EDGE_CURVE('',#2455,#2455,#2457,.T.);
#2455 = VERTEX_POINT('',#2456);
#2456 = CARTESIAN_POINT('',(-10.,-153.,-104.2));
#2457 = CIRCLE('',#2458,1.8);
#2458 = AXIS2_PLACEMENT_3D('',#2459,#2460,#2461);
#2459 = CARTESIAN_POINT('',(-10.,-153.,-106.));
#2460 = DIRECTION('',(0.,1.,0.));
#2461 = DIRECTION('',(-0.,-0.,1.));
#2462 = FACE_BOUND('',#2463,.F.);
#2463 = EDGE_LOOP('',(#2464,#2474,#2483,#2491,#2500,#2508));
#2464 = ORIENTED_EDGE('',*,*,#2465,.F.);
#2465 = EDGE_CURVE('',#2466,#2468,#2470,.T.);
#2466 = VERTEX_POINT('',#2467);
#2467 = CARTESIAN_POINT('',(8.,-153.,-55.));
#2468 = VERTEX_POINT('',#2469);
#2469 = CARTESIAN_POINT('',(8.,-153.,-43.47993558709));
#2470 = LINE('',#2471,#2472);
#2471 = CARTESIAN_POINT('',(8.,-153.,-49.48318645844));
#2472 = VECTOR('',#2473,1.);
#2473 = DIRECTION('',(-0.,-0.,1.));
#2474 = ORIENTED_EDGE('',*,*,#2475,.F.);
#2475 = EDGE_CURVE('',#2476,#2466,#2478,.T.);
#2476 = VERTEX_POINT('',#2477);
#2477 = CARTESIAN_POINT('',(6.,-153.,-57.));
#2478 = CIRCLE('',#2479,2.);
#2479 = AXIS2_PLACEMENT_3D('',#2480,#2481,#2482);
#2480 = CARTESIAN_POINT('',(6.,-153.,-55.));
#2481 = DIRECTION('',(-0.,-1.,0.));
#2482 = DIRECTION('',(1.,-0.,-3.5527136788E-15));
#2483 = ORIENTED_EDGE('',*,*,#2484,.F.);
#2484 = EDGE_CURVE('',#2485,#2476,#2487,.T.);
#2485 = VERTEX_POINT('',#2486);
#2486 = CARTESIAN_POINT('',(-3.701106874026,-153.,-57.));
#2487 = LINE('',#2488,#2489);
#2488 = CARTESIAN_POINT('',(3.213865142432,-153.,-57.));
#2489 = VECTOR('',#2490,1.);
#2490 = DIRECTION('',(1.,-0.,-0.));
#2491 = ORIENTED_EDGE('',*,*,#2492,.F.);
#2492 = EDGE_CURVE('',#2493,#2485,#2495,.T.);
#2493 = VERTEX_POINT('',#2494);
#2494 = CARTESIAN_POINT('',(-5.230929270261,-153.,-53.71172850843));
#2495 = CIRCLE('',#2496,2.);
#2496 = AXIS2_PLACEMENT_3D('',#2497,#2498,#2499);
#2497 = CARTESIAN_POINT('',(-3.701106874026,-153.,-55.));
#2498 = DIRECTION('',(-0.,-1.,0.));
#2499 = DIRECTION('',(2.22044604925E-15,-0.,-1.));
#2500 = ORIENTED_EDGE('',*,*,#2501,.F.);
#2501 = EDGE_CURVE('',#2502,#2493,#2504,.T.);
#2502 = VERTEX_POINT('',#2503);
#2503 = CARTESIAN_POINT('',(4.470177603766,-153.,-42.19166409552));
#2504 = LINE('',#2505,#2506);
#2505 = CARTESIAN_POINT('',(-4.494215036535,-153.,-52.83688035588));
#2506 = VECTOR('',#2507,1.);
#2507 = DIRECTION('',(-0.644135745783,-0.,-0.764911198117));
#2508 = ORIENTED_EDGE('',*,*,#2509,.F.);
#2509 = EDGE_CURVE('',#2468,#2502,#2510,.T.);
#2510 = CIRCLE('',#2511,2.);
#2511 = AXIS2_PLACEMENT_3D('',#2512,#2513,#2514);
#2512 = CARTESIAN_POINT('',(6.,-153.,-43.47993558709));
#2513 = DIRECTION('',(0.,-1.,0.));
#2514 = DIRECTION('',(-0.764911198117,-0.,0.644135745783));
#2515 = FACE_BOUND('',#2516,.F.);
#2516 = EDGE_LOOP('',(#2517,#2527,#2536,#2544,#2553,#2561));
#2517 = ORIENTED_EDGE('',*,*,#2518,.F.);
#2518 = EDGE_CURVE('',#2519,#2521,#2523,.T.);
#2519 = VERTEX_POINT('',#2520);
#2520 = CARTESIAN_POINT('',(10.,-153.,-93.));
#2521 = VERTEX_POINT('',#2522);
#2522 = CARTESIAN_POINT('',(10.,-153.,-80.2119164549));
#2523 = LINE('',#2524,#2525);
#2524 = CARTESIAN_POINT('',(10.,-153.,-67.84917689235));
#2525 = VECTOR('',#2526,1.);
#2526 = DIRECTION('',(-0.,-0.,1.));
#2527 = ORIENTED_EDGE('',*,*,#2528,.F.);
#2528 = EDGE_CURVE('',#2529,#2519,#2531,.T.);
#2529 = VERTEX_POINT('',#2530);
#2530 = CARTESIAN_POINT('',(8.,-153.,-95.));
#2531 = CIRCLE('',#2532,2.);
#2532 = AXIS2_PLACEMENT_3D('',#2533,#2534,#2535);
#2533 = CARTESIAN_POINT('',(8.,-153.,-93.));
#2534 = DIRECTION('',(-0.,-1.,-0.));
#2535 = DIRECTION('',(1.,-0.,-0.));
#2536 = ORIENTED_EDGE('',*,*,#2537,.F.);
#2537 = EDGE_CURVE('',#2538,#2529,#2540,.T.);
#2538 = VERTEX_POINT('',#2539);
#2539 = CARTESIAN_POINT('',(-3.509275190585,-153.,-95.));
#2540 = LINE('',#2541,#2542);
#2541 = CARTESIAN_POINT('',(4.213865142432,-153.,-95.));
#2542 = VECTOR('',#2543,1.);
#2543 = DIRECTION('',(1.,-0.,-0.));
#2544 = ORIENTED_EDGE('',*,*,#2545,.F.);
#2545 = EDGE_CURVE('',#2546,#2538,#2548,.T.);
#2546 = VERTEX_POINT('',#2547);
#2547 = CARTESIAN_POINT('',(-4.99586348308,-153.,-91.66207053675));
#2548 = CIRCLE('',#2549,2.);
#2549 = AXIS2_PLACEMENT_3D('',#2550,#2551,#2552);
#2550 = CARTESIAN_POINT('',(-3.509275190585,-153.,-93.));
#2551 = DIRECTION('',(0.,-1.,0.));
#2552 = DIRECTION('',(-1.33226762955E-15,-0.,-1.));
#2553 = ORIENTED_EDGE('',*,*,#2554,.F.);
#2554 = EDGE_CURVE('',#2555,#2546,#2557,.T.);
#2555 = VERTEX_POINT('',#2556);
#2556 = CARTESIAN_POINT('',(6.513411707506,-153.,-78.87398699166));
#2557 = LINE('',#2558,#2559);
#2558 = CARTESIAN_POINT('',(5.211645035786,-153.,-80.32039440468));
#2559 = VECTOR('',#2560,1.);
#2560 = DIRECTION('',(-0.668964731622,-0.,-0.743294146247));
#2561 = ORIENTED_EDGE('',*,*,#2562,.F.);
#2562 = EDGE_CURVE('',#2521,#2555,#2563,.T.);
#2563 = CIRCLE('',#2564,2.);
#2564 = AXIS2_PLACEMENT_3D('',#2565,#2566,#2567);
#2565 = CARTESIAN_POINT('',(8.,-153.,-80.2119164549));
#2566 = DIRECTION('',(0.,-1.,0.));
#2567 = DIRECTION('',(-0.743294146247,-0.,0.668964731622));
#2568 = FACE_BOUND('',#2569,.F.);
#2569 = EDGE_LOOP('',(#2570,#2581,#2590,#2599,#2608,#2617,#2626,#2635,
    #2644));
#2570 = ORIENTED_EDGE('',*,*,#2571,.T.);
#2571 = EDGE_CURVE('',#2572,#2574,#2576,.T.);
#2572 = VERTEX_POINT('',#2573);
#2573 = CARTESIAN_POINT('',(-4.690179934499,-153.,-134.6435129139));
#2574 = VERTEX_POINT('',#2575);
#2575 = CARTESIAN_POINT('',(-7.577722283114,-153.,-131.475));
#2576 = CIRCLE('',#2577,2.9);
#2577 = AXIS2_PLACEMENT_3D('',#2578,#2579,#2580);
#2578 = CARTESIAN_POINT('',(-7.577722283114,-153.,-134.375));
#2579 = DIRECTION('',(0.,1.,0.));
#2580 = DIRECTION('',(-0.,-0.,1.));
#2581 = ORIENTED_EDGE('',*,*,#2582,.T.);
#2582 = EDGE_CURVE('',#2574,#2583,#2585,.T.);
#2583 = VERTEX_POINT('',#2584);
#2584 = CARTESIAN_POINT('',(-6.366490113531,-153.,-131.7400585146));
#2585 = CIRCLE('',#2586,2.9);
#2586 = AXIS2_PLACEMENT_3D('',#2587,#2588,#2589);
#2587 = CARTESIAN_POINT('',(-7.577722283114,-153.,-134.375));
#2588 = DIRECTION('',(0.,1.,0.));
#2589 = DIRECTION('',(-0.,-0.,1.));
#2590 = ORIENTED_EDGE('',*,*,#2591,.T.);
#2591 = EDGE_CURVE('',#2583,#2592,#2594,.T.);
#2592 = VERTEX_POINT('',#2593);
#2593 = CARTESIAN_POINT('',(-1.676310179032,-153.,-123.6164285714));
#2594 = CIRCLE('',#2595,6.6);
#2595 = AXIS2_PLACEMENT_3D('',#2596,#2597,#2598);
#2596 = CARTESIAN_POINT('',(0.,-153.,-130.));
#2597 = DIRECTION('',(0.,1.,0.));
#2598 = DIRECTION('',(-0.,-0.,1.));
#2599 = ORIENTED_EDGE('',*,*,#2600,.T.);
#2600 = EDGE_CURVE('',#2592,#2601,#2603,.T.);
#2601 = VERTEX_POINT('',#2602);
#2602 = CARTESIAN_POINT('',(-1.745121688785E-16,-153.,-118.35));
#2603 = CIRCLE('',#2604,2.9);
#2604 = AXIS2_PLACEMENT_3D('',#2605,#2606,#2607);
#2605 = CARTESIAN_POINT('',(5.35782974627E-16,-153.,-121.25));
#2606 = DIRECTION('',(0.,1.,0.));
#2607 = DIRECTION('',(-0.,-0.,1.));
#2608 = ORIENTED_EDGE('',*,*,#2609,.T.);
#2609 = EDGE_CURVE('',#2601,#2610,#2612,.T.);
#2610 = VERTEX_POINT('',#2611);
#2611 = CARTESIAN_POINT('',(1.676310179032,-153.,-123.6164285714));
#2612 = CIRCLE('',#2613,2.9);
#2613 = AXIS2_PLACEMENT_3D('',#2614,#2615,#2616);
#2614 = CARTESIAN_POINT('',(5.35782974627E-16,-153.,-121.25));
#2615 = DIRECTION('',(0.,1.,0.));
#2616 = DIRECTION('',(-0.,-0.,1.));
#2617 = ORIENTED_EDGE('',*,*,#2618,.T.);
#2618 = EDGE_CURVE('',#2610,#2619,#2621,.T.);
#2619 = VERTEX_POINT('',#2620);
#2620 = CARTESIAN_POINT('',(6.366490113531,-153.,-131.7400585146));
#2621 = CIRCLE('',#2622,6.6);
#2622 = AXIS2_PLACEMENT_3D('',#2623,#2624,#2625);
#2623 = CARTESIAN_POINT('',(0.,-153.,-130.));
#2624 = DIRECTION('',(0.,1.,0.));
#2625 = DIRECTION('',(-0.,-0.,1.));
#2626 = ORIENTED_EDGE('',*,*,#2627,.T.);
#2627 = EDGE_CURVE('',#2619,#2628,#2630,.T.);
#2628 = VERTEX_POINT('',#2629);
#2629 = CARTESIAN_POINT('',(7.577722283114,-153.,-131.475));
#2630 = CIRCLE('',#2631,2.9);
#2631 = AXIS2_PLACEMENT_3D('',#2632,#2633,#2634);
#2632 = CARTESIAN_POINT('',(7.577722283114,-153.,-134.375));
#2633 = DIRECTION('',(0.,1.,0.));
#2634 = DIRECTION('',(-0.,-0.,1.));
#2635 = ORIENTED_EDGE('',*,*,#2636,.T.);
#2636 = EDGE_CURVE('',#2628,#2637,#2639,.T.);
#2637 = VERTEX_POINT('',#2638);
#2638 = CARTESIAN_POINT('',(4.690179934499,-153.,-134.6435129139));
#2639 = CIRCLE('',#2640,2.9);
#2640 = AXIS2_PLACEMENT_3D('',#2641,#2642,#2643);
#2641 = CARTESIAN_POINT('',(7.577722283114,-153.,-134.375));
#2642 = DIRECTION('',(0.,1.,0.));
#2643 = DIRECTION('',(-0.,-0.,1.));
#2644 = ORIENTED_EDGE('',*,*,#2645,.T.);
#2645 = EDGE_CURVE('',#2637,#2572,#2646,.T.);
#2646 = CIRCLE('',#2647,6.6);
#2647 = AXIS2_PLACEMENT_3D('',#2648,#2649,#2650);
#2648 = CARTESIAN_POINT('',(0.,-153.,-130.));
#2649 = DIRECTION('',(0.,1.,0.));
#2650 = DIRECTION('',(-0.,-0.,1.));
#2651 = FACE_BOUND('',#2652,.F.);
#2652 = EDGE_LOOP('',(#2653));
#2653 = ORIENTED_EDGE('',*,*,#2654,.T.);
#2654 = EDGE_CURVE('',#2655,#2655,#2657,.T.);
#2655 = VERTEX_POINT('',#2656);
#2656 = CARTESIAN_POINT('',(10.,-153.,-104.2));
#2657 = CIRCLE('',#2658,1.8);
#2658 = AXIS2_PLACEMENT_3D('',#2659,#2660,#2661);
#2659 = CARTESIAN_POINT('',(10.,-153.,-106.));
#2660 = DIRECTION('',(0.,1.,0.));
#2661 = DIRECTION('',(-0.,-0.,1.));
#2662 = PLANE('',#2663);
#2663 = AXIS2_PLACEMENT_3D('',#2664,#2665,#2666);
#2664 = CARTESIAN_POINT('',(0.486831458848,-153.,-69.67833977485));
#2665 = DIRECTION('',(-0.,1.,-0.));
#2666 = DIRECTION('',(0.,0.,1.));
#2667 = ADVANCED_FACE('',(#2668),#2679,.T.);
#2668 = FACE_BOUND('',#2669,.T.);
#2669 = EDGE_LOOP('',(#2670,#2676,#2677,#2678));
#2670 = ORIENTED_EDGE('',*,*,#2671,.T.);
#2671 = EDGE_CURVE('',#2321,#1746,#2672,.T.);
#2672 = LINE('',#2673,#2674);
#2673 = CARTESIAN_POINT('',(-24.,-153.,-130.));
#2674 = VECTOR('',#2675,1.);
#2675 = DIRECTION('',(-0.,-1.,-0.));
#2676 = ORIENTED_EDGE('',*,*,#1754,.T.);
#2677 = ORIENTED_EDGE('',*,*,#2299,.F.);
#2678 = ORIENTED_EDGE('',*,*,#2320,.F.);
#2679 = SURFACE_OF_LINEAR_EXTRUSION('',#2680,#2685);
#2680 = B_SPLINE_CURVE_WITH_KNOTS('',3,(#2681,#2682,#2683,#2684),
  .UNSPECIFIED.,.F.,.F.,(4,4),(0.,1.),.PIECEWISE_BEZIER_KNOTS.);
#2681 = CARTESIAN_POINT('',(-24.,-153.,-130.));
#2682 = CARTESIAN_POINT('',(-24.,-153.,-110.));
#2683 = CARTESIAN_POINT('',(-14.,-153.,-108.));
#2684 = CARTESIAN_POINT('',(-14.,-153.,-92.));
#2685 = VECTOR('',#2686,1.);
#2686 = DIRECTION('',(-0.,1.,-0.));
#2687 = ADVANCED_FACE('',(#2688),#2699,.T.);
#2688 = FACE_BOUND('',#2689,.T.);
#2689 = EDGE_LOOP('',(#2690,#2696,#2697,#2698));
#2690 = ORIENTED_EDGE('',*,*,#2691,.T.);
#2691 = EDGE_CURVE('',#2330,#1737,#2692,.T.);
#2692 = LINE('',#2693,#2694);
#2693 = CARTESIAN_POINT('',(24.,-153.,-130.));
#2694 = VECTOR('',#2695,1.);
#2695 = DIRECTION('',(-0.,-1.,-0.));
#2696 = ORIENTED_EDGE('',*,*,#1745,.T.);
#2697 = ORIENTED_EDGE('',*,*,#2671,.F.);
#2698 = ORIENTED_EDGE('',*,*,#2329,.F.);
#2699 = CYLINDRICAL_SURFACE('',#2700,24.);
#2700 = AXIS2_PLACEMENT_3D('',#2701,#2702,#2703);
#2701 = CARTESIAN_POINT('',(0.,-153.,-130.));
#2702 = DIRECTION('',(0.,1.,-0.));
#2703 = DIRECTION('',(1.,-0.,-0.));
#2704 = ADVANCED_FACE('',(#2705),#2711,.T.);
#2705 = FACE_BOUND('',#2706,.T.);
#2706 = EDGE_LOOP('',(#2707,#2708,#2709,#2710));
#2707 = ORIENTED_EDGE('',*,*,#2261,.T.);
#2708 = ORIENTED_EDGE('',*,*,#1736,.T.);
#2709 = ORIENTED_EDGE('',*,*,#2691,.F.);
#2710 = ORIENTED_EDGE('',*,*,#2338,.F.);
#2711 = SURFACE_OF_LINEAR_EXTRUSION('',#2712,#2717);
#2712 = B_SPLINE_CURVE_WITH_KNOTS('',3,(#2713,#2714,#2715,#2716),
  .UNSPECIFIED.,.F.,.F.,(4,4),(0.,1.),.PIECEWISE_BEZIER_KNOTS.);
#2713 = CARTESIAN_POINT('',(18.,-153.,-92.));
#2714 = CARTESIAN_POINT('',(20.,-153.,-120.));
#2715 = CARTESIAN_POINT('',(24.,-153.,-112.));
#2716 = CARTESIAN_POINT('',(24.,-153.,-130.));
#2717 = VECTOR('',#2718,1.);
#2718 = DIRECTION('',(-0.,1.,-0.));
#2719 = ADVANCED_FACE('',(#2720),#2731,.F.);
#2720 = FACE_BOUND('',#2721,.T.);
#2721 = EDGE_LOOP('',(#2722,#2723,#2729,#2730));
#2722 = ORIENTED_EDGE('',*,*,#1763,.F.);
#2723 = ORIENTED_EDGE('',*,*,#2724,.F.);
#2724 = EDGE_CURVE('',#2455,#1764,#2725,.T.);
#2725 = LINE('',#2726,#2727);
#2726 = CARTESIAN_POINT('',(-10.,-152.,-104.2));
#2727 = VECTOR('',#2728,1.);
#2728 = DIRECTION('',(-0.,-1.,-0.));
#2729 = ORIENTED_EDGE('',*,*,#2454,.T.);
#2730 = ORIENTED_EDGE('',*,*,#2724,.T.);
#2731 = CYLINDRICAL_SURFACE('',#2732,1.8);
#2732 = AXIS2_PLACEMENT_3D('',#2733,#2734,#2735);
#2733 = CARTESIAN_POINT('',(-10.,-152.,-106.));
#2734 = DIRECTION('',(-0.,-1.,-0.));
#2735 = DIRECTION('',(-0.,-0.,1.));
#2736 = ADVANCED_FACE('',(#2737),#2756,.F.);
#2737 = FACE_BOUND('',#2738,.T.);
#2738 = EDGE_LOOP('',(#2739,#2740,#2748,#2755));
#2739 = ORIENTED_EDGE('',*,*,#1774,.F.);
#2740 = ORIENTED_EDGE('',*,*,#2741,.F.);
#2741 = EDGE_CURVE('',#2742,#1775,#2744,.T.);
#2742 = VERTEX_POINT('',#2743);
#2743 = CARTESIAN_POINT('',(-7.577722283114,-160.,-132.675));
#2744 = LINE('',#2745,#2746);
#2745 = CARTESIAN_POINT('',(-7.577722283114,-152.,-132.675));
#2746 = VECTOR('',#2747,1.);
#2747 = DIRECTION('',(-0.,-1.,-0.));
#2748 = ORIENTED_EDGE('',*,*,#2749,.T.);
#2749 = EDGE_CURVE('',#2742,#2742,#2750,.T.);
#2750 = CIRCLE('',#2751,1.7);
#2751 = AXIS2_PLACEMENT_3D('',#2752,#2753,#2754);
#2752 = CARTESIAN_POINT('',(-7.577722283114,-160.,-134.375));
#2753 = DIRECTION('',(0.,1.,0.));
#2754 = DIRECTION('',(-0.,-0.,1.));
#2755 = ORIENTED_EDGE('',*,*,#2741,.T.);
#2756 = CYLINDRICAL_SURFACE('',#2757,1.7);
#2757 = AXIS2_PLACEMENT_3D('',#2758,#2759,#2760);
#2758 = CARTESIAN_POINT('',(-7.577722283114,-152.,-134.375));
#2759 = DIRECTION('',(-0.,-1.,-0.));
#2760 = DIRECTION('',(-0.,-0.,1.));
#2761 = ADVANCED_FACE('',(#2762),#2778,.T.);
#2762 = FACE_BOUND('',#2763,.F.);
#2763 = EDGE_LOOP('',(#2764,#2765,#2771,#2772));
#2764 = ORIENTED_EDGE('',*,*,#2401,.T.);
#2765 = ORIENTED_EDGE('',*,*,#2766,.T.);
#2766 = EDGE_CURVE('',#2404,#1788,#2767,.T.);
#2767 = LINE('',#2768,#2769);
#2768 = CARTESIAN_POINT('',(-6.,-152.,-64.));
#2769 = VECTOR('',#2770,1.);
#2770 = DIRECTION('',(-0.,-1.,-0.));
#2771 = ORIENTED_EDGE('',*,*,#1785,.F.);
#2772 = ORIENTED_EDGE('',*,*,#2773,.F.);
#2773 = EDGE_CURVE('',#2402,#1786,#2774,.T.);
#2774 = LINE('',#2775,#2776);
#2775 = CARTESIAN_POINT('',(4.969548611026,-152.,-64.));
#2776 = VECTOR('',#2777,1.);
#2777 = DIRECTION('',(-0.,-1.,-0.));
#2778 = PLANE('',#2779);
#2779 = AXIS2_PLACEMENT_3D('',#2780,#2781,#2782);
#2780 = CARTESIAN_POINT('',(-6.,-152.,-64.));
#2781 = DIRECTION('',(-0.,-0.,-1.));
#2782 = DIRECTION('',(-1.,0.,0.));
#2783 = ADVANCED_FACE('',(#2784),#2795,.F.);
#2784 = FACE_BOUND('',#2785,.F.);
#2785 = EDGE_LOOP('',(#2786,#2787,#2788,#2789));
#2786 = ORIENTED_EDGE('',*,*,#2411,.T.);
#2787 = ORIENTED_EDGE('',*,*,#2773,.T.);
#2788 = ORIENTED_EDGE('',*,*,#1829,.F.);
#2789 = ORIENTED_EDGE('',*,*,#2790,.F.);
#2790 = EDGE_CURVE('',#2412,#1822,#2791,.T.);
#2791 = LINE('',#2792,#2793);
#2792 = CARTESIAN_POINT('',(6.342795676953,-152.,-67.4540263051));
#2793 = VECTOR('',#2794,1.);
#2794 = DIRECTION('',(-0.,-1.,-0.));
#2795 = CYLINDRICAL_SURFACE('',#2796,2.);
#2796 = AXIS2_PLACEMENT_3D('',#2797,#2798,#2799);
#2797 = CARTESIAN_POINT('',(4.969548611026,-152.,-66.));
#2798 = DIRECTION('',(-0.,1.,-0.));
#2799 = DIRECTION('',(-2.6645352591E-15,-0.,1.));
#2800 = ADVANCED_FACE('',(#2801),#2812,.F.);
#2801 = FACE_BOUND('',#2802,.F.);
#2802 = EDGE_LOOP('',(#2803,#2804,#2810,#2811));
#2803 = ORIENTED_EDGE('',*,*,#2445,.T.);
#2804 = ORIENTED_EDGE('',*,*,#2805,.T.);
#2805 = EDGE_CURVE('',#2438,#1796,#2806,.T.);
#2806 = LINE('',#2807,#2808);
#2807 = CARTESIAN_POINT('',(-8.,-152.,-66.));
#2808 = VECTOR('',#2809,1.);
#2809 = DIRECTION('',(-0.,-1.,-0.));
#2810 = ORIENTED_EDGE('',*,*,#1795,.F.);
#2811 = ORIENTED_EDGE('',*,*,#2766,.F.);
#2812 = CYLINDRICAL_SURFACE('',#2813,2.);
#2813 = AXIS2_PLACEMENT_3D('',#2814,#2815,#2816);
#2814 = CARTESIAN_POINT('',(-6.,-152.,-66.));
#2815 = DIRECTION('',(-0.,1.,-0.));
#2816 = DIRECTION('',(-1.,-0.,-0.));
#2817 = ADVANCED_FACE('',(#2818),#2829,.T.);
#2818 = FACE_BOUND('',#2819,.F.);
#2819 = EDGE_LOOP('',(#2820,#2821,#2822,#2823));
#2820 = ORIENTED_EDGE('',*,*,#2420,.T.);
#2821 = ORIENTED_EDGE('',*,*,#2790,.T.);
#2822 = ORIENTED_EDGE('',*,*,#1821,.F.);
#2823 = ORIENTED_EDGE('',*,*,#2824,.F.);
#2824 = EDGE_CURVE('',#2421,#1813,#2825,.T.);
#2825 = LINE('',#2826,#2827);
#2826 = CARTESIAN_POINT('',(-4.626752934073,-152.,-77.81415554884));
#2827 = VECTOR('',#2828,1.);
#2828 = DIRECTION('',(-0.,-1.,-0.));
#2829 = PLANE('',#2830);
#2830 = AXIS2_PLACEMENT_3D('',#2831,#2832,#2833);
#2831 = CARTESIAN_POINT('',(6.342795676953,-152.,-67.4540263051));
#2832 = DIRECTION('',(-0.686623532964,-0.,0.72701315255));
#2833 = DIRECTION('',(0.72701315255,0.,0.686623532964));
#2834 = ADVANCED_FACE('',(#2835),#2846,.T.);
#2835 = FACE_BOUND('',#2836,.F.);
#2836 = EDGE_LOOP('',(#2837,#2838,#2844,#2845));
#2837 = ORIENTED_EDGE('',*,*,#2437,.T.);
#2838 = ORIENTED_EDGE('',*,*,#2839,.T.);
#2839 = EDGE_CURVE('',#2429,#1805,#2840,.T.);
#2840 = LINE('',#2841,#2842);
#2841 = CARTESIAN_POINT('',(-8.,-152.,-76.36012924374));
#2842 = VECTOR('',#2843,1.);
#2843 = DIRECTION('',(-0.,-1.,-0.));
#2844 = ORIENTED_EDGE('',*,*,#1804,.F.);
#2845 = ORIENTED_EDGE('',*,*,#2805,.F.);
#2846 = PLANE('',#2847);
#2847 = AXIS2_PLACEMENT_3D('',#2848,#2849,#2850);
#2848 = CARTESIAN_POINT('',(-8.,-152.,-76.36012924374));
#2849 = DIRECTION('',(1.,-0.,-0.));
#2850 = DIRECTION('',(0.,0.,-1.));
#2851 = ADVANCED_FACE('',(#2852),#2858,.F.);
#2852 = FACE_BOUND('',#2853,.F.);
#2853 = EDGE_LOOP('',(#2854,#2855,#2856,#2857));
#2854 = ORIENTED_EDGE('',*,*,#2428,.T.);
#2855 = ORIENTED_EDGE('',*,*,#2824,.T.);
#2856 = ORIENTED_EDGE('',*,*,#1812,.F.);
#2857 = ORIENTED_EDGE('',*,*,#2839,.F.);
#2858 = CYLINDRICAL_SURFACE('',#2859,2.);
#2859 = AXIS2_PLACEMENT_3D('',#2860,#2861,#2862);
#2860 = CARTESIAN_POINT('',(-6.,-152.,-76.36012924374));
#2861 = DIRECTION('',(-0.,1.,-0.));
#2862 = DIRECTION('',(0.686623532964,-0.,-0.72701315255));
#2863 = ADVANCED_FACE('',(#2864),#2880,.T.);
#2864 = FACE_BOUND('',#2865,.F.);
#2865 = EDGE_LOOP('',(#2866,#2867,#2873,#2874));
#2866 = ORIENTED_EDGE('',*,*,#2348,.T.);
#2867 = ORIENTED_EDGE('',*,*,#2868,.T.);
#2868 = EDGE_CURVE('',#2351,#1841,#2869,.T.);
#2869 = LINE('',#2870,#2871);
#2870 = CARTESIAN_POINT('',(-6.,-152.,-29.));
#2871 = VECTOR('',#2872,1.);
#2872 = DIRECTION('',(-0.,-1.,-0.));
#2873 = ORIENTED_EDGE('',*,*,#1838,.F.);
#2874 = ORIENTED_EDGE('',*,*,#2875,.F.);
#2875 = EDGE_CURVE('',#2349,#1839,#2876,.T.);
#2876 = LINE('',#2877,#2878);
#2877 = CARTESIAN_POINT('',(2.366841826448,-152.,-29.));
#2878 = VECTOR('',#2879,1.);
#2879 = DIRECTION('',(-0.,-1.,-0.));
#2880 = PLANE('',#2881);
#2881 = AXIS2_PLACEMENT_3D('',#2882,#2883,#2884);
#2882 = CARTESIAN_POINT('',(-6.,-152.,-29.));
#2883 = DIRECTION('',(-0.,-0.,-1.));
#2884 = DIRECTION('',(-1.,0.,0.));
#2885 = ADVANCED_FACE('',(#2886),#2897,.F.);
#2886 = FACE_BOUND('',#2887,.F.);
#2887 = EDGE_LOOP('',(#2888,#2889,#2890,#2891));
#2888 = ORIENTED_EDGE('',*,*,#2358,.T.);
#2889 = ORIENTED_EDGE('',*,*,#2875,.T.);
#2890 = ORIENTED_EDGE('',*,*,#1882,.F.);
#2891 = ORIENTED_EDGE('',*,*,#2892,.F.);
#2892 = EDGE_CURVE('',#2359,#1875,#2893,.T.);
#2893 = LINE('',#2894,#2895);
#2894 = CARTESIAN_POINT('',(3.628027076637,-152.,-32.55222800023));
#2895 = VECTOR('',#2896,1.);
#2896 = DIRECTION('',(-0.,-1.,-0.));
#2897 = CYLINDRICAL_SURFACE('',#2898,2.);
#2898 = AXIS2_PLACEMENT_3D('',#2899,#2900,#2901);
#2899 = CARTESIAN_POINT('',(2.366841826448,-152.,-31.));
#2900 = DIRECTION('',(-0.,1.,-0.));
#2901 = DIRECTION('',(2.22044604925E-16,-0.,1.));
#2902 = ADVANCED_FACE('',(#2903),#2914,.F.);
#2903 = FACE_BOUND('',#2904,.F.);
#2904 = EDGE_LOOP('',(#2905,#2906,#2912,#2913));
#2905 = ORIENTED_EDGE('',*,*,#2392,.T.);
#2906 = ORIENTED_EDGE('',*,*,#2907,.T.);
#2907 = EDGE_CURVE('',#2385,#1849,#2908,.T.);
#2908 = LINE('',#2909,#2910);
#2909 = CARTESIAN_POINT('',(-8.,-152.,-31.));
#2910 = VECTOR('',#2911,1.);
#2911 = DIRECTION('',(-0.,-1.,-0.));
#2912 = ORIENTED_EDGE('',*,*,#1848,.F.);
#2913 = ORIENTED_EDGE('',*,*,#2868,.F.);
#2914 = CYLINDRICAL_SURFACE('',#2915,2.);
#2915 = AXIS2_PLACEMENT_3D('',#2916,#2917,#2918);
#2916 = CARTESIAN_POINT('',(-6.,-152.,-31.));
#2917 = DIRECTION('',(-0.,1.,-0.));
#2918 = DIRECTION('',(-1.,-0.,-0.));
#2919 = ADVANCED_FACE('',(#2920),#2931,.T.);
#2920 = FACE_BOUND('',#2921,.F.);
#2921 = EDGE_LOOP('',(#2922,#2923,#2924,#2925));
#2922 = ORIENTED_EDGE('',*,*,#2367,.T.);
#2923 = ORIENTED_EDGE('',*,*,#2892,.T.);
#2924 = ORIENTED_EDGE('',*,*,#1874,.F.);
#2925 = ORIENTED_EDGE('',*,*,#2926,.F.);
#2926 = EDGE_CURVE('',#2368,#1866,#2927,.T.);
#2927 = LINE('',#2928,#2929);
#2928 = CARTESIAN_POINT('',(-4.738814749811,-152.,-39.35028698422));
#2929 = VECTOR('',#2930,1.);
#2930 = DIRECTION('',(-0.,-1.,-0.));
#2931 = PLANE('',#2932);
#2932 = AXIS2_PLACEMENT_3D('',#2933,#2934,#2935);
#2933 = CARTESIAN_POINT('',(3.628027076637,-152.,-32.55222800023));
#2934 = DIRECTION('',(-0.630592625094,-0.,0.776114000116));
#2935 = DIRECTION('',(0.776114000116,0.,0.630592625094));
#2936 = ADVANCED_FACE('',(#2937),#2948,.T.);
#2937 = FACE_BOUND('',#2938,.F.);
#2938 = EDGE_LOOP('',(#2939,#2940,#2946,#2947));
#2939 = ORIENTED_EDGE('',*,*,#2384,.T.);
#2940 = ORIENTED_EDGE('',*,*,#2941,.T.);
#2941 = EDGE_CURVE('',#2376,#1858,#2942,.T.);
#2942 = LINE('',#2943,#2944);
#2943 = CARTESIAN_POINT('',(-8.,-152.,-37.79805898398));
#2944 = VECTOR('',#2945,1.);
#2945 = DIRECTION('',(-0.,-1.,-0.));
#2946 = ORIENTED_EDGE('',*,*,#1857,.F.);
#2947 = ORIENTED_EDGE('',*,*,#2907,.F.);
#2948 = PLANE('',#2949);
#2949 = AXIS2_PLACEMENT_3D('',#2950,#2951,#2952);
#2950 = CARTESIAN_POINT('',(-8.,-152.,-37.79805898398));
#2951 = DIRECTION('',(1.,-0.,-0.));
#2952 = DIRECTION('',(0.,0.,-1.));
#2953 = ADVANCED_FACE('',(#2954),#2960,.F.);
#2954 = FACE_BOUND('',#2955,.F.);
#2955 = EDGE_LOOP('',(#2956,#2957,#2958,#2959));
#2956 = ORIENTED_EDGE('',*,*,#2375,.T.);
#2957 = ORIENTED_EDGE('',*,*,#2926,.T.);
#2958 = ORIENTED_EDGE('',*,*,#1865,.F.);
#2959 = ORIENTED_EDGE('',*,*,#2941,.F.);
#2960 = CYLINDRICAL_SURFACE('',#2961,2.);
#2961 = AXIS2_PLACEMENT_3D('',#2962,#2963,#2964);
#2962 = CARTESIAN_POINT('',(-6.,-152.,-37.79805898398));
#2963 = DIRECTION('',(-0.,1.,-0.));
#2964 = DIRECTION('',(0.630592625094,-0.,-0.776114000116));
#2965 = ADVANCED_FACE('',(#2966),#3057,.F.);
#2966 = FACE_BOUND('',#2967,.T.);
#2967 = EDGE_LOOP('',(#2968,#2969,#2977,#2986,#2992,#2993,#3001,#3010,
    #3016,#3017,#3025,#3034,#3040,#3041,#3049,#3056));
#2968 = ORIENTED_EDGE('',*,*,#1891,.F.);
#2969 = ORIENTED_EDGE('',*,*,#2970,.F.);
#2970 = EDGE_CURVE('',#2971,#1892,#2973,.T.);
#2971 = VERTEX_POINT('',#2972);
#2972 = CARTESIAN_POINT('',(-1.616533774875E-15,-160.,-123.4));
#2973 = LINE('',#2974,#2975);
#2974 = CARTESIAN_POINT('',(-1.616533774875E-15,-152.,-123.4));
#2975 = VECTOR('',#2976,1.);
#2976 = DIRECTION('',(-0.,-1.,-0.));
#2977 = ORIENTED_EDGE('',*,*,#2978,.T.);
#2978 = EDGE_CURVE('',#2971,#2979,#2981,.T.);
#2979 = VERTEX_POINT('',#2980);
#2980 = CARTESIAN_POINT('',(1.676310179032,-160.,-123.6164285714));
#2981 = CIRCLE('',#2982,6.6);
#2982 = AXIS2_PLACEMENT_3D('',#2983,#2984,#2985);
#2983 = CARTESIAN_POINT('',(0.,-160.,-130.));
#2984 = DIRECTION('',(0.,1.,0.));
#2985 = DIRECTION('',(-0.,-0.,1.));
#2986 = ORIENTED_EDGE('',*,*,#2987,.F.);
#2987 = EDGE_CURVE('',#2610,#2979,#2988,.T.);
#2988 = LINE('',#2989,#2990);
#2989 = CARTESIAN_POINT('',(1.676310179032,-152.9,-123.6164285714));
#2990 = VECTOR('',#2991,1.);
#2991 = DIRECTION('',(-0.,-1.,-0.));
#2992 = ORIENTED_EDGE('',*,*,#2618,.T.);
#2993 = ORIENTED_EDGE('',*,*,#2994,.T.);
#2994 = EDGE_CURVE('',#2619,#2995,#2997,.T.);
#2995 = VERTEX_POINT('',#2996);
#2996 = CARTESIAN_POINT('',(6.366490113531,-160.,-131.7400585146));
#2997 = LINE('',#2998,#2999);
#2998 = CARTESIAN_POINT('',(6.366490113531,-152.9,-131.7400585146));
#2999 = VECTOR('',#3000,1.);
#3000 = DIRECTION('',(-0.,-1.,-0.));
#3001 = ORIENTED_EDGE('',*,*,#3002,.T.);
#3002 = EDGE_CURVE('',#2995,#3003,#3005,.T.);
#3003 = VERTEX_POINT('',#3004);
#3004 = CARTESIAN_POINT('',(4.690179934499,-160.,-134.6435129139));
#3005 = CIRCLE('',#3006,6.6);
#3006 = AXIS2_PLACEMENT_3D('',#3007,#3008,#3009);
#3007 = CARTESIAN_POINT('',(0.,-160.,-130.));
#3008 = DIRECTION('',(0.,1.,0.));
#3009 = DIRECTION('',(-0.,-0.,1.));
#3010 = ORIENTED_EDGE('',*,*,#3011,.F.);
#3011 = EDGE_CURVE('',#2637,#3003,#3012,.T.);
#3012 = LINE('',#3013,#3014);
#3013 = CARTESIAN_POINT('',(4.690179934499,-152.9,-134.6435129139));
#3014 = VECTOR('',#3015,1.);
#3015 = DIRECTION('',(-0.,-1.,-0.));
#3016 = ORIENTED_EDGE('',*,*,#2645,.T.);
#3017 = ORIENTED_EDGE('',*,*,#3018,.T.);
#3018 = EDGE_CURVE('',#2572,#3019,#3021,.T.);
#3019 = VERTEX_POINT('',#3020);
#3020 = CARTESIAN_POINT('',(-4.690179934499,-160.,-134.6435129139));
#3021 = LINE('',#3022,#3023);
#3022 = CARTESIAN_POINT('',(-4.690179934499,-152.9,-134.6435129139));
#3023 = VECTOR('',#3024,1.);
#3024 = DIRECTION('',(-0.,-1.,-0.));
#3025 = ORIENTED_EDGE('',*,*,#3026,.T.);
#3026 = EDGE_CURVE('',#3019,#3027,#3029,.T.);
#3027 = VERTEX_POINT('',#3028);
#3028 = CARTESIAN_POINT('',(-6.366490113531,-160.,-131.7400585146));
#3029 = CIRCLE('',#3030,6.6);
#3030 = AXIS2_PLACEMENT_3D('',#3031,#3032,#3033);
#3031 = CARTESIAN_POINT('',(0.,-160.,-130.));
#3032 = DIRECTION('',(0.,1.,0.));
#3033 = DIRECTION('',(-0.,-0.,1.));
#3034 = ORIENTED_EDGE('',*,*,#3035,.F.);
#3035 = EDGE_CURVE('',#2583,#3027,#3036,.T.);
#3036 = LINE('',#3037,#3038);
#3037 = CARTESIAN_POINT('',(-6.366490113531,-152.9,-131.7400585146));
#3038 = VECTOR('',#3039,1.);
#3039 = DIRECTION('',(-0.,-1.,-0.));
#3040 = ORIENTED_EDGE('',*,*,#2591,.T.);
#3041 = ORIENTED_EDGE('',*,*,#3042,.T.);
#3042 = EDGE_CURVE('',#2592,#3043,#3045,.T.);
#3043 = VERTEX_POINT('',#3044);
#3044 = CARTESIAN_POINT('',(-1.676310179032,-160.,-123.6164285714));
#3045 = LINE('',#3046,#3047);
#3046 = CARTESIAN_POINT('',(-1.676310179032,-152.9,-123.6164285714));
#3047 = VECTOR('',#3048,1.);
#3048 = DIRECTION('',(-0.,-1.,-0.));
#3049 = ORIENTED_EDGE('',*,*,#3050,.T.);
#3050 = EDGE_CURVE('',#3043,#2971,#3051,.T.);
#3051 = CIRCLE('',#3052,6.6);
#3052 = AXIS2_PLACEMENT_3D('',#3053,#3054,#3055);
#3053 = CARTESIAN_POINT('',(0.,-160.,-130.));
#3054 = DIRECTION('',(0.,1.,0.));
#3055 = DIRECTION('',(-0.,-0.,1.));
#3056 = ORIENTED_EDGE('',*,*,#2970,.T.);
#3057 = CYLINDRICAL_SURFACE('',#3058,6.6);
#3058 = AXIS2_PLACEMENT_3D('',#3059,#3060,#3061);
#3059 = CARTESIAN_POINT('',(0.,-152.,-130.));
#3060 = DIRECTION('',(-0.,-1.,-0.));
#3061 = DIRECTION('',(-0.,-0.,1.));
#3062 = ADVANCED_FACE('',(#3063),#3082,.F.);
#3063 = FACE_BOUND('',#3064,.T.);
#3064 = EDGE_LOOP('',(#3065,#3066,#3074,#3081));
#3065 = ORIENTED_EDGE('',*,*,#1902,.F.);
#3066 = ORIENTED_EDGE('',*,*,#3067,.F.);
#3067 = EDGE_CURVE('',#3068,#1903,#3070,.T.);
#3068 = VERTEX_POINT('',#3069);
#3069 = CARTESIAN_POINT('',(1.194030629169E-16,-160.,-119.55));
#3070 = LINE('',#3071,#3072);
#3071 = CARTESIAN_POINT('',(1.194030629169E-16,-152.,-119.55));
#3072 = VECTOR('',#3073,1.);
#3073 = DIRECTION('',(-0.,-1.,-0.));
#3074 = ORIENTED_EDGE('',*,*,#3075,.T.);
#3075 = EDGE_CURVE('',#3068,#3068,#3076,.T.);
#3076 = CIRCLE('',#3077,1.7);
#3077 = AXIS2_PLACEMENT_3D('',#3078,#3079,#3080);
#3078 = CARTESIAN_POINT('',(5.35782974627E-16,-160.,-121.25));
#3079 = DIRECTION('',(0.,1.,0.));
#3080 = DIRECTION('',(-0.,-0.,1.));
#3081 = ORIENTED_EDGE('',*,*,#3067,.T.);
#3082 = CYLINDRICAL_SURFACE('',#3083,1.7);
#3083 = AXIS2_PLACEMENT_3D('',#3084,#3085,#3086);
#3084 = CARTESIAN_POINT('',(5.35782974627E-16,-152.,-121.25));
#3085 = DIRECTION('',(-0.,-1.,-0.));
#3086 = DIRECTION('',(-0.,-0.,1.));
#3087 = ADVANCED_FACE('',(#3088),#3104,.T.);
#3088 = FACE_BOUND('',#3089,.F.);
#3089 = EDGE_LOOP('',(#3090,#3091,#3097,#3098));
#3090 = ORIENTED_EDGE('',*,*,#2518,.T.);
#3091 = ORIENTED_EDGE('',*,*,#3092,.T.);
#3092 = EDGE_CURVE('',#2521,#1916,#3093,.T.);
#3093 = LINE('',#3094,#3095);
#3094 = CARTESIAN_POINT('',(10.,-152.,-80.2119164549));
#3095 = VECTOR('',#3096,1.);
#3096 = DIRECTION('',(-0.,-1.,-0.));
#3097 = ORIENTED_EDGE('',*,*,#1913,.F.);
#3098 = ORIENTED_EDGE('',*,*,#3099,.F.);
#3099 = EDGE_CURVE('',#2519,#1914,#3100,.T.);
#3100 = LINE('',#3101,#3102);
#3101 = CARTESIAN_POINT('',(10.,-152.,-93.));
#3102 = VECTOR('',#3103,1.);
#3103 = DIRECTION('',(-0.,-1.,-0.));
#3104 = PLANE('',#3105);
#3105 = AXIS2_PLACEMENT_3D('',#3106,#3107,#3108);
#3106 = CARTESIAN_POINT('',(10.,-152.,-80.2119164549));
#3107 = DIRECTION('',(-1.,-0.,-0.));
#3108 = DIRECTION('',(0.,0.,1.));
#3109 = ADVANCED_FACE('',(#3110),#3121,.F.);
#3110 = FACE_BOUND('',#3111,.F.);
#3111 = EDGE_LOOP('',(#3112,#3113,#3114,#3115));
#3112 = ORIENTED_EDGE('',*,*,#2528,.T.);
#3113 = ORIENTED_EDGE('',*,*,#3099,.T.);
#3114 = ORIENTED_EDGE('',*,*,#1957,.F.);
#3115 = ORIENTED_EDGE('',*,*,#3116,.F.);
#3116 = EDGE_CURVE('',#2529,#1950,#3117,.T.);
#3117 = LINE('',#3118,#3119);
#3118 = CARTESIAN_POINT('',(8.,-152.,-95.));
#3119 = VECTOR('',#3120,1.);
#3120 = DIRECTION('',(-0.,-1.,-0.));
#3121 = CYLINDRICAL_SURFACE('',#3122,2.);
#3122 = AXIS2_PLACEMENT_3D('',#3123,#3124,#3125);
#3123 = CARTESIAN_POINT('',(8.,-152.,-93.));
#3124 = DIRECTION('',(0.,1.,-0.));
#3125 = DIRECTION('',(1.,-0.,-0.));
#3126 = ADVANCED_FACE('',(#3127),#3138,.F.);
#3127 = FACE_BOUND('',#3128,.F.);
#3128 = EDGE_LOOP('',(#3129,#3130,#3136,#3137));
#3129 = ORIENTED_EDGE('',*,*,#2562,.T.);
#3130 = ORIENTED_EDGE('',*,*,#3131,.T.);
#3131 = EDGE_CURVE('',#2555,#1924,#3132,.T.);
#3132 = LINE('',#3133,#3134);
#3133 = CARTESIAN_POINT('',(6.513411707506,-152.,-78.87398699166));
#3134 = VECTOR('',#3135,1.);
#3135 = DIRECTION('',(-0.,-1.,-0.));
#3136 = ORIENTED_EDGE('',*,*,#1923,.F.);
#3137 = ORIENTED_EDGE('',*,*,#3092,.F.);
#3138 = CYLINDRICAL_SURFACE('',#3139,2.);
#3139 = AXIS2_PLACEMENT_3D('',#3140,#3141,#3142);
#3140 = CARTESIAN_POINT('',(8.,-152.,-80.2119164549));
#3141 = DIRECTION('',(0.,1.,-0.));
#3142 = DIRECTION('',(-0.743294146247,-0.,0.668964731622));
#3143 = ADVANCED_FACE('',(#3144),#3155,.T.);
#3144 = FACE_BOUND('',#3145,.F.);
#3145 = EDGE_LOOP('',(#3146,#3147,#3148,#3149));
#3146 = ORIENTED_EDGE('',*,*,#2537,.T.);
#3147 = ORIENTED_EDGE('',*,*,#3116,.T.);
#3148 = ORIENTED_EDGE('',*,*,#1949,.F.);
#3149 = ORIENTED_EDGE('',*,*,#3150,.F.);
#3150 = EDGE_CURVE('',#2538,#1941,#3151,.T.);
#3151 = LINE('',#3152,#3153);
#3152 = CARTESIAN_POINT('',(-3.509275190585,-152.,-95.));
#3153 = VECTOR('',#3154,1.);
#3154 = DIRECTION('',(-0.,-1.,-0.));
#3155 = PLANE('',#3156);
#3156 = AXIS2_PLACEMENT_3D('',#3157,#3158,#3159);
#3157 = CARTESIAN_POINT('',(8.,-152.,-95.));
#3158 = DIRECTION('',(-0.,-0.,1.));
#3159 = DIRECTION('',(1.,0.,0.));
#3160 = ADVANCED_FACE('',(#3161),#3172,.T.);
#3161 = FACE_BOUND('',#3162,.F.);
#3162 = EDGE_LOOP('',(#3163,#3164,#3170,#3171));
#3163 = ORIENTED_EDGE('',*,*,#2554,.T.);
#3164 = ORIENTED_EDGE('',*,*,#3165,.T.);
#3165 = EDGE_CURVE('',#2546,#1933,#3166,.T.);
#3166 = LINE('',#3167,#3168);
#3167 = CARTESIAN_POINT('',(-4.99586348308,-152.,-91.66207053675));
#3168 = VECTOR('',#3169,1.);
#3169 = DIRECTION('',(-0.,-1.,-0.));
#3170 = ORIENTED_EDGE('',*,*,#1932,.F.);
#3171 = ORIENTED_EDGE('',*,*,#3131,.F.);
#3172 = PLANE('',#3173);
#3173 = AXIS2_PLACEMENT_3D('',#3174,#3175,#3176);
#3174 = CARTESIAN_POINT('',(-4.99586348308,-152.,-91.66207053675));
#3175 = DIRECTION('',(0.743294146247,-0.,-0.668964731622));
#3176 = DIRECTION('',(-0.668964731622,0.,-0.743294146247));
#3177 = ADVANCED_FACE('',(#3178),#3184,.F.);
#3178 = FACE_BOUND('',#3179,.F.);
#3179 = EDGE_LOOP('',(#3180,#3181,#3182,#3183));
#3180 = ORIENTED_EDGE('',*,*,#2545,.T.);
#3181 = ORIENTED_EDGE('',*,*,#3150,.T.);
#3182 = ORIENTED_EDGE('',*,*,#1940,.F.);
#3183 = ORIENTED_EDGE('',*,*,#3165,.F.);
#3184 = CYLINDRICAL_SURFACE('',#3185,2.);
#3185 = AXIS2_PLACEMENT_3D('',#3186,#3187,#3188);
#3186 = CARTESIAN_POINT('',(-3.509275190585,-152.,-93.));
#3187 = DIRECTION('',(-0.,1.,-0.));
#3188 = DIRECTION('',(-1.33226762955E-15,-0.,-1.));
#3189 = ADVANCED_FACE('',(#3190),#3209,.F.);
#3190 = FACE_BOUND('',#3191,.T.);
#3191 = EDGE_LOOP('',(#3192,#3193,#3201,#3208));
#3192 = ORIENTED_EDGE('',*,*,#1966,.F.);
#3193 = ORIENTED_EDGE('',*,*,#3194,.F.);
#3194 = EDGE_CURVE('',#3195,#1967,#3197,.T.);
#3195 = VERTEX_POINT('',#3196);
#3196 = CARTESIAN_POINT('',(7.577722283114,-160.,-132.675));
#3197 = LINE('',#3198,#3199);
#3198 = CARTESIAN_POINT('',(7.577722283114,-152.,-132.675));
#3199 = VECTOR('',#3200,1.);
#3200 = DIRECTION('',(-0.,-1.,-0.));
#3201 = ORIENTED_EDGE('',*,*,#3202,.T.);
#3202 = EDGE_CURVE('',#3195,#3195,#3203,.T.);
#3203 = CIRCLE('',#3204,1.7);
#3204 = AXIS2_PLACEMENT_3D('',#3205,#3206,#3207);
#3205 = CARTESIAN_POINT('',(7.577722283114,-160.,-134.375));
#3206 = DIRECTION('',(0.,1.,0.));
#3207 = DIRECTION('',(-0.,-0.,1.));
#3208 = ORIENTED_EDGE('',*,*,#3194,.T.);
#3209 = CYLINDRICAL_SURFACE('',#3210,1.7);
#3210 = AXIS2_PLACEMENT_3D('',#3211,#3212,#3213);
#3211 = CARTESIAN_POINT('',(7.577722283114,-152.,-134.375));
#3212 = DIRECTION('',(-0.,-1.,-0.));
#3213 = DIRECTION('',(-0.,-0.,1.));
#3214 = ADVANCED_FACE('',(#3215),#3226,.F.);
#3215 = FACE_BOUND('',#3216,.T.);
#3216 = EDGE_LOOP('',(#3217,#3218,#3224,#3225));
#3217 = ORIENTED_EDGE('',*,*,#1977,.F.);
#3218 = ORIENTED_EDGE('',*,*,#3219,.F.);
#3219 = EDGE_CURVE('',#2655,#1978,#3220,.T.);
#3220 = LINE('',#3221,#3222);
#3221 = CARTESIAN_POINT('',(10.,-152.,-104.2));
#3222 = VECTOR('',#3223,1.);
#3223 = DIRECTION('',(-0.,-1.,-0.));
#3224 = ORIENTED_EDGE('',*,*,#2654,.T.);
#3225 = ORIENTED_EDGE('',*,*,#3219,.T.);
#3226 = CYLINDRICAL_SURFACE('',#3227,1.8);
#3227 = AXIS2_PLACEMENT_3D('',#3228,#3229,#3230);
#3228 = CARTESIAN_POINT('',(10.,-152.,-106.));
#3229 = DIRECTION('',(-0.,-1.,-0.));
#3230 = DIRECTION('',(-0.,-0.,1.));
#3231 = ADVANCED_FACE('',(#3232),#3248,.T.);
#3232 = FACE_BOUND('',#3233,.F.);
#3233 = EDGE_LOOP('',(#3234,#3235,#3241,#3242));
#3234 = ORIENTED_EDGE('',*,*,#2465,.T.);
#3235 = ORIENTED_EDGE('',*,*,#3236,.T.);
#3236 = EDGE_CURVE('',#2468,#1991,#3237,.T.);
#3237 = LINE('',#3238,#3239);
#3238 = CARTESIAN_POINT('',(8.,-152.,-43.47993558709));
#3239 = VECTOR('',#3240,1.);
#3240 = DIRECTION('',(-0.,-1.,-0.));
#3241 = ORIENTED_EDGE('',*,*,#1988,.F.);
#3242 = ORIENTED_EDGE('',*,*,#3243,.F.);
#3243 = EDGE_CURVE('',#2466,#1989,#3244,.T.);
#3244 = LINE('',#3245,#3246);
#3245 = CARTESIAN_POINT('',(8.,-152.,-55.));
#3246 = VECTOR('',#3247,1.);
#3247 = DIRECTION('',(-0.,-1.,-0.));
#3248 = PLANE('',#3249);
#3249 = AXIS2_PLACEMENT_3D('',#3250,#3251,#3252);
#3250 = CARTESIAN_POINT('',(8.,-152.,-43.47993558709));
#3251 = DIRECTION('',(-1.,-0.,-0.));
#3252 = DIRECTION('',(0.,0.,1.));
#3253 = ADVANCED_FACE('',(#3254),#3265,.F.);
#3254 = FACE_BOUND('',#3255,.F.);
#3255 = EDGE_LOOP('',(#3256,#3257,#3258,#3259));
#3256 = ORIENTED_EDGE('',*,*,#2475,.T.);
#3257 = ORIENTED_EDGE('',*,*,#3243,.T.);
#3258 = ORIENTED_EDGE('',*,*,#2032,.F.);
#3259 = ORIENTED_EDGE('',*,*,#3260,.F.);
#3260 = EDGE_CURVE('',#2476,#2025,#3261,.T.);
#3261 = LINE('',#3262,#3263);
#3262 = CARTESIAN_POINT('',(6.,-152.,-57.));
#3263 = VECTOR('',#3264,1.);
#3264 = DIRECTION('',(-0.,-1.,-0.));
#3265 = CYLINDRICAL_SURFACE('',#3266,2.);
#3266 = AXIS2_PLACEMENT_3D('',#3267,#3268,#3269);
#3267 = CARTESIAN_POINT('',(6.,-152.,-55.));
#3268 = DIRECTION('',(-0.,1.,-0.));
#3269 = DIRECTION('',(1.,-0.,-3.5527136788E-15));
#3270 = ADVANCED_FACE('',(#3271),#3282,.F.);
#3271 = FACE_BOUND('',#3272,.F.);
#3272 = EDGE_LOOP('',(#3273,#3274,#3280,#3281));
#3273 = ORIENTED_EDGE('',*,*,#2509,.T.);
#3274 = ORIENTED_EDGE('',*,*,#3275,.T.);
#3275 = EDGE_CURVE('',#2502,#1999,#3276,.T.);
#3276 = LINE('',#3277,#3278);
#3277 = CARTESIAN_POINT('',(4.470177603766,-152.,-42.19166409552));
#3278 = VECTOR('',#3279,1.);
#3279 = DIRECTION('',(-0.,-1.,-0.));
#3280 = ORIENTED_EDGE('',*,*,#1998,.F.);
#3281 = ORIENTED_EDGE('',*,*,#3236,.F.);
#3282 = CYLINDRICAL_SURFACE('',#3283,2.);
#3283 = AXIS2_PLACEMENT_3D('',#3284,#3285,#3286);
#3284 = CARTESIAN_POINT('',(6.,-152.,-43.47993558709));
#3285 = DIRECTION('',(0.,1.,-0.));
#3286 = DIRECTION('',(-0.764911198117,-0.,0.644135745783));
#3287 = ADVANCED_FACE('',(#3288),#3299,.T.);
#3288 = FACE_BOUND('',#3289,.F.);
#3289 = EDGE_LOOP('',(#3290,#3291,#3292,#3293));
#3290 = ORIENTED_EDGE('',*,*,#2484,.T.);
#3291 = ORIENTED_EDGE('',*,*,#3260,.T.);
#3292 = ORIENTED_EDGE('',*,*,#2024,.F.);
#3293 = ORIENTED_EDGE('',*,*,#3294,.F.);
#3294 = EDGE_CURVE('',#2485,#2016,#3295,.T.);
#3295 = LINE('',#3296,#3297);
#3296 = CARTESIAN_POINT('',(-3.701106874026,-152.,-57.));
#3297 = VECTOR('',#3298,1.);
#3298 = DIRECTION('',(-0.,-1.,-0.));
#3299 = PLANE('',#3300);
#3300 = AXIS2_PLACEMENT_3D('',#3301,#3302,#3303);
#3301 = CARTESIAN_POINT('',(6.,-152.,-57.));
#3302 = DIRECTION('',(-0.,-0.,1.));
#3303 = DIRECTION('',(1.,0.,0.));
#3304 = ADVANCED_FACE('',(#3305),#3316,.T.);
#3305 = FACE_BOUND('',#3306,.F.);
#3306 = EDGE_LOOP('',(#3307,#3308,#3314,#3315));
#3307 = ORIENTED_EDGE('',*,*,#2501,.T.);
#3308 = ORIENTED_EDGE('',*,*,#3309,.T.);
#3309 = EDGE_CURVE('',#2493,#2008,#3310,.T.);
#3310 = LINE('',#3311,#3312);
#3311 = CARTESIAN_POINT('',(-5.230929270261,-152.,-53.71172850843));
#3312 = VECTOR('',#3313,1.);
#3313 = DIRECTION('',(-0.,-1.,-0.));
#3314 = ORIENTED_EDGE('',*,*,#2007,.F.);
#3315 = ORIENTED_EDGE('',*,*,#3275,.F.);
#3316 = PLANE('',#3317);
#3317 = AXIS2_PLACEMENT_3D('',#3318,#3319,#3320);
#3318 = CARTESIAN_POINT('',(-5.230929270261,-152.,-53.71172850843));
#3319 = DIRECTION('',(0.764911198117,-0.,-0.644135745783));
#3320 = DIRECTION('',(-0.644135745783,0.,-0.764911198117));
#3321 = ADVANCED_FACE('',(#3322),#3328,.F.);
#3322 = FACE_BOUND('',#3323,.F.);
#3323 = EDGE_LOOP('',(#3324,#3325,#3326,#3327));
#3324 = ORIENTED_EDGE('',*,*,#2492,.T.);
#3325 = ORIENTED_EDGE('',*,*,#3294,.T.);
#3326 = ORIENTED_EDGE('',*,*,#2015,.F.);
#3327 = ORIENTED_EDGE('',*,*,#3309,.F.);
#3328 = CYLINDRICAL_SURFACE('',#3329,2.);
#3329 = AXIS2_PLACEMENT_3D('',#3330,#3331,#3332);
#3330 = CARTESIAN_POINT('',(-3.701106874026,-152.,-55.));
#3331 = DIRECTION('',(-0.,1.,-0.));
#3332 = DIRECTION('',(2.22044604925E-15,-0.,-1.));
#3333 = ADVANCED_FACE('',(#3334),#3345,.F.);
#3334 = FACE_BOUND('',#3335,.T.);
#3335 = EDGE_LOOP('',(#3336,#3337,#3343,#3344));
#3336 = ORIENTED_EDGE('',*,*,#2041,.F.);
#3337 = ORIENTED_EDGE('',*,*,#3338,.F.);
#3338 = EDGE_CURVE('',#2231,#2042,#3339,.T.);
#3339 = LINE('',#3340,#3341);
#3340 = CARTESIAN_POINT('',(-1.610410540879E-15,-159.95,6.575));
#3341 = VECTOR('',#3342,1.);
#3342 = DIRECTION('',(-0.,-1.,-0.));
#3343 = ORIENTED_EDGE('',*,*,#2230,.T.);
#3344 = ORIENTED_EDGE('',*,*,#3338,.T.);
#3345 = CYLINDRICAL_SURFACE('',#3346,6.575);
#3346 = AXIS2_PLACEMENT_3D('',#3347,#3348,#3349);
#3347 = CARTESIAN_POINT('',(0.,-159.95,0.));
#3348 = DIRECTION('',(-0.,-1.,-0.));
#3349 = DIRECTION('',(-0.,-0.,1.));
#3350 = ADVANCED_FACE('',(#3351),#3362,.F.);
#3351 = FACE_BOUND('',#3352,.T.);
#3352 = EDGE_LOOP('',(#3353,#3354,#3360,#3361));
#3353 = ORIENTED_EDGE('',*,*,#2061,.F.);
#3354 = ORIENTED_EDGE('',*,*,#3355,.F.);
#3355 = EDGE_CURVE('',#2214,#2062,#3356,.T.);
#3356 = LINE('',#3357,#3358);
#3357 = CARTESIAN_POINT('',(-23.,-145.,25.7));
#3358 = VECTOR('',#3359,1.);
#3359 = DIRECTION('',(-0.,-1.,-0.));
#3360 = ORIENTED_EDGE('',*,*,#2213,.T.);
#3361 = ORIENTED_EDGE('',*,*,#3355,.T.);
#3362 = CYLINDRICAL_SURFACE('',#3363,1.7);
#3363 = AXIS2_PLACEMENT_3D('',#3364,#3365,#3366);
#3364 = CARTESIAN_POINT('',(-23.,-145.,24.));
#3365 = DIRECTION('',(-0.,-1.,-0.));
#3366 = DIRECTION('',(-0.,-0.,1.));
#3367 = ADVANCED_FACE('',(#3368),#3379,.F.);
#3368 = FACE_BOUND('',#3369,.T.);
#3369 = EDGE_LOOP('',(#3370,#3371,#3377,#3378));
#3370 = ORIENTED_EDGE('',*,*,#2163,.F.);
#3371 = ORIENTED_EDGE('',*,*,#3372,.F.);
#3372 = EDGE_CURVE('',#2189,#2164,#3373,.T.);
#3373 = LINE('',#3374,#3375);
#3374 = CARTESIAN_POINT('',(-23.,-145.,47.7));
#3375 = VECTOR('',#3376,1.);
#3376 = DIRECTION('',(-0.,-1.,-0.));
#3377 = ORIENTED_EDGE('',*,*,#2188,.T.);
#3378 = ORIENTED_EDGE('',*,*,#3372,.T.);
#3379 = CYLINDRICAL_SURFACE('',#3380,1.7);
#3380 = AXIS2_PLACEMENT_3D('',#3381,#3382,#3383);
#3381 = CARTESIAN_POINT('',(-23.,-145.,46.));
#3382 = DIRECTION('',(-0.,-1.,-0.));
#3383 = DIRECTION('',(-0.,-0.,1.));
#3384 = ADVANCED_FACE('',(#3385),#3407,.F.);
#3385 = FACE_BOUND('',#3386,.T.);
#3386 = EDGE_LOOP('',(#3387,#3388,#3397,#3404,#3405,#3406));
#3387 = ORIENTED_EDGE('',*,*,#3035,.T.);
#3388 = ORIENTED_EDGE('',*,*,#3389,.F.);
#3389 = EDGE_CURVE('',#3390,#3027,#3392,.T.);
#3390 = VERTEX_POINT('',#3391);
#3391 = CARTESIAN_POINT('',(-7.577722283114,-160.,-131.475));
#3392 = CIRCLE('',#3393,2.9);
#3393 = AXIS2_PLACEMENT_3D('',#3394,#3395,#3396);
#3394 = CARTESIAN_POINT('',(-7.577722283114,-160.,-134.375));
#3395 = DIRECTION('',(0.,1.,0.));
#3396 = DIRECTION('',(-0.,-0.,1.));
#3397 = ORIENTED_EDGE('',*,*,#3398,.F.);
#3398 = EDGE_CURVE('',#3019,#3390,#3399,.T.);
#3399 = CIRCLE('',#3400,2.9);
#3400 = AXIS2_PLACEMENT_3D('',#3401,#3402,#3403);
#3401 = CARTESIAN_POINT('',(-7.577722283114,-160.,-134.375));
#3402 = DIRECTION('',(0.,1.,0.));
#3403 = DIRECTION('',(-0.,-0.,1.));
#3404 = ORIENTED_EDGE('',*,*,#3018,.F.);
#3405 = ORIENTED_EDGE('',*,*,#2571,.T.);
#3406 = ORIENTED_EDGE('',*,*,#2582,.T.);
#3407 = CYLINDRICAL_SURFACE('',#3408,2.9);
#3408 = AXIS2_PLACEMENT_3D('',#3409,#3410,#3411);
#3409 = CARTESIAN_POINT('',(-7.577722283114,-152.9,-134.375));
#3410 = DIRECTION('',(-0.,-1.,-0.));
#3411 = DIRECTION('',(-0.,-0.,1.));
#3412 = ADVANCED_FACE('',(#3413),#3435,.F.);
#3413 = FACE_BOUND('',#3414,.T.);
#3414 = EDGE_LOOP('',(#3415,#3416,#3417,#3418,#3419,#3428));
#3415 = ORIENTED_EDGE('',*,*,#2994,.F.);
#3416 = ORIENTED_EDGE('',*,*,#2627,.T.);
#3417 = ORIENTED_EDGE('',*,*,#2636,.T.);
#3418 = ORIENTED_EDGE('',*,*,#3011,.T.);
#3419 = ORIENTED_EDGE('',*,*,#3420,.F.);
#3420 = EDGE_CURVE('',#3421,#3003,#3423,.T.);
#3421 = VERTEX_POINT('',#3422);
#3422 = CARTESIAN_POINT('',(7.577722283114,-160.,-131.475));
#3423 = CIRCLE('',#3424,2.9);
#3424 = AXIS2_PLACEMENT_3D('',#3425,#3426,#3427);
#3425 = CARTESIAN_POINT('',(7.577722283114,-160.,-134.375));
#3426 = DIRECTION('',(0.,1.,0.));
#3427 = DIRECTION('',(-0.,-0.,1.));
#3428 = ORIENTED_EDGE('',*,*,#3429,.F.);
#3429 = EDGE_CURVE('',#2995,#3421,#3430,.T.);
#3430 = CIRCLE('',#3431,2.9);
#3431 = AXIS2_PLACEMENT_3D('',#3432,#3433,#3434);
#3432 = CARTESIAN_POINT('',(7.577722283114,-160.,-134.375));
#3433 = DIRECTION('',(0.,1.,0.));
#3434 = DIRECTION('',(-0.,-0.,1.));
#3435 = CYLINDRICAL_SURFACE('',#3436,2.9);
#3436 = AXIS2_PLACEMENT_3D('',#3437,#3438,#3439);
#3437 = CARTESIAN_POINT('',(7.577722283114,-152.9,-134.375));
#3438 = DIRECTION('',(-0.,-1.,-0.));
#3439 = DIRECTION('',(-0.,-0.,1.));
#3440 = ADVANCED_FACE('',(#3441),#3463,.F.);
#3441 = FACE_BOUND('',#3442,.T.);
#3442 = EDGE_LOOP('',(#3443,#3444,#3445,#3446,#3447,#3456));
#3443 = ORIENTED_EDGE('',*,*,#3042,.F.);
#3444 = ORIENTED_EDGE('',*,*,#2600,.T.);
#3445 = ORIENTED_EDGE('',*,*,#2609,.T.);
#3446 = ORIENTED_EDGE('',*,*,#2987,.T.);
#3447 = ORIENTED_EDGE('',*,*,#3448,.F.);
#3448 = EDGE_CURVE('',#3449,#2979,#3451,.T.);
#3449 = VERTEX_POINT('',#3450);
#3450 = CARTESIAN_POINT('',(-1.745121688785E-16,-160.,-118.35));
#3451 = CIRCLE('',#3452,2.9);
#3452 = AXIS2_PLACEMENT_3D('',#3453,#3454,#3455);
#3453 = CARTESIAN_POINT('',(5.35782974627E-16,-160.,-121.25));
#3454 = DIRECTION('',(0.,1.,0.));
#3455 = DIRECTION('',(-0.,-0.,1.));
#3456 = ORIENTED_EDGE('',*,*,#3457,.F.);
#3457 = EDGE_CURVE('',#3043,#3449,#3458,.T.);
#3458 = CIRCLE('',#3459,2.9);
#3459 = AXIS2_PLACEMENT_3D('',#3460,#3461,#3462);
#3460 = CARTESIAN_POINT('',(5.35782974627E-16,-160.,-121.25));
#3461 = DIRECTION('',(0.,1.,0.));
#3462 = DIRECTION('',(-0.,-0.,1.));
#3463 = CYLINDRICAL_SURFACE('',#3464,2.9);
#3464 = AXIS2_PLACEMENT_3D('',#3465,#3466,#3467);
#3465 = CARTESIAN_POINT('',(5.35782974627E-16,-152.9,-121.25));
#3466 = DIRECTION('',(-0.,-1.,-0.));
#3467 = DIRECTION('',(-0.,-0.,1.));
#3468 = ADVANCED_FACE('',(#3469,#3474),#3477,.F.);
#3469 = FACE_BOUND('',#3470,.T.);
#3470 = EDGE_LOOP('',(#3471,#3472,#3473));
#3471 = ORIENTED_EDGE('',*,*,#3398,.T.);
#3472 = ORIENTED_EDGE('',*,*,#3389,.T.);
#3473 = ORIENTED_EDGE('',*,*,#3026,.F.);
#3474 = FACE_BOUND('',#3475,.T.);
#3475 = EDGE_LOOP('',(#3476));
#3476 = ORIENTED_EDGE('',*,*,#2749,.F.);
#3477 = PLANE('',#3478);
#3478 = AXIS2_PLACEMENT_3D('',#3479,#3480,#3481);
#3479 = CARTESIAN_POINT('',(-7.577722283114,-160.,-134.375));
#3480 = DIRECTION('',(-0.,-1.,-0.));
#3481 = DIRECTION('',(0.,0.,-1.));
#3482 = ADVANCED_FACE('',(#3483,#3489),#3492,.F.);
#3483 = FACE_BOUND('',#3484,.T.);
#3484 = EDGE_LOOP('',(#3485,#3486,#3487,#3488));
#3485 = ORIENTED_EDGE('',*,*,#3457,.T.);
#3486 = ORIENTED_EDGE('',*,*,#3448,.T.);
#3487 = ORIENTED_EDGE('',*,*,#2978,.F.);
#3488 = ORIENTED_EDGE('',*,*,#3050,.F.);
#3489 = FACE_BOUND('',#3490,.T.);
#3490 = EDGE_LOOP('',(#3491));
#3491 = ORIENTED_EDGE('',*,*,#3075,.F.);
#3492 = PLANE('',#3493);
#3493 = AXIS2_PLACEMENT_3D('',#3494,#3495,#3496);
#3494 = CARTESIAN_POINT('',(5.35782974627E-16,-160.,-121.25));
#3495 = DIRECTION('',(-0.,-1.,-0.));
#3496 = DIRECTION('',(0.,0.,-1.));
#3497 = ADVANCED_FACE('',(#3498,#3503),#3506,.F.);
#3498 = FACE_BOUND('',#3499,.T.);
#3499 = EDGE_LOOP('',(#3500,#3501,#3502));
#3500 = ORIENTED_EDGE('',*,*,#3429,.T.);
#3501 = ORIENTED_EDGE('',*,*,#3420,.T.);
#3502 = ORIENTED_EDGE('',*,*,#3002,.F.);
#3503 = FACE_BOUND('',#3504,.T.);
#3504 = EDGE_LOOP('',(#3505));
#3505 = ORIENTED_EDGE('',*,*,#3202,.F.);
#3506 = PLANE('',#3507);
#3507 = AXIS2_PLACEMENT_3D('',#3508,#3509,#3510);
#3508 = CARTESIAN_POINT('',(7.577722283114,-160.,-134.375));
#3509 = DIRECTION('',(-0.,-1.,-0.));
#3510 = DIRECTION('',(0.,0.,-1.));
#3511 = ( GEOMETRIC_REPRESENTATION_CONTEXT(3) 
GLOBAL_UNCERTAINTY_ASSIGNED_CONTEXT((#3515)) 
GLOBAL_UNIT_ASSIGNED_CONTEXT((#3512,#3513,#3514)) REPRESENTATION_CONTEXT
('Context #1','3D Context with UNIT and UNCERTAINTY') );
#3512 = ( LENGTH_UNIT() NAMED_UNIT(*) SI_UNIT(.MILLI.,.METRE.) );
#3513 = ( NAMED_UNIT(*) PLANE_ANGLE_UNIT() SI_UNIT($,.RADIAN.) );
#3514 = ( NAMED_UNIT(*) SI_UNIT($,.STERADIAN.) SOLID_ANGLE_UNIT() );
#3515 = UNCERTAINTY_MEASURE_WITH_UNIT(LENGTH_MEASURE(1.E-06),#3512,
  'distance_accuracy_value','confusion accuracy');
#3516 = PRODUCT_RELATED_PRODUCT_CATEGORY('part',$,(#7));
ENDSEC;
END-ISO-10303-21;
