ISO-10303-21;
HEADER;
FILE_DESCRIPTION(('FreeCAD Model'),'2;1');
FILE_NAME('Open CASCADE Shape Model','2026-09-22T10:50:11',('FreeCAD'),(
    'FreeCAD'),'Open CASCADE STEP processor 7.8','FreeCAD','Unknown');
FILE_SCHEMA(('AUTOMOTIVE_DESIGN { 1 0 10303 214 1 1 1 1 }'));
ENDSEC;
DATA;
#1 = APPLICATION_PROTOCOL_DEFINITION('international standard',
  'automotive_design',2000,#2);
#2 = APPLICATION_CONTEXT(
  'core data for automotive mechanical design processes');
#3 = SHAPE_DEFINITION_REPRESENTATION(#4,#10);
#4 = PRODUCT_DEFINITION_SHAPE('','',#5);
#5 = PRODUCT_DEFINITION('design','',#6,#9);
#6 = PRODUCT_DEFINITION_FORMATION('','',#7);
#7 = PRODUCT('Open CASCADE STEP translator 7.8 21',
  'Open CASCADE STEP translator 7.8 21','',(#8));
#8 = PRODUCT_CONTEXT('',#2,'mechanical');
#9 = PRODUCT_DEFINITION_CONTEXT('part definition',#2,'design');
#10 = ADVANCED_BREP_SHAPE_REPRESENTATION('',(#11,#15),#2449);
#11 = AXIS2_PLACEMENT_3D('',#12,#13,#14);
#12 = CARTESIAN_POINT('',(0.,0.,0.));
#13 = DIRECTION('',(0.,0.,1.));
#14 = DIRECTION('',(1.,0.,-0.));
#15 = MANIFOLD_SOLID_BREP('',#16);
#16 = CLOSED_SHELL('',(#17,#59,#95,#131,#614,#941,#961,#981,#993,#1018,
    #1043,#1068,#1085,#1107,#1124,#1141,#1158,#1175,#1187,#1212,#1243,
    #1267,#1291,#1315,#1339,#1356,#1387,#1411,#1435,#1459,#1483,#1500,
    #1522,#1539,#1556,#1573,#1590,#1602,#1624,#1641,#1658,#1675,#1692,
    #1704,#1721,#1746,#1771,#1802,#1826,#1850,#1874,#1898,#1915,#1946,
    #1970,#1994,#2018,#2042,#2059,#2084,#2109,#2134,#2159,#2184,#2209,
    #2234,#2259,#2284,#2309,#2321,#2333,#2345,#2357,#2374,#2391,#2403,
    #2415,#2432));
#17 = ADVANCED_FACE('',(#18),#54,.T.);
#18 = FACE_BOUND('',#19,.T.);
#19 = EDGE_LOOP('',(#20,#30,#39,#47));
#20 = ORIENTED_EDGE('',*,*,#21,.T.);
#21 = EDGE_CURVE('',#22,#24,#26,.T.);
#22 = VERTEX_POINT('',#23);
#23 = CARTESIAN_POINT('',(28.284271247462,139.,-28.28427124746));
#24 = VERTEX_POINT('',#25);
#25 = CARTESIAN_POINT('',(28.284271247462,145.,-28.28427124746));
#26 = LINE('',#27,#28);
#27 = CARTESIAN_POINT('',(28.284271247462,139.,-28.28427124746));
#28 = VECTOR('',#29,1.);
#29 = DIRECTION('',(0.,1.,0.));
#30 = ORIENTED_EDGE('',*,*,#31,.T.);
#31 = EDGE_CURVE('',#24,#32,#34,.T.);
#32 = VERTEX_POINT('',#33);
#33 = CARTESIAN_POINT('',(-28.28427124746,145.,-28.28427124746));
#34 = CIRCLE('',#35,40.);
#35 = AXIS2_PLACEMENT_3D('',#36,#37,#38);
#36 = CARTESIAN_POINT('',(-6.593716957763E-15,145.,2.220607455696E-15));
#37 = DIRECTION('',(0.,-1.,0.));
#38 = DIRECTION('',(0.707106781187,-0.,-0.707106781187));
#39 = ORIENTED_EDGE('',*,*,#40,.F.);
#40 = EDGE_CURVE('',#41,#32,#43,.T.);
#41 = VERTEX_POINT('',#42);
#42 = CARTESIAN_POINT('',(-28.28427124746,139.,-28.28427124746));
#43 = LINE('',#44,#45);
#44 = CARTESIAN_POINT('',(-28.28427124746,139.,-28.28427124746));
#45 = VECTOR('',#46,1.);
#46 = DIRECTION('',(0.,1.,0.));
#47 = ORIENTED_EDGE('',*,*,#48,.F.);
#48 = EDGE_CURVE('',#22,#41,#49,.T.);
#49 = CIRCLE('',#50,40.);
#50 = AXIS2_PLACEMENT_3D('',#51,#52,#53);
#51 = CARTESIAN_POINT('',(-6.593716957763E-15,139.,2.220607455696E-15));
#52 = DIRECTION('',(0.,-1.,0.));
#53 = DIRECTION('',(0.707106781187,-0.,-0.707106781187));
#54 = CYLINDRICAL_SURFACE('',#55,40.);
#55 = AXIS2_PLACEMENT_3D('',#56,#57,#58);
#56 = CARTESIAN_POINT('',(-6.593716957763E-15,139.,2.220607455696E-15));
#57 = DIRECTION('',(0.,-1.,0.));
#58 = DIRECTION('',(0.707106781187,-0.,-0.707106781187));
#59 = ADVANCED_FACE('',(#60),#87,.T.);
#60 = FACE_BOUND('',#61,.T.);
#61 = EDGE_LOOP('',(#62,#72,#79,#80));
#62 = ORIENTED_EDGE('',*,*,#63,.T.);
#63 = EDGE_CURVE('',#64,#66,#68,.T.);
#64 = VERTEX_POINT('',#65);
#65 = CARTESIAN_POINT('',(18.,139.,-55.));
#66 = VERTEX_POINT('',#67);
#67 = CARTESIAN_POINT('',(18.,145.,-55.));
#68 = LINE('',#69,#70);
#69 = CARTESIAN_POINT('',(18.,139.,-55.));
#70 = VECTOR('',#71,1.);
#71 = DIRECTION('',(0.,1.,0.));
#72 = ORIENTED_EDGE('',*,*,#73,.T.);
#73 = EDGE_CURVE('',#66,#24,#74,.T.);
#74 = B_SPLINE_CURVE_WITH_KNOTS('',3,(#75,#76,#77,#78),.UNSPECIFIED.,.F.
  ,.F.,(4,4),(0.,1.),.PIECEWISE_BEZIER_KNOTS.);
#75 = CARTESIAN_POINT('',(18.,145.,-55.));
#76 = CARTESIAN_POINT('',(18.,145.,-42.));
#77 = CARTESIAN_POINT('',(20.5,145.,-36.06854249492));
#78 = CARTESIAN_POINT('',(28.284271247462,145.,-28.28427124746));
#79 = ORIENTED_EDGE('',*,*,#21,.F.);
#80 = ORIENTED_EDGE('',*,*,#81,.F.);
#81 = EDGE_CURVE('',#64,#22,#82,.T.);
#82 = B_SPLINE_CURVE_WITH_KNOTS('',3,(#83,#84,#85,#86),.UNSPECIFIED.,.F.
  ,.F.,(4,4),(0.,1.),.PIECEWISE_BEZIER_KNOTS.);
#83 = CARTESIAN_POINT('',(18.,139.,-55.));
#84 = CARTESIAN_POINT('',(18.,139.,-42.));
#85 = CARTESIAN_POINT('',(20.5,139.,-36.06854249492));
#86 = CARTESIAN_POINT('',(28.284271247462,139.,-28.28427124746));
#87 = SURFACE_OF_LINEAR_EXTRUSION('',#88,#93);
#88 = B_SPLINE_CURVE_WITH_KNOTS('',3,(#89,#90,#91,#92),.UNSPECIFIED.,.F.
  ,.F.,(4,4),(0.,1.),.PIECEWISE_BEZIER_KNOTS.);
#89 = CARTESIAN_POINT('',(18.,139.,-55.));
#90 = CARTESIAN_POINT('',(18.,139.,-42.));
#91 = CARTESIAN_POINT('',(20.5,139.,-36.06854249492));
#92 = CARTESIAN_POINT('',(28.284271247462,139.,-28.28427124746));
#93 = VECTOR('',#94,1.);
#94 = DIRECTION('',(-0.,-1.,-0.));
#95 = ADVANCED_FACE('',(#96),#123,.T.);
#96 = FACE_BOUND('',#97,.T.);
#97 = EDGE_LOOP('',(#98,#99,#108,#116));
#98 = ORIENTED_EDGE('',*,*,#40,.T.);
#99 = ORIENTED_EDGE('',*,*,#100,.T.);
#100 = EDGE_CURVE('',#32,#101,#103,.T.);
#101 = VERTEX_POINT('',#102);
#102 = CARTESIAN_POINT('',(-18.,145.,-55.));
#103 = B_SPLINE_CURVE_WITH_KNOTS('',3,(#104,#105,#106,#107),
  .UNSPECIFIED.,.F.,.F.,(4,4),(0.,1.),.PIECEWISE_BEZIER_KNOTS.);
#104 = CARTESIAN_POINT('',(-28.28427124746,145.,-28.28427124746));
#105 = CARTESIAN_POINT('',(-20.5,145.,-36.06854249492));
#106 = CARTESIAN_POINT('',(-18.,145.,-42.));
#107 = CARTESIAN_POINT('',(-18.,145.,-55.));
#108 = ORIENTED_EDGE('',*,*,#109,.F.);
#109 = EDGE_CURVE('',#110,#101,#112,.T.);
#110 = VERTEX_POINT('',#111);
#111 = CARTESIAN_POINT('',(-18.,139.,-55.));
#112 = LINE('',#113,#114);
#113 = CARTESIAN_POINT('',(-18.,139.,-55.));
#114 = VECTOR('',#115,1.);
#115 = DIRECTION('',(0.,1.,0.));
#116 = ORIENTED_EDGE('',*,*,#117,.F.);
#117 = EDGE_CURVE('',#41,#110,#118,.T.);
#118 = B_SPLINE_CURVE_WITH_KNOTS('',3,(#119,#120,#121,#122),
  .UNSPECIFIED.,.F.,.F.,(4,4),(0.,1.),.PIECEWISE_BEZIER_KNOTS.);
#119 = CARTESIAN_POINT('',(-28.28427124746,139.,-28.28427124746));
#120 = CARTESIAN_POINT('',(-20.5,139.,-36.06854249492));
#121 = CARTESIAN_POINT('',(-18.,139.,-42.));
#122 = CARTESIAN_POINT('',(-18.,139.,-55.));
#123 = SURFACE_OF_LINEAR_EXTRUSION('',#124,#129);
#124 = B_SPLINE_CURVE_WITH_KNOTS('',3,(#125,#126,#127,#128),
  .UNSPECIFIED.,.F.,.F.,(4,4),(0.,1.),.PIECEWISE_BEZIER_KNOTS.);
#125 = CARTESIAN_POINT('',(-28.28427124746,139.,-28.28427124746));
#126 = CARTESIAN_POINT('',(-20.5,139.,-36.06854249492));
#127 = CARTESIAN_POINT('',(-18.,139.,-42.));
#128 = CARTESIAN_POINT('',(-18.,139.,-55.));
#129 = VECTOR('',#130,1.);
#130 = DIRECTION('',(-0.,-1.,-0.));
#131 = ADVANCED_FACE('',(#132,#162,#173,#184,#195,#206,#259,#270,#320,
    #370,#423,#476,#487,#498,#509,#559),#609,.T.);
#132 = FACE_BOUND('',#133,.T.);
#133 = EDGE_LOOP('',(#134,#135,#136,#145,#154,#161));
#134 = ORIENTED_EDGE('',*,*,#48,.T.);
#135 = ORIENTED_EDGE('',*,*,#117,.T.);
#136 = ORIENTED_EDGE('',*,*,#137,.T.);
#137 = EDGE_CURVE('',#110,#138,#140,.T.);
#138 = VERTEX_POINT('',#139);
#139 = CARTESIAN_POINT('',(-17.,139.,-130.));
#140 = B_SPLINE_CURVE_WITH_KNOTS('',3,(#141,#142,#143,#144),
  .UNSPECIFIED.,.F.,.F.,(4,4),(0.,1.),.PIECEWISE_BEZIER_KNOTS.);
#141 = CARTESIAN_POINT('',(-18.,139.,-55.));
#142 = CARTESIAN_POINT('',(-18.,139.,-78.));
#143 = CARTESIAN_POINT('',(-17.,139.,-104.));
#144 = CARTESIAN_POINT('',(-17.,139.,-130.));
#145 = ORIENTED_EDGE('',*,*,#146,.T.);
#146 = EDGE_CURVE('',#138,#147,#149,.T.);
#147 = VERTEX_POINT('',#148);
#148 = CARTESIAN_POINT('',(17.,139.,-130.));
#149 = CIRCLE('',#150,17.);
#150 = AXIS2_PLACEMENT_3D('',#151,#152,#153);
#151 = CARTESIAN_POINT('',(0.,139.,-130.));
#152 = DIRECTION('',(0.,-1.,0.));
#153 = DIRECTION('',(-1.,0.,0.));
#154 = ORIENTED_EDGE('',*,*,#155,.T.);
#155 = EDGE_CURVE('',#147,#64,#156,.T.);
#156 = B_SPLINE_CURVE_WITH_KNOTS('',3,(#157,#158,#159,#160),
  .UNSPECIFIED.,.F.,.F.,(4,4),(0.,1.),.PIECEWISE_BEZIER_KNOTS.);
#157 = CARTESIAN_POINT('',(17.,139.,-130.));
#158 = CARTESIAN_POINT('',(17.,139.,-104.));
#159 = CARTESIAN_POINT('',(18.,139.,-78.));
#160 = CARTESIAN_POINT('',(18.,139.,-55.));
#161 = ORIENTED_EDGE('',*,*,#81,.T.);
#162 = FACE_BOUND('',#163,.T.);
#163 = EDGE_LOOP('',(#164));
#164 = ORIENTED_EDGE('',*,*,#165,.T.);
#165 = EDGE_CURVE('',#166,#166,#168,.T.);
#166 = VERTEX_POINT('',#167);
#167 = CARTESIAN_POINT('',(-21.65063509461,139.,14.2));
#168 = CIRCLE('',#169,1.7);
#169 = AXIS2_PLACEMENT_3D('',#170,#171,#172);
#170 = CARTESIAN_POINT('',(-21.65063509461,139.,12.5));
#171 = DIRECTION('',(0.,1.,0.));
#172 = DIRECTION('',(0.,-0.,1.));
#173 = FACE_BOUND('',#174,.T.);
#174 = EDGE_LOOP('',(#175));
#175 = ORIENTED_EDGE('',*,*,#176,.T.);
#176 = EDGE_CURVE('',#177,#177,#179,.T.);
#177 = VERTEX_POINT('',#178);
#178 = CARTESIAN_POINT('',(-21.65063509461,139.,-10.8));
#179 = CIRCLE('',#180,1.7);
#180 = AXIS2_PLACEMENT_3D('',#181,#182,#183);
#181 = CARTESIAN_POINT('',(-21.65063509461,139.,-12.5));
#182 = DIRECTION('',(0.,1.,0.));
#183 = DIRECTION('',(0.,-0.,1.));
#184 = FACE_BOUND('',#185,.T.);
#185 = EDGE_LOOP('',(#186));
#186 = ORIENTED_EDGE('',*,*,#187,.T.);
#187 = EDGE_CURVE('',#188,#188,#190,.T.);
#188 = VERTEX_POINT('',#189);
#189 = CARTESIAN_POINT('',(1.114428587224E-15,139.,26.7));
#190 = CIRCLE('',#191,1.7);
#191 = AXIS2_PLACEMENT_3D('',#192,#193,#194);
#192 = CARTESIAN_POINT('',(1.530808498934E-15,139.,25.));
#193 = DIRECTION('',(0.,1.,0.));
#194 = DIRECTION('',(0.,-0.,1.));
#195 = FACE_BOUND('',#196,.T.);
#196 = EDGE_LOOP('',(#197));
#197 = ORIENTED_EDGE('',*,*,#198,.T.);
#198 = EDGE_CURVE('',#199,#199,#201,.T.);
#199 = VERTEX_POINT('',#200);
#200 = CARTESIAN_POINT('',(-4.947573068555E-15,139.,20.2));
#201 = CIRCLE('',#202,20.2);
#202 = AXIS2_PLACEMENT_3D('',#203,#204,#205);
#203 = CARTESIAN_POINT('',(0.,139.,0.));
#204 = DIRECTION('',(0.,1.,0.));
#205 = DIRECTION('',(0.,-0.,1.));
#206 = FACE_BOUND('',#207,.T.);
#207 = EDGE_LOOP('',(#208,#219,#227,#236,#244,#253));
#208 = ORIENTED_EDGE('',*,*,#209,.F.);
#209 = EDGE_CURVE('',#210,#212,#214,.T.);
#210 = VERTEX_POINT('',#211);
#211 = CARTESIAN_POINT('',(-8.,139.,-42.));
#212 = VERTEX_POINT('',#213);
#213 = CARTESIAN_POINT('',(-10.,139.,-44.));
#214 = CIRCLE('',#215,2.);
#215 = AXIS2_PLACEMENT_3D('',#216,#217,#218);
#216 = CARTESIAN_POINT('',(-8.,139.,-44.));
#217 = DIRECTION('',(-0.,-1.,0.));
#218 = DIRECTION('',(-1.,0.,3.5527136788E-15));
#219 = ORIENTED_EDGE('',*,*,#220,.T.);
#220 = EDGE_CURVE('',#210,#221,#223,.T.);
#221 = VERTEX_POINT('',#222);
#222 = CARTESIAN_POINT('',(3.253273710192,139.,-42.));
#223 = LINE('',#224,#225);
#224 = CARTESIAN_POINT('',(-4.,139.,-42.));
#225 = VECTOR('',#226,1.);
#226 = DIRECTION('',(1.,-0.,0.));
#227 = ORIENTED_EDGE('',*,*,#228,.F.);
#228 = EDGE_CURVE('',#229,#221,#231,.T.);
#229 = VERTEX_POINT('',#230);
#230 = CARTESIAN_POINT('',(4.343250411383,139.,-45.6768872326));
#231 = CIRCLE('',#232,2.);
#232 = AXIS2_PLACEMENT_3D('',#233,#234,#235);
#233 = CARTESIAN_POINT('',(3.253273710192,139.,-44.));
#234 = DIRECTION('',(-0.,-1.,0.));
#235 = DIRECTION('',(1.33226762955E-15,-0.,1.));
#236 = ORIENTED_EDGE('',*,*,#237,.T.);
#237 = EDGE_CURVE('',#229,#238,#240,.T.);
#238 = VERTEX_POINT('',#239);
#239 = CARTESIAN_POINT('',(-6.910023298809,139.,-52.99151514422));
#240 = LINE('',#241,#242);
#241 = CARTESIAN_POINT('',(1.651638047435,139.,-47.42643526916));
#242 = VECTOR('',#243,1.);
#243 = DIRECTION('',(-0.838443616301,0.,-0.544988350595));
#244 = ORIENTED_EDGE('',*,*,#245,.F.);
#245 = EDGE_CURVE('',#246,#238,#248,.T.);
#246 = VERTEX_POINT('',#247);
#247 = CARTESIAN_POINT('',(-10.,139.,-51.31462791162));
#248 = CIRCLE('',#249,2.);
#249 = AXIS2_PLACEMENT_3D('',#250,#251,#252);
#250 = CARTESIAN_POINT('',(-8.,139.,-51.31462791162));
#251 = DIRECTION('',(0.,-1.,-0.));
#252 = DIRECTION('',(0.544988350595,0.,-0.838443616301));
#253 = ORIENTED_EDGE('',*,*,#254,.T.);
#254 = EDGE_CURVE('',#246,#212,#255,.T.);
#255 = LINE('',#256,#257);
#256 = CARTESIAN_POINT('',(-10.,139.,-51.04528585215));
#257 = VECTOR('',#258,1.);
#258 = DIRECTION('',(0.,0.,1.));
#259 = FACE_BOUND('',#260,.T.);
#260 = EDGE_LOOP('',(#261));
#261 = ORIENTED_EDGE('',*,*,#262,.T.);
#262 = EDGE_CURVE('',#263,#263,#265,.T.);
#263 = VERTEX_POINT('',#264);
#264 = CARTESIAN_POINT('',(-5.008805408513E-15,139.,-23.3));
#265 = CIRCLE('',#266,1.7);
#266 = AXIS2_PLACEMENT_3D('',#267,#268,#269);
#267 = CARTESIAN_POINT('',(-4.592425496803E-15,139.,-25.));
#268 = DIRECTION('',(0.,1.,0.));
#269 = DIRECTION('',(0.,-0.,1.));
#270 = FACE_BOUND('',#271,.T.);
#271 = EDGE_LOOP('',(#272,#282,#290,#298,#306,#314));
#272 = ORIENTED_EDGE('',*,*,#273,.F.);
#273 = EDGE_CURVE('',#274,#276,#278,.T.);
#274 = VERTEX_POINT('',#275);
#275 = CARTESIAN_POINT('',(3.65,139.,-63.89267151745));
#276 = VERTEX_POINT('',#277);
#277 = CARTESIAN_POINT('',(2.580733080897E-16,139.,-61.78534303491));
#278 = LINE('',#279,#280);
#279 = CARTESIAN_POINT('',(-0.558604856046,139.,-61.4628323709));
#280 = VECTOR('',#281,1.);
#281 = DIRECTION('',(-0.866025403784,0.,0.5));
#282 = ORIENTED_EDGE('',*,*,#283,.F.);
#283 = EDGE_CURVE('',#284,#274,#286,.T.);
#284 = VERTEX_POINT('',#285);
#285 = CARTESIAN_POINT('',(3.65,139.,-68.10732848254));
#286 = LINE('',#287,#288);
#287 = CARTESIAN_POINT('',(3.65,139.,-59.4416361376));
#288 = VECTOR('',#289,1.);
#289 = DIRECTION('',(3.161034552959E-16,-0.,1.));
#290 = ORIENTED_EDGE('',*,*,#291,.F.);
#291 = EDGE_CURVE('',#292,#284,#294,.T.);
#292 = VERTEX_POINT('',#293);
#293 = CARTESIAN_POINT('',(-7.742199242692E-16,139.,-70.21465696508));
#294 = LINE('',#295,#296);
#295 = CARTESIAN_POINT('',(4.208604856046,139.,-67.78481781853));
#296 = VECTOR('',#297,1.);
#297 = DIRECTION('',(0.866025403784,-0.,0.5));
#298 = ORIENTED_EDGE('',*,*,#299,.F.);
#299 = EDGE_CURVE('',#300,#292,#302,.T.);
#300 = VERTEX_POINT('',#301);
#301 = CARTESIAN_POINT('',(-3.65,139.,-68.10732848254));
#302 = LINE('',#303,#304);
#303 = CARTESIAN_POINT('',(-6.033604856046,139.,-66.73115357726));
#304 = VECTOR('',#305,1.);
#305 = DIRECTION('',(0.866025403784,0.,-0.5));
#306 = ORIENTED_EDGE('',*,*,#307,.F.);
#307 = EDGE_CURVE('',#308,#300,#310,.T.);
#308 = VERTEX_POINT('',#309);
#309 = CARTESIAN_POINT('',(-3.65,139.,-63.89267151745));
#310 = LINE('',#311,#312);
#311 = CARTESIAN_POINT('',(-3.65,139.,-57.33430765506));
#312 = VECTOR('',#313,1.);
#313 = DIRECTION('',(1.05367818432E-16,0.,-1.));
#314 = ORIENTED_EDGE('',*,*,#315,.F.);
#315 = EDGE_CURVE('',#276,#308,#316,.T.);
#316 = LINE('',#317,#318);
#317 = CARTESIAN_POINT('',(2.383604856046,139.,-60.40916812963));
#318 = VECTOR('',#319,1.);
#319 = DIRECTION('',(-0.866025403784,0.,-0.5));
#320 = FACE_BOUND('',#321,.T.);
#321 = EDGE_LOOP('',(#322,#332,#340,#348,#356,#364));
#322 = ORIENTED_EDGE('',*,*,#323,.F.);
#323 = EDGE_CURVE('',#324,#326,#328,.T.);
#324 = VERTEX_POINT('',#325);
#325 = CARTESIAN_POINT('',(3.65,139.,-90.89267151745));
#326 = VERTEX_POINT('',#327);
#327 = CARTESIAN_POINT('',(2.580733080897E-16,139.,-88.78534303491));
#328 = LINE('',#329,#330);
#329 = CARTESIAN_POINT('',(-6.404276331591,139.,-85.0878323709));
#330 = VECTOR('',#331,1.);
#331 = DIRECTION('',(-0.866025403784,0.,0.5));
#332 = ORIENTED_EDGE('',*,*,#333,.F.);
#333 = EDGE_CURVE('',#334,#324,#336,.T.);
#334 = VERTEX_POINT('',#335);
#335 = CARTESIAN_POINT('',(3.65,139.,-95.10732848254));
#336 = LINE('',#337,#338);
#337 = CARTESIAN_POINT('',(3.65,139.,-72.9416361376));
#338 = VECTOR('',#339,1.);
#339 = DIRECTION('',(3.161034552959E-16,-0.,1.));
#340 = ORIENTED_EDGE('',*,*,#341,.F.);
#341 = EDGE_CURVE('',#342,#334,#344,.T.);
#342 = VERTEX_POINT('',#343);
#343 = CARTESIAN_POINT('',(-7.742199242692E-16,139.,-97.21465696508));
#344 = LINE('',#345,#346);
#345 = CARTESIAN_POINT('',(10.054276331591,139.,-91.40981781853));
#346 = VECTOR('',#347,1.);
#347 = DIRECTION('',(0.866025403784,-0.,0.5));
#348 = ORIENTED_EDGE('',*,*,#349,.F.);
#349 = EDGE_CURVE('',#350,#342,#352,.T.);
#350 = VERTEX_POINT('',#351);
#351 = CARTESIAN_POINT('',(-3.65,139.,-95.10732848254));
#352 = LINE('',#353,#354);
#353 = CARTESIAN_POINT('',(-11.87927633159,139.,-90.35615357726));
#354 = VECTOR('',#355,1.);
#355 = DIRECTION('',(0.866025403784,0.,-0.5));
#356 = ORIENTED_EDGE('',*,*,#357,.F.);
#357 = EDGE_CURVE('',#358,#350,#360,.T.);
#358 = VERTEX_POINT('',#359);
#359 = CARTESIAN_POINT('',(-3.65,139.,-90.89267151745));
#360 = LINE('',#361,#362);
#361 = CARTESIAN_POINT('',(-3.65,139.,-70.83430765506));
#362 = VECTOR('',#363,1.);
#363 = DIRECTION('',(1.05367818432E-16,0.,-1.));
#364 = ORIENTED_EDGE('',*,*,#365,.F.);
#365 = EDGE_CURVE('',#326,#358,#366,.T.);
#366 = LINE('',#367,#368);
#367 = CARTESIAN_POINT('',(8.229276331591,139.,-84.03416812963));
#368 = VECTOR('',#369,1.);
#369 = DIRECTION('',(-0.866025403784,0.,-0.5));
#370 = FACE_BOUND('',#371,.T.);
#371 = EDGE_LOOP('',(#372,#383,#391,#400,#408,#417));
#372 = ORIENTED_EDGE('',*,*,#373,.F.);
#373 = EDGE_CURVE('',#374,#376,#378,.T.);
#374 = VERTEX_POINT('',#375);
#375 = CARTESIAN_POINT('',(10.,139.,-73.84131112314));
#376 = VERTEX_POINT('',#377);
#377 = CARTESIAN_POINT('',(6.853075311273,139.,-72.2028472821));
#378 = CIRCLE('',#379,2.);
#379 = AXIS2_PLACEMENT_3D('',#380,#381,#382);
#380 = CARTESIAN_POINT('',(8.,139.,-73.84131112314));
#381 = DIRECTION('',(0.,-1.,-0.));
#382 = DIRECTION('',(-0.573462344363,-0.,0.819231920519));
#383 = ORIENTED_EDGE('',*,*,#384,.T.);
#384 = EDGE_CURVE('',#374,#385,#387,.T.);
#385 = VERTEX_POINT('',#386);
#386 = CARTESIAN_POINT('',(10.,139.,-82.));
#387 = LINE('',#388,#389);
#388 = CARTESIAN_POINT('',(10.,139.,-62.30862745791));
#389 = VECTOR('',#390,1.);
#390 = DIRECTION('',(0.,0.,-1.));
#391 = ORIENTED_EDGE('',*,*,#392,.F.);
#392 = EDGE_CURVE('',#393,#385,#395,.T.);
#393 = VERTEX_POINT('',#394);
#394 = CARTESIAN_POINT('',(8.,139.,-84.));
#395 = CIRCLE('',#396,2.);
#396 = AXIS2_PLACEMENT_3D('',#397,#398,#399);
#397 = CARTESIAN_POINT('',(8.,139.,-82.));
#398 = DIRECTION('',(0.,-1.,-0.));
#399 = DIRECTION('',(1.,0.,0.));
#400 = ORIENTED_EDGE('',*,*,#401,.T.);
#401 = EDGE_CURVE('',#393,#402,#404,.T.);
#402 = VERTEX_POINT('',#403);
#403 = CARTESIAN_POINT('',(-3.655269824076,139.,-84.));
#404 = LINE('',#405,#406);
#405 = CARTESIAN_POINT('',(4.,139.,-84.));
#406 = VECTOR('',#407,1.);
#407 = DIRECTION('',(-1.,0.,0.));
#408 = ORIENTED_EDGE('',*,*,#409,.F.);
#409 = EDGE_CURVE('',#410,#402,#412,.T.);
#410 = VERTEX_POINT('',#411);
#411 = CARTESIAN_POINT('',(-4.802194512803,139.,-80.36153615896));
#412 = CIRCLE('',#413,2.);
#413 = AXIS2_PLACEMENT_3D('',#414,#415,#416);
#414 = CARTESIAN_POINT('',(-3.655269824076,139.,-82.));
#415 = DIRECTION('',(0.,-1.,-0.));
#416 = DIRECTION('',(-1.7763568394E-15,0.,-1.));
#417 = ORIENTED_EDGE('',*,*,#418,.T.);
#418 = EDGE_CURVE('',#410,#376,#419,.T.);
#419 = LINE('',#420,#421);
#420 = CARTESIAN_POINT('',(3.758915946661,139.,-74.36875883733));
#421 = VECTOR('',#422,1.);
#422 = DIRECTION('',(0.819231920519,-0.,0.573462344363));
#423 = FACE_BOUND('',#424,.T.);
#424 = EDGE_LOOP('',(#425,#436,#444,#453,#461,#470));
#425 = ORIENTED_EDGE('',*,*,#426,.F.);
#426 = EDGE_CURVE('',#427,#429,#431,.T.);
#427 = VERTEX_POINT('',#428);
#428 = CARTESIAN_POINT('',(-8.,139.,-101.5));
#429 = VERTEX_POINT('',#430);
#430 = CARTESIAN_POINT('',(-10.,139.,-103.5));
#431 = CIRCLE('',#432,2.);
#432 = AXIS2_PLACEMENT_3D('',#433,#434,#435);
#433 = CARTESIAN_POINT('',(-8.,139.,-103.5));
#434 = DIRECTION('',(-0.,-1.,-0.));
#435 = DIRECTION('',(-1.,0.,0.));
#436 = ORIENTED_EDGE('',*,*,#437,.T.);
#437 = EDGE_CURVE('',#427,#438,#440,.T.);
#438 = VERTEX_POINT('',#439);
#439 = CARTESIAN_POINT('',(2.779365403436,139.,-101.5));
#440 = LINE('',#441,#442);
#441 = CARTESIAN_POINT('',(-4.,139.,-101.5));
#442 = VECTOR('',#443,1.);
#443 = DIRECTION('',(1.,-0.,0.));
#444 = ORIENTED_EDGE('',*,*,#445,.F.);
#445 = EDGE_CURVE('',#446,#438,#448,.T.);
#446 = VERTEX_POINT('',#447);
#447 = CARTESIAN_POINT('',(3.808356914292,139.,-105.2149858514));
#448 = CIRCLE('',#449,2.);
#449 = AXIS2_PLACEMENT_3D('',#450,#451,#452);
#450 = CARTESIAN_POINT('',(2.779365403436,139.,-103.5));
#451 = DIRECTION('',(-0.,-1.,0.));
#452 = DIRECTION('',(-2.886579864025E-15,0.,1.));
#453 = ORIENTED_EDGE('',*,*,#454,.T.);
#454 = EDGE_CURVE('',#446,#455,#457,.T.);
#455 = VERTEX_POINT('',#456);
#456 = CARTESIAN_POINT('',(-6.971008489145,139.,-111.6826050934));
#457 = LINE('',#458,#459);
#458 = CARTESIAN_POINT('',(14.416837914644,139.,-98.84989725121));
#459 = VECTOR('',#460,1.);
#460 = DIRECTION('',(-0.857492925713,0.,-0.514495755428));
#461 = ORIENTED_EDGE('',*,*,#462,.F.);
#462 = EDGE_CURVE('',#463,#455,#465,.T.);
#463 = VERTEX_POINT('',#464);
#464 = CARTESIAN_POINT('',(-10.,139.,-109.967619242));
#465 = CIRCLE('',#466,2.);
#466 = AXIS2_PLACEMENT_3D('',#467,#468,#469);
#467 = CARTESIAN_POINT('',(-8.,139.,-109.967619242));
#468 = DIRECTION('',(0.,-1.,-0.));
#469 = DIRECTION('',(0.514495755428,0.,-0.857492925713));
#470 = ORIENTED_EDGE('',*,*,#471,.T.);
#471 = EDGE_CURVE('',#463,#429,#472,.T.);
#472 = LINE('',#473,#474);
#473 = CARTESIAN_POINT('',(-10.,139.,-80.37178151736));
#474 = VECTOR('',#475,1.);
#475 = DIRECTION('',(0.,0.,1.));
#476 = FACE_BOUND('',#477,.T.);
#477 = EDGE_LOOP('',(#478));
#478 = ORIENTED_EDGE('',*,*,#479,.T.);
#479 = EDGE_CURVE('',#480,#480,#482,.T.);
#480 = VERTEX_POINT('',#481);
#481 = CARTESIAN_POINT('',(-9.858406733136E-16,139.,-125.975));
#482 = CIRCLE('',#483,4.025);
#483 = AXIS2_PLACEMENT_3D('',#484,#485,#486);
#484 = CARTESIAN_POINT('',(0.,139.,-130.));
#485 = DIRECTION('',(0.,1.,0.));
#486 = DIRECTION('',(0.,-0.,1.));
#487 = FACE_BOUND('',#488,.T.);
#488 = EDGE_LOOP('',(#489));
#489 = ORIENTED_EDGE('',*,*,#490,.T.);
#490 = EDGE_CURVE('',#491,#491,#493,.T.);
#491 = VERTEX_POINT('',#492);
#492 = CARTESIAN_POINT('',(21.650635094611,139.,14.2));
#493 = CIRCLE('',#494,1.7);
#494 = AXIS2_PLACEMENT_3D('',#495,#496,#497);
#495 = CARTESIAN_POINT('',(21.650635094611,139.,12.5));
#496 = DIRECTION('',(0.,1.,0.));
#497 = DIRECTION('',(0.,-0.,1.));
#498 = FACE_BOUND('',#499,.T.);
#499 = EDGE_LOOP('',(#500));
#500 = ORIENTED_EDGE('',*,*,#501,.T.);
#501 = EDGE_CURVE('',#502,#502,#504,.T.);
#502 = VERTEX_POINT('',#503);
#503 = CARTESIAN_POINT('',(21.650635094611,139.,-10.8));
#504 = CIRCLE('',#505,1.7);
#505 = AXIS2_PLACEMENT_3D('',#506,#507,#508);
#506 = CARTESIAN_POINT('',(21.650635094611,139.,-12.5));
#507 = DIRECTION('',(0.,1.,0.));
#508 = DIRECTION('',(0.,-0.,1.));
#509 = FACE_BOUND('',#510,.T.);
#510 = EDGE_LOOP('',(#511,#521,#529,#537,#545,#553));
#511 = ORIENTED_EDGE('',*,*,#512,.F.);
#512 = EDGE_CURVE('',#513,#515,#517,.T.);
#513 = VERTEX_POINT('',#514);
#514 = CARTESIAN_POINT('',(34.65,139.,14.107328482542));
#515 = VERTEX_POINT('',#516);
#516 = CARTESIAN_POINT('',(31.,139.,16.214656965084));
#517 = LINE('',#518,#519);
#518 = CARTESIAN_POINT('',(35.70389051775,139.,13.498864508423));
#519 = VECTOR('',#520,1.);
#520 = DIRECTION('',(-0.866025403784,0.,0.5));
#521 = ORIENTED_EDGE('',*,*,#522,.F.);
#522 = EDGE_CURVE('',#523,#513,#525,.T.);
#523 = VERTEX_POINT('',#524);
#524 = CARTESIAN_POINT('',(34.65,139.,9.892671517458));
#525 = LINE('',#526,#527);
#526 = CARTESIAN_POINT('',(34.65,139.,-20.4416361376));
#527 = VECTOR('',#528,1.);
#528 = DIRECTION('',(0.,0.,1.));
#529 = ORIENTED_EDGE('',*,*,#530,.F.);
#530 = EDGE_CURVE('',#531,#523,#533,.T.);
#531 = VERTEX_POINT('',#532);
#532 = CARTESIAN_POINT('',(31.,139.,7.785343034916));
#533 = LINE('',#534,#535);
#534 = CARTESIAN_POINT('',(6.69610948225,139.,-6.246514697863));
#535 = VECTOR('',#536,1.);
#536 = DIRECTION('',(0.866025403784,-0.,0.5));
#537 = ORIENTED_EDGE('',*,*,#538,.F.);
#538 = EDGE_CURVE('',#539,#531,#541,.T.);
#539 = VERTEX_POINT('',#540);
#540 = CARTESIAN_POINT('',(27.35,139.,9.892671517458));
#541 = LINE('',#542,#543);
#542 = CARTESIAN_POINT('',(30.22889051775,139.,8.230543302067));
#543 = VECTOR('',#544,1.);
#544 = DIRECTION('',(0.866025403784,0.,-0.5));
#545 = ORIENTED_EDGE('',*,*,#546,.F.);
#546 = EDGE_CURVE('',#547,#539,#549,.T.);
#547 = VERTEX_POINT('',#548);
#548 = CARTESIAN_POINT('',(27.35,139.,14.107328482542));
#549 = LINE('',#550,#551);
#550 = CARTESIAN_POINT('',(27.35,139.,-18.33430765506));
#551 = VECTOR('',#552,1.);
#552 = DIRECTION('',(0.,0.,-1.));
#553 = ORIENTED_EDGE('',*,*,#554,.F.);
#554 = EDGE_CURVE('',#515,#547,#555,.T.);
#555 = LINE('',#556,#557);
#556 = CARTESIAN_POINT('',(4.87110948225,139.,1.129134991035));
#557 = VECTOR('',#558,1.);
#558 = DIRECTION('',(-0.866025403784,0.,-0.5));
#559 = FACE_BOUND('',#560,.T.);
#560 = EDGE_LOOP('',(#561,#571,#579,#587,#595,#603));
#561 = ORIENTED_EDGE('',*,*,#562,.F.);
#562 = EDGE_CURVE('',#563,#565,#567,.T.);
#563 = VERTEX_POINT('',#564);
#564 = CARTESIAN_POINT('',(34.65,139.,-9.892671517458));
#565 = VERTEX_POINT('',#566);
#566 = CARTESIAN_POINT('',(31.,139.,-7.785343034916));
#567 = LINE('',#568,#569);
#568 = CARTESIAN_POINT('',(30.507738095044,139.,-7.501135491577));
#569 = VECTOR('',#570,1.);
#570 = DIRECTION('',(-0.866025403784,0.,0.5));
#571 = ORIENTED_EDGE('',*,*,#572,.F.);
#572 = EDGE_CURVE('',#573,#563,#575,.T.);
#573 = VERTEX_POINT('',#574);
#574 = CARTESIAN_POINT('',(34.65,139.,-14.10732848254));
#575 = LINE('',#576,#577);
#576 = CARTESIAN_POINT('',(34.65,139.,-32.4416361376));
#577 = VECTOR('',#578,1.);
#578 = DIRECTION('',(0.,0.,1.));
#579 = ORIENTED_EDGE('',*,*,#580,.F.);
#580 = EDGE_CURVE('',#581,#573,#583,.T.);
#581 = VERTEX_POINT('',#582);
#582 = CARTESIAN_POINT('',(31.,139.,-16.21465696508));
#583 = LINE('',#584,#585);
#584 = CARTESIAN_POINT('',(11.892261904956,139.,-27.24651469786));
#585 = VECTOR('',#586,1.);
#586 = DIRECTION('',(0.866025403784,-0.,0.5));
#587 = ORIENTED_EDGE('',*,*,#588,.F.);
#588 = EDGE_CURVE('',#589,#581,#591,.T.);
#589 = VERTEX_POINT('',#590);
#590 = CARTESIAN_POINT('',(27.35,139.,-14.10732848254));
#591 = LINE('',#592,#593);
#592 = CARTESIAN_POINT('',(25.032738095044,139.,-12.76945669793));
#593 = VECTOR('',#594,1.);
#594 = DIRECTION('',(0.866025403784,0.,-0.5));
#595 = ORIENTED_EDGE('',*,*,#596,.F.);
#596 = EDGE_CURVE('',#597,#589,#599,.T.);
#597 = VERTEX_POINT('',#598);
#598 = CARTESIAN_POINT('',(27.35,139.,-9.892671517458));
#599 = LINE('',#600,#601);
#600 = CARTESIAN_POINT('',(27.35,139.,-30.33430765506));
#601 = VECTOR('',#602,1.);
#602 = DIRECTION('',(0.,0.,-1.));
#603 = ORIENTED_EDGE('',*,*,#604,.F.);
#604 = EDGE_CURVE('',#565,#597,#605,.T.);
#605 = LINE('',#606,#607);
#606 = CARTESIAN_POINT('',(10.067261904956,139.,-19.87086500896));
#607 = VECTOR('',#608,1.);
#608 = DIRECTION('',(-0.866025403784,0.,-0.5));
#609 = PLANE('',#610);
#610 = AXIS2_PLACEMENT_3D('',#611,#612,#613);
#611 = CARTESIAN_POINT('',(-3.703026155839E-15,139.,-50.77594379267));
#612 = DIRECTION('',(-0.,-1.,-0.));
#613 = DIRECTION('',(0.,0.,-1.));
#614 = ADVANCED_FACE('',(#615,#645,#656,#667,#678,#689,#700,#753,#764,
    #775,#828,#881,#892,#903,#914,#925),#936,.F.);
#615 = FACE_BOUND('',#616,.F.);
#616 = EDGE_LOOP('',(#617,#618,#619,#628,#637,#644));
#617 = ORIENTED_EDGE('',*,*,#31,.T.);
#618 = ORIENTED_EDGE('',*,*,#100,.T.);
#619 = ORIENTED_EDGE('',*,*,#620,.T.);
#620 = EDGE_CURVE('',#101,#621,#623,.T.);
#621 = VERTEX_POINT('',#622);
#622 = CARTESIAN_POINT('',(-17.,145.,-130.));
#623 = B_SPLINE_CURVE_WITH_KNOTS('',3,(#624,#625,#626,#627),
  .UNSPECIFIED.,.F.,.F.,(4,4),(0.,1.),.PIECEWISE_BEZIER_KNOTS.);
#624 = CARTESIAN_POINT('',(-18.,145.,-55.));
#625 = CARTESIAN_POINT('',(-18.,145.,-78.));
#626 = CARTESIAN_POINT('',(-17.,145.,-104.));
#627 = CARTESIAN_POINT('',(-17.,145.,-130.));
#628 = ORIENTED_EDGE('',*,*,#629,.T.);
#629 = EDGE_CURVE('',#621,#630,#632,.T.);
#630 = VERTEX_POINT('',#631);
#631 = CARTESIAN_POINT('',(17.,145.,-130.));
#632 = CIRCLE('',#633,17.);
#633 = AXIS2_PLACEMENT_3D('',#634,#635,#636);
#634 = CARTESIAN_POINT('',(0.,145.,-130.));
#635 = DIRECTION('',(0.,-1.,0.));
#636 = DIRECTION('',(-1.,0.,0.));
#637 = ORIENTED_EDGE('',*,*,#638,.T.);
#638 = EDGE_CURVE('',#630,#66,#639,.T.);
#639 = B_SPLINE_CURVE_WITH_KNOTS('',3,(#640,#641,#642,#643),
  .UNSPECIFIED.,.F.,.F.,(4,4),(0.,1.),.PIECEWISE_BEZIER_KNOTS.);
#640 = CARTESIAN_POINT('',(17.,145.,-130.));
#641 = CARTESIAN_POINT('',(17.,145.,-104.));
#642 = CARTESIAN_POINT('',(18.,145.,-78.));
#643 = CARTESIAN_POINT('',(18.,145.,-55.));
#644 = ORIENTED_EDGE('',*,*,#73,.T.);
#645 = FACE_BOUND('',#646,.F.);
#646 = EDGE_LOOP('',(#647));
#647 = ORIENTED_EDGE('',*,*,#648,.T.);
#648 = EDGE_CURVE('',#649,#649,#651,.T.);
#649 = VERTEX_POINT('',#650);
#650 = CARTESIAN_POINT('',(-21.65063509461,145.,15.6));
#651 = CIRCLE('',#652,3.1);
#652 = AXIS2_PLACEMENT_3D('',#653,#654,#655);
#653 = CARTESIAN_POINT('',(-21.65063509461,145.,12.5));
#654 = DIRECTION('',(0.,1.,0.));
#655 = DIRECTION('',(0.,-0.,1.));
#656 = FACE_BOUND('',#657,.F.);
#657 = EDGE_LOOP('',(#658));
#658 = ORIENTED_EDGE('',*,*,#659,.T.);
#659 = EDGE_CURVE('',#660,#660,#662,.T.);
#660 = VERTEX_POINT('',#661);
#661 = CARTESIAN_POINT('',(-21.65063509461,145.,-9.4));
#662 = CIRCLE('',#663,3.1);
#663 = AXIS2_PLACEMENT_3D('',#664,#665,#666);
#664 = CARTESIAN_POINT('',(-21.65063509461,145.,-12.5));
#665 = DIRECTION('',(0.,1.,0.));
#666 = DIRECTION('',(0.,-0.,1.));
#667 = FACE_BOUND('',#668,.F.);
#668 = EDGE_LOOP('',(#669));
#669 = ORIENTED_EDGE('',*,*,#670,.T.);
#670 = EDGE_CURVE('',#671,#671,#673,.T.);
#671 = VERTEX_POINT('',#672);
#672 = CARTESIAN_POINT('',(7.715274834628E-16,145.,28.1));
#673 = CIRCLE('',#674,3.1);
#674 = AXIS2_PLACEMENT_3D('',#675,#676,#677);
#675 = CARTESIAN_POINT('',(1.530808498934E-15,145.,25.));
#676 = DIRECTION('',(0.,1.,0.));
#677 = DIRECTION('',(0.,-0.,1.));
#678 = FACE_BOUND('',#679,.F.);
#679 = EDGE_LOOP('',(#680));
#680 = ORIENTED_EDGE('',*,*,#681,.T.);
#681 = EDGE_CURVE('',#682,#682,#684,.T.);
#682 = VERTEX_POINT('',#683);
#683 = CARTESIAN_POINT('',(-4.947573068555E-15,145.,20.2));
#684 = CIRCLE('',#685,20.2);
#685 = AXIS2_PLACEMENT_3D('',#686,#687,#688);
#686 = CARTESIAN_POINT('',(0.,145.,0.));
#687 = DIRECTION('',(0.,1.,0.));
#688 = DIRECTION('',(0.,-0.,1.));
#689 = FACE_BOUND('',#690,.F.);
#690 = EDGE_LOOP('',(#691));
#691 = ORIENTED_EDGE('',*,*,#692,.T.);
#692 = EDGE_CURVE('',#693,#693,#695,.T.);
#693 = VERTEX_POINT('',#694);
#694 = CARTESIAN_POINT('',(-5.351706512274E-15,145.,-21.9));
#695 = CIRCLE('',#696,3.1);
#696 = AXIS2_PLACEMENT_3D('',#697,#698,#699);
#697 = CARTESIAN_POINT('',(-4.592425496803E-15,145.,-25.));
#698 = DIRECTION('',(0.,1.,0.));
#699 = DIRECTION('',(0.,-0.,1.));
#700 = FACE_BOUND('',#701,.F.);
#701 = EDGE_LOOP('',(#702,#713,#721,#730,#738,#747));
#702 = ORIENTED_EDGE('',*,*,#703,.F.);
#703 = EDGE_CURVE('',#704,#706,#708,.T.);
#704 = VERTEX_POINT('',#705);
#705 = CARTESIAN_POINT('',(-8.,145.,-42.));
#706 = VERTEX_POINT('',#707);
#707 = CARTESIAN_POINT('',(-10.,145.,-44.));
#708 = CIRCLE('',#709,2.);
#709 = AXIS2_PLACEMENT_3D('',#710,#711,#712);
#710 = CARTESIAN_POINT('',(-8.,145.,-44.));
#711 = DIRECTION('',(-0.,-1.,0.));
#712 = DIRECTION('',(-1.,0.,3.5527136788E-15));
#713 = ORIENTED_EDGE('',*,*,#714,.T.);
#714 = EDGE_CURVE('',#704,#715,#717,.T.);
#715 = VERTEX_POINT('',#716);
#716 = CARTESIAN_POINT('',(3.253273710192,145.,-42.));
#717 = LINE('',#718,#719);
#718 = CARTESIAN_POINT('',(-4.,145.,-42.));
#719 = VECTOR('',#720,1.);
#720 = DIRECTION('',(1.,-0.,0.));
#721 = ORIENTED_EDGE('',*,*,#722,.F.);
#722 = EDGE_CURVE('',#723,#715,#725,.T.);
#723 = VERTEX_POINT('',#724);
#724 = CARTESIAN_POINT('',(4.343250411383,145.,-45.6768872326));
#725 = CIRCLE('',#726,2.);
#726 = AXIS2_PLACEMENT_3D('',#727,#728,#729);
#727 = CARTESIAN_POINT('',(3.253273710192,145.,-44.));
#728 = DIRECTION('',(-0.,-1.,0.));
#729 = DIRECTION('',(1.33226762955E-15,-0.,1.));
#730 = ORIENTED_EDGE('',*,*,#731,.T.);
#731 = EDGE_CURVE('',#723,#732,#734,.T.);
#732 = VERTEX_POINT('',#733);
#733 = CARTESIAN_POINT('',(-6.910023298809,145.,-52.99151514422));
#734 = LINE('',#735,#736);
#735 = CARTESIAN_POINT('',(1.651638047435,145.,-47.42643526916));
#736 = VECTOR('',#737,1.);
#737 = DIRECTION('',(-0.838443616301,0.,-0.544988350595));
#738 = ORIENTED_EDGE('',*,*,#739,.F.);
#739 = EDGE_CURVE('',#740,#732,#742,.T.);
#740 = VERTEX_POINT('',#741);
#741 = CARTESIAN_POINT('',(-10.,145.,-51.31462791162));
#742 = CIRCLE('',#743,2.);
#743 = AXIS2_PLACEMENT_3D('',#744,#745,#746);
#744 = CARTESIAN_POINT('',(-8.,145.,-51.31462791162));
#745 = DIRECTION('',(0.,-1.,-0.));
#746 = DIRECTION('',(0.544988350595,0.,-0.838443616301));
#747 = ORIENTED_EDGE('',*,*,#748,.T.);
#748 = EDGE_CURVE('',#740,#706,#749,.T.);
#749 = LINE('',#750,#751);
#750 = CARTESIAN_POINT('',(-10.,145.,-51.04528585215));
#751 = VECTOR('',#752,1.);
#752 = DIRECTION('',(0.,0.,1.));
#753 = FACE_BOUND('',#754,.F.);
#754 = EDGE_LOOP('',(#755));
#755 = ORIENTED_EDGE('',*,*,#756,.T.);
#756 = EDGE_CURVE('',#757,#757,#759,.T.);
#757 = VERTEX_POINT('',#758);
#758 = CARTESIAN_POINT('',(-5.388445916248E-16,145.,-63.8));
#759 = CIRCLE('',#760,2.2);
#760 = AXIS2_PLACEMENT_3D('',#761,#762,#763);
#761 = CARTESIAN_POINT('',(0.,145.,-66.));
#762 = DIRECTION('',(0.,1.,0.));
#763 = DIRECTION('',(0.,-0.,1.));
#764 = FACE_BOUND('',#765,.F.);
#765 = EDGE_LOOP('',(#766));
#766 = ORIENTED_EDGE('',*,*,#767,.T.);
#767 = EDGE_CURVE('',#768,#768,#770,.T.);
#768 = VERTEX_POINT('',#769);
#769 = CARTESIAN_POINT('',(-5.388445916248E-16,145.,-90.8));
#770 = CIRCLE('',#771,2.2);
#771 = AXIS2_PLACEMENT_3D('',#772,#773,#774);
#772 = CARTESIAN_POINT('',(0.,145.,-93.));
#773 = DIRECTION('',(0.,1.,0.));
#774 = DIRECTION('',(0.,-0.,1.));
#775 = FACE_BOUND('',#776,.F.);
#776 = EDGE_LOOP('',(#777,#788,#796,#805,#813,#822));
#777 = ORIENTED_EDGE('',*,*,#778,.F.);
#778 = EDGE_CURVE('',#779,#781,#783,.T.);
#779 = VERTEX_POINT('',#780);
#780 = CARTESIAN_POINT('',(10.,145.,-73.84131112314));
#781 = VERTEX_POINT('',#782);
#782 = CARTESIAN_POINT('',(6.853075311273,145.,-72.2028472821));
#783 = CIRCLE('',#784,2.);
#784 = AXIS2_PLACEMENT_3D('',#785,#786,#787);
#785 = CARTESIAN_POINT('',(8.,145.,-73.84131112314));
#786 = DIRECTION('',(0.,-1.,-0.));
#787 = DIRECTION('',(-0.573462344363,-0.,0.819231920519));
#788 = ORIENTED_EDGE('',*,*,#789,.T.);
#789 = EDGE_CURVE('',#779,#790,#792,.T.);
#790 = VERTEX_POINT('',#791);
#791 = CARTESIAN_POINT('',(10.,145.,-82.));
#792 = LINE('',#793,#794);
#793 = CARTESIAN_POINT('',(10.,145.,-62.30862745791));
#794 = VECTOR('',#795,1.);
#795 = DIRECTION('',(0.,0.,-1.));
#796 = ORIENTED_EDGE('',*,*,#797,.F.);
#797 = EDGE_CURVE('',#798,#790,#800,.T.);
#798 = VERTEX_POINT('',#799);
#799 = CARTESIAN_POINT('',(8.,145.,-84.));
#800 = CIRCLE('',#801,2.);
#801 = AXIS2_PLACEMENT_3D('',#802,#803,#804);
#802 = CARTESIAN_POINT('',(8.,145.,-82.));
#803 = DIRECTION('',(0.,-1.,-0.));
#804 = DIRECTION('',(1.,0.,0.));
#805 = ORIENTED_EDGE('',*,*,#806,.T.);
#806 = EDGE_CURVE('',#798,#807,#809,.T.);
#807 = VERTEX_POINT('',#808);
#808 = CARTESIAN_POINT('',(-3.655269824076,145.,-84.));
#809 = LINE('',#810,#811);
#810 = CARTESIAN_POINT('',(4.,145.,-84.));
#811 = VECTOR('',#812,1.);
#812 = DIRECTION('',(-1.,0.,0.));
#813 = ORIENTED_EDGE('',*,*,#814,.F.);
#814 = EDGE_CURVE('',#815,#807,#817,.T.);
#815 = VERTEX_POINT('',#816);
#816 = CARTESIAN_POINT('',(-4.802194512803,145.,-80.36153615896));
#817 = CIRCLE('',#818,2.);
#818 = AXIS2_PLACEMENT_3D('',#819,#820,#821);
#819 = CARTESIAN_POINT('',(-3.655269824076,145.,-82.));
#820 = DIRECTION('',(0.,-1.,-0.));
#821 = DIRECTION('',(-1.7763568394E-15,0.,-1.));
#822 = ORIENTED_EDGE('',*,*,#823,.T.);
#823 = EDGE_CURVE('',#815,#781,#824,.T.);
#824 = LINE('',#825,#826);
#825 = CARTESIAN_POINT('',(3.758915946661,145.,-74.36875883733));
#826 = VECTOR('',#827,1.);
#827 = DIRECTION('',(0.819231920519,-0.,0.573462344363));
#828 = FACE_BOUND('',#829,.F.);
#829 = EDGE_LOOP('',(#830,#841,#849,#858,#866,#875));
#830 = ORIENTED_EDGE('',*,*,#831,.F.);
#831 = EDGE_CURVE('',#832,#834,#836,.T.);
#832 = VERTEX_POINT('',#833);
#833 = CARTESIAN_POINT('',(-8.,145.,-101.5));
#834 = VERTEX_POINT('',#835);
#835 = CARTESIAN_POINT('',(-10.,145.,-103.5));
#836 = CIRCLE('',#837,2.);
#837 = AXIS2_PLACEMENT_3D('',#838,#839,#840);
#838 = CARTESIAN_POINT('',(-8.,145.,-103.5));
#839 = DIRECTION('',(-0.,-1.,-0.));
#840 = DIRECTION('',(-1.,0.,0.));
#841 = ORIENTED_EDGE('',*,*,#842,.T.);
#842 = EDGE_CURVE('',#832,#843,#845,.T.);
#843 = VERTEX_POINT('',#844);
#844 = CARTESIAN_POINT('',(2.779365403436,145.,-101.5));
#845 = LINE('',#846,#847);
#846 = CARTESIAN_POINT('',(-4.,145.,-101.5));
#847 = VECTOR('',#848,1.);
#848 = DIRECTION('',(1.,-0.,0.));
#849 = ORIENTED_EDGE('',*,*,#850,.F.);
#850 = EDGE_CURVE('',#851,#843,#853,.T.);
#851 = VERTEX_POINT('',#852);
#852 = CARTESIAN_POINT('',(3.808356914292,145.,-105.2149858514));
#853 = CIRCLE('',#854,2.);
#854 = AXIS2_PLACEMENT_3D('',#855,#856,#857);
#855 = CARTESIAN_POINT('',(2.779365403436,145.,-103.5));
#856 = DIRECTION('',(-0.,-1.,0.));
#857 = DIRECTION('',(-2.886579864025E-15,0.,1.));
#858 = ORIENTED_EDGE('',*,*,#859,.T.);
#859 = EDGE_CURVE('',#851,#860,#862,.T.);
#860 = VERTEX_POINT('',#861);
#861 = CARTESIAN_POINT('',(-6.971008489145,145.,-111.6826050934));
#862 = LINE('',#863,#864);
#863 = CARTESIAN_POINT('',(14.416837914644,145.,-98.84989725121));
#864 = VECTOR('',#865,1.);
#865 = DIRECTION('',(-0.857492925713,0.,-0.514495755428));
#866 = ORIENTED_EDGE('',*,*,#867,.F.);
#867 = EDGE_CURVE('',#868,#860,#870,.T.);
#868 = VERTEX_POINT('',#869);
#869 = CARTESIAN_POINT('',(-10.,145.,-109.967619242));
#870 = CIRCLE('',#871,2.);
#871 = AXIS2_PLACEMENT_3D('',#872,#873,#874);
#872 = CARTESIAN_POINT('',(-8.,145.,-109.967619242));
#873 = DIRECTION('',(0.,-1.,-0.));
#874 = DIRECTION('',(0.514495755428,0.,-0.857492925713));
#875 = ORIENTED_EDGE('',*,*,#876,.T.);
#876 = EDGE_CURVE('',#868,#834,#877,.T.);
#877 = LINE('',#878,#879);
#878 = CARTESIAN_POINT('',(-10.,145.,-80.37178151736));
#879 = VECTOR('',#880,1.);
#880 = DIRECTION('',(0.,0.,1.));
#881 = FACE_BOUND('',#882,.F.);
#882 = EDGE_LOOP('',(#883));
#883 = ORIENTED_EDGE('',*,*,#884,.T.);
#884 = EDGE_CURVE('',#885,#885,#887,.T.);
#885 = VERTEX_POINT('',#886);
#886 = CARTESIAN_POINT('',(-9.858406733136E-16,145.,-125.975));
#887 = CIRCLE('',#888,4.025);
#888 = AXIS2_PLACEMENT_3D('',#889,#890,#891);
#889 = CARTESIAN_POINT('',(0.,145.,-130.));
#890 = DIRECTION('',(0.,1.,0.));
#891 = DIRECTION('',(0.,-0.,1.));
#892 = FACE_BOUND('',#893,.F.);
#893 = EDGE_LOOP('',(#894));
#894 = ORIENTED_EDGE('',*,*,#895,.T.);
#895 = EDGE_CURVE('',#896,#896,#898,.T.);
#896 = VERTEX_POINT('',#897);
#897 = CARTESIAN_POINT('',(21.650635094611,145.,15.6));
#898 = CIRCLE('',#899,3.1);
#899 = AXIS2_PLACEMENT_3D('',#900,#901,#902);
#900 = CARTESIAN_POINT('',(21.650635094611,145.,12.5));
#901 = DIRECTION('',(0.,1.,0.));
#902 = DIRECTION('',(0.,-0.,1.));
#903 = FACE_BOUND('',#904,.F.);
#904 = EDGE_LOOP('',(#905));
#905 = ORIENTED_EDGE('',*,*,#906,.T.);
#906 = EDGE_CURVE('',#907,#907,#909,.T.);
#907 = VERTEX_POINT('',#908);
#908 = CARTESIAN_POINT('',(31.,145.,14.2));
#909 = CIRCLE('',#910,2.2);
#910 = AXIS2_PLACEMENT_3D('',#911,#912,#913);
#911 = CARTESIAN_POINT('',(31.,145.,12.));
#912 = DIRECTION('',(0.,1.,0.));
#913 = DIRECTION('',(0.,-0.,1.));
#914 = FACE_BOUND('',#915,.F.);
#915 = EDGE_LOOP('',(#916));
#916 = ORIENTED_EDGE('',*,*,#917,.T.);
#917 = EDGE_CURVE('',#918,#918,#920,.T.);
#918 = VERTEX_POINT('',#919);
#919 = CARTESIAN_POINT('',(31.,145.,-9.8));
#920 = CIRCLE('',#921,2.2);
#921 = AXIS2_PLACEMENT_3D('',#922,#923,#924);
#922 = CARTESIAN_POINT('',(31.,145.,-12.));
#923 = DIRECTION('',(0.,1.,0.));
#924 = DIRECTION('',(0.,-0.,1.));
#925 = FACE_BOUND('',#926,.F.);
#926 = EDGE_LOOP('',(#927));
#927 = ORIENTED_EDGE('',*,*,#928,.T.);
#928 = EDGE_CURVE('',#929,#929,#931,.T.);
#929 = VERTEX_POINT('',#930);
#930 = CARTESIAN_POINT('',(21.650635094611,145.,-9.4));
#931 = CIRCLE('',#932,3.1);
#932 = AXIS2_PLACEMENT_3D('',#933,#934,#935);
#933 = CARTESIAN_POINT('',(21.650635094611,145.,-12.5));
#934 = DIRECTION('',(0.,1.,0.));
#935 = DIRECTION('',(0.,-0.,1.));
#936 = PLANE('',#937);
#937 = AXIS2_PLACEMENT_3D('',#938,#939,#940);
#938 = CARTESIAN_POINT('',(-3.703026155839E-15,145.,-50.77594379267));
#939 = DIRECTION('',(-0.,-1.,-0.));
#940 = DIRECTION('',(0.,0.,-1.));
#941 = ADVANCED_FACE('',(#942),#953,.T.);
#942 = FACE_BOUND('',#943,.T.);
#943 = EDGE_LOOP('',(#944,#950,#951,#952));
#944 = ORIENTED_EDGE('',*,*,#945,.T.);
#945 = EDGE_CURVE('',#147,#630,#946,.T.);
#946 = LINE('',#947,#948);
#947 = CARTESIAN_POINT('',(17.,139.,-130.));
#948 = VECTOR('',#949,1.);
#949 = DIRECTION('',(0.,1.,0.));
#950 = ORIENTED_EDGE('',*,*,#638,.T.);
#951 = ORIENTED_EDGE('',*,*,#63,.F.);
#952 = ORIENTED_EDGE('',*,*,#155,.F.);
#953 = SURFACE_OF_LINEAR_EXTRUSION('',#954,#959);
#954 = B_SPLINE_CURVE_WITH_KNOTS('',3,(#955,#956,#957,#958),
  .UNSPECIFIED.,.F.,.F.,(4,4),(0.,1.),.PIECEWISE_BEZIER_KNOTS.);
#955 = CARTESIAN_POINT('',(17.,139.,-130.));
#956 = CARTESIAN_POINT('',(17.,139.,-104.));
#957 = CARTESIAN_POINT('',(18.,139.,-78.));
#958 = CARTESIAN_POINT('',(18.,139.,-55.));
#959 = VECTOR('',#960,1.);
#960 = DIRECTION('',(-0.,-1.,-0.));
#961 = ADVANCED_FACE('',(#962),#973,.T.);
#962 = FACE_BOUND('',#963,.T.);
#963 = EDGE_LOOP('',(#964,#965,#966,#972));
#964 = ORIENTED_EDGE('',*,*,#109,.T.);
#965 = ORIENTED_EDGE('',*,*,#620,.T.);
#966 = ORIENTED_EDGE('',*,*,#967,.F.);
#967 = EDGE_CURVE('',#138,#621,#968,.T.);
#968 = LINE('',#969,#970);
#969 = CARTESIAN_POINT('',(-17.,139.,-130.));
#970 = VECTOR('',#971,1.);
#971 = DIRECTION('',(0.,1.,0.));
#972 = ORIENTED_EDGE('',*,*,#137,.F.);
#973 = SURFACE_OF_LINEAR_EXTRUSION('',#974,#979);
#974 = B_SPLINE_CURVE_WITH_KNOTS('',3,(#975,#976,#977,#978),
  .UNSPECIFIED.,.F.,.F.,(4,4),(0.,1.),.PIECEWISE_BEZIER_KNOTS.);
#975 = CARTESIAN_POINT('',(-18.,139.,-55.));
#976 = CARTESIAN_POINT('',(-18.,139.,-78.));
#977 = CARTESIAN_POINT('',(-17.,139.,-104.));
#978 = CARTESIAN_POINT('',(-17.,139.,-130.));
#979 = VECTOR('',#980,1.);
#980 = DIRECTION('',(-0.,-1.,-0.));
#981 = ADVANCED_FACE('',(#982),#988,.T.);
#982 = FACE_BOUND('',#983,.T.);
#983 = EDGE_LOOP('',(#984,#985,#986,#987));
#984 = ORIENTED_EDGE('',*,*,#967,.T.);
#985 = ORIENTED_EDGE('',*,*,#629,.T.);
#986 = ORIENTED_EDGE('',*,*,#945,.F.);
#987 = ORIENTED_EDGE('',*,*,#146,.F.);
#988 = CYLINDRICAL_SURFACE('',#989,17.);
#989 = AXIS2_PLACEMENT_3D('',#990,#991,#992);
#990 = CARTESIAN_POINT('',(0.,139.,-130.));
#991 = DIRECTION('',(0.,-1.,0.));
#992 = DIRECTION('',(-1.,0.,0.));
#993 = ADVANCED_FACE('',(#994),#1013,.F.);
#994 = FACE_BOUND('',#995,.F.);
#995 = EDGE_LOOP('',(#996,#1005,#1011,#1012));
#996 = ORIENTED_EDGE('',*,*,#997,.F.);
#997 = EDGE_CURVE('',#998,#998,#1000,.T.);
#998 = VERTEX_POINT('',#999);
#999 = CARTESIAN_POINT('',(-21.65063509461,142.,14.2));
#1000 = CIRCLE('',#1001,1.7);
#1001 = AXIS2_PLACEMENT_3D('',#1002,#1003,#1004);
#1002 = CARTESIAN_POINT('',(-21.65063509461,142.,12.5));
#1003 = DIRECTION('',(0.,1.,0.));
#1004 = DIRECTION('',(0.,-0.,1.));
#1005 = ORIENTED_EDGE('',*,*,#1006,.F.);
#1006 = EDGE_CURVE('',#166,#998,#1007,.T.);
#1007 = LINE('',#1008,#1009);
#1008 = CARTESIAN_POINT('',(-21.65063509461,138.,14.2));
#1009 = VECTOR('',#1010,1.);
#1010 = DIRECTION('',(0.,1.,0.));
#1011 = ORIENTED_EDGE('',*,*,#165,.T.);
#1012 = ORIENTED_EDGE('',*,*,#1006,.T.);
#1013 = CYLINDRICAL_SURFACE('',#1014,1.7);
#1014 = AXIS2_PLACEMENT_3D('',#1015,#1016,#1017);
#1015 = CARTESIAN_POINT('',(-21.65063509461,138.,12.5));
#1016 = DIRECTION('',(0.,1.,0.));
#1017 = DIRECTION('',(0.,-0.,1.));
#1018 = ADVANCED_FACE('',(#1019),#1038,.F.);
#1019 = FACE_BOUND('',#1020,.F.);
#1020 = EDGE_LOOP('',(#1021,#1030,#1036,#1037));
#1021 = ORIENTED_EDGE('',*,*,#1022,.F.);
#1022 = EDGE_CURVE('',#1023,#1023,#1025,.T.);
#1023 = VERTEX_POINT('',#1024);
#1024 = CARTESIAN_POINT('',(-21.65063509461,142.,-10.8));
#1025 = CIRCLE('',#1026,1.7);
#1026 = AXIS2_PLACEMENT_3D('',#1027,#1028,#1029);
#1027 = CARTESIAN_POINT('',(-21.65063509461,142.,-12.5));
#1028 = DIRECTION('',(0.,1.,0.));
#1029 = DIRECTION('',(0.,-0.,1.));
#1030 = ORIENTED_EDGE('',*,*,#1031,.F.);
#1031 = EDGE_CURVE('',#177,#1023,#1032,.T.);
#1032 = LINE('',#1033,#1034);
#1033 = CARTESIAN_POINT('',(-21.65063509461,138.,-10.8));
#1034 = VECTOR('',#1035,1.);
#1035 = DIRECTION('',(0.,1.,0.));
#1036 = ORIENTED_EDGE('',*,*,#176,.T.);
#1037 = ORIENTED_EDGE('',*,*,#1031,.T.);
#1038 = CYLINDRICAL_SURFACE('',#1039,1.7);
#1039 = AXIS2_PLACEMENT_3D('',#1040,#1041,#1042);
#1040 = CARTESIAN_POINT('',(-21.65063509461,138.,-12.5));
#1041 = DIRECTION('',(0.,1.,0.));
#1042 = DIRECTION('',(0.,-0.,1.));
#1043 = ADVANCED_FACE('',(#1044),#1063,.F.);
#1044 = FACE_BOUND('',#1045,.F.);
#1045 = EDGE_LOOP('',(#1046,#1055,#1061,#1062));
#1046 = ORIENTED_EDGE('',*,*,#1047,.F.);
#1047 = EDGE_CURVE('',#1048,#1048,#1050,.T.);
#1048 = VERTEX_POINT('',#1049);
#1049 = CARTESIAN_POINT('',(1.114428587224E-15,142.,26.7));
#1050 = CIRCLE('',#1051,1.7);
#1051 = AXIS2_PLACEMENT_3D('',#1052,#1053,#1054);
#1052 = CARTESIAN_POINT('',(1.530808498934E-15,142.,25.));
#1053 = DIRECTION('',(0.,1.,0.));
#1054 = DIRECTION('',(0.,-0.,1.));
#1055 = ORIENTED_EDGE('',*,*,#1056,.F.);
#1056 = EDGE_CURVE('',#188,#1048,#1057,.T.);
#1057 = LINE('',#1058,#1059);
#1058 = CARTESIAN_POINT('',(1.114428587224E-15,138.,26.7));
#1059 = VECTOR('',#1060,1.);
#1060 = DIRECTION('',(0.,1.,0.));
#1061 = ORIENTED_EDGE('',*,*,#187,.T.);
#1062 = ORIENTED_EDGE('',*,*,#1056,.T.);
#1063 = CYLINDRICAL_SURFACE('',#1064,1.7);
#1064 = AXIS2_PLACEMENT_3D('',#1065,#1066,#1067);
#1065 = CARTESIAN_POINT('',(1.530808498934E-15,138.,25.));
#1066 = DIRECTION('',(0.,1.,0.));
#1067 = DIRECTION('',(0.,-0.,1.));
#1068 = ADVANCED_FACE('',(#1069),#1080,.F.);
#1069 = FACE_BOUND('',#1070,.F.);
#1070 = EDGE_LOOP('',(#1071,#1072,#1078,#1079));
#1071 = ORIENTED_EDGE('',*,*,#681,.F.);
#1072 = ORIENTED_EDGE('',*,*,#1073,.F.);
#1073 = EDGE_CURVE('',#199,#682,#1074,.T.);
#1074 = LINE('',#1075,#1076);
#1075 = CARTESIAN_POINT('',(-4.947573068555E-15,138.,20.2));
#1076 = VECTOR('',#1077,1.);
#1077 = DIRECTION('',(0.,1.,0.));
#1078 = ORIENTED_EDGE('',*,*,#198,.T.);
#1079 = ORIENTED_EDGE('',*,*,#1073,.T.);
#1080 = CYLINDRICAL_SURFACE('',#1081,20.2);
#1081 = AXIS2_PLACEMENT_3D('',#1082,#1083,#1084);
#1082 = CARTESIAN_POINT('',(0.,138.,0.));
#1083 = DIRECTION('',(0.,1.,0.));
#1084 = DIRECTION('',(0.,-0.,1.));
#1085 = ADVANCED_FACE('',(#1086),#1102,.F.);
#1086 = FACE_BOUND('',#1087,.T.);
#1087 = EDGE_LOOP('',(#1088,#1089,#1095,#1096));
#1088 = ORIENTED_EDGE('',*,*,#209,.T.);
#1089 = ORIENTED_EDGE('',*,*,#1090,.T.);
#1090 = EDGE_CURVE('',#212,#706,#1091,.T.);
#1091 = LINE('',#1092,#1093);
#1092 = CARTESIAN_POINT('',(-10.,138.,-44.));
#1093 = VECTOR('',#1094,1.);
#1094 = DIRECTION('',(0.,1.,0.));
#1095 = ORIENTED_EDGE('',*,*,#703,.F.);
#1096 = ORIENTED_EDGE('',*,*,#1097,.F.);
#1097 = EDGE_CURVE('',#210,#704,#1098,.T.);
#1098 = LINE('',#1099,#1100);
#1099 = CARTESIAN_POINT('',(-8.,138.,-42.));
#1100 = VECTOR('',#1101,1.);
#1101 = DIRECTION('',(0.,1.,0.));
#1102 = CYLINDRICAL_SURFACE('',#1103,2.);
#1103 = AXIS2_PLACEMENT_3D('',#1104,#1105,#1106);
#1104 = CARTESIAN_POINT('',(-8.,138.,-44.));
#1105 = DIRECTION('',(-0.,-1.,-0.));
#1106 = DIRECTION('',(-1.,0.,3.5527136788E-15));
#1107 = ADVANCED_FACE('',(#1108),#1119,.T.);
#1108 = FACE_BOUND('',#1109,.T.);
#1109 = EDGE_LOOP('',(#1110,#1111,#1112,#1113));
#1110 = ORIENTED_EDGE('',*,*,#220,.F.);
#1111 = ORIENTED_EDGE('',*,*,#1097,.T.);
#1112 = ORIENTED_EDGE('',*,*,#714,.T.);
#1113 = ORIENTED_EDGE('',*,*,#1114,.F.);
#1114 = EDGE_CURVE('',#221,#715,#1115,.T.);
#1115 = LINE('',#1116,#1117);
#1116 = CARTESIAN_POINT('',(3.253273710192,138.,-42.));
#1117 = VECTOR('',#1118,1.);
#1118 = DIRECTION('',(0.,1.,0.));
#1119 = PLANE('',#1120);
#1120 = AXIS2_PLACEMENT_3D('',#1121,#1122,#1123);
#1121 = CARTESIAN_POINT('',(-8.,138.,-42.));
#1122 = DIRECTION('',(0.,0.,-1.));
#1123 = DIRECTION('',(1.,0.,0.));
#1124 = ADVANCED_FACE('',(#1125),#1136,.T.);
#1125 = FACE_BOUND('',#1126,.T.);
#1126 = EDGE_LOOP('',(#1127,#1128,#1134,#1135));
#1127 = ORIENTED_EDGE('',*,*,#254,.F.);
#1128 = ORIENTED_EDGE('',*,*,#1129,.T.);
#1129 = EDGE_CURVE('',#246,#740,#1130,.T.);
#1130 = LINE('',#1131,#1132);
#1131 = CARTESIAN_POINT('',(-10.,138.,-51.31462791162));
#1132 = VECTOR('',#1133,1.);
#1133 = DIRECTION('',(0.,1.,0.));
#1134 = ORIENTED_EDGE('',*,*,#748,.T.);
#1135 = ORIENTED_EDGE('',*,*,#1090,.F.);
#1136 = PLANE('',#1137);
#1137 = AXIS2_PLACEMENT_3D('',#1138,#1139,#1140);
#1138 = CARTESIAN_POINT('',(-10.,138.,-51.31462791162));
#1139 = DIRECTION('',(1.,0.,0.));
#1140 = DIRECTION('',(0.,0.,1.));
#1141 = ADVANCED_FACE('',(#1142),#1153,.F.);
#1142 = FACE_BOUND('',#1143,.T.);
#1143 = EDGE_LOOP('',(#1144,#1145,#1146,#1147));
#1144 = ORIENTED_EDGE('',*,*,#228,.T.);
#1145 = ORIENTED_EDGE('',*,*,#1114,.T.);
#1146 = ORIENTED_EDGE('',*,*,#722,.F.);
#1147 = ORIENTED_EDGE('',*,*,#1148,.F.);
#1148 = EDGE_CURVE('',#229,#723,#1149,.T.);
#1149 = LINE('',#1150,#1151);
#1150 = CARTESIAN_POINT('',(4.343250411383,138.,-45.6768872326));
#1151 = VECTOR('',#1152,1.);
#1152 = DIRECTION('',(0.,1.,0.));
#1153 = CYLINDRICAL_SURFACE('',#1154,2.);
#1154 = AXIS2_PLACEMENT_3D('',#1155,#1156,#1157);
#1155 = CARTESIAN_POINT('',(3.253273710192,138.,-44.));
#1156 = DIRECTION('',(-0.,-1.,-0.));
#1157 = DIRECTION('',(1.33226762955E-15,-0.,1.));
#1158 = ADVANCED_FACE('',(#1159),#1170,.F.);
#1159 = FACE_BOUND('',#1160,.T.);
#1160 = EDGE_LOOP('',(#1161,#1162,#1168,#1169));
#1161 = ORIENTED_EDGE('',*,*,#245,.T.);
#1162 = ORIENTED_EDGE('',*,*,#1163,.T.);
#1163 = EDGE_CURVE('',#238,#732,#1164,.T.);
#1164 = LINE('',#1165,#1166);
#1165 = CARTESIAN_POINT('',(-6.910023298809,138.,-52.99151514422));
#1166 = VECTOR('',#1167,1.);
#1167 = DIRECTION('',(0.,1.,0.));
#1168 = ORIENTED_EDGE('',*,*,#739,.F.);
#1169 = ORIENTED_EDGE('',*,*,#1129,.F.);
#1170 = CYLINDRICAL_SURFACE('',#1171,2.);
#1171 = AXIS2_PLACEMENT_3D('',#1172,#1173,#1174);
#1172 = CARTESIAN_POINT('',(-8.,138.,-51.31462791162));
#1173 = DIRECTION('',(-0.,-1.,-0.));
#1174 = DIRECTION('',(0.544988350595,0.,-0.838443616301));
#1175 = ADVANCED_FACE('',(#1176),#1182,.T.);
#1176 = FACE_BOUND('',#1177,.T.);
#1177 = EDGE_LOOP('',(#1178,#1179,#1180,#1181));
#1178 = ORIENTED_EDGE('',*,*,#237,.F.);
#1179 = ORIENTED_EDGE('',*,*,#1148,.T.);
#1180 = ORIENTED_EDGE('',*,*,#731,.T.);
#1181 = ORIENTED_EDGE('',*,*,#1163,.F.);
#1182 = PLANE('',#1183);
#1183 = AXIS2_PLACEMENT_3D('',#1184,#1185,#1186);
#1184 = CARTESIAN_POINT('',(4.343250411383,138.,-45.6768872326));
#1185 = DIRECTION('',(-0.544988350595,0.,0.838443616301));
#1186 = DIRECTION('',(-0.838443616301,0.,-0.544988350595));
#1187 = ADVANCED_FACE('',(#1188),#1207,.F.);
#1188 = FACE_BOUND('',#1189,.F.);
#1189 = EDGE_LOOP('',(#1190,#1199,#1205,#1206));
#1190 = ORIENTED_EDGE('',*,*,#1191,.F.);
#1191 = EDGE_CURVE('',#1192,#1192,#1194,.T.);
#1192 = VERTEX_POINT('',#1193);
#1193 = CARTESIAN_POINT('',(-5.008805408513E-15,142.,-23.3));
#1194 = CIRCLE('',#1195,1.7);
#1195 = AXIS2_PLACEMENT_3D('',#1196,#1197,#1198);
#1196 = CARTESIAN_POINT('',(-4.592425496803E-15,142.,-25.));
#1197 = DIRECTION('',(0.,1.,0.));
#1198 = DIRECTION('',(0.,-0.,1.));
#1199 = ORIENTED_EDGE('',*,*,#1200,.F.);
#1200 = EDGE_CURVE('',#263,#1192,#1201,.T.);
#1201 = LINE('',#1202,#1203);
#1202 = CARTESIAN_POINT('',(-5.008805408513E-15,138.,-23.3));
#1203 = VECTOR('',#1204,1.);
#1204 = DIRECTION('',(0.,1.,0.));
#1205 = ORIENTED_EDGE('',*,*,#262,.T.);
#1206 = ORIENTED_EDGE('',*,*,#1200,.T.);
#1207 = CYLINDRICAL_SURFACE('',#1208,1.7);
#1208 = AXIS2_PLACEMENT_3D('',#1209,#1210,#1211);
#1209 = CARTESIAN_POINT('',(-4.592425496803E-15,138.,-25.));
#1210 = DIRECTION('',(0.,1.,0.));
#1211 = DIRECTION('',(0.,-0.,1.));
#1212 = ADVANCED_FACE('',(#1213),#1238,.F.);
#1213 = FACE_BOUND('',#1214,.F.);
#1214 = EDGE_LOOP('',(#1215,#1216,#1224,#1232));
#1215 = ORIENTED_EDGE('',*,*,#273,.F.);
#1216 = ORIENTED_EDGE('',*,*,#1217,.T.);
#1217 = EDGE_CURVE('',#274,#1218,#1220,.T.);
#1218 = VERTEX_POINT('',#1219);
#1219 = CARTESIAN_POINT('',(3.65,142.2,-63.89267151745));
#1220 = LINE('',#1221,#1222);
#1221 = CARTESIAN_POINT('',(3.65,138.9,-63.89267151745));
#1222 = VECTOR('',#1223,1.);
#1223 = DIRECTION('',(0.,1.,0.));
#1224 = ORIENTED_EDGE('',*,*,#1225,.T.);
#1225 = EDGE_CURVE('',#1218,#1226,#1228,.T.);
#1226 = VERTEX_POINT('',#1227);
#1227 = CARTESIAN_POINT('',(2.580733080897E-16,142.2,-61.78534303491));
#1228 = LINE('',#1229,#1230);
#1229 = CARTESIAN_POINT('',(3.65,142.2,-63.89267151745));
#1230 = VECTOR('',#1231,1.);
#1231 = DIRECTION('',(-0.866025403784,0.,0.5));
#1232 = ORIENTED_EDGE('',*,*,#1233,.F.);
#1233 = EDGE_CURVE('',#276,#1226,#1234,.T.);
#1234 = LINE('',#1235,#1236);
#1235 = CARTESIAN_POINT('',(2.580733080897E-16,138.9,-61.78534303491));
#1236 = VECTOR('',#1237,1.);
#1237 = DIRECTION('',(0.,1.,0.));
#1238 = PLANE('',#1239);
#1239 = AXIS2_PLACEMENT_3D('',#1240,#1241,#1242);
#1240 = CARTESIAN_POINT('',(3.65,138.9,-63.89267151745));
#1241 = DIRECTION('',(0.5,-0.,0.866025403784));
#1242 = DIRECTION('',(-0.866025403784,0.,0.5));
#1243 = ADVANCED_FACE('',(#1244),#1262,.F.);
#1244 = FACE_BOUND('',#1245,.F.);
#1245 = EDGE_LOOP('',(#1246,#1247,#1255,#1261));
#1246 = ORIENTED_EDGE('',*,*,#283,.F.);
#1247 = ORIENTED_EDGE('',*,*,#1248,.T.);
#1248 = EDGE_CURVE('',#284,#1249,#1251,.T.);
#1249 = VERTEX_POINT('',#1250);
#1250 = CARTESIAN_POINT('',(3.65,142.2,-68.10732848254));
#1251 = LINE('',#1252,#1253);
#1252 = CARTESIAN_POINT('',(3.65,138.9,-68.10732848254));
#1253 = VECTOR('',#1254,1.);
#1254 = DIRECTION('',(0.,1.,0.));
#1255 = ORIENTED_EDGE('',*,*,#1256,.T.);
#1256 = EDGE_CURVE('',#1249,#1218,#1257,.T.);
#1257 = LINE('',#1258,#1259);
#1258 = CARTESIAN_POINT('',(3.65,142.2,-68.10732848254));
#1259 = VECTOR('',#1260,1.);
#1260 = DIRECTION('',(3.161034552959E-16,0.,1.));
#1261 = ORIENTED_EDGE('',*,*,#1217,.F.);
#1262 = PLANE('',#1263);
#1263 = AXIS2_PLACEMENT_3D('',#1264,#1265,#1266);
#1264 = CARTESIAN_POINT('',(3.65,138.9,-68.10732848254));
#1265 = DIRECTION('',(1.,0.,-3.161034552959E-16));
#1266 = DIRECTION('',(3.161034552959E-16,0.,1.));
#1267 = ADVANCED_FACE('',(#1268),#1286,.F.);
#1268 = FACE_BOUND('',#1269,.F.);
#1269 = EDGE_LOOP('',(#1270,#1271,#1272,#1280));
#1270 = ORIENTED_EDGE('',*,*,#315,.F.);
#1271 = ORIENTED_EDGE('',*,*,#1233,.T.);
#1272 = ORIENTED_EDGE('',*,*,#1273,.T.);
#1273 = EDGE_CURVE('',#1226,#1274,#1276,.T.);
#1274 = VERTEX_POINT('',#1275);
#1275 = CARTESIAN_POINT('',(-3.65,142.2,-63.89267151745));
#1276 = LINE('',#1277,#1278);
#1277 = CARTESIAN_POINT('',(2.580733080897E-16,142.2,-61.78534303491));
#1278 = VECTOR('',#1279,1.);
#1279 = DIRECTION('',(-0.866025403784,0.,-0.5));
#1280 = ORIENTED_EDGE('',*,*,#1281,.F.);
#1281 = EDGE_CURVE('',#308,#1274,#1282,.T.);
#1282 = LINE('',#1283,#1284);
#1283 = CARTESIAN_POINT('',(-3.65,138.9,-63.89267151745));
#1284 = VECTOR('',#1285,1.);
#1285 = DIRECTION('',(0.,1.,0.));
#1286 = PLANE('',#1287);
#1287 = AXIS2_PLACEMENT_3D('',#1288,#1289,#1290);
#1288 = CARTESIAN_POINT('',(2.580733080897E-16,138.9,-61.78534303491));
#1289 = DIRECTION('',(-0.5,0.,0.866025403784));
#1290 = DIRECTION('',(-0.866025403784,0.,-0.5));
#1291 = ADVANCED_FACE('',(#1292),#1310,.F.);
#1292 = FACE_BOUND('',#1293,.F.);
#1293 = EDGE_LOOP('',(#1294,#1295,#1303,#1309));
#1294 = ORIENTED_EDGE('',*,*,#291,.F.);
#1295 = ORIENTED_EDGE('',*,*,#1296,.T.);
#1296 = EDGE_CURVE('',#292,#1297,#1299,.T.);
#1297 = VERTEX_POINT('',#1298);
#1298 = CARTESIAN_POINT('',(-7.742199242692E-16,142.2,-70.21465696508));
#1299 = LINE('',#1300,#1301);
#1300 = CARTESIAN_POINT('',(-7.742199242692E-16,138.9,-70.21465696508));
#1301 = VECTOR('',#1302,1.);
#1302 = DIRECTION('',(0.,1.,0.));
#1303 = ORIENTED_EDGE('',*,*,#1304,.T.);
#1304 = EDGE_CURVE('',#1297,#1249,#1305,.T.);
#1305 = LINE('',#1306,#1307);
#1306 = CARTESIAN_POINT('',(-7.742199242692E-16,142.2,-70.21465696508));
#1307 = VECTOR('',#1308,1.);
#1308 = DIRECTION('',(0.866025403784,0.,0.5));
#1309 = ORIENTED_EDGE('',*,*,#1248,.F.);
#1310 = PLANE('',#1311);
#1311 = AXIS2_PLACEMENT_3D('',#1312,#1313,#1314);
#1312 = CARTESIAN_POINT('',(-7.742199242692E-16,138.9,-70.21465696508));
#1313 = DIRECTION('',(0.5,0.,-0.866025403784));
#1314 = DIRECTION('',(0.866025403784,0.,0.5));
#1315 = ADVANCED_FACE('',(#1316),#1334,.F.);
#1316 = FACE_BOUND('',#1317,.F.);
#1317 = EDGE_LOOP('',(#1318,#1319,#1320,#1328));
#1318 = ORIENTED_EDGE('',*,*,#307,.F.);
#1319 = ORIENTED_EDGE('',*,*,#1281,.T.);
#1320 = ORIENTED_EDGE('',*,*,#1321,.T.);
#1321 = EDGE_CURVE('',#1274,#1322,#1324,.T.);
#1322 = VERTEX_POINT('',#1323);
#1323 = CARTESIAN_POINT('',(-3.65,142.2,-68.10732848254));
#1324 = LINE('',#1325,#1326);
#1325 = CARTESIAN_POINT('',(-3.65,142.2,-63.89267151745));
#1326 = VECTOR('',#1327,1.);
#1327 = DIRECTION('',(1.05367818432E-16,0.,-1.));
#1328 = ORIENTED_EDGE('',*,*,#1329,.F.);
#1329 = EDGE_CURVE('',#300,#1322,#1330,.T.);
#1330 = LINE('',#1331,#1332);
#1331 = CARTESIAN_POINT('',(-3.65,138.9,-68.10732848254));
#1332 = VECTOR('',#1333,1.);
#1333 = DIRECTION('',(0.,1.,0.));
#1334 = PLANE('',#1335);
#1335 = AXIS2_PLACEMENT_3D('',#1336,#1337,#1338);
#1336 = CARTESIAN_POINT('',(-3.65,138.9,-63.89267151745));
#1337 = DIRECTION('',(-1.,0.,-1.05367818432E-16));
#1338 = DIRECTION('',(1.05367818432E-16,0.,-1.));
#1339 = ADVANCED_FACE('',(#1340),#1351,.F.);
#1340 = FACE_BOUND('',#1341,.F.);
#1341 = EDGE_LOOP('',(#1342,#1343,#1344,#1350));
#1342 = ORIENTED_EDGE('',*,*,#299,.F.);
#1343 = ORIENTED_EDGE('',*,*,#1329,.T.);
#1344 = ORIENTED_EDGE('',*,*,#1345,.T.);
#1345 = EDGE_CURVE('',#1322,#1297,#1346,.T.);
#1346 = LINE('',#1347,#1348);
#1347 = CARTESIAN_POINT('',(-3.65,142.2,-68.10732848254));
#1348 = VECTOR('',#1349,1.);
#1349 = DIRECTION('',(0.866025403784,0.,-0.5));
#1350 = ORIENTED_EDGE('',*,*,#1296,.F.);
#1351 = PLANE('',#1352);
#1352 = AXIS2_PLACEMENT_3D('',#1353,#1354,#1355);
#1353 = CARTESIAN_POINT('',(-3.65,138.9,-68.10732848254));
#1354 = DIRECTION('',(-0.5,0.,-0.866025403784));
#1355 = DIRECTION('',(0.866025403784,0.,-0.5));
#1356 = ADVANCED_FACE('',(#1357),#1382,.F.);
#1357 = FACE_BOUND('',#1358,.F.);
#1358 = EDGE_LOOP('',(#1359,#1360,#1368,#1376));
#1359 = ORIENTED_EDGE('',*,*,#323,.F.);
#1360 = ORIENTED_EDGE('',*,*,#1361,.T.);
#1361 = EDGE_CURVE('',#324,#1362,#1364,.T.);
#1362 = VERTEX_POINT('',#1363);
#1363 = CARTESIAN_POINT('',(3.65,142.2,-90.89267151745));
#1364 = LINE('',#1365,#1366);
#1365 = CARTESIAN_POINT('',(3.65,138.9,-90.89267151745));
#1366 = VECTOR('',#1367,1.);
#1367 = DIRECTION('',(0.,1.,0.));
#1368 = ORIENTED_EDGE('',*,*,#1369,.T.);
#1369 = EDGE_CURVE('',#1362,#1370,#1372,.T.);
#1370 = VERTEX_POINT('',#1371);
#1371 = CARTESIAN_POINT('',(2.580733080897E-16,142.2,-88.78534303491));
#1372 = LINE('',#1373,#1374);
#1373 = CARTESIAN_POINT('',(3.65,142.2,-90.89267151745));
#1374 = VECTOR('',#1375,1.);
#1375 = DIRECTION('',(-0.866025403784,0.,0.5));
#1376 = ORIENTED_EDGE('',*,*,#1377,.F.);
#1377 = EDGE_CURVE('',#326,#1370,#1378,.T.);
#1378 = LINE('',#1379,#1380);
#1379 = CARTESIAN_POINT('',(2.580733080897E-16,138.9,-88.78534303491));
#1380 = VECTOR('',#1381,1.);
#1381 = DIRECTION('',(0.,1.,0.));
#1382 = PLANE('',#1383);
#1383 = AXIS2_PLACEMENT_3D('',#1384,#1385,#1386);
#1384 = CARTESIAN_POINT('',(3.65,138.9,-90.89267151745));
#1385 = DIRECTION('',(0.5,-0.,0.866025403784));
#1386 = DIRECTION('',(-0.866025403784,0.,0.5));
#1387 = ADVANCED_FACE('',(#1388),#1406,.F.);
#1388 = FACE_BOUND('',#1389,.F.);
#1389 = EDGE_LOOP('',(#1390,#1391,#1399,#1405));
#1390 = ORIENTED_EDGE('',*,*,#333,.F.);
#1391 = ORIENTED_EDGE('',*,*,#1392,.T.);
#1392 = EDGE_CURVE('',#334,#1393,#1395,.T.);
#1393 = VERTEX_POINT('',#1394);
#1394 = CARTESIAN_POINT('',(3.65,142.2,-95.10732848254));
#1395 = LINE('',#1396,#1397);
#1396 = CARTESIAN_POINT('',(3.65,138.9,-95.10732848254));
#1397 = VECTOR('',#1398,1.);
#1398 = DIRECTION('',(0.,1.,0.));
#1399 = ORIENTED_EDGE('',*,*,#1400,.T.);
#1400 = EDGE_CURVE('',#1393,#1362,#1401,.T.);
#1401 = LINE('',#1402,#1403);
#1402 = CARTESIAN_POINT('',(3.65,142.2,-95.10732848254));
#1403 = VECTOR('',#1404,1.);
#1404 = DIRECTION('',(3.161034552959E-16,0.,1.));
#1405 = ORIENTED_EDGE('',*,*,#1361,.F.);
#1406 = PLANE('',#1407);
#1407 = AXIS2_PLACEMENT_3D('',#1408,#1409,#1410);
#1408 = CARTESIAN_POINT('',(3.65,138.9,-95.10732848254));
#1409 = DIRECTION('',(1.,0.,-3.161034552959E-16));
#1410 = DIRECTION('',(3.161034552959E-16,0.,1.));
#1411 = ADVANCED_FACE('',(#1412),#1430,.F.);
#1412 = FACE_BOUND('',#1413,.F.);
#1413 = EDGE_LOOP('',(#1414,#1415,#1416,#1424));
#1414 = ORIENTED_EDGE('',*,*,#365,.F.);
#1415 = ORIENTED_EDGE('',*,*,#1377,.T.);
#1416 = ORIENTED_EDGE('',*,*,#1417,.T.);
#1417 = EDGE_CURVE('',#1370,#1418,#1420,.T.);
#1418 = VERTEX_POINT('',#1419);
#1419 = CARTESIAN_POINT('',(-3.65,142.2,-90.89267151745));
#1420 = LINE('',#1421,#1422);
#1421 = CARTESIAN_POINT('',(2.580733080897E-16,142.2,-88.78534303491));
#1422 = VECTOR('',#1423,1.);
#1423 = DIRECTION('',(-0.866025403784,0.,-0.5));
#1424 = ORIENTED_EDGE('',*,*,#1425,.F.);
#1425 = EDGE_CURVE('',#358,#1418,#1426,.T.);
#1426 = LINE('',#1427,#1428);
#1427 = CARTESIAN_POINT('',(-3.65,138.9,-90.89267151745));
#1428 = VECTOR('',#1429,1.);
#1429 = DIRECTION('',(0.,1.,0.));
#1430 = PLANE('',#1431);
#1431 = AXIS2_PLACEMENT_3D('',#1432,#1433,#1434);
#1432 = CARTESIAN_POINT('',(2.580733080897E-16,138.9,-88.78534303491));
#1433 = DIRECTION('',(-0.5,0.,0.866025403784));
#1434 = DIRECTION('',(-0.866025403784,0.,-0.5));
#1435 = ADVANCED_FACE('',(#1436),#1454,.F.);
#1436 = FACE_BOUND('',#1437,.F.);
#1437 = EDGE_LOOP('',(#1438,#1439,#1447,#1453));
#1438 = ORIENTED_EDGE('',*,*,#341,.F.);
#1439 = ORIENTED_EDGE('',*,*,#1440,.T.);
#1440 = EDGE_CURVE('',#342,#1441,#1443,.T.);
#1441 = VERTEX_POINT('',#1442);
#1442 = CARTESIAN_POINT('',(-7.742199242692E-16,142.2,-97.21465696508));
#1443 = LINE('',#1444,#1445);
#1444 = CARTESIAN_POINT('',(-7.742199242692E-16,138.9,-97.21465696508));
#1445 = VECTOR('',#1446,1.);
#1446 = DIRECTION('',(0.,1.,0.));
#1447 = ORIENTED_EDGE('',*,*,#1448,.T.);
#1448 = EDGE_CURVE('',#1441,#1393,#1449,.T.);
#1449 = LINE('',#1450,#1451);
#1450 = CARTESIAN_POINT('',(-7.742199242692E-16,142.2,-97.21465696508));
#1451 = VECTOR('',#1452,1.);
#1452 = DIRECTION('',(0.866025403784,0.,0.5));
#1453 = ORIENTED_EDGE('',*,*,#1392,.F.);
#1454 = PLANE('',#1455);
#1455 = AXIS2_PLACEMENT_3D('',#1456,#1457,#1458);
#1456 = CARTESIAN_POINT('',(-7.742199242692E-16,138.9,-97.21465696508));
#1457 = DIRECTION('',(0.5,0.,-0.866025403784));
#1458 = DIRECTION('',(0.866025403784,0.,0.5));
#1459 = ADVANCED_FACE('',(#1460),#1478,.F.);
#1460 = FACE_BOUND('',#1461,.F.);
#1461 = EDGE_LOOP('',(#1462,#1463,#1464,#1472));
#1462 = ORIENTED_EDGE('',*,*,#357,.F.);
#1463 = ORIENTED_EDGE('',*,*,#1425,.T.);
#1464 = ORIENTED_EDGE('',*,*,#1465,.T.);
#1465 = EDGE_CURVE('',#1418,#1466,#1468,.T.);
#1466 = VERTEX_POINT('',#1467);
#1467 = CARTESIAN_POINT('',(-3.65,142.2,-95.10732848254));
#1468 = LINE('',#1469,#1470);
#1469 = CARTESIAN_POINT('',(-3.65,142.2,-90.89267151745));
#1470 = VECTOR('',#1471,1.);
#1471 = DIRECTION('',(1.05367818432E-16,0.,-1.));
#1472 = ORIENTED_EDGE('',*,*,#1473,.F.);
#1473 = EDGE_CURVE('',#350,#1466,#1474,.T.);
#1474 = LINE('',#1475,#1476);
#1475 = CARTESIAN_POINT('',(-3.65,138.9,-95.10732848254));
#1476 = VECTOR('',#1477,1.);
#1477 = DIRECTION('',(0.,1.,0.));
#1478 = PLANE('',#1479);
#1479 = AXIS2_PLACEMENT_3D('',#1480,#1481,#1482);
#1480 = CARTESIAN_POINT('',(-3.65,138.9,-90.89267151745));
#1481 = DIRECTION('',(-1.,0.,-1.05367818432E-16));
#1482 = DIRECTION('',(1.05367818432E-16,0.,-1.));
#1483 = ADVANCED_FACE('',(#1484),#1495,.F.);
#1484 = FACE_BOUND('',#1485,.F.);
#1485 = EDGE_LOOP('',(#1486,#1487,#1488,#1494));
#1486 = ORIENTED_EDGE('',*,*,#349,.F.);
#1487 = ORIENTED_EDGE('',*,*,#1473,.T.);
#1488 = ORIENTED_EDGE('',*,*,#1489,.T.);
#1489 = EDGE_CURVE('',#1466,#1441,#1490,.T.);
#1490 = LINE('',#1491,#1492);
#1491 = CARTESIAN_POINT('',(-3.65,142.2,-95.10732848254));
#1492 = VECTOR('',#1493,1.);
#1493 = DIRECTION('',(0.866025403784,0.,-0.5));
#1494 = ORIENTED_EDGE('',*,*,#1440,.F.);
#1495 = PLANE('',#1496);
#1496 = AXIS2_PLACEMENT_3D('',#1497,#1498,#1499);
#1497 = CARTESIAN_POINT('',(-3.65,138.9,-95.10732848254));
#1498 = DIRECTION('',(-0.5,0.,-0.866025403784));
#1499 = DIRECTION('',(0.866025403784,0.,-0.5));
#1500 = ADVANCED_FACE('',(#1501),#1517,.F.);
#1501 = FACE_BOUND('',#1502,.T.);
#1502 = EDGE_LOOP('',(#1503,#1504,#1510,#1511));
#1503 = ORIENTED_EDGE('',*,*,#373,.T.);
#1504 = ORIENTED_EDGE('',*,*,#1505,.T.);
#1505 = EDGE_CURVE('',#376,#781,#1506,.T.);
#1506 = LINE('',#1507,#1508);
#1507 = CARTESIAN_POINT('',(6.853075311273,138.,-72.2028472821));
#1508 = VECTOR('',#1509,1.);
#1509 = DIRECTION('',(0.,1.,0.));
#1510 = ORIENTED_EDGE('',*,*,#778,.F.);
#1511 = ORIENTED_EDGE('',*,*,#1512,.F.);
#1512 = EDGE_CURVE('',#374,#779,#1513,.T.);
#1513 = LINE('',#1514,#1515);
#1514 = CARTESIAN_POINT('',(10.,138.,-73.84131112314));
#1515 = VECTOR('',#1516,1.);
#1516 = DIRECTION('',(0.,1.,0.));
#1517 = CYLINDRICAL_SURFACE('',#1518,2.);
#1518 = AXIS2_PLACEMENT_3D('',#1519,#1520,#1521);
#1519 = CARTESIAN_POINT('',(8.,138.,-73.84131112314));
#1520 = DIRECTION('',(0.,-1.,-0.));
#1521 = DIRECTION('',(-0.573462344363,-0.,0.819231920519));
#1522 = ADVANCED_FACE('',(#1523),#1534,.T.);
#1523 = FACE_BOUND('',#1524,.T.);
#1524 = EDGE_LOOP('',(#1525,#1526,#1527,#1528));
#1525 = ORIENTED_EDGE('',*,*,#384,.F.);
#1526 = ORIENTED_EDGE('',*,*,#1512,.T.);
#1527 = ORIENTED_EDGE('',*,*,#789,.T.);
#1528 = ORIENTED_EDGE('',*,*,#1529,.F.);
#1529 = EDGE_CURVE('',#385,#790,#1530,.T.);
#1530 = LINE('',#1531,#1532);
#1531 = CARTESIAN_POINT('',(10.,138.,-82.));
#1532 = VECTOR('',#1533,1.);
#1533 = DIRECTION('',(0.,1.,0.));
#1534 = PLANE('',#1535);
#1535 = AXIS2_PLACEMENT_3D('',#1536,#1537,#1538);
#1536 = CARTESIAN_POINT('',(10.,138.,-73.84131112314));
#1537 = DIRECTION('',(-1.,0.,0.));
#1538 = DIRECTION('',(0.,0.,-1.));
#1539 = ADVANCED_FACE('',(#1540),#1551,.T.);
#1540 = FACE_BOUND('',#1541,.T.);
#1541 = EDGE_LOOP('',(#1542,#1543,#1549,#1550));
#1542 = ORIENTED_EDGE('',*,*,#418,.F.);
#1543 = ORIENTED_EDGE('',*,*,#1544,.T.);
#1544 = EDGE_CURVE('',#410,#815,#1545,.T.);
#1545 = LINE('',#1546,#1547);
#1546 = CARTESIAN_POINT('',(-4.802194512803,138.,-80.36153615896));
#1547 = VECTOR('',#1548,1.);
#1548 = DIRECTION('',(0.,1.,0.));
#1549 = ORIENTED_EDGE('',*,*,#823,.T.);
#1550 = ORIENTED_EDGE('',*,*,#1505,.F.);
#1551 = PLANE('',#1552);
#1552 = AXIS2_PLACEMENT_3D('',#1553,#1554,#1555);
#1553 = CARTESIAN_POINT('',(-4.802194512803,138.,-80.36153615896));
#1554 = DIRECTION('',(0.573462344363,0.,-0.819231920519));
#1555 = DIRECTION('',(0.819231920519,0.,0.573462344363));
#1556 = ADVANCED_FACE('',(#1557),#1568,.F.);
#1557 = FACE_BOUND('',#1558,.T.);
#1558 = EDGE_LOOP('',(#1559,#1560,#1561,#1562));
#1559 = ORIENTED_EDGE('',*,*,#392,.T.);
#1560 = ORIENTED_EDGE('',*,*,#1529,.T.);
#1561 = ORIENTED_EDGE('',*,*,#797,.F.);
#1562 = ORIENTED_EDGE('',*,*,#1563,.F.);
#1563 = EDGE_CURVE('',#393,#798,#1564,.T.);
#1564 = LINE('',#1565,#1566);
#1565 = CARTESIAN_POINT('',(8.,138.,-84.));
#1566 = VECTOR('',#1567,1.);
#1567 = DIRECTION('',(0.,1.,0.));
#1568 = CYLINDRICAL_SURFACE('',#1569,2.);
#1569 = AXIS2_PLACEMENT_3D('',#1570,#1571,#1572);
#1570 = CARTESIAN_POINT('',(8.,138.,-82.));
#1571 = DIRECTION('',(0.,-1.,-0.));
#1572 = DIRECTION('',(1.,0.,0.));
#1573 = ADVANCED_FACE('',(#1574),#1585,.F.);
#1574 = FACE_BOUND('',#1575,.T.);
#1575 = EDGE_LOOP('',(#1576,#1577,#1583,#1584));
#1576 = ORIENTED_EDGE('',*,*,#409,.T.);
#1577 = ORIENTED_EDGE('',*,*,#1578,.T.);
#1578 = EDGE_CURVE('',#402,#807,#1579,.T.);
#1579 = LINE('',#1580,#1581);
#1580 = CARTESIAN_POINT('',(-3.655269824076,138.,-84.));
#1581 = VECTOR('',#1582,1.);
#1582 = DIRECTION('',(0.,1.,0.));
#1583 = ORIENTED_EDGE('',*,*,#814,.F.);
#1584 = ORIENTED_EDGE('',*,*,#1544,.F.);
#1585 = CYLINDRICAL_SURFACE('',#1586,2.);
#1586 = AXIS2_PLACEMENT_3D('',#1587,#1588,#1589);
#1587 = CARTESIAN_POINT('',(-3.655269824076,138.,-82.));
#1588 = DIRECTION('',(-0.,-1.,-0.));
#1589 = DIRECTION('',(-1.7763568394E-15,0.,-1.));
#1590 = ADVANCED_FACE('',(#1591),#1597,.T.);
#1591 = FACE_BOUND('',#1592,.T.);
#1592 = EDGE_LOOP('',(#1593,#1594,#1595,#1596));
#1593 = ORIENTED_EDGE('',*,*,#401,.F.);
#1594 = ORIENTED_EDGE('',*,*,#1563,.T.);
#1595 = ORIENTED_EDGE('',*,*,#806,.T.);
#1596 = ORIENTED_EDGE('',*,*,#1578,.F.);
#1597 = PLANE('',#1598);
#1598 = AXIS2_PLACEMENT_3D('',#1599,#1600,#1601);
#1599 = CARTESIAN_POINT('',(8.,138.,-84.));
#1600 = DIRECTION('',(0.,-0.,1.));
#1601 = DIRECTION('',(-1.,0.,0.));
#1602 = ADVANCED_FACE('',(#1603),#1619,.F.);
#1603 = FACE_BOUND('',#1604,.T.);
#1604 = EDGE_LOOP('',(#1605,#1606,#1612,#1613));
#1605 = ORIENTED_EDGE('',*,*,#426,.T.);
#1606 = ORIENTED_EDGE('',*,*,#1607,.T.);
#1607 = EDGE_CURVE('',#429,#834,#1608,.T.);
#1608 = LINE('',#1609,#1610);
#1609 = CARTESIAN_POINT('',(-10.,138.,-103.5));
#1610 = VECTOR('',#1611,1.);
#1611 = DIRECTION('',(0.,1.,0.));
#1612 = ORIENTED_EDGE('',*,*,#831,.F.);
#1613 = ORIENTED_EDGE('',*,*,#1614,.F.);
#1614 = EDGE_CURVE('',#427,#832,#1615,.T.);
#1615 = LINE('',#1616,#1617);
#1616 = CARTESIAN_POINT('',(-8.,138.,-101.5));
#1617 = VECTOR('',#1618,1.);
#1618 = DIRECTION('',(0.,1.,0.));
#1619 = CYLINDRICAL_SURFACE('',#1620,2.);
#1620 = AXIS2_PLACEMENT_3D('',#1621,#1622,#1623);
#1621 = CARTESIAN_POINT('',(-8.,138.,-103.5));
#1622 = DIRECTION('',(-0.,-1.,-0.));
#1623 = DIRECTION('',(-1.,0.,0.));
#1624 = ADVANCED_FACE('',(#1625),#1636,.T.);
#1625 = FACE_BOUND('',#1626,.T.);
#1626 = EDGE_LOOP('',(#1627,#1628,#1629,#1630));
#1627 = ORIENTED_EDGE('',*,*,#437,.F.);
#1628 = ORIENTED_EDGE('',*,*,#1614,.T.);
#1629 = ORIENTED_EDGE('',*,*,#842,.T.);
#1630 = ORIENTED_EDGE('',*,*,#1631,.F.);
#1631 = EDGE_CURVE('',#438,#843,#1632,.T.);
#1632 = LINE('',#1633,#1634);
#1633 = CARTESIAN_POINT('',(2.779365403436,138.,-101.5));
#1634 = VECTOR('',#1635,1.);
#1635 = DIRECTION('',(0.,1.,0.));
#1636 = PLANE('',#1637);
#1637 = AXIS2_PLACEMENT_3D('',#1638,#1639,#1640);
#1638 = CARTESIAN_POINT('',(-8.,138.,-101.5));
#1639 = DIRECTION('',(0.,0.,-1.));
#1640 = DIRECTION('',(1.,0.,0.));
#1641 = ADVANCED_FACE('',(#1642),#1653,.T.);
#1642 = FACE_BOUND('',#1643,.T.);
#1643 = EDGE_LOOP('',(#1644,#1645,#1651,#1652));
#1644 = ORIENTED_EDGE('',*,*,#471,.F.);
#1645 = ORIENTED_EDGE('',*,*,#1646,.T.);
#1646 = EDGE_CURVE('',#463,#868,#1647,.T.);
#1647 = LINE('',#1648,#1649);
#1648 = CARTESIAN_POINT('',(-10.,138.,-109.967619242));
#1649 = VECTOR('',#1650,1.);
#1650 = DIRECTION('',(0.,1.,0.));
#1651 = ORIENTED_EDGE('',*,*,#876,.T.);
#1652 = ORIENTED_EDGE('',*,*,#1607,.F.);
#1653 = PLANE('',#1654);
#1654 = AXIS2_PLACEMENT_3D('',#1655,#1656,#1657);
#1655 = CARTESIAN_POINT('',(-10.,138.,-109.967619242));
#1656 = DIRECTION('',(1.,0.,0.));
#1657 = DIRECTION('',(0.,0.,1.));
#1658 = ADVANCED_FACE('',(#1659),#1670,.F.);
#1659 = FACE_BOUND('',#1660,.T.);
#1660 = EDGE_LOOP('',(#1661,#1662,#1663,#1664));
#1661 = ORIENTED_EDGE('',*,*,#445,.T.);
#1662 = ORIENTED_EDGE('',*,*,#1631,.T.);
#1663 = ORIENTED_EDGE('',*,*,#850,.F.);
#1664 = ORIENTED_EDGE('',*,*,#1665,.F.);
#1665 = EDGE_CURVE('',#446,#851,#1666,.T.);
#1666 = LINE('',#1667,#1668);
#1667 = CARTESIAN_POINT('',(3.808356914292,138.,-105.2149858514));
#1668 = VECTOR('',#1669,1.);
#1669 = DIRECTION('',(0.,1.,0.));
#1670 = CYLINDRICAL_SURFACE('',#1671,2.);
#1671 = AXIS2_PLACEMENT_3D('',#1672,#1673,#1674);
#1672 = CARTESIAN_POINT('',(2.779365403436,138.,-103.5));
#1673 = DIRECTION('',(-0.,-1.,-0.));
#1674 = DIRECTION('',(-2.886579864025E-15,0.,1.));
#1675 = ADVANCED_FACE('',(#1676),#1687,.F.);
#1676 = FACE_BOUND('',#1677,.T.);
#1677 = EDGE_LOOP('',(#1678,#1679,#1685,#1686));
#1678 = ORIENTED_EDGE('',*,*,#462,.T.);
#1679 = ORIENTED_EDGE('',*,*,#1680,.T.);
#1680 = EDGE_CURVE('',#455,#860,#1681,.T.);
#1681 = LINE('',#1682,#1683);
#1682 = CARTESIAN_POINT('',(-6.971008489145,138.,-111.6826050934));
#1683 = VECTOR('',#1684,1.);
#1684 = DIRECTION('',(0.,1.,0.));
#1685 = ORIENTED_EDGE('',*,*,#867,.F.);
#1686 = ORIENTED_EDGE('',*,*,#1646,.F.);
#1687 = CYLINDRICAL_SURFACE('',#1688,2.);
#1688 = AXIS2_PLACEMENT_3D('',#1689,#1690,#1691);
#1689 = CARTESIAN_POINT('',(-8.,138.,-109.967619242));
#1690 = DIRECTION('',(-0.,-1.,-0.));
#1691 = DIRECTION('',(0.514495755428,0.,-0.857492925713));
#1692 = ADVANCED_FACE('',(#1693),#1699,.T.);
#1693 = FACE_BOUND('',#1694,.T.);
#1694 = EDGE_LOOP('',(#1695,#1696,#1697,#1698));
#1695 = ORIENTED_EDGE('',*,*,#454,.F.);
#1696 = ORIENTED_EDGE('',*,*,#1665,.T.);
#1697 = ORIENTED_EDGE('',*,*,#859,.T.);
#1698 = ORIENTED_EDGE('',*,*,#1680,.F.);
#1699 = PLANE('',#1700);
#1700 = AXIS2_PLACEMENT_3D('',#1701,#1702,#1703);
#1701 = CARTESIAN_POINT('',(3.808356914292,138.,-105.2149858514));
#1702 = DIRECTION('',(-0.514495755428,0.,0.857492925713));
#1703 = DIRECTION('',(-0.857492925713,0.,-0.514495755428));
#1704 = ADVANCED_FACE('',(#1705),#1716,.F.);
#1705 = FACE_BOUND('',#1706,.F.);
#1706 = EDGE_LOOP('',(#1707,#1708,#1714,#1715));
#1707 = ORIENTED_EDGE('',*,*,#884,.F.);
#1708 = ORIENTED_EDGE('',*,*,#1709,.F.);
#1709 = EDGE_CURVE('',#480,#885,#1710,.T.);
#1710 = LINE('',#1711,#1712);
#1711 = CARTESIAN_POINT('',(-9.858406733136E-16,138.,-125.975));
#1712 = VECTOR('',#1713,1.);
#1713 = DIRECTION('',(0.,1.,0.));
#1714 = ORIENTED_EDGE('',*,*,#479,.T.);
#1715 = ORIENTED_EDGE('',*,*,#1709,.T.);
#1716 = CYLINDRICAL_SURFACE('',#1717,4.025);
#1717 = AXIS2_PLACEMENT_3D('',#1718,#1719,#1720);
#1718 = CARTESIAN_POINT('',(0.,138.,-130.));
#1719 = DIRECTION('',(0.,1.,0.));
#1720 = DIRECTION('',(0.,-0.,1.));
#1721 = ADVANCED_FACE('',(#1722),#1741,.F.);
#1722 = FACE_BOUND('',#1723,.F.);
#1723 = EDGE_LOOP('',(#1724,#1733,#1739,#1740));
#1724 = ORIENTED_EDGE('',*,*,#1725,.F.);
#1725 = EDGE_CURVE('',#1726,#1726,#1728,.T.);
#1726 = VERTEX_POINT('',#1727);
#1727 = CARTESIAN_POINT('',(21.650635094611,142.,14.2));
#1728 = CIRCLE('',#1729,1.7);
#1729 = AXIS2_PLACEMENT_3D('',#1730,#1731,#1732);
#1730 = CARTESIAN_POINT('',(21.650635094611,142.,12.5));
#1731 = DIRECTION('',(0.,1.,0.));
#1732 = DIRECTION('',(0.,-0.,1.));
#1733 = ORIENTED_EDGE('',*,*,#1734,.F.);
#1734 = EDGE_CURVE('',#491,#1726,#1735,.T.);
#1735 = LINE('',#1736,#1737);
#1736 = CARTESIAN_POINT('',(21.650635094611,138.,14.2));
#1737 = VECTOR('',#1738,1.);
#1738 = DIRECTION('',(0.,1.,0.));
#1739 = ORIENTED_EDGE('',*,*,#490,.T.);
#1740 = ORIENTED_EDGE('',*,*,#1734,.T.);
#1741 = CYLINDRICAL_SURFACE('',#1742,1.7);
#1742 = AXIS2_PLACEMENT_3D('',#1743,#1744,#1745);
#1743 = CARTESIAN_POINT('',(21.650635094611,138.,12.5));
#1744 = DIRECTION('',(0.,1.,0.));
#1745 = DIRECTION('',(0.,-0.,1.));
#1746 = ADVANCED_FACE('',(#1747),#1766,.F.);
#1747 = FACE_BOUND('',#1748,.F.);
#1748 = EDGE_LOOP('',(#1749,#1758,#1764,#1765));
#1749 = ORIENTED_EDGE('',*,*,#1750,.F.);
#1750 = EDGE_CURVE('',#1751,#1751,#1753,.T.);
#1751 = VERTEX_POINT('',#1752);
#1752 = CARTESIAN_POINT('',(21.650635094611,142.,-10.8));
#1753 = CIRCLE('',#1754,1.7);
#1754 = AXIS2_PLACEMENT_3D('',#1755,#1756,#1757);
#1755 = CARTESIAN_POINT('',(21.650635094611,142.,-12.5));
#1756 = DIRECTION('',(0.,1.,0.));
#1757 = DIRECTION('',(0.,-0.,1.));
#1758 = ORIENTED_EDGE('',*,*,#1759,.F.);
#1759 = EDGE_CURVE('',#502,#1751,#1760,.T.);
#1760 = LINE('',#1761,#1762);
#1761 = CARTESIAN_POINT('',(21.650635094611,138.,-10.8));
#1762 = VECTOR('',#1763,1.);
#1763 = DIRECTION('',(0.,1.,0.));
#1764 = ORIENTED_EDGE('',*,*,#501,.T.);
#1765 = ORIENTED_EDGE('',*,*,#1759,.T.);
#1766 = CYLINDRICAL_SURFACE('',#1767,1.7);
#1767 = AXIS2_PLACEMENT_3D('',#1768,#1769,#1770);
#1768 = CARTESIAN_POINT('',(21.650635094611,138.,-12.5));
#1769 = DIRECTION('',(0.,1.,0.));
#1770 = DIRECTION('',(0.,-0.,1.));
#1771 = ADVANCED_FACE('',(#1772),#1797,.F.);
#1772 = FACE_BOUND('',#1773,.F.);
#1773 = EDGE_LOOP('',(#1774,#1775,#1783,#1791));
#1774 = ORIENTED_EDGE('',*,*,#512,.F.);
#1775 = ORIENTED_EDGE('',*,*,#1776,.T.);
#1776 = EDGE_CURVE('',#513,#1777,#1779,.T.);
#1777 = VERTEX_POINT('',#1778);
#1778 = CARTESIAN_POINT('',(34.65,142.2,14.107328482542));
#1779 = LINE('',#1780,#1781);
#1780 = CARTESIAN_POINT('',(34.65,138.9,14.107328482542));
#1781 = VECTOR('',#1782,1.);
#1782 = DIRECTION('',(0.,1.,0.));
#1783 = ORIENTED_EDGE('',*,*,#1784,.T.);
#1784 = EDGE_CURVE('',#1777,#1785,#1787,.T.);
#1785 = VERTEX_POINT('',#1786);
#1786 = CARTESIAN_POINT('',(31.,142.2,16.214656965084));
#1787 = LINE('',#1788,#1789);
#1788 = CARTESIAN_POINT('',(34.65,142.2,14.107328482542));
#1789 = VECTOR('',#1790,1.);
#1790 = DIRECTION('',(-0.866025403784,0.,0.5));
#1791 = ORIENTED_EDGE('',*,*,#1792,.F.);
#1792 = EDGE_CURVE('',#515,#1785,#1793,.T.);
#1793 = LINE('',#1794,#1795);
#1794 = CARTESIAN_POINT('',(31.,138.9,16.214656965084));
#1795 = VECTOR('',#1796,1.);
#1796 = DIRECTION('',(0.,1.,0.));
#1797 = PLANE('',#1798);
#1798 = AXIS2_PLACEMENT_3D('',#1799,#1800,#1801);
#1799 = CARTESIAN_POINT('',(34.65,138.9,14.107328482542));
#1800 = DIRECTION('',(0.5,-0.,0.866025403784));
#1801 = DIRECTION('',(-0.866025403784,0.,0.5));
#1802 = ADVANCED_FACE('',(#1803),#1821,.F.);
#1803 = FACE_BOUND('',#1804,.F.);
#1804 = EDGE_LOOP('',(#1805,#1806,#1814,#1820));
#1805 = ORIENTED_EDGE('',*,*,#522,.F.);
#1806 = ORIENTED_EDGE('',*,*,#1807,.T.);
#1807 = EDGE_CURVE('',#523,#1808,#1810,.T.);
#1808 = VERTEX_POINT('',#1809);
#1809 = CARTESIAN_POINT('',(34.65,142.2,9.892671517458));
#1810 = LINE('',#1811,#1812);
#1811 = CARTESIAN_POINT('',(34.65,138.9,9.892671517458));
#1812 = VECTOR('',#1813,1.);
#1813 = DIRECTION('',(0.,1.,0.));
#1814 = ORIENTED_EDGE('',*,*,#1815,.T.);
#1815 = EDGE_CURVE('',#1808,#1777,#1816,.T.);
#1816 = LINE('',#1817,#1818);
#1817 = CARTESIAN_POINT('',(34.65,142.2,9.892671517458));
#1818 = VECTOR('',#1819,1.);
#1819 = DIRECTION('',(0.,0.,1.));
#1820 = ORIENTED_EDGE('',*,*,#1776,.F.);
#1821 = PLANE('',#1822);
#1822 = AXIS2_PLACEMENT_3D('',#1823,#1824,#1825);
#1823 = CARTESIAN_POINT('',(34.65,138.9,9.892671517458));
#1824 = DIRECTION('',(1.,0.,0.));
#1825 = DIRECTION('',(0.,0.,1.));
#1826 = ADVANCED_FACE('',(#1827),#1845,.F.);
#1827 = FACE_BOUND('',#1828,.F.);
#1828 = EDGE_LOOP('',(#1829,#1830,#1831,#1839));
#1829 = ORIENTED_EDGE('',*,*,#554,.F.);
#1830 = ORIENTED_EDGE('',*,*,#1792,.T.);
#1831 = ORIENTED_EDGE('',*,*,#1832,.T.);
#1832 = EDGE_CURVE('',#1785,#1833,#1835,.T.);
#1833 = VERTEX_POINT('',#1834);
#1834 = CARTESIAN_POINT('',(27.35,142.2,14.107328482542));
#1835 = LINE('',#1836,#1837);
#1836 = CARTESIAN_POINT('',(31.,142.2,16.214656965084));
#1837 = VECTOR('',#1838,1.);
#1838 = DIRECTION('',(-0.866025403784,0.,-0.5));
#1839 = ORIENTED_EDGE('',*,*,#1840,.F.);
#1840 = EDGE_CURVE('',#547,#1833,#1841,.T.);
#1841 = LINE('',#1842,#1843);
#1842 = CARTESIAN_POINT('',(27.35,138.9,14.107328482542));
#1843 = VECTOR('',#1844,1.);
#1844 = DIRECTION('',(0.,1.,0.));
#1845 = PLANE('',#1846);
#1846 = AXIS2_PLACEMENT_3D('',#1847,#1848,#1849);
#1847 = CARTESIAN_POINT('',(31.,138.9,16.214656965084));
#1848 = DIRECTION('',(-0.5,0.,0.866025403784));
#1849 = DIRECTION('',(-0.866025403784,0.,-0.5));
#1850 = ADVANCED_FACE('',(#1851),#1869,.F.);
#1851 = FACE_BOUND('',#1852,.F.);
#1852 = EDGE_LOOP('',(#1853,#1854,#1862,#1868));
#1853 = ORIENTED_EDGE('',*,*,#530,.F.);
#1854 = ORIENTED_EDGE('',*,*,#1855,.T.);
#1855 = EDGE_CURVE('',#531,#1856,#1858,.T.);
#1856 = VERTEX_POINT('',#1857);
#1857 = CARTESIAN_POINT('',(31.,142.2,7.785343034916));
#1858 = LINE('',#1859,#1860);
#1859 = CARTESIAN_POINT('',(31.,138.9,7.785343034916));
#1860 = VECTOR('',#1861,1.);
#1861 = DIRECTION('',(0.,1.,0.));
#1862 = ORIENTED_EDGE('',*,*,#1863,.T.);
#1863 = EDGE_CURVE('',#1856,#1808,#1864,.T.);
#1864 = LINE('',#1865,#1866);
#1865 = CARTESIAN_POINT('',(31.,142.2,7.785343034916));
#1866 = VECTOR('',#1867,1.);
#1867 = DIRECTION('',(0.866025403784,0.,0.5));
#1868 = ORIENTED_EDGE('',*,*,#1807,.F.);
#1869 = PLANE('',#1870);
#1870 = AXIS2_PLACEMENT_3D('',#1871,#1872,#1873);
#1871 = CARTESIAN_POINT('',(31.,138.9,7.785343034916));
#1872 = DIRECTION('',(0.5,0.,-0.866025403784));
#1873 = DIRECTION('',(0.866025403784,0.,0.5));
#1874 = ADVANCED_FACE('',(#1875),#1893,.F.);
#1875 = FACE_BOUND('',#1876,.F.);
#1876 = EDGE_LOOP('',(#1877,#1878,#1879,#1887));
#1877 = ORIENTED_EDGE('',*,*,#546,.F.);
#1878 = ORIENTED_EDGE('',*,*,#1840,.T.);
#1879 = ORIENTED_EDGE('',*,*,#1880,.T.);
#1880 = EDGE_CURVE('',#1833,#1881,#1883,.T.);
#1881 = VERTEX_POINT('',#1882);
#1882 = CARTESIAN_POINT('',(27.35,142.2,9.892671517458));
#1883 = LINE('',#1884,#1885);
#1884 = CARTESIAN_POINT('',(27.35,142.2,14.107328482542));
#1885 = VECTOR('',#1886,1.);
#1886 = DIRECTION('',(0.,0.,-1.));
#1887 = ORIENTED_EDGE('',*,*,#1888,.F.);
#1888 = EDGE_CURVE('',#539,#1881,#1889,.T.);
#1889 = LINE('',#1890,#1891);
#1890 = CARTESIAN_POINT('',(27.35,138.9,9.892671517458));
#1891 = VECTOR('',#1892,1.);
#1892 = DIRECTION('',(0.,1.,0.));
#1893 = PLANE('',#1894);
#1894 = AXIS2_PLACEMENT_3D('',#1895,#1896,#1897);
#1895 = CARTESIAN_POINT('',(27.35,138.9,14.107328482542));
#1896 = DIRECTION('',(-1.,0.,0.));
#1897 = DIRECTION('',(0.,0.,-1.));
#1898 = ADVANCED_FACE('',(#1899),#1910,.F.);
#1899 = FACE_BOUND('',#1900,.F.);
#1900 = EDGE_LOOP('',(#1901,#1902,#1903,#1909));
#1901 = ORIENTED_EDGE('',*,*,#538,.F.);
#1902 = ORIENTED_EDGE('',*,*,#1888,.T.);
#1903 = ORIENTED_EDGE('',*,*,#1904,.T.);
#1904 = EDGE_CURVE('',#1881,#1856,#1905,.T.);
#1905 = LINE('',#1906,#1907);
#1906 = CARTESIAN_POINT('',(27.35,142.2,9.892671517458));
#1907 = VECTOR('',#1908,1.);
#1908 = DIRECTION('',(0.866025403784,0.,-0.5));
#1909 = ORIENTED_EDGE('',*,*,#1855,.F.);
#1910 = PLANE('',#1911);
#1911 = AXIS2_PLACEMENT_3D('',#1912,#1913,#1914);
#1912 = CARTESIAN_POINT('',(27.35,138.9,9.892671517458));
#1913 = DIRECTION('',(-0.5,0.,-0.866025403784));
#1914 = DIRECTION('',(0.866025403784,0.,-0.5));
#1915 = ADVANCED_FACE('',(#1916),#1941,.F.);
#1916 = FACE_BOUND('',#1917,.F.);
#1917 = EDGE_LOOP('',(#1918,#1919,#1927,#1935));
#1918 = ORIENTED_EDGE('',*,*,#562,.F.);
#1919 = ORIENTED_EDGE('',*,*,#1920,.T.);
#1920 = EDGE_CURVE('',#563,#1921,#1923,.T.);
#1921 = VERTEX_POINT('',#1922);
#1922 = CARTESIAN_POINT('',(34.65,142.2,-9.892671517458));
#1923 = LINE('',#1924,#1925);
#1924 = CARTESIAN_POINT('',(34.65,138.9,-9.892671517458));
#1925 = VECTOR('',#1926,1.);
#1926 = DIRECTION('',(0.,1.,0.));
#1927 = ORIENTED_EDGE('',*,*,#1928,.T.);
#1928 = EDGE_CURVE('',#1921,#1929,#1931,.T.);
#1929 = VERTEX_POINT('',#1930);
#1930 = CARTESIAN_POINT('',(31.,142.2,-7.785343034916));
#1931 = LINE('',#1932,#1933);
#1932 = CARTESIAN_POINT('',(34.65,142.2,-9.892671517458));
#1933 = VECTOR('',#1934,1.);
#1934 = DIRECTION('',(-0.866025403784,0.,0.5));
#1935 = ORIENTED_EDGE('',*,*,#1936,.F.);
#1936 = EDGE_CURVE('',#565,#1929,#1937,.T.);
#1937 = LINE('',#1938,#1939);
#1938 = CARTESIAN_POINT('',(31.,138.9,-7.785343034916));
#1939 = VECTOR('',#1940,1.);
#1940 = DIRECTION('',(0.,1.,0.));
#1941 = PLANE('',#1942);
#1942 = AXIS2_PLACEMENT_3D('',#1943,#1944,#1945);
#1943 = CARTESIAN_POINT('',(34.65,138.9,-9.892671517458));
#1944 = DIRECTION('',(0.5,-0.,0.866025403784));
#1945 = DIRECTION('',(-0.866025403784,0.,0.5));
#1946 = ADVANCED_FACE('',(#1947),#1965,.F.);
#1947 = FACE_BOUND('',#1948,.F.);
#1948 = EDGE_LOOP('',(#1949,#1950,#1958,#1964));
#1949 = ORIENTED_EDGE('',*,*,#572,.F.);
#1950 = ORIENTED_EDGE('',*,*,#1951,.T.);
#1951 = EDGE_CURVE('',#573,#1952,#1954,.T.);
#1952 = VERTEX_POINT('',#1953);
#1953 = CARTESIAN_POINT('',(34.65,142.2,-14.10732848254));
#1954 = LINE('',#1955,#1956);
#1955 = CARTESIAN_POINT('',(34.65,138.9,-14.10732848254));
#1956 = VECTOR('',#1957,1.);
#1957 = DIRECTION('',(0.,1.,0.));
#1958 = ORIENTED_EDGE('',*,*,#1959,.T.);
#1959 = EDGE_CURVE('',#1952,#1921,#1960,.T.);
#1960 = LINE('',#1961,#1962);
#1961 = CARTESIAN_POINT('',(34.65,142.2,-14.10732848254));
#1962 = VECTOR('',#1963,1.);
#1963 = DIRECTION('',(0.,0.,1.));
#1964 = ORIENTED_EDGE('',*,*,#1920,.F.);
#1965 = PLANE('',#1966);
#1966 = AXIS2_PLACEMENT_3D('',#1967,#1968,#1969);
#1967 = CARTESIAN_POINT('',(34.65,138.9,-14.10732848254));
#1968 = DIRECTION('',(1.,0.,0.));
#1969 = DIRECTION('',(0.,0.,1.));
#1970 = ADVANCED_FACE('',(#1971),#1989,.F.);
#1971 = FACE_BOUND('',#1972,.F.);
#1972 = EDGE_LOOP('',(#1973,#1974,#1975,#1983));
#1973 = ORIENTED_EDGE('',*,*,#604,.F.);
#1974 = ORIENTED_EDGE('',*,*,#1936,.T.);
#1975 = ORIENTED_EDGE('',*,*,#1976,.T.);
#1976 = EDGE_CURVE('',#1929,#1977,#1979,.T.);
#1977 = VERTEX_POINT('',#1978);
#1978 = CARTESIAN_POINT('',(27.35,142.2,-9.892671517458));
#1979 = LINE('',#1980,#1981);
#1980 = CARTESIAN_POINT('',(31.,142.2,-7.785343034916));
#1981 = VECTOR('',#1982,1.);
#1982 = DIRECTION('',(-0.866025403784,0.,-0.5));
#1983 = ORIENTED_EDGE('',*,*,#1984,.F.);
#1984 = EDGE_CURVE('',#597,#1977,#1985,.T.);
#1985 = LINE('',#1986,#1987);
#1986 = CARTESIAN_POINT('',(27.35,138.9,-9.892671517458));
#1987 = VECTOR('',#1988,1.);
#1988 = DIRECTION('',(0.,1.,0.));
#1989 = PLANE('',#1990);
#1990 = AXIS2_PLACEMENT_3D('',#1991,#1992,#1993);
#1991 = CARTESIAN_POINT('',(31.,138.9,-7.785343034916));
#1992 = DIRECTION('',(-0.5,0.,0.866025403784));
#1993 = DIRECTION('',(-0.866025403784,0.,-0.5));
#1994 = ADVANCED_FACE('',(#1995),#2013,.F.);
#1995 = FACE_BOUND('',#1996,.F.);
#1996 = EDGE_LOOP('',(#1997,#1998,#2006,#2012));
#1997 = ORIENTED_EDGE('',*,*,#580,.F.);
#1998 = ORIENTED_EDGE('',*,*,#1999,.T.);
#1999 = EDGE_CURVE('',#581,#2000,#2002,.T.);
#2000 = VERTEX_POINT('',#2001);
#2001 = CARTESIAN_POINT('',(31.,142.2,-16.21465696508));
#2002 = LINE('',#2003,#2004);
#2003 = CARTESIAN_POINT('',(31.,138.9,-16.21465696508));
#2004 = VECTOR('',#2005,1.);
#2005 = DIRECTION('',(0.,1.,0.));
#2006 = ORIENTED_EDGE('',*,*,#2007,.T.);
#2007 = EDGE_CURVE('',#2000,#1952,#2008,.T.);
#2008 = LINE('',#2009,#2010);
#2009 = CARTESIAN_POINT('',(31.,142.2,-16.21465696508));
#2010 = VECTOR('',#2011,1.);
#2011 = DIRECTION('',(0.866025403784,0.,0.5));
#2012 = ORIENTED_EDGE('',*,*,#1951,.F.);
#2013 = PLANE('',#2014);
#2014 = AXIS2_PLACEMENT_3D('',#2015,#2016,#2017);
#2015 = CARTESIAN_POINT('',(31.,138.9,-16.21465696508));
#2016 = DIRECTION('',(0.5,0.,-0.866025403784));
#2017 = DIRECTION('',(0.866025403784,0.,0.5));
#2018 = ADVANCED_FACE('',(#2019),#2037,.F.);
#2019 = FACE_BOUND('',#2020,.F.);
#2020 = EDGE_LOOP('',(#2021,#2022,#2023,#2031));
#2021 = ORIENTED_EDGE('',*,*,#596,.F.);
#2022 = ORIENTED_EDGE('',*,*,#1984,.T.);
#2023 = ORIENTED_EDGE('',*,*,#2024,.T.);
#2024 = EDGE_CURVE('',#1977,#2025,#2027,.T.);
#2025 = VERTEX_POINT('',#2026);
#2026 = CARTESIAN_POINT('',(27.35,142.2,-14.10732848254));
#2027 = LINE('',#2028,#2029);
#2028 = CARTESIAN_POINT('',(27.35,142.2,-9.892671517458));
#2029 = VECTOR('',#2030,1.);
#2030 = DIRECTION('',(0.,0.,-1.));
#2031 = ORIENTED_EDGE('',*,*,#2032,.F.);
#2032 = EDGE_CURVE('',#589,#2025,#2033,.T.);
#2033 = LINE('',#2034,#2035);
#2034 = CARTESIAN_POINT('',(27.35,138.9,-14.10732848254));
#2035 = VECTOR('',#2036,1.);
#2036 = DIRECTION('',(0.,1.,0.));
#2037 = PLANE('',#2038);
#2038 = AXIS2_PLACEMENT_3D('',#2039,#2040,#2041);
#2039 = CARTESIAN_POINT('',(27.35,138.9,-9.892671517458));
#2040 = DIRECTION('',(-1.,0.,0.));
#2041 = DIRECTION('',(0.,0.,-1.));
#2042 = ADVANCED_FACE('',(#2043),#2054,.F.);
#2043 = FACE_BOUND('',#2044,.F.);
#2044 = EDGE_LOOP('',(#2045,#2046,#2047,#2053));
#2045 = ORIENTED_EDGE('',*,*,#588,.F.);
#2046 = ORIENTED_EDGE('',*,*,#2032,.T.);
#2047 = ORIENTED_EDGE('',*,*,#2048,.T.);
#2048 = EDGE_CURVE('',#2025,#2000,#2049,.T.);
#2049 = LINE('',#2050,#2051);
#2050 = CARTESIAN_POINT('',(27.35,142.2,-14.10732848254));
#2051 = VECTOR('',#2052,1.);
#2052 = DIRECTION('',(0.866025403784,0.,-0.5));
#2053 = ORIENTED_EDGE('',*,*,#1999,.F.);
#2054 = PLANE('',#2055);
#2055 = AXIS2_PLACEMENT_3D('',#2056,#2057,#2058);
#2056 = CARTESIAN_POINT('',(27.35,138.9,-14.10732848254));
#2057 = DIRECTION('',(-0.5,0.,-0.866025403784));
#2058 = DIRECTION('',(0.866025403784,0.,-0.5));
#2059 = ADVANCED_FACE('',(#2060),#2079,.F.);
#2060 = FACE_BOUND('',#2061,.F.);
#2061 = EDGE_LOOP('',(#2062,#2063,#2071,#2078));
#2062 = ORIENTED_EDGE('',*,*,#648,.F.);
#2063 = ORIENTED_EDGE('',*,*,#2064,.F.);
#2064 = EDGE_CURVE('',#2065,#649,#2067,.T.);
#2065 = VERTEX_POINT('',#2066);
#2066 = CARTESIAN_POINT('',(-21.65063509461,142.,15.6));
#2067 = LINE('',#2068,#2069);
#2068 = CARTESIAN_POINT('',(-21.65063509461,142.,15.6));
#2069 = VECTOR('',#2070,1.);
#2070 = DIRECTION('',(0.,1.,0.));
#2071 = ORIENTED_EDGE('',*,*,#2072,.T.);
#2072 = EDGE_CURVE('',#2065,#2065,#2073,.T.);
#2073 = CIRCLE('',#2074,3.1);
#2074 = AXIS2_PLACEMENT_3D('',#2075,#2076,#2077);
#2075 = CARTESIAN_POINT('',(-21.65063509461,142.,12.5));
#2076 = DIRECTION('',(0.,1.,0.));
#2077 = DIRECTION('',(0.,-0.,1.));
#2078 = ORIENTED_EDGE('',*,*,#2064,.T.);
#2079 = CYLINDRICAL_SURFACE('',#2080,3.1);
#2080 = AXIS2_PLACEMENT_3D('',#2081,#2082,#2083);
#2081 = CARTESIAN_POINT('',(-21.65063509461,142.,12.5));
#2082 = DIRECTION('',(0.,1.,0.));
#2083 = DIRECTION('',(0.,-0.,1.));
#2084 = ADVANCED_FACE('',(#2085),#2104,.F.);
#2085 = FACE_BOUND('',#2086,.F.);
#2086 = EDGE_LOOP('',(#2087,#2088,#2096,#2103));
#2087 = ORIENTED_EDGE('',*,*,#659,.F.);
#2088 = ORIENTED_EDGE('',*,*,#2089,.F.);
#2089 = EDGE_CURVE('',#2090,#660,#2092,.T.);
#2090 = VERTEX_POINT('',#2091);
#2091 = CARTESIAN_POINT('',(-21.65063509461,142.,-9.4));
#2092 = LINE('',#2093,#2094);
#2093 = CARTESIAN_POINT('',(-21.65063509461,142.,-9.4));
#2094 = VECTOR('',#2095,1.);
#2095 = DIRECTION('',(0.,1.,0.));
#2096 = ORIENTED_EDGE('',*,*,#2097,.T.);
#2097 = EDGE_CURVE('',#2090,#2090,#2098,.T.);
#2098 = CIRCLE('',#2099,3.1);
#2099 = AXIS2_PLACEMENT_3D('',#2100,#2101,#2102);
#2100 = CARTESIAN_POINT('',(-21.65063509461,142.,-12.5));
#2101 = DIRECTION('',(0.,1.,0.));
#2102 = DIRECTION('',(0.,-0.,1.));
#2103 = ORIENTED_EDGE('',*,*,#2089,.T.);
#2104 = CYLINDRICAL_SURFACE('',#2105,3.1);
#2105 = AXIS2_PLACEMENT_3D('',#2106,#2107,#2108);
#2106 = CARTESIAN_POINT('',(-21.65063509461,142.,-12.5));
#2107 = DIRECTION('',(0.,1.,0.));
#2108 = DIRECTION('',(0.,-0.,1.));
#2109 = ADVANCED_FACE('',(#2110),#2129,.F.);
#2110 = FACE_BOUND('',#2111,.F.);
#2111 = EDGE_LOOP('',(#2112,#2113,#2121,#2128));
#2112 = ORIENTED_EDGE('',*,*,#670,.F.);
#2113 = ORIENTED_EDGE('',*,*,#2114,.F.);
#2114 = EDGE_CURVE('',#2115,#671,#2117,.T.);
#2115 = VERTEX_POINT('',#2116);
#2116 = CARTESIAN_POINT('',(7.715274834628E-16,142.,28.1));
#2117 = LINE('',#2118,#2119);
#2118 = CARTESIAN_POINT('',(7.715274834628E-16,142.,28.1));
#2119 = VECTOR('',#2120,1.);
#2120 = DIRECTION('',(0.,1.,0.));
#2121 = ORIENTED_EDGE('',*,*,#2122,.T.);
#2122 = EDGE_CURVE('',#2115,#2115,#2123,.T.);
#2123 = CIRCLE('',#2124,3.1);
#2124 = AXIS2_PLACEMENT_3D('',#2125,#2126,#2127);
#2125 = CARTESIAN_POINT('',(1.530808498934E-15,142.,25.));
#2126 = DIRECTION('',(0.,1.,0.));
#2127 = DIRECTION('',(0.,-0.,1.));
#2128 = ORIENTED_EDGE('',*,*,#2114,.T.);
#2129 = CYLINDRICAL_SURFACE('',#2130,3.1);
#2130 = AXIS2_PLACEMENT_3D('',#2131,#2132,#2133);
#2131 = CARTESIAN_POINT('',(1.530808498934E-15,142.,25.));
#2132 = DIRECTION('',(0.,1.,0.));
#2133 = DIRECTION('',(0.,-0.,1.));
#2134 = ADVANCED_FACE('',(#2135),#2154,.F.);
#2135 = FACE_BOUND('',#2136,.F.);
#2136 = EDGE_LOOP('',(#2137,#2138,#2146,#2153));
#2137 = ORIENTED_EDGE('',*,*,#692,.F.);
#2138 = ORIENTED_EDGE('',*,*,#2139,.F.);
#2139 = EDGE_CURVE('',#2140,#693,#2142,.T.);
#2140 = VERTEX_POINT('',#2141);
#2141 = CARTESIAN_POINT('',(-5.351706512274E-15,142.,-21.9));
#2142 = LINE('',#2143,#2144);
#2143 = CARTESIAN_POINT('',(-5.351706512274E-15,142.,-21.9));
#2144 = VECTOR('',#2145,1.);
#2145 = DIRECTION('',(0.,1.,0.));
#2146 = ORIENTED_EDGE('',*,*,#2147,.T.);
#2147 = EDGE_CURVE('',#2140,#2140,#2148,.T.);
#2148 = CIRCLE('',#2149,3.1);
#2149 = AXIS2_PLACEMENT_3D('',#2150,#2151,#2152);
#2150 = CARTESIAN_POINT('',(-4.592425496803E-15,142.,-25.));
#2151 = DIRECTION('',(0.,1.,0.));
#2152 = DIRECTION('',(0.,-0.,1.));
#2153 = ORIENTED_EDGE('',*,*,#2139,.T.);
#2154 = CYLINDRICAL_SURFACE('',#2155,3.1);
#2155 = AXIS2_PLACEMENT_3D('',#2156,#2157,#2158);
#2156 = CARTESIAN_POINT('',(-4.592425496803E-15,142.,-25.));
#2157 = DIRECTION('',(0.,1.,0.));
#2158 = DIRECTION('',(0.,-0.,1.));
#2159 = ADVANCED_FACE('',(#2160),#2179,.F.);
#2160 = FACE_BOUND('',#2161,.F.);
#2161 = EDGE_LOOP('',(#2162,#2170,#2171,#2172));
#2162 = ORIENTED_EDGE('',*,*,#2163,.T.);
#2163 = EDGE_CURVE('',#2164,#757,#2166,.T.);
#2164 = VERTEX_POINT('',#2165);
#2165 = CARTESIAN_POINT('',(-5.388445916248E-16,142.2,-63.8));
#2166 = LINE('',#2167,#2168);
#2167 = CARTESIAN_POINT('',(-5.388445916248E-16,138.,-63.8));
#2168 = VECTOR('',#2169,1.);
#2169 = DIRECTION('',(0.,1.,0.));
#2170 = ORIENTED_EDGE('',*,*,#756,.F.);
#2171 = ORIENTED_EDGE('',*,*,#2163,.F.);
#2172 = ORIENTED_EDGE('',*,*,#2173,.T.);
#2173 = EDGE_CURVE('',#2164,#2164,#2174,.T.);
#2174 = CIRCLE('',#2175,2.2);
#2175 = AXIS2_PLACEMENT_3D('',#2176,#2177,#2178);
#2176 = CARTESIAN_POINT('',(0.,142.2,-66.));
#2177 = DIRECTION('',(0.,1.,0.));
#2178 = DIRECTION('',(0.,-0.,1.));
#2179 = CYLINDRICAL_SURFACE('',#2180,2.2);
#2180 = AXIS2_PLACEMENT_3D('',#2181,#2182,#2183);
#2181 = CARTESIAN_POINT('',(0.,138.,-66.));
#2182 = DIRECTION('',(0.,1.,0.));
#2183 = DIRECTION('',(0.,-0.,1.));
#2184 = ADVANCED_FACE('',(#2185),#2204,.F.);
#2185 = FACE_BOUND('',#2186,.F.);
#2186 = EDGE_LOOP('',(#2187,#2195,#2196,#2197));
#2187 = ORIENTED_EDGE('',*,*,#2188,.T.);
#2188 = EDGE_CURVE('',#2189,#768,#2191,.T.);
#2189 = VERTEX_POINT('',#2190);
#2190 = CARTESIAN_POINT('',(-5.388445916248E-16,142.2,-90.8));
#2191 = LINE('',#2192,#2193);
#2192 = CARTESIAN_POINT('',(-5.388445916248E-16,138.,-90.8));
#2193 = VECTOR('',#2194,1.);
#2194 = DIRECTION('',(0.,1.,0.));
#2195 = ORIENTED_EDGE('',*,*,#767,.F.);
#2196 = ORIENTED_EDGE('',*,*,#2188,.F.);
#2197 = ORIENTED_EDGE('',*,*,#2198,.T.);
#2198 = EDGE_CURVE('',#2189,#2189,#2199,.T.);
#2199 = CIRCLE('',#2200,2.2);
#2200 = AXIS2_PLACEMENT_3D('',#2201,#2202,#2203);
#2201 = CARTESIAN_POINT('',(0.,142.2,-93.));
#2202 = DIRECTION('',(0.,1.,0.));
#2203 = DIRECTION('',(0.,-0.,1.));
#2204 = CYLINDRICAL_SURFACE('',#2205,2.2);
#2205 = AXIS2_PLACEMENT_3D('',#2206,#2207,#2208);
#2206 = CARTESIAN_POINT('',(0.,138.,-93.));
#2207 = DIRECTION('',(0.,1.,0.));
#2208 = DIRECTION('',(0.,-0.,1.));
#2209 = ADVANCED_FACE('',(#2210),#2229,.F.);
#2210 = FACE_BOUND('',#2211,.F.);
#2211 = EDGE_LOOP('',(#2212,#2213,#2221,#2228));
#2212 = ORIENTED_EDGE('',*,*,#895,.F.);
#2213 = ORIENTED_EDGE('',*,*,#2214,.F.);
#2214 = EDGE_CURVE('',#2215,#896,#2217,.T.);
#2215 = VERTEX_POINT('',#2216);
#2216 = CARTESIAN_POINT('',(21.650635094611,142.,15.6));
#2217 = LINE('',#2218,#2219);
#2218 = CARTESIAN_POINT('',(21.650635094611,142.,15.6));
#2219 = VECTOR('',#2220,1.);
#2220 = DIRECTION('',(0.,1.,0.));
#2221 = ORIENTED_EDGE('',*,*,#2222,.T.);
#2222 = EDGE_CURVE('',#2215,#2215,#2223,.T.);
#2223 = CIRCLE('',#2224,3.1);
#2224 = AXIS2_PLACEMENT_3D('',#2225,#2226,#2227);
#2225 = CARTESIAN_POINT('',(21.650635094611,142.,12.5));
#2226 = DIRECTION('',(0.,1.,0.));
#2227 = DIRECTION('',(0.,-0.,1.));
#2228 = ORIENTED_EDGE('',*,*,#2214,.T.);
#2229 = CYLINDRICAL_SURFACE('',#2230,3.1);
#2230 = AXIS2_PLACEMENT_3D('',#2231,#2232,#2233);
#2231 = CARTESIAN_POINT('',(21.650635094611,142.,12.5));
#2232 = DIRECTION('',(0.,1.,0.));
#2233 = DIRECTION('',(0.,-0.,1.));
#2234 = ADVANCED_FACE('',(#2235),#2254,.F.);
#2235 = FACE_BOUND('',#2236,.F.);
#2236 = EDGE_LOOP('',(#2237,#2245,#2246,#2247));
#2237 = ORIENTED_EDGE('',*,*,#2238,.T.);
#2238 = EDGE_CURVE('',#2239,#907,#2241,.T.);
#2239 = VERTEX_POINT('',#2240);
#2240 = CARTESIAN_POINT('',(31.,142.2,14.2));
#2241 = LINE('',#2242,#2243);
#2242 = CARTESIAN_POINT('',(31.,138.,14.2));
#2243 = VECTOR('',#2244,1.);
#2244 = DIRECTION('',(0.,1.,0.));
#2245 = ORIENTED_EDGE('',*,*,#906,.F.);
#2246 = ORIENTED_EDGE('',*,*,#2238,.F.);
#2247 = ORIENTED_EDGE('',*,*,#2248,.T.);
#2248 = EDGE_CURVE('',#2239,#2239,#2249,.T.);
#2249 = CIRCLE('',#2250,2.2);
#2250 = AXIS2_PLACEMENT_3D('',#2251,#2252,#2253);
#2251 = CARTESIAN_POINT('',(31.,142.2,12.));
#2252 = DIRECTION('',(0.,1.,0.));
#2253 = DIRECTION('',(0.,-0.,1.));
#2254 = CYLINDRICAL_SURFACE('',#2255,2.2);
#2255 = AXIS2_PLACEMENT_3D('',#2256,#2257,#2258);
#2256 = CARTESIAN_POINT('',(31.,138.,12.));
#2257 = DIRECTION('',(0.,1.,0.));
#2258 = DIRECTION('',(0.,-0.,1.));
#2259 = ADVANCED_FACE('',(#2260),#2279,.F.);
#2260 = FACE_BOUND('',#2261,.F.);
#2261 = EDGE_LOOP('',(#2262,#2270,#2271,#2272));
#2262 = ORIENTED_EDGE('',*,*,#2263,.T.);
#2263 = EDGE_CURVE('',#2264,#918,#2266,.T.);
#2264 = VERTEX_POINT('',#2265);
#2265 = CARTESIAN_POINT('',(31.,142.2,-9.8));
#2266 = LINE('',#2267,#2268);
#2267 = CARTESIAN_POINT('',(31.,138.,-9.8));
#2268 = VECTOR('',#2269,1.);
#2269 = DIRECTION('',(0.,1.,0.));
#2270 = ORIENTED_EDGE('',*,*,#917,.F.);
#2271 = ORIENTED_EDGE('',*,*,#2263,.F.);
#2272 = ORIENTED_EDGE('',*,*,#2273,.T.);
#2273 = EDGE_CURVE('',#2264,#2264,#2274,.T.);
#2274 = CIRCLE('',#2275,2.2);
#2275 = AXIS2_PLACEMENT_3D('',#2276,#2277,#2278);
#2276 = CARTESIAN_POINT('',(31.,142.2,-12.));
#2277 = DIRECTION('',(0.,1.,0.));
#2278 = DIRECTION('',(0.,-0.,1.));
#2279 = CYLINDRICAL_SURFACE('',#2280,2.2);
#2280 = AXIS2_PLACEMENT_3D('',#2281,#2282,#2283);
#2281 = CARTESIAN_POINT('',(31.,138.,-12.));
#2282 = DIRECTION('',(0.,1.,0.));
#2283 = DIRECTION('',(0.,-0.,1.));
#2284 = ADVANCED_FACE('',(#2285),#2304,.F.);
#2285 = FACE_BOUND('',#2286,.F.);
#2286 = EDGE_LOOP('',(#2287,#2288,#2296,#2303));
#2287 = ORIENTED_EDGE('',*,*,#928,.F.);
#2288 = ORIENTED_EDGE('',*,*,#2289,.F.);
#2289 = EDGE_CURVE('',#2290,#929,#2292,.T.);
#2290 = VERTEX_POINT('',#2291);
#2291 = CARTESIAN_POINT('',(21.650635094611,142.,-9.4));
#2292 = LINE('',#2293,#2294);
#2293 = CARTESIAN_POINT('',(21.650635094611,142.,-9.4));
#2294 = VECTOR('',#2295,1.);
#2295 = DIRECTION('',(0.,1.,0.));
#2296 = ORIENTED_EDGE('',*,*,#2297,.T.);
#2297 = EDGE_CURVE('',#2290,#2290,#2298,.T.);
#2298 = CIRCLE('',#2299,3.1);
#2299 = AXIS2_PLACEMENT_3D('',#2300,#2301,#2302);
#2300 = CARTESIAN_POINT('',(21.650635094611,142.,-12.5));
#2301 = DIRECTION('',(0.,1.,0.));
#2302 = DIRECTION('',(0.,-0.,1.));
#2303 = ORIENTED_EDGE('',*,*,#2289,.T.);
#2304 = CYLINDRICAL_SURFACE('',#2305,3.1);
#2305 = AXIS2_PLACEMENT_3D('',#2306,#2307,#2308);
#2306 = CARTESIAN_POINT('',(21.650635094611,142.,-12.5));
#2307 = DIRECTION('',(0.,1.,0.));
#2308 = DIRECTION('',(0.,-0.,1.));
#2309 = ADVANCED_FACE('',(#2310,#2313),#2316,.T.);
#2310 = FACE_BOUND('',#2311,.T.);
#2311 = EDGE_LOOP('',(#2312));
#2312 = ORIENTED_EDGE('',*,*,#2072,.T.);
#2313 = FACE_BOUND('',#2314,.T.);
#2314 = EDGE_LOOP('',(#2315));
#2315 = ORIENTED_EDGE('',*,*,#997,.F.);
#2316 = PLANE('',#2317);
#2317 = AXIS2_PLACEMENT_3D('',#2318,#2319,#2320);
#2318 = CARTESIAN_POINT('',(-21.65063509461,142.,12.5));
#2319 = DIRECTION('',(0.,1.,0.));
#2320 = DIRECTION('',(0.,-0.,1.));
#2321 = ADVANCED_FACE('',(#2322,#2325),#2328,.T.);
#2322 = FACE_BOUND('',#2323,.T.);
#2323 = EDGE_LOOP('',(#2324));
#2324 = ORIENTED_EDGE('',*,*,#2097,.T.);
#2325 = FACE_BOUND('',#2326,.T.);
#2326 = EDGE_LOOP('',(#2327));
#2327 = ORIENTED_EDGE('',*,*,#1022,.F.);
#2328 = PLANE('',#2329);
#2329 = AXIS2_PLACEMENT_3D('',#2330,#2331,#2332);
#2330 = CARTESIAN_POINT('',(-21.65063509461,142.,-12.5));
#2331 = DIRECTION('',(0.,1.,0.));
#2332 = DIRECTION('',(0.,-0.,1.));
#2333 = ADVANCED_FACE('',(#2334,#2337),#2340,.T.);
#2334 = FACE_BOUND('',#2335,.T.);
#2335 = EDGE_LOOP('',(#2336));
#2336 = ORIENTED_EDGE('',*,*,#2122,.T.);
#2337 = FACE_BOUND('',#2338,.T.);
#2338 = EDGE_LOOP('',(#2339));
#2339 = ORIENTED_EDGE('',*,*,#1047,.F.);
#2340 = PLANE('',#2341);
#2341 = AXIS2_PLACEMENT_3D('',#2342,#2343,#2344);
#2342 = CARTESIAN_POINT('',(1.530808498934E-15,142.,25.));
#2343 = DIRECTION('',(0.,1.,0.));
#2344 = DIRECTION('',(0.,-0.,1.));
#2345 = ADVANCED_FACE('',(#2346,#2349),#2352,.T.);
#2346 = FACE_BOUND('',#2347,.T.);
#2347 = EDGE_LOOP('',(#2348));
#2348 = ORIENTED_EDGE('',*,*,#2147,.T.);
#2349 = FACE_BOUND('',#2350,.T.);
#2350 = EDGE_LOOP('',(#2351));
#2351 = ORIENTED_EDGE('',*,*,#1191,.F.);
#2352 = PLANE('',#2353);
#2353 = AXIS2_PLACEMENT_3D('',#2354,#2355,#2356);
#2354 = CARTESIAN_POINT('',(-4.592425496803E-15,142.,-25.));
#2355 = DIRECTION('',(0.,1.,0.));
#2356 = DIRECTION('',(0.,-0.,1.));
#2357 = ADVANCED_FACE('',(#2358,#2366),#2369,.T.);
#2358 = FACE_BOUND('',#2359,.T.);
#2359 = EDGE_LOOP('',(#2360,#2361,#2362,#2363,#2364,#2365));
#2360 = ORIENTED_EDGE('',*,*,#1225,.T.);
#2361 = ORIENTED_EDGE('',*,*,#1273,.T.);
#2362 = ORIENTED_EDGE('',*,*,#1321,.T.);
#2363 = ORIENTED_EDGE('',*,*,#1345,.T.);
#2364 = ORIENTED_EDGE('',*,*,#1304,.T.);
#2365 = ORIENTED_EDGE('',*,*,#1256,.T.);
#2366 = FACE_BOUND('',#2367,.T.);
#2367 = EDGE_LOOP('',(#2368));
#2368 = ORIENTED_EDGE('',*,*,#2173,.T.);
#2369 = PLANE('',#2370);
#2370 = AXIS2_PLACEMENT_3D('',#2371,#2372,#2373);
#2371 = CARTESIAN_POINT('',(-1.05367818432E-16,142.2,-66.));
#2372 = DIRECTION('',(-0.,-1.,-0.));
#2373 = DIRECTION('',(0.,0.,-1.));
#2374 = ADVANCED_FACE('',(#2375,#2383),#2386,.T.);
#2375 = FACE_BOUND('',#2376,.T.);
#2376 = EDGE_LOOP('',(#2377,#2378,#2379,#2380,#2381,#2382));
#2377 = ORIENTED_EDGE('',*,*,#1369,.T.);
#2378 = ORIENTED_EDGE('',*,*,#1417,.T.);
#2379 = ORIENTED_EDGE('',*,*,#1465,.T.);
#2380 = ORIENTED_EDGE('',*,*,#1489,.T.);
#2381 = ORIENTED_EDGE('',*,*,#1448,.T.);
#2382 = ORIENTED_EDGE('',*,*,#1400,.T.);
#2383 = FACE_BOUND('',#2384,.T.);
#2384 = EDGE_LOOP('',(#2385));
#2385 = ORIENTED_EDGE('',*,*,#2198,.T.);
#2386 = PLANE('',#2387);
#2387 = AXIS2_PLACEMENT_3D('',#2388,#2389,#2390);
#2388 = CARTESIAN_POINT('',(-1.40490424576E-16,142.2,-93.));
#2389 = DIRECTION('',(-0.,-1.,-0.));
#2390 = DIRECTION('',(0.,0.,-1.));
#2391 = ADVANCED_FACE('',(#2392,#2395),#2398,.T.);
#2392 = FACE_BOUND('',#2393,.T.);
#2393 = EDGE_LOOP('',(#2394));
#2394 = ORIENTED_EDGE('',*,*,#2222,.T.);
#2395 = FACE_BOUND('',#2396,.T.);
#2396 = EDGE_LOOP('',(#2397));
#2397 = ORIENTED_EDGE('',*,*,#1725,.F.);
#2398 = PLANE('',#2399);
#2399 = AXIS2_PLACEMENT_3D('',#2400,#2401,#2402);
#2400 = CARTESIAN_POINT('',(21.650635094611,142.,12.5));
#2401 = DIRECTION('',(0.,1.,0.));
#2402 = DIRECTION('',(0.,-0.,1.));
#2403 = ADVANCED_FACE('',(#2404,#2407),#2410,.T.);
#2404 = FACE_BOUND('',#2405,.T.);
#2405 = EDGE_LOOP('',(#2406));
#2406 = ORIENTED_EDGE('',*,*,#2297,.T.);
#2407 = FACE_BOUND('',#2408,.T.);
#2408 = EDGE_LOOP('',(#2409));
#2409 = ORIENTED_EDGE('',*,*,#1750,.F.);
#2410 = PLANE('',#2411);
#2411 = AXIS2_PLACEMENT_3D('',#2412,#2413,#2414);
#2412 = CARTESIAN_POINT('',(21.650635094611,142.,-12.5));
#2413 = DIRECTION('',(0.,1.,0.));
#2414 = DIRECTION('',(0.,-0.,1.));
#2415 = ADVANCED_FACE('',(#2416,#2424),#2427,.T.);
#2416 = FACE_BOUND('',#2417,.T.);
#2417 = EDGE_LOOP('',(#2418,#2419,#2420,#2421,#2422,#2423));
#2418 = ORIENTED_EDGE('',*,*,#1784,.T.);
#2419 = ORIENTED_EDGE('',*,*,#1832,.T.);
#2420 = ORIENTED_EDGE('',*,*,#1880,.T.);
#2421 = ORIENTED_EDGE('',*,*,#1904,.T.);
#2422 = ORIENTED_EDGE('',*,*,#1863,.T.);
#2423 = ORIENTED_EDGE('',*,*,#1815,.T.);
#2424 = FACE_BOUND('',#2425,.T.);
#2425 = EDGE_LOOP('',(#2426));
#2426 = ORIENTED_EDGE('',*,*,#2248,.T.);
#2427 = PLANE('',#2428);
#2428 = AXIS2_PLACEMENT_3D('',#2429,#2430,#2431);
#2429 = CARTESIAN_POINT('',(31.,142.2,12.));
#2430 = DIRECTION('',(-0.,-1.,-0.));
#2431 = DIRECTION('',(0.,0.,-1.));
#2432 = ADVANCED_FACE('',(#2433,#2441),#2444,.T.);
#2433 = FACE_BOUND('',#2434,.T.);
#2434 = EDGE_LOOP('',(#2435,#2436,#2437,#2438,#2439,#2440));
#2435 = ORIENTED_EDGE('',*,*,#1928,.T.);
#2436 = ORIENTED_EDGE('',*,*,#1976,.T.);
#2437 = ORIENTED_EDGE('',*,*,#2024,.T.);
#2438 = ORIENTED_EDGE('',*,*,#2048,.T.);
#2439 = ORIENTED_EDGE('',*,*,#2007,.T.);
#2440 = ORIENTED_EDGE('',*,*,#1959,.T.);
#2441 = FACE_BOUND('',#2442,.T.);
#2442 = EDGE_LOOP('',(#2443));
#2443 = ORIENTED_EDGE('',*,*,#2273,.T.);
#2444 = PLANE('',#2445);
#2445 = AXIS2_PLACEMENT_3D('',#2446,#2447,#2448);
#2446 = CARTESIAN_POINT('',(31.,142.2,-12.));
#2447 = DIRECTION('',(-0.,-1.,-0.));
#2448 = DIRECTION('',(0.,0.,-1.));
#2449 = ( GEOMETRIC_REPRESENTATION_CONTEXT(3) 
GLOBAL_UNCERTAINTY_ASSIGNED_CONTEXT((#2453)) 
GLOBAL_UNIT_ASSIGNED_CONTEXT((#2450,#2451,#2452)) REPRESENTATION_CONTEXT
('Context #1','3D Context with UNIT and UNCERTAINTY') );
#2450 = ( LENGTH_UNIT() NAMED_UNIT(*) SI_UNIT(.MILLI.,.METRE.) );
#2451 = ( NAMED_UNIT(*) PLANE_ANGLE_UNIT() SI_UNIT($,.RADIAN.) );
#2452 = ( NAMED_UNIT(*) SI_UNIT($,.STERADIAN.) SOLID_ANGLE_UNIT() );
#2453 = UNCERTAINTY_MEASURE_WITH_UNIT(LENGTH_MEASURE(1.E-07),#2450,
  'distance_accuracy_value','confusion accuracy');
#2454 = PRODUCT_RELATED_PRODUCT_CATEGORY('part',$,(#7));
ENDSEC;
END-ISO-10303-21;
