ISO-10303-21;
HEADER;
FILE_DESCRIPTION(('FreeCAD Model'),'2;1');
FILE_NAME('Open CASCADE Shape Model','2026-09-28T17:02:02',('FreeCAD'),(
    'FreeCAD'),'Open CASCADE STEP processor 7.8','FreeCAD','Unknown');
FILE_SCHEMA(('AUTOMOTIVE_DESIGN { 1 0 10303 214 1 1 1 1 }'));
ENDSEC;
DATA;
#1 = APPLICATION_PROTOCOL_DEFINITION('international standard',
  'automotive_design',2000,#2);
#2 = APPLICATION_CONTEXT(
  'core data for automotive mechanical design processes');
#3 = SHAPE_DEFINITION_REPRESENTATION(#4,#10);
#4 = PRODUCT_DEFINITION_SHAPE('','',#5);
#5 = PRODUCT_DEFINITION('design','',#6,#9);
#6 = PRODUCT_DEFINITION_FORMATION('','',#7);
#7 = PRODUCT('Open CASCADE STEP translator 7.8 2',
  'Open CASCADE STEP translator 7.8 2','',(#8));
#8 = PRODUCT_CONTEXT('',#2,'mechanical');
#9 = PRODUCT_DEFINITION_CONTEXT('part definition',#2,'design');
#10 = ADVANCED_BREP_SHAPE_REPRESENTATION('',(#11,#15),#10590);
#11 = AXIS2_PLACEMENT_3D('',#12,#13,#14);
#12 = CARTESIAN_POINT('',(0.,0.,0.));
#13 = DIRECTION('',(0.,0.,1.));
#14 = DIRECTION('',(1.,0.,-0.));
#15 = MANIFOLD_SOLID_BREP('',#16);
#16 = CLOSED_SHELL('',(#17,#159,#751,#761,#786,#1022,#1053,#1084,#1115,
    #1168,#1229,#1314,#1427,#1538,#1548,#1580,#1612,#1636,#1661,#1693,
    #1717,#1741,#1759,#1784,#1809,#1840,#1865,#1890,#1914,#1938,#1963,
    #1988,#2005,#2036,#2061,#2086,#2110,#2134,#2159,#2184,#2201,#2232,
    #2257,#2282,#2306,#2330,#2355,#2380,#2397,#2422,#2454,#2478,#2503,
    #2527,#2552,#2576,#2601,#2618,#2642,#2673,#2698,#2722,#2771,#2795,
    #2820,#2844,#2869,#2893,#2942,#2966,#2984,#3008,#3033,#3058,#3259,
    #3292,#3351,#3435,#3460,#3484,#3509,#3533,#3558,#3582,#3600,#3625,
    #3649,#3674,#3698,#3723,#3747,#3765,#3790,#3814,#3839,#3863,#3888,
    #3912,#3930,#3955,#4098,#4116,#4143,#4160,#4387,#4418,#4449,#4480,
    #4511,#4563,#4598,#4624,#4642,#4660,#4710,#4736,#4823,#4840,#5085,
    #5105,#5125,#5145,#5204,#5263,#5322,#5381,#5401,#5426,#5451,#5501,
    #5525,#5550,#5574,#5592,#5604,#5628,#5720,#5779,#5796,#5813,#5830,
    #5848,#5892,#5904,#5924,#5948,#6006,#6033,#6058,#6092,#6265,#6291,
    #6316,#6340,#6365,#6389,#6414,#6438,#6456,#6481,#6505,#6530,#6554,
    #6579,#6603,#6621,#6646,#6670,#6695,#6719,#6744,#6768,#6786,#6811,
    #6936,#7033,#7051,#7082,#7107,#7131,#7156,#7180,#7205,#7229,#7247,
    #7274,#7340,#7367,#7394,#7441,#7617,#7641,#7681,#7705,#7729,#7801,
    #7818,#7843,#7868,#7893,#7915,#7932,#7949,#7966,#7983,#7995,#8017,
    #8034,#8051,#8068,#8085,#8097,#8122,#8134,#8151,#8384,#8407,#8468,
    #8527,#8551,#8586,#8611,#8623,#8635,#8652,#8669,#8686,#8698,#8710,
    #8730,#8741,#8752,#8770,#8782,#8868,#8880,#8892,#8904,#8921,#8938,
    #8972,#9006,#9018,#9049,#9073,#9097,#9121,#9145,#9162,#9193,#9217,
    #9241,#9265,#9289,#9306,#9318,#9349,#9374,#9399,#9416,#9447,#9472,
    #9497,#9514,#9545,#9570,#9595,#9612,#9643,#9668,#9693,#9710,#9741,
    #9766,#9791,#9808,#9839,#9864,#9888,#9906,#9965,#10001,#10025,#10050
    ,#10067,#10092,#10124,#10148,#10173,#10197,#10222,#10246,#10271,
    #10288,#10308,#10328,#10353,#10378,#10430,#10466,#10490,#10515,
    #10532,#10544,#10561,#10578));
#17 = ADVANCED_FACE('',(#18),#154,.T.);
#18 = FACE_BOUND('',#19,.F.);
#19 = EDGE_LOOP('',(#20,#30,#42,#51,#59,#67,#75,#83,#91,#99,#107,#116,
    #124));
#20 = ORIENTED_EDGE('',*,*,#21,.F.);
#21 = EDGE_CURVE('',#22,#24,#26,.T.);
#22 = VERTEX_POINT('',#23);
#23 = CARTESIAN_POINT('',(-94.,66.,-37.));
#24 = VERTEX_POINT('',#25);
#25 = CARTESIAN_POINT('',(-94.,66.,38.));
#26 = LINE('',#27,#28);
#27 = CARTESIAN_POINT('',(-94.,66.,-55.));
#28 = VECTOR('',#29,1.);
#29 = DIRECTION('',(0.,0.,1.));
#30 = ORIENTED_EDGE('',*,*,#31,.F.);
#31 = EDGE_CURVE('',#32,#22,#34,.T.);
#32 = VERTEX_POINT('',#33);
#33 = CARTESIAN_POINT('',(-93.97472490794,66.898979485566,-39.));
#34 = B_SPLINE_CURVE_WITH_KNOTS('',6,(#35,#36,#37,#38,#39,#40,#41),
  .UNSPECIFIED.,.F.,.F.,(7,7),(0.,1.),.PIECEWISE_BEZIER_KNOTS.);
#35 = CARTESIAN_POINT('',(-93.97472490105,66.898979608041,-39.0000006));
#36 = CARTESIAN_POINT('',(-93.97872532881,66.827892641836,
    -38.65174679321));
#37 = CARTESIAN_POINT('',(-93.9840484865,66.726535585952,-38.30680320613
    ));
#38 = CARTESIAN_POINT('',(-93.99011934185,66.5943186948,-37.96676407553)
  );
#39 = CARTESIAN_POINT('',(-93.99594349859,66.430140834117,
    -37.63361550178));
#40 = CARTESIAN_POINT('',(-94.,66.232563396877,-37.31008452917));
#41 = CARTESIAN_POINT('',(-94.,66.,-37.));
#42 = ORIENTED_EDGE('',*,*,#43,.T.);
#43 = EDGE_CURVE('',#32,#44,#46,.T.);
#44 = VERTEX_POINT('',#45);
#45 = CARTESIAN_POINT('',(-78.,82.,-39.));
#46 = CIRCLE('',#47,16.);
#47 = AXIS2_PLACEMENT_3D('',#48,#49,#50);
#48 = CARTESIAN_POINT('',(-78.,66.,-39.));
#49 = DIRECTION('',(0.,0.,-1.));
#50 = DIRECTION('',(-1.,0.,0.));
#51 = ORIENTED_EDGE('',*,*,#52,.T.);
#52 = EDGE_CURVE('',#44,#53,#55,.T.);
#53 = VERTEX_POINT('',#54);
#54 = CARTESIAN_POINT('',(-78.,82.,56.8));
#55 = LINE('',#56,#57);
#56 = CARTESIAN_POINT('',(-78.,82.,-55.));
#57 = VECTOR('',#58,1.);
#58 = DIRECTION('',(0.,0.,1.));
#59 = ORIENTED_EDGE('',*,*,#60,.T.);
#60 = EDGE_CURVE('',#53,#61,#63,.T.);
#61 = VERTEX_POINT('',#62);
#62 = CARTESIAN_POINT('',(-78.,82.,57.2));
#63 = LINE('',#64,#65);
#64 = CARTESIAN_POINT('',(-78.,82.,-55.));
#65 = VECTOR('',#66,1.);
#66 = DIRECTION('',(0.,0.,1.));
#67 = ORIENTED_EDGE('',*,*,#68,.T.);
#68 = EDGE_CURVE('',#61,#69,#71,.T.);
#69 = VERTEX_POINT('',#70);
#70 = CARTESIAN_POINT('',(-78.,82.,65.8));
#71 = LINE('',#72,#73);
#72 = CARTESIAN_POINT('',(-78.,82.,-55.));
#73 = VECTOR('',#74,1.);
#74 = DIRECTION('',(0.,0.,1.));
#75 = ORIENTED_EDGE('',*,*,#76,.T.);
#76 = EDGE_CURVE('',#69,#77,#79,.T.);
#77 = VERTEX_POINT('',#78);
#78 = CARTESIAN_POINT('',(-78.,82.,66.2));
#79 = LINE('',#80,#81);
#80 = CARTESIAN_POINT('',(-78.,82.,-55.));
#81 = VECTOR('',#82,1.);
#82 = DIRECTION('',(0.,0.,1.));
#83 = ORIENTED_EDGE('',*,*,#84,.T.);
#84 = EDGE_CURVE('',#77,#85,#87,.T.);
#85 = VERTEX_POINT('',#86);
#86 = CARTESIAN_POINT('',(-78.,82.,74.8));
#87 = LINE('',#88,#89);
#88 = CARTESIAN_POINT('',(-78.,82.,-55.));
#89 = VECTOR('',#90,1.);
#90 = DIRECTION('',(0.,0.,1.));
#91 = ORIENTED_EDGE('',*,*,#92,.T.);
#92 = EDGE_CURVE('',#85,#93,#95,.T.);
#93 = VERTEX_POINT('',#94);
#94 = CARTESIAN_POINT('',(-78.,82.,75.2));
#95 = LINE('',#96,#97);
#96 = CARTESIAN_POINT('',(-78.,82.,-55.));
#97 = VECTOR('',#98,1.);
#98 = DIRECTION('',(0.,0.,1.));
#99 = ORIENTED_EDGE('',*,*,#100,.T.);
#100 = EDGE_CURVE('',#93,#101,#103,.T.);
#101 = VERTEX_POINT('',#102);
#102 = CARTESIAN_POINT('',(-78.,82.,84.));
#103 = LINE('',#104,#105);
#104 = CARTESIAN_POINT('',(-78.,82.,-55.));
#105 = VECTOR('',#106,1.);
#106 = DIRECTION('',(0.,0.,1.));
#107 = ORIENTED_EDGE('',*,*,#108,.T.);
#108 = EDGE_CURVE('',#101,#109,#111,.T.);
#109 = VERTEX_POINT('',#110);
#110 = CARTESIAN_POINT('',(-94.,66.,84.));
#111 = CIRCLE('',#112,16.);
#112 = AXIS2_PLACEMENT_3D('',#113,#114,#115);
#113 = CARTESIAN_POINT('',(-78.,66.,84.));
#114 = DIRECTION('',(0.,0.,1.));
#115 = DIRECTION('',(-1.,0.,0.));
#116 = ORIENTED_EDGE('',*,*,#117,.F.);
#117 = EDGE_CURVE('',#118,#109,#120,.T.);
#118 = VERTEX_POINT('',#119);
#119 = CARTESIAN_POINT('',(-94.,66.,44.));
#120 = LINE('',#121,#122);
#121 = CARTESIAN_POINT('',(-94.,66.,-55.));
#122 = VECTOR('',#123,1.);
#123 = DIRECTION('',(0.,0.,1.));
#124 = ORIENTED_EDGE('',*,*,#125,.F.);
#125 = EDGE_CURVE('',#24,#118,#126,.T.);
#126 = B_SPLINE_CURVE_WITH_KNOTS('',6,(#127,#128,#129,#130,#131,#132,
    #133,#134,#135,#136,#137,#138,#139,#140,#141,#142,#143,#144,#145,
    #146,#147,#148,#149,#150,#151,#152,#153),.UNSPECIFIED.,.F.,.F.,(7,5,
    5,5,5,7),(0.,0.128836547748,0.500029266482,0.771650901802,
    0.871587958722,1.),.UNSPECIFIED.);
#127 = CARTESIAN_POINT('',(-94.,66.,38.));
#128 = CARTESIAN_POINT('',(-94.,66.088398057576,38.117864076769));
#129 = CARTESIAN_POINT('',(-93.99941394155,66.171737865715,
    38.237666187644));
#130 = CARTESIAN_POINT('',(-93.99836754451,66.250107852067,
    38.359196631958));
#131 = CARTESIAN_POINT('',(-93.99697058139,66.323592673284,
    38.482267557033));
#132 = CARTESIAN_POINT('',(-93.99531853809,66.392272883939,
    38.606712915509));
#133 = CARTESIAN_POINT('',(-93.98823836411,66.640476774527,
    39.094473824589));
#134 = CARTESIAN_POINT('',(-93.98155163235,66.785519972677,
    39.466851507705));
#135 = CARTESIAN_POINT('',(-93.97541591893,66.8930627646,39.84594712778)
  );
#136 = CARTESIAN_POINT('',(-93.97095265187,66.964338754091,
    40.229187905529));
#137 = CARTESIAN_POINT('',(-93.96871942267,67.,40.614530078202));
#138 = CARTESIAN_POINT('',(-93.96871942267,67.,41.282069031101));
#139 = CARTESIAN_POINT('',(-93.96991520792,66.980904863828,
    41.564111335246));
#140 = CARTESIAN_POINT('',(-93.97230632848,66.942721572042,
    41.845325287855));
#141 = CARTESIAN_POINT('',(-93.97573212921,66.885271193165,
    42.124893798388));
#142 = CARTESIAN_POINT('',(-93.97987071843,66.808205263339,
    42.401893432121));
#143 = CARTESIAN_POINT('',(-93.98578442459,66.675261036743,
    42.775760325719));
#144 = CARTESIAN_POINT('',(-93.98739997092,66.636778556129,
    42.875821631706));
#145 = CARTESIAN_POINT('',(-93.98901441202,66.595545073448,
    42.975332483665));
#146 = CARTESIAN_POINT('',(-93.99059753668,66.551531475219,
    43.074234269513));
#147 = CARTESIAN_POINT('',(-93.99211498176,66.50470567651,
    43.172463637998));
#148 = CARTESIAN_POINT('',(-93.99534415891,66.391206262045,
    43.395218781196));
#149 = CARTESIAN_POINT('',(-93.99698790973,66.322679799843,
    43.519260743711));
#150 = CARTESIAN_POINT('',(-93.99837727744,66.249377766896,
    43.641935258529));
#151 = CARTESIAN_POINT('',(-93.99941757494,66.171220327437,
    43.763077691786));
#152 = CARTESIAN_POINT('',(-94.,66.088123603326,43.882501862232));
#153 = CARTESIAN_POINT('',(-94.,66.,44.));
#154 = CYLINDRICAL_SURFACE('',#155,16.);
#155 = AXIS2_PLACEMENT_3D('',#156,#157,#158);
#156 = CARTESIAN_POINT('',(-78.,66.,-55.));
#157 = DIRECTION('',(0.,0.,1.));
#158 = DIRECTION('',(-1.,0.,0.));
#159 = ADVANCED_FACE('',(#160,#296,#307,#318,#388,#458,#528,#539,#609,
    #620,#724,#735),#746,.T.);
#160 = FACE_BOUND('',#161,.T.);
#161 = EDGE_LOOP('',(#162,#173,#181,#190,#198,#206,#215,#223,#232,#240,
    #249,#257,#266,#272,#273,#280,#281,#290));
#162 = ORIENTED_EDGE('',*,*,#163,.F.);
#163 = EDGE_CURVE('',#164,#166,#168,.T.);
#164 = VERTEX_POINT('',#165);
#165 = CARTESIAN_POINT('',(-94.,-66.,-37.));
#166 = VERTEX_POINT('',#167);
#167 = CARTESIAN_POINT('',(-94.,-57.10102051443,-39.));
#168 = CIRCLE('',#169,5.);
#169 = AXIS2_PLACEMENT_3D('',#170,#171,#172);
#170 = CARTESIAN_POINT('',(-94.,-62.,-40.));
#171 = DIRECTION('',(1.,0.,-0.));
#172 = DIRECTION('',(0.,0.,1.));
#173 = ORIENTED_EDGE('',*,*,#174,.T.);
#174 = EDGE_CURVE('',#164,#175,#177,.T.);
#175 = VERTEX_POINT('',#176);
#176 = CARTESIAN_POINT('',(-94.,-66.,38.));
#177 = LINE('',#178,#179);
#178 = CARTESIAN_POINT('',(-94.,-66.,-55.));
#179 = VECTOR('',#180,1.);
#180 = DIRECTION('',(0.,0.,1.));
#181 = ORIENTED_EDGE('',*,*,#182,.F.);
#182 = EDGE_CURVE('',#183,#175,#185,.T.);
#183 = VERTEX_POINT('',#184);
#184 = CARTESIAN_POINT('',(-94.,-66.,44.));
#185 = CIRCLE('',#186,5.);
#186 = AXIS2_PLACEMENT_3D('',#187,#188,#189);
#187 = CARTESIAN_POINT('',(-94.,-62.,41.));
#188 = DIRECTION('',(1.,0.,-0.));
#189 = DIRECTION('',(0.,0.,1.));
#190 = ORIENTED_EDGE('',*,*,#191,.T.);
#191 = EDGE_CURVE('',#183,#192,#194,.T.);
#192 = VERTEX_POINT('',#193);
#193 = CARTESIAN_POINT('',(-94.,-66.,84.));
#194 = LINE('',#195,#196);
#195 = CARTESIAN_POINT('',(-94.,-66.,-55.));
#196 = VECTOR('',#197,1.);
#197 = DIRECTION('',(0.,0.,1.));
#198 = ORIENTED_EDGE('',*,*,#199,.T.);
#199 = EDGE_CURVE('',#192,#200,#202,.T.);
#200 = VERTEX_POINT('',#201);
#201 = CARTESIAN_POINT('',(-94.,-47.2,84.));
#202 = LINE('',#203,#204);
#203 = CARTESIAN_POINT('',(-94.,-82.,84.));
#204 = VECTOR('',#205,1.);
#205 = DIRECTION('',(0.,1.,0.));
#206 = ORIENTED_EDGE('',*,*,#207,.T.);
#207 = EDGE_CURVE('',#200,#208,#210,.T.);
#208 = VERTEX_POINT('',#209);
#209 = CARTESIAN_POINT('',(-94.,-49.,82.2));
#210 = CIRCLE('',#211,1.8);
#211 = AXIS2_PLACEMENT_3D('',#212,#213,#214);
#212 = CARTESIAN_POINT('',(-94.,-47.2,82.2));
#213 = DIRECTION('',(1.,-0.,1.110223024625E-16));
#214 = DIRECTION('',(1.110223024625E-16,0.,-1.));
#215 = ORIENTED_EDGE('',*,*,#216,.T.);
#216 = EDGE_CURVE('',#208,#217,#219,.T.);
#217 = VERTEX_POINT('',#218);
#218 = CARTESIAN_POINT('',(-94.,-49.,81.8));
#219 = LINE('',#220,#221);
#220 = CARTESIAN_POINT('',(-94.,-49.,51.369488289094));
#221 = VECTOR('',#222,1.);
#222 = DIRECTION('',(0.,0.,-1.));
#223 = ORIENTED_EDGE('',*,*,#224,.T.);
#224 = EDGE_CURVE('',#217,#225,#227,.T.);
#225 = VERTEX_POINT('',#226);
#226 = CARTESIAN_POINT('',(-94.,-47.2,80.));
#227 = CIRCLE('',#228,1.8);
#228 = AXIS2_PLACEMENT_3D('',#229,#230,#231);
#229 = CARTESIAN_POINT('',(-94.,-47.2,81.8));
#230 = DIRECTION('',(1.,-0.,1.110223024625E-16));
#231 = DIRECTION('',(1.110223024625E-16,0.,-1.));
#232 = ORIENTED_EDGE('',*,*,#233,.F.);
#233 = EDGE_CURVE('',#234,#225,#236,.T.);
#234 = VERTEX_POINT('',#235);
#235 = CARTESIAN_POINT('',(-94.,47.2,80.));
#236 = LINE('',#237,#238);
#237 = CARTESIAN_POINT('',(-94.,-23.6,80.));
#238 = VECTOR('',#239,1.);
#239 = DIRECTION('',(0.,-1.,0.));
#240 = ORIENTED_EDGE('',*,*,#241,.T.);
#241 = EDGE_CURVE('',#234,#242,#244,.T.);
#242 = VERTEX_POINT('',#243);
#243 = CARTESIAN_POINT('',(-94.,49.,81.8));
#244 = CIRCLE('',#245,1.8);
#245 = AXIS2_PLACEMENT_3D('',#246,#247,#248);
#246 = CARTESIAN_POINT('',(-94.,47.2,81.8));
#247 = DIRECTION('',(1.,-0.,1.110223024625E-16));
#248 = DIRECTION('',(1.110223024625E-16,0.,-1.));
#249 = ORIENTED_EDGE('',*,*,#250,.F.);
#250 = EDGE_CURVE('',#251,#242,#253,.T.);
#251 = VERTEX_POINT('',#252);
#252 = CARTESIAN_POINT('',(-94.,49.,82.2));
#253 = LINE('',#254,#255);
#254 = CARTESIAN_POINT('',(-94.,49.,51.369488289094));
#255 = VECTOR('',#256,1.);
#256 = DIRECTION('',(0.,0.,-1.));
#257 = ORIENTED_EDGE('',*,*,#258,.T.);
#258 = EDGE_CURVE('',#251,#259,#261,.T.);
#259 = VERTEX_POINT('',#260);
#260 = CARTESIAN_POINT('',(-94.,47.2,84.));
#261 = CIRCLE('',#262,1.8);
#262 = AXIS2_PLACEMENT_3D('',#263,#264,#265);
#263 = CARTESIAN_POINT('',(-94.,47.2,82.2));
#264 = DIRECTION('',(1.,-0.,1.110223024625E-16));
#265 = DIRECTION('',(1.110223024625E-16,0.,-1.));
#266 = ORIENTED_EDGE('',*,*,#267,.T.);
#267 = EDGE_CURVE('',#259,#109,#268,.T.);
#268 = LINE('',#269,#270);
#269 = CARTESIAN_POINT('',(-94.,-82.,84.));
#270 = VECTOR('',#271,1.);
#271 = DIRECTION('',(0.,1.,0.));
#272 = ORIENTED_EDGE('',*,*,#117,.F.);
#273 = ORIENTED_EDGE('',*,*,#274,.F.);
#274 = EDGE_CURVE('',#24,#118,#275,.T.);
#275 = CIRCLE('',#276,5.);
#276 = AXIS2_PLACEMENT_3D('',#277,#278,#279);
#277 = CARTESIAN_POINT('',(-94.,62.,41.));
#278 = DIRECTION('',(1.,0.,-0.));
#279 = DIRECTION('',(0.,0.,1.));
#280 = ORIENTED_EDGE('',*,*,#21,.F.);
#281 = ORIENTED_EDGE('',*,*,#282,.F.);
#282 = EDGE_CURVE('',#283,#22,#285,.T.);
#283 = VERTEX_POINT('',#284);
#284 = CARTESIAN_POINT('',(-94.,57.101020514434,-39.));
#285 = CIRCLE('',#286,5.);
#286 = AXIS2_PLACEMENT_3D('',#287,#288,#289);
#287 = CARTESIAN_POINT('',(-94.,62.,-40.));
#288 = DIRECTION('',(1.,0.,-0.));
#289 = DIRECTION('',(0.,0.,1.));
#290 = ORIENTED_EDGE('',*,*,#291,.F.);
#291 = EDGE_CURVE('',#166,#283,#292,.T.);
#292 = LINE('',#293,#294);
#293 = CARTESIAN_POINT('',(-94.,-82.,-39.));
#294 = VECTOR('',#295,1.);
#295 = DIRECTION('',(0.,1.,0.));
#296 = FACE_BOUND('',#297,.T.);
#297 = EDGE_LOOP('',(#298));
#298 = ORIENTED_EDGE('',*,*,#299,.T.);
#299 = EDGE_CURVE('',#300,#300,#302,.T.);
#300 = VERTEX_POINT('',#301);
#301 = CARTESIAN_POINT('',(-94.,62.,44.2));
#302 = CIRCLE('',#303,3.2);
#303 = AXIS2_PLACEMENT_3D('',#304,#305,#306);
#304 = CARTESIAN_POINT('',(-94.,62.,41.));
#305 = DIRECTION('',(1.,0.,-0.));
#306 = DIRECTION('',(0.,0.,1.));
#307 = FACE_BOUND('',#308,.T.);
#308 = EDGE_LOOP('',(#309));
#309 = ORIENTED_EDGE('',*,*,#310,.T.);
#310 = EDGE_CURVE('',#311,#311,#313,.T.);
#311 = VERTEX_POINT('',#312);
#312 = CARTESIAN_POINT('',(-94.,62.,-36.8));
#313 = CIRCLE('',#314,3.2);
#314 = AXIS2_PLACEMENT_3D('',#315,#316,#317);
#315 = CARTESIAN_POINT('',(-94.,62.,-40.));
#316 = DIRECTION('',(1.,0.,-0.));
#317 = DIRECTION('',(0.,0.,1.));
#318 = FACE_BOUND('',#319,.T.);
#319 = EDGE_LOOP('',(#320,#330,#339,#347,#356,#364,#373,#381));
#320 = ORIENTED_EDGE('',*,*,#321,.T.);
#321 = EDGE_CURVE('',#322,#324,#326,.T.);
#322 = VERTEX_POINT('',#323);
#323 = CARTESIAN_POINT('',(-94.,47.2,75.));
#324 = VERTEX_POINT('',#325);
#325 = CARTESIAN_POINT('',(-94.,-47.2,75.));
#326 = LINE('',#327,#328);
#327 = CARTESIAN_POINT('',(-94.,-23.6,75.));
#328 = VECTOR('',#329,1.);
#329 = DIRECTION('',(0.,-1.,0.));
#330 = ORIENTED_EDGE('',*,*,#331,.T.);
#331 = EDGE_CURVE('',#324,#332,#334,.T.);
#332 = VERTEX_POINT('',#333);
#333 = CARTESIAN_POINT('',(-94.,-49.,73.2));
#334 = CIRCLE('',#335,1.8);
#335 = AXIS2_PLACEMENT_3D('',#336,#337,#338);
#336 = CARTESIAN_POINT('',(-94.,-47.2,73.2));
#337 = DIRECTION('',(1.,-0.,1.110223024625E-16));
#338 = DIRECTION('',(1.110223024625E-16,0.,-1.));
#339 = ORIENTED_EDGE('',*,*,#340,.T.);
#340 = EDGE_CURVE('',#332,#341,#343,.T.);
#341 = VERTEX_POINT('',#342);
#342 = CARTESIAN_POINT('',(-94.,-49.,72.8));
#343 = LINE('',#344,#345);
#344 = CARTESIAN_POINT('',(-94.,-49.,46.869488289094));
#345 = VECTOR('',#346,1.);
#346 = DIRECTION('',(0.,0.,-1.));
#347 = ORIENTED_EDGE('',*,*,#348,.T.);
#348 = EDGE_CURVE('',#341,#349,#351,.T.);
#349 = VERTEX_POINT('',#350);
#350 = CARTESIAN_POINT('',(-94.,-47.2,71.));
#351 = CIRCLE('',#352,1.8);
#352 = AXIS2_PLACEMENT_3D('',#353,#354,#355);
#353 = CARTESIAN_POINT('',(-94.,-47.2,72.8));
#354 = DIRECTION('',(1.,-0.,1.110223024625E-16));
#355 = DIRECTION('',(1.110223024625E-16,0.,-1.));
#356 = ORIENTED_EDGE('',*,*,#357,.F.);
#357 = EDGE_CURVE('',#358,#349,#360,.T.);
#358 = VERTEX_POINT('',#359);
#359 = CARTESIAN_POINT('',(-94.,47.2,71.));
#360 = LINE('',#361,#362);
#361 = CARTESIAN_POINT('',(-94.,-23.6,71.));
#362 = VECTOR('',#363,1.);
#363 = DIRECTION('',(0.,-1.,0.));
#364 = ORIENTED_EDGE('',*,*,#365,.T.);
#365 = EDGE_CURVE('',#358,#366,#368,.T.);
#366 = VERTEX_POINT('',#367);
#367 = CARTESIAN_POINT('',(-94.,49.,72.8));
#368 = CIRCLE('',#369,1.8);
#369 = AXIS2_PLACEMENT_3D('',#370,#371,#372);
#370 = CARTESIAN_POINT('',(-94.,47.2,72.8));
#371 = DIRECTION('',(1.,-0.,1.110223024625E-16));
#372 = DIRECTION('',(1.110223024625E-16,0.,-1.));
#373 = ORIENTED_EDGE('',*,*,#374,.F.);
#374 = EDGE_CURVE('',#375,#366,#377,.T.);
#375 = VERTEX_POINT('',#376);
#376 = CARTESIAN_POINT('',(-94.,49.,73.2));
#377 = LINE('',#378,#379);
#378 = CARTESIAN_POINT('',(-94.,49.,46.869488289094));
#379 = VECTOR('',#380,1.);
#380 = DIRECTION('',(0.,0.,-1.));
#381 = ORIENTED_EDGE('',*,*,#382,.T.);
#382 = EDGE_CURVE('',#375,#322,#383,.T.);
#383 = CIRCLE('',#384,1.8);
#384 = AXIS2_PLACEMENT_3D('',#385,#386,#387);
#385 = CARTESIAN_POINT('',(-94.,47.2,73.2));
#386 = DIRECTION('',(1.,-0.,1.110223024625E-16));
#387 = DIRECTION('',(1.110223024625E-16,0.,-1.));
#388 = FACE_BOUND('',#389,.T.);
#389 = EDGE_LOOP('',(#390,#400,#409,#417,#426,#434,#443,#451));
#390 = ORIENTED_EDGE('',*,*,#391,.T.);
#391 = EDGE_CURVE('',#392,#394,#396,.T.);
#392 = VERTEX_POINT('',#393);
#393 = CARTESIAN_POINT('',(-94.,47.2,66.));
#394 = VERTEX_POINT('',#395);
#395 = CARTESIAN_POINT('',(-94.,-47.2,66.));
#396 = LINE('',#397,#398);
#397 = CARTESIAN_POINT('',(-94.,-23.6,66.));
#398 = VECTOR('',#399,1.);
#399 = DIRECTION('',(0.,-1.,0.));
#400 = ORIENTED_EDGE('',*,*,#401,.T.);
#401 = EDGE_CURVE('',#394,#402,#404,.T.);
#402 = VERTEX_POINT('',#403);
#403 = CARTESIAN_POINT('',(-94.,-49.,64.2));
#404 = CIRCLE('',#405,1.8);
#405 = AXIS2_PLACEMENT_3D('',#406,#407,#408);
#406 = CARTESIAN_POINT('',(-94.,-47.2,64.2));
#407 = DIRECTION('',(1.,-0.,1.110223024625E-16));
#408 = DIRECTION('',(1.110223024625E-16,0.,-1.));
#409 = ORIENTED_EDGE('',*,*,#410,.T.);
#410 = EDGE_CURVE('',#402,#411,#413,.T.);
#411 = VERTEX_POINT('',#412);
#412 = CARTESIAN_POINT('',(-94.,-49.,63.8));
#413 = LINE('',#414,#415);
#414 = CARTESIAN_POINT('',(-94.,-49.,42.369488289094));
#415 = VECTOR('',#416,1.);
#416 = DIRECTION('',(0.,0.,-1.));
#417 = ORIENTED_EDGE('',*,*,#418,.T.);
#418 = EDGE_CURVE('',#411,#419,#421,.T.);
#419 = VERTEX_POINT('',#420);
#420 = CARTESIAN_POINT('',(-94.,-47.2,62.));
#421 = CIRCLE('',#422,1.8);
#422 = AXIS2_PLACEMENT_3D('',#423,#424,#425);
#423 = CARTESIAN_POINT('',(-94.,-47.2,63.8));
#424 = DIRECTION('',(1.,-0.,1.110223024625E-16));
#425 = DIRECTION('',(1.110223024625E-16,0.,-1.));
#426 = ORIENTED_EDGE('',*,*,#427,.F.);
#427 = EDGE_CURVE('',#428,#419,#430,.T.);
#428 = VERTEX_POINT('',#429);
#429 = CARTESIAN_POINT('',(-94.,47.2,62.));
#430 = LINE('',#431,#432);
#431 = CARTESIAN_POINT('',(-94.,-23.6,62.));
#432 = VECTOR('',#433,1.);
#433 = DIRECTION('',(0.,-1.,0.));
#434 = ORIENTED_EDGE('',*,*,#435,.T.);
#435 = EDGE_CURVE('',#428,#436,#438,.T.);
#436 = VERTEX_POINT('',#437);
#437 = CARTESIAN_POINT('',(-94.,49.,63.8));
#438 = CIRCLE('',#439,1.8);
#439 = AXIS2_PLACEMENT_3D('',#440,#441,#442);
#440 = CARTESIAN_POINT('',(-94.,47.2,63.8));
#441 = DIRECTION('',(1.,-0.,1.110223024625E-16));
#442 = DIRECTION('',(1.110223024625E-16,0.,-1.));
#443 = ORIENTED_EDGE('',*,*,#444,.F.);
#444 = EDGE_CURVE('',#445,#436,#447,.T.);
#445 = VERTEX_POINT('',#446);
#446 = CARTESIAN_POINT('',(-94.,49.,64.2));
#447 = LINE('',#448,#449);
#448 = CARTESIAN_POINT('',(-94.,49.,42.369488289094));
#449 = VECTOR('',#450,1.);
#450 = DIRECTION('',(0.,0.,-1.));
#451 = ORIENTED_EDGE('',*,*,#452,.T.);
#452 = EDGE_CURVE('',#445,#392,#453,.T.);
#453 = CIRCLE('',#454,1.8);
#454 = AXIS2_PLACEMENT_3D('',#455,#456,#457);
#455 = CARTESIAN_POINT('',(-94.,47.2,64.2));
#456 = DIRECTION('',(1.,-0.,1.110223024625E-16));
#457 = DIRECTION('',(1.110223024625E-16,0.,-1.));
#458 = FACE_BOUND('',#459,.T.);
#459 = EDGE_LOOP('',(#460,#470,#479,#487,#496,#504,#513,#521));
#460 = ORIENTED_EDGE('',*,*,#461,.T.);
#461 = EDGE_CURVE('',#462,#464,#466,.T.);
#462 = VERTEX_POINT('',#463);
#463 = CARTESIAN_POINT('',(-94.,47.2,57.));
#464 = VERTEX_POINT('',#465);
#465 = CARTESIAN_POINT('',(-94.,-47.2,57.));
#466 = LINE('',#467,#468);
#467 = CARTESIAN_POINT('',(-94.,-23.6,57.));
#468 = VECTOR('',#469,1.);
#469 = DIRECTION('',(0.,-1.,0.));
#470 = ORIENTED_EDGE('',*,*,#471,.T.);
#471 = EDGE_CURVE('',#464,#472,#474,.T.);
#472 = VERTEX_POINT('',#473);
#473 = CARTESIAN_POINT('',(-94.,-49.,55.2));
#474 = CIRCLE('',#475,1.8);
#475 = AXIS2_PLACEMENT_3D('',#476,#477,#478);
#476 = CARTESIAN_POINT('',(-94.,-47.2,55.2));
#477 = DIRECTION('',(1.,-0.,1.110223024625E-16));
#478 = DIRECTION('',(1.110223024625E-16,0.,-1.));
#479 = ORIENTED_EDGE('',*,*,#480,.T.);
#480 = EDGE_CURVE('',#472,#481,#483,.T.);
#481 = VERTEX_POINT('',#482);
#482 = CARTESIAN_POINT('',(-94.,-49.,54.8));
#483 = LINE('',#484,#485);
#484 = CARTESIAN_POINT('',(-94.,-49.,37.869488289094));
#485 = VECTOR('',#486,1.);
#486 = DIRECTION('',(0.,0.,-1.));
#487 = ORIENTED_EDGE('',*,*,#488,.T.);
#488 = EDGE_CURVE('',#481,#489,#491,.T.);
#489 = VERTEX_POINT('',#490);
#490 = CARTESIAN_POINT('',(-94.,-47.2,53.));
#491 = CIRCLE('',#492,1.8);
#492 = AXIS2_PLACEMENT_3D('',#493,#494,#495);
#493 = CARTESIAN_POINT('',(-94.,-47.2,54.8));
#494 = DIRECTION('',(1.,-0.,1.110223024625E-16));
#495 = DIRECTION('',(1.110223024625E-16,0.,-1.));
#496 = ORIENTED_EDGE('',*,*,#497,.F.);
#497 = EDGE_CURVE('',#498,#489,#500,.T.);
#498 = VERTEX_POINT('',#499);
#499 = CARTESIAN_POINT('',(-94.,47.2,53.));
#500 = LINE('',#501,#502);
#501 = CARTESIAN_POINT('',(-94.,-23.6,53.));
#502 = VECTOR('',#503,1.);
#503 = DIRECTION('',(0.,-1.,0.));
#504 = ORIENTED_EDGE('',*,*,#505,.T.);
#505 = EDGE_CURVE('',#498,#506,#508,.T.);
#506 = VERTEX_POINT('',#507);
#507 = CARTESIAN_POINT('',(-94.,49.,54.8));
#508 = CIRCLE('',#509,1.8);
#509 = AXIS2_PLACEMENT_3D('',#510,#511,#512);
#510 = CARTESIAN_POINT('',(-94.,47.2,54.8));
#511 = DIRECTION('',(1.,-0.,1.110223024625E-16));
#512 = DIRECTION('',(1.110223024625E-16,0.,-1.));
#513 = ORIENTED_EDGE('',*,*,#514,.F.);
#514 = EDGE_CURVE('',#515,#506,#517,.T.);
#515 = VERTEX_POINT('',#516);
#516 = CARTESIAN_POINT('',(-94.,49.,55.2));
#517 = LINE('',#518,#519);
#518 = CARTESIAN_POINT('',(-94.,49.,37.869488289094));
#519 = VECTOR('',#520,1.);
#520 = DIRECTION('',(0.,0.,-1.));
#521 = ORIENTED_EDGE('',*,*,#522,.T.);
#522 = EDGE_CURVE('',#515,#462,#523,.T.);
#523 = CIRCLE('',#524,1.8);
#524 = AXIS2_PLACEMENT_3D('',#525,#526,#527);
#525 = CARTESIAN_POINT('',(-94.,47.2,55.2));
#526 = DIRECTION('',(1.,-0.,1.110223024625E-16));
#527 = DIRECTION('',(1.110223024625E-16,0.,-1.));
#528 = FACE_BOUND('',#529,.T.);
#529 = EDGE_LOOP('',(#530));
#530 = ORIENTED_EDGE('',*,*,#531,.T.);
#531 = EDGE_CURVE('',#532,#532,#534,.T.);
#532 = VERTEX_POINT('',#533);
#533 = CARTESIAN_POINT('',(-94.,-62.,44.2));
#534 = CIRCLE('',#535,3.2);
#535 = AXIS2_PLACEMENT_3D('',#536,#537,#538);
#536 = CARTESIAN_POINT('',(-94.,-62.,41.));
#537 = DIRECTION('',(1.,0.,-0.));
#538 = DIRECTION('',(0.,0.,1.));
#539 = FACE_BOUND('',#540,.T.);
#540 = EDGE_LOOP('',(#541,#552,#560,#569,#577,#586,#594,#603));
#541 = ORIENTED_EDGE('',*,*,#542,.T.);
#542 = EDGE_CURVE('',#543,#545,#547,.T.);
#543 = VERTEX_POINT('',#544);
#544 = CARTESIAN_POINT('',(-94.,48.4,0.7));
#545 = VERTEX_POINT('',#546);
#546 = CARTESIAN_POINT('',(-94.,49.,1.3));
#547 = CIRCLE('',#548,0.6);
#548 = AXIS2_PLACEMENT_3D('',#549,#550,#551);
#549 = CARTESIAN_POINT('',(-94.,48.4,1.3));
#550 = DIRECTION('',(1.,-0.,1.1E-16));
#551 = DIRECTION('',(1.1E-16,0.,-1.));
#552 = ORIENTED_EDGE('',*,*,#553,.T.);
#553 = EDGE_CURVE('',#545,#554,#556,.T.);
#554 = VERTEX_POINT('',#555);
#555 = CARTESIAN_POINT('',(-94.,49.,8.7));
#556 = LINE('',#557,#558);
#557 = CARTESIAN_POINT('',(-94.,49.,-23.15));
#558 = VECTOR('',#559,1.);
#559 = DIRECTION('',(0.,0.,1.));
#560 = ORIENTED_EDGE('',*,*,#561,.T.);
#561 = EDGE_CURVE('',#554,#562,#564,.T.);
#562 = VERTEX_POINT('',#563);
#563 = CARTESIAN_POINT('',(-94.,48.4,9.3));
#564 = CIRCLE('',#565,0.6);
#565 = AXIS2_PLACEMENT_3D('',#566,#567,#568);
#566 = CARTESIAN_POINT('',(-94.,48.4,8.7));
#567 = DIRECTION('',(1.,-0.,1.1E-16));
#568 = DIRECTION('',(1.1E-16,0.,-1.));
#569 = ORIENTED_EDGE('',*,*,#570,.F.);
#570 = EDGE_CURVE('',#571,#562,#573,.T.);
#571 = VERTEX_POINT('',#572);
#572 = CARTESIAN_POINT('',(-94.,-48.4,9.3));
#573 = LINE('',#574,#575);
#574 = CARTESIAN_POINT('',(-94.,-65.2,9.3));
#575 = VECTOR('',#576,1.);
#576 = DIRECTION('',(0.,1.,0.));
#577 = ORIENTED_EDGE('',*,*,#578,.T.);
#578 = EDGE_CURVE('',#571,#579,#581,.T.);
#579 = VERTEX_POINT('',#580);
#580 = CARTESIAN_POINT('',(-94.,-49.,8.7));
#581 = CIRCLE('',#582,0.6);
#582 = AXIS2_PLACEMENT_3D('',#583,#584,#585);
#583 = CARTESIAN_POINT('',(-94.,-48.4,8.7));
#584 = DIRECTION('',(1.,-0.,1.1E-16));
#585 = DIRECTION('',(1.1E-16,0.,-1.));
#586 = ORIENTED_EDGE('',*,*,#587,.F.);
#587 = EDGE_CURVE('',#588,#579,#590,.T.);
#588 = VERTEX_POINT('',#589);
#589 = CARTESIAN_POINT('',(-94.,-49.,1.3));
#590 = LINE('',#591,#592);
#591 = CARTESIAN_POINT('',(-94.,-49.,-23.15));
#592 = VECTOR('',#593,1.);
#593 = DIRECTION('',(0.,0.,1.));
#594 = ORIENTED_EDGE('',*,*,#595,.T.);
#595 = EDGE_CURVE('',#588,#596,#598,.T.);
#596 = VERTEX_POINT('',#597);
#597 = CARTESIAN_POINT('',(-94.,-48.4,0.7));
#598 = CIRCLE('',#599,0.6);
#599 = AXIS2_PLACEMENT_3D('',#600,#601,#602);
#600 = CARTESIAN_POINT('',(-94.,-48.4,1.3));
#601 = DIRECTION('',(1.,-0.,1.1E-16));
#602 = DIRECTION('',(1.1E-16,0.,-1.));
#603 = ORIENTED_EDGE('',*,*,#604,.T.);
#604 = EDGE_CURVE('',#596,#543,#605,.T.);
#605 = LINE('',#606,#607);
#606 = CARTESIAN_POINT('',(-94.,-65.2,0.7));
#607 = VECTOR('',#608,1.);
#608 = DIRECTION('',(0.,1.,0.));
#609 = FACE_BOUND('',#610,.T.);
#610 = EDGE_LOOP('',(#611));
#611 = ORIENTED_EDGE('',*,*,#612,.T.);
#612 = EDGE_CURVE('',#613,#613,#615,.T.);
#613 = VERTEX_POINT('',#614);
#614 = CARTESIAN_POINT('',(-94.,-33.,-23.3));
#615 = CIRCLE('',#616,1.7);
#616 = AXIS2_PLACEMENT_3D('',#617,#618,#619);
#617 = CARTESIAN_POINT('',(-94.,-33.,-25.));
#618 = DIRECTION('',(1.,0.,-0.));
#619 = DIRECTION('',(0.,0.,1.));
#620 = FACE_BOUND('',#621,.T.);
#621 = EDGE_LOOP('',(#622,#632,#641,#649,#658,#666,#675,#683,#692,#700,
    #709,#717));
#622 = ORIENTED_EDGE('',*,*,#623,.F.);
#623 = EDGE_CURVE('',#624,#626,#628,.T.);
#624 = VERTEX_POINT('',#625);
#625 = CARTESIAN_POINT('',(-94.,-53.,-18.));
#626 = VERTEX_POINT('',#627);
#627 = CARTESIAN_POINT('',(-94.,-39.,-18.));
#628 = LINE('',#629,#630);
#629 = CARTESIAN_POINT('',(-94.,-67.5,-18.));
#630 = VECTOR('',#631,1.);
#631 = DIRECTION('',(0.,1.,0.));
#632 = ORIENTED_EDGE('',*,*,#633,.T.);
#633 = EDGE_CURVE('',#624,#634,#636,.T.);
#634 = VERTEX_POINT('',#635);
#635 = CARTESIAN_POINT('',(-94.,-55.,-20.));
#636 = CIRCLE('',#637,2.);
#637 = AXIS2_PLACEMENT_3D('',#638,#639,#640);
#638 = CARTESIAN_POINT('',(-94.,-53.,-20.));
#639 = DIRECTION('',(1.,-0.,1.1E-16));
#640 = DIRECTION('',(1.1E-16,0.,-1.));
#641 = ORIENTED_EDGE('',*,*,#642,.F.);
#642 = EDGE_CURVE('',#643,#634,#645,.T.);
#643 = VERTEX_POINT('',#644);
#644 = CARTESIAN_POINT('',(-94.,-55.,-22.93844718719));
#645 = LINE('',#646,#647);
#646 = CARTESIAN_POINT('',(-94.,-55.,-37.5));
#647 = VECTOR('',#648,1.);
#648 = DIRECTION('',(0.,0.,1.));
#649 = ORIENTED_EDGE('',*,*,#650,.F.);
#650 = EDGE_CURVE('',#651,#643,#653,.T.);
#651 = VERTEX_POINT('',#652);
#652 = CARTESIAN_POINT('',(-94.,-55.,-27.0615528128));
#653 = CIRCLE('',#654,4.5);
#654 = AXIS2_PLACEMENT_3D('',#655,#656,#657);
#655 = CARTESIAN_POINT('',(-94.,-59.,-25.));
#656 = DIRECTION('',(1.,0.,-0.));
#657 = DIRECTION('',(0.,0.,1.));
#658 = ORIENTED_EDGE('',*,*,#659,.F.);
#659 = EDGE_CURVE('',#660,#651,#662,.T.);
#660 = VERTEX_POINT('',#661);
#661 = CARTESIAN_POINT('',(-94.,-55.,-30.));
#662 = LINE('',#663,#664);
#663 = CARTESIAN_POINT('',(-94.,-55.,-37.5));
#664 = VECTOR('',#665,1.);
#665 = DIRECTION('',(0.,0.,1.));
#666 = ORIENTED_EDGE('',*,*,#667,.T.);
#667 = EDGE_CURVE('',#660,#668,#670,.T.);
#668 = VERTEX_POINT('',#669);
#669 = CARTESIAN_POINT('',(-94.,-53.,-32.));
#670 = CIRCLE('',#671,2.);
#671 = AXIS2_PLACEMENT_3D('',#672,#673,#674);
#672 = CARTESIAN_POINT('',(-94.,-53.,-30.));
#673 = DIRECTION('',(1.,-0.,1.1E-16));
#674 = DIRECTION('',(1.1E-16,0.,-1.));
#675 = ORIENTED_EDGE('',*,*,#676,.T.);
#676 = EDGE_CURVE('',#668,#677,#679,.T.);
#677 = VERTEX_POINT('',#678);
#678 = CARTESIAN_POINT('',(-94.,-39.,-32.));
#679 = LINE('',#680,#681);
#680 = CARTESIAN_POINT('',(-94.,-67.5,-32.));
#681 = VECTOR('',#682,1.);
#682 = DIRECTION('',(0.,1.,0.));
#683 = ORIENTED_EDGE('',*,*,#684,.T.);
#684 = EDGE_CURVE('',#677,#685,#687,.T.);
#685 = VERTEX_POINT('',#686);
#686 = CARTESIAN_POINT('',(-94.,-37.,-30.));
#687 = CIRCLE('',#688,2.);
#688 = AXIS2_PLACEMENT_3D('',#689,#690,#691);
#689 = CARTESIAN_POINT('',(-94.,-39.,-30.));
#690 = DIRECTION('',(1.,-0.,1.1E-16));
#691 = DIRECTION('',(1.1E-16,0.,-1.));
#692 = ORIENTED_EDGE('',*,*,#693,.T.);
#693 = EDGE_CURVE('',#685,#694,#696,.T.);
#694 = VERTEX_POINT('',#695);
#695 = CARTESIAN_POINT('',(-94.,-37.,-27.0615528128));
#696 = LINE('',#697,#698);
#697 = CARTESIAN_POINT('',(-94.,-37.,-37.5));
#698 = VECTOR('',#699,1.);
#699 = DIRECTION('',(0.,0.,1.));
#700 = ORIENTED_EDGE('',*,*,#701,.F.);
#701 = EDGE_CURVE('',#702,#694,#704,.T.);
#702 = VERTEX_POINT('',#703);
#703 = CARTESIAN_POINT('',(-94.,-37.,-22.93844718719));
#704 = CIRCLE('',#705,4.5);
#705 = AXIS2_PLACEMENT_3D('',#706,#707,#708);
#706 = CARTESIAN_POINT('',(-94.,-33.,-25.));
#707 = DIRECTION('',(1.,0.,-0.));
#708 = DIRECTION('',(0.,0.,1.));
#709 = ORIENTED_EDGE('',*,*,#710,.T.);
#710 = EDGE_CURVE('',#702,#711,#713,.T.);
#711 = VERTEX_POINT('',#712);
#712 = CARTESIAN_POINT('',(-94.,-37.,-20.));
#713 = LINE('',#714,#715);
#714 = CARTESIAN_POINT('',(-94.,-37.,-37.5));
#715 = VECTOR('',#716,1.);
#716 = DIRECTION('',(0.,0.,1.));
#717 = ORIENTED_EDGE('',*,*,#718,.T.);
#718 = EDGE_CURVE('',#711,#626,#719,.T.);
#719 = CIRCLE('',#720,2.);
#720 = AXIS2_PLACEMENT_3D('',#721,#722,#723);
#721 = CARTESIAN_POINT('',(-94.,-39.,-20.));
#722 = DIRECTION('',(1.,-0.,1.1E-16));
#723 = DIRECTION('',(1.1E-16,0.,-1.));
#724 = FACE_BOUND('',#725,.T.);
#725 = EDGE_LOOP('',(#726));
#726 = ORIENTED_EDGE('',*,*,#727,.T.);
#727 = EDGE_CURVE('',#728,#728,#730,.T.);
#728 = VERTEX_POINT('',#729);
#729 = CARTESIAN_POINT('',(-94.,-59.,-23.3));
#730 = CIRCLE('',#731,1.7);
#731 = AXIS2_PLACEMENT_3D('',#732,#733,#734);
#732 = CARTESIAN_POINT('',(-94.,-59.,-25.));
#733 = DIRECTION('',(1.,0.,-0.));
#734 = DIRECTION('',(0.,0.,1.));
#735 = FACE_BOUND('',#736,.T.);
#736 = EDGE_LOOP('',(#737));
#737 = ORIENTED_EDGE('',*,*,#738,.T.);
#738 = EDGE_CURVE('',#739,#739,#741,.T.);
#739 = VERTEX_POINT('',#740);
#740 = CARTESIAN_POINT('',(-94.,-62.,-36.8));
#741 = CIRCLE('',#742,3.2);
#742 = AXIS2_PLACEMENT_3D('',#743,#744,#745);
#743 = CARTESIAN_POINT('',(-94.,-62.,-40.));
#744 = DIRECTION('',(1.,0.,-0.));
#745 = DIRECTION('',(0.,0.,1.));
#746 = PLANE('',#747);
#747 = AXIS2_PLACEMENT_3D('',#748,#749,#750);
#748 = CARTESIAN_POINT('',(-94.,-8.645892885987E-16,20.538976578187));
#749 = DIRECTION('',(-1.,-0.,-0.));
#750 = DIRECTION('',(0.,0.,-1.));
#751 = ADVANCED_FACE('',(#752),#756,.T.);
#752 = FACE_BOUND('',#753,.T.);
#753 = EDGE_LOOP('',(#754,#755));
#754 = ORIENTED_EDGE('',*,*,#125,.F.);
#755 = ORIENTED_EDGE('',*,*,#274,.T.);
#756 = CYLINDRICAL_SURFACE('',#757,5.);
#757 = AXIS2_PLACEMENT_3D('',#758,#759,#760);
#758 = CARTESIAN_POINT('',(-94.,62.,41.));
#759 = DIRECTION('',(1.,0.,0.));
#760 = DIRECTION('',(0.,0.,1.));
#761 = ADVANCED_FACE('',(#762),#781,.T.);
#762 = FACE_BOUND('',#763,.F.);
#763 = EDGE_LOOP('',(#764,#765,#774));
#764 = ORIENTED_EDGE('',*,*,#108,.F.);
#765 = ORIENTED_EDGE('',*,*,#766,.T.);
#766 = EDGE_CURVE('',#101,#767,#769,.T.);
#767 = VERTEX_POINT('',#768);
#768 = CARTESIAN_POINT('',(-78.,66.,100.));
#769 = CIRCLE('',#770,16.);
#770 = AXIS2_PLACEMENT_3D('',#771,#772,#773);
#771 = CARTESIAN_POINT('',(-78.,66.,84.));
#772 = DIRECTION('',(1.,0.,6.123233995737E-17));
#773 = DIRECTION('',(-6.123233995737E-17,0.,1.));
#774 = ORIENTED_EDGE('',*,*,#775,.F.);
#775 = EDGE_CURVE('',#109,#767,#776,.T.);
#776 = CIRCLE('',#777,16.);
#777 = AXIS2_PLACEMENT_3D('',#778,#779,#780);
#778 = CARTESIAN_POINT('',(-78.,66.,84.));
#779 = DIRECTION('',(0.,1.,-0.));
#780 = DIRECTION('',(-1.,0.,0.));
#781 = SPHERICAL_SURFACE('',#782,16.);
#782 = AXIS2_PLACEMENT_3D('',#783,#784,#785);
#783 = CARTESIAN_POINT('',(-78.,66.,84.));
#784 = DIRECTION('',(0.,-1.,0.));
#785 = DIRECTION('',(-1.,0.,0.));
#786 = ADVANCED_FACE('',(#787,#1006),#1017,.T.);
#787 = FACE_BOUND('',#788,.T.);
#788 = EDGE_LOOP('',(#789,#797,#798,#807,#815,#824,#832,#841,#849,#856,
    #857,#866,#874,#883,#891,#900,#908,#915,#916,#925,#933,#942,#950,
    #959,#967,#974,#975,#983,#991,#1000));
#789 = ORIENTED_EDGE('',*,*,#790,.F.);
#790 = EDGE_CURVE('',#44,#791,#793,.T.);
#791 = VERTEX_POINT('',#792);
#792 = CARTESIAN_POINT('',(-20.,82.,-39.));
#793 = LINE('',#794,#795);
#794 = CARTESIAN_POINT('',(-94.,82.,-39.));
#795 = VECTOR('',#796,1.);
#796 = DIRECTION('',(1.,0.,0.));
#797 = ORIENTED_EDGE('',*,*,#52,.T.);
#798 = ORIENTED_EDGE('',*,*,#799,.T.);
#799 = EDGE_CURVE('',#53,#800,#802,.T.);
#800 = VERTEX_POINT('',#801);
#801 = CARTESIAN_POINT('',(-76.5,82.,55.3));
#802 = CIRCLE('',#803,1.5);
#803 = AXIS2_PLACEMENT_3D('',#804,#805,#806);
#804 = CARTESIAN_POINT('',(-76.5,82.,56.8));
#805 = DIRECTION('',(0.,-1.,1.110223024625E-16));
#806 = DIRECTION('',(1.,0.,0.));
#807 = ORIENTED_EDGE('',*,*,#808,.T.);
#808 = EDGE_CURVE('',#800,#809,#811,.T.);
#809 = VERTEX_POINT('',#810);
#810 = CARTESIAN_POINT('',(-33.5,82.,55.3));
#811 = LINE('',#812,#813);
#812 = CARTESIAN_POINT('',(-85.25,82.,55.3));
#813 = VECTOR('',#814,1.);
#814 = DIRECTION('',(1.,0.,0.));
#815 = ORIENTED_EDGE('',*,*,#816,.T.);
#816 = EDGE_CURVE('',#809,#817,#819,.T.);
#817 = VERTEX_POINT('',#818);
#818 = CARTESIAN_POINT('',(-32.,82.,56.8));
#819 = CIRCLE('',#820,1.5);
#820 = AXIS2_PLACEMENT_3D('',#821,#822,#823);
#821 = CARTESIAN_POINT('',(-33.5,82.,56.8));
#822 = DIRECTION('',(0.,-1.,1.110223024625E-16));
#823 = DIRECTION('',(1.,0.,0.));
#824 = ORIENTED_EDGE('',*,*,#825,.F.);
#825 = EDGE_CURVE('',#826,#817,#828,.T.);
#826 = VERTEX_POINT('',#827);
#827 = CARTESIAN_POINT('',(-32.,82.,57.2));
#828 = LINE('',#829,#830);
#829 = CARTESIAN_POINT('',(-32.,82.,0.9));
#830 = VECTOR('',#831,1.);
#831 = DIRECTION('',(0.,0.,-1.));
#832 = ORIENTED_EDGE('',*,*,#833,.T.);
#833 = EDGE_CURVE('',#826,#834,#836,.T.);
#834 = VERTEX_POINT('',#835);
#835 = CARTESIAN_POINT('',(-33.5,82.,58.7));
#836 = CIRCLE('',#837,1.5);
#837 = AXIS2_PLACEMENT_3D('',#838,#839,#840);
#838 = CARTESIAN_POINT('',(-33.5,82.,57.2));
#839 = DIRECTION('',(0.,-1.,1.110223024625E-16));
#840 = DIRECTION('',(1.,0.,0.));
#841 = ORIENTED_EDGE('',*,*,#842,.F.);
#842 = EDGE_CURVE('',#843,#834,#845,.T.);
#843 = VERTEX_POINT('',#844);
#844 = CARTESIAN_POINT('',(-76.5,82.,58.7));
#845 = LINE('',#846,#847);
#846 = CARTESIAN_POINT('',(-85.25,82.,58.7));
#847 = VECTOR('',#848,1.);
#848 = DIRECTION('',(1.,0.,0.));
#849 = ORIENTED_EDGE('',*,*,#850,.T.);
#850 = EDGE_CURVE('',#843,#61,#851,.T.);
#851 = CIRCLE('',#852,1.5);
#852 = AXIS2_PLACEMENT_3D('',#853,#854,#855);
#853 = CARTESIAN_POINT('',(-76.5,82.,57.2));
#854 = DIRECTION('',(0.,-1.,1.110223024625E-16));
#855 = DIRECTION('',(1.,0.,0.));
#856 = ORIENTED_EDGE('',*,*,#68,.T.);
#857 = ORIENTED_EDGE('',*,*,#858,.T.);
#858 = EDGE_CURVE('',#69,#859,#861,.T.);
#859 = VERTEX_POINT('',#860);
#860 = CARTESIAN_POINT('',(-76.5,82.,64.3));
#861 = CIRCLE('',#862,1.5);
#862 = AXIS2_PLACEMENT_3D('',#863,#864,#865);
#863 = CARTESIAN_POINT('',(-76.5,82.,65.8));
#864 = DIRECTION('',(0.,-1.,1.110223024625E-16));
#865 = DIRECTION('',(1.,0.,0.));
#866 = ORIENTED_EDGE('',*,*,#867,.T.);
#867 = EDGE_CURVE('',#859,#868,#870,.T.);
#868 = VERTEX_POINT('',#869);
#869 = CARTESIAN_POINT('',(-33.5,82.,64.3));
#870 = LINE('',#871,#872);
#871 = CARTESIAN_POINT('',(-85.25,82.,64.3));
#872 = VECTOR('',#873,1.);
#873 = DIRECTION('',(1.,0.,0.));
#874 = ORIENTED_EDGE('',*,*,#875,.T.);
#875 = EDGE_CURVE('',#868,#876,#878,.T.);
#876 = VERTEX_POINT('',#877);
#877 = CARTESIAN_POINT('',(-32.,82.,65.8));
#878 = CIRCLE('',#879,1.5);
#879 = AXIS2_PLACEMENT_3D('',#880,#881,#882);
#880 = CARTESIAN_POINT('',(-33.5,82.,65.8));
#881 = DIRECTION('',(0.,-1.,1.110223024625E-16));
#882 = DIRECTION('',(1.,0.,0.));
#883 = ORIENTED_EDGE('',*,*,#884,.F.);
#884 = EDGE_CURVE('',#885,#876,#887,.T.);
#885 = VERTEX_POINT('',#886);
#886 = CARTESIAN_POINT('',(-32.,82.,66.2));
#887 = LINE('',#888,#889);
#888 = CARTESIAN_POINT('',(-32.,82.,5.4));
#889 = VECTOR('',#890,1.);
#890 = DIRECTION('',(0.,0.,-1.));
#891 = ORIENTED_EDGE('',*,*,#892,.T.);
#892 = EDGE_CURVE('',#885,#893,#895,.T.);
#893 = VERTEX_POINT('',#894);
#894 = CARTESIAN_POINT('',(-33.5,82.,67.7));
#895 = CIRCLE('',#896,1.5);
#896 = AXIS2_PLACEMENT_3D('',#897,#898,#899);
#897 = CARTESIAN_POINT('',(-33.5,82.,66.2));
#898 = DIRECTION('',(0.,-1.,1.110223024625E-16));
#899 = DIRECTION('',(1.,0.,0.));
#900 = ORIENTED_EDGE('',*,*,#901,.F.);
#901 = EDGE_CURVE('',#902,#893,#904,.T.);
#902 = VERTEX_POINT('',#903);
#903 = CARTESIAN_POINT('',(-76.5,82.,67.7));
#904 = LINE('',#905,#906);
#905 = CARTESIAN_POINT('',(-85.25,82.,67.7));
#906 = VECTOR('',#907,1.);
#907 = DIRECTION('',(1.,0.,0.));
#908 = ORIENTED_EDGE('',*,*,#909,.T.);
#909 = EDGE_CURVE('',#902,#77,#910,.T.);
#910 = CIRCLE('',#911,1.5);
#911 = AXIS2_PLACEMENT_3D('',#912,#913,#914);
#912 = CARTESIAN_POINT('',(-76.5,82.,66.2));
#913 = DIRECTION('',(0.,-1.,1.110223024625E-16));
#914 = DIRECTION('',(1.,0.,0.));
#915 = ORIENTED_EDGE('',*,*,#84,.T.);
#916 = ORIENTED_EDGE('',*,*,#917,.T.);
#917 = EDGE_CURVE('',#85,#918,#920,.T.);
#918 = VERTEX_POINT('',#919);
#919 = CARTESIAN_POINT('',(-76.5,82.,73.3));
#920 = CIRCLE('',#921,1.5);
#921 = AXIS2_PLACEMENT_3D('',#922,#923,#924);
#922 = CARTESIAN_POINT('',(-76.5,82.,74.8));
#923 = DIRECTION('',(0.,-1.,1.110223024625E-16));
#924 = DIRECTION('',(1.,0.,0.));
#925 = ORIENTED_EDGE('',*,*,#926,.T.);
#926 = EDGE_CURVE('',#918,#927,#929,.T.);
#927 = VERTEX_POINT('',#928);
#928 = CARTESIAN_POINT('',(-33.5,82.,73.3));
#929 = LINE('',#930,#931);
#930 = CARTESIAN_POINT('',(-85.25,82.,73.3));
#931 = VECTOR('',#932,1.);
#932 = DIRECTION('',(1.,0.,0.));
#933 = ORIENTED_EDGE('',*,*,#934,.T.);
#934 = EDGE_CURVE('',#927,#935,#937,.T.);
#935 = VERTEX_POINT('',#936);
#936 = CARTESIAN_POINT('',(-32.,82.,74.8));
#937 = CIRCLE('',#938,1.5);
#938 = AXIS2_PLACEMENT_3D('',#939,#940,#941);
#939 = CARTESIAN_POINT('',(-33.5,82.,74.8));
#940 = DIRECTION('',(0.,-1.,1.110223024625E-16));
#941 = DIRECTION('',(1.,0.,0.));
#942 = ORIENTED_EDGE('',*,*,#943,.F.);
#943 = EDGE_CURVE('',#944,#935,#946,.T.);
#944 = VERTEX_POINT('',#945);
#945 = CARTESIAN_POINT('',(-32.,82.,75.2));
#946 = LINE('',#947,#948);
#947 = CARTESIAN_POINT('',(-32.,82.,9.9));
#948 = VECTOR('',#949,1.);
#949 = DIRECTION('',(0.,0.,-1.));
#950 = ORIENTED_EDGE('',*,*,#951,.T.);
#951 = EDGE_CURVE('',#944,#952,#954,.T.);
#952 = VERTEX_POINT('',#953);
#953 = CARTESIAN_POINT('',(-33.5,82.,76.7));
#954 = CIRCLE('',#955,1.5);
#955 = AXIS2_PLACEMENT_3D('',#956,#957,#958);
#956 = CARTESIAN_POINT('',(-33.5,82.,75.2));
#957 = DIRECTION('',(0.,-1.,1.110223024625E-16));
#958 = DIRECTION('',(1.,0.,0.));
#959 = ORIENTED_EDGE('',*,*,#960,.F.);
#960 = EDGE_CURVE('',#961,#952,#963,.T.);
#961 = VERTEX_POINT('',#962);
#962 = CARTESIAN_POINT('',(-76.5,82.,76.7));
#963 = LINE('',#964,#965);
#964 = CARTESIAN_POINT('',(-85.25,82.,76.7));
#965 = VECTOR('',#966,1.);
#966 = DIRECTION('',(1.,0.,0.));
#967 = ORIENTED_EDGE('',*,*,#968,.T.);
#968 = EDGE_CURVE('',#961,#93,#969,.T.);
#969 = CIRCLE('',#970,1.5);
#970 = AXIS2_PLACEMENT_3D('',#971,#972,#973);
#971 = CARTESIAN_POINT('',(-76.5,82.,75.2));
#972 = DIRECTION('',(0.,-1.,1.110223024625E-16));
#973 = DIRECTION('',(1.,0.,0.));
#974 = ORIENTED_EDGE('',*,*,#100,.T.);
#975 = ORIENTED_EDGE('',*,*,#976,.T.);
#976 = EDGE_CURVE('',#101,#977,#979,.T.);
#977 = VERTEX_POINT('',#978);
#978 = CARTESIAN_POINT('',(-20.,82.,84.));
#979 = LINE('',#980,#981);
#980 = CARTESIAN_POINT('',(-94.,82.,84.));
#981 = VECTOR('',#982,1.);
#982 = DIRECTION('',(1.,0.,0.));
#983 = ORIENTED_EDGE('',*,*,#984,.T.);
#984 = EDGE_CURVE('',#977,#985,#987,.T.);
#985 = VERTEX_POINT('',#986);
#986 = CARTESIAN_POINT('',(-20.,82.,30.173498305632));
#987 = LINE('',#988,#989);
#988 = CARTESIAN_POINT('',(-20.,82.,-57.5));
#989 = VECTOR('',#990,1.);
#990 = DIRECTION('',(0.,0.,-1.));
#991 = ORIENTED_EDGE('',*,*,#992,.F.);
#992 = EDGE_CURVE('',#993,#985,#995,.T.);
#993 = VERTEX_POINT('',#994);
#994 = CARTESIAN_POINT('',(-20.,82.,-30.17349830563));
#995 = CIRCLE('',#996,36.2);
#996 = AXIS2_PLACEMENT_3D('',#997,#998,#999);
#997 = CARTESIAN_POINT('',(0.,82.,0.));
#998 = DIRECTION('',(0.,1.,0.));
#999 = DIRECTION('',(0.,0.,1.));
#1000 = ORIENTED_EDGE('',*,*,#1001,.T.);
#1001 = EDGE_CURVE('',#993,#791,#1002,.T.);
#1002 = LINE('',#1003,#1004);
#1003 = CARTESIAN_POINT('',(-20.,82.,-57.5));
#1004 = VECTOR('',#1005,1.);
#1005 = DIRECTION('',(0.,0.,-1.));
#1006 = FACE_BOUND('',#1007,.T.);
#1007 = EDGE_LOOP('',(#1008));
#1008 = ORIENTED_EDGE('',*,*,#1009,.F.);
#1009 = EDGE_CURVE('',#1010,#1010,#1012,.T.);
#1010 = VERTEX_POINT('',#1011);
#1011 = CARTESIAN_POINT('',(-45.,82.,43.));
#1012 = CIRCLE('',#1013,8.);
#1013 = AXIS2_PLACEMENT_3D('',#1014,#1015,#1016);
#1014 = CARTESIAN_POINT('',(-45.,82.,35.));
#1015 = DIRECTION('',(0.,1.,0.));
#1016 = DIRECTION('',(0.,0.,1.));
#1017 = PLANE('',#1018);
#1018 = AXIS2_PLACEMENT_3D('',#1019,#1020,#1021);
#1019 = CARTESIAN_POINT('',(-94.,82.,-55.));
#1020 = DIRECTION('',(0.,1.,0.));
#1021 = DIRECTION('',(0.,0.,1.));
#1022 = ADVANCED_FACE('',(#1023),#1048,.T.);
#1023 = FACE_BOUND('',#1024,.T.);
#1024 = EDGE_LOOP('',(#1025,#1033,#1034,#1042));
#1025 = ORIENTED_EDGE('',*,*,#1026,.F.);
#1026 = EDGE_CURVE('',#53,#1027,#1029,.T.);
#1027 = VERTEX_POINT('',#1028);
#1028 = CARTESIAN_POINT('',(-78.,79.,56.8));
#1029 = LINE('',#1030,#1031);
#1030 = CARTESIAN_POINT('',(-78.,82.2,56.8));
#1031 = VECTOR('',#1032,1.);
#1032 = DIRECTION('',(0.,-1.,1.110223024625E-16));
#1033 = ORIENTED_EDGE('',*,*,#60,.T.);
#1034 = ORIENTED_EDGE('',*,*,#1035,.T.);
#1035 = EDGE_CURVE('',#61,#1036,#1038,.T.);
#1036 = VERTEX_POINT('',#1037);
#1037 = CARTESIAN_POINT('',(-78.,79.,57.2));
#1038 = LINE('',#1039,#1040);
#1039 = CARTESIAN_POINT('',(-78.,82.2,57.2));
#1040 = VECTOR('',#1041,1.);
#1041 = DIRECTION('',(0.,-1.,1.110223024625E-16));
#1042 = ORIENTED_EDGE('',*,*,#1043,.F.);
#1043 = EDGE_CURVE('',#1027,#1036,#1044,.T.);
#1044 = LINE('',#1045,#1046);
#1045 = CARTESIAN_POINT('',(-78.,79.,-57.));
#1046 = VECTOR('',#1047,1.);
#1047 = DIRECTION('',(0.,0.,1.));
#1048 = PLANE('',#1049);
#1049 = AXIS2_PLACEMENT_3D('',#1050,#1051,#1052);
#1050 = CARTESIAN_POINT('',(-78.,82.2,56.8));
#1051 = DIRECTION('',(1.,0.,0.));
#1052 = DIRECTION('',(0.,-1.,1.110223024625E-16));
#1053 = ADVANCED_FACE('',(#1054),#1079,.T.);
#1054 = FACE_BOUND('',#1055,.T.);
#1055 = EDGE_LOOP('',(#1056,#1064,#1065,#1073));
#1056 = ORIENTED_EDGE('',*,*,#1057,.F.);
#1057 = EDGE_CURVE('',#69,#1058,#1060,.T.);
#1058 = VERTEX_POINT('',#1059);
#1059 = CARTESIAN_POINT('',(-78.,79.,65.8));
#1060 = LINE('',#1061,#1062);
#1061 = CARTESIAN_POINT('',(-78.,82.2,65.8));
#1062 = VECTOR('',#1063,1.);
#1063 = DIRECTION('',(0.,-1.,1.110223024625E-16));
#1064 = ORIENTED_EDGE('',*,*,#76,.T.);
#1065 = ORIENTED_EDGE('',*,*,#1066,.T.);
#1066 = EDGE_CURVE('',#77,#1067,#1069,.T.);
#1067 = VERTEX_POINT('',#1068);
#1068 = CARTESIAN_POINT('',(-78.,79.,66.2));
#1069 = LINE('',#1070,#1071);
#1070 = CARTESIAN_POINT('',(-78.,82.2,66.2));
#1071 = VECTOR('',#1072,1.);
#1072 = DIRECTION('',(0.,-1.,1.110223024625E-16));
#1073 = ORIENTED_EDGE('',*,*,#1074,.F.);
#1074 = EDGE_CURVE('',#1058,#1067,#1075,.T.);
#1075 = LINE('',#1076,#1077);
#1076 = CARTESIAN_POINT('',(-78.,79.,-57.));
#1077 = VECTOR('',#1078,1.);
#1078 = DIRECTION('',(0.,0.,1.));
#1079 = PLANE('',#1080);
#1080 = AXIS2_PLACEMENT_3D('',#1081,#1082,#1083);
#1081 = CARTESIAN_POINT('',(-78.,82.2,65.8));
#1082 = DIRECTION('',(1.,0.,0.));
#1083 = DIRECTION('',(0.,-1.,1.110223024625E-16));
#1084 = ADVANCED_FACE('',(#1085),#1110,.T.);
#1085 = FACE_BOUND('',#1086,.T.);
#1086 = EDGE_LOOP('',(#1087,#1095,#1096,#1104));
#1087 = ORIENTED_EDGE('',*,*,#1088,.F.);
#1088 = EDGE_CURVE('',#85,#1089,#1091,.T.);
#1089 = VERTEX_POINT('',#1090);
#1090 = CARTESIAN_POINT('',(-78.,79.,74.8));
#1091 = LINE('',#1092,#1093);
#1092 = CARTESIAN_POINT('',(-78.,82.2,74.8));
#1093 = VECTOR('',#1094,1.);
#1094 = DIRECTION('',(0.,-1.,1.110223024625E-16));
#1095 = ORIENTED_EDGE('',*,*,#92,.T.);
#1096 = ORIENTED_EDGE('',*,*,#1097,.T.);
#1097 = EDGE_CURVE('',#93,#1098,#1100,.T.);
#1098 = VERTEX_POINT('',#1099);
#1099 = CARTESIAN_POINT('',(-78.,79.,75.2));
#1100 = LINE('',#1101,#1102);
#1101 = CARTESIAN_POINT('',(-78.,82.2,75.2));
#1102 = VECTOR('',#1103,1.);
#1103 = DIRECTION('',(0.,-1.,1.110223024625E-16));
#1104 = ORIENTED_EDGE('',*,*,#1105,.F.);
#1105 = EDGE_CURVE('',#1089,#1098,#1106,.T.);
#1106 = LINE('',#1107,#1108);
#1107 = CARTESIAN_POINT('',(-78.,79.,-57.));
#1108 = VECTOR('',#1109,1.);
#1109 = DIRECTION('',(0.,0.,1.));
#1110 = PLANE('',#1111);
#1111 = AXIS2_PLACEMENT_3D('',#1112,#1113,#1114);
#1112 = CARTESIAN_POINT('',(-78.,82.2,74.8));
#1113 = DIRECTION('',(1.,0.,0.));
#1114 = DIRECTION('',(0.,-1.,1.110223024625E-16));
#1115 = ADVANCED_FACE('',(#1116),#1163,.T.);
#1116 = FACE_BOUND('',#1117,.F.);
#1117 = EDGE_LOOP('',(#1118,#1129,#1138,#1145,#1146));
#1118 = ORIENTED_EDGE('',*,*,#1119,.F.);
#1119 = EDGE_CURVE('',#1120,#1122,#1124,.T.);
#1120 = VERTEX_POINT('',#1121);
#1121 = CARTESIAN_POINT('',(-89.61895003862,66.,-50.));
#1122 = VERTEX_POINT('',#1123);
#1123 = CARTESIAN_POINT('',(-93.49193338483,66.,-43.));
#1124 = CIRCLE('',#1125,16.);
#1125 = AXIS2_PLACEMENT_3D('',#1126,#1127,#1128);
#1126 = CARTESIAN_POINT('',(-78.,66.,-39.));
#1127 = DIRECTION('',(0.,1.,-0.));
#1128 = DIRECTION('',(-1.,0.,0.));
#1129 = ORIENTED_EDGE('',*,*,#1130,.F.);
#1130 = EDGE_CURVE('',#1131,#1120,#1133,.T.);
#1131 = VERTEX_POINT('',#1132);
#1132 = CARTESIAN_POINT('',(-78.,77.618950038622,-50.));
#1133 = CIRCLE('',#1134,11.618950038622);
#1134 = AXIS2_PLACEMENT_3D('',#1135,#1136,#1137);
#1135 = CARTESIAN_POINT('',(-78.,66.,-50.));
#1136 = DIRECTION('',(0.,0.,1.));
#1137 = DIRECTION('',(-1.,0.,0.));
#1138 = ORIENTED_EDGE('',*,*,#1139,.T.);
#1139 = EDGE_CURVE('',#1131,#44,#1140,.T.);
#1140 = CIRCLE('',#1141,16.);
#1141 = AXIS2_PLACEMENT_3D('',#1142,#1143,#1144);
#1142 = CARTESIAN_POINT('',(-78.,66.,-39.));
#1143 = DIRECTION('',(1.,6.123233995737E-17,-0.));
#1144 = DIRECTION('',(-6.123233995737E-17,1.,0.));
#1145 = ORIENTED_EDGE('',*,*,#43,.F.);
#1146 = ORIENTED_EDGE('',*,*,#1147,.F.);
#1147 = EDGE_CURVE('',#1122,#32,#1148,.T.);
#1148 = B_SPLINE_CURVE_WITH_KNOTS('',5,(#1149,#1150,#1151,#1152,#1153,
    #1154,#1155,#1156,#1157,#1158,#1159,#1160,#1161,#1162),
  .UNSPECIFIED.,.F.,.F.,(6,4,4,6),(0.,0.372561401994,0.687632843898,1.),
  .UNSPECIFIED.);
#1149 = CARTESIAN_POINT('',(-93.49193338483,66.,-43.));
#1150 = CARTESIAN_POINT('',(-93.55540402064,66.184365536615,
    -42.75417928451));
#1151 = CARTESIAN_POINT('',(-93.61491586774,66.350799316567,
    -42.49292538613));
#1152 = CARTESIAN_POINT('',(-93.66997447246,66.497478674594,
    -42.21786266446));
#1153 = CARTESIAN_POINT('',(-93.72011301917,66.622734797019,
    -41.93096623041));
#1154 = CARTESIAN_POINT('',(-93.80280776494,66.811929289446,
    -41.38406837498));
#1155 = CARTESIAN_POINT('',(-93.8368850496,66.882351353577,
    -41.12673633104));
#1156 = CARTESIAN_POINT('',(-93.86689764614,66.935703629233,
    -40.86413300975));
#1157 = CARTESIAN_POINT('',(-93.89263398996,66.971391142621,
    -40.59788388101));
#1158 = CARTESIAN_POINT('',(-93.9350544419,67.006682389563,
    -40.06397252704));
#1159 = CARTESIAN_POINT('',(-93.95181575195,67.006594342715,
    -39.79632411323));
#1160 = CARTESIAN_POINT('',(-93.96406484795,66.988555801204,
    -39.52858509419));
#1161 = CARTESIAN_POINT('',(-93.97170906513,66.952570540772,
    -39.26254148006));
#1162 = CARTESIAN_POINT('',(-93.97472490794,66.898979485566,-39.));
#1163 = SPHERICAL_SURFACE('',#1164,16.);
#1164 = AXIS2_PLACEMENT_3D('',#1165,#1166,#1167);
#1165 = CARTESIAN_POINT('',(-78.,66.,-39.));
#1166 = DIRECTION('',(0.,0.,1.));
#1167 = DIRECTION('',(-1.,0.,0.));
#1168 = ADVANCED_FACE('',(#1169),#1224,.T.);
#1169 = FACE_BOUND('',#1170,.T.);
#1170 = EDGE_LOOP('',(#1171,#1221,#1222,#1223));
#1171 = ORIENTED_EDGE('',*,*,#1172,.F.);
#1172 = EDGE_CURVE('',#283,#1122,#1173,.T.);
#1173 = B_SPLINE_CURVE_WITH_KNOTS('',6,(#1174,#1175,#1176,#1177,#1178,
    #1179,#1180,#1181,#1182,#1183,#1184,#1185,#1186,#1187,#1188,#1189,
    #1190,#1191,#1192,#1193,#1194,#1195,#1196,#1197,#1198,#1199,#1200,
    #1201,#1202,#1203,#1204,#1205,#1206,#1207,#1208,#1209,#1210,#1211,
    #1212,#1213,#1214,#1215,#1216,#1217,#1218,#1219,#1220),
  .UNSPECIFIED.,.F.,.F.,(7,5,5,5,5,5,5,5,5,7),(0.,0.11292683274,
    0.207952811978,0.348611372384,0.491590223825,0.633203219109,
    0.78237498664,0.873410399332,0.930757663721,1.),.UNSPECIFIED.);
#1174 = CARTESIAN_POINT('',(-94.,57.101020514434,-39.));
#1175 = CARTESIAN_POINT('',(-94.,57.038748202621,-39.30507077808));
#1176 = CARTESIAN_POINT('',(-93.99301987241,56.998379249254,
    -39.61917226907));
#1177 = CARTESIAN_POINT('',(-93.97828489064,56.982107192263,
    -39.93782122092));
#1178 = CARTESIAN_POINT('',(-93.95564242975,56.990583272937,
    -40.25624850705));
#1179 = CARTESIAN_POINT('',(-93.92575709183,57.022977558395,
    -40.56969417109));
#1180 = CARTESIAN_POINT('',(-93.85975487226,57.122310743069,
    -41.12943858042));
#1181 = CARTESIAN_POINT('',(-93.82539962719,57.1829255897,
    -41.37831261794));
#1182 = CARTESIAN_POINT('',(-93.78745655034,57.257564851892,
    -41.61906301833));
#1183 = CARTESIAN_POINT('',(-93.74665406071,57.344885826825,
    -41.8506132086));
#1184 = CARTESIAN_POINT('',(-93.7037837924,57.443395676102,
    -42.07204570574));
#1185 = CARTESIAN_POINT('',(-93.59430397917,57.711380341436,
    -42.59431585927));
#1186 = CARTESIAN_POINT('',(-93.52604803988,57.892539526241,
    -42.88285177868));
#1187 = CARTESIAN_POINT('',(-93.45688194893,58.091088415198,
    -43.1482911533));
#1188 = CARTESIAN_POINT('',(-93.38852327373,58.3039783557,
    -43.39108725396));
#1189 = CARTESIAN_POINT('',(-93.32234989387,58.528787240731,
    -43.61186535906));
#1190 = CARTESIAN_POINT('',(-93.19557946037,59.002269983687,
    -44.0139332999));
#1191 = CARTESIAN_POINT('',(-93.13503742965,59.251480565653,
    -44.19468556703));
#1192 = CARTESIAN_POINT('',(-93.07904504694,59.509236601413,
    -44.35410164043));
#1193 = CARTESIAN_POINT('',(-93.02853862419,59.773986069641,
    -44.49272806121));
#1194 = CARTESIAN_POINT('',(-92.98424743308,60.044490608332,
    -44.61100515793));
#1195 = CARTESIAN_POINT('',(-92.90958747263,60.592288512322,
    -44.80646547428));
#1196 = CARTESIAN_POINT('',(-92.87909777985,60.869432449334,
    -44.88400925641));
#1197 = CARTESIAN_POINT('',(-92.85584595828,61.149880822224,
    -44.94203261815));
#1198 = CARTESIAN_POINT('',(-92.84021492543,61.432501252032,
    -44.98067346701));
#1199 = CARTESIAN_POINT('',(-92.83239697419,61.7162270166,-45.));
#1200 = CARTESIAN_POINT('',(-92.83239697419,62.298919724327,-45.));
#1201 = CARTESIAN_POINT('',(-92.8410717934,62.597778321168,
    -44.97855524474));
#1202 = CARTESIAN_POINT('',(-92.85841474154,62.895345070091,
    -44.93568238642));
#1203 = CARTESIAN_POINT('',(-92.88418970602,63.190378398608,
    -44.87129611139));
#1204 = CARTESIAN_POINT('',(-92.91792648401,63.48155087796,
    -44.78522379462));
#1205 = CARTESIAN_POINT('',(-92.98393095474,63.941804315353,
    -44.61130851319));
#1206 = CARTESIAN_POINT('',(-93.01164786907,64.114248786021,
    -44.53722671189));
#1207 = CARTESIAN_POINT('',(-93.04191440616,64.284424221399,
    -44.45489569102));
#1208 = CARTESIAN_POINT('',(-93.07454731953,64.452004020342,
    -44.36421868508));
#1209 = CARTESIAN_POINT('',(-93.1093307969,64.616617859892,
    -44.26508071177));
#1210 = CARTESIAN_POINT('',(-93.16912350852,64.879419211077,
    -44.08948246289));
#1211 = CARTESIAN_POINT('',(-93.19298746601,64.979650108122,
    -44.0182030292));
#1212 = CARTESIAN_POINT('',(-93.21754544477,65.078444861752,
    -43.9434726035));
#1213 = CARTESIAN_POINT('',(-93.24273038726,65.175693827499,
    -43.86525080686));
#1214 = CARTESIAN_POINT('',(-93.26846929545,65.271276710911,
    -43.78349403831));
#1215 = CARTESIAN_POINT('',(-93.32633450761,65.478301653889,
    -43.59511583439));
#1216 = CARTESIAN_POINT('',(-93.35867810867,65.588920389576,
    -43.48685463911));
#1217 = CARTESIAN_POINT('',(-93.39157481771,65.696686631934,
    -43.37328881352));
#1218 = CARTESIAN_POINT('',(-93.42486828759,65.801331754549,
    -43.25433957668));
#1219 = CARTESIAN_POINT('',(-93.45838489438,65.902550461235,
    -43.12993277249));
#1220 = CARTESIAN_POINT('',(-93.49193359138,66.0000006,-42.9999992));
#1221 = ORIENTED_EDGE('',*,*,#282,.T.);
#1222 = ORIENTED_EDGE('',*,*,#31,.F.);
#1223 = ORIENTED_EDGE('',*,*,#1147,.F.);
#1224 = CYLINDRICAL_SURFACE('',#1225,5.);
#1225 = AXIS2_PLACEMENT_3D('',#1226,#1227,#1228);
#1226 = CARTESIAN_POINT('',(-94.,62.,-40.));
#1227 = DIRECTION('',(1.,0.,0.));
#1228 = DIRECTION('',(0.,0.,1.));
#1229 = ADVANCED_FACE('',(#1230),#1309,.T.);
#1230 = FACE_BOUND('',#1231,.T.);
#1231 = EDGE_LOOP('',(#1232,#1244,#1245,#1292));
#1232 = ORIENTED_EDGE('',*,*,#1233,.F.);
#1233 = EDGE_CURVE('',#164,#1234,#1236,.T.);
#1234 = VERTEX_POINT('',#1235);
#1235 = CARTESIAN_POINT('',(-93.97472490794,-66.89897948556,-39.));
#1236 = B_SPLINE_CURVE_WITH_KNOTS('',6,(#1237,#1238,#1239,#1240,#1241,
    #1242,#1243),.UNSPECIFIED.,.F.,.F.,(7,7),(0.,1.),
  .PIECEWISE_BEZIER_KNOTS.);
#1237 = CARTESIAN_POINT('',(-94.,-66.,-37.));
#1238 = CARTESIAN_POINT('',(-94.,-66.23256422216,-37.31008562955));
#1239 = CARTESIAN_POINT('',(-93.99594347202,-66.43014074529,
    -37.63361580791));
#1240 = CARTESIAN_POINT('',(-93.99011936951,-66.59431821463,
    -37.96676322181));
#1241 = CARTESIAN_POINT('',(-93.98404849799,-66.72653536552,
    -38.30680221113));
#1242 = CARTESIAN_POINT('',(-93.97872532942,-66.82789263106,
    -38.65174674043));
#1243 = CARTESIAN_POINT('',(-93.97472490105,-66.89897960804,-39.0000006)
  );
#1244 = ORIENTED_EDGE('',*,*,#163,.T.);
#1245 = ORIENTED_EDGE('',*,*,#1246,.F.);
#1246 = EDGE_CURVE('',#1247,#166,#1249,.T.);
#1247 = VERTEX_POINT('',#1248);
#1248 = CARTESIAN_POINT('',(-93.49193338483,-66.,-43.));
#1249 = B_SPLINE_CURVE_WITH_KNOTS('',6,(#1250,#1251,#1252,#1253,#1254,
    #1255,#1256,#1257,#1258,#1259,#1260,#1261,#1262,#1263,#1264,#1265,
    #1266,#1267,#1268,#1269,#1270,#1271,#1272,#1273,#1274,#1275,#1276,
    #1277,#1278,#1279,#1280,#1281,#1282,#1283,#1284,#1285,#1286,#1287,
    #1288,#1289,#1290,#1291),.UNSPECIFIED.,.F.,.F.,(7,5,5,5,5,5,5,5,7),(
    0.,7.033528104066E-02,0.127739567153,0.218845285792,0.36422701391,
    0.547927779256,0.716830845527,0.854281242811,1.),.UNSPECIFIED.);
#1250 = CARTESIAN_POINT('',(-93.49193359138,-66.0000006,-42.9999992));
#1251 = CARTESIAN_POINT('',(-93.45786494252,-65.90104013785,
    -43.13194653783));
#1252 = CARTESIAN_POINT('',(-93.42382952986,-65.79819382063,
    -43.25819391108));
#1253 = CARTESIAN_POINT('',(-93.39002733395,-65.69181971883,
    -43.37881421433));
#1254 = CARTESIAN_POINT('',(-93.35663981615,-65.58223675837,
    -43.49388545025));
#1255 = CARTESIAN_POINT('',(-93.32383010171,-65.46972492688,
    -43.60349037053));
#1256 = CARTESIAN_POINT('',(-93.2655553411,-65.26050521161,
    -43.79278017688));
#1257 = CARTESIAN_POINT('',(-93.2398491641,-65.16469529358,
    -43.87426079078));
#1258 = CARTESIAN_POINT('',(-93.21470335675,-65.06722618048,
    -43.95220477325));
#1259 = CARTESIAN_POINT('',(-93.19019071902,-64.96821776428,
    -44.02665565883));
#1260 = CARTESIAN_POINT('',(-93.16637812602,-64.86777937438,
    -44.09765370194));
#1261 = CARTESIAN_POINT('',(-93.10674158751,-64.60449235662,
    -44.27249481226));
#1262 = CARTESIAN_POINT('',(-93.07207096226,-64.4396107856,
    -44.3711577772));
#1263 = CARTESIAN_POINT('',(-93.03956396791,-64.27177855879,
    -44.46135770508));
#1264 = CARTESIAN_POINT('',(-93.00943560238,-64.10136527116,
    -44.5432087839));
#1265 = CARTESIAN_POINT('',(-92.98186829266,-63.92869714818,
    -44.61680696197));
#1266 = CARTESIAN_POINT('',(-92.91735189251,-63.47537690412,
    -44.78662983083));
#1267 = CARTESIAN_POINT('',(-92.88459593449,-63.19166263356,
    -44.87021749974));
#1268 = CARTESIAN_POINT('',(-92.85939623112,-62.90428739176,
    -44.93321900952));
#1269 = CARTESIAN_POINT('',(-92.84218821594,-62.61447966095,
    -44.97579407988));
#1270 = CARTESIAN_POINT('',(-92.83319645357,-62.32338973592,
    -44.99802359546));
#1271 = CARTESIAN_POINT('',(-92.83148145006,-61.66415951629,
    -45.00226328264));
#1272 = CARTESIAN_POINT('',(-92.84367167814,-61.29618601338,
    -44.97212660527));
#1273 = CARTESIAN_POINT('',(-92.86901053465,-60.93048229878,
    -44.90954962826));
#1274 = CARTESIAN_POINT('',(-92.90698670434,-60.56931479863,
    -44.81433033368));
#1275 = CARTESIAN_POINT('',(-92.95655624455,-60.21519472186,
    -44.68605228097));
#1276 = CARTESIAN_POINT('',(-93.07089015747,-59.55473003541,
    -44.37526119052));
#1277 = CARTESIAN_POINT('',(-93.13409930913,-59.24689263027,
    -44.19797578612));
#1278 = CARTESIAN_POINT('',(-93.20458911986,-58.94938941715,
    -43.99160760292));
#1279 = CARTESIAN_POINT('',(-93.28088603477,-58.66458837934,
    -43.75510970246));
#1280 = CARTESIAN_POINT('',(-93.3610195625,-58.39575930051,
    -43.48729393095));
#1281 = CARTESIAN_POINT('',(-93.50864412758,-57.94535077269,
    -42.94284354796));
#1282 = CARTESIAN_POINT('',(-93.57591851922,-57.75621325755,
    -42.67637216664));
#1283 = CARTESIAN_POINT('',(-93.64263099737,-57.58330211263,
    -42.38771286575));
#1284 = CARTESIAN_POINT('',(-93.70689424931,-57.43012423216,
    -42.07725037048));
#1285 = CARTESIAN_POINT('',(-93.76661975325,-57.30047329583,
    -41.74584124646));
#1286 = CARTESIAN_POINT('',(-93.87605664104,-57.09045751979,
    -41.02296220387));
#1287 = CARTESIAN_POINT('',(-93.92512588514,-57.01318781006,
    -40.62791219947));
#1288 = CARTESIAN_POINT('',(-93.96332956632,-56.97413244953,
    -40.21837137578));
#1289 = CARTESIAN_POINT('',(-93.98830972332,-56.97667364173,
    -39.80401226282));
#1290 = CARTESIAN_POINT('',(-94.,-57.02043105305,-39.39480611807));
#1291 = CARTESIAN_POINT('',(-94.,-57.10102051443,-39.));
#1292 = ORIENTED_EDGE('',*,*,#1293,.F.);
#1293 = EDGE_CURVE('',#1234,#1247,#1294,.T.);
#1294 = B_SPLINE_CURVE_WITH_KNOTS('',7,(#1295,#1296,#1297,#1298,#1299,
    #1300,#1301,#1302,#1303,#1304,#1305,#1306,#1307,#1308),
  .UNSPECIFIED.,.F.,.F.,(8,6,8),(0.,0.629074775748,1.),.UNSPECIFIED.);
#1295 = CARTESIAN_POINT('',(-93.97472490794,-66.89897948556,-39.));
#1296 = CARTESIAN_POINT('',(-93.97038671322,-66.97606852753,
    -39.37765763516));
#1297 = CARTESIAN_POINT('',(-93.95710903946,-67.01917813413,
    -39.76218119618));
#1298 = CARTESIAN_POINT('',(-93.93493831894,-67.02743607008,
    -40.14917783581));
#1299 = CARTESIAN_POINT('',(-93.9041155275,-67.0009247529,
    -40.53446001978));
#1300 = CARTESIAN_POINT('',(-93.86499770246,-66.94035901274,
    -40.91404867397));
#1301 = CARTESIAN_POINT('',(-93.81805750849,-66.84704497781,
    -41.28417422172));
#1302 = CARTESIAN_POINT('',(-93.7319825189,-66.6497537932,
    -41.85188786415));
#1303 = CARTESIAN_POINT('',(-93.6975403763,-66.56584567559,
    -42.05800904976));
#1304 = CARTESIAN_POINT('',(-93.66070039588,-66.4715846325,
    -42.25899116933));
#1305 = CARTESIAN_POINT('',(-93.62158684752,-66.36739341947,
    -42.45421560946));
#1306 = CARTESIAN_POINT('',(-93.58033019113,-66.25373387421,
    -42.64312172105));
#1307 = CARTESIAN_POINT('',(-93.53706591679,-66.1310981585,
    -42.82520245533));
#1308 = CARTESIAN_POINT('',(-93.49193338483,-66.,-43.));
#1309 = CYLINDRICAL_SURFACE('',#1310,5.);
#1310 = AXIS2_PLACEMENT_3D('',#1311,#1312,#1313);
#1311 = CARTESIAN_POINT('',(-94.,-62.,-40.));
#1312 = DIRECTION('',(1.,0.,0.));
#1313 = DIRECTION('',(0.,0.,1.));
#1314 = ADVANCED_FACE('',(#1315),#1422,.T.);
#1315 = FACE_BOUND('',#1316,.T.);
#1316 = EDGE_LOOP('',(#1317,#1318,#1319,#1328,#1336,#1344,#1352,#1360,
    #1368,#1376,#1384,#1391,#1392));
#1317 = ORIENTED_EDGE('',*,*,#174,.F.);
#1318 = ORIENTED_EDGE('',*,*,#1233,.T.);
#1319 = ORIENTED_EDGE('',*,*,#1320,.T.);
#1320 = EDGE_CURVE('',#1234,#1321,#1323,.T.);
#1321 = VERTEX_POINT('',#1322);
#1322 = CARTESIAN_POINT('',(-78.,-82.,-39.));
#1323 = CIRCLE('',#1324,16.);
#1324 = AXIS2_PLACEMENT_3D('',#1325,#1326,#1327);
#1325 = CARTESIAN_POINT('',(-78.,-66.,-39.));
#1326 = DIRECTION('',(0.,0.,1.));
#1327 = DIRECTION('',(-1.,0.,0.));
#1328 = ORIENTED_EDGE('',*,*,#1329,.T.);
#1329 = EDGE_CURVE('',#1321,#1330,#1332,.T.);
#1330 = VERTEX_POINT('',#1331);
#1331 = CARTESIAN_POINT('',(-78.,-82.,56.8));
#1332 = LINE('',#1333,#1334);
#1333 = CARTESIAN_POINT('',(-78.,-82.,-55.));
#1334 = VECTOR('',#1335,1.);
#1335 = DIRECTION('',(0.,0.,1.));
#1336 = ORIENTED_EDGE('',*,*,#1337,.T.);
#1337 = EDGE_CURVE('',#1330,#1338,#1340,.T.);
#1338 = VERTEX_POINT('',#1339);
#1339 = CARTESIAN_POINT('',(-78.,-82.,57.2));
#1340 = LINE('',#1341,#1342);
#1341 = CARTESIAN_POINT('',(-78.,-82.,-55.));
#1342 = VECTOR('',#1343,1.);
#1343 = DIRECTION('',(0.,0.,1.));
#1344 = ORIENTED_EDGE('',*,*,#1345,.T.);
#1345 = EDGE_CURVE('',#1338,#1346,#1348,.T.);
#1346 = VERTEX_POINT('',#1347);
#1347 = CARTESIAN_POINT('',(-78.,-82.,65.8));
#1348 = LINE('',#1349,#1350);
#1349 = CARTESIAN_POINT('',(-78.,-82.,-55.));
#1350 = VECTOR('',#1351,1.);
#1351 = DIRECTION('',(0.,0.,1.));
#1352 = ORIENTED_EDGE('',*,*,#1353,.T.);
#1353 = EDGE_CURVE('',#1346,#1354,#1356,.T.);
#1354 = VERTEX_POINT('',#1355);
#1355 = CARTESIAN_POINT('',(-78.,-82.,66.2));
#1356 = LINE('',#1357,#1358);
#1357 = CARTESIAN_POINT('',(-78.,-82.,-55.));
#1358 = VECTOR('',#1359,1.);
#1359 = DIRECTION('',(0.,0.,1.));
#1360 = ORIENTED_EDGE('',*,*,#1361,.T.);
#1361 = EDGE_CURVE('',#1354,#1362,#1364,.T.);
#1362 = VERTEX_POINT('',#1363);
#1363 = CARTESIAN_POINT('',(-78.,-82.,74.8));
#1364 = LINE('',#1365,#1366);
#1365 = CARTESIAN_POINT('',(-78.,-82.,-55.));
#1366 = VECTOR('',#1367,1.);
#1367 = DIRECTION('',(0.,0.,1.));
#1368 = ORIENTED_EDGE('',*,*,#1369,.T.);
#1369 = EDGE_CURVE('',#1362,#1370,#1372,.T.);
#1370 = VERTEX_POINT('',#1371);
#1371 = CARTESIAN_POINT('',(-78.,-82.,75.2));
#1372 = LINE('',#1373,#1374);
#1373 = CARTESIAN_POINT('',(-78.,-82.,-55.));
#1374 = VECTOR('',#1375,1.);
#1375 = DIRECTION('',(0.,0.,1.));
#1376 = ORIENTED_EDGE('',*,*,#1377,.T.);
#1377 = EDGE_CURVE('',#1370,#1378,#1380,.T.);
#1378 = VERTEX_POINT('',#1379);
#1379 = CARTESIAN_POINT('',(-78.,-82.,84.));
#1380 = LINE('',#1381,#1382);
#1381 = CARTESIAN_POINT('',(-78.,-82.,-55.));
#1382 = VECTOR('',#1383,1.);
#1383 = DIRECTION('',(0.,0.,1.));
#1384 = ORIENTED_EDGE('',*,*,#1385,.F.);
#1385 = EDGE_CURVE('',#192,#1378,#1386,.T.);
#1386 = CIRCLE('',#1387,16.);
#1387 = AXIS2_PLACEMENT_3D('',#1388,#1389,#1390);
#1388 = CARTESIAN_POINT('',(-78.,-66.,84.));
#1389 = DIRECTION('',(0.,0.,1.));
#1390 = DIRECTION('',(-1.,0.,0.));
#1391 = ORIENTED_EDGE('',*,*,#191,.F.);
#1392 = ORIENTED_EDGE('',*,*,#1393,.T.);
#1393 = EDGE_CURVE('',#183,#175,#1394,.T.);
#1394 = B_SPLINE_CURVE_WITH_KNOTS('',6,(#1395,#1396,#1397,#1398,#1399,
    #1400,#1401,#1402,#1403,#1404,#1405,#1406,#1407,#1408,#1409,#1410,
    #1411,#1412,#1413,#1414,#1415,#1416,#1417,#1418,#1419,#1420,#1421),
  .UNSPECIFIED.,.F.,.F.,(7,5,5,5,5,7),(0.,0.128836547748,0.500029266482,
    0.771650901801,0.871587958722,1.),.UNSPECIFIED.);
#1395 = CARTESIAN_POINT('',(-94.,-66.,44.));
#1396 = CARTESIAN_POINT('',(-94.,-66.08839805757,43.882135923231));
#1397 = CARTESIAN_POINT('',(-93.99941394155,-66.17173786571,
    43.762333812356));
#1398 = CARTESIAN_POINT('',(-93.99836754451,-66.25010785206,
    43.640803368042));
#1399 = CARTESIAN_POINT('',(-93.99697058139,-66.32359267328,
    43.517732442966));
#1400 = CARTESIAN_POINT('',(-93.99531853809,-66.39227288393,
    43.393287084491));
#1401 = CARTESIAN_POINT('',(-93.98823836411,-66.64047677452,
    42.905526175411));
#1402 = CARTESIAN_POINT('',(-93.98155163235,-66.78551997267,
    42.533148492294));
#1403 = CARTESIAN_POINT('',(-93.97541591893,-66.8930627646,
    42.154052872221));
#1404 = CARTESIAN_POINT('',(-93.97095265187,-66.96433875409,
    41.77081209447));
#1405 = CARTESIAN_POINT('',(-93.96871942267,-67.,41.385469921798));
#1406 = CARTESIAN_POINT('',(-93.96871942267,-67.,40.717930968899));
#1407 = CARTESIAN_POINT('',(-93.96991520792,-66.98090486382,
    40.435888664754));
#1408 = CARTESIAN_POINT('',(-93.97230632848,-66.94272157204,
    40.154674712145));
#1409 = CARTESIAN_POINT('',(-93.97573212921,-66.88527119316,
    39.875106201612));
#1410 = CARTESIAN_POINT('',(-93.97987071843,-66.80820526333,
    39.598106567879));
#1411 = CARTESIAN_POINT('',(-93.98578442459,-66.67526103674,
    39.224239674281));
#1412 = CARTESIAN_POINT('',(-93.98739997092,-66.63677855612,
    39.124178368294));
#1413 = CARTESIAN_POINT('',(-93.98901441202,-66.59554507344,
    39.024667516335));
#1414 = CARTESIAN_POINT('',(-93.99059753668,-66.55153147521,
    38.925765730487));
#1415 = CARTESIAN_POINT('',(-93.99211498176,-66.50470567651,
    38.827536362002));
#1416 = CARTESIAN_POINT('',(-93.99534415891,-66.39120626204,
    38.604781218804));
#1417 = CARTESIAN_POINT('',(-93.99698790973,-66.32267979984,
    38.480739256289));
#1418 = CARTESIAN_POINT('',(-93.99837727744,-66.24937776689,
    38.358064741471));
#1419 = CARTESIAN_POINT('',(-93.99941757494,-66.17122032743,
    38.236922308214));
#1420 = CARTESIAN_POINT('',(-94.,-66.08812360332,38.117498137768));
#1421 = CARTESIAN_POINT('',(-94.,-66.,38.));
#1422 = CYLINDRICAL_SURFACE('',#1423,16.);
#1423 = AXIS2_PLACEMENT_3D('',#1424,#1425,#1426);
#1424 = CARTESIAN_POINT('',(-78.,-66.,-55.));
#1425 = DIRECTION('',(0.,0.,1.));
#1426 = DIRECTION('',(-1.,0.,0.));
#1427 = ADVANCED_FACE('',(#1428),#1533,.T.);
#1428 = FACE_BOUND('',#1429,.T.);
#1429 = EDGE_LOOP('',(#1430,#1440,#1455,#1464,#1473,#1482,#1489,#1490,
    #1491,#1492,#1493,#1502,#1511,#1520));
#1430 = ORIENTED_EDGE('',*,*,#1431,.F.);
#1431 = EDGE_CURVE('',#1432,#1434,#1436,.T.);
#1432 = VERTEX_POINT('',#1433);
#1433 = CARTESIAN_POINT('',(-85.,-64.,-53.38749456993));
#1434 = VERTEX_POINT('',#1435);
#1435 = CARTESIAN_POINT('',(-85.,64.,-53.38749456993));
#1436 = LINE('',#1437,#1438);
#1437 = CARTESIAN_POINT('',(-85.,-82.,-53.38749456993));
#1438 = VECTOR('',#1439,1.);
#1439 = DIRECTION('',(0.,1.,0.));
#1440 = ORIENTED_EDGE('',*,*,#1441,.T.);
#1441 = EDGE_CURVE('',#1432,#1442,#1444,.T.);
#1442 = VERTEX_POINT('',#1443);
#1443 = CARTESIAN_POINT('',(-84.65685424949,-66.,-53.54944299624));
#1444 = B_SPLINE_CURVE_WITH_KNOTS('',5,(#1445,#1446,#1447,#1448,#1449,
    #1450,#1451,#1452,#1453,#1454),.UNSPECIFIED.,.F.,.F.,(6,4,6),(0.,
    0.799743044142,1.),.UNSPECIFIED.);
#1445 = CARTESIAN_POINT('',(-85.,-64.,-53.38749456993));
#1446 = CARTESIAN_POINT('',(-85.,-64.32447777391,-53.38749456993));
#1447 = CARTESIAN_POINT('',(-84.9780659545,-64.64889656418,
    -53.39816595258));
#1448 = CARTESIAN_POINT('',(-84.93421063577,-64.97187691641,
    -53.41950420933));
#1449 = CARTESIAN_POINT('',(-84.86840495944,-65.29197544042,
    -53.45110411428));
#1450 = CARTESIAN_POINT('',(-84.75861727907,-65.68673047481,
    -53.50247157087));
#1451 = CARTESIAN_POINT('',(-84.73525124754,-65.76551108668,
    -53.5133532511));
#1452 = CARTESIAN_POINT('',(-84.71050347448,-65.84399772128,
    -53.52481801433));
#1453 = CARTESIAN_POINT('',(-84.68437193528,-65.92216825736,
    -53.53685273993));
#1454 = CARTESIAN_POINT('',(-84.65685403736,-66.0000006,-53.5494430933)
  );
#1455 = ORIENTED_EDGE('',*,*,#1456,.T.);
#1456 = EDGE_CURVE('',#1442,#1457,#1459,.T.);
#1457 = VERTEX_POINT('',#1458);
#1458 = CARTESIAN_POINT('',(-87.32737905308,-66.,-52.));
#1459 = CIRCLE('',#1460,16.);
#1460 = AXIS2_PLACEMENT_3D('',#1461,#1462,#1463);
#1461 = CARTESIAN_POINT('',(-78.,-66.,-39.));
#1462 = DIRECTION('',(0.,1.,-0.));
#1463 = DIRECTION('',(-1.,0.,0.));
#1464 = ORIENTED_EDGE('',*,*,#1465,.T.);
#1465 = EDGE_CURVE('',#1457,#1466,#1468,.T.);
#1466 = VERTEX_POINT('',#1467);
#1467 = CARTESIAN_POINT('',(-89.42628548566,-66.,-50.2));
#1468 = CIRCLE('',#1469,16.);
#1469 = AXIS2_PLACEMENT_3D('',#1470,#1471,#1472);
#1470 = CARTESIAN_POINT('',(-78.,-66.,-39.));
#1471 = DIRECTION('',(0.,1.,-0.));
#1472 = DIRECTION('',(-1.,0.,0.));
#1473 = ORIENTED_EDGE('',*,*,#1474,.T.);
#1474 = EDGE_CURVE('',#1466,#1475,#1477,.T.);
#1475 = VERTEX_POINT('',#1476);
#1476 = CARTESIAN_POINT('',(-89.61895003862,-66.,-50.));
#1477 = CIRCLE('',#1478,16.);
#1478 = AXIS2_PLACEMENT_3D('',#1479,#1480,#1481);
#1479 = CARTESIAN_POINT('',(-78.,-66.,-39.));
#1480 = DIRECTION('',(0.,1.,-0.));
#1481 = DIRECTION('',(-1.,0.,0.));
#1482 = ORIENTED_EDGE('',*,*,#1483,.T.);
#1483 = EDGE_CURVE('',#1475,#1247,#1484,.T.);
#1484 = CIRCLE('',#1485,16.);
#1485 = AXIS2_PLACEMENT_3D('',#1486,#1487,#1488);
#1486 = CARTESIAN_POINT('',(-78.,-66.,-39.));
#1487 = DIRECTION('',(0.,1.,-0.));
#1488 = DIRECTION('',(-1.,0.,0.));
#1489 = ORIENTED_EDGE('',*,*,#1246,.T.);
#1490 = ORIENTED_EDGE('',*,*,#291,.T.);
#1491 = ORIENTED_EDGE('',*,*,#1172,.T.);
#1492 = ORIENTED_EDGE('',*,*,#1119,.F.);
#1493 = ORIENTED_EDGE('',*,*,#1494,.F.);
#1494 = EDGE_CURVE('',#1495,#1120,#1497,.T.);
#1495 = VERTEX_POINT('',#1496);
#1496 = CARTESIAN_POINT('',(-89.42628548566,66.,-50.2));
#1497 = CIRCLE('',#1498,16.);
#1498 = AXIS2_PLACEMENT_3D('',#1499,#1500,#1501);
#1499 = CARTESIAN_POINT('',(-78.,66.,-39.));
#1500 = DIRECTION('',(0.,1.,-0.));
#1501 = DIRECTION('',(-1.,0.,0.));
#1502 = ORIENTED_EDGE('',*,*,#1503,.F.);
#1503 = EDGE_CURVE('',#1504,#1495,#1506,.T.);
#1504 = VERTEX_POINT('',#1505);
#1505 = CARTESIAN_POINT('',(-87.32737905308,66.,-52.));
#1506 = CIRCLE('',#1507,16.);
#1507 = AXIS2_PLACEMENT_3D('',#1508,#1509,#1510);
#1508 = CARTESIAN_POINT('',(-78.,66.,-39.));
#1509 = DIRECTION('',(0.,1.,-0.));
#1510 = DIRECTION('',(-1.,0.,0.));
#1511 = ORIENTED_EDGE('',*,*,#1512,.F.);
#1512 = EDGE_CURVE('',#1513,#1504,#1515,.T.);
#1513 = VERTEX_POINT('',#1514);
#1514 = CARTESIAN_POINT('',(-84.65685424949,66.,-53.54944299624));
#1515 = CIRCLE('',#1516,16.);
#1516 = AXIS2_PLACEMENT_3D('',#1517,#1518,#1519);
#1517 = CARTESIAN_POINT('',(-78.,66.,-39.));
#1518 = DIRECTION('',(0.,1.,-0.));
#1519 = DIRECTION('',(-1.,0.,0.));
#1520 = ORIENTED_EDGE('',*,*,#1521,.T.);
#1521 = EDGE_CURVE('',#1513,#1434,#1522,.T.);
#1522 = B_SPLINE_CURVE_WITH_KNOTS('',5,(#1523,#1524,#1525,#1526,#1527,
    #1528,#1529,#1530,#1531,#1532),.UNSPECIFIED.,.F.,.F.,(6,4,6),(0.,
    0.198487305189,1.),.UNSPECIFIED.);
#1523 = CARTESIAN_POINT('',(-84.65685403736,66.0000006,-53.5494430933));
#1524 = CARTESIAN_POINT('',(-84.68412875133,65.92285608522,
    -53.53696400467));
#1525 = CARTESIAN_POINT('',(-84.71004150199,65.845379326092,
    -53.5250307666));
#1526 = CARTESIAN_POINT('',(-84.73459481387,65.767591838893,
    -53.51365733682));
#1527 = CARTESIAN_POINT('',(-84.75779066284,65.68951516399,
    -53.50285650187));
#1528 = CARTESIAN_POINT('',(-84.86782194824,65.294808318251,
    -53.45138406744));
#1529 = CARTESIAN_POINT('',(-84.93391921798,64.974020623902,
    -53.41964600892));
#1530 = CARTESIAN_POINT('',(-84.97796875183,64.650332247832,
    -53.39821323892));
#1531 = CARTESIAN_POINT('',(-85.,64.325196033128,-53.38749456993));
#1532 = CARTESIAN_POINT('',(-85.,64.,-53.38749456993));
#1533 = CYLINDRICAL_SURFACE('',#1534,16.);
#1534 = AXIS2_PLACEMENT_3D('',#1535,#1536,#1537);
#1535 = CARTESIAN_POINT('',(-78.,-82.,-39.));
#1536 = DIRECTION('',(0.,1.,0.));
#1537 = DIRECTION('',(-1.,0.,0.));
#1538 = ADVANCED_FACE('',(#1539),#1543,.T.);
#1539 = FACE_BOUND('',#1540,.T.);
#1540 = EDGE_LOOP('',(#1541,#1542));
#1541 = ORIENTED_EDGE('',*,*,#1393,.F.);
#1542 = ORIENTED_EDGE('',*,*,#182,.T.);
#1543 = CYLINDRICAL_SURFACE('',#1544,5.);
#1544 = AXIS2_PLACEMENT_3D('',#1545,#1546,#1547);
#1545 = CARTESIAN_POINT('',(-94.,-62.,41.));
#1546 = DIRECTION('',(1.,0.,0.));
#1547 = DIRECTION('',(0.,0.,1.));
#1548 = ADVANCED_FACE('',(#1549),#1575,.T.);
#1549 = FACE_BOUND('',#1550,.T.);
#1550 = EDGE_LOOP('',(#1551,#1560,#1566,#1567,#1568,#1574));
#1551 = ORIENTED_EDGE('',*,*,#1552,.F.);
#1552 = EDGE_CURVE('',#1553,#192,#1555,.T.);
#1553 = VERTEX_POINT('',#1554);
#1554 = CARTESIAN_POINT('',(-78.,-66.,100.));
#1555 = CIRCLE('',#1556,16.);
#1556 = AXIS2_PLACEMENT_3D('',#1557,#1558,#1559);
#1557 = CARTESIAN_POINT('',(-78.,-66.,84.));
#1558 = DIRECTION('',(0.,-1.,0.));
#1559 = DIRECTION('',(-1.,0.,0.));
#1560 = ORIENTED_EDGE('',*,*,#1561,.T.);
#1561 = EDGE_CURVE('',#1553,#767,#1562,.T.);
#1562 = LINE('',#1563,#1564);
#1563 = CARTESIAN_POINT('',(-78.,-82.,100.));
#1564 = VECTOR('',#1565,1.);
#1565 = DIRECTION('',(0.,1.,0.));
#1566 = ORIENTED_EDGE('',*,*,#775,.F.);
#1567 = ORIENTED_EDGE('',*,*,#267,.F.);
#1568 = ORIENTED_EDGE('',*,*,#1569,.F.);
#1569 = EDGE_CURVE('',#200,#259,#1570,.T.);
#1570 = LINE('',#1571,#1572);
#1571 = CARTESIAN_POINT('',(-94.,-82.,84.));
#1572 = VECTOR('',#1573,1.);
#1573 = DIRECTION('',(0.,1.,0.));
#1574 = ORIENTED_EDGE('',*,*,#199,.F.);
#1575 = CYLINDRICAL_SURFACE('',#1576,16.);
#1576 = AXIS2_PLACEMENT_3D('',#1577,#1578,#1579);
#1577 = CARTESIAN_POINT('',(-78.,-82.,84.));
#1578 = DIRECTION('',(0.,1.,0.));
#1579 = DIRECTION('',(-1.,0.,0.));
#1580 = ADVANCED_FACE('',(#1581),#1607,.F.);
#1581 = FACE_BOUND('',#1582,.F.);
#1582 = EDGE_LOOP('',(#1583,#1594,#1600,#1601));
#1583 = ORIENTED_EDGE('',*,*,#1584,.F.);
#1584 = EDGE_CURVE('',#1585,#1587,#1589,.T.);
#1585 = VERTEX_POINT('',#1586);
#1586 = CARTESIAN_POINT('',(-91.,-47.2,84.));
#1587 = VERTEX_POINT('',#1588);
#1588 = CARTESIAN_POINT('',(-91.,-49.,82.2));
#1589 = CIRCLE('',#1590,1.8);
#1590 = AXIS2_PLACEMENT_3D('',#1591,#1592,#1593);
#1591 = CARTESIAN_POINT('',(-91.,-47.2,82.2));
#1592 = DIRECTION('',(1.,-0.,1.110223024625E-16));
#1593 = DIRECTION('',(1.110223024625E-16,0.,-1.));
#1594 = ORIENTED_EDGE('',*,*,#1595,.F.);
#1595 = EDGE_CURVE('',#200,#1585,#1596,.T.);
#1596 = LINE('',#1597,#1598);
#1597 = CARTESIAN_POINT('',(-94.2,-47.2,84.));
#1598 = VECTOR('',#1599,1.);
#1599 = DIRECTION('',(1.,0.,1.110223024625E-16));
#1600 = ORIENTED_EDGE('',*,*,#207,.T.);
#1601 = ORIENTED_EDGE('',*,*,#1602,.T.);
#1602 = EDGE_CURVE('',#208,#1587,#1603,.T.);
#1603 = LINE('',#1604,#1605);
#1604 = CARTESIAN_POINT('',(-94.2,-49.,82.2));
#1605 = VECTOR('',#1606,1.);
#1606 = DIRECTION('',(1.,0.,1.110223024625E-16));
#1607 = CYLINDRICAL_SURFACE('',#1608,1.8);
#1608 = AXIS2_PLACEMENT_3D('',#1609,#1610,#1611);
#1609 = CARTESIAN_POINT('',(-94.2,-47.2,82.2));
#1610 = DIRECTION('',(1.,0.,1.110223024625E-16));
#1611 = DIRECTION('',(1.110223024625E-16,0.,-1.));
#1612 = ADVANCED_FACE('',(#1613),#1631,.T.);
#1613 = FACE_BOUND('',#1614,.T.);
#1614 = EDGE_LOOP('',(#1615,#1616,#1617,#1625));
#1615 = ORIENTED_EDGE('',*,*,#216,.F.);
#1616 = ORIENTED_EDGE('',*,*,#1602,.T.);
#1617 = ORIENTED_EDGE('',*,*,#1618,.F.);
#1618 = EDGE_CURVE('',#1619,#1587,#1621,.T.);
#1619 = VERTEX_POINT('',#1620);
#1620 = CARTESIAN_POINT('',(-91.,-49.,81.8));
#1621 = LINE('',#1622,#1623);
#1622 = CARTESIAN_POINT('',(-91.,-49.,12.6));
#1623 = VECTOR('',#1624,1.);
#1624 = DIRECTION('',(0.,0.,1.));
#1625 = ORIENTED_EDGE('',*,*,#1626,.F.);
#1626 = EDGE_CURVE('',#217,#1619,#1627,.T.);
#1627 = LINE('',#1628,#1629);
#1628 = CARTESIAN_POINT('',(-94.2,-49.,81.8));
#1629 = VECTOR('',#1630,1.);
#1630 = DIRECTION('',(1.,0.,1.110223024625E-16));
#1631 = PLANE('',#1632);
#1632 = AXIS2_PLACEMENT_3D('',#1633,#1634,#1635);
#1633 = CARTESIAN_POINT('',(-94.2,-49.,82.2));
#1634 = DIRECTION('',(0.,1.,0.));
#1635 = DIRECTION('',(1.,0.,1.110223024625E-16));
#1636 = ADVANCED_FACE('',(#1637),#1656,.F.);
#1637 = FACE_BOUND('',#1638,.F.);
#1638 = EDGE_LOOP('',(#1639,#1648,#1649,#1650));
#1639 = ORIENTED_EDGE('',*,*,#1640,.F.);
#1640 = EDGE_CURVE('',#1619,#1641,#1643,.T.);
#1641 = VERTEX_POINT('',#1642);
#1642 = CARTESIAN_POINT('',(-91.,-47.2,80.));
#1643 = CIRCLE('',#1644,1.8);
#1644 = AXIS2_PLACEMENT_3D('',#1645,#1646,#1647);
#1645 = CARTESIAN_POINT('',(-91.,-47.2,81.8));
#1646 = DIRECTION('',(1.,-0.,1.110223024625E-16));
#1647 = DIRECTION('',(1.110223024625E-16,0.,-1.));
#1648 = ORIENTED_EDGE('',*,*,#1626,.F.);
#1649 = ORIENTED_EDGE('',*,*,#224,.T.);
#1650 = ORIENTED_EDGE('',*,*,#1651,.T.);
#1651 = EDGE_CURVE('',#225,#1641,#1652,.T.);
#1652 = LINE('',#1653,#1654);
#1653 = CARTESIAN_POINT('',(-94.2,-47.2,80.));
#1654 = VECTOR('',#1655,1.);
#1655 = DIRECTION('',(1.,0.,1.110223024625E-16));
#1656 = CYLINDRICAL_SURFACE('',#1657,1.8);
#1657 = AXIS2_PLACEMENT_3D('',#1658,#1659,#1660);
#1658 = CARTESIAN_POINT('',(-94.2,-47.2,81.8));
#1659 = DIRECTION('',(1.,0.,1.110223024625E-16));
#1660 = DIRECTION('',(1.110223024625E-16,0.,-1.));
#1661 = ADVANCED_FACE('',(#1662),#1688,.F.);
#1662 = FACE_BOUND('',#1663,.F.);
#1663 = EDGE_LOOP('',(#1664,#1675,#1681,#1682));
#1664 = ORIENTED_EDGE('',*,*,#1665,.F.);
#1665 = EDGE_CURVE('',#1666,#1668,#1670,.T.);
#1666 = VERTEX_POINT('',#1667);
#1667 = CARTESIAN_POINT('',(-91.,49.,82.2));
#1668 = VERTEX_POINT('',#1669);
#1669 = CARTESIAN_POINT('',(-91.,47.2,84.));
#1670 = CIRCLE('',#1671,1.8);
#1671 = AXIS2_PLACEMENT_3D('',#1672,#1673,#1674);
#1672 = CARTESIAN_POINT('',(-91.,47.2,82.2));
#1673 = DIRECTION('',(1.,-0.,1.110223024625E-16));
#1674 = DIRECTION('',(1.110223024625E-16,0.,-1.));
#1675 = ORIENTED_EDGE('',*,*,#1676,.F.);
#1676 = EDGE_CURVE('',#251,#1666,#1677,.T.);
#1677 = LINE('',#1678,#1679);
#1678 = CARTESIAN_POINT('',(-94.2,49.,82.2));
#1679 = VECTOR('',#1680,1.);
#1680 = DIRECTION('',(1.,0.,1.110223024625E-16));
#1681 = ORIENTED_EDGE('',*,*,#258,.T.);
#1682 = ORIENTED_EDGE('',*,*,#1683,.T.);
#1683 = EDGE_CURVE('',#259,#1668,#1684,.T.);
#1684 = LINE('',#1685,#1686);
#1685 = CARTESIAN_POINT('',(-94.2,47.2,84.));
#1686 = VECTOR('',#1687,1.);
#1687 = DIRECTION('',(1.,0.,1.110223024625E-16));
#1688 = CYLINDRICAL_SURFACE('',#1689,1.8);
#1689 = AXIS2_PLACEMENT_3D('',#1690,#1691,#1692);
#1690 = CARTESIAN_POINT('',(-94.2,47.2,82.2));
#1691 = DIRECTION('',(1.,0.,1.110223024625E-16));
#1692 = DIRECTION('',(1.110223024625E-16,0.,-1.));
#1693 = ADVANCED_FACE('',(#1694),#1712,.F.);
#1694 = FACE_BOUND('',#1695,.F.);
#1695 = EDGE_LOOP('',(#1696,#1697,#1698,#1706));
#1696 = ORIENTED_EDGE('',*,*,#1651,.F.);
#1697 = ORIENTED_EDGE('',*,*,#233,.F.);
#1698 = ORIENTED_EDGE('',*,*,#1699,.T.);
#1699 = EDGE_CURVE('',#234,#1700,#1702,.T.);
#1700 = VERTEX_POINT('',#1701);
#1701 = CARTESIAN_POINT('',(-91.,47.2,80.));
#1702 = LINE('',#1703,#1704);
#1703 = CARTESIAN_POINT('',(-94.2,47.2,80.));
#1704 = VECTOR('',#1705,1.);
#1705 = DIRECTION('',(1.,0.,1.110223024625E-16));
#1706 = ORIENTED_EDGE('',*,*,#1707,.F.);
#1707 = EDGE_CURVE('',#1641,#1700,#1708,.T.);
#1708 = LINE('',#1709,#1710);
#1709 = CARTESIAN_POINT('',(-91.,-63.1,80.));
#1710 = VECTOR('',#1711,1.);
#1711 = DIRECTION('',(0.,1.,0.));
#1712 = PLANE('',#1713);
#1713 = AXIS2_PLACEMENT_3D('',#1714,#1715,#1716);
#1714 = CARTESIAN_POINT('',(-94.2,-47.2,80.));
#1715 = DIRECTION('',(1.110223024625E-16,0.,-1.));
#1716 = DIRECTION('',(1.,0.,1.110223024625E-16));
#1717 = ADVANCED_FACE('',(#1718),#1736,.F.);
#1718 = FACE_BOUND('',#1719,.F.);
#1719 = EDGE_LOOP('',(#1720,#1721,#1722,#1730));
#1720 = ORIENTED_EDGE('',*,*,#250,.F.);
#1721 = ORIENTED_EDGE('',*,*,#1676,.T.);
#1722 = ORIENTED_EDGE('',*,*,#1723,.F.);
#1723 = EDGE_CURVE('',#1724,#1666,#1726,.T.);
#1724 = VERTEX_POINT('',#1725);
#1725 = CARTESIAN_POINT('',(-91.,49.,81.8));
#1726 = LINE('',#1727,#1728);
#1727 = CARTESIAN_POINT('',(-91.,49.,12.6));
#1728 = VECTOR('',#1729,1.);
#1729 = DIRECTION('',(0.,0.,1.));
#1730 = ORIENTED_EDGE('',*,*,#1731,.F.);
#1731 = EDGE_CURVE('',#242,#1724,#1732,.T.);
#1732 = LINE('',#1733,#1734);
#1733 = CARTESIAN_POINT('',(-94.2,49.,81.8));
#1734 = VECTOR('',#1735,1.);
#1735 = DIRECTION('',(1.,0.,1.110223024625E-16));
#1736 = PLANE('',#1737);
#1737 = AXIS2_PLACEMENT_3D('',#1738,#1739,#1740);
#1738 = CARTESIAN_POINT('',(-94.2,49.,82.2));
#1739 = DIRECTION('',(0.,1.,0.));
#1740 = DIRECTION('',(1.,0.,1.110223024625E-16));
#1741 = ADVANCED_FACE('',(#1742),#1754,.F.);
#1742 = FACE_BOUND('',#1743,.F.);
#1743 = EDGE_LOOP('',(#1744,#1751,#1752,#1753));
#1744 = ORIENTED_EDGE('',*,*,#1745,.F.);
#1745 = EDGE_CURVE('',#1700,#1724,#1746,.T.);
#1746 = CIRCLE('',#1747,1.8);
#1747 = AXIS2_PLACEMENT_3D('',#1748,#1749,#1750);
#1748 = CARTESIAN_POINT('',(-91.,47.2,81.8));
#1749 = DIRECTION('',(1.,-0.,1.110223024625E-16));
#1750 = DIRECTION('',(1.110223024625E-16,0.,-1.));
#1751 = ORIENTED_EDGE('',*,*,#1699,.F.);
#1752 = ORIENTED_EDGE('',*,*,#241,.T.);
#1753 = ORIENTED_EDGE('',*,*,#1731,.T.);
#1754 = CYLINDRICAL_SURFACE('',#1755,1.8);
#1755 = AXIS2_PLACEMENT_3D('',#1756,#1757,#1758);
#1756 = CARTESIAN_POINT('',(-94.2,47.2,81.8));
#1757 = DIRECTION('',(1.,0.,1.110223024625E-16));
#1758 = DIRECTION('',(1.110223024625E-16,0.,-1.));
#1759 = ADVANCED_FACE('',(#1760),#1779,.F.);
#1760 = FACE_BOUND('',#1761,.F.);
#1761 = EDGE_LOOP('',(#1762,#1770,#1777,#1778));
#1762 = ORIENTED_EDGE('',*,*,#1763,.T.);
#1763 = EDGE_CURVE('',#300,#1764,#1766,.T.);
#1764 = VERTEX_POINT('',#1765);
#1765 = CARTESIAN_POINT('',(-92.,62.,44.2));
#1766 = LINE('',#1767,#1768);
#1767 = CARTESIAN_POINT('',(-94.2,62.,44.2));
#1768 = VECTOR('',#1769,1.);
#1769 = DIRECTION('',(1.,0.,0.));
#1770 = ORIENTED_EDGE('',*,*,#1771,.F.);
#1771 = EDGE_CURVE('',#1764,#1764,#1772,.T.);
#1772 = CIRCLE('',#1773,3.2);
#1773 = AXIS2_PLACEMENT_3D('',#1774,#1775,#1776);
#1774 = CARTESIAN_POINT('',(-92.,62.,41.));
#1775 = DIRECTION('',(1.,0.,-0.));
#1776 = DIRECTION('',(0.,0.,1.));
#1777 = ORIENTED_EDGE('',*,*,#1763,.F.);
#1778 = ORIENTED_EDGE('',*,*,#299,.T.);
#1779 = CYLINDRICAL_SURFACE('',#1780,3.2);
#1780 = AXIS2_PLACEMENT_3D('',#1781,#1782,#1783);
#1781 = CARTESIAN_POINT('',(-94.2,62.,41.));
#1782 = DIRECTION('',(1.,0.,0.));
#1783 = DIRECTION('',(0.,0.,1.));
#1784 = ADVANCED_FACE('',(#1785),#1804,.F.);
#1785 = FACE_BOUND('',#1786,.F.);
#1786 = EDGE_LOOP('',(#1787,#1795,#1802,#1803));
#1787 = ORIENTED_EDGE('',*,*,#1788,.T.);
#1788 = EDGE_CURVE('',#311,#1789,#1791,.T.);
#1789 = VERTEX_POINT('',#1790);
#1790 = CARTESIAN_POINT('',(-92.,62.,-36.8));
#1791 = LINE('',#1792,#1793);
#1792 = CARTESIAN_POINT('',(-94.2,62.,-36.8));
#1793 = VECTOR('',#1794,1.);
#1794 = DIRECTION('',(1.,0.,0.));
#1795 = ORIENTED_EDGE('',*,*,#1796,.F.);
#1796 = EDGE_CURVE('',#1789,#1789,#1797,.T.);
#1797 = CIRCLE('',#1798,3.2);
#1798 = AXIS2_PLACEMENT_3D('',#1799,#1800,#1801);
#1799 = CARTESIAN_POINT('',(-92.,62.,-40.));
#1800 = DIRECTION('',(1.,0.,-0.));
#1801 = DIRECTION('',(0.,0.,1.));
#1802 = ORIENTED_EDGE('',*,*,#1788,.F.);
#1803 = ORIENTED_EDGE('',*,*,#310,.T.);
#1804 = CYLINDRICAL_SURFACE('',#1805,3.2);
#1805 = AXIS2_PLACEMENT_3D('',#1806,#1807,#1808);
#1806 = CARTESIAN_POINT('',(-94.2,62.,-40.));
#1807 = DIRECTION('',(1.,0.,0.));
#1808 = DIRECTION('',(0.,0.,1.));
#1809 = ADVANCED_FACE('',(#1810),#1835,.T.);
#1810 = FACE_BOUND('',#1811,.T.);
#1811 = EDGE_LOOP('',(#1812,#1820,#1821,#1829));
#1812 = ORIENTED_EDGE('',*,*,#1813,.F.);
#1813 = EDGE_CURVE('',#324,#1814,#1816,.T.);
#1814 = VERTEX_POINT('',#1815);
#1815 = CARTESIAN_POINT('',(-91.,-47.2,75.));
#1816 = LINE('',#1817,#1818);
#1817 = CARTESIAN_POINT('',(-94.2,-47.2,75.));
#1818 = VECTOR('',#1819,1.);
#1819 = DIRECTION('',(1.,0.,1.110223024625E-16));
#1820 = ORIENTED_EDGE('',*,*,#321,.F.);
#1821 = ORIENTED_EDGE('',*,*,#1822,.T.);
#1822 = EDGE_CURVE('',#322,#1823,#1825,.T.);
#1823 = VERTEX_POINT('',#1824);
#1824 = CARTESIAN_POINT('',(-91.,47.2,75.));
#1825 = LINE('',#1826,#1827);
#1826 = CARTESIAN_POINT('',(-94.2,47.2,75.));
#1827 = VECTOR('',#1828,1.);
#1828 = DIRECTION('',(1.,0.,1.110223024625E-16));
#1829 = ORIENTED_EDGE('',*,*,#1830,.F.);
#1830 = EDGE_CURVE('',#1814,#1823,#1831,.T.);
#1831 = LINE('',#1832,#1833);
#1832 = CARTESIAN_POINT('',(-91.,-63.1,75.));
#1833 = VECTOR('',#1834,1.);
#1834 = DIRECTION('',(0.,1.,0.));
#1835 = PLANE('',#1836);
#1836 = AXIS2_PLACEMENT_3D('',#1837,#1838,#1839);
#1837 = CARTESIAN_POINT('',(-94.2,-47.2,75.));
#1838 = DIRECTION('',(1.110223024625E-16,0.,-1.));
#1839 = DIRECTION('',(1.,0.,1.110223024625E-16));
#1840 = ADVANCED_FACE('',(#1841),#1860,.F.);
#1841 = FACE_BOUND('',#1842,.F.);
#1842 = EDGE_LOOP('',(#1843,#1852,#1858,#1859));
#1843 = ORIENTED_EDGE('',*,*,#1844,.F.);
#1844 = EDGE_CURVE('',#1845,#1823,#1847,.T.);
#1845 = VERTEX_POINT('',#1846);
#1846 = CARTESIAN_POINT('',(-91.,49.,73.2));
#1847 = CIRCLE('',#1848,1.8);
#1848 = AXIS2_PLACEMENT_3D('',#1849,#1850,#1851);
#1849 = CARTESIAN_POINT('',(-91.,47.2,73.2));
#1850 = DIRECTION('',(1.,-0.,1.110223024625E-16));
#1851 = DIRECTION('',(1.110223024625E-16,0.,-1.));
#1852 = ORIENTED_EDGE('',*,*,#1853,.F.);
#1853 = EDGE_CURVE('',#375,#1845,#1854,.T.);
#1854 = LINE('',#1855,#1856);
#1855 = CARTESIAN_POINT('',(-94.2,49.,73.2));
#1856 = VECTOR('',#1857,1.);
#1857 = DIRECTION('',(1.,0.,1.110223024625E-16));
#1858 = ORIENTED_EDGE('',*,*,#382,.T.);
#1859 = ORIENTED_EDGE('',*,*,#1822,.T.);
#1860 = CYLINDRICAL_SURFACE('',#1861,1.8);
#1861 = AXIS2_PLACEMENT_3D('',#1862,#1863,#1864);
#1862 = CARTESIAN_POINT('',(-94.2,47.2,73.2));
#1863 = DIRECTION('',(1.,0.,1.110223024625E-16));
#1864 = DIRECTION('',(1.110223024625E-16,0.,-1.));
#1865 = ADVANCED_FACE('',(#1866),#1885,.F.);
#1866 = FACE_BOUND('',#1867,.F.);
#1867 = EDGE_LOOP('',(#1868,#1877,#1878,#1879));
#1868 = ORIENTED_EDGE('',*,*,#1869,.F.);
#1869 = EDGE_CURVE('',#1814,#1870,#1872,.T.);
#1870 = VERTEX_POINT('',#1871);
#1871 = CARTESIAN_POINT('',(-91.,-49.,73.2));
#1872 = CIRCLE('',#1873,1.8);
#1873 = AXIS2_PLACEMENT_3D('',#1874,#1875,#1876);
#1874 = CARTESIAN_POINT('',(-91.,-47.2,73.2));
#1875 = DIRECTION('',(1.,-0.,1.110223024625E-16));
#1876 = DIRECTION('',(1.110223024625E-16,0.,-1.));
#1877 = ORIENTED_EDGE('',*,*,#1813,.F.);
#1878 = ORIENTED_EDGE('',*,*,#331,.T.);
#1879 = ORIENTED_EDGE('',*,*,#1880,.T.);
#1880 = EDGE_CURVE('',#332,#1870,#1881,.T.);
#1881 = LINE('',#1882,#1883);
#1882 = CARTESIAN_POINT('',(-94.2,-49.,73.2));
#1883 = VECTOR('',#1884,1.);
#1884 = DIRECTION('',(1.,0.,1.110223024625E-16));
#1885 = CYLINDRICAL_SURFACE('',#1886,1.8);
#1886 = AXIS2_PLACEMENT_3D('',#1887,#1888,#1889);
#1887 = CARTESIAN_POINT('',(-94.2,-47.2,73.2));
#1888 = DIRECTION('',(1.,0.,1.110223024625E-16));
#1889 = DIRECTION('',(1.110223024625E-16,0.,-1.));
#1890 = ADVANCED_FACE('',(#1891),#1909,.F.);
#1891 = FACE_BOUND('',#1892,.F.);
#1892 = EDGE_LOOP('',(#1893,#1894,#1895,#1903));
#1893 = ORIENTED_EDGE('',*,*,#374,.F.);
#1894 = ORIENTED_EDGE('',*,*,#1853,.T.);
#1895 = ORIENTED_EDGE('',*,*,#1896,.F.);
#1896 = EDGE_CURVE('',#1897,#1845,#1899,.T.);
#1897 = VERTEX_POINT('',#1898);
#1898 = CARTESIAN_POINT('',(-91.,49.,72.8));
#1899 = LINE('',#1900,#1901);
#1900 = CARTESIAN_POINT('',(-91.,49.,8.1));
#1901 = VECTOR('',#1902,1.);
#1902 = DIRECTION('',(0.,0.,1.));
#1903 = ORIENTED_EDGE('',*,*,#1904,.F.);
#1904 = EDGE_CURVE('',#366,#1897,#1905,.T.);
#1905 = LINE('',#1906,#1907);
#1906 = CARTESIAN_POINT('',(-94.2,49.,72.8));
#1907 = VECTOR('',#1908,1.);
#1908 = DIRECTION('',(1.,0.,1.110223024625E-16));
#1909 = PLANE('',#1910);
#1910 = AXIS2_PLACEMENT_3D('',#1911,#1912,#1913);
#1911 = CARTESIAN_POINT('',(-94.2,49.,73.2));
#1912 = DIRECTION('',(0.,1.,0.));
#1913 = DIRECTION('',(1.,0.,1.110223024625E-16));
#1914 = ADVANCED_FACE('',(#1915),#1933,.T.);
#1915 = FACE_BOUND('',#1916,.T.);
#1916 = EDGE_LOOP('',(#1917,#1918,#1919,#1927));
#1917 = ORIENTED_EDGE('',*,*,#340,.F.);
#1918 = ORIENTED_EDGE('',*,*,#1880,.T.);
#1919 = ORIENTED_EDGE('',*,*,#1920,.F.);
#1920 = EDGE_CURVE('',#1921,#1870,#1923,.T.);
#1921 = VERTEX_POINT('',#1922);
#1922 = CARTESIAN_POINT('',(-91.,-49.,72.8));
#1923 = LINE('',#1924,#1925);
#1924 = CARTESIAN_POINT('',(-91.,-49.,8.1));
#1925 = VECTOR('',#1926,1.);
#1926 = DIRECTION('',(0.,0.,1.));
#1927 = ORIENTED_EDGE('',*,*,#1928,.F.);
#1928 = EDGE_CURVE('',#341,#1921,#1929,.T.);
#1929 = LINE('',#1930,#1931);
#1930 = CARTESIAN_POINT('',(-94.2,-49.,72.8));
#1931 = VECTOR('',#1932,1.);
#1932 = DIRECTION('',(1.,0.,1.110223024625E-16));
#1933 = PLANE('',#1934);
#1934 = AXIS2_PLACEMENT_3D('',#1935,#1936,#1937);
#1935 = CARTESIAN_POINT('',(-94.2,-49.,73.2));
#1936 = DIRECTION('',(0.,1.,0.));
#1937 = DIRECTION('',(1.,0.,1.110223024625E-16));
#1938 = ADVANCED_FACE('',(#1939),#1958,.F.);
#1939 = FACE_BOUND('',#1940,.F.);
#1940 = EDGE_LOOP('',(#1941,#1950,#1956,#1957));
#1941 = ORIENTED_EDGE('',*,*,#1942,.F.);
#1942 = EDGE_CURVE('',#1943,#1897,#1945,.T.);
#1943 = VERTEX_POINT('',#1944);
#1944 = CARTESIAN_POINT('',(-91.,47.2,71.));
#1945 = CIRCLE('',#1946,1.8);
#1946 = AXIS2_PLACEMENT_3D('',#1947,#1948,#1949);
#1947 = CARTESIAN_POINT('',(-91.,47.2,72.8));
#1948 = DIRECTION('',(1.,-0.,1.110223024625E-16));
#1949 = DIRECTION('',(1.110223024625E-16,0.,-1.));
#1950 = ORIENTED_EDGE('',*,*,#1951,.F.);
#1951 = EDGE_CURVE('',#358,#1943,#1952,.T.);
#1952 = LINE('',#1953,#1954);
#1953 = CARTESIAN_POINT('',(-94.2,47.2,71.));
#1954 = VECTOR('',#1955,1.);
#1955 = DIRECTION('',(1.,0.,1.110223024625E-16));
#1956 = ORIENTED_EDGE('',*,*,#365,.T.);
#1957 = ORIENTED_EDGE('',*,*,#1904,.T.);
#1958 = CYLINDRICAL_SURFACE('',#1959,1.8);
#1959 = AXIS2_PLACEMENT_3D('',#1960,#1961,#1962);
#1960 = CARTESIAN_POINT('',(-94.2,47.2,72.8));
#1961 = DIRECTION('',(1.,0.,1.110223024625E-16));
#1962 = DIRECTION('',(1.110223024625E-16,0.,-1.));
#1963 = ADVANCED_FACE('',(#1964),#1983,.F.);
#1964 = FACE_BOUND('',#1965,.F.);
#1965 = EDGE_LOOP('',(#1966,#1975,#1976,#1977));
#1966 = ORIENTED_EDGE('',*,*,#1967,.F.);
#1967 = EDGE_CURVE('',#1921,#1968,#1970,.T.);
#1968 = VERTEX_POINT('',#1969);
#1969 = CARTESIAN_POINT('',(-91.,-47.2,71.));
#1970 = CIRCLE('',#1971,1.8);
#1971 = AXIS2_PLACEMENT_3D('',#1972,#1973,#1974);
#1972 = CARTESIAN_POINT('',(-91.,-47.2,72.8));
#1973 = DIRECTION('',(1.,-0.,1.110223024625E-16));
#1974 = DIRECTION('',(1.110223024625E-16,0.,-1.));
#1975 = ORIENTED_EDGE('',*,*,#1928,.F.);
#1976 = ORIENTED_EDGE('',*,*,#348,.T.);
#1977 = ORIENTED_EDGE('',*,*,#1978,.T.);
#1978 = EDGE_CURVE('',#349,#1968,#1979,.T.);
#1979 = LINE('',#1980,#1981);
#1980 = CARTESIAN_POINT('',(-94.2,-47.2,71.));
#1981 = VECTOR('',#1982,1.);
#1982 = DIRECTION('',(1.,0.,1.110223024625E-16));
#1983 = CYLINDRICAL_SURFACE('',#1984,1.8);
#1984 = AXIS2_PLACEMENT_3D('',#1985,#1986,#1987);
#1985 = CARTESIAN_POINT('',(-94.2,-47.2,72.8));
#1986 = DIRECTION('',(1.,0.,1.110223024625E-16));
#1987 = DIRECTION('',(1.110223024625E-16,0.,-1.));
#1988 = ADVANCED_FACE('',(#1989),#2000,.F.);
#1989 = FACE_BOUND('',#1990,.F.);
#1990 = EDGE_LOOP('',(#1991,#1992,#1993,#1994));
#1991 = ORIENTED_EDGE('',*,*,#1978,.F.);
#1992 = ORIENTED_EDGE('',*,*,#357,.F.);
#1993 = ORIENTED_EDGE('',*,*,#1951,.T.);
#1994 = ORIENTED_EDGE('',*,*,#1995,.F.);
#1995 = EDGE_CURVE('',#1968,#1943,#1996,.T.);
#1996 = LINE('',#1997,#1998);
#1997 = CARTESIAN_POINT('',(-91.,-63.1,71.));
#1998 = VECTOR('',#1999,1.);
#1999 = DIRECTION('',(0.,1.,0.));
#2000 = PLANE('',#2001);
#2001 = AXIS2_PLACEMENT_3D('',#2002,#2003,#2004);
#2002 = CARTESIAN_POINT('',(-94.2,-47.2,71.));
#2003 = DIRECTION('',(1.110223024625E-16,0.,-1.));
#2004 = DIRECTION('',(1.,0.,1.110223024625E-16));
#2005 = ADVANCED_FACE('',(#2006),#2031,.T.);
#2006 = FACE_BOUND('',#2007,.T.);
#2007 = EDGE_LOOP('',(#2008,#2016,#2017,#2025));
#2008 = ORIENTED_EDGE('',*,*,#2009,.F.);
#2009 = EDGE_CURVE('',#394,#2010,#2012,.T.);
#2010 = VERTEX_POINT('',#2011);
#2011 = CARTESIAN_POINT('',(-91.,-47.2,66.));
#2012 = LINE('',#2013,#2014);
#2013 = CARTESIAN_POINT('',(-94.2,-47.2,66.));
#2014 = VECTOR('',#2015,1.);
#2015 = DIRECTION('',(1.,0.,1.110223024625E-16));
#2016 = ORIENTED_EDGE('',*,*,#391,.F.);
#2017 = ORIENTED_EDGE('',*,*,#2018,.T.);
#2018 = EDGE_CURVE('',#392,#2019,#2021,.T.);
#2019 = VERTEX_POINT('',#2020);
#2020 = CARTESIAN_POINT('',(-91.,47.2,66.));
#2021 = LINE('',#2022,#2023);
#2022 = CARTESIAN_POINT('',(-94.2,47.2,66.));
#2023 = VECTOR('',#2024,1.);
#2024 = DIRECTION('',(1.,0.,1.110223024625E-16));
#2025 = ORIENTED_EDGE('',*,*,#2026,.F.);
#2026 = EDGE_CURVE('',#2010,#2019,#2027,.T.);
#2027 = LINE('',#2028,#2029);
#2028 = CARTESIAN_POINT('',(-91.,-63.1,66.));
#2029 = VECTOR('',#2030,1.);
#2030 = DIRECTION('',(0.,1.,0.));
#2031 = PLANE('',#2032);
#2032 = AXIS2_PLACEMENT_3D('',#2033,#2034,#2035);
#2033 = CARTESIAN_POINT('',(-94.2,-47.2,66.));
#2034 = DIRECTION('',(1.110223024625E-16,0.,-1.));
#2035 = DIRECTION('',(1.,0.,1.110223024625E-16));
#2036 = ADVANCED_FACE('',(#2037),#2056,.F.);
#2037 = FACE_BOUND('',#2038,.F.);
#2038 = EDGE_LOOP('',(#2039,#2048,#2054,#2055));
#2039 = ORIENTED_EDGE('',*,*,#2040,.F.);
#2040 = EDGE_CURVE('',#2041,#2019,#2043,.T.);
#2041 = VERTEX_POINT('',#2042);
#2042 = CARTESIAN_POINT('',(-91.,49.,64.2));
#2043 = CIRCLE('',#2044,1.8);
#2044 = AXIS2_PLACEMENT_3D('',#2045,#2046,#2047);
#2045 = CARTESIAN_POINT('',(-91.,47.2,64.2));
#2046 = DIRECTION('',(1.,-0.,1.110223024625E-16));
#2047 = DIRECTION('',(1.110223024625E-16,0.,-1.));
#2048 = ORIENTED_EDGE('',*,*,#2049,.F.);
#2049 = EDGE_CURVE('',#445,#2041,#2050,.T.);
#2050 = LINE('',#2051,#2052);
#2051 = CARTESIAN_POINT('',(-94.2,49.,64.2));
#2052 = VECTOR('',#2053,1.);
#2053 = DIRECTION('',(1.,0.,1.110223024625E-16));
#2054 = ORIENTED_EDGE('',*,*,#452,.T.);
#2055 = ORIENTED_EDGE('',*,*,#2018,.T.);
#2056 = CYLINDRICAL_SURFACE('',#2057,1.8);
#2057 = AXIS2_PLACEMENT_3D('',#2058,#2059,#2060);
#2058 = CARTESIAN_POINT('',(-94.2,47.2,64.2));
#2059 = DIRECTION('',(1.,0.,1.110223024625E-16));
#2060 = DIRECTION('',(1.110223024625E-16,0.,-1.));
#2061 = ADVANCED_FACE('',(#2062),#2081,.F.);
#2062 = FACE_BOUND('',#2063,.F.);
#2063 = EDGE_LOOP('',(#2064,#2073,#2074,#2075));
#2064 = ORIENTED_EDGE('',*,*,#2065,.F.);
#2065 = EDGE_CURVE('',#2010,#2066,#2068,.T.);
#2066 = VERTEX_POINT('',#2067);
#2067 = CARTESIAN_POINT('',(-91.,-49.,64.2));
#2068 = CIRCLE('',#2069,1.8);
#2069 = AXIS2_PLACEMENT_3D('',#2070,#2071,#2072);
#2070 = CARTESIAN_POINT('',(-91.,-47.2,64.2));
#2071 = DIRECTION('',(1.,-0.,1.110223024625E-16));
#2072 = DIRECTION('',(1.110223024625E-16,0.,-1.));
#2073 = ORIENTED_EDGE('',*,*,#2009,.F.);
#2074 = ORIENTED_EDGE('',*,*,#401,.T.);
#2075 = ORIENTED_EDGE('',*,*,#2076,.T.);
#2076 = EDGE_CURVE('',#402,#2066,#2077,.T.);
#2077 = LINE('',#2078,#2079);
#2078 = CARTESIAN_POINT('',(-94.2,-49.,64.2));
#2079 = VECTOR('',#2080,1.);
#2080 = DIRECTION('',(1.,0.,1.110223024625E-16));
#2081 = CYLINDRICAL_SURFACE('',#2082,1.8);
#2082 = AXIS2_PLACEMENT_3D('',#2083,#2084,#2085);
#2083 = CARTESIAN_POINT('',(-94.2,-47.2,64.2));
#2084 = DIRECTION('',(1.,0.,1.110223024625E-16));
#2085 = DIRECTION('',(1.110223024625E-16,0.,-1.));
#2086 = ADVANCED_FACE('',(#2087),#2105,.F.);
#2087 = FACE_BOUND('',#2088,.F.);
#2088 = EDGE_LOOP('',(#2089,#2090,#2091,#2099));
#2089 = ORIENTED_EDGE('',*,*,#444,.F.);
#2090 = ORIENTED_EDGE('',*,*,#2049,.T.);
#2091 = ORIENTED_EDGE('',*,*,#2092,.F.);
#2092 = EDGE_CURVE('',#2093,#2041,#2095,.T.);
#2093 = VERTEX_POINT('',#2094);
#2094 = CARTESIAN_POINT('',(-91.,49.,63.8));
#2095 = LINE('',#2096,#2097);
#2096 = CARTESIAN_POINT('',(-91.,49.,3.6));
#2097 = VECTOR('',#2098,1.);
#2098 = DIRECTION('',(0.,0.,1.));
#2099 = ORIENTED_EDGE('',*,*,#2100,.F.);
#2100 = EDGE_CURVE('',#436,#2093,#2101,.T.);
#2101 = LINE('',#2102,#2103);
#2102 = CARTESIAN_POINT('',(-94.2,49.,63.8));
#2103 = VECTOR('',#2104,1.);
#2104 = DIRECTION('',(1.,0.,1.110223024625E-16));
#2105 = PLANE('',#2106);
#2106 = AXIS2_PLACEMENT_3D('',#2107,#2108,#2109);
#2107 = CARTESIAN_POINT('',(-94.2,49.,64.2));
#2108 = DIRECTION('',(0.,1.,0.));
#2109 = DIRECTION('',(1.,0.,1.110223024625E-16));
#2110 = ADVANCED_FACE('',(#2111),#2129,.T.);
#2111 = FACE_BOUND('',#2112,.T.);
#2112 = EDGE_LOOP('',(#2113,#2114,#2115,#2123));
#2113 = ORIENTED_EDGE('',*,*,#410,.F.);
#2114 = ORIENTED_EDGE('',*,*,#2076,.T.);
#2115 = ORIENTED_EDGE('',*,*,#2116,.F.);
#2116 = EDGE_CURVE('',#2117,#2066,#2119,.T.);
#2117 = VERTEX_POINT('',#2118);
#2118 = CARTESIAN_POINT('',(-91.,-49.,63.8));
#2119 = LINE('',#2120,#2121);
#2120 = CARTESIAN_POINT('',(-91.,-49.,3.6));
#2121 = VECTOR('',#2122,1.);
#2122 = DIRECTION('',(0.,0.,1.));
#2123 = ORIENTED_EDGE('',*,*,#2124,.F.);
#2124 = EDGE_CURVE('',#411,#2117,#2125,.T.);
#2125 = LINE('',#2126,#2127);
#2126 = CARTESIAN_POINT('',(-94.2,-49.,63.8));
#2127 = VECTOR('',#2128,1.);
#2128 = DIRECTION('',(1.,0.,1.110223024625E-16));
#2129 = PLANE('',#2130);
#2130 = AXIS2_PLACEMENT_3D('',#2131,#2132,#2133);
#2131 = CARTESIAN_POINT('',(-94.2,-49.,64.2));
#2132 = DIRECTION('',(0.,1.,0.));
#2133 = DIRECTION('',(1.,0.,1.110223024625E-16));
#2134 = ADVANCED_FACE('',(#2135),#2154,.F.);
#2135 = FACE_BOUND('',#2136,.F.);
#2136 = EDGE_LOOP('',(#2137,#2146,#2152,#2153));
#2137 = ORIENTED_EDGE('',*,*,#2138,.F.);
#2138 = EDGE_CURVE('',#2139,#2093,#2141,.T.);
#2139 = VERTEX_POINT('',#2140);
#2140 = CARTESIAN_POINT('',(-91.,47.2,62.));
#2141 = CIRCLE('',#2142,1.8);
#2142 = AXIS2_PLACEMENT_3D('',#2143,#2144,#2145);
#2143 = CARTESIAN_POINT('',(-91.,47.2,63.8));
#2144 = DIRECTION('',(1.,-0.,1.110223024625E-16));
#2145 = DIRECTION('',(1.110223024625E-16,0.,-1.));
#2146 = ORIENTED_EDGE('',*,*,#2147,.F.);
#2147 = EDGE_CURVE('',#428,#2139,#2148,.T.);
#2148 = LINE('',#2149,#2150);
#2149 = CARTESIAN_POINT('',(-94.2,47.2,62.));
#2150 = VECTOR('',#2151,1.);
#2151 = DIRECTION('',(1.,0.,1.110223024625E-16));
#2152 = ORIENTED_EDGE('',*,*,#435,.T.);
#2153 = ORIENTED_EDGE('',*,*,#2100,.T.);
#2154 = CYLINDRICAL_SURFACE('',#2155,1.8);
#2155 = AXIS2_PLACEMENT_3D('',#2156,#2157,#2158);
#2156 = CARTESIAN_POINT('',(-94.2,47.2,63.8));
#2157 = DIRECTION('',(1.,0.,1.110223024625E-16));
#2158 = DIRECTION('',(1.110223024625E-16,0.,-1.));
#2159 = ADVANCED_FACE('',(#2160),#2179,.F.);
#2160 = FACE_BOUND('',#2161,.F.);
#2161 = EDGE_LOOP('',(#2162,#2171,#2172,#2173));
#2162 = ORIENTED_EDGE('',*,*,#2163,.F.);
#2163 = EDGE_CURVE('',#2117,#2164,#2166,.T.);
#2164 = VERTEX_POINT('',#2165);
#2165 = CARTESIAN_POINT('',(-91.,-47.2,62.));
#2166 = CIRCLE('',#2167,1.8);
#2167 = AXIS2_PLACEMENT_3D('',#2168,#2169,#2170);
#2168 = CARTESIAN_POINT('',(-91.,-47.2,63.8));
#2169 = DIRECTION('',(1.,-0.,1.110223024625E-16));
#2170 = DIRECTION('',(1.110223024625E-16,0.,-1.));
#2171 = ORIENTED_EDGE('',*,*,#2124,.F.);
#2172 = ORIENTED_EDGE('',*,*,#418,.T.);
#2173 = ORIENTED_EDGE('',*,*,#2174,.T.);
#2174 = EDGE_CURVE('',#419,#2164,#2175,.T.);
#2175 = LINE('',#2176,#2177);
#2176 = CARTESIAN_POINT('',(-94.2,-47.2,62.));
#2177 = VECTOR('',#2178,1.);
#2178 = DIRECTION('',(1.,0.,1.110223024625E-16));
#2179 = CYLINDRICAL_SURFACE('',#2180,1.8);
#2180 = AXIS2_PLACEMENT_3D('',#2181,#2182,#2183);
#2181 = CARTESIAN_POINT('',(-94.2,-47.2,63.8));
#2182 = DIRECTION('',(1.,0.,1.110223024625E-16));
#2183 = DIRECTION('',(1.110223024625E-16,0.,-1.));
#2184 = ADVANCED_FACE('',(#2185),#2196,.F.);
#2185 = FACE_BOUND('',#2186,.F.);
#2186 = EDGE_LOOP('',(#2187,#2188,#2189,#2190));
#2187 = ORIENTED_EDGE('',*,*,#2174,.F.);
#2188 = ORIENTED_EDGE('',*,*,#427,.F.);
#2189 = ORIENTED_EDGE('',*,*,#2147,.T.);
#2190 = ORIENTED_EDGE('',*,*,#2191,.F.);
#2191 = EDGE_CURVE('',#2164,#2139,#2192,.T.);
#2192 = LINE('',#2193,#2194);
#2193 = CARTESIAN_POINT('',(-91.,-63.1,62.));
#2194 = VECTOR('',#2195,1.);
#2195 = DIRECTION('',(0.,1.,0.));
#2196 = PLANE('',#2197);
#2197 = AXIS2_PLACEMENT_3D('',#2198,#2199,#2200);
#2198 = CARTESIAN_POINT('',(-94.2,-47.2,62.));
#2199 = DIRECTION('',(1.110223024625E-16,0.,-1.));
#2200 = DIRECTION('',(1.,0.,1.110223024625E-16));
#2201 = ADVANCED_FACE('',(#2202),#2227,.T.);
#2202 = FACE_BOUND('',#2203,.T.);
#2203 = EDGE_LOOP('',(#2204,#2212,#2213,#2221));
#2204 = ORIENTED_EDGE('',*,*,#2205,.F.);
#2205 = EDGE_CURVE('',#464,#2206,#2208,.T.);
#2206 = VERTEX_POINT('',#2207);
#2207 = CARTESIAN_POINT('',(-91.,-47.2,57.));
#2208 = LINE('',#2209,#2210);
#2209 = CARTESIAN_POINT('',(-94.2,-47.2,57.));
#2210 = VECTOR('',#2211,1.);
#2211 = DIRECTION('',(1.,0.,1.110223024625E-16));
#2212 = ORIENTED_EDGE('',*,*,#461,.F.);
#2213 = ORIENTED_EDGE('',*,*,#2214,.T.);
#2214 = EDGE_CURVE('',#462,#2215,#2217,.T.);
#2215 = VERTEX_POINT('',#2216);
#2216 = CARTESIAN_POINT('',(-91.,47.2,57.));
#2217 = LINE('',#2218,#2219);
#2218 = CARTESIAN_POINT('',(-94.2,47.2,57.));
#2219 = VECTOR('',#2220,1.);
#2220 = DIRECTION('',(1.,0.,1.110223024625E-16));
#2221 = ORIENTED_EDGE('',*,*,#2222,.F.);
#2222 = EDGE_CURVE('',#2206,#2215,#2223,.T.);
#2223 = LINE('',#2224,#2225);
#2224 = CARTESIAN_POINT('',(-91.,-63.1,57.));
#2225 = VECTOR('',#2226,1.);
#2226 = DIRECTION('',(0.,1.,0.));
#2227 = PLANE('',#2228);
#2228 = AXIS2_PLACEMENT_3D('',#2229,#2230,#2231);
#2229 = CARTESIAN_POINT('',(-94.2,-47.2,57.));
#2230 = DIRECTION('',(1.110223024625E-16,0.,-1.));
#2231 = DIRECTION('',(1.,0.,1.110223024625E-16));
#2232 = ADVANCED_FACE('',(#2233),#2252,.F.);
#2233 = FACE_BOUND('',#2234,.F.);
#2234 = EDGE_LOOP('',(#2235,#2244,#2250,#2251));
#2235 = ORIENTED_EDGE('',*,*,#2236,.F.);
#2236 = EDGE_CURVE('',#2237,#2215,#2239,.T.);
#2237 = VERTEX_POINT('',#2238);
#2238 = CARTESIAN_POINT('',(-91.,49.,55.2));
#2239 = CIRCLE('',#2240,1.8);
#2240 = AXIS2_PLACEMENT_3D('',#2241,#2242,#2243);
#2241 = CARTESIAN_POINT('',(-91.,47.2,55.2));
#2242 = DIRECTION('',(1.,-0.,1.110223024625E-16));
#2243 = DIRECTION('',(1.110223024625E-16,0.,-1.));
#2244 = ORIENTED_EDGE('',*,*,#2245,.F.);
#2245 = EDGE_CURVE('',#515,#2237,#2246,.T.);
#2246 = LINE('',#2247,#2248);
#2247 = CARTESIAN_POINT('',(-94.2,49.,55.2));
#2248 = VECTOR('',#2249,1.);
#2249 = DIRECTION('',(1.,0.,1.110223024625E-16));
#2250 = ORIENTED_EDGE('',*,*,#522,.T.);
#2251 = ORIENTED_EDGE('',*,*,#2214,.T.);
#2252 = CYLINDRICAL_SURFACE('',#2253,1.8);
#2253 = AXIS2_PLACEMENT_3D('',#2254,#2255,#2256);
#2254 = CARTESIAN_POINT('',(-94.2,47.2,55.2));
#2255 = DIRECTION('',(1.,0.,1.110223024625E-16));
#2256 = DIRECTION('',(1.110223024625E-16,0.,-1.));
#2257 = ADVANCED_FACE('',(#2258),#2277,.F.);
#2258 = FACE_BOUND('',#2259,.F.);
#2259 = EDGE_LOOP('',(#2260,#2269,#2270,#2271));
#2260 = ORIENTED_EDGE('',*,*,#2261,.F.);
#2261 = EDGE_CURVE('',#2206,#2262,#2264,.T.);
#2262 = VERTEX_POINT('',#2263);
#2263 = CARTESIAN_POINT('',(-91.,-49.,55.2));
#2264 = CIRCLE('',#2265,1.8);
#2265 = AXIS2_PLACEMENT_3D('',#2266,#2267,#2268);
#2266 = CARTESIAN_POINT('',(-91.,-47.2,55.2));
#2267 = DIRECTION('',(1.,-0.,1.110223024625E-16));
#2268 = DIRECTION('',(1.110223024625E-16,0.,-1.));
#2269 = ORIENTED_EDGE('',*,*,#2205,.F.);
#2270 = ORIENTED_EDGE('',*,*,#471,.T.);
#2271 = ORIENTED_EDGE('',*,*,#2272,.T.);
#2272 = EDGE_CURVE('',#472,#2262,#2273,.T.);
#2273 = LINE('',#2274,#2275);
#2274 = CARTESIAN_POINT('',(-94.2,-49.,55.2));
#2275 = VECTOR('',#2276,1.);
#2276 = DIRECTION('',(1.,0.,1.110223024625E-16));
#2277 = CYLINDRICAL_SURFACE('',#2278,1.8);
#2278 = AXIS2_PLACEMENT_3D('',#2279,#2280,#2281);
#2279 = CARTESIAN_POINT('',(-94.2,-47.2,55.2));
#2280 = DIRECTION('',(1.,0.,1.110223024625E-16));
#2281 = DIRECTION('',(1.110223024625E-16,0.,-1.));
#2282 = ADVANCED_FACE('',(#2283),#2301,.F.);
#2283 = FACE_BOUND('',#2284,.F.);
#2284 = EDGE_LOOP('',(#2285,#2286,#2287,#2295));
#2285 = ORIENTED_EDGE('',*,*,#514,.F.);
#2286 = ORIENTED_EDGE('',*,*,#2245,.T.);
#2287 = ORIENTED_EDGE('',*,*,#2288,.F.);
#2288 = EDGE_CURVE('',#2289,#2237,#2291,.T.);
#2289 = VERTEX_POINT('',#2290);
#2290 = CARTESIAN_POINT('',(-91.,49.,54.8));
#2291 = LINE('',#2292,#2293);
#2292 = CARTESIAN_POINT('',(-91.,49.,-0.9));
#2293 = VECTOR('',#2294,1.);
#2294 = DIRECTION('',(0.,0.,1.));
#2295 = ORIENTED_EDGE('',*,*,#2296,.F.);
#2296 = EDGE_CURVE('',#506,#2289,#2297,.T.);
#2297 = LINE('',#2298,#2299);
#2298 = CARTESIAN_POINT('',(-94.2,49.,54.8));
#2299 = VECTOR('',#2300,1.);
#2300 = DIRECTION('',(1.,0.,1.110223024625E-16));
#2301 = PLANE('',#2302);
#2302 = AXIS2_PLACEMENT_3D('',#2303,#2304,#2305);
#2303 = CARTESIAN_POINT('',(-94.2,49.,55.2));
#2304 = DIRECTION('',(0.,1.,0.));
#2305 = DIRECTION('',(1.,0.,1.110223024625E-16));
#2306 = ADVANCED_FACE('',(#2307),#2325,.T.);
#2307 = FACE_BOUND('',#2308,.T.);
#2308 = EDGE_LOOP('',(#2309,#2310,#2311,#2319));
#2309 = ORIENTED_EDGE('',*,*,#480,.F.);
#2310 = ORIENTED_EDGE('',*,*,#2272,.T.);
#2311 = ORIENTED_EDGE('',*,*,#2312,.F.);
#2312 = EDGE_CURVE('',#2313,#2262,#2315,.T.);
#2313 = VERTEX_POINT('',#2314);
#2314 = CARTESIAN_POINT('',(-91.,-49.,54.8));
#2315 = LINE('',#2316,#2317);
#2316 = CARTESIAN_POINT('',(-91.,-49.,-0.9));
#2317 = VECTOR('',#2318,1.);
#2318 = DIRECTION('',(0.,0.,1.));
#2319 = ORIENTED_EDGE('',*,*,#2320,.F.);
#2320 = EDGE_CURVE('',#481,#2313,#2321,.T.);
#2321 = LINE('',#2322,#2323);
#2322 = CARTESIAN_POINT('',(-94.2,-49.,54.8));
#2323 = VECTOR('',#2324,1.);
#2324 = DIRECTION('',(1.,0.,1.110223024625E-16));
#2325 = PLANE('',#2326);
#2326 = AXIS2_PLACEMENT_3D('',#2327,#2328,#2329);
#2327 = CARTESIAN_POINT('',(-94.2,-49.,55.2));
#2328 = DIRECTION('',(0.,1.,0.));
#2329 = DIRECTION('',(1.,0.,1.110223024625E-16));
#2330 = ADVANCED_FACE('',(#2331),#2350,.F.);
#2331 = FACE_BOUND('',#2332,.F.);
#2332 = EDGE_LOOP('',(#2333,#2342,#2348,#2349));
#2333 = ORIENTED_EDGE('',*,*,#2334,.F.);
#2334 = EDGE_CURVE('',#2335,#2289,#2337,.T.);
#2335 = VERTEX_POINT('',#2336);
#2336 = CARTESIAN_POINT('',(-91.,47.2,53.));
#2337 = CIRCLE('',#2338,1.8);
#2338 = AXIS2_PLACEMENT_3D('',#2339,#2340,#2341);
#2339 = CARTESIAN_POINT('',(-91.,47.2,54.8));
#2340 = DIRECTION('',(1.,-0.,1.110223024625E-16));
#2341 = DIRECTION('',(1.110223024625E-16,0.,-1.));
#2342 = ORIENTED_EDGE('',*,*,#2343,.F.);
#2343 = EDGE_CURVE('',#498,#2335,#2344,.T.);
#2344 = LINE('',#2345,#2346);
#2345 = CARTESIAN_POINT('',(-94.2,47.2,53.));
#2346 = VECTOR('',#2347,1.);
#2347 = DIRECTION('',(1.,0.,1.110223024625E-16));
#2348 = ORIENTED_EDGE('',*,*,#505,.T.);
#2349 = ORIENTED_EDGE('',*,*,#2296,.T.);
#2350 = CYLINDRICAL_SURFACE('',#2351,1.8);
#2351 = AXIS2_PLACEMENT_3D('',#2352,#2353,#2354);
#2352 = CARTESIAN_POINT('',(-94.2,47.2,54.8));
#2353 = DIRECTION('',(1.,0.,1.110223024625E-16));
#2354 = DIRECTION('',(1.110223024625E-16,0.,-1.));
#2355 = ADVANCED_FACE('',(#2356),#2375,.F.);
#2356 = FACE_BOUND('',#2357,.F.);
#2357 = EDGE_LOOP('',(#2358,#2367,#2368,#2369));
#2358 = ORIENTED_EDGE('',*,*,#2359,.F.);
#2359 = EDGE_CURVE('',#2313,#2360,#2362,.T.);
#2360 = VERTEX_POINT('',#2361);
#2361 = CARTESIAN_POINT('',(-91.,-47.2,53.));
#2362 = CIRCLE('',#2363,1.8);
#2363 = AXIS2_PLACEMENT_3D('',#2364,#2365,#2366);
#2364 = CARTESIAN_POINT('',(-91.,-47.2,54.8));
#2365 = DIRECTION('',(1.,-0.,1.110223024625E-16));
#2366 = DIRECTION('',(1.110223024625E-16,0.,-1.));
#2367 = ORIENTED_EDGE('',*,*,#2320,.F.);
#2368 = ORIENTED_EDGE('',*,*,#488,.T.);
#2369 = ORIENTED_EDGE('',*,*,#2370,.T.);
#2370 = EDGE_CURVE('',#489,#2360,#2371,.T.);
#2371 = LINE('',#2372,#2373);
#2372 = CARTESIAN_POINT('',(-94.2,-47.2,53.));
#2373 = VECTOR('',#2374,1.);
#2374 = DIRECTION('',(1.,0.,1.110223024625E-16));
#2375 = CYLINDRICAL_SURFACE('',#2376,1.8);
#2376 = AXIS2_PLACEMENT_3D('',#2377,#2378,#2379);
#2377 = CARTESIAN_POINT('',(-94.2,-47.2,54.8));
#2378 = DIRECTION('',(1.,0.,1.110223024625E-16));
#2379 = DIRECTION('',(1.110223024625E-16,0.,-1.));
#2380 = ADVANCED_FACE('',(#2381),#2392,.F.);
#2381 = FACE_BOUND('',#2382,.F.);
#2382 = EDGE_LOOP('',(#2383,#2384,#2385,#2386));
#2383 = ORIENTED_EDGE('',*,*,#2370,.F.);
#2384 = ORIENTED_EDGE('',*,*,#497,.F.);
#2385 = ORIENTED_EDGE('',*,*,#2343,.T.);
#2386 = ORIENTED_EDGE('',*,*,#2387,.F.);
#2387 = EDGE_CURVE('',#2360,#2335,#2388,.T.);
#2388 = LINE('',#2389,#2390);
#2389 = CARTESIAN_POINT('',(-91.,-63.1,53.));
#2390 = VECTOR('',#2391,1.);
#2391 = DIRECTION('',(0.,1.,0.));
#2392 = PLANE('',#2393);
#2393 = AXIS2_PLACEMENT_3D('',#2394,#2395,#2396);
#2394 = CARTESIAN_POINT('',(-94.2,-47.2,53.));
#2395 = DIRECTION('',(1.110223024625E-16,0.,-1.));
#2396 = DIRECTION('',(1.,0.,1.110223024625E-16));
#2397 = ADVANCED_FACE('',(#2398),#2417,.F.);
#2398 = FACE_BOUND('',#2399,.F.);
#2399 = EDGE_LOOP('',(#2400,#2408,#2415,#2416));
#2400 = ORIENTED_EDGE('',*,*,#2401,.T.);
#2401 = EDGE_CURVE('',#532,#2402,#2404,.T.);
#2402 = VERTEX_POINT('',#2403);
#2403 = CARTESIAN_POINT('',(-92.,-62.,44.2));
#2404 = LINE('',#2405,#2406);
#2405 = CARTESIAN_POINT('',(-94.2,-62.,44.2));
#2406 = VECTOR('',#2407,1.);
#2407 = DIRECTION('',(1.,0.,0.));
#2408 = ORIENTED_EDGE('',*,*,#2409,.F.);
#2409 = EDGE_CURVE('',#2402,#2402,#2410,.T.);
#2410 = CIRCLE('',#2411,3.2);
#2411 = AXIS2_PLACEMENT_3D('',#2412,#2413,#2414);
#2412 = CARTESIAN_POINT('',(-92.,-62.,41.));
#2413 = DIRECTION('',(1.,0.,-0.));
#2414 = DIRECTION('',(0.,0.,1.));
#2415 = ORIENTED_EDGE('',*,*,#2401,.F.);
#2416 = ORIENTED_EDGE('',*,*,#531,.T.);
#2417 = CYLINDRICAL_SURFACE('',#2418,3.2);
#2418 = AXIS2_PLACEMENT_3D('',#2419,#2420,#2421);
#2419 = CARTESIAN_POINT('',(-94.2,-62.,41.));
#2420 = DIRECTION('',(1.,0.,0.));
#2421 = DIRECTION('',(0.,0.,1.));
#2422 = ADVANCED_FACE('',(#2423),#2449,.F.);
#2423 = FACE_BOUND('',#2424,.F.);
#2424 = EDGE_LOOP('',(#2425,#2436,#2442,#2443));
#2425 = ORIENTED_EDGE('',*,*,#2426,.F.);
#2426 = EDGE_CURVE('',#2427,#2429,#2431,.T.);
#2427 = VERTEX_POINT('',#2428);
#2428 = CARTESIAN_POINT('',(-91.,48.4,0.7));
#2429 = VERTEX_POINT('',#2430);
#2430 = CARTESIAN_POINT('',(-91.,49.,1.3));
#2431 = CIRCLE('',#2432,0.6);
#2432 = AXIS2_PLACEMENT_3D('',#2433,#2434,#2435);
#2433 = CARTESIAN_POINT('',(-91.,48.4,1.3));
#2434 = DIRECTION('',(1.,-0.,1.1E-16));
#2435 = DIRECTION('',(1.1E-16,0.,-1.));
#2436 = ORIENTED_EDGE('',*,*,#2437,.F.);
#2437 = EDGE_CURVE('',#543,#2427,#2438,.T.);
#2438 = LINE('',#2439,#2440);
#2439 = CARTESIAN_POINT('',(-94.2,48.4,0.7));
#2440 = VECTOR('',#2441,1.);
#2441 = DIRECTION('',(1.,0.,0.));
#2442 = ORIENTED_EDGE('',*,*,#542,.T.);
#2443 = ORIENTED_EDGE('',*,*,#2444,.T.);
#2444 = EDGE_CURVE('',#545,#2429,#2445,.T.);
#2445 = LINE('',#2446,#2447);
#2446 = CARTESIAN_POINT('',(-94.2,49.,1.3));
#2447 = VECTOR('',#2448,1.);
#2448 = DIRECTION('',(1.,0.,0.));
#2449 = CYLINDRICAL_SURFACE('',#2450,0.6);
#2450 = AXIS2_PLACEMENT_3D('',#2451,#2452,#2453);
#2451 = CARTESIAN_POINT('',(-94.2,48.4,1.3));
#2452 = DIRECTION('',(1.,0.,0.));
#2453 = DIRECTION('',(0.,0.,-1.));
#2454 = ADVANCED_FACE('',(#2455),#2473,.F.);
#2455 = FACE_BOUND('',#2456,.F.);
#2456 = EDGE_LOOP('',(#2457,#2465,#2466,#2467));
#2457 = ORIENTED_EDGE('',*,*,#2458,.F.);
#2458 = EDGE_CURVE('',#596,#2459,#2461,.T.);
#2459 = VERTEX_POINT('',#2460);
#2460 = CARTESIAN_POINT('',(-91.,-48.4,0.7));
#2461 = LINE('',#2462,#2463);
#2462 = CARTESIAN_POINT('',(-94.2,-48.4,0.7));
#2463 = VECTOR('',#2464,1.);
#2464 = DIRECTION('',(1.,0.,0.));
#2465 = ORIENTED_EDGE('',*,*,#604,.T.);
#2466 = ORIENTED_EDGE('',*,*,#2437,.T.);
#2467 = ORIENTED_EDGE('',*,*,#2468,.F.);
#2468 = EDGE_CURVE('',#2459,#2427,#2469,.T.);
#2469 = LINE('',#2470,#2471);
#2470 = CARTESIAN_POINT('',(-91.,-63.7,0.7));
#2471 = VECTOR('',#2472,1.);
#2472 = DIRECTION('',(0.,1.,0.));
#2473 = PLANE('',#2474);
#2474 = AXIS2_PLACEMENT_3D('',#2475,#2476,#2477);
#2475 = CARTESIAN_POINT('',(-94.2,-48.4,0.7));
#2476 = DIRECTION('',(0.,0.,-1.));
#2477 = DIRECTION('',(1.,0.,0.));
#2478 = ADVANCED_FACE('',(#2479),#2498,.F.);
#2479 = FACE_BOUND('',#2480,.F.);
#2480 = EDGE_LOOP('',(#2481,#2490,#2496,#2497));
#2481 = ORIENTED_EDGE('',*,*,#2482,.F.);
#2482 = EDGE_CURVE('',#2483,#2459,#2485,.T.);
#2483 = VERTEX_POINT('',#2484);
#2484 = CARTESIAN_POINT('',(-91.,-49.,1.3));
#2485 = CIRCLE('',#2486,0.6);
#2486 = AXIS2_PLACEMENT_3D('',#2487,#2488,#2489);
#2487 = CARTESIAN_POINT('',(-91.,-48.4,1.3));
#2488 = DIRECTION('',(1.,-0.,1.1E-16));
#2489 = DIRECTION('',(1.1E-16,0.,-1.));
#2490 = ORIENTED_EDGE('',*,*,#2491,.F.);
#2491 = EDGE_CURVE('',#588,#2483,#2492,.T.);
#2492 = LINE('',#2493,#2494);
#2493 = CARTESIAN_POINT('',(-94.2,-49.,1.3));
#2494 = VECTOR('',#2495,1.);
#2495 = DIRECTION('',(1.,0.,0.));
#2496 = ORIENTED_EDGE('',*,*,#595,.T.);
#2497 = ORIENTED_EDGE('',*,*,#2458,.T.);
#2498 = CYLINDRICAL_SURFACE('',#2499,0.6);
#2499 = AXIS2_PLACEMENT_3D('',#2500,#2501,#2502);
#2500 = CARTESIAN_POINT('',(-94.2,-48.4,1.3));
#2501 = DIRECTION('',(1.,0.,0.));
#2502 = DIRECTION('',(0.,0.,-1.));
#2503 = ADVANCED_FACE('',(#2504),#2522,.T.);
#2504 = FACE_BOUND('',#2505,.T.);
#2505 = EDGE_LOOP('',(#2506,#2507,#2515,#2521));
#2506 = ORIENTED_EDGE('',*,*,#587,.T.);
#2507 = ORIENTED_EDGE('',*,*,#2508,.T.);
#2508 = EDGE_CURVE('',#579,#2509,#2511,.T.);
#2509 = VERTEX_POINT('',#2510);
#2510 = CARTESIAN_POINT('',(-91.,-49.,8.7));
#2511 = LINE('',#2512,#2513);
#2512 = CARTESIAN_POINT('',(-94.2,-49.,8.7));
#2513 = VECTOR('',#2514,1.);
#2514 = DIRECTION('',(1.,0.,0.));
#2515 = ORIENTED_EDGE('',*,*,#2516,.F.);
#2516 = EDGE_CURVE('',#2483,#2509,#2517,.T.);
#2517 = LINE('',#2518,#2519);
#2518 = CARTESIAN_POINT('',(-91.,-49.,-24.15));
#2519 = VECTOR('',#2520,1.);
#2520 = DIRECTION('',(0.,0.,1.));
#2521 = ORIENTED_EDGE('',*,*,#2491,.F.);
#2522 = PLANE('',#2523);
#2523 = AXIS2_PLACEMENT_3D('',#2524,#2525,#2526);
#2524 = CARTESIAN_POINT('',(-94.2,-49.,8.7));
#2525 = DIRECTION('',(0.,1.,0.));
#2526 = DIRECTION('',(1.,0.,0.));
#2527 = ADVANCED_FACE('',(#2528),#2547,.F.);
#2528 = FACE_BOUND('',#2529,.F.);
#2529 = EDGE_LOOP('',(#2530,#2539,#2545,#2546));
#2530 = ORIENTED_EDGE('',*,*,#2531,.F.);
#2531 = EDGE_CURVE('',#2532,#2509,#2534,.T.);
#2532 = VERTEX_POINT('',#2533);
#2533 = CARTESIAN_POINT('',(-91.,-48.4,9.3));
#2534 = CIRCLE('',#2535,0.6);
#2535 = AXIS2_PLACEMENT_3D('',#2536,#2537,#2538);
#2536 = CARTESIAN_POINT('',(-91.,-48.4,8.7));
#2537 = DIRECTION('',(1.,-0.,1.1E-16));
#2538 = DIRECTION('',(1.1E-16,0.,-1.));
#2539 = ORIENTED_EDGE('',*,*,#2540,.F.);
#2540 = EDGE_CURVE('',#571,#2532,#2541,.T.);
#2541 = LINE('',#2542,#2543);
#2542 = CARTESIAN_POINT('',(-94.2,-48.4,9.3));
#2543 = VECTOR('',#2544,1.);
#2544 = DIRECTION('',(1.,0.,0.));
#2545 = ORIENTED_EDGE('',*,*,#578,.T.);
#2546 = ORIENTED_EDGE('',*,*,#2508,.T.);
#2547 = CYLINDRICAL_SURFACE('',#2548,0.6);
#2548 = AXIS2_PLACEMENT_3D('',#2549,#2550,#2551);
#2549 = CARTESIAN_POINT('',(-94.2,-48.4,8.7));
#2550 = DIRECTION('',(1.,0.,0.));
#2551 = DIRECTION('',(0.,0.,-1.));
#2552 = ADVANCED_FACE('',(#2553),#2571,.T.);
#2553 = FACE_BOUND('',#2554,.T.);
#2554 = EDGE_LOOP('',(#2555,#2556,#2557,#2565));
#2555 = ORIENTED_EDGE('',*,*,#2540,.F.);
#2556 = ORIENTED_EDGE('',*,*,#570,.T.);
#2557 = ORIENTED_EDGE('',*,*,#2558,.T.);
#2558 = EDGE_CURVE('',#562,#2559,#2561,.T.);
#2559 = VERTEX_POINT('',#2560);
#2560 = CARTESIAN_POINT('',(-91.,48.4,9.3));
#2561 = LINE('',#2562,#2563);
#2562 = CARTESIAN_POINT('',(-94.2,48.4,9.3));
#2563 = VECTOR('',#2564,1.);
#2564 = DIRECTION('',(1.,0.,0.));
#2565 = ORIENTED_EDGE('',*,*,#2566,.F.);
#2566 = EDGE_CURVE('',#2532,#2559,#2567,.T.);
#2567 = LINE('',#2568,#2569);
#2568 = CARTESIAN_POINT('',(-91.,-63.7,9.3));
#2569 = VECTOR('',#2570,1.);
#2570 = DIRECTION('',(0.,1.,0.));
#2571 = PLANE('',#2572);
#2572 = AXIS2_PLACEMENT_3D('',#2573,#2574,#2575);
#2573 = CARTESIAN_POINT('',(-94.2,-48.4,9.3));
#2574 = DIRECTION('',(0.,0.,-1.));
#2575 = DIRECTION('',(1.,0.,0.));
#2576 = ADVANCED_FACE('',(#2577),#2596,.F.);
#2577 = FACE_BOUND('',#2578,.F.);
#2578 = EDGE_LOOP('',(#2579,#2588,#2594,#2595));
#2579 = ORIENTED_EDGE('',*,*,#2580,.F.);
#2580 = EDGE_CURVE('',#2581,#2559,#2583,.T.);
#2581 = VERTEX_POINT('',#2582);
#2582 = CARTESIAN_POINT('',(-91.,49.,8.7));
#2583 = CIRCLE('',#2584,0.6);
#2584 = AXIS2_PLACEMENT_3D('',#2585,#2586,#2587);
#2585 = CARTESIAN_POINT('',(-91.,48.4,8.7));
#2586 = DIRECTION('',(1.,-0.,1.1E-16));
#2587 = DIRECTION('',(1.1E-16,0.,-1.));
#2588 = ORIENTED_EDGE('',*,*,#2589,.F.);
#2589 = EDGE_CURVE('',#554,#2581,#2590,.T.);
#2590 = LINE('',#2591,#2592);
#2591 = CARTESIAN_POINT('',(-94.2,49.,8.7));
#2592 = VECTOR('',#2593,1.);
#2593 = DIRECTION('',(1.,0.,0.));
#2594 = ORIENTED_EDGE('',*,*,#561,.T.);
#2595 = ORIENTED_EDGE('',*,*,#2558,.T.);
#2596 = CYLINDRICAL_SURFACE('',#2597,0.6);
#2597 = AXIS2_PLACEMENT_3D('',#2598,#2599,#2600);
#2598 = CARTESIAN_POINT('',(-94.2,48.4,8.7));
#2599 = DIRECTION('',(1.,0.,0.));
#2600 = DIRECTION('',(0.,0.,-1.));
#2601 = ADVANCED_FACE('',(#2602),#2613,.F.);
#2602 = FACE_BOUND('',#2603,.F.);
#2603 = EDGE_LOOP('',(#2604,#2605,#2606,#2612));
#2604 = ORIENTED_EDGE('',*,*,#553,.T.);
#2605 = ORIENTED_EDGE('',*,*,#2589,.T.);
#2606 = ORIENTED_EDGE('',*,*,#2607,.F.);
#2607 = EDGE_CURVE('',#2429,#2581,#2608,.T.);
#2608 = LINE('',#2609,#2610);
#2609 = CARTESIAN_POINT('',(-91.,49.,-24.15));
#2610 = VECTOR('',#2611,1.);
#2611 = DIRECTION('',(0.,0.,1.));
#2612 = ORIENTED_EDGE('',*,*,#2444,.F.);
#2613 = PLANE('',#2614);
#2614 = AXIS2_PLACEMENT_3D('',#2615,#2616,#2617);
#2615 = CARTESIAN_POINT('',(-94.2,49.,8.7));
#2616 = DIRECTION('',(0.,1.,0.));
#2617 = DIRECTION('',(1.,0.,0.));
#2618 = ADVANCED_FACE('',(#2619),#2637,.F.);
#2619 = FACE_BOUND('',#2620,.F.);
#2620 = EDGE_LOOP('',(#2621,#2622,#2629,#2636));
#2621 = ORIENTED_EDGE('',*,*,#612,.T.);
#2622 = ORIENTED_EDGE('',*,*,#2623,.T.);
#2623 = EDGE_CURVE('',#613,#2624,#2626,.T.);
#2624 = VERTEX_POINT('',#2625);
#2625 = CARTESIAN_POINT('',(-90.8,-33.,-23.3));
#2626 = B_SPLINE_CURVE_WITH_KNOTS('',1,(#2627,#2628),.UNSPECIFIED.,.F.,
  .F.,(2,2),(0.2,3.4),.PIECEWISE_BEZIER_KNOTS.);
#2627 = CARTESIAN_POINT('',(-94.,-33.,-23.3));
#2628 = CARTESIAN_POINT('',(-90.8,-33.,-23.3));
#2629 = ORIENTED_EDGE('',*,*,#2630,.F.);
#2630 = EDGE_CURVE('',#2624,#2624,#2631,.T.);
#2631 = CIRCLE('',#2632,1.7);
#2632 = AXIS2_PLACEMENT_3D('',#2633,#2634,#2635);
#2633 = CARTESIAN_POINT('',(-90.8,-33.,-25.));
#2634 = DIRECTION('',(1.,0.,-0.));
#2635 = DIRECTION('',(0.,0.,1.));
#2636 = ORIENTED_EDGE('',*,*,#2623,.F.);
#2637 = CYLINDRICAL_SURFACE('',#2638,1.7);
#2638 = AXIS2_PLACEMENT_3D('',#2639,#2640,#2641);
#2639 = CARTESIAN_POINT('',(-94.2,-33.,-25.));
#2640 = DIRECTION('',(1.,0.,0.));
#2641 = DIRECTION('',(0.,0.,1.));
#2642 = ADVANCED_FACE('',(#2643),#2668,.T.);
#2643 = FACE_BOUND('',#2644,.T.);
#2644 = EDGE_LOOP('',(#2645,#2653,#2654,#2662));
#2645 = ORIENTED_EDGE('',*,*,#2646,.F.);
#2646 = EDGE_CURVE('',#624,#2647,#2649,.T.);
#2647 = VERTEX_POINT('',#2648);
#2648 = CARTESIAN_POINT('',(-91.,-53.,-18.));
#2649 = LINE('',#2650,#2651);
#2650 = CARTESIAN_POINT('',(-94.2,-53.,-18.));
#2651 = VECTOR('',#2652,1.);
#2652 = DIRECTION('',(1.,0.,0.));
#2653 = ORIENTED_EDGE('',*,*,#623,.T.);
#2654 = ORIENTED_EDGE('',*,*,#2655,.T.);
#2655 = EDGE_CURVE('',#626,#2656,#2658,.T.);
#2656 = VERTEX_POINT('',#2657);
#2657 = CARTESIAN_POINT('',(-91.,-39.,-18.));
#2658 = LINE('',#2659,#2660);
#2659 = CARTESIAN_POINT('',(-94.2,-39.,-18.));
#2660 = VECTOR('',#2661,1.);
#2661 = DIRECTION('',(1.,0.,0.));
#2662 = ORIENTED_EDGE('',*,*,#2663,.F.);
#2663 = EDGE_CURVE('',#2647,#2656,#2664,.T.);
#2664 = LINE('',#2665,#2666);
#2665 = CARTESIAN_POINT('',(-91.,-66.,-18.));
#2666 = VECTOR('',#2667,1.);
#2667 = DIRECTION('',(0.,1.,0.));
#2668 = PLANE('',#2669);
#2669 = AXIS2_PLACEMENT_3D('',#2670,#2671,#2672);
#2670 = CARTESIAN_POINT('',(-94.2,-53.,-18.));
#2671 = DIRECTION('',(0.,0.,-1.));
#2672 = DIRECTION('',(1.,0.,0.));
#2673 = ADVANCED_FACE('',(#2674),#2693,.F.);
#2674 = FACE_BOUND('',#2675,.F.);
#2675 = EDGE_LOOP('',(#2676,#2685,#2691,#2692));
#2676 = ORIENTED_EDGE('',*,*,#2677,.F.);
#2677 = EDGE_CURVE('',#2678,#2656,#2680,.T.);
#2678 = VERTEX_POINT('',#2679);
#2679 = CARTESIAN_POINT('',(-91.,-37.,-20.));
#2680 = CIRCLE('',#2681,2.);
#2681 = AXIS2_PLACEMENT_3D('',#2682,#2683,#2684);
#2682 = CARTESIAN_POINT('',(-91.,-39.,-20.));
#2683 = DIRECTION('',(1.,-0.,1.1E-16));
#2684 = DIRECTION('',(1.1E-16,0.,-1.));
#2685 = ORIENTED_EDGE('',*,*,#2686,.F.);
#2686 = EDGE_CURVE('',#711,#2678,#2687,.T.);
#2687 = LINE('',#2688,#2689);
#2688 = CARTESIAN_POINT('',(-94.2,-37.,-20.));
#2689 = VECTOR('',#2690,1.);
#2690 = DIRECTION('',(1.,0.,0.));
#2691 = ORIENTED_EDGE('',*,*,#718,.T.);
#2692 = ORIENTED_EDGE('',*,*,#2655,.T.);
#2693 = CYLINDRICAL_SURFACE('',#2694,2.);
#2694 = AXIS2_PLACEMENT_3D('',#2695,#2696,#2697);
#2695 = CARTESIAN_POINT('',(-94.2,-39.,-20.));
#2696 = DIRECTION('',(1.,0.,0.));
#2697 = DIRECTION('',(0.,0.,-1.));
#2698 = ADVANCED_FACE('',(#2699),#2717,.F.);
#2699 = FACE_BOUND('',#2700,.F.);
#2700 = EDGE_LOOP('',(#2701,#2709,#2710,#2711));
#2701 = ORIENTED_EDGE('',*,*,#2702,.F.);
#2702 = EDGE_CURVE('',#702,#2703,#2705,.T.);
#2703 = VERTEX_POINT('',#2704);
#2704 = CARTESIAN_POINT('',(-91.,-37.,-22.93844718719));
#2705 = LINE('',#2706,#2707);
#2706 = CARTESIAN_POINT('',(-94.,-37.,-22.93844718719));
#2707 = VECTOR('',#2708,1.);
#2708 = DIRECTION('',(1.,0.,0.));
#2709 = ORIENTED_EDGE('',*,*,#710,.T.);
#2710 = ORIENTED_EDGE('',*,*,#2686,.T.);
#2711 = ORIENTED_EDGE('',*,*,#2712,.F.);
#2712 = EDGE_CURVE('',#2703,#2678,#2713,.T.);
#2713 = LINE('',#2714,#2715);
#2714 = CARTESIAN_POINT('',(-91.,-37.,-38.5));
#2715 = VECTOR('',#2716,1.);
#2716 = DIRECTION('',(0.,0.,1.));
#2717 = PLANE('',#2718);
#2718 = AXIS2_PLACEMENT_3D('',#2719,#2720,#2721);
#2719 = CARTESIAN_POINT('',(-94.2,-37.,-20.));
#2720 = DIRECTION('',(0.,1.,0.));
#2721 = DIRECTION('',(1.,0.,0.));
#2722 = ADVANCED_FACE('',(#2723),#2766,.T.);
#2723 = FACE_BOUND('',#2724,.T.);
#2724 = EDGE_LOOP('',(#2725,#2736,#2743,#2750,#2751,#2758,#2759,#2760));
#2725 = ORIENTED_EDGE('',*,*,#2726,.T.);
#2726 = EDGE_CURVE('',#2727,#2729,#2731,.T.);
#2727 = VERTEX_POINT('',#2728);
#2728 = CARTESIAN_POINT('',(-91.,-37.,-27.0615528128));
#2729 = VERTEX_POINT('',#2730);
#2730 = CARTESIAN_POINT('',(-91.,-33.,-20.5));
#2731 = CIRCLE('',#2732,4.5);
#2732 = AXIS2_PLACEMENT_3D('',#2733,#2734,#2735);
#2733 = CARTESIAN_POINT('',(-91.,-33.,-25.));
#2734 = DIRECTION('',(1.,0.,-0.));
#2735 = DIRECTION('',(0.,0.,1.));
#2736 = ORIENTED_EDGE('',*,*,#2737,.T.);
#2737 = EDGE_CURVE('',#2729,#2738,#2740,.T.);
#2738 = VERTEX_POINT('',#2739);
#2739 = CARTESIAN_POINT('',(-88.,-33.,-20.5));
#2740 = B_SPLINE_CURVE_WITH_KNOTS('',1,(#2741,#2742),.UNSPECIFIED.,.F.,
  .F.,(2,2),(3.,6.),.PIECEWISE_BEZIER_KNOTS.);
#2741 = CARTESIAN_POINT('',(-91.,-33.,-20.5));
#2742 = CARTESIAN_POINT('',(-88.,-33.,-20.5));
#2743 = ORIENTED_EDGE('',*,*,#2744,.F.);
#2744 = EDGE_CURVE('',#2738,#2738,#2745,.T.);
#2745 = CIRCLE('',#2746,4.5);
#2746 = AXIS2_PLACEMENT_3D('',#2747,#2748,#2749);
#2747 = CARTESIAN_POINT('',(-88.,-33.,-25.));
#2748 = DIRECTION('',(1.,0.,-0.));
#2749 = DIRECTION('',(0.,0.,1.));
#2750 = ORIENTED_EDGE('',*,*,#2737,.F.);
#2751 = ORIENTED_EDGE('',*,*,#2752,.T.);
#2752 = EDGE_CURVE('',#2729,#2703,#2753,.T.);
#2753 = CIRCLE('',#2754,4.5);
#2754 = AXIS2_PLACEMENT_3D('',#2755,#2756,#2757);
#2755 = CARTESIAN_POINT('',(-91.,-33.,-25.));
#2756 = DIRECTION('',(1.,0.,-0.));
#2757 = DIRECTION('',(0.,0.,1.));
#2758 = ORIENTED_EDGE('',*,*,#2702,.F.);
#2759 = ORIENTED_EDGE('',*,*,#701,.T.);
#2760 = ORIENTED_EDGE('',*,*,#2761,.T.);
#2761 = EDGE_CURVE('',#694,#2727,#2762,.T.);
#2762 = LINE('',#2763,#2764);
#2763 = CARTESIAN_POINT('',(-94.,-37.,-27.0615528128));
#2764 = VECTOR('',#2765,1.);
#2765 = DIRECTION('',(1.,0.,0.));
#2766 = CYLINDRICAL_SURFACE('',#2767,4.5);
#2767 = AXIS2_PLACEMENT_3D('',#2768,#2769,#2770);
#2768 = CARTESIAN_POINT('',(-94.,-33.,-25.));
#2769 = DIRECTION('',(1.,0.,0.));
#2770 = DIRECTION('',(0.,0.,1.));
#2771 = ADVANCED_FACE('',(#2772),#2790,.F.);
#2772 = FACE_BOUND('',#2773,.F.);
#2773 = EDGE_LOOP('',(#2774,#2782,#2783,#2784));
#2774 = ORIENTED_EDGE('',*,*,#2775,.F.);
#2775 = EDGE_CURVE('',#685,#2776,#2778,.T.);
#2776 = VERTEX_POINT('',#2777);
#2777 = CARTESIAN_POINT('',(-91.,-37.,-30.));
#2778 = LINE('',#2779,#2780);
#2779 = CARTESIAN_POINT('',(-94.2,-37.,-30.));
#2780 = VECTOR('',#2781,1.);
#2781 = DIRECTION('',(1.,0.,0.));
#2782 = ORIENTED_EDGE('',*,*,#693,.T.);
#2783 = ORIENTED_EDGE('',*,*,#2761,.T.);
#2784 = ORIENTED_EDGE('',*,*,#2785,.F.);
#2785 = EDGE_CURVE('',#2776,#2727,#2786,.T.);
#2786 = LINE('',#2787,#2788);
#2787 = CARTESIAN_POINT('',(-91.,-37.,-38.5));
#2788 = VECTOR('',#2789,1.);
#2789 = DIRECTION('',(0.,0.,1.));
#2790 = PLANE('',#2791);
#2791 = AXIS2_PLACEMENT_3D('',#2792,#2793,#2794);
#2792 = CARTESIAN_POINT('',(-94.2,-37.,-20.));
#2793 = DIRECTION('',(0.,1.,0.));
#2794 = DIRECTION('',(1.,0.,0.));
#2795 = ADVANCED_FACE('',(#2796),#2815,.F.);
#2796 = FACE_BOUND('',#2797,.F.);
#2797 = EDGE_LOOP('',(#2798,#2807,#2813,#2814));
#2798 = ORIENTED_EDGE('',*,*,#2799,.F.);
#2799 = EDGE_CURVE('',#2800,#2776,#2802,.T.);
#2800 = VERTEX_POINT('',#2801);
#2801 = CARTESIAN_POINT('',(-91.,-39.,-32.));
#2802 = CIRCLE('',#2803,2.);
#2803 = AXIS2_PLACEMENT_3D('',#2804,#2805,#2806);
#2804 = CARTESIAN_POINT('',(-91.,-39.,-30.));
#2805 = DIRECTION('',(1.,-0.,1.1E-16));
#2806 = DIRECTION('',(1.1E-16,0.,-1.));
#2807 = ORIENTED_EDGE('',*,*,#2808,.F.);
#2808 = EDGE_CURVE('',#677,#2800,#2809,.T.);
#2809 = LINE('',#2810,#2811);
#2810 = CARTESIAN_POINT('',(-94.2,-39.,-32.));
#2811 = VECTOR('',#2812,1.);
#2812 = DIRECTION('',(1.,0.,0.));
#2813 = ORIENTED_EDGE('',*,*,#684,.T.);
#2814 = ORIENTED_EDGE('',*,*,#2775,.T.);
#2815 = CYLINDRICAL_SURFACE('',#2816,2.);
#2816 = AXIS2_PLACEMENT_3D('',#2817,#2818,#2819);
#2817 = CARTESIAN_POINT('',(-94.2,-39.,-30.));
#2818 = DIRECTION('',(1.,0.,0.));
#2819 = DIRECTION('',(0.,0.,-1.));
#2820 = ADVANCED_FACE('',(#2821),#2839,.F.);
#2821 = FACE_BOUND('',#2822,.F.);
#2822 = EDGE_LOOP('',(#2823,#2831,#2832,#2833));
#2823 = ORIENTED_EDGE('',*,*,#2824,.F.);
#2824 = EDGE_CURVE('',#668,#2825,#2827,.T.);
#2825 = VERTEX_POINT('',#2826);
#2826 = CARTESIAN_POINT('',(-91.,-53.,-32.));
#2827 = LINE('',#2828,#2829);
#2828 = CARTESIAN_POINT('',(-94.2,-53.,-32.));
#2829 = VECTOR('',#2830,1.);
#2830 = DIRECTION('',(1.,0.,0.));
#2831 = ORIENTED_EDGE('',*,*,#676,.T.);
#2832 = ORIENTED_EDGE('',*,*,#2808,.T.);
#2833 = ORIENTED_EDGE('',*,*,#2834,.F.);
#2834 = EDGE_CURVE('',#2825,#2800,#2835,.T.);
#2835 = LINE('',#2836,#2837);
#2836 = CARTESIAN_POINT('',(-91.,-66.,-32.));
#2837 = VECTOR('',#2838,1.);
#2838 = DIRECTION('',(0.,1.,0.));
#2839 = PLANE('',#2840);
#2840 = AXIS2_PLACEMENT_3D('',#2841,#2842,#2843);
#2841 = CARTESIAN_POINT('',(-94.2,-53.,-32.));
#2842 = DIRECTION('',(0.,0.,-1.));
#2843 = DIRECTION('',(1.,0.,0.));
#2844 = ADVANCED_FACE('',(#2845),#2864,.F.);
#2845 = FACE_BOUND('',#2846,.F.);
#2846 = EDGE_LOOP('',(#2847,#2856,#2862,#2863));
#2847 = ORIENTED_EDGE('',*,*,#2848,.F.);
#2848 = EDGE_CURVE('',#2849,#2825,#2851,.T.);
#2849 = VERTEX_POINT('',#2850);
#2850 = CARTESIAN_POINT('',(-91.,-55.,-30.));
#2851 = CIRCLE('',#2852,2.);
#2852 = AXIS2_PLACEMENT_3D('',#2853,#2854,#2855);
#2853 = CARTESIAN_POINT('',(-91.,-53.,-30.));
#2854 = DIRECTION('',(1.,-0.,1.1E-16));
#2855 = DIRECTION('',(1.1E-16,0.,-1.));
#2856 = ORIENTED_EDGE('',*,*,#2857,.F.);
#2857 = EDGE_CURVE('',#660,#2849,#2858,.T.);
#2858 = LINE('',#2859,#2860);
#2859 = CARTESIAN_POINT('',(-94.2,-55.,-30.));
#2860 = VECTOR('',#2861,1.);
#2861 = DIRECTION('',(1.,0.,0.));
#2862 = ORIENTED_EDGE('',*,*,#667,.T.);
#2863 = ORIENTED_EDGE('',*,*,#2824,.T.);
#2864 = CYLINDRICAL_SURFACE('',#2865,2.);
#2865 = AXIS2_PLACEMENT_3D('',#2866,#2867,#2868);
#2866 = CARTESIAN_POINT('',(-94.2,-53.,-30.));
#2867 = DIRECTION('',(1.,0.,0.));
#2868 = DIRECTION('',(0.,0.,-1.));
#2869 = ADVANCED_FACE('',(#2870),#2888,.T.);
#2870 = FACE_BOUND('',#2871,.T.);
#2871 = EDGE_LOOP('',(#2872,#2873,#2874,#2882));
#2872 = ORIENTED_EDGE('',*,*,#2857,.F.);
#2873 = ORIENTED_EDGE('',*,*,#659,.T.);
#2874 = ORIENTED_EDGE('',*,*,#2875,.T.);
#2875 = EDGE_CURVE('',#651,#2876,#2878,.T.);
#2876 = VERTEX_POINT('',#2877);
#2877 = CARTESIAN_POINT('',(-91.,-55.,-27.0615528128));
#2878 = LINE('',#2879,#2880);
#2879 = CARTESIAN_POINT('',(-94.,-55.,-27.0615528128));
#2880 = VECTOR('',#2881,1.);
#2881 = DIRECTION('',(1.,0.,0.));
#2882 = ORIENTED_EDGE('',*,*,#2883,.F.);
#2883 = EDGE_CURVE('',#2849,#2876,#2884,.T.);
#2884 = LINE('',#2885,#2886);
#2885 = CARTESIAN_POINT('',(-91.,-55.,-38.5));
#2886 = VECTOR('',#2887,1.);
#2887 = DIRECTION('',(0.,0.,1.));
#2888 = PLANE('',#2889);
#2889 = AXIS2_PLACEMENT_3D('',#2890,#2891,#2892);
#2890 = CARTESIAN_POINT('',(-94.2,-55.,-20.));
#2891 = DIRECTION('',(0.,1.,0.));
#2892 = DIRECTION('',(1.,0.,0.));
#2893 = ADVANCED_FACE('',(#2894),#2937,.T.);
#2894 = FACE_BOUND('',#2895,.T.);
#2895 = EDGE_LOOP('',(#2896,#2907,#2914,#2921,#2922,#2929,#2930,#2931));
#2896 = ORIENTED_EDGE('',*,*,#2897,.T.);
#2897 = EDGE_CURVE('',#2898,#2900,#2902,.T.);
#2898 = VERTEX_POINT('',#2899);
#2899 = CARTESIAN_POINT('',(-91.,-55.,-22.93844718719));
#2900 = VERTEX_POINT('',#2901);
#2901 = CARTESIAN_POINT('',(-91.,-59.,-20.5));
#2902 = CIRCLE('',#2903,4.5);
#2903 = AXIS2_PLACEMENT_3D('',#2904,#2905,#2906);
#2904 = CARTESIAN_POINT('',(-91.,-59.,-25.));
#2905 = DIRECTION('',(1.,0.,-0.));
#2906 = DIRECTION('',(0.,0.,1.));
#2907 = ORIENTED_EDGE('',*,*,#2908,.T.);
#2908 = EDGE_CURVE('',#2900,#2909,#2911,.T.);
#2909 = VERTEX_POINT('',#2910);
#2910 = CARTESIAN_POINT('',(-88.,-59.,-20.5));
#2911 = B_SPLINE_CURVE_WITH_KNOTS('',1,(#2912,#2913),.UNSPECIFIED.,.F.,
  .F.,(2,2),(3.,6.),.PIECEWISE_BEZIER_KNOTS.);
#2912 = CARTESIAN_POINT('',(-91.,-59.,-20.5));
#2913 = CARTESIAN_POINT('',(-88.,-59.,-20.5));
#2914 = ORIENTED_EDGE('',*,*,#2915,.F.);
#2915 = EDGE_CURVE('',#2909,#2909,#2916,.T.);
#2916 = CIRCLE('',#2917,4.5);
#2917 = AXIS2_PLACEMENT_3D('',#2918,#2919,#2920);
#2918 = CARTESIAN_POINT('',(-88.,-59.,-25.));
#2919 = DIRECTION('',(1.,0.,-0.));
#2920 = DIRECTION('',(0.,0.,1.));
#2921 = ORIENTED_EDGE('',*,*,#2908,.F.);
#2922 = ORIENTED_EDGE('',*,*,#2923,.T.);
#2923 = EDGE_CURVE('',#2900,#2876,#2924,.T.);
#2924 = CIRCLE('',#2925,4.5);
#2925 = AXIS2_PLACEMENT_3D('',#2926,#2927,#2928);
#2926 = CARTESIAN_POINT('',(-91.,-59.,-25.));
#2927 = DIRECTION('',(1.,0.,-0.));
#2928 = DIRECTION('',(0.,0.,1.));
#2929 = ORIENTED_EDGE('',*,*,#2875,.F.);
#2930 = ORIENTED_EDGE('',*,*,#650,.T.);
#2931 = ORIENTED_EDGE('',*,*,#2932,.T.);
#2932 = EDGE_CURVE('',#643,#2898,#2933,.T.);
#2933 = LINE('',#2934,#2935);
#2934 = CARTESIAN_POINT('',(-94.,-55.,-22.93844718719));
#2935 = VECTOR('',#2936,1.);
#2936 = DIRECTION('',(1.,0.,0.));
#2937 = CYLINDRICAL_SURFACE('',#2938,4.5);
#2938 = AXIS2_PLACEMENT_3D('',#2939,#2940,#2941);
#2939 = CARTESIAN_POINT('',(-94.,-59.,-25.));
#2940 = DIRECTION('',(1.,0.,0.));
#2941 = DIRECTION('',(0.,0.,1.));
#2942 = ADVANCED_FACE('',(#2943),#2961,.T.);
#2943 = FACE_BOUND('',#2944,.T.);
#2944 = EDGE_LOOP('',(#2945,#2946,#2947,#2955));
#2945 = ORIENTED_EDGE('',*,*,#2932,.F.);
#2946 = ORIENTED_EDGE('',*,*,#642,.T.);
#2947 = ORIENTED_EDGE('',*,*,#2948,.T.);
#2948 = EDGE_CURVE('',#634,#2949,#2951,.T.);
#2949 = VERTEX_POINT('',#2950);
#2950 = CARTESIAN_POINT('',(-91.,-55.,-20.));
#2951 = LINE('',#2952,#2953);
#2952 = CARTESIAN_POINT('',(-94.2,-55.,-20.));
#2953 = VECTOR('',#2954,1.);
#2954 = DIRECTION('',(1.,0.,0.));
#2955 = ORIENTED_EDGE('',*,*,#2956,.F.);
#2956 = EDGE_CURVE('',#2898,#2949,#2957,.T.);
#2957 = LINE('',#2958,#2959);
#2958 = CARTESIAN_POINT('',(-91.,-55.,-38.5));
#2959 = VECTOR('',#2960,1.);
#2960 = DIRECTION('',(0.,0.,1.));
#2961 = PLANE('',#2962);
#2962 = AXIS2_PLACEMENT_3D('',#2963,#2964,#2965);
#2963 = CARTESIAN_POINT('',(-94.2,-55.,-20.));
#2964 = DIRECTION('',(0.,1.,0.));
#2965 = DIRECTION('',(1.,0.,0.));
#2966 = ADVANCED_FACE('',(#2967),#2979,.F.);
#2967 = FACE_BOUND('',#2968,.F.);
#2968 = EDGE_LOOP('',(#2969,#2976,#2977,#2978));
#2969 = ORIENTED_EDGE('',*,*,#2970,.F.);
#2970 = EDGE_CURVE('',#2647,#2949,#2971,.T.);
#2971 = CIRCLE('',#2972,2.);
#2972 = AXIS2_PLACEMENT_3D('',#2973,#2974,#2975);
#2973 = CARTESIAN_POINT('',(-91.,-53.,-20.));
#2974 = DIRECTION('',(1.,-0.,1.1E-16));
#2975 = DIRECTION('',(1.1E-16,0.,-1.));
#2976 = ORIENTED_EDGE('',*,*,#2646,.F.);
#2977 = ORIENTED_EDGE('',*,*,#633,.T.);
#2978 = ORIENTED_EDGE('',*,*,#2948,.T.);
#2979 = CYLINDRICAL_SURFACE('',#2980,2.);
#2980 = AXIS2_PLACEMENT_3D('',#2981,#2982,#2983);
#2981 = CARTESIAN_POINT('',(-94.2,-53.,-20.));
#2982 = DIRECTION('',(1.,0.,0.));
#2983 = DIRECTION('',(0.,0.,-1.));
#2984 = ADVANCED_FACE('',(#2985),#3003,.F.);
#2985 = FACE_BOUND('',#2986,.F.);
#2986 = EDGE_LOOP('',(#2987,#2988,#2995,#3002));
#2987 = ORIENTED_EDGE('',*,*,#727,.T.);
#2988 = ORIENTED_EDGE('',*,*,#2989,.T.);
#2989 = EDGE_CURVE('',#728,#2990,#2992,.T.);
#2990 = VERTEX_POINT('',#2991);
#2991 = CARTESIAN_POINT('',(-90.8,-59.,-23.3));
#2992 = B_SPLINE_CURVE_WITH_KNOTS('',1,(#2993,#2994),.UNSPECIFIED.,.F.,
  .F.,(2,2),(0.2,3.4),.PIECEWISE_BEZIER_KNOTS.);
#2993 = CARTESIAN_POINT('',(-94.,-59.,-23.3));
#2994 = CARTESIAN_POINT('',(-90.8,-59.,-23.3));
#2995 = ORIENTED_EDGE('',*,*,#2996,.F.);
#2996 = EDGE_CURVE('',#2990,#2990,#2997,.T.);
#2997 = CIRCLE('',#2998,1.7);
#2998 = AXIS2_PLACEMENT_3D('',#2999,#3000,#3001);
#2999 = CARTESIAN_POINT('',(-90.8,-59.,-25.));
#3000 = DIRECTION('',(1.,0.,-0.));
#3001 = DIRECTION('',(0.,0.,1.));
#3002 = ORIENTED_EDGE('',*,*,#2989,.F.);
#3003 = CYLINDRICAL_SURFACE('',#3004,1.7);
#3004 = AXIS2_PLACEMENT_3D('',#3005,#3006,#3007);
#3005 = CARTESIAN_POINT('',(-94.2,-59.,-25.));
#3006 = DIRECTION('',(1.,0.,0.));
#3007 = DIRECTION('',(0.,0.,1.));
#3008 = ADVANCED_FACE('',(#3009),#3028,.F.);
#3009 = FACE_BOUND('',#3010,.F.);
#3010 = EDGE_LOOP('',(#3011,#3019,#3026,#3027));
#3011 = ORIENTED_EDGE('',*,*,#3012,.T.);
#3012 = EDGE_CURVE('',#739,#3013,#3015,.T.);
#3013 = VERTEX_POINT('',#3014);
#3014 = CARTESIAN_POINT('',(-92.,-62.,-36.8));
#3015 = LINE('',#3016,#3017);
#3016 = CARTESIAN_POINT('',(-94.2,-62.,-36.8));
#3017 = VECTOR('',#3018,1.);
#3018 = DIRECTION('',(1.,0.,0.));
#3019 = ORIENTED_EDGE('',*,*,#3020,.F.);
#3020 = EDGE_CURVE('',#3013,#3013,#3021,.T.);
#3021 = CIRCLE('',#3022,3.2);
#3022 = AXIS2_PLACEMENT_3D('',#3023,#3024,#3025);
#3023 = CARTESIAN_POINT('',(-92.,-62.,-40.));
#3024 = DIRECTION('',(1.,0.,-0.));
#3025 = DIRECTION('',(0.,0.,1.));
#3026 = ORIENTED_EDGE('',*,*,#3012,.F.);
#3027 = ORIENTED_EDGE('',*,*,#738,.T.);
#3028 = CYLINDRICAL_SURFACE('',#3029,3.2);
#3029 = AXIS2_PLACEMENT_3D('',#3030,#3031,#3032);
#3030 = CARTESIAN_POINT('',(-94.2,-62.,-40.));
#3031 = DIRECTION('',(1.,0.,0.));
#3032 = DIRECTION('',(0.,0.,1.));
#3033 = ADVANCED_FACE('',(#3034),#3053,.T.);
#3034 = FACE_BOUND('',#3035,.T.);
#3035 = EDGE_LOOP('',(#3036,#3037,#3038,#3046));
#3036 = ORIENTED_EDGE('',*,*,#976,.F.);
#3037 = ORIENTED_EDGE('',*,*,#766,.T.);
#3038 = ORIENTED_EDGE('',*,*,#3039,.T.);
#3039 = EDGE_CURVE('',#767,#3040,#3042,.T.);
#3040 = VERTEX_POINT('',#3041);
#3041 = CARTESIAN_POINT('',(-20.,66.,100.));
#3042 = LINE('',#3043,#3044);
#3043 = CARTESIAN_POINT('',(-94.,66.,100.));
#3044 = VECTOR('',#3045,1.);
#3045 = DIRECTION('',(1.,0.,0.));
#3046 = ORIENTED_EDGE('',*,*,#3047,.F.);
#3047 = EDGE_CURVE('',#977,#3040,#3048,.T.);
#3048 = CIRCLE('',#3049,16.);
#3049 = AXIS2_PLACEMENT_3D('',#3050,#3051,#3052);
#3050 = CARTESIAN_POINT('',(-20.,66.,84.));
#3051 = DIRECTION('',(1.,0.,0.));
#3052 = DIRECTION('',(0.,1.,0.));
#3053 = CYLINDRICAL_SURFACE('',#3054,16.);
#3054 = AXIS2_PLACEMENT_3D('',#3055,#3056,#3057);
#3055 = CARTESIAN_POINT('',(-94.,66.,84.));
#3056 = DIRECTION('',(1.,0.,0.));
#3057 = DIRECTION('',(0.,1.,0.));
#3058 = ADVANCED_FACE('',(#3059),#3254,.T.);
#3059 = FACE_BOUND('',#3060,.T.);
#3060 = EDGE_LOOP('',(#3061,#3071,#3080,#3089,#3096,#3097,#3098,#3107,
    #3115,#3124,#3133,#3142,#3150,#3199,#3207));
#3061 = ORIENTED_EDGE('',*,*,#3062,.F.);
#3062 = EDGE_CURVE('',#3063,#3065,#3067,.T.);
#3063 = VERTEX_POINT('',#3064);
#3064 = CARTESIAN_POINT('',(-78.,70.,-54.49193338483));
#3065 = VERTEX_POINT('',#3066);
#3066 = CARTESIAN_POINT('',(-72.64575131106,70.,-54.49193338483));
#3067 = LINE('',#3068,#3069);
#3068 = CARTESIAN_POINT('',(-94.,70.,-54.49193338483));
#3069 = VECTOR('',#3070,1.);
#3070 = DIRECTION('',(1.,0.,0.));
#3071 = ORIENTED_EDGE('',*,*,#3072,.T.);
#3072 = EDGE_CURVE('',#3063,#3073,#3075,.T.);
#3073 = VERTEX_POINT('',#3074);
#3074 = CARTESIAN_POINT('',(-78.,75.327379053089,-52.));
#3075 = CIRCLE('',#3076,16.);
#3076 = AXIS2_PLACEMENT_3D('',#3077,#3078,#3079);
#3077 = CARTESIAN_POINT('',(-78.,66.,-39.));
#3078 = DIRECTION('',(1.,6.123233995737E-17,-0.));
#3079 = DIRECTION('',(-6.123233995737E-17,1.,0.));
#3080 = ORIENTED_EDGE('',*,*,#3081,.T.);
#3081 = EDGE_CURVE('',#3073,#3082,#3084,.T.);
#3082 = VERTEX_POINT('',#3083);
#3083 = CARTESIAN_POINT('',(-78.,77.426285485669,-50.2));
#3084 = CIRCLE('',#3085,16.);
#3085 = AXIS2_PLACEMENT_3D('',#3086,#3087,#3088);
#3086 = CARTESIAN_POINT('',(-78.,66.,-39.));
#3087 = DIRECTION('',(1.,6.123233995737E-17,-0.));
#3088 = DIRECTION('',(-6.123233995737E-17,1.,0.));
#3089 = ORIENTED_EDGE('',*,*,#3090,.T.);
#3090 = EDGE_CURVE('',#3082,#1131,#3091,.T.);
#3091 = CIRCLE('',#3092,16.);
#3092 = AXIS2_PLACEMENT_3D('',#3093,#3094,#3095);
#3093 = CARTESIAN_POINT('',(-78.,66.,-39.));
#3094 = DIRECTION('',(1.,6.123233995737E-17,-0.));
#3095 = DIRECTION('',(-6.123233995737E-17,1.,0.));
#3096 = ORIENTED_EDGE('',*,*,#1139,.T.);
#3097 = ORIENTED_EDGE('',*,*,#790,.T.);
#3098 = ORIENTED_EDGE('',*,*,#3099,.F.);
#3099 = EDGE_CURVE('',#3100,#791,#3102,.T.);
#3100 = VERTEX_POINT('',#3101);
#3101 = CARTESIAN_POINT('',(-20.,78.120791238484,-49.44444444444));
#3102 = CIRCLE('',#3103,16.);
#3103 = AXIS2_PLACEMENT_3D('',#3104,#3105,#3106);
#3104 = CARTESIAN_POINT('',(-20.,66.,-39.));
#3105 = DIRECTION('',(1.,0.,0.));
#3106 = DIRECTION('',(0.,1.,0.));
#3107 = ORIENTED_EDGE('',*,*,#3108,.F.);
#3108 = EDGE_CURVE('',#3109,#3100,#3111,.T.);
#3109 = VERTEX_POINT('',#3110);
#3110 = CARTESIAN_POINT('',(-24.3,78.120791238484,-49.44444444444));
#3111 = LINE('',#3112,#3113);
#3112 = CARTESIAN_POINT('',(-94.,78.120791238484,-49.44444444444));
#3113 = VECTOR('',#3114,1.);
#3114 = DIRECTION('',(1.,0.,0.));
#3115 = ORIENTED_EDGE('',*,*,#3116,.F.);
#3116 = EDGE_CURVE('',#3117,#3109,#3119,.T.);
#3117 = VERTEX_POINT('',#3118);
#3118 = CARTESIAN_POINT('',(-24.3,77.618950038622,-50.));
#3119 = CIRCLE('',#3120,16.);
#3120 = AXIS2_PLACEMENT_3D('',#3121,#3122,#3123);
#3121 = CARTESIAN_POINT('',(-24.3,66.,-39.));
#3122 = DIRECTION('',(1.,0.,0.));
#3123 = DIRECTION('',(0.,1.,0.));
#3124 = ORIENTED_EDGE('',*,*,#3125,.F.);
#3125 = EDGE_CURVE('',#3126,#3117,#3128,.T.);
#3126 = VERTEX_POINT('',#3127);
#3127 = CARTESIAN_POINT('',(-24.3,75.327379053089,-52.));
#3128 = CIRCLE('',#3129,16.);
#3129 = AXIS2_PLACEMENT_3D('',#3130,#3131,#3132);
#3130 = CARTESIAN_POINT('',(-24.3,66.,-39.));
#3131 = DIRECTION('',(1.,0.,0.));
#3132 = DIRECTION('',(0.,1.,0.));
#3133 = ORIENTED_EDGE('',*,*,#3134,.F.);
#3134 = EDGE_CURVE('',#3135,#3126,#3137,.T.);
#3135 = VERTEX_POINT('',#3136);
#3136 = CARTESIAN_POINT('',(-24.3,70.,-54.49193338483));
#3137 = CIRCLE('',#3138,16.);
#3138 = AXIS2_PLACEMENT_3D('',#3139,#3140,#3141);
#3139 = CARTESIAN_POINT('',(-24.3,66.,-39.));
#3140 = DIRECTION('',(1.,0.,0.));
#3141 = DIRECTION('',(0.,1.,0.));
#3142 = ORIENTED_EDGE('',*,*,#3143,.F.);
#3143 = EDGE_CURVE('',#3144,#3135,#3146,.T.);
#3144 = VERTEX_POINT('',#3145);
#3145 = CARTESIAN_POINT('',(-32.35424868893,70.,-54.49193338483));
#3146 = LINE('',#3147,#3148);
#3147 = CARTESIAN_POINT('',(-94.,70.,-54.49193338483));
#3148 = VECTOR('',#3149,1.);
#3149 = DIRECTION('',(1.,0.,0.));
#3150 = ORIENTED_EDGE('',*,*,#3151,.T.);
#3151 = EDGE_CURVE('',#3144,#3152,#3154,.T.);
#3152 = VERTEX_POINT('',#3153);
#3153 = CARTESIAN_POINT('',(-37.64575131106,70.,-54.49193338483));
#3154 = B_SPLINE_CURVE_WITH_KNOTS('',7,(#3155,#3156,#3157,#3158,#3159,
    #3160,#3161,#3162,#3163,#3164,#3165,#3166,#3167,#3168,#3169,#3170,
    #3171,#3172,#3173,#3174,#3175,#3176,#3177,#3178,#3179,#3180,#3181,
    #3182,#3183,#3184,#3185,#3186,#3187,#3188,#3189,#3190,#3191,#3192,
    #3193,#3194,#3195,#3196,#3197,#3198),.UNSPECIFIED.,.F.,.F.,(8,6,6,6,
    6,6,6,8),(0.,0.131104114317,0.259675612074,0.469077512175,
    0.627807347979,0.738978161167,0.889343218032,1.),.UNSPECIFIED.);
#3155 = CARTESIAN_POINT('',(-31.,67.,-54.96871942267));
#3156 = CARTESIAN_POINT('',(-31.,67.306791251931,-54.94950740924));
#3157 = CARTESIAN_POINT('',(-31.02745205251,67.610288365847,
    -54.92359873621));
#3158 = CARTESIAN_POINT('',(-31.08129436471,67.906666675901,
    -54.8914624796));
#3159 = CARTESIAN_POINT('',(-31.15961763648,68.192293375402,
    -54.8540598575));
#3160 = CARTESIAN_POINT('',(-31.25968811328,68.463887212859,
    -54.8127580942));
#3161 = CARTESIAN_POINT('',(-31.37795124797,68.71866643346,
    -54.76916060927));
#3162 = CARTESIAN_POINT('',(-31.63952952221,69.185748050933,
    -54.68140235995));
#3163 = CARTESIAN_POINT('',(-31.78336039488,69.400639882184,
    -54.63691892012));
#3164 = CARTESIAN_POINT('',(-31.93921300758,69.599209087231,
    -54.59239397453));
#3165 = CARTESIAN_POINT('',(-32.10516516912,69.781683830242,
    -54.54868871403));
#3166 = CARTESIAN_POINT('',(-32.27961233749,69.948399893373,
    -54.50652314186));
#3167 = CARTESIAN_POINT('',(-32.4612164022,70.099737656802,
    -54.46648434785));
#3168 = CARTESIAN_POINT('',(-32.9544688288,70.458106521763,
    -54.36809368781));
#3169 = CARTESIAN_POINT('',(-33.27656193483,70.640675744826,
    -54.31396015466));
#3170 = CARTESIAN_POINT('',(-33.61038755155,70.785156256587,
    -54.26877393048));
#3171 = CARTESIAN_POINT('',(-33.9523756538,70.892721670447,
    -54.2339761094));
#3172 = CARTESIAN_POINT('',(-34.29964379988,70.96420174786,
    -54.2104609195));
#3173 = CARTESIAN_POINT('',(-34.64965996451,71.,-54.19868415357));
#3174 = CARTESIAN_POINT('',(-35.26556309318,71.,-54.19868415357));
#3175 = CARTESIAN_POINT('',(-35.53104799135,70.97943038905,
    -54.2054510832));
#3176 = CARTESIAN_POINT('',(-35.79533294521,70.938313887127,
    -54.21897732519));
#3177 = CARTESIAN_POINT('',(-36.05728274104,70.876525484939,
    -54.23911001857));
#3178 = CARTESIAN_POINT('',(-36.31567293648,70.793811182952,
    -54.26554455789));
#3179 = CARTESIAN_POINT('',(-36.56911209216,70.689802406472,
    -54.29780946111));
#3180 = CARTESIAN_POINT('',(-36.98885013139,70.475935193362,
    -54.3614599404));
#3181 = CARTESIAN_POINT('',(-37.15851709604,70.377160760768,
    -54.39021406019));
#3182 = CARTESIAN_POINT('',(-37.32445833024,70.267507799037,
    -54.42128760334));
#3183 = CARTESIAN_POINT('',(-37.48608176964,70.146741414491,
    -54.45441918401));
#3184 = CARTESIAN_POINT('',(-37.64268298573,70.014605324521,
    -54.48929388563));
#3185 = CARTESIAN_POINT('',(-37.79342032327,69.870840362407,
    -54.52553375386));
#3186 = CARTESIAN_POINT('',(-38.13188227987,69.504694280573,
    -54.61294198243));
#3187 = CARTESIAN_POINT('',(-38.31515305098,69.271122201876,
    -54.66519024628));
#3188 = CARTESIAN_POINT('',(-38.48321117485,69.014592632179,
    -54.71806994647));
#3189 = CARTESIAN_POINT('',(-38.63210842202,68.735757158764,
    -54.7699131963));
#3190 = CARTESIAN_POINT('',(-38.7578351937,68.435801366073,
    -54.81885601352));
#3191 = CARTESIAN_POINT('',(-38.85627834132,68.116503183942,
    -54.8630016768));
#3192 = CARTESIAN_POINT('',(-38.97234683638,67.532987454955,
    -54.92833671328));
#3193 = CARTESIAN_POINT('',(-39.004223335,67.277626508941,
    -54.95238273424));
#3194 = CARTESIAN_POINT('',(-39.01691442254,67.017566821574,
    -54.97191347179));
#3195 = CARTESIAN_POINT('',(-39.00955396665,66.756294835297,
    -54.98638123436));
#3196 = CARTESIAN_POINT('',(-38.98223988505,66.49735371921,
    -54.99565194753));
#3197 = CARTESIAN_POINT('',(-38.93603336952,66.244191690282,-55.));
#3198 = CARTESIAN_POINT('',(-38.8729833462,66.,-55.));
#3199 = ORIENTED_EDGE('',*,*,#3200,.F.);
#3200 = EDGE_CURVE('',#3201,#3152,#3203,.T.);
#3201 = VERTEX_POINT('',#3202);
#3202 = CARTESIAN_POINT('',(-67.35424868893,70.,-54.49193338483));
#3203 = LINE('',#3204,#3205);
#3204 = CARTESIAN_POINT('',(-94.,70.,-54.49193338483));
#3205 = VECTOR('',#3206,1.);
#3206 = DIRECTION('',(1.,0.,0.));
#3207 = ORIENTED_EDGE('',*,*,#3208,.T.);
#3208 = EDGE_CURVE('',#3201,#3065,#3209,.T.);
#3209 = B_SPLINE_CURVE_WITH_KNOTS('',7,(#3210,#3211,#3212,#3213,#3214,
    #3215,#3216,#3217,#3218,#3219,#3220,#3221,#3222,#3223,#3224,#3225,
    #3226,#3227,#3228,#3229,#3230,#3231,#3232,#3233,#3234,#3235,#3236,
    #3237,#3238,#3239,#3240,#3241,#3242,#3243,#3244,#3245,#3246,#3247,
    #3248,#3249,#3250,#3251,#3252,#3253),.UNSPECIFIED.,.F.,.F.,(8,6,6,6,
    6,6,6,8),(0.,0.131104115478,0.25967561423,0.469077515908,
    0.627807352906,0.738978159085,0.889343217155,1.),.UNSPECIFIED.);
#3210 = CARTESIAN_POINT('',(-66.,67.,-54.96871942267));
#3211 = CARTESIAN_POINT('',(-66.,67.306791251576,-54.94950740926));
#3212 = CARTESIAN_POINT('',(-66.02745205245,67.610288365804,
    -54.92359873623));
#3213 = CARTESIAN_POINT('',(-66.08129436473,67.906666676173,
    -54.89146247958));
#3214 = CARTESIAN_POINT('',(-66.1596176366,68.192293375671,
    -54.85405985745));
#3215 = CARTESIAN_POINT('',(-66.25968811333,68.463887212826,
    -54.81275809419));
#3216 = CARTESIAN_POINT('',(-66.3779512478,68.718666433147,
    -54.76916060933));
#3217 = CARTESIAN_POINT('',(-66.63952952224,69.185748050984,
    -54.68140235994));
#3218 = CARTESIAN_POINT('',(-66.78336039486,69.400639882127,
    -54.63691892013));
#3219 = CARTESIAN_POINT('',(-66.93921300755,69.599209087206,
    -54.59239397454));
#3220 = CARTESIAN_POINT('',(-67.10516516914,69.781683830282,
    -54.54868871402));
#3221 = CARTESIAN_POINT('',(-67.27961233754,69.948399893397,
    -54.50652314185));
#3222 = CARTESIAN_POINT('',(-67.46121640216,70.099737656772,
    -54.46648434786));
#3223 = CARTESIAN_POINT('',(-67.9544688288,70.458106521763,
    -54.36809368781));
#3224 = CARTESIAN_POINT('',(-68.27656193483,70.640675744825,
    -54.31396015466));
#3225 = CARTESIAN_POINT('',(-68.61038755155,70.785156256587,
    -54.26877393048));
#3226 = CARTESIAN_POINT('',(-68.9523756538,70.892721670446,
    -54.2339761094));
#3227 = CARTESIAN_POINT('',(-69.29964379988,70.96420174786,
    -54.2104609195));
#3228 = CARTESIAN_POINT('',(-69.6496599645,71.,-54.19868415357));
#3229 = CARTESIAN_POINT('',(-70.26556309318,71.,-54.19868415357));
#3230 = CARTESIAN_POINT('',(-70.53104799135,70.97943038905,
    -54.2054510832));
#3231 = CARTESIAN_POINT('',(-70.79533294521,70.938313887127,
    -54.21897732519));
#3232 = CARTESIAN_POINT('',(-71.05728274104,70.876525484939,
    -54.23911001857));
#3233 = CARTESIAN_POINT('',(-71.31567293648,70.793811182953,
    -54.26554455789));
#3234 = CARTESIAN_POINT('',(-71.56911209216,70.689802406471,
    -54.29780946111));
#3235 = CARTESIAN_POINT('',(-71.98885011919,70.475935199578,
    -54.36145993855));
#3236 = CARTESIAN_POINT('',(-72.15851710722,70.377160751686,
    -54.39021406253));
#3237 = CARTESIAN_POINT('',(-72.32445833999,70.26750779385,
    -54.42128760487));
#3238 = CARTESIAN_POINT('',(-72.48608176131,70.146741423223,
    -54.4544191819));
#3239 = CARTESIAN_POINT('',(-72.64268297425,70.014605332873,
    -54.4892938834));
#3240 = CARTESIAN_POINT('',(-72.7934203335,69.870840351332,
    -54.52553375651));
#3241 = CARTESIAN_POINT('',(-73.13188227985,69.504694280595,
    -54.61294198242));
#3242 = CARTESIAN_POINT('',(-73.31515305098,69.27112220188,
    -54.66519024628));
#3243 = CARTESIAN_POINT('',(-73.48321117486,69.014592632159,
    -54.71806994648));
#3244 = CARTESIAN_POINT('',(-73.63210842203,68.735757158743,
    -54.7699131963));
#3245 = CARTESIAN_POINT('',(-73.7578351937,68.435801366076,
    -54.81885601352));
#3246 = CARTESIAN_POINT('',(-73.85627834132,68.11650318397,
    -54.86300167679));
#3247 = CARTESIAN_POINT('',(-73.97234683638,67.532987454955,
    -54.92833671328));
#3248 = CARTESIAN_POINT('',(-74.004223335,67.277626508941,
    -54.95238273424));
#3249 = CARTESIAN_POINT('',(-74.01691442254,67.017566821574,
    -54.97191347179));
#3250 = CARTESIAN_POINT('',(-74.00955396665,66.756294835297,
    -54.98638123436));
#3251 = CARTESIAN_POINT('',(-73.98223988505,66.49735371921,
    -54.99565194753));
#3252 = CARTESIAN_POINT('',(-73.93603336952,66.244191690282,-55.));
#3253 = CARTESIAN_POINT('',(-73.8729833462,66.,-55.));
#3254 = CYLINDRICAL_SURFACE('',#3255,16.);
#3255 = AXIS2_PLACEMENT_3D('',#3256,#3257,#3258);
#3256 = CARTESIAN_POINT('',(-94.,66.,-39.));
#3257 = DIRECTION('',(1.,0.,0.));
#3258 = DIRECTION('',(0.,1.,0.));
#3259 = ADVANCED_FACE('',(#3260),#3287,.T.);
#3260 = FACE_BOUND('',#3261,.T.);
#3261 = EDGE_LOOP('',(#3262,#3263,#3271,#3279,#3286));
#3262 = ORIENTED_EDGE('',*,*,#1001,.F.);
#3263 = ORIENTED_EDGE('',*,*,#3264,.F.);
#3264 = EDGE_CURVE('',#3265,#993,#3267,.T.);
#3265 = VERTEX_POINT('',#3266);
#3266 = CARTESIAN_POINT('',(-20.,79.5,-30.17349830563));
#3267 = LINE('',#3268,#3269);
#3268 = CARTESIAN_POINT('',(-20.,60.,-30.17349830563));
#3269 = VECTOR('',#3270,1.);
#3270 = DIRECTION('',(0.,1.,0.));
#3271 = ORIENTED_EDGE('',*,*,#3272,.F.);
#3272 = EDGE_CURVE('',#3273,#3265,#3275,.T.);
#3273 = VERTEX_POINT('',#3274);
#3274 = CARTESIAN_POINT('',(-20.,79.5,-43.5));
#3275 = LINE('',#3276,#3277);
#3276 = CARTESIAN_POINT('',(-20.,79.5,-58.5));
#3277 = VECTOR('',#3278,1.);
#3278 = DIRECTION('',(0.,0.,1.));
#3279 = ORIENTED_EDGE('',*,*,#3280,.F.);
#3280 = EDGE_CURVE('',#3100,#3273,#3281,.T.);
#3281 = CIRCLE('',#3282,13.5);
#3282 = AXIS2_PLACEMENT_3D('',#3283,#3284,#3285);
#3283 = CARTESIAN_POINT('',(-20.,66.,-43.5));
#3284 = DIRECTION('',(1.,0.,0.));
#3285 = DIRECTION('',(0.,1.,0.));
#3286 = ORIENTED_EDGE('',*,*,#3099,.T.);
#3287 = PLANE('',#3288);
#3288 = AXIS2_PLACEMENT_3D('',#3289,#3290,#3291);
#3289 = CARTESIAN_POINT('',(-20.,-90.,-60.));
#3290 = DIRECTION('',(1.,0.,0.));
#3291 = DIRECTION('',(0.,0.,1.));
#3292 = ADVANCED_FACE('',(#3293),#3346,.F.);
#3293 = FACE_BOUND('',#3294,.F.);
#3294 = EDGE_LOOP('',(#3295,#3296,#3297,#3306,#3314,#3323,#3331,#3340));
#3295 = ORIENTED_EDGE('',*,*,#992,.F.);
#3296 = ORIENTED_EDGE('',*,*,#3264,.F.);
#3297 = ORIENTED_EDGE('',*,*,#3298,.T.);
#3298 = EDGE_CURVE('',#3265,#3299,#3301,.T.);
#3299 = VERTEX_POINT('',#3300);
#3300 = CARTESIAN_POINT('',(-24.3,79.5,-26.83188401883));
#3301 = CIRCLE('',#3302,36.2);
#3302 = AXIS2_PLACEMENT_3D('',#3303,#3304,#3305);
#3303 = CARTESIAN_POINT('',(0.,79.5,0.));
#3304 = DIRECTION('',(0.,1.,0.));
#3305 = DIRECTION('',(0.,0.,1.));
#3306 = ORIENTED_EDGE('',*,*,#3307,.F.);
#3307 = EDGE_CURVE('',#3308,#3299,#3310,.T.);
#3308 = VERTEX_POINT('',#3309);
#3309 = CARTESIAN_POINT('',(-24.3,79.,-26.83188401883));
#3310 = LINE('',#3311,#3312);
#3311 = CARTESIAN_POINT('',(-24.3,60.,-26.83188401883));
#3312 = VECTOR('',#3313,1.);
#3313 = DIRECTION('',(0.,1.,0.));
#3314 = ORIENTED_EDGE('',*,*,#3315,.T.);
#3315 = EDGE_CURVE('',#3308,#3316,#3318,.T.);
#3316 = VERTEX_POINT('',#3317);
#3317 = CARTESIAN_POINT('',(-24.3,79.,26.831884018831));
#3318 = CIRCLE('',#3319,36.2);
#3319 = AXIS2_PLACEMENT_3D('',#3320,#3321,#3322);
#3320 = CARTESIAN_POINT('',(0.,79.,0.));
#3321 = DIRECTION('',(0.,1.,0.));
#3322 = DIRECTION('',(0.,0.,1.));
#3323 = ORIENTED_EDGE('',*,*,#3324,.T.);
#3324 = EDGE_CURVE('',#3316,#3325,#3327,.T.);
#3325 = VERTEX_POINT('',#3326);
#3326 = CARTESIAN_POINT('',(-24.3,79.5,26.831884018831));
#3327 = LINE('',#3328,#3329);
#3328 = CARTESIAN_POINT('',(-24.3,60.,26.831884018831));
#3329 = VECTOR('',#3330,1.);
#3330 = DIRECTION('',(0.,1.,0.));
#3331 = ORIENTED_EDGE('',*,*,#3332,.T.);
#3332 = EDGE_CURVE('',#3325,#3333,#3335,.T.);
#3333 = VERTEX_POINT('',#3334);
#3334 = CARTESIAN_POINT('',(-20.,79.5,30.173498305632));
#3335 = CIRCLE('',#3336,36.2);
#3336 = AXIS2_PLACEMENT_3D('',#3337,#3338,#3339);
#3337 = CARTESIAN_POINT('',(0.,79.5,0.));
#3338 = DIRECTION('',(0.,1.,0.));
#3339 = DIRECTION('',(0.,0.,1.));
#3340 = ORIENTED_EDGE('',*,*,#3341,.T.);
#3341 = EDGE_CURVE('',#3333,#985,#3342,.T.);
#3342 = LINE('',#3343,#3344);
#3343 = CARTESIAN_POINT('',(-20.,60.,30.173498305632));
#3344 = VECTOR('',#3345,1.);
#3345 = DIRECTION('',(0.,1.,0.));
#3346 = CYLINDRICAL_SURFACE('',#3347,36.2);
#3347 = AXIS2_PLACEMENT_3D('',#3348,#3349,#3350);
#3348 = CARTESIAN_POINT('',(0.,60.,0.));
#3349 = DIRECTION('',(0.,1.,0.));
#3350 = DIRECTION('',(0.,0.,1.));
#3351 = ADVANCED_FACE('',(#3352),#3430,.T.);
#3352 = FACE_BOUND('',#3353,.T.);
#3353 = EDGE_LOOP('',(#3354,#3355,#3356,#3364,#3373,#3381,#3389,#3397,
    #3406,#3414,#3423,#3429));
#3354 = ORIENTED_EDGE('',*,*,#984,.F.);
#3355 = ORIENTED_EDGE('',*,*,#3047,.T.);
#3356 = ORIENTED_EDGE('',*,*,#3357,.F.);
#3357 = EDGE_CURVE('',#3358,#3040,#3360,.T.);
#3358 = VERTEX_POINT('',#3359);
#3359 = CARTESIAN_POINT('',(-20.,-66.,100.));
#3360 = LINE('',#3361,#3362);
#3361 = CARTESIAN_POINT('',(-20.,-86.,100.));
#3362 = VECTOR('',#3363,1.);
#3363 = DIRECTION('',(0.,1.,0.));
#3364 = ORIENTED_EDGE('',*,*,#3365,.T.);
#3365 = EDGE_CURVE('',#3358,#3366,#3368,.T.);
#3366 = VERTEX_POINT('',#3367);
#3367 = CARTESIAN_POINT('',(-20.,-82.,84.));
#3368 = CIRCLE('',#3369,16.);
#3369 = AXIS2_PLACEMENT_3D('',#3370,#3371,#3372);
#3370 = CARTESIAN_POINT('',(-20.,-66.,84.));
#3371 = DIRECTION('',(1.,0.,0.));
#3372 = DIRECTION('',(0.,-1.,0.));
#3373 = ORIENTED_EDGE('',*,*,#3374,.T.);
#3374 = EDGE_CURVE('',#3366,#3375,#3377,.T.);
#3375 = VERTEX_POINT('',#3376);
#3376 = CARTESIAN_POINT('',(-20.,-82.,30.173498305632));
#3377 = LINE('',#3378,#3379);
#3378 = CARTESIAN_POINT('',(-20.,-82.,-57.5));
#3379 = VECTOR('',#3380,1.);
#3380 = DIRECTION('',(0.,0.,-1.));
#3381 = ORIENTED_EDGE('',*,*,#3382,.F.);
#3382 = EDGE_CURVE('',#3383,#3375,#3385,.T.);
#3383 = VERTEX_POINT('',#3384);
#3384 = CARTESIAN_POINT('',(-20.,-79.5,30.173498305632));
#3385 = LINE('',#3386,#3387);
#3386 = CARTESIAN_POINT('',(-20.,-60.,30.173498305632));
#3387 = VECTOR('',#3388,1.);
#3388 = DIRECTION('',(0.,-1.,0.));
#3389 = ORIENTED_EDGE('',*,*,#3390,.T.);
#3390 = EDGE_CURVE('',#3383,#3391,#3393,.T.);
#3391 = VERTEX_POINT('',#3392);
#3392 = CARTESIAN_POINT('',(-20.,-79.5,84.));
#3393 = LINE('',#3394,#3395);
#3394 = CARTESIAN_POINT('',(-20.,-79.5,-58.5));
#3395 = VECTOR('',#3396,1.);
#3396 = DIRECTION('',(0.,0.,1.));
#3397 = ORIENTED_EDGE('',*,*,#3398,.F.);
#3398 = EDGE_CURVE('',#3399,#3391,#3401,.T.);
#3399 = VERTEX_POINT('',#3400);
#3400 = CARTESIAN_POINT('',(-20.,-66.,97.5));
#3401 = CIRCLE('',#3402,13.5);
#3402 = AXIS2_PLACEMENT_3D('',#3403,#3404,#3405);
#3403 = CARTESIAN_POINT('',(-20.,-66.,84.));
#3404 = DIRECTION('',(1.,0.,0.));
#3405 = DIRECTION('',(0.,-1.,0.));
#3406 = ORIENTED_EDGE('',*,*,#3407,.F.);
#3407 = EDGE_CURVE('',#3408,#3399,#3410,.T.);
#3408 = VERTEX_POINT('',#3409);
#3409 = CARTESIAN_POINT('',(-20.,66.,97.5));
#3410 = LINE('',#3411,#3412);
#3411 = CARTESIAN_POINT('',(-20.,-84.75,97.5));
#3412 = VECTOR('',#3413,1.);
#3413 = DIRECTION('',(0.,-1.,0.));
#3414 = ORIENTED_EDGE('',*,*,#3415,.F.);
#3415 = EDGE_CURVE('',#3416,#3408,#3418,.T.);
#3416 = VERTEX_POINT('',#3417);
#3417 = CARTESIAN_POINT('',(-20.,79.5,84.));
#3418 = CIRCLE('',#3419,13.5);
#3419 = AXIS2_PLACEMENT_3D('',#3420,#3421,#3422);
#3420 = CARTESIAN_POINT('',(-20.,66.,84.));
#3421 = DIRECTION('',(1.,0.,0.));
#3422 = DIRECTION('',(0.,1.,0.));
#3423 = ORIENTED_EDGE('',*,*,#3424,.F.);
#3424 = EDGE_CURVE('',#3333,#3416,#3425,.T.);
#3425 = LINE('',#3426,#3427);
#3426 = CARTESIAN_POINT('',(-20.,79.5,-58.5));
#3427 = VECTOR('',#3428,1.);
#3428 = DIRECTION('',(0.,0.,1.));
#3429 = ORIENTED_EDGE('',*,*,#3341,.T.);
#3430 = PLANE('',#3431);
#3431 = AXIS2_PLACEMENT_3D('',#3432,#3433,#3434);
#3432 = CARTESIAN_POINT('',(-20.,-90.,-60.));
#3433 = DIRECTION('',(1.,0.,0.));
#3434 = DIRECTION('',(0.,0.,1.));
#3435 = ADVANCED_FACE('',(#3436),#3455,.F.);
#3436 = FACE_BOUND('',#3437,.F.);
#3437 = EDGE_LOOP('',(#3438,#3447,#3453,#3454));
#3438 = ORIENTED_EDGE('',*,*,#3439,.F.);
#3439 = EDGE_CURVE('',#3440,#1098,#3442,.T.);
#3440 = VERTEX_POINT('',#3441);
#3441 = CARTESIAN_POINT('',(-76.5,79.,76.7));
#3442 = CIRCLE('',#3443,1.5);
#3443 = AXIS2_PLACEMENT_3D('',#3444,#3445,#3446);
#3444 = CARTESIAN_POINT('',(-76.5,79.,75.2));
#3445 = DIRECTION('',(0.,-1.,1.110223024625E-16));
#3446 = DIRECTION('',(1.,0.,0.));
#3447 = ORIENTED_EDGE('',*,*,#3448,.F.);
#3448 = EDGE_CURVE('',#961,#3440,#3449,.T.);
#3449 = LINE('',#3450,#3451);
#3450 = CARTESIAN_POINT('',(-76.5,82.2,76.7));
#3451 = VECTOR('',#3452,1.);
#3452 = DIRECTION('',(0.,-1.,1.110223024625E-16));
#3453 = ORIENTED_EDGE('',*,*,#968,.T.);
#3454 = ORIENTED_EDGE('',*,*,#1097,.T.);
#3455 = CYLINDRICAL_SURFACE('',#3456,1.5);
#3456 = AXIS2_PLACEMENT_3D('',#3457,#3458,#3459);
#3457 = CARTESIAN_POINT('',(-76.5,82.2,75.2));
#3458 = DIRECTION('',(0.,-1.,1.110223024625E-16));
#3459 = DIRECTION('',(1.,0.,0.));
#3460 = ADVANCED_FACE('',(#3461),#3479,.F.);
#3461 = FACE_BOUND('',#3462,.F.);
#3462 = EDGE_LOOP('',(#3463,#3464,#3465,#3473));
#3463 = ORIENTED_EDGE('',*,*,#960,.F.);
#3464 = ORIENTED_EDGE('',*,*,#3448,.T.);
#3465 = ORIENTED_EDGE('',*,*,#3466,.T.);
#3466 = EDGE_CURVE('',#3440,#3467,#3469,.T.);
#3467 = VERTEX_POINT('',#3468);
#3468 = CARTESIAN_POINT('',(-33.5,79.,76.7));
#3469 = LINE('',#3470,#3471);
#3470 = CARTESIAN_POINT('',(-83.75,79.,76.7));
#3471 = VECTOR('',#3472,1.);
#3472 = DIRECTION('',(1.,0.,0.));
#3473 = ORIENTED_EDGE('',*,*,#3474,.F.);
#3474 = EDGE_CURVE('',#952,#3467,#3475,.T.);
#3475 = LINE('',#3476,#3477);
#3476 = CARTESIAN_POINT('',(-33.5,82.2,76.7));
#3477 = VECTOR('',#3478,1.);
#3478 = DIRECTION('',(0.,-1.,1.110223024625E-16));
#3479 = PLANE('',#3480);
#3480 = AXIS2_PLACEMENT_3D('',#3481,#3482,#3483);
#3481 = CARTESIAN_POINT('',(-76.5,82.2,76.7));
#3482 = DIRECTION('',(0.,1.110223024625E-16,1.));
#3483 = DIRECTION('',(0.,-1.,1.110223024625E-16));
#3484 = ADVANCED_FACE('',(#3485),#3504,.F.);
#3485 = FACE_BOUND('',#3486,.F.);
#3486 = EDGE_LOOP('',(#3487,#3496,#3502,#3503));
#3487 = ORIENTED_EDGE('',*,*,#3488,.F.);
#3488 = EDGE_CURVE('',#3489,#3467,#3491,.T.);
#3489 = VERTEX_POINT('',#3490);
#3490 = CARTESIAN_POINT('',(-32.,79.,75.2));
#3491 = CIRCLE('',#3492,1.5);
#3492 = AXIS2_PLACEMENT_3D('',#3493,#3494,#3495);
#3493 = CARTESIAN_POINT('',(-33.5,79.,75.2));
#3494 = DIRECTION('',(0.,-1.,1.110223024625E-16));
#3495 = DIRECTION('',(1.,0.,0.));
#3496 = ORIENTED_EDGE('',*,*,#3497,.F.);
#3497 = EDGE_CURVE('',#944,#3489,#3498,.T.);
#3498 = LINE('',#3499,#3500);
#3499 = CARTESIAN_POINT('',(-32.,82.2,75.2));
#3500 = VECTOR('',#3501,1.);
#3501 = DIRECTION('',(0.,-1.,1.110223024625E-16));
#3502 = ORIENTED_EDGE('',*,*,#951,.T.);
#3503 = ORIENTED_EDGE('',*,*,#3474,.T.);
#3504 = CYLINDRICAL_SURFACE('',#3505,1.5);
#3505 = AXIS2_PLACEMENT_3D('',#3506,#3507,#3508);
#3506 = CARTESIAN_POINT('',(-33.5,82.2,75.2));
#3507 = DIRECTION('',(0.,-1.,1.110223024625E-16));
#3508 = DIRECTION('',(1.,0.,0.));
#3509 = ADVANCED_FACE('',(#3510),#3528,.F.);
#3510 = FACE_BOUND('',#3511,.F.);
#3511 = EDGE_LOOP('',(#3512,#3520,#3521,#3522));
#3512 = ORIENTED_EDGE('',*,*,#3513,.F.);
#3513 = EDGE_CURVE('',#935,#3514,#3516,.T.);
#3514 = VERTEX_POINT('',#3515);
#3515 = CARTESIAN_POINT('',(-32.,79.,74.8));
#3516 = LINE('',#3517,#3518);
#3517 = CARTESIAN_POINT('',(-32.,82.2,74.8));
#3518 = VECTOR('',#3519,1.);
#3519 = DIRECTION('',(0.,-1.,1.110223024625E-16));
#3520 = ORIENTED_EDGE('',*,*,#943,.F.);
#3521 = ORIENTED_EDGE('',*,*,#3497,.T.);
#3522 = ORIENTED_EDGE('',*,*,#3523,.T.);
#3523 = EDGE_CURVE('',#3489,#3514,#3524,.T.);
#3524 = LINE('',#3525,#3526);
#3525 = CARTESIAN_POINT('',(-32.,79.,8.9));
#3526 = VECTOR('',#3527,1.);
#3527 = DIRECTION('',(0.,0.,-1.));
#3528 = PLANE('',#3529);
#3529 = AXIS2_PLACEMENT_3D('',#3530,#3531,#3532);
#3530 = CARTESIAN_POINT('',(-32.,82.2,74.8));
#3531 = DIRECTION('',(1.,0.,0.));
#3532 = DIRECTION('',(0.,-1.,1.110223024625E-16));
#3533 = ADVANCED_FACE('',(#3534),#3553,.F.);
#3534 = FACE_BOUND('',#3535,.F.);
#3535 = EDGE_LOOP('',(#3536,#3545,#3551,#3552));
#3536 = ORIENTED_EDGE('',*,*,#3537,.F.);
#3537 = EDGE_CURVE('',#3538,#3514,#3540,.T.);
#3538 = VERTEX_POINT('',#3539);
#3539 = CARTESIAN_POINT('',(-33.5,79.,73.3));
#3540 = CIRCLE('',#3541,1.5);
#3541 = AXIS2_PLACEMENT_3D('',#3542,#3543,#3544);
#3542 = CARTESIAN_POINT('',(-33.5,79.,74.8));
#3543 = DIRECTION('',(0.,-1.,1.110223024625E-16));
#3544 = DIRECTION('',(1.,0.,0.));
#3545 = ORIENTED_EDGE('',*,*,#3546,.F.);
#3546 = EDGE_CURVE('',#927,#3538,#3547,.T.);
#3547 = LINE('',#3548,#3549);
#3548 = CARTESIAN_POINT('',(-33.5,82.2,73.3));
#3549 = VECTOR('',#3550,1.);
#3550 = DIRECTION('',(0.,-1.,1.110223024625E-16));
#3551 = ORIENTED_EDGE('',*,*,#934,.T.);
#3552 = ORIENTED_EDGE('',*,*,#3513,.T.);
#3553 = CYLINDRICAL_SURFACE('',#3554,1.5);
#3554 = AXIS2_PLACEMENT_3D('',#3555,#3556,#3557);
#3555 = CARTESIAN_POINT('',(-33.5,82.2,74.8));
#3556 = DIRECTION('',(0.,-1.,1.110223024625E-16));
#3557 = DIRECTION('',(1.,0.,0.));
#3558 = ADVANCED_FACE('',(#3559),#3577,.T.);
#3559 = FACE_BOUND('',#3560,.T.);
#3560 = EDGE_LOOP('',(#3561,#3562,#3570,#3576));
#3561 = ORIENTED_EDGE('',*,*,#926,.F.);
#3562 = ORIENTED_EDGE('',*,*,#3563,.T.);
#3563 = EDGE_CURVE('',#918,#3564,#3566,.T.);
#3564 = VERTEX_POINT('',#3565);
#3565 = CARTESIAN_POINT('',(-76.5,79.,73.3));
#3566 = LINE('',#3567,#3568);
#3567 = CARTESIAN_POINT('',(-76.5,82.2,73.3));
#3568 = VECTOR('',#3569,1.);
#3569 = DIRECTION('',(0.,-1.,1.110223024625E-16));
#3570 = ORIENTED_EDGE('',*,*,#3571,.T.);
#3571 = EDGE_CURVE('',#3564,#3538,#3572,.T.);
#3572 = LINE('',#3573,#3574);
#3573 = CARTESIAN_POINT('',(-83.75,79.,73.3));
#3574 = VECTOR('',#3575,1.);
#3575 = DIRECTION('',(1.,0.,0.));
#3576 = ORIENTED_EDGE('',*,*,#3546,.F.);
#3577 = PLANE('',#3578);
#3578 = AXIS2_PLACEMENT_3D('',#3579,#3580,#3581);
#3579 = CARTESIAN_POINT('',(-76.5,82.2,73.3));
#3580 = DIRECTION('',(0.,1.110223024625E-16,1.));
#3581 = DIRECTION('',(0.,-1.,1.110223024625E-16));
#3582 = ADVANCED_FACE('',(#3583),#3595,.F.);
#3583 = FACE_BOUND('',#3584,.F.);
#3584 = EDGE_LOOP('',(#3585,#3592,#3593,#3594));
#3585 = ORIENTED_EDGE('',*,*,#3586,.F.);
#3586 = EDGE_CURVE('',#1089,#3564,#3587,.T.);
#3587 = CIRCLE('',#3588,1.5);
#3588 = AXIS2_PLACEMENT_3D('',#3589,#3590,#3591);
#3589 = CARTESIAN_POINT('',(-76.5,79.,74.8));
#3590 = DIRECTION('',(0.,-1.,1.110223024625E-16));
#3591 = DIRECTION('',(1.,0.,0.));
#3592 = ORIENTED_EDGE('',*,*,#1088,.F.);
#3593 = ORIENTED_EDGE('',*,*,#917,.T.);
#3594 = ORIENTED_EDGE('',*,*,#3563,.T.);
#3595 = CYLINDRICAL_SURFACE('',#3596,1.5);
#3596 = AXIS2_PLACEMENT_3D('',#3597,#3598,#3599);
#3597 = CARTESIAN_POINT('',(-76.5,82.2,74.8));
#3598 = DIRECTION('',(0.,-1.,1.110223024625E-16));
#3599 = DIRECTION('',(1.,0.,0.));
#3600 = ADVANCED_FACE('',(#3601),#3620,.F.);
#3601 = FACE_BOUND('',#3602,.F.);
#3602 = EDGE_LOOP('',(#3603,#3612,#3618,#3619));
#3603 = ORIENTED_EDGE('',*,*,#3604,.F.);
#3604 = EDGE_CURVE('',#3605,#1067,#3607,.T.);
#3605 = VERTEX_POINT('',#3606);
#3606 = CARTESIAN_POINT('',(-76.5,79.,67.7));
#3607 = CIRCLE('',#3608,1.5);
#3608 = AXIS2_PLACEMENT_3D('',#3609,#3610,#3611);
#3609 = CARTESIAN_POINT('',(-76.5,79.,66.2));
#3610 = DIRECTION('',(0.,-1.,1.110223024625E-16));
#3611 = DIRECTION('',(1.,0.,0.));
#3612 = ORIENTED_EDGE('',*,*,#3613,.F.);
#3613 = EDGE_CURVE('',#902,#3605,#3614,.T.);
#3614 = LINE('',#3615,#3616);
#3615 = CARTESIAN_POINT('',(-76.5,82.2,67.7));
#3616 = VECTOR('',#3617,1.);
#3617 = DIRECTION('',(0.,-1.,1.110223024625E-16));
#3618 = ORIENTED_EDGE('',*,*,#909,.T.);
#3619 = ORIENTED_EDGE('',*,*,#1066,.T.);
#3620 = CYLINDRICAL_SURFACE('',#3621,1.5);
#3621 = AXIS2_PLACEMENT_3D('',#3622,#3623,#3624);
#3622 = CARTESIAN_POINT('',(-76.5,82.2,66.2));
#3623 = DIRECTION('',(0.,-1.,1.110223024625E-16));
#3624 = DIRECTION('',(1.,0.,0.));
#3625 = ADVANCED_FACE('',(#3626),#3644,.F.);
#3626 = FACE_BOUND('',#3627,.F.);
#3627 = EDGE_LOOP('',(#3628,#3629,#3630,#3638));
#3628 = ORIENTED_EDGE('',*,*,#901,.F.);
#3629 = ORIENTED_EDGE('',*,*,#3613,.T.);
#3630 = ORIENTED_EDGE('',*,*,#3631,.T.);
#3631 = EDGE_CURVE('',#3605,#3632,#3634,.T.);
#3632 = VERTEX_POINT('',#3633);
#3633 = CARTESIAN_POINT('',(-33.5,79.,67.7));
#3634 = LINE('',#3635,#3636);
#3635 = CARTESIAN_POINT('',(-83.75,79.,67.7));
#3636 = VECTOR('',#3637,1.);
#3637 = DIRECTION('',(1.,0.,0.));
#3638 = ORIENTED_EDGE('',*,*,#3639,.F.);
#3639 = EDGE_CURVE('',#893,#3632,#3640,.T.);
#3640 = LINE('',#3641,#3642);
#3641 = CARTESIAN_POINT('',(-33.5,82.2,67.7));
#3642 = VECTOR('',#3643,1.);
#3643 = DIRECTION('',(0.,-1.,1.110223024625E-16));
#3644 = PLANE('',#3645);
#3645 = AXIS2_PLACEMENT_3D('',#3646,#3647,#3648);
#3646 = CARTESIAN_POINT('',(-76.5,82.2,67.7));
#3647 = DIRECTION('',(0.,1.110223024625E-16,1.));
#3648 = DIRECTION('',(0.,-1.,1.110223024625E-16));
#3649 = ADVANCED_FACE('',(#3650),#3669,.F.);
#3650 = FACE_BOUND('',#3651,.F.);
#3651 = EDGE_LOOP('',(#3652,#3661,#3667,#3668));
#3652 = ORIENTED_EDGE('',*,*,#3653,.F.);
#3653 = EDGE_CURVE('',#3654,#3632,#3656,.T.);
#3654 = VERTEX_POINT('',#3655);
#3655 = CARTESIAN_POINT('',(-32.,79.,66.2));
#3656 = CIRCLE('',#3657,1.5);
#3657 = AXIS2_PLACEMENT_3D('',#3658,#3659,#3660);
#3658 = CARTESIAN_POINT('',(-33.5,79.,66.2));
#3659 = DIRECTION('',(0.,-1.,1.110223024625E-16));
#3660 = DIRECTION('',(1.,0.,0.));
#3661 = ORIENTED_EDGE('',*,*,#3662,.F.);
#3662 = EDGE_CURVE('',#885,#3654,#3663,.T.);
#3663 = LINE('',#3664,#3665);
#3664 = CARTESIAN_POINT('',(-32.,82.2,66.2));
#3665 = VECTOR('',#3666,1.);
#3666 = DIRECTION('',(0.,-1.,1.110223024625E-16));
#3667 = ORIENTED_EDGE('',*,*,#892,.T.);
#3668 = ORIENTED_EDGE('',*,*,#3639,.T.);
#3669 = CYLINDRICAL_SURFACE('',#3670,1.5);
#3670 = AXIS2_PLACEMENT_3D('',#3671,#3672,#3673);
#3671 = CARTESIAN_POINT('',(-33.5,82.2,66.2));
#3672 = DIRECTION('',(0.,-1.,1.110223024625E-16));
#3673 = DIRECTION('',(1.,0.,0.));
#3674 = ADVANCED_FACE('',(#3675),#3693,.F.);
#3675 = FACE_BOUND('',#3676,.F.);
#3676 = EDGE_LOOP('',(#3677,#3685,#3686,#3687));
#3677 = ORIENTED_EDGE('',*,*,#3678,.F.);
#3678 = EDGE_CURVE('',#876,#3679,#3681,.T.);
#3679 = VERTEX_POINT('',#3680);
#3680 = CARTESIAN_POINT('',(-32.,79.,65.8));
#3681 = LINE('',#3682,#3683);
#3682 = CARTESIAN_POINT('',(-32.,82.2,65.8));
#3683 = VECTOR('',#3684,1.);
#3684 = DIRECTION('',(0.,-1.,1.110223024625E-16));
#3685 = ORIENTED_EDGE('',*,*,#884,.F.);
#3686 = ORIENTED_EDGE('',*,*,#3662,.T.);
#3687 = ORIENTED_EDGE('',*,*,#3688,.T.);
#3688 = EDGE_CURVE('',#3654,#3679,#3689,.T.);
#3689 = LINE('',#3690,#3691);
#3690 = CARTESIAN_POINT('',(-32.,79.,4.4));
#3691 = VECTOR('',#3692,1.);
#3692 = DIRECTION('',(0.,0.,-1.));
#3693 = PLANE('',#3694);
#3694 = AXIS2_PLACEMENT_3D('',#3695,#3696,#3697);
#3695 = CARTESIAN_POINT('',(-32.,82.2,65.8));
#3696 = DIRECTION('',(1.,0.,0.));
#3697 = DIRECTION('',(0.,-1.,1.110223024625E-16));
#3698 = ADVANCED_FACE('',(#3699),#3718,.F.);
#3699 = FACE_BOUND('',#3700,.F.);
#3700 = EDGE_LOOP('',(#3701,#3710,#3716,#3717));
#3701 = ORIENTED_EDGE('',*,*,#3702,.F.);
#3702 = EDGE_CURVE('',#3703,#3679,#3705,.T.);
#3703 = VERTEX_POINT('',#3704);
#3704 = CARTESIAN_POINT('',(-33.5,79.,64.3));
#3705 = CIRCLE('',#3706,1.5);
#3706 = AXIS2_PLACEMENT_3D('',#3707,#3708,#3709);
#3707 = CARTESIAN_POINT('',(-33.5,79.,65.8));
#3708 = DIRECTION('',(0.,-1.,1.110223024625E-16));
#3709 = DIRECTION('',(1.,0.,0.));
#3710 = ORIENTED_EDGE('',*,*,#3711,.F.);
#3711 = EDGE_CURVE('',#868,#3703,#3712,.T.);
#3712 = LINE('',#3713,#3714);
#3713 = CARTESIAN_POINT('',(-33.5,82.2,64.3));
#3714 = VECTOR('',#3715,1.);
#3715 = DIRECTION('',(0.,-1.,1.110223024625E-16));
#3716 = ORIENTED_EDGE('',*,*,#875,.T.);
#3717 = ORIENTED_EDGE('',*,*,#3678,.T.);
#3718 = CYLINDRICAL_SURFACE('',#3719,1.5);
#3719 = AXIS2_PLACEMENT_3D('',#3720,#3721,#3722);
#3720 = CARTESIAN_POINT('',(-33.5,82.2,65.8));
#3721 = DIRECTION('',(0.,-1.,1.110223024625E-16));
#3722 = DIRECTION('',(1.,0.,0.));
#3723 = ADVANCED_FACE('',(#3724),#3742,.T.);
#3724 = FACE_BOUND('',#3725,.T.);
#3725 = EDGE_LOOP('',(#3726,#3727,#3735,#3741));
#3726 = ORIENTED_EDGE('',*,*,#867,.F.);
#3727 = ORIENTED_EDGE('',*,*,#3728,.T.);
#3728 = EDGE_CURVE('',#859,#3729,#3731,.T.);
#3729 = VERTEX_POINT('',#3730);
#3730 = CARTESIAN_POINT('',(-76.5,79.,64.3));
#3731 = LINE('',#3732,#3733);
#3732 = CARTESIAN_POINT('',(-76.5,82.2,64.3));
#3733 = VECTOR('',#3734,1.);
#3734 = DIRECTION('',(0.,-1.,1.110223024625E-16));
#3735 = ORIENTED_EDGE('',*,*,#3736,.T.);
#3736 = EDGE_CURVE('',#3729,#3703,#3737,.T.);
#3737 = LINE('',#3738,#3739);
#3738 = CARTESIAN_POINT('',(-83.75,79.,64.3));
#3739 = VECTOR('',#3740,1.);
#3740 = DIRECTION('',(1.,0.,0.));
#3741 = ORIENTED_EDGE('',*,*,#3711,.F.);
#3742 = PLANE('',#3743);
#3743 = AXIS2_PLACEMENT_3D('',#3744,#3745,#3746);
#3744 = CARTESIAN_POINT('',(-76.5,82.2,64.3));
#3745 = DIRECTION('',(0.,1.110223024625E-16,1.));
#3746 = DIRECTION('',(0.,-1.,1.110223024625E-16));
#3747 = ADVANCED_FACE('',(#3748),#3760,.F.);
#3748 = FACE_BOUND('',#3749,.F.);
#3749 = EDGE_LOOP('',(#3750,#3757,#3758,#3759));
#3750 = ORIENTED_EDGE('',*,*,#3751,.F.);
#3751 = EDGE_CURVE('',#1058,#3729,#3752,.T.);
#3752 = CIRCLE('',#3753,1.5);
#3753 = AXIS2_PLACEMENT_3D('',#3754,#3755,#3756);
#3754 = CARTESIAN_POINT('',(-76.5,79.,65.8));
#3755 = DIRECTION('',(0.,-1.,1.110223024625E-16));
#3756 = DIRECTION('',(1.,0.,0.));
#3757 = ORIENTED_EDGE('',*,*,#1057,.F.);
#3758 = ORIENTED_EDGE('',*,*,#858,.T.);
#3759 = ORIENTED_EDGE('',*,*,#3728,.T.);
#3760 = CYLINDRICAL_SURFACE('',#3761,1.5);
#3761 = AXIS2_PLACEMENT_3D('',#3762,#3763,#3764);
#3762 = CARTESIAN_POINT('',(-76.5,82.2,65.8));
#3763 = DIRECTION('',(0.,-1.,1.110223024625E-16));
#3764 = DIRECTION('',(1.,0.,0.));
#3765 = ADVANCED_FACE('',(#3766),#3785,.F.);
#3766 = FACE_BOUND('',#3767,.F.);
#3767 = EDGE_LOOP('',(#3768,#3777,#3783,#3784));
#3768 = ORIENTED_EDGE('',*,*,#3769,.F.);
#3769 = EDGE_CURVE('',#3770,#1036,#3772,.T.);
#3770 = VERTEX_POINT('',#3771);
#3771 = CARTESIAN_POINT('',(-76.5,79.,58.7));
#3772 = CIRCLE('',#3773,1.5);
#3773 = AXIS2_PLACEMENT_3D('',#3774,#3775,#3776);
#3774 = CARTESIAN_POINT('',(-76.5,79.,57.2));
#3775 = DIRECTION('',(0.,-1.,1.110223024625E-16));
#3776 = DIRECTION('',(1.,0.,0.));
#3777 = ORIENTED_EDGE('',*,*,#3778,.F.);
#3778 = EDGE_CURVE('',#843,#3770,#3779,.T.);
#3779 = LINE('',#3780,#3781);
#3780 = CARTESIAN_POINT('',(-76.5,82.2,58.7));
#3781 = VECTOR('',#3782,1.);
#3782 = DIRECTION('',(0.,-1.,1.110223024625E-16));
#3783 = ORIENTED_EDGE('',*,*,#850,.T.);
#3784 = ORIENTED_EDGE('',*,*,#1035,.T.);
#3785 = CYLINDRICAL_SURFACE('',#3786,1.5);
#3786 = AXIS2_PLACEMENT_3D('',#3787,#3788,#3789);
#3787 = CARTESIAN_POINT('',(-76.5,82.2,57.2));
#3788 = DIRECTION('',(0.,-1.,1.110223024625E-16));
#3789 = DIRECTION('',(1.,0.,0.));
#3790 = ADVANCED_FACE('',(#3791),#3809,.F.);
#3791 = FACE_BOUND('',#3792,.F.);
#3792 = EDGE_LOOP('',(#3793,#3794,#3795,#3803));
#3793 = ORIENTED_EDGE('',*,*,#842,.F.);
#3794 = ORIENTED_EDGE('',*,*,#3778,.T.);
#3795 = ORIENTED_EDGE('',*,*,#3796,.T.);
#3796 = EDGE_CURVE('',#3770,#3797,#3799,.T.);
#3797 = VERTEX_POINT('',#3798);
#3798 = CARTESIAN_POINT('',(-33.5,79.,58.7));
#3799 = LINE('',#3800,#3801);
#3800 = CARTESIAN_POINT('',(-83.75,79.,58.7));
#3801 = VECTOR('',#3802,1.);
#3802 = DIRECTION('',(1.,0.,0.));
#3803 = ORIENTED_EDGE('',*,*,#3804,.F.);
#3804 = EDGE_CURVE('',#834,#3797,#3805,.T.);
#3805 = LINE('',#3806,#3807);
#3806 = CARTESIAN_POINT('',(-33.5,82.2,58.7));
#3807 = VECTOR('',#3808,1.);
#3808 = DIRECTION('',(0.,-1.,1.110223024625E-16));
#3809 = PLANE('',#3810);
#3810 = AXIS2_PLACEMENT_3D('',#3811,#3812,#3813);
#3811 = CARTESIAN_POINT('',(-76.5,82.2,58.7));
#3812 = DIRECTION('',(0.,1.110223024625E-16,1.));
#3813 = DIRECTION('',(0.,-1.,1.110223024625E-16));
#3814 = ADVANCED_FACE('',(#3815),#3834,.F.);
#3815 = FACE_BOUND('',#3816,.F.);
#3816 = EDGE_LOOP('',(#3817,#3826,#3832,#3833));
#3817 = ORIENTED_EDGE('',*,*,#3818,.F.);
#3818 = EDGE_CURVE('',#3819,#3797,#3821,.T.);
#3819 = VERTEX_POINT('',#3820);
#3820 = CARTESIAN_POINT('',(-32.,79.,57.2));
#3821 = CIRCLE('',#3822,1.5);
#3822 = AXIS2_PLACEMENT_3D('',#3823,#3824,#3825);
#3823 = CARTESIAN_POINT('',(-33.5,79.,57.2));
#3824 = DIRECTION('',(0.,-1.,1.110223024625E-16));
#3825 = DIRECTION('',(1.,0.,0.));
#3826 = ORIENTED_EDGE('',*,*,#3827,.F.);
#3827 = EDGE_CURVE('',#826,#3819,#3828,.T.);
#3828 = LINE('',#3829,#3830);
#3829 = CARTESIAN_POINT('',(-32.,82.2,57.2));
#3830 = VECTOR('',#3831,1.);
#3831 = DIRECTION('',(0.,-1.,1.110223024625E-16));
#3832 = ORIENTED_EDGE('',*,*,#833,.T.);
#3833 = ORIENTED_EDGE('',*,*,#3804,.T.);
#3834 = CYLINDRICAL_SURFACE('',#3835,1.5);
#3835 = AXIS2_PLACEMENT_3D('',#3836,#3837,#3838);
#3836 = CARTESIAN_POINT('',(-33.5,82.2,57.2));
#3837 = DIRECTION('',(0.,-1.,1.110223024625E-16));
#3838 = DIRECTION('',(1.,0.,0.));
#3839 = ADVANCED_FACE('',(#3840),#3858,.F.);
#3840 = FACE_BOUND('',#3841,.F.);
#3841 = EDGE_LOOP('',(#3842,#3850,#3851,#3852));
#3842 = ORIENTED_EDGE('',*,*,#3843,.F.);
#3843 = EDGE_CURVE('',#817,#3844,#3846,.T.);
#3844 = VERTEX_POINT('',#3845);
#3845 = CARTESIAN_POINT('',(-32.,79.,56.8));
#3846 = LINE('',#3847,#3848);
#3847 = CARTESIAN_POINT('',(-32.,82.2,56.8));
#3848 = VECTOR('',#3849,1.);
#3849 = DIRECTION('',(0.,-1.,1.110223024625E-16));
#3850 = ORIENTED_EDGE('',*,*,#825,.F.);
#3851 = ORIENTED_EDGE('',*,*,#3827,.T.);
#3852 = ORIENTED_EDGE('',*,*,#3853,.T.);
#3853 = EDGE_CURVE('',#3819,#3844,#3854,.T.);
#3854 = LINE('',#3855,#3856);
#3855 = CARTESIAN_POINT('',(-32.,79.,-0.1));
#3856 = VECTOR('',#3857,1.);
#3857 = DIRECTION('',(0.,0.,-1.));
#3858 = PLANE('',#3859);
#3859 = AXIS2_PLACEMENT_3D('',#3860,#3861,#3862);
#3860 = CARTESIAN_POINT('',(-32.,82.2,56.8));
#3861 = DIRECTION('',(1.,0.,0.));
#3862 = DIRECTION('',(0.,-1.,1.110223024625E-16));
#3863 = ADVANCED_FACE('',(#3864),#3883,.F.);
#3864 = FACE_BOUND('',#3865,.F.);
#3865 = EDGE_LOOP('',(#3866,#3875,#3881,#3882));
#3866 = ORIENTED_EDGE('',*,*,#3867,.F.);
#3867 = EDGE_CURVE('',#3868,#3844,#3870,.T.);
#3868 = VERTEX_POINT('',#3869);
#3869 = CARTESIAN_POINT('',(-33.5,79.,55.3));
#3870 = CIRCLE('',#3871,1.5);
#3871 = AXIS2_PLACEMENT_3D('',#3872,#3873,#3874);
#3872 = CARTESIAN_POINT('',(-33.5,79.,56.8));
#3873 = DIRECTION('',(0.,-1.,1.110223024625E-16));
#3874 = DIRECTION('',(1.,0.,0.));
#3875 = ORIENTED_EDGE('',*,*,#3876,.F.);
#3876 = EDGE_CURVE('',#809,#3868,#3877,.T.);
#3877 = LINE('',#3878,#3879);
#3878 = CARTESIAN_POINT('',(-33.5,82.2,55.3));
#3879 = VECTOR('',#3880,1.);
#3880 = DIRECTION('',(0.,-1.,1.110223024625E-16));
#3881 = ORIENTED_EDGE('',*,*,#816,.T.);
#3882 = ORIENTED_EDGE('',*,*,#3843,.T.);
#3883 = CYLINDRICAL_SURFACE('',#3884,1.5);
#3884 = AXIS2_PLACEMENT_3D('',#3885,#3886,#3887);
#3885 = CARTESIAN_POINT('',(-33.5,82.2,56.8));
#3886 = DIRECTION('',(0.,-1.,1.110223024625E-16));
#3887 = DIRECTION('',(1.,0.,0.));
#3888 = ADVANCED_FACE('',(#3889),#3907,.T.);
#3889 = FACE_BOUND('',#3890,.T.);
#3890 = EDGE_LOOP('',(#3891,#3892,#3900,#3906));
#3891 = ORIENTED_EDGE('',*,*,#808,.F.);
#3892 = ORIENTED_EDGE('',*,*,#3893,.T.);
#3893 = EDGE_CURVE('',#800,#3894,#3896,.T.);
#3894 = VERTEX_POINT('',#3895);
#3895 = CARTESIAN_POINT('',(-76.5,79.,55.3));
#3896 = LINE('',#3897,#3898);
#3897 = CARTESIAN_POINT('',(-76.5,82.2,55.3));
#3898 = VECTOR('',#3899,1.);
#3899 = DIRECTION('',(0.,-1.,1.110223024625E-16));
#3900 = ORIENTED_EDGE('',*,*,#3901,.T.);
#3901 = EDGE_CURVE('',#3894,#3868,#3902,.T.);
#3902 = LINE('',#3903,#3904);
#3903 = CARTESIAN_POINT('',(-83.75,79.,55.3));
#3904 = VECTOR('',#3905,1.);
#3905 = DIRECTION('',(1.,0.,0.));
#3906 = ORIENTED_EDGE('',*,*,#3876,.F.);
#3907 = PLANE('',#3908);
#3908 = AXIS2_PLACEMENT_3D('',#3909,#3910,#3911);
#3909 = CARTESIAN_POINT('',(-76.5,82.2,55.3));
#3910 = DIRECTION('',(0.,1.110223024625E-16,1.));
#3911 = DIRECTION('',(0.,-1.,1.110223024625E-16));
#3912 = ADVANCED_FACE('',(#3913),#3925,.F.);
#3913 = FACE_BOUND('',#3914,.F.);
#3914 = EDGE_LOOP('',(#3915,#3922,#3923,#3924));
#3915 = ORIENTED_EDGE('',*,*,#3916,.F.);
#3916 = EDGE_CURVE('',#1027,#3894,#3917,.T.);
#3917 = CIRCLE('',#3918,1.5);
#3918 = AXIS2_PLACEMENT_3D('',#3919,#3920,#3921);
#3919 = CARTESIAN_POINT('',(-76.5,79.,56.8));
#3920 = DIRECTION('',(0.,-1.,1.110223024625E-16));
#3921 = DIRECTION('',(1.,0.,0.));
#3922 = ORIENTED_EDGE('',*,*,#1026,.F.);
#3923 = ORIENTED_EDGE('',*,*,#799,.T.);
#3924 = ORIENTED_EDGE('',*,*,#3893,.T.);
#3925 = CYLINDRICAL_SURFACE('',#3926,1.5);
#3926 = AXIS2_PLACEMENT_3D('',#3927,#3928,#3929);
#3927 = CARTESIAN_POINT('',(-76.5,82.2,56.8));
#3928 = DIRECTION('',(0.,-1.,1.110223024625E-16));
#3929 = DIRECTION('',(1.,0.,0.));
#3930 = ADVANCED_FACE('',(#3931),#3950,.T.);
#3931 = FACE_BOUND('',#3932,.T.);
#3932 = EDGE_LOOP('',(#3933,#3941,#3948,#3949));
#3933 = ORIENTED_EDGE('',*,*,#3934,.T.);
#3934 = EDGE_CURVE('',#1010,#3935,#3937,.T.);
#3935 = VERTEX_POINT('',#3936);
#3936 = CARTESIAN_POINT('',(-45.,86.,43.));
#3937 = LINE('',#3938,#3939);
#3938 = CARTESIAN_POINT('',(-45.,75.,43.));
#3939 = VECTOR('',#3940,1.);
#3940 = DIRECTION('',(0.,1.,0.));
#3941 = ORIENTED_EDGE('',*,*,#3942,.F.);
#3942 = EDGE_CURVE('',#3935,#3935,#3943,.T.);
#3943 = CIRCLE('',#3944,8.);
#3944 = AXIS2_PLACEMENT_3D('',#3945,#3946,#3947);
#3945 = CARTESIAN_POINT('',(-45.,86.,35.));
#3946 = DIRECTION('',(0.,1.,0.));
#3947 = DIRECTION('',(0.,0.,1.));
#3948 = ORIENTED_EDGE('',*,*,#3934,.F.);
#3949 = ORIENTED_EDGE('',*,*,#1009,.T.);
#3950 = CYLINDRICAL_SURFACE('',#3951,8.);
#3951 = AXIS2_PLACEMENT_3D('',#3952,#3953,#3954);
#3952 = CARTESIAN_POINT('',(-45.,75.,35.));
#3953 = DIRECTION('',(0.,1.,0.));
#3954 = DIRECTION('',(0.,0.,1.));
#3955 = ADVANCED_FACE('',(#3956),#4093,.F.);
#3956 = FACE_BOUND('',#3957,.T.);
#3957 = EDGE_LOOP('',(#3958,#3968,#3977,#3983,#3984,#3990,#3991,#3997,
    #3998,#4006,#4015,#4023,#4055,#4063));
#3958 = ORIENTED_EDGE('',*,*,#3959,.F.);
#3959 = EDGE_CURVE('',#3960,#3962,#3964,.T.);
#3960 = VERTEX_POINT('',#3961);
#3961 = CARTESIAN_POINT('',(-91.,66.,-44.));
#3962 = VERTEX_POINT('',#3963);
#3963 = CARTESIAN_POINT('',(-91.,66.,-43.));
#3964 = LINE('',#3965,#3966);
#3965 = CARTESIAN_POINT('',(-91.,66.,-57.));
#3966 = VECTOR('',#3967,1.);
#3967 = DIRECTION('',(0.,0.,1.));
#3968 = ORIENTED_EDGE('',*,*,#3969,.T.);
#3969 = EDGE_CURVE('',#3960,#3970,#3972,.T.);
#3970 = VERTEX_POINT('',#3971);
#3971 = CARTESIAN_POINT('',(-78.,79.,-44.));
#3972 = CIRCLE('',#3973,13.);
#3973 = AXIS2_PLACEMENT_3D('',#3974,#3975,#3976);
#3974 = CARTESIAN_POINT('',(-78.,66.,-44.));
#3975 = DIRECTION('',(0.,0.,-1.));
#3976 = DIRECTION('',(-1.,0.,0.));
#3977 = ORIENTED_EDGE('',*,*,#3978,.T.);
#3978 = EDGE_CURVE('',#3970,#1027,#3979,.T.);
#3979 = LINE('',#3980,#3981);
#3980 = CARTESIAN_POINT('',(-78.,79.,-57.));
#3981 = VECTOR('',#3982,1.);
#3982 = DIRECTION('',(0.,0.,1.));
#3983 = ORIENTED_EDGE('',*,*,#1043,.T.);
#3984 = ORIENTED_EDGE('',*,*,#3985,.T.);
#3985 = EDGE_CURVE('',#1036,#1058,#3986,.T.);
#3986 = LINE('',#3987,#3988);
#3987 = CARTESIAN_POINT('',(-78.,79.,-57.));
#3988 = VECTOR('',#3989,1.);
#3989 = DIRECTION('',(0.,0.,1.));
#3990 = ORIENTED_EDGE('',*,*,#1074,.T.);
#3991 = ORIENTED_EDGE('',*,*,#3992,.T.);
#3992 = EDGE_CURVE('',#1067,#1089,#3993,.T.);
#3993 = LINE('',#3994,#3995);
#3994 = CARTESIAN_POINT('',(-78.,79.,-57.));
#3995 = VECTOR('',#3996,1.);
#3996 = DIRECTION('',(0.,0.,1.));
#3997 = ORIENTED_EDGE('',*,*,#1105,.T.);
#3998 = ORIENTED_EDGE('',*,*,#3999,.T.);
#3999 = EDGE_CURVE('',#1098,#4000,#4002,.T.);
#4000 = VERTEX_POINT('',#4001);
#4001 = CARTESIAN_POINT('',(-78.,79.,84.));
#4002 = LINE('',#4003,#4004);
#4003 = CARTESIAN_POINT('',(-78.,79.,-57.));
#4004 = VECTOR('',#4005,1.);
#4005 = DIRECTION('',(0.,0.,1.));
#4006 = ORIENTED_EDGE('',*,*,#4007,.T.);
#4007 = EDGE_CURVE('',#4000,#4008,#4010,.T.);
#4008 = VERTEX_POINT('',#4009);
#4009 = CARTESIAN_POINT('',(-91.,66.,84.));
#4010 = CIRCLE('',#4011,13.);
#4011 = AXIS2_PLACEMENT_3D('',#4012,#4013,#4014);
#4012 = CARTESIAN_POINT('',(-78.,66.,84.));
#4013 = DIRECTION('',(0.,0.,1.));
#4014 = DIRECTION('',(-1.,0.,0.));
#4015 = ORIENTED_EDGE('',*,*,#4016,.F.);
#4016 = EDGE_CURVE('',#4017,#4008,#4019,.T.);
#4017 = VERTEX_POINT('',#4018);
#4018 = CARTESIAN_POINT('',(-91.,66.,44.));
#4019 = LINE('',#4020,#4021);
#4020 = CARTESIAN_POINT('',(-91.,66.,-57.));
#4021 = VECTOR('',#4022,1.);
#4022 = DIRECTION('',(0.,0.,1.));
#4023 = ORIENTED_EDGE('',*,*,#4024,.F.);
#4024 = EDGE_CURVE('',#4025,#4017,#4027,.T.);
#4025 = VERTEX_POINT('',#4026);
#4026 = CARTESIAN_POINT('',(-91.,66.,38.));
#4027 = B_SPLINE_CURVE_WITH_KNOTS('',6,(#4028,#4029,#4030,#4031,#4032,
    #4033,#4034,#4035,#4036,#4037,#4038,#4039,#4040,#4041,#4042,#4043,
    #4044,#4045,#4046,#4047,#4048,#4049,#4050,#4051,#4052,#4053,#4054),
  .UNSPECIFIED.,.F.,.F.,(7,5,5,5,5,7),(0.,0.123759758181,0.500031007221,
    0.779637418905,0.878352614511,1.),.UNSPECIFIED.);
#4028 = CARTESIAN_POINT('',(-91.,66.,38.));
#4029 = CARTESIAN_POINT('',(-91.,66.084903692728,38.113204923637));
#4030 = CARTESIAN_POINT('',(-90.99933459598,66.165142796006,
    38.228199916207));
#4031 = CARTESIAN_POINT('',(-90.99814083689,66.240794742265,
    38.344798490983));
#4032 = CARTESIAN_POINT('',(-90.99653904538,66.3119341427,
    38.462832944408));
#4033 = CARTESIAN_POINT('',(-90.99463452247,66.378632423122,
    38.582154362685));
#4034 = CARTESIAN_POINT('',(-90.98608811979,66.630446512943,
    39.068927037563));
#4035 = CARTESIAN_POINT('',(-90.97770717374,66.779561181086,
    39.446011669717));
#4036 = CARTESIAN_POINT('',(-90.96996053549,66.890096654334,
    39.830123306256));
#4037 = CARTESIAN_POINT('',(-90.96430917247,66.96334792102,
    40.218567118371));
#4038 = CARTESIAN_POINT('',(-90.96148139681,67.,40.609211907847));
#4039 = CARTESIAN_POINT('',(-90.96148139681,67.,41.290393848732));
#4040 = CARTESIAN_POINT('',(-90.96304286018,66.979761098066,
    41.580755280729));
#4041 = CARTESIAN_POINT('',(-90.96616512007,66.939292026013,
    41.87020779911));
#4042 = CARTESIAN_POINT('',(-90.97062515017,66.878393332558,
    42.157857598851));
#4043 = CARTESIAN_POINT('',(-90.97597647253,66.796676877927,
    42.44268922424));
#4044 = CARTESIAN_POINT('',(-90.98342952938,66.657180569575,
    42.822586078673));
#4045 = CARTESIAN_POINT('',(-90.98539380229,66.618115539901,
    42.921209576559));
#4046 = CARTESIAN_POINT('',(-90.98734561332,66.576358269366,
    43.019277729089));
#4047 = CARTESIAN_POINT('',(-90.98924803206,66.531880070741,
    43.116733228497));
#4048 = CARTESIAN_POINT('',(-90.99105921149,66.484649456112,
    43.213514078744));
#4049 = CARTESIAN_POINT('',(-90.99479425437,66.372995465075,
    43.427903724356));
#4050 = CARTESIAN_POINT('',(-90.99664640341,66.307127404217,
    43.545127163673));
#4051 = CARTESIAN_POINT('',(-90.99820078382,66.236963238963,
    43.661099417583));
#4052 = CARTESIAN_POINT('',(-90.99935685089,66.162434990687,
    43.775678377304));
#4053 = CARTESIAN_POINT('',(-91.,66.083471748453,43.888704335395));
#4054 = CARTESIAN_POINT('',(-91.,66.,44.));
#4055 = ORIENTED_EDGE('',*,*,#4056,.F.);
#4056 = EDGE_CURVE('',#4057,#4025,#4059,.T.);
#4057 = VERTEX_POINT('',#4058);
#4058 = CARTESIAN_POINT('',(-91.,66.,-37.));
#4059 = LINE('',#4060,#4061);
#4060 = CARTESIAN_POINT('',(-91.,66.,-57.));
#4061 = VECTOR('',#4062,1.);
#4062 = DIRECTION('',(0.,0.,1.));
#4063 = ORIENTED_EDGE('',*,*,#4064,.F.);
#4064 = EDGE_CURVE('',#3962,#4057,#4065,.T.);
#4065 = B_SPLINE_CURVE_WITH_KNOTS('',6,(#4066,#4067,#4068,#4069,#4070,
    #4071,#4072,#4073,#4074,#4075,#4076,#4077,#4078,#4079,#4080,#4081,
    #4082,#4083,#4084,#4085,#4086,#4087,#4088,#4089,#4090,#4091,#4092),
  .UNSPECIFIED.,.F.,.F.,(7,5,5,5,5,7),(0.,0.12328008339,0.500031324908,
    0.779040465663,0.877334556042,1.),.UNSPECIFIED.);
#4066 = CARTESIAN_POINT('',(-91.,66.,-43.));
#4067 = CARTESIAN_POINT('',(-91.,66.084574511127,-42.88723398516));
#4068 = CARTESIAN_POINT('',(-90.99933974554,66.164520544664,
    -42.77269173844));
#4069 = CARTESIAN_POINT('',(-90.99815469784,66.239914621931,
    -42.65655760422));
#4070 = CARTESIAN_POINT('',(-90.99656384946,66.310830495498,
    -42.53899742209));
#4071 = CARTESIAN_POINT('',(-90.99467139645,66.37733879162,
    -42.42015851992));
#4072 = CARTESIAN_POINT('',(-90.98614156089,66.629495320666,
    -41.93347678299));
#4073 = CARTESIAN_POINT('',(-90.97774669316,66.778997210004,
    -41.55594695614));
#4074 = CARTESIAN_POINT('',(-90.96998216342,66.889816306396,
    -41.17136225078));
#4075 = CARTESIAN_POINT('',(-90.96431639287,66.963254336372,
    -40.78242912155));
#4076 = CARTESIAN_POINT('',(-90.96148139681,67.,-40.39128666322));
#4077 = CARTESIAN_POINT('',(-90.96148139681,67.,-39.71022642087));
#4078 = CARTESIAN_POINT('',(-90.96303619683,66.979847465196,
    -39.42048491282));
#4079 = CARTESIAN_POINT('',(-90.96614513866,66.939551014889,
    -39.13164653232));
#4080 = CARTESIAN_POINT('',(-90.97058709148,66.878912942278,
    -38.84459946613));
#4081 = CARTESIAN_POINT('',(-90.97591937401,66.797548449898,
    -38.56035222545));
#4082 = CARTESIAN_POINT('',(-90.9833500596,66.658735721094,
    -38.18141961674));
#4083 = CARTESIAN_POINT('',(-90.98530604362,66.619929532018,
    -38.08319820677));
#4084 = CARTESIAN_POINT('',(-90.98725065948,66.578454798612,
    -37.98552585227));
#4085 = CARTESIAN_POINT('',(-90.98914755279,66.534283263395,
    -37.88845903627));
#4086 = CARTESIAN_POINT('',(-90.99095554348,66.487383910212,
    -37.79205883111));
#4087 = CARTESIAN_POINT('',(-90.99471653741,66.375748923254,
    -37.57700275024));
#4088 = CARTESIAN_POINT('',(-90.9965941977,66.309474561656,
    -37.45875600167));
#4089 = CARTESIAN_POINT('',(-90.99817164817,66.238833631937,
    -37.34177786835));
#4090 = CARTESIAN_POINT('',(-90.99934603977,66.163756483095,
    -37.22621374808));
#4091 = CARTESIAN_POINT('',(-91.,66.084170409538,-37.11222721271));
#4092 = CARTESIAN_POINT('',(-91.,66.,-37.));
#4093 = CYLINDRICAL_SURFACE('',#4094,13.);
#4094 = AXIS2_PLACEMENT_3D('',#4095,#4096,#4097);
#4095 = CARTESIAN_POINT('',(-78.,66.,-57.));
#4096 = DIRECTION('',(0.,0.,1.));
#4097 = DIRECTION('',(-1.,0.,0.));
#4098 = ADVANCED_FACE('',(#4099),#4111,.T.);
#4099 = FACE_BOUND('',#4100,.F.);
#4100 = EDGE_LOOP('',(#4101,#4102,#4109,#4110));
#4101 = ORIENTED_EDGE('',*,*,#1494,.F.);
#4102 = ORIENTED_EDGE('',*,*,#4103,.T.);
#4103 = EDGE_CURVE('',#1495,#3082,#4104,.T.);
#4104 = CIRCLE('',#4105,11.426285485669);
#4105 = AXIS2_PLACEMENT_3D('',#4106,#4107,#4108);
#4106 = CARTESIAN_POINT('',(-78.,66.,-50.2));
#4107 = DIRECTION('',(0.,0.,-1.));
#4108 = DIRECTION('',(0.,1.,0.));
#4109 = ORIENTED_EDGE('',*,*,#3090,.T.);
#4110 = ORIENTED_EDGE('',*,*,#1130,.T.);
#4111 = SPHERICAL_SURFACE('',#4112,16.);
#4112 = AXIS2_PLACEMENT_3D('',#4113,#4114,#4115);
#4113 = CARTESIAN_POINT('',(-78.,66.,-39.));
#4114 = DIRECTION('',(0.,0.,1.));
#4115 = DIRECTION('',(-1.,0.,0.));
#4116 = ADVANCED_FACE('',(#4117),#4138,.T.);
#4117 = FACE_BOUND('',#4118,.T.);
#4118 = EDGE_LOOP('',(#4119,#4120,#4129,#4136,#4137));
#4119 = ORIENTED_EDGE('',*,*,#1483,.F.);
#4120 = ORIENTED_EDGE('',*,*,#4121,.T.);
#4121 = EDGE_CURVE('',#1475,#4122,#4124,.T.);
#4122 = VERTEX_POINT('',#4123);
#4123 = CARTESIAN_POINT('',(-78.,-77.61895003862,-50.));
#4124 = CIRCLE('',#4125,11.618950038622);
#4125 = AXIS2_PLACEMENT_3D('',#4126,#4127,#4128);
#4126 = CARTESIAN_POINT('',(-78.,-66.,-50.));
#4127 = DIRECTION('',(0.,0.,1.));
#4128 = DIRECTION('',(-1.,0.,0.));
#4129 = ORIENTED_EDGE('',*,*,#4130,.T.);
#4130 = EDGE_CURVE('',#4122,#1321,#4131,.T.);
#4131 = CIRCLE('',#4132,16.);
#4132 = AXIS2_PLACEMENT_3D('',#4133,#4134,#4135);
#4133 = CARTESIAN_POINT('',(-78.,-66.,-39.));
#4134 = DIRECTION('',(-1.,6.123233995737E-17,0.));
#4135 = DIRECTION('',(-6.123233995737E-17,-1.,0.));
#4136 = ORIENTED_EDGE('',*,*,#1320,.F.);
#4137 = ORIENTED_EDGE('',*,*,#1293,.T.);
#4138 = SPHERICAL_SURFACE('',#4139,16.);
#4139 = AXIS2_PLACEMENT_3D('',#4140,#4141,#4142);
#4140 = CARTESIAN_POINT('',(-78.,-66.,-39.));
#4141 = DIRECTION('',(0.,0.,1.));
#4142 = DIRECTION('',(-1.,0.,0.));
#4143 = ADVANCED_FACE('',(#4144),#4155,.T.);
#4144 = FACE_BOUND('',#4145,.F.);
#4145 = EDGE_LOOP('',(#4146,#4147,#4154));
#4146 = ORIENTED_EDGE('',*,*,#1552,.F.);
#4147 = ORIENTED_EDGE('',*,*,#4148,.T.);
#4148 = EDGE_CURVE('',#1553,#1378,#4149,.T.);
#4149 = CIRCLE('',#4150,16.);
#4150 = AXIS2_PLACEMENT_3D('',#4151,#4152,#4153);
#4151 = CARTESIAN_POINT('',(-78.,-66.,84.));
#4152 = DIRECTION('',(1.,-6.123233995737E-17,0.));
#4153 = DIRECTION('',(-6.123233995737E-17,-1.,0.));
#4154 = ORIENTED_EDGE('',*,*,#1385,.F.);
#4155 = SPHERICAL_SURFACE('',#4156,16.);
#4156 = AXIS2_PLACEMENT_3D('',#4157,#4158,#4159);
#4157 = CARTESIAN_POINT('',(-78.,-66.,84.));
#4158 = DIRECTION('',(-0.,-0.,-1.));
#4159 = DIRECTION('',(-1.,0.,0.));
#4160 = ADVANCED_FACE('',(#4161,#4371),#4382,.F.);
#4161 = FACE_BOUND('',#4162,.F.);
#4162 = EDGE_LOOP('',(#4163,#4171,#4172,#4181,#4189,#4198,#4206,#4215,
    #4223,#4230,#4231,#4240,#4248,#4257,#4265,#4274,#4282,#4289,#4290,
    #4299,#4307,#4316,#4324,#4333,#4341,#4348,#4349,#4355,#4356,#4365));
#4163 = ORIENTED_EDGE('',*,*,#4164,.F.);
#4164 = EDGE_CURVE('',#1321,#4165,#4167,.T.);
#4165 = VERTEX_POINT('',#4166);
#4166 = CARTESIAN_POINT('',(-20.,-82.,-39.));
#4167 = LINE('',#4168,#4169);
#4168 = CARTESIAN_POINT('',(-94.,-82.,-39.));
#4169 = VECTOR('',#4170,1.);
#4170 = DIRECTION('',(1.,0.,0.));
#4171 = ORIENTED_EDGE('',*,*,#1329,.T.);
#4172 = ORIENTED_EDGE('',*,*,#4173,.T.);
#4173 = EDGE_CURVE('',#1330,#4174,#4176,.T.);
#4174 = VERTEX_POINT('',#4175);
#4175 = CARTESIAN_POINT('',(-76.5,-82.,55.3));
#4176 = CIRCLE('',#4177,1.5);
#4177 = AXIS2_PLACEMENT_3D('',#4178,#4179,#4180);
#4178 = CARTESIAN_POINT('',(-76.5,-82.,56.8));
#4179 = DIRECTION('',(0.,-1.,1.110223024625E-16));
#4180 = DIRECTION('',(1.,0.,0.));
#4181 = ORIENTED_EDGE('',*,*,#4182,.T.);
#4182 = EDGE_CURVE('',#4174,#4183,#4185,.T.);
#4183 = VERTEX_POINT('',#4184);
#4184 = CARTESIAN_POINT('',(-33.5,-82.,55.3));
#4185 = LINE('',#4186,#4187);
#4186 = CARTESIAN_POINT('',(-85.25,-82.,55.3));
#4187 = VECTOR('',#4188,1.);
#4188 = DIRECTION('',(1.,0.,0.));
#4189 = ORIENTED_EDGE('',*,*,#4190,.T.);
#4190 = EDGE_CURVE('',#4183,#4191,#4193,.T.);
#4191 = VERTEX_POINT('',#4192);
#4192 = CARTESIAN_POINT('',(-32.,-82.,56.8));
#4193 = CIRCLE('',#4194,1.5);
#4194 = AXIS2_PLACEMENT_3D('',#4195,#4196,#4197);
#4195 = CARTESIAN_POINT('',(-33.5,-82.,56.8));
#4196 = DIRECTION('',(0.,-1.,1.110223024625E-16));
#4197 = DIRECTION('',(1.,0.,0.));
#4198 = ORIENTED_EDGE('',*,*,#4199,.F.);
#4199 = EDGE_CURVE('',#4200,#4191,#4202,.T.);
#4200 = VERTEX_POINT('',#4201);
#4201 = CARTESIAN_POINT('',(-32.,-82.,57.2));
#4202 = LINE('',#4203,#4204);
#4203 = CARTESIAN_POINT('',(-32.,-82.,0.9));
#4204 = VECTOR('',#4205,1.);
#4205 = DIRECTION('',(0.,0.,-1.));
#4206 = ORIENTED_EDGE('',*,*,#4207,.T.);
#4207 = EDGE_CURVE('',#4200,#4208,#4210,.T.);
#4208 = VERTEX_POINT('',#4209);
#4209 = CARTESIAN_POINT('',(-33.5,-82.,58.7));
#4210 = CIRCLE('',#4211,1.5);
#4211 = AXIS2_PLACEMENT_3D('',#4212,#4213,#4214);
#4212 = CARTESIAN_POINT('',(-33.5,-82.,57.2));
#4213 = DIRECTION('',(0.,-1.,1.110223024625E-16));
#4214 = DIRECTION('',(1.,0.,0.));
#4215 = ORIENTED_EDGE('',*,*,#4216,.F.);
#4216 = EDGE_CURVE('',#4217,#4208,#4219,.T.);
#4217 = VERTEX_POINT('',#4218);
#4218 = CARTESIAN_POINT('',(-76.5,-82.,58.7));
#4219 = LINE('',#4220,#4221);
#4220 = CARTESIAN_POINT('',(-85.25,-82.,58.7));
#4221 = VECTOR('',#4222,1.);
#4222 = DIRECTION('',(1.,0.,0.));
#4223 = ORIENTED_EDGE('',*,*,#4224,.T.);
#4224 = EDGE_CURVE('',#4217,#1338,#4225,.T.);
#4225 = CIRCLE('',#4226,1.5);
#4226 = AXIS2_PLACEMENT_3D('',#4227,#4228,#4229);
#4227 = CARTESIAN_POINT('',(-76.5,-82.,57.2));
#4228 = DIRECTION('',(0.,-1.,1.110223024625E-16));
#4229 = DIRECTION('',(1.,0.,0.));
#4230 = ORIENTED_EDGE('',*,*,#1345,.T.);
#4231 = ORIENTED_EDGE('',*,*,#4232,.T.);
#4232 = EDGE_CURVE('',#1346,#4233,#4235,.T.);
#4233 = VERTEX_POINT('',#4234);
#4234 = CARTESIAN_POINT('',(-76.5,-82.,64.3));
#4235 = CIRCLE('',#4236,1.5);
#4236 = AXIS2_PLACEMENT_3D('',#4237,#4238,#4239);
#4237 = CARTESIAN_POINT('',(-76.5,-82.,65.8));
#4238 = DIRECTION('',(0.,-1.,1.110223024625E-16));
#4239 = DIRECTION('',(1.,0.,0.));
#4240 = ORIENTED_EDGE('',*,*,#4241,.T.);
#4241 = EDGE_CURVE('',#4233,#4242,#4244,.T.);
#4242 = VERTEX_POINT('',#4243);
#4243 = CARTESIAN_POINT('',(-33.5,-82.,64.3));
#4244 = LINE('',#4245,#4246);
#4245 = CARTESIAN_POINT('',(-85.25,-82.,64.3));
#4246 = VECTOR('',#4247,1.);
#4247 = DIRECTION('',(1.,0.,0.));
#4248 = ORIENTED_EDGE('',*,*,#4249,.T.);
#4249 = EDGE_CURVE('',#4242,#4250,#4252,.T.);
#4250 = VERTEX_POINT('',#4251);
#4251 = CARTESIAN_POINT('',(-32.,-82.,65.8));
#4252 = CIRCLE('',#4253,1.5);
#4253 = AXIS2_PLACEMENT_3D('',#4254,#4255,#4256);
#4254 = CARTESIAN_POINT('',(-33.5,-82.,65.8));
#4255 = DIRECTION('',(0.,-1.,1.110223024625E-16));
#4256 = DIRECTION('',(1.,0.,0.));
#4257 = ORIENTED_EDGE('',*,*,#4258,.F.);
#4258 = EDGE_CURVE('',#4259,#4250,#4261,.T.);
#4259 = VERTEX_POINT('',#4260);
#4260 = CARTESIAN_POINT('',(-32.,-82.,66.2));
#4261 = LINE('',#4262,#4263);
#4262 = CARTESIAN_POINT('',(-32.,-82.,5.4));
#4263 = VECTOR('',#4264,1.);
#4264 = DIRECTION('',(0.,0.,-1.));
#4265 = ORIENTED_EDGE('',*,*,#4266,.T.);
#4266 = EDGE_CURVE('',#4259,#4267,#4269,.T.);
#4267 = VERTEX_POINT('',#4268);
#4268 = CARTESIAN_POINT('',(-33.5,-82.,67.7));
#4269 = CIRCLE('',#4270,1.5);
#4270 = AXIS2_PLACEMENT_3D('',#4271,#4272,#4273);
#4271 = CARTESIAN_POINT('',(-33.5,-82.,66.2));
#4272 = DIRECTION('',(0.,-1.,1.110223024625E-16));
#4273 = DIRECTION('',(1.,0.,0.));
#4274 = ORIENTED_EDGE('',*,*,#4275,.F.);
#4275 = EDGE_CURVE('',#4276,#4267,#4278,.T.);
#4276 = VERTEX_POINT('',#4277);
#4277 = CARTESIAN_POINT('',(-76.5,-82.,67.7));
#4278 = LINE('',#4279,#4280);
#4279 = CARTESIAN_POINT('',(-85.25,-82.,67.7));
#4280 = VECTOR('',#4281,1.);
#4281 = DIRECTION('',(1.,0.,0.));
#4282 = ORIENTED_EDGE('',*,*,#4283,.T.);
#4283 = EDGE_CURVE('',#4276,#1354,#4284,.T.);
#4284 = CIRCLE('',#4285,1.5);
#4285 = AXIS2_PLACEMENT_3D('',#4286,#4287,#4288);
#4286 = CARTESIAN_POINT('',(-76.5,-82.,66.2));
#4287 = DIRECTION('',(0.,-1.,1.110223024625E-16));
#4288 = DIRECTION('',(1.,0.,0.));
#4289 = ORIENTED_EDGE('',*,*,#1361,.T.);
#4290 = ORIENTED_EDGE('',*,*,#4291,.T.);
#4291 = EDGE_CURVE('',#1362,#4292,#4294,.T.);
#4292 = VERTEX_POINT('',#4293);
#4293 = CARTESIAN_POINT('',(-76.5,-82.,73.3));
#4294 = CIRCLE('',#4295,1.5);
#4295 = AXIS2_PLACEMENT_3D('',#4296,#4297,#4298);
#4296 = CARTESIAN_POINT('',(-76.5,-82.,74.8));
#4297 = DIRECTION('',(0.,-1.,1.110223024625E-16));
#4298 = DIRECTION('',(1.,0.,0.));
#4299 = ORIENTED_EDGE('',*,*,#4300,.T.);
#4300 = EDGE_CURVE('',#4292,#4301,#4303,.T.);
#4301 = VERTEX_POINT('',#4302);
#4302 = CARTESIAN_POINT('',(-33.5,-82.,73.3));
#4303 = LINE('',#4304,#4305);
#4304 = CARTESIAN_POINT('',(-85.25,-82.,73.3));
#4305 = VECTOR('',#4306,1.);
#4306 = DIRECTION('',(1.,0.,0.));
#4307 = ORIENTED_EDGE('',*,*,#4308,.T.);
#4308 = EDGE_CURVE('',#4301,#4309,#4311,.T.);
#4309 = VERTEX_POINT('',#4310);
#4310 = CARTESIAN_POINT('',(-32.,-82.,74.8));
#4311 = CIRCLE('',#4312,1.5);
#4312 = AXIS2_PLACEMENT_3D('',#4313,#4314,#4315);
#4313 = CARTESIAN_POINT('',(-33.5,-82.,74.8));
#4314 = DIRECTION('',(0.,-1.,1.110223024625E-16));
#4315 = DIRECTION('',(1.,0.,0.));
#4316 = ORIENTED_EDGE('',*,*,#4317,.F.);
#4317 = EDGE_CURVE('',#4318,#4309,#4320,.T.);
#4318 = VERTEX_POINT('',#4319);
#4319 = CARTESIAN_POINT('',(-32.,-82.,75.2));
#4320 = LINE('',#4321,#4322);
#4321 = CARTESIAN_POINT('',(-32.,-82.,9.9));
#4322 = VECTOR('',#4323,1.);
#4323 = DIRECTION('',(0.,0.,-1.));
#4324 = ORIENTED_EDGE('',*,*,#4325,.T.);
#4325 = EDGE_CURVE('',#4318,#4326,#4328,.T.);
#4326 = VERTEX_POINT('',#4327);
#4327 = CARTESIAN_POINT('',(-33.5,-82.,76.7));
#4328 = CIRCLE('',#4329,1.5);
#4329 = AXIS2_PLACEMENT_3D('',#4330,#4331,#4332);
#4330 = CARTESIAN_POINT('',(-33.5,-82.,75.2));
#4331 = DIRECTION('',(0.,-1.,1.110223024625E-16));
#4332 = DIRECTION('',(1.,0.,0.));
#4333 = ORIENTED_EDGE('',*,*,#4334,.F.);
#4334 = EDGE_CURVE('',#4335,#4326,#4337,.T.);
#4335 = VERTEX_POINT('',#4336);
#4336 = CARTESIAN_POINT('',(-76.5,-82.,76.7));
#4337 = LINE('',#4338,#4339);
#4338 = CARTESIAN_POINT('',(-85.25,-82.,76.7));
#4339 = VECTOR('',#4340,1.);
#4340 = DIRECTION('',(1.,0.,0.));
#4341 = ORIENTED_EDGE('',*,*,#4342,.T.);
#4342 = EDGE_CURVE('',#4335,#1370,#4343,.T.);
#4343 = CIRCLE('',#4344,1.5);
#4344 = AXIS2_PLACEMENT_3D('',#4345,#4346,#4347);
#4345 = CARTESIAN_POINT('',(-76.5,-82.,75.2));
#4346 = DIRECTION('',(0.,-1.,1.110223024625E-16));
#4347 = DIRECTION('',(1.,0.,0.));
#4348 = ORIENTED_EDGE('',*,*,#1377,.T.);
#4349 = ORIENTED_EDGE('',*,*,#4350,.T.);
#4350 = EDGE_CURVE('',#1378,#3366,#4351,.T.);
#4351 = LINE('',#4352,#4353);
#4352 = CARTESIAN_POINT('',(-94.,-82.,84.));
#4353 = VECTOR('',#4354,1.);
#4354 = DIRECTION('',(1.,0.,0.));
#4355 = ORIENTED_EDGE('',*,*,#3374,.T.);
#4356 = ORIENTED_EDGE('',*,*,#4357,.T.);
#4357 = EDGE_CURVE('',#3375,#4358,#4360,.T.);
#4358 = VERTEX_POINT('',#4359);
#4359 = CARTESIAN_POINT('',(-20.,-82.,-30.17349830563));
#4360 = CIRCLE('',#4361,36.2);
#4361 = AXIS2_PLACEMENT_3D('',#4362,#4363,#4364);
#4362 = CARTESIAN_POINT('',(0.,-82.,0.));
#4363 = DIRECTION('',(0.,-1.,0.));
#4364 = DIRECTION('',(0.,0.,-1.));
#4365 = ORIENTED_EDGE('',*,*,#4366,.T.);
#4366 = EDGE_CURVE('',#4358,#4165,#4367,.T.);
#4367 = LINE('',#4368,#4369);
#4368 = CARTESIAN_POINT('',(-20.,-82.,-57.5));
#4369 = VECTOR('',#4370,1.);
#4370 = DIRECTION('',(0.,0.,-1.));
#4371 = FACE_BOUND('',#4372,.F.);
#4372 = EDGE_LOOP('',(#4373));
#4373 = ORIENTED_EDGE('',*,*,#4374,.T.);
#4374 = EDGE_CURVE('',#4375,#4375,#4377,.T.);
#4375 = VERTEX_POINT('',#4376);
#4376 = CARTESIAN_POINT('',(-45.,-82.,27.));
#4377 = CIRCLE('',#4378,8.);
#4378 = AXIS2_PLACEMENT_3D('',#4379,#4380,#4381);
#4379 = CARTESIAN_POINT('',(-45.,-82.,35.));
#4380 = DIRECTION('',(0.,-1.,0.));
#4381 = DIRECTION('',(0.,0.,-1.));
#4382 = PLANE('',#4383);
#4383 = AXIS2_PLACEMENT_3D('',#4384,#4385,#4386);
#4384 = CARTESIAN_POINT('',(-94.,-82.,-55.));
#4385 = DIRECTION('',(0.,1.,0.));
#4386 = DIRECTION('',(0.,0.,1.));
#4387 = ADVANCED_FACE('',(#4388),#4413,.T.);
#4388 = FACE_BOUND('',#4389,.T.);
#4389 = EDGE_LOOP('',(#4390,#4398,#4406,#4412));
#4390 = ORIENTED_EDGE('',*,*,#4391,.F.);
#4391 = EDGE_CURVE('',#4392,#1330,#4394,.T.);
#4392 = VERTEX_POINT('',#4393);
#4393 = CARTESIAN_POINT('',(-78.,-79.,56.8));
#4394 = LINE('',#4395,#4396);
#4395 = CARTESIAN_POINT('',(-78.,-78.8,56.8));
#4396 = VECTOR('',#4397,1.);
#4397 = DIRECTION('',(0.,-1.,1.110223024625E-16));
#4398 = ORIENTED_EDGE('',*,*,#4399,.T.);
#4399 = EDGE_CURVE('',#4392,#4400,#4402,.T.);
#4400 = VERTEX_POINT('',#4401);
#4401 = CARTESIAN_POINT('',(-78.,-79.,57.2));
#4402 = LINE('',#4403,#4404);
#4403 = CARTESIAN_POINT('',(-78.,-79.,-57.));
#4404 = VECTOR('',#4405,1.);
#4405 = DIRECTION('',(0.,0.,1.));
#4406 = ORIENTED_EDGE('',*,*,#4407,.T.);
#4407 = EDGE_CURVE('',#4400,#1338,#4408,.T.);
#4408 = LINE('',#4409,#4410);
#4409 = CARTESIAN_POINT('',(-78.,-78.8,57.2));
#4410 = VECTOR('',#4411,1.);
#4411 = DIRECTION('',(0.,-1.,1.110223024625E-16));
#4412 = ORIENTED_EDGE('',*,*,#1337,.F.);
#4413 = PLANE('',#4414);
#4414 = AXIS2_PLACEMENT_3D('',#4415,#4416,#4417);
#4415 = CARTESIAN_POINT('',(-78.,-78.8,56.8));
#4416 = DIRECTION('',(1.,0.,0.));
#4417 = DIRECTION('',(0.,-1.,1.110223024625E-16));
#4418 = ADVANCED_FACE('',(#4419),#4444,.T.);
#4419 = FACE_BOUND('',#4420,.T.);
#4420 = EDGE_LOOP('',(#4421,#4429,#4437,#4443));
#4421 = ORIENTED_EDGE('',*,*,#4422,.F.);
#4422 = EDGE_CURVE('',#4423,#1346,#4425,.T.);
#4423 = VERTEX_POINT('',#4424);
#4424 = CARTESIAN_POINT('',(-78.,-79.,65.8));
#4425 = LINE('',#4426,#4427);
#4426 = CARTESIAN_POINT('',(-78.,-78.8,65.8));
#4427 = VECTOR('',#4428,1.);
#4428 = DIRECTION('',(0.,-1.,1.110223024625E-16));
#4429 = ORIENTED_EDGE('',*,*,#4430,.T.);
#4430 = EDGE_CURVE('',#4423,#4431,#4433,.T.);
#4431 = VERTEX_POINT('',#4432);
#4432 = CARTESIAN_POINT('',(-78.,-79.,66.2));
#4433 = LINE('',#4434,#4435);
#4434 = CARTESIAN_POINT('',(-78.,-79.,-57.));
#4435 = VECTOR('',#4436,1.);
#4436 = DIRECTION('',(0.,0.,1.));
#4437 = ORIENTED_EDGE('',*,*,#4438,.T.);
#4438 = EDGE_CURVE('',#4431,#1354,#4439,.T.);
#4439 = LINE('',#4440,#4441);
#4440 = CARTESIAN_POINT('',(-78.,-78.8,66.2));
#4441 = VECTOR('',#4442,1.);
#4442 = DIRECTION('',(0.,-1.,1.110223024625E-16));
#4443 = ORIENTED_EDGE('',*,*,#1353,.F.);
#4444 = PLANE('',#4445);
#4445 = AXIS2_PLACEMENT_3D('',#4446,#4447,#4448);
#4446 = CARTESIAN_POINT('',(-78.,-78.8,65.8));
#4447 = DIRECTION('',(1.,0.,0.));
#4448 = DIRECTION('',(0.,-1.,1.110223024625E-16));
#4449 = ADVANCED_FACE('',(#4450),#4475,.T.);
#4450 = FACE_BOUND('',#4451,.T.);
#4451 = EDGE_LOOP('',(#4452,#4460,#4468,#4474));
#4452 = ORIENTED_EDGE('',*,*,#4453,.F.);
#4453 = EDGE_CURVE('',#4454,#1362,#4456,.T.);
#4454 = VERTEX_POINT('',#4455);
#4455 = CARTESIAN_POINT('',(-78.,-79.,74.8));
#4456 = LINE('',#4457,#4458);
#4457 = CARTESIAN_POINT('',(-78.,-78.8,74.8));
#4458 = VECTOR('',#4459,1.);
#4459 = DIRECTION('',(0.,-1.,1.110223024625E-16));
#4460 = ORIENTED_EDGE('',*,*,#4461,.T.);
#4461 = EDGE_CURVE('',#4454,#4462,#4464,.T.);
#4462 = VERTEX_POINT('',#4463);
#4463 = CARTESIAN_POINT('',(-78.,-79.,75.2));
#4464 = LINE('',#4465,#4466);
#4465 = CARTESIAN_POINT('',(-78.,-79.,-57.));
#4466 = VECTOR('',#4467,1.);
#4467 = DIRECTION('',(0.,0.,1.));
#4468 = ORIENTED_EDGE('',*,*,#4469,.T.);
#4469 = EDGE_CURVE('',#4462,#1370,#4470,.T.);
#4470 = LINE('',#4471,#4472);
#4471 = CARTESIAN_POINT('',(-78.,-78.8,75.2));
#4472 = VECTOR('',#4473,1.);
#4473 = DIRECTION('',(0.,-1.,1.110223024625E-16));
#4474 = ORIENTED_EDGE('',*,*,#1369,.F.);
#4475 = PLANE('',#4476);
#4476 = AXIS2_PLACEMENT_3D('',#4477,#4478,#4479);
#4477 = CARTESIAN_POINT('',(-78.,-78.8,74.8));
#4478 = DIRECTION('',(1.,0.,0.));
#4479 = DIRECTION('',(0.,-1.,1.110223024625E-16));
#4480 = ADVANCED_FACE('',(#4481),#4506,.T.);
#4481 = FACE_BOUND('',#4482,.T.);
#4482 = EDGE_LOOP('',(#4483,#4484,#4492,#4500));
#4483 = ORIENTED_EDGE('',*,*,#1431,.T.);
#4484 = ORIENTED_EDGE('',*,*,#4485,.T.);
#4485 = EDGE_CURVE('',#1434,#4486,#4488,.T.);
#4486 = VERTEX_POINT('',#4487);
#4487 = CARTESIAN_POINT('',(-85.,64.,-50.));
#4488 = LINE('',#4489,#4490);
#4489 = CARTESIAN_POINT('',(-85.,64.,-56.));
#4490 = VECTOR('',#4491,1.);
#4491 = DIRECTION('',(0.,0.,1.));
#4492 = ORIENTED_EDGE('',*,*,#4493,.F.);
#4493 = EDGE_CURVE('',#4494,#4486,#4496,.T.);
#4494 = VERTEX_POINT('',#4495);
#4495 = CARTESIAN_POINT('',(-85.,-64.,-50.));
#4496 = LINE('',#4497,#4498);
#4497 = CARTESIAN_POINT('',(-85.,-77.,-50.));
#4498 = VECTOR('',#4499,1.);
#4499 = DIRECTION('',(0.,1.,0.));
#4500 = ORIENTED_EDGE('',*,*,#4501,.F.);
#4501 = EDGE_CURVE('',#1432,#4494,#4502,.T.);
#4502 = LINE('',#4503,#4504);
#4503 = CARTESIAN_POINT('',(-85.,-64.,-56.));
#4504 = VECTOR('',#4505,1.);
#4505 = DIRECTION('',(0.,0.,1.));
#4506 = PLANE('',#4507);
#4507 = AXIS2_PLACEMENT_3D('',#4508,#4509,#4510);
#4508 = CARTESIAN_POINT('',(-85.,-64.,-56.));
#4509 = DIRECTION('',(1.,0.,0.));
#4510 = DIRECTION('',(0.,0.,1.));
#4511 = ADVANCED_FACE('',(#4512),#4558,.F.);
#4512 = FACE_BOUND('',#4513,.T.);
#4513 = EDGE_LOOP('',(#4514,#4515,#4524,#4532,#4557));
#4514 = ORIENTED_EDGE('',*,*,#4501,.T.);
#4515 = ORIENTED_EDGE('',*,*,#4516,.T.);
#4516 = EDGE_CURVE('',#4494,#4517,#4519,.T.);
#4517 = VERTEX_POINT('',#4518);
#4518 = CARTESIAN_POINT('',(-79.,-70.,-50.));
#4519 = CIRCLE('',#4520,6.);
#4520 = AXIS2_PLACEMENT_3D('',#4521,#4522,#4523);
#4521 = CARTESIAN_POINT('',(-79.,-64.,-50.));
#4522 = DIRECTION('',(0.,0.,1.));
#4523 = DIRECTION('',(1.,0.,0.));
#4524 = ORIENTED_EDGE('',*,*,#4525,.F.);
#4525 = EDGE_CURVE('',#4526,#4517,#4528,.T.);
#4526 = VERTEX_POINT('',#4527);
#4527 = CARTESIAN_POINT('',(-79.,-70.,-54.45962483374));
#4528 = LINE('',#4529,#4530);
#4529 = CARTESIAN_POINT('',(-79.,-70.,-56.));
#4530 = VECTOR('',#4531,1.);
#4531 = DIRECTION('',(0.,0.,1.));
#4532 = ORIENTED_EDGE('',*,*,#4533,.F.);
#4533 = EDGE_CURVE('',#1442,#4526,#4534,.T.);
#4534 = B_SPLINE_CURVE_WITH_KNOTS('',6,(#4535,#4536,#4537,#4538,#4539,
    #4540,#4541,#4542,#4543,#4544,#4545,#4546,#4547,#4548,#4549,#4550,
    #4551,#4552,#4553,#4554,#4555,#4556),.UNSPECIFIED.,.F.,.F.,(7,5,5,5,
    7),(0.,0.421439548136,0.562126489269,0.961928108071,1.),
  .UNSPECIFIED.);
#4535 = CARTESIAN_POINT('',(-84.65685424949,-66.,-53.54944299624));
#4536 = CARTESIAN_POINT('',(-84.48407757926,-66.4886862206,
    -53.62849407137));
#4537 = CARTESIAN_POINT('',(-84.26075288965,-66.95914430002,
    -53.70799828622));
#4538 = CARTESIAN_POINT('',(-83.98927910529,-67.40498182263,
    -53.78690092598));
#4539 = CARTESIAN_POINT('',(-83.67302801276,-67.82037103816,
    -53.86420394485));
#4540 = CARTESIAN_POINT('',(-83.3161673451,-68.19994291028,
    -53.93895987532));
#4541 = CARTESIAN_POINT('',(-82.7929989647,-68.65221624421,
    -54.03407575268));
#4542 = CARTESIAN_POINT('',(-82.65811687969,-68.76090059342,
    -54.05749775192));
#4543 = CARTESIAN_POINT('',(-82.51948128415,-68.86490349276,
    -54.08050350668));
#4544 = CARTESIAN_POINT('',(-82.37729442602,-68.96406346293,
    -54.10306108013));
#4545 = CARTESIAN_POINT('',(-82.23176887633,-69.05823004515,
    -54.12513959197));
#4546 = CARTESIAN_POINT('',(-81.66072122232,-69.40027832761,
    -54.20800539476));
#4547 = CARTESIAN_POINT('',(-81.21306687125,-69.61189407899,
    -54.26520443173));
#4548 = CARTESIAN_POINT('',(-80.74542620305,-69.77879482919,
    -54.31759568105));
#4549 = CARTESIAN_POINT('',(-80.26350566811,-69.89871949893,
    -54.36459312322));
#4550 = CARTESIAN_POINT('',(-79.77335136466,-69.97030767614,
    -54.40570488833));
#4551 = CARTESIAN_POINT('',(-79.23444546962,-69.99560136087,
    -54.44388311025));
#4552 = CARTESIAN_POINT('',(-79.18757113201,-69.99736086376,
    -54.44714595231));
#4553 = CARTESIAN_POINT('',(-79.14068413241,-69.99868049983,
    -54.45035183739));
#4554 = CARTESIAN_POINT('',(-79.09378975906,-69.99956020404,
    -54.45350046832));
#4555 = CARTESIAN_POINT('',(-79.04689329138,-70.,-54.45659155887));
#4556 = CARTESIAN_POINT('',(-79.,-70.,-54.45962483374));
#4557 = ORIENTED_EDGE('',*,*,#1441,.F.);
#4558 = CYLINDRICAL_SURFACE('',#4559,6.);
#4559 = AXIS2_PLACEMENT_3D('',#4560,#4561,#4562);
#4560 = CARTESIAN_POINT('',(-79.,-64.,-56.));
#4561 = DIRECTION('',(0.,0.,1.));
#4562 = DIRECTION('',(1.,0.,0.));
#4563 = ADVANCED_FACE('',(#4564),#4593,.T.);
#4564 = FACE_BOUND('',#4565,.T.);
#4565 = EDGE_LOOP('',(#4566,#4567,#4568,#4577,#4586));
#4566 = ORIENTED_EDGE('',*,*,#1456,.F.);
#4567 = ORIENTED_EDGE('',*,*,#4533,.T.);
#4568 = ORIENTED_EDGE('',*,*,#4569,.F.);
#4569 = EDGE_CURVE('',#4570,#4526,#4572,.T.);
#4570 = VERTEX_POINT('',#4571);
#4571 = CARTESIAN_POINT('',(-78.,-70.,-54.49193338483));
#4572 = CIRCLE('',#4573,15.49193338483);
#4573 = AXIS2_PLACEMENT_3D('',#4574,#4575,#4576);
#4574 = CARTESIAN_POINT('',(-78.,-70.,-39.));
#4575 = DIRECTION('',(0.,1.,0.));
#4576 = DIRECTION('',(0.,0.,1.));
#4577 = ORIENTED_EDGE('',*,*,#4578,.T.);
#4578 = EDGE_CURVE('',#4570,#4579,#4581,.T.);
#4579 = VERTEX_POINT('',#4580);
#4580 = CARTESIAN_POINT('',(-78.,-75.32737905308,-52.));
#4581 = CIRCLE('',#4582,16.);
#4582 = AXIS2_PLACEMENT_3D('',#4583,#4584,#4585);
#4583 = CARTESIAN_POINT('',(-78.,-66.,-39.));
#4584 = DIRECTION('',(-1.,6.123233995737E-17,0.));
#4585 = DIRECTION('',(-6.123233995737E-17,-1.,0.));
#4586 = ORIENTED_EDGE('',*,*,#4587,.F.);
#4587 = EDGE_CURVE('',#1457,#4579,#4588,.T.);
#4588 = CIRCLE('',#4589,9.327379053089);
#4589 = AXIS2_PLACEMENT_3D('',#4590,#4591,#4592);
#4590 = CARTESIAN_POINT('',(-78.,-66.,-52.));
#4591 = DIRECTION('',(0.,0.,1.));
#4592 = DIRECTION('',(-1.,0.,0.));
#4593 = SPHERICAL_SURFACE('',#4594,16.);
#4594 = AXIS2_PLACEMENT_3D('',#4595,#4596,#4597);
#4595 = CARTESIAN_POINT('',(-78.,-66.,-39.));
#4596 = DIRECTION('',(0.,0.,1.));
#4597 = DIRECTION('',(-1.,0.,0.));
#4598 = ADVANCED_FACE('',(#4599),#4619,.T.);
#4599 = FACE_BOUND('',#4600,.T.);
#4600 = EDGE_LOOP('',(#4601,#4602,#4603,#4612));
#4601 = ORIENTED_EDGE('',*,*,#1465,.F.);
#4602 = ORIENTED_EDGE('',*,*,#4587,.T.);
#4603 = ORIENTED_EDGE('',*,*,#4604,.T.);
#4604 = EDGE_CURVE('',#4579,#4605,#4607,.T.);
#4605 = VERTEX_POINT('',#4606);
#4606 = CARTESIAN_POINT('',(-78.,-77.42628548566,-50.2));
#4607 = CIRCLE('',#4608,16.);
#4608 = AXIS2_PLACEMENT_3D('',#4609,#4610,#4611);
#4609 = CARTESIAN_POINT('',(-78.,-66.,-39.));
#4610 = DIRECTION('',(-1.,6.123233995737E-17,0.));
#4611 = DIRECTION('',(-6.123233995737E-17,-1.,0.));
#4612 = ORIENTED_EDGE('',*,*,#4613,.T.);
#4613 = EDGE_CURVE('',#4605,#1466,#4614,.T.);
#4614 = CIRCLE('',#4615,11.426285485669);
#4615 = AXIS2_PLACEMENT_3D('',#4616,#4617,#4618);
#4616 = CARTESIAN_POINT('',(-78.,-66.,-50.2));
#4617 = DIRECTION('',(0.,0.,-1.));
#4618 = DIRECTION('',(0.,1.,0.));
#4619 = SPHERICAL_SURFACE('',#4620,16.);
#4620 = AXIS2_PLACEMENT_3D('',#4621,#4622,#4623);
#4621 = CARTESIAN_POINT('',(-78.,-66.,-39.));
#4622 = DIRECTION('',(0.,0.,1.));
#4623 = DIRECTION('',(-1.,0.,0.));
#4624 = ADVANCED_FACE('',(#4625),#4637,.T.);
#4625 = FACE_BOUND('',#4626,.T.);
#4626 = EDGE_LOOP('',(#4627,#4628,#4629,#4636));
#4627 = ORIENTED_EDGE('',*,*,#1474,.F.);
#4628 = ORIENTED_EDGE('',*,*,#4613,.F.);
#4629 = ORIENTED_EDGE('',*,*,#4630,.T.);
#4630 = EDGE_CURVE('',#4605,#4122,#4631,.T.);
#4631 = CIRCLE('',#4632,16.);
#4632 = AXIS2_PLACEMENT_3D('',#4633,#4634,#4635);
#4633 = CARTESIAN_POINT('',(-78.,-66.,-39.));
#4634 = DIRECTION('',(-1.,6.123233995737E-17,0.));
#4635 = DIRECTION('',(-6.123233995737E-17,-1.,0.));
#4636 = ORIENTED_EDGE('',*,*,#4121,.F.);
#4637 = SPHERICAL_SURFACE('',#4638,16.);
#4638 = AXIS2_PLACEMENT_3D('',#4639,#4640,#4641);
#4639 = CARTESIAN_POINT('',(-78.,-66.,-39.));
#4640 = DIRECTION('',(0.,0.,1.));
#4641 = DIRECTION('',(-1.,0.,0.));
#4642 = ADVANCED_FACE('',(#4643),#4655,.T.);
#4643 = FACE_BOUND('',#4644,.F.);
#4644 = EDGE_LOOP('',(#4645,#4646,#4653,#4654));
#4645 = ORIENTED_EDGE('',*,*,#1503,.F.);
#4646 = ORIENTED_EDGE('',*,*,#4647,.F.);
#4647 = EDGE_CURVE('',#3073,#1504,#4648,.T.);
#4648 = CIRCLE('',#4649,9.327379053089);
#4649 = AXIS2_PLACEMENT_3D('',#4650,#4651,#4652);
#4650 = CARTESIAN_POINT('',(-78.,66.,-52.));
#4651 = DIRECTION('',(0.,0.,1.));
#4652 = DIRECTION('',(-1.,0.,0.));
#4653 = ORIENTED_EDGE('',*,*,#3081,.T.);
#4654 = ORIENTED_EDGE('',*,*,#4103,.F.);
#4655 = SPHERICAL_SURFACE('',#4656,16.);
#4656 = AXIS2_PLACEMENT_3D('',#4657,#4658,#4659);
#4657 = CARTESIAN_POINT('',(-78.,66.,-39.));
#4658 = DIRECTION('',(0.,0.,1.));
#4659 = DIRECTION('',(-1.,0.,0.));
#4660 = ADVANCED_FACE('',(#4661),#4705,.T.);
#4661 = FACE_BOUND('',#4662,.F.);
#4662 = EDGE_LOOP('',(#4663,#4664,#4696,#4703,#4704));
#4663 = ORIENTED_EDGE('',*,*,#1512,.F.);
#4664 = ORIENTED_EDGE('',*,*,#4665,.F.);
#4665 = EDGE_CURVE('',#4666,#1513,#4668,.T.);
#4666 = VERTEX_POINT('',#4667);
#4667 = CARTESIAN_POINT('',(-79.,70.,-54.45962483374));
#4668 = B_SPLINE_CURVE_WITH_KNOTS('',6,(#4669,#4670,#4671,#4672,#4673,
    #4674,#4675,#4676,#4677,#4678,#4679,#4680,#4681,#4682,#4683,#4684,
    #4685,#4686,#4687,#4688,#4689,#4690,#4691,#4692,#4693,#4694,#4695),
  .UNSPECIFIED.,.F.,.F.,(7,5,5,5,5,7),(0.,3.844490999435E-02,
    0.449600597641,0.597749988963,0.892479710595,1.),.UNSPECIFIED.);
#4669 = CARTESIAN_POINT('',(-79.,70.,-54.45962483374));
#4670 = CARTESIAN_POINT('',(-79.04735300651,70.,-54.45656182237));
#4671 = CARTESIAN_POINT('',(-79.09470925144,69.999551538768,
    -54.45343985622));
#4672 = CARTESIAN_POINT('',(-79.14206330805,69.998654500668,
    -54.45025921871));
#4673 = CARTESIAN_POINT('',(-79.18940974022,69.997308862272,
    -54.44702020469));
#4674 = CARTESIAN_POINT('',(-79.23674310245,69.995514692357,
    -54.44372312039));
#4675 = CARTESIAN_POINT('',(-79.79007458807,69.969288918211,
    -54.40448940376));
#4676 = CARTESIAN_POINT('',(-80.29406919819,69.894018259993,
    -54.36199814451));
#4677 = CARTESIAN_POINT('',(-80.78913607658,69.767632755192,
    -54.31329497303));
#4678 = CARTESIAN_POINT('',(-81.26870894871,69.591657071182,
    -54.25891966977));
#4679 = CARTESIAN_POINT('',(-81.72661011841,69.368609093796,
    -54.19951537393));
#4680 = CARTESIAN_POINT('',(-82.31231346724,69.006182623769,
    -54.11292921894));
#4681 = CARTESIAN_POINT('',(-82.46391829255,68.904542674838,
    -54.08944092223));
#4682 = CARTESIAN_POINT('',(-82.61172870308,68.797429190841,
    -54.06543454992));
#4683 = CARTESIAN_POINT('',(-82.75550009843,68.685021847075,
    -54.04094654307));
#4684 = CARTESIAN_POINT('',(-82.89500072164,68.567513532624,
    -54.01601460593));
#4685 = CARTESIAN_POINT('',(-83.29860362356,68.201600366866,
    -53.94027225087));
#4686 = CARTESIAN_POINT('',(-83.54943339145,67.938710702326,
    -53.88826273073));
#4687 = CARTESIAN_POINT('',(-83.78076604222,67.658066836384,
    -53.83495747542));
#4688 = CARTESIAN_POINT('',(-83.99110848314,67.361458500177,
    -53.78067759279));
#4689 = CARTESIAN_POINT('',(-84.17917189969,67.050804442581,
    -53.7257571083));
#4690 = CARTESIAN_POINT('',(-84.40397715889,66.610458901244,
    -53.65040228091));
#4691 = CARTESIAN_POINT('',(-84.46096029656,66.491159065241,
    -53.63022104995));
#4692 = CARTESIAN_POINT('',(-84.51478516145,66.370361563678,
    -53.61001749721));
#4693 = CARTESIAN_POINT('',(-84.5654041619,66.248167210053,
    -53.58980855426));
#4694 = CARTESIAN_POINT('',(-84.61277371559,66.124678577741,
    -53.56961130711));
#4695 = CARTESIAN_POINT('',(-84.65685424949,66.,-53.54944299624));
#4696 = ORIENTED_EDGE('',*,*,#4697,.F.);
#4697 = EDGE_CURVE('',#3063,#4666,#4698,.T.);
#4698 = CIRCLE('',#4699,15.49193338483);
#4699 = AXIS2_PLACEMENT_3D('',#4700,#4701,#4702);
#4700 = CARTESIAN_POINT('',(-78.,70.,-39.));
#4701 = DIRECTION('',(0.,1.,0.));
#4702 = DIRECTION('',(0.,0.,1.));
#4703 = ORIENTED_EDGE('',*,*,#3072,.T.);
#4704 = ORIENTED_EDGE('',*,*,#4647,.T.);
#4705 = SPHERICAL_SURFACE('',#4706,16.);
#4706 = AXIS2_PLACEMENT_3D('',#4707,#4708,#4709);
#4707 = CARTESIAN_POINT('',(-78.,66.,-39.));
#4708 = DIRECTION('',(0.,0.,1.));
#4709 = DIRECTION('',(-1.,0.,0.));
#4710 = ADVANCED_FACE('',(#4711),#4731,.F.);
#4711 = FACE_BOUND('',#4712,.T.);
#4712 = EDGE_LOOP('',(#4713,#4721,#4728,#4729,#4730));
#4713 = ORIENTED_EDGE('',*,*,#4714,.T.);
#4714 = EDGE_CURVE('',#4666,#4715,#4717,.T.);
#4715 = VERTEX_POINT('',#4716);
#4716 = CARTESIAN_POINT('',(-79.,70.,-50.));
#4717 = LINE('',#4718,#4719);
#4718 = CARTESIAN_POINT('',(-79.,70.,-56.));
#4719 = VECTOR('',#4720,1.);
#4720 = DIRECTION('',(0.,0.,1.));
#4721 = ORIENTED_EDGE('',*,*,#4722,.T.);
#4722 = EDGE_CURVE('',#4715,#4486,#4723,.T.);
#4723 = CIRCLE('',#4724,6.);
#4724 = AXIS2_PLACEMENT_3D('',#4725,#4726,#4727);
#4725 = CARTESIAN_POINT('',(-79.,64.,-50.));
#4726 = DIRECTION('',(0.,0.,1.));
#4727 = DIRECTION('',(1.,0.,0.));
#4728 = ORIENTED_EDGE('',*,*,#4485,.F.);
#4729 = ORIENTED_EDGE('',*,*,#1521,.F.);
#4730 = ORIENTED_EDGE('',*,*,#4665,.F.);
#4731 = CYLINDRICAL_SURFACE('',#4732,6.);
#4732 = AXIS2_PLACEMENT_3D('',#4733,#4734,#4735);
#4733 = CARTESIAN_POINT('',(-79.,64.,-56.));
#4734 = DIRECTION('',(0.,0.,1.));
#4735 = DIRECTION('',(1.,0.,0.));
#4736 = ADVANCED_FACE('',(#4737,#4748),#4818,.T.);
#4737 = FACE_BOUND('',#4738,.T.);
#4738 = EDGE_LOOP('',(#4739,#4740,#4746,#4747));
#4739 = ORIENTED_EDGE('',*,*,#1561,.F.);
#4740 = ORIENTED_EDGE('',*,*,#4741,.T.);
#4741 = EDGE_CURVE('',#1553,#3358,#4742,.T.);
#4742 = LINE('',#4743,#4744);
#4743 = CARTESIAN_POINT('',(-94.,-66.,100.));
#4744 = VECTOR('',#4745,1.);
#4745 = DIRECTION('',(1.,0.,0.));
#4746 = ORIENTED_EDGE('',*,*,#3357,.T.);
#4747 = ORIENTED_EDGE('',*,*,#3039,.F.);
#4748 = FACE_BOUND('',#4749,.T.);
#4749 = EDGE_LOOP('',(#4750,#4760,#4769,#4777,#4786,#4794,#4803,#4811));
#4750 = ORIENTED_EDGE('',*,*,#4751,.T.);
#4751 = EDGE_CURVE('',#4752,#4754,#4756,.T.);
#4752 = VERTEX_POINT('',#4753);
#4753 = CARTESIAN_POINT('',(-28.,51.,100.));
#4754 = VERTEX_POINT('',#4755);
#4755 = CARTESIAN_POINT('',(-28.,-51.,100.));
#4756 = LINE('',#4757,#4758);
#4757 = CARTESIAN_POINT('',(-28.,-66.5,100.));
#4758 = VECTOR('',#4759,1.);
#4759 = DIRECTION('',(0.,-1.,0.));
#4760 = ORIENTED_EDGE('',*,*,#4761,.T.);
#4761 = EDGE_CURVE('',#4754,#4762,#4764,.T.);
#4762 = VERTEX_POINT('',#4763);
#4763 = CARTESIAN_POINT('',(-32.,-55.,100.));
#4764 = CIRCLE('',#4765,4.);
#4765 = AXIS2_PLACEMENT_3D('',#4766,#4767,#4768);
#4766 = CARTESIAN_POINT('',(-32.,-51.,100.));
#4767 = DIRECTION('',(2.22044604925E-16,0.,-1.));
#4768 = DIRECTION('',(-1.,0.,-2.22044604925E-16));
#4769 = ORIENTED_EDGE('',*,*,#4770,.T.);
#4770 = EDGE_CURVE('',#4762,#4771,#4773,.T.);
#4771 = VERTEX_POINT('',#4772);
#4772 = CARTESIAN_POINT('',(-72.,-55.,100.));
#4773 = LINE('',#4774,#4775);
#4774 = CARTESIAN_POINT('',(-63.,-55.,100.));
#4775 = VECTOR('',#4776,1.);
#4776 = DIRECTION('',(-1.,0.,0.));
#4777 = ORIENTED_EDGE('',*,*,#4778,.T.);
#4778 = EDGE_CURVE('',#4771,#4779,#4781,.T.);
#4779 = VERTEX_POINT('',#4780);
#4780 = CARTESIAN_POINT('',(-76.,-51.,100.));
#4781 = CIRCLE('',#4782,4.);
#4782 = AXIS2_PLACEMENT_3D('',#4783,#4784,#4785);
#4783 = CARTESIAN_POINT('',(-72.,-51.,100.));
#4784 = DIRECTION('',(2.22044604925E-16,0.,-1.));
#4785 = DIRECTION('',(-1.,0.,-2.22044604925E-16));
#4786 = ORIENTED_EDGE('',*,*,#4787,.F.);
#4787 = EDGE_CURVE('',#4788,#4779,#4790,.T.);
#4788 = VERTEX_POINT('',#4789);
#4789 = CARTESIAN_POINT('',(-76.,51.,100.));
#4790 = LINE('',#4791,#4792);
#4791 = CARTESIAN_POINT('',(-76.,-66.5,100.));
#4792 = VECTOR('',#4793,1.);
#4793 = DIRECTION('',(0.,-1.,0.));
#4794 = ORIENTED_EDGE('',*,*,#4795,.T.);
#4795 = EDGE_CURVE('',#4788,#4796,#4798,.T.);
#4796 = VERTEX_POINT('',#4797);
#4797 = CARTESIAN_POINT('',(-72.,55.,100.));
#4798 = CIRCLE('',#4799,4.);
#4799 = AXIS2_PLACEMENT_3D('',#4800,#4801,#4802);
#4800 = CARTESIAN_POINT('',(-72.,51.,100.));
#4801 = DIRECTION('',(2.22044604925E-16,0.,-1.));
#4802 = DIRECTION('',(-1.,0.,-2.22044604925E-16));
#4803 = ORIENTED_EDGE('',*,*,#4804,.F.);
#4804 = EDGE_CURVE('',#4805,#4796,#4807,.T.);
#4805 = VERTEX_POINT('',#4806);
#4806 = CARTESIAN_POINT('',(-32.,55.,100.));
#4807 = LINE('',#4808,#4809);
#4808 = CARTESIAN_POINT('',(-63.,55.,100.));
#4809 = VECTOR('',#4810,1.);
#4810 = DIRECTION('',(-1.,0.,0.));
#4811 = ORIENTED_EDGE('',*,*,#4812,.T.);
#4812 = EDGE_CURVE('',#4805,#4752,#4813,.T.);
#4813 = CIRCLE('',#4814,4.);
#4814 = AXIS2_PLACEMENT_3D('',#4815,#4816,#4817);
#4815 = CARTESIAN_POINT('',(-32.,51.,100.));
#4816 = DIRECTION('',(2.22044604925E-16,0.,-1.));
#4817 = DIRECTION('',(-1.,0.,-2.22044604925E-16));
#4818 = PLANE('',#4819);
#4819 = AXIS2_PLACEMENT_3D('',#4820,#4821,#4822);
#4820 = CARTESIAN_POINT('',(-94.,-82.,100.));
#4821 = DIRECTION('',(0.,0.,1.));
#4822 = DIRECTION('',(1.,0.,0.));
#4823 = ADVANCED_FACE('',(#4824),#4835,.T.);
#4824 = FACE_BOUND('',#4825,.T.);
#4825 = EDGE_LOOP('',(#4826,#4827,#4828,#4829));
#4826 = ORIENTED_EDGE('',*,*,#1595,.F.);
#4827 = ORIENTED_EDGE('',*,*,#1569,.T.);
#4828 = ORIENTED_EDGE('',*,*,#1683,.T.);
#4829 = ORIENTED_EDGE('',*,*,#4830,.F.);
#4830 = EDGE_CURVE('',#1585,#1668,#4831,.T.);
#4831 = LINE('',#4832,#4833);
#4832 = CARTESIAN_POINT('',(-91.,-79.,84.));
#4833 = VECTOR('',#4834,1.);
#4834 = DIRECTION('',(0.,1.,0.));
#4835 = PLANE('',#4836);
#4836 = AXIS2_PLACEMENT_3D('',#4837,#4838,#4839);
#4837 = CARTESIAN_POINT('',(-94.2,-47.2,84.));
#4838 = DIRECTION('',(1.110223024625E-16,0.,-1.));
#4839 = DIRECTION('',(1.,0.,1.110223024625E-16));
#4840 = ADVANCED_FACE('',(#4841,#4958,#5024,#5034,#5044,#5054,#5064),
  #5080,.T.);
#4841 = FACE_BOUND('',#4842,.T.);
#4842 = EDGE_LOOP('',(#4843,#4853,#4862,#4871,#4879,#4888,#4895,#4896,
    #4905,#4912,#4913,#4919,#4920,#4921,#4922,#4923,#4924,#4925,#4926,
    #4934,#4942,#4951));
#4843 = ORIENTED_EDGE('',*,*,#4844,.F.);
#4844 = EDGE_CURVE('',#4845,#4847,#4849,.T.);
#4845 = VERTEX_POINT('',#4846);
#4846 = CARTESIAN_POINT('',(-91.,-66.,-37.));
#4847 = VERTEX_POINT('',#4848);
#4848 = CARTESIAN_POINT('',(-91.,-66.,38.));
#4849 = LINE('',#4850,#4851);
#4850 = CARTESIAN_POINT('',(-91.,-66.,-57.));
#4851 = VECTOR('',#4852,1.);
#4852 = DIRECTION('',(0.,0.,1.));
#4853 = ORIENTED_EDGE('',*,*,#4854,.F.);
#4854 = EDGE_CURVE('',#4855,#4845,#4857,.T.);
#4855 = VERTEX_POINT('',#4856);
#4856 = CARTESIAN_POINT('',(-91.,-62.,-35.));
#4857 = CIRCLE('',#4858,5.);
#4858 = AXIS2_PLACEMENT_3D('',#4859,#4860,#4861);
#4859 = CARTESIAN_POINT('',(-91.,-62.,-40.));
#4860 = DIRECTION('',(1.,0.,-0.));
#4861 = DIRECTION('',(0.,0.,1.));
#4862 = ORIENTED_EDGE('',*,*,#4863,.F.);
#4863 = EDGE_CURVE('',#4864,#4855,#4866,.T.);
#4864 = VERTEX_POINT('',#4865);
#4865 = CARTESIAN_POINT('',(-91.,-59.,-44.));
#4866 = CIRCLE('',#4867,5.);
#4867 = AXIS2_PLACEMENT_3D('',#4868,#4869,#4870);
#4868 = CARTESIAN_POINT('',(-91.,-62.,-40.));
#4869 = DIRECTION('',(1.,0.,-0.));
#4870 = DIRECTION('',(0.,0.,1.));
#4871 = ORIENTED_EDGE('',*,*,#4872,.T.);
#4872 = EDGE_CURVE('',#4864,#4873,#4875,.T.);
#4873 = VERTEX_POINT('',#4874);
#4874 = CARTESIAN_POINT('',(-91.,59.,-44.));
#4875 = LINE('',#4876,#4877);
#4876 = CARTESIAN_POINT('',(-91.,-79.,-44.));
#4877 = VECTOR('',#4878,1.);
#4878 = DIRECTION('',(0.,1.,0.));
#4879 = ORIENTED_EDGE('',*,*,#4880,.F.);
#4880 = EDGE_CURVE('',#4881,#4873,#4883,.T.);
#4881 = VERTEX_POINT('',#4882);
#4882 = CARTESIAN_POINT('',(-91.,62.,-35.));
#4883 = CIRCLE('',#4884,5.);
#4884 = AXIS2_PLACEMENT_3D('',#4885,#4886,#4887);
#4885 = CARTESIAN_POINT('',(-91.,62.,-40.));
#4886 = DIRECTION('',(1.,0.,-0.));
#4887 = DIRECTION('',(0.,0.,1.));
#4888 = ORIENTED_EDGE('',*,*,#4889,.F.);
#4889 = EDGE_CURVE('',#4057,#4881,#4890,.T.);
#4890 = CIRCLE('',#4891,5.);
#4891 = AXIS2_PLACEMENT_3D('',#4892,#4893,#4894);
#4892 = CARTESIAN_POINT('',(-91.,62.,-40.));
#4893 = DIRECTION('',(1.,0.,-0.));
#4894 = DIRECTION('',(0.,0.,1.));
#4895 = ORIENTED_EDGE('',*,*,#4056,.T.);
#4896 = ORIENTED_EDGE('',*,*,#4897,.F.);
#4897 = EDGE_CURVE('',#4898,#4025,#4900,.T.);
#4898 = VERTEX_POINT('',#4899);
#4899 = CARTESIAN_POINT('',(-91.,62.,46.));
#4900 = CIRCLE('',#4901,5.);
#4901 = AXIS2_PLACEMENT_3D('',#4902,#4903,#4904);
#4902 = CARTESIAN_POINT('',(-91.,62.,41.));
#4903 = DIRECTION('',(1.,0.,-0.));
#4904 = DIRECTION('',(0.,0.,1.));
#4905 = ORIENTED_EDGE('',*,*,#4906,.F.);
#4906 = EDGE_CURVE('',#4017,#4898,#4907,.T.);
#4907 = CIRCLE('',#4908,5.);
#4908 = AXIS2_PLACEMENT_3D('',#4909,#4910,#4911);
#4909 = CARTESIAN_POINT('',(-91.,62.,41.));
#4910 = DIRECTION('',(1.,0.,-0.));
#4911 = DIRECTION('',(0.,0.,1.));
#4912 = ORIENTED_EDGE('',*,*,#4016,.T.);
#4913 = ORIENTED_EDGE('',*,*,#4914,.F.);
#4914 = EDGE_CURVE('',#1668,#4008,#4915,.T.);
#4915 = LINE('',#4916,#4917);
#4916 = CARTESIAN_POINT('',(-91.,-79.,84.));
#4917 = VECTOR('',#4918,1.);
#4918 = DIRECTION('',(0.,1.,0.));
#4919 = ORIENTED_EDGE('',*,*,#1665,.F.);
#4920 = ORIENTED_EDGE('',*,*,#1723,.F.);
#4921 = ORIENTED_EDGE('',*,*,#1745,.F.);
#4922 = ORIENTED_EDGE('',*,*,#1707,.F.);
#4923 = ORIENTED_EDGE('',*,*,#1640,.F.);
#4924 = ORIENTED_EDGE('',*,*,#1618,.T.);
#4925 = ORIENTED_EDGE('',*,*,#1584,.F.);
#4926 = ORIENTED_EDGE('',*,*,#4927,.F.);
#4927 = EDGE_CURVE('',#4928,#1585,#4930,.T.);
#4928 = VERTEX_POINT('',#4929);
#4929 = CARTESIAN_POINT('',(-91.,-66.,84.));
#4930 = LINE('',#4931,#4932);
#4931 = CARTESIAN_POINT('',(-91.,-79.,84.));
#4932 = VECTOR('',#4933,1.);
#4933 = DIRECTION('',(0.,1.,0.));
#4934 = ORIENTED_EDGE('',*,*,#4935,.F.);
#4935 = EDGE_CURVE('',#4936,#4928,#4938,.T.);
#4936 = VERTEX_POINT('',#4937);
#4937 = CARTESIAN_POINT('',(-91.,-66.,44.));
#4938 = LINE('',#4939,#4940);
#4939 = CARTESIAN_POINT('',(-91.,-66.,-57.));
#4940 = VECTOR('',#4941,1.);
#4941 = DIRECTION('',(0.,0.,1.));
#4942 = ORIENTED_EDGE('',*,*,#4943,.F.);
#4943 = EDGE_CURVE('',#4944,#4936,#4946,.T.);
#4944 = VERTEX_POINT('',#4945);
#4945 = CARTESIAN_POINT('',(-91.,-62.,46.));
#4946 = CIRCLE('',#4947,5.);
#4947 = AXIS2_PLACEMENT_3D('',#4948,#4949,#4950);
#4948 = CARTESIAN_POINT('',(-91.,-62.,41.));
#4949 = DIRECTION('',(1.,0.,-0.));
#4950 = DIRECTION('',(0.,0.,1.));
#4951 = ORIENTED_EDGE('',*,*,#4952,.F.);
#4952 = EDGE_CURVE('',#4847,#4944,#4953,.T.);
#4953 = CIRCLE('',#4954,5.);
#4954 = AXIS2_PLACEMENT_3D('',#4955,#4956,#4957);
#4955 = CARTESIAN_POINT('',(-91.,-62.,41.));
#4956 = DIRECTION('',(1.,0.,-0.));
#4957 = DIRECTION('',(0.,0.,1.));
#4958 = FACE_BOUND('',#4959,.T.);
#4959 = EDGE_LOOP('',(#4960,#4970,#4978,#4986,#4994,#5002,#5010,#5018));
#4960 = ORIENTED_EDGE('',*,*,#4961,.F.);
#4961 = EDGE_CURVE('',#4962,#4964,#4966,.T.);
#4962 = VERTEX_POINT('',#4963);
#4963 = CARTESIAN_POINT('',(-91.,54.5,-3.));
#4964 = VERTEX_POINT('',#4965);
#4965 = CARTESIAN_POINT('',(-91.,54.5,10.3));
#4966 = LINE('',#4967,#4968);
#4967 = CARTESIAN_POINT('',(-91.,54.5,-30.));
#4968 = VECTOR('',#4969,1.);
#4969 = DIRECTION('',(0.,0.,1.));
#4970 = ORIENTED_EDGE('',*,*,#4971,.T.);
#4971 = EDGE_CURVE('',#4962,#4972,#4974,.T.);
#4972 = VERTEX_POINT('',#4973);
#4973 = CARTESIAN_POINT('',(-91.,-54.5,-3.));
#4974 = LINE('',#4975,#4976);
#4975 = CARTESIAN_POINT('',(-91.,-13.25,-3.));
#4976 = VECTOR('',#4977,1.);
#4977 = DIRECTION('',(0.,-1.,0.));
#4978 = ORIENTED_EDGE('',*,*,#4979,.T.);
#4979 = EDGE_CURVE('',#4972,#4980,#4982,.T.);
#4980 = VERTEX_POINT('',#4981);
#4981 = CARTESIAN_POINT('',(-91.,-54.5,10.3));
#4982 = LINE('',#4983,#4984);
#4983 = CARTESIAN_POINT('',(-91.,-54.5,-30.));
#4984 = VECTOR('',#4985,1.);
#4985 = DIRECTION('',(0.,0.,1.));
#4986 = ORIENTED_EDGE('',*,*,#4987,.F.);
#4987 = EDGE_CURVE('',#4988,#4980,#4990,.T.);
#4988 = VERTEX_POINT('',#4989);
#4989 = CARTESIAN_POINT('',(-91.,-52.5,10.3));
#4990 = LINE('',#4991,#4992);
#4991 = CARTESIAN_POINT('',(-91.,-66.75,10.3));
#4992 = VECTOR('',#4993,1.);
#4993 = DIRECTION('',(0.,-1.,0.));
#4994 = ORIENTED_EDGE('',*,*,#4995,.F.);
#4995 = EDGE_CURVE('',#4996,#4988,#4998,.T.);
#4996 = VERTEX_POINT('',#4997);
#4997 = CARTESIAN_POINT('',(-91.,-52.5,0.));
#4998 = LINE('',#4999,#5000);
#4999 = CARTESIAN_POINT('',(-91.,-52.5,-30.));
#5000 = VECTOR('',#5001,1.);
#5001 = DIRECTION('',(0.,0.,1.));
#5002 = ORIENTED_EDGE('',*,*,#5003,.F.);
#5003 = EDGE_CURVE('',#5004,#4996,#5006,.T.);
#5004 = VERTEX_POINT('',#5005);
#5005 = CARTESIAN_POINT('',(-91.,52.5,0.));
#5006 = LINE('',#5007,#5008);
#5007 = CARTESIAN_POINT('',(-91.,-66.75,0.));
#5008 = VECTOR('',#5009,1.);
#5009 = DIRECTION('',(0.,-1.,0.));
#5010 = ORIENTED_EDGE('',*,*,#5011,.T.);
#5011 = EDGE_CURVE('',#5004,#5012,#5014,.T.);
#5012 = VERTEX_POINT('',#5013);
#5013 = CARTESIAN_POINT('',(-91.,52.5,10.3));
#5014 = LINE('',#5015,#5016);
#5015 = CARTESIAN_POINT('',(-91.,52.5,-30.));
#5016 = VECTOR('',#5017,1.);
#5017 = DIRECTION('',(0.,0.,1.));
#5018 = ORIENTED_EDGE('',*,*,#5019,.F.);
#5019 = EDGE_CURVE('',#4964,#5012,#5020,.T.);
#5020 = LINE('',#5021,#5022);
#5021 = CARTESIAN_POINT('',(-91.,-13.25,10.3));
#5022 = VECTOR('',#5023,1.);
#5023 = DIRECTION('',(0.,-1.,0.));
#5024 = FACE_BOUND('',#5025,.T.);
#5025 = EDGE_LOOP('',(#5026,#5027,#5028,#5029,#5030,#5031,#5032,#5033));
#5026 = ORIENTED_EDGE('',*,*,#2607,.F.);
#5027 = ORIENTED_EDGE('',*,*,#2426,.F.);
#5028 = ORIENTED_EDGE('',*,*,#2468,.F.);
#5029 = ORIENTED_EDGE('',*,*,#2482,.F.);
#5030 = ORIENTED_EDGE('',*,*,#2516,.T.);
#5031 = ORIENTED_EDGE('',*,*,#2531,.F.);
#5032 = ORIENTED_EDGE('',*,*,#2566,.T.);
#5033 = ORIENTED_EDGE('',*,*,#2580,.F.);
#5034 = FACE_BOUND('',#5035,.T.);
#5035 = EDGE_LOOP('',(#5036,#5037,#5038,#5039,#5040,#5041,#5042,#5043));
#5036 = ORIENTED_EDGE('',*,*,#2261,.F.);
#5037 = ORIENTED_EDGE('',*,*,#2222,.T.);
#5038 = ORIENTED_EDGE('',*,*,#2236,.F.);
#5039 = ORIENTED_EDGE('',*,*,#2288,.F.);
#5040 = ORIENTED_EDGE('',*,*,#2334,.F.);
#5041 = ORIENTED_EDGE('',*,*,#2387,.F.);
#5042 = ORIENTED_EDGE('',*,*,#2359,.F.);
#5043 = ORIENTED_EDGE('',*,*,#2312,.T.);
#5044 = FACE_BOUND('',#5045,.T.);
#5045 = EDGE_LOOP('',(#5046,#5047,#5048,#5049,#5050,#5051,#5052,#5053));
#5046 = ORIENTED_EDGE('',*,*,#2065,.F.);
#5047 = ORIENTED_EDGE('',*,*,#2026,.T.);
#5048 = ORIENTED_EDGE('',*,*,#2040,.F.);
#5049 = ORIENTED_EDGE('',*,*,#2092,.F.);
#5050 = ORIENTED_EDGE('',*,*,#2138,.F.);
#5051 = ORIENTED_EDGE('',*,*,#2191,.F.);
#5052 = ORIENTED_EDGE('',*,*,#2163,.F.);
#5053 = ORIENTED_EDGE('',*,*,#2116,.T.);
#5054 = FACE_BOUND('',#5055,.T.);
#5055 = EDGE_LOOP('',(#5056,#5057,#5058,#5059,#5060,#5061,#5062,#5063));
#5056 = ORIENTED_EDGE('',*,*,#1869,.F.);
#5057 = ORIENTED_EDGE('',*,*,#1830,.T.);
#5058 = ORIENTED_EDGE('',*,*,#1844,.F.);
#5059 = ORIENTED_EDGE('',*,*,#1896,.F.);
#5060 = ORIENTED_EDGE('',*,*,#1942,.F.);
#5061 = ORIENTED_EDGE('',*,*,#1995,.F.);
#5062 = ORIENTED_EDGE('',*,*,#1967,.F.);
#5063 = ORIENTED_EDGE('',*,*,#1920,.T.);
#5064 = FACE_BOUND('',#5065,.T.);
#5065 = EDGE_LOOP('',(#5066,#5067,#5068,#5069,#5070,#5071,#5072,#5073,
    #5074,#5075,#5076,#5077,#5078,#5079));
#5066 = ORIENTED_EDGE('',*,*,#2726,.F.);
#5067 = ORIENTED_EDGE('',*,*,#2785,.F.);
#5068 = ORIENTED_EDGE('',*,*,#2799,.F.);
#5069 = ORIENTED_EDGE('',*,*,#2834,.F.);
#5070 = ORIENTED_EDGE('',*,*,#2848,.F.);
#5071 = ORIENTED_EDGE('',*,*,#2883,.T.);
#5072 = ORIENTED_EDGE('',*,*,#2923,.F.);
#5073 = ORIENTED_EDGE('',*,*,#2897,.F.);
#5074 = ORIENTED_EDGE('',*,*,#2956,.T.);
#5075 = ORIENTED_EDGE('',*,*,#2970,.F.);
#5076 = ORIENTED_EDGE('',*,*,#2663,.T.);
#5077 = ORIENTED_EDGE('',*,*,#2677,.F.);
#5078 = ORIENTED_EDGE('',*,*,#2712,.F.);
#5079 = ORIENTED_EDGE('',*,*,#2752,.F.);
#5080 = PLANE('',#5081);
#5081 = AXIS2_PLACEMENT_3D('',#5082,#5083,#5084);
#5082 = CARTESIAN_POINT('',(-91.,-79.,-57.));
#5083 = DIRECTION('',(1.,0.,0.));
#5084 = DIRECTION('',(0.,0.,1.));
#5085 = ADVANCED_FACE('',(#5086,#5089),#5100,.F.);
#5086 = FACE_BOUND('',#5087,.F.);
#5087 = EDGE_LOOP('',(#5088));
#5088 = ORIENTED_EDGE('',*,*,#1771,.T.);
#5089 = FACE_BOUND('',#5090,.F.);
#5090 = EDGE_LOOP('',(#5091));
#5091 = ORIENTED_EDGE('',*,*,#5092,.F.);
#5092 = EDGE_CURVE('',#5093,#5093,#5095,.T.);
#5093 = VERTEX_POINT('',#5094);
#5094 = CARTESIAN_POINT('',(-92.,62.,42.7));
#5095 = CIRCLE('',#5096,1.7);
#5096 = AXIS2_PLACEMENT_3D('',#5097,#5098,#5099);
#5097 = CARTESIAN_POINT('',(-92.,62.,41.));
#5098 = DIRECTION('',(1.,0.,-0.));
#5099 = DIRECTION('',(0.,0.,1.));
#5100 = PLANE('',#5101);
#5101 = AXIS2_PLACEMENT_3D('',#5102,#5103,#5104);
#5102 = CARTESIAN_POINT('',(-92.,62.,41.));
#5103 = DIRECTION('',(1.,0.,0.));
#5104 = DIRECTION('',(0.,0.,1.));
#5105 = ADVANCED_FACE('',(#5106,#5109),#5120,.F.);
#5106 = FACE_BOUND('',#5107,.F.);
#5107 = EDGE_LOOP('',(#5108));
#5108 = ORIENTED_EDGE('',*,*,#1796,.T.);
#5109 = FACE_BOUND('',#5110,.F.);
#5110 = EDGE_LOOP('',(#5111));
#5111 = ORIENTED_EDGE('',*,*,#5112,.F.);
#5112 = EDGE_CURVE('',#5113,#5113,#5115,.T.);
#5113 = VERTEX_POINT('',#5114);
#5114 = CARTESIAN_POINT('',(-92.,62.,-38.3));
#5115 = CIRCLE('',#5116,1.7);
#5116 = AXIS2_PLACEMENT_3D('',#5117,#5118,#5119);
#5117 = CARTESIAN_POINT('',(-92.,62.,-40.));
#5118 = DIRECTION('',(1.,0.,-0.));
#5119 = DIRECTION('',(0.,0.,1.));
#5120 = PLANE('',#5121);
#5121 = AXIS2_PLACEMENT_3D('',#5122,#5123,#5124);
#5122 = CARTESIAN_POINT('',(-92.,62.,-40.));
#5123 = DIRECTION('',(1.,0.,0.));
#5124 = DIRECTION('',(0.,0.,1.));
#5125 = ADVANCED_FACE('',(#5126,#5129),#5140,.F.);
#5126 = FACE_BOUND('',#5127,.F.);
#5127 = EDGE_LOOP('',(#5128));
#5128 = ORIENTED_EDGE('',*,*,#2409,.T.);
#5129 = FACE_BOUND('',#5130,.F.);
#5130 = EDGE_LOOP('',(#5131));
#5131 = ORIENTED_EDGE('',*,*,#5132,.F.);
#5132 = EDGE_CURVE('',#5133,#5133,#5135,.T.);
#5133 = VERTEX_POINT('',#5134);
#5134 = CARTESIAN_POINT('',(-92.,-62.,42.7));
#5135 = CIRCLE('',#5136,1.7);
#5136 = AXIS2_PLACEMENT_3D('',#5137,#5138,#5139);
#5137 = CARTESIAN_POINT('',(-92.,-62.,41.));
#5138 = DIRECTION('',(1.,0.,-0.));
#5139 = DIRECTION('',(0.,0.,1.));
#5140 = PLANE('',#5141);
#5141 = AXIS2_PLACEMENT_3D('',#5142,#5143,#5144);
#5142 = CARTESIAN_POINT('',(-92.,-62.,41.));
#5143 = DIRECTION('',(1.,0.,0.));
#5144 = DIRECTION('',(0.,0.,1.));
#5145 = ADVANCED_FACE('',(#5146,#5196),#5199,.T.);
#5146 = FACE_BOUND('',#5147,.T.);
#5147 = EDGE_LOOP('',(#5148,#5158,#5166,#5174,#5182,#5190));
#5148 = ORIENTED_EDGE('',*,*,#5149,.T.);
#5149 = EDGE_CURVE('',#5150,#5152,#5154,.T.);
#5150 = VERTEX_POINT('',#5151);
#5151 = CARTESIAN_POINT('',(-90.8,-31.32568421935,-27.9));
#5152 = VERTEX_POINT('',#5153);
#5153 = CARTESIAN_POINT('',(-90.8,-29.6513684387,-25.));
#5154 = LINE('',#5155,#5156);
#5155 = CARTESIAN_POINT('',(-90.8,-31.32568421935,-27.9));
#5156 = VECTOR('',#5157,1.);
#5157 = DIRECTION('',(0.,0.5,0.866025403784));
#5158 = ORIENTED_EDGE('',*,*,#5159,.T.);
#5159 = EDGE_CURVE('',#5152,#5160,#5162,.T.);
#5160 = VERTEX_POINT('',#5161);
#5161 = CARTESIAN_POINT('',(-90.8,-31.32568421935,-22.1));
#5162 = LINE('',#5163,#5164);
#5163 = CARTESIAN_POINT('',(-90.8,-29.6513684387,-25.));
#5164 = VECTOR('',#5165,1.);
#5165 = DIRECTION('',(0.,-0.5,0.866025403784));
#5166 = ORIENTED_EDGE('',*,*,#5167,.T.);
#5167 = EDGE_CURVE('',#5160,#5168,#5170,.T.);
#5168 = VERTEX_POINT('',#5169);
#5169 = CARTESIAN_POINT('',(-90.8,-34.67431578065,-22.1));
#5170 = LINE('',#5171,#5172);
#5171 = CARTESIAN_POINT('',(-90.8,-31.32568421935,-22.1));
#5172 = VECTOR('',#5173,1.);
#5173 = DIRECTION('',(0.,-1.,2.7E-16));
#5174 = ORIENTED_EDGE('',*,*,#5175,.T.);
#5175 = EDGE_CURVE('',#5168,#5176,#5178,.T.);
#5176 = VERTEX_POINT('',#5177);
#5177 = CARTESIAN_POINT('',(-90.8,-36.3486315613,-25.));
#5178 = LINE('',#5179,#5180);
#5179 = CARTESIAN_POINT('',(-90.8,-34.67431578065,-22.1));
#5180 = VECTOR('',#5181,1.);
#5181 = DIRECTION('',(0.,-0.5,-0.866025403784));
#5182 = ORIENTED_EDGE('',*,*,#5183,.T.);
#5183 = EDGE_CURVE('',#5176,#5184,#5186,.T.);
#5184 = VERTEX_POINT('',#5185);
#5185 = CARTESIAN_POINT('',(-90.8,-34.67431578065,-27.9));
#5186 = LINE('',#5187,#5188);
#5187 = CARTESIAN_POINT('',(-90.8,-36.3486315613,-25.));
#5188 = VECTOR('',#5189,1.);
#5189 = DIRECTION('',(0.,0.5,-0.866025403784));
#5190 = ORIENTED_EDGE('',*,*,#5191,.T.);
#5191 = EDGE_CURVE('',#5184,#5150,#5192,.T.);
#5192 = LINE('',#5193,#5194);
#5193 = CARTESIAN_POINT('',(-90.8,-34.67431578065,-27.9));
#5194 = VECTOR('',#5195,1.);
#5195 = DIRECTION('',(0.,1.,0.));
#5196 = FACE_BOUND('',#5197,.T.);
#5197 = EDGE_LOOP('',(#5198));
#5198 = ORIENTED_EDGE('',*,*,#2630,.F.);
#5199 = PLANE('',#5200);
#5200 = AXIS2_PLACEMENT_3D('',#5201,#5202,#5203);
#5201 = CARTESIAN_POINT('',(-90.8,-33.,-25.));
#5202 = DIRECTION('',(1.,0.,0.));
#5203 = DIRECTION('',(0.,0.,-1.));
#5204 = ADVANCED_FACE('',(#5205,#5208),#5258,.T.);
#5205 = FACE_BOUND('',#5206,.T.);
#5206 = EDGE_LOOP('',(#5207));
#5207 = ORIENTED_EDGE('',*,*,#2744,.T.);
#5208 = FACE_BOUND('',#5209,.T.);
#5209 = EDGE_LOOP('',(#5210,#5220,#5228,#5236,#5244,#5252));
#5210 = ORIENTED_EDGE('',*,*,#5211,.T.);
#5211 = EDGE_CURVE('',#5212,#5214,#5216,.T.);
#5212 = VERTEX_POINT('',#5213);
#5213 = CARTESIAN_POINT('',(-88.,-31.32568421935,-22.1));
#5214 = VERTEX_POINT('',#5215);
#5215 = CARTESIAN_POINT('',(-88.,-29.6513684387,-25.));
#5216 = LINE('',#5217,#5218);
#5217 = CARTESIAN_POINT('',(-88.,-30.06994738386,-24.275));
#5218 = VECTOR('',#5219,1.);
#5219 = DIRECTION('',(0.,0.5,-0.866025403784));
#5220 = ORIENTED_EDGE('',*,*,#5221,.T.);
#5221 = EDGE_CURVE('',#5214,#5222,#5224,.T.);
#5222 = VERTEX_POINT('',#5223);
#5223 = CARTESIAN_POINT('',(-88.,-31.32568421935,-27.9));
#5224 = LINE('',#5225,#5226);
#5225 = CARTESIAN_POINT('',(-88.,-30.90710527418,-27.175));
#5226 = VECTOR('',#5227,1.);
#5227 = DIRECTION('',(0.,-0.5,-0.866025403784));
#5228 = ORIENTED_EDGE('',*,*,#5229,.T.);
#5229 = EDGE_CURVE('',#5222,#5230,#5232,.T.);
#5230 = VERTEX_POINT('',#5231);
#5231 = CARTESIAN_POINT('',(-88.,-34.67431578065,-27.9));
#5232 = LINE('',#5233,#5234);
#5233 = CARTESIAN_POINT('',(-88.,-33.83715789032,-27.9));
#5234 = VECTOR('',#5235,1.);
#5235 = DIRECTION('',(0.,-1.,0.));
#5236 = ORIENTED_EDGE('',*,*,#5237,.T.);
#5237 = EDGE_CURVE('',#5230,#5238,#5240,.T.);
#5238 = VERTEX_POINT('',#5239);
#5239 = CARTESIAN_POINT('',(-88.,-36.3486315613,-25.));
#5240 = LINE('',#5241,#5242);
#5241 = CARTESIAN_POINT('',(-88.,-35.93005261613,-25.725));
#5242 = VECTOR('',#5243,1.);
#5243 = DIRECTION('',(0.,-0.5,0.866025403784));
#5244 = ORIENTED_EDGE('',*,*,#5245,.T.);
#5245 = EDGE_CURVE('',#5238,#5246,#5248,.T.);
#5246 = VERTEX_POINT('',#5247);
#5247 = CARTESIAN_POINT('',(-88.,-34.67431578065,-22.1));
#5248 = LINE('',#5249,#5250);
#5249 = CARTESIAN_POINT('',(-88.,-35.09289472581,-22.825));
#5250 = VECTOR('',#5251,1.);
#5251 = DIRECTION('',(0.,0.5,0.866025403784));
#5252 = ORIENTED_EDGE('',*,*,#5253,.T.);
#5253 = EDGE_CURVE('',#5246,#5212,#5254,.T.);
#5254 = LINE('',#5255,#5256);
#5255 = CARTESIAN_POINT('',(-88.,-32.16284210967,-22.1));
#5256 = VECTOR('',#5257,1.);
#5257 = DIRECTION('',(0.,1.,-2.7E-16));
#5258 = PLANE('',#5259);
#5259 = AXIS2_PLACEMENT_3D('',#5260,#5261,#5262);
#5260 = CARTESIAN_POINT('',(-88.,-33.,-25.));
#5261 = DIRECTION('',(1.,0.,0.));
#5262 = DIRECTION('',(0.,0.,1.));
#5263 = ADVANCED_FACE('',(#5264,#5267),#5317,.T.);
#5264 = FACE_BOUND('',#5265,.T.);
#5265 = EDGE_LOOP('',(#5266));
#5266 = ORIENTED_EDGE('',*,*,#2915,.T.);
#5267 = FACE_BOUND('',#5268,.T.);
#5268 = EDGE_LOOP('',(#5269,#5279,#5287,#5295,#5303,#5311));
#5269 = ORIENTED_EDGE('',*,*,#5270,.T.);
#5270 = EDGE_CURVE('',#5271,#5273,#5275,.T.);
#5271 = VERTEX_POINT('',#5272);
#5272 = CARTESIAN_POINT('',(-88.,-57.32568421935,-22.1));
#5273 = VERTEX_POINT('',#5274);
#5274 = CARTESIAN_POINT('',(-88.,-55.6513684387,-25.));
#5275 = LINE('',#5276,#5277);
#5276 = CARTESIAN_POINT('',(-88.,-56.06994738386,-24.275));
#5277 = VECTOR('',#5278,1.);
#5278 = DIRECTION('',(0.,0.5,-0.866025403784));
#5279 = ORIENTED_EDGE('',*,*,#5280,.T.);
#5280 = EDGE_CURVE('',#5273,#5281,#5283,.T.);
#5281 = VERTEX_POINT('',#5282);
#5282 = CARTESIAN_POINT('',(-88.,-57.32568421935,-27.9));
#5283 = LINE('',#5284,#5285);
#5284 = CARTESIAN_POINT('',(-88.,-56.90710527418,-27.175));
#5285 = VECTOR('',#5286,1.);
#5286 = DIRECTION('',(0.,-0.5,-0.866025403784));
#5287 = ORIENTED_EDGE('',*,*,#5288,.T.);
#5288 = EDGE_CURVE('',#5281,#5289,#5291,.T.);
#5289 = VERTEX_POINT('',#5290);
#5290 = CARTESIAN_POINT('',(-88.,-60.67431578065,-27.9));
#5291 = LINE('',#5292,#5293);
#5292 = CARTESIAN_POINT('',(-88.,-59.83715789032,-27.9));
#5293 = VECTOR('',#5294,1.);
#5294 = DIRECTION('',(0.,-1.,0.));
#5295 = ORIENTED_EDGE('',*,*,#5296,.T.);
#5296 = EDGE_CURVE('',#5289,#5297,#5299,.T.);
#5297 = VERTEX_POINT('',#5298);
#5298 = CARTESIAN_POINT('',(-88.,-62.3486315613,-25.));
#5299 = LINE('',#5300,#5301);
#5300 = CARTESIAN_POINT('',(-88.,-61.93005261613,-25.725));
#5301 = VECTOR('',#5302,1.);
#5302 = DIRECTION('',(0.,-0.5,0.866025403784));
#5303 = ORIENTED_EDGE('',*,*,#5304,.T.);
#5304 = EDGE_CURVE('',#5297,#5305,#5307,.T.);
#5305 = VERTEX_POINT('',#5306);
#5306 = CARTESIAN_POINT('',(-88.,-60.67431578065,-22.1));
#5307 = LINE('',#5308,#5309);
#5308 = CARTESIAN_POINT('',(-88.,-61.09289472581,-22.825));
#5309 = VECTOR('',#5310,1.);
#5310 = DIRECTION('',(0.,0.5,0.866025403784));
#5311 = ORIENTED_EDGE('',*,*,#5312,.T.);
#5312 = EDGE_CURVE('',#5305,#5271,#5313,.T.);
#5313 = LINE('',#5314,#5315);
#5314 = CARTESIAN_POINT('',(-88.,-58.16284210967,-22.1));
#5315 = VECTOR('',#5316,1.);
#5316 = DIRECTION('',(0.,1.,-2.7E-16));
#5317 = PLANE('',#5318);
#5318 = AXIS2_PLACEMENT_3D('',#5319,#5320,#5321);
#5319 = CARTESIAN_POINT('',(-88.,-59.,-25.));
#5320 = DIRECTION('',(1.,0.,0.));
#5321 = DIRECTION('',(0.,0.,1.));
#5322 = ADVANCED_FACE('',(#5323,#5373),#5376,.T.);
#5323 = FACE_BOUND('',#5324,.T.);
#5324 = EDGE_LOOP('',(#5325,#5335,#5343,#5351,#5359,#5367));
#5325 = ORIENTED_EDGE('',*,*,#5326,.T.);
#5326 = EDGE_CURVE('',#5327,#5329,#5331,.T.);
#5327 = VERTEX_POINT('',#5328);
#5328 = CARTESIAN_POINT('',(-90.8,-57.32568421935,-27.9));
#5329 = VERTEX_POINT('',#5330);
#5330 = CARTESIAN_POINT('',(-90.8,-55.6513684387,-25.));
#5331 = LINE('',#5332,#5333);
#5332 = CARTESIAN_POINT('',(-90.8,-57.32568421935,-27.9));
#5333 = VECTOR('',#5334,1.);
#5334 = DIRECTION('',(0.,0.5,0.866025403784));
#5335 = ORIENTED_EDGE('',*,*,#5336,.T.);
#5336 = EDGE_CURVE('',#5329,#5337,#5339,.T.);
#5337 = VERTEX_POINT('',#5338);
#5338 = CARTESIAN_POINT('',(-90.8,-57.32568421935,-22.1));
#5339 = LINE('',#5340,#5341);
#5340 = CARTESIAN_POINT('',(-90.8,-55.6513684387,-25.));
#5341 = VECTOR('',#5342,1.);
#5342 = DIRECTION('',(0.,-0.5,0.866025403784));
#5343 = ORIENTED_EDGE('',*,*,#5344,.T.);
#5344 = EDGE_CURVE('',#5337,#5345,#5347,.T.);
#5345 = VERTEX_POINT('',#5346);
#5346 = CARTESIAN_POINT('',(-90.8,-60.67431578065,-22.1));
#5347 = LINE('',#5348,#5349);
#5348 = CARTESIAN_POINT('',(-90.8,-57.32568421935,-22.1));
#5349 = VECTOR('',#5350,1.);
#5350 = DIRECTION('',(0.,-1.,2.7E-16));
#5351 = ORIENTED_EDGE('',*,*,#5352,.T.);
#5352 = EDGE_CURVE('',#5345,#5353,#5355,.T.);
#5353 = VERTEX_POINT('',#5354);
#5354 = CARTESIAN_POINT('',(-90.8,-62.3486315613,-25.));
#5355 = LINE('',#5356,#5357);
#5356 = CARTESIAN_POINT('',(-90.8,-60.67431578065,-22.1));
#5357 = VECTOR('',#5358,1.);
#5358 = DIRECTION('',(0.,-0.5,-0.866025403784));
#5359 = ORIENTED_EDGE('',*,*,#5360,.T.);
#5360 = EDGE_CURVE('',#5353,#5361,#5363,.T.);
#5361 = VERTEX_POINT('',#5362);
#5362 = CARTESIAN_POINT('',(-90.8,-60.67431578065,-27.9));
#5363 = LINE('',#5364,#5365);
#5364 = CARTESIAN_POINT('',(-90.8,-62.3486315613,-25.));
#5365 = VECTOR('',#5366,1.);
#5366 = DIRECTION('',(0.,0.5,-0.866025403784));
#5367 = ORIENTED_EDGE('',*,*,#5368,.T.);
#5368 = EDGE_CURVE('',#5361,#5327,#5369,.T.);
#5369 = LINE('',#5370,#5371);
#5370 = CARTESIAN_POINT('',(-90.8,-60.67431578065,-27.9));
#5371 = VECTOR('',#5372,1.);
#5372 = DIRECTION('',(0.,1.,0.));
#5373 = FACE_BOUND('',#5374,.T.);
#5374 = EDGE_LOOP('',(#5375));
#5375 = ORIENTED_EDGE('',*,*,#2996,.F.);
#5376 = PLANE('',#5377);
#5377 = AXIS2_PLACEMENT_3D('',#5378,#5379,#5380);
#5378 = CARTESIAN_POINT('',(-90.8,-59.,-25.));
#5379 = DIRECTION('',(1.,0.,0.));
#5380 = DIRECTION('',(0.,0.,-1.));
#5381 = ADVANCED_FACE('',(#5382,#5385),#5396,.F.);
#5382 = FACE_BOUND('',#5383,.F.);
#5383 = EDGE_LOOP('',(#5384));
#5384 = ORIENTED_EDGE('',*,*,#3020,.T.);
#5385 = FACE_BOUND('',#5386,.F.);
#5386 = EDGE_LOOP('',(#5387));
#5387 = ORIENTED_EDGE('',*,*,#5388,.F.);
#5388 = EDGE_CURVE('',#5389,#5389,#5391,.T.);
#5389 = VERTEX_POINT('',#5390);
#5390 = CARTESIAN_POINT('',(-92.,-62.,-38.3));
#5391 = CIRCLE('',#5392,1.7);
#5392 = AXIS2_PLACEMENT_3D('',#5393,#5394,#5395);
#5393 = CARTESIAN_POINT('',(-92.,-62.,-40.));
#5394 = DIRECTION('',(1.,0.,-0.));
#5395 = DIRECTION('',(0.,0.,1.));
#5396 = PLANE('',#5397);
#5397 = AXIS2_PLACEMENT_3D('',#5398,#5399,#5400);
#5398 = CARTESIAN_POINT('',(-92.,-62.,-40.));
#5399 = DIRECTION('',(1.,0.,0.));
#5400 = DIRECTION('',(0.,0.,1.));
#5401 = ADVANCED_FACE('',(#5402),#5421,.F.);
#5402 = FACE_BOUND('',#5403,.T.);
#5403 = EDGE_LOOP('',(#5404,#5405,#5413,#5419,#5420));
#5404 = ORIENTED_EDGE('',*,*,#3062,.T.);
#5405 = ORIENTED_EDGE('',*,*,#5406,.T.);
#5406 = EDGE_CURVE('',#3065,#5407,#5409,.T.);
#5407 = VERTEX_POINT('',#5408);
#5408 = CARTESIAN_POINT('',(-72.64575131106,70.,-50.));
#5409 = LINE('',#5410,#5411);
#5410 = CARTESIAN_POINT('',(-72.64575131106,70.,-55.5));
#5411 = VECTOR('',#5412,1.);
#5412 = DIRECTION('',(0.,0.,1.));
#5413 = ORIENTED_EDGE('',*,*,#5414,.T.);
#5414 = EDGE_CURVE('',#5407,#4715,#5415,.T.);
#5415 = LINE('',#5416,#5417);
#5416 = CARTESIAN_POINT('',(-89.5,70.,-50.));
#5417 = VECTOR('',#5418,1.);
#5418 = DIRECTION('',(-1.,0.,0.));
#5419 = ORIENTED_EDGE('',*,*,#4714,.F.);
#5420 = ORIENTED_EDGE('',*,*,#4697,.F.);
#5421 = PLANE('',#5422);
#5422 = AXIS2_PLACEMENT_3D('',#5423,#5424,#5425);
#5423 = CARTESIAN_POINT('',(-79.,70.,-56.));
#5424 = DIRECTION('',(0.,1.,0.));
#5425 = DIRECTION('',(0.,0.,1.));
#5426 = ADVANCED_FACE('',(#5427),#5446,.F.);
#5427 = FACE_BOUND('',#5428,.T.);
#5428 = EDGE_LOOP('',(#5429,#5437,#5444,#5445));
#5429 = ORIENTED_EDGE('',*,*,#5430,.F.);
#5430 = EDGE_CURVE('',#5431,#3273,#5433,.T.);
#5431 = VERTEX_POINT('',#5432);
#5432 = CARTESIAN_POINT('',(-24.3,79.5,-43.5));
#5433 = LINE('',#5434,#5435);
#5434 = CARTESIAN_POINT('',(-91.5,79.5,-43.5));
#5435 = VECTOR('',#5436,1.);
#5436 = DIRECTION('',(1.,0.,0.));
#5437 = ORIENTED_EDGE('',*,*,#5438,.F.);
#5438 = EDGE_CURVE('',#3109,#5431,#5439,.T.);
#5439 = CIRCLE('',#5440,13.5);
#5440 = AXIS2_PLACEMENT_3D('',#5441,#5442,#5443);
#5441 = CARTESIAN_POINT('',(-24.3,66.,-43.5));
#5442 = DIRECTION('',(1.,0.,0.));
#5443 = DIRECTION('',(0.,1.,0.));
#5444 = ORIENTED_EDGE('',*,*,#3108,.T.);
#5445 = ORIENTED_EDGE('',*,*,#3280,.T.);
#5446 = CYLINDRICAL_SURFACE('',#5447,13.5);
#5447 = AXIS2_PLACEMENT_3D('',#5448,#5449,#5450);
#5448 = CARTESIAN_POINT('',(-91.5,66.,-43.5));
#5449 = DIRECTION('',(1.,0.,0.));
#5450 = DIRECTION('',(0.,1.,0.));
#5451 = ADVANCED_FACE('',(#5452),#5496,.T.);
#5452 = FACE_BOUND('',#5453,.T.);
#5453 = EDGE_LOOP('',(#5454,#5465,#5473,#5479,#5480,#5481,#5482,#5483,
    #5489,#5490));
#5454 = ORIENTED_EDGE('',*,*,#5455,.F.);
#5455 = EDGE_CURVE('',#5456,#5458,#5460,.T.);
#5456 = VERTEX_POINT('',#5457);
#5457 = CARTESIAN_POINT('',(-24.3,77.532562594671,-50.));
#5458 = VERTEX_POINT('',#5459);
#5459 = CARTESIAN_POINT('',(-24.3,79.,-44.));
#5460 = CIRCLE('',#5461,13.);
#5461 = AXIS2_PLACEMENT_3D('',#5462,#5463,#5464);
#5462 = CARTESIAN_POINT('',(-24.3,66.,-44.));
#5463 = DIRECTION('',(1.,0.,0.));
#5464 = DIRECTION('',(0.,1.,0.));
#5465 = ORIENTED_EDGE('',*,*,#5466,.F.);
#5466 = EDGE_CURVE('',#5467,#5456,#5469,.T.);
#5467 = VERTEX_POINT('',#5468);
#5468 = CARTESIAN_POINT('',(-24.3,70.,-50.));
#5469 = LINE('',#5470,#5471);
#5470 = CARTESIAN_POINT('',(-24.3,-90.,-50.));
#5471 = VECTOR('',#5472,1.);
#5472 = DIRECTION('',(0.,1.,0.));
#5473 = ORIENTED_EDGE('',*,*,#5474,.T.);
#5474 = EDGE_CURVE('',#5467,#3135,#5475,.T.);
#5475 = LINE('',#5476,#5477);
#5476 = CARTESIAN_POINT('',(-24.3,70.,-55.6));
#5477 = VECTOR('',#5478,1.);
#5478 = DIRECTION('',(0.,0.,-1.));
#5479 = ORIENTED_EDGE('',*,*,#3134,.T.);
#5480 = ORIENTED_EDGE('',*,*,#3125,.T.);
#5481 = ORIENTED_EDGE('',*,*,#3116,.T.);
#5482 = ORIENTED_EDGE('',*,*,#5438,.T.);
#5483 = ORIENTED_EDGE('',*,*,#5484,.F.);
#5484 = EDGE_CURVE('',#3299,#5431,#5485,.T.);
#5485 = LINE('',#5486,#5487);
#5486 = CARTESIAN_POINT('',(-24.3,79.5,-56.1));
#5487 = VECTOR('',#5488,1.);
#5488 = DIRECTION('',(0.,0.,-1.));
#5489 = ORIENTED_EDGE('',*,*,#3307,.F.);
#5490 = ORIENTED_EDGE('',*,*,#5491,.T.);
#5491 = EDGE_CURVE('',#3308,#5458,#5492,.T.);
#5492 = LINE('',#5493,#5494);
#5493 = CARTESIAN_POINT('',(-24.3,79.,-56.1));
#5494 = VECTOR('',#5495,1.);
#5495 = DIRECTION('',(0.,0.,-1.));
#5496 = PLANE('',#5497);
#5497 = AXIS2_PLACEMENT_3D('',#5498,#5499,#5500);
#5498 = CARTESIAN_POINT('',(-24.3,-90.,-55.2));
#5499 = DIRECTION('',(1.,0.,0.));
#5500 = DIRECTION('',(0.,0.,1.));
#5501 = ADVANCED_FACE('',(#5502),#5520,.F.);
#5502 = FACE_BOUND('',#5503,.T.);
#5503 = EDGE_LOOP('',(#5504,#5505,#5513,#5519));
#5504 = ORIENTED_EDGE('',*,*,#5474,.F.);
#5505 = ORIENTED_EDGE('',*,*,#5506,.T.);
#5506 = EDGE_CURVE('',#5467,#5507,#5509,.T.);
#5507 = VERTEX_POINT('',#5508);
#5508 = CARTESIAN_POINT('',(-32.35424868893,70.,-50.));
#5509 = LINE('',#5510,#5511);
#5510 = CARTESIAN_POINT('',(-89.5,70.,-50.));
#5511 = VECTOR('',#5512,1.);
#5512 = DIRECTION('',(-1.,0.,0.));
#5513 = ORIENTED_EDGE('',*,*,#5514,.F.);
#5514 = EDGE_CURVE('',#3144,#5507,#5515,.T.);
#5515 = LINE('',#5516,#5517);
#5516 = CARTESIAN_POINT('',(-32.35424868893,70.,-55.5));
#5517 = VECTOR('',#5518,1.);
#5518 = DIRECTION('',(0.,0.,1.));
#5519 = ORIENTED_EDGE('',*,*,#3143,.T.);
#5520 = PLANE('',#5521);
#5521 = AXIS2_PLACEMENT_3D('',#5522,#5523,#5524);
#5522 = CARTESIAN_POINT('',(-79.,70.,-56.));
#5523 = DIRECTION('',(0.,1.,0.));
#5524 = DIRECTION('',(0.,0.,1.));
#5525 = ADVANCED_FACE('',(#5526),#5545,.F.);
#5526 = FACE_BOUND('',#5527,.T.);
#5527 = EDGE_LOOP('',(#5528,#5536,#5537,#5538));
#5528 = ORIENTED_EDGE('',*,*,#5529,.F.);
#5529 = EDGE_CURVE('',#3152,#5530,#5532,.T.);
#5530 = VERTEX_POINT('',#5531);
#5531 = CARTESIAN_POINT('',(-37.64575131106,70.,-50.));
#5532 = LINE('',#5533,#5534);
#5533 = CARTESIAN_POINT('',(-37.64575131106,70.,-55.5));
#5534 = VECTOR('',#5535,1.);
#5535 = DIRECTION('',(0.,0.,1.));
#5536 = ORIENTED_EDGE('',*,*,#3151,.F.);
#5537 = ORIENTED_EDGE('',*,*,#5514,.T.);
#5538 = ORIENTED_EDGE('',*,*,#5539,.T.);
#5539 = EDGE_CURVE('',#5507,#5530,#5540,.T.);
#5540 = CIRCLE('',#5541,4.);
#5541 = AXIS2_PLACEMENT_3D('',#5542,#5543,#5544);
#5542 = CARTESIAN_POINT('',(-35.,67.,-50.));
#5543 = DIRECTION('',(0.,0.,1.));
#5544 = DIRECTION('',(1.,0.,0.));
#5545 = CYLINDRICAL_SURFACE('',#5546,4.);
#5546 = AXIS2_PLACEMENT_3D('',#5547,#5548,#5549);
#5547 = CARTESIAN_POINT('',(-35.,67.,-55.5));
#5548 = DIRECTION('',(0.,0.,1.));
#5549 = DIRECTION('',(1.,0.,0.));
#5550 = ADVANCED_FACE('',(#5551),#5569,.F.);
#5551 = FACE_BOUND('',#5552,.T.);
#5552 = EDGE_LOOP('',(#5553,#5554,#5555,#5563));
#5553 = ORIENTED_EDGE('',*,*,#3200,.T.);
#5554 = ORIENTED_EDGE('',*,*,#5529,.T.);
#5555 = ORIENTED_EDGE('',*,*,#5556,.T.);
#5556 = EDGE_CURVE('',#5530,#5557,#5559,.T.);
#5557 = VERTEX_POINT('',#5558);
#5558 = CARTESIAN_POINT('',(-67.35424868893,70.,-50.));
#5559 = LINE('',#5560,#5561);
#5560 = CARTESIAN_POINT('',(-89.5,70.,-50.));
#5561 = VECTOR('',#5562,1.);
#5562 = DIRECTION('',(-1.,0.,0.));
#5563 = ORIENTED_EDGE('',*,*,#5564,.F.);
#5564 = EDGE_CURVE('',#3201,#5557,#5565,.T.);
#5565 = LINE('',#5566,#5567);
#5566 = CARTESIAN_POINT('',(-67.35424868893,70.,-55.5));
#5567 = VECTOR('',#5568,1.);
#5568 = DIRECTION('',(0.,0.,1.));
#5569 = PLANE('',#5570);
#5570 = AXIS2_PLACEMENT_3D('',#5571,#5572,#5573);
#5571 = CARTESIAN_POINT('',(-79.,70.,-56.));
#5572 = DIRECTION('',(0.,1.,0.));
#5573 = DIRECTION('',(0.,0.,1.));
#5574 = ADVANCED_FACE('',(#5575),#5587,.F.);
#5575 = FACE_BOUND('',#5576,.T.);
#5576 = EDGE_LOOP('',(#5577,#5578,#5579,#5580));
#5577 = ORIENTED_EDGE('',*,*,#5406,.F.);
#5578 = ORIENTED_EDGE('',*,*,#3208,.F.);
#5579 = ORIENTED_EDGE('',*,*,#5564,.T.);
#5580 = ORIENTED_EDGE('',*,*,#5581,.T.);
#5581 = EDGE_CURVE('',#5557,#5407,#5582,.T.);
#5582 = CIRCLE('',#5583,4.);
#5583 = AXIS2_PLACEMENT_3D('',#5584,#5585,#5586);
#5584 = CARTESIAN_POINT('',(-70.,67.,-50.));
#5585 = DIRECTION('',(0.,0.,1.));
#5586 = DIRECTION('',(1.,0.,0.));
#5587 = CYLINDRICAL_SURFACE('',#5588,4.);
#5588 = AXIS2_PLACEMENT_3D('',#5589,#5590,#5591);
#5589 = CARTESIAN_POINT('',(-70.,67.,-55.5));
#5590 = DIRECTION('',(0.,0.,1.));
#5591 = DIRECTION('',(1.,0.,0.));
#5592 = ADVANCED_FACE('',(#5593),#5599,.F.);
#5593 = FACE_BOUND('',#5594,.F.);
#5594 = EDGE_LOOP('',(#5595,#5596,#5597,#5598));
#5595 = ORIENTED_EDGE('',*,*,#5430,.F.);
#5596 = ORIENTED_EDGE('',*,*,#5484,.F.);
#5597 = ORIENTED_EDGE('',*,*,#3298,.F.);
#5598 = ORIENTED_EDGE('',*,*,#3272,.F.);
#5599 = PLANE('',#5600);
#5600 = AXIS2_PLACEMENT_3D('',#5601,#5602,#5603);
#5601 = CARTESIAN_POINT('',(-91.5,79.5,-57.));
#5602 = DIRECTION('',(0.,1.,0.));
#5603 = DIRECTION('',(0.,0.,1.));
#5604 = ADVANCED_FACE('',(#5605),#5623,.F.);
#5605 = FACE_BOUND('',#5606,.F.);
#5606 = EDGE_LOOP('',(#5607,#5608,#5616,#5622));
#5607 = ORIENTED_EDGE('',*,*,#3332,.F.);
#5608 = ORIENTED_EDGE('',*,*,#5609,.F.);
#5609 = EDGE_CURVE('',#5610,#3325,#5612,.T.);
#5610 = VERTEX_POINT('',#5611);
#5611 = CARTESIAN_POINT('',(-24.3,79.5,84.));
#5612 = LINE('',#5613,#5614);
#5613 = CARTESIAN_POINT('',(-24.3,79.5,-56.1));
#5614 = VECTOR('',#5615,1.);
#5615 = DIRECTION('',(0.,0.,-1.));
#5616 = ORIENTED_EDGE('',*,*,#5617,.T.);
#5617 = EDGE_CURVE('',#5610,#3416,#5618,.T.);
#5618 = LINE('',#5619,#5620);
#5619 = CARTESIAN_POINT('',(-91.5,79.5,84.));
#5620 = VECTOR('',#5621,1.);
#5621 = DIRECTION('',(1.,0.,0.));
#5622 = ORIENTED_EDGE('',*,*,#3424,.F.);
#5623 = PLANE('',#5624);
#5624 = AXIS2_PLACEMENT_3D('',#5625,#5626,#5627);
#5625 = CARTESIAN_POINT('',(-91.5,79.5,-57.));
#5626 = DIRECTION('',(0.,1.,0.));
#5627 = DIRECTION('',(0.,0.,1.));
#5628 = ADVANCED_FACE('',(#5629),#5715,.T.);
#5629 = FACE_BOUND('',#5630,.T.);
#5630 = EDGE_LOOP('',(#5631,#5641,#5649,#5657,#5666,#5674,#5683,#5689,
    #5690,#5691,#5700,#5708));
#5631 = ORIENTED_EDGE('',*,*,#5632,.T.);
#5632 = EDGE_CURVE('',#5633,#5635,#5637,.T.);
#5633 = VERTEX_POINT('',#5634);
#5634 = CARTESIAN_POINT('',(-24.3,-79.5,84.));
#5635 = VERTEX_POINT('',#5636);
#5636 = CARTESIAN_POINT('',(-24.3,-79.5,26.831884018831));
#5637 = LINE('',#5638,#5639);
#5638 = CARTESIAN_POINT('',(-24.3,-79.5,-56.1));
#5639 = VECTOR('',#5640,1.);
#5640 = DIRECTION('',(0.,0.,-1.));
#5641 = ORIENTED_EDGE('',*,*,#5642,.F.);
#5642 = EDGE_CURVE('',#5643,#5635,#5645,.T.);
#5643 = VERTEX_POINT('',#5644);
#5644 = CARTESIAN_POINT('',(-24.3,-79.,26.831884018831));
#5645 = LINE('',#5646,#5647);
#5646 = CARTESIAN_POINT('',(-24.3,-60.,26.831884018831));
#5647 = VECTOR('',#5648,1.);
#5648 = DIRECTION('',(0.,-1.,0.));
#5649 = ORIENTED_EDGE('',*,*,#5650,.F.);
#5650 = EDGE_CURVE('',#5651,#5643,#5653,.T.);
#5651 = VERTEX_POINT('',#5652);
#5652 = CARTESIAN_POINT('',(-24.3,-79.,84.));
#5653 = LINE('',#5654,#5655);
#5654 = CARTESIAN_POINT('',(-24.3,-79.,-56.1));
#5655 = VECTOR('',#5656,1.);
#5656 = DIRECTION('',(0.,0.,-1.));
#5657 = ORIENTED_EDGE('',*,*,#5658,.F.);
#5658 = EDGE_CURVE('',#5659,#5651,#5661,.T.);
#5659 = VERTEX_POINT('',#5660);
#5660 = CARTESIAN_POINT('',(-24.3,-66.,97.));
#5661 = CIRCLE('',#5662,13.);
#5662 = AXIS2_PLACEMENT_3D('',#5663,#5664,#5665);
#5663 = CARTESIAN_POINT('',(-24.3,-66.,84.));
#5664 = DIRECTION('',(1.,0.,0.));
#5665 = DIRECTION('',(0.,-1.,0.));
#5666 = ORIENTED_EDGE('',*,*,#5667,.T.);
#5667 = EDGE_CURVE('',#5659,#5668,#5670,.T.);
#5668 = VERTEX_POINT('',#5669);
#5669 = CARTESIAN_POINT('',(-24.3,66.,97.));
#5670 = LINE('',#5671,#5672);
#5671 = CARTESIAN_POINT('',(-24.3,-84.5,97.));
#5672 = VECTOR('',#5673,1.);
#5673 = DIRECTION('',(0.,1.,0.));
#5674 = ORIENTED_EDGE('',*,*,#5675,.F.);
#5675 = EDGE_CURVE('',#5676,#5668,#5678,.T.);
#5676 = VERTEX_POINT('',#5677);
#5677 = CARTESIAN_POINT('',(-24.3,79.,84.));
#5678 = CIRCLE('',#5679,13.);
#5679 = AXIS2_PLACEMENT_3D('',#5680,#5681,#5682);
#5680 = CARTESIAN_POINT('',(-24.3,66.,84.));
#5681 = DIRECTION('',(1.,0.,0.));
#5682 = DIRECTION('',(0.,1.,0.));
#5683 = ORIENTED_EDGE('',*,*,#5684,.T.);
#5684 = EDGE_CURVE('',#5676,#3316,#5685,.T.);
#5685 = LINE('',#5686,#5687);
#5686 = CARTESIAN_POINT('',(-24.3,79.,-56.1));
#5687 = VECTOR('',#5688,1.);
#5688 = DIRECTION('',(0.,0.,-1.));
#5689 = ORIENTED_EDGE('',*,*,#3324,.T.);
#5690 = ORIENTED_EDGE('',*,*,#5609,.F.);
#5691 = ORIENTED_EDGE('',*,*,#5692,.T.);
#5692 = EDGE_CURVE('',#5610,#5693,#5695,.T.);
#5693 = VERTEX_POINT('',#5694);
#5694 = CARTESIAN_POINT('',(-24.3,66.,97.5));
#5695 = CIRCLE('',#5696,13.5);
#5696 = AXIS2_PLACEMENT_3D('',#5697,#5698,#5699);
#5697 = CARTESIAN_POINT('',(-24.3,66.,84.));
#5698 = DIRECTION('',(1.,0.,0.));
#5699 = DIRECTION('',(0.,1.,0.));
#5700 = ORIENTED_EDGE('',*,*,#5701,.F.);
#5701 = EDGE_CURVE('',#5702,#5693,#5704,.T.);
#5702 = VERTEX_POINT('',#5703);
#5703 = CARTESIAN_POINT('',(-24.3,-66.,97.5));
#5704 = LINE('',#5705,#5706);
#5705 = CARTESIAN_POINT('',(-24.3,-84.75,97.5));
#5706 = VECTOR('',#5707,1.);
#5707 = DIRECTION('',(0.,1.,0.));
#5708 = ORIENTED_EDGE('',*,*,#5709,.T.);
#5709 = EDGE_CURVE('',#5702,#5633,#5710,.T.);
#5710 = CIRCLE('',#5711,13.5);
#5711 = AXIS2_PLACEMENT_3D('',#5712,#5713,#5714);
#5712 = CARTESIAN_POINT('',(-24.3,-66.,84.));
#5713 = DIRECTION('',(1.,0.,0.));
#5714 = DIRECTION('',(0.,-1.,0.));
#5715 = PLANE('',#5716);
#5716 = AXIS2_PLACEMENT_3D('',#5717,#5718,#5719);
#5717 = CARTESIAN_POINT('',(-24.3,-90.,-55.2));
#5718 = DIRECTION('',(1.,0.,0.));
#5719 = DIRECTION('',(0.,0.,1.));
#5720 = ADVANCED_FACE('',(#5721,#5763),#5774,.F.);
#5721 = FACE_BOUND('',#5722,.F.);
#5722 = EDGE_LOOP('',(#5723,#5729,#5730,#5731,#5732,#5733,#5734,#5735,
    #5736,#5737,#5738,#5739,#5740,#5741,#5742,#5743,#5744,#5745,#5746,
    #5747,#5748,#5749,#5750,#5751,#5752,#5753,#5754,#5760,#5761,#5762));
#5723 = ORIENTED_EDGE('',*,*,#5724,.F.);
#5724 = EDGE_CURVE('',#3970,#5458,#5725,.T.);
#5725 = LINE('',#5726,#5727);
#5726 = CARTESIAN_POINT('',(-91.,79.,-44.));
#5727 = VECTOR('',#5728,1.);
#5728 = DIRECTION('',(1.,0.,0.));
#5729 = ORIENTED_EDGE('',*,*,#3978,.T.);
#5730 = ORIENTED_EDGE('',*,*,#3916,.T.);
#5731 = ORIENTED_EDGE('',*,*,#3901,.T.);
#5732 = ORIENTED_EDGE('',*,*,#3867,.T.);
#5733 = ORIENTED_EDGE('',*,*,#3853,.F.);
#5734 = ORIENTED_EDGE('',*,*,#3818,.T.);
#5735 = ORIENTED_EDGE('',*,*,#3796,.F.);
#5736 = ORIENTED_EDGE('',*,*,#3769,.T.);
#5737 = ORIENTED_EDGE('',*,*,#3985,.T.);
#5738 = ORIENTED_EDGE('',*,*,#3751,.T.);
#5739 = ORIENTED_EDGE('',*,*,#3736,.T.);
#5740 = ORIENTED_EDGE('',*,*,#3702,.T.);
#5741 = ORIENTED_EDGE('',*,*,#3688,.F.);
#5742 = ORIENTED_EDGE('',*,*,#3653,.T.);
#5743 = ORIENTED_EDGE('',*,*,#3631,.F.);
#5744 = ORIENTED_EDGE('',*,*,#3604,.T.);
#5745 = ORIENTED_EDGE('',*,*,#3992,.T.);
#5746 = ORIENTED_EDGE('',*,*,#3586,.T.);
#5747 = ORIENTED_EDGE('',*,*,#3571,.T.);
#5748 = ORIENTED_EDGE('',*,*,#3537,.T.);
#5749 = ORIENTED_EDGE('',*,*,#3523,.F.);
#5750 = ORIENTED_EDGE('',*,*,#3488,.T.);
#5751 = ORIENTED_EDGE('',*,*,#3466,.F.);
#5752 = ORIENTED_EDGE('',*,*,#3439,.T.);
#5753 = ORIENTED_EDGE('',*,*,#3999,.T.);
#5754 = ORIENTED_EDGE('',*,*,#5755,.T.);
#5755 = EDGE_CURVE('',#4000,#5676,#5756,.T.);
#5756 = LINE('',#5757,#5758);
#5757 = CARTESIAN_POINT('',(-91.,79.,84.));
#5758 = VECTOR('',#5759,1.);
#5759 = DIRECTION('',(1.,0.,0.));
#5760 = ORIENTED_EDGE('',*,*,#5684,.T.);
#5761 = ORIENTED_EDGE('',*,*,#3315,.F.);
#5762 = ORIENTED_EDGE('',*,*,#5491,.T.);
#5763 = FACE_BOUND('',#5764,.F.);
#5764 = EDGE_LOOP('',(#5765));
#5765 = ORIENTED_EDGE('',*,*,#5766,.F.);
#5766 = EDGE_CURVE('',#5767,#5767,#5769,.T.);
#5767 = VERTEX_POINT('',#5768);
#5768 = CARTESIAN_POINT('',(-45.,79.,43.));
#5769 = CIRCLE('',#5770,8.);
#5770 = AXIS2_PLACEMENT_3D('',#5771,#5772,#5773);
#5771 = CARTESIAN_POINT('',(-45.,79.,35.));
#5772 = DIRECTION('',(0.,1.,0.));
#5773 = DIRECTION('',(0.,0.,1.));
#5774 = PLANE('',#5775);
#5775 = AXIS2_PLACEMENT_3D('',#5776,#5777,#5778);
#5776 = CARTESIAN_POINT('',(-91.,79.,-57.));
#5777 = DIRECTION('',(0.,1.,0.));
#5778 = DIRECTION('',(0.,0.,1.));
#5779 = ADVANCED_FACE('',(#5780),#5791,.F.);
#5780 = FACE_BOUND('',#5781,.F.);
#5781 = EDGE_LOOP('',(#5782,#5783,#5784,#5790));
#5782 = ORIENTED_EDGE('',*,*,#5617,.F.);
#5783 = ORIENTED_EDGE('',*,*,#5692,.T.);
#5784 = ORIENTED_EDGE('',*,*,#5785,.T.);
#5785 = EDGE_CURVE('',#5693,#3408,#5786,.T.);
#5786 = LINE('',#5787,#5788);
#5787 = CARTESIAN_POINT('',(-91.5,66.,97.5));
#5788 = VECTOR('',#5789,1.);
#5789 = DIRECTION('',(1.,0.,0.));
#5790 = ORIENTED_EDGE('',*,*,#3415,.F.);
#5791 = CYLINDRICAL_SURFACE('',#5792,13.5);
#5792 = AXIS2_PLACEMENT_3D('',#5793,#5794,#5795);
#5793 = CARTESIAN_POINT('',(-91.5,66.,84.));
#5794 = DIRECTION('',(1.,0.,0.));
#5795 = DIRECTION('',(0.,1.,0.));
#5796 = ADVANCED_FACE('',(#5797),#5808,.F.);
#5797 = FACE_BOUND('',#5798,.F.);
#5798 = EDGE_LOOP('',(#5799,#5800,#5806,#5807));
#5799 = ORIENTED_EDGE('',*,*,#5701,.F.);
#5800 = ORIENTED_EDGE('',*,*,#5801,.T.);
#5801 = EDGE_CURVE('',#5702,#3399,#5802,.T.);
#5802 = LINE('',#5803,#5804);
#5803 = CARTESIAN_POINT('',(-91.5,-66.,97.5));
#5804 = VECTOR('',#5805,1.);
#5805 = DIRECTION('',(1.,0.,0.));
#5806 = ORIENTED_EDGE('',*,*,#3407,.F.);
#5807 = ORIENTED_EDGE('',*,*,#5785,.F.);
#5808 = PLANE('',#5809);
#5809 = AXIS2_PLACEMENT_3D('',#5810,#5811,#5812);
#5810 = CARTESIAN_POINT('',(-91.5,-79.5,97.5));
#5811 = DIRECTION('',(0.,0.,1.));
#5812 = DIRECTION('',(1.,0.,0.));
#5813 = ADVANCED_FACE('',(#5814),#5825,.F.);
#5814 = FACE_BOUND('',#5815,.T.);
#5815 = EDGE_LOOP('',(#5816,#5817,#5818,#5819));
#5816 = ORIENTED_EDGE('',*,*,#5709,.F.);
#5817 = ORIENTED_EDGE('',*,*,#5801,.T.);
#5818 = ORIENTED_EDGE('',*,*,#3398,.T.);
#5819 = ORIENTED_EDGE('',*,*,#5820,.F.);
#5820 = EDGE_CURVE('',#5633,#3391,#5821,.T.);
#5821 = LINE('',#5822,#5823);
#5822 = CARTESIAN_POINT('',(-91.5,-79.5,84.));
#5823 = VECTOR('',#5824,1.);
#5824 = DIRECTION('',(1.,0.,0.));
#5825 = CYLINDRICAL_SURFACE('',#5826,13.5);
#5826 = AXIS2_PLACEMENT_3D('',#5827,#5828,#5829);
#5827 = CARTESIAN_POINT('',(-91.5,-66.,84.));
#5828 = DIRECTION('',(1.,0.,0.));
#5829 = DIRECTION('',(0.,-1.,0.));
#5830 = ADVANCED_FACE('',(#5831),#5843,.T.);
#5831 = FACE_BOUND('',#5832,.T.);
#5832 = EDGE_LOOP('',(#5833,#5840,#5841,#5842));
#5833 = ORIENTED_EDGE('',*,*,#5834,.T.);
#5834 = EDGE_CURVE('',#3383,#5635,#5835,.T.);
#5835 = CIRCLE('',#5836,36.2);
#5836 = AXIS2_PLACEMENT_3D('',#5837,#5838,#5839);
#5837 = CARTESIAN_POINT('',(0.,-79.5,0.));
#5838 = DIRECTION('',(0.,-1.,0.));
#5839 = DIRECTION('',(0.,0.,-1.));
#5840 = ORIENTED_EDGE('',*,*,#5632,.F.);
#5841 = ORIENTED_EDGE('',*,*,#5820,.T.);
#5842 = ORIENTED_EDGE('',*,*,#3390,.F.);
#5843 = PLANE('',#5844);
#5844 = AXIS2_PLACEMENT_3D('',#5845,#5846,#5847);
#5845 = CARTESIAN_POINT('',(-91.5,-79.5,-57.));
#5846 = DIRECTION('',(0.,1.,0.));
#5847 = DIRECTION('',(0.,0.,1.));
#5848 = ADVANCED_FACE('',(#5849),#5887,.F.);
#5849 = FACE_BOUND('',#5850,.F.);
#5850 = EDGE_LOOP('',(#5851,#5852,#5853,#5854,#5855,#5864,#5872,#5881));
#5851 = ORIENTED_EDGE('',*,*,#4357,.F.);
#5852 = ORIENTED_EDGE('',*,*,#3382,.F.);
#5853 = ORIENTED_EDGE('',*,*,#5834,.T.);
#5854 = ORIENTED_EDGE('',*,*,#5642,.F.);
#5855 = ORIENTED_EDGE('',*,*,#5856,.T.);
#5856 = EDGE_CURVE('',#5643,#5857,#5859,.T.);
#5857 = VERTEX_POINT('',#5858);
#5858 = CARTESIAN_POINT('',(-24.3,-79.,-26.83188401883));
#5859 = CIRCLE('',#5860,36.2);
#5860 = AXIS2_PLACEMENT_3D('',#5861,#5862,#5863);
#5861 = CARTESIAN_POINT('',(0.,-79.,0.));
#5862 = DIRECTION('',(0.,-1.,0.));
#5863 = DIRECTION('',(0.,0.,-1.));
#5864 = ORIENTED_EDGE('',*,*,#5865,.T.);
#5865 = EDGE_CURVE('',#5857,#5866,#5868,.T.);
#5866 = VERTEX_POINT('',#5867);
#5867 = CARTESIAN_POINT('',(-24.3,-79.5,-26.83188401883));
#5868 = LINE('',#5869,#5870);
#5869 = CARTESIAN_POINT('',(-24.3,-60.,-26.83188401883));
#5870 = VECTOR('',#5871,1.);
#5871 = DIRECTION('',(0.,-1.,0.));
#5872 = ORIENTED_EDGE('',*,*,#5873,.T.);
#5873 = EDGE_CURVE('',#5866,#5874,#5876,.T.);
#5874 = VERTEX_POINT('',#5875);
#5875 = CARTESIAN_POINT('',(-20.,-79.5,-30.17349830563));
#5876 = CIRCLE('',#5877,36.2);
#5877 = AXIS2_PLACEMENT_3D('',#5878,#5879,#5880);
#5878 = CARTESIAN_POINT('',(0.,-79.5,0.));
#5879 = DIRECTION('',(0.,-1.,0.));
#5880 = DIRECTION('',(0.,0.,-1.));
#5881 = ORIENTED_EDGE('',*,*,#5882,.T.);
#5882 = EDGE_CURVE('',#5874,#4358,#5883,.T.);
#5883 = LINE('',#5884,#5885);
#5884 = CARTESIAN_POINT('',(-20.,-60.,-30.17349830563));
#5885 = VECTOR('',#5886,1.);
#5886 = DIRECTION('',(0.,-1.,0.));
#5887 = CYLINDRICAL_SURFACE('',#5888,36.2);
#5888 = AXIS2_PLACEMENT_3D('',#5889,#5890,#5891);
#5889 = CARTESIAN_POINT('',(0.,-60.,0.));
#5890 = DIRECTION('',(0.,-1.,0.));
#5891 = DIRECTION('',(0.,0.,-1.));
#5892 = ADVANCED_FACE('',(#5893),#5899,.T.);
#5893 = FACE_BOUND('',#5894,.F.);
#5894 = EDGE_LOOP('',(#5895,#5896,#5897,#5898));
#5895 = ORIENTED_EDGE('',*,*,#4148,.F.);
#5896 = ORIENTED_EDGE('',*,*,#4741,.T.);
#5897 = ORIENTED_EDGE('',*,*,#3365,.T.);
#5898 = ORIENTED_EDGE('',*,*,#4350,.F.);
#5899 = CYLINDRICAL_SURFACE('',#5900,16.);
#5900 = AXIS2_PLACEMENT_3D('',#5901,#5902,#5903);
#5901 = CARTESIAN_POINT('',(-94.,-66.,84.));
#5902 = DIRECTION('',(1.,0.,0.));
#5903 = DIRECTION('',(0.,-1.,0.));
#5904 = ADVANCED_FACE('',(#5905,#5908),#5919,.T.);
#5905 = FACE_BOUND('',#5906,.T.);
#5906 = EDGE_LOOP('',(#5907));
#5907 = ORIENTED_EDGE('',*,*,#3942,.T.);
#5908 = FACE_BOUND('',#5909,.T.);
#5909 = EDGE_LOOP('',(#5910));
#5910 = ORIENTED_EDGE('',*,*,#5911,.F.);
#5911 = EDGE_CURVE('',#5912,#5912,#5914,.T.);
#5912 = VERTEX_POINT('',#5913);
#5913 = CARTESIAN_POINT('',(-45.,86.,36.7));
#5914 = CIRCLE('',#5915,1.7);
#5915 = AXIS2_PLACEMENT_3D('',#5916,#5917,#5918);
#5916 = CARTESIAN_POINT('',(-45.,86.,35.));
#5917 = DIRECTION('',(0.,1.,0.));
#5918 = DIRECTION('',(0.,0.,1.));
#5919 = PLANE('',#5920);
#5920 = AXIS2_PLACEMENT_3D('',#5921,#5922,#5923);
#5921 = CARTESIAN_POINT('',(-45.,86.,35.));
#5922 = DIRECTION('',(0.,1.,0.));
#5923 = DIRECTION('',(0.,0.,1.));
#5924 = ADVANCED_FACE('',(#5925),#5943,.T.);
#5925 = FACE_BOUND('',#5926,.T.);
#5926 = EDGE_LOOP('',(#5927,#5936,#5942));
#5927 = ORIENTED_EDGE('',*,*,#5928,.F.);
#5928 = EDGE_CURVE('',#5929,#3962,#5931,.T.);
#5929 = VERTEX_POINT('',#5930);
#5930 = CARTESIAN_POINT('',(-91.,65.,-44.));
#5931 = CIRCLE('',#5932,5.);
#5932 = AXIS2_PLACEMENT_3D('',#5933,#5934,#5935);
#5933 = CARTESIAN_POINT('',(-91.,62.,-40.));
#5934 = DIRECTION('',(1.,0.,-0.));
#5935 = DIRECTION('',(0.,0.,1.));
#5936 = ORIENTED_EDGE('',*,*,#5937,.T.);
#5937 = EDGE_CURVE('',#5929,#3960,#5938,.T.);
#5938 = LINE('',#5939,#5940);
#5939 = CARTESIAN_POINT('',(-91.,-79.,-44.));
#5940 = VECTOR('',#5941,1.);
#5941 = DIRECTION('',(0.,1.,0.));
#5942 = ORIENTED_EDGE('',*,*,#3959,.T.);
#5943 = PLANE('',#5944);
#5944 = AXIS2_PLACEMENT_3D('',#5945,#5946,#5947);
#5945 = CARTESIAN_POINT('',(-91.,-79.,-57.));
#5946 = DIRECTION('',(1.,0.,0.));
#5947 = DIRECTION('',(0.,0.,1.));
#5948 = ADVANCED_FACE('',(#5949),#6001,.T.);
#5949 = FACE_BOUND('',#5950,.T.);
#5950 = EDGE_LOOP('',(#5951,#5959,#5966,#5967,#5968,#5998,#5999,#6000));
#5951 = ORIENTED_EDGE('',*,*,#5952,.T.);
#5952 = EDGE_CURVE('',#4881,#5953,#5955,.T.);
#5953 = VERTEX_POINT('',#5954);
#5954 = CARTESIAN_POINT('',(-86.,62.,-35.));
#5955 = LINE('',#5956,#5957);
#5956 = CARTESIAN_POINT('',(-94.,62.,-35.));
#5957 = VECTOR('',#5958,1.);
#5958 = DIRECTION('',(1.,0.,0.));
#5959 = ORIENTED_EDGE('',*,*,#5960,.F.);
#5960 = EDGE_CURVE('',#5953,#5953,#5961,.T.);
#5961 = CIRCLE('',#5962,5.);
#5962 = AXIS2_PLACEMENT_3D('',#5963,#5964,#5965);
#5963 = CARTESIAN_POINT('',(-86.,62.,-40.));
#5964 = DIRECTION('',(1.,0.,-0.));
#5965 = DIRECTION('',(0.,0.,1.));
#5966 = ORIENTED_EDGE('',*,*,#5952,.F.);
#5967 = ORIENTED_EDGE('',*,*,#4880,.T.);
#5968 = ORIENTED_EDGE('',*,*,#5969,.T.);
#5969 = EDGE_CURVE('',#4873,#5929,#5970,.T.);
#5970 = B_SPLINE_CURVE_WITH_KNOTS('',6,(#5971,#5972,#5973,#5974,#5975,
    #5976,#5977,#5978,#5979,#5980,#5981,#5982,#5983,#5984,#5985,#5986,
    #5987,#5988,#5989,#5990,#5991,#5992,#5993,#5994,#5995,#5996,#5997),
  .UNSPECIFIED.,.F.,.F.,(7,5,5,5,5,7),(0.,0.12328008339,0.500031324908,
    0.779040465663,0.877334556043,1.),.UNSPECIFIED.);
#5971 = CARTESIAN_POINT('',(-91.,59.,-44.));
#5972 = CARTESIAN_POINT('',(-91.,59.112766014837,-44.08457451112));
#5973 = CARTESIAN_POINT('',(-90.99933974554,59.22730826156,
    -44.16452054466));
#5974 = CARTESIAN_POINT('',(-90.99815469784,59.343442395776,
    -44.23991462193));
#5975 = CARTESIAN_POINT('',(-90.99656384946,59.461002577905,
    -44.31083049549));
#5976 = CARTESIAN_POINT('',(-90.99467139645,59.579841480077,
    -44.37733879162));
#5977 = CARTESIAN_POINT('',(-90.98614156089,60.066523217002,
    -44.62949532066));
#5978 = CARTESIAN_POINT('',(-90.97774669316,60.444053043859,-44.77899721
    ));
#5979 = CARTESIAN_POINT('',(-90.96998216342,60.828637749221,
    -44.88981630639));
#5980 = CARTESIAN_POINT('',(-90.96431639287,61.217570878443,
    -44.96325433637));
#5981 = CARTESIAN_POINT('',(-90.96148139681,61.608713336775,-45.));
#5982 = CARTESIAN_POINT('',(-90.96148139681,62.289773579128,-45.));
#5983 = CARTESIAN_POINT('',(-90.96303619683,62.579515087176,
    -44.97984746519));
#5984 = CARTESIAN_POINT('',(-90.96614513866,62.868353467678,
    -44.93955101488));
#5985 = CARTESIAN_POINT('',(-90.97058709148,63.155400533869,
    -44.87891294227));
#5986 = CARTESIAN_POINT('',(-90.97591937401,63.439647774547,
    -44.79754844989));
#5987 = CARTESIAN_POINT('',(-90.9833500596,63.818580383256,
    -44.65873572109));
#5988 = CARTESIAN_POINT('',(-90.98530604362,63.916801793228,
    -44.61992953201));
#5989 = CARTESIAN_POINT('',(-90.98725065948,64.014474147728,
    -44.57845479861));
#5990 = CARTESIAN_POINT('',(-90.98914755279,64.111540963729,
    -44.53428326339));
#5991 = CARTESIAN_POINT('',(-90.99095554348,64.207941168887,
    -44.48738391021));
#5992 = CARTESIAN_POINT('',(-90.99471653741,64.422997249757,
    -44.37574892325));
#5993 = CARTESIAN_POINT('',(-90.9965941977,64.541243998325,
    -44.30947456165));
#5994 = CARTESIAN_POINT('',(-90.99817164817,64.658222131649,
    -44.23883363193));
#5995 = CARTESIAN_POINT('',(-90.99934603977,64.773786251921,
    -44.16375648309));
#5996 = CARTESIAN_POINT('',(-91.,64.887772787283,-44.08417040953));
#5997 = CARTESIAN_POINT('',(-91.,65.,-44.));
#5998 = ORIENTED_EDGE('',*,*,#5928,.T.);
#5999 = ORIENTED_EDGE('',*,*,#4064,.T.);
#6000 = ORIENTED_EDGE('',*,*,#4889,.T.);
#6001 = CYLINDRICAL_SURFACE('',#6002,5.);
#6002 = AXIS2_PLACEMENT_3D('',#6003,#6004,#6005);
#6003 = CARTESIAN_POINT('',(-94.,62.,-40.));
#6004 = DIRECTION('',(1.,0.,0.));
#6005 = DIRECTION('',(0.,0.,1.));
#6006 = ADVANCED_FACE('',(#6007),#6028,.T.);
#6007 = FACE_BOUND('',#6008,.T.);
#6008 = EDGE_LOOP('',(#6009,#6017,#6024,#6025,#6026,#6027));
#6009 = ORIENTED_EDGE('',*,*,#6010,.T.);
#6010 = EDGE_CURVE('',#4898,#6011,#6013,.T.);
#6011 = VERTEX_POINT('',#6012);
#6012 = CARTESIAN_POINT('',(-86.,62.,46.));
#6013 = LINE('',#6014,#6015);
#6014 = CARTESIAN_POINT('',(-94.,62.,46.));
#6015 = VECTOR('',#6016,1.);
#6016 = DIRECTION('',(1.,0.,0.));
#6017 = ORIENTED_EDGE('',*,*,#6018,.F.);
#6018 = EDGE_CURVE('',#6011,#6011,#6019,.T.);
#6019 = CIRCLE('',#6020,5.);
#6020 = AXIS2_PLACEMENT_3D('',#6021,#6022,#6023);
#6021 = CARTESIAN_POINT('',(-86.,62.,41.));
#6022 = DIRECTION('',(1.,0.,-0.));
#6023 = DIRECTION('',(0.,0.,1.));
#6024 = ORIENTED_EDGE('',*,*,#6010,.F.);
#6025 = ORIENTED_EDGE('',*,*,#4897,.T.);
#6026 = ORIENTED_EDGE('',*,*,#4024,.T.);
#6027 = ORIENTED_EDGE('',*,*,#4906,.T.);
#6028 = CYLINDRICAL_SURFACE('',#6029,5.);
#6029 = AXIS2_PLACEMENT_3D('',#6030,#6031,#6032);
#6030 = CARTESIAN_POINT('',(-94.,62.,41.));
#6031 = DIRECTION('',(1.,0.,0.));
#6032 = DIRECTION('',(0.,0.,1.));
#6033 = ADVANCED_FACE('',(#6034),#6053,.F.);
#6034 = FACE_BOUND('',#6035,.T.);
#6035 = EDGE_LOOP('',(#6036,#6037,#6046));
#6036 = ORIENTED_EDGE('',*,*,#4007,.F.);
#6037 = ORIENTED_EDGE('',*,*,#6038,.T.);
#6038 = EDGE_CURVE('',#4000,#6039,#6041,.T.);
#6039 = VERTEX_POINT('',#6040);
#6040 = CARTESIAN_POINT('',(-78.,66.,97.));
#6041 = CIRCLE('',#6042,13.);
#6042 = AXIS2_PLACEMENT_3D('',#6043,#6044,#6045);
#6043 = CARTESIAN_POINT('',(-78.,66.,84.));
#6044 = DIRECTION('',(1.,0.,6.123233995737E-17));
#6045 = DIRECTION('',(-6.123233995737E-17,0.,1.));
#6046 = ORIENTED_EDGE('',*,*,#6047,.F.);
#6047 = EDGE_CURVE('',#4008,#6039,#6048,.T.);
#6048 = CIRCLE('',#6049,13.);
#6049 = AXIS2_PLACEMENT_3D('',#6050,#6051,#6052);
#6050 = CARTESIAN_POINT('',(-78.,66.,84.));
#6051 = DIRECTION('',(0.,1.,-0.));
#6052 = DIRECTION('',(-1.,0.,0.));
#6053 = SPHERICAL_SURFACE('',#6054,13.);
#6054 = AXIS2_PLACEMENT_3D('',#6055,#6056,#6057);
#6055 = CARTESIAN_POINT('',(-78.,66.,84.));
#6056 = DIRECTION('',(0.,-1.,0.));
#6057 = DIRECTION('',(-1.,0.,0.));
#6058 = ADVANCED_FACE('',(#6059),#6087,.F.);
#6059 = FACE_BOUND('',#6060,.T.);
#6060 = EDGE_LOOP('',(#6061,#6070,#6079,#6086));
#6061 = ORIENTED_EDGE('',*,*,#6062,.F.);
#6062 = EDGE_CURVE('',#6063,#3960,#6065,.T.);
#6063 = VERTEX_POINT('',#6064);
#6064 = CARTESIAN_POINT('',(-89.53256259467,66.,-50.));
#6065 = CIRCLE('',#6066,13.);
#6066 = AXIS2_PLACEMENT_3D('',#6067,#6068,#6069);
#6067 = CARTESIAN_POINT('',(-78.,66.,-44.));
#6068 = DIRECTION('',(0.,1.,-0.));
#6069 = DIRECTION('',(-1.,0.,0.));
#6070 = ORIENTED_EDGE('',*,*,#6071,.F.);
#6071 = EDGE_CURVE('',#6072,#6063,#6074,.T.);
#6072 = VERTEX_POINT('',#6073);
#6073 = CARTESIAN_POINT('',(-78.,77.532562594671,-50.));
#6074 = CIRCLE('',#6075,11.532562594671);
#6075 = AXIS2_PLACEMENT_3D('',#6076,#6077,#6078);
#6076 = CARTESIAN_POINT('',(-78.,66.,-50.));
#6077 = DIRECTION('',(0.,0.,1.));
#6078 = DIRECTION('',(-1.,0.,0.));
#6079 = ORIENTED_EDGE('',*,*,#6080,.T.);
#6080 = EDGE_CURVE('',#6072,#3970,#6081,.T.);
#6081 = CIRCLE('',#6082,13.);
#6082 = AXIS2_PLACEMENT_3D('',#6083,#6084,#6085);
#6083 = CARTESIAN_POINT('',(-78.,66.,-44.));
#6084 = DIRECTION('',(1.,6.123233995737E-17,-0.));
#6085 = DIRECTION('',(-6.123233995737E-17,1.,0.));
#6086 = ORIENTED_EDGE('',*,*,#3969,.F.);
#6087 = SPHERICAL_SURFACE('',#6088,13.);
#6088 = AXIS2_PLACEMENT_3D('',#6089,#6090,#6091);
#6089 = CARTESIAN_POINT('',(-78.,66.,-44.));
#6090 = DIRECTION('',(0.,0.,1.));
#6091 = DIRECTION('',(-1.,0.,0.));
#6092 = ADVANCED_FACE('',(#6093),#6260,.T.);
#6093 = FACE_BOUND('',#6094,.T.);
#6094 = EDGE_LOOP('',(#6095,#6103,#6150,#6158,#6205,#6213,#6222,#6231,
    #6240,#6248,#6255,#6256,#6257,#6258,#6259));
#6095 = ORIENTED_EDGE('',*,*,#6096,.T.);
#6096 = EDGE_CURVE('',#4570,#6097,#6099,.T.);
#6097 = VERTEX_POINT('',#6098);
#6098 = CARTESIAN_POINT('',(-72.64575131106,-70.,-54.49193338483));
#6099 = LINE('',#6100,#6101);
#6100 = CARTESIAN_POINT('',(-94.,-70.,-54.49193338483));
#6101 = VECTOR('',#6102,1.);
#6102 = DIRECTION('',(1.,0.,0.));
#6103 = ORIENTED_EDGE('',*,*,#6104,.T.);
#6104 = EDGE_CURVE('',#6097,#6105,#6107,.T.);
#6105 = VERTEX_POINT('',#6106);
#6106 = CARTESIAN_POINT('',(-67.35424868893,-70.,-54.49193338483));
#6107 = B_SPLINE_CURVE_WITH_KNOTS('',6,(#6108,#6109,#6110,#6111,#6112,
    #6113,#6114,#6115,#6116,#6117,#6118,#6119,#6120,#6121,#6122,#6123,
    #6124,#6125,#6126,#6127,#6128,#6129,#6130,#6131,#6132,#6133,#6134,
    #6135,#6136,#6137,#6138,#6139,#6140,#6141,#6142,#6143,#6144,#6145,
    #6146,#6147,#6148,#6149),.UNSPECIFIED.,.F.,.F.,(7,5,5,5,5,5,5,5,7),(
    0.,0.14147373075,0.262061836058,0.412193002359,0.531046568293,
    0.689698999119,0.800815599625,0.921296454464,1.),.UNSPECIFIED.);
#6108 = CARTESIAN_POINT('',(-73.8729833462,-66.,-55.));
#6109 = CARTESIAN_POINT('',(-73.96699791735,-66.36411686834,-55.));
#6110 = CARTESIAN_POINT('',(-74.02229572343,-66.74798641322,
    -54.99005655818));
#6111 = CARTESIAN_POINT('',(-74.03185519527,-67.14041584298,
    -54.96814643751));
#6112 = CARTESIAN_POINT('',(-73.99442368064,-67.52873894965,
    -54.93405286061));
#6113 = CARTESIAN_POINT('',(-73.91417016182,-67.90067784522,
    -54.8905307261));
#6114 = CARTESIAN_POINT('',(-73.70459565057,-68.54007679768,
    -54.79988339472));
#6115 = CARTESIAN_POINT('',(-73.58382034769,-68.81621895083,
    -54.75404564604));
#6116 = CARTESIAN_POINT('',(-73.44263757687,-69.07301334248,
    -54.70572404149));
#6117 = CARTESIAN_POINT('',(-73.28456478428,-69.30979217739,
    -54.65653438709));
#6118 = CARTESIAN_POINT('',(-73.11280171694,-69.52633278225,
    -54.60787516004));
#6119 = CARTESIAN_POINT('',(-72.70306666277,-69.96729898543,
    -54.50237927758));
#6120 = CARTESIAN_POINT('',(-72.4583533492,-70.18155442224,
    -54.44624537394));
#6121 = CARTESIAN_POINT('',(-72.20045123077,-70.36655899303,
    -54.39441703449));
#6122 = CARTESIAN_POINT('',(-71.93245702749,-70.52344098801,
    -54.34828431217));
#6123 = CARTESIAN_POINT('',(-71.65664295466,-70.65316411796,
    -54.30881235077));
#6124 = CARTESIAN_POINT('',(-71.15168107491,-70.83797903065,
    -54.25127122787));
#6125 = CARTESIAN_POINT('',(-70.92485796471,-70.90296154234,
    -54.23046483978));
#6126 = CARTESIAN_POINT('',(-70.695383091,-70.9515222174,-54.21463183279
    ));
#6127 = CARTESIAN_POINT('',(-70.46417939216,-70.98383857763,
    -54.20400105678));
#6128 = CARTESIAN_POINT('',(-70.23210259373,-71.,-54.19868415357));
#6129 = CARTESIAN_POINT('',(-69.69017639136,-71.,-54.19868415357));
#6130 = CARTESIAN_POINT('',(-69.38046225547,-70.97120254468,
    -54.20815785505));
#6131 = CARTESIAN_POINT('',(-69.07282065417,-70.91364739392,
    -54.22709192781));
#6132 = CARTESIAN_POINT('',(-68.76924606544,-70.82702960629,
    -54.25513413958));
#6133 = CARTESIAN_POINT('',(-68.4720295589,-70.71076512472,
    -54.29157060363));
#6134 = CARTESIAN_POINT('',(-67.98233517986,-70.46125337613,
    -54.36582949612));
#6135 = CARTESIAN_POINT('',(-67.78514199358,-70.34352371462,
    -54.39996788582));
#6136 = CARTESIAN_POINT('',(-67.59334142688,-70.21049586234,
    -54.43727739149));
#6137 = CARTESIAN_POINT('',(-67.40802063498,-70.06173548401,
    -54.47727490739));
#6138 = CARTESIAN_POINT('',(-67.23055796247,-69.89677992578,
    -54.51934133123));
#6139 = CARTESIAN_POINT('',(-66.8807167186,-69.51832380034,
    -54.60968827513));
#6140 = CARTESIAN_POINT('',(-66.70950389968,-69.30133734695,
    -54.65832929396));
#6141 = CARTESIAN_POINT('',(-66.55203014727,-69.06413742165,
    -54.70746937481));
#6142 = CARTESIAN_POINT('',(-66.41150425442,-68.80696559822,
    -54.75570580158));
#6143 = CARTESIAN_POINT('',(-66.29144449899,-68.53051169785,
    -54.80142191973));
#6144 = CARTESIAN_POINT('',(-66.13327759368,-68.04372401726,
    -54.87012682105));
#6145 = CARTESIAN_POINT('',(-66.08120223583,-67.843744138,
    -54.89549379411));
#6146 = CARTESIAN_POINT('',(-66.04100856023,-67.63764734242,
    -54.91846276136));
#6147 = CARTESIAN_POINT('',(-66.01373430746,-67.42712278711,
    -54.9385181861));
#6148 = CARTESIAN_POINT('',(-66.,-67.21396486255,-54.95532042323));
#6149 = CARTESIAN_POINT('',(-66.,-67.,-54.96871942267));
#6150 = ORIENTED_EDGE('',*,*,#6151,.T.);
#6151 = EDGE_CURVE('',#6105,#6152,#6154,.T.);
#6152 = VERTEX_POINT('',#6153);
#6153 = CARTESIAN_POINT('',(-37.64575131106,-70.,-54.49193338483));
#6154 = LINE('',#6155,#6156);
#6155 = CARTESIAN_POINT('',(-94.,-70.,-54.49193338483));
#6156 = VECTOR('',#6157,1.);
#6157 = DIRECTION('',(1.,0.,0.));
#6158 = ORIENTED_EDGE('',*,*,#6159,.T.);
#6159 = EDGE_CURVE('',#6152,#6160,#6162,.T.);
#6160 = VERTEX_POINT('',#6161);
#6161 = CARTESIAN_POINT('',(-32.35424868893,-70.,-54.49193338483));
#6162 = B_SPLINE_CURVE_WITH_KNOTS('',6,(#6163,#6164,#6165,#6166,#6167,
    #6168,#6169,#6170,#6171,#6172,#6173,#6174,#6175,#6176,#6177,#6178,
    #6179,#6180,#6181,#6182,#6183,#6184,#6185,#6186,#6187,#6188,#6189,
    #6190,#6191,#6192,#6193,#6194,#6195,#6196,#6197,#6198,#6199,#6200,
    #6201,#6202,#6203,#6204),.UNSPECIFIED.,.F.,.F.,(7,5,5,5,5,5,5,5,7),(
    0.,0.141473731154,0.262061836808,0.412193003538,0.531046574415,
    0.689699005771,0.80081559878,0.921296454114,1.),.UNSPECIFIED.);
#6163 = CARTESIAN_POINT('',(-38.8729833462,-66.,-55.));
#6164 = CARTESIAN_POINT('',(-38.96699791735,-66.36411686834,-55.));
#6165 = CARTESIAN_POINT('',(-39.02229572343,-66.74798641322,
    -54.99005655818));
#6166 = CARTESIAN_POINT('',(-39.03185519527,-67.14041584298,
    -54.96814643751));
#6167 = CARTESIAN_POINT('',(-38.99442368064,-67.52873894965,
    -54.93405286061));
#6168 = CARTESIAN_POINT('',(-38.91417016182,-67.90067784522,
    -54.8905307261));
#6169 = CARTESIAN_POINT('',(-38.70459565057,-68.54007679768,
    -54.79988339472));
#6170 = CARTESIAN_POINT('',(-38.58382034769,-68.81621895083,
    -54.75404564604));
#6171 = CARTESIAN_POINT('',(-38.44263757687,-69.07301334248,
    -54.70572404149));
#6172 = CARTESIAN_POINT('',(-38.28456478428,-69.30979217739,
    -54.65653438709));
#6173 = CARTESIAN_POINT('',(-38.11280171694,-69.52633278225,
    -54.60787516004));
#6174 = CARTESIAN_POINT('',(-37.70306666277,-69.96729898543,
    -54.50237927758));
#6175 = CARTESIAN_POINT('',(-37.4583533492,-70.18155442224,
    -54.44624537394));
#6176 = CARTESIAN_POINT('',(-37.20045123077,-70.36655899303,
    -54.39441703449));
#6177 = CARTESIAN_POINT('',(-36.93245702749,-70.52344098801,
    -54.34828431217));
#6178 = CARTESIAN_POINT('',(-36.65664295466,-70.65316411796,
    -54.30881235077));
#6179 = CARTESIAN_POINT('',(-36.15168106626,-70.83797903381,
    -54.25127122689));
#6180 = CARTESIAN_POINT('',(-35.92485797884,-70.90296153945,
    -54.23046484069));
#6181 = CARTESIAN_POINT('',(-35.69538309087,-70.95152221594,
    -54.21463183325));
#6182 = CARTESIAN_POINT('',(-35.46417937797,-70.98383857982,
    -54.20400105609));
#6183 = CARTESIAN_POINT('',(-35.23210260266,-71.,-54.19868415357));
#6184 = CARTESIAN_POINT('',(-34.69017639128,-71.,-54.19868415357));
#6185 = CARTESIAN_POINT('',(-34.38046225559,-70.97120254467,
    -54.20815785506));
#6186 = CARTESIAN_POINT('',(-34.07282065417,-70.91364739397,
    -54.2270919278));
#6187 = CARTESIAN_POINT('',(-33.76924606533,-70.82702960623,
    -54.2551341396));
#6188 = CARTESIAN_POINT('',(-33.47202955897,-70.71076512475,
    -54.29157060362));
#6189 = CARTESIAN_POINT('',(-32.9823351941,-70.46125338338,
    -54.36582949396));
#6190 = CARTESIAN_POINT('',(-32.78514197224,-70.343523699,
    -54.39996788996));
#6191 = CARTESIAN_POINT('',(-32.59334142583,-70.21049586498,
    -54.43727739105));
#6192 = CARTESIAN_POINT('',(-32.40802065583,-70.06173550087,
    -54.47727490304));
#6193 = CARTESIAN_POINT('',(-32.23055795053,-69.89677991286,
    -54.51934133431));
#6194 = CARTESIAN_POINT('',(-31.88071671853,-69.51832380026,
    -54.60968827515));
#6195 = CARTESIAN_POINT('',(-31.70950389972,-69.30133734696,
    -54.65832929396));
#6196 = CARTESIAN_POINT('',(-31.55203014733,-69.06413742174,
    -54.70746937479));
#6197 = CARTESIAN_POINT('',(-31.41150425441,-68.80696559825,
    -54.75570580158));
#6198 = CARTESIAN_POINT('',(-31.29144449896,-68.53051169775,
    -54.80142191974));
#6199 = CARTESIAN_POINT('',(-31.13327759368,-68.04372401726,
    -54.87012682105));
#6200 = CARTESIAN_POINT('',(-31.08120223583,-67.843744138,
    -54.89549379411));
#6201 = CARTESIAN_POINT('',(-31.04100856023,-67.63764734243,
    -54.91846276136));
#6202 = CARTESIAN_POINT('',(-31.01373430746,-67.42712278711,
    -54.9385181861));
#6203 = CARTESIAN_POINT('',(-31.,-67.21396486255,-54.95532042323));
#6204 = CARTESIAN_POINT('',(-31.,-67.,-54.96871942267));
#6205 = ORIENTED_EDGE('',*,*,#6206,.T.);
#6206 = EDGE_CURVE('',#6160,#6207,#6209,.T.);
#6207 = VERTEX_POINT('',#6208);
#6208 = CARTESIAN_POINT('',(-24.3,-70.,-54.49193338483));
#6209 = LINE('',#6210,#6211);
#6210 = CARTESIAN_POINT('',(-94.,-70.,-54.49193338483));
#6211 = VECTOR('',#6212,1.);
#6212 = DIRECTION('',(1.,0.,0.));
#6213 = ORIENTED_EDGE('',*,*,#6214,.F.);
#6214 = EDGE_CURVE('',#6215,#6207,#6217,.T.);
#6215 = VERTEX_POINT('',#6216);
#6216 = CARTESIAN_POINT('',(-24.3,-75.32737905308,-52.));
#6217 = CIRCLE('',#6218,16.);
#6218 = AXIS2_PLACEMENT_3D('',#6219,#6220,#6221);
#6219 = CARTESIAN_POINT('',(-24.3,-66.,-39.));
#6220 = DIRECTION('',(1.,0.,0.));
#6221 = DIRECTION('',(0.,-1.,0.));
#6222 = ORIENTED_EDGE('',*,*,#6223,.F.);
#6223 = EDGE_CURVE('',#6224,#6215,#6226,.T.);
#6224 = VERTEX_POINT('',#6225);
#6225 = CARTESIAN_POINT('',(-24.3,-77.61895003862,-50.));
#6226 = CIRCLE('',#6227,16.);
#6227 = AXIS2_PLACEMENT_3D('',#6228,#6229,#6230);
#6228 = CARTESIAN_POINT('',(-24.3,-66.,-39.));
#6229 = DIRECTION('',(1.,0.,0.));
#6230 = DIRECTION('',(0.,-1.,0.));
#6231 = ORIENTED_EDGE('',*,*,#6232,.F.);
#6232 = EDGE_CURVE('',#6233,#6224,#6235,.T.);
#6233 = VERTEX_POINT('',#6234);
#6234 = CARTESIAN_POINT('',(-24.3,-78.12079123848,-49.44444444444));
#6235 = CIRCLE('',#6236,16.);
#6236 = AXIS2_PLACEMENT_3D('',#6237,#6238,#6239);
#6237 = CARTESIAN_POINT('',(-24.3,-66.,-39.));
#6238 = DIRECTION('',(1.,0.,0.));
#6239 = DIRECTION('',(0.,-1.,0.));
#6240 = ORIENTED_EDGE('',*,*,#6241,.T.);
#6241 = EDGE_CURVE('',#6233,#6242,#6244,.T.);
#6242 = VERTEX_POINT('',#6243);
#6243 = CARTESIAN_POINT('',(-20.,-78.12079123848,-49.44444444444));
#6244 = LINE('',#6245,#6246);
#6245 = CARTESIAN_POINT('',(-94.,-78.12079123848,-49.44444444444));
#6246 = VECTOR('',#6247,1.);
#6247 = DIRECTION('',(1.,0.,0.));
#6248 = ORIENTED_EDGE('',*,*,#6249,.F.);
#6249 = EDGE_CURVE('',#4165,#6242,#6250,.T.);
#6250 = CIRCLE('',#6251,16.);
#6251 = AXIS2_PLACEMENT_3D('',#6252,#6253,#6254);
#6252 = CARTESIAN_POINT('',(-20.,-66.,-39.));
#6253 = DIRECTION('',(1.,0.,0.));
#6254 = DIRECTION('',(0.,-1.,0.));
#6255 = ORIENTED_EDGE('',*,*,#4164,.F.);
#6256 = ORIENTED_EDGE('',*,*,#4130,.F.);
#6257 = ORIENTED_EDGE('',*,*,#4630,.F.);
#6258 = ORIENTED_EDGE('',*,*,#4604,.F.);
#6259 = ORIENTED_EDGE('',*,*,#4578,.F.);
#6260 = CYLINDRICAL_SURFACE('',#6261,16.);
#6261 = AXIS2_PLACEMENT_3D('',#6262,#6263,#6264);
#6262 = CARTESIAN_POINT('',(-94.,-66.,-39.));
#6263 = DIRECTION('',(1.,0.,0.));
#6264 = DIRECTION('',(0.,-1.,0.));
#6265 = ADVANCED_FACE('',(#6266),#6286,.T.);
#6266 = FACE_BOUND('',#6267,.T.);
#6267 = EDGE_LOOP('',(#6268,#6276,#6277,#6278,#6279));
#6268 = ORIENTED_EDGE('',*,*,#6269,.T.);
#6269 = EDGE_CURVE('',#6270,#5874,#6272,.T.);
#6270 = VERTEX_POINT('',#6271);
#6271 = CARTESIAN_POINT('',(-20.,-79.5,-43.5));
#6272 = LINE('',#6273,#6274);
#6273 = CARTESIAN_POINT('',(-20.,-79.5,-58.5));
#6274 = VECTOR('',#6275,1.);
#6275 = DIRECTION('',(0.,0.,1.));
#6276 = ORIENTED_EDGE('',*,*,#5882,.T.);
#6277 = ORIENTED_EDGE('',*,*,#4366,.T.);
#6278 = ORIENTED_EDGE('',*,*,#6249,.T.);
#6279 = ORIENTED_EDGE('',*,*,#6280,.F.);
#6280 = EDGE_CURVE('',#6270,#6242,#6281,.T.);
#6281 = CIRCLE('',#6282,13.5);
#6282 = AXIS2_PLACEMENT_3D('',#6283,#6284,#6285);
#6283 = CARTESIAN_POINT('',(-20.,-66.,-43.5));
#6284 = DIRECTION('',(1.,0.,0.));
#6285 = DIRECTION('',(0.,-1.,0.));
#6286 = PLANE('',#6287);
#6287 = AXIS2_PLACEMENT_3D('',#6288,#6289,#6290);
#6288 = CARTESIAN_POINT('',(-20.,-90.,-60.));
#6289 = DIRECTION('',(1.,0.,0.));
#6290 = DIRECTION('',(0.,0.,1.));
#6291 = ADVANCED_FACE('',(#6292),#6311,.F.);
#6292 = FACE_BOUND('',#6293,.F.);
#6293 = EDGE_LOOP('',(#6294,#6295,#6303,#6310));
#6294 = ORIENTED_EDGE('',*,*,#4342,.F.);
#6295 = ORIENTED_EDGE('',*,*,#6296,.F.);
#6296 = EDGE_CURVE('',#6297,#4335,#6299,.T.);
#6297 = VERTEX_POINT('',#6298);
#6298 = CARTESIAN_POINT('',(-76.5,-79.,76.7));
#6299 = LINE('',#6300,#6301);
#6300 = CARTESIAN_POINT('',(-76.5,-78.8,76.7));
#6301 = VECTOR('',#6302,1.);
#6302 = DIRECTION('',(0.,-1.,1.110223024625E-16));
#6303 = ORIENTED_EDGE('',*,*,#6304,.T.);
#6304 = EDGE_CURVE('',#6297,#4462,#6305,.T.);
#6305 = CIRCLE('',#6306,1.5);
#6306 = AXIS2_PLACEMENT_3D('',#6307,#6308,#6309);
#6307 = CARTESIAN_POINT('',(-76.5,-79.,75.2));
#6308 = DIRECTION('',(0.,-1.,1.110223024625E-16));
#6309 = DIRECTION('',(1.,0.,0.));
#6310 = ORIENTED_EDGE('',*,*,#4469,.T.);
#6311 = CYLINDRICAL_SURFACE('',#6312,1.5);
#6312 = AXIS2_PLACEMENT_3D('',#6313,#6314,#6315);
#6313 = CARTESIAN_POINT('',(-76.5,-78.8,75.2));
#6314 = DIRECTION('',(0.,-1.,1.110223024625E-16));
#6315 = DIRECTION('',(1.,0.,0.));
#6316 = ADVANCED_FACE('',(#6317),#6335,.F.);
#6317 = FACE_BOUND('',#6318,.F.);
#6318 = EDGE_LOOP('',(#6319,#6327,#6328,#6329));
#6319 = ORIENTED_EDGE('',*,*,#6320,.F.);
#6320 = EDGE_CURVE('',#6297,#6321,#6323,.T.);
#6321 = VERTEX_POINT('',#6322);
#6322 = CARTESIAN_POINT('',(-33.5,-79.,76.7));
#6323 = LINE('',#6324,#6325);
#6324 = CARTESIAN_POINT('',(-83.75,-79.,76.7));
#6325 = VECTOR('',#6326,1.);
#6326 = DIRECTION('',(1.,0.,0.));
#6327 = ORIENTED_EDGE('',*,*,#6296,.T.);
#6328 = ORIENTED_EDGE('',*,*,#4334,.T.);
#6329 = ORIENTED_EDGE('',*,*,#6330,.F.);
#6330 = EDGE_CURVE('',#6321,#4326,#6331,.T.);
#6331 = LINE('',#6332,#6333);
#6332 = CARTESIAN_POINT('',(-33.5,-78.8,76.7));
#6333 = VECTOR('',#6334,1.);
#6334 = DIRECTION('',(0.,-1.,1.110223024625E-16));
#6335 = PLANE('',#6336);
#6336 = AXIS2_PLACEMENT_3D('',#6337,#6338,#6339);
#6337 = CARTESIAN_POINT('',(-76.5,-78.8,76.7));
#6338 = DIRECTION('',(0.,1.110223024625E-16,1.));
#6339 = DIRECTION('',(0.,-1.,1.110223024625E-16));
#6340 = ADVANCED_FACE('',(#6341),#6360,.F.);
#6341 = FACE_BOUND('',#6342,.F.);
#6342 = EDGE_LOOP('',(#6343,#6344,#6352,#6359));
#6343 = ORIENTED_EDGE('',*,*,#4325,.F.);
#6344 = ORIENTED_EDGE('',*,*,#6345,.F.);
#6345 = EDGE_CURVE('',#6346,#4318,#6348,.T.);
#6346 = VERTEX_POINT('',#6347);
#6347 = CARTESIAN_POINT('',(-32.,-79.,75.2));
#6348 = LINE('',#6349,#6350);
#6349 = CARTESIAN_POINT('',(-32.,-78.8,75.2));
#6350 = VECTOR('',#6351,1.);
#6351 = DIRECTION('',(0.,-1.,1.110223024625E-16));
#6352 = ORIENTED_EDGE('',*,*,#6353,.T.);
#6353 = EDGE_CURVE('',#6346,#6321,#6354,.T.);
#6354 = CIRCLE('',#6355,1.5);
#6355 = AXIS2_PLACEMENT_3D('',#6356,#6357,#6358);
#6356 = CARTESIAN_POINT('',(-33.5,-79.,75.2));
#6357 = DIRECTION('',(0.,-1.,1.110223024625E-16));
#6358 = DIRECTION('',(1.,0.,0.));
#6359 = ORIENTED_EDGE('',*,*,#6330,.T.);
#6360 = CYLINDRICAL_SURFACE('',#6361,1.5);
#6361 = AXIS2_PLACEMENT_3D('',#6362,#6363,#6364);
#6362 = CARTESIAN_POINT('',(-33.5,-78.8,75.2));
#6363 = DIRECTION('',(0.,-1.,1.110223024625E-16));
#6364 = DIRECTION('',(1.,0.,0.));
#6365 = ADVANCED_FACE('',(#6366),#6384,.F.);
#6366 = FACE_BOUND('',#6367,.F.);
#6367 = EDGE_LOOP('',(#6368,#6376,#6382,#6383));
#6368 = ORIENTED_EDGE('',*,*,#6369,.F.);
#6369 = EDGE_CURVE('',#6370,#4309,#6372,.T.);
#6370 = VERTEX_POINT('',#6371);
#6371 = CARTESIAN_POINT('',(-32.,-79.,74.8));
#6372 = LINE('',#6373,#6374);
#6373 = CARTESIAN_POINT('',(-32.,-78.8,74.8));
#6374 = VECTOR('',#6375,1.);
#6375 = DIRECTION('',(0.,-1.,1.110223024625E-16));
#6376 = ORIENTED_EDGE('',*,*,#6377,.F.);
#6377 = EDGE_CURVE('',#6346,#6370,#6378,.T.);
#6378 = LINE('',#6379,#6380);
#6379 = CARTESIAN_POINT('',(-32.,-79.,8.9));
#6380 = VECTOR('',#6381,1.);
#6381 = DIRECTION('',(0.,0.,-1.));
#6382 = ORIENTED_EDGE('',*,*,#6345,.T.);
#6383 = ORIENTED_EDGE('',*,*,#4317,.T.);
#6384 = PLANE('',#6385);
#6385 = AXIS2_PLACEMENT_3D('',#6386,#6387,#6388);
#6386 = CARTESIAN_POINT('',(-32.,-78.8,74.8));
#6387 = DIRECTION('',(1.,0.,0.));
#6388 = DIRECTION('',(0.,-1.,1.110223024625E-16));
#6389 = ADVANCED_FACE('',(#6390),#6409,.F.);
#6390 = FACE_BOUND('',#6391,.F.);
#6391 = EDGE_LOOP('',(#6392,#6393,#6401,#6408));
#6392 = ORIENTED_EDGE('',*,*,#4308,.F.);
#6393 = ORIENTED_EDGE('',*,*,#6394,.F.);
#6394 = EDGE_CURVE('',#6395,#4301,#6397,.T.);
#6395 = VERTEX_POINT('',#6396);
#6396 = CARTESIAN_POINT('',(-33.5,-79.,73.3));
#6397 = LINE('',#6398,#6399);
#6398 = CARTESIAN_POINT('',(-33.5,-78.8,73.3));
#6399 = VECTOR('',#6400,1.);
#6400 = DIRECTION('',(0.,-1.,1.110223024625E-16));
#6401 = ORIENTED_EDGE('',*,*,#6402,.T.);
#6402 = EDGE_CURVE('',#6395,#6370,#6403,.T.);
#6403 = CIRCLE('',#6404,1.5);
#6404 = AXIS2_PLACEMENT_3D('',#6405,#6406,#6407);
#6405 = CARTESIAN_POINT('',(-33.5,-79.,74.8));
#6406 = DIRECTION('',(0.,-1.,1.110223024625E-16));
#6407 = DIRECTION('',(1.,0.,0.));
#6408 = ORIENTED_EDGE('',*,*,#6369,.T.);
#6409 = CYLINDRICAL_SURFACE('',#6410,1.5);
#6410 = AXIS2_PLACEMENT_3D('',#6411,#6412,#6413);
#6411 = CARTESIAN_POINT('',(-33.5,-78.8,74.8));
#6412 = DIRECTION('',(0.,-1.,1.110223024625E-16));
#6413 = DIRECTION('',(1.,0.,0.));
#6414 = ADVANCED_FACE('',(#6415),#6433,.T.);
#6415 = FACE_BOUND('',#6416,.T.);
#6416 = EDGE_LOOP('',(#6417,#6425,#6431,#6432));
#6417 = ORIENTED_EDGE('',*,*,#6418,.F.);
#6418 = EDGE_CURVE('',#6419,#6395,#6421,.T.);
#6419 = VERTEX_POINT('',#6420);
#6420 = CARTESIAN_POINT('',(-76.5,-79.,73.3));
#6421 = LINE('',#6422,#6423);
#6422 = CARTESIAN_POINT('',(-83.75,-79.,73.3));
#6423 = VECTOR('',#6424,1.);
#6424 = DIRECTION('',(1.,0.,0.));
#6425 = ORIENTED_EDGE('',*,*,#6426,.T.);
#6426 = EDGE_CURVE('',#6419,#4292,#6427,.T.);
#6427 = LINE('',#6428,#6429);
#6428 = CARTESIAN_POINT('',(-76.5,-78.8,73.3));
#6429 = VECTOR('',#6430,1.);
#6430 = DIRECTION('',(0.,-1.,1.110223024625E-16));
#6431 = ORIENTED_EDGE('',*,*,#4300,.T.);
#6432 = ORIENTED_EDGE('',*,*,#6394,.F.);
#6433 = PLANE('',#6434);
#6434 = AXIS2_PLACEMENT_3D('',#6435,#6436,#6437);
#6435 = CARTESIAN_POINT('',(-76.5,-78.8,73.3));
#6436 = DIRECTION('',(0.,1.110223024625E-16,1.));
#6437 = DIRECTION('',(0.,-1.,1.110223024625E-16));
#6438 = ADVANCED_FACE('',(#6439),#6451,.F.);
#6439 = FACE_BOUND('',#6440,.F.);
#6440 = EDGE_LOOP('',(#6441,#6442,#6443,#6450));
#6441 = ORIENTED_EDGE('',*,*,#4291,.F.);
#6442 = ORIENTED_EDGE('',*,*,#4453,.F.);
#6443 = ORIENTED_EDGE('',*,*,#6444,.T.);
#6444 = EDGE_CURVE('',#4454,#6419,#6445,.T.);
#6445 = CIRCLE('',#6446,1.5);
#6446 = AXIS2_PLACEMENT_3D('',#6447,#6448,#6449);
#6447 = CARTESIAN_POINT('',(-76.5,-79.,74.8));
#6448 = DIRECTION('',(0.,-1.,1.110223024625E-16));
#6449 = DIRECTION('',(1.,0.,0.));
#6450 = ORIENTED_EDGE('',*,*,#6426,.T.);
#6451 = CYLINDRICAL_SURFACE('',#6452,1.5);
#6452 = AXIS2_PLACEMENT_3D('',#6453,#6454,#6455);
#6453 = CARTESIAN_POINT('',(-76.5,-78.8,74.8));
#6454 = DIRECTION('',(0.,-1.,1.110223024625E-16));
#6455 = DIRECTION('',(1.,0.,0.));
#6456 = ADVANCED_FACE('',(#6457),#6476,.F.);
#6457 = FACE_BOUND('',#6458,.F.);
#6458 = EDGE_LOOP('',(#6459,#6460,#6468,#6475));
#6459 = ORIENTED_EDGE('',*,*,#4283,.F.);
#6460 = ORIENTED_EDGE('',*,*,#6461,.F.);
#6461 = EDGE_CURVE('',#6462,#4276,#6464,.T.);
#6462 = VERTEX_POINT('',#6463);
#6463 = CARTESIAN_POINT('',(-76.5,-79.,67.7));
#6464 = LINE('',#6465,#6466);
#6465 = CARTESIAN_POINT('',(-76.5,-78.8,67.7));
#6466 = VECTOR('',#6467,1.);
#6467 = DIRECTION('',(0.,-1.,1.110223024625E-16));
#6468 = ORIENTED_EDGE('',*,*,#6469,.T.);
#6469 = EDGE_CURVE('',#6462,#4431,#6470,.T.);
#6470 = CIRCLE('',#6471,1.5);
#6471 = AXIS2_PLACEMENT_3D('',#6472,#6473,#6474);
#6472 = CARTESIAN_POINT('',(-76.5,-79.,66.2));
#6473 = DIRECTION('',(0.,-1.,1.110223024625E-16));
#6474 = DIRECTION('',(1.,0.,0.));
#6475 = ORIENTED_EDGE('',*,*,#4438,.T.);
#6476 = CYLINDRICAL_SURFACE('',#6477,1.5);
#6477 = AXIS2_PLACEMENT_3D('',#6478,#6479,#6480);
#6478 = CARTESIAN_POINT('',(-76.5,-78.8,66.2));
#6479 = DIRECTION('',(0.,-1.,1.110223024625E-16));
#6480 = DIRECTION('',(1.,0.,0.));
#6481 = ADVANCED_FACE('',(#6482),#6500,.F.);
#6482 = FACE_BOUND('',#6483,.F.);
#6483 = EDGE_LOOP('',(#6484,#6492,#6493,#6494));
#6484 = ORIENTED_EDGE('',*,*,#6485,.F.);
#6485 = EDGE_CURVE('',#6462,#6486,#6488,.T.);
#6486 = VERTEX_POINT('',#6487);
#6487 = CARTESIAN_POINT('',(-33.5,-79.,67.7));
#6488 = LINE('',#6489,#6490);
#6489 = CARTESIAN_POINT('',(-83.75,-79.,67.7));
#6490 = VECTOR('',#6491,1.);
#6491 = DIRECTION('',(1.,0.,0.));
#6492 = ORIENTED_EDGE('',*,*,#6461,.T.);
#6493 = ORIENTED_EDGE('',*,*,#4275,.T.);
#6494 = ORIENTED_EDGE('',*,*,#6495,.F.);
#6495 = EDGE_CURVE('',#6486,#4267,#6496,.T.);
#6496 = LINE('',#6497,#6498);
#6497 = CARTESIAN_POINT('',(-33.5,-78.8,67.7));
#6498 = VECTOR('',#6499,1.);
#6499 = DIRECTION('',(0.,-1.,1.110223024625E-16));
#6500 = PLANE('',#6501);
#6501 = AXIS2_PLACEMENT_3D('',#6502,#6503,#6504);
#6502 = CARTESIAN_POINT('',(-76.5,-78.8,67.7));
#6503 = DIRECTION('',(0.,1.110223024625E-16,1.));
#6504 = DIRECTION('',(0.,-1.,1.110223024625E-16));
#6505 = ADVANCED_FACE('',(#6506),#6525,.F.);
#6506 = FACE_BOUND('',#6507,.F.);
#6507 = EDGE_LOOP('',(#6508,#6509,#6517,#6524));
#6508 = ORIENTED_EDGE('',*,*,#4266,.F.);
#6509 = ORIENTED_EDGE('',*,*,#6510,.F.);
#6510 = EDGE_CURVE('',#6511,#4259,#6513,.T.);
#6511 = VERTEX_POINT('',#6512);
#6512 = CARTESIAN_POINT('',(-32.,-79.,66.2));
#6513 = LINE('',#6514,#6515);
#6514 = CARTESIAN_POINT('',(-32.,-78.8,66.2));
#6515 = VECTOR('',#6516,1.);
#6516 = DIRECTION('',(0.,-1.,1.110223024625E-16));
#6517 = ORIENTED_EDGE('',*,*,#6518,.T.);
#6518 = EDGE_CURVE('',#6511,#6486,#6519,.T.);
#6519 = CIRCLE('',#6520,1.5);
#6520 = AXIS2_PLACEMENT_3D('',#6521,#6522,#6523);
#6521 = CARTESIAN_POINT('',(-33.5,-79.,66.2));
#6522 = DIRECTION('',(0.,-1.,1.110223024625E-16));
#6523 = DIRECTION('',(1.,0.,0.));
#6524 = ORIENTED_EDGE('',*,*,#6495,.T.);
#6525 = CYLINDRICAL_SURFACE('',#6526,1.5);
#6526 = AXIS2_PLACEMENT_3D('',#6527,#6528,#6529);
#6527 = CARTESIAN_POINT('',(-33.5,-78.8,66.2));
#6528 = DIRECTION('',(0.,-1.,1.110223024625E-16));
#6529 = DIRECTION('',(1.,0.,0.));
#6530 = ADVANCED_FACE('',(#6531),#6549,.F.);
#6531 = FACE_BOUND('',#6532,.F.);
#6532 = EDGE_LOOP('',(#6533,#6541,#6547,#6548));
#6533 = ORIENTED_EDGE('',*,*,#6534,.F.);
#6534 = EDGE_CURVE('',#6535,#4250,#6537,.T.);
#6535 = VERTEX_POINT('',#6536);
#6536 = CARTESIAN_POINT('',(-32.,-79.,65.8));
#6537 = LINE('',#6538,#6539);
#6538 = CARTESIAN_POINT('',(-32.,-78.8,65.8));
#6539 = VECTOR('',#6540,1.);
#6540 = DIRECTION('',(0.,-1.,1.110223024625E-16));
#6541 = ORIENTED_EDGE('',*,*,#6542,.F.);
#6542 = EDGE_CURVE('',#6511,#6535,#6543,.T.);
#6543 = LINE('',#6544,#6545);
#6544 = CARTESIAN_POINT('',(-32.,-79.,4.4));
#6545 = VECTOR('',#6546,1.);
#6546 = DIRECTION('',(0.,0.,-1.));
#6547 = ORIENTED_EDGE('',*,*,#6510,.T.);
#6548 = ORIENTED_EDGE('',*,*,#4258,.T.);
#6549 = PLANE('',#6550);
#6550 = AXIS2_PLACEMENT_3D('',#6551,#6552,#6553);
#6551 = CARTESIAN_POINT('',(-32.,-78.8,65.8));
#6552 = DIRECTION('',(1.,0.,0.));
#6553 = DIRECTION('',(0.,-1.,1.110223024625E-16));
#6554 = ADVANCED_FACE('',(#6555),#6574,.F.);
#6555 = FACE_BOUND('',#6556,.F.);
#6556 = EDGE_LOOP('',(#6557,#6558,#6566,#6573));
#6557 = ORIENTED_EDGE('',*,*,#4249,.F.);
#6558 = ORIENTED_EDGE('',*,*,#6559,.F.);
#6559 = EDGE_CURVE('',#6560,#4242,#6562,.T.);
#6560 = VERTEX_POINT('',#6561);
#6561 = CARTESIAN_POINT('',(-33.5,-79.,64.3));
#6562 = LINE('',#6563,#6564);
#6563 = CARTESIAN_POINT('',(-33.5,-78.8,64.3));
#6564 = VECTOR('',#6565,1.);
#6565 = DIRECTION('',(0.,-1.,1.110223024625E-16));
#6566 = ORIENTED_EDGE('',*,*,#6567,.T.);
#6567 = EDGE_CURVE('',#6560,#6535,#6568,.T.);
#6568 = CIRCLE('',#6569,1.5);
#6569 = AXIS2_PLACEMENT_3D('',#6570,#6571,#6572);
#6570 = CARTESIAN_POINT('',(-33.5,-79.,65.8));
#6571 = DIRECTION('',(0.,-1.,1.110223024625E-16));
#6572 = DIRECTION('',(1.,0.,0.));
#6573 = ORIENTED_EDGE('',*,*,#6534,.T.);
#6574 = CYLINDRICAL_SURFACE('',#6575,1.5);
#6575 = AXIS2_PLACEMENT_3D('',#6576,#6577,#6578);
#6576 = CARTESIAN_POINT('',(-33.5,-78.8,65.8));
#6577 = DIRECTION('',(0.,-1.,1.110223024625E-16));
#6578 = DIRECTION('',(1.,0.,0.));
#6579 = ADVANCED_FACE('',(#6580),#6598,.T.);
#6580 = FACE_BOUND('',#6581,.T.);
#6581 = EDGE_LOOP('',(#6582,#6590,#6596,#6597));
#6582 = ORIENTED_EDGE('',*,*,#6583,.F.);
#6583 = EDGE_CURVE('',#6584,#6560,#6586,.T.);
#6584 = VERTEX_POINT('',#6585);
#6585 = CARTESIAN_POINT('',(-76.5,-79.,64.3));
#6586 = LINE('',#6587,#6588);
#6587 = CARTESIAN_POINT('',(-83.75,-79.,64.3));
#6588 = VECTOR('',#6589,1.);
#6589 = DIRECTION('',(1.,0.,0.));
#6590 = ORIENTED_EDGE('',*,*,#6591,.T.);
#6591 = EDGE_CURVE('',#6584,#4233,#6592,.T.);
#6592 = LINE('',#6593,#6594);
#6593 = CARTESIAN_POINT('',(-76.5,-78.8,64.3));
#6594 = VECTOR('',#6595,1.);
#6595 = DIRECTION('',(0.,-1.,1.110223024625E-16));
#6596 = ORIENTED_EDGE('',*,*,#4241,.T.);
#6597 = ORIENTED_EDGE('',*,*,#6559,.F.);
#6598 = PLANE('',#6599);
#6599 = AXIS2_PLACEMENT_3D('',#6600,#6601,#6602);
#6600 = CARTESIAN_POINT('',(-76.5,-78.8,64.3));
#6601 = DIRECTION('',(0.,1.110223024625E-16,1.));
#6602 = DIRECTION('',(0.,-1.,1.110223024625E-16));
#6603 = ADVANCED_FACE('',(#6604),#6616,.F.);
#6604 = FACE_BOUND('',#6605,.F.);
#6605 = EDGE_LOOP('',(#6606,#6607,#6608,#6615));
#6606 = ORIENTED_EDGE('',*,*,#4232,.F.);
#6607 = ORIENTED_EDGE('',*,*,#4422,.F.);
#6608 = ORIENTED_EDGE('',*,*,#6609,.T.);
#6609 = EDGE_CURVE('',#4423,#6584,#6610,.T.);
#6610 = CIRCLE('',#6611,1.5);
#6611 = AXIS2_PLACEMENT_3D('',#6612,#6613,#6614);
#6612 = CARTESIAN_POINT('',(-76.5,-79.,65.8));
#6613 = DIRECTION('',(0.,-1.,1.110223024625E-16));
#6614 = DIRECTION('',(1.,0.,0.));
#6615 = ORIENTED_EDGE('',*,*,#6591,.T.);
#6616 = CYLINDRICAL_SURFACE('',#6617,1.5);
#6617 = AXIS2_PLACEMENT_3D('',#6618,#6619,#6620);
#6618 = CARTESIAN_POINT('',(-76.5,-78.8,65.8));
#6619 = DIRECTION('',(0.,-1.,1.110223024625E-16));
#6620 = DIRECTION('',(1.,0.,0.));
#6621 = ADVANCED_FACE('',(#6622),#6641,.F.);
#6622 = FACE_BOUND('',#6623,.F.);
#6623 = EDGE_LOOP('',(#6624,#6625,#6633,#6640));
#6624 = ORIENTED_EDGE('',*,*,#4224,.F.);
#6625 = ORIENTED_EDGE('',*,*,#6626,.F.);
#6626 = EDGE_CURVE('',#6627,#4217,#6629,.T.);
#6627 = VERTEX_POINT('',#6628);
#6628 = CARTESIAN_POINT('',(-76.5,-79.,58.7));
#6629 = LINE('',#6630,#6631);
#6630 = CARTESIAN_POINT('',(-76.5,-78.8,58.7));
#6631 = VECTOR('',#6632,1.);
#6632 = DIRECTION('',(0.,-1.,1.110223024625E-16));
#6633 = ORIENTED_EDGE('',*,*,#6634,.T.);
#6634 = EDGE_CURVE('',#6627,#4400,#6635,.T.);
#6635 = CIRCLE('',#6636,1.5);
#6636 = AXIS2_PLACEMENT_3D('',#6637,#6638,#6639);
#6637 = CARTESIAN_POINT('',(-76.5,-79.,57.2));
#6638 = DIRECTION('',(0.,-1.,1.110223024625E-16));
#6639 = DIRECTION('',(1.,0.,0.));
#6640 = ORIENTED_EDGE('',*,*,#4407,.T.);
#6641 = CYLINDRICAL_SURFACE('',#6642,1.5);
#6642 = AXIS2_PLACEMENT_3D('',#6643,#6644,#6645);
#6643 = CARTESIAN_POINT('',(-76.5,-78.8,57.2));
#6644 = DIRECTION('',(0.,-1.,1.110223024625E-16));
#6645 = DIRECTION('',(1.,0.,0.));
#6646 = ADVANCED_FACE('',(#6647),#6665,.F.);
#6647 = FACE_BOUND('',#6648,.F.);
#6648 = EDGE_LOOP('',(#6649,#6657,#6658,#6659));
#6649 = ORIENTED_EDGE('',*,*,#6650,.F.);
#6650 = EDGE_CURVE('',#6627,#6651,#6653,.T.);
#6651 = VERTEX_POINT('',#6652);
#6652 = CARTESIAN_POINT('',(-33.5,-79.,58.7));
#6653 = LINE('',#6654,#6655);
#6654 = CARTESIAN_POINT('',(-83.75,-79.,58.7));
#6655 = VECTOR('',#6656,1.);
#6656 = DIRECTION('',(1.,0.,0.));
#6657 = ORIENTED_EDGE('',*,*,#6626,.T.);
#6658 = ORIENTED_EDGE('',*,*,#4216,.T.);
#6659 = ORIENTED_EDGE('',*,*,#6660,.F.);
#6660 = EDGE_CURVE('',#6651,#4208,#6661,.T.);
#6661 = LINE('',#6662,#6663);
#6662 = CARTESIAN_POINT('',(-33.5,-78.8,58.7));
#6663 = VECTOR('',#6664,1.);
#6664 = DIRECTION('',(0.,-1.,1.110223024625E-16));
#6665 = PLANE('',#6666);
#6666 = AXIS2_PLACEMENT_3D('',#6667,#6668,#6669);
#6667 = CARTESIAN_POINT('',(-76.5,-78.8,58.7));
#6668 = DIRECTION('',(0.,1.110223024625E-16,1.));
#6669 = DIRECTION('',(0.,-1.,1.110223024625E-16));
#6670 = ADVANCED_FACE('',(#6671),#6690,.F.);
#6671 = FACE_BOUND('',#6672,.F.);
#6672 = EDGE_LOOP('',(#6673,#6674,#6682,#6689));
#6673 = ORIENTED_EDGE('',*,*,#4207,.F.);
#6674 = ORIENTED_EDGE('',*,*,#6675,.F.);
#6675 = EDGE_CURVE('',#6676,#4200,#6678,.T.);
#6676 = VERTEX_POINT('',#6677);
#6677 = CARTESIAN_POINT('',(-32.,-79.,57.2));
#6678 = LINE('',#6679,#6680);
#6679 = CARTESIAN_POINT('',(-32.,-78.8,57.2));
#6680 = VECTOR('',#6681,1.);
#6681 = DIRECTION('',(0.,-1.,1.110223024625E-16));
#6682 = ORIENTED_EDGE('',*,*,#6683,.T.);
#6683 = EDGE_CURVE('',#6676,#6651,#6684,.T.);
#6684 = CIRCLE('',#6685,1.5);
#6685 = AXIS2_PLACEMENT_3D('',#6686,#6687,#6688);
#6686 = CARTESIAN_POINT('',(-33.5,-79.,57.2));
#6687 = DIRECTION('',(0.,-1.,1.110223024625E-16));
#6688 = DIRECTION('',(1.,0.,0.));
#6689 = ORIENTED_EDGE('',*,*,#6660,.T.);
#6690 = CYLINDRICAL_SURFACE('',#6691,1.5);
#6691 = AXIS2_PLACEMENT_3D('',#6692,#6693,#6694);
#6692 = CARTESIAN_POINT('',(-33.5,-78.8,57.2));
#6693 = DIRECTION('',(0.,-1.,1.110223024625E-16));
#6694 = DIRECTION('',(1.,0.,0.));
#6695 = ADVANCED_FACE('',(#6696),#6714,.F.);
#6696 = FACE_BOUND('',#6697,.F.);
#6697 = EDGE_LOOP('',(#6698,#6706,#6712,#6713));
#6698 = ORIENTED_EDGE('',*,*,#6699,.F.);
#6699 = EDGE_CURVE('',#6700,#4191,#6702,.T.);
#6700 = VERTEX_POINT('',#6701);
#6701 = CARTESIAN_POINT('',(-32.,-79.,56.8));
#6702 = LINE('',#6703,#6704);
#6703 = CARTESIAN_POINT('',(-32.,-78.8,56.8));
#6704 = VECTOR('',#6705,1.);
#6705 = DIRECTION('',(0.,-1.,1.110223024625E-16));
#6706 = ORIENTED_EDGE('',*,*,#6707,.F.);
#6707 = EDGE_CURVE('',#6676,#6700,#6708,.T.);
#6708 = LINE('',#6709,#6710);
#6709 = CARTESIAN_POINT('',(-32.,-79.,-0.1));
#6710 = VECTOR('',#6711,1.);
#6711 = DIRECTION('',(0.,0.,-1.));
#6712 = ORIENTED_EDGE('',*,*,#6675,.T.);
#6713 = ORIENTED_EDGE('',*,*,#4199,.T.);
#6714 = PLANE('',#6715);
#6715 = AXIS2_PLACEMENT_3D('',#6716,#6717,#6718);
#6716 = CARTESIAN_POINT('',(-32.,-78.8,56.8));
#6717 = DIRECTION('',(1.,0.,0.));
#6718 = DIRECTION('',(0.,-1.,1.110223024625E-16));
#6719 = ADVANCED_FACE('',(#6720),#6739,.F.);
#6720 = FACE_BOUND('',#6721,.F.);
#6721 = EDGE_LOOP('',(#6722,#6723,#6731,#6738));
#6722 = ORIENTED_EDGE('',*,*,#4190,.F.);
#6723 = ORIENTED_EDGE('',*,*,#6724,.F.);
#6724 = EDGE_CURVE('',#6725,#4183,#6727,.T.);
#6725 = VERTEX_POINT('',#6726);
#6726 = CARTESIAN_POINT('',(-33.5,-79.,55.3));
#6727 = LINE('',#6728,#6729);
#6728 = CARTESIAN_POINT('',(-33.5,-78.8,55.3));
#6729 = VECTOR('',#6730,1.);
#6730 = DIRECTION('',(0.,-1.,1.110223024625E-16));
#6731 = ORIENTED_EDGE('',*,*,#6732,.T.);
#6732 = EDGE_CURVE('',#6725,#6700,#6733,.T.);
#6733 = CIRCLE('',#6734,1.5);
#6734 = AXIS2_PLACEMENT_3D('',#6735,#6736,#6737);
#6735 = CARTESIAN_POINT('',(-33.5,-79.,56.8));
#6736 = DIRECTION('',(0.,-1.,1.110223024625E-16));
#6737 = DIRECTION('',(1.,0.,0.));
#6738 = ORIENTED_EDGE('',*,*,#6699,.T.);
#6739 = CYLINDRICAL_SURFACE('',#6740,1.5);
#6740 = AXIS2_PLACEMENT_3D('',#6741,#6742,#6743);
#6741 = CARTESIAN_POINT('',(-33.5,-78.8,56.8));
#6742 = DIRECTION('',(0.,-1.,1.110223024625E-16));
#6743 = DIRECTION('',(1.,0.,0.));
#6744 = ADVANCED_FACE('',(#6745),#6763,.T.);
#6745 = FACE_BOUND('',#6746,.T.);
#6746 = EDGE_LOOP('',(#6747,#6755,#6761,#6762));
#6747 = ORIENTED_EDGE('',*,*,#6748,.F.);
#6748 = EDGE_CURVE('',#6749,#6725,#6751,.T.);
#6749 = VERTEX_POINT('',#6750);
#6750 = CARTESIAN_POINT('',(-76.5,-79.,55.3));
#6751 = LINE('',#6752,#6753);
#6752 = CARTESIAN_POINT('',(-83.75,-79.,55.3));
#6753 = VECTOR('',#6754,1.);
#6754 = DIRECTION('',(1.,0.,0.));
#6755 = ORIENTED_EDGE('',*,*,#6756,.T.);
#6756 = EDGE_CURVE('',#6749,#4174,#6757,.T.);
#6757 = LINE('',#6758,#6759);
#6758 = CARTESIAN_POINT('',(-76.5,-78.8,55.3));
#6759 = VECTOR('',#6760,1.);
#6760 = DIRECTION('',(0.,-1.,1.110223024625E-16));
#6761 = ORIENTED_EDGE('',*,*,#4182,.T.);
#6762 = ORIENTED_EDGE('',*,*,#6724,.F.);
#6763 = PLANE('',#6764);
#6764 = AXIS2_PLACEMENT_3D('',#6765,#6766,#6767);
#6765 = CARTESIAN_POINT('',(-76.5,-78.8,55.3));
#6766 = DIRECTION('',(0.,1.110223024625E-16,1.));
#6767 = DIRECTION('',(0.,-1.,1.110223024625E-16));
#6768 = ADVANCED_FACE('',(#6769),#6781,.F.);
#6769 = FACE_BOUND('',#6770,.F.);
#6770 = EDGE_LOOP('',(#6771,#6772,#6773,#6780));
#6771 = ORIENTED_EDGE('',*,*,#4173,.F.);
#6772 = ORIENTED_EDGE('',*,*,#4391,.F.);
#6773 = ORIENTED_EDGE('',*,*,#6774,.T.);
#6774 = EDGE_CURVE('',#4392,#6749,#6775,.T.);
#6775 = CIRCLE('',#6776,1.5);
#6776 = AXIS2_PLACEMENT_3D('',#6777,#6778,#6779);
#6777 = CARTESIAN_POINT('',(-76.5,-79.,56.8));
#6778 = DIRECTION('',(0.,-1.,1.110223024625E-16));
#6779 = DIRECTION('',(1.,0.,0.));
#6780 = ORIENTED_EDGE('',*,*,#6756,.T.);
#6781 = CYLINDRICAL_SURFACE('',#6782,1.5);
#6782 = AXIS2_PLACEMENT_3D('',#6783,#6784,#6785);
#6783 = CARTESIAN_POINT('',(-76.5,-78.8,56.8));
#6784 = DIRECTION('',(0.,-1.,1.110223024625E-16));
#6785 = DIRECTION('',(1.,0.,0.));
#6786 = ADVANCED_FACE('',(#6787),#6806,.T.);
#6787 = FACE_BOUND('',#6788,.T.);
#6788 = EDGE_LOOP('',(#6789,#6797,#6804,#6805));
#6789 = ORIENTED_EDGE('',*,*,#6790,.T.);
#6790 = EDGE_CURVE('',#4375,#6791,#6793,.T.);
#6791 = VERTEX_POINT('',#6792);
#6792 = CARTESIAN_POINT('',(-45.,-86.,27.));
#6793 = LINE('',#6794,#6795);
#6794 = CARTESIAN_POINT('',(-45.,-75.,27.));
#6795 = VECTOR('',#6796,1.);
#6796 = DIRECTION('',(0.,-1.,0.));
#6797 = ORIENTED_EDGE('',*,*,#6798,.F.);
#6798 = EDGE_CURVE('',#6791,#6791,#6799,.T.);
#6799 = CIRCLE('',#6800,8.);
#6800 = AXIS2_PLACEMENT_3D('',#6801,#6802,#6803);
#6801 = CARTESIAN_POINT('',(-45.,-86.,35.));
#6802 = DIRECTION('',(0.,-1.,0.));
#6803 = DIRECTION('',(0.,0.,-1.));
#6804 = ORIENTED_EDGE('',*,*,#6790,.F.);
#6805 = ORIENTED_EDGE('',*,*,#4374,.T.);
#6806 = CYLINDRICAL_SURFACE('',#6807,8.);
#6807 = AXIS2_PLACEMENT_3D('',#6808,#6809,#6810);
#6808 = CARTESIAN_POINT('',(-45.,-75.,35.));
#6809 = DIRECTION('',(0.,-1.,0.));
#6810 = DIRECTION('',(0.,0.,-1.));
#6811 = ADVANCED_FACE('',(#6812),#6931,.F.);
#6812 = FACE_BOUND('',#6813,.F.);
#6813 = EDGE_LOOP('',(#6814,#6824,#6833,#6839,#6840,#6846,#6847,#6853,
    #6854,#6862,#6869,#6870,#6900,#6901));
#6814 = ORIENTED_EDGE('',*,*,#6815,.F.);
#6815 = EDGE_CURVE('',#6816,#6818,#6820,.T.);
#6816 = VERTEX_POINT('',#6817);
#6817 = CARTESIAN_POINT('',(-91.,-66.,-44.));
#6818 = VERTEX_POINT('',#6819);
#6819 = CARTESIAN_POINT('',(-91.,-66.,-43.));
#6820 = LINE('',#6821,#6822);
#6821 = CARTESIAN_POINT('',(-91.,-66.,-57.));
#6822 = VECTOR('',#6823,1.);
#6823 = DIRECTION('',(0.,0.,1.));
#6824 = ORIENTED_EDGE('',*,*,#6825,.T.);
#6825 = EDGE_CURVE('',#6816,#6826,#6828,.T.);
#6826 = VERTEX_POINT('',#6827);
#6827 = CARTESIAN_POINT('',(-78.,-79.,-44.));
#6828 = CIRCLE('',#6829,13.);
#6829 = AXIS2_PLACEMENT_3D('',#6830,#6831,#6832);
#6830 = CARTESIAN_POINT('',(-78.,-66.,-44.));
#6831 = DIRECTION('',(0.,0.,1.));
#6832 = DIRECTION('',(-1.,0.,0.));
#6833 = ORIENTED_EDGE('',*,*,#6834,.T.);
#6834 = EDGE_CURVE('',#6826,#4392,#6835,.T.);
#6835 = LINE('',#6836,#6837);
#6836 = CARTESIAN_POINT('',(-78.,-79.,-57.));
#6837 = VECTOR('',#6838,1.);
#6838 = DIRECTION('',(0.,0.,1.));
#6839 = ORIENTED_EDGE('',*,*,#4399,.T.);
#6840 = ORIENTED_EDGE('',*,*,#6841,.T.);
#6841 = EDGE_CURVE('',#4400,#4423,#6842,.T.);
#6842 = LINE('',#6843,#6844);
#6843 = CARTESIAN_POINT('',(-78.,-79.,-57.));
#6844 = VECTOR('',#6845,1.);
#6845 = DIRECTION('',(0.,0.,1.));
#6846 = ORIENTED_EDGE('',*,*,#4430,.T.);
#6847 = ORIENTED_EDGE('',*,*,#6848,.T.);
#6848 = EDGE_CURVE('',#4431,#4454,#6849,.T.);
#6849 = LINE('',#6850,#6851);
#6850 = CARTESIAN_POINT('',(-78.,-79.,-57.));
#6851 = VECTOR('',#6852,1.);
#6852 = DIRECTION('',(0.,0.,1.));
#6853 = ORIENTED_EDGE('',*,*,#4461,.T.);
#6854 = ORIENTED_EDGE('',*,*,#6855,.T.);
#6855 = EDGE_CURVE('',#4462,#6856,#6858,.T.);
#6856 = VERTEX_POINT('',#6857);
#6857 = CARTESIAN_POINT('',(-78.,-79.,84.));
#6858 = LINE('',#6859,#6860);
#6859 = CARTESIAN_POINT('',(-78.,-79.,-57.));
#6860 = VECTOR('',#6861,1.);
#6861 = DIRECTION('',(0.,0.,1.));
#6862 = ORIENTED_EDGE('',*,*,#6863,.F.);
#6863 = EDGE_CURVE('',#4928,#6856,#6864,.T.);
#6864 = CIRCLE('',#6865,13.);
#6865 = AXIS2_PLACEMENT_3D('',#6866,#6867,#6868);
#6866 = CARTESIAN_POINT('',(-78.,-66.,84.));
#6867 = DIRECTION('',(0.,0.,1.));
#6868 = DIRECTION('',(-1.,0.,0.));
#6869 = ORIENTED_EDGE('',*,*,#4935,.F.);
#6870 = ORIENTED_EDGE('',*,*,#6871,.T.);
#6871 = EDGE_CURVE('',#4936,#4847,#6872,.T.);
#6872 = B_SPLINE_CURVE_WITH_KNOTS('',6,(#6873,#6874,#6875,#6876,#6877,
    #6878,#6879,#6880,#6881,#6882,#6883,#6884,#6885,#6886,#6887,#6888,
    #6889,#6890,#6891,#6892,#6893,#6894,#6895,#6896,#6897,#6898,#6899),
  .UNSPECIFIED.,.F.,.F.,(7,5,5,5,5,7),(0.,0.12375975818,0.50003100722,
    0.779637418905,0.878352614511,1.),.UNSPECIFIED.);
#6873 = CARTESIAN_POINT('',(-91.,-66.,44.));
#6874 = CARTESIAN_POINT('',(-91.,-66.08490369272,43.886795076363));
#6875 = CARTESIAN_POINT('',(-90.99933459598,-66.165142796,
    43.771800083792));
#6876 = CARTESIAN_POINT('',(-90.99814083689,-66.24079474226,
    43.655201509017));
#6877 = CARTESIAN_POINT('',(-90.99653904538,-66.3119341427,
    43.537167055592));
#6878 = CARTESIAN_POINT('',(-90.99463452247,-66.37863242312,
    43.417845637315));
#6879 = CARTESIAN_POINT('',(-90.98608811979,-66.63044651294,
    42.931072962437));
#6880 = CARTESIAN_POINT('',(-90.97770717374,-66.77956118108,
    42.553988330282));
#6881 = CARTESIAN_POINT('',(-90.96996053549,-66.89009665433,
    42.169876693744));
#6882 = CARTESIAN_POINT('',(-90.96430917247,-66.96334792102,
    41.781432881629));
#6883 = CARTESIAN_POINT('',(-90.96148139681,-67.,41.390788092153));
#6884 = CARTESIAN_POINT('',(-90.96148139681,-67.,40.709606151267));
#6885 = CARTESIAN_POINT('',(-90.96304286018,-66.97976109806,
    40.419244719271));
#6886 = CARTESIAN_POINT('',(-90.96616512007,-66.93929202601,
    40.12979220089));
#6887 = CARTESIAN_POINT('',(-90.97062515017,-66.87839333255,
    39.84214240115));
#6888 = CARTESIAN_POINT('',(-90.97597647253,-66.79667687792,
    39.557310775759));
#6889 = CARTESIAN_POINT('',(-90.98342952938,-66.65718056957,
    39.177413921327));
#6890 = CARTESIAN_POINT('',(-90.98539380229,-66.6181155399,
    39.078790423441));
#6891 = CARTESIAN_POINT('',(-90.98734561332,-66.57635826936,
    38.980722270911));
#6892 = CARTESIAN_POINT('',(-90.98924803206,-66.53188007074,
    38.883266771503));
#6893 = CARTESIAN_POINT('',(-90.99105921149,-66.48464945611,
    38.786485921256));
#6894 = CARTESIAN_POINT('',(-90.99479425437,-66.37299546507,
    38.572096275644));
#6895 = CARTESIAN_POINT('',(-90.99664640341,-66.30712740421,
    38.454872836327));
#6896 = CARTESIAN_POINT('',(-90.99820078382,-66.23696323896,
    38.338900582417));
#6897 = CARTESIAN_POINT('',(-90.99935685089,-66.16243499068,
    38.224321622696));
#6898 = CARTESIAN_POINT('',(-91.,-66.08347174845,38.111295664605));
#6899 = CARTESIAN_POINT('',(-91.,-66.,38.));
#6900 = ORIENTED_EDGE('',*,*,#4844,.F.);
#6901 = ORIENTED_EDGE('',*,*,#6902,.T.);
#6902 = EDGE_CURVE('',#4845,#6818,#6903,.T.);
#6903 = B_SPLINE_CURVE_WITH_KNOTS('',6,(#6904,#6905,#6906,#6907,#6908,
    #6909,#6910,#6911,#6912,#6913,#6914,#6915,#6916,#6917,#6918,#6919,
    #6920,#6921,#6922,#6923,#6924,#6925,#6926,#6927,#6928,#6929,#6930),
  .UNSPECIFIED.,.F.,.F.,(7,5,5,5,5,7),(0.,0.12328008339,0.500031324908,
    0.779040465663,0.877334556043,1.),.UNSPECIFIED.);
#6904 = CARTESIAN_POINT('',(-91.,-66.,-37.));
#6905 = CARTESIAN_POINT('',(-91.,-66.08457451112,-37.11276601483));
#6906 = CARTESIAN_POINT('',(-90.99933974554,-66.16452054466,
    -37.22730826156));
#6907 = CARTESIAN_POINT('',(-90.99815469784,-66.23991462193,
    -37.34344239577));
#6908 = CARTESIAN_POINT('',(-90.99656384946,-66.31083049549,
    -37.4610025779));
#6909 = CARTESIAN_POINT('',(-90.99467139645,-66.37733879162,
    -37.57984148007));
#6910 = CARTESIAN_POINT('',(-90.98614156089,-66.62949532066,
    -38.066523217));
#6911 = CARTESIAN_POINT('',(-90.97774669316,-66.77899721,-38.44405304386
    ));
#6912 = CARTESIAN_POINT('',(-90.96998216342,-66.88981630639,
    -38.82863774922));
#6913 = CARTESIAN_POINT('',(-90.96431639287,-66.96325433637,
    -39.21757087844));
#6914 = CARTESIAN_POINT('',(-90.96148139681,-67.,-39.60871333677));
#6915 = CARTESIAN_POINT('',(-90.96148139681,-67.,-40.28977357912));
#6916 = CARTESIAN_POINT('',(-90.96303619683,-66.97984746519,
    -40.57951508717));
#6917 = CARTESIAN_POINT('',(-90.96614513866,-66.93955101488,
    -40.86835346767));
#6918 = CARTESIAN_POINT('',(-90.97058709148,-66.87891294227,
    -41.15540053386));
#6919 = CARTESIAN_POINT('',(-90.97591937401,-66.79754844989,
    -41.43964777454));
#6920 = CARTESIAN_POINT('',(-90.9833500596,-66.65873572109,
    -41.81858038325));
#6921 = CARTESIAN_POINT('',(-90.98530604362,-66.61992953201,
    -41.91680179322));
#6922 = CARTESIAN_POINT('',(-90.98725065948,-66.57845479861,
    -42.01447414772));
#6923 = CARTESIAN_POINT('',(-90.98914755279,-66.53428326339,
    -42.11154096372));
#6924 = CARTESIAN_POINT('',(-90.99095554348,-66.48738391021,
    -42.20794116888));
#6925 = CARTESIAN_POINT('',(-90.99471653741,-66.37574892325,
    -42.42299724975));
#6926 = CARTESIAN_POINT('',(-90.9965941977,-66.30947456165,
    -42.54124399832));
#6927 = CARTESIAN_POINT('',(-90.99817164817,-66.23883363193,
    -42.65822213164));
#6928 = CARTESIAN_POINT('',(-90.99934603977,-66.16375648309,
    -42.77378625192));
#6929 = CARTESIAN_POINT('',(-91.,-66.08417040953,-42.88777278728));
#6930 = CARTESIAN_POINT('',(-91.,-66.,-43.));
#6931 = CYLINDRICAL_SURFACE('',#6932,13.);
#6932 = AXIS2_PLACEMENT_3D('',#6933,#6934,#6935);
#6933 = CARTESIAN_POINT('',(-78.,-66.,-57.));
#6934 = DIRECTION('',(0.,0.,1.));
#6935 = DIRECTION('',(-1.,0.,0.));
#6936 = ADVANCED_FACE('',(#6937),#7028,.T.);
#6937 = FACE_BOUND('',#6938,.T.);
#6938 = EDGE_LOOP('',(#6939,#6950,#6958,#6966,#6974,#6983,#6991,#7000,
    #7006,#7007,#7008,#7009,#7010,#7011,#7012,#7013,#7014,#7015,#7021,
    #7022));
#6939 = ORIENTED_EDGE('',*,*,#6940,.T.);
#6940 = EDGE_CURVE('',#6941,#6943,#6945,.T.);
#6941 = VERTEX_POINT('',#6942);
#6942 = CARTESIAN_POINT('',(-89.53256259467,-66.,-50.));
#6943 = VERTEX_POINT('',#6944);
#6944 = CARTESIAN_POINT('',(-78.,-77.53256259467,-50.));
#6945 = CIRCLE('',#6946,11.532562594671);
#6946 = AXIS2_PLACEMENT_3D('',#6947,#6948,#6949);
#6947 = CARTESIAN_POINT('',(-78.,-66.,-50.));
#6948 = DIRECTION('',(0.,0.,1.));
#6949 = DIRECTION('',(-1.,0.,0.));
#6950 = ORIENTED_EDGE('',*,*,#6951,.T.);
#6951 = EDGE_CURVE('',#6943,#6952,#6954,.T.);
#6952 = VERTEX_POINT('',#6953);
#6953 = CARTESIAN_POINT('',(-24.3,-77.53256259467,-50.));
#6954 = LINE('',#6955,#6956);
#6955 = CARTESIAN_POINT('',(-91.,-77.53256259467,-50.));
#6956 = VECTOR('',#6957,1.);
#6957 = DIRECTION('',(1.,0.,0.));
#6958 = ORIENTED_EDGE('',*,*,#6959,.T.);
#6959 = EDGE_CURVE('',#6952,#6960,#6962,.T.);
#6960 = VERTEX_POINT('',#6961);
#6961 = CARTESIAN_POINT('',(-24.3,-70.,-50.));
#6962 = LINE('',#6963,#6964);
#6963 = CARTESIAN_POINT('',(-24.3,-90.,-50.));
#6964 = VECTOR('',#6965,1.);
#6965 = DIRECTION('',(0.,1.,0.));
#6966 = ORIENTED_EDGE('',*,*,#6967,.T.);
#6967 = EDGE_CURVE('',#6960,#6968,#6970,.T.);
#6968 = VERTEX_POINT('',#6969);
#6969 = CARTESIAN_POINT('',(-32.35424868893,-70.,-50.));
#6970 = LINE('',#6971,#6972);
#6971 = CARTESIAN_POINT('',(-89.5,-70.,-50.));
#6972 = VECTOR('',#6973,1.);
#6973 = DIRECTION('',(-1.,0.,0.));
#6974 = ORIENTED_EDGE('',*,*,#6975,.F.);
#6975 = EDGE_CURVE('',#6976,#6968,#6978,.T.);
#6976 = VERTEX_POINT('',#6977);
#6977 = CARTESIAN_POINT('',(-37.64575131106,-70.,-50.));
#6978 = CIRCLE('',#6979,4.);
#6979 = AXIS2_PLACEMENT_3D('',#6980,#6981,#6982);
#6980 = CARTESIAN_POINT('',(-35.,-67.,-50.));
#6981 = DIRECTION('',(0.,0.,1.));
#6982 = DIRECTION('',(1.,0.,0.));
#6983 = ORIENTED_EDGE('',*,*,#6984,.T.);
#6984 = EDGE_CURVE('',#6976,#6985,#6987,.T.);
#6985 = VERTEX_POINT('',#6986);
#6986 = CARTESIAN_POINT('',(-67.35424868893,-70.,-50.));
#6987 = LINE('',#6988,#6989);
#6988 = CARTESIAN_POINT('',(-89.5,-70.,-50.));
#6989 = VECTOR('',#6990,1.);
#6990 = DIRECTION('',(-1.,0.,0.));
#6991 = ORIENTED_EDGE('',*,*,#6992,.F.);
#6992 = EDGE_CURVE('',#6993,#6985,#6995,.T.);
#6993 = VERTEX_POINT('',#6994);
#6994 = CARTESIAN_POINT('',(-72.64575131106,-70.,-50.));
#6995 = CIRCLE('',#6996,4.);
#6996 = AXIS2_PLACEMENT_3D('',#6997,#6998,#6999);
#6997 = CARTESIAN_POINT('',(-70.,-67.,-50.));
#6998 = DIRECTION('',(0.,0.,1.));
#6999 = DIRECTION('',(1.,0.,0.));
#7000 = ORIENTED_EDGE('',*,*,#7001,.T.);
#7001 = EDGE_CURVE('',#6993,#4517,#7002,.T.);
#7002 = LINE('',#7003,#7004);
#7003 = CARTESIAN_POINT('',(-89.5,-70.,-50.));
#7004 = VECTOR('',#7005,1.);
#7005 = DIRECTION('',(-1.,0.,0.));
#7006 = ORIENTED_EDGE('',*,*,#4516,.F.);
#7007 = ORIENTED_EDGE('',*,*,#4493,.T.);
#7008 = ORIENTED_EDGE('',*,*,#4722,.F.);
#7009 = ORIENTED_EDGE('',*,*,#5414,.F.);
#7010 = ORIENTED_EDGE('',*,*,#5581,.F.);
#7011 = ORIENTED_EDGE('',*,*,#5556,.F.);
#7012 = ORIENTED_EDGE('',*,*,#5539,.F.);
#7013 = ORIENTED_EDGE('',*,*,#5506,.F.);
#7014 = ORIENTED_EDGE('',*,*,#5466,.T.);
#7015 = ORIENTED_EDGE('',*,*,#7016,.F.);
#7016 = EDGE_CURVE('',#6072,#5456,#7017,.T.);
#7017 = LINE('',#7018,#7019);
#7018 = CARTESIAN_POINT('',(-91.,77.532562594671,-50.));
#7019 = VECTOR('',#7020,1.);
#7020 = DIRECTION('',(1.,0.,0.));
#7021 = ORIENTED_EDGE('',*,*,#6071,.T.);
#7022 = ORIENTED_EDGE('',*,*,#7023,.F.);
#7023 = EDGE_CURVE('',#6941,#6063,#7024,.T.);
#7024 = LINE('',#7025,#7026);
#7025 = CARTESIAN_POINT('',(-89.53256259467,-79.,-50.));
#7026 = VECTOR('',#7027,1.);
#7027 = DIRECTION('',(0.,1.,0.));
#7028 = PLANE('',#7029);
#7029 = AXIS2_PLACEMENT_3D('',#7030,#7031,#7032);
#7030 = CARTESIAN_POINT('',(-100.,-90.,-50.));
#7031 = DIRECTION('',(0.,0.,1.));
#7032 = DIRECTION('',(1.,0.,0.));
#7033 = ADVANCED_FACE('',(#7034),#7046,.T.);
#7034 = FACE_BOUND('',#7035,.T.);
#7035 = EDGE_LOOP('',(#7036,#7042,#7043,#7044,#7045));
#7036 = ORIENTED_EDGE('',*,*,#7037,.F.);
#7037 = EDGE_CURVE('',#6097,#6993,#7038,.T.);
#7038 = LINE('',#7039,#7040);
#7039 = CARTESIAN_POINT('',(-72.64575131106,-70.,-55.5));
#7040 = VECTOR('',#7041,1.);
#7041 = DIRECTION('',(0.,0.,1.));
#7042 = ORIENTED_EDGE('',*,*,#6096,.F.);
#7043 = ORIENTED_EDGE('',*,*,#4569,.T.);
#7044 = ORIENTED_EDGE('',*,*,#4525,.T.);
#7045 = ORIENTED_EDGE('',*,*,#7001,.F.);
#7046 = PLANE('',#7047);
#7047 = AXIS2_PLACEMENT_3D('',#7048,#7049,#7050);
#7048 = CARTESIAN_POINT('',(-79.,-70.,-56.));
#7049 = DIRECTION('',(0.,1.,0.));
#7050 = DIRECTION('',(0.,0.,1.));
#7051 = ADVANCED_FACE('',(#7052),#7077,.T.);
#7052 = FACE_BOUND('',#7053,.T.);
#7053 = EDGE_LOOP('',(#7054,#7062,#7063,#7071));
#7054 = ORIENTED_EDGE('',*,*,#7055,.F.);
#7055 = EDGE_CURVE('',#4754,#7056,#7058,.T.);
#7056 = VERTEX_POINT('',#7057);
#7057 = CARTESIAN_POINT('',(-28.,-51.,99.6));
#7058 = LINE('',#7059,#7060);
#7059 = CARTESIAN_POINT('',(-28.,-51.,100.25));
#7060 = VECTOR('',#7061,1.);
#7061 = DIRECTION('',(2.22044604925E-16,0.,-1.));
#7062 = ORIENTED_EDGE('',*,*,#4751,.F.);
#7063 = ORIENTED_EDGE('',*,*,#7064,.T.);
#7064 = EDGE_CURVE('',#4752,#7065,#7067,.T.);
#7065 = VERTEX_POINT('',#7066);
#7066 = CARTESIAN_POINT('',(-28.,51.,99.6));
#7067 = LINE('',#7068,#7069);
#7068 = CARTESIAN_POINT('',(-28.,51.,100.25));
#7069 = VECTOR('',#7070,1.);
#7070 = DIRECTION('',(2.22044604925E-16,0.,-1.));
#7071 = ORIENTED_EDGE('',*,*,#7072,.F.);
#7072 = EDGE_CURVE('',#7056,#7065,#7073,.T.);
#7073 = LINE('',#7074,#7075);
#7074 = CARTESIAN_POINT('',(-28.,-51.,99.6));
#7075 = VECTOR('',#7076,1.);
#7076 = DIRECTION('',(0.,1.,0.));
#7077 = PLANE('',#7078);
#7078 = AXIS2_PLACEMENT_3D('',#7079,#7080,#7081);
#7079 = CARTESIAN_POINT('',(-28.,-51.,100.25));
#7080 = DIRECTION('',(-1.,0.,-2.22044604925E-16));
#7081 = DIRECTION('',(2.22044604925E-16,0.,-1.));
#7082 = ADVANCED_FACE('',(#7083),#7102,.F.);
#7083 = FACE_BOUND('',#7084,.F.);
#7084 = EDGE_LOOP('',(#7085,#7094,#7100,#7101));
#7085 = ORIENTED_EDGE('',*,*,#7086,.F.);
#7086 = EDGE_CURVE('',#7087,#7065,#7089,.T.);
#7087 = VERTEX_POINT('',#7088);
#7088 = CARTESIAN_POINT('',(-32.,55.,99.6));
#7089 = CIRCLE('',#7090,4.);
#7090 = AXIS2_PLACEMENT_3D('',#7091,#7092,#7093);
#7091 = CARTESIAN_POINT('',(-32.,51.,99.6));
#7092 = DIRECTION('',(2.22044604925E-16,0.,-1.));
#7093 = DIRECTION('',(-1.,0.,-2.22044604925E-16));
#7094 = ORIENTED_EDGE('',*,*,#7095,.F.);
#7095 = EDGE_CURVE('',#4805,#7087,#7096,.T.);
#7096 = LINE('',#7097,#7098);
#7097 = CARTESIAN_POINT('',(-32.,55.,100.25));
#7098 = VECTOR('',#7099,1.);
#7099 = DIRECTION('',(2.22044604925E-16,0.,-1.));
#7100 = ORIENTED_EDGE('',*,*,#4812,.T.);
#7101 = ORIENTED_EDGE('',*,*,#7064,.T.);
#7102 = CYLINDRICAL_SURFACE('',#7103,4.);
#7103 = AXIS2_PLACEMENT_3D('',#7104,#7105,#7106);
#7104 = CARTESIAN_POINT('',(-32.,51.,100.25));
#7105 = DIRECTION('',(2.22044604925E-16,0.,-1.));
#7106 = DIRECTION('',(-1.,0.,-2.22044604925E-16));
#7107 = ADVANCED_FACE('',(#7108),#7126,.F.);
#7108 = FACE_BOUND('',#7109,.F.);
#7109 = EDGE_LOOP('',(#7110,#7111,#7112,#7120));
#7110 = ORIENTED_EDGE('',*,*,#4804,.F.);
#7111 = ORIENTED_EDGE('',*,*,#7095,.T.);
#7112 = ORIENTED_EDGE('',*,*,#7113,.T.);
#7113 = EDGE_CURVE('',#7087,#7114,#7116,.T.);
#7114 = VERTEX_POINT('',#7115);
#7115 = CARTESIAN_POINT('',(-72.,55.,99.6));
#7116 = LINE('',#7117,#7118);
#7117 = CARTESIAN_POINT('',(-32.,55.,99.6));
#7118 = VECTOR('',#7119,1.);
#7119 = DIRECTION('',(-1.,0.,-2.22044604925E-16));
#7120 = ORIENTED_EDGE('',*,*,#7121,.F.);
#7121 = EDGE_CURVE('',#4796,#7114,#7122,.T.);
#7122 = LINE('',#7123,#7124);
#7123 = CARTESIAN_POINT('',(-72.,55.,100.25));
#7124 = VECTOR('',#7125,1.);
#7125 = DIRECTION('',(2.22044604925E-16,0.,-1.));
#7126 = PLANE('',#7127);
#7127 = AXIS2_PLACEMENT_3D('',#7128,#7129,#7130);
#7128 = CARTESIAN_POINT('',(-32.,55.,100.25));
#7129 = DIRECTION('',(0.,1.,0.));
#7130 = DIRECTION('',(2.22044604925E-16,0.,-1.));
#7131 = ADVANCED_FACE('',(#7132),#7151,.F.);
#7132 = FACE_BOUND('',#7133,.F.);
#7133 = EDGE_LOOP('',(#7134,#7143,#7149,#7150));
#7134 = ORIENTED_EDGE('',*,*,#7135,.F.);
#7135 = EDGE_CURVE('',#7136,#7114,#7138,.T.);
#7136 = VERTEX_POINT('',#7137);
#7137 = CARTESIAN_POINT('',(-76.,51.,99.6));
#7138 = CIRCLE('',#7139,4.);
#7139 = AXIS2_PLACEMENT_3D('',#7140,#7141,#7142);
#7140 = CARTESIAN_POINT('',(-72.,51.,99.6));
#7141 = DIRECTION('',(2.22044604925E-16,0.,-1.));
#7142 = DIRECTION('',(-1.,0.,-2.22044604925E-16));
#7143 = ORIENTED_EDGE('',*,*,#7144,.F.);
#7144 = EDGE_CURVE('',#4788,#7136,#7145,.T.);
#7145 = LINE('',#7146,#7147);
#7146 = CARTESIAN_POINT('',(-76.,51.,100.25));
#7147 = VECTOR('',#7148,1.);
#7148 = DIRECTION('',(2.22044604925E-16,0.,-1.));
#7149 = ORIENTED_EDGE('',*,*,#4795,.T.);
#7150 = ORIENTED_EDGE('',*,*,#7121,.T.);
#7151 = CYLINDRICAL_SURFACE('',#7152,4.);
#7152 = AXIS2_PLACEMENT_3D('',#7153,#7154,#7155);
#7153 = CARTESIAN_POINT('',(-72.,51.,100.25));
#7154 = DIRECTION('',(2.22044604925E-16,0.,-1.));
#7155 = DIRECTION('',(-1.,0.,-2.22044604925E-16));
#7156 = ADVANCED_FACE('',(#7157),#7175,.F.);
#7157 = FACE_BOUND('',#7158,.F.);
#7158 = EDGE_LOOP('',(#7159,#7167,#7168,#7169));
#7159 = ORIENTED_EDGE('',*,*,#7160,.F.);
#7160 = EDGE_CURVE('',#4779,#7161,#7163,.T.);
#7161 = VERTEX_POINT('',#7162);
#7162 = CARTESIAN_POINT('',(-76.,-51.,99.6));
#7163 = LINE('',#7164,#7165);
#7164 = CARTESIAN_POINT('',(-76.,-51.,100.25));
#7165 = VECTOR('',#7166,1.);
#7166 = DIRECTION('',(2.22044604925E-16,0.,-1.));
#7167 = ORIENTED_EDGE('',*,*,#4787,.F.);
#7168 = ORIENTED_EDGE('',*,*,#7144,.T.);
#7169 = ORIENTED_EDGE('',*,*,#7170,.F.);
#7170 = EDGE_CURVE('',#7161,#7136,#7171,.T.);
#7171 = LINE('',#7172,#7173);
#7172 = CARTESIAN_POINT('',(-76.,-51.,99.6));
#7173 = VECTOR('',#7174,1.);
#7174 = DIRECTION('',(0.,1.,0.));
#7175 = PLANE('',#7176);
#7176 = AXIS2_PLACEMENT_3D('',#7177,#7178,#7179);
#7177 = CARTESIAN_POINT('',(-76.,-51.,100.25));
#7178 = DIRECTION('',(-1.,0.,-2.22044604925E-16));
#7179 = DIRECTION('',(2.22044604925E-16,0.,-1.));
#7180 = ADVANCED_FACE('',(#7181),#7200,.F.);
#7181 = FACE_BOUND('',#7182,.F.);
#7182 = EDGE_LOOP('',(#7183,#7192,#7198,#7199));
#7183 = ORIENTED_EDGE('',*,*,#7184,.F.);
#7184 = EDGE_CURVE('',#7185,#7161,#7187,.T.);
#7185 = VERTEX_POINT('',#7186);
#7186 = CARTESIAN_POINT('',(-72.,-55.,99.6));
#7187 = CIRCLE('',#7188,4.);
#7188 = AXIS2_PLACEMENT_3D('',#7189,#7190,#7191);
#7189 = CARTESIAN_POINT('',(-72.,-51.,99.6));
#7190 = DIRECTION('',(2.22044604925E-16,0.,-1.));
#7191 = DIRECTION('',(-1.,0.,-2.22044604925E-16));
#7192 = ORIENTED_EDGE('',*,*,#7193,.F.);
#7193 = EDGE_CURVE('',#4771,#7185,#7194,.T.);
#7194 = LINE('',#7195,#7196);
#7195 = CARTESIAN_POINT('',(-72.,-55.,100.25));
#7196 = VECTOR('',#7197,1.);
#7197 = DIRECTION('',(2.22044604925E-16,0.,-1.));
#7198 = ORIENTED_EDGE('',*,*,#4778,.T.);
#7199 = ORIENTED_EDGE('',*,*,#7160,.T.);
#7200 = CYLINDRICAL_SURFACE('',#7201,4.);
#7201 = AXIS2_PLACEMENT_3D('',#7202,#7203,#7204);
#7202 = CARTESIAN_POINT('',(-72.,-51.,100.25));
#7203 = DIRECTION('',(2.22044604925E-16,0.,-1.));
#7204 = DIRECTION('',(-1.,0.,-2.22044604925E-16));
#7205 = ADVANCED_FACE('',(#7206),#7224,.T.);
#7206 = FACE_BOUND('',#7207,.T.);
#7207 = EDGE_LOOP('',(#7208,#7209,#7217,#7223));
#7208 = ORIENTED_EDGE('',*,*,#4770,.F.);
#7209 = ORIENTED_EDGE('',*,*,#7210,.T.);
#7210 = EDGE_CURVE('',#4762,#7211,#7213,.T.);
#7211 = VERTEX_POINT('',#7212);
#7212 = CARTESIAN_POINT('',(-32.,-55.,99.6));
#7213 = LINE('',#7214,#7215);
#7214 = CARTESIAN_POINT('',(-32.,-55.,100.25));
#7215 = VECTOR('',#7216,1.);
#7216 = DIRECTION('',(2.22044604925E-16,0.,-1.));
#7217 = ORIENTED_EDGE('',*,*,#7218,.T.);
#7218 = EDGE_CURVE('',#7211,#7185,#7219,.T.);
#7219 = LINE('',#7220,#7221);
#7220 = CARTESIAN_POINT('',(-32.,-55.,99.6));
#7221 = VECTOR('',#7222,1.);
#7222 = DIRECTION('',(-1.,0.,-2.22044604925E-16));
#7223 = ORIENTED_EDGE('',*,*,#7193,.F.);
#7224 = PLANE('',#7225);
#7225 = AXIS2_PLACEMENT_3D('',#7226,#7227,#7228);
#7226 = CARTESIAN_POINT('',(-32.,-55.,100.25));
#7227 = DIRECTION('',(0.,1.,0.));
#7228 = DIRECTION('',(2.22044604925E-16,0.,-1.));
#7229 = ADVANCED_FACE('',(#7230),#7242,.F.);
#7230 = FACE_BOUND('',#7231,.F.);
#7231 = EDGE_LOOP('',(#7232,#7239,#7240,#7241));
#7232 = ORIENTED_EDGE('',*,*,#7233,.F.);
#7233 = EDGE_CURVE('',#7056,#7211,#7234,.T.);
#7234 = CIRCLE('',#7235,4.);
#7235 = AXIS2_PLACEMENT_3D('',#7236,#7237,#7238);
#7236 = CARTESIAN_POINT('',(-32.,-51.,99.6));
#7237 = DIRECTION('',(2.22044604925E-16,0.,-1.));
#7238 = DIRECTION('',(-1.,0.,-2.22044604925E-16));
#7239 = ORIENTED_EDGE('',*,*,#7055,.F.);
#7240 = ORIENTED_EDGE('',*,*,#4761,.T.);
#7241 = ORIENTED_EDGE('',*,*,#7210,.T.);
#7242 = CYLINDRICAL_SURFACE('',#7243,4.);
#7243 = AXIS2_PLACEMENT_3D('',#7244,#7245,#7246);
#7244 = CARTESIAN_POINT('',(-32.,-51.,100.25));
#7245 = DIRECTION('',(2.22044604925E-16,0.,-1.));
#7246 = DIRECTION('',(-1.,0.,-2.22044604925E-16));
#7247 = ADVANCED_FACE('',(#7248),#7269,.F.);
#7248 = FACE_BOUND('',#7249,.F.);
#7249 = EDGE_LOOP('',(#7250,#7259,#7265,#7266,#7267,#7268));
#7250 = ORIENTED_EDGE('',*,*,#7251,.F.);
#7251 = EDGE_CURVE('',#7252,#4928,#7254,.T.);
#7252 = VERTEX_POINT('',#7253);
#7253 = CARTESIAN_POINT('',(-78.,-66.,97.));
#7254 = CIRCLE('',#7255,13.);
#7255 = AXIS2_PLACEMENT_3D('',#7256,#7257,#7258);
#7256 = CARTESIAN_POINT('',(-78.,-66.,84.));
#7257 = DIRECTION('',(0.,-1.,0.));
#7258 = DIRECTION('',(-1.,0.,0.));
#7259 = ORIENTED_EDGE('',*,*,#7260,.T.);
#7260 = EDGE_CURVE('',#7252,#6039,#7261,.T.);
#7261 = LINE('',#7262,#7263);
#7262 = CARTESIAN_POINT('',(-78.,-79.,97.));
#7263 = VECTOR('',#7264,1.);
#7264 = DIRECTION('',(0.,1.,0.));
#7265 = ORIENTED_EDGE('',*,*,#6047,.F.);
#7266 = ORIENTED_EDGE('',*,*,#4914,.F.);
#7267 = ORIENTED_EDGE('',*,*,#4830,.F.);
#7268 = ORIENTED_EDGE('',*,*,#4927,.F.);
#7269 = CYLINDRICAL_SURFACE('',#7270,13.);
#7270 = AXIS2_PLACEMENT_3D('',#7271,#7272,#7273);
#7271 = CARTESIAN_POINT('',(-78.,-79.,84.));
#7272 = DIRECTION('',(0.,1.,0.));
#7273 = DIRECTION('',(-1.,0.,0.));
#7274 = ADVANCED_FACE('',(#7275),#7335,.T.);
#7275 = FACE_BOUND('',#7276,.T.);
#7276 = EDGE_LOOP('',(#7277,#7285,#7292,#7293,#7294,#7295,#7304,#7334));
#7277 = ORIENTED_EDGE('',*,*,#7278,.T.);
#7278 = EDGE_CURVE('',#4855,#7279,#7281,.T.);
#7279 = VERTEX_POINT('',#7280);
#7280 = CARTESIAN_POINT('',(-86.,-62.,-35.));
#7281 = LINE('',#7282,#7283);
#7282 = CARTESIAN_POINT('',(-94.,-62.,-35.));
#7283 = VECTOR('',#7284,1.);
#7284 = DIRECTION('',(1.,0.,0.));
#7285 = ORIENTED_EDGE('',*,*,#7286,.F.);
#7286 = EDGE_CURVE('',#7279,#7279,#7287,.T.);
#7287 = CIRCLE('',#7288,5.);
#7288 = AXIS2_PLACEMENT_3D('',#7289,#7290,#7291);
#7289 = CARTESIAN_POINT('',(-86.,-62.,-40.));
#7290 = DIRECTION('',(1.,0.,-0.));
#7291 = DIRECTION('',(0.,0.,1.));
#7292 = ORIENTED_EDGE('',*,*,#7278,.F.);
#7293 = ORIENTED_EDGE('',*,*,#4854,.T.);
#7294 = ORIENTED_EDGE('',*,*,#6902,.T.);
#7295 = ORIENTED_EDGE('',*,*,#7296,.T.);
#7296 = EDGE_CURVE('',#6818,#7297,#7299,.T.);
#7297 = VERTEX_POINT('',#7298);
#7298 = CARTESIAN_POINT('',(-91.,-65.,-44.));
#7299 = CIRCLE('',#7300,5.);
#7300 = AXIS2_PLACEMENT_3D('',#7301,#7302,#7303);
#7301 = CARTESIAN_POINT('',(-91.,-62.,-40.));
#7302 = DIRECTION('',(1.,0.,-0.));
#7303 = DIRECTION('',(0.,0.,1.));
#7304 = ORIENTED_EDGE('',*,*,#7305,.T.);
#7305 = EDGE_CURVE('',#7297,#4864,#7306,.T.);
#7306 = B_SPLINE_CURVE_WITH_KNOTS('',6,(#7307,#7308,#7309,#7310,#7311,
    #7312,#7313,#7314,#7315,#7316,#7317,#7318,#7319,#7320,#7321,#7322,
    #7323,#7324,#7325,#7326,#7327,#7328,#7329,#7330,#7331,#7332,#7333),
  .UNSPECIFIED.,.F.,.F.,(7,5,5,5,5,7),(0.,0.12328008339,0.500031324908,
    0.779040465663,0.877334556043,1.),.UNSPECIFIED.);
#7307 = CARTESIAN_POINT('',(-91.,-65.,-44.));
#7308 = CARTESIAN_POINT('',(-91.,-64.88723398516,-44.08457451112));
#7309 = CARTESIAN_POINT('',(-90.99933974554,-64.77269173844,
    -44.16452054466));
#7310 = CARTESIAN_POINT('',(-90.99815469784,-64.65655760422,
    -44.23991462193));
#7311 = CARTESIAN_POINT('',(-90.99656384946,-64.53899742209,
    -44.31083049549));
#7312 = CARTESIAN_POINT('',(-90.99467139645,-64.42015851992,
    -44.37733879162));
#7313 = CARTESIAN_POINT('',(-90.98614156089,-63.93347678299,
    -44.62949532066));
#7314 = CARTESIAN_POINT('',(-90.97774669316,-63.55594695614,-44.77899721
    ));
#7315 = CARTESIAN_POINT('',(-90.96998216342,-63.17136225077,
    -44.88981630639));
#7316 = CARTESIAN_POINT('',(-90.96431639287,-62.78242912155,
    -44.96325433637));
#7317 = CARTESIAN_POINT('',(-90.96148139681,-62.39128666322,-45.));
#7318 = CARTESIAN_POINT('',(-90.96148139681,-61.71022642087,-45.));
#7319 = CARTESIAN_POINT('',(-90.96303619683,-61.42048491282,
    -44.97984746519));
#7320 = CARTESIAN_POINT('',(-90.96614513866,-61.13164653232,
    -44.93955101488));
#7321 = CARTESIAN_POINT('',(-90.97058709148,-60.84459946613,
    -44.87891294227));
#7322 = CARTESIAN_POINT('',(-90.97591937401,-60.56035222545,
    -44.79754844989));
#7323 = CARTESIAN_POINT('',(-90.9833500596,-60.18141961674,
    -44.65873572109));
#7324 = CARTESIAN_POINT('',(-90.98530604362,-60.08319820677,
    -44.61992953201));
#7325 = CARTESIAN_POINT('',(-90.98725065948,-59.98552585227,
    -44.57845479861));
#7326 = CARTESIAN_POINT('',(-90.98914755279,-59.88845903627,
    -44.53428326339));
#7327 = CARTESIAN_POINT('',(-90.99095554348,-59.79205883111,
    -44.48738391021));
#7328 = CARTESIAN_POINT('',(-90.99471653741,-59.57700275024,
    -44.37574892325));
#7329 = CARTESIAN_POINT('',(-90.9965941977,-59.45875600167,
    -44.30947456165));
#7330 = CARTESIAN_POINT('',(-90.99817164817,-59.34177786835,
    -44.23883363193));
#7331 = CARTESIAN_POINT('',(-90.99934603977,-59.22621374808,
    -44.16375648309));
#7332 = CARTESIAN_POINT('',(-91.,-59.11222721271,-44.08417040953));
#7333 = CARTESIAN_POINT('',(-91.,-59.,-44.));
#7334 = ORIENTED_EDGE('',*,*,#4863,.T.);
#7335 = CYLINDRICAL_SURFACE('',#7336,5.);
#7336 = AXIS2_PLACEMENT_3D('',#7337,#7338,#7339);
#7337 = CARTESIAN_POINT('',(-94.,-62.,-40.));
#7338 = DIRECTION('',(1.,0.,0.));
#7339 = DIRECTION('',(0.,0.,1.));
#7340 = ADVANCED_FACE('',(#7341),#7362,.T.);
#7341 = FACE_BOUND('',#7342,.T.);
#7342 = EDGE_LOOP('',(#7343,#7351,#7358,#7359,#7360,#7361));
#7343 = ORIENTED_EDGE('',*,*,#7344,.T.);
#7344 = EDGE_CURVE('',#4944,#7345,#7347,.T.);
#7345 = VERTEX_POINT('',#7346);
#7346 = CARTESIAN_POINT('',(-86.,-62.,46.));
#7347 = LINE('',#7348,#7349);
#7348 = CARTESIAN_POINT('',(-94.,-62.,46.));
#7349 = VECTOR('',#7350,1.);
#7350 = DIRECTION('',(1.,0.,0.));
#7351 = ORIENTED_EDGE('',*,*,#7352,.F.);
#7352 = EDGE_CURVE('',#7345,#7345,#7353,.T.);
#7353 = CIRCLE('',#7354,5.);
#7354 = AXIS2_PLACEMENT_3D('',#7355,#7356,#7357);
#7355 = CARTESIAN_POINT('',(-86.,-62.,41.));
#7356 = DIRECTION('',(1.,0.,-0.));
#7357 = DIRECTION('',(0.,0.,1.));
#7358 = ORIENTED_EDGE('',*,*,#7344,.F.);
#7359 = ORIENTED_EDGE('',*,*,#4943,.T.);
#7360 = ORIENTED_EDGE('',*,*,#6871,.T.);
#7361 = ORIENTED_EDGE('',*,*,#4952,.T.);
#7362 = CYLINDRICAL_SURFACE('',#7363,5.);
#7363 = AXIS2_PLACEMENT_3D('',#7364,#7365,#7366);
#7364 = CARTESIAN_POINT('',(-94.,-62.,41.));
#7365 = DIRECTION('',(1.,0.,0.));
#7366 = DIRECTION('',(0.,0.,1.));
#7367 = ADVANCED_FACE('',(#7368),#7389,.F.);
#7368 = FACE_BOUND('',#7369,.T.);
#7369 = EDGE_LOOP('',(#7370,#7377,#7378,#7379,#7380,#7381,#7382,#7383));
#7370 = ORIENTED_EDGE('',*,*,#7371,.F.);
#7371 = EDGE_CURVE('',#6941,#6816,#7372,.T.);
#7372 = CIRCLE('',#7373,13.);
#7373 = AXIS2_PLACEMENT_3D('',#7374,#7375,#7376);
#7374 = CARTESIAN_POINT('',(-78.,-66.,-44.));
#7375 = DIRECTION('',(0.,1.,-0.));
#7376 = DIRECTION('',(-1.,0.,0.));
#7377 = ORIENTED_EDGE('',*,*,#7023,.T.);
#7378 = ORIENTED_EDGE('',*,*,#6062,.T.);
#7379 = ORIENTED_EDGE('',*,*,#5937,.F.);
#7380 = ORIENTED_EDGE('',*,*,#5969,.F.);
#7381 = ORIENTED_EDGE('',*,*,#4872,.F.);
#7382 = ORIENTED_EDGE('',*,*,#7305,.F.);
#7383 = ORIENTED_EDGE('',*,*,#7384,.F.);
#7384 = EDGE_CURVE('',#6816,#7297,#7385,.T.);
#7385 = LINE('',#7386,#7387);
#7386 = CARTESIAN_POINT('',(-91.,-79.,-44.));
#7387 = VECTOR('',#7388,1.);
#7388 = DIRECTION('',(0.,1.,0.));
#7389 = CYLINDRICAL_SURFACE('',#7390,13.);
#7390 = AXIS2_PLACEMENT_3D('',#7391,#7392,#7393);
#7391 = CARTESIAN_POINT('',(-78.,-79.,-44.));
#7392 = DIRECTION('',(0.,1.,0.));
#7393 = DIRECTION('',(-1.,0.,0.));
#7394 = ADVANCED_FACE('',(#7395),#7436,.T.);
#7395 = FACE_BOUND('',#7396,.T.);
#7396 = EDGE_LOOP('',(#7397,#7398,#7406,#7414,#7422,#7430));
#7397 = ORIENTED_EDGE('',*,*,#4961,.T.);
#7398 = ORIENTED_EDGE('',*,*,#7399,.T.);
#7399 = EDGE_CURVE('',#4964,#7400,#7402,.T.);
#7400 = VERTEX_POINT('',#7401);
#7401 = CARTESIAN_POINT('',(-70.,54.5,10.3));
#7402 = LINE('',#7403,#7404);
#7403 = CARTESIAN_POINT('',(-91.1,54.5,10.3));
#7404 = VECTOR('',#7405,1.);
#7405 = DIRECTION('',(1.,0.,0.));
#7406 = ORIENTED_EDGE('',*,*,#7407,.F.);
#7407 = EDGE_CURVE('',#7408,#7400,#7410,.T.);
#7408 = VERTEX_POINT('',#7409);
#7409 = CARTESIAN_POINT('',(-70.,54.5,0.));
#7410 = LINE('',#7411,#7412);
#7411 = CARTESIAN_POINT('',(-70.,54.5,-3.));
#7412 = VECTOR('',#7413,1.);
#7413 = DIRECTION('',(0.,0.,1.));
#7414 = ORIENTED_EDGE('',*,*,#7415,.T.);
#7415 = EDGE_CURVE('',#7408,#7416,#7418,.T.);
#7416 = VERTEX_POINT('',#7417);
#7417 = CARTESIAN_POINT('',(-51.5,54.5,0.));
#7418 = LINE('',#7419,#7420);
#7419 = CARTESIAN_POINT('',(-91.1,54.5,0.));
#7420 = VECTOR('',#7421,1.);
#7421 = DIRECTION('',(1.,0.,0.));
#7422 = ORIENTED_EDGE('',*,*,#7423,.F.);
#7423 = EDGE_CURVE('',#7424,#7416,#7426,.T.);
#7424 = VERTEX_POINT('',#7425);
#7425 = CARTESIAN_POINT('',(-51.5,54.5,-3.));
#7426 = LINE('',#7427,#7428);
#7427 = CARTESIAN_POINT('',(-51.5,54.5,-3.));
#7428 = VECTOR('',#7429,1.);
#7429 = DIRECTION('',(0.,0.,1.));
#7430 = ORIENTED_EDGE('',*,*,#7431,.F.);
#7431 = EDGE_CURVE('',#4962,#7424,#7432,.T.);
#7432 = LINE('',#7433,#7434);
#7433 = CARTESIAN_POINT('',(-91.1,54.5,-3.));
#7434 = VECTOR('',#7435,1.);
#7435 = DIRECTION('',(1.,0.,0.));
#7436 = PLANE('',#7437);
#7437 = AXIS2_PLACEMENT_3D('',#7438,#7439,#7440);
#7438 = CARTESIAN_POINT('',(-73.05445075757,54.5,1.845549242424));
#7439 = DIRECTION('',(0.,1.,0.));
#7440 = DIRECTION('',(0.,0.,1.));
#7441 = ADVANCED_FACE('',(#7442,#7512,#7562),#7612,.T.);
#7442 = FACE_BOUND('',#7443,.T.);
#7443 = EDGE_LOOP('',(#7444,#7445,#7446,#7454,#7463,#7472,#7480,#7489,
    #7498,#7506));
#7444 = ORIENTED_EDGE('',*,*,#4971,.F.);
#7445 = ORIENTED_EDGE('',*,*,#7431,.T.);
#7446 = ORIENTED_EDGE('',*,*,#7447,.F.);
#7447 = EDGE_CURVE('',#7448,#7424,#7450,.T.);
#7448 = VERTEX_POINT('',#7449);
#7449 = CARTESIAN_POINT('',(-51.5,49.17944947177,-3.));
#7450 = LINE('',#7451,#7452);
#7451 = CARTESIAN_POINT('',(-51.5,-54.5,-3.));
#7452 = VECTOR('',#7453,1.);
#7453 = DIRECTION('',(0.,1.,0.));
#7454 = ORIENTED_EDGE('',*,*,#7455,.F.);
#7455 = EDGE_CURVE('',#7456,#7448,#7458,.T.);
#7456 = VERTEX_POINT('',#7457);
#7457 = CARTESIAN_POINT('',(-51.,47.,-3.));
#7458 = CIRCLE('',#7459,5.);
#7459 = AXIS2_PLACEMENT_3D('',#7460,#7461,#7462);
#7460 = CARTESIAN_POINT('',(-56.,47.,-3.));
#7461 = DIRECTION('',(0.,0.,1.));
#7462 = DIRECTION('',(1.,0.,0.));
#7463 = ORIENTED_EDGE('',*,*,#7464,.F.);
#7464 = EDGE_CURVE('',#7465,#7456,#7467,.T.);
#7465 = VERTEX_POINT('',#7466);
#7466 = CARTESIAN_POINT('',(-51.5,44.82055052823,-3.));
#7467 = CIRCLE('',#7468,5.);
#7468 = AXIS2_PLACEMENT_3D('',#7469,#7470,#7471);
#7469 = CARTESIAN_POINT('',(-56.,47.,-3.));
#7470 = DIRECTION('',(0.,0.,1.));
#7471 = DIRECTION('',(1.,0.,0.));
#7472 = ORIENTED_EDGE('',*,*,#7473,.F.);
#7473 = EDGE_CURVE('',#7474,#7465,#7476,.T.);
#7474 = VERTEX_POINT('',#7475);
#7475 = CARTESIAN_POINT('',(-51.5,-44.82055052823,-3.));
#7476 = LINE('',#7477,#7478);
#7477 = CARTESIAN_POINT('',(-51.5,-54.5,-3.));
#7478 = VECTOR('',#7479,1.);
#7479 = DIRECTION('',(0.,1.,0.));
#7480 = ORIENTED_EDGE('',*,*,#7481,.F.);
#7481 = EDGE_CURVE('',#7482,#7474,#7484,.T.);
#7482 = VERTEX_POINT('',#7483);
#7483 = CARTESIAN_POINT('',(-51.,-47.,-3.));
#7484 = CIRCLE('',#7485,5.);
#7485 = AXIS2_PLACEMENT_3D('',#7486,#7487,#7488);
#7486 = CARTESIAN_POINT('',(-56.,-47.,-3.));
#7487 = DIRECTION('',(0.,0.,1.));
#7488 = DIRECTION('',(1.,0.,0.));
#7489 = ORIENTED_EDGE('',*,*,#7490,.F.);
#7490 = EDGE_CURVE('',#7491,#7482,#7493,.T.);
#7491 = VERTEX_POINT('',#7492);
#7492 = CARTESIAN_POINT('',(-51.5,-49.17944947177,-3.));
#7493 = CIRCLE('',#7494,5.);
#7494 = AXIS2_PLACEMENT_3D('',#7495,#7496,#7497);
#7495 = CARTESIAN_POINT('',(-56.,-47.,-3.));
#7496 = DIRECTION('',(0.,0.,1.));
#7497 = DIRECTION('',(1.,0.,0.));
#7498 = ORIENTED_EDGE('',*,*,#7499,.F.);
#7499 = EDGE_CURVE('',#7500,#7491,#7502,.T.);
#7500 = VERTEX_POINT('',#7501);
#7501 = CARTESIAN_POINT('',(-51.5,-54.5,-3.));
#7502 = LINE('',#7503,#7504);
#7503 = CARTESIAN_POINT('',(-51.5,-54.5,-3.));
#7504 = VECTOR('',#7505,1.);
#7505 = DIRECTION('',(0.,1.,0.));
#7506 = ORIENTED_EDGE('',*,*,#7507,.F.);
#7507 = EDGE_CURVE('',#4972,#7500,#7508,.T.);
#7508 = LINE('',#7509,#7510);
#7509 = CARTESIAN_POINT('',(-91.1,-54.5,-3.));
#7510 = VECTOR('',#7511,1.);
#7511 = DIRECTION('',(1.,0.,0.));
#7512 = FACE_BOUND('',#7513,.T.);
#7513 = EDGE_LOOP('',(#7514,#7524,#7532,#7540,#7548,#7556));
#7514 = ORIENTED_EDGE('',*,*,#7515,.T.);
#7515 = EDGE_CURVE('',#7516,#7518,#7520,.T.);
#7516 = VERTEX_POINT('',#7517);
#7517 = CARTESIAN_POINT('',(-53.1,-48.67431578065,-3.));
#7518 = VERTEX_POINT('',#7519);
#7519 = CARTESIAN_POINT('',(-53.1,-45.32568421935,-3.));
#7520 = LINE('',#7521,#7522);
#7521 = CARTESIAN_POINT('',(-53.1,-24.33715789032,-3.));
#7522 = VECTOR('',#7523,1.);
#7523 = DIRECTION('',(0.,1.,0.));
#7524 = ORIENTED_EDGE('',*,*,#7525,.T.);
#7525 = EDGE_CURVE('',#7518,#7526,#7528,.T.);
#7526 = VERTEX_POINT('',#7527);
#7527 = CARTESIAN_POINT('',(-56.,-43.6513684387,-3.));
#7528 = LINE('',#7529,#7530);
#7529 = CARTESIAN_POINT('',(-69.70854545038,-35.73673603272,-3.));
#7530 = VECTOR('',#7531,1.);
#7531 = DIRECTION('',(-0.866025403784,0.5,0.));
#7532 = ORIENTED_EDGE('',*,*,#7533,.T.);
#7533 = EDGE_CURVE('',#7526,#7534,#7536,.T.);
#7534 = VERTEX_POINT('',#7535);
#7535 = CARTESIAN_POINT('',(-58.9,-45.32568421935,-3.));
#7536 = LINE('',#7537,#7538);
#7537 = CARTESIAN_POINT('',(-52.25694846144,-41.49031662532,-3.));
#7538 = VECTOR('',#7539,1.);
#7539 = DIRECTION('',(-0.866025403784,-0.5,0.));
#7540 = ORIENTED_EDGE('',*,*,#7541,.T.);
#7541 = EDGE_CURVE('',#7534,#7542,#7544,.T.);
#7542 = VERTEX_POINT('',#7543);
#7543 = CARTESIAN_POINT('',(-58.9,-48.67431578065,-3.));
#7544 = LINE('',#7545,#7546);
#7545 = CARTESIAN_POINT('',(-58.9,-22.66284210967,-3.));
#7546 = VECTOR('',#7547,1.);
#7547 = DIRECTION('',(-2.7E-16,-1.,0.));
#7548 = ORIENTED_EDGE('',*,*,#7549,.T.);
#7549 = EDGE_CURVE('',#7542,#7550,#7552,.T.);
#7550 = VERTEX_POINT('',#7551);
#7551 = CARTESIAN_POINT('',(-56.,-50.3486315613,-3.));
#7552 = LINE('',#7553,#7554);
#7553 = CARTESIAN_POINT('',(-74.05854545038,-39.92252548435,-3.));
#7554 = VECTOR('',#7555,1.);
#7555 = DIRECTION('',(0.866025403784,-0.5,0.));
#7556 = ORIENTED_EDGE('',*,*,#7557,.T.);
#7557 = EDGE_CURVE('',#7550,#7516,#7558,.T.);
#7558 = LINE('',#7559,#7560);
#7559 = CARTESIAN_POINT('',(-50.80694846144,-47.3504218576,-3.));
#7560 = VECTOR('',#7561,1.);
#7561 = DIRECTION('',(0.866025403784,0.5,0.));
#7562 = FACE_BOUND('',#7563,.T.);
#7563 = EDGE_LOOP('',(#7564,#7574,#7582,#7590,#7598,#7606));
#7564 = ORIENTED_EDGE('',*,*,#7565,.T.);
#7565 = EDGE_CURVE('',#7566,#7568,#7570,.T.);
#7566 = VERTEX_POINT('',#7567);
#7567 = CARTESIAN_POINT('',(-53.1,45.32568421935,-3.));
#7568 = VERTEX_POINT('',#7569);
#7569 = CARTESIAN_POINT('',(-53.1,48.67431578065,-3.));
#7570 = LINE('',#7571,#7572);
#7571 = CARTESIAN_POINT('',(-53.1,22.662842109675,-3.));
#7572 = VECTOR('',#7573,1.);
#7573 = DIRECTION('',(0.,1.,0.));
#7574 = ORIENTED_EDGE('',*,*,#7575,.T.);
#7575 = EDGE_CURVE('',#7568,#7576,#7578,.T.);
#7576 = VERTEX_POINT('',#7577);
#7577 = CARTESIAN_POINT('',(-56.,50.3486315613,-3.));
#7578 = LINE('',#7579,#7580);
#7579 = CARTESIAN_POINT('',(-49.35694846144,46.513263967275,-3.));
#7580 = VECTOR('',#7581,1.);
#7581 = DIRECTION('',(-0.866025403784,0.5,0.));
#7582 = ORIENTED_EDGE('',*,*,#7583,.T.);
#7583 = EDGE_CURVE('',#7576,#7584,#7586,.T.);
#7584 = VERTEX_POINT('',#7585);
#7585 = CARTESIAN_POINT('',(-58.9,48.67431578065,-3.));
#7586 = LINE('',#7587,#7588);
#7587 = CARTESIAN_POINT('',(-72.60854545038,40.759683374675,-3.));
#7588 = VECTOR('',#7589,1.);
#7589 = DIRECTION('',(-0.866025403784,-0.5,0.));
#7590 = ORIENTED_EDGE('',*,*,#7591,.T.);
#7591 = EDGE_CURVE('',#7584,#7592,#7594,.T.);
#7592 = VERTEX_POINT('',#7593);
#7593 = CARTESIAN_POINT('',(-58.9,45.32568421935,-3.));
#7594 = LINE('',#7595,#7596);
#7595 = CARTESIAN_POINT('',(-58.9,24.337157890325,-3.));
#7596 = VECTOR('',#7597,1.);
#7597 = DIRECTION('',(-2.7E-16,-1.,0.));
#7598 = ORIENTED_EDGE('',*,*,#7599,.T.);
#7599 = EDGE_CURVE('',#7592,#7600,#7602,.T.);
#7600 = VERTEX_POINT('',#7601);
#7601 = CARTESIAN_POINT('',(-56.,43.6513684387,-3.));
#7602 = LINE('',#7603,#7604);
#7603 = CARTESIAN_POINT('',(-53.70694846144,42.32747451565,-3.));
#7604 = VECTOR('',#7605,1.);
#7605 = DIRECTION('',(0.866025403784,-0.5,0.));
#7606 = ORIENTED_EDGE('',*,*,#7607,.T.);
#7607 = EDGE_CURVE('',#7600,#7566,#7608,.T.);
#7608 = LINE('',#7609,#7610);
#7609 = CARTESIAN_POINT('',(-71.15854545038,34.8995781424,-3.));
#7610 = VECTOR('',#7611,1.);
#7611 = DIRECTION('',(0.866025403784,0.5,0.));
#7612 = PLANE('',#7613);
#7613 = AXIS2_PLACEMENT_3D('',#7614,#7615,#7616);
#7614 = CARTESIAN_POINT('',(-71.2206585491,0.,-3.));
#7615 = DIRECTION('',(-0.,-0.,-1.));
#7616 = DIRECTION('',(-1.,0.,0.));
#7617 = ADVANCED_FACE('',(#7618),#7636,.T.);
#7618 = FACE_BOUND('',#7619,.T.);
#7619 = EDGE_LOOP('',(#7620,#7621,#7622,#7630));
#7620 = ORIENTED_EDGE('',*,*,#7399,.F.);
#7621 = ORIENTED_EDGE('',*,*,#5019,.T.);
#7622 = ORIENTED_EDGE('',*,*,#7623,.T.);
#7623 = EDGE_CURVE('',#5012,#7624,#7626,.T.);
#7624 = VERTEX_POINT('',#7625);
#7625 = CARTESIAN_POINT('',(-70.,52.5,10.3));
#7626 = LINE('',#7627,#7628);
#7627 = CARTESIAN_POINT('',(-91.1,52.5,10.3));
#7628 = VECTOR('',#7629,1.);
#7629 = DIRECTION('',(1.,0.,0.));
#7630 = ORIENTED_EDGE('',*,*,#7631,.T.);
#7631 = EDGE_CURVE('',#7624,#7400,#7632,.T.);
#7632 = LINE('',#7633,#7634);
#7633 = CARTESIAN_POINT('',(-70.,52.5,10.3));
#7634 = VECTOR('',#7635,1.);
#7635 = DIRECTION('',(0.,1.,0.));
#7636 = PLANE('',#7637);
#7637 = AXIS2_PLACEMENT_3D('',#7638,#7639,#7640);
#7638 = CARTESIAN_POINT('',(-91.1,52.5,10.3));
#7639 = DIRECTION('',(0.,0.,1.));
#7640 = DIRECTION('',(1.,0.,0.));
#7641 = ADVANCED_FACE('',(#7642),#7676,.T.);
#7642 = FACE_BOUND('',#7643,.T.);
#7643 = EDGE_LOOP('',(#7644,#7654,#7660,#7661,#7662,#7670));
#7644 = ORIENTED_EDGE('',*,*,#7645,.T.);
#7645 = EDGE_CURVE('',#7646,#7648,#7650,.T.);
#7646 = VERTEX_POINT('',#7647);
#7647 = CARTESIAN_POINT('',(-70.,-54.5,0.));
#7648 = VERTEX_POINT('',#7649);
#7649 = CARTESIAN_POINT('',(-70.,-54.5,10.3));
#7650 = LINE('',#7651,#7652);
#7651 = CARTESIAN_POINT('',(-70.,-54.5,-3.));
#7652 = VECTOR('',#7653,1.);
#7653 = DIRECTION('',(0.,0.,1.));
#7654 = ORIENTED_EDGE('',*,*,#7655,.F.);
#7655 = EDGE_CURVE('',#4980,#7648,#7656,.T.);
#7656 = LINE('',#7657,#7658);
#7657 = CARTESIAN_POINT('',(-91.1,-54.5,10.3));
#7658 = VECTOR('',#7659,1.);
#7659 = DIRECTION('',(1.,0.,0.));
#7660 = ORIENTED_EDGE('',*,*,#4979,.F.);
#7661 = ORIENTED_EDGE('',*,*,#7507,.T.);
#7662 = ORIENTED_EDGE('',*,*,#7663,.T.);
#7663 = EDGE_CURVE('',#7500,#7664,#7666,.T.);
#7664 = VERTEX_POINT('',#7665);
#7665 = CARTESIAN_POINT('',(-51.5,-54.5,0.));
#7666 = LINE('',#7667,#7668);
#7667 = CARTESIAN_POINT('',(-51.5,-54.5,-3.));
#7668 = VECTOR('',#7669,1.);
#7669 = DIRECTION('',(0.,0.,1.));
#7670 = ORIENTED_EDGE('',*,*,#7671,.F.);
#7671 = EDGE_CURVE('',#7646,#7664,#7672,.T.);
#7672 = LINE('',#7673,#7674);
#7673 = CARTESIAN_POINT('',(-91.1,-54.5,0.));
#7674 = VECTOR('',#7675,1.);
#7675 = DIRECTION('',(1.,0.,0.));
#7676 = PLANE('',#7677);
#7677 = AXIS2_PLACEMENT_3D('',#7678,#7679,#7680);
#7678 = CARTESIAN_POINT('',(-73.05445075757,-54.5,1.845549242424));
#7679 = DIRECTION('',(-0.,-1.,-0.));
#7680 = DIRECTION('',(0.,0.,-1.));
#7681 = ADVANCED_FACE('',(#7682),#7700,.F.);
#7682 = FACE_BOUND('',#7683,.F.);
#7683 = EDGE_LOOP('',(#7684,#7692,#7693,#7694));
#7684 = ORIENTED_EDGE('',*,*,#7685,.T.);
#7685 = EDGE_CURVE('',#7686,#5004,#7688,.T.);
#7686 = VERTEX_POINT('',#7687);
#7687 = CARTESIAN_POINT('',(-70.,52.5,0.));
#7688 = LINE('',#7689,#7690);
#7689 = CARTESIAN_POINT('',(-91.1,52.5,0.));
#7690 = VECTOR('',#7691,1.);
#7691 = DIRECTION('',(-1.,0.,0.));
#7692 = ORIENTED_EDGE('',*,*,#5011,.T.);
#7693 = ORIENTED_EDGE('',*,*,#7623,.T.);
#7694 = ORIENTED_EDGE('',*,*,#7695,.F.);
#7695 = EDGE_CURVE('',#7686,#7624,#7696,.T.);
#7696 = LINE('',#7697,#7698);
#7697 = CARTESIAN_POINT('',(-70.,52.5,-3.));
#7698 = VECTOR('',#7699,1.);
#7699 = DIRECTION('',(0.,0.,1.));
#7700 = PLANE('',#7701);
#7701 = AXIS2_PLACEMENT_3D('',#7702,#7703,#7704);
#7702 = CARTESIAN_POINT('',(-91.1,52.5,-3.));
#7703 = DIRECTION('',(0.,1.,0.));
#7704 = DIRECTION('',(0.,0.,1.));
#7705 = ADVANCED_FACE('',(#7706),#7724,.T.);
#7706 = FACE_BOUND('',#7707,.T.);
#7707 = EDGE_LOOP('',(#7708,#7716,#7717,#7718));
#7708 = ORIENTED_EDGE('',*,*,#7709,.F.);
#7709 = EDGE_CURVE('',#4988,#7710,#7712,.T.);
#7710 = VERTEX_POINT('',#7711);
#7711 = CARTESIAN_POINT('',(-70.,-52.5,10.3));
#7712 = LINE('',#7713,#7714);
#7713 = CARTESIAN_POINT('',(-91.1,-52.5,10.3));
#7714 = VECTOR('',#7715,1.);
#7715 = DIRECTION('',(1.,0.,0.));
#7716 = ORIENTED_EDGE('',*,*,#4987,.T.);
#7717 = ORIENTED_EDGE('',*,*,#7655,.T.);
#7718 = ORIENTED_EDGE('',*,*,#7719,.T.);
#7719 = EDGE_CURVE('',#7648,#7710,#7720,.T.);
#7720 = LINE('',#7721,#7722);
#7721 = CARTESIAN_POINT('',(-70.,-54.5,10.3));
#7722 = VECTOR('',#7723,1.);
#7723 = DIRECTION('',(0.,1.,0.));
#7724 = PLANE('',#7725);
#7725 = AXIS2_PLACEMENT_3D('',#7726,#7727,#7728);
#7726 = CARTESIAN_POINT('',(-91.1,-54.5,10.3));
#7727 = DIRECTION('',(0.,0.,1.));
#7728 = DIRECTION('',(1.,0.,0.));
#7729 = ADVANCED_FACE('',(#7730),#7796,.T.);
#7730 = FACE_BOUND('',#7731,.T.);
#7731 = EDGE_LOOP('',(#7732,#7733,#7734,#7742,#7748,#7749,#7757,#7766,
    #7774,#7783,#7789,#7790));
#7732 = ORIENTED_EDGE('',*,*,#7685,.T.);
#7733 = ORIENTED_EDGE('',*,*,#5003,.T.);
#7734 = ORIENTED_EDGE('',*,*,#7735,.F.);
#7735 = EDGE_CURVE('',#7736,#4996,#7738,.T.);
#7736 = VERTEX_POINT('',#7737);
#7737 = CARTESIAN_POINT('',(-70.,-52.5,0.));
#7738 = LINE('',#7739,#7740);
#7739 = CARTESIAN_POINT('',(-91.1,-52.5,0.));
#7740 = VECTOR('',#7741,1.);
#7741 = DIRECTION('',(-1.,0.,0.));
#7742 = ORIENTED_EDGE('',*,*,#7743,.F.);
#7743 = EDGE_CURVE('',#7646,#7736,#7744,.T.);
#7744 = LINE('',#7745,#7746);
#7745 = CARTESIAN_POINT('',(-70.,-54.5,0.));
#7746 = VECTOR('',#7747,1.);
#7747 = DIRECTION('',(0.,1.,0.));
#7748 = ORIENTED_EDGE('',*,*,#7671,.T.);
#7749 = ORIENTED_EDGE('',*,*,#7750,.T.);
#7750 = EDGE_CURVE('',#7664,#7751,#7753,.T.);
#7751 = VERTEX_POINT('',#7752);
#7752 = CARTESIAN_POINT('',(-51.5,-49.17944947177,0.));
#7753 = LINE('',#7754,#7755);
#7754 = CARTESIAN_POINT('',(-51.5,-54.5,0.));
#7755 = VECTOR('',#7756,1.);
#7756 = DIRECTION('',(0.,1.,0.));
#7757 = ORIENTED_EDGE('',*,*,#7758,.F.);
#7758 = EDGE_CURVE('',#7759,#7751,#7761,.T.);
#7759 = VERTEX_POINT('',#7760);
#7760 = CARTESIAN_POINT('',(-51.5,-44.82055052823,0.));
#7761 = CIRCLE('',#7762,5.);
#7762 = AXIS2_PLACEMENT_3D('',#7763,#7764,#7765);
#7763 = CARTESIAN_POINT('',(-56.,-47.,0.));
#7764 = DIRECTION('',(0.,0.,1.));
#7765 = DIRECTION('',(1.,0.,0.));
#7766 = ORIENTED_EDGE('',*,*,#7767,.T.);
#7767 = EDGE_CURVE('',#7759,#7768,#7770,.T.);
#7768 = VERTEX_POINT('',#7769);
#7769 = CARTESIAN_POINT('',(-51.5,44.82055052823,0.));
#7770 = LINE('',#7771,#7772);
#7771 = CARTESIAN_POINT('',(-51.5,-54.5,0.));
#7772 = VECTOR('',#7773,1.);
#7773 = DIRECTION('',(0.,1.,0.));
#7774 = ORIENTED_EDGE('',*,*,#7775,.F.);
#7775 = EDGE_CURVE('',#7776,#7768,#7778,.T.);
#7776 = VERTEX_POINT('',#7777);
#7777 = CARTESIAN_POINT('',(-51.5,49.17944947177,0.));
#7778 = CIRCLE('',#7779,5.);
#7779 = AXIS2_PLACEMENT_3D('',#7780,#7781,#7782);
#7780 = CARTESIAN_POINT('',(-56.,47.,0.));
#7781 = DIRECTION('',(0.,0.,1.));
#7782 = DIRECTION('',(1.,0.,0.));
#7783 = ORIENTED_EDGE('',*,*,#7784,.T.);
#7784 = EDGE_CURVE('',#7776,#7416,#7785,.T.);
#7785 = LINE('',#7786,#7787);
#7786 = CARTESIAN_POINT('',(-51.5,-54.5,0.));
#7787 = VECTOR('',#7788,1.);
#7788 = DIRECTION('',(0.,1.,0.));
#7789 = ORIENTED_EDGE('',*,*,#7415,.F.);
#7790 = ORIENTED_EDGE('',*,*,#7791,.F.);
#7791 = EDGE_CURVE('',#7686,#7408,#7792,.T.);
#7792 = LINE('',#7793,#7794);
#7793 = CARTESIAN_POINT('',(-70.,-1.,0.));
#7794 = VECTOR('',#7795,1.);
#7795 = DIRECTION('',(0.,1.,0.));
#7796 = PLANE('',#7797);
#7797 = AXIS2_PLACEMENT_3D('',#7798,#7799,#7800);
#7798 = CARTESIAN_POINT('',(-91.1,-54.5,0.));
#7799 = DIRECTION('',(0.,0.,1.));
#7800 = DIRECTION('',(1.,0.,0.));
#7801 = ADVANCED_FACE('',(#7802),#7813,.T.);
#7802 = FACE_BOUND('',#7803,.T.);
#7803 = EDGE_LOOP('',(#7804,#7805,#7806,#7807));
#7804 = ORIENTED_EDGE('',*,*,#7735,.T.);
#7805 = ORIENTED_EDGE('',*,*,#4995,.T.);
#7806 = ORIENTED_EDGE('',*,*,#7709,.T.);
#7807 = ORIENTED_EDGE('',*,*,#7808,.F.);
#7808 = EDGE_CURVE('',#7736,#7710,#7809,.T.);
#7809 = LINE('',#7810,#7811);
#7810 = CARTESIAN_POINT('',(-70.,-52.5,-3.));
#7811 = VECTOR('',#7812,1.);
#7812 = DIRECTION('',(0.,0.,1.));
#7813 = PLANE('',#7814);
#7814 = AXIS2_PLACEMENT_3D('',#7815,#7816,#7817);
#7815 = CARTESIAN_POINT('',(-91.1,-52.5,-3.));
#7816 = DIRECTION('',(0.,1.,0.));
#7817 = DIRECTION('',(0.,0.,1.));
#7818 = ADVANCED_FACE('',(#7819),#7838,.F.);
#7819 = FACE_BOUND('',#7820,.F.);
#7820 = EDGE_LOOP('',(#7821,#7830,#7836,#7837));
#7821 = ORIENTED_EDGE('',*,*,#7822,.F.);
#7822 = EDGE_CURVE('',#7823,#7823,#7825,.T.);
#7823 = VERTEX_POINT('',#7824);
#7824 = CARTESIAN_POINT('',(-86.,62.,42.7));
#7825 = CIRCLE('',#7826,1.7);
#7826 = AXIS2_PLACEMENT_3D('',#7827,#7828,#7829);
#7827 = CARTESIAN_POINT('',(-86.,62.,41.));
#7828 = DIRECTION('',(1.,0.,-0.));
#7829 = DIRECTION('',(0.,0.,1.));
#7830 = ORIENTED_EDGE('',*,*,#7831,.F.);
#7831 = EDGE_CURVE('',#5093,#7823,#7832,.T.);
#7832 = LINE('',#7833,#7834);
#7833 = CARTESIAN_POINT('',(-94.2,62.,42.7));
#7834 = VECTOR('',#7835,1.);
#7835 = DIRECTION('',(1.,0.,0.));
#7836 = ORIENTED_EDGE('',*,*,#5092,.T.);
#7837 = ORIENTED_EDGE('',*,*,#7831,.T.);
#7838 = CYLINDRICAL_SURFACE('',#7839,1.7);
#7839 = AXIS2_PLACEMENT_3D('',#7840,#7841,#7842);
#7840 = CARTESIAN_POINT('',(-94.2,62.,41.));
#7841 = DIRECTION('',(1.,0.,0.));
#7842 = DIRECTION('',(0.,0.,1.));
#7843 = ADVANCED_FACE('',(#7844),#7863,.F.);
#7844 = FACE_BOUND('',#7845,.F.);
#7845 = EDGE_LOOP('',(#7846,#7855,#7861,#7862));
#7846 = ORIENTED_EDGE('',*,*,#7847,.F.);
#7847 = EDGE_CURVE('',#7848,#7848,#7850,.T.);
#7848 = VERTEX_POINT('',#7849);
#7849 = CARTESIAN_POINT('',(-86.,62.,-38.3));
#7850 = CIRCLE('',#7851,1.7);
#7851 = AXIS2_PLACEMENT_3D('',#7852,#7853,#7854);
#7852 = CARTESIAN_POINT('',(-86.,62.,-40.));
#7853 = DIRECTION('',(1.,0.,-0.));
#7854 = DIRECTION('',(0.,0.,1.));
#7855 = ORIENTED_EDGE('',*,*,#7856,.F.);
#7856 = EDGE_CURVE('',#5113,#7848,#7857,.T.);
#7857 = LINE('',#7858,#7859);
#7858 = CARTESIAN_POINT('',(-94.2,62.,-38.3));
#7859 = VECTOR('',#7860,1.);
#7860 = DIRECTION('',(1.,0.,0.));
#7861 = ORIENTED_EDGE('',*,*,#5112,.T.);
#7862 = ORIENTED_EDGE('',*,*,#7856,.T.);
#7863 = CYLINDRICAL_SURFACE('',#7864,1.7);
#7864 = AXIS2_PLACEMENT_3D('',#7865,#7866,#7867);
#7865 = CARTESIAN_POINT('',(-94.2,62.,-40.));
#7866 = DIRECTION('',(1.,0.,0.));
#7867 = DIRECTION('',(0.,0.,1.));
#7868 = ADVANCED_FACE('',(#7869),#7888,.F.);
#7869 = FACE_BOUND('',#7870,.F.);
#7870 = EDGE_LOOP('',(#7871,#7880,#7886,#7887));
#7871 = ORIENTED_EDGE('',*,*,#7872,.F.);
#7872 = EDGE_CURVE('',#7873,#7873,#7875,.T.);
#7873 = VERTEX_POINT('',#7874);
#7874 = CARTESIAN_POINT('',(-86.,-62.,42.7));
#7875 = CIRCLE('',#7876,1.7);
#7876 = AXIS2_PLACEMENT_3D('',#7877,#7878,#7879);
#7877 = CARTESIAN_POINT('',(-86.,-62.,41.));
#7878 = DIRECTION('',(1.,0.,-0.));
#7879 = DIRECTION('',(0.,0.,1.));
#7880 = ORIENTED_EDGE('',*,*,#7881,.F.);
#7881 = EDGE_CURVE('',#5133,#7873,#7882,.T.);
#7882 = LINE('',#7883,#7884);
#7883 = CARTESIAN_POINT('',(-94.2,-62.,42.7));
#7884 = VECTOR('',#7885,1.);
#7885 = DIRECTION('',(1.,0.,0.));
#7886 = ORIENTED_EDGE('',*,*,#5132,.T.);
#7887 = ORIENTED_EDGE('',*,*,#7881,.T.);
#7888 = CYLINDRICAL_SURFACE('',#7889,1.7);
#7889 = AXIS2_PLACEMENT_3D('',#7890,#7891,#7892);
#7890 = CARTESIAN_POINT('',(-94.2,-62.,41.));
#7891 = DIRECTION('',(1.,0.,0.));
#7892 = DIRECTION('',(0.,0.,1.));
#7893 = ADVANCED_FACE('',(#7894),#7910,.T.);
#7894 = FACE_BOUND('',#7895,.T.);
#7895 = EDGE_LOOP('',(#7896,#7897,#7903,#7904));
#7896 = ORIENTED_EDGE('',*,*,#5149,.F.);
#7897 = ORIENTED_EDGE('',*,*,#7898,.T.);
#7898 = EDGE_CURVE('',#5150,#5222,#7899,.T.);
#7899 = LINE('',#7900,#7901);
#7900 = CARTESIAN_POINT('',(-90.8,-31.32568421935,-27.9));
#7901 = VECTOR('',#7902,1.);
#7902 = DIRECTION('',(1.,0.,0.));
#7903 = ORIENTED_EDGE('',*,*,#5221,.F.);
#7904 = ORIENTED_EDGE('',*,*,#7905,.F.);
#7905 = EDGE_CURVE('',#5152,#5214,#7906,.T.);
#7906 = LINE('',#7907,#7908);
#7907 = CARTESIAN_POINT('',(-90.8,-29.6513684387,-25.));
#7908 = VECTOR('',#7909,1.);
#7909 = DIRECTION('',(1.,0.,0.));
#7910 = PLANE('',#7911);
#7911 = AXIS2_PLACEMENT_3D('',#7912,#7913,#7914);
#7912 = CARTESIAN_POINT('',(-90.8,-31.32568421935,-27.9));
#7913 = DIRECTION('',(0.,-0.866025403784,0.5));
#7914 = DIRECTION('',(0.,0.5,0.866025403784));
#7915 = ADVANCED_FACE('',(#7916),#7927,.T.);
#7916 = FACE_BOUND('',#7917,.T.);
#7917 = EDGE_LOOP('',(#7918,#7919,#7925,#7926));
#7918 = ORIENTED_EDGE('',*,*,#5191,.F.);
#7919 = ORIENTED_EDGE('',*,*,#7920,.T.);
#7920 = EDGE_CURVE('',#5184,#5230,#7921,.T.);
#7921 = LINE('',#7922,#7923);
#7922 = CARTESIAN_POINT('',(-90.8,-34.67431578065,-27.9));
#7923 = VECTOR('',#7924,1.);
#7924 = DIRECTION('',(1.,0.,0.));
#7925 = ORIENTED_EDGE('',*,*,#5229,.F.);
#7926 = ORIENTED_EDGE('',*,*,#7898,.F.);
#7927 = PLANE('',#7928);
#7928 = AXIS2_PLACEMENT_3D('',#7929,#7930,#7931);
#7929 = CARTESIAN_POINT('',(-90.8,-34.67431578065,-27.9));
#7930 = DIRECTION('',(0.,0.,1.));
#7931 = DIRECTION('',(0.,1.,0.));
#7932 = ADVANCED_FACE('',(#7933),#7944,.T.);
#7933 = FACE_BOUND('',#7934,.T.);
#7934 = EDGE_LOOP('',(#7935,#7936,#7937,#7938));
#7935 = ORIENTED_EDGE('',*,*,#5159,.F.);
#7936 = ORIENTED_EDGE('',*,*,#7905,.T.);
#7937 = ORIENTED_EDGE('',*,*,#5211,.F.);
#7938 = ORIENTED_EDGE('',*,*,#7939,.F.);
#7939 = EDGE_CURVE('',#5160,#5212,#7940,.T.);
#7940 = LINE('',#7941,#7942);
#7941 = CARTESIAN_POINT('',(-90.8,-31.32568421935,-22.1));
#7942 = VECTOR('',#7943,1.);
#7943 = DIRECTION('',(1.,0.,0.));
#7944 = PLANE('',#7945);
#7945 = AXIS2_PLACEMENT_3D('',#7946,#7947,#7948);
#7946 = CARTESIAN_POINT('',(-90.8,-29.6513684387,-25.));
#7947 = DIRECTION('',(0.,-0.866025403784,-0.5));
#7948 = DIRECTION('',(0.,-0.5,0.866025403784));
#7949 = ADVANCED_FACE('',(#7950),#7961,.T.);
#7950 = FACE_BOUND('',#7951,.T.);
#7951 = EDGE_LOOP('',(#7952,#7953,#7959,#7960));
#7952 = ORIENTED_EDGE('',*,*,#5183,.F.);
#7953 = ORIENTED_EDGE('',*,*,#7954,.T.);
#7954 = EDGE_CURVE('',#5176,#5238,#7955,.T.);
#7955 = LINE('',#7956,#7957);
#7956 = CARTESIAN_POINT('',(-90.8,-36.3486315613,-25.));
#7957 = VECTOR('',#7958,1.);
#7958 = DIRECTION('',(1.,0.,0.));
#7959 = ORIENTED_EDGE('',*,*,#5237,.F.);
#7960 = ORIENTED_EDGE('',*,*,#7920,.F.);
#7961 = PLANE('',#7962);
#7962 = AXIS2_PLACEMENT_3D('',#7963,#7964,#7965);
#7963 = CARTESIAN_POINT('',(-90.8,-36.3486315613,-25.));
#7964 = DIRECTION('',(0.,0.866025403784,0.5));
#7965 = DIRECTION('',(0.,0.5,-0.866025403784));
#7966 = ADVANCED_FACE('',(#7967),#7978,.T.);
#7967 = FACE_BOUND('',#7968,.T.);
#7968 = EDGE_LOOP('',(#7969,#7970,#7971,#7972));
#7969 = ORIENTED_EDGE('',*,*,#5167,.F.);
#7970 = ORIENTED_EDGE('',*,*,#7939,.T.);
#7971 = ORIENTED_EDGE('',*,*,#5253,.F.);
#7972 = ORIENTED_EDGE('',*,*,#7973,.F.);
#7973 = EDGE_CURVE('',#5168,#5246,#7974,.T.);
#7974 = LINE('',#7975,#7976);
#7975 = CARTESIAN_POINT('',(-90.8,-34.67431578065,-22.1));
#7976 = VECTOR('',#7977,1.);
#7977 = DIRECTION('',(1.,0.,0.));
#7978 = PLANE('',#7979);
#7979 = AXIS2_PLACEMENT_3D('',#7980,#7981,#7982);
#7980 = CARTESIAN_POINT('',(-90.8,-31.32568421935,-22.1));
#7981 = DIRECTION('',(0.,-2.7E-16,-1.));
#7982 = DIRECTION('',(0.,-1.,2.7E-16));
#7983 = ADVANCED_FACE('',(#7984),#7990,.T.);
#7984 = FACE_BOUND('',#7985,.T.);
#7985 = EDGE_LOOP('',(#7986,#7987,#7988,#7989));
#7986 = ORIENTED_EDGE('',*,*,#5175,.F.);
#7987 = ORIENTED_EDGE('',*,*,#7973,.T.);
#7988 = ORIENTED_EDGE('',*,*,#5245,.F.);
#7989 = ORIENTED_EDGE('',*,*,#7954,.F.);
#7990 = PLANE('',#7991);
#7991 = AXIS2_PLACEMENT_3D('',#7992,#7993,#7994);
#7992 = CARTESIAN_POINT('',(-90.8,-34.67431578065,-22.1));
#7993 = DIRECTION('',(0.,0.866025403784,-0.5));
#7994 = DIRECTION('',(0.,-0.5,-0.866025403784));
#7995 = ADVANCED_FACE('',(#7996),#8012,.T.);
#7996 = FACE_BOUND('',#7997,.T.);
#7997 = EDGE_LOOP('',(#7998,#7999,#8005,#8006));
#7998 = ORIENTED_EDGE('',*,*,#5336,.F.);
#7999 = ORIENTED_EDGE('',*,*,#8000,.T.);
#8000 = EDGE_CURVE('',#5329,#5273,#8001,.T.);
#8001 = LINE('',#8002,#8003);
#8002 = CARTESIAN_POINT('',(-90.8,-55.6513684387,-25.));
#8003 = VECTOR('',#8004,1.);
#8004 = DIRECTION('',(1.,0.,0.));
#8005 = ORIENTED_EDGE('',*,*,#5270,.F.);
#8006 = ORIENTED_EDGE('',*,*,#8007,.F.);
#8007 = EDGE_CURVE('',#5337,#5271,#8008,.T.);
#8008 = LINE('',#8009,#8010);
#8009 = CARTESIAN_POINT('',(-90.8,-57.32568421935,-22.1));
#8010 = VECTOR('',#8011,1.);
#8011 = DIRECTION('',(1.,0.,0.));
#8012 = PLANE('',#8013);
#8013 = AXIS2_PLACEMENT_3D('',#8014,#8015,#8016);
#8014 = CARTESIAN_POINT('',(-90.8,-55.6513684387,-25.));
#8015 = DIRECTION('',(0.,-0.866025403784,-0.5));
#8016 = DIRECTION('',(0.,-0.5,0.866025403784));
#8017 = ADVANCED_FACE('',(#8018),#8029,.T.);
#8018 = FACE_BOUND('',#8019,.T.);
#8019 = EDGE_LOOP('',(#8020,#8021,#8022,#8023));
#8020 = ORIENTED_EDGE('',*,*,#5344,.F.);
#8021 = ORIENTED_EDGE('',*,*,#8007,.T.);
#8022 = ORIENTED_EDGE('',*,*,#5312,.F.);
#8023 = ORIENTED_EDGE('',*,*,#8024,.F.);
#8024 = EDGE_CURVE('',#5345,#5305,#8025,.T.);
#8025 = LINE('',#8026,#8027);
#8026 = CARTESIAN_POINT('',(-90.8,-60.67431578065,-22.1));
#8027 = VECTOR('',#8028,1.);
#8028 = DIRECTION('',(1.,0.,0.));
#8029 = PLANE('',#8030);
#8030 = AXIS2_PLACEMENT_3D('',#8031,#8032,#8033);
#8031 = CARTESIAN_POINT('',(-90.8,-57.32568421935,-22.1));
#8032 = DIRECTION('',(0.,-2.7E-16,-1.));
#8033 = DIRECTION('',(0.,-1.,2.7E-16));
#8034 = ADVANCED_FACE('',(#8035),#8046,.T.);
#8035 = FACE_BOUND('',#8036,.T.);
#8036 = EDGE_LOOP('',(#8037,#8038,#8039,#8040));
#8037 = ORIENTED_EDGE('',*,*,#5352,.F.);
#8038 = ORIENTED_EDGE('',*,*,#8024,.T.);
#8039 = ORIENTED_EDGE('',*,*,#5304,.F.);
#8040 = ORIENTED_EDGE('',*,*,#8041,.F.);
#8041 = EDGE_CURVE('',#5353,#5297,#8042,.T.);
#8042 = LINE('',#8043,#8044);
#8043 = CARTESIAN_POINT('',(-90.8,-62.3486315613,-25.));
#8044 = VECTOR('',#8045,1.);
#8045 = DIRECTION('',(1.,0.,0.));
#8046 = PLANE('',#8047);
#8047 = AXIS2_PLACEMENT_3D('',#8048,#8049,#8050);
#8048 = CARTESIAN_POINT('',(-90.8,-60.67431578065,-22.1));
#8049 = DIRECTION('',(0.,0.866025403784,-0.5));
#8050 = DIRECTION('',(0.,-0.5,-0.866025403784));
#8051 = ADVANCED_FACE('',(#8052),#8063,.T.);
#8052 = FACE_BOUND('',#8053,.T.);
#8053 = EDGE_LOOP('',(#8054,#8055,#8056,#8057));
#8054 = ORIENTED_EDGE('',*,*,#5360,.F.);
#8055 = ORIENTED_EDGE('',*,*,#8041,.T.);
#8056 = ORIENTED_EDGE('',*,*,#5296,.F.);
#8057 = ORIENTED_EDGE('',*,*,#8058,.F.);
#8058 = EDGE_CURVE('',#5361,#5289,#8059,.T.);
#8059 = LINE('',#8060,#8061);
#8060 = CARTESIAN_POINT('',(-90.8,-60.67431578065,-27.9));
#8061 = VECTOR('',#8062,1.);
#8062 = DIRECTION('',(1.,0.,0.));
#8063 = PLANE('',#8064);
#8064 = AXIS2_PLACEMENT_3D('',#8065,#8066,#8067);
#8065 = CARTESIAN_POINT('',(-90.8,-62.3486315613,-25.));
#8066 = DIRECTION('',(0.,0.866025403784,0.5));
#8067 = DIRECTION('',(0.,0.5,-0.866025403784));
#8068 = ADVANCED_FACE('',(#8069),#8080,.T.);
#8069 = FACE_BOUND('',#8070,.T.);
#8070 = EDGE_LOOP('',(#8071,#8072,#8073,#8074));
#8071 = ORIENTED_EDGE('',*,*,#5368,.F.);
#8072 = ORIENTED_EDGE('',*,*,#8058,.T.);
#8073 = ORIENTED_EDGE('',*,*,#5288,.F.);
#8074 = ORIENTED_EDGE('',*,*,#8075,.F.);
#8075 = EDGE_CURVE('',#5327,#5281,#8076,.T.);
#8076 = LINE('',#8077,#8078);
#8077 = CARTESIAN_POINT('',(-90.8,-57.32568421935,-27.9));
#8078 = VECTOR('',#8079,1.);
#8079 = DIRECTION('',(1.,0.,0.));
#8080 = PLANE('',#8081);
#8081 = AXIS2_PLACEMENT_3D('',#8082,#8083,#8084);
#8082 = CARTESIAN_POINT('',(-90.8,-60.67431578065,-27.9));
#8083 = DIRECTION('',(0.,0.,1.));
#8084 = DIRECTION('',(0.,1.,0.));
#8085 = ADVANCED_FACE('',(#8086),#8092,.T.);
#8086 = FACE_BOUND('',#8087,.T.);
#8087 = EDGE_LOOP('',(#8088,#8089,#8090,#8091));
#8088 = ORIENTED_EDGE('',*,*,#5326,.F.);
#8089 = ORIENTED_EDGE('',*,*,#8075,.T.);
#8090 = ORIENTED_EDGE('',*,*,#5280,.F.);
#8091 = ORIENTED_EDGE('',*,*,#8000,.F.);
#8092 = PLANE('',#8093);
#8093 = AXIS2_PLACEMENT_3D('',#8094,#8095,#8096);
#8094 = CARTESIAN_POINT('',(-90.8,-57.32568421935,-27.9));
#8095 = DIRECTION('',(0.,-0.866025403784,0.5));
#8096 = DIRECTION('',(0.,0.5,0.866025403784));
#8097 = ADVANCED_FACE('',(#8098),#8117,.F.);
#8098 = FACE_BOUND('',#8099,.F.);
#8099 = EDGE_LOOP('',(#8100,#8109,#8115,#8116));
#8100 = ORIENTED_EDGE('',*,*,#8101,.F.);
#8101 = EDGE_CURVE('',#8102,#8102,#8104,.T.);
#8102 = VERTEX_POINT('',#8103);
#8103 = CARTESIAN_POINT('',(-86.,-62.,-38.3));
#8104 = CIRCLE('',#8105,1.7);
#8105 = AXIS2_PLACEMENT_3D('',#8106,#8107,#8108);
#8106 = CARTESIAN_POINT('',(-86.,-62.,-40.));
#8107 = DIRECTION('',(1.,0.,-0.));
#8108 = DIRECTION('',(0.,0.,1.));
#8109 = ORIENTED_EDGE('',*,*,#8110,.F.);
#8110 = EDGE_CURVE('',#5389,#8102,#8111,.T.);
#8111 = LINE('',#8112,#8113);
#8112 = CARTESIAN_POINT('',(-94.2,-62.,-38.3));
#8113 = VECTOR('',#8114,1.);
#8114 = DIRECTION('',(1.,0.,0.));
#8115 = ORIENTED_EDGE('',*,*,#5388,.T.);
#8116 = ORIENTED_EDGE('',*,*,#8110,.T.);
#8117 = CYLINDRICAL_SURFACE('',#8118,1.7);
#8118 = AXIS2_PLACEMENT_3D('',#8119,#8120,#8121);
#8119 = CARTESIAN_POINT('',(-94.2,-62.,-40.));
#8120 = DIRECTION('',(1.,0.,0.));
#8121 = DIRECTION('',(0.,0.,1.));
#8122 = ADVANCED_FACE('',(#8123),#8129,.F.);
#8123 = FACE_BOUND('',#8124,.T.);
#8124 = EDGE_LOOP('',(#8125,#8126,#8127,#8128));
#8125 = ORIENTED_EDGE('',*,*,#6080,.F.);
#8126 = ORIENTED_EDGE('',*,*,#7016,.T.);
#8127 = ORIENTED_EDGE('',*,*,#5455,.T.);
#8128 = ORIENTED_EDGE('',*,*,#5724,.F.);
#8129 = CYLINDRICAL_SURFACE('',#8130,13.);
#8130 = AXIS2_PLACEMENT_3D('',#8131,#8132,#8133);
#8131 = CARTESIAN_POINT('',(-91.,66.,-44.));
#8132 = DIRECTION('',(1.,0.,0.));
#8133 = DIRECTION('',(0.,1.,0.));
#8134 = ADVANCED_FACE('',(#8135),#8146,.F.);
#8135 = FACE_BOUND('',#8136,.F.);
#8136 = EDGE_LOOP('',(#8137,#8138,#8139,#8145));
#8137 = ORIENTED_EDGE('',*,*,#5755,.F.);
#8138 = ORIENTED_EDGE('',*,*,#6038,.T.);
#8139 = ORIENTED_EDGE('',*,*,#8140,.T.);
#8140 = EDGE_CURVE('',#6039,#5668,#8141,.T.);
#8141 = LINE('',#8142,#8143);
#8142 = CARTESIAN_POINT('',(-91.,66.,97.));
#8143 = VECTOR('',#8144,1.);
#8144 = DIRECTION('',(1.,0.,0.));
#8145 = ORIENTED_EDGE('',*,*,#5675,.F.);
#8146 = CYLINDRICAL_SURFACE('',#8147,13.);
#8147 = AXIS2_PLACEMENT_3D('',#8148,#8149,#8150);
#8148 = CARTESIAN_POINT('',(-91.,66.,84.));
#8149 = DIRECTION('',(1.,0.,0.));
#8150 = DIRECTION('',(0.,1.,0.));
#8151 = ADVANCED_FACE('',(#8152,#8163,#8199,#8235,#8271,#8307,#8343),
  #8379,.F.);
#8152 = FACE_BOUND('',#8153,.F.);
#8153 = EDGE_LOOP('',(#8154,#8155,#8161,#8162));
#8154 = ORIENTED_EDGE('',*,*,#7260,.F.);
#8155 = ORIENTED_EDGE('',*,*,#8156,.T.);
#8156 = EDGE_CURVE('',#7252,#5659,#8157,.T.);
#8157 = LINE('',#8158,#8159);
#8158 = CARTESIAN_POINT('',(-91.,-66.,97.));
#8159 = VECTOR('',#8160,1.);
#8160 = DIRECTION('',(1.,0.,0.));
#8161 = ORIENTED_EDGE('',*,*,#5667,.T.);
#8162 = ORIENTED_EDGE('',*,*,#8140,.F.);
#8163 = FACE_BOUND('',#8164,.F.);
#8164 = EDGE_LOOP('',(#8165,#8175,#8184,#8192));
#8165 = ORIENTED_EDGE('',*,*,#8166,.F.);
#8166 = EDGE_CURVE('',#8167,#8169,#8171,.T.);
#8167 = VERTEX_POINT('',#8168);
#8168 = CARTESIAN_POINT('',(-64.,-48.,97.));
#8169 = VERTEX_POINT('',#8170);
#8170 = CARTESIAN_POINT('',(-64.,-22.,97.));
#8171 = LINE('',#8172,#8173);
#8172 = CARTESIAN_POINT('',(-64.,-63.5,97.));
#8173 = VECTOR('',#8174,1.);
#8174 = DIRECTION('',(0.,1.,0.));
#8175 = ORIENTED_EDGE('',*,*,#8176,.F.);
#8176 = EDGE_CURVE('',#8177,#8167,#8179,.T.);
#8177 = VERTEX_POINT('',#8178);
#8178 = CARTESIAN_POINT('',(-68.,-48.,97.));
#8179 = CIRCLE('',#8180,2.);
#8180 = AXIS2_PLACEMENT_3D('',#8181,#8182,#8183);
#8181 = CARTESIAN_POINT('',(-66.,-48.,97.));
#8182 = DIRECTION('',(0.,0.,1.));
#8183 = DIRECTION('',(1.,0.,0.));
#8184 = ORIENTED_EDGE('',*,*,#8185,.T.);
#8185 = EDGE_CURVE('',#8177,#8186,#8188,.T.);
#8186 = VERTEX_POINT('',#8187);
#8187 = CARTESIAN_POINT('',(-68.,-22.,97.));
#8188 = LINE('',#8189,#8190);
#8189 = CARTESIAN_POINT('',(-68.,-63.5,97.));
#8190 = VECTOR('',#8191,1.);
#8191 = DIRECTION('',(0.,1.,0.));
#8192 = ORIENTED_EDGE('',*,*,#8193,.F.);
#8193 = EDGE_CURVE('',#8169,#8186,#8194,.T.);
#8194 = CIRCLE('',#8195,2.);
#8195 = AXIS2_PLACEMENT_3D('',#8196,#8197,#8198);
#8196 = CARTESIAN_POINT('',(-66.,-22.,97.));
#8197 = DIRECTION('',(0.,0.,1.));
#8198 = DIRECTION('',(1.,0.,0.));
#8199 = FACE_BOUND('',#8200,.F.);
#8200 = EDGE_LOOP('',(#8201,#8211,#8220,#8228));
#8201 = ORIENTED_EDGE('',*,*,#8202,.F.);
#8202 = EDGE_CURVE('',#8203,#8205,#8207,.T.);
#8203 = VERTEX_POINT('',#8204);
#8204 = CARTESIAN_POINT('',(-52.,-48.,97.));
#8205 = VERTEX_POINT('',#8206);
#8206 = CARTESIAN_POINT('',(-52.,-22.,97.));
#8207 = LINE('',#8208,#8209);
#8208 = CARTESIAN_POINT('',(-52.,-63.5,97.));
#8209 = VECTOR('',#8210,1.);
#8210 = DIRECTION('',(0.,1.,0.));
#8211 = ORIENTED_EDGE('',*,*,#8212,.F.);
#8212 = EDGE_CURVE('',#8213,#8203,#8215,.T.);
#8213 = VERTEX_POINT('',#8214);
#8214 = CARTESIAN_POINT('',(-56.,-48.,97.));
#8215 = CIRCLE('',#8216,2.);
#8216 = AXIS2_PLACEMENT_3D('',#8217,#8218,#8219);
#8217 = CARTESIAN_POINT('',(-54.,-48.,97.));
#8218 = DIRECTION('',(0.,0.,1.));
#8219 = DIRECTION('',(1.,0.,0.));
#8220 = ORIENTED_EDGE('',*,*,#8221,.T.);
#8221 = EDGE_CURVE('',#8213,#8222,#8224,.T.);
#8222 = VERTEX_POINT('',#8223);
#8223 = CARTESIAN_POINT('',(-56.,-22.,97.));
#8224 = LINE('',#8225,#8226);
#8225 = CARTESIAN_POINT('',(-56.,-63.5,97.));
#8226 = VECTOR('',#8227,1.);
#8227 = DIRECTION('',(0.,1.,0.));
#8228 = ORIENTED_EDGE('',*,*,#8229,.F.);
#8229 = EDGE_CURVE('',#8205,#8222,#8230,.T.);
#8230 = CIRCLE('',#8231,2.);
#8231 = AXIS2_PLACEMENT_3D('',#8232,#8233,#8234);
#8232 = CARTESIAN_POINT('',(-54.,-22.,97.));
#8233 = DIRECTION('',(0.,0.,1.));
#8234 = DIRECTION('',(1.,0.,0.));
#8235 = FACE_BOUND('',#8236,.F.);
#8236 = EDGE_LOOP('',(#8237,#8247,#8256,#8264));
#8237 = ORIENTED_EDGE('',*,*,#8238,.F.);
#8238 = EDGE_CURVE('',#8239,#8241,#8243,.T.);
#8239 = VERTEX_POINT('',#8240);
#8240 = CARTESIAN_POINT('',(-40.,-48.,97.));
#8241 = VERTEX_POINT('',#8242);
#8242 = CARTESIAN_POINT('',(-40.,-22.,97.));
#8243 = LINE('',#8244,#8245);
#8244 = CARTESIAN_POINT('',(-40.,-63.5,97.));
#8245 = VECTOR('',#8246,1.);
#8246 = DIRECTION('',(0.,1.,0.));
#8247 = ORIENTED_EDGE('',*,*,#8248,.F.);
#8248 = EDGE_CURVE('',#8249,#8239,#8251,.T.);
#8249 = VERTEX_POINT('',#8250);
#8250 = CARTESIAN_POINT('',(-44.,-48.,97.));
#8251 = CIRCLE('',#8252,2.);
#8252 = AXIS2_PLACEMENT_3D('',#8253,#8254,#8255);
#8253 = CARTESIAN_POINT('',(-42.,-48.,97.));
#8254 = DIRECTION('',(0.,0.,1.));
#8255 = DIRECTION('',(1.,0.,0.));
#8256 = ORIENTED_EDGE('',*,*,#8257,.T.);
#8257 = EDGE_CURVE('',#8249,#8258,#8260,.T.);
#8258 = VERTEX_POINT('',#8259);
#8259 = CARTESIAN_POINT('',(-44.,-22.,97.));
#8260 = LINE('',#8261,#8262);
#8261 = CARTESIAN_POINT('',(-44.,-63.5,97.));
#8262 = VECTOR('',#8263,1.);
#8263 = DIRECTION('',(0.,1.,0.));
#8264 = ORIENTED_EDGE('',*,*,#8265,.F.);
#8265 = EDGE_CURVE('',#8241,#8258,#8266,.T.);
#8266 = CIRCLE('',#8267,2.);
#8267 = AXIS2_PLACEMENT_3D('',#8268,#8269,#8270);
#8268 = CARTESIAN_POINT('',(-42.,-22.,97.));
#8269 = DIRECTION('',(0.,0.,1.));
#8270 = DIRECTION('',(1.,0.,0.));
#8271 = FACE_BOUND('',#8272,.F.);
#8272 = EDGE_LOOP('',(#8273,#8283,#8292,#8300));
#8273 = ORIENTED_EDGE('',*,*,#8274,.F.);
#8274 = EDGE_CURVE('',#8275,#8277,#8279,.T.);
#8275 = VERTEX_POINT('',#8276);
#8276 = CARTESIAN_POINT('',(-64.,22.,97.));
#8277 = VERTEX_POINT('',#8278);
#8278 = CARTESIAN_POINT('',(-64.,48.,97.));
#8279 = LINE('',#8280,#8281);
#8280 = CARTESIAN_POINT('',(-64.,-28.5,97.));
#8281 = VECTOR('',#8282,1.);
#8282 = DIRECTION('',(0.,1.,0.));
#8283 = ORIENTED_EDGE('',*,*,#8284,.F.);
#8284 = EDGE_CURVE('',#8285,#8275,#8287,.T.);
#8285 = VERTEX_POINT('',#8286);
#8286 = CARTESIAN_POINT('',(-68.,22.,97.));
#8287 = CIRCLE('',#8288,2.);
#8288 = AXIS2_PLACEMENT_3D('',#8289,#8290,#8291);
#8289 = CARTESIAN_POINT('',(-66.,22.,97.));
#8290 = DIRECTION('',(0.,0.,1.));
#8291 = DIRECTION('',(1.,0.,0.));
#8292 = ORIENTED_EDGE('',*,*,#8293,.T.);
#8293 = EDGE_CURVE('',#8285,#8294,#8296,.T.);
#8294 = VERTEX_POINT('',#8295);
#8295 = CARTESIAN_POINT('',(-68.,48.,97.));
#8296 = LINE('',#8297,#8298);
#8297 = CARTESIAN_POINT('',(-68.,-28.5,97.));
#8298 = VECTOR('',#8299,1.);
#8299 = DIRECTION('',(0.,1.,0.));
#8300 = ORIENTED_EDGE('',*,*,#8301,.F.);
#8301 = EDGE_CURVE('',#8277,#8294,#8302,.T.);
#8302 = CIRCLE('',#8303,2.);
#8303 = AXIS2_PLACEMENT_3D('',#8304,#8305,#8306);
#8304 = CARTESIAN_POINT('',(-66.,48.,97.));
#8305 = DIRECTION('',(0.,0.,1.));
#8306 = DIRECTION('',(1.,0.,0.));
#8307 = FACE_BOUND('',#8308,.F.);
#8308 = EDGE_LOOP('',(#8309,#8319,#8328,#8336));
#8309 = ORIENTED_EDGE('',*,*,#8310,.F.);
#8310 = EDGE_CURVE('',#8311,#8313,#8315,.T.);
#8311 = VERTEX_POINT('',#8312);
#8312 = CARTESIAN_POINT('',(-52.,22.,97.));
#8313 = VERTEX_POINT('',#8314);
#8314 = CARTESIAN_POINT('',(-52.,48.,97.));
#8315 = LINE('',#8316,#8317);
#8316 = CARTESIAN_POINT('',(-52.,-28.5,97.));
#8317 = VECTOR('',#8318,1.);
#8318 = DIRECTION('',(0.,1.,0.));
#8319 = ORIENTED_EDGE('',*,*,#8320,.F.);
#8320 = EDGE_CURVE('',#8321,#8311,#8323,.T.);
#8321 = VERTEX_POINT('',#8322);
#8322 = CARTESIAN_POINT('',(-56.,22.,97.));
#8323 = CIRCLE('',#8324,2.);
#8324 = AXIS2_PLACEMENT_3D('',#8325,#8326,#8327);
#8325 = CARTESIAN_POINT('',(-54.,22.,97.));
#8326 = DIRECTION('',(0.,0.,1.));
#8327 = DIRECTION('',(1.,0.,0.));
#8328 = ORIENTED_EDGE('',*,*,#8329,.T.);
#8329 = EDGE_CURVE('',#8321,#8330,#8332,.T.);
#8330 = VERTEX_POINT('',#8331);
#8331 = CARTESIAN_POINT('',(-56.,48.,97.));
#8332 = LINE('',#8333,#8334);
#8333 = CARTESIAN_POINT('',(-56.,-28.5,97.));
#8334 = VECTOR('',#8335,1.);
#8335 = DIRECTION('',(0.,1.,0.));
#8336 = ORIENTED_EDGE('',*,*,#8337,.F.);
#8337 = EDGE_CURVE('',#8313,#8330,#8338,.T.);
#8338 = CIRCLE('',#8339,2.);
#8339 = AXIS2_PLACEMENT_3D('',#8340,#8341,#8342);
#8340 = CARTESIAN_POINT('',(-54.,48.,97.));
#8341 = DIRECTION('',(0.,0.,1.));
#8342 = DIRECTION('',(1.,0.,0.));
#8343 = FACE_BOUND('',#8344,.F.);
#8344 = EDGE_LOOP('',(#8345,#8355,#8364,#8372));
#8345 = ORIENTED_EDGE('',*,*,#8346,.F.);
#8346 = EDGE_CURVE('',#8347,#8349,#8351,.T.);
#8347 = VERTEX_POINT('',#8348);
#8348 = CARTESIAN_POINT('',(-40.,22.,97.));
#8349 = VERTEX_POINT('',#8350);
#8350 = CARTESIAN_POINT('',(-40.,48.,97.));
#8351 = LINE('',#8352,#8353);
#8352 = CARTESIAN_POINT('',(-40.,-28.5,97.));
#8353 = VECTOR('',#8354,1.);
#8354 = DIRECTION('',(0.,1.,0.));
#8355 = ORIENTED_EDGE('',*,*,#8356,.F.);
#8356 = EDGE_CURVE('',#8357,#8347,#8359,.T.);
#8357 = VERTEX_POINT('',#8358);
#8358 = CARTESIAN_POINT('',(-44.,22.,97.));
#8359 = CIRCLE('',#8360,2.);
#8360 = AXIS2_PLACEMENT_3D('',#8361,#8362,#8363);
#8361 = CARTESIAN_POINT('',(-42.,22.,97.));
#8362 = DIRECTION('',(0.,0.,1.));
#8363 = DIRECTION('',(1.,0.,0.));
#8364 = ORIENTED_EDGE('',*,*,#8365,.T.);
#8365 = EDGE_CURVE('',#8357,#8366,#8368,.T.);
#8366 = VERTEX_POINT('',#8367);
#8367 = CARTESIAN_POINT('',(-44.,48.,97.));
#8368 = LINE('',#8369,#8370);
#8369 = CARTESIAN_POINT('',(-44.,-28.5,97.));
#8370 = VECTOR('',#8371,1.);
#8371 = DIRECTION('',(0.,1.,0.));
#8372 = ORIENTED_EDGE('',*,*,#8373,.F.);
#8373 = EDGE_CURVE('',#8349,#8366,#8374,.T.);
#8374 = CIRCLE('',#8375,2.);
#8375 = AXIS2_PLACEMENT_3D('',#8376,#8377,#8378);
#8376 = CARTESIAN_POINT('',(-42.,48.,97.));
#8377 = DIRECTION('',(0.,0.,1.));
#8378 = DIRECTION('',(1.,0.,0.));
#8379 = PLANE('',#8380);
#8380 = AXIS2_PLACEMENT_3D('',#8381,#8382,#8383);
#8381 = CARTESIAN_POINT('',(-91.,-79.,97.));
#8382 = DIRECTION('',(0.,0.,1.));
#8383 = DIRECTION('',(1.,0.,0.));
#8384 = ADVANCED_FACE('',(#8385),#8402,.F.);
#8385 = FACE_BOUND('',#8386,.T.);
#8386 = EDGE_LOOP('',(#8387,#8394,#8395,#8396));
#8387 = ORIENTED_EDGE('',*,*,#8388,.F.);
#8388 = EDGE_CURVE('',#7252,#6856,#8389,.T.);
#8389 = CIRCLE('',#8390,13.);
#8390 = AXIS2_PLACEMENT_3D('',#8391,#8392,#8393);
#8391 = CARTESIAN_POINT('',(-78.,-66.,84.));
#8392 = DIRECTION('',(1.,-6.123233995737E-17,0.));
#8393 = DIRECTION('',(-6.123233995737E-17,-1.,0.));
#8394 = ORIENTED_EDGE('',*,*,#8156,.T.);
#8395 = ORIENTED_EDGE('',*,*,#5658,.T.);
#8396 = ORIENTED_EDGE('',*,*,#8397,.F.);
#8397 = EDGE_CURVE('',#6856,#5651,#8398,.T.);
#8398 = LINE('',#8399,#8400);
#8399 = CARTESIAN_POINT('',(-91.,-79.,84.));
#8400 = VECTOR('',#8401,1.);
#8401 = DIRECTION('',(1.,0.,0.));
#8402 = CYLINDRICAL_SURFACE('',#8403,13.);
#8403 = AXIS2_PLACEMENT_3D('',#8404,#8405,#8406);
#8404 = CARTESIAN_POINT('',(-91.,-66.,84.));
#8405 = DIRECTION('',(1.,0.,0.));
#8406 = DIRECTION('',(0.,-1.,0.));
#8407 = ADVANCED_FACE('',(#8408,#8452),#8463,.T.);
#8408 = FACE_BOUND('',#8409,.T.);
#8409 = EDGE_LOOP('',(#8410,#8418,#8419,#8420,#8421,#8422,#8423,#8424,
    #8425,#8426,#8427,#8428,#8429,#8430,#8431,#8432,#8433,#8434,#8435,
    #8436,#8437,#8438,#8439,#8440,#8441,#8442,#8443,#8444,#8445,#8446));
#8410 = ORIENTED_EDGE('',*,*,#8411,.F.);
#8411 = EDGE_CURVE('',#6826,#8412,#8414,.T.);
#8412 = VERTEX_POINT('',#8413);
#8413 = CARTESIAN_POINT('',(-24.3,-79.,-44.));
#8414 = LINE('',#8415,#8416);
#8415 = CARTESIAN_POINT('',(-91.,-79.,-44.));
#8416 = VECTOR('',#8417,1.);
#8417 = DIRECTION('',(1.,0.,0.));
#8418 = ORIENTED_EDGE('',*,*,#6834,.T.);
#8419 = ORIENTED_EDGE('',*,*,#6774,.T.);
#8420 = ORIENTED_EDGE('',*,*,#6748,.T.);
#8421 = ORIENTED_EDGE('',*,*,#6732,.T.);
#8422 = ORIENTED_EDGE('',*,*,#6707,.F.);
#8423 = ORIENTED_EDGE('',*,*,#6683,.T.);
#8424 = ORIENTED_EDGE('',*,*,#6650,.F.);
#8425 = ORIENTED_EDGE('',*,*,#6634,.T.);
#8426 = ORIENTED_EDGE('',*,*,#6841,.T.);
#8427 = ORIENTED_EDGE('',*,*,#6609,.T.);
#8428 = ORIENTED_EDGE('',*,*,#6583,.T.);
#8429 = ORIENTED_EDGE('',*,*,#6567,.T.);
#8430 = ORIENTED_EDGE('',*,*,#6542,.F.);
#8431 = ORIENTED_EDGE('',*,*,#6518,.T.);
#8432 = ORIENTED_EDGE('',*,*,#6485,.F.);
#8433 = ORIENTED_EDGE('',*,*,#6469,.T.);
#8434 = ORIENTED_EDGE('',*,*,#6848,.T.);
#8435 = ORIENTED_EDGE('',*,*,#6444,.T.);
#8436 = ORIENTED_EDGE('',*,*,#6418,.T.);
#8437 = ORIENTED_EDGE('',*,*,#6402,.T.);
#8438 = ORIENTED_EDGE('',*,*,#6377,.F.);
#8439 = ORIENTED_EDGE('',*,*,#6353,.T.);
#8440 = ORIENTED_EDGE('',*,*,#6320,.F.);
#8441 = ORIENTED_EDGE('',*,*,#6304,.T.);
#8442 = ORIENTED_EDGE('',*,*,#6855,.T.);
#8443 = ORIENTED_EDGE('',*,*,#8397,.T.);
#8444 = ORIENTED_EDGE('',*,*,#5650,.T.);
#8445 = ORIENTED_EDGE('',*,*,#5856,.T.);
#8446 = ORIENTED_EDGE('',*,*,#8447,.T.);
#8447 = EDGE_CURVE('',#5857,#8412,#8448,.T.);
#8448 = LINE('',#8449,#8450);
#8449 = CARTESIAN_POINT('',(-24.3,-79.,-56.1));
#8450 = VECTOR('',#8451,1.);
#8451 = DIRECTION('',(0.,0.,-1.));
#8452 = FACE_BOUND('',#8453,.T.);
#8453 = EDGE_LOOP('',(#8454));
#8454 = ORIENTED_EDGE('',*,*,#8455,.T.);
#8455 = EDGE_CURVE('',#8456,#8456,#8458,.T.);
#8456 = VERTEX_POINT('',#8457);
#8457 = CARTESIAN_POINT('',(-45.,-79.,27.));
#8458 = CIRCLE('',#8459,8.);
#8459 = AXIS2_PLACEMENT_3D('',#8460,#8461,#8462);
#8460 = CARTESIAN_POINT('',(-45.,-79.,35.));
#8461 = DIRECTION('',(0.,-1.,0.));
#8462 = DIRECTION('',(0.,0.,-1.));
#8463 = PLANE('',#8464);
#8464 = AXIS2_PLACEMENT_3D('',#8465,#8466,#8467);
#8465 = CARTESIAN_POINT('',(-91.,-79.,-57.));
#8466 = DIRECTION('',(0.,1.,0.));
#8467 = DIRECTION('',(0.,0.,1.));
#8468 = ADVANCED_FACE('',(#8469),#8522,.T.);
#8469 = FACE_BOUND('',#8470,.T.);
#8470 = EDGE_LOOP('',(#8471,#8479,#8480,#8481,#8490,#8498,#8507,#8515));
#8471 = ORIENTED_EDGE('',*,*,#8472,.T.);
#8472 = EDGE_CURVE('',#8473,#5767,#8475,.T.);
#8473 = VERTEX_POINT('',#8474);
#8474 = CARTESIAN_POINT('',(-45.,75.,43.));
#8475 = LINE('',#8476,#8477);
#8476 = CARTESIAN_POINT('',(-45.,75.,43.));
#8477 = VECTOR('',#8478,1.);
#8478 = DIRECTION('',(0.,1.,0.));
#8479 = ORIENTED_EDGE('',*,*,#5766,.F.);
#8480 = ORIENTED_EDGE('',*,*,#8472,.F.);
#8481 = ORIENTED_EDGE('',*,*,#8482,.T.);
#8482 = EDGE_CURVE('',#8473,#8483,#8485,.T.);
#8483 = VERTEX_POINT('',#8484);
#8484 = CARTESIAN_POINT('',(-38.38562172233,75.,39.5));
#8485 = CIRCLE('',#8486,8.);
#8486 = AXIS2_PLACEMENT_3D('',#8487,#8488,#8489);
#8487 = CARTESIAN_POINT('',(-45.,75.,35.));
#8488 = DIRECTION('',(0.,1.,0.));
#8489 = DIRECTION('',(0.,0.,1.));
#8490 = ORIENTED_EDGE('',*,*,#8491,.T.);
#8491 = EDGE_CURVE('',#8483,#8492,#8494,.T.);
#8492 = VERTEX_POINT('',#8493);
#8493 = CARTESIAN_POINT('',(-38.38562172233,78.5,39.5));
#8494 = LINE('',#8495,#8496);
#8495 = CARTESIAN_POINT('',(-38.38562172233,75.,39.5));
#8496 = VECTOR('',#8497,1.);
#8497 = DIRECTION('',(0.,1.,0.));
#8498 = ORIENTED_EDGE('',*,*,#8499,.T.);
#8499 = EDGE_CURVE('',#8492,#8500,#8502,.T.);
#8500 = VERTEX_POINT('',#8501);
#8501 = CARTESIAN_POINT('',(-39.5,78.5,29.190524980689));
#8502 = CIRCLE('',#8503,8.);
#8503 = AXIS2_PLACEMENT_3D('',#8504,#8505,#8506);
#8504 = CARTESIAN_POINT('',(-45.,78.5,35.));
#8505 = DIRECTION('',(0.,1.,0.));
#8506 = DIRECTION('',(0.,0.,1.));
#8507 = ORIENTED_EDGE('',*,*,#8508,.F.);
#8508 = EDGE_CURVE('',#8509,#8500,#8511,.T.);
#8509 = VERTEX_POINT('',#8510);
#8510 = CARTESIAN_POINT('',(-39.5,75.,29.190524980689));
#8511 = LINE('',#8512,#8513);
#8512 = CARTESIAN_POINT('',(-39.5,75.,29.190524980689));
#8513 = VECTOR('',#8514,1.);
#8514 = DIRECTION('',(0.,1.,0.));
#8515 = ORIENTED_EDGE('',*,*,#8516,.T.);
#8516 = EDGE_CURVE('',#8509,#8473,#8517,.T.);
#8517 = CIRCLE('',#8518,8.);
#8518 = AXIS2_PLACEMENT_3D('',#8519,#8520,#8521);
#8519 = CARTESIAN_POINT('',(-45.,75.,35.));
#8520 = DIRECTION('',(0.,1.,0.));
#8521 = DIRECTION('',(0.,0.,1.));
#8522 = CYLINDRICAL_SURFACE('',#8523,8.);
#8523 = AXIS2_PLACEMENT_3D('',#8524,#8525,#8526);
#8524 = CARTESIAN_POINT('',(-45.,75.,35.));
#8525 = DIRECTION('',(0.,1.,0.));
#8526 = DIRECTION('',(0.,0.,1.));
#8527 = ADVANCED_FACE('',(#8528),#8546,.T.);
#8528 = FACE_BOUND('',#8529,.T.);
#8529 = EDGE_LOOP('',(#8530,#8538,#8544,#8545));
#8530 = ORIENTED_EDGE('',*,*,#8531,.F.);
#8531 = EDGE_CURVE('',#8532,#6270,#8534,.T.);
#8532 = VERTEX_POINT('',#8533);
#8533 = CARTESIAN_POINT('',(-24.3,-79.5,-43.5));
#8534 = LINE('',#8535,#8536);
#8535 = CARTESIAN_POINT('',(-91.5,-79.5,-43.5));
#8536 = VECTOR('',#8537,1.);
#8537 = DIRECTION('',(1.,0.,0.));
#8538 = ORIENTED_EDGE('',*,*,#8539,.F.);
#8539 = EDGE_CURVE('',#5866,#8532,#8540,.T.);
#8540 = LINE('',#8541,#8542);
#8541 = CARTESIAN_POINT('',(-24.3,-79.5,-56.1));
#8542 = VECTOR('',#8543,1.);
#8543 = DIRECTION('',(0.,0.,-1.));
#8544 = ORIENTED_EDGE('',*,*,#5873,.T.);
#8545 = ORIENTED_EDGE('',*,*,#6269,.F.);
#8546 = PLANE('',#8547);
#8547 = AXIS2_PLACEMENT_3D('',#8548,#8549,#8550);
#8548 = CARTESIAN_POINT('',(-91.5,-79.5,-57.));
#8549 = DIRECTION('',(0.,1.,0.));
#8550 = DIRECTION('',(0.,0.,1.));
#8551 = ADVANCED_FACE('',(#8552),#8581,.T.);
#8552 = FACE_BOUND('',#8553,.T.);
#8553 = EDGE_LOOP('',(#8554,#8555,#8556,#8563,#8564,#8565,#8566,#8572,
    #8573,#8580));
#8554 = ORIENTED_EDGE('',*,*,#5865,.T.);
#8555 = ORIENTED_EDGE('',*,*,#8539,.T.);
#8556 = ORIENTED_EDGE('',*,*,#8557,.T.);
#8557 = EDGE_CURVE('',#8532,#6233,#8558,.T.);
#8558 = CIRCLE('',#8559,13.5);
#8559 = AXIS2_PLACEMENT_3D('',#8560,#8561,#8562);
#8560 = CARTESIAN_POINT('',(-24.3,-66.,-43.5));
#8561 = DIRECTION('',(1.,0.,0.));
#8562 = DIRECTION('',(0.,-1.,0.));
#8563 = ORIENTED_EDGE('',*,*,#6232,.T.);
#8564 = ORIENTED_EDGE('',*,*,#6223,.T.);
#8565 = ORIENTED_EDGE('',*,*,#6214,.T.);
#8566 = ORIENTED_EDGE('',*,*,#8567,.F.);
#8567 = EDGE_CURVE('',#6960,#6207,#8568,.T.);
#8568 = LINE('',#8569,#8570);
#8569 = CARTESIAN_POINT('',(-24.3,-70.,-55.6));
#8570 = VECTOR('',#8571,1.);
#8571 = DIRECTION('',(0.,0.,-1.));
#8572 = ORIENTED_EDGE('',*,*,#6959,.F.);
#8573 = ORIENTED_EDGE('',*,*,#8574,.F.);
#8574 = EDGE_CURVE('',#8412,#6952,#8575,.T.);
#8575 = CIRCLE('',#8576,13.);
#8576 = AXIS2_PLACEMENT_3D('',#8577,#8578,#8579);
#8577 = CARTESIAN_POINT('',(-24.3,-66.,-44.));
#8578 = DIRECTION('',(1.,0.,0.));
#8579 = DIRECTION('',(0.,-1.,0.));
#8580 = ORIENTED_EDGE('',*,*,#8447,.F.);
#8581 = PLANE('',#8582);
#8582 = AXIS2_PLACEMENT_3D('',#8583,#8584,#8585);
#8583 = CARTESIAN_POINT('',(-24.3,-90.,-55.2));
#8584 = DIRECTION('',(1.,0.,0.));
#8585 = DIRECTION('',(0.,0.,1.));
#8586 = ADVANCED_FACE('',(#8587),#8606,.F.);
#8587 = FACE_BOUND('',#8588,.F.);
#8588 = EDGE_LOOP('',(#8589,#8590,#8598,#8605));
#8589 = ORIENTED_EDGE('',*,*,#5911,.F.);
#8590 = ORIENTED_EDGE('',*,*,#8591,.F.);
#8591 = EDGE_CURVE('',#8592,#5912,#8594,.T.);
#8592 = VERTEX_POINT('',#8593);
#8593 = CARTESIAN_POINT('',(-45.,75.,36.7));
#8594 = LINE('',#8595,#8596);
#8595 = CARTESIAN_POINT('',(-45.,74.9,36.7));
#8596 = VECTOR('',#8597,1.);
#8597 = DIRECTION('',(0.,1.,0.));
#8598 = ORIENTED_EDGE('',*,*,#8599,.T.);
#8599 = EDGE_CURVE('',#8592,#8592,#8600,.T.);
#8600 = CIRCLE('',#8601,1.7);
#8601 = AXIS2_PLACEMENT_3D('',#8602,#8603,#8604);
#8602 = CARTESIAN_POINT('',(-45.,75.,35.));
#8603 = DIRECTION('',(0.,1.,0.));
#8604 = DIRECTION('',(0.,0.,1.));
#8605 = ORIENTED_EDGE('',*,*,#8591,.T.);
#8606 = CYLINDRICAL_SURFACE('',#8607,1.7);
#8607 = AXIS2_PLACEMENT_3D('',#8608,#8609,#8610);
#8608 = CARTESIAN_POINT('',(-45.,74.9,35.));
#8609 = DIRECTION('',(0.,1.,0.));
#8610 = DIRECTION('',(0.,0.,1.));
#8611 = ADVANCED_FACE('',(#8612,#8615),#8618,.T.);
#8612 = FACE_BOUND('',#8613,.T.);
#8613 = EDGE_LOOP('',(#8614));
#8614 = ORIENTED_EDGE('',*,*,#5960,.T.);
#8615 = FACE_BOUND('',#8616,.T.);
#8616 = EDGE_LOOP('',(#8617));
#8617 = ORIENTED_EDGE('',*,*,#7847,.F.);
#8618 = PLANE('',#8619);
#8619 = AXIS2_PLACEMENT_3D('',#8620,#8621,#8622);
#8620 = CARTESIAN_POINT('',(-86.,62.,-40.));
#8621 = DIRECTION('',(1.,0.,0.));
#8622 = DIRECTION('',(0.,0.,1.));
#8623 = ADVANCED_FACE('',(#8624,#8627),#8630,.T.);
#8624 = FACE_BOUND('',#8625,.T.);
#8625 = EDGE_LOOP('',(#8626));
#8626 = ORIENTED_EDGE('',*,*,#6018,.T.);
#8627 = FACE_BOUND('',#8628,.T.);
#8628 = EDGE_LOOP('',(#8629));
#8629 = ORIENTED_EDGE('',*,*,#7822,.F.);
#8630 = PLANE('',#8631);
#8631 = AXIS2_PLACEMENT_3D('',#8632,#8633,#8634);
#8632 = CARTESIAN_POINT('',(-86.,62.,41.));
#8633 = DIRECTION('',(1.,0.,0.));
#8634 = DIRECTION('',(0.,0.,1.));
#8635 = ADVANCED_FACE('',(#8636),#8647,.F.);
#8636 = FACE_BOUND('',#8637,.T.);
#8637 = EDGE_LOOP('',(#8638,#8639,#8640,#8641));
#8638 = ORIENTED_EDGE('',*,*,#6104,.F.);
#8639 = ORIENTED_EDGE('',*,*,#7037,.T.);
#8640 = ORIENTED_EDGE('',*,*,#6992,.T.);
#8641 = ORIENTED_EDGE('',*,*,#8642,.F.);
#8642 = EDGE_CURVE('',#6105,#6985,#8643,.T.);
#8643 = LINE('',#8644,#8645);
#8644 = CARTESIAN_POINT('',(-67.35424868893,-70.,-55.5));
#8645 = VECTOR('',#8646,1.);
#8646 = DIRECTION('',(0.,0.,1.));
#8647 = CYLINDRICAL_SURFACE('',#8648,4.);
#8648 = AXIS2_PLACEMENT_3D('',#8649,#8650,#8651);
#8649 = CARTESIAN_POINT('',(-70.,-67.,-55.5));
#8650 = DIRECTION('',(0.,0.,1.));
#8651 = DIRECTION('',(1.,0.,0.));
#8652 = ADVANCED_FACE('',(#8653),#8664,.T.);
#8653 = FACE_BOUND('',#8654,.T.);
#8654 = EDGE_LOOP('',(#8655,#8661,#8662,#8663));
#8655 = ORIENTED_EDGE('',*,*,#8656,.F.);
#8656 = EDGE_CURVE('',#6152,#6976,#8657,.T.);
#8657 = LINE('',#8658,#8659);
#8658 = CARTESIAN_POINT('',(-37.64575131106,-70.,-55.5));
#8659 = VECTOR('',#8660,1.);
#8660 = DIRECTION('',(0.,0.,1.));
#8661 = ORIENTED_EDGE('',*,*,#6151,.F.);
#8662 = ORIENTED_EDGE('',*,*,#8642,.T.);
#8663 = ORIENTED_EDGE('',*,*,#6984,.F.);
#8664 = PLANE('',#8665);
#8665 = AXIS2_PLACEMENT_3D('',#8666,#8667,#8668);
#8666 = CARTESIAN_POINT('',(-79.,-70.,-56.));
#8667 = DIRECTION('',(0.,1.,0.));
#8668 = DIRECTION('',(0.,0.,1.));
#8669 = ADVANCED_FACE('',(#8670),#8681,.F.);
#8670 = FACE_BOUND('',#8671,.T.);
#8671 = EDGE_LOOP('',(#8672,#8673,#8674,#8675));
#8672 = ORIENTED_EDGE('',*,*,#6159,.F.);
#8673 = ORIENTED_EDGE('',*,*,#8656,.T.);
#8674 = ORIENTED_EDGE('',*,*,#6975,.T.);
#8675 = ORIENTED_EDGE('',*,*,#8676,.F.);
#8676 = EDGE_CURVE('',#6160,#6968,#8677,.T.);
#8677 = LINE('',#8678,#8679);
#8678 = CARTESIAN_POINT('',(-32.35424868893,-70.,-55.5));
#8679 = VECTOR('',#8680,1.);
#8680 = DIRECTION('',(0.,0.,1.));
#8681 = CYLINDRICAL_SURFACE('',#8682,4.);
#8682 = AXIS2_PLACEMENT_3D('',#8683,#8684,#8685);
#8683 = CARTESIAN_POINT('',(-35.,-67.,-55.5));
#8684 = DIRECTION('',(0.,0.,1.));
#8685 = DIRECTION('',(1.,0.,0.));
#8686 = ADVANCED_FACE('',(#8687),#8693,.T.);
#8687 = FACE_BOUND('',#8688,.T.);
#8688 = EDGE_LOOP('',(#8689,#8690,#8691,#8692));
#8689 = ORIENTED_EDGE('',*,*,#8567,.T.);
#8690 = ORIENTED_EDGE('',*,*,#6206,.F.);
#8691 = ORIENTED_EDGE('',*,*,#8676,.T.);
#8692 = ORIENTED_EDGE('',*,*,#6967,.F.);
#8693 = PLANE('',#8694);
#8694 = AXIS2_PLACEMENT_3D('',#8695,#8696,#8697);
#8695 = CARTESIAN_POINT('',(-79.,-70.,-56.));
#8696 = DIRECTION('',(0.,1.,0.));
#8697 = DIRECTION('',(0.,0.,1.));
#8698 = ADVANCED_FACE('',(#8699),#8705,.F.);
#8699 = FACE_BOUND('',#8700,.F.);
#8700 = EDGE_LOOP('',(#8701,#8702,#8703,#8704));
#8701 = ORIENTED_EDGE('',*,*,#8531,.F.);
#8702 = ORIENTED_EDGE('',*,*,#8557,.T.);
#8703 = ORIENTED_EDGE('',*,*,#6241,.T.);
#8704 = ORIENTED_EDGE('',*,*,#6280,.F.);
#8705 = CYLINDRICAL_SURFACE('',#8706,13.5);
#8706 = AXIS2_PLACEMENT_3D('',#8707,#8708,#8709);
#8707 = CARTESIAN_POINT('',(-91.5,-66.,-43.5));
#8708 = DIRECTION('',(1.,0.,0.));
#8709 = DIRECTION('',(0.,-1.,0.));
#8710 = ADVANCED_FACE('',(#8711,#8714),#8725,.T.);
#8711 = FACE_BOUND('',#8712,.T.);
#8712 = EDGE_LOOP('',(#8713));
#8713 = ORIENTED_EDGE('',*,*,#6798,.T.);
#8714 = FACE_BOUND('',#8715,.T.);
#8715 = EDGE_LOOP('',(#8716));
#8716 = ORIENTED_EDGE('',*,*,#8717,.F.);
#8717 = EDGE_CURVE('',#8718,#8718,#8720,.T.);
#8718 = VERTEX_POINT('',#8719);
#8719 = CARTESIAN_POINT('',(-45.,-86.,33.3));
#8720 = CIRCLE('',#8721,1.7);
#8721 = AXIS2_PLACEMENT_3D('',#8722,#8723,#8724);
#8722 = CARTESIAN_POINT('',(-45.,-86.,35.));
#8723 = DIRECTION('',(0.,-1.,0.));
#8724 = DIRECTION('',(0.,0.,-1.));
#8725 = PLANE('',#8726);
#8726 = AXIS2_PLACEMENT_3D('',#8727,#8728,#8729);
#8727 = CARTESIAN_POINT('',(-45.,-86.,35.));
#8728 = DIRECTION('',(0.,-1.,0.));
#8729 = DIRECTION('',(0.,0.,-1.));
#8730 = ADVANCED_FACE('',(#8731),#8736,.T.);
#8731 = FACE_BOUND('',#8732,.T.);
#8732 = EDGE_LOOP('',(#8733,#8734,#8735));
#8733 = ORIENTED_EDGE('',*,*,#6815,.F.);
#8734 = ORIENTED_EDGE('',*,*,#7384,.T.);
#8735 = ORIENTED_EDGE('',*,*,#7296,.F.);
#8736 = PLANE('',#8737);
#8737 = AXIS2_PLACEMENT_3D('',#8738,#8739,#8740);
#8738 = CARTESIAN_POINT('',(-91.,-79.,-57.));
#8739 = DIRECTION('',(1.,0.,0.));
#8740 = DIRECTION('',(0.,0.,1.));
#8741 = ADVANCED_FACE('',(#8742),#8747,.F.);
#8742 = FACE_BOUND('',#8743,.T.);
#8743 = EDGE_LOOP('',(#8744,#8745,#8746));
#8744 = ORIENTED_EDGE('',*,*,#7251,.F.);
#8745 = ORIENTED_EDGE('',*,*,#8388,.T.);
#8746 = ORIENTED_EDGE('',*,*,#6863,.F.);
#8747 = SPHERICAL_SURFACE('',#8748,13.);
#8748 = AXIS2_PLACEMENT_3D('',#8749,#8750,#8751);
#8749 = CARTESIAN_POINT('',(-78.,-66.,84.));
#8750 = DIRECTION('',(-0.,-0.,-1.));
#8751 = DIRECTION('',(-1.,0.,0.));
#8752 = ADVANCED_FACE('',(#8753),#8765,.F.);
#8753 = FACE_BOUND('',#8754,.F.);
#8754 = EDGE_LOOP('',(#8755,#8756,#8757,#8764));
#8755 = ORIENTED_EDGE('',*,*,#7371,.F.);
#8756 = ORIENTED_EDGE('',*,*,#6940,.T.);
#8757 = ORIENTED_EDGE('',*,*,#8758,.T.);
#8758 = EDGE_CURVE('',#6943,#6826,#8759,.T.);
#8759 = CIRCLE('',#8760,13.);
#8760 = AXIS2_PLACEMENT_3D('',#8761,#8762,#8763);
#8761 = CARTESIAN_POINT('',(-78.,-66.,-44.));
#8762 = DIRECTION('',(-1.,6.123233995737E-17,0.));
#8763 = DIRECTION('',(-6.123233995737E-17,-1.,0.));
#8764 = ORIENTED_EDGE('',*,*,#6825,.F.);
#8765 = SPHERICAL_SURFACE('',#8766,13.);
#8766 = AXIS2_PLACEMENT_3D('',#8767,#8768,#8769);
#8767 = CARTESIAN_POINT('',(-78.,-66.,-44.));
#8768 = DIRECTION('',(0.,0.,1.));
#8769 = DIRECTION('',(-1.,0.,0.));
#8770 = ADVANCED_FACE('',(#8771),#8777,.F.);
#8771 = FACE_BOUND('',#8772,.F.);
#8772 = EDGE_LOOP('',(#8773,#8774,#8775,#8776));
#8773 = ORIENTED_EDGE('',*,*,#8758,.F.);
#8774 = ORIENTED_EDGE('',*,*,#6951,.T.);
#8775 = ORIENTED_EDGE('',*,*,#8574,.F.);
#8776 = ORIENTED_EDGE('',*,*,#8411,.F.);
#8777 = CYLINDRICAL_SURFACE('',#8778,13.);
#8778 = AXIS2_PLACEMENT_3D('',#8779,#8780,#8781);
#8779 = CARTESIAN_POINT('',(-91.,-66.,-44.));
#8780 = DIRECTION('',(1.,0.,0.));
#8781 = DIRECTION('',(0.,-1.,0.));
#8782 = ADVANCED_FACE('',(#8783,#8793),#8863,.F.);
#8783 = FACE_BOUND('',#8784,.F.);
#8784 = EDGE_LOOP('',(#8785,#8786,#8787,#8788,#8789,#8790,#8791,#8792));
#8785 = ORIENTED_EDGE('',*,*,#7233,.T.);
#8786 = ORIENTED_EDGE('',*,*,#7218,.T.);
#8787 = ORIENTED_EDGE('',*,*,#7184,.T.);
#8788 = ORIENTED_EDGE('',*,*,#7170,.T.);
#8789 = ORIENTED_EDGE('',*,*,#7135,.T.);
#8790 = ORIENTED_EDGE('',*,*,#7113,.F.);
#8791 = ORIENTED_EDGE('',*,*,#7086,.T.);
#8792 = ORIENTED_EDGE('',*,*,#7072,.F.);
#8793 = FACE_BOUND('',#8794,.F.);
#8794 = EDGE_LOOP('',(#8795,#8806,#8814,#8823,#8831,#8840,#8848,#8857));
#8795 = ORIENTED_EDGE('',*,*,#8796,.F.);
#8796 = EDGE_CURVE('',#8797,#8799,#8801,.T.);
#8797 = VERTEX_POINT('',#8798);
#8798 = CARTESIAN_POINT('',(-29.,-51.,99.6));
#8799 = VERTEX_POINT('',#8800);
#8800 = CARTESIAN_POINT('',(-32.,-54.,99.6));
#8801 = CIRCLE('',#8802,3.);
#8802 = AXIS2_PLACEMENT_3D('',#8803,#8804,#8805);
#8803 = CARTESIAN_POINT('',(-32.,-51.,99.6));
#8804 = DIRECTION('',(2.22044604925E-16,0.,-1.));
#8805 = DIRECTION('',(-1.,0.,-2.22044604925E-16));
#8806 = ORIENTED_EDGE('',*,*,#8807,.T.);
#8807 = EDGE_CURVE('',#8797,#8808,#8810,.T.);
#8808 = VERTEX_POINT('',#8809);
#8809 = CARTESIAN_POINT('',(-29.,51.,99.6));
#8810 = LINE('',#8811,#8812);
#8811 = CARTESIAN_POINT('',(-29.,-25.5,99.6));
#8812 = VECTOR('',#8813,1.);
#8813 = DIRECTION('',(0.,1.,0.));
#8814 = ORIENTED_EDGE('',*,*,#8815,.F.);
#8815 = EDGE_CURVE('',#8816,#8808,#8818,.T.);
#8816 = VERTEX_POINT('',#8817);
#8817 = CARTESIAN_POINT('',(-32.,54.,99.6));
#8818 = CIRCLE('',#8819,3.);
#8819 = AXIS2_PLACEMENT_3D('',#8820,#8821,#8822);
#8820 = CARTESIAN_POINT('',(-32.,51.,99.6));
#8821 = DIRECTION('',(2.22044604925E-16,0.,-1.));
#8822 = DIRECTION('',(-1.,0.,-2.22044604925E-16));
#8823 = ORIENTED_EDGE('',*,*,#8824,.F.);
#8824 = EDGE_CURVE('',#8825,#8816,#8827,.T.);
#8825 = VERTEX_POINT('',#8826);
#8826 = CARTESIAN_POINT('',(-72.,54.,99.6));
#8827 = LINE('',#8828,#8829);
#8828 = CARTESIAN_POINT('',(-42.,54.,99.6));
#8829 = VECTOR('',#8830,1.);
#8830 = DIRECTION('',(1.,0.,2.22044604925E-16));
#8831 = ORIENTED_EDGE('',*,*,#8832,.F.);
#8832 = EDGE_CURVE('',#8833,#8825,#8835,.T.);
#8833 = VERTEX_POINT('',#8834);
#8834 = CARTESIAN_POINT('',(-75.,51.,99.6));
#8835 = CIRCLE('',#8836,3.);
#8836 = AXIS2_PLACEMENT_3D('',#8837,#8838,#8839);
#8837 = CARTESIAN_POINT('',(-72.,51.,99.6));
#8838 = DIRECTION('',(2.22044604925E-16,0.,-1.));
#8839 = DIRECTION('',(-1.,0.,-2.22044604925E-16));
#8840 = ORIENTED_EDGE('',*,*,#8841,.F.);
#8841 = EDGE_CURVE('',#8842,#8833,#8844,.T.);
#8842 = VERTEX_POINT('',#8843);
#8843 = CARTESIAN_POINT('',(-75.,-51.,99.6));
#8844 = LINE('',#8845,#8846);
#8845 = CARTESIAN_POINT('',(-75.,-25.5,99.6));
#8846 = VECTOR('',#8847,1.);
#8847 = DIRECTION('',(0.,1.,0.));
#8848 = ORIENTED_EDGE('',*,*,#8849,.F.);
#8849 = EDGE_CURVE('',#8850,#8842,#8852,.T.);
#8850 = VERTEX_POINT('',#8851);
#8851 = CARTESIAN_POINT('',(-72.,-54.,99.6));
#8852 = CIRCLE('',#8853,3.);
#8853 = AXIS2_PLACEMENT_3D('',#8854,#8855,#8856);
#8854 = CARTESIAN_POINT('',(-72.,-51.,99.6));
#8855 = DIRECTION('',(2.22044604925E-16,0.,-1.));
#8856 = DIRECTION('',(-1.,0.,-2.22044604925E-16));
#8857 = ORIENTED_EDGE('',*,*,#8858,.T.);
#8858 = EDGE_CURVE('',#8850,#8799,#8859,.T.);
#8859 = LINE('',#8860,#8861);
#8860 = CARTESIAN_POINT('',(-42.,-54.,99.6));
#8861 = VECTOR('',#8862,1.);
#8862 = DIRECTION('',(1.,0.,2.22044604925E-16));
#8863 = PLANE('',#8864);
#8864 = AXIS2_PLACEMENT_3D('',#8865,#8866,#8867);
#8865 = CARTESIAN_POINT('',(-52.,0.,99.6));
#8866 = DIRECTION('',(2.22044604925E-16,0.,-1.));
#8867 = DIRECTION('',(-1.,0.,-2.22044604925E-16));
#8868 = ADVANCED_FACE('',(#8869,#8872),#8875,.T.);
#8869 = FACE_BOUND('',#8870,.T.);
#8870 = EDGE_LOOP('',(#8871));
#8871 = ORIENTED_EDGE('',*,*,#7286,.T.);
#8872 = FACE_BOUND('',#8873,.T.);
#8873 = EDGE_LOOP('',(#8874));
#8874 = ORIENTED_EDGE('',*,*,#8101,.F.);
#8875 = PLANE('',#8876);
#8876 = AXIS2_PLACEMENT_3D('',#8877,#8878,#8879);
#8877 = CARTESIAN_POINT('',(-86.,-62.,-40.));
#8878 = DIRECTION('',(1.,0.,0.));
#8879 = DIRECTION('',(0.,0.,1.));
#8880 = ADVANCED_FACE('',(#8881,#8884),#8887,.T.);
#8881 = FACE_BOUND('',#8882,.T.);
#8882 = EDGE_LOOP('',(#8883));
#8883 = ORIENTED_EDGE('',*,*,#7352,.T.);
#8884 = FACE_BOUND('',#8885,.T.);
#8885 = EDGE_LOOP('',(#8886));
#8886 = ORIENTED_EDGE('',*,*,#7872,.F.);
#8887 = PLANE('',#8888);
#8888 = AXIS2_PLACEMENT_3D('',#8889,#8890,#8891);
#8889 = CARTESIAN_POINT('',(-86.,-62.,41.));
#8890 = DIRECTION('',(1.,0.,0.));
#8891 = DIRECTION('',(0.,0.,1.));
#8892 = ADVANCED_FACE('',(#8893),#8899,.T.);
#8893 = FACE_BOUND('',#8894,.T.);
#8894 = EDGE_LOOP('',(#8895,#8896,#8897,#8898));
#8895 = ORIENTED_EDGE('',*,*,#7695,.F.);
#8896 = ORIENTED_EDGE('',*,*,#7791,.T.);
#8897 = ORIENTED_EDGE('',*,*,#7407,.T.);
#8898 = ORIENTED_EDGE('',*,*,#7631,.F.);
#8899 = PLANE('',#8900);
#8900 = AXIS2_PLACEMENT_3D('',#8901,#8902,#8903);
#8901 = CARTESIAN_POINT('',(-70.,52.5,-3.));
#8902 = DIRECTION('',(1.,0.,0.));
#8903 = DIRECTION('',(0.,0.,1.));
#8904 = ADVANCED_FACE('',(#8905),#8916,.T.);
#8905 = FACE_BOUND('',#8906,.T.);
#8906 = EDGE_LOOP('',(#8907,#8908,#8914,#8915));
#8907 = ORIENTED_EDGE('',*,*,#7784,.F.);
#8908 = ORIENTED_EDGE('',*,*,#8909,.F.);
#8909 = EDGE_CURVE('',#7448,#7776,#8910,.T.);
#8910 = LINE('',#8911,#8912);
#8911 = CARTESIAN_POINT('',(-51.5,49.17944947177,-3.));
#8912 = VECTOR('',#8913,1.);
#8913 = DIRECTION('',(0.,0.,1.));
#8914 = ORIENTED_EDGE('',*,*,#7447,.T.);
#8915 = ORIENTED_EDGE('',*,*,#7423,.T.);
#8916 = PLANE('',#8917);
#8917 = AXIS2_PLACEMENT_3D('',#8918,#8919,#8920);
#8918 = CARTESIAN_POINT('',(-51.5,-54.5,-3.));
#8919 = DIRECTION('',(1.,0.,0.));
#8920 = DIRECTION('',(0.,0.,1.));
#8921 = ADVANCED_FACE('',(#8922),#8933,.T.);
#8922 = FACE_BOUND('',#8923,.T.);
#8923 = EDGE_LOOP('',(#8924,#8925,#8926,#8927));
#8924 = ORIENTED_EDGE('',*,*,#7750,.F.);
#8925 = ORIENTED_EDGE('',*,*,#7663,.F.);
#8926 = ORIENTED_EDGE('',*,*,#7499,.T.);
#8927 = ORIENTED_EDGE('',*,*,#8928,.T.);
#8928 = EDGE_CURVE('',#7491,#7751,#8929,.T.);
#8929 = LINE('',#8930,#8931);
#8930 = CARTESIAN_POINT('',(-51.5,-49.17944947177,-3.));
#8931 = VECTOR('',#8932,1.);
#8932 = DIRECTION('',(0.,0.,1.));
#8933 = PLANE('',#8934);
#8934 = AXIS2_PLACEMENT_3D('',#8935,#8936,#8937);
#8935 = CARTESIAN_POINT('',(-51.5,-54.5,-3.));
#8936 = DIRECTION('',(1.,0.,0.));
#8937 = DIRECTION('',(0.,0.,1.));
#8938 = ADVANCED_FACE('',(#8939),#8967,.T.);
#8939 = FACE_BOUND('',#8940,.T.);
#8940 = EDGE_LOOP('',(#8941,#8949,#8956,#8957,#8958,#8959,#8960,#8966));
#8941 = ORIENTED_EDGE('',*,*,#8942,.T.);
#8942 = EDGE_CURVE('',#7456,#8943,#8945,.T.);
#8943 = VERTEX_POINT('',#8944);
#8944 = CARTESIAN_POINT('',(-51.,47.,5.));
#8945 = LINE('',#8946,#8947);
#8946 = CARTESIAN_POINT('',(-51.,47.,-3.));
#8947 = VECTOR('',#8948,1.);
#8948 = DIRECTION('',(0.,0.,1.));
#8949 = ORIENTED_EDGE('',*,*,#8950,.F.);
#8950 = EDGE_CURVE('',#8943,#8943,#8951,.T.);
#8951 = CIRCLE('',#8952,5.);
#8952 = AXIS2_PLACEMENT_3D('',#8953,#8954,#8955);
#8953 = CARTESIAN_POINT('',(-56.,47.,5.));
#8954 = DIRECTION('',(0.,0.,1.));
#8955 = DIRECTION('',(1.,0.,0.));
#8956 = ORIENTED_EDGE('',*,*,#8942,.F.);
#8957 = ORIENTED_EDGE('',*,*,#7455,.T.);
#8958 = ORIENTED_EDGE('',*,*,#8909,.T.);
#8959 = ORIENTED_EDGE('',*,*,#7775,.T.);
#8960 = ORIENTED_EDGE('',*,*,#8961,.F.);
#8961 = EDGE_CURVE('',#7465,#7768,#8962,.T.);
#8962 = LINE('',#8963,#8964);
#8963 = CARTESIAN_POINT('',(-51.5,44.82055052823,-3.));
#8964 = VECTOR('',#8965,1.);
#8965 = DIRECTION('',(0.,0.,1.));
#8966 = ORIENTED_EDGE('',*,*,#7464,.T.);
#8967 = CYLINDRICAL_SURFACE('',#8968,5.);
#8968 = AXIS2_PLACEMENT_3D('',#8969,#8970,#8971);
#8969 = CARTESIAN_POINT('',(-56.,47.,-3.));
#8970 = DIRECTION('',(0.,0.,1.));
#8971 = DIRECTION('',(1.,0.,0.));
#8972 = ADVANCED_FACE('',(#8973),#9001,.T.);
#8973 = FACE_BOUND('',#8974,.T.);
#8974 = EDGE_LOOP('',(#8975,#8983,#8990,#8991,#8992,#8998,#8999,#9000));
#8975 = ORIENTED_EDGE('',*,*,#8976,.T.);
#8976 = EDGE_CURVE('',#7482,#8977,#8979,.T.);
#8977 = VERTEX_POINT('',#8978);
#8978 = CARTESIAN_POINT('',(-51.,-47.,5.));
#8979 = LINE('',#8980,#8981);
#8980 = CARTESIAN_POINT('',(-51.,-47.,-3.));
#8981 = VECTOR('',#8982,1.);
#8982 = DIRECTION('',(0.,0.,1.));
#8983 = ORIENTED_EDGE('',*,*,#8984,.F.);
#8984 = EDGE_CURVE('',#8977,#8977,#8985,.T.);
#8985 = CIRCLE('',#8986,5.);
#8986 = AXIS2_PLACEMENT_3D('',#8987,#8988,#8989);
#8987 = CARTESIAN_POINT('',(-56.,-47.,5.));
#8988 = DIRECTION('',(0.,0.,1.));
#8989 = DIRECTION('',(1.,0.,0.));
#8990 = ORIENTED_EDGE('',*,*,#8976,.F.);
#8991 = ORIENTED_EDGE('',*,*,#7481,.T.);
#8992 = ORIENTED_EDGE('',*,*,#8993,.T.);
#8993 = EDGE_CURVE('',#7474,#7759,#8994,.T.);
#8994 = LINE('',#8995,#8996);
#8995 = CARTESIAN_POINT('',(-51.5,-44.82055052823,-3.));
#8996 = VECTOR('',#8997,1.);
#8997 = DIRECTION('',(0.,0.,1.));
#8998 = ORIENTED_EDGE('',*,*,#7758,.T.);
#8999 = ORIENTED_EDGE('',*,*,#8928,.F.);
#9000 = ORIENTED_EDGE('',*,*,#7490,.T.);
#9001 = CYLINDRICAL_SURFACE('',#9002,5.);
#9002 = AXIS2_PLACEMENT_3D('',#9003,#9004,#9005);
#9003 = CARTESIAN_POINT('',(-56.,-47.,-3.));
#9004 = DIRECTION('',(0.,0.,1.));
#9005 = DIRECTION('',(1.,0.,0.));
#9006 = ADVANCED_FACE('',(#9007),#9013,.T.);
#9007 = FACE_BOUND('',#9008,.T.);
#9008 = EDGE_LOOP('',(#9009,#9010,#9011,#9012));
#9009 = ORIENTED_EDGE('',*,*,#7767,.F.);
#9010 = ORIENTED_EDGE('',*,*,#8993,.F.);
#9011 = ORIENTED_EDGE('',*,*,#7473,.T.);
#9012 = ORIENTED_EDGE('',*,*,#8961,.T.);
#9013 = PLANE('',#9014);
#9014 = AXIS2_PLACEMENT_3D('',#9015,#9016,#9017);
#9015 = CARTESIAN_POINT('',(-51.5,-54.5,-3.));
#9016 = DIRECTION('',(1.,0.,0.));
#9017 = DIRECTION('',(0.,0.,1.));
#9018 = ADVANCED_FACE('',(#9019),#9044,.T.);
#9019 = FACE_BOUND('',#9020,.T.);
#9020 = EDGE_LOOP('',(#9021,#9022,#9030,#9038));
#9021 = ORIENTED_EDGE('',*,*,#7515,.F.);
#9022 = ORIENTED_EDGE('',*,*,#9023,.T.);
#9023 = EDGE_CURVE('',#7516,#9024,#9026,.T.);
#9024 = VERTEX_POINT('',#9025);
#9025 = CARTESIAN_POINT('',(-53.1,-48.67431578065,0.2));
#9026 = LINE('',#9027,#9028);
#9027 = CARTESIAN_POINT('',(-53.1,-48.67431578065,-3.1));
#9028 = VECTOR('',#9029,1.);
#9029 = DIRECTION('',(0.,0.,1.));
#9030 = ORIENTED_EDGE('',*,*,#9031,.T.);
#9031 = EDGE_CURVE('',#9024,#9032,#9034,.T.);
#9032 = VERTEX_POINT('',#9033);
#9033 = CARTESIAN_POINT('',(-53.1,-45.32568421935,0.2));
#9034 = LINE('',#9035,#9036);
#9035 = CARTESIAN_POINT('',(-53.1,-48.67431578065,0.2));
#9036 = VECTOR('',#9037,1.);
#9037 = DIRECTION('',(0.,1.,0.));
#9038 = ORIENTED_EDGE('',*,*,#9039,.F.);
#9039 = EDGE_CURVE('',#7518,#9032,#9040,.T.);
#9040 = LINE('',#9041,#9042);
#9041 = CARTESIAN_POINT('',(-53.1,-45.32568421935,-3.1));
#9042 = VECTOR('',#9043,1.);
#9043 = DIRECTION('',(0.,0.,1.));
#9044 = PLANE('',#9045);
#9045 = AXIS2_PLACEMENT_3D('',#9046,#9047,#9048);
#9046 = CARTESIAN_POINT('',(-53.1,-48.67431578065,-3.1));
#9047 = DIRECTION('',(-1.,0.,0.));
#9048 = DIRECTION('',(0.,1.,0.));
#9049 = ADVANCED_FACE('',(#9050),#9068,.T.);
#9050 = FACE_BOUND('',#9051,.T.);
#9051 = EDGE_LOOP('',(#9052,#9053,#9061,#9067));
#9052 = ORIENTED_EDGE('',*,*,#7557,.F.);
#9053 = ORIENTED_EDGE('',*,*,#9054,.T.);
#9054 = EDGE_CURVE('',#7550,#9055,#9057,.T.);
#9055 = VERTEX_POINT('',#9056);
#9056 = CARTESIAN_POINT('',(-56.,-50.3486315613,0.2));
#9057 = LINE('',#9058,#9059);
#9058 = CARTESIAN_POINT('',(-56.,-50.3486315613,-3.1));
#9059 = VECTOR('',#9060,1.);
#9060 = DIRECTION('',(0.,0.,1.));
#9061 = ORIENTED_EDGE('',*,*,#9062,.T.);
#9062 = EDGE_CURVE('',#9055,#9024,#9063,.T.);
#9063 = LINE('',#9064,#9065);
#9064 = CARTESIAN_POINT('',(-56.,-50.3486315613,0.2));
#9065 = VECTOR('',#9066,1.);
#9066 = DIRECTION('',(0.866025403784,0.5,0.));
#9067 = ORIENTED_EDGE('',*,*,#9023,.F.);
#9068 = PLANE('',#9069);
#9069 = AXIS2_PLACEMENT_3D('',#9070,#9071,#9072);
#9070 = CARTESIAN_POINT('',(-56.,-50.3486315613,-3.1));
#9071 = DIRECTION('',(-0.5,0.866025403784,0.));
#9072 = DIRECTION('',(0.866025403784,0.5,0.));
#9073 = ADVANCED_FACE('',(#9074),#9092,.T.);
#9074 = FACE_BOUND('',#9075,.T.);
#9075 = EDGE_LOOP('',(#9076,#9077,#9085,#9091));
#9076 = ORIENTED_EDGE('',*,*,#7549,.F.);
#9077 = ORIENTED_EDGE('',*,*,#9078,.T.);
#9078 = EDGE_CURVE('',#7542,#9079,#9081,.T.);
#9079 = VERTEX_POINT('',#9080);
#9080 = CARTESIAN_POINT('',(-58.9,-48.67431578065,0.2));
#9081 = LINE('',#9082,#9083);
#9082 = CARTESIAN_POINT('',(-58.9,-48.67431578065,-3.1));
#9083 = VECTOR('',#9084,1.);
#9084 = DIRECTION('',(0.,0.,1.));
#9085 = ORIENTED_EDGE('',*,*,#9086,.T.);
#9086 = EDGE_CURVE('',#9079,#9055,#9087,.T.);
#9087 = LINE('',#9088,#9089);
#9088 = CARTESIAN_POINT('',(-58.9,-48.67431578065,0.2));
#9089 = VECTOR('',#9090,1.);
#9090 = DIRECTION('',(0.866025403784,-0.5,0.));
#9091 = ORIENTED_EDGE('',*,*,#9054,.F.);
#9092 = PLANE('',#9093);
#9093 = AXIS2_PLACEMENT_3D('',#9094,#9095,#9096);
#9094 = CARTESIAN_POINT('',(-58.9,-48.67431578065,-3.1));
#9095 = DIRECTION('',(0.5,0.866025403784,0.));
#9096 = DIRECTION('',(0.866025403784,-0.5,0.));
#9097 = ADVANCED_FACE('',(#9098),#9116,.T.);
#9098 = FACE_BOUND('',#9099,.T.);
#9099 = EDGE_LOOP('',(#9100,#9101,#9109,#9115));
#9100 = ORIENTED_EDGE('',*,*,#7541,.F.);
#9101 = ORIENTED_EDGE('',*,*,#9102,.T.);
#9102 = EDGE_CURVE('',#7534,#9103,#9105,.T.);
#9103 = VERTEX_POINT('',#9104);
#9104 = CARTESIAN_POINT('',(-58.9,-45.32568421935,0.2));
#9105 = LINE('',#9106,#9107);
#9106 = CARTESIAN_POINT('',(-58.9,-45.32568421935,-3.1));
#9107 = VECTOR('',#9108,1.);
#9108 = DIRECTION('',(0.,0.,1.));
#9109 = ORIENTED_EDGE('',*,*,#9110,.T.);
#9110 = EDGE_CURVE('',#9103,#9079,#9111,.T.);
#9111 = LINE('',#9112,#9113);
#9112 = CARTESIAN_POINT('',(-58.9,-45.32568421935,0.2));
#9113 = VECTOR('',#9114,1.);
#9114 = DIRECTION('',(-2.7E-16,-1.,0.));
#9115 = ORIENTED_EDGE('',*,*,#9078,.F.);
#9116 = PLANE('',#9117);
#9117 = AXIS2_PLACEMENT_3D('',#9118,#9119,#9120);
#9118 = CARTESIAN_POINT('',(-58.9,-45.32568421935,-3.1));
#9119 = DIRECTION('',(1.,-2.7E-16,0.));
#9120 = DIRECTION('',(-2.7E-16,-1.,0.));
#9121 = ADVANCED_FACE('',(#9122),#9140,.T.);
#9122 = FACE_BOUND('',#9123,.T.);
#9123 = EDGE_LOOP('',(#9124,#9125,#9133,#9139));
#9124 = ORIENTED_EDGE('',*,*,#7533,.F.);
#9125 = ORIENTED_EDGE('',*,*,#9126,.T.);
#9126 = EDGE_CURVE('',#7526,#9127,#9129,.T.);
#9127 = VERTEX_POINT('',#9128);
#9128 = CARTESIAN_POINT('',(-56.,-43.6513684387,0.2));
#9129 = LINE('',#9130,#9131);
#9130 = CARTESIAN_POINT('',(-56.,-43.6513684387,-3.1));
#9131 = VECTOR('',#9132,1.);
#9132 = DIRECTION('',(0.,0.,1.));
#9133 = ORIENTED_EDGE('',*,*,#9134,.T.);
#9134 = EDGE_CURVE('',#9127,#9103,#9135,.T.);
#9135 = LINE('',#9136,#9137);
#9136 = CARTESIAN_POINT('',(-56.,-43.6513684387,0.2));
#9137 = VECTOR('',#9138,1.);
#9138 = DIRECTION('',(-0.866025403784,-0.5,0.));
#9139 = ORIENTED_EDGE('',*,*,#9102,.F.);
#9140 = PLANE('',#9141);
#9141 = AXIS2_PLACEMENT_3D('',#9142,#9143,#9144);
#9142 = CARTESIAN_POINT('',(-56.,-43.6513684387,-3.1));
#9143 = DIRECTION('',(0.5,-0.866025403784,0.));
#9144 = DIRECTION('',(-0.866025403784,-0.5,0.));
#9145 = ADVANCED_FACE('',(#9146),#9157,.T.);
#9146 = FACE_BOUND('',#9147,.T.);
#9147 = EDGE_LOOP('',(#9148,#9149,#9150,#9156));
#9148 = ORIENTED_EDGE('',*,*,#7525,.F.);
#9149 = ORIENTED_EDGE('',*,*,#9039,.T.);
#9150 = ORIENTED_EDGE('',*,*,#9151,.T.);
#9151 = EDGE_CURVE('',#9032,#9127,#9152,.T.);
#9152 = LINE('',#9153,#9154);
#9153 = CARTESIAN_POINT('',(-53.1,-45.32568421935,0.2));
#9154 = VECTOR('',#9155,1.);
#9155 = DIRECTION('',(-0.866025403784,0.5,0.));
#9156 = ORIENTED_EDGE('',*,*,#9126,.F.);
#9157 = PLANE('',#9158);
#9158 = AXIS2_PLACEMENT_3D('',#9159,#9160,#9161);
#9159 = CARTESIAN_POINT('',(-53.1,-45.32568421935,-3.1));
#9160 = DIRECTION('',(-0.5,-0.866025403784,0.));
#9161 = DIRECTION('',(-0.866025403784,0.5,0.));
#9162 = ADVANCED_FACE('',(#9163),#9188,.T.);
#9163 = FACE_BOUND('',#9164,.T.);
#9164 = EDGE_LOOP('',(#9165,#9166,#9174,#9182));
#9165 = ORIENTED_EDGE('',*,*,#7565,.F.);
#9166 = ORIENTED_EDGE('',*,*,#9167,.T.);
#9167 = EDGE_CURVE('',#7566,#9168,#9170,.T.);
#9168 = VERTEX_POINT('',#9169);
#9169 = CARTESIAN_POINT('',(-53.1,45.32568421935,0.2));
#9170 = LINE('',#9171,#9172);
#9171 = CARTESIAN_POINT('',(-53.1,45.32568421935,-3.1));
#9172 = VECTOR('',#9173,1.);
#9173 = DIRECTION('',(0.,0.,1.));
#9174 = ORIENTED_EDGE('',*,*,#9175,.T.);
#9175 = EDGE_CURVE('',#9168,#9176,#9178,.T.);
#9176 = VERTEX_POINT('',#9177);
#9177 = CARTESIAN_POINT('',(-53.1,48.67431578065,0.2));
#9178 = LINE('',#9179,#9180);
#9179 = CARTESIAN_POINT('',(-53.1,45.32568421935,0.2));
#9180 = VECTOR('',#9181,1.);
#9181 = DIRECTION('',(0.,1.,0.));
#9182 = ORIENTED_EDGE('',*,*,#9183,.F.);
#9183 = EDGE_CURVE('',#7568,#9176,#9184,.T.);
#9184 = LINE('',#9185,#9186);
#9185 = CARTESIAN_POINT('',(-53.1,48.67431578065,-3.1));
#9186 = VECTOR('',#9187,1.);
#9187 = DIRECTION('',(0.,0.,1.));
#9188 = PLANE('',#9189);
#9189 = AXIS2_PLACEMENT_3D('',#9190,#9191,#9192);
#9190 = CARTESIAN_POINT('',(-53.1,45.32568421935,-3.1));
#9191 = DIRECTION('',(-1.,0.,0.));
#9192 = DIRECTION('',(0.,1.,0.));
#9193 = ADVANCED_FACE('',(#9194),#9212,.T.);
#9194 = FACE_BOUND('',#9195,.T.);
#9195 = EDGE_LOOP('',(#9196,#9197,#9205,#9211));
#9196 = ORIENTED_EDGE('',*,*,#7607,.F.);
#9197 = ORIENTED_EDGE('',*,*,#9198,.T.);
#9198 = EDGE_CURVE('',#7600,#9199,#9201,.T.);
#9199 = VERTEX_POINT('',#9200);
#9200 = CARTESIAN_POINT('',(-56.,43.6513684387,0.2));
#9201 = LINE('',#9202,#9203);
#9202 = CARTESIAN_POINT('',(-56.,43.6513684387,-3.1));
#9203 = VECTOR('',#9204,1.);
#9204 = DIRECTION('',(0.,0.,1.));
#9205 = ORIENTED_EDGE('',*,*,#9206,.T.);
#9206 = EDGE_CURVE('',#9199,#9168,#9207,.T.);
#9207 = LINE('',#9208,#9209);
#9208 = CARTESIAN_POINT('',(-56.,43.6513684387,0.2));
#9209 = VECTOR('',#9210,1.);
#9210 = DIRECTION('',(0.866025403784,0.5,0.));
#9211 = ORIENTED_EDGE('',*,*,#9167,.F.);
#9212 = PLANE('',#9213);
#9213 = AXIS2_PLACEMENT_3D('',#9214,#9215,#9216);
#9214 = CARTESIAN_POINT('',(-56.,43.6513684387,-3.1));
#9215 = DIRECTION('',(-0.5,0.866025403784,0.));
#9216 = DIRECTION('',(0.866025403784,0.5,0.));
#9217 = ADVANCED_FACE('',(#9218),#9236,.T.);
#9218 = FACE_BOUND('',#9219,.T.);
#9219 = EDGE_LOOP('',(#9220,#9221,#9229,#9235));
#9220 = ORIENTED_EDGE('',*,*,#7599,.F.);
#9221 = ORIENTED_EDGE('',*,*,#9222,.T.);
#9222 = EDGE_CURVE('',#7592,#9223,#9225,.T.);
#9223 = VERTEX_POINT('',#9224);
#9224 = CARTESIAN_POINT('',(-58.9,45.32568421935,0.2));
#9225 = LINE('',#9226,#9227);
#9226 = CARTESIAN_POINT('',(-58.9,45.32568421935,-3.1));
#9227 = VECTOR('',#9228,1.);
#9228 = DIRECTION('',(0.,0.,1.));
#9229 = ORIENTED_EDGE('',*,*,#9230,.T.);
#9230 = EDGE_CURVE('',#9223,#9199,#9231,.T.);
#9231 = LINE('',#9232,#9233);
#9232 = CARTESIAN_POINT('',(-58.9,45.32568421935,0.2));
#9233 = VECTOR('',#9234,1.);
#9234 = DIRECTION('',(0.866025403784,-0.5,0.));
#9235 = ORIENTED_EDGE('',*,*,#9198,.F.);
#9236 = PLANE('',#9237);
#9237 = AXIS2_PLACEMENT_3D('',#9238,#9239,#9240);
#9238 = CARTESIAN_POINT('',(-58.9,45.32568421935,-3.1));
#9239 = DIRECTION('',(0.5,0.866025403784,0.));
#9240 = DIRECTION('',(0.866025403784,-0.5,0.));
#9241 = ADVANCED_FACE('',(#9242),#9260,.T.);
#9242 = FACE_BOUND('',#9243,.T.);
#9243 = EDGE_LOOP('',(#9244,#9245,#9253,#9259));
#9244 = ORIENTED_EDGE('',*,*,#7591,.F.);
#9245 = ORIENTED_EDGE('',*,*,#9246,.T.);
#9246 = EDGE_CURVE('',#7584,#9247,#9249,.T.);
#9247 = VERTEX_POINT('',#9248);
#9248 = CARTESIAN_POINT('',(-58.9,48.67431578065,0.2));
#9249 = LINE('',#9250,#9251);
#9250 = CARTESIAN_POINT('',(-58.9,48.67431578065,-3.1));
#9251 = VECTOR('',#9252,1.);
#9252 = DIRECTION('',(0.,0.,1.));
#9253 = ORIENTED_EDGE('',*,*,#9254,.T.);
#9254 = EDGE_CURVE('',#9247,#9223,#9255,.T.);
#9255 = LINE('',#9256,#9257);
#9256 = CARTESIAN_POINT('',(-58.9,48.67431578065,0.2));
#9257 = VECTOR('',#9258,1.);
#9258 = DIRECTION('',(-2.7E-16,-1.,0.));
#9259 = ORIENTED_EDGE('',*,*,#9222,.F.);
#9260 = PLANE('',#9261);
#9261 = AXIS2_PLACEMENT_3D('',#9262,#9263,#9264);
#9262 = CARTESIAN_POINT('',(-58.9,48.67431578065,-3.1));
#9263 = DIRECTION('',(1.,-2.7E-16,0.));
#9264 = DIRECTION('',(-2.7E-16,-1.,0.));
#9265 = ADVANCED_FACE('',(#9266),#9284,.T.);
#9266 = FACE_BOUND('',#9267,.T.);
#9267 = EDGE_LOOP('',(#9268,#9269,#9277,#9283));
#9268 = ORIENTED_EDGE('',*,*,#7583,.F.);
#9269 = ORIENTED_EDGE('',*,*,#9270,.T.);
#9270 = EDGE_CURVE('',#7576,#9271,#9273,.T.);
#9271 = VERTEX_POINT('',#9272);
#9272 = CARTESIAN_POINT('',(-56.,50.3486315613,0.2));
#9273 = LINE('',#9274,#9275);
#9274 = CARTESIAN_POINT('',(-56.,50.3486315613,-3.1));
#9275 = VECTOR('',#9276,1.);
#9276 = DIRECTION('',(0.,0.,1.));
#9277 = ORIENTED_EDGE('',*,*,#9278,.T.);
#9278 = EDGE_CURVE('',#9271,#9247,#9279,.T.);
#9279 = LINE('',#9280,#9281);
#9280 = CARTESIAN_POINT('',(-56.,50.3486315613,0.2));
#9281 = VECTOR('',#9282,1.);
#9282 = DIRECTION('',(-0.866025403784,-0.5,0.));
#9283 = ORIENTED_EDGE('',*,*,#9246,.F.);
#9284 = PLANE('',#9285);
#9285 = AXIS2_PLACEMENT_3D('',#9286,#9287,#9288);
#9286 = CARTESIAN_POINT('',(-56.,50.3486315613,-3.1));
#9287 = DIRECTION('',(0.5,-0.866025403784,0.));
#9288 = DIRECTION('',(-0.866025403784,-0.5,0.));
#9289 = ADVANCED_FACE('',(#9290),#9301,.T.);
#9290 = FACE_BOUND('',#9291,.T.);
#9291 = EDGE_LOOP('',(#9292,#9293,#9294,#9300));
#9292 = ORIENTED_EDGE('',*,*,#7575,.F.);
#9293 = ORIENTED_EDGE('',*,*,#9183,.T.);
#9294 = ORIENTED_EDGE('',*,*,#9295,.T.);
#9295 = EDGE_CURVE('',#9176,#9271,#9296,.T.);
#9296 = LINE('',#9297,#9298);
#9297 = CARTESIAN_POINT('',(-53.1,48.67431578065,0.2));
#9298 = VECTOR('',#9299,1.);
#9299 = DIRECTION('',(-0.866025403784,0.5,0.));
#9300 = ORIENTED_EDGE('',*,*,#9270,.F.);
#9301 = PLANE('',#9302);
#9302 = AXIS2_PLACEMENT_3D('',#9303,#9304,#9305);
#9303 = CARTESIAN_POINT('',(-53.1,48.67431578065,-3.1));
#9304 = DIRECTION('',(-0.5,-0.866025403784,0.));
#9305 = DIRECTION('',(-0.866025403784,0.5,0.));
#9306 = ADVANCED_FACE('',(#9307),#9313,.T.);
#9307 = FACE_BOUND('',#9308,.T.);
#9308 = EDGE_LOOP('',(#9309,#9310,#9311,#9312));
#9309 = ORIENTED_EDGE('',*,*,#7645,.F.);
#9310 = ORIENTED_EDGE('',*,*,#7743,.T.);
#9311 = ORIENTED_EDGE('',*,*,#7808,.T.);
#9312 = ORIENTED_EDGE('',*,*,#7719,.F.);
#9313 = PLANE('',#9314);
#9314 = AXIS2_PLACEMENT_3D('',#9315,#9316,#9317);
#9315 = CARTESIAN_POINT('',(-70.,-54.5,-3.));
#9316 = DIRECTION('',(1.,0.,0.));
#9317 = DIRECTION('',(0.,0.,1.));
#9318 = ADVANCED_FACE('',(#9319),#9344,.F.);
#9319 = FACE_BOUND('',#9320,.F.);
#9320 = EDGE_LOOP('',(#9321,#9329,#9330,#9338));
#9321 = ORIENTED_EDGE('',*,*,#9322,.F.);
#9322 = EDGE_CURVE('',#8167,#9323,#9325,.T.);
#9323 = VERTEX_POINT('',#9324);
#9324 = CARTESIAN_POINT('',(-64.,-48.,100.));
#9325 = LINE('',#9326,#9327);
#9326 = CARTESIAN_POINT('',(-64.,-48.,96.8));
#9327 = VECTOR('',#9328,1.);
#9328 = DIRECTION('',(0.,0.,1.));
#9329 = ORIENTED_EDGE('',*,*,#8166,.T.);
#9330 = ORIENTED_EDGE('',*,*,#9331,.T.);
#9331 = EDGE_CURVE('',#8169,#9332,#9334,.T.);
#9332 = VERTEX_POINT('',#9333);
#9333 = CARTESIAN_POINT('',(-64.,-22.,100.));
#9334 = LINE('',#9335,#9336);
#9335 = CARTESIAN_POINT('',(-64.,-22.,96.8));
#9336 = VECTOR('',#9337,1.);
#9337 = DIRECTION('',(0.,0.,1.));
#9338 = ORIENTED_EDGE('',*,*,#9339,.F.);
#9339 = EDGE_CURVE('',#9323,#9332,#9340,.T.);
#9340 = LINE('',#9341,#9342);
#9341 = CARTESIAN_POINT('',(-64.,-65.,100.));
#9342 = VECTOR('',#9343,1.);
#9343 = DIRECTION('',(0.,1.,0.));
#9344 = PLANE('',#9345);
#9345 = AXIS2_PLACEMENT_3D('',#9346,#9347,#9348);
#9346 = CARTESIAN_POINT('',(-64.,-48.,96.8));
#9347 = DIRECTION('',(1.,0.,0.));
#9348 = DIRECTION('',(0.,0.,1.));
#9349 = ADVANCED_FACE('',(#9350),#9369,.F.);
#9350 = FACE_BOUND('',#9351,.F.);
#9351 = EDGE_LOOP('',(#9352,#9353,#9362,#9368));
#9352 = ORIENTED_EDGE('',*,*,#9322,.T.);
#9353 = ORIENTED_EDGE('',*,*,#9354,.F.);
#9354 = EDGE_CURVE('',#9355,#9323,#9357,.T.);
#9355 = VERTEX_POINT('',#9356);
#9356 = CARTESIAN_POINT('',(-68.,-48.,100.));
#9357 = CIRCLE('',#9358,2.);
#9358 = AXIS2_PLACEMENT_3D('',#9359,#9360,#9361);
#9359 = CARTESIAN_POINT('',(-66.,-48.,100.));
#9360 = DIRECTION('',(0.,0.,1.));
#9361 = DIRECTION('',(1.,0.,0.));
#9362 = ORIENTED_EDGE('',*,*,#9363,.F.);
#9363 = EDGE_CURVE('',#8177,#9355,#9364,.T.);
#9364 = LINE('',#9365,#9366);
#9365 = CARTESIAN_POINT('',(-68.,-48.,96.8));
#9366 = VECTOR('',#9367,1.);
#9367 = DIRECTION('',(0.,0.,1.));
#9368 = ORIENTED_EDGE('',*,*,#8176,.T.);
#9369 = CYLINDRICAL_SURFACE('',#9370,2.);
#9370 = AXIS2_PLACEMENT_3D('',#9371,#9372,#9373);
#9371 = CARTESIAN_POINT('',(-66.,-48.,96.8));
#9372 = DIRECTION('',(0.,0.,1.));
#9373 = DIRECTION('',(1.,0.,0.));
#9374 = ADVANCED_FACE('',(#9375),#9394,.F.);
#9375 = FACE_BOUND('',#9376,.F.);
#9376 = EDGE_LOOP('',(#9377,#9386,#9387,#9388));
#9377 = ORIENTED_EDGE('',*,*,#9378,.F.);
#9378 = EDGE_CURVE('',#9332,#9379,#9381,.T.);
#9379 = VERTEX_POINT('',#9380);
#9380 = CARTESIAN_POINT('',(-68.,-22.,100.));
#9381 = CIRCLE('',#9382,2.);
#9382 = AXIS2_PLACEMENT_3D('',#9383,#9384,#9385);
#9383 = CARTESIAN_POINT('',(-66.,-22.,100.));
#9384 = DIRECTION('',(0.,0.,1.));
#9385 = DIRECTION('',(1.,0.,0.));
#9386 = ORIENTED_EDGE('',*,*,#9331,.F.);
#9387 = ORIENTED_EDGE('',*,*,#8193,.T.);
#9388 = ORIENTED_EDGE('',*,*,#9389,.T.);
#9389 = EDGE_CURVE('',#8186,#9379,#9390,.T.);
#9390 = LINE('',#9391,#9392);
#9391 = CARTESIAN_POINT('',(-68.,-22.,96.8));
#9392 = VECTOR('',#9393,1.);
#9393 = DIRECTION('',(0.,0.,1.));
#9394 = CYLINDRICAL_SURFACE('',#9395,2.);
#9395 = AXIS2_PLACEMENT_3D('',#9396,#9397,#9398);
#9396 = CARTESIAN_POINT('',(-66.,-22.,96.8));
#9397 = DIRECTION('',(0.,0.,1.));
#9398 = DIRECTION('',(1.,0.,0.));
#9399 = ADVANCED_FACE('',(#9400),#9411,.T.);
#9400 = FACE_BOUND('',#9401,.T.);
#9401 = EDGE_LOOP('',(#9402,#9403,#9404,#9405));
#9402 = ORIENTED_EDGE('',*,*,#9363,.F.);
#9403 = ORIENTED_EDGE('',*,*,#8185,.T.);
#9404 = ORIENTED_EDGE('',*,*,#9389,.T.);
#9405 = ORIENTED_EDGE('',*,*,#9406,.F.);
#9406 = EDGE_CURVE('',#9355,#9379,#9407,.T.);
#9407 = LINE('',#9408,#9409);
#9408 = CARTESIAN_POINT('',(-68.,-65.,100.));
#9409 = VECTOR('',#9410,1.);
#9410 = DIRECTION('',(0.,1.,0.));
#9411 = PLANE('',#9412);
#9412 = AXIS2_PLACEMENT_3D('',#9413,#9414,#9415);
#9413 = CARTESIAN_POINT('',(-68.,-48.,96.8));
#9414 = DIRECTION('',(1.,0.,0.));
#9415 = DIRECTION('',(0.,0.,1.));
#9416 = ADVANCED_FACE('',(#9417),#9442,.F.);
#9417 = FACE_BOUND('',#9418,.F.);
#9418 = EDGE_LOOP('',(#9419,#9427,#9428,#9436));
#9419 = ORIENTED_EDGE('',*,*,#9420,.F.);
#9420 = EDGE_CURVE('',#8203,#9421,#9423,.T.);
#9421 = VERTEX_POINT('',#9422);
#9422 = CARTESIAN_POINT('',(-52.,-48.,100.));
#9423 = LINE('',#9424,#9425);
#9424 = CARTESIAN_POINT('',(-52.,-48.,96.8));
#9425 = VECTOR('',#9426,1.);
#9426 = DIRECTION('',(0.,0.,1.));
#9427 = ORIENTED_EDGE('',*,*,#8202,.T.);
#9428 = ORIENTED_EDGE('',*,*,#9429,.T.);
#9429 = EDGE_CURVE('',#8205,#9430,#9432,.T.);
#9430 = VERTEX_POINT('',#9431);
#9431 = CARTESIAN_POINT('',(-52.,-22.,100.));
#9432 = LINE('',#9433,#9434);
#9433 = CARTESIAN_POINT('',(-52.,-22.,96.8));
#9434 = VECTOR('',#9435,1.);
#9435 = DIRECTION('',(0.,0.,1.));
#9436 = ORIENTED_EDGE('',*,*,#9437,.F.);
#9437 = EDGE_CURVE('',#9421,#9430,#9438,.T.);
#9438 = LINE('',#9439,#9440);
#9439 = CARTESIAN_POINT('',(-52.,-65.,100.));
#9440 = VECTOR('',#9441,1.);
#9441 = DIRECTION('',(0.,1.,0.));
#9442 = PLANE('',#9443);
#9443 = AXIS2_PLACEMENT_3D('',#9444,#9445,#9446);
#9444 = CARTESIAN_POINT('',(-52.,-48.,96.8));
#9445 = DIRECTION('',(1.,0.,0.));
#9446 = DIRECTION('',(0.,0.,1.));
#9447 = ADVANCED_FACE('',(#9448),#9467,.F.);
#9448 = FACE_BOUND('',#9449,.F.);
#9449 = EDGE_LOOP('',(#9450,#9451,#9460,#9466));
#9450 = ORIENTED_EDGE('',*,*,#9420,.T.);
#9451 = ORIENTED_EDGE('',*,*,#9452,.F.);
#9452 = EDGE_CURVE('',#9453,#9421,#9455,.T.);
#9453 = VERTEX_POINT('',#9454);
#9454 = CARTESIAN_POINT('',(-56.,-48.,100.));
#9455 = CIRCLE('',#9456,2.);
#9456 = AXIS2_PLACEMENT_3D('',#9457,#9458,#9459);
#9457 = CARTESIAN_POINT('',(-54.,-48.,100.));
#9458 = DIRECTION('',(0.,0.,1.));
#9459 = DIRECTION('',(1.,0.,0.));
#9460 = ORIENTED_EDGE('',*,*,#9461,.F.);
#9461 = EDGE_CURVE('',#8213,#9453,#9462,.T.);
#9462 = LINE('',#9463,#9464);
#9463 = CARTESIAN_POINT('',(-56.,-48.,96.8));
#9464 = VECTOR('',#9465,1.);
#9465 = DIRECTION('',(0.,0.,1.));
#9466 = ORIENTED_EDGE('',*,*,#8212,.T.);
#9467 = CYLINDRICAL_SURFACE('',#9468,2.);
#9468 = AXIS2_PLACEMENT_3D('',#9469,#9470,#9471);
#9469 = CARTESIAN_POINT('',(-54.,-48.,96.8));
#9470 = DIRECTION('',(0.,0.,1.));
#9471 = DIRECTION('',(1.,0.,0.));
#9472 = ADVANCED_FACE('',(#9473),#9492,.F.);
#9473 = FACE_BOUND('',#9474,.F.);
#9474 = EDGE_LOOP('',(#9475,#9484,#9485,#9486));
#9475 = ORIENTED_EDGE('',*,*,#9476,.F.);
#9476 = EDGE_CURVE('',#9430,#9477,#9479,.T.);
#9477 = VERTEX_POINT('',#9478);
#9478 = CARTESIAN_POINT('',(-56.,-22.,100.));
#9479 = CIRCLE('',#9480,2.);
#9480 = AXIS2_PLACEMENT_3D('',#9481,#9482,#9483);
#9481 = CARTESIAN_POINT('',(-54.,-22.,100.));
#9482 = DIRECTION('',(0.,0.,1.));
#9483 = DIRECTION('',(1.,0.,0.));
#9484 = ORIENTED_EDGE('',*,*,#9429,.F.);
#9485 = ORIENTED_EDGE('',*,*,#8229,.T.);
#9486 = ORIENTED_EDGE('',*,*,#9487,.T.);
#9487 = EDGE_CURVE('',#8222,#9477,#9488,.T.);
#9488 = LINE('',#9489,#9490);
#9489 = CARTESIAN_POINT('',(-56.,-22.,96.8));
#9490 = VECTOR('',#9491,1.);
#9491 = DIRECTION('',(0.,0.,1.));
#9492 = CYLINDRICAL_SURFACE('',#9493,2.);
#9493 = AXIS2_PLACEMENT_3D('',#9494,#9495,#9496);
#9494 = CARTESIAN_POINT('',(-54.,-22.,96.8));
#9495 = DIRECTION('',(0.,0.,1.));
#9496 = DIRECTION('',(1.,0.,0.));
#9497 = ADVANCED_FACE('',(#9498),#9509,.T.);
#9498 = FACE_BOUND('',#9499,.T.);
#9499 = EDGE_LOOP('',(#9500,#9501,#9502,#9503));
#9500 = ORIENTED_EDGE('',*,*,#9461,.F.);
#9501 = ORIENTED_EDGE('',*,*,#8221,.T.);
#9502 = ORIENTED_EDGE('',*,*,#9487,.T.);
#9503 = ORIENTED_EDGE('',*,*,#9504,.F.);
#9504 = EDGE_CURVE('',#9453,#9477,#9505,.T.);
#9505 = LINE('',#9506,#9507);
#9506 = CARTESIAN_POINT('',(-56.,-65.,100.));
#9507 = VECTOR('',#9508,1.);
#9508 = DIRECTION('',(0.,1.,0.));
#9509 = PLANE('',#9510);
#9510 = AXIS2_PLACEMENT_3D('',#9511,#9512,#9513);
#9511 = CARTESIAN_POINT('',(-56.,-48.,96.8));
#9512 = DIRECTION('',(1.,0.,0.));
#9513 = DIRECTION('',(0.,0.,1.));
#9514 = ADVANCED_FACE('',(#9515),#9540,.F.);
#9515 = FACE_BOUND('',#9516,.F.);
#9516 = EDGE_LOOP('',(#9517,#9525,#9526,#9534));
#9517 = ORIENTED_EDGE('',*,*,#9518,.F.);
#9518 = EDGE_CURVE('',#8239,#9519,#9521,.T.);
#9519 = VERTEX_POINT('',#9520);
#9520 = CARTESIAN_POINT('',(-40.,-48.,100.));
#9521 = LINE('',#9522,#9523);
#9522 = CARTESIAN_POINT('',(-40.,-48.,96.8));
#9523 = VECTOR('',#9524,1.);
#9524 = DIRECTION('',(0.,0.,1.));
#9525 = ORIENTED_EDGE('',*,*,#8238,.T.);
#9526 = ORIENTED_EDGE('',*,*,#9527,.T.);
#9527 = EDGE_CURVE('',#8241,#9528,#9530,.T.);
#9528 = VERTEX_POINT('',#9529);
#9529 = CARTESIAN_POINT('',(-40.,-22.,100.));
#9530 = LINE('',#9531,#9532);
#9531 = CARTESIAN_POINT('',(-40.,-22.,96.8));
#9532 = VECTOR('',#9533,1.);
#9533 = DIRECTION('',(0.,0.,1.));
#9534 = ORIENTED_EDGE('',*,*,#9535,.F.);
#9535 = EDGE_CURVE('',#9519,#9528,#9536,.T.);
#9536 = LINE('',#9537,#9538);
#9537 = CARTESIAN_POINT('',(-40.,-65.,100.));
#9538 = VECTOR('',#9539,1.);
#9539 = DIRECTION('',(0.,1.,0.));
#9540 = PLANE('',#9541);
#9541 = AXIS2_PLACEMENT_3D('',#9542,#9543,#9544);
#9542 = CARTESIAN_POINT('',(-40.,-48.,96.8));
#9543 = DIRECTION('',(1.,0.,0.));
#9544 = DIRECTION('',(0.,0.,1.));
#9545 = ADVANCED_FACE('',(#9546),#9565,.F.);
#9546 = FACE_BOUND('',#9547,.F.);
#9547 = EDGE_LOOP('',(#9548,#9549,#9558,#9564));
#9548 = ORIENTED_EDGE('',*,*,#9518,.T.);
#9549 = ORIENTED_EDGE('',*,*,#9550,.F.);
#9550 = EDGE_CURVE('',#9551,#9519,#9553,.T.);
#9551 = VERTEX_POINT('',#9552);
#9552 = CARTESIAN_POINT('',(-44.,-48.,100.));
#9553 = CIRCLE('',#9554,2.);
#9554 = AXIS2_PLACEMENT_3D('',#9555,#9556,#9557);
#9555 = CARTESIAN_POINT('',(-42.,-48.,100.));
#9556 = DIRECTION('',(0.,0.,1.));
#9557 = DIRECTION('',(1.,0.,0.));
#9558 = ORIENTED_EDGE('',*,*,#9559,.F.);
#9559 = EDGE_CURVE('',#8249,#9551,#9560,.T.);
#9560 = LINE('',#9561,#9562);
#9561 = CARTESIAN_POINT('',(-44.,-48.,96.8));
#9562 = VECTOR('',#9563,1.);
#9563 = DIRECTION('',(0.,0.,1.));
#9564 = ORIENTED_EDGE('',*,*,#8248,.T.);
#9565 = CYLINDRICAL_SURFACE('',#9566,2.);
#9566 = AXIS2_PLACEMENT_3D('',#9567,#9568,#9569);
#9567 = CARTESIAN_POINT('',(-42.,-48.,96.8));
#9568 = DIRECTION('',(0.,0.,1.));
#9569 = DIRECTION('',(1.,0.,0.));
#9570 = ADVANCED_FACE('',(#9571),#9590,.F.);
#9571 = FACE_BOUND('',#9572,.F.);
#9572 = EDGE_LOOP('',(#9573,#9582,#9583,#9584));
#9573 = ORIENTED_EDGE('',*,*,#9574,.F.);
#9574 = EDGE_CURVE('',#9528,#9575,#9577,.T.);
#9575 = VERTEX_POINT('',#9576);
#9576 = CARTESIAN_POINT('',(-44.,-22.,100.));
#9577 = CIRCLE('',#9578,2.);
#9578 = AXIS2_PLACEMENT_3D('',#9579,#9580,#9581);
#9579 = CARTESIAN_POINT('',(-42.,-22.,100.));
#9580 = DIRECTION('',(0.,0.,1.));
#9581 = DIRECTION('',(1.,0.,0.));
#9582 = ORIENTED_EDGE('',*,*,#9527,.F.);
#9583 = ORIENTED_EDGE('',*,*,#8265,.T.);
#9584 = ORIENTED_EDGE('',*,*,#9585,.T.);
#9585 = EDGE_CURVE('',#8258,#9575,#9586,.T.);
#9586 = LINE('',#9587,#9588);
#9587 = CARTESIAN_POINT('',(-44.,-22.,96.8));
#9588 = VECTOR('',#9589,1.);
#9589 = DIRECTION('',(0.,0.,1.));
#9590 = CYLINDRICAL_SURFACE('',#9591,2.);
#9591 = AXIS2_PLACEMENT_3D('',#9592,#9593,#9594);
#9592 = CARTESIAN_POINT('',(-42.,-22.,96.8));
#9593 = DIRECTION('',(0.,0.,1.));
#9594 = DIRECTION('',(1.,0.,0.));
#9595 = ADVANCED_FACE('',(#9596),#9607,.T.);
#9596 = FACE_BOUND('',#9597,.T.);
#9597 = EDGE_LOOP('',(#9598,#9599,#9600,#9601));
#9598 = ORIENTED_EDGE('',*,*,#9559,.F.);
#9599 = ORIENTED_EDGE('',*,*,#8257,.T.);
#9600 = ORIENTED_EDGE('',*,*,#9585,.T.);
#9601 = ORIENTED_EDGE('',*,*,#9602,.F.);
#9602 = EDGE_CURVE('',#9551,#9575,#9603,.T.);
#9603 = LINE('',#9604,#9605);
#9604 = CARTESIAN_POINT('',(-44.,-65.,100.));
#9605 = VECTOR('',#9606,1.);
#9606 = DIRECTION('',(0.,1.,0.));
#9607 = PLANE('',#9608);
#9608 = AXIS2_PLACEMENT_3D('',#9609,#9610,#9611);
#9609 = CARTESIAN_POINT('',(-44.,-48.,96.8));
#9610 = DIRECTION('',(1.,0.,0.));
#9611 = DIRECTION('',(0.,0.,1.));
#9612 = ADVANCED_FACE('',(#9613),#9638,.F.);
#9613 = FACE_BOUND('',#9614,.F.);
#9614 = EDGE_LOOP('',(#9615,#9623,#9624,#9632));
#9615 = ORIENTED_EDGE('',*,*,#9616,.F.);
#9616 = EDGE_CURVE('',#8275,#9617,#9619,.T.);
#9617 = VERTEX_POINT('',#9618);
#9618 = CARTESIAN_POINT('',(-64.,22.,100.));
#9619 = LINE('',#9620,#9621);
#9620 = CARTESIAN_POINT('',(-64.,22.,96.8));
#9621 = VECTOR('',#9622,1.);
#9622 = DIRECTION('',(0.,0.,1.));
#9623 = ORIENTED_EDGE('',*,*,#8274,.T.);
#9624 = ORIENTED_EDGE('',*,*,#9625,.T.);
#9625 = EDGE_CURVE('',#8277,#9626,#9628,.T.);
#9626 = VERTEX_POINT('',#9627);
#9627 = CARTESIAN_POINT('',(-64.,48.,100.));
#9628 = LINE('',#9629,#9630);
#9629 = CARTESIAN_POINT('',(-64.,48.,96.8));
#9630 = VECTOR('',#9631,1.);
#9631 = DIRECTION('',(0.,0.,1.));
#9632 = ORIENTED_EDGE('',*,*,#9633,.F.);
#9633 = EDGE_CURVE('',#9617,#9626,#9634,.T.);
#9634 = LINE('',#9635,#9636);
#9635 = CARTESIAN_POINT('',(-64.,-30.,100.));
#9636 = VECTOR('',#9637,1.);
#9637 = DIRECTION('',(0.,1.,0.));
#9638 = PLANE('',#9639);
#9639 = AXIS2_PLACEMENT_3D('',#9640,#9641,#9642);
#9640 = CARTESIAN_POINT('',(-64.,22.,96.8));
#9641 = DIRECTION('',(1.,0.,0.));
#9642 = DIRECTION('',(0.,0.,1.));
#9643 = ADVANCED_FACE('',(#9644),#9663,.F.);
#9644 = FACE_BOUND('',#9645,.F.);
#9645 = EDGE_LOOP('',(#9646,#9647,#9656,#9662));
#9646 = ORIENTED_EDGE('',*,*,#9616,.T.);
#9647 = ORIENTED_EDGE('',*,*,#9648,.F.);
#9648 = EDGE_CURVE('',#9649,#9617,#9651,.T.);
#9649 = VERTEX_POINT('',#9650);
#9650 = CARTESIAN_POINT('',(-68.,22.,100.));
#9651 = CIRCLE('',#9652,2.);
#9652 = AXIS2_PLACEMENT_3D('',#9653,#9654,#9655);
#9653 = CARTESIAN_POINT('',(-66.,22.,100.));
#9654 = DIRECTION('',(0.,0.,1.));
#9655 = DIRECTION('',(1.,0.,0.));
#9656 = ORIENTED_EDGE('',*,*,#9657,.F.);
#9657 = EDGE_CURVE('',#8285,#9649,#9658,.T.);
#9658 = LINE('',#9659,#9660);
#9659 = CARTESIAN_POINT('',(-68.,22.,96.8));
#9660 = VECTOR('',#9661,1.);
#9661 = DIRECTION('',(0.,0.,1.));
#9662 = ORIENTED_EDGE('',*,*,#8284,.T.);
#9663 = CYLINDRICAL_SURFACE('',#9664,2.);
#9664 = AXIS2_PLACEMENT_3D('',#9665,#9666,#9667);
#9665 = CARTESIAN_POINT('',(-66.,22.,96.8));
#9666 = DIRECTION('',(0.,0.,1.));
#9667 = DIRECTION('',(1.,0.,0.));
#9668 = ADVANCED_FACE('',(#9669),#9688,.F.);
#9669 = FACE_BOUND('',#9670,.F.);
#9670 = EDGE_LOOP('',(#9671,#9680,#9681,#9682));
#9671 = ORIENTED_EDGE('',*,*,#9672,.F.);
#9672 = EDGE_CURVE('',#9626,#9673,#9675,.T.);
#9673 = VERTEX_POINT('',#9674);
#9674 = CARTESIAN_POINT('',(-68.,48.,100.));
#9675 = CIRCLE('',#9676,2.);
#9676 = AXIS2_PLACEMENT_3D('',#9677,#9678,#9679);
#9677 = CARTESIAN_POINT('',(-66.,48.,100.));
#9678 = DIRECTION('',(0.,0.,1.));
#9679 = DIRECTION('',(1.,0.,0.));
#9680 = ORIENTED_EDGE('',*,*,#9625,.F.);
#9681 = ORIENTED_EDGE('',*,*,#8301,.T.);
#9682 = ORIENTED_EDGE('',*,*,#9683,.T.);
#9683 = EDGE_CURVE('',#8294,#9673,#9684,.T.);
#9684 = LINE('',#9685,#9686);
#9685 = CARTESIAN_POINT('',(-68.,48.,96.8));
#9686 = VECTOR('',#9687,1.);
#9687 = DIRECTION('',(0.,0.,1.));
#9688 = CYLINDRICAL_SURFACE('',#9689,2.);
#9689 = AXIS2_PLACEMENT_3D('',#9690,#9691,#9692);
#9690 = CARTESIAN_POINT('',(-66.,48.,96.8));
#9691 = DIRECTION('',(0.,0.,1.));
#9692 = DIRECTION('',(1.,0.,0.));
#9693 = ADVANCED_FACE('',(#9694),#9705,.T.);
#9694 = FACE_BOUND('',#9695,.T.);
#9695 = EDGE_LOOP('',(#9696,#9697,#9698,#9699));
#9696 = ORIENTED_EDGE('',*,*,#9657,.F.);
#9697 = ORIENTED_EDGE('',*,*,#8293,.T.);
#9698 = ORIENTED_EDGE('',*,*,#9683,.T.);
#9699 = ORIENTED_EDGE('',*,*,#9700,.F.);
#9700 = EDGE_CURVE('',#9649,#9673,#9701,.T.);
#9701 = LINE('',#9702,#9703);
#9702 = CARTESIAN_POINT('',(-68.,-30.,100.));
#9703 = VECTOR('',#9704,1.);
#9704 = DIRECTION('',(0.,1.,0.));
#9705 = PLANE('',#9706);
#9706 = AXIS2_PLACEMENT_3D('',#9707,#9708,#9709);
#9707 = CARTESIAN_POINT('',(-68.,22.,96.8));
#9708 = DIRECTION('',(1.,0.,0.));
#9709 = DIRECTION('',(0.,0.,1.));
#9710 = ADVANCED_FACE('',(#9711),#9736,.F.);
#9711 = FACE_BOUND('',#9712,.F.);
#9712 = EDGE_LOOP('',(#9713,#9721,#9722,#9730));
#9713 = ORIENTED_EDGE('',*,*,#9714,.F.);
#9714 = EDGE_CURVE('',#8311,#9715,#9717,.T.);
#9715 = VERTEX_POINT('',#9716);
#9716 = CARTESIAN_POINT('',(-52.,22.,100.));
#9717 = LINE('',#9718,#9719);
#9718 = CARTESIAN_POINT('',(-52.,22.,96.8));
#9719 = VECTOR('',#9720,1.);
#9720 = DIRECTION('',(0.,0.,1.));
#9721 = ORIENTED_EDGE('',*,*,#8310,.T.);
#9722 = ORIENTED_EDGE('',*,*,#9723,.T.);
#9723 = EDGE_CURVE('',#8313,#9724,#9726,.T.);
#9724 = VERTEX_POINT('',#9725);
#9725 = CARTESIAN_POINT('',(-52.,48.,100.));
#9726 = LINE('',#9727,#9728);
#9727 = CARTESIAN_POINT('',(-52.,48.,96.8));
#9728 = VECTOR('',#9729,1.);
#9729 = DIRECTION('',(0.,0.,1.));
#9730 = ORIENTED_EDGE('',*,*,#9731,.F.);
#9731 = EDGE_CURVE('',#9715,#9724,#9732,.T.);
#9732 = LINE('',#9733,#9734);
#9733 = CARTESIAN_POINT('',(-52.,-30.,100.));
#9734 = VECTOR('',#9735,1.);
#9735 = DIRECTION('',(0.,1.,0.));
#9736 = PLANE('',#9737);
#9737 = AXIS2_PLACEMENT_3D('',#9738,#9739,#9740);
#9738 = CARTESIAN_POINT('',(-52.,22.,96.8));
#9739 = DIRECTION('',(1.,0.,0.));
#9740 = DIRECTION('',(0.,0.,1.));
#9741 = ADVANCED_FACE('',(#9742),#9761,.F.);
#9742 = FACE_BOUND('',#9743,.F.);
#9743 = EDGE_LOOP('',(#9744,#9745,#9754,#9760));
#9744 = ORIENTED_EDGE('',*,*,#9714,.T.);
#9745 = ORIENTED_EDGE('',*,*,#9746,.F.);
#9746 = EDGE_CURVE('',#9747,#9715,#9749,.T.);
#9747 = VERTEX_POINT('',#9748);
#9748 = CARTESIAN_POINT('',(-56.,22.,100.));
#9749 = CIRCLE('',#9750,2.);
#9750 = AXIS2_PLACEMENT_3D('',#9751,#9752,#9753);
#9751 = CARTESIAN_POINT('',(-54.,22.,100.));
#9752 = DIRECTION('',(0.,0.,1.));
#9753 = DIRECTION('',(1.,0.,0.));
#9754 = ORIENTED_EDGE('',*,*,#9755,.F.);
#9755 = EDGE_CURVE('',#8321,#9747,#9756,.T.);
#9756 = LINE('',#9757,#9758);
#9757 = CARTESIAN_POINT('',(-56.,22.,96.8));
#9758 = VECTOR('',#9759,1.);
#9759 = DIRECTION('',(0.,0.,1.));
#9760 = ORIENTED_EDGE('',*,*,#8320,.T.);
#9761 = CYLINDRICAL_SURFACE('',#9762,2.);
#9762 = AXIS2_PLACEMENT_3D('',#9763,#9764,#9765);
#9763 = CARTESIAN_POINT('',(-54.,22.,96.8));
#9764 = DIRECTION('',(0.,0.,1.));
#9765 = DIRECTION('',(1.,0.,0.));
#9766 = ADVANCED_FACE('',(#9767),#9786,.F.);
#9767 = FACE_BOUND('',#9768,.F.);
#9768 = EDGE_LOOP('',(#9769,#9778,#9779,#9780));
#9769 = ORIENTED_EDGE('',*,*,#9770,.F.);
#9770 = EDGE_CURVE('',#9724,#9771,#9773,.T.);
#9771 = VERTEX_POINT('',#9772);
#9772 = CARTESIAN_POINT('',(-56.,48.,100.));
#9773 = CIRCLE('',#9774,2.);
#9774 = AXIS2_PLACEMENT_3D('',#9775,#9776,#9777);
#9775 = CARTESIAN_POINT('',(-54.,48.,100.));
#9776 = DIRECTION('',(0.,0.,1.));
#9777 = DIRECTION('',(1.,0.,0.));
#9778 = ORIENTED_EDGE('',*,*,#9723,.F.);
#9779 = ORIENTED_EDGE('',*,*,#8337,.T.);
#9780 = ORIENTED_EDGE('',*,*,#9781,.T.);
#9781 = EDGE_CURVE('',#8330,#9771,#9782,.T.);
#9782 = LINE('',#9783,#9784);
#9783 = CARTESIAN_POINT('',(-56.,48.,96.8));
#9784 = VECTOR('',#9785,1.);
#9785 = DIRECTION('',(0.,0.,1.));
#9786 = CYLINDRICAL_SURFACE('',#9787,2.);
#9787 = AXIS2_PLACEMENT_3D('',#9788,#9789,#9790);
#9788 = CARTESIAN_POINT('',(-54.,48.,96.8));
#9789 = DIRECTION('',(0.,0.,1.));
#9790 = DIRECTION('',(1.,0.,0.));
#9791 = ADVANCED_FACE('',(#9792),#9803,.T.);
#9792 = FACE_BOUND('',#9793,.T.);
#9793 = EDGE_LOOP('',(#9794,#9795,#9796,#9797));
#9794 = ORIENTED_EDGE('',*,*,#9755,.F.);
#9795 = ORIENTED_EDGE('',*,*,#8329,.T.);
#9796 = ORIENTED_EDGE('',*,*,#9781,.T.);
#9797 = ORIENTED_EDGE('',*,*,#9798,.F.);
#9798 = EDGE_CURVE('',#9747,#9771,#9799,.T.);
#9799 = LINE('',#9800,#9801);
#9800 = CARTESIAN_POINT('',(-56.,-30.,100.));
#9801 = VECTOR('',#9802,1.);
#9802 = DIRECTION('',(0.,1.,0.));
#9803 = PLANE('',#9804);
#9804 = AXIS2_PLACEMENT_3D('',#9805,#9806,#9807);
#9805 = CARTESIAN_POINT('',(-56.,22.,96.8));
#9806 = DIRECTION('',(1.,0.,0.));
#9807 = DIRECTION('',(0.,0.,1.));
#9808 = ADVANCED_FACE('',(#9809),#9834,.F.);
#9809 = FACE_BOUND('',#9810,.F.);
#9810 = EDGE_LOOP('',(#9811,#9819,#9820,#9828));
#9811 = ORIENTED_EDGE('',*,*,#9812,.F.);
#9812 = EDGE_CURVE('',#8347,#9813,#9815,.T.);
#9813 = VERTEX_POINT('',#9814);
#9814 = CARTESIAN_POINT('',(-40.,22.,100.));
#9815 = LINE('',#9816,#9817);
#9816 = CARTESIAN_POINT('',(-40.,22.,96.8));
#9817 = VECTOR('',#9818,1.);
#9818 = DIRECTION('',(0.,0.,1.));
#9819 = ORIENTED_EDGE('',*,*,#8346,.T.);
#9820 = ORIENTED_EDGE('',*,*,#9821,.T.);
#9821 = EDGE_CURVE('',#8349,#9822,#9824,.T.);
#9822 = VERTEX_POINT('',#9823);
#9823 = CARTESIAN_POINT('',(-40.,48.,100.));
#9824 = LINE('',#9825,#9826);
#9825 = CARTESIAN_POINT('',(-40.,48.,96.8));
#9826 = VECTOR('',#9827,1.);
#9827 = DIRECTION('',(0.,0.,1.));
#9828 = ORIENTED_EDGE('',*,*,#9829,.F.);
#9829 = EDGE_CURVE('',#9813,#9822,#9830,.T.);
#9830 = LINE('',#9831,#9832);
#9831 = CARTESIAN_POINT('',(-40.,-30.,100.));
#9832 = VECTOR('',#9833,1.);
#9833 = DIRECTION('',(0.,1.,0.));
#9834 = PLANE('',#9835);
#9835 = AXIS2_PLACEMENT_3D('',#9836,#9837,#9838);
#9836 = CARTESIAN_POINT('',(-40.,22.,96.8));
#9837 = DIRECTION('',(1.,0.,0.));
#9838 = DIRECTION('',(0.,0.,1.));
#9839 = ADVANCED_FACE('',(#9840),#9859,.F.);
#9840 = FACE_BOUND('',#9841,.F.);
#9841 = EDGE_LOOP('',(#9842,#9851,#9852,#9853));
#9842 = ORIENTED_EDGE('',*,*,#9843,.F.);
#9843 = EDGE_CURVE('',#9822,#9844,#9846,.T.);
#9844 = VERTEX_POINT('',#9845);
#9845 = CARTESIAN_POINT('',(-44.,48.,100.));
#9846 = CIRCLE('',#9847,2.);
#9847 = AXIS2_PLACEMENT_3D('',#9848,#9849,#9850);
#9848 = CARTESIAN_POINT('',(-42.,48.,100.));
#9849 = DIRECTION('',(0.,0.,1.));
#9850 = DIRECTION('',(1.,0.,0.));
#9851 = ORIENTED_EDGE('',*,*,#9821,.F.);
#9852 = ORIENTED_EDGE('',*,*,#8373,.T.);
#9853 = ORIENTED_EDGE('',*,*,#9854,.T.);
#9854 = EDGE_CURVE('',#8366,#9844,#9855,.T.);
#9855 = LINE('',#9856,#9857);
#9856 = CARTESIAN_POINT('',(-44.,48.,96.8));
#9857 = VECTOR('',#9858,1.);
#9858 = DIRECTION('',(0.,0.,1.));
#9859 = CYLINDRICAL_SURFACE('',#9860,2.);
#9860 = AXIS2_PLACEMENT_3D('',#9861,#9862,#9863);
#9861 = CARTESIAN_POINT('',(-42.,48.,96.8));
#9862 = DIRECTION('',(0.,0.,1.));
#9863 = DIRECTION('',(1.,0.,0.));
#9864 = ADVANCED_FACE('',(#9865),#9883,.T.);
#9865 = FACE_BOUND('',#9866,.T.);
#9866 = EDGE_LOOP('',(#9867,#9875,#9876,#9877));
#9867 = ORIENTED_EDGE('',*,*,#9868,.F.);
#9868 = EDGE_CURVE('',#8357,#9869,#9871,.T.);
#9869 = VERTEX_POINT('',#9870);
#9870 = CARTESIAN_POINT('',(-44.,22.,100.));
#9871 = LINE('',#9872,#9873);
#9872 = CARTESIAN_POINT('',(-44.,22.,96.8));
#9873 = VECTOR('',#9874,1.);
#9874 = DIRECTION('',(0.,0.,1.));
#9875 = ORIENTED_EDGE('',*,*,#8365,.T.);
#9876 = ORIENTED_EDGE('',*,*,#9854,.T.);
#9877 = ORIENTED_EDGE('',*,*,#9878,.F.);
#9878 = EDGE_CURVE('',#9869,#9844,#9879,.T.);
#9879 = LINE('',#9880,#9881);
#9880 = CARTESIAN_POINT('',(-44.,-30.,100.));
#9881 = VECTOR('',#9882,1.);
#9882 = DIRECTION('',(0.,1.,0.));
#9883 = PLANE('',#9884);
#9884 = AXIS2_PLACEMENT_3D('',#9885,#9886,#9887);
#9885 = CARTESIAN_POINT('',(-44.,22.,96.8));
#9886 = DIRECTION('',(1.,0.,0.));
#9887 = DIRECTION('',(0.,0.,1.));
#9888 = ADVANCED_FACE('',(#9889),#9901,.F.);
#9889 = FACE_BOUND('',#9890,.F.);
#9890 = EDGE_LOOP('',(#9891,#9892,#9899,#9900));
#9891 = ORIENTED_EDGE('',*,*,#9812,.T.);
#9892 = ORIENTED_EDGE('',*,*,#9893,.F.);
#9893 = EDGE_CURVE('',#9869,#9813,#9894,.T.);
#9894 = CIRCLE('',#9895,2.);
#9895 = AXIS2_PLACEMENT_3D('',#9896,#9897,#9898);
#9896 = CARTESIAN_POINT('',(-42.,22.,100.));
#9897 = DIRECTION('',(0.,0.,1.));
#9898 = DIRECTION('',(1.,0.,0.));
#9899 = ORIENTED_EDGE('',*,*,#9868,.F.);
#9900 = ORIENTED_EDGE('',*,*,#8356,.T.);
#9901 = CYLINDRICAL_SURFACE('',#9902,2.);
#9902 = AXIS2_PLACEMENT_3D('',#9903,#9904,#9905);
#9903 = CARTESIAN_POINT('',(-42.,22.,96.8));
#9904 = DIRECTION('',(0.,0.,1.));
#9905 = DIRECTION('',(1.,0.,0.));
#9906 = ADVANCED_FACE('',(#9907),#9960,.T.);
#9907 = FACE_BOUND('',#9908,.T.);
#9908 = EDGE_LOOP('',(#9909,#9917,#9918,#9919,#9928,#9936,#9945,#9953));
#9909 = ORIENTED_EDGE('',*,*,#9910,.T.);
#9910 = EDGE_CURVE('',#9911,#8456,#9913,.T.);
#9911 = VERTEX_POINT('',#9912);
#9912 = CARTESIAN_POINT('',(-45.,-75.,27.));
#9913 = LINE('',#9914,#9915);
#9914 = CARTESIAN_POINT('',(-45.,-75.,27.));
#9915 = VECTOR('',#9916,1.);
#9916 = DIRECTION('',(0.,-1.,0.));
#9917 = ORIENTED_EDGE('',*,*,#8455,.F.);
#9918 = ORIENTED_EDGE('',*,*,#9910,.F.);
#9919 = ORIENTED_EDGE('',*,*,#9920,.T.);
#9920 = EDGE_CURVE('',#9911,#9921,#9923,.T.);
#9921 = VERTEX_POINT('',#9922);
#9922 = CARTESIAN_POINT('',(-39.5,-75.,29.190524980689));
#9923 = CIRCLE('',#9924,8.);
#9924 = AXIS2_PLACEMENT_3D('',#9925,#9926,#9927);
#9925 = CARTESIAN_POINT('',(-45.,-75.,35.));
#9926 = DIRECTION('',(0.,-1.,0.));
#9927 = DIRECTION('',(0.,0.,-1.));
#9928 = ORIENTED_EDGE('',*,*,#9929,.T.);
#9929 = EDGE_CURVE('',#9921,#9930,#9932,.T.);
#9930 = VERTEX_POINT('',#9931);
#9931 = CARTESIAN_POINT('',(-39.5,-78.5,29.190524980689));
#9932 = LINE('',#9933,#9934);
#9933 = CARTESIAN_POINT('',(-39.5,-75.,29.190524980689));
#9934 = VECTOR('',#9935,1.);
#9935 = DIRECTION('',(0.,-1.,0.));
#9936 = ORIENTED_EDGE('',*,*,#9937,.T.);
#9937 = EDGE_CURVE('',#9930,#9938,#9940,.T.);
#9938 = VERTEX_POINT('',#9939);
#9939 = CARTESIAN_POINT('',(-38.38562172233,-78.5,39.5));
#9940 = CIRCLE('',#9941,8.);
#9941 = AXIS2_PLACEMENT_3D('',#9942,#9943,#9944);
#9942 = CARTESIAN_POINT('',(-45.,-78.5,35.));
#9943 = DIRECTION('',(0.,-1.,0.));
#9944 = DIRECTION('',(0.,0.,-1.));
#9945 = ORIENTED_EDGE('',*,*,#9946,.F.);
#9946 = EDGE_CURVE('',#9947,#9938,#9949,.T.);
#9947 = VERTEX_POINT('',#9948);
#9948 = CARTESIAN_POINT('',(-38.38562172233,-75.,39.5));
#9949 = LINE('',#9950,#9951);
#9950 = CARTESIAN_POINT('',(-38.38562172233,-75.,39.5));
#9951 = VECTOR('',#9952,1.);
#9952 = DIRECTION('',(0.,-1.,0.));
#9953 = ORIENTED_EDGE('',*,*,#9954,.T.);
#9954 = EDGE_CURVE('',#9947,#9911,#9955,.T.);
#9955 = CIRCLE('',#9956,8.);
#9956 = AXIS2_PLACEMENT_3D('',#9957,#9958,#9959);
#9957 = CARTESIAN_POINT('',(-45.,-75.,35.));
#9958 = DIRECTION('',(0.,-1.,0.));
#9959 = DIRECTION('',(0.,0.,-1.));
#9960 = CYLINDRICAL_SURFACE('',#9961,8.);
#9961 = AXIS2_PLACEMENT_3D('',#9962,#9963,#9964);
#9962 = CARTESIAN_POINT('',(-45.,-75.,35.));
#9963 = DIRECTION('',(0.,-1.,0.));
#9964 = DIRECTION('',(0.,0.,-1.));
#9965 = ADVANCED_FACE('',(#9966,#9993),#9996,.F.);
#9966 = FACE_BOUND('',#9967,.F.);
#9967 = EDGE_LOOP('',(#9968,#9969,#9970,#9978,#9987));
#9968 = ORIENTED_EDGE('',*,*,#8516,.T.);
#9969 = ORIENTED_EDGE('',*,*,#8482,.T.);
#9970 = ORIENTED_EDGE('',*,*,#9971,.F.);
#9971 = EDGE_CURVE('',#9972,#8483,#9974,.T.);
#9972 = VERTEX_POINT('',#9973);
#9973 = CARTESIAN_POINT('',(-38.5,75.,39.5));
#9974 = LINE('',#9975,#9976);
#9975 = CARTESIAN_POINT('',(-41.75,75.,39.5));
#9976 = VECTOR('',#9977,1.);
#9977 = DIRECTION('',(1.,0.,0.));
#9978 = ORIENTED_EDGE('',*,*,#9979,.T.);
#9979 = EDGE_CURVE('',#9972,#9980,#9982,.T.);
#9980 = VERTEX_POINT('',#9981);
#9981 = CARTESIAN_POINT('',(-39.5,75.,38.5));
#9982 = CIRCLE('',#9983,1.);
#9983 = AXIS2_PLACEMENT_3D('',#9984,#9985,#9986);
#9984 = CARTESIAN_POINT('',(-38.5,75.,38.5));
#9985 = DIRECTION('',(0.,-1.,1.110223024625E-16));
#9986 = DIRECTION('',(1.,0.,0.));
#9987 = ORIENTED_EDGE('',*,*,#9988,.T.);
#9988 = EDGE_CURVE('',#9980,#8509,#9989,.T.);
#9989 = LINE('',#9990,#9991);
#9990 = CARTESIAN_POINT('',(-39.5,75.,-1.75));
#9991 = VECTOR('',#9992,1.);
#9992 = DIRECTION('',(0.,0.,-1.));
#9993 = FACE_BOUND('',#9994,.F.);
#9994 = EDGE_LOOP('',(#9995));
#9995 = ORIENTED_EDGE('',*,*,#8599,.F.);
#9996 = PLANE('',#9997);
#9997 = AXIS2_PLACEMENT_3D('',#9998,#9999,#10000);
#9998 = CARTESIAN_POINT('',(-45.,75.,35.));
#9999 = DIRECTION('',(0.,1.,0.));
#10000 = DIRECTION('',(0.,0.,1.));
#10001 = ADVANCED_FACE('',(#10002),#10020,.T.);
#10002 = FACE_BOUND('',#10003,.T.);
#10003 = EDGE_LOOP('',(#10004,#10005,#10013,#10019));
#10004 = ORIENTED_EDGE('',*,*,#8508,.T.);
#10005 = ORIENTED_EDGE('',*,*,#10006,.T.);
#10006 = EDGE_CURVE('',#8500,#10007,#10009,.T.);
#10007 = VERTEX_POINT('',#10008);
#10008 = CARTESIAN_POINT('',(-39.5,78.5,38.5));
#10009 = LINE('',#10010,#10011);
#10010 = CARTESIAN_POINT('',(-39.5,78.5,-38.5));
#10011 = VECTOR('',#10012,1.);
#10012 = DIRECTION('',(0.,1.110223024625E-16,1.));
#10013 = ORIENTED_EDGE('',*,*,#10014,.T.);
#10014 = EDGE_CURVE('',#10007,#9980,#10015,.T.);
#10015 = LINE('',#10016,#10017);
#10016 = CARTESIAN_POINT('',(-39.5,78.5,38.5));
#10017 = VECTOR('',#10018,1.);
#10018 = DIRECTION('',(0.,-1.,1.110223024625E-16));
#10019 = ORIENTED_EDGE('',*,*,#9988,.T.);
#10020 = PLANE('',#10021);
#10021 = AXIS2_PLACEMENT_3D('',#10022,#10023,#10024);
#10022 = CARTESIAN_POINT('',(-39.5,78.5,-38.5));
#10023 = DIRECTION('',(1.,0.,0.));
#10024 = DIRECTION('',(0.,-1.,1.110223024625E-16));
#10025 = ADVANCED_FACE('',(#10026),#10045,.F.);
#10026 = FACE_BOUND('',#10027,.F.);
#10027 = EDGE_LOOP('',(#10028,#10029,#10030,#10039));
#10028 = ORIENTED_EDGE('',*,*,#8499,.T.);
#10029 = ORIENTED_EDGE('',*,*,#10006,.T.);
#10030 = ORIENTED_EDGE('',*,*,#10031,.F.);
#10031 = EDGE_CURVE('',#10032,#10007,#10034,.T.);
#10032 = VERTEX_POINT('',#10033);
#10033 = CARTESIAN_POINT('',(-38.5,78.5,39.5));
#10034 = CIRCLE('',#10035,1.);
#10035 = AXIS2_PLACEMENT_3D('',#10036,#10037,#10038);
#10036 = CARTESIAN_POINT('',(-38.5,78.5,38.5));
#10037 = DIRECTION('',(0.,-1.,1.110223024625E-16));
#10038 = DIRECTION('',(1.,0.,0.));
#10039 = ORIENTED_EDGE('',*,*,#10040,.T.);
#10040 = EDGE_CURVE('',#10032,#8492,#10041,.T.);
#10041 = LINE('',#10042,#10043);
#10042 = CARTESIAN_POINT('',(-38.5,78.5,39.5));
#10043 = VECTOR('',#10044,1.);
#10044 = DIRECTION('',(1.,0.,0.));
#10045 = PLANE('',#10046);
#10046 = AXIS2_PLACEMENT_3D('',#10047,#10048,#10049);
#10047 = CARTESIAN_POINT('',(-2.17089662638E-15,78.5,0.));
#10048 = DIRECTION('',(-0.,1.,-1.110223024625E-16));
#10049 = DIRECTION('',(-1.,0.,0.));
#10050 = ADVANCED_FACE('',(#10051),#10062,.F.);
#10051 = FACE_BOUND('',#10052,.F.);
#10052 = EDGE_LOOP('',(#10053,#10054,#10060,#10061));
#10053 = ORIENTED_EDGE('',*,*,#10040,.F.);
#10054 = ORIENTED_EDGE('',*,*,#10055,.T.);
#10055 = EDGE_CURVE('',#10032,#9972,#10056,.T.);
#10056 = LINE('',#10057,#10058);
#10057 = CARTESIAN_POINT('',(-38.5,78.5,39.5));
#10058 = VECTOR('',#10059,1.);
#10059 = DIRECTION('',(0.,-1.,1.110223024625E-16));
#10060 = ORIENTED_EDGE('',*,*,#9971,.T.);
#10061 = ORIENTED_EDGE('',*,*,#8491,.T.);
#10062 = PLANE('',#10063);
#10063 = AXIS2_PLACEMENT_3D('',#10064,#10065,#10066);
#10064 = CARTESIAN_POINT('',(-38.5,78.5,39.5));
#10065 = DIRECTION('',(0.,1.110223024625E-16,1.));
#10066 = DIRECTION('',(0.,-1.,1.110223024625E-16));
#10067 = ADVANCED_FACE('',(#10068),#10087,.F.);
#10068 = FACE_BOUND('',#10069,.F.);
#10069 = EDGE_LOOP('',(#10070,#10071,#10079,#10086));
#10070 = ORIENTED_EDGE('',*,*,#8717,.F.);
#10071 = ORIENTED_EDGE('',*,*,#10072,.F.);
#10072 = EDGE_CURVE('',#10073,#8718,#10075,.T.);
#10073 = VERTEX_POINT('',#10074);
#10074 = CARTESIAN_POINT('',(-45.,-75.,33.3));
#10075 = LINE('',#10076,#10077);
#10076 = CARTESIAN_POINT('',(-45.,-74.9,33.3));
#10077 = VECTOR('',#10078,1.);
#10078 = DIRECTION('',(0.,-1.,0.));
#10079 = ORIENTED_EDGE('',*,*,#10080,.T.);
#10080 = EDGE_CURVE('',#10073,#10073,#10081,.T.);
#10081 = CIRCLE('',#10082,1.7);
#10082 = AXIS2_PLACEMENT_3D('',#10083,#10084,#10085);
#10083 = CARTESIAN_POINT('',(-45.,-75.,35.));
#10084 = DIRECTION('',(0.,-1.,0.));
#10085 = DIRECTION('',(0.,0.,-1.));
#10086 = ORIENTED_EDGE('',*,*,#10072,.T.);
#10087 = CYLINDRICAL_SURFACE('',#10088,1.7);
#10088 = AXIS2_PLACEMENT_3D('',#10089,#10090,#10091);
#10089 = CARTESIAN_POINT('',(-45.,-74.9,35.));
#10090 = DIRECTION('',(0.,-1.,0.));
#10091 = DIRECTION('',(0.,0.,-1.));
#10092 = ADVANCED_FACE('',(#10093),#10119,.T.);
#10093 = FACE_BOUND('',#10094,.T.);
#10094 = EDGE_LOOP('',(#10095,#10096,#10104,#10113));
#10095 = ORIENTED_EDGE('',*,*,#8796,.F.);
#10096 = ORIENTED_EDGE('',*,*,#10097,.F.);
#10097 = EDGE_CURVE('',#10098,#8797,#10100,.T.);
#10098 = VERTEX_POINT('',#10099);
#10099 = CARTESIAN_POINT('',(-29.,-51.,100.));
#10100 = LINE('',#10101,#10102);
#10101 = CARTESIAN_POINT('',(-29.,-51.,100.25));
#10102 = VECTOR('',#10103,1.);
#10103 = DIRECTION('',(2.22044604925E-16,0.,-1.));
#10104 = ORIENTED_EDGE('',*,*,#10105,.T.);
#10105 = EDGE_CURVE('',#10098,#10106,#10108,.T.);
#10106 = VERTEX_POINT('',#10107);
#10107 = CARTESIAN_POINT('',(-32.,-54.,100.));
#10108 = CIRCLE('',#10109,3.);
#10109 = AXIS2_PLACEMENT_3D('',#10110,#10111,#10112);
#10110 = CARTESIAN_POINT('',(-32.,-51.,100.));
#10111 = DIRECTION('',(2.22044604925E-16,0.,-1.));
#10112 = DIRECTION('',(-1.,0.,-2.22044604925E-16));
#10113 = ORIENTED_EDGE('',*,*,#10114,.T.);
#10114 = EDGE_CURVE('',#10106,#8799,#10115,.T.);
#10115 = LINE('',#10116,#10117);
#10116 = CARTESIAN_POINT('',(-32.,-54.,100.25));
#10117 = VECTOR('',#10118,1.);
#10118 = DIRECTION('',(2.22044604925E-16,0.,-1.));
#10119 = CYLINDRICAL_SURFACE('',#10120,3.);
#10120 = AXIS2_PLACEMENT_3D('',#10121,#10122,#10123);
#10121 = CARTESIAN_POINT('',(-32.,-51.,100.25));
#10122 = DIRECTION('',(2.22044604925E-16,0.,-1.));
#10123 = DIRECTION('',(-1.,0.,-2.22044604925E-16));
#10124 = ADVANCED_FACE('',(#10125),#10143,.F.);
#10125 = FACE_BOUND('',#10126,.F.);
#10126 = EDGE_LOOP('',(#10127,#10135,#10136,#10137));
#10127 = ORIENTED_EDGE('',*,*,#10128,.F.);
#10128 = EDGE_CURVE('',#10106,#10129,#10131,.T.);
#10129 = VERTEX_POINT('',#10130);
#10130 = CARTESIAN_POINT('',(-72.,-54.,100.));
#10131 = LINE('',#10132,#10133);
#10132 = CARTESIAN_POINT('',(-63.,-54.,100.));
#10133 = VECTOR('',#10134,1.);
#10134 = DIRECTION('',(-1.,0.,0.));
#10135 = ORIENTED_EDGE('',*,*,#10114,.T.);
#10136 = ORIENTED_EDGE('',*,*,#8858,.F.);
#10137 = ORIENTED_EDGE('',*,*,#10138,.F.);
#10138 = EDGE_CURVE('',#10129,#8850,#10139,.T.);
#10139 = LINE('',#10140,#10141);
#10140 = CARTESIAN_POINT('',(-72.,-54.,100.25));
#10141 = VECTOR('',#10142,1.);
#10142 = DIRECTION('',(2.22044604925E-16,0.,-1.));
#10143 = PLANE('',#10144);
#10144 = AXIS2_PLACEMENT_3D('',#10145,#10146,#10147);
#10145 = CARTESIAN_POINT('',(-32.,-54.,100.25));
#10146 = DIRECTION('',(0.,1.,0.));
#10147 = DIRECTION('',(2.22044604925E-16,0.,-1.));
#10148 = ADVANCED_FACE('',(#10149),#10168,.T.);
#10149 = FACE_BOUND('',#10150,.T.);
#10150 = EDGE_LOOP('',(#10151,#10152,#10161,#10167));
#10151 = ORIENTED_EDGE('',*,*,#10138,.F.);
#10152 = ORIENTED_EDGE('',*,*,#10153,.T.);
#10153 = EDGE_CURVE('',#10129,#10154,#10156,.T.);
#10154 = VERTEX_POINT('',#10155);
#10155 = CARTESIAN_POINT('',(-75.,-51.,100.));
#10156 = CIRCLE('',#10157,3.);
#10157 = AXIS2_PLACEMENT_3D('',#10158,#10159,#10160);
#10158 = CARTESIAN_POINT('',(-72.,-51.,100.));
#10159 = DIRECTION('',(2.22044604925E-16,0.,-1.));
#10160 = DIRECTION('',(-1.,0.,-2.22044604925E-16));
#10161 = ORIENTED_EDGE('',*,*,#10162,.T.);
#10162 = EDGE_CURVE('',#10154,#8842,#10163,.T.);
#10163 = LINE('',#10164,#10165);
#10164 = CARTESIAN_POINT('',(-75.,-51.,100.25));
#10165 = VECTOR('',#10166,1.);
#10166 = DIRECTION('',(2.22044604925E-16,0.,-1.));
#10167 = ORIENTED_EDGE('',*,*,#8849,.F.);
#10168 = CYLINDRICAL_SURFACE('',#10169,3.);
#10169 = AXIS2_PLACEMENT_3D('',#10170,#10171,#10172);
#10170 = CARTESIAN_POINT('',(-72.,-51.,100.25));
#10171 = DIRECTION('',(2.22044604925E-16,0.,-1.));
#10172 = DIRECTION('',(-1.,0.,-2.22044604925E-16));
#10173 = ADVANCED_FACE('',(#10174),#10192,.T.);
#10174 = FACE_BOUND('',#10175,.T.);
#10175 = EDGE_LOOP('',(#10176,#10177,#10185,#10191));
#10176 = ORIENTED_EDGE('',*,*,#10162,.F.);
#10177 = ORIENTED_EDGE('',*,*,#10178,.F.);
#10178 = EDGE_CURVE('',#10179,#10154,#10181,.T.);
#10179 = VERTEX_POINT('',#10180);
#10180 = CARTESIAN_POINT('',(-75.,51.,100.));
#10181 = LINE('',#10182,#10183);
#10182 = CARTESIAN_POINT('',(-75.,-66.5,100.));
#10183 = VECTOR('',#10184,1.);
#10184 = DIRECTION('',(0.,-1.,0.));
#10185 = ORIENTED_EDGE('',*,*,#10186,.T.);
#10186 = EDGE_CURVE('',#10179,#8833,#10187,.T.);
#10187 = LINE('',#10188,#10189);
#10188 = CARTESIAN_POINT('',(-75.,51.,100.25));
#10189 = VECTOR('',#10190,1.);
#10190 = DIRECTION('',(2.22044604925E-16,0.,-1.));
#10191 = ORIENTED_EDGE('',*,*,#8841,.F.);
#10192 = PLANE('',#10193);
#10193 = AXIS2_PLACEMENT_3D('',#10194,#10195,#10196);
#10194 = CARTESIAN_POINT('',(-75.,-51.,100.25));
#10195 = DIRECTION('',(-1.,0.,-2.22044604925E-16));
#10196 = DIRECTION('',(2.22044604925E-16,0.,-1.));
#10197 = ADVANCED_FACE('',(#10198),#10217,.T.);
#10198 = FACE_BOUND('',#10199,.T.);
#10199 = EDGE_LOOP('',(#10200,#10201,#10202,#10211));
#10200 = ORIENTED_EDGE('',*,*,#8832,.F.);
#10201 = ORIENTED_EDGE('',*,*,#10186,.F.);
#10202 = ORIENTED_EDGE('',*,*,#10203,.T.);
#10203 = EDGE_CURVE('',#10179,#10204,#10206,.T.);
#10204 = VERTEX_POINT('',#10205);
#10205 = CARTESIAN_POINT('',(-72.,54.,100.));
#10206 = CIRCLE('',#10207,3.);
#10207 = AXIS2_PLACEMENT_3D('',#10208,#10209,#10210);
#10208 = CARTESIAN_POINT('',(-72.,51.,100.));
#10209 = DIRECTION('',(2.22044604925E-16,0.,-1.));
#10210 = DIRECTION('',(-1.,0.,-2.22044604925E-16));
#10211 = ORIENTED_EDGE('',*,*,#10212,.T.);
#10212 = EDGE_CURVE('',#10204,#8825,#10213,.T.);
#10213 = LINE('',#10214,#10215);
#10214 = CARTESIAN_POINT('',(-72.,54.,100.25));
#10215 = VECTOR('',#10216,1.);
#10216 = DIRECTION('',(2.22044604925E-16,0.,-1.));
#10217 = CYLINDRICAL_SURFACE('',#10218,3.);
#10218 = AXIS2_PLACEMENT_3D('',#10219,#10220,#10221);
#10219 = CARTESIAN_POINT('',(-72.,51.,100.25));
#10220 = DIRECTION('',(2.22044604925E-16,0.,-1.));
#10221 = DIRECTION('',(-1.,0.,-2.22044604925E-16));
#10222 = ADVANCED_FACE('',(#10223),#10241,.T.);
#10223 = FACE_BOUND('',#10224,.T.);
#10224 = EDGE_LOOP('',(#10225,#10233,#10239,#10240));
#10225 = ORIENTED_EDGE('',*,*,#10226,.F.);
#10226 = EDGE_CURVE('',#10227,#10204,#10229,.T.);
#10227 = VERTEX_POINT('',#10228);
#10228 = CARTESIAN_POINT('',(-32.,54.,100.));
#10229 = LINE('',#10230,#10231);
#10230 = CARTESIAN_POINT('',(-63.,54.,100.));
#10231 = VECTOR('',#10232,1.);
#10232 = DIRECTION('',(-1.,0.,0.));
#10233 = ORIENTED_EDGE('',*,*,#10234,.T.);
#10234 = EDGE_CURVE('',#10227,#8816,#10235,.T.);
#10235 = LINE('',#10236,#10237);
#10236 = CARTESIAN_POINT('',(-32.,54.,100.25));
#10237 = VECTOR('',#10238,1.);
#10238 = DIRECTION('',(2.22044604925E-16,0.,-1.));
#10239 = ORIENTED_EDGE('',*,*,#8824,.F.);
#10240 = ORIENTED_EDGE('',*,*,#10212,.F.);
#10241 = PLANE('',#10242);
#10242 = AXIS2_PLACEMENT_3D('',#10243,#10244,#10245);
#10243 = CARTESIAN_POINT('',(-32.,54.,100.25));
#10244 = DIRECTION('',(0.,1.,0.));
#10245 = DIRECTION('',(2.22044604925E-16,0.,-1.));
#10246 = ADVANCED_FACE('',(#10247),#10266,.T.);
#10247 = FACE_BOUND('',#10248,.T.);
#10248 = EDGE_LOOP('',(#10249,#10250,#10251,#10260));
#10249 = ORIENTED_EDGE('',*,*,#8815,.F.);
#10250 = ORIENTED_EDGE('',*,*,#10234,.F.);
#10251 = ORIENTED_EDGE('',*,*,#10252,.T.);
#10252 = EDGE_CURVE('',#10227,#10253,#10255,.T.);
#10253 = VERTEX_POINT('',#10254);
#10254 = CARTESIAN_POINT('',(-29.,51.,100.));
#10255 = CIRCLE('',#10256,3.);
#10256 = AXIS2_PLACEMENT_3D('',#10257,#10258,#10259);
#10257 = CARTESIAN_POINT('',(-32.,51.,100.));
#10258 = DIRECTION('',(2.22044604925E-16,0.,-1.));
#10259 = DIRECTION('',(-1.,0.,-2.22044604925E-16));
#10260 = ORIENTED_EDGE('',*,*,#10261,.T.);
#10261 = EDGE_CURVE('',#10253,#8808,#10262,.T.);
#10262 = LINE('',#10263,#10264);
#10263 = CARTESIAN_POINT('',(-29.,51.,100.25));
#10264 = VECTOR('',#10265,1.);
#10265 = DIRECTION('',(2.22044604925E-16,0.,-1.));
#10266 = CYLINDRICAL_SURFACE('',#10267,3.);
#10267 = AXIS2_PLACEMENT_3D('',#10268,#10269,#10270);
#10268 = CARTESIAN_POINT('',(-32.,51.,100.25));
#10269 = DIRECTION('',(2.22044604925E-16,0.,-1.));
#10270 = DIRECTION('',(-1.,0.,-2.22044604925E-16));
#10271 = ADVANCED_FACE('',(#10272),#10283,.F.);
#10272 = FACE_BOUND('',#10273,.F.);
#10273 = EDGE_LOOP('',(#10274,#10275,#10281,#10282));
#10274 = ORIENTED_EDGE('',*,*,#10097,.F.);
#10275 = ORIENTED_EDGE('',*,*,#10276,.F.);
#10276 = EDGE_CURVE('',#10253,#10098,#10277,.T.);
#10277 = LINE('',#10278,#10279);
#10278 = CARTESIAN_POINT('',(-29.,-66.5,100.));
#10279 = VECTOR('',#10280,1.);
#10280 = DIRECTION('',(0.,-1.,0.));
#10281 = ORIENTED_EDGE('',*,*,#10261,.T.);
#10282 = ORIENTED_EDGE('',*,*,#8807,.F.);
#10283 = PLANE('',#10284);
#10284 = AXIS2_PLACEMENT_3D('',#10285,#10286,#10287);
#10285 = CARTESIAN_POINT('',(-29.,-51.,100.25));
#10286 = DIRECTION('',(-1.,0.,-2.22044604925E-16));
#10287 = DIRECTION('',(2.22044604925E-16,0.,-1.));
#10288 = ADVANCED_FACE('',(#10289,#10292),#10303,.T.);
#10289 = FACE_BOUND('',#10290,.T.);
#10290 = EDGE_LOOP('',(#10291));
#10291 = ORIENTED_EDGE('',*,*,#8950,.T.);
#10292 = FACE_BOUND('',#10293,.T.);
#10293 = EDGE_LOOP('',(#10294));
#10294 = ORIENTED_EDGE('',*,*,#10295,.F.);
#10295 = EDGE_CURVE('',#10296,#10296,#10298,.T.);
#10296 = VERTEX_POINT('',#10297);
#10297 = CARTESIAN_POINT('',(-54.3,47.,5.));
#10298 = CIRCLE('',#10299,1.7);
#10299 = AXIS2_PLACEMENT_3D('',#10300,#10301,#10302);
#10300 = CARTESIAN_POINT('',(-56.,47.,5.));
#10301 = DIRECTION('',(0.,0.,1.));
#10302 = DIRECTION('',(1.,0.,0.));
#10303 = PLANE('',#10304);
#10304 = AXIS2_PLACEMENT_3D('',#10305,#10306,#10307);
#10305 = CARTESIAN_POINT('',(-56.,47.,5.));
#10306 = DIRECTION('',(0.,0.,1.));
#10307 = DIRECTION('',(1.,0.,0.));
#10308 = ADVANCED_FACE('',(#10309,#10312),#10323,.T.);
#10309 = FACE_BOUND('',#10310,.T.);
#10310 = EDGE_LOOP('',(#10311));
#10311 = ORIENTED_EDGE('',*,*,#8984,.T.);
#10312 = FACE_BOUND('',#10313,.T.);
#10313 = EDGE_LOOP('',(#10314));
#10314 = ORIENTED_EDGE('',*,*,#10315,.F.);
#10315 = EDGE_CURVE('',#10316,#10316,#10318,.T.);
#10316 = VERTEX_POINT('',#10317);
#10317 = CARTESIAN_POINT('',(-54.3,-47.,5.));
#10318 = CIRCLE('',#10319,1.7);
#10319 = AXIS2_PLACEMENT_3D('',#10320,#10321,#10322);
#10320 = CARTESIAN_POINT('',(-56.,-47.,5.));
#10321 = DIRECTION('',(0.,0.,1.));
#10322 = DIRECTION('',(1.,0.,0.));
#10323 = PLANE('',#10324);
#10324 = AXIS2_PLACEMENT_3D('',#10325,#10326,#10327);
#10325 = CARTESIAN_POINT('',(-56.,-47.,5.));
#10326 = DIRECTION('',(0.,0.,1.));
#10327 = DIRECTION('',(1.,0.,0.));
#10328 = ADVANCED_FACE('',(#10329,#10337),#10348,.F.);
#10329 = FACE_BOUND('',#10330,.F.);
#10330 = EDGE_LOOP('',(#10331,#10332,#10333,#10334,#10335,#10336));
#10331 = ORIENTED_EDGE('',*,*,#9151,.T.);
#10332 = ORIENTED_EDGE('',*,*,#9134,.T.);
#10333 = ORIENTED_EDGE('',*,*,#9110,.T.);
#10334 = ORIENTED_EDGE('',*,*,#9086,.T.);
#10335 = ORIENTED_EDGE('',*,*,#9062,.T.);
#10336 = ORIENTED_EDGE('',*,*,#9031,.T.);
#10337 = FACE_BOUND('',#10338,.F.);
#10338 = EDGE_LOOP('',(#10339));
#10339 = ORIENTED_EDGE('',*,*,#10340,.F.);
#10340 = EDGE_CURVE('',#10341,#10341,#10343,.T.);
#10341 = VERTEX_POINT('',#10342);
#10342 = CARTESIAN_POINT('',(-54.3,-47.,0.2));
#10343 = CIRCLE('',#10344,1.7);
#10344 = AXIS2_PLACEMENT_3D('',#10345,#10346,#10347);
#10345 = CARTESIAN_POINT('',(-56.,-47.,0.2));
#10346 = DIRECTION('',(0.,0.,1.));
#10347 = DIRECTION('',(1.,0.,0.));
#10348 = PLANE('',#10349);
#10349 = AXIS2_PLACEMENT_3D('',#10350,#10351,#10352);
#10350 = CARTESIAN_POINT('',(-56.,-47.,0.2));
#10351 = DIRECTION('',(0.,0.,1.));
#10352 = DIRECTION('',(1.,0.,0.));
#10353 = ADVANCED_FACE('',(#10354,#10362),#10373,.F.);
#10354 = FACE_BOUND('',#10355,.F.);
#10355 = EDGE_LOOP('',(#10356,#10357,#10358,#10359,#10360,#10361));
#10356 = ORIENTED_EDGE('',*,*,#9295,.T.);
#10357 = ORIENTED_EDGE('',*,*,#9278,.T.);
#10358 = ORIENTED_EDGE('',*,*,#9254,.T.);
#10359 = ORIENTED_EDGE('',*,*,#9230,.T.);
#10360 = ORIENTED_EDGE('',*,*,#9206,.T.);
#10361 = ORIENTED_EDGE('',*,*,#9175,.T.);
#10362 = FACE_BOUND('',#10363,.F.);
#10363 = EDGE_LOOP('',(#10364));
#10364 = ORIENTED_EDGE('',*,*,#10365,.F.);
#10365 = EDGE_CURVE('',#10366,#10366,#10368,.T.);
#10366 = VERTEX_POINT('',#10367);
#10367 = CARTESIAN_POINT('',(-54.3,47.,0.2));
#10368 = CIRCLE('',#10369,1.7);
#10369 = AXIS2_PLACEMENT_3D('',#10370,#10371,#10372);
#10370 = CARTESIAN_POINT('',(-56.,47.,0.2));
#10371 = DIRECTION('',(0.,0.,1.));
#10372 = DIRECTION('',(1.,0.,0.));
#10373 = PLANE('',#10374);
#10374 = AXIS2_PLACEMENT_3D('',#10375,#10376,#10377);
#10375 = CARTESIAN_POINT('',(-56.,47.,0.2));
#10376 = DIRECTION('',(0.,0.,1.));
#10377 = DIRECTION('',(1.,0.,0.));
#10378 = ADVANCED_FACE('',(#10379,#10389,#10395,#10401,#10407,#10413,
    #10419),#10425,.T.);
#10379 = FACE_BOUND('',#10380,.T.);
#10380 = EDGE_LOOP('',(#10381,#10382,#10383,#10384,#10385,#10386,#10387,
    #10388));
#10381 = ORIENTED_EDGE('',*,*,#10105,.F.);
#10382 = ORIENTED_EDGE('',*,*,#10276,.F.);
#10383 = ORIENTED_EDGE('',*,*,#10252,.F.);
#10384 = ORIENTED_EDGE('',*,*,#10226,.T.);
#10385 = ORIENTED_EDGE('',*,*,#10203,.F.);
#10386 = ORIENTED_EDGE('',*,*,#10178,.T.);
#10387 = ORIENTED_EDGE('',*,*,#10153,.F.);
#10388 = ORIENTED_EDGE('',*,*,#10128,.F.);
#10389 = FACE_BOUND('',#10390,.T.);
#10390 = EDGE_LOOP('',(#10391,#10392,#10393,#10394));
#10391 = ORIENTED_EDGE('',*,*,#9339,.F.);
#10392 = ORIENTED_EDGE('',*,*,#9354,.F.);
#10393 = ORIENTED_EDGE('',*,*,#9406,.T.);
#10394 = ORIENTED_EDGE('',*,*,#9378,.F.);
#10395 = FACE_BOUND('',#10396,.T.);
#10396 = EDGE_LOOP('',(#10397,#10398,#10399,#10400));
#10397 = ORIENTED_EDGE('',*,*,#9437,.F.);
#10398 = ORIENTED_EDGE('',*,*,#9452,.F.);
#10399 = ORIENTED_EDGE('',*,*,#9504,.T.);
#10400 = ORIENTED_EDGE('',*,*,#9476,.F.);
#10401 = FACE_BOUND('',#10402,.T.);
#10402 = EDGE_LOOP('',(#10403,#10404,#10405,#10406));
#10403 = ORIENTED_EDGE('',*,*,#9535,.F.);
#10404 = ORIENTED_EDGE('',*,*,#9550,.F.);
#10405 = ORIENTED_EDGE('',*,*,#9602,.T.);
#10406 = ORIENTED_EDGE('',*,*,#9574,.F.);
#10407 = FACE_BOUND('',#10408,.T.);
#10408 = EDGE_LOOP('',(#10409,#10410,#10411,#10412));
#10409 = ORIENTED_EDGE('',*,*,#9633,.F.);
#10410 = ORIENTED_EDGE('',*,*,#9648,.F.);
#10411 = ORIENTED_EDGE('',*,*,#9700,.T.);
#10412 = ORIENTED_EDGE('',*,*,#9672,.F.);
#10413 = FACE_BOUND('',#10414,.T.);
#10414 = EDGE_LOOP('',(#10415,#10416,#10417,#10418));
#10415 = ORIENTED_EDGE('',*,*,#9731,.F.);
#10416 = ORIENTED_EDGE('',*,*,#9746,.F.);
#10417 = ORIENTED_EDGE('',*,*,#9798,.T.);
#10418 = ORIENTED_EDGE('',*,*,#9770,.F.);
#10419 = FACE_BOUND('',#10420,.T.);
#10420 = EDGE_LOOP('',(#10421,#10422,#10423,#10424));
#10421 = ORIENTED_EDGE('',*,*,#9829,.F.);
#10422 = ORIENTED_EDGE('',*,*,#9893,.F.);
#10423 = ORIENTED_EDGE('',*,*,#9878,.T.);
#10424 = ORIENTED_EDGE('',*,*,#9843,.F.);
#10425 = PLANE('',#10426);
#10426 = AXIS2_PLACEMENT_3D('',#10427,#10428,#10429);
#10427 = CARTESIAN_POINT('',(-94.,-82.,100.));
#10428 = DIRECTION('',(0.,0.,1.));
#10429 = DIRECTION('',(1.,0.,0.));
#10430 = ADVANCED_FACE('',(#10431,#10458),#10461,.F.);
#10431 = FACE_BOUND('',#10432,.F.);
#10432 = EDGE_LOOP('',(#10433,#10434,#10435,#10443,#10452));
#10433 = ORIENTED_EDGE('',*,*,#9954,.T.);
#10434 = ORIENTED_EDGE('',*,*,#9920,.T.);
#10435 = ORIENTED_EDGE('',*,*,#10436,.F.);
#10436 = EDGE_CURVE('',#10437,#9921,#10439,.T.);
#10437 = VERTEX_POINT('',#10438);
#10438 = CARTESIAN_POINT('',(-39.5,-75.,38.5));
#10439 = LINE('',#10440,#10441);
#10440 = CARTESIAN_POINT('',(-39.5,-75.,-1.75));
#10441 = VECTOR('',#10442,1.);
#10442 = DIRECTION('',(0.,0.,-1.));
#10443 = ORIENTED_EDGE('',*,*,#10444,.T.);
#10444 = EDGE_CURVE('',#10437,#10445,#10447,.T.);
#10445 = VERTEX_POINT('',#10446);
#10446 = CARTESIAN_POINT('',(-38.5,-75.,39.5));
#10447 = CIRCLE('',#10448,1.);
#10448 = AXIS2_PLACEMENT_3D('',#10449,#10450,#10451);
#10449 = CARTESIAN_POINT('',(-38.5,-75.,38.5));
#10450 = DIRECTION('',(-0.,1.,1.110223024625E-16));
#10451 = DIRECTION('',(1.,0.,0.));
#10452 = ORIENTED_EDGE('',*,*,#10453,.T.);
#10453 = EDGE_CURVE('',#10445,#9947,#10454,.T.);
#10454 = LINE('',#10455,#10456);
#10455 = CARTESIAN_POINT('',(-41.75,-75.,39.5));
#10456 = VECTOR('',#10457,1.);
#10457 = DIRECTION('',(1.,0.,0.));
#10458 = FACE_BOUND('',#10459,.F.);
#10459 = EDGE_LOOP('',(#10460));
#10460 = ORIENTED_EDGE('',*,*,#10080,.F.);
#10461 = PLANE('',#10462);
#10462 = AXIS2_PLACEMENT_3D('',#10463,#10464,#10465);
#10463 = CARTESIAN_POINT('',(-45.,-75.,35.));
#10464 = DIRECTION('',(0.,-1.,0.));
#10465 = DIRECTION('',(0.,0.,-1.));
#10466 = ADVANCED_FACE('',(#10467),#10485,.F.);
#10467 = FACE_BOUND('',#10468,.T.);
#10468 = EDGE_LOOP('',(#10469,#10477,#10483,#10484));
#10469 = ORIENTED_EDGE('',*,*,#10470,.F.);
#10470 = EDGE_CURVE('',#10471,#9938,#10473,.T.);
#10471 = VERTEX_POINT('',#10472);
#10472 = CARTESIAN_POINT('',(-38.5,-78.5,39.5));
#10473 = LINE('',#10474,#10475);
#10474 = CARTESIAN_POINT('',(-38.5,-78.5,39.5));
#10475 = VECTOR('',#10476,1.);
#10476 = DIRECTION('',(1.,0.,0.));
#10477 = ORIENTED_EDGE('',*,*,#10478,.T.);
#10478 = EDGE_CURVE('',#10471,#10445,#10479,.T.);
#10479 = LINE('',#10480,#10481);
#10480 = CARTESIAN_POINT('',(-38.5,-78.5,39.5));
#10481 = VECTOR('',#10482,1.);
#10482 = DIRECTION('',(0.,1.,1.110223024625E-16));
#10483 = ORIENTED_EDGE('',*,*,#10453,.T.);
#10484 = ORIENTED_EDGE('',*,*,#9946,.T.);
#10485 = PLANE('',#10486);
#10486 = AXIS2_PLACEMENT_3D('',#10487,#10488,#10489);
#10487 = CARTESIAN_POINT('',(-38.5,-78.5,39.5));
#10488 = DIRECTION('',(0.,-1.110223024625E-16,1.));
#10489 = DIRECTION('',(0.,-1.,-1.110223024625E-16));
#10490 = ADVANCED_FACE('',(#10491),#10510,.F.);
#10491 = FACE_BOUND('',#10492,.T.);
#10492 = EDGE_LOOP('',(#10493,#10494,#10502,#10509));
#10493 = ORIENTED_EDGE('',*,*,#9937,.F.);
#10494 = ORIENTED_EDGE('',*,*,#10495,.T.);
#10495 = EDGE_CURVE('',#9930,#10496,#10498,.T.);
#10496 = VERTEX_POINT('',#10497);
#10497 = CARTESIAN_POINT('',(-39.5,-78.5,38.5));
#10498 = LINE('',#10499,#10500);
#10499 = CARTESIAN_POINT('',(-39.5,-78.5,-38.5));
#10500 = VECTOR('',#10501,1.);
#10501 = DIRECTION('',(0.,-1.110223024625E-16,1.));
#10502 = ORIENTED_EDGE('',*,*,#10503,.F.);
#10503 = EDGE_CURVE('',#10471,#10496,#10504,.T.);
#10504 = CIRCLE('',#10505,1.);
#10505 = AXIS2_PLACEMENT_3D('',#10506,#10507,#10508);
#10506 = CARTESIAN_POINT('',(-38.5,-78.5,38.5));
#10507 = DIRECTION('',(0.,-1.,-1.110223024625E-16));
#10508 = DIRECTION('',(1.,0.,0.));
#10509 = ORIENTED_EDGE('',*,*,#10470,.T.);
#10510 = PLANE('',#10511);
#10511 = AXIS2_PLACEMENT_3D('',#10512,#10513,#10514);
#10512 = CARTESIAN_POINT('',(-2.17089662638E-15,-78.5,0.));
#10513 = DIRECTION('',(0.,-1.,-1.110223024625E-16));
#10514 = DIRECTION('',(1.,0.,0.));
#10515 = ADVANCED_FACE('',(#10516),#10527,.T.);
#10516 = FACE_BOUND('',#10517,.F.);
#10517 = EDGE_LOOP('',(#10518,#10519,#10520,#10526));
#10518 = ORIENTED_EDGE('',*,*,#9929,.T.);
#10519 = ORIENTED_EDGE('',*,*,#10495,.T.);
#10520 = ORIENTED_EDGE('',*,*,#10521,.T.);
#10521 = EDGE_CURVE('',#10496,#10437,#10522,.T.);
#10522 = LINE('',#10523,#10524);
#10523 = CARTESIAN_POINT('',(-39.5,-78.5,38.5));
#10524 = VECTOR('',#10525,1.);
#10525 = DIRECTION('',(0.,1.,1.110223024625E-16));
#10526 = ORIENTED_EDGE('',*,*,#10436,.T.);
#10527 = PLANE('',#10528);
#10528 = AXIS2_PLACEMENT_3D('',#10529,#10530,#10531);
#10529 = CARTESIAN_POINT('',(-39.5,-78.5,-38.5));
#10530 = DIRECTION('',(1.,0.,0.));
#10531 = DIRECTION('',(0.,-1.,-1.110223024625E-16));
#10532 = ADVANCED_FACE('',(#10533),#10539,.F.);
#10533 = FACE_BOUND('',#10534,.F.);
#10534 = EDGE_LOOP('',(#10535,#10536,#10537,#10538));
#10535 = ORIENTED_EDGE('',*,*,#9979,.F.);
#10536 = ORIENTED_EDGE('',*,*,#10055,.F.);
#10537 = ORIENTED_EDGE('',*,*,#10031,.T.);
#10538 = ORIENTED_EDGE('',*,*,#10014,.T.);
#10539 = CYLINDRICAL_SURFACE('',#10540,1.);
#10540 = AXIS2_PLACEMENT_3D('',#10541,#10542,#10543);
#10541 = CARTESIAN_POINT('',(-38.5,78.5,38.5));
#10542 = DIRECTION('',(0.,-1.,1.110223024625E-16));
#10543 = DIRECTION('',(1.,0.,0.));
#10544 = ADVANCED_FACE('',(#10545),#10556,.F.);
#10545 = FACE_BOUND('',#10546,.F.);
#10546 = EDGE_LOOP('',(#10547,#10548,#10554,#10555));
#10547 = ORIENTED_EDGE('',*,*,#10295,.F.);
#10548 = ORIENTED_EDGE('',*,*,#10549,.F.);
#10549 = EDGE_CURVE('',#10366,#10296,#10550,.T.);
#10550 = LINE('',#10551,#10552);
#10551 = CARTESIAN_POINT('',(-54.3,47.,-3.2));
#10552 = VECTOR('',#10553,1.);
#10553 = DIRECTION('',(0.,0.,1.));
#10554 = ORIENTED_EDGE('',*,*,#10365,.T.);
#10555 = ORIENTED_EDGE('',*,*,#10549,.T.);
#10556 = CYLINDRICAL_SURFACE('',#10557,1.7);
#10557 = AXIS2_PLACEMENT_3D('',#10558,#10559,#10560);
#10558 = CARTESIAN_POINT('',(-56.,47.,-3.2));
#10559 = DIRECTION('',(0.,0.,1.));
#10560 = DIRECTION('',(1.,0.,0.));
#10561 = ADVANCED_FACE('',(#10562),#10573,.F.);
#10562 = FACE_BOUND('',#10563,.F.);
#10563 = EDGE_LOOP('',(#10564,#10565,#10571,#10572));
#10564 = ORIENTED_EDGE('',*,*,#10315,.F.);
#10565 = ORIENTED_EDGE('',*,*,#10566,.F.);
#10566 = EDGE_CURVE('',#10341,#10316,#10567,.T.);
#10567 = LINE('',#10568,#10569);
#10568 = CARTESIAN_POINT('',(-54.3,-47.,-3.2));
#10569 = VECTOR('',#10570,1.);
#10570 = DIRECTION('',(0.,0.,1.));
#10571 = ORIENTED_EDGE('',*,*,#10340,.T.);
#10572 = ORIENTED_EDGE('',*,*,#10566,.T.);
#10573 = CYLINDRICAL_SURFACE('',#10574,1.7);
#10574 = AXIS2_PLACEMENT_3D('',#10575,#10576,#10577);
#10575 = CARTESIAN_POINT('',(-56.,-47.,-3.2));
#10576 = DIRECTION('',(0.,0.,1.));
#10577 = DIRECTION('',(1.,0.,0.));
#10578 = ADVANCED_FACE('',(#10579),#10585,.F.);
#10579 = FACE_BOUND('',#10580,.T.);
#10580 = EDGE_LOOP('',(#10581,#10582,#10583,#10584));
#10581 = ORIENTED_EDGE('',*,*,#10444,.T.);
#10582 = ORIENTED_EDGE('',*,*,#10478,.F.);
#10583 = ORIENTED_EDGE('',*,*,#10503,.T.);
#10584 = ORIENTED_EDGE('',*,*,#10521,.T.);
#10585 = CYLINDRICAL_SURFACE('',#10586,1.);
#10586 = AXIS2_PLACEMENT_3D('',#10587,#10588,#10589);
#10587 = CARTESIAN_POINT('',(-38.5,-78.5,38.5));
#10588 = DIRECTION('',(0.,1.,1.110223024625E-16));
#10589 = DIRECTION('',(1.,0.,0.));
#10590 = ( GEOMETRIC_REPRESENTATION_CONTEXT(3) 
GLOBAL_UNCERTAINTY_ASSIGNED_CONTEXT((#10594)) 
GLOBAL_UNIT_ASSIGNED_CONTEXT((#10591,#10592,#10593)) 
REPRESENTATION_CONTEXT('Context #1',
  '3D Context with UNIT and UNCERTAINTY') );
#10591 = ( LENGTH_UNIT() NAMED_UNIT(*) SI_UNIT(.MILLI.,.METRE.) );
#10592 = ( NAMED_UNIT(*) PLANE_ANGLE_UNIT() SI_UNIT($,.RADIAN.) );
#10593 = ( NAMED_UNIT(*) SI_UNIT($,.STERADIAN.) SOLID_ANGLE_UNIT() );
#10594 = UNCERTAINTY_MEASURE_WITH_UNIT(LENGTH_MEASURE(2.E-07),#10591,
  'distance_accuracy_value','confusion accuracy');
#10595 = PRODUCT_RELATED_PRODUCT_CATEGORY('part',$,(#7));
ENDSEC;
END-ISO-10303-21;
