ISO-10303-21;
HEADER;
FILE_DESCRIPTION(('FreeCAD Model'),'2;1');
FILE_NAME('Open CASCADE Shape Model','2026-09-28T10:09:19',('FreeCAD'),(
    'FreeCAD'),'Open CASCADE STEP processor 7.8','FreeCAD','Unknown');
FILE_SCHEMA(('AUTOMOTIVE_DESIGN { 1 0 10303 214 1 1 1 1 }'));
ENDSEC;
DATA;
#1 = APPLICATION_PROTOCOL_DEFINITION('international standard',
  'automotive_design',2000,#2);
#2 = APPLICATION_CONTEXT(
  'core data for automotive mechanical design processes');
#3 = SHAPE_DEFINITION_REPRESENTATION(#4,#10);
#4 = PRODUCT_DEFINITION_SHAPE('','',#5);
#5 = PRODUCT_DEFINITION('design','',#6,#9);
#6 = PRODUCT_DEFINITION_FORMATION('','',#7);
#7 = PRODUCT('Open CASCADE STEP translator 7.8 33',
  'Open CASCADE STEP translator 7.8 33','',(#8));
#8 = PRODUCT_CONTEXT('',#2,'mechanical');
#9 = PRODUCT_DEFINITION_CONTEXT('part definition',#2,'design');
#10 = ADVANCED_BREP_SHAPE_REPRESENTATION('',(#11,#15),#3521);
#11 = AXIS2_PLACEMENT_3D('',#12,#13,#14);
#12 = CARTESIAN_POINT('',(0.,0.,0.));
#13 = DIRECTION('',(0.,0.,1.));
#14 = DIRECTION('',(1.,0.,-0.));
#15 = MANIFOLD_SOLID_BREP('',#16);
#16 = CLOSED_SHELL('',(#17,#86,#668,#688,#746,#778,#818,#843,#1005,#1030
    ,#1054,#1079,#1103,#1121,#1146,#1170,#1195,#1219,#1237,#1262,#1286,
    #1311,#1335,#1353,#1378,#1418,#1443,#1483,#1501,#1526,#1566,#1591,
    #1631,#1649,#1674,#1707,#1736,#1765,#1794,#1823,#1852,#1877,#2143,
    #2171,#2491,#2511,#2529,#2549,#2561,#2581,#2601,#2615,#2629,#2643,
    #2661,#2673,#2691,#2703,#2723,#2743,#2763,#2783,#2803,#2823,#2843,
    #2855,#2880,#2905,#2927,#2944,#2961,#2978,#2995,#3007,#3029,#3046,
    #3063,#3080,#3097,#3109,#3131,#3148,#3165,#3182,#3199,#3211,#3236,
    #3261,#3286,#3303,#3320,#3337,#3354,#3371,#3388,#3405,#3422,#3439,
    #3464,#3484,#3504));
#17 = ADVANCED_FACE('',(#18),#81,.F.);
#18 = FACE_BOUND('',#19,.F.);
#19 = EDGE_LOOP('',(#20,#31,#39,#46,#47,#56,#65,#74));
#20 = ORIENTED_EDGE('',*,*,#21,.F.);
#21 = EDGE_CURVE('',#22,#24,#26,.T.);
#22 = VERTEX_POINT('',#23);
#23 = CARTESIAN_POINT('',(21.650635094611,136.1,-10.1));
#24 = VERTEX_POINT('',#25);
#25 = CARTESIAN_POINT('',(22.749485770914,136.1,-10.36633479871));
#26 = CIRCLE('',#27,2.4);
#27 = AXIS2_PLACEMENT_3D('',#28,#29,#30);
#28 = CARTESIAN_POINT('',(21.650635094611,136.1,-12.5));
#29 = DIRECTION('',(0.,1.,0.));
#30 = DIRECTION('',(0.,-0.,1.));
#31 = ORIENTED_EDGE('',*,*,#32,.F.);
#32 = EDGE_CURVE('',#33,#22,#35,.T.);
#33 = VERTEX_POINT('',#34);
#34 = CARTESIAN_POINT('',(21.650635094611,134.1,-10.1));
#35 = LINE('',#36,#37);
#36 = CARTESIAN_POINT('',(21.650635094611,134.1,-10.1));
#37 = VECTOR('',#38,1.);
#38 = DIRECTION('',(0.,1.,0.));
#39 = ORIENTED_EDGE('',*,*,#40,.T.);
#40 = EDGE_CURVE('',#33,#33,#41,.T.);
#41 = CIRCLE('',#42,2.4);
#42 = AXIS2_PLACEMENT_3D('',#43,#44,#45);
#43 = CARTESIAN_POINT('',(21.650635094611,134.1,-12.5));
#44 = DIRECTION('',(0.,1.,0.));
#45 = DIRECTION('',(0.,-0.,1.));
#46 = ORIENTED_EDGE('',*,*,#32,.T.);
#47 = ORIENTED_EDGE('',*,*,#48,.F.);
#48 = EDGE_CURVE('',#49,#22,#51,.T.);
#49 = VERTEX_POINT('',#50);
#50 = CARTESIAN_POINT('',(20.352252165276,136.1,-14.51846520128));
#51 = CIRCLE('',#52,2.4);
#52 = AXIS2_PLACEMENT_3D('',#53,#54,#55);
#53 = CARTESIAN_POINT('',(21.650635094611,136.1,-12.5));
#54 = DIRECTION('',(0.,1.,0.));
#55 = DIRECTION('',(0.,-0.,1.));
#56 = ORIENTED_EDGE('',*,*,#57,.F.);
#57 = EDGE_CURVE('',#58,#49,#60,.T.);
#58 = VERTEX_POINT('',#59);
#59 = CARTESIAN_POINT('',(20.450635094611,136.1,-14.57846096908));
#60 = CIRCLE('',#61,2.4);
#61 = AXIS2_PLACEMENT_3D('',#62,#63,#64);
#62 = CARTESIAN_POINT('',(21.650635094611,136.1,-12.5));
#63 = DIRECTION('',(0.,1.,0.));
#64 = DIRECTION('',(0.,-0.,1.));
#65 = ORIENTED_EDGE('',*,*,#66,.F.);
#66 = EDGE_CURVE('',#67,#58,#69,.T.);
#67 = VERTEX_POINT('',#68);
#68 = CARTESIAN_POINT('',(22.850635094611,136.1,-10.42153903091));
#69 = CIRCLE('',#70,2.4);
#70 = AXIS2_PLACEMENT_3D('',#71,#72,#73);
#71 = CARTESIAN_POINT('',(21.650635094611,136.1,-12.5));
#72 = DIRECTION('',(0.,1.,0.));
#73 = DIRECTION('',(0.,-0.,1.));
#74 = ORIENTED_EDGE('',*,*,#75,.F.);
#75 = EDGE_CURVE('',#24,#67,#76,.T.);
#76 = CIRCLE('',#77,2.4);
#77 = AXIS2_PLACEMENT_3D('',#78,#79,#80);
#78 = CARTESIAN_POINT('',(21.650635094611,136.1,-12.5));
#79 = DIRECTION('',(0.,1.,0.));
#80 = DIRECTION('',(0.,-0.,1.));
#81 = CYLINDRICAL_SURFACE('',#82,2.4);
#82 = AXIS2_PLACEMENT_3D('',#83,#84,#85);
#83 = CARTESIAN_POINT('',(21.650635094611,134.1,-12.5));
#84 = DIRECTION('',(0.,1.,0.));
#85 = DIRECTION('',(0.,-0.,1.));
#86 = ADVANCED_FACE('',(#87,#98,#421,#468,#515,#562,#609,#656),#663,.T.
  );
#87 = FACE_BOUND('',#88,.T.);
#88 = EDGE_LOOP('',(#89));
#89 = ORIENTED_EDGE('',*,*,#90,.T.);
#90 = EDGE_CURVE('',#91,#91,#93,.T.);
#91 = VERTEX_POINT('',#92);
#92 = CARTESIAN_POINT('',(-6.98048675514E-15,136.1,28.5));
#93 = CIRCLE('',#94,28.5);
#94 = AXIS2_PLACEMENT_3D('',#95,#96,#97);
#95 = CARTESIAN_POINT('',(0.,136.1,0.));
#96 = DIRECTION('',(0.,1.,0.));
#97 = DIRECTION('',(0.,-0.,1.));
#98 = FACE_BOUND('',#99,.T.);
#99 = EDGE_LOOP('',(#100,#111,#119,#128,#137,#146,#155,#163,#172,#180,
    #189,#198,#207,#215,#224,#232,#241,#250,#259,#267,#276,#284,#293,
    #302,#311,#319,#328,#336,#345,#354,#363,#371,#380,#388,#397,#406,
    #415));
#100 = ORIENTED_EDGE('',*,*,#101,.F.);
#101 = EDGE_CURVE('',#102,#104,#106,.T.);
#102 = VERTEX_POINT('',#103);
#103 = CARTESIAN_POINT('',(2.4,136.1,24.88453334905));
#104 = VERTEX_POINT('',#105);
#105 = CARTESIAN_POINT('',(20.350638041598,136.1,14.520727643608));
#106 = CIRCLE('',#107,25.);
#107 = AXIS2_PLACEMENT_3D('',#108,#109,#110);
#108 = CARTESIAN_POINT('',(0.,136.1,0.));
#109 = DIRECTION('',(0.,1.,0.));
#110 = DIRECTION('',(0.,-0.,1.));
#111 = ORIENTED_EDGE('',*,*,#112,.F.);
#112 = EDGE_CURVE('',#113,#102,#115,.T.);
#113 = VERTEX_POINT('',#114);
#114 = CARTESIAN_POINT('',(2.4,136.1,21.3));
#115 = LINE('',#116,#117);
#116 = CARTESIAN_POINT('',(2.4,136.1,21.3));
#117 = VECTOR('',#118,1.);
#118 = DIRECTION('',(1.110223024625E-16,0.,1.));
#119 = ORIENTED_EDGE('',*,*,#120,.T.);
#120 = EDGE_CURVE('',#113,#121,#123,.T.);
#121 = VERTEX_POINT('',#122);
#122 = CARTESIAN_POINT('',(2.074515757861,136.1,20.093192488263));
#123 = CIRCLE('',#124,2.4);
#124 = AXIS2_PLACEMENT_3D('',#125,#126,#127);
#125 = CARTESIAN_POINT('',(2.364775042452E-15,136.1,21.3));
#126 = DIRECTION('',(0.,1.,-0.));
#127 = DIRECTION('',(-1.,0.,1.110223024625E-16));
#128 = ORIENTED_EDGE('',*,*,#129,.F.);
#129 = EDGE_CURVE('',#130,#121,#132,.T.);
#130 = VERTEX_POINT('',#131);
#131 = CARTESIAN_POINT('',(-4.947573068555E-15,136.1,20.2));
#132 = CIRCLE('',#133,20.2);
#133 = AXIS2_PLACEMENT_3D('',#134,#135,#136);
#134 = CARTESIAN_POINT('',(0.,136.1,0.));
#135 = DIRECTION('',(0.,1.,0.));
#136 = DIRECTION('',(0.,-0.,1.));
#137 = ORIENTED_EDGE('',*,*,#138,.F.);
#138 = EDGE_CURVE('',#139,#130,#141,.T.);
#139 = VERTEX_POINT('',#140);
#140 = CARTESIAN_POINT('',(-2.074515757861,136.1,20.093192488263));
#141 = CIRCLE('',#142,20.2);
#142 = AXIS2_PLACEMENT_3D('',#143,#144,#145);
#143 = CARTESIAN_POINT('',(0.,136.1,0.));
#144 = DIRECTION('',(0.,1.,0.));
#145 = DIRECTION('',(0.,-0.,1.));
#146 = ORIENTED_EDGE('',*,*,#147,.T.);
#147 = EDGE_CURVE('',#139,#148,#150,.T.);
#148 = VERTEX_POINT('',#149);
#149 = CARTESIAN_POINT('',(-2.4,136.1,21.3));
#150 = CIRCLE('',#151,2.4);
#151 = AXIS2_PLACEMENT_3D('',#152,#153,#154);
#152 = CARTESIAN_POINT('',(2.364775042452E-15,136.1,21.3));
#153 = DIRECTION('',(0.,1.,-0.));
#154 = DIRECTION('',(-1.,0.,1.110223024625E-16));
#155 = ORIENTED_EDGE('',*,*,#156,.T.);
#156 = EDGE_CURVE('',#148,#157,#159,.T.);
#157 = VERTEX_POINT('',#158);
#158 = CARTESIAN_POINT('',(-2.4,136.1,24.88453334905));
#159 = LINE('',#160,#161);
#160 = CARTESIAN_POINT('',(-2.4,136.1,21.3));
#161 = VECTOR('',#162,1.);
#162 = DIRECTION('',(1.110223024625E-16,0.,1.));
#163 = ORIENTED_EDGE('',*,*,#164,.F.);
#164 = EDGE_CURVE('',#165,#157,#167,.T.);
#165 = VERTEX_POINT('',#166);
#166 = CARTESIAN_POINT('',(-20.35063804159,136.1,14.520727643608));
#167 = CIRCLE('',#168,25.);
#168 = AXIS2_PLACEMENT_3D('',#169,#170,#171);
#169 = CARTESIAN_POINT('',(0.,136.1,0.));
#170 = DIRECTION('',(0.,1.,0.));
#171 = DIRECTION('',(0.,-0.,1.));
#172 = ORIENTED_EDGE('',*,*,#173,.F.);
#173 = EDGE_CURVE('',#174,#165,#176,.T.);
#174 = VERTEX_POINT('',#175);
#175 = CARTESIAN_POINT('',(-17.2463411006,136.1,12.728460969083));
#176 = LINE('',#177,#178);
#177 = CARTESIAN_POINT('',(-17.2463411006,136.1,12.728460969083));
#178 = VECTOR('',#179,1.);
#179 = DIRECTION('',(-0.866025403784,0.,0.5));
#180 = ORIENTED_EDGE('',*,*,#181,.T.);
#181 = EDGE_CURVE('',#174,#182,#184,.T.);
#182 = VERTEX_POINT('',#183);
#183 = CARTESIAN_POINT('',(-16.36395725903,136.1,11.84317959099));
#184 = CIRCLE('',#185,2.4);
#185 = AXIS2_PLACEMENT_3D('',#186,#187,#188);
#186 = CARTESIAN_POINT('',(-18.4463411006,136.1,10.65));
#187 = DIRECTION('',(0.,1.,0.));
#188 = DIRECTION('',(-0.5,0.,-0.866025403784));
#189 = ORIENTED_EDGE('',*,*,#190,.F.);
#190 = EDGE_CURVE('',#191,#182,#193,.T.);
#191 = VERTEX_POINT('',#192);
#192 = CARTESIAN_POINT('',(-18.43847301689,136.1,8.250012897272));
#193 = CIRCLE('',#194,20.2);
#194 = AXIS2_PLACEMENT_3D('',#195,#196,#197);
#195 = CARTESIAN_POINT('',(0.,136.1,0.));
#196 = DIRECTION('',(0.,1.,0.));
#197 = DIRECTION('',(0.,-0.,1.));
#198 = ORIENTED_EDGE('',*,*,#199,.T.);
#199 = EDGE_CURVE('',#191,#200,#202,.T.);
#200 = VERTEX_POINT('',#201);
#201 = CARTESIAN_POINT('',(-19.6463411006,136.1,8.571539030917));
#202 = CIRCLE('',#203,2.4);
#203 = AXIS2_PLACEMENT_3D('',#204,#205,#206);
#204 = CARTESIAN_POINT('',(-18.4463411006,136.1,10.65));
#205 = DIRECTION('',(0.,1.,0.));
#206 = DIRECTION('',(-0.5,0.,-0.866025403784));
#207 = ORIENTED_EDGE('',*,*,#208,.T.);
#208 = EDGE_CURVE('',#200,#209,#211,.T.);
#209 = VERTEX_POINT('',#210);
#210 = CARTESIAN_POINT('',(-22.75063804159,136.1,10.363805705442));
#211 = LINE('',#212,#213);
#212 = CARTESIAN_POINT('',(-19.6463411006,136.1,8.571539030917));
#213 = VECTOR('',#214,1.);
#214 = DIRECTION('',(-0.866025403784,0.,0.5));
#215 = ORIENTED_EDGE('',*,*,#216,.F.);
#216 = EDGE_CURVE('',#217,#209,#219,.T.);
#217 = VERTEX_POINT('',#218);
#218 = CARTESIAN_POINT('',(-22.75063804159,136.1,-10.36380570544));
#219 = CIRCLE('',#220,25.);
#220 = AXIS2_PLACEMENT_3D('',#221,#222,#223);
#221 = CARTESIAN_POINT('',(0.,136.1,0.));
#222 = DIRECTION('',(0.,1.,0.));
#223 = DIRECTION('',(0.,-0.,1.));
#224 = ORIENTED_EDGE('',*,*,#225,.F.);
#225 = EDGE_CURVE('',#226,#217,#228,.T.);
#226 = VERTEX_POINT('',#227);
#227 = CARTESIAN_POINT('',(-19.6463411006,136.1,-8.571539030917));
#228 = LINE('',#229,#230);
#229 = CARTESIAN_POINT('',(-19.6463411006,136.1,-8.571539030917));
#230 = VECTOR('',#231,1.);
#231 = DIRECTION('',(-0.866025403784,0.,-0.5));
#232 = ORIENTED_EDGE('',*,*,#233,.T.);
#233 = EDGE_CURVE('',#226,#234,#236,.T.);
#234 = VERTEX_POINT('',#235);
#235 = CARTESIAN_POINT('',(-18.43847301689,136.1,-8.250012897272));
#236 = CIRCLE('',#237,2.4);
#237 = AXIS2_PLACEMENT_3D('',#238,#239,#240);
#238 = CARTESIAN_POINT('',(-18.4463411006,136.1,-10.65));
#239 = DIRECTION('',(0.,1.,0.));
#240 = DIRECTION('',(0.5,0.,-0.866025403784));
#241 = ORIENTED_EDGE('',*,*,#242,.F.);
#242 = EDGE_CURVE('',#243,#234,#245,.T.);
#243 = VERTEX_POINT('',#244);
#244 = CARTESIAN_POINT('',(-16.36395725903,136.1,-11.84317959099));
#245 = CIRCLE('',#246,20.2);
#246 = AXIS2_PLACEMENT_3D('',#247,#248,#249);
#247 = CARTESIAN_POINT('',(0.,136.1,0.));
#248 = DIRECTION('',(0.,1.,0.));
#249 = DIRECTION('',(0.,-0.,1.));
#250 = ORIENTED_EDGE('',*,*,#251,.T.);
#251 = EDGE_CURVE('',#243,#252,#254,.T.);
#252 = VERTEX_POINT('',#253);
#253 = CARTESIAN_POINT('',(-17.2463411006,136.1,-12.72846096908));
#254 = CIRCLE('',#255,2.4);
#255 = AXIS2_PLACEMENT_3D('',#256,#257,#258);
#256 = CARTESIAN_POINT('',(-18.4463411006,136.1,-10.65));
#257 = DIRECTION('',(0.,1.,0.));
#258 = DIRECTION('',(0.5,0.,-0.866025403784));
#259 = ORIENTED_EDGE('',*,*,#260,.T.);
#260 = EDGE_CURVE('',#252,#261,#263,.T.);
#261 = VERTEX_POINT('',#262);
#262 = CARTESIAN_POINT('',(-20.35063804159,136.1,-14.5207276436));
#263 = LINE('',#264,#265);
#264 = CARTESIAN_POINT('',(-17.2463411006,136.1,-12.72846096908));
#265 = VECTOR('',#266,1.);
#266 = DIRECTION('',(-0.866025403784,0.,-0.5));
#267 = ORIENTED_EDGE('',*,*,#268,.F.);
#268 = EDGE_CURVE('',#269,#261,#271,.T.);
#269 = VERTEX_POINT('',#270);
#270 = CARTESIAN_POINT('',(-2.4,136.1,-24.88453334905));
#271 = CIRCLE('',#272,25.);
#272 = AXIS2_PLACEMENT_3D('',#273,#274,#275);
#273 = CARTESIAN_POINT('',(0.,136.1,0.));
#274 = DIRECTION('',(0.,1.,0.));
#275 = DIRECTION('',(0.,-0.,1.));
#276 = ORIENTED_EDGE('',*,*,#277,.F.);
#277 = EDGE_CURVE('',#278,#269,#280,.T.);
#278 = VERTEX_POINT('',#279);
#279 = CARTESIAN_POINT('',(-2.4,136.1,-21.3));
#280 = LINE('',#281,#282);
#281 = CARTESIAN_POINT('',(-2.4,136.1,-21.3));
#282 = VECTOR('',#283,1.);
#283 = DIRECTION('',(-2.22044604925E-16,0.,-1.));
#284 = ORIENTED_EDGE('',*,*,#285,.T.);
#285 = EDGE_CURVE('',#278,#286,#288,.T.);
#286 = VERTEX_POINT('',#287);
#287 = CARTESIAN_POINT('',(-2.074515757861,136.1,-20.09319248826));
#288 = CIRCLE('',#289,2.4);
#289 = AXIS2_PLACEMENT_3D('',#290,#291,#292);
#290 = CARTESIAN_POINT('',(-4.729550084903E-15,136.1,-21.3));
#291 = DIRECTION('',(0.,1.,0.));
#292 = DIRECTION('',(1.,0.,-2.22044604925E-16));
#293 = ORIENTED_EDGE('',*,*,#294,.F.);
#294 = EDGE_CURVE('',#295,#286,#297,.T.);
#295 = VERTEX_POINT('',#296);
#296 = CARTESIAN_POINT('',(2.074515757861,136.1,-20.09319248826));
#297 = CIRCLE('',#298,20.2);
#298 = AXIS2_PLACEMENT_3D('',#299,#300,#301);
#299 = CARTESIAN_POINT('',(0.,136.1,0.));
#300 = DIRECTION('',(0.,1.,0.));
#301 = DIRECTION('',(0.,-0.,1.));
#302 = ORIENTED_EDGE('',*,*,#303,.T.);
#303 = EDGE_CURVE('',#295,#304,#306,.T.);
#304 = VERTEX_POINT('',#305);
#305 = CARTESIAN_POINT('',(2.4,136.1,-21.3));
#306 = CIRCLE('',#307,2.4);
#307 = AXIS2_PLACEMENT_3D('',#308,#309,#310);
#308 = CARTESIAN_POINT('',(-4.729550084903E-15,136.1,-21.3));
#309 = DIRECTION('',(0.,1.,0.));
#310 = DIRECTION('',(1.,0.,-2.22044604925E-16));
#311 = ORIENTED_EDGE('',*,*,#312,.T.);
#312 = EDGE_CURVE('',#304,#313,#315,.T.);
#313 = VERTEX_POINT('',#314);
#314 = CARTESIAN_POINT('',(2.4,136.1,-24.88453334905));
#315 = LINE('',#316,#317);
#316 = CARTESIAN_POINT('',(2.4,136.1,-21.3));
#317 = VECTOR('',#318,1.);
#318 = DIRECTION('',(-2.22044604925E-16,0.,-1.));
#319 = ORIENTED_EDGE('',*,*,#320,.F.);
#320 = EDGE_CURVE('',#321,#313,#323,.T.);
#321 = VERTEX_POINT('',#322);
#322 = CARTESIAN_POINT('',(20.350638041598,136.1,-14.5207276436));
#323 = CIRCLE('',#324,25.);
#324 = AXIS2_PLACEMENT_3D('',#325,#326,#327);
#325 = CARTESIAN_POINT('',(0.,136.1,0.));
#326 = DIRECTION('',(0.,1.,0.));
#327 = DIRECTION('',(0.,-0.,1.));
#328 = ORIENTED_EDGE('',*,*,#329,.F.);
#329 = EDGE_CURVE('',#330,#321,#332,.T.);
#330 = VERTEX_POINT('',#331);
#331 = CARTESIAN_POINT('',(17.246341100609,136.1,-12.72846096908));
#332 = LINE('',#333,#334);
#333 = CARTESIAN_POINT('',(17.246341100609,136.1,-12.72846096908));
#334 = VECTOR('',#335,1.);
#335 = DIRECTION('',(0.866025403784,0.,-0.5));
#336 = ORIENTED_EDGE('',*,*,#337,.T.);
#337 = EDGE_CURVE('',#330,#338,#340,.T.);
#338 = VERTEX_POINT('',#339);
#339 = CARTESIAN_POINT('',(16.363957259036,136.1,-11.84317959099));
#340 = CIRCLE('',#341,2.4);
#341 = AXIS2_PLACEMENT_3D('',#342,#343,#344);
#342 = CARTESIAN_POINT('',(18.446341100609,136.1,-10.65));
#343 = DIRECTION('',(-0.,1.,0.));
#344 = DIRECTION('',(0.5,0.,0.866025403784));
#345 = ORIENTED_EDGE('',*,*,#346,.F.);
#346 = EDGE_CURVE('',#347,#338,#349,.T.);
#347 = VERTEX_POINT('',#348);
#348 = CARTESIAN_POINT('',(18.438473016897,136.1,-8.250012897272));
#349 = CIRCLE('',#350,20.2);
#350 = AXIS2_PLACEMENT_3D('',#351,#352,#353);
#351 = CARTESIAN_POINT('',(0.,136.1,0.));
#352 = DIRECTION('',(0.,1.,0.));
#353 = DIRECTION('',(0.,-0.,1.));
#354 = ORIENTED_EDGE('',*,*,#355,.T.);
#355 = EDGE_CURVE('',#347,#356,#358,.T.);
#356 = VERTEX_POINT('',#357);
#357 = CARTESIAN_POINT('',(19.646341100609,136.1,-8.571539030917));
#358 = CIRCLE('',#359,2.4);
#359 = AXIS2_PLACEMENT_3D('',#360,#361,#362);
#360 = CARTESIAN_POINT('',(18.446341100609,136.1,-10.65));
#361 = DIRECTION('',(-0.,1.,0.));
#362 = DIRECTION('',(0.5,0.,0.866025403784));
#363 = ORIENTED_EDGE('',*,*,#364,.T.);
#364 = EDGE_CURVE('',#356,#365,#367,.T.);
#365 = VERTEX_POINT('',#366);
#366 = CARTESIAN_POINT('',(22.750638041599,136.1,-10.36380570544));
#367 = LINE('',#368,#369);
#368 = CARTESIAN_POINT('',(19.646341100609,136.1,-8.571539030917));
#369 = VECTOR('',#370,1.);
#370 = DIRECTION('',(0.866025403784,0.,-0.5));
#371 = ORIENTED_EDGE('',*,*,#372,.F.);
#372 = EDGE_CURVE('',#373,#365,#375,.T.);
#373 = VERTEX_POINT('',#374);
#374 = CARTESIAN_POINT('',(22.750638041599,136.1,10.363805705442));
#375 = CIRCLE('',#376,25.);
#376 = AXIS2_PLACEMENT_3D('',#377,#378,#379);
#377 = CARTESIAN_POINT('',(0.,136.1,0.));
#378 = DIRECTION('',(0.,1.,0.));
#379 = DIRECTION('',(0.,-0.,1.));
#380 = ORIENTED_EDGE('',*,*,#381,.F.);
#381 = EDGE_CURVE('',#382,#373,#384,.T.);
#382 = VERTEX_POINT('',#383);
#383 = CARTESIAN_POINT('',(19.646341100609,136.1,8.571539030917));
#384 = LINE('',#385,#386);
#385 = CARTESIAN_POINT('',(19.646341100609,136.1,8.571539030917));
#386 = VECTOR('',#387,1.);
#387 = DIRECTION('',(0.866025403784,0.,0.5));
#388 = ORIENTED_EDGE('',*,*,#389,.T.);
#389 = EDGE_CURVE('',#382,#390,#392,.T.);
#390 = VERTEX_POINT('',#391);
#391 = CARTESIAN_POINT('',(18.438473016897,136.1,8.250012897272));
#392 = CIRCLE('',#393,2.4);
#393 = AXIS2_PLACEMENT_3D('',#394,#395,#396);
#394 = CARTESIAN_POINT('',(18.446341100609,136.1,10.65));
#395 = DIRECTION('',(0.,1.,-0.));
#396 = DIRECTION('',(-0.5,0.,0.866025403784));
#397 = ORIENTED_EDGE('',*,*,#398,.F.);
#398 = EDGE_CURVE('',#399,#390,#401,.T.);
#399 = VERTEX_POINT('',#400);
#400 = CARTESIAN_POINT('',(16.363957259036,136.1,11.84317959099));
#401 = CIRCLE('',#402,20.2);
#402 = AXIS2_PLACEMENT_3D('',#403,#404,#405);
#403 = CARTESIAN_POINT('',(0.,136.1,0.));
#404 = DIRECTION('',(0.,1.,0.));
#405 = DIRECTION('',(0.,-0.,1.));
#406 = ORIENTED_EDGE('',*,*,#407,.T.);
#407 = EDGE_CURVE('',#399,#408,#410,.T.);
#408 = VERTEX_POINT('',#409);
#409 = CARTESIAN_POINT('',(17.246341100609,136.1,12.728460969083));
#410 = CIRCLE('',#411,2.4);
#411 = AXIS2_PLACEMENT_3D('',#412,#413,#414);
#412 = CARTESIAN_POINT('',(18.446341100609,136.1,10.65));
#413 = DIRECTION('',(0.,1.,-0.));
#414 = DIRECTION('',(-0.5,0.,0.866025403784));
#415 = ORIENTED_EDGE('',*,*,#416,.T.);
#416 = EDGE_CURVE('',#408,#104,#417,.T.);
#417 = LINE('',#418,#419);
#418 = CARTESIAN_POINT('',(17.246341100609,136.1,12.728460969083));
#419 = VECTOR('',#420,1.);
#420 = DIRECTION('',(0.866025403784,0.,0.5));
#421 = FACE_BOUND('',#422,.T.);
#422 = EDGE_LOOP('',(#423,#434,#443,#452,#461));
#423 = ORIENTED_EDGE('',*,*,#424,.F.);
#424 = EDGE_CURVE('',#425,#427,#429,.T.);
#425 = VERTEX_POINT('',#426);
#426 = CARTESIAN_POINT('',(-20.45063509461,136.1,-14.57846096908));
#427 = VERTEX_POINT('',#428);
#428 = CARTESIAN_POINT('',(-22.85063509461,136.1,-10.42153903091));
#429 = CIRCLE('',#430,2.4);
#430 = AXIS2_PLACEMENT_3D('',#431,#432,#433);
#431 = CARTESIAN_POINT('',(-21.65063509461,136.1,-12.5));
#432 = DIRECTION('',(0.,1.,0.));
#433 = DIRECTION('',(0.,-0.,1.));
#434 = ORIENTED_EDGE('',*,*,#435,.F.);
#435 = EDGE_CURVE('',#436,#425,#438,.T.);
#436 = VERTEX_POINT('',#437);
#437 = CARTESIAN_POINT('',(-20.35225216527,136.1,-14.51846520128));
#438 = CIRCLE('',#439,2.4);
#439 = AXIS2_PLACEMENT_3D('',#440,#441,#442);
#440 = CARTESIAN_POINT('',(-21.65063509461,136.1,-12.5));
#441 = DIRECTION('',(0.,1.,0.));
#442 = DIRECTION('',(0.,-0.,1.));
#443 = ORIENTED_EDGE('',*,*,#444,.F.);
#444 = EDGE_CURVE('',#445,#436,#447,.T.);
#445 = VERTEX_POINT('',#446);
#446 = CARTESIAN_POINT('',(-21.65063509461,136.1,-10.1));
#447 = CIRCLE('',#448,2.4);
#448 = AXIS2_PLACEMENT_3D('',#449,#450,#451);
#449 = CARTESIAN_POINT('',(-21.65063509461,136.1,-12.5));
#450 = DIRECTION('',(0.,1.,0.));
#451 = DIRECTION('',(0.,-0.,1.));
#452 = ORIENTED_EDGE('',*,*,#453,.F.);
#453 = EDGE_CURVE('',#454,#445,#456,.T.);
#454 = VERTEX_POINT('',#455);
#455 = CARTESIAN_POINT('',(-22.74948577091,136.1,-10.36633479871));
#456 = CIRCLE('',#457,2.4);
#457 = AXIS2_PLACEMENT_3D('',#458,#459,#460);
#458 = CARTESIAN_POINT('',(-21.65063509461,136.1,-12.5));
#459 = DIRECTION('',(0.,1.,0.));
#460 = DIRECTION('',(0.,-0.,1.));
#461 = ORIENTED_EDGE('',*,*,#462,.F.);
#462 = EDGE_CURVE('',#427,#454,#463,.T.);
#463 = CIRCLE('',#464,2.4);
#464 = AXIS2_PLACEMENT_3D('',#465,#466,#467);
#465 = CARTESIAN_POINT('',(-21.65063509461,136.1,-12.5));
#466 = DIRECTION('',(0.,1.,0.));
#467 = DIRECTION('',(0.,-0.,1.));
#468 = FACE_BOUND('',#469,.T.);
#469 = EDGE_LOOP('',(#470,#481,#490,#499,#508));
#470 = ORIENTED_EDGE('',*,*,#471,.F.);
#471 = EDGE_CURVE('',#472,#474,#476,.T.);
#472 = VERTEX_POINT('',#473);
#473 = CARTESIAN_POINT('',(20.450635094611,136.1,14.578460969083));
#474 = VERTEX_POINT('',#475);
#475 = CARTESIAN_POINT('',(21.650635094611,136.1,14.9));
#476 = CIRCLE('',#477,2.4);
#477 = AXIS2_PLACEMENT_3D('',#478,#479,#480);
#478 = CARTESIAN_POINT('',(21.650635094611,136.1,12.5));
#479 = DIRECTION('',(0.,1.,0.));
#480 = DIRECTION('',(0.,-0.,1.));
#481 = ORIENTED_EDGE('',*,*,#482,.F.);
#482 = EDGE_CURVE('',#483,#472,#485,.T.);
#483 = VERTEX_POINT('',#484);
#484 = CARTESIAN_POINT('',(20.352252165276,136.1,14.518465201288));
#485 = CIRCLE('',#486,2.4);
#486 = AXIS2_PLACEMENT_3D('',#487,#488,#489);
#487 = CARTESIAN_POINT('',(21.650635094611,136.1,12.5));
#488 = DIRECTION('',(0.,1.,0.));
#489 = DIRECTION('',(0.,-0.,1.));
#490 = ORIENTED_EDGE('',*,*,#491,.F.);
#491 = EDGE_CURVE('',#492,#483,#494,.T.);
#492 = VERTEX_POINT('',#493);
#493 = CARTESIAN_POINT('',(22.749485770914,136.1,10.366334798712));
#494 = CIRCLE('',#495,2.4);
#495 = AXIS2_PLACEMENT_3D('',#496,#497,#498);
#496 = CARTESIAN_POINT('',(21.650635094611,136.1,12.5));
#497 = DIRECTION('',(0.,1.,0.));
#498 = DIRECTION('',(0.,-0.,1.));
#499 = ORIENTED_EDGE('',*,*,#500,.F.);
#500 = EDGE_CURVE('',#501,#492,#503,.T.);
#501 = VERTEX_POINT('',#502);
#502 = CARTESIAN_POINT('',(22.850635094611,136.1,10.421539030917));
#503 = CIRCLE('',#504,2.4);
#504 = AXIS2_PLACEMENT_3D('',#505,#506,#507);
#505 = CARTESIAN_POINT('',(21.650635094611,136.1,12.5));
#506 = DIRECTION('',(0.,1.,0.));
#507 = DIRECTION('',(0.,-0.,1.));
#508 = ORIENTED_EDGE('',*,*,#509,.F.);
#509 = EDGE_CURVE('',#474,#501,#510,.T.);
#510 = CIRCLE('',#511,2.4);
#511 = AXIS2_PLACEMENT_3D('',#512,#513,#514);
#512 = CARTESIAN_POINT('',(21.650635094611,136.1,12.5));
#513 = DIRECTION('',(0.,1.,0.));
#514 = DIRECTION('',(0.,-0.,1.));
#515 = FACE_BOUND('',#516,.T.);
#516 = EDGE_LOOP('',(#517,#528,#537,#546,#555));
#517 = ORIENTED_EDGE('',*,*,#518,.F.);
#518 = EDGE_CURVE('',#519,#521,#523,.T.);
#519 = VERTEX_POINT('',#520);
#520 = CARTESIAN_POINT('',(-2.4,136.1,25.));
#521 = VERTEX_POINT('',#522);
#522 = CARTESIAN_POINT('',(9.429780353435E-16,136.1,27.4));
#523 = CIRCLE('',#524,2.4);
#524 = AXIS2_PLACEMENT_3D('',#525,#526,#527);
#525 = CARTESIAN_POINT('',(1.530808498934E-15,136.1,25.));
#526 = DIRECTION('',(0.,1.,0.));
#527 = DIRECTION('',(0.,-0.,1.));
#528 = ORIENTED_EDGE('',*,*,#529,.F.);
#529 = EDGE_CURVE('',#530,#519,#532,.T.);
#530 = VERTEX_POINT('',#531);
#531 = CARTESIAN_POINT('',(-2.397233605638,136.1,24.8848));
#532 = CIRCLE('',#533,2.4);
#533 = AXIS2_PLACEMENT_3D('',#534,#535,#536);
#534 = CARTESIAN_POINT('',(1.530808498934E-15,136.1,25.));
#535 = DIRECTION('',(0.,1.,0.));
#536 = DIRECTION('',(0.,-0.,1.));
#537 = ORIENTED_EDGE('',*,*,#538,.F.);
#538 = EDGE_CURVE('',#539,#530,#541,.T.);
#539 = VERTEX_POINT('',#540);
#540 = CARTESIAN_POINT('',(2.397233605638,136.1,24.8848));
#541 = CIRCLE('',#542,2.4);
#542 = AXIS2_PLACEMENT_3D('',#543,#544,#545);
#543 = CARTESIAN_POINT('',(1.530808498934E-15,136.1,25.));
#544 = DIRECTION('',(0.,1.,0.));
#545 = DIRECTION('',(0.,-0.,1.));
#546 = ORIENTED_EDGE('',*,*,#547,.F.);
#547 = EDGE_CURVE('',#548,#539,#550,.T.);
#548 = VERTEX_POINT('',#549);
#549 = CARTESIAN_POINT('',(2.4,136.1,25.));
#550 = CIRCLE('',#551,2.4);
#551 = AXIS2_PLACEMENT_3D('',#552,#553,#554);
#552 = CARTESIAN_POINT('',(1.530808498934E-15,136.1,25.));
#553 = DIRECTION('',(0.,1.,0.));
#554 = DIRECTION('',(0.,-0.,1.));
#555 = ORIENTED_EDGE('',*,*,#556,.F.);
#556 = EDGE_CURVE('',#521,#548,#557,.T.);
#557 = CIRCLE('',#558,2.4);
#558 = AXIS2_PLACEMENT_3D('',#559,#560,#561);
#559 = CARTESIAN_POINT('',(1.530808498934E-15,136.1,25.));
#560 = DIRECTION('',(0.,1.,0.));
#561 = DIRECTION('',(0.,-0.,1.));
#562 = FACE_BOUND('',#563,.T.);
#563 = EDGE_LOOP('',(#564,#575,#584,#593,#602));
#564 = ORIENTED_EDGE('',*,*,#565,.F.);
#565 = EDGE_CURVE('',#566,#568,#570,.T.);
#566 = VERTEX_POINT('',#567);
#567 = CARTESIAN_POINT('',(-22.85063509461,136.1,10.421539030917));
#568 = VERTEX_POINT('',#569);
#569 = CARTESIAN_POINT('',(-21.65063509461,136.1,14.9));
#570 = CIRCLE('',#571,2.4);
#571 = AXIS2_PLACEMENT_3D('',#572,#573,#574);
#572 = CARTESIAN_POINT('',(-21.65063509461,136.1,12.5));
#573 = DIRECTION('',(0.,1.,0.));
#574 = DIRECTION('',(0.,-0.,1.));
#575 = ORIENTED_EDGE('',*,*,#576,.F.);
#576 = EDGE_CURVE('',#577,#566,#579,.T.);
#577 = VERTEX_POINT('',#578);
#578 = CARTESIAN_POINT('',(-22.74948577091,136.1,10.366334798712));
#579 = CIRCLE('',#580,2.4);
#580 = AXIS2_PLACEMENT_3D('',#581,#582,#583);
#581 = CARTESIAN_POINT('',(-21.65063509461,136.1,12.5));
#582 = DIRECTION('',(0.,1.,0.));
#583 = DIRECTION('',(0.,-0.,1.));
#584 = ORIENTED_EDGE('',*,*,#585,.F.);
#585 = EDGE_CURVE('',#586,#577,#588,.T.);
#586 = VERTEX_POINT('',#587);
#587 = CARTESIAN_POINT('',(-20.35225216527,136.1,14.518465201288));
#588 = CIRCLE('',#589,2.4);
#589 = AXIS2_PLACEMENT_3D('',#590,#591,#592);
#590 = CARTESIAN_POINT('',(-21.65063509461,136.1,12.5));
#591 = DIRECTION('',(0.,1.,0.));
#592 = DIRECTION('',(0.,-0.,1.));
#593 = ORIENTED_EDGE('',*,*,#594,.F.);
#594 = EDGE_CURVE('',#595,#586,#597,.T.);
#595 = VERTEX_POINT('',#596);
#596 = CARTESIAN_POINT('',(-20.45063509461,136.1,14.578460969083));
#597 = CIRCLE('',#598,2.4);
#598 = AXIS2_PLACEMENT_3D('',#599,#600,#601);
#599 = CARTESIAN_POINT('',(-21.65063509461,136.1,12.5));
#600 = DIRECTION('',(0.,1.,0.));
#601 = DIRECTION('',(0.,-0.,1.));
#602 = ORIENTED_EDGE('',*,*,#603,.F.);
#603 = EDGE_CURVE('',#568,#595,#604,.T.);
#604 = CIRCLE('',#605,2.4);
#605 = AXIS2_PLACEMENT_3D('',#606,#607,#608);
#606 = CARTESIAN_POINT('',(-21.65063509461,136.1,12.5));
#607 = DIRECTION('',(0.,1.,0.));
#608 = DIRECTION('',(0.,-0.,1.));
#609 = FACE_BOUND('',#610,.T.);
#610 = EDGE_LOOP('',(#611,#622,#631,#640,#649));
#611 = ORIENTED_EDGE('',*,*,#612,.F.);
#612 = EDGE_CURVE('',#613,#615,#617,.T.);
#613 = VERTEX_POINT('',#614);
#614 = CARTESIAN_POINT('',(2.4,136.1,-25.));
#615 = VERTEX_POINT('',#616);
#616 = CARTESIAN_POINT('',(-2.4,136.1,-25.));
#617 = CIRCLE('',#618,2.4);
#618 = AXIS2_PLACEMENT_3D('',#619,#620,#621);
#619 = CARTESIAN_POINT('',(-4.592425496803E-15,136.1,-25.));
#620 = DIRECTION('',(0.,1.,0.));
#621 = DIRECTION('',(0.,-0.,1.));
#622 = ORIENTED_EDGE('',*,*,#623,.F.);
#623 = EDGE_CURVE('',#624,#613,#626,.T.);
#624 = VERTEX_POINT('',#625);
#625 = CARTESIAN_POINT('',(2.397233605638,136.1,-24.8848));
#626 = CIRCLE('',#627,2.4);
#627 = AXIS2_PLACEMENT_3D('',#628,#629,#630);
#628 = CARTESIAN_POINT('',(-4.592425496803E-15,136.1,-25.));
#629 = DIRECTION('',(0.,1.,0.));
#630 = DIRECTION('',(0.,-0.,1.));
#631 = ORIENTED_EDGE('',*,*,#632,.F.);
#632 = EDGE_CURVE('',#633,#624,#635,.T.);
#633 = VERTEX_POINT('',#634);
#634 = CARTESIAN_POINT('',(-5.180255960393E-15,136.1,-22.6));
#635 = CIRCLE('',#636,2.4);
#636 = AXIS2_PLACEMENT_3D('',#637,#638,#639);
#637 = CARTESIAN_POINT('',(-4.592425496803E-15,136.1,-25.));
#638 = DIRECTION('',(0.,1.,0.));
#639 = DIRECTION('',(0.,-0.,1.));
#640 = ORIENTED_EDGE('',*,*,#641,.F.);
#641 = EDGE_CURVE('',#642,#633,#644,.T.);
#642 = VERTEX_POINT('',#643);
#643 = CARTESIAN_POINT('',(-2.397233605638,136.1,-24.8848));
#644 = CIRCLE('',#645,2.4);
#645 = AXIS2_PLACEMENT_3D('',#646,#647,#648);
#646 = CARTESIAN_POINT('',(-4.592425496803E-15,136.1,-25.));
#647 = DIRECTION('',(0.,1.,0.));
#648 = DIRECTION('',(0.,-0.,1.));
#649 = ORIENTED_EDGE('',*,*,#650,.F.);
#650 = EDGE_CURVE('',#615,#642,#651,.T.);
#651 = CIRCLE('',#652,2.4);
#652 = AXIS2_PLACEMENT_3D('',#653,#654,#655);
#653 = CARTESIAN_POINT('',(-4.592425496803E-15,136.1,-25.));
#654 = DIRECTION('',(0.,1.,0.));
#655 = DIRECTION('',(0.,-0.,1.));
#656 = FACE_BOUND('',#657,.T.);
#657 = EDGE_LOOP('',(#658,#659,#660,#661,#662));
#658 = ORIENTED_EDGE('',*,*,#66,.F.);
#659 = ORIENTED_EDGE('',*,*,#75,.F.);
#660 = ORIENTED_EDGE('',*,*,#21,.F.);
#661 = ORIENTED_EDGE('',*,*,#48,.F.);
#662 = ORIENTED_EDGE('',*,*,#57,.F.);
#663 = PLANE('',#664);
#664 = AXIS2_PLACEMENT_3D('',#665,#666,#667);
#665 = CARTESIAN_POINT('',(0.,136.1,0.));
#666 = DIRECTION('',(0.,1.,0.));
#667 = DIRECTION('',(0.,-0.,1.));
#668 = ADVANCED_FACE('',(#669,#672),#683,.T.);
#669 = FACE_BOUND('',#670,.T.);
#670 = EDGE_LOOP('',(#671));
#671 = ORIENTED_EDGE('',*,*,#40,.T.);
#672 = FACE_BOUND('',#673,.T.);
#673 = EDGE_LOOP('',(#674));
#674 = ORIENTED_EDGE('',*,*,#675,.F.);
#675 = EDGE_CURVE('',#676,#676,#678,.T.);
#676 = VERTEX_POINT('',#677);
#677 = CARTESIAN_POINT('',(21.650635094611,134.1,-10.8));
#678 = CIRCLE('',#679,1.7);
#679 = AXIS2_PLACEMENT_3D('',#680,#681,#682);
#680 = CARTESIAN_POINT('',(21.650635094611,134.1,-12.5));
#681 = DIRECTION('',(0.,1.,0.));
#682 = DIRECTION('',(0.,-0.,1.));
#683 = PLANE('',#684);
#684 = AXIS2_PLACEMENT_3D('',#685,#686,#687);
#685 = CARTESIAN_POINT('',(21.650635094611,134.1,-12.5));
#686 = DIRECTION('',(0.,1.,0.));
#687 = DIRECTION('',(0.,-0.,1.));
#688 = ADVANCED_FACE('',(#689),#741,.T.);
#689 = FACE_BOUND('',#690,.T.);
#690 = EDGE_LOOP('',(#691,#702,#710,#719,#724,#725,#726,#735));
#691 = ORIENTED_EDGE('',*,*,#692,.T.);
#692 = EDGE_CURVE('',#693,#695,#697,.T.);
#693 = VERTEX_POINT('',#694);
#694 = CARTESIAN_POINT('',(20.152543263817,135.1,-20.15254326381));
#695 = VERTEX_POINT('',#696);
#696 = CARTESIAN_POINT('',(-20.15254326381,135.1,-20.15254326381));
#697 = CIRCLE('',#698,28.5);
#698 = AXIS2_PLACEMENT_3D('',#699,#700,#701);
#699 = CARTESIAN_POINT('',(0.,135.1,0.));
#700 = DIRECTION('',(0.,1.,0.));
#701 = DIRECTION('',(0.,-0.,1.));
#702 = ORIENTED_EDGE('',*,*,#703,.F.);
#703 = EDGE_CURVE('',#704,#695,#706,.T.);
#704 = VERTEX_POINT('',#705);
#705 = CARTESIAN_POINT('',(-20.15254326381,132.1,-20.15254326381));
#706 = LINE('',#707,#708);
#707 = CARTESIAN_POINT('',(-20.15254326381,132.1,-20.15254326381));
#708 = VECTOR('',#709,1.);
#709 = DIRECTION('',(0.,1.,0.));
#710 = ORIENTED_EDGE('',*,*,#711,.F.);
#711 = EDGE_CURVE('',#712,#704,#714,.T.);
#712 = VERTEX_POINT('',#713);
#713 = CARTESIAN_POINT('',(-6.98048675514E-15,132.1,28.5));
#714 = CIRCLE('',#715,28.5);
#715 = AXIS2_PLACEMENT_3D('',#716,#717,#718);
#716 = CARTESIAN_POINT('',(0.,132.1,-4.440201538537E-16));
#717 = DIRECTION('',(0.,-1.,0.));
#718 = DIRECTION('',(0.707106781187,-0.,-0.707106781187));
#719 = ORIENTED_EDGE('',*,*,#720,.F.);
#720 = EDGE_CURVE('',#91,#712,#721,.T.);
#721 = B_SPLINE_CURVE_WITH_KNOTS('',1,(#722,#723),.UNSPECIFIED.,.F.,.F.,
  (2,2),(-4.,0.),.PIECEWISE_BEZIER_KNOTS.);
#722 = CARTESIAN_POINT('',(-1.513774110243E-14,136.1,28.5));
#723 = CARTESIAN_POINT('',(-1.513774110243E-14,132.1,28.5));
#724 = ORIENTED_EDGE('',*,*,#90,.F.);
#725 = ORIENTED_EDGE('',*,*,#720,.T.);
#726 = ORIENTED_EDGE('',*,*,#727,.F.);
#727 = EDGE_CURVE('',#728,#712,#730,.T.);
#728 = VERTEX_POINT('',#729);
#729 = CARTESIAN_POINT('',(20.152543263817,132.1,-20.15254326381));
#730 = CIRCLE('',#731,28.5);
#731 = AXIS2_PLACEMENT_3D('',#732,#733,#734);
#732 = CARTESIAN_POINT('',(0.,132.1,-4.440201538537E-16));
#733 = DIRECTION('',(0.,-1.,0.));
#734 = DIRECTION('',(0.707106781187,-0.,-0.707106781187));
#735 = ORIENTED_EDGE('',*,*,#736,.T.);
#736 = EDGE_CURVE('',#728,#693,#737,.T.);
#737 = LINE('',#738,#739);
#738 = CARTESIAN_POINT('',(20.152543263817,132.1,-20.15254326381));
#739 = VECTOR('',#740,1.);
#740 = DIRECTION('',(0.,1.,0.));
#741 = CYLINDRICAL_SURFACE('',#742,28.5);
#742 = AXIS2_PLACEMENT_3D('',#743,#744,#745);
#743 = CARTESIAN_POINT('',(0.,132.1,-4.440201538537E-16));
#744 = DIRECTION('',(0.,-1.,0.));
#745 = DIRECTION('',(0.707106781187,-0.,-0.707106781187));
#746 = ADVANCED_FACE('',(#747),#773,.T.);
#747 = FACE_BOUND('',#748,.T.);
#748 = EDGE_LOOP('',(#749,#757,#758,#766));
#749 = ORIENTED_EDGE('',*,*,#750,.F.);
#750 = EDGE_CURVE('',#102,#751,#753,.T.);
#751 = VERTEX_POINT('',#752);
#752 = CARTESIAN_POINT('',(2.4,138.1,24.88453334905));
#753 = LINE('',#754,#755);
#754 = CARTESIAN_POINT('',(2.4,136.,24.88453334905));
#755 = VECTOR('',#756,1.);
#756 = DIRECTION('',(0.,1.,0.));
#757 = ORIENTED_EDGE('',*,*,#101,.T.);
#758 = ORIENTED_EDGE('',*,*,#759,.T.);
#759 = EDGE_CURVE('',#104,#760,#762,.T.);
#760 = VERTEX_POINT('',#761);
#761 = CARTESIAN_POINT('',(20.350638041599,138.1,14.520727643608));
#762 = LINE('',#763,#764);
#763 = CARTESIAN_POINT('',(20.350638041599,136.,14.520727643608));
#764 = VECTOR('',#765,1.);
#765 = DIRECTION('',(0.,1.,0.));
#766 = ORIENTED_EDGE('',*,*,#767,.F.);
#767 = EDGE_CURVE('',#751,#760,#768,.T.);
#768 = CIRCLE('',#769,25.);
#769 = AXIS2_PLACEMENT_3D('',#770,#771,#772);
#770 = CARTESIAN_POINT('',(0.,138.1,0.));
#771 = DIRECTION('',(0.,1.,0.));
#772 = DIRECTION('',(0.,-0.,1.));
#773 = CYLINDRICAL_SURFACE('',#774,25.);
#774 = AXIS2_PLACEMENT_3D('',#775,#776,#777);
#775 = CARTESIAN_POINT('',(0.,136.,0.));
#776 = DIRECTION('',(0.,1.,0.));
#777 = DIRECTION('',(0.,-0.,1.));
#778 = ADVANCED_FACE('',(#779),#813,.T.);
#779 = FACE_BOUND('',#780,.T.);
#780 = EDGE_LOOP('',(#781,#789,#790,#791,#799,#807));
#781 = ORIENTED_EDGE('',*,*,#782,.F.);
#782 = EDGE_CURVE('',#113,#783,#785,.T.);
#783 = VERTEX_POINT('',#784);
#784 = CARTESIAN_POINT('',(2.4,136.2,21.3));
#785 = LINE('',#786,#787);
#786 = CARTESIAN_POINT('',(2.4,136.1,21.3));
#787 = VECTOR('',#788,1.);
#788 = DIRECTION('',(0.,1.,0.));
#789 = ORIENTED_EDGE('',*,*,#112,.T.);
#790 = ORIENTED_EDGE('',*,*,#750,.T.);
#791 = ORIENTED_EDGE('',*,*,#792,.F.);
#792 = EDGE_CURVE('',#793,#751,#795,.T.);
#793 = VERTEX_POINT('',#794);
#794 = CARTESIAN_POINT('',(2.4,138.1,22.069888989299));
#795 = LINE('',#796,#797);
#796 = CARTESIAN_POINT('',(2.4,138.1,10.65));
#797 = VECTOR('',#798,1.);
#798 = DIRECTION('',(1.110223024625E-16,-0.,1.));
#799 = ORIENTED_EDGE('',*,*,#800,.F.);
#800 = EDGE_CURVE('',#801,#793,#803,.T.);
#801 = VERTEX_POINT('',#802);
#802 = CARTESIAN_POINT('',(2.4,136.2,22.069888989299));
#803 = LINE('',#804,#805);
#804 = CARTESIAN_POINT('',(2.4,136.2,22.069888989299));
#805 = VECTOR('',#806,1.);
#806 = DIRECTION('',(0.,1.,0.));
#807 = ORIENTED_EDGE('',*,*,#808,.F.);
#808 = EDGE_CURVE('',#783,#801,#809,.T.);
#809 = LINE('',#810,#811);
#810 = CARTESIAN_POINT('',(2.4,136.2,10.65));
#811 = VECTOR('',#812,1.);
#812 = DIRECTION('',(1.110223024625E-16,-0.,1.));
#813 = PLANE('',#814);
#814 = AXIS2_PLACEMENT_3D('',#815,#816,#817);
#815 = CARTESIAN_POINT('',(2.4,136.1,21.3));
#816 = DIRECTION('',(-1.,0.,1.110223024625E-16));
#817 = DIRECTION('',(1.110223024625E-16,0.,1.));
#818 = ADVANCED_FACE('',(#819),#838,.F.);
#819 = FACE_BOUND('',#820,.F.);
#820 = EDGE_LOOP('',(#821,#830,#831,#832));
#821 = ORIENTED_EDGE('',*,*,#822,.F.);
#822 = EDGE_CURVE('',#783,#823,#825,.T.);
#823 = VERTEX_POINT('',#824);
#824 = CARTESIAN_POINT('',(2.074515757861,136.2,20.093192488263));
#825 = CIRCLE('',#826,2.4);
#826 = AXIS2_PLACEMENT_3D('',#827,#828,#829);
#827 = CARTESIAN_POINT('',(2.364775042452E-15,136.2,21.3));
#828 = DIRECTION('',(0.,1.,0.));
#829 = DIRECTION('',(-1.,0.,1.110223024625E-16));
#830 = ORIENTED_EDGE('',*,*,#782,.F.);
#831 = ORIENTED_EDGE('',*,*,#120,.T.);
#832 = ORIENTED_EDGE('',*,*,#833,.T.);
#833 = EDGE_CURVE('',#121,#823,#834,.T.);
#834 = LINE('',#835,#836);
#835 = CARTESIAN_POINT('',(2.074515757861,131.1,20.093192488263));
#836 = VECTOR('',#837,1.);
#837 = DIRECTION('',(0.,1.,0.));
#838 = CYLINDRICAL_SURFACE('',#839,2.4);
#839 = AXIS2_PLACEMENT_3D('',#840,#841,#842);
#840 = CARTESIAN_POINT('',(2.364775042452E-15,136.1,21.3));
#841 = DIRECTION('',(0.,1.,0.));
#842 = DIRECTION('',(-1.,0.,1.110223024625E-16));
#843 = ADVANCED_FACE('',(#844),#1000,.F.);
#844 = FACE_BOUND('',#845,.F.);
#845 = EDGE_LOOP('',(#846,#855,#861,#862,#870,#879,#885,#886,#894,#903,
    #909,#910,#918,#927,#933,#934,#942,#951,#957,#958,#966,#975,#981,
    #982,#990,#997,#998,#999));
#846 = ORIENTED_EDGE('',*,*,#847,.T.);
#847 = EDGE_CURVE('',#848,#848,#850,.T.);
#848 = VERTEX_POINT('',#849);
#849 = CARTESIAN_POINT('',(-4.947573068555E-15,132.1,20.2));
#850 = CIRCLE('',#851,20.2);
#851 = AXIS2_PLACEMENT_3D('',#852,#853,#854);
#852 = CARTESIAN_POINT('',(0.,132.1,0.));
#853 = DIRECTION('',(0.,1.,0.));
#854 = DIRECTION('',(0.,-0.,1.));
#855 = ORIENTED_EDGE('',*,*,#856,.T.);
#856 = EDGE_CURVE('',#848,#130,#857,.T.);
#857 = LINE('',#858,#859);
#858 = CARTESIAN_POINT('',(-4.947573068555E-15,131.1,20.2));
#859 = VECTOR('',#860,1.);
#860 = DIRECTION('',(0.,1.,0.));
#861 = ORIENTED_EDGE('',*,*,#138,.F.);
#862 = ORIENTED_EDGE('',*,*,#863,.T.);
#863 = EDGE_CURVE('',#139,#864,#866,.T.);
#864 = VERTEX_POINT('',#865);
#865 = CARTESIAN_POINT('',(-2.074515757861,136.2,20.093192488263));
#866 = LINE('',#867,#868);
#867 = CARTESIAN_POINT('',(-2.074515757861,131.1,20.093192488263));
#868 = VECTOR('',#869,1.);
#869 = DIRECTION('',(0.,1.,0.));
#870 = ORIENTED_EDGE('',*,*,#871,.F.);
#871 = EDGE_CURVE('',#872,#864,#874,.T.);
#872 = VERTEX_POINT('',#873);
#873 = CARTESIAN_POINT('',(-16.36395725903,136.2,11.84317959099));
#874 = CIRCLE('',#875,20.2);
#875 = AXIS2_PLACEMENT_3D('',#876,#877,#878);
#876 = CARTESIAN_POINT('',(0.,136.2,0.));
#877 = DIRECTION('',(0.,1.,0.));
#878 = DIRECTION('',(0.,-0.,1.));
#879 = ORIENTED_EDGE('',*,*,#880,.F.);
#880 = EDGE_CURVE('',#182,#872,#881,.T.);
#881 = LINE('',#882,#883);
#882 = CARTESIAN_POINT('',(-16.36395725903,131.1,11.84317959099));
#883 = VECTOR('',#884,1.);
#884 = DIRECTION('',(0.,1.,0.));
#885 = ORIENTED_EDGE('',*,*,#190,.F.);
#886 = ORIENTED_EDGE('',*,*,#887,.T.);
#887 = EDGE_CURVE('',#191,#888,#890,.T.);
#888 = VERTEX_POINT('',#889);
#889 = CARTESIAN_POINT('',(-18.43847301689,136.2,8.250012897272));
#890 = LINE('',#891,#892);
#891 = CARTESIAN_POINT('',(-18.43847301689,131.1,8.250012897272));
#892 = VECTOR('',#893,1.);
#893 = DIRECTION('',(0.,1.,0.));
#894 = ORIENTED_EDGE('',*,*,#895,.F.);
#895 = EDGE_CURVE('',#896,#888,#898,.T.);
#896 = VERTEX_POINT('',#897);
#897 = CARTESIAN_POINT('',(-18.43847301689,136.2,-8.250012897272));
#898 = CIRCLE('',#899,20.2);
#899 = AXIS2_PLACEMENT_3D('',#900,#901,#902);
#900 = CARTESIAN_POINT('',(0.,136.2,0.));
#901 = DIRECTION('',(0.,1.,0.));
#902 = DIRECTION('',(0.,-0.,1.));
#903 = ORIENTED_EDGE('',*,*,#904,.F.);
#904 = EDGE_CURVE('',#234,#896,#905,.T.);
#905 = LINE('',#906,#907);
#906 = CARTESIAN_POINT('',(-18.43847301689,131.1,-8.250012897272));
#907 = VECTOR('',#908,1.);
#908 = DIRECTION('',(0.,1.,0.));
#909 = ORIENTED_EDGE('',*,*,#242,.F.);
#910 = ORIENTED_EDGE('',*,*,#911,.T.);
#911 = EDGE_CURVE('',#243,#912,#914,.T.);
#912 = VERTEX_POINT('',#913);
#913 = CARTESIAN_POINT('',(-16.36395725903,136.2,-11.84317959099));
#914 = LINE('',#915,#916);
#915 = CARTESIAN_POINT('',(-16.36395725903,131.1,-11.84317959099));
#916 = VECTOR('',#917,1.);
#917 = DIRECTION('',(0.,1.,0.));
#918 = ORIENTED_EDGE('',*,*,#919,.F.);
#919 = EDGE_CURVE('',#920,#912,#922,.T.);
#920 = VERTEX_POINT('',#921);
#921 = CARTESIAN_POINT('',(-2.074515757861,136.2,-20.09319248826));
#922 = CIRCLE('',#923,20.2);
#923 = AXIS2_PLACEMENT_3D('',#924,#925,#926);
#924 = CARTESIAN_POINT('',(0.,136.2,0.));
#925 = DIRECTION('',(0.,1.,0.));
#926 = DIRECTION('',(0.,-0.,1.));
#927 = ORIENTED_EDGE('',*,*,#928,.F.);
#928 = EDGE_CURVE('',#286,#920,#929,.T.);
#929 = LINE('',#930,#931);
#930 = CARTESIAN_POINT('',(-2.074515757861,131.1,-20.09319248826));
#931 = VECTOR('',#932,1.);
#932 = DIRECTION('',(0.,1.,0.));
#933 = ORIENTED_EDGE('',*,*,#294,.F.);
#934 = ORIENTED_EDGE('',*,*,#935,.T.);
#935 = EDGE_CURVE('',#295,#936,#938,.T.);
#936 = VERTEX_POINT('',#937);
#937 = CARTESIAN_POINT('',(2.074515757861,136.2,-20.09319248826));
#938 = LINE('',#939,#940);
#939 = CARTESIAN_POINT('',(2.074515757861,131.1,-20.09319248826));
#940 = VECTOR('',#941,1.);
#941 = DIRECTION('',(0.,1.,0.));
#942 = ORIENTED_EDGE('',*,*,#943,.F.);
#943 = EDGE_CURVE('',#944,#936,#946,.T.);
#944 = VERTEX_POINT('',#945);
#945 = CARTESIAN_POINT('',(16.363957259036,136.2,-11.84317959099));
#946 = CIRCLE('',#947,20.2);
#947 = AXIS2_PLACEMENT_3D('',#948,#949,#950);
#948 = CARTESIAN_POINT('',(0.,136.2,0.));
#949 = DIRECTION('',(0.,1.,0.));
#950 = DIRECTION('',(0.,-0.,1.));
#951 = ORIENTED_EDGE('',*,*,#952,.F.);
#952 = EDGE_CURVE('',#338,#944,#953,.T.);
#953 = LINE('',#954,#955);
#954 = CARTESIAN_POINT('',(16.363957259036,131.1,-11.84317959099));
#955 = VECTOR('',#956,1.);
#956 = DIRECTION('',(0.,1.,0.));
#957 = ORIENTED_EDGE('',*,*,#346,.F.);
#958 = ORIENTED_EDGE('',*,*,#959,.T.);
#959 = EDGE_CURVE('',#347,#960,#962,.T.);
#960 = VERTEX_POINT('',#961);
#961 = CARTESIAN_POINT('',(18.438473016897,136.2,-8.250012897272));
#962 = LINE('',#963,#964);
#963 = CARTESIAN_POINT('',(18.438473016897,131.1,-8.250012897272));
#964 = VECTOR('',#965,1.);
#965 = DIRECTION('',(0.,1.,0.));
#966 = ORIENTED_EDGE('',*,*,#967,.F.);
#967 = EDGE_CURVE('',#968,#960,#970,.T.);
#968 = VERTEX_POINT('',#969);
#969 = CARTESIAN_POINT('',(18.438473016897,136.2,8.250012897272));
#970 = CIRCLE('',#971,20.2);
#971 = AXIS2_PLACEMENT_3D('',#972,#973,#974);
#972 = CARTESIAN_POINT('',(0.,136.2,0.));
#973 = DIRECTION('',(0.,1.,0.));
#974 = DIRECTION('',(0.,-0.,1.));
#975 = ORIENTED_EDGE('',*,*,#976,.F.);
#976 = EDGE_CURVE('',#390,#968,#977,.T.);
#977 = LINE('',#978,#979);
#978 = CARTESIAN_POINT('',(18.438473016897,131.1,8.250012897272));
#979 = VECTOR('',#980,1.);
#980 = DIRECTION('',(0.,1.,0.));
#981 = ORIENTED_EDGE('',*,*,#398,.F.);
#982 = ORIENTED_EDGE('',*,*,#983,.T.);
#983 = EDGE_CURVE('',#399,#984,#986,.T.);
#984 = VERTEX_POINT('',#985);
#985 = CARTESIAN_POINT('',(16.363957259036,136.2,11.84317959099));
#986 = LINE('',#987,#988);
#987 = CARTESIAN_POINT('',(16.363957259036,131.1,11.84317959099));
#988 = VECTOR('',#989,1.);
#989 = DIRECTION('',(0.,1.,0.));
#990 = ORIENTED_EDGE('',*,*,#991,.F.);
#991 = EDGE_CURVE('',#823,#984,#992,.T.);
#992 = CIRCLE('',#993,20.2);
#993 = AXIS2_PLACEMENT_3D('',#994,#995,#996);
#994 = CARTESIAN_POINT('',(0.,136.2,0.));
#995 = DIRECTION('',(0.,1.,0.));
#996 = DIRECTION('',(0.,-0.,1.));
#997 = ORIENTED_EDGE('',*,*,#833,.F.);
#998 = ORIENTED_EDGE('',*,*,#129,.F.);
#999 = ORIENTED_EDGE('',*,*,#856,.F.);
#1000 = CYLINDRICAL_SURFACE('',#1001,20.2);
#1001 = AXIS2_PLACEMENT_3D('',#1002,#1003,#1004);
#1002 = CARTESIAN_POINT('',(0.,131.1,0.));
#1003 = DIRECTION('',(0.,1.,0.));
#1004 = DIRECTION('',(0.,-0.,1.));
#1005 = ADVANCED_FACE('',(#1006),#1025,.F.);
#1006 = FACE_BOUND('',#1007,.F.);
#1007 = EDGE_LOOP('',(#1008,#1009,#1017,#1024));
#1008 = ORIENTED_EDGE('',*,*,#147,.T.);
#1009 = ORIENTED_EDGE('',*,*,#1010,.T.);
#1010 = EDGE_CURVE('',#148,#1011,#1013,.T.);
#1011 = VERTEX_POINT('',#1012);
#1012 = CARTESIAN_POINT('',(-2.4,136.2,21.3));
#1013 = LINE('',#1014,#1015);
#1014 = CARTESIAN_POINT('',(-2.4,136.1,21.3));
#1015 = VECTOR('',#1016,1.);
#1016 = DIRECTION('',(0.,1.,0.));
#1017 = ORIENTED_EDGE('',*,*,#1018,.F.);
#1018 = EDGE_CURVE('',#864,#1011,#1019,.T.);
#1019 = CIRCLE('',#1020,2.4);
#1020 = AXIS2_PLACEMENT_3D('',#1021,#1022,#1023);
#1021 = CARTESIAN_POINT('',(2.364775042452E-15,136.2,21.3));
#1022 = DIRECTION('',(0.,1.,0.));
#1023 = DIRECTION('',(-1.,0.,1.110223024625E-16));
#1024 = ORIENTED_EDGE('',*,*,#863,.F.);
#1025 = CYLINDRICAL_SURFACE('',#1026,2.4);
#1026 = AXIS2_PLACEMENT_3D('',#1027,#1028,#1029);
#1027 = CARTESIAN_POINT('',(2.364775042452E-15,136.1,21.3));
#1028 = DIRECTION('',(0.,1.,0.));
#1029 = DIRECTION('',(-1.,0.,1.110223024625E-16));
#1030 = ADVANCED_FACE('',(#1031),#1049,.F.);
#1031 = FACE_BOUND('',#1032,.F.);
#1032 = EDGE_LOOP('',(#1033,#1034,#1035,#1043));
#1033 = ORIENTED_EDGE('',*,*,#1010,.F.);
#1034 = ORIENTED_EDGE('',*,*,#156,.T.);
#1035 = ORIENTED_EDGE('',*,*,#1036,.T.);
#1036 = EDGE_CURVE('',#157,#1037,#1039,.T.);
#1037 = VERTEX_POINT('',#1038);
#1038 = CARTESIAN_POINT('',(-2.4,136.2,24.88453334905));
#1039 = LINE('',#1040,#1041);
#1040 = CARTESIAN_POINT('',(-2.4,136.,24.88453334905));
#1041 = VECTOR('',#1042,1.);
#1042 = DIRECTION('',(0.,1.,0.));
#1043 = ORIENTED_EDGE('',*,*,#1044,.F.);
#1044 = EDGE_CURVE('',#1011,#1037,#1045,.T.);
#1045 = LINE('',#1046,#1047);
#1046 = CARTESIAN_POINT('',(-2.4,136.2,10.65));
#1047 = VECTOR('',#1048,1.);
#1048 = DIRECTION('',(1.110223024625E-16,-0.,1.));
#1049 = PLANE('',#1050);
#1050 = AXIS2_PLACEMENT_3D('',#1051,#1052,#1053);
#1051 = CARTESIAN_POINT('',(-2.4,136.1,21.3));
#1052 = DIRECTION('',(-1.,0.,1.110223024625E-16));
#1053 = DIRECTION('',(1.110223024625E-16,0.,1.));
#1054 = ADVANCED_FACE('',(#1055),#1074,.T.);
#1055 = FACE_BOUND('',#1056,.T.);
#1056 = EDGE_LOOP('',(#1057,#1065,#1066,#1067));
#1057 = ORIENTED_EDGE('',*,*,#1058,.F.);
#1058 = EDGE_CURVE('',#165,#1059,#1061,.T.);
#1059 = VERTEX_POINT('',#1060);
#1060 = CARTESIAN_POINT('',(-20.35063804159,136.2,14.520727643608));
#1061 = LINE('',#1062,#1063);
#1062 = CARTESIAN_POINT('',(-20.35063804159,136.,14.520727643608));
#1063 = VECTOR('',#1064,1.);
#1064 = DIRECTION('',(0.,1.,0.));
#1065 = ORIENTED_EDGE('',*,*,#164,.T.);
#1066 = ORIENTED_EDGE('',*,*,#1036,.T.);
#1067 = ORIENTED_EDGE('',*,*,#1068,.F.);
#1068 = EDGE_CURVE('',#1059,#1037,#1069,.T.);
#1069 = CIRCLE('',#1070,25.);
#1070 = AXIS2_PLACEMENT_3D('',#1071,#1072,#1073);
#1071 = CARTESIAN_POINT('',(0.,136.2,0.));
#1072 = DIRECTION('',(0.,1.,0.));
#1073 = DIRECTION('',(0.,-0.,1.));
#1074 = CYLINDRICAL_SURFACE('',#1075,25.);
#1075 = AXIS2_PLACEMENT_3D('',#1076,#1077,#1078);
#1076 = CARTESIAN_POINT('',(0.,136.,0.));
#1077 = DIRECTION('',(0.,1.,0.));
#1078 = DIRECTION('',(0.,-0.,1.));
#1079 = ADVANCED_FACE('',(#1080),#1098,.T.);
#1080 = FACE_BOUND('',#1081,.T.);
#1081 = EDGE_LOOP('',(#1082,#1090,#1091,#1092));
#1082 = ORIENTED_EDGE('',*,*,#1083,.F.);
#1083 = EDGE_CURVE('',#174,#1084,#1086,.T.);
#1084 = VERTEX_POINT('',#1085);
#1085 = CARTESIAN_POINT('',(-17.2463411006,136.2,12.728460969083));
#1086 = LINE('',#1087,#1088);
#1087 = CARTESIAN_POINT('',(-17.2463411006,136.1,12.728460969083));
#1088 = VECTOR('',#1089,1.);
#1089 = DIRECTION('',(0.,1.,0.));
#1090 = ORIENTED_EDGE('',*,*,#173,.T.);
#1091 = ORIENTED_EDGE('',*,*,#1058,.T.);
#1092 = ORIENTED_EDGE('',*,*,#1093,.F.);
#1093 = EDGE_CURVE('',#1084,#1059,#1094,.T.);
#1094 = LINE('',#1095,#1096);
#1095 = CARTESIAN_POINT('',(-8.606325699918,136.2,7.740145751691));
#1096 = VECTOR('',#1097,1.);
#1097 = DIRECTION('',(-0.866025403784,0.,0.5));
#1098 = PLANE('',#1099);
#1099 = AXIS2_PLACEMENT_3D('',#1100,#1101,#1102);
#1100 = CARTESIAN_POINT('',(-17.2463411006,136.1,12.728460969083));
#1101 = DIRECTION('',(-0.5,0.,-0.866025403784));
#1102 = DIRECTION('',(-0.866025403784,0.,0.5));
#1103 = ADVANCED_FACE('',(#1104),#1116,.F.);
#1104 = FACE_BOUND('',#1105,.F.);
#1105 = EDGE_LOOP('',(#1106,#1113,#1114,#1115));
#1106 = ORIENTED_EDGE('',*,*,#1107,.F.);
#1107 = EDGE_CURVE('',#1084,#872,#1108,.T.);
#1108 = CIRCLE('',#1109,2.4);
#1109 = AXIS2_PLACEMENT_3D('',#1110,#1111,#1112);
#1110 = CARTESIAN_POINT('',(-18.4463411006,136.2,10.65));
#1111 = DIRECTION('',(0.,1.,0.));
#1112 = DIRECTION('',(-0.5,0.,-0.866025403784));
#1113 = ORIENTED_EDGE('',*,*,#1083,.F.);
#1114 = ORIENTED_EDGE('',*,*,#181,.T.);
#1115 = ORIENTED_EDGE('',*,*,#880,.T.);
#1116 = CYLINDRICAL_SURFACE('',#1117,2.4);
#1117 = AXIS2_PLACEMENT_3D('',#1118,#1119,#1120);
#1118 = CARTESIAN_POINT('',(-18.4463411006,136.1,10.65));
#1119 = DIRECTION('',(0.,1.,0.));
#1120 = DIRECTION('',(-0.5,0.,-0.866025403784));
#1121 = ADVANCED_FACE('',(#1122),#1141,.F.);
#1122 = FACE_BOUND('',#1123,.F.);
#1123 = EDGE_LOOP('',(#1124,#1125,#1133,#1140));
#1124 = ORIENTED_EDGE('',*,*,#199,.T.);
#1125 = ORIENTED_EDGE('',*,*,#1126,.T.);
#1126 = EDGE_CURVE('',#200,#1127,#1129,.T.);
#1127 = VERTEX_POINT('',#1128);
#1128 = CARTESIAN_POINT('',(-19.6463411006,136.2,8.571539030917));
#1129 = LINE('',#1130,#1131);
#1130 = CARTESIAN_POINT('',(-19.6463411006,136.1,8.571539030917));
#1131 = VECTOR('',#1132,1.);
#1132 = DIRECTION('',(0.,1.,0.));
#1133 = ORIENTED_EDGE('',*,*,#1134,.F.);
#1134 = EDGE_CURVE('',#888,#1127,#1135,.T.);
#1135 = CIRCLE('',#1136,2.4);
#1136 = AXIS2_PLACEMENT_3D('',#1137,#1138,#1139);
#1137 = CARTESIAN_POINT('',(-18.4463411006,136.2,10.65));
#1138 = DIRECTION('',(0.,1.,0.));
#1139 = DIRECTION('',(-0.5,0.,-0.866025403784));
#1140 = ORIENTED_EDGE('',*,*,#887,.F.);
#1141 = CYLINDRICAL_SURFACE('',#1142,2.4);
#1142 = AXIS2_PLACEMENT_3D('',#1143,#1144,#1145);
#1143 = CARTESIAN_POINT('',(-18.4463411006,136.1,10.65));
#1144 = DIRECTION('',(0.,1.,0.));
#1145 = DIRECTION('',(-0.5,0.,-0.866025403784));
#1146 = ADVANCED_FACE('',(#1147),#1165,.F.);
#1147 = FACE_BOUND('',#1148,.F.);
#1148 = EDGE_LOOP('',(#1149,#1150,#1151,#1159));
#1149 = ORIENTED_EDGE('',*,*,#1126,.F.);
#1150 = ORIENTED_EDGE('',*,*,#208,.T.);
#1151 = ORIENTED_EDGE('',*,*,#1152,.T.);
#1152 = EDGE_CURVE('',#209,#1153,#1155,.T.);
#1153 = VERTEX_POINT('',#1154);
#1154 = CARTESIAN_POINT('',(-22.75063804159,136.2,10.363805705443));
#1155 = LINE('',#1156,#1157);
#1156 = CARTESIAN_POINT('',(-22.75063804159,136.,10.363805705443));
#1157 = VECTOR('',#1158,1.);
#1158 = DIRECTION('',(0.,1.,0.));
#1159 = ORIENTED_EDGE('',*,*,#1160,.F.);
#1160 = EDGE_CURVE('',#1127,#1153,#1161,.T.);
#1161 = LINE('',#1162,#1163);
#1162 = CARTESIAN_POINT('',(-11.00632569991,136.2,3.583223813526));
#1163 = VECTOR('',#1164,1.);
#1164 = DIRECTION('',(-0.866025403784,0.,0.5));
#1165 = PLANE('',#1166);
#1166 = AXIS2_PLACEMENT_3D('',#1167,#1168,#1169);
#1167 = CARTESIAN_POINT('',(-19.6463411006,136.1,8.571539030917));
#1168 = DIRECTION('',(-0.5,0.,-0.866025403784));
#1169 = DIRECTION('',(-0.866025403784,0.,0.5));
#1170 = ADVANCED_FACE('',(#1171),#1190,.T.);
#1171 = FACE_BOUND('',#1172,.T.);
#1172 = EDGE_LOOP('',(#1173,#1181,#1182,#1183));
#1173 = ORIENTED_EDGE('',*,*,#1174,.F.);
#1174 = EDGE_CURVE('',#217,#1175,#1177,.T.);
#1175 = VERTEX_POINT('',#1176);
#1176 = CARTESIAN_POINT('',(-22.75063804159,136.2,-10.36380570544));
#1177 = LINE('',#1178,#1179);
#1178 = CARTESIAN_POINT('',(-22.75063804159,136.,-10.36380570544));
#1179 = VECTOR('',#1180,1.);
#1180 = DIRECTION('',(0.,1.,0.));
#1181 = ORIENTED_EDGE('',*,*,#216,.T.);
#1182 = ORIENTED_EDGE('',*,*,#1152,.T.);
#1183 = ORIENTED_EDGE('',*,*,#1184,.F.);
#1184 = EDGE_CURVE('',#1175,#1153,#1185,.T.);
#1185 = CIRCLE('',#1186,25.);
#1186 = AXIS2_PLACEMENT_3D('',#1187,#1188,#1189);
#1187 = CARTESIAN_POINT('',(0.,136.2,0.));
#1188 = DIRECTION('',(0.,1.,0.));
#1189 = DIRECTION('',(0.,-0.,1.));
#1190 = CYLINDRICAL_SURFACE('',#1191,25.);
#1191 = AXIS2_PLACEMENT_3D('',#1192,#1193,#1194);
#1192 = CARTESIAN_POINT('',(0.,136.,0.));
#1193 = DIRECTION('',(0.,1.,0.));
#1194 = DIRECTION('',(0.,-0.,1.));
#1195 = ADVANCED_FACE('',(#1196),#1214,.T.);
#1196 = FACE_BOUND('',#1197,.T.);
#1197 = EDGE_LOOP('',(#1198,#1206,#1207,#1208));
#1198 = ORIENTED_EDGE('',*,*,#1199,.F.);
#1199 = EDGE_CURVE('',#226,#1200,#1202,.T.);
#1200 = VERTEX_POINT('',#1201);
#1201 = CARTESIAN_POINT('',(-19.6463411006,136.2,-8.571539030917));
#1202 = LINE('',#1203,#1204);
#1203 = CARTESIAN_POINT('',(-19.6463411006,136.1,-8.571539030917));
#1204 = VECTOR('',#1205,1.);
#1205 = DIRECTION('',(0.,1.,0.));
#1206 = ORIENTED_EDGE('',*,*,#225,.T.);
#1207 = ORIENTED_EDGE('',*,*,#1174,.T.);
#1208 = ORIENTED_EDGE('',*,*,#1209,.F.);
#1209 = EDGE_CURVE('',#1200,#1175,#1210,.T.);
#1210 = LINE('',#1211,#1212);
#1211 = CARTESIAN_POINT('',(-11.00632569991,136.2,-3.583223813526));
#1212 = VECTOR('',#1213,1.);
#1213 = DIRECTION('',(-0.866025403784,0.,-0.5));
#1214 = PLANE('',#1215);
#1215 = AXIS2_PLACEMENT_3D('',#1216,#1217,#1218);
#1216 = CARTESIAN_POINT('',(-19.6463411006,136.1,-8.571539030917));
#1217 = DIRECTION('',(0.5,0.,-0.866025403784));
#1218 = DIRECTION('',(-0.866025403784,0.,-0.5));
#1219 = ADVANCED_FACE('',(#1220),#1232,.F.);
#1220 = FACE_BOUND('',#1221,.F.);
#1221 = EDGE_LOOP('',(#1222,#1229,#1230,#1231));
#1222 = ORIENTED_EDGE('',*,*,#1223,.F.);
#1223 = EDGE_CURVE('',#1200,#896,#1224,.T.);
#1224 = CIRCLE('',#1225,2.4);
#1225 = AXIS2_PLACEMENT_3D('',#1226,#1227,#1228);
#1226 = CARTESIAN_POINT('',(-18.4463411006,136.2,-10.65));
#1227 = DIRECTION('',(0.,1.,0.));
#1228 = DIRECTION('',(0.5,0.,-0.866025403784));
#1229 = ORIENTED_EDGE('',*,*,#1199,.F.);
#1230 = ORIENTED_EDGE('',*,*,#233,.T.);
#1231 = ORIENTED_EDGE('',*,*,#904,.T.);
#1232 = CYLINDRICAL_SURFACE('',#1233,2.4);
#1233 = AXIS2_PLACEMENT_3D('',#1234,#1235,#1236);
#1234 = CARTESIAN_POINT('',(-18.4463411006,136.1,-10.65));
#1235 = DIRECTION('',(0.,1.,0.));
#1236 = DIRECTION('',(0.5,0.,-0.866025403784));
#1237 = ADVANCED_FACE('',(#1238),#1257,.F.);
#1238 = FACE_BOUND('',#1239,.F.);
#1239 = EDGE_LOOP('',(#1240,#1241,#1249,#1256));
#1240 = ORIENTED_EDGE('',*,*,#251,.T.);
#1241 = ORIENTED_EDGE('',*,*,#1242,.T.);
#1242 = EDGE_CURVE('',#252,#1243,#1245,.T.);
#1243 = VERTEX_POINT('',#1244);
#1244 = CARTESIAN_POINT('',(-17.2463411006,136.2,-12.72846096908));
#1245 = LINE('',#1246,#1247);
#1246 = CARTESIAN_POINT('',(-17.2463411006,136.1,-12.72846096908));
#1247 = VECTOR('',#1248,1.);
#1248 = DIRECTION('',(0.,1.,0.));
#1249 = ORIENTED_EDGE('',*,*,#1250,.F.);
#1250 = EDGE_CURVE('',#912,#1243,#1251,.T.);
#1251 = CIRCLE('',#1252,2.4);
#1252 = AXIS2_PLACEMENT_3D('',#1253,#1254,#1255);
#1253 = CARTESIAN_POINT('',(-18.4463411006,136.2,-10.65));
#1254 = DIRECTION('',(0.,1.,0.));
#1255 = DIRECTION('',(0.5,0.,-0.866025403784));
#1256 = ORIENTED_EDGE('',*,*,#911,.F.);
#1257 = CYLINDRICAL_SURFACE('',#1258,2.4);
#1258 = AXIS2_PLACEMENT_3D('',#1259,#1260,#1261);
#1259 = CARTESIAN_POINT('',(-18.4463411006,136.1,-10.65));
#1260 = DIRECTION('',(0.,1.,0.));
#1261 = DIRECTION('',(0.5,0.,-0.866025403784));
#1262 = ADVANCED_FACE('',(#1263),#1281,.F.);
#1263 = FACE_BOUND('',#1264,.F.);
#1264 = EDGE_LOOP('',(#1265,#1266,#1267,#1275));
#1265 = ORIENTED_EDGE('',*,*,#1242,.F.);
#1266 = ORIENTED_EDGE('',*,*,#260,.T.);
#1267 = ORIENTED_EDGE('',*,*,#1268,.T.);
#1268 = EDGE_CURVE('',#261,#1269,#1271,.T.);
#1269 = VERTEX_POINT('',#1270);
#1270 = CARTESIAN_POINT('',(-20.35063804159,136.2,-14.5207276436));
#1271 = LINE('',#1272,#1273);
#1272 = CARTESIAN_POINT('',(-20.35063804159,136.,-14.5207276436));
#1273 = VECTOR('',#1274,1.);
#1274 = DIRECTION('',(0.,1.,0.));
#1275 = ORIENTED_EDGE('',*,*,#1276,.F.);
#1276 = EDGE_CURVE('',#1243,#1269,#1277,.T.);
#1277 = LINE('',#1278,#1279);
#1278 = CARTESIAN_POINT('',(-8.606325699918,136.2,-7.740145751691));
#1279 = VECTOR('',#1280,1.);
#1280 = DIRECTION('',(-0.866025403784,0.,-0.5));
#1281 = PLANE('',#1282);
#1282 = AXIS2_PLACEMENT_3D('',#1283,#1284,#1285);
#1283 = CARTESIAN_POINT('',(-17.2463411006,136.1,-12.72846096908));
#1284 = DIRECTION('',(0.5,0.,-0.866025403784));
#1285 = DIRECTION('',(-0.866025403784,0.,-0.5));
#1286 = ADVANCED_FACE('',(#1287),#1306,.T.);
#1287 = FACE_BOUND('',#1288,.T.);
#1288 = EDGE_LOOP('',(#1289,#1297,#1298,#1299));
#1289 = ORIENTED_EDGE('',*,*,#1290,.F.);
#1290 = EDGE_CURVE('',#269,#1291,#1293,.T.);
#1291 = VERTEX_POINT('',#1292);
#1292 = CARTESIAN_POINT('',(-2.4,136.2,-24.88453334905));
#1293 = LINE('',#1294,#1295);
#1294 = CARTESIAN_POINT('',(-2.4,136.,-24.88453334905));
#1295 = VECTOR('',#1296,1.);
#1296 = DIRECTION('',(0.,1.,0.));
#1297 = ORIENTED_EDGE('',*,*,#268,.T.);
#1298 = ORIENTED_EDGE('',*,*,#1268,.T.);
#1299 = ORIENTED_EDGE('',*,*,#1300,.F.);
#1300 = EDGE_CURVE('',#1291,#1269,#1301,.T.);
#1301 = CIRCLE('',#1302,25.);
#1302 = AXIS2_PLACEMENT_3D('',#1303,#1304,#1305);
#1303 = CARTESIAN_POINT('',(0.,136.2,0.));
#1304 = DIRECTION('',(0.,1.,0.));
#1305 = DIRECTION('',(0.,-0.,1.));
#1306 = CYLINDRICAL_SURFACE('',#1307,25.);
#1307 = AXIS2_PLACEMENT_3D('',#1308,#1309,#1310);
#1308 = CARTESIAN_POINT('',(0.,136.,0.));
#1309 = DIRECTION('',(0.,1.,0.));
#1310 = DIRECTION('',(0.,-0.,1.));
#1311 = ADVANCED_FACE('',(#1312),#1330,.T.);
#1312 = FACE_BOUND('',#1313,.T.);
#1313 = EDGE_LOOP('',(#1314,#1322,#1323,#1324));
#1314 = ORIENTED_EDGE('',*,*,#1315,.F.);
#1315 = EDGE_CURVE('',#278,#1316,#1318,.T.);
#1316 = VERTEX_POINT('',#1317);
#1317 = CARTESIAN_POINT('',(-2.4,136.2,-21.3));
#1318 = LINE('',#1319,#1320);
#1319 = CARTESIAN_POINT('',(-2.4,136.1,-21.3));
#1320 = VECTOR('',#1321,1.);
#1321 = DIRECTION('',(0.,1.,0.));
#1322 = ORIENTED_EDGE('',*,*,#277,.T.);
#1323 = ORIENTED_EDGE('',*,*,#1290,.T.);
#1324 = ORIENTED_EDGE('',*,*,#1325,.F.);
#1325 = EDGE_CURVE('',#1316,#1291,#1326,.T.);
#1326 = LINE('',#1327,#1328);
#1327 = CARTESIAN_POINT('',(-2.4,136.2,-10.65));
#1328 = VECTOR('',#1329,1.);
#1329 = DIRECTION('',(-2.22044604925E-16,0.,-1.));
#1330 = PLANE('',#1331);
#1331 = AXIS2_PLACEMENT_3D('',#1332,#1333,#1334);
#1332 = CARTESIAN_POINT('',(-2.4,136.1,-21.3));
#1333 = DIRECTION('',(1.,0.,-2.22044604925E-16));
#1334 = DIRECTION('',(-2.22044604925E-16,0.,-1.));
#1335 = ADVANCED_FACE('',(#1336),#1348,.F.);
#1336 = FACE_BOUND('',#1337,.F.);
#1337 = EDGE_LOOP('',(#1338,#1345,#1346,#1347));
#1338 = ORIENTED_EDGE('',*,*,#1339,.F.);
#1339 = EDGE_CURVE('',#1316,#920,#1340,.T.);
#1340 = CIRCLE('',#1341,2.4);
#1341 = AXIS2_PLACEMENT_3D('',#1342,#1343,#1344);
#1342 = CARTESIAN_POINT('',(-4.729550084903E-15,136.2,-21.3));
#1343 = DIRECTION('',(0.,1.,0.));
#1344 = DIRECTION('',(1.,0.,-2.22044604925E-16));
#1345 = ORIENTED_EDGE('',*,*,#1315,.F.);
#1346 = ORIENTED_EDGE('',*,*,#285,.T.);
#1347 = ORIENTED_EDGE('',*,*,#928,.T.);
#1348 = CYLINDRICAL_SURFACE('',#1349,2.4);
#1349 = AXIS2_PLACEMENT_3D('',#1350,#1351,#1352);
#1350 = CARTESIAN_POINT('',(-4.729550084903E-15,136.1,-21.3));
#1351 = DIRECTION('',(0.,1.,0.));
#1352 = DIRECTION('',(1.,0.,-2.22044604925E-16));
#1353 = ADVANCED_FACE('',(#1354),#1373,.F.);
#1354 = FACE_BOUND('',#1355,.F.);
#1355 = EDGE_LOOP('',(#1356,#1357,#1365,#1372));
#1356 = ORIENTED_EDGE('',*,*,#303,.T.);
#1357 = ORIENTED_EDGE('',*,*,#1358,.T.);
#1358 = EDGE_CURVE('',#304,#1359,#1361,.T.);
#1359 = VERTEX_POINT('',#1360);
#1360 = CARTESIAN_POINT('',(2.4,136.2,-21.3));
#1361 = LINE('',#1362,#1363);
#1362 = CARTESIAN_POINT('',(2.4,136.1,-21.3));
#1363 = VECTOR('',#1364,1.);
#1364 = DIRECTION('',(0.,1.,0.));
#1365 = ORIENTED_EDGE('',*,*,#1366,.F.);
#1366 = EDGE_CURVE('',#936,#1359,#1367,.T.);
#1367 = CIRCLE('',#1368,2.4);
#1368 = AXIS2_PLACEMENT_3D('',#1369,#1370,#1371);
#1369 = CARTESIAN_POINT('',(-4.729550084903E-15,136.2,-21.3));
#1370 = DIRECTION('',(0.,1.,0.));
#1371 = DIRECTION('',(1.,0.,-2.22044604925E-16));
#1372 = ORIENTED_EDGE('',*,*,#935,.F.);
#1373 = CYLINDRICAL_SURFACE('',#1374,2.4);
#1374 = AXIS2_PLACEMENT_3D('',#1375,#1376,#1377);
#1375 = CARTESIAN_POINT('',(-4.729550084903E-15,136.1,-21.3));
#1376 = DIRECTION('',(0.,1.,0.));
#1377 = DIRECTION('',(1.,0.,-2.22044604925E-16));
#1378 = ADVANCED_FACE('',(#1379),#1413,.F.);
#1379 = FACE_BOUND('',#1380,.F.);
#1380 = EDGE_LOOP('',(#1381,#1382,#1383,#1391,#1399,#1407));
#1381 = ORIENTED_EDGE('',*,*,#1358,.F.);
#1382 = ORIENTED_EDGE('',*,*,#312,.T.);
#1383 = ORIENTED_EDGE('',*,*,#1384,.T.);
#1384 = EDGE_CURVE('',#313,#1385,#1387,.T.);
#1385 = VERTEX_POINT('',#1386);
#1386 = CARTESIAN_POINT('',(2.4,138.1,-24.88453334905));
#1387 = LINE('',#1388,#1389);
#1388 = CARTESIAN_POINT('',(2.4,136.,-24.88453334905));
#1389 = VECTOR('',#1390,1.);
#1390 = DIRECTION('',(0.,1.,0.));
#1391 = ORIENTED_EDGE('',*,*,#1392,.F.);
#1392 = EDGE_CURVE('',#1393,#1385,#1395,.T.);
#1393 = VERTEX_POINT('',#1394);
#1394 = CARTESIAN_POINT('',(2.4,138.1,-22.06988898929));
#1395 = LINE('',#1396,#1397);
#1396 = CARTESIAN_POINT('',(2.4,138.1,-10.65));
#1397 = VECTOR('',#1398,1.);
#1398 = DIRECTION('',(-2.22044604925E-16,0.,-1.));
#1399 = ORIENTED_EDGE('',*,*,#1400,.F.);
#1400 = EDGE_CURVE('',#1401,#1393,#1403,.T.);
#1401 = VERTEX_POINT('',#1402);
#1402 = CARTESIAN_POINT('',(2.4,136.2,-22.06988898929));
#1403 = LINE('',#1404,#1405);
#1404 = CARTESIAN_POINT('',(2.4,136.2,-22.06988898929));
#1405 = VECTOR('',#1406,1.);
#1406 = DIRECTION('',(0.,1.,0.));
#1407 = ORIENTED_EDGE('',*,*,#1408,.F.);
#1408 = EDGE_CURVE('',#1359,#1401,#1409,.T.);
#1409 = LINE('',#1410,#1411);
#1410 = CARTESIAN_POINT('',(2.4,136.2,-10.65));
#1411 = VECTOR('',#1412,1.);
#1412 = DIRECTION('',(-2.22044604925E-16,0.,-1.));
#1413 = PLANE('',#1414);
#1414 = AXIS2_PLACEMENT_3D('',#1415,#1416,#1417);
#1415 = CARTESIAN_POINT('',(2.4,136.1,-21.3));
#1416 = DIRECTION('',(1.,0.,-2.22044604925E-16));
#1417 = DIRECTION('',(-2.22044604925E-16,0.,-1.));
#1418 = ADVANCED_FACE('',(#1419),#1438,.T.);
#1419 = FACE_BOUND('',#1420,.T.);
#1420 = EDGE_LOOP('',(#1421,#1429,#1430,#1431));
#1421 = ORIENTED_EDGE('',*,*,#1422,.F.);
#1422 = EDGE_CURVE('',#321,#1423,#1425,.T.);
#1423 = VERTEX_POINT('',#1424);
#1424 = CARTESIAN_POINT('',(20.350638041599,138.1,-14.5207276436));
#1425 = LINE('',#1426,#1427);
#1426 = CARTESIAN_POINT('',(20.350638041599,136.,-14.5207276436));
#1427 = VECTOR('',#1428,1.);
#1428 = DIRECTION('',(0.,1.,0.));
#1429 = ORIENTED_EDGE('',*,*,#320,.T.);
#1430 = ORIENTED_EDGE('',*,*,#1384,.T.);
#1431 = ORIENTED_EDGE('',*,*,#1432,.F.);
#1432 = EDGE_CURVE('',#1423,#1385,#1433,.T.);
#1433 = CIRCLE('',#1434,25.);
#1434 = AXIS2_PLACEMENT_3D('',#1435,#1436,#1437);
#1435 = CARTESIAN_POINT('',(0.,138.1,0.));
#1436 = DIRECTION('',(0.,1.,0.));
#1437 = DIRECTION('',(0.,-0.,1.));
#1438 = CYLINDRICAL_SURFACE('',#1439,25.);
#1439 = AXIS2_PLACEMENT_3D('',#1440,#1441,#1442);
#1440 = CARTESIAN_POINT('',(0.,136.,0.));
#1441 = DIRECTION('',(0.,1.,0.));
#1442 = DIRECTION('',(0.,-0.,1.));
#1443 = ADVANCED_FACE('',(#1444),#1478,.T.);
#1444 = FACE_BOUND('',#1445,.T.);
#1445 = EDGE_LOOP('',(#1446,#1454,#1455,#1456,#1464,#1472));
#1446 = ORIENTED_EDGE('',*,*,#1447,.F.);
#1447 = EDGE_CURVE('',#330,#1448,#1450,.T.);
#1448 = VERTEX_POINT('',#1449);
#1449 = CARTESIAN_POINT('',(17.246341100609,136.2,-12.72846096908));
#1450 = LINE('',#1451,#1452);
#1451 = CARTESIAN_POINT('',(17.246341100609,136.1,-12.72846096908));
#1452 = VECTOR('',#1453,1.);
#1453 = DIRECTION('',(0.,1.,0.));
#1454 = ORIENTED_EDGE('',*,*,#329,.T.);
#1455 = ORIENTED_EDGE('',*,*,#1422,.T.);
#1456 = ORIENTED_EDGE('',*,*,#1457,.F.);
#1457 = EDGE_CURVE('',#1458,#1423,#1460,.T.);
#1458 = VERTEX_POINT('',#1459);
#1459 = CARTESIAN_POINT('',(17.913084523436,138.1,-13.11340546373));
#1460 = LINE('',#1461,#1462);
#1461 = CARTESIAN_POINT('',(8.023170550304,138.1,-7.403460969083));
#1462 = VECTOR('',#1463,1.);
#1463 = DIRECTION('',(0.866025403784,0.,-0.5));
#1464 = ORIENTED_EDGE('',*,*,#1465,.F.);
#1465 = EDGE_CURVE('',#1466,#1458,#1468,.T.);
#1466 = VERTEX_POINT('',#1467);
#1467 = CARTESIAN_POINT('',(17.913084523436,136.2,-13.11340546373));
#1468 = LINE('',#1469,#1470);
#1469 = CARTESIAN_POINT('',(17.913084523436,136.2,-13.11340546373));
#1470 = VECTOR('',#1471,1.);
#1471 = DIRECTION('',(0.,1.,0.));
#1472 = ORIENTED_EDGE('',*,*,#1473,.F.);
#1473 = EDGE_CURVE('',#1448,#1466,#1474,.T.);
#1474 = LINE('',#1475,#1476);
#1475 = CARTESIAN_POINT('',(7.440015400691,136.2,-7.066776186474));
#1476 = VECTOR('',#1477,1.);
#1477 = DIRECTION('',(0.866025403784,0.,-0.5));
#1478 = PLANE('',#1479);
#1479 = AXIS2_PLACEMENT_3D('',#1480,#1481,#1482);
#1480 = CARTESIAN_POINT('',(17.246341100609,136.1,-12.72846096908));
#1481 = DIRECTION('',(0.5,0.,0.866025403784));
#1482 = DIRECTION('',(0.866025403784,0.,-0.5));
#1483 = ADVANCED_FACE('',(#1484),#1496,.F.);
#1484 = FACE_BOUND('',#1485,.F.);
#1485 = EDGE_LOOP('',(#1486,#1493,#1494,#1495));
#1486 = ORIENTED_EDGE('',*,*,#1487,.F.);
#1487 = EDGE_CURVE('',#1448,#944,#1488,.T.);
#1488 = CIRCLE('',#1489,2.4);
#1489 = AXIS2_PLACEMENT_3D('',#1490,#1491,#1492);
#1490 = CARTESIAN_POINT('',(18.446341100609,136.2,-10.65));
#1491 = DIRECTION('',(0.,1.,0.));
#1492 = DIRECTION('',(0.5,-0.,0.866025403784));
#1493 = ORIENTED_EDGE('',*,*,#1447,.F.);
#1494 = ORIENTED_EDGE('',*,*,#337,.T.);
#1495 = ORIENTED_EDGE('',*,*,#952,.T.);
#1496 = CYLINDRICAL_SURFACE('',#1497,2.4);
#1497 = AXIS2_PLACEMENT_3D('',#1498,#1499,#1500);
#1498 = CARTESIAN_POINT('',(18.446341100609,136.1,-10.65));
#1499 = DIRECTION('',(0.,1.,0.));
#1500 = DIRECTION('',(0.5,0.,0.866025403784));
#1501 = ADVANCED_FACE('',(#1502),#1521,.F.);
#1502 = FACE_BOUND('',#1503,.F.);
#1503 = EDGE_LOOP('',(#1504,#1505,#1513,#1520));
#1504 = ORIENTED_EDGE('',*,*,#355,.T.);
#1505 = ORIENTED_EDGE('',*,*,#1506,.T.);
#1506 = EDGE_CURVE('',#356,#1507,#1509,.T.);
#1507 = VERTEX_POINT('',#1508);
#1508 = CARTESIAN_POINT('',(19.646341100609,136.2,-8.571539030917));
#1509 = LINE('',#1510,#1511);
#1510 = CARTESIAN_POINT('',(19.646341100609,136.1,-8.571539030917));
#1511 = VECTOR('',#1512,1.);
#1512 = DIRECTION('',(0.,1.,0.));
#1513 = ORIENTED_EDGE('',*,*,#1514,.F.);
#1514 = EDGE_CURVE('',#960,#1507,#1515,.T.);
#1515 = CIRCLE('',#1516,2.4);
#1516 = AXIS2_PLACEMENT_3D('',#1517,#1518,#1519);
#1517 = CARTESIAN_POINT('',(18.446341100609,136.2,-10.65));
#1518 = DIRECTION('',(0.,1.,0.));
#1519 = DIRECTION('',(0.5,-0.,0.866025403784));
#1520 = ORIENTED_EDGE('',*,*,#959,.F.);
#1521 = CYLINDRICAL_SURFACE('',#1522,2.4);
#1522 = AXIS2_PLACEMENT_3D('',#1523,#1524,#1525);
#1523 = CARTESIAN_POINT('',(18.446341100609,136.1,-10.65));
#1524 = DIRECTION('',(0.,1.,0.));
#1525 = DIRECTION('',(0.5,0.,0.866025403784));
#1526 = ADVANCED_FACE('',(#1527),#1561,.F.);
#1527 = FACE_BOUND('',#1528,.F.);
#1528 = EDGE_LOOP('',(#1529,#1530,#1531,#1539,#1547,#1555));
#1529 = ORIENTED_EDGE('',*,*,#1506,.F.);
#1530 = ORIENTED_EDGE('',*,*,#364,.T.);
#1531 = ORIENTED_EDGE('',*,*,#1532,.T.);
#1532 = EDGE_CURVE('',#365,#1533,#1535,.T.);
#1533 = VERTEX_POINT('',#1534);
#1534 = CARTESIAN_POINT('',(22.750638041599,138.1,-10.36380570544));
#1535 = LINE('',#1536,#1537);
#1536 = CARTESIAN_POINT('',(22.750638041599,136.,-10.36380570544));
#1537 = VECTOR('',#1538,1.);
#1538 = DIRECTION('',(0.,1.,0.));
#1539 = ORIENTED_EDGE('',*,*,#1540,.F.);
#1540 = EDGE_CURVE('',#1541,#1533,#1543,.T.);
#1541 = VERTEX_POINT('',#1542);
#1542 = CARTESIAN_POINT('',(20.313084523436,138.1,-8.956483525567));
#1543 = LINE('',#1544,#1545);
#1544 = CARTESIAN_POINT('',(10.423170550304,138.1,-3.246539030917));
#1545 = VECTOR('',#1546,1.);
#1546 = DIRECTION('',(0.866025403784,0.,-0.5));
#1547 = ORIENTED_EDGE('',*,*,#1548,.F.);
#1548 = EDGE_CURVE('',#1549,#1541,#1551,.T.);
#1549 = VERTEX_POINT('',#1550);
#1550 = CARTESIAN_POINT('',(20.313084523436,136.2,-8.956483525567));
#1551 = LINE('',#1552,#1553);
#1552 = CARTESIAN_POINT('',(20.313084523436,136.2,-8.956483525567));
#1553 = VECTOR('',#1554,1.);
#1554 = DIRECTION('',(0.,1.,0.));
#1555 = ORIENTED_EDGE('',*,*,#1556,.F.);
#1556 = EDGE_CURVE('',#1507,#1549,#1557,.T.);
#1557 = LINE('',#1558,#1559);
#1558 = CARTESIAN_POINT('',(9.840015400691,136.2,-2.909854248309));
#1559 = VECTOR('',#1560,1.);
#1560 = DIRECTION('',(0.866025403784,0.,-0.5));
#1561 = PLANE('',#1562);
#1562 = AXIS2_PLACEMENT_3D('',#1563,#1564,#1565);
#1563 = CARTESIAN_POINT('',(19.646341100609,136.1,-8.571539030917));
#1564 = DIRECTION('',(0.5,0.,0.866025403784));
#1565 = DIRECTION('',(0.866025403784,0.,-0.5));
#1566 = ADVANCED_FACE('',(#1567),#1586,.T.);
#1567 = FACE_BOUND('',#1568,.T.);
#1568 = EDGE_LOOP('',(#1569,#1577,#1578,#1579));
#1569 = ORIENTED_EDGE('',*,*,#1570,.F.);
#1570 = EDGE_CURVE('',#373,#1571,#1573,.T.);
#1571 = VERTEX_POINT('',#1572);
#1572 = CARTESIAN_POINT('',(22.750638041599,138.1,10.363805705443));
#1573 = LINE('',#1574,#1575);
#1574 = CARTESIAN_POINT('',(22.750638041599,136.,10.363805705443));
#1575 = VECTOR('',#1576,1.);
#1576 = DIRECTION('',(0.,1.,0.));
#1577 = ORIENTED_EDGE('',*,*,#372,.T.);
#1578 = ORIENTED_EDGE('',*,*,#1532,.T.);
#1579 = ORIENTED_EDGE('',*,*,#1580,.F.);
#1580 = EDGE_CURVE('',#1571,#1533,#1581,.T.);
#1581 = CIRCLE('',#1582,25.);
#1582 = AXIS2_PLACEMENT_3D('',#1583,#1584,#1585);
#1583 = CARTESIAN_POINT('',(0.,138.1,0.));
#1584 = DIRECTION('',(0.,1.,0.));
#1585 = DIRECTION('',(0.,-0.,1.));
#1586 = CYLINDRICAL_SURFACE('',#1587,25.);
#1587 = AXIS2_PLACEMENT_3D('',#1588,#1589,#1590);
#1588 = CARTESIAN_POINT('',(0.,136.,0.));
#1589 = DIRECTION('',(0.,1.,0.));
#1590 = DIRECTION('',(0.,-0.,1.));
#1591 = ADVANCED_FACE('',(#1592),#1626,.T.);
#1592 = FACE_BOUND('',#1593,.T.);
#1593 = EDGE_LOOP('',(#1594,#1602,#1603,#1604,#1612,#1620));
#1594 = ORIENTED_EDGE('',*,*,#1595,.F.);
#1595 = EDGE_CURVE('',#382,#1596,#1598,.T.);
#1596 = VERTEX_POINT('',#1597);
#1597 = CARTESIAN_POINT('',(19.646341100609,136.2,8.571539030917));
#1598 = LINE('',#1599,#1600);
#1599 = CARTESIAN_POINT('',(19.646341100609,136.1,8.571539030917));
#1600 = VECTOR('',#1601,1.);
#1601 = DIRECTION('',(0.,1.,0.));
#1602 = ORIENTED_EDGE('',*,*,#381,.T.);
#1603 = ORIENTED_EDGE('',*,*,#1570,.T.);
#1604 = ORIENTED_EDGE('',*,*,#1605,.F.);
#1605 = EDGE_CURVE('',#1606,#1571,#1608,.T.);
#1606 = VERTEX_POINT('',#1607);
#1607 = CARTESIAN_POINT('',(20.313084523436,138.1,8.956483525567));
#1608 = LINE('',#1609,#1610);
#1609 = CARTESIAN_POINT('',(10.423170550304,138.1,3.246539030917));
#1610 = VECTOR('',#1611,1.);
#1611 = DIRECTION('',(0.866025403784,-0.,0.5));
#1612 = ORIENTED_EDGE('',*,*,#1613,.F.);
#1613 = EDGE_CURVE('',#1614,#1606,#1616,.T.);
#1614 = VERTEX_POINT('',#1615);
#1615 = CARTESIAN_POINT('',(20.313084523436,136.2,8.956483525567));
#1616 = LINE('',#1617,#1618);
#1617 = CARTESIAN_POINT('',(20.313084523436,136.2,8.956483525567));
#1618 = VECTOR('',#1619,1.);
#1619 = DIRECTION('',(0.,1.,0.));
#1620 = ORIENTED_EDGE('',*,*,#1621,.F.);
#1621 = EDGE_CURVE('',#1596,#1614,#1622,.T.);
#1622 = LINE('',#1623,#1624);
#1623 = CARTESIAN_POINT('',(9.840015400691,136.2,2.909854248309));
#1624 = VECTOR('',#1625,1.);
#1625 = DIRECTION('',(0.866025403784,-0.,0.5));
#1626 = PLANE('',#1627);
#1627 = AXIS2_PLACEMENT_3D('',#1628,#1629,#1630);
#1628 = CARTESIAN_POINT('',(19.646341100609,136.1,8.571539030917));
#1629 = DIRECTION('',(-0.5,0.,0.866025403784));
#1630 = DIRECTION('',(0.866025403784,0.,0.5));
#1631 = ADVANCED_FACE('',(#1632),#1644,.F.);
#1632 = FACE_BOUND('',#1633,.F.);
#1633 = EDGE_LOOP('',(#1634,#1641,#1642,#1643));
#1634 = ORIENTED_EDGE('',*,*,#1635,.F.);
#1635 = EDGE_CURVE('',#1596,#968,#1636,.T.);
#1636 = CIRCLE('',#1637,2.4);
#1637 = AXIS2_PLACEMENT_3D('',#1638,#1639,#1640);
#1638 = CARTESIAN_POINT('',(18.446341100609,136.2,10.65));
#1639 = DIRECTION('',(0.,1.,0.));
#1640 = DIRECTION('',(-0.5,0.,0.866025403784));
#1641 = ORIENTED_EDGE('',*,*,#1595,.F.);
#1642 = ORIENTED_EDGE('',*,*,#389,.T.);
#1643 = ORIENTED_EDGE('',*,*,#976,.T.);
#1644 = CYLINDRICAL_SURFACE('',#1645,2.4);
#1645 = AXIS2_PLACEMENT_3D('',#1646,#1647,#1648);
#1646 = CARTESIAN_POINT('',(18.446341100609,136.1,10.65));
#1647 = DIRECTION('',(0.,1.,0.));
#1648 = DIRECTION('',(-0.5,0.,0.866025403784));
#1649 = ADVANCED_FACE('',(#1650),#1669,.F.);
#1650 = FACE_BOUND('',#1651,.F.);
#1651 = EDGE_LOOP('',(#1652,#1653,#1661,#1668));
#1652 = ORIENTED_EDGE('',*,*,#407,.T.);
#1653 = ORIENTED_EDGE('',*,*,#1654,.T.);
#1654 = EDGE_CURVE('',#408,#1655,#1657,.T.);
#1655 = VERTEX_POINT('',#1656);
#1656 = CARTESIAN_POINT('',(17.246341100609,136.2,12.728460969083));
#1657 = LINE('',#1658,#1659);
#1658 = CARTESIAN_POINT('',(17.246341100609,136.1,12.728460969083));
#1659 = VECTOR('',#1660,1.);
#1660 = DIRECTION('',(0.,1.,0.));
#1661 = ORIENTED_EDGE('',*,*,#1662,.F.);
#1662 = EDGE_CURVE('',#984,#1655,#1663,.T.);
#1663 = CIRCLE('',#1664,2.4);
#1664 = AXIS2_PLACEMENT_3D('',#1665,#1666,#1667);
#1665 = CARTESIAN_POINT('',(18.446341100609,136.2,10.65));
#1666 = DIRECTION('',(0.,1.,0.));
#1667 = DIRECTION('',(-0.5,0.,0.866025403784));
#1668 = ORIENTED_EDGE('',*,*,#983,.F.);
#1669 = CYLINDRICAL_SURFACE('',#1670,2.4);
#1670 = AXIS2_PLACEMENT_3D('',#1671,#1672,#1673);
#1671 = CARTESIAN_POINT('',(18.446341100609,136.1,10.65));
#1672 = DIRECTION('',(0.,1.,0.));
#1673 = DIRECTION('',(-0.5,0.,0.866025403784));
#1674 = ADVANCED_FACE('',(#1675),#1702,.F.);
#1675 = FACE_BOUND('',#1676,.F.);
#1676 = EDGE_LOOP('',(#1677,#1678,#1679,#1680,#1688,#1696));
#1677 = ORIENTED_EDGE('',*,*,#1654,.F.);
#1678 = ORIENTED_EDGE('',*,*,#416,.T.);
#1679 = ORIENTED_EDGE('',*,*,#759,.T.);
#1680 = ORIENTED_EDGE('',*,*,#1681,.F.);
#1681 = EDGE_CURVE('',#1682,#760,#1684,.T.);
#1682 = VERTEX_POINT('',#1683);
#1683 = CARTESIAN_POINT('',(17.913084523436,138.1,13.113405463732));
#1684 = LINE('',#1685,#1686);
#1685 = CARTESIAN_POINT('',(8.023170550304,138.1,7.403460969083));
#1686 = VECTOR('',#1687,1.);
#1687 = DIRECTION('',(0.866025403784,-0.,0.5));
#1688 = ORIENTED_EDGE('',*,*,#1689,.F.);
#1689 = EDGE_CURVE('',#1690,#1682,#1692,.T.);
#1690 = VERTEX_POINT('',#1691);
#1691 = CARTESIAN_POINT('',(17.913084523436,136.2,13.113405463732));
#1692 = LINE('',#1693,#1694);
#1693 = CARTESIAN_POINT('',(17.913084523436,136.2,13.113405463732));
#1694 = VECTOR('',#1695,1.);
#1695 = DIRECTION('',(0.,1.,0.));
#1696 = ORIENTED_EDGE('',*,*,#1697,.F.);
#1697 = EDGE_CURVE('',#1655,#1690,#1698,.T.);
#1698 = LINE('',#1699,#1700);
#1699 = CARTESIAN_POINT('',(7.440015400691,136.2,7.066776186474));
#1700 = VECTOR('',#1701,1.);
#1701 = DIRECTION('',(0.866025403784,-0.,0.5));
#1702 = PLANE('',#1703);
#1703 = AXIS2_PLACEMENT_3D('',#1704,#1705,#1706);
#1704 = CARTESIAN_POINT('',(17.246341100609,136.1,12.728460969083));
#1705 = DIRECTION('',(-0.5,0.,0.866025403784));
#1706 = DIRECTION('',(0.866025403784,0.,0.5));
#1707 = ADVANCED_FACE('',(#1708),#1731,.F.);
#1708 = FACE_BOUND('',#1709,.F.);
#1709 = EDGE_LOOP('',(#1710,#1711,#1719,#1726,#1727,#1728,#1729,#1730));
#1710 = ORIENTED_EDGE('',*,*,#444,.F.);
#1711 = ORIENTED_EDGE('',*,*,#1712,.F.);
#1712 = EDGE_CURVE('',#1713,#445,#1715,.T.);
#1713 = VERTEX_POINT('',#1714);
#1714 = CARTESIAN_POINT('',(-21.65063509461,134.1,-10.1));
#1715 = LINE('',#1716,#1717);
#1716 = CARTESIAN_POINT('',(-21.65063509461,134.1,-10.1));
#1717 = VECTOR('',#1718,1.);
#1718 = DIRECTION('',(0.,1.,0.));
#1719 = ORIENTED_EDGE('',*,*,#1720,.T.);
#1720 = EDGE_CURVE('',#1713,#1713,#1721,.T.);
#1721 = CIRCLE('',#1722,2.4);
#1722 = AXIS2_PLACEMENT_3D('',#1723,#1724,#1725);
#1723 = CARTESIAN_POINT('',(-21.65063509461,134.1,-12.5));
#1724 = DIRECTION('',(0.,1.,0.));
#1725 = DIRECTION('',(0.,-0.,1.));
#1726 = ORIENTED_EDGE('',*,*,#1712,.T.);
#1727 = ORIENTED_EDGE('',*,*,#453,.F.);
#1728 = ORIENTED_EDGE('',*,*,#462,.F.);
#1729 = ORIENTED_EDGE('',*,*,#424,.F.);
#1730 = ORIENTED_EDGE('',*,*,#435,.F.);
#1731 = CYLINDRICAL_SURFACE('',#1732,2.4);
#1732 = AXIS2_PLACEMENT_3D('',#1733,#1734,#1735);
#1733 = CARTESIAN_POINT('',(-21.65063509461,134.1,-12.5));
#1734 = DIRECTION('',(0.,1.,0.));
#1735 = DIRECTION('',(0.,-0.,1.));
#1736 = ADVANCED_FACE('',(#1737),#1760,.F.);
#1737 = FACE_BOUND('',#1738,.F.);
#1738 = EDGE_LOOP('',(#1739,#1740,#1741,#1749,#1756,#1757,#1758,#1759));
#1739 = ORIENTED_EDGE('',*,*,#500,.F.);
#1740 = ORIENTED_EDGE('',*,*,#509,.F.);
#1741 = ORIENTED_EDGE('',*,*,#1742,.F.);
#1742 = EDGE_CURVE('',#1743,#474,#1745,.T.);
#1743 = VERTEX_POINT('',#1744);
#1744 = CARTESIAN_POINT('',(21.650635094611,134.1,14.9));
#1745 = LINE('',#1746,#1747);
#1746 = CARTESIAN_POINT('',(21.650635094611,134.1,14.9));
#1747 = VECTOR('',#1748,1.);
#1748 = DIRECTION('',(0.,1.,0.));
#1749 = ORIENTED_EDGE('',*,*,#1750,.T.);
#1750 = EDGE_CURVE('',#1743,#1743,#1751,.T.);
#1751 = CIRCLE('',#1752,2.4);
#1752 = AXIS2_PLACEMENT_3D('',#1753,#1754,#1755);
#1753 = CARTESIAN_POINT('',(21.650635094611,134.1,12.5));
#1754 = DIRECTION('',(0.,1.,0.));
#1755 = DIRECTION('',(0.,-0.,1.));
#1756 = ORIENTED_EDGE('',*,*,#1742,.T.);
#1757 = ORIENTED_EDGE('',*,*,#471,.F.);
#1758 = ORIENTED_EDGE('',*,*,#482,.F.);
#1759 = ORIENTED_EDGE('',*,*,#491,.F.);
#1760 = CYLINDRICAL_SURFACE('',#1761,2.4);
#1761 = AXIS2_PLACEMENT_3D('',#1762,#1763,#1764);
#1762 = CARTESIAN_POINT('',(21.650635094611,134.1,12.5));
#1763 = DIRECTION('',(0.,1.,0.));
#1764 = DIRECTION('',(0.,-0.,1.));
#1765 = ADVANCED_FACE('',(#1766),#1789,.F.);
#1766 = FACE_BOUND('',#1767,.F.);
#1767 = EDGE_LOOP('',(#1768,#1776,#1777,#1778,#1779,#1780,#1781,#1782));
#1768 = ORIENTED_EDGE('',*,*,#1769,.T.);
#1769 = EDGE_CURVE('',#1770,#521,#1772,.T.);
#1770 = VERTEX_POINT('',#1771);
#1771 = CARTESIAN_POINT('',(9.429780353435E-16,134.1,27.4));
#1772 = LINE('',#1773,#1774);
#1773 = CARTESIAN_POINT('',(9.429780353435E-16,134.1,27.4));
#1774 = VECTOR('',#1775,1.);
#1775 = DIRECTION('',(0.,1.,0.));
#1776 = ORIENTED_EDGE('',*,*,#518,.F.);
#1777 = ORIENTED_EDGE('',*,*,#529,.F.);
#1778 = ORIENTED_EDGE('',*,*,#538,.F.);
#1779 = ORIENTED_EDGE('',*,*,#547,.F.);
#1780 = ORIENTED_EDGE('',*,*,#556,.F.);
#1781 = ORIENTED_EDGE('',*,*,#1769,.F.);
#1782 = ORIENTED_EDGE('',*,*,#1783,.T.);
#1783 = EDGE_CURVE('',#1770,#1770,#1784,.T.);
#1784 = CIRCLE('',#1785,2.4);
#1785 = AXIS2_PLACEMENT_3D('',#1786,#1787,#1788);
#1786 = CARTESIAN_POINT('',(1.530808498934E-15,134.1,25.));
#1787 = DIRECTION('',(0.,1.,0.));
#1788 = DIRECTION('',(0.,-0.,1.));
#1789 = CYLINDRICAL_SURFACE('',#1790,2.4);
#1790 = AXIS2_PLACEMENT_3D('',#1791,#1792,#1793);
#1791 = CARTESIAN_POINT('',(1.530808498934E-15,134.1,25.));
#1792 = DIRECTION('',(0.,1.,0.));
#1793 = DIRECTION('',(0.,-0.,1.));
#1794 = ADVANCED_FACE('',(#1795),#1818,.F.);
#1795 = FACE_BOUND('',#1796,.F.);
#1796 = EDGE_LOOP('',(#1797,#1805,#1806,#1807,#1808,#1809,#1810,#1811));
#1797 = ORIENTED_EDGE('',*,*,#1798,.T.);
#1798 = EDGE_CURVE('',#1799,#568,#1801,.T.);
#1799 = VERTEX_POINT('',#1800);
#1800 = CARTESIAN_POINT('',(-21.65063509461,134.1,14.9));
#1801 = LINE('',#1802,#1803);
#1802 = CARTESIAN_POINT('',(-21.65063509461,134.1,14.9));
#1803 = VECTOR('',#1804,1.);
#1804 = DIRECTION('',(0.,1.,0.));
#1805 = ORIENTED_EDGE('',*,*,#565,.F.);
#1806 = ORIENTED_EDGE('',*,*,#576,.F.);
#1807 = ORIENTED_EDGE('',*,*,#585,.F.);
#1808 = ORIENTED_EDGE('',*,*,#594,.F.);
#1809 = ORIENTED_EDGE('',*,*,#603,.F.);
#1810 = ORIENTED_EDGE('',*,*,#1798,.F.);
#1811 = ORIENTED_EDGE('',*,*,#1812,.T.);
#1812 = EDGE_CURVE('',#1799,#1799,#1813,.T.);
#1813 = CIRCLE('',#1814,2.4);
#1814 = AXIS2_PLACEMENT_3D('',#1815,#1816,#1817);
#1815 = CARTESIAN_POINT('',(-21.65063509461,134.1,12.5));
#1816 = DIRECTION('',(0.,1.,0.));
#1817 = DIRECTION('',(0.,-0.,1.));
#1818 = CYLINDRICAL_SURFACE('',#1819,2.4);
#1819 = AXIS2_PLACEMENT_3D('',#1820,#1821,#1822);
#1820 = CARTESIAN_POINT('',(-21.65063509461,134.1,12.5));
#1821 = DIRECTION('',(0.,1.,0.));
#1822 = DIRECTION('',(0.,-0.,1.));
#1823 = ADVANCED_FACE('',(#1824),#1847,.F.);
#1824 = FACE_BOUND('',#1825,.F.);
#1825 = EDGE_LOOP('',(#1826,#1827,#1828,#1836,#1843,#1844,#1845,#1846));
#1826 = ORIENTED_EDGE('',*,*,#623,.F.);
#1827 = ORIENTED_EDGE('',*,*,#632,.F.);
#1828 = ORIENTED_EDGE('',*,*,#1829,.F.);
#1829 = EDGE_CURVE('',#1830,#633,#1832,.T.);
#1830 = VERTEX_POINT('',#1831);
#1831 = CARTESIAN_POINT('',(-5.180255960393E-15,134.1,-22.6));
#1832 = LINE('',#1833,#1834);
#1833 = CARTESIAN_POINT('',(-5.180255960393E-15,134.1,-22.6));
#1834 = VECTOR('',#1835,1.);
#1835 = DIRECTION('',(0.,1.,0.));
#1836 = ORIENTED_EDGE('',*,*,#1837,.T.);
#1837 = EDGE_CURVE('',#1830,#1830,#1838,.T.);
#1838 = CIRCLE('',#1839,2.4);
#1839 = AXIS2_PLACEMENT_3D('',#1840,#1841,#1842);
#1840 = CARTESIAN_POINT('',(-4.592425496803E-15,134.1,-25.));
#1841 = DIRECTION('',(0.,1.,0.));
#1842 = DIRECTION('',(0.,-0.,1.));
#1843 = ORIENTED_EDGE('',*,*,#1829,.T.);
#1844 = ORIENTED_EDGE('',*,*,#641,.F.);
#1845 = ORIENTED_EDGE('',*,*,#650,.F.);
#1846 = ORIENTED_EDGE('',*,*,#612,.F.);
#1847 = CYLINDRICAL_SURFACE('',#1848,2.4);
#1848 = AXIS2_PLACEMENT_3D('',#1849,#1850,#1851);
#1849 = CARTESIAN_POINT('',(-4.592425496803E-15,134.1,-25.));
#1850 = DIRECTION('',(0.,1.,0.));
#1851 = DIRECTION('',(0.,-0.,1.));
#1852 = ADVANCED_FACE('',(#1853),#1872,.F.);
#1853 = FACE_BOUND('',#1854,.F.);
#1854 = EDGE_LOOP('',(#1855,#1856,#1864,#1871));
#1855 = ORIENTED_EDGE('',*,*,#675,.F.);
#1856 = ORIENTED_EDGE('',*,*,#1857,.F.);
#1857 = EDGE_CURVE('',#1858,#676,#1860,.T.);
#1858 = VERTEX_POINT('',#1859);
#1859 = CARTESIAN_POINT('',(21.650635094611,132.1,-10.8));
#1860 = LINE('',#1861,#1862);
#1861 = CARTESIAN_POINT('',(21.650635094611,131.1,-10.8));
#1862 = VECTOR('',#1863,1.);
#1863 = DIRECTION('',(0.,1.,0.));
#1864 = ORIENTED_EDGE('',*,*,#1865,.T.);
#1865 = EDGE_CURVE('',#1858,#1858,#1866,.T.);
#1866 = CIRCLE('',#1867,1.7);
#1867 = AXIS2_PLACEMENT_3D('',#1868,#1869,#1870);
#1868 = CARTESIAN_POINT('',(21.650635094611,132.1,-12.5));
#1869 = DIRECTION('',(0.,1.,0.));
#1870 = DIRECTION('',(0.,-0.,1.));
#1871 = ORIENTED_EDGE('',*,*,#1857,.T.);
#1872 = CYLINDRICAL_SURFACE('',#1873,1.7);
#1873 = AXIS2_PLACEMENT_3D('',#1874,#1875,#1876);
#1874 = CARTESIAN_POINT('',(21.650635094611,131.1,-12.5));
#1875 = DIRECTION('',(0.,1.,0.));
#1876 = DIRECTION('',(0.,-0.,1.));
#1877 = ADVANCED_FACE('',(#1878,#1924,#1935,#1946,#1999,#2052,#2105,
    #2116,#2127),#2138,.F.);
#1878 = FACE_BOUND('',#1879,.F.);
#1879 = EDGE_LOOP('',(#1880,#1881,#1890,#1899,#1908,#1917));
#1880 = ORIENTED_EDGE('',*,*,#692,.T.);
#1881 = ORIENTED_EDGE('',*,*,#1882,.T.);
#1882 = EDGE_CURVE('',#695,#1883,#1885,.T.);
#1883 = VERTEX_POINT('',#1884);
#1884 = CARTESIAN_POINT('',(-14.8,135.1,-50.));
#1885 = B_SPLINE_CURVE_WITH_KNOTS('',3,(#1886,#1887,#1888,#1889),
  .UNSPECIFIED.,.F.,.F.,(4,4),(0.,1.),.PIECEWISE_BEZIER_KNOTS.);
#1886 = CARTESIAN_POINT('',(-20.15254326381,135.1,-20.15254326381));
#1887 = CARTESIAN_POINT('',(-16.,135.1,-25.));
#1888 = CARTESIAN_POINT('',(-14.8,135.1,-38.));
#1889 = CARTESIAN_POINT('',(-14.8,135.1,-50.));
#1890 = ORIENTED_EDGE('',*,*,#1891,.T.);
#1891 = EDGE_CURVE('',#1883,#1892,#1894,.T.);
#1892 = VERTEX_POINT('',#1893);
#1893 = CARTESIAN_POINT('',(-15.5,135.1,-130.));
#1894 = B_SPLINE_CURVE_WITH_KNOTS('',3,(#1895,#1896,#1897,#1898),
  .UNSPECIFIED.,.F.,.F.,(4,4),(0.,1.),.PIECEWISE_BEZIER_KNOTS.);
#1895 = CARTESIAN_POINT('',(-14.8,135.1,-50.));
#1896 = CARTESIAN_POINT('',(-14.8,135.1,-75.));
#1897 = CARTESIAN_POINT('',(-15.5,135.1,-109.));
#1898 = CARTESIAN_POINT('',(-15.5,135.1,-130.));
#1899 = ORIENTED_EDGE('',*,*,#1900,.T.);
#1900 = EDGE_CURVE('',#1892,#1901,#1903,.T.);
#1901 = VERTEX_POINT('',#1902);
#1902 = CARTESIAN_POINT('',(15.5,135.1,-130.));
#1903 = CIRCLE('',#1904,15.5);
#1904 = AXIS2_PLACEMENT_3D('',#1905,#1906,#1907);
#1905 = CARTESIAN_POINT('',(0.,135.1,-130.));
#1906 = DIRECTION('',(0.,-1.,0.));
#1907 = DIRECTION('',(-1.,0.,0.));
#1908 = ORIENTED_EDGE('',*,*,#1909,.T.);
#1909 = EDGE_CURVE('',#1901,#1910,#1912,.T.);
#1910 = VERTEX_POINT('',#1911);
#1911 = CARTESIAN_POINT('',(14.8,135.1,-50.));
#1912 = B_SPLINE_CURVE_WITH_KNOTS('',3,(#1913,#1914,#1915,#1916),
  .UNSPECIFIED.,.F.,.F.,(4,4),(0.,1.),.PIECEWISE_BEZIER_KNOTS.);
#1913 = CARTESIAN_POINT('',(15.5,135.1,-130.));
#1914 = CARTESIAN_POINT('',(15.5,135.1,-109.));
#1915 = CARTESIAN_POINT('',(14.8,135.1,-75.));
#1916 = CARTESIAN_POINT('',(14.8,135.1,-50.));
#1917 = ORIENTED_EDGE('',*,*,#1918,.T.);
#1918 = EDGE_CURVE('',#1910,#693,#1919,.T.);
#1919 = B_SPLINE_CURVE_WITH_KNOTS('',3,(#1920,#1921,#1922,#1923),
  .UNSPECIFIED.,.F.,.F.,(4,4),(0.,1.),.PIECEWISE_BEZIER_KNOTS.);
#1920 = CARTESIAN_POINT('',(14.8,135.1,-50.));
#1921 = CARTESIAN_POINT('',(14.8,135.1,-38.));
#1922 = CARTESIAN_POINT('',(16.,135.1,-25.));
#1923 = CARTESIAN_POINT('',(20.152543263817,135.1,-20.15254326381));
#1924 = FACE_BOUND('',#1925,.F.);
#1925 = EDGE_LOOP('',(#1926));
#1926 = ORIENTED_EDGE('',*,*,#1927,.T.);
#1927 = EDGE_CURVE('',#1928,#1928,#1930,.T.);
#1928 = VERTEX_POINT('',#1929);
#1929 = CARTESIAN_POINT('',(-10.5,135.1,-53.3));
#1930 = CIRCLE('',#1931,1.7);
#1931 = AXIS2_PLACEMENT_3D('',#1932,#1933,#1934);
#1932 = CARTESIAN_POINT('',(-10.5,135.1,-55.));
#1933 = DIRECTION('',(0.,1.,0.));
#1934 = DIRECTION('',(0.,-0.,1.));
#1935 = FACE_BOUND('',#1936,.F.);
#1936 = EDGE_LOOP('',(#1937));
#1937 = ORIENTED_EDGE('',*,*,#1938,.T.);
#1938 = EDGE_CURVE('',#1939,#1939,#1941,.T.);
#1939 = VERTEX_POINT('',#1940);
#1940 = CARTESIAN_POINT('',(-10.5,135.1,-80.3));
#1941 = CIRCLE('',#1942,1.7);
#1942 = AXIS2_PLACEMENT_3D('',#1943,#1944,#1945);
#1943 = CARTESIAN_POINT('',(-10.5,135.1,-82.));
#1944 = DIRECTION('',(0.,1.,0.));
#1945 = DIRECTION('',(0.,-0.,1.));
#1946 = FACE_BOUND('',#1947,.F.);
#1947 = EDGE_LOOP('',(#1948,#1959,#1967,#1976,#1984,#1993));
#1948 = ORIENTED_EDGE('',*,*,#1949,.F.);
#1949 = EDGE_CURVE('',#1950,#1952,#1954,.T.);
#1950 = VERTEX_POINT('',#1951);
#1951 = CARTESIAN_POINT('',(-5.,135.1,-39.));
#1952 = VERTEX_POINT('',#1953);
#1953 = CARTESIAN_POINT('',(-7.,135.1,-41.));
#1954 = CIRCLE('',#1955,2.);
#1955 = AXIS2_PLACEMENT_3D('',#1956,#1957,#1958);
#1956 = CARTESIAN_POINT('',(-5.,135.1,-41.));
#1957 = DIRECTION('',(-0.,-1.,0.));
#1958 = DIRECTION('',(-1.,0.,3.5527136788E-15));
#1959 = ORIENTED_EDGE('',*,*,#1960,.T.);
#1960 = EDGE_CURVE('',#1950,#1961,#1963,.T.);
#1961 = VERTEX_POINT('',#1962);
#1962 = CARTESIAN_POINT('',(0.19037400509,135.1,-39.));
#1963 = LINE('',#1964,#1965);
#1964 = CARTESIAN_POINT('',(-2.5,135.1,-39.));
#1965 = VECTOR('',#1966,1.);
#1966 = DIRECTION('',(1.,-0.,0.));
#1967 = ORIENTED_EDGE('',*,*,#1968,.F.);
#1968 = EDGE_CURVE('',#1969,#1961,#1971,.T.);
#1969 = VERTEX_POINT('',#1970);
#1970 = CARTESIAN_POINT('',(1.271889187717,135.1,-42.68235695075));
#1971 = CIRCLE('',#1972,2.);
#1972 = AXIS2_PLACEMENT_3D('',#1973,#1974,#1975);
#1973 = CARTESIAN_POINT('',(0.19037400509,135.1,-41.));
#1974 = DIRECTION('',(-0.,-1.,0.));
#1975 = DIRECTION('',(-3.885780586188E-16,0.,1.));
#1976 = ORIENTED_EDGE('',*,*,#1977,.T.);
#1977 = EDGE_CURVE('',#1969,#1978,#1980,.T.);
#1978 = VERTEX_POINT('',#1979);
#1979 = CARTESIAN_POINT('',(-3.918484817373,135.1,-46.01902595402));
#1980 = LINE('',#1981,#1982);
#1981 = CARTESIAN_POINT('',(-2.449283641989,135.1,-45.07453948413));
#1982 = VECTOR('',#1983,1.);
#1983 = DIRECTION('',(-0.841178475377,0.,-0.540757591313));
#1984 = ORIENTED_EDGE('',*,*,#1985,.F.);
#1985 = EDGE_CURVE('',#1986,#1978,#1988,.T.);
#1986 = VERTEX_POINT('',#1987);
#1987 = CARTESIAN_POINT('',(-7.,135.1,-44.33666900327));
#1988 = CIRCLE('',#1989,2.);
#1989 = AXIS2_PLACEMENT_3D('',#1990,#1991,#1992);
#1990 = CARTESIAN_POINT('',(-5.,135.1,-44.33666900327));
#1991 = DIRECTION('',(0.,-1.,-0.));
#1992 = DIRECTION('',(0.540757591313,0.,-0.841178475377));
#1993 = ORIENTED_EDGE('',*,*,#1994,.T.);
#1994 = EDGE_CURVE('',#1986,#1952,#1995,.T.);
#1995 = LINE('',#1996,#1997);
#1996 = CARTESIAN_POINT('',(-7.,135.1,-50.70093943282));
#1997 = VECTOR('',#1998,1.);
#1998 = DIRECTION('',(0.,0.,1.));
#1999 = FACE_BOUND('',#2000,.F.);
#2000 = EDGE_LOOP('',(#2001,#2012,#2020,#2029,#2037,#2046));
#2001 = ORIENTED_EDGE('',*,*,#2002,.F.);
#2002 = EDGE_CURVE('',#2003,#2005,#2007,.T.);
#2003 = VERTEX_POINT('',#2004);
#2004 = CARTESIAN_POINT('',(-5.,135.1,-103.));
#2005 = VERTEX_POINT('',#2006);
#2006 = CARTESIAN_POINT('',(-7.,135.1,-105.));
#2007 = CIRCLE('',#2008,2.);
#2008 = AXIS2_PLACEMENT_3D('',#2009,#2010,#2011);
#2009 = CARTESIAN_POINT('',(-5.,135.1,-105.));
#2010 = DIRECTION('',(-0.,-1.,-0.));
#2011 = DIRECTION('',(-1.,0.,0.));
#2012 = ORIENTED_EDGE('',*,*,#2013,.T.);
#2013 = EDGE_CURVE('',#2003,#2014,#2016,.T.);
#2014 = VERTEX_POINT('',#2015);
#2015 = CARTESIAN_POINT('',(1.217364760952,135.1,-103.));
#2016 = LINE('',#2017,#2018);
#2017 = CARTESIAN_POINT('',(-2.5,135.1,-103.));
#2018 = VECTOR('',#2019,1.);
#2019 = DIRECTION('',(1.,-0.,0.));
#2020 = ORIENTED_EDGE('',*,*,#2021,.F.);
#2021 = EDGE_CURVE('',#2022,#2014,#2024,.T.);
#2022 = VERTEX_POINT('',#2023);
#2023 = CARTESIAN_POINT('',(2.453007864816,135.1,-106.5726366776));
#2024 = CIRCLE('',#2025,2.);
#2025 = AXIS2_PLACEMENT_3D('',#2026,#2027,#2028);
#2026 = CARTESIAN_POINT('',(1.217364760952,135.1,-105.));
#2027 = DIRECTION('',(-0.,-1.,0.));
#2028 = DIRECTION('',(7.771561172376E-16,-0.,1.));
#2029 = ORIENTED_EDGE('',*,*,#2030,.T.);
#2030 = EDGE_CURVE('',#2022,#2031,#2033,.T.);
#2031 = VERTEX_POINT('',#2032);
#2032 = CARTESIAN_POINT('',(-3.764356896136,135.1,-111.4577089898));
#2033 = LINE('',#2034,#2035);
#2034 = CARTESIAN_POINT('',(13.720128035237,135.1,-97.71989940088));
#2035 = VECTOR('',#2036,1.);
#2036 = DIRECTION('',(-0.786318338822,0.,-0.617821551932));
#2037 = ORIENTED_EDGE('',*,*,#2038,.F.);
#2038 = EDGE_CURVE('',#2039,#2031,#2041,.T.);
#2039 = VERTEX_POINT('',#2040);
#2040 = CARTESIAN_POINT('',(-7.,135.1,-109.8850723121));
#2041 = CIRCLE('',#2042,2.);
#2042 = AXIS2_PLACEMENT_3D('',#2043,#2044,#2045);
#2043 = CARTESIAN_POINT('',(-5.,135.1,-109.8850723121));
#2044 = DIRECTION('',(0.,-1.,-0.));
#2045 = DIRECTION('',(0.617821551932,0.,-0.786318338822));
#2046 = ORIENTED_EDGE('',*,*,#2047,.T.);
#2047 = EDGE_CURVE('',#2039,#2005,#2048,.T.);
#2048 = LINE('',#2049,#2050);
#2049 = CARTESIAN_POINT('',(-7.,135.1,-83.47514108727));
#2050 = VECTOR('',#2051,1.);
#2051 = DIRECTION('',(0.,0.,1.));
#2052 = FACE_BOUND('',#2053,.F.);
#2053 = EDGE_LOOP('',(#2054,#2065,#2073,#2082,#2090,#2099));
#2054 = ORIENTED_EDGE('',*,*,#2055,.F.);
#2055 = EDGE_CURVE('',#2056,#2058,#2060,.T.);
#2056 = VERTEX_POINT('',#2057);
#2057 = CARTESIAN_POINT('',(7.,135.1,-68.82842712474));
#2058 = VERTEX_POINT('',#2059);
#2059 = CARTESIAN_POINT('',(3.585786437627,135.1,-67.41421356237));
#2060 = CIRCLE('',#2061,2.);
#2061 = AXIS2_PLACEMENT_3D('',#2062,#2063,#2064);
#2062 = CARTESIAN_POINT('',(5.,135.1,-68.82842712474));
#2063 = DIRECTION('',(0.,-1.,-0.));
#2064 = DIRECTION('',(-0.707106781187,-0.,0.707106781187));
#2065 = ORIENTED_EDGE('',*,*,#2066,.T.);
#2066 = EDGE_CURVE('',#2056,#2067,#2069,.T.);
#2067 = VERTEX_POINT('',#2068);
#2068 = CARTESIAN_POINT('',(7.,135.1,-76.));
#2069 = LINE('',#2070,#2071);
#2070 = CARTESIAN_POINT('',(7.,135.1,-62.94681849356));
#2071 = VECTOR('',#2072,1.);
#2072 = DIRECTION('',(0.,0.,-1.));
#2073 = ORIENTED_EDGE('',*,*,#2074,.F.);
#2074 = EDGE_CURVE('',#2075,#2067,#2077,.T.);
#2075 = VERTEX_POINT('',#2076);
#2076 = CARTESIAN_POINT('',(5.,135.1,-78.));
#2077 = CIRCLE('',#2078,2.);
#2078 = AXIS2_PLACEMENT_3D('',#2079,#2080,#2081);
#2079 = CARTESIAN_POINT('',(5.,135.1,-76.));
#2080 = DIRECTION('',(0.,-1.,-0.));
#2081 = DIRECTION('',(1.,0.,0.));
#2082 = ORIENTED_EDGE('',*,*,#2083,.T.);
#2083 = EDGE_CURVE('',#2075,#2084,#2086,.T.);
#2084 = VERTEX_POINT('',#2085);
#2085 = CARTESIAN_POINT('',(-2.171572875254,135.1,-78.));
#2086 = LINE('',#2087,#2088);
#2087 = CARTESIAN_POINT('',(2.5,135.1,-78.));
#2088 = VECTOR('',#2089,1.);
#2089 = DIRECTION('',(-1.,0.,0.));
#2090 = ORIENTED_EDGE('',*,*,#2091,.F.);
#2091 = EDGE_CURVE('',#2092,#2084,#2094,.T.);
#2092 = VERTEX_POINT('',#2093);
#2093 = CARTESIAN_POINT('',(-3.585786437627,135.1,-74.58578643762));
#2094 = CIRCLE('',#2095,2.);
#2095 = AXIS2_PLACEMENT_3D('',#2096,#2097,#2098);
#2096 = CARTESIAN_POINT('',(-2.171572875254,135.1,-76.));
#2097 = DIRECTION('',(0.,-1.,-0.));
#2098 = DIRECTION('',(-4.440892098501E-16,0.,-1.));
#2099 = ORIENTED_EDGE('',*,*,#2100,.T.);
#2100 = EDGE_CURVE('',#2092,#2058,#2101,.T.);
#2101 = LINE('',#2102,#2103);
#2102 = CARTESIAN_POINT('',(1.690804315592,135.1,-69.3091956844));
#2103 = VECTOR('',#2104,1.);
#2104 = DIRECTION('',(0.707106781187,-0.,0.707106781187));
#2105 = FACE_BOUND('',#2106,.F.);
#2106 = EDGE_LOOP('',(#2107));
#2107 = ORIENTED_EDGE('',*,*,#2108,.T.);
#2108 = EDGE_CURVE('',#2109,#2109,#2111,.T.);
#2109 = VERTEX_POINT('',#2110);
#2110 = CARTESIAN_POINT('',(10.5,135.1,-53.3));
#2111 = CIRCLE('',#2112,1.7);
#2112 = AXIS2_PLACEMENT_3D('',#2113,#2114,#2115);
#2113 = CARTESIAN_POINT('',(10.5,135.1,-55.));
#2114 = DIRECTION('',(0.,1.,0.));
#2115 = DIRECTION('',(0.,-0.,1.));
#2116 = FACE_BOUND('',#2117,.F.);
#2117 = EDGE_LOOP('',(#2118));
#2118 = ORIENTED_EDGE('',*,*,#2119,.T.);
#2119 = EDGE_CURVE('',#2120,#2120,#2122,.T.);
#2120 = VERTEX_POINT('',#2121);
#2121 = CARTESIAN_POINT('',(10.5,135.1,-80.3));
#2122 = CIRCLE('',#2123,1.7);
#2123 = AXIS2_PLACEMENT_3D('',#2124,#2125,#2126);
#2124 = CARTESIAN_POINT('',(10.5,135.1,-82.));
#2125 = DIRECTION('',(0.,1.,0.));
#2126 = DIRECTION('',(0.,-0.,1.));
#2127 = FACE_BOUND('',#2128,.F.);
#2128 = EDGE_LOOP('',(#2129));
#2129 = ORIENTED_EDGE('',*,*,#2130,.T.);
#2130 = EDGE_CURVE('',#2131,#2131,#2133,.T.);
#2131 = VERTEX_POINT('',#2132);
#2132 = CARTESIAN_POINT('',(-2.08189955855E-15,135.1,-121.5));
#2133 = CIRCLE('',#2134,8.5);
#2134 = AXIS2_PLACEMENT_3D('',#2135,#2136,#2137);
#2135 = CARTESIAN_POINT('',(0.,135.1,-130.));
#2136 = DIRECTION('',(0.,1.,0.));
#2137 = DIRECTION('',(0.,-0.,1.));
#2138 = PLANE('',#2139);
#2139 = AXIS2_PLACEMENT_3D('',#2140,#2141,#2142);
#2140 = CARTESIAN_POINT('',(6.214049026025E-16,135.1,-57.06520986237));
#2141 = DIRECTION('',(-0.,-1.,-0.));
#2142 = DIRECTION('',(0.,0.,-1.));
#2143 = ADVANCED_FACE('',(#2144),#2163,.T.);
#2144 = FACE_BOUND('',#2145,.T.);
#2145 = EDGE_LOOP('',(#2146,#2147,#2148,#2156));
#2146 = ORIENTED_EDGE('',*,*,#703,.T.);
#2147 = ORIENTED_EDGE('',*,*,#1882,.T.);
#2148 = ORIENTED_EDGE('',*,*,#2149,.F.);
#2149 = EDGE_CURVE('',#2150,#1883,#2152,.T.);
#2150 = VERTEX_POINT('',#2151);
#2151 = CARTESIAN_POINT('',(-14.8,132.1,-50.));
#2152 = LINE('',#2153,#2154);
#2153 = CARTESIAN_POINT('',(-14.8,132.1,-50.));
#2154 = VECTOR('',#2155,1.);
#2155 = DIRECTION('',(0.,1.,0.));
#2156 = ORIENTED_EDGE('',*,*,#2157,.F.);
#2157 = EDGE_CURVE('',#704,#2150,#2158,.T.);
#2158 = B_SPLINE_CURVE_WITH_KNOTS('',3,(#2159,#2160,#2161,#2162),
  .UNSPECIFIED.,.F.,.F.,(4,4),(0.,1.),.PIECEWISE_BEZIER_KNOTS.);
#2159 = CARTESIAN_POINT('',(-20.15254326381,132.1,-20.15254326381));
#2160 = CARTESIAN_POINT('',(-16.,132.1,-25.));
#2161 = CARTESIAN_POINT('',(-14.8,132.1,-38.));
#2162 = CARTESIAN_POINT('',(-14.8,132.1,-50.));
#2163 = SURFACE_OF_LINEAR_EXTRUSION('',#2164,#2169);
#2164 = B_SPLINE_CURVE_WITH_KNOTS('',3,(#2165,#2166,#2167,#2168),
  .UNSPECIFIED.,.F.,.F.,(4,4),(0.,1.),.PIECEWISE_BEZIER_KNOTS.);
#2165 = CARTESIAN_POINT('',(-20.15254326381,132.1,-20.15254326381));
#2166 = CARTESIAN_POINT('',(-16.,132.1,-25.));
#2167 = CARTESIAN_POINT('',(-14.8,132.1,-38.));
#2168 = CARTESIAN_POINT('',(-14.8,132.1,-50.));
#2169 = VECTOR('',#2170,1.);
#2170 = DIRECTION('',(-0.,-1.,-0.));
#2171 = ADVANCED_FACE('',(#2172,#2211,#2222,#2233,#2244,#2297,#2308,
    #2319,#2372,#2383,#2386,#2397,#2400,#2453,#2464,#2475),#2486,.T.);
#2172 = FACE_BOUND('',#2173,.T.);
#2173 = EDGE_LOOP('',(#2174,#2175,#2176,#2185,#2194,#2203,#2210));
#2174 = ORIENTED_EDGE('',*,*,#711,.T.);
#2175 = ORIENTED_EDGE('',*,*,#2157,.T.);
#2176 = ORIENTED_EDGE('',*,*,#2177,.T.);
#2177 = EDGE_CURVE('',#2150,#2178,#2180,.T.);
#2178 = VERTEX_POINT('',#2179);
#2179 = CARTESIAN_POINT('',(-15.5,132.1,-130.));
#2180 = B_SPLINE_CURVE_WITH_KNOTS('',3,(#2181,#2182,#2183,#2184),
  .UNSPECIFIED.,.F.,.F.,(4,4),(0.,1.),.PIECEWISE_BEZIER_KNOTS.);
#2181 = CARTESIAN_POINT('',(-14.8,132.1,-50.));
#2182 = CARTESIAN_POINT('',(-14.8,132.1,-75.));
#2183 = CARTESIAN_POINT('',(-15.5,132.1,-109.));
#2184 = CARTESIAN_POINT('',(-15.5,132.1,-130.));
#2185 = ORIENTED_EDGE('',*,*,#2186,.T.);
#2186 = EDGE_CURVE('',#2178,#2187,#2189,.T.);
#2187 = VERTEX_POINT('',#2188);
#2188 = CARTESIAN_POINT('',(15.5,132.1,-130.));
#2189 = CIRCLE('',#2190,15.5);
#2190 = AXIS2_PLACEMENT_3D('',#2191,#2192,#2193);
#2191 = CARTESIAN_POINT('',(0.,132.1,-130.));
#2192 = DIRECTION('',(0.,-1.,0.));
#2193 = DIRECTION('',(-1.,0.,0.));
#2194 = ORIENTED_EDGE('',*,*,#2195,.T.);
#2195 = EDGE_CURVE('',#2187,#2196,#2198,.T.);
#2196 = VERTEX_POINT('',#2197);
#2197 = CARTESIAN_POINT('',(14.8,132.1,-50.));
#2198 = B_SPLINE_CURVE_WITH_KNOTS('',3,(#2199,#2200,#2201,#2202),
  .UNSPECIFIED.,.F.,.F.,(4,4),(0.,1.),.PIECEWISE_BEZIER_KNOTS.);
#2199 = CARTESIAN_POINT('',(15.5,132.1,-130.));
#2200 = CARTESIAN_POINT('',(15.5,132.1,-109.));
#2201 = CARTESIAN_POINT('',(14.8,132.1,-75.));
#2202 = CARTESIAN_POINT('',(14.8,132.1,-50.));
#2203 = ORIENTED_EDGE('',*,*,#2204,.T.);
#2204 = EDGE_CURVE('',#2196,#728,#2205,.T.);
#2205 = B_SPLINE_CURVE_WITH_KNOTS('',3,(#2206,#2207,#2208,#2209),
  .UNSPECIFIED.,.F.,.F.,(4,4),(0.,1.),.PIECEWISE_BEZIER_KNOTS.);
#2206 = CARTESIAN_POINT('',(14.8,132.1,-50.));
#2207 = CARTESIAN_POINT('',(14.8,132.1,-38.));
#2208 = CARTESIAN_POINT('',(16.,132.1,-25.));
#2209 = CARTESIAN_POINT('',(20.152543263817,132.1,-20.15254326381));
#2210 = ORIENTED_EDGE('',*,*,#727,.T.);
#2211 = FACE_BOUND('',#2212,.T.);
#2212 = EDGE_LOOP('',(#2213));
#2213 = ORIENTED_EDGE('',*,*,#2214,.T.);
#2214 = EDGE_CURVE('',#2215,#2215,#2217,.T.);
#2215 = VERTEX_POINT('',#2216);
#2216 = CARTESIAN_POINT('',(-21.65063509461,132.1,14.2));
#2217 = CIRCLE('',#2218,1.7);
#2218 = AXIS2_PLACEMENT_3D('',#2219,#2220,#2221);
#2219 = CARTESIAN_POINT('',(-21.65063509461,132.1,12.5));
#2220 = DIRECTION('',(0.,1.,0.));
#2221 = DIRECTION('',(0.,-0.,1.));
#2222 = FACE_BOUND('',#2223,.T.);
#2223 = EDGE_LOOP('',(#2224));
#2224 = ORIENTED_EDGE('',*,*,#2225,.T.);
#2225 = EDGE_CURVE('',#2226,#2226,#2228,.T.);
#2226 = VERTEX_POINT('',#2227);
#2227 = CARTESIAN_POINT('',(-21.65063509461,132.1,-10.8));
#2228 = CIRCLE('',#2229,1.7);
#2229 = AXIS2_PLACEMENT_3D('',#2230,#2231,#2232);
#2230 = CARTESIAN_POINT('',(-21.65063509461,132.1,-12.5));
#2231 = DIRECTION('',(0.,1.,0.));
#2232 = DIRECTION('',(0.,-0.,1.));
#2233 = FACE_BOUND('',#2234,.T.);
#2234 = EDGE_LOOP('',(#2235));
#2235 = ORIENTED_EDGE('',*,*,#2236,.T.);
#2236 = EDGE_CURVE('',#2237,#2237,#2239,.T.);
#2237 = VERTEX_POINT('',#2238);
#2238 = CARTESIAN_POINT('',(-5.008805408513E-15,132.1,-23.3));
#2239 = CIRCLE('',#2240,1.7);
#2240 = AXIS2_PLACEMENT_3D('',#2241,#2242,#2243);
#2241 = CARTESIAN_POINT('',(-4.592425496803E-15,132.1,-25.));
#2242 = DIRECTION('',(0.,1.,0.));
#2243 = DIRECTION('',(0.,-0.,1.));
#2244 = FACE_BOUND('',#2245,.T.);
#2245 = EDGE_LOOP('',(#2246,#2257,#2265,#2274,#2282,#2291));
#2246 = ORIENTED_EDGE('',*,*,#2247,.F.);
#2247 = EDGE_CURVE('',#2248,#2250,#2252,.T.);
#2248 = VERTEX_POINT('',#2249);
#2249 = CARTESIAN_POINT('',(-5.,132.1,-39.));
#2250 = VERTEX_POINT('',#2251);
#2251 = CARTESIAN_POINT('',(-7.,132.1,-41.));
#2252 = CIRCLE('',#2253,2.);
#2253 = AXIS2_PLACEMENT_3D('',#2254,#2255,#2256);
#2254 = CARTESIAN_POINT('',(-5.,132.1,-41.));
#2255 = DIRECTION('',(-0.,-1.,0.));
#2256 = DIRECTION('',(-1.,0.,3.5527136788E-15));
#2257 = ORIENTED_EDGE('',*,*,#2258,.T.);
#2258 = EDGE_CURVE('',#2248,#2259,#2261,.T.);
#2259 = VERTEX_POINT('',#2260);
#2260 = CARTESIAN_POINT('',(0.19037400509,132.1,-39.));
#2261 = LINE('',#2262,#2263);
#2262 = CARTESIAN_POINT('',(-2.5,132.1,-39.));
#2263 = VECTOR('',#2264,1.);
#2264 = DIRECTION('',(1.,-0.,0.));
#2265 = ORIENTED_EDGE('',*,*,#2266,.F.);
#2266 = EDGE_CURVE('',#2267,#2259,#2269,.T.);
#2267 = VERTEX_POINT('',#2268);
#2268 = CARTESIAN_POINT('',(1.271889187717,132.1,-42.68235695075));
#2269 = CIRCLE('',#2270,2.);
#2270 = AXIS2_PLACEMENT_3D('',#2271,#2272,#2273);
#2271 = CARTESIAN_POINT('',(0.19037400509,132.1,-41.));
#2272 = DIRECTION('',(-0.,-1.,0.));
#2273 = DIRECTION('',(-3.885780586188E-16,0.,1.));
#2274 = ORIENTED_EDGE('',*,*,#2275,.T.);
#2275 = EDGE_CURVE('',#2267,#2276,#2278,.T.);
#2276 = VERTEX_POINT('',#2277);
#2277 = CARTESIAN_POINT('',(-3.918484817373,132.1,-46.01902595402));
#2278 = LINE('',#2279,#2280);
#2279 = CARTESIAN_POINT('',(-1.982974406782,132.1,-44.7747692615));
#2280 = VECTOR('',#2281,1.);
#2281 = DIRECTION('',(-0.841178475377,0.,-0.540757591313));
#2282 = ORIENTED_EDGE('',*,*,#2283,.F.);
#2283 = EDGE_CURVE('',#2284,#2276,#2286,.T.);
#2284 = VERTEX_POINT('',#2285);
#2285 = CARTESIAN_POINT('',(-7.,132.1,-44.33666900327));
#2286 = CIRCLE('',#2287,2.);
#2287 = AXIS2_PLACEMENT_3D('',#2288,#2289,#2290);
#2288 = CARTESIAN_POINT('',(-5.,132.1,-44.33666900327));
#2289 = DIRECTION('',(0.,-1.,-0.));
#2290 = DIRECTION('',(0.540757591313,0.,-0.841178475377));
#2291 = ORIENTED_EDGE('',*,*,#2292,.T.);
#2292 = EDGE_CURVE('',#2284,#2250,#2293,.T.);
#2293 = LINE('',#2294,#2295);
#2294 = CARTESIAN_POINT('',(-7.,132.1,-49.67579928875));
#2295 = VECTOR('',#2296,1.);
#2296 = DIRECTION('',(0.,0.,1.));
#2297 = FACE_BOUND('',#2298,.T.);
#2298 = EDGE_LOOP('',(#2299));
#2299 = ORIENTED_EDGE('',*,*,#2300,.T.);
#2300 = EDGE_CURVE('',#2301,#2301,#2303,.T.);
#2301 = VERTEX_POINT('',#2302);
#2302 = CARTESIAN_POINT('',(-10.5,132.1,-51.8));
#2303 = CIRCLE('',#2304,3.2);
#2304 = AXIS2_PLACEMENT_3D('',#2305,#2306,#2307);
#2305 = CARTESIAN_POINT('',(-10.5,132.1,-55.));
#2306 = DIRECTION('',(0.,1.,0.));
#2307 = DIRECTION('',(0.,-0.,1.));
#2308 = FACE_BOUND('',#2309,.T.);
#2309 = EDGE_LOOP('',(#2310));
#2310 = ORIENTED_EDGE('',*,*,#2311,.T.);
#2311 = EDGE_CURVE('',#2312,#2312,#2314,.T.);
#2312 = VERTEX_POINT('',#2313);
#2313 = CARTESIAN_POINT('',(-10.5,132.1,-78.8));
#2314 = CIRCLE('',#2315,3.2);
#2315 = AXIS2_PLACEMENT_3D('',#2316,#2317,#2318);
#2316 = CARTESIAN_POINT('',(-10.5,132.1,-82.));
#2317 = DIRECTION('',(0.,1.,0.));
#2318 = DIRECTION('',(0.,-0.,1.));
#2319 = FACE_BOUND('',#2320,.T.);
#2320 = EDGE_LOOP('',(#2321,#2332,#2340,#2349,#2357,#2366));
#2321 = ORIENTED_EDGE('',*,*,#2322,.F.);
#2322 = EDGE_CURVE('',#2323,#2325,#2327,.T.);
#2323 = VERTEX_POINT('',#2324);
#2324 = CARTESIAN_POINT('',(-5.,132.1,-103.));
#2325 = VERTEX_POINT('',#2326);
#2326 = CARTESIAN_POINT('',(-7.,132.1,-105.));
#2327 = CIRCLE('',#2328,2.);
#2328 = AXIS2_PLACEMENT_3D('',#2329,#2330,#2331);
#2329 = CARTESIAN_POINT('',(-5.,132.1,-105.));
#2330 = DIRECTION('',(-0.,-1.,-0.));
#2331 = DIRECTION('',(-1.,0.,0.));
#2332 = ORIENTED_EDGE('',*,*,#2333,.T.);
#2333 = EDGE_CURVE('',#2323,#2334,#2336,.T.);
#2334 = VERTEX_POINT('',#2335);
#2335 = CARTESIAN_POINT('',(1.217364760952,132.1,-103.));
#2336 = LINE('',#2337,#2338);
#2337 = CARTESIAN_POINT('',(-2.5,132.1,-103.));
#2338 = VECTOR('',#2339,1.);
#2339 = DIRECTION('',(1.,-0.,0.));
#2340 = ORIENTED_EDGE('',*,*,#2341,.F.);
#2341 = EDGE_CURVE('',#2342,#2334,#2344,.T.);
#2342 = VERTEX_POINT('',#2343);
#2343 = CARTESIAN_POINT('',(2.453007864816,132.1,-106.5726366776));
#2344 = CIRCLE('',#2345,2.);
#2345 = AXIS2_PLACEMENT_3D('',#2346,#2347,#2348);
#2346 = CARTESIAN_POINT('',(1.217364760952,132.1,-105.));
#2347 = DIRECTION('',(-0.,-1.,0.));
#2348 = DIRECTION('',(7.771561172376E-16,-0.,1.));
#2349 = ORIENTED_EDGE('',*,*,#2350,.T.);
#2350 = EDGE_CURVE('',#2342,#2351,#2353,.T.);
#2351 = VERTEX_POINT('',#2352);
#2352 = CARTESIAN_POINT('',(-3.764356896136,132.1,-111.4577089898));
#2353 = LINE('',#2354,#2355);
#2354 = CARTESIAN_POINT('',(14.218145644657,132.1,-97.32859985062));
#2355 = VECTOR('',#2356,1.);
#2356 = DIRECTION('',(-0.786318338822,0.,-0.617821551932));
#2357 = ORIENTED_EDGE('',*,*,#2358,.F.);
#2358 = EDGE_CURVE('',#2359,#2351,#2361,.T.);
#2359 = VERTEX_POINT('',#2360);
#2360 = CARTESIAN_POINT('',(-7.,132.1,-109.8850723121));
#2361 = CIRCLE('',#2362,2.);
#2362 = AXIS2_PLACEMENT_3D('',#2363,#2364,#2365);
#2363 = CARTESIAN_POINT('',(-5.,132.1,-109.8850723121));
#2364 = DIRECTION('',(0.,-1.,-0.));
#2365 = DIRECTION('',(0.617821551932,0.,-0.786318338822));
#2366 = ORIENTED_EDGE('',*,*,#2367,.T.);
#2367 = EDGE_CURVE('',#2359,#2325,#2368,.T.);
#2368 = LINE('',#2369,#2370);
#2369 = CARTESIAN_POINT('',(-7.,132.1,-82.45000094321));
#2370 = VECTOR('',#2371,1.);
#2371 = DIRECTION('',(0.,0.,1.));
#2372 = FACE_BOUND('',#2373,.T.);
#2373 = EDGE_LOOP('',(#2374));
#2374 = ORIENTED_EDGE('',*,*,#2375,.T.);
#2375 = EDGE_CURVE('',#2376,#2376,#2378,.T.);
#2376 = VERTEX_POINT('',#2377);
#2377 = CARTESIAN_POINT('',(1.114428587224E-15,132.1,26.7));
#2378 = CIRCLE('',#2379,1.7);
#2379 = AXIS2_PLACEMENT_3D('',#2380,#2381,#2382);
#2380 = CARTESIAN_POINT('',(1.530808498934E-15,132.1,25.));
#2381 = DIRECTION('',(0.,1.,0.));
#2382 = DIRECTION('',(0.,-0.,1.));
#2383 = FACE_BOUND('',#2384,.T.);
#2384 = EDGE_LOOP('',(#2385));
#2385 = ORIENTED_EDGE('',*,*,#847,.T.);
#2386 = FACE_BOUND('',#2387,.T.);
#2387 = EDGE_LOOP('',(#2388));
#2388 = ORIENTED_EDGE('',*,*,#2389,.T.);
#2389 = EDGE_CURVE('',#2390,#2390,#2392,.T.);
#2390 = VERTEX_POINT('',#2391);
#2391 = CARTESIAN_POINT('',(21.650635094611,132.1,14.2));
#2392 = CIRCLE('',#2393,1.7);
#2393 = AXIS2_PLACEMENT_3D('',#2394,#2395,#2396);
#2394 = CARTESIAN_POINT('',(21.650635094611,132.1,12.5));
#2395 = DIRECTION('',(0.,1.,0.));
#2396 = DIRECTION('',(0.,-0.,1.));
#2397 = FACE_BOUND('',#2398,.T.);
#2398 = EDGE_LOOP('',(#2399));
#2399 = ORIENTED_EDGE('',*,*,#1865,.T.);
#2400 = FACE_BOUND('',#2401,.T.);
#2401 = EDGE_LOOP('',(#2402,#2413,#2421,#2430,#2438,#2447));
#2402 = ORIENTED_EDGE('',*,*,#2403,.F.);
#2403 = EDGE_CURVE('',#2404,#2406,#2408,.T.);
#2404 = VERTEX_POINT('',#2405);
#2405 = CARTESIAN_POINT('',(7.,132.1,-68.82842712474));
#2406 = VERTEX_POINT('',#2407);
#2407 = CARTESIAN_POINT('',(3.585786437627,132.1,-67.41421356237));
#2408 = CIRCLE('',#2409,2.);
#2409 = AXIS2_PLACEMENT_3D('',#2410,#2411,#2412);
#2410 = CARTESIAN_POINT('',(5.,132.1,-68.82842712474));
#2411 = DIRECTION('',(0.,-1.,-0.));
#2412 = DIRECTION('',(-0.707106781187,-0.,0.707106781187));
#2413 = ORIENTED_EDGE('',*,*,#2414,.T.);
#2414 = EDGE_CURVE('',#2404,#2415,#2417,.T.);
#2415 = VERTEX_POINT('',#2416);
#2416 = CARTESIAN_POINT('',(7.,132.1,-76.));
#2417 = LINE('',#2418,#2419);
#2418 = CARTESIAN_POINT('',(7.,132.1,-61.92167834949));
#2419 = VECTOR('',#2420,1.);
#2420 = DIRECTION('',(0.,0.,-1.));
#2421 = ORIENTED_EDGE('',*,*,#2422,.F.);
#2422 = EDGE_CURVE('',#2423,#2415,#2425,.T.);
#2423 = VERTEX_POINT('',#2424);
#2424 = CARTESIAN_POINT('',(5.,132.1,-78.));
#2425 = CIRCLE('',#2426,2.);
#2426 = AXIS2_PLACEMENT_3D('',#2427,#2428,#2429);
#2427 = CARTESIAN_POINT('',(5.,132.1,-76.));
#2428 = DIRECTION('',(0.,-1.,-0.));
#2429 = DIRECTION('',(1.,0.,0.));
#2430 = ORIENTED_EDGE('',*,*,#2431,.T.);
#2431 = EDGE_CURVE('',#2423,#2432,#2434,.T.);
#2432 = VERTEX_POINT('',#2433);
#2433 = CARTESIAN_POINT('',(-2.171572875254,132.1,-78.));
#2434 = LINE('',#2435,#2436);
#2435 = CARTESIAN_POINT('',(2.5,132.1,-78.));
#2436 = VECTOR('',#2437,1.);
#2437 = DIRECTION('',(-1.,0.,0.));
#2438 = ORIENTED_EDGE('',*,*,#2439,.F.);
#2439 = EDGE_CURVE('',#2440,#2432,#2442,.T.);
#2440 = VERTEX_POINT('',#2441);
#2441 = CARTESIAN_POINT('',(-3.585786437627,132.1,-74.58578643762));
#2442 = CIRCLE('',#2443,2.);
#2443 = AXIS2_PLACEMENT_3D('',#2444,#2445,#2446);
#2444 = CARTESIAN_POINT('',(-2.171572875254,132.1,-76.));
#2445 = DIRECTION('',(0.,-1.,-0.));
#2446 = DIRECTION('',(-4.440892098501E-16,0.,-1.));
#2447 = ORIENTED_EDGE('',*,*,#2448,.T.);
#2448 = EDGE_CURVE('',#2440,#2406,#2449,.T.);
#2449 = LINE('',#2450,#2451);
#2450 = CARTESIAN_POINT('',(2.203374387625,132.1,-68.79662561237));
#2451 = VECTOR('',#2452,1.);
#2452 = DIRECTION('',(0.707106781187,-0.,0.707106781187));
#2453 = FACE_BOUND('',#2454,.T.);
#2454 = EDGE_LOOP('',(#2455));
#2455 = ORIENTED_EDGE('',*,*,#2456,.T.);
#2456 = EDGE_CURVE('',#2457,#2457,#2459,.T.);
#2457 = VERTEX_POINT('',#2458);
#2458 = CARTESIAN_POINT('',(10.5,132.1,-51.8));
#2459 = CIRCLE('',#2460,3.2);
#2460 = AXIS2_PLACEMENT_3D('',#2461,#2462,#2463);
#2461 = CARTESIAN_POINT('',(10.5,132.1,-55.));
#2462 = DIRECTION('',(0.,1.,0.));
#2463 = DIRECTION('',(0.,-0.,1.));
#2464 = FACE_BOUND('',#2465,.T.);
#2465 = EDGE_LOOP('',(#2466));
#2466 = ORIENTED_EDGE('',*,*,#2467,.T.);
#2467 = EDGE_CURVE('',#2468,#2468,#2470,.T.);
#2468 = VERTEX_POINT('',#2469);
#2469 = CARTESIAN_POINT('',(10.5,132.1,-78.8));
#2470 = CIRCLE('',#2471,3.2);
#2471 = AXIS2_PLACEMENT_3D('',#2472,#2473,#2474);
#2472 = CARTESIAN_POINT('',(10.5,132.1,-82.));
#2473 = DIRECTION('',(0.,1.,0.));
#2474 = DIRECTION('',(0.,-0.,1.));
#2475 = FACE_BOUND('',#2476,.T.);
#2476 = EDGE_LOOP('',(#2477));
#2477 = ORIENTED_EDGE('',*,*,#2478,.T.);
#2478 = EDGE_CURVE('',#2479,#2479,#2481,.T.);
#2479 = VERTEX_POINT('',#2480);
#2480 = CARTESIAN_POINT('',(-1.126675055216E-15,132.1,-125.4));
#2481 = CIRCLE('',#2482,4.6);
#2482 = AXIS2_PLACEMENT_3D('',#2483,#2484,#2485);
#2483 = CARTESIAN_POINT('',(0.,132.1,-130.));
#2484 = DIRECTION('',(0.,1.,0.));
#2485 = DIRECTION('',(0.,-0.,1.));
#2486 = PLANE('',#2487);
#2487 = AXIS2_PLACEMENT_3D('',#2488,#2489,#2490);
#2488 = CARTESIAN_POINT('',(-7.244358751093E-16,132.1,-55.01492957424));
#2489 = DIRECTION('',(-0.,-1.,-0.));
#2490 = DIRECTION('',(0.,0.,-1.));
#2491 = ADVANCED_FACE('',(#2492),#2503,.T.);
#2492 = FACE_BOUND('',#2493,.T.);
#2493 = EDGE_LOOP('',(#2494,#2500,#2501,#2502));
#2494 = ORIENTED_EDGE('',*,*,#2495,.T.);
#2495 = EDGE_CURVE('',#2196,#1910,#2496,.T.);
#2496 = LINE('',#2497,#2498);
#2497 = CARTESIAN_POINT('',(14.8,132.1,-50.));
#2498 = VECTOR('',#2499,1.);
#2499 = DIRECTION('',(0.,1.,0.));
#2500 = ORIENTED_EDGE('',*,*,#1918,.T.);
#2501 = ORIENTED_EDGE('',*,*,#736,.F.);
#2502 = ORIENTED_EDGE('',*,*,#2204,.F.);
#2503 = SURFACE_OF_LINEAR_EXTRUSION('',#2504,#2509);
#2504 = B_SPLINE_CURVE_WITH_KNOTS('',3,(#2505,#2506,#2507,#2508),
  .UNSPECIFIED.,.F.,.F.,(4,4),(0.,1.),.PIECEWISE_BEZIER_KNOTS.);
#2505 = CARTESIAN_POINT('',(14.8,132.1,-50.));
#2506 = CARTESIAN_POINT('',(14.8,132.1,-38.));
#2507 = CARTESIAN_POINT('',(16.,132.1,-25.));
#2508 = CARTESIAN_POINT('',(20.152543263817,132.1,-20.15254326381));
#2509 = VECTOR('',#2510,1.);
#2510 = DIRECTION('',(-0.,-1.,-0.));
#2511 = ADVANCED_FACE('',(#2512),#2524,.T.);
#2512 = FACE_BOUND('',#2513,.T.);
#2513 = EDGE_LOOP('',(#2514,#2521,#2522,#2523));
#2514 = ORIENTED_EDGE('',*,*,#2515,.F.);
#2515 = EDGE_CURVE('',#793,#1682,#2516,.T.);
#2516 = CIRCLE('',#2517,22.2);
#2517 = AXIS2_PLACEMENT_3D('',#2518,#2519,#2520);
#2518 = CARTESIAN_POINT('',(0.,138.1,0.));
#2519 = DIRECTION('',(0.,1.,0.));
#2520 = DIRECTION('',(0.,-0.,1.));
#2521 = ORIENTED_EDGE('',*,*,#792,.T.);
#2522 = ORIENTED_EDGE('',*,*,#767,.T.);
#2523 = ORIENTED_EDGE('',*,*,#1681,.F.);
#2524 = PLANE('',#2525);
#2525 = AXIS2_PLACEMENT_3D('',#2526,#2527,#2528);
#2526 = CARTESIAN_POINT('',(0.,138.1,0.));
#2527 = DIRECTION('',(0.,1.,0.));
#2528 = DIRECTION('',(0.,-0.,1.));
#2529 = ADVANCED_FACE('',(#2530),#2544,.T.);
#2530 = FACE_BOUND('',#2531,.T.);
#2531 = EDGE_LOOP('',(#2532,#2533,#2540,#2541,#2542,#2543));
#2532 = ORIENTED_EDGE('',*,*,#808,.T.);
#2533 = ORIENTED_EDGE('',*,*,#2534,.T.);
#2534 = EDGE_CURVE('',#801,#1690,#2535,.T.);
#2535 = CIRCLE('',#2536,22.2);
#2536 = AXIS2_PLACEMENT_3D('',#2537,#2538,#2539);
#2537 = CARTESIAN_POINT('',(0.,136.2,0.));
#2538 = DIRECTION('',(0.,1.,0.));
#2539 = DIRECTION('',(0.,-0.,1.));
#2540 = ORIENTED_EDGE('',*,*,#1697,.F.);
#2541 = ORIENTED_EDGE('',*,*,#1662,.F.);
#2542 = ORIENTED_EDGE('',*,*,#991,.F.);
#2543 = ORIENTED_EDGE('',*,*,#822,.F.);
#2544 = PLANE('',#2545);
#2545 = AXIS2_PLACEMENT_3D('',#2546,#2547,#2548);
#2546 = CARTESIAN_POINT('',(-1.555080398969,136.2,-1.882552085234E-15));
#2547 = DIRECTION('',(0.,1.,0.));
#2548 = DIRECTION('',(0.,-0.,1.));
#2549 = ADVANCED_FACE('',(#2550),#2556,.F.);
#2550 = FACE_BOUND('',#2551,.F.);
#2551 = EDGE_LOOP('',(#2552,#2553,#2554,#2555));
#2552 = ORIENTED_EDGE('',*,*,#2515,.F.);
#2553 = ORIENTED_EDGE('',*,*,#800,.F.);
#2554 = ORIENTED_EDGE('',*,*,#2534,.T.);
#2555 = ORIENTED_EDGE('',*,*,#1689,.T.);
#2556 = CYLINDRICAL_SURFACE('',#2557,22.2);
#2557 = AXIS2_PLACEMENT_3D('',#2558,#2559,#2560);
#2558 = CARTESIAN_POINT('',(0.,136.2,0.));
#2559 = DIRECTION('',(0.,1.,0.));
#2560 = DIRECTION('',(0.,-0.,1.));
#2561 = ADVANCED_FACE('',(#2562),#2576,.T.);
#2562 = FACE_BOUND('',#2563,.T.);
#2563 = EDGE_LOOP('',(#2564,#2565,#2572,#2573,#2574,#2575));
#2564 = ORIENTED_EDGE('',*,*,#1621,.T.);
#2565 = ORIENTED_EDGE('',*,*,#2566,.T.);
#2566 = EDGE_CURVE('',#1614,#1549,#2567,.T.);
#2567 = CIRCLE('',#2568,22.2);
#2568 = AXIS2_PLACEMENT_3D('',#2569,#2570,#2571);
#2569 = CARTESIAN_POINT('',(0.,136.2,0.));
#2570 = DIRECTION('',(0.,1.,0.));
#2571 = DIRECTION('',(0.,-0.,1.));
#2572 = ORIENTED_EDGE('',*,*,#1556,.F.);
#2573 = ORIENTED_EDGE('',*,*,#1514,.F.);
#2574 = ORIENTED_EDGE('',*,*,#967,.F.);
#2575 = ORIENTED_EDGE('',*,*,#1635,.F.);
#2576 = PLANE('',#2577);
#2577 = AXIS2_PLACEMENT_3D('',#2578,#2579,#2580);
#2578 = CARTESIAN_POINT('',(-1.555080398969,136.2,-1.882552085234E-15));
#2579 = DIRECTION('',(0.,1.,0.));
#2580 = DIRECTION('',(0.,-0.,1.));
#2581 = ADVANCED_FACE('',(#2582),#2596,.T.);
#2582 = FACE_BOUND('',#2583,.T.);
#2583 = EDGE_LOOP('',(#2584,#2585,#2592,#2593,#2594,#2595));
#2584 = ORIENTED_EDGE('',*,*,#1473,.T.);
#2585 = ORIENTED_EDGE('',*,*,#2586,.T.);
#2586 = EDGE_CURVE('',#1466,#1401,#2587,.T.);
#2587 = CIRCLE('',#2588,22.2);
#2588 = AXIS2_PLACEMENT_3D('',#2589,#2590,#2591);
#2589 = CARTESIAN_POINT('',(0.,136.2,0.));
#2590 = DIRECTION('',(0.,1.,0.));
#2591 = DIRECTION('',(0.,-0.,1.));
#2592 = ORIENTED_EDGE('',*,*,#1408,.F.);
#2593 = ORIENTED_EDGE('',*,*,#1366,.F.);
#2594 = ORIENTED_EDGE('',*,*,#943,.F.);
#2595 = ORIENTED_EDGE('',*,*,#1487,.F.);
#2596 = PLANE('',#2597);
#2597 = AXIS2_PLACEMENT_3D('',#2598,#2599,#2600);
#2598 = CARTESIAN_POINT('',(-1.555080398969,136.2,-1.882552085234E-15));
#2599 = DIRECTION('',(0.,1.,0.));
#2600 = DIRECTION('',(0.,-0.,1.));
#2601 = ADVANCED_FACE('',(#2602),#2610,.T.);
#2602 = FACE_BOUND('',#2603,.T.);
#2603 = EDGE_LOOP('',(#2604,#2605,#2606,#2607,#2608,#2609));
#2604 = ORIENTED_EDGE('',*,*,#1325,.T.);
#2605 = ORIENTED_EDGE('',*,*,#1300,.T.);
#2606 = ORIENTED_EDGE('',*,*,#1276,.F.);
#2607 = ORIENTED_EDGE('',*,*,#1250,.F.);
#2608 = ORIENTED_EDGE('',*,*,#919,.F.);
#2609 = ORIENTED_EDGE('',*,*,#1339,.F.);
#2610 = PLANE('',#2611);
#2611 = AXIS2_PLACEMENT_3D('',#2612,#2613,#2614);
#2612 = CARTESIAN_POINT('',(-1.555080398969,136.2,-1.882552085234E-15));
#2613 = DIRECTION('',(0.,1.,0.));
#2614 = DIRECTION('',(0.,-0.,1.));
#2615 = ADVANCED_FACE('',(#2616),#2624,.T.);
#2616 = FACE_BOUND('',#2617,.T.);
#2617 = EDGE_LOOP('',(#2618,#2619,#2620,#2621,#2622,#2623));
#2618 = ORIENTED_EDGE('',*,*,#1209,.T.);
#2619 = ORIENTED_EDGE('',*,*,#1184,.T.);
#2620 = ORIENTED_EDGE('',*,*,#1160,.F.);
#2621 = ORIENTED_EDGE('',*,*,#1134,.F.);
#2622 = ORIENTED_EDGE('',*,*,#895,.F.);
#2623 = ORIENTED_EDGE('',*,*,#1223,.F.);
#2624 = PLANE('',#2625);
#2625 = AXIS2_PLACEMENT_3D('',#2626,#2627,#2628);
#2626 = CARTESIAN_POINT('',(-1.555080398969,136.2,-1.882552085234E-15));
#2627 = DIRECTION('',(0.,1.,0.));
#2628 = DIRECTION('',(0.,-0.,1.));
#2629 = ADVANCED_FACE('',(#2630),#2638,.T.);
#2630 = FACE_BOUND('',#2631,.T.);
#2631 = EDGE_LOOP('',(#2632,#2633,#2634,#2635,#2636,#2637));
#2632 = ORIENTED_EDGE('',*,*,#1093,.T.);
#2633 = ORIENTED_EDGE('',*,*,#1068,.T.);
#2634 = ORIENTED_EDGE('',*,*,#1044,.F.);
#2635 = ORIENTED_EDGE('',*,*,#1018,.F.);
#2636 = ORIENTED_EDGE('',*,*,#871,.F.);
#2637 = ORIENTED_EDGE('',*,*,#1107,.F.);
#2638 = PLANE('',#2639);
#2639 = AXIS2_PLACEMENT_3D('',#2640,#2641,#2642);
#2640 = CARTESIAN_POINT('',(-1.555080398969,136.2,-1.882552085234E-15));
#2641 = DIRECTION('',(0.,1.,0.));
#2642 = DIRECTION('',(0.,-0.,1.));
#2643 = ADVANCED_FACE('',(#2644),#2656,.F.);
#2644 = FACE_BOUND('',#2645,.F.);
#2645 = EDGE_LOOP('',(#2646,#2653,#2654,#2655));
#2646 = ORIENTED_EDGE('',*,*,#2647,.F.);
#2647 = EDGE_CURVE('',#1458,#1393,#2648,.T.);
#2648 = CIRCLE('',#2649,22.2);
#2649 = AXIS2_PLACEMENT_3D('',#2650,#2651,#2652);
#2650 = CARTESIAN_POINT('',(0.,138.1,0.));
#2651 = DIRECTION('',(0.,1.,0.));
#2652 = DIRECTION('',(0.,-0.,1.));
#2653 = ORIENTED_EDGE('',*,*,#1465,.F.);
#2654 = ORIENTED_EDGE('',*,*,#2586,.T.);
#2655 = ORIENTED_EDGE('',*,*,#1400,.T.);
#2656 = CYLINDRICAL_SURFACE('',#2657,22.2);
#2657 = AXIS2_PLACEMENT_3D('',#2658,#2659,#2660);
#2658 = CARTESIAN_POINT('',(0.,136.2,0.));
#2659 = DIRECTION('',(0.,1.,0.));
#2660 = DIRECTION('',(0.,-0.,1.));
#2661 = ADVANCED_FACE('',(#2662),#2668,.T.);
#2662 = FACE_BOUND('',#2663,.T.);
#2663 = EDGE_LOOP('',(#2664,#2665,#2666,#2667));
#2664 = ORIENTED_EDGE('',*,*,#2647,.F.);
#2665 = ORIENTED_EDGE('',*,*,#1457,.T.);
#2666 = ORIENTED_EDGE('',*,*,#1432,.T.);
#2667 = ORIENTED_EDGE('',*,*,#1392,.F.);
#2668 = PLANE('',#2669);
#2669 = AXIS2_PLACEMENT_3D('',#2670,#2671,#2672);
#2670 = CARTESIAN_POINT('',(0.,138.1,0.));
#2671 = DIRECTION('',(0.,1.,0.));
#2672 = DIRECTION('',(0.,-0.,1.));
#2673 = ADVANCED_FACE('',(#2674),#2686,.F.);
#2674 = FACE_BOUND('',#2675,.F.);
#2675 = EDGE_LOOP('',(#2676,#2683,#2684,#2685));
#2676 = ORIENTED_EDGE('',*,*,#2677,.F.);
#2677 = EDGE_CURVE('',#1606,#1541,#2678,.T.);
#2678 = CIRCLE('',#2679,22.2);
#2679 = AXIS2_PLACEMENT_3D('',#2680,#2681,#2682);
#2680 = CARTESIAN_POINT('',(0.,138.1,0.));
#2681 = DIRECTION('',(0.,1.,0.));
#2682 = DIRECTION('',(0.,-0.,1.));
#2683 = ORIENTED_EDGE('',*,*,#1613,.F.);
#2684 = ORIENTED_EDGE('',*,*,#2566,.T.);
#2685 = ORIENTED_EDGE('',*,*,#1548,.T.);
#2686 = CYLINDRICAL_SURFACE('',#2687,22.2);
#2687 = AXIS2_PLACEMENT_3D('',#2688,#2689,#2690);
#2688 = CARTESIAN_POINT('',(0.,136.2,0.));
#2689 = DIRECTION('',(0.,1.,0.));
#2690 = DIRECTION('',(0.,-0.,1.));
#2691 = ADVANCED_FACE('',(#2692),#2698,.T.);
#2692 = FACE_BOUND('',#2693,.T.);
#2693 = EDGE_LOOP('',(#2694,#2695,#2696,#2697));
#2694 = ORIENTED_EDGE('',*,*,#2677,.F.);
#2695 = ORIENTED_EDGE('',*,*,#1605,.T.);
#2696 = ORIENTED_EDGE('',*,*,#1580,.T.);
#2697 = ORIENTED_EDGE('',*,*,#1540,.F.);
#2698 = PLANE('',#2699);
#2699 = AXIS2_PLACEMENT_3D('',#2700,#2701,#2702);
#2700 = CARTESIAN_POINT('',(0.,138.1,0.));
#2701 = DIRECTION('',(0.,1.,0.));
#2702 = DIRECTION('',(0.,-0.,1.));
#2703 = ADVANCED_FACE('',(#2704,#2707),#2718,.T.);
#2704 = FACE_BOUND('',#2705,.T.);
#2705 = EDGE_LOOP('',(#2706));
#2706 = ORIENTED_EDGE('',*,*,#1720,.T.);
#2707 = FACE_BOUND('',#2708,.T.);
#2708 = EDGE_LOOP('',(#2709));
#2709 = ORIENTED_EDGE('',*,*,#2710,.F.);
#2710 = EDGE_CURVE('',#2711,#2711,#2713,.T.);
#2711 = VERTEX_POINT('',#2712);
#2712 = CARTESIAN_POINT('',(-21.65063509461,134.1,-10.8));
#2713 = CIRCLE('',#2714,1.7);
#2714 = AXIS2_PLACEMENT_3D('',#2715,#2716,#2717);
#2715 = CARTESIAN_POINT('',(-21.65063509461,134.1,-12.5));
#2716 = DIRECTION('',(0.,1.,0.));
#2717 = DIRECTION('',(0.,-0.,1.));
#2718 = PLANE('',#2719);
#2719 = AXIS2_PLACEMENT_3D('',#2720,#2721,#2722);
#2720 = CARTESIAN_POINT('',(-21.65063509461,134.1,-12.5));
#2721 = DIRECTION('',(0.,1.,0.));
#2722 = DIRECTION('',(0.,-0.,1.));
#2723 = ADVANCED_FACE('',(#2724,#2727),#2738,.T.);
#2724 = FACE_BOUND('',#2725,.T.);
#2725 = EDGE_LOOP('',(#2726));
#2726 = ORIENTED_EDGE('',*,*,#1750,.T.);
#2727 = FACE_BOUND('',#2728,.T.);
#2728 = EDGE_LOOP('',(#2729));
#2729 = ORIENTED_EDGE('',*,*,#2730,.F.);
#2730 = EDGE_CURVE('',#2731,#2731,#2733,.T.);
#2731 = VERTEX_POINT('',#2732);
#2732 = CARTESIAN_POINT('',(21.650635094611,134.1,14.2));
#2733 = CIRCLE('',#2734,1.7);
#2734 = AXIS2_PLACEMENT_3D('',#2735,#2736,#2737);
#2735 = CARTESIAN_POINT('',(21.650635094611,134.1,12.5));
#2736 = DIRECTION('',(0.,1.,0.));
#2737 = DIRECTION('',(0.,-0.,1.));
#2738 = PLANE('',#2739);
#2739 = AXIS2_PLACEMENT_3D('',#2740,#2741,#2742);
#2740 = CARTESIAN_POINT('',(21.650635094611,134.1,12.5));
#2741 = DIRECTION('',(0.,1.,0.));
#2742 = DIRECTION('',(0.,-0.,1.));
#2743 = ADVANCED_FACE('',(#2744,#2747),#2758,.T.);
#2744 = FACE_BOUND('',#2745,.T.);
#2745 = EDGE_LOOP('',(#2746));
#2746 = ORIENTED_EDGE('',*,*,#1783,.T.);
#2747 = FACE_BOUND('',#2748,.T.);
#2748 = EDGE_LOOP('',(#2749));
#2749 = ORIENTED_EDGE('',*,*,#2750,.F.);
#2750 = EDGE_CURVE('',#2751,#2751,#2753,.T.);
#2751 = VERTEX_POINT('',#2752);
#2752 = CARTESIAN_POINT('',(1.114428587224E-15,134.1,26.7));
#2753 = CIRCLE('',#2754,1.7);
#2754 = AXIS2_PLACEMENT_3D('',#2755,#2756,#2757);
#2755 = CARTESIAN_POINT('',(1.530808498934E-15,134.1,25.));
#2756 = DIRECTION('',(0.,1.,0.));
#2757 = DIRECTION('',(0.,-0.,1.));
#2758 = PLANE('',#2759);
#2759 = AXIS2_PLACEMENT_3D('',#2760,#2761,#2762);
#2760 = CARTESIAN_POINT('',(1.530808498934E-15,134.1,25.));
#2761 = DIRECTION('',(0.,1.,0.));
#2762 = DIRECTION('',(0.,-0.,1.));
#2763 = ADVANCED_FACE('',(#2764,#2767),#2778,.T.);
#2764 = FACE_BOUND('',#2765,.T.);
#2765 = EDGE_LOOP('',(#2766));
#2766 = ORIENTED_EDGE('',*,*,#1812,.T.);
#2767 = FACE_BOUND('',#2768,.T.);
#2768 = EDGE_LOOP('',(#2769));
#2769 = ORIENTED_EDGE('',*,*,#2770,.F.);
#2770 = EDGE_CURVE('',#2771,#2771,#2773,.T.);
#2771 = VERTEX_POINT('',#2772);
#2772 = CARTESIAN_POINT('',(-21.65063509461,134.1,14.2));
#2773 = CIRCLE('',#2774,1.7);
#2774 = AXIS2_PLACEMENT_3D('',#2775,#2776,#2777);
#2775 = CARTESIAN_POINT('',(-21.65063509461,134.1,12.5));
#2776 = DIRECTION('',(0.,1.,0.));
#2777 = DIRECTION('',(0.,-0.,1.));
#2778 = PLANE('',#2779);
#2779 = AXIS2_PLACEMENT_3D('',#2780,#2781,#2782);
#2780 = CARTESIAN_POINT('',(-21.65063509461,134.1,12.5));
#2781 = DIRECTION('',(0.,1.,0.));
#2782 = DIRECTION('',(0.,-0.,1.));
#2783 = ADVANCED_FACE('',(#2784,#2787),#2798,.T.);
#2784 = FACE_BOUND('',#2785,.T.);
#2785 = EDGE_LOOP('',(#2786));
#2786 = ORIENTED_EDGE('',*,*,#1837,.T.);
#2787 = FACE_BOUND('',#2788,.T.);
#2788 = EDGE_LOOP('',(#2789));
#2789 = ORIENTED_EDGE('',*,*,#2790,.F.);
#2790 = EDGE_CURVE('',#2791,#2791,#2793,.T.);
#2791 = VERTEX_POINT('',#2792);
#2792 = CARTESIAN_POINT('',(-5.008805408513E-15,134.1,-23.3));
#2793 = CIRCLE('',#2794,1.7);
#2794 = AXIS2_PLACEMENT_3D('',#2795,#2796,#2797);
#2795 = CARTESIAN_POINT('',(-4.592425496803E-15,134.1,-25.));
#2796 = DIRECTION('',(0.,1.,0.));
#2797 = DIRECTION('',(0.,-0.,1.));
#2798 = PLANE('',#2799);
#2799 = AXIS2_PLACEMENT_3D('',#2800,#2801,#2802);
#2800 = CARTESIAN_POINT('',(-4.592425496803E-15,134.1,-25.));
#2801 = DIRECTION('',(0.,1.,0.));
#2802 = DIRECTION('',(0.,-0.,1.));
#2803 = ADVANCED_FACE('',(#2804),#2815,.T.);
#2804 = FACE_BOUND('',#2805,.T.);
#2805 = EDGE_LOOP('',(#2806,#2812,#2813,#2814));
#2806 = ORIENTED_EDGE('',*,*,#2807,.T.);
#2807 = EDGE_CURVE('',#2187,#1901,#2808,.T.);
#2808 = LINE('',#2809,#2810);
#2809 = CARTESIAN_POINT('',(15.5,132.1,-130.));
#2810 = VECTOR('',#2811,1.);
#2811 = DIRECTION('',(0.,1.,0.));
#2812 = ORIENTED_EDGE('',*,*,#1909,.T.);
#2813 = ORIENTED_EDGE('',*,*,#2495,.F.);
#2814 = ORIENTED_EDGE('',*,*,#2195,.F.);
#2815 = SURFACE_OF_LINEAR_EXTRUSION('',#2816,#2821);
#2816 = B_SPLINE_CURVE_WITH_KNOTS('',3,(#2817,#2818,#2819,#2820),
  .UNSPECIFIED.,.F.,.F.,(4,4),(0.,1.),.PIECEWISE_BEZIER_KNOTS.);
#2817 = CARTESIAN_POINT('',(15.5,132.1,-130.));
#2818 = CARTESIAN_POINT('',(15.5,132.1,-109.));
#2819 = CARTESIAN_POINT('',(14.8,132.1,-75.));
#2820 = CARTESIAN_POINT('',(14.8,132.1,-50.));
#2821 = VECTOR('',#2822,1.);
#2822 = DIRECTION('',(-0.,-1.,-0.));
#2823 = ADVANCED_FACE('',(#2824),#2835,.T.);
#2824 = FACE_BOUND('',#2825,.T.);
#2825 = EDGE_LOOP('',(#2826,#2827,#2828,#2834));
#2826 = ORIENTED_EDGE('',*,*,#2149,.T.);
#2827 = ORIENTED_EDGE('',*,*,#1891,.T.);
#2828 = ORIENTED_EDGE('',*,*,#2829,.F.);
#2829 = EDGE_CURVE('',#2178,#1892,#2830,.T.);
#2830 = LINE('',#2831,#2832);
#2831 = CARTESIAN_POINT('',(-15.5,132.1,-130.));
#2832 = VECTOR('',#2833,1.);
#2833 = DIRECTION('',(0.,1.,0.));
#2834 = ORIENTED_EDGE('',*,*,#2177,.F.);
#2835 = SURFACE_OF_LINEAR_EXTRUSION('',#2836,#2841);
#2836 = B_SPLINE_CURVE_WITH_KNOTS('',3,(#2837,#2838,#2839,#2840),
  .UNSPECIFIED.,.F.,.F.,(4,4),(0.,1.),.PIECEWISE_BEZIER_KNOTS.);
#2837 = CARTESIAN_POINT('',(-14.8,132.1,-50.));
#2838 = CARTESIAN_POINT('',(-14.8,132.1,-75.));
#2839 = CARTESIAN_POINT('',(-15.5,132.1,-109.));
#2840 = CARTESIAN_POINT('',(-15.5,132.1,-130.));
#2841 = VECTOR('',#2842,1.);
#2842 = DIRECTION('',(-0.,-1.,-0.));
#2843 = ADVANCED_FACE('',(#2844),#2850,.T.);
#2844 = FACE_BOUND('',#2845,.T.);
#2845 = EDGE_LOOP('',(#2846,#2847,#2848,#2849));
#2846 = ORIENTED_EDGE('',*,*,#2829,.T.);
#2847 = ORIENTED_EDGE('',*,*,#1900,.T.);
#2848 = ORIENTED_EDGE('',*,*,#2807,.F.);
#2849 = ORIENTED_EDGE('',*,*,#2186,.F.);
#2850 = CYLINDRICAL_SURFACE('',#2851,15.5);
#2851 = AXIS2_PLACEMENT_3D('',#2852,#2853,#2854);
#2852 = CARTESIAN_POINT('',(0.,132.1,-130.));
#2853 = DIRECTION('',(0.,-1.,0.));
#2854 = DIRECTION('',(-1.,0.,0.));
#2855 = ADVANCED_FACE('',(#2856),#2875,.F.);
#2856 = FACE_BOUND('',#2857,.F.);
#2857 = EDGE_LOOP('',(#2858,#2859,#2867,#2874));
#2858 = ORIENTED_EDGE('',*,*,#1927,.F.);
#2859 = ORIENTED_EDGE('',*,*,#2860,.F.);
#2860 = EDGE_CURVE('',#2861,#1928,#2863,.T.);
#2861 = VERTEX_POINT('',#2862);
#2862 = CARTESIAN_POINT('',(-10.5,133.6,-53.3));
#2863 = LINE('',#2864,#2865);
#2864 = CARTESIAN_POINT('',(-10.5,131.1,-53.3));
#2865 = VECTOR('',#2866,1.);
#2866 = DIRECTION('',(0.,1.,0.));
#2867 = ORIENTED_EDGE('',*,*,#2868,.T.);
#2868 = EDGE_CURVE('',#2861,#2861,#2869,.T.);
#2869 = CIRCLE('',#2870,1.7);
#2870 = AXIS2_PLACEMENT_3D('',#2871,#2872,#2873);
#2871 = CARTESIAN_POINT('',(-10.5,133.6,-55.));
#2872 = DIRECTION('',(0.,1.,0.));
#2873 = DIRECTION('',(0.,-0.,1.));
#2874 = ORIENTED_EDGE('',*,*,#2860,.T.);
#2875 = CYLINDRICAL_SURFACE('',#2876,1.7);
#2876 = AXIS2_PLACEMENT_3D('',#2877,#2878,#2879);
#2877 = CARTESIAN_POINT('',(-10.5,131.1,-55.));
#2878 = DIRECTION('',(0.,1.,0.));
#2879 = DIRECTION('',(0.,-0.,1.));
#2880 = ADVANCED_FACE('',(#2881),#2900,.F.);
#2881 = FACE_BOUND('',#2882,.F.);
#2882 = EDGE_LOOP('',(#2883,#2884,#2892,#2899));
#2883 = ORIENTED_EDGE('',*,*,#1938,.F.);
#2884 = ORIENTED_EDGE('',*,*,#2885,.F.);
#2885 = EDGE_CURVE('',#2886,#1939,#2888,.T.);
#2886 = VERTEX_POINT('',#2887);
#2887 = CARTESIAN_POINT('',(-10.5,133.6,-80.3));
#2888 = LINE('',#2889,#2890);
#2889 = CARTESIAN_POINT('',(-10.5,131.1,-80.3));
#2890 = VECTOR('',#2891,1.);
#2891 = DIRECTION('',(0.,1.,0.));
#2892 = ORIENTED_EDGE('',*,*,#2893,.T.);
#2893 = EDGE_CURVE('',#2886,#2886,#2894,.T.);
#2894 = CIRCLE('',#2895,1.7);
#2895 = AXIS2_PLACEMENT_3D('',#2896,#2897,#2898);
#2896 = CARTESIAN_POINT('',(-10.5,133.6,-82.));
#2897 = DIRECTION('',(0.,1.,0.));
#2898 = DIRECTION('',(0.,-0.,1.));
#2899 = ORIENTED_EDGE('',*,*,#2885,.T.);
#2900 = CYLINDRICAL_SURFACE('',#2901,1.7);
#2901 = AXIS2_PLACEMENT_3D('',#2902,#2903,#2904);
#2902 = CARTESIAN_POINT('',(-10.5,131.1,-82.));
#2903 = DIRECTION('',(0.,1.,0.));
#2904 = DIRECTION('',(0.,-0.,1.));
#2905 = ADVANCED_FACE('',(#2906),#2922,.F.);
#2906 = FACE_BOUND('',#2907,.T.);
#2907 = EDGE_LOOP('',(#2908,#2909,#2915,#2916));
#2908 = ORIENTED_EDGE('',*,*,#2247,.T.);
#2909 = ORIENTED_EDGE('',*,*,#2910,.T.);
#2910 = EDGE_CURVE('',#2250,#1952,#2911,.T.);
#2911 = LINE('',#2912,#2913);
#2912 = CARTESIAN_POINT('',(-7.,131.1,-41.));
#2913 = VECTOR('',#2914,1.);
#2914 = DIRECTION('',(0.,1.,0.));
#2915 = ORIENTED_EDGE('',*,*,#1949,.F.);
#2916 = ORIENTED_EDGE('',*,*,#2917,.F.);
#2917 = EDGE_CURVE('',#2248,#1950,#2918,.T.);
#2918 = LINE('',#2919,#2920);
#2919 = CARTESIAN_POINT('',(-5.,131.1,-39.));
#2920 = VECTOR('',#2921,1.);
#2921 = DIRECTION('',(0.,1.,0.));
#2922 = CYLINDRICAL_SURFACE('',#2923,2.);
#2923 = AXIS2_PLACEMENT_3D('',#2924,#2925,#2926);
#2924 = CARTESIAN_POINT('',(-5.,131.1,-41.));
#2925 = DIRECTION('',(-0.,-1.,-0.));
#2926 = DIRECTION('',(-1.,0.,3.5527136788E-15));
#2927 = ADVANCED_FACE('',(#2928),#2939,.T.);
#2928 = FACE_BOUND('',#2929,.T.);
#2929 = EDGE_LOOP('',(#2930,#2931,#2932,#2933));
#2930 = ORIENTED_EDGE('',*,*,#2258,.F.);
#2931 = ORIENTED_EDGE('',*,*,#2917,.T.);
#2932 = ORIENTED_EDGE('',*,*,#1960,.T.);
#2933 = ORIENTED_EDGE('',*,*,#2934,.F.);
#2934 = EDGE_CURVE('',#2259,#1961,#2935,.T.);
#2935 = LINE('',#2936,#2937);
#2936 = CARTESIAN_POINT('',(0.19037400509,131.1,-39.));
#2937 = VECTOR('',#2938,1.);
#2938 = DIRECTION('',(0.,1.,0.));
#2939 = PLANE('',#2940);
#2940 = AXIS2_PLACEMENT_3D('',#2941,#2942,#2943);
#2941 = CARTESIAN_POINT('',(-5.,131.1,-39.));
#2942 = DIRECTION('',(0.,0.,-1.));
#2943 = DIRECTION('',(1.,0.,0.));
#2944 = ADVANCED_FACE('',(#2945),#2956,.T.);
#2945 = FACE_BOUND('',#2946,.T.);
#2946 = EDGE_LOOP('',(#2947,#2948,#2954,#2955));
#2947 = ORIENTED_EDGE('',*,*,#2292,.F.);
#2948 = ORIENTED_EDGE('',*,*,#2949,.T.);
#2949 = EDGE_CURVE('',#2284,#1986,#2950,.T.);
#2950 = LINE('',#2951,#2952);
#2951 = CARTESIAN_POINT('',(-7.,131.1,-44.33666900327));
#2952 = VECTOR('',#2953,1.);
#2953 = DIRECTION('',(0.,1.,0.));
#2954 = ORIENTED_EDGE('',*,*,#1994,.T.);
#2955 = ORIENTED_EDGE('',*,*,#2910,.F.);
#2956 = PLANE('',#2957);
#2957 = AXIS2_PLACEMENT_3D('',#2958,#2959,#2960);
#2958 = CARTESIAN_POINT('',(-7.,131.1,-44.33666900327));
#2959 = DIRECTION('',(1.,0.,0.));
#2960 = DIRECTION('',(0.,0.,1.));
#2961 = ADVANCED_FACE('',(#2962),#2973,.F.);
#2962 = FACE_BOUND('',#2963,.T.);
#2963 = EDGE_LOOP('',(#2964,#2965,#2966,#2967));
#2964 = ORIENTED_EDGE('',*,*,#2266,.T.);
#2965 = ORIENTED_EDGE('',*,*,#2934,.T.);
#2966 = ORIENTED_EDGE('',*,*,#1968,.F.);
#2967 = ORIENTED_EDGE('',*,*,#2968,.F.);
#2968 = EDGE_CURVE('',#2267,#1969,#2969,.T.);
#2969 = LINE('',#2970,#2971);
#2970 = CARTESIAN_POINT('',(1.271889187717,131.1,-42.68235695075));
#2971 = VECTOR('',#2972,1.);
#2972 = DIRECTION('',(0.,1.,0.));
#2973 = CYLINDRICAL_SURFACE('',#2974,2.);
#2974 = AXIS2_PLACEMENT_3D('',#2975,#2976,#2977);
#2975 = CARTESIAN_POINT('',(0.19037400509,131.1,-41.));
#2976 = DIRECTION('',(-0.,-1.,-0.));
#2977 = DIRECTION('',(-3.885780586188E-16,0.,1.));
#2978 = ADVANCED_FACE('',(#2979),#2990,.F.);
#2979 = FACE_BOUND('',#2980,.T.);
#2980 = EDGE_LOOP('',(#2981,#2982,#2988,#2989));
#2981 = ORIENTED_EDGE('',*,*,#2283,.T.);
#2982 = ORIENTED_EDGE('',*,*,#2983,.T.);
#2983 = EDGE_CURVE('',#2276,#1978,#2984,.T.);
#2984 = LINE('',#2985,#2986);
#2985 = CARTESIAN_POINT('',(-3.918484817373,131.1,-46.01902595402));
#2986 = VECTOR('',#2987,1.);
#2987 = DIRECTION('',(0.,1.,0.));
#2988 = ORIENTED_EDGE('',*,*,#1985,.F.);
#2989 = ORIENTED_EDGE('',*,*,#2949,.F.);
#2990 = CYLINDRICAL_SURFACE('',#2991,2.);
#2991 = AXIS2_PLACEMENT_3D('',#2992,#2993,#2994);
#2992 = CARTESIAN_POINT('',(-5.,131.1,-44.33666900327));
#2993 = DIRECTION('',(-0.,-1.,-0.));
#2994 = DIRECTION('',(0.540757591313,0.,-0.841178475377));
#2995 = ADVANCED_FACE('',(#2996),#3002,.T.);
#2996 = FACE_BOUND('',#2997,.T.);
#2997 = EDGE_LOOP('',(#2998,#2999,#3000,#3001));
#2998 = ORIENTED_EDGE('',*,*,#2275,.F.);
#2999 = ORIENTED_EDGE('',*,*,#2968,.T.);
#3000 = ORIENTED_EDGE('',*,*,#1977,.T.);
#3001 = ORIENTED_EDGE('',*,*,#2983,.F.);
#3002 = PLANE('',#3003);
#3003 = AXIS2_PLACEMENT_3D('',#3004,#3005,#3006);
#3004 = CARTESIAN_POINT('',(1.271889187717,131.1,-42.68235695075));
#3005 = DIRECTION('',(-0.540757591313,0.,0.841178475377));
#3006 = DIRECTION('',(-0.841178475377,0.,-0.540757591313));
#3007 = ADVANCED_FACE('',(#3008),#3024,.F.);
#3008 = FACE_BOUND('',#3009,.T.);
#3009 = EDGE_LOOP('',(#3010,#3011,#3017,#3018));
#3010 = ORIENTED_EDGE('',*,*,#2322,.T.);
#3011 = ORIENTED_EDGE('',*,*,#3012,.T.);
#3012 = EDGE_CURVE('',#2325,#2005,#3013,.T.);
#3013 = LINE('',#3014,#3015);
#3014 = CARTESIAN_POINT('',(-7.,131.1,-105.));
#3015 = VECTOR('',#3016,1.);
#3016 = DIRECTION('',(0.,1.,0.));
#3017 = ORIENTED_EDGE('',*,*,#2002,.F.);
#3018 = ORIENTED_EDGE('',*,*,#3019,.F.);
#3019 = EDGE_CURVE('',#2323,#2003,#3020,.T.);
#3020 = LINE('',#3021,#3022);
#3021 = CARTESIAN_POINT('',(-5.,131.1,-103.));
#3022 = VECTOR('',#3023,1.);
#3023 = DIRECTION('',(0.,1.,0.));
#3024 = CYLINDRICAL_SURFACE('',#3025,2.);
#3025 = AXIS2_PLACEMENT_3D('',#3026,#3027,#3028);
#3026 = CARTESIAN_POINT('',(-5.,131.1,-105.));
#3027 = DIRECTION('',(-0.,-1.,-0.));
#3028 = DIRECTION('',(-1.,0.,0.));
#3029 = ADVANCED_FACE('',(#3030),#3041,.T.);
#3030 = FACE_BOUND('',#3031,.T.);
#3031 = EDGE_LOOP('',(#3032,#3033,#3034,#3035));
#3032 = ORIENTED_EDGE('',*,*,#2333,.F.);
#3033 = ORIENTED_EDGE('',*,*,#3019,.T.);
#3034 = ORIENTED_EDGE('',*,*,#2013,.T.);
#3035 = ORIENTED_EDGE('',*,*,#3036,.F.);
#3036 = EDGE_CURVE('',#2334,#2014,#3037,.T.);
#3037 = LINE('',#3038,#3039);
#3038 = CARTESIAN_POINT('',(1.217364760952,131.1,-103.));
#3039 = VECTOR('',#3040,1.);
#3040 = DIRECTION('',(0.,1.,0.));
#3041 = PLANE('',#3042);
#3042 = AXIS2_PLACEMENT_3D('',#3043,#3044,#3045);
#3043 = CARTESIAN_POINT('',(-5.,131.1,-103.));
#3044 = DIRECTION('',(0.,0.,-1.));
#3045 = DIRECTION('',(1.,0.,0.));
#3046 = ADVANCED_FACE('',(#3047),#3058,.T.);
#3047 = FACE_BOUND('',#3048,.T.);
#3048 = EDGE_LOOP('',(#3049,#3050,#3056,#3057));
#3049 = ORIENTED_EDGE('',*,*,#2367,.F.);
#3050 = ORIENTED_EDGE('',*,*,#3051,.T.);
#3051 = EDGE_CURVE('',#2359,#2039,#3052,.T.);
#3052 = LINE('',#3053,#3054);
#3053 = CARTESIAN_POINT('',(-7.,131.1,-109.8850723121));
#3054 = VECTOR('',#3055,1.);
#3055 = DIRECTION('',(0.,1.,0.));
#3056 = ORIENTED_EDGE('',*,*,#2047,.T.);
#3057 = ORIENTED_EDGE('',*,*,#3012,.F.);
#3058 = PLANE('',#3059);
#3059 = AXIS2_PLACEMENT_3D('',#3060,#3061,#3062);
#3060 = CARTESIAN_POINT('',(-7.,131.1,-109.8850723121));
#3061 = DIRECTION('',(1.,0.,0.));
#3062 = DIRECTION('',(0.,0.,1.));
#3063 = ADVANCED_FACE('',(#3064),#3075,.F.);
#3064 = FACE_BOUND('',#3065,.T.);
#3065 = EDGE_LOOP('',(#3066,#3067,#3068,#3069));
#3066 = ORIENTED_EDGE('',*,*,#2341,.T.);
#3067 = ORIENTED_EDGE('',*,*,#3036,.T.);
#3068 = ORIENTED_EDGE('',*,*,#2021,.F.);
#3069 = ORIENTED_EDGE('',*,*,#3070,.F.);
#3070 = EDGE_CURVE('',#2342,#2022,#3071,.T.);
#3071 = LINE('',#3072,#3073);
#3072 = CARTESIAN_POINT('',(2.453007864816,131.1,-106.5726366776));
#3073 = VECTOR('',#3074,1.);
#3074 = DIRECTION('',(0.,1.,0.));
#3075 = CYLINDRICAL_SURFACE('',#3076,2.);
#3076 = AXIS2_PLACEMENT_3D('',#3077,#3078,#3079);
#3077 = CARTESIAN_POINT('',(1.217364760952,131.1,-105.));
#3078 = DIRECTION('',(-0.,-1.,-0.));
#3079 = DIRECTION('',(7.771561172376E-16,-0.,1.));
#3080 = ADVANCED_FACE('',(#3081),#3092,.F.);
#3081 = FACE_BOUND('',#3082,.T.);
#3082 = EDGE_LOOP('',(#3083,#3084,#3090,#3091));
#3083 = ORIENTED_EDGE('',*,*,#2358,.T.);
#3084 = ORIENTED_EDGE('',*,*,#3085,.T.);
#3085 = EDGE_CURVE('',#2351,#2031,#3086,.T.);
#3086 = LINE('',#3087,#3088);
#3087 = CARTESIAN_POINT('',(-3.764356896136,131.1,-111.4577089898));
#3088 = VECTOR('',#3089,1.);
#3089 = DIRECTION('',(0.,1.,0.));
#3090 = ORIENTED_EDGE('',*,*,#2038,.F.);
#3091 = ORIENTED_EDGE('',*,*,#3051,.F.);
#3092 = CYLINDRICAL_SURFACE('',#3093,2.);
#3093 = AXIS2_PLACEMENT_3D('',#3094,#3095,#3096);
#3094 = CARTESIAN_POINT('',(-5.,131.1,-109.8850723121));
#3095 = DIRECTION('',(-0.,-1.,-0.));
#3096 = DIRECTION('',(0.617821551932,0.,-0.786318338822));
#3097 = ADVANCED_FACE('',(#3098),#3104,.T.);
#3098 = FACE_BOUND('',#3099,.T.);
#3099 = EDGE_LOOP('',(#3100,#3101,#3102,#3103));
#3100 = ORIENTED_EDGE('',*,*,#2350,.F.);
#3101 = ORIENTED_EDGE('',*,*,#3070,.T.);
#3102 = ORIENTED_EDGE('',*,*,#2030,.T.);
#3103 = ORIENTED_EDGE('',*,*,#3085,.F.);
#3104 = PLANE('',#3105);
#3105 = AXIS2_PLACEMENT_3D('',#3106,#3107,#3108);
#3106 = CARTESIAN_POINT('',(2.453007864816,131.1,-106.5726366776));
#3107 = DIRECTION('',(-0.617821551932,0.,0.786318338822));
#3108 = DIRECTION('',(-0.786318338822,0.,-0.617821551932));
#3109 = ADVANCED_FACE('',(#3110),#3126,.F.);
#3110 = FACE_BOUND('',#3111,.T.);
#3111 = EDGE_LOOP('',(#3112,#3113,#3119,#3120));
#3112 = ORIENTED_EDGE('',*,*,#2403,.T.);
#3113 = ORIENTED_EDGE('',*,*,#3114,.T.);
#3114 = EDGE_CURVE('',#2406,#2058,#3115,.T.);
#3115 = LINE('',#3116,#3117);
#3116 = CARTESIAN_POINT('',(3.585786437627,131.1,-67.41421356237));
#3117 = VECTOR('',#3118,1.);
#3118 = DIRECTION('',(0.,1.,0.));
#3119 = ORIENTED_EDGE('',*,*,#2055,.F.);
#3120 = ORIENTED_EDGE('',*,*,#3121,.F.);
#3121 = EDGE_CURVE('',#2404,#2056,#3122,.T.);
#3122 = LINE('',#3123,#3124);
#3123 = CARTESIAN_POINT('',(7.,131.1,-68.82842712474));
#3124 = VECTOR('',#3125,1.);
#3125 = DIRECTION('',(0.,1.,0.));
#3126 = CYLINDRICAL_SURFACE('',#3127,2.);
#3127 = AXIS2_PLACEMENT_3D('',#3128,#3129,#3130);
#3128 = CARTESIAN_POINT('',(5.,131.1,-68.82842712474));
#3129 = DIRECTION('',(0.,-1.,-0.));
#3130 = DIRECTION('',(-0.707106781187,-0.,0.707106781187));
#3131 = ADVANCED_FACE('',(#3132),#3143,.T.);
#3132 = FACE_BOUND('',#3133,.T.);
#3133 = EDGE_LOOP('',(#3134,#3135,#3136,#3137));
#3134 = ORIENTED_EDGE('',*,*,#2414,.F.);
#3135 = ORIENTED_EDGE('',*,*,#3121,.T.);
#3136 = ORIENTED_EDGE('',*,*,#2066,.T.);
#3137 = ORIENTED_EDGE('',*,*,#3138,.F.);
#3138 = EDGE_CURVE('',#2415,#2067,#3139,.T.);
#3139 = LINE('',#3140,#3141);
#3140 = CARTESIAN_POINT('',(7.,131.1,-76.));
#3141 = VECTOR('',#3142,1.);
#3142 = DIRECTION('',(0.,1.,0.));
#3143 = PLANE('',#3144);
#3144 = AXIS2_PLACEMENT_3D('',#3145,#3146,#3147);
#3145 = CARTESIAN_POINT('',(7.,131.1,-68.82842712474));
#3146 = DIRECTION('',(-1.,0.,0.));
#3147 = DIRECTION('',(0.,0.,-1.));
#3148 = ADVANCED_FACE('',(#3149),#3160,.T.);
#3149 = FACE_BOUND('',#3150,.T.);
#3150 = EDGE_LOOP('',(#3151,#3152,#3158,#3159));
#3151 = ORIENTED_EDGE('',*,*,#2448,.F.);
#3152 = ORIENTED_EDGE('',*,*,#3153,.T.);
#3153 = EDGE_CURVE('',#2440,#2092,#3154,.T.);
#3154 = LINE('',#3155,#3156);
#3155 = CARTESIAN_POINT('',(-3.585786437627,131.1,-74.58578643762));
#3156 = VECTOR('',#3157,1.);
#3157 = DIRECTION('',(0.,1.,0.));
#3158 = ORIENTED_EDGE('',*,*,#2100,.T.);
#3159 = ORIENTED_EDGE('',*,*,#3114,.F.);
#3160 = PLANE('',#3161);
#3161 = AXIS2_PLACEMENT_3D('',#3162,#3163,#3164);
#3162 = CARTESIAN_POINT('',(-3.585786437627,131.1,-74.58578643762));
#3163 = DIRECTION('',(0.707106781187,0.,-0.707106781187));
#3164 = DIRECTION('',(0.707106781187,0.,0.707106781187));
#3165 = ADVANCED_FACE('',(#3166),#3177,.F.);
#3166 = FACE_BOUND('',#3167,.T.);
#3167 = EDGE_LOOP('',(#3168,#3169,#3170,#3171));
#3168 = ORIENTED_EDGE('',*,*,#2422,.T.);
#3169 = ORIENTED_EDGE('',*,*,#3138,.T.);
#3170 = ORIENTED_EDGE('',*,*,#2074,.F.);
#3171 = ORIENTED_EDGE('',*,*,#3172,.F.);
#3172 = EDGE_CURVE('',#2423,#2075,#3173,.T.);
#3173 = LINE('',#3174,#3175);
#3174 = CARTESIAN_POINT('',(5.,131.1,-78.));
#3175 = VECTOR('',#3176,1.);
#3176 = DIRECTION('',(0.,1.,0.));
#3177 = CYLINDRICAL_SURFACE('',#3178,2.);
#3178 = AXIS2_PLACEMENT_3D('',#3179,#3180,#3181);
#3179 = CARTESIAN_POINT('',(5.,131.1,-76.));
#3180 = DIRECTION('',(0.,-1.,-0.));
#3181 = DIRECTION('',(1.,0.,0.));
#3182 = ADVANCED_FACE('',(#3183),#3194,.F.);
#3183 = FACE_BOUND('',#3184,.T.);
#3184 = EDGE_LOOP('',(#3185,#3186,#3192,#3193));
#3185 = ORIENTED_EDGE('',*,*,#2439,.T.);
#3186 = ORIENTED_EDGE('',*,*,#3187,.T.);
#3187 = EDGE_CURVE('',#2432,#2084,#3188,.T.);
#3188 = LINE('',#3189,#3190);
#3189 = CARTESIAN_POINT('',(-2.171572875254,131.1,-78.));
#3190 = VECTOR('',#3191,1.);
#3191 = DIRECTION('',(0.,1.,0.));
#3192 = ORIENTED_EDGE('',*,*,#2091,.F.);
#3193 = ORIENTED_EDGE('',*,*,#3153,.F.);
#3194 = CYLINDRICAL_SURFACE('',#3195,2.);
#3195 = AXIS2_PLACEMENT_3D('',#3196,#3197,#3198);
#3196 = CARTESIAN_POINT('',(-2.171572875254,131.1,-76.));
#3197 = DIRECTION('',(-0.,-1.,-0.));
#3198 = DIRECTION('',(-4.440892098501E-16,0.,-1.));
#3199 = ADVANCED_FACE('',(#3200),#3206,.T.);
#3200 = FACE_BOUND('',#3201,.T.);
#3201 = EDGE_LOOP('',(#3202,#3203,#3204,#3205));
#3202 = ORIENTED_EDGE('',*,*,#2431,.F.);
#3203 = ORIENTED_EDGE('',*,*,#3172,.T.);
#3204 = ORIENTED_EDGE('',*,*,#2083,.T.);
#3205 = ORIENTED_EDGE('',*,*,#3187,.F.);
#3206 = PLANE('',#3207);
#3207 = AXIS2_PLACEMENT_3D('',#3208,#3209,#3210);
#3208 = CARTESIAN_POINT('',(5.,131.1,-78.));
#3209 = DIRECTION('',(0.,-0.,1.));
#3210 = DIRECTION('',(-1.,0.,0.));
#3211 = ADVANCED_FACE('',(#3212),#3231,.F.);
#3212 = FACE_BOUND('',#3213,.F.);
#3213 = EDGE_LOOP('',(#3214,#3215,#3223,#3230));
#3214 = ORIENTED_EDGE('',*,*,#2108,.F.);
#3215 = ORIENTED_EDGE('',*,*,#3216,.F.);
#3216 = EDGE_CURVE('',#3217,#2109,#3219,.T.);
#3217 = VERTEX_POINT('',#3218);
#3218 = CARTESIAN_POINT('',(10.5,133.6,-53.3));
#3219 = LINE('',#3220,#3221);
#3220 = CARTESIAN_POINT('',(10.5,131.1,-53.3));
#3221 = VECTOR('',#3222,1.);
#3222 = DIRECTION('',(0.,1.,0.));
#3223 = ORIENTED_EDGE('',*,*,#3224,.T.);
#3224 = EDGE_CURVE('',#3217,#3217,#3225,.T.);
#3225 = CIRCLE('',#3226,1.7);
#3226 = AXIS2_PLACEMENT_3D('',#3227,#3228,#3229);
#3227 = CARTESIAN_POINT('',(10.5,133.6,-55.));
#3228 = DIRECTION('',(0.,1.,0.));
#3229 = DIRECTION('',(0.,-0.,1.));
#3230 = ORIENTED_EDGE('',*,*,#3216,.T.);
#3231 = CYLINDRICAL_SURFACE('',#3232,1.7);
#3232 = AXIS2_PLACEMENT_3D('',#3233,#3234,#3235);
#3233 = CARTESIAN_POINT('',(10.5,131.1,-55.));
#3234 = DIRECTION('',(0.,1.,0.));
#3235 = DIRECTION('',(0.,-0.,1.));
#3236 = ADVANCED_FACE('',(#3237),#3256,.F.);
#3237 = FACE_BOUND('',#3238,.F.);
#3238 = EDGE_LOOP('',(#3239,#3240,#3248,#3255));
#3239 = ORIENTED_EDGE('',*,*,#2119,.F.);
#3240 = ORIENTED_EDGE('',*,*,#3241,.F.);
#3241 = EDGE_CURVE('',#3242,#2120,#3244,.T.);
#3242 = VERTEX_POINT('',#3243);
#3243 = CARTESIAN_POINT('',(10.5,133.6,-80.3));
#3244 = LINE('',#3245,#3246);
#3245 = CARTESIAN_POINT('',(10.5,131.1,-80.3));
#3246 = VECTOR('',#3247,1.);
#3247 = DIRECTION('',(0.,1.,0.));
#3248 = ORIENTED_EDGE('',*,*,#3249,.T.);
#3249 = EDGE_CURVE('',#3242,#3242,#3250,.T.);
#3250 = CIRCLE('',#3251,1.7);
#3251 = AXIS2_PLACEMENT_3D('',#3252,#3253,#3254);
#3252 = CARTESIAN_POINT('',(10.5,133.6,-82.));
#3253 = DIRECTION('',(0.,1.,0.));
#3254 = DIRECTION('',(0.,-0.,1.));
#3255 = ORIENTED_EDGE('',*,*,#3241,.T.);
#3256 = CYLINDRICAL_SURFACE('',#3257,1.7);
#3257 = AXIS2_PLACEMENT_3D('',#3258,#3259,#3260);
#3258 = CARTESIAN_POINT('',(10.5,131.1,-82.));
#3259 = DIRECTION('',(0.,1.,0.));
#3260 = DIRECTION('',(0.,-0.,1.));
#3261 = ADVANCED_FACE('',(#3262),#3281,.T.);
#3262 = FACE_BOUND('',#3263,.T.);
#3263 = EDGE_LOOP('',(#3264,#3272,#3279,#3280));
#3264 = ORIENTED_EDGE('',*,*,#3265,.T.);
#3265 = EDGE_CURVE('',#2131,#3266,#3268,.T.);
#3266 = VERTEX_POINT('',#3267);
#3267 = CARTESIAN_POINT('',(-2.08189955855E-15,139.6,-121.5));
#3268 = LINE('',#3269,#3270);
#3269 = CARTESIAN_POINT('',(-2.08189955855E-15,135.,-121.5));
#3270 = VECTOR('',#3271,1.);
#3271 = DIRECTION('',(0.,1.,0.));
#3272 = ORIENTED_EDGE('',*,*,#3273,.F.);
#3273 = EDGE_CURVE('',#3266,#3266,#3274,.T.);
#3274 = CIRCLE('',#3275,8.5);
#3275 = AXIS2_PLACEMENT_3D('',#3276,#3277,#3278);
#3276 = CARTESIAN_POINT('',(0.,139.6,-130.));
#3277 = DIRECTION('',(0.,1.,0.));
#3278 = DIRECTION('',(0.,-0.,1.));
#3279 = ORIENTED_EDGE('',*,*,#3265,.F.);
#3280 = ORIENTED_EDGE('',*,*,#2130,.T.);
#3281 = CYLINDRICAL_SURFACE('',#3282,8.5);
#3282 = AXIS2_PLACEMENT_3D('',#3283,#3284,#3285);
#3283 = CARTESIAN_POINT('',(0.,135.,-130.));
#3284 = DIRECTION('',(0.,1.,0.));
#3285 = DIRECTION('',(0.,-0.,1.));
#3286 = ADVANCED_FACE('',(#3287),#3298,.F.);
#3287 = FACE_BOUND('',#3288,.F.);
#3288 = EDGE_LOOP('',(#3289,#3290,#3296,#3297));
#3289 = ORIENTED_EDGE('',*,*,#2770,.F.);
#3290 = ORIENTED_EDGE('',*,*,#3291,.F.);
#3291 = EDGE_CURVE('',#2215,#2771,#3292,.T.);
#3292 = LINE('',#3293,#3294);
#3293 = CARTESIAN_POINT('',(-21.65063509461,131.1,14.2));
#3294 = VECTOR('',#3295,1.);
#3295 = DIRECTION('',(0.,1.,0.));
#3296 = ORIENTED_EDGE('',*,*,#2214,.T.);
#3297 = ORIENTED_EDGE('',*,*,#3291,.T.);
#3298 = CYLINDRICAL_SURFACE('',#3299,1.7);
#3299 = AXIS2_PLACEMENT_3D('',#3300,#3301,#3302);
#3300 = CARTESIAN_POINT('',(-21.65063509461,131.1,12.5));
#3301 = DIRECTION('',(0.,1.,0.));
#3302 = DIRECTION('',(0.,-0.,1.));
#3303 = ADVANCED_FACE('',(#3304),#3315,.F.);
#3304 = FACE_BOUND('',#3305,.F.);
#3305 = EDGE_LOOP('',(#3306,#3307,#3313,#3314));
#3306 = ORIENTED_EDGE('',*,*,#2710,.F.);
#3307 = ORIENTED_EDGE('',*,*,#3308,.F.);
#3308 = EDGE_CURVE('',#2226,#2711,#3309,.T.);
#3309 = LINE('',#3310,#3311);
#3310 = CARTESIAN_POINT('',(-21.65063509461,131.1,-10.8));
#3311 = VECTOR('',#3312,1.);
#3312 = DIRECTION('',(0.,1.,0.));
#3313 = ORIENTED_EDGE('',*,*,#2225,.T.);
#3314 = ORIENTED_EDGE('',*,*,#3308,.T.);
#3315 = CYLINDRICAL_SURFACE('',#3316,1.7);
#3316 = AXIS2_PLACEMENT_3D('',#3317,#3318,#3319);
#3317 = CARTESIAN_POINT('',(-21.65063509461,131.1,-12.5));
#3318 = DIRECTION('',(0.,1.,0.));
#3319 = DIRECTION('',(0.,-0.,1.));
#3320 = ADVANCED_FACE('',(#3321),#3332,.F.);
#3321 = FACE_BOUND('',#3322,.F.);
#3322 = EDGE_LOOP('',(#3323,#3324,#3330,#3331));
#3323 = ORIENTED_EDGE('',*,*,#2790,.F.);
#3324 = ORIENTED_EDGE('',*,*,#3325,.F.);
#3325 = EDGE_CURVE('',#2237,#2791,#3326,.T.);
#3326 = LINE('',#3327,#3328);
#3327 = CARTESIAN_POINT('',(-5.008805408513E-15,131.1,-23.3));
#3328 = VECTOR('',#3329,1.);
#3329 = DIRECTION('',(0.,1.,0.));
#3330 = ORIENTED_EDGE('',*,*,#2236,.T.);
#3331 = ORIENTED_EDGE('',*,*,#3325,.T.);
#3332 = CYLINDRICAL_SURFACE('',#3333,1.7);
#3333 = AXIS2_PLACEMENT_3D('',#3334,#3335,#3336);
#3334 = CARTESIAN_POINT('',(-4.592425496803E-15,131.1,-25.));
#3335 = DIRECTION('',(0.,1.,0.));
#3336 = DIRECTION('',(0.,-0.,1.));
#3337 = ADVANCED_FACE('',(#3338),#3349,.F.);
#3338 = FACE_BOUND('',#3339,.F.);
#3339 = EDGE_LOOP('',(#3340,#3341,#3347,#3348));
#3340 = ORIENTED_EDGE('',*,*,#2868,.F.);
#3341 = ORIENTED_EDGE('',*,*,#3342,.F.);
#3342 = EDGE_CURVE('',#2301,#2861,#3343,.T.);
#3343 = LINE('',#3344,#3345);
#3344 = CARTESIAN_POINT('',(-10.5,132.1,-51.8));
#3345 = VECTOR('',#3346,1.);
#3346 = DIRECTION('',(1.731912112471E-16,0.707106781187,-0.707106781187)
  );
#3347 = ORIENTED_EDGE('',*,*,#2300,.T.);
#3348 = ORIENTED_EDGE('',*,*,#3342,.T.);
#3349 = CONICAL_SURFACE('',#3350,3.2,0.785398163397);
#3350 = AXIS2_PLACEMENT_3D('',#3351,#3352,#3353);
#3351 = CARTESIAN_POINT('',(-10.5,132.1,-55.));
#3352 = DIRECTION('',(-0.,-1.,-0.));
#3353 = DIRECTION('',(0.,-0.,1.));
#3354 = ADVANCED_FACE('',(#3355),#3366,.F.);
#3355 = FACE_BOUND('',#3356,.F.);
#3356 = EDGE_LOOP('',(#3357,#3358,#3364,#3365));
#3357 = ORIENTED_EDGE('',*,*,#2893,.F.);
#3358 = ORIENTED_EDGE('',*,*,#3359,.F.);
#3359 = EDGE_CURVE('',#2312,#2886,#3360,.T.);
#3360 = LINE('',#3361,#3362);
#3361 = CARTESIAN_POINT('',(-10.5,132.1,-78.8));
#3362 = VECTOR('',#3363,1.);
#3363 = DIRECTION('',(1.731912112471E-16,0.707106781187,-0.707106781187)
  );
#3364 = ORIENTED_EDGE('',*,*,#2311,.T.);
#3365 = ORIENTED_EDGE('',*,*,#3359,.T.);
#3366 = CONICAL_SURFACE('',#3367,3.2,0.785398163397);
#3367 = AXIS2_PLACEMENT_3D('',#3368,#3369,#3370);
#3368 = CARTESIAN_POINT('',(-10.5,132.1,-82.));
#3369 = DIRECTION('',(-0.,-1.,-0.));
#3370 = DIRECTION('',(0.,-0.,1.));
#3371 = ADVANCED_FACE('',(#3372),#3383,.F.);
#3372 = FACE_BOUND('',#3373,.F.);
#3373 = EDGE_LOOP('',(#3374,#3375,#3381,#3382));
#3374 = ORIENTED_EDGE('',*,*,#2750,.F.);
#3375 = ORIENTED_EDGE('',*,*,#3376,.F.);
#3376 = EDGE_CURVE('',#2376,#2751,#3377,.T.);
#3377 = LINE('',#3378,#3379);
#3378 = CARTESIAN_POINT('',(1.114428587224E-15,131.1,26.7));
#3379 = VECTOR('',#3380,1.);
#3380 = DIRECTION('',(0.,1.,0.));
#3381 = ORIENTED_EDGE('',*,*,#2375,.T.);
#3382 = ORIENTED_EDGE('',*,*,#3376,.T.);
#3383 = CYLINDRICAL_SURFACE('',#3384,1.7);
#3384 = AXIS2_PLACEMENT_3D('',#3385,#3386,#3387);
#3385 = CARTESIAN_POINT('',(1.530808498934E-15,131.1,25.));
#3386 = DIRECTION('',(0.,1.,0.));
#3387 = DIRECTION('',(0.,-0.,1.));
#3388 = ADVANCED_FACE('',(#3389),#3400,.F.);
#3389 = FACE_BOUND('',#3390,.F.);
#3390 = EDGE_LOOP('',(#3391,#3392,#3398,#3399));
#3391 = ORIENTED_EDGE('',*,*,#2730,.F.);
#3392 = ORIENTED_EDGE('',*,*,#3393,.F.);
#3393 = EDGE_CURVE('',#2390,#2731,#3394,.T.);
#3394 = LINE('',#3395,#3396);
#3395 = CARTESIAN_POINT('',(21.650635094611,131.1,14.2));
#3396 = VECTOR('',#3397,1.);
#3397 = DIRECTION('',(0.,1.,0.));
#3398 = ORIENTED_EDGE('',*,*,#2389,.T.);
#3399 = ORIENTED_EDGE('',*,*,#3393,.T.);
#3400 = CYLINDRICAL_SURFACE('',#3401,1.7);
#3401 = AXIS2_PLACEMENT_3D('',#3402,#3403,#3404);
#3402 = CARTESIAN_POINT('',(21.650635094611,131.1,12.5));
#3403 = DIRECTION('',(0.,1.,0.));
#3404 = DIRECTION('',(0.,-0.,1.));
#3405 = ADVANCED_FACE('',(#3406),#3417,.F.);
#3406 = FACE_BOUND('',#3407,.F.);
#3407 = EDGE_LOOP('',(#3408,#3409,#3415,#3416));
#3408 = ORIENTED_EDGE('',*,*,#3224,.F.);
#3409 = ORIENTED_EDGE('',*,*,#3410,.F.);
#3410 = EDGE_CURVE('',#2457,#3217,#3411,.T.);
#3411 = LINE('',#3412,#3413);
#3412 = CARTESIAN_POINT('',(10.5,132.1,-51.8));
#3413 = VECTOR('',#3414,1.);
#3414 = DIRECTION('',(1.731912112471E-16,0.707106781187,-0.707106781187)
  );
#3415 = ORIENTED_EDGE('',*,*,#2456,.T.);
#3416 = ORIENTED_EDGE('',*,*,#3410,.T.);
#3417 = CONICAL_SURFACE('',#3418,3.2,0.785398163397);
#3418 = AXIS2_PLACEMENT_3D('',#3419,#3420,#3421);
#3419 = CARTESIAN_POINT('',(10.5,132.1,-55.));
#3420 = DIRECTION('',(-0.,-1.,-0.));
#3421 = DIRECTION('',(0.,-0.,1.));
#3422 = ADVANCED_FACE('',(#3423),#3434,.F.);
#3423 = FACE_BOUND('',#3424,.F.);
#3424 = EDGE_LOOP('',(#3425,#3426,#3432,#3433));
#3425 = ORIENTED_EDGE('',*,*,#3249,.F.);
#3426 = ORIENTED_EDGE('',*,*,#3427,.F.);
#3427 = EDGE_CURVE('',#2468,#3242,#3428,.T.);
#3428 = LINE('',#3429,#3430);
#3429 = CARTESIAN_POINT('',(10.5,132.1,-78.8));
#3430 = VECTOR('',#3431,1.);
#3431 = DIRECTION('',(1.731912112471E-16,0.707106781187,-0.707106781187)
  );
#3432 = ORIENTED_EDGE('',*,*,#2467,.T.);
#3433 = ORIENTED_EDGE('',*,*,#3427,.T.);
#3434 = CONICAL_SURFACE('',#3435,3.2,0.785398163397);
#3435 = AXIS2_PLACEMENT_3D('',#3436,#3437,#3438);
#3436 = CARTESIAN_POINT('',(10.5,132.1,-82.));
#3437 = DIRECTION('',(-0.,-1.,-0.));
#3438 = DIRECTION('',(0.,-0.,1.));
#3439 = ADVANCED_FACE('',(#3440),#3459,.F.);
#3440 = FACE_BOUND('',#3441,.F.);
#3441 = EDGE_LOOP('',(#3442,#3450,#3457,#3458));
#3442 = ORIENTED_EDGE('',*,*,#3443,.T.);
#3443 = EDGE_CURVE('',#2479,#3444,#3446,.T.);
#3444 = VERTEX_POINT('',#3445);
#3445 = CARTESIAN_POINT('',(-1.126675055216E-15,137.1,-125.4));
#3446 = LINE('',#3447,#3448);
#3447 = CARTESIAN_POINT('',(-1.126675055216E-15,131.1,-125.4));
#3448 = VECTOR('',#3449,1.);
#3449 = DIRECTION('',(0.,1.,0.));
#3450 = ORIENTED_EDGE('',*,*,#3451,.F.);
#3451 = EDGE_CURVE('',#3444,#3444,#3452,.T.);
#3452 = CIRCLE('',#3453,4.6);
#3453 = AXIS2_PLACEMENT_3D('',#3454,#3455,#3456);
#3454 = CARTESIAN_POINT('',(0.,137.1,-130.));
#3455 = DIRECTION('',(0.,1.,0.));
#3456 = DIRECTION('',(0.,-0.,1.));
#3457 = ORIENTED_EDGE('',*,*,#3443,.F.);
#3458 = ORIENTED_EDGE('',*,*,#2478,.T.);
#3459 = CYLINDRICAL_SURFACE('',#3460,4.6);
#3460 = AXIS2_PLACEMENT_3D('',#3461,#3462,#3463);
#3461 = CARTESIAN_POINT('',(0.,131.1,-130.));
#3462 = DIRECTION('',(0.,1.,0.));
#3463 = DIRECTION('',(0.,-0.,1.));
#3464 = ADVANCED_FACE('',(#3465,#3468),#3479,.T.);
#3465 = FACE_BOUND('',#3466,.T.);
#3466 = EDGE_LOOP('',(#3467));
#3467 = ORIENTED_EDGE('',*,*,#3273,.T.);
#3468 = FACE_BOUND('',#3469,.T.);
#3469 = EDGE_LOOP('',(#3470));
#3470 = ORIENTED_EDGE('',*,*,#3471,.F.);
#3471 = EDGE_CURVE('',#3472,#3472,#3474,.T.);
#3472 = VERTEX_POINT('',#3473);
#3473 = CARTESIAN_POINT('',(-9.797174393179E-16,139.6,-126.));
#3474 = CIRCLE('',#3475,4.);
#3475 = AXIS2_PLACEMENT_3D('',#3476,#3477,#3478);
#3476 = CARTESIAN_POINT('',(0.,139.6,-130.));
#3477 = DIRECTION('',(0.,1.,0.));
#3478 = DIRECTION('',(0.,-0.,1.));
#3479 = PLANE('',#3480);
#3480 = AXIS2_PLACEMENT_3D('',#3481,#3482,#3483);
#3481 = CARTESIAN_POINT('',(0.,139.6,-130.));
#3482 = DIRECTION('',(0.,1.,0.));
#3483 = DIRECTION('',(0.,-0.,1.));
#3484 = ADVANCED_FACE('',(#3485,#3488),#3499,.F.);
#3485 = FACE_BOUND('',#3486,.F.);
#3486 = EDGE_LOOP('',(#3487));
#3487 = ORIENTED_EDGE('',*,*,#3451,.T.);
#3488 = FACE_BOUND('',#3489,.F.);
#3489 = EDGE_LOOP('',(#3490));
#3490 = ORIENTED_EDGE('',*,*,#3491,.F.);
#3491 = EDGE_CURVE('',#3492,#3492,#3494,.T.);
#3492 = VERTEX_POINT('',#3493);
#3493 = CARTESIAN_POINT('',(-9.797174393179E-16,137.1,-126.));
#3494 = CIRCLE('',#3495,4.);
#3495 = AXIS2_PLACEMENT_3D('',#3496,#3497,#3498);
#3496 = CARTESIAN_POINT('',(0.,137.1,-130.));
#3497 = DIRECTION('',(0.,1.,0.));
#3498 = DIRECTION('',(0.,-0.,1.));
#3499 = PLANE('',#3500);
#3500 = AXIS2_PLACEMENT_3D('',#3501,#3502,#3503);
#3501 = CARTESIAN_POINT('',(0.,137.1,-130.));
#3502 = DIRECTION('',(0.,1.,0.));
#3503 = DIRECTION('',(0.,-0.,1.));
#3504 = ADVANCED_FACE('',(#3505),#3516,.F.);
#3505 = FACE_BOUND('',#3506,.F.);
#3506 = EDGE_LOOP('',(#3507,#3513,#3514,#3515));
#3507 = ORIENTED_EDGE('',*,*,#3508,.T.);
#3508 = EDGE_CURVE('',#3492,#3472,#3509,.T.);
#3509 = LINE('',#3510,#3511);
#3510 = CARTESIAN_POINT('',(-9.797174393179E-16,131.1,-126.));
#3511 = VECTOR('',#3512,1.);
#3512 = DIRECTION('',(0.,1.,0.));
#3513 = ORIENTED_EDGE('',*,*,#3471,.F.);
#3514 = ORIENTED_EDGE('',*,*,#3508,.F.);
#3515 = ORIENTED_EDGE('',*,*,#3491,.T.);
#3516 = CYLINDRICAL_SURFACE('',#3517,4.);
#3517 = AXIS2_PLACEMENT_3D('',#3518,#3519,#3520);
#3518 = CARTESIAN_POINT('',(0.,131.1,-130.));
#3519 = DIRECTION('',(0.,1.,0.));
#3520 = DIRECTION('',(0.,-0.,1.));
#3521 = ( GEOMETRIC_REPRESENTATION_CONTEXT(3) 
GLOBAL_UNCERTAINTY_ASSIGNED_CONTEXT((#3525)) 
GLOBAL_UNIT_ASSIGNED_CONTEXT((#3522,#3523,#3524)) REPRESENTATION_CONTEXT
('Context #1','3D Context with UNIT and UNCERTAINTY') );
#3522 = ( LENGTH_UNIT() NAMED_UNIT(*) SI_UNIT(.MILLI.,.METRE.) );
#3523 = ( NAMED_UNIT(*) PLANE_ANGLE_UNIT() SI_UNIT($,.RADIAN.) );
#3524 = ( NAMED_UNIT(*) SI_UNIT($,.STERADIAN.) SOLID_ANGLE_UNIT() );
#3525 = UNCERTAINTY_MEASURE_WITH_UNIT(LENGTH_MEASURE(2.E-07),#3522,
  'distance_accuracy_value','confusion accuracy');
#3526 = PRODUCT_RELATED_PRODUCT_CATEGORY('part',$,(#7));
ENDSEC;
END-ISO-10303-21;
