ISO-10303-21;
HEADER;
FILE_DESCRIPTION(('FreeCAD Model'),'2;1');
FILE_NAME('Open CASCADE Shape Model','2026-09-22T10:54:57',('FreeCAD'),(
    'FreeCAD'),'Open CASCADE STEP processor 7.8','FreeCAD','Unknown');
FILE_SCHEMA(('AUTOMOTIVE_DESIGN { 1 0 10303 214 1 1 1 1 }'));
ENDSEC;
DATA;
#1 = APPLICATION_PROTOCOL_DEFINITION('international standard',
  'automotive_design',2000,#2);
#2 = APPLICATION_CONTEXT(
  'core data for automotive mechanical design processes');
#3 = SHAPE_DEFINITION_REPRESENTATION(#4,#10);
#4 = PRODUCT_DEFINITION_SHAPE('','',#5);
#5 = PRODUCT_DEFINITION('design','',#6,#9);
#6 = PRODUCT_DEFINITION_FORMATION('','',#7);
#7 = PRODUCT('Open CASCADE STEP translator 7.8 1',
  'Open CASCADE STEP translator 7.8 1','',(#8));
#8 = PRODUCT_CONTEXT('',#2,'mechanical');
#9 = PRODUCT_DEFINITION_CONTEXT('part definition',#2,'design');
#10 = SHAPE_REPRESENTATION('',(#11,#15,#2449,#3631,#4406,#5326,#5976,
    #9472,#9934,#11092),#12431);
#11 = AXIS2_PLACEMENT_3D('',#12,#13,#14);
#12 = CARTESIAN_POINT('',(0.,0.,0.));
#13 = DIRECTION('',(0.,0.,1.));
#14 = DIRECTION('',(1.,0.,-0.));
#15 = MANIFOLD_SOLID_BREP('',#16);
#16 = CLOSED_SHELL('',(#17,#59,#95,#131,#614,#941,#961,#981,#993,#1018,
    #1043,#1068,#1085,#1107,#1124,#1141,#1158,#1175,#1187,#1212,#1243,
    #1267,#1291,#1315,#1339,#1356,#1387,#1411,#1435,#1459,#1483,#1500,
    #1522,#1539,#1556,#1573,#1590,#1602,#1624,#1641,#1658,#1675,#1692,
    #1704,#1721,#1746,#1771,#1802,#1826,#1850,#1874,#1898,#1915,#1946,
    #1970,#1994,#2018,#2042,#2059,#2084,#2109,#2134,#2159,#2184,#2209,
    #2234,#2259,#2284,#2309,#2321,#2333,#2345,#2357,#2374,#2391,#2403,
    #2415,#2432));
#17 = ADVANCED_FACE('',(#18),#54,.T.);
#18 = FACE_BOUND('',#19,.T.);
#19 = EDGE_LOOP('',(#20,#30,#39,#47));
#20 = ORIENTED_EDGE('',*,*,#21,.T.);
#21 = EDGE_CURVE('',#22,#24,#26,.T.);
#22 = VERTEX_POINT('',#23);
#23 = CARTESIAN_POINT('',(68.284271247462,-6.,-68.28427124746));
#24 = VERTEX_POINT('',#25);
#25 = CARTESIAN_POINT('',(68.284271247462,0.,-68.28427124746));
#26 = LINE('',#27,#28);
#27 = CARTESIAN_POINT('',(68.284271247462,-6.,-68.28427124746));
#28 = VECTOR('',#29,1.);
#29 = DIRECTION('',(0.,1.,0.));
#30 = ORIENTED_EDGE('',*,*,#31,.T.);
#31 = EDGE_CURVE('',#24,#32,#34,.T.);
#32 = VERTEX_POINT('',#33);
#33 = CARTESIAN_POINT('',(11.715728752538,0.,-68.28427124746));
#34 = CIRCLE('',#35,40.);
#35 = AXIS2_PLACEMENT_3D('',#36,#37,#38);
#36 = CARTESIAN_POINT('',(40.,0.,-40.));
#37 = DIRECTION('',(0.,-1.,0.));
#38 = DIRECTION('',(0.707106781187,0.,-0.707106781187));
#39 = ORIENTED_EDGE('',*,*,#40,.F.);
#40 = EDGE_CURVE('',#41,#32,#43,.T.);
#41 = VERTEX_POINT('',#42);
#42 = CARTESIAN_POINT('',(11.715728752538,-6.,-68.28427124746));
#43 = LINE('',#44,#45);
#44 = CARTESIAN_POINT('',(11.715728752538,-6.,-68.28427124746));
#45 = VECTOR('',#46,1.);
#46 = DIRECTION('',(0.,1.,0.));
#47 = ORIENTED_EDGE('',*,*,#48,.F.);
#48 = EDGE_CURVE('',#22,#41,#49,.T.);
#49 = CIRCLE('',#50,40.);
#50 = AXIS2_PLACEMENT_3D('',#51,#52,#53);
#51 = CARTESIAN_POINT('',(40.,-6.,-40.));
#52 = DIRECTION('',(0.,-1.,0.));
#53 = DIRECTION('',(0.707106781187,0.,-0.707106781187));
#54 = CYLINDRICAL_SURFACE('',#55,40.);
#55 = AXIS2_PLACEMENT_3D('',#56,#57,#58);
#56 = CARTESIAN_POINT('',(40.,-6.,-40.));
#57 = DIRECTION('',(0.,-1.,0.));
#58 = DIRECTION('',(0.707106781187,0.,-0.707106781187));
#59 = ADVANCED_FACE('',(#60),#87,.T.);
#60 = FACE_BOUND('',#61,.T.);
#61 = EDGE_LOOP('',(#62,#72,#79,#80));
#62 = ORIENTED_EDGE('',*,*,#63,.T.);
#63 = EDGE_CURVE('',#64,#66,#68,.T.);
#64 = VERTEX_POINT('',#65);
#65 = CARTESIAN_POINT('',(58.,-6.,-95.));
#66 = VERTEX_POINT('',#67);
#67 = CARTESIAN_POINT('',(58.,0.,-95.));
#68 = LINE('',#69,#70);
#69 = CARTESIAN_POINT('',(58.,-6.,-95.));
#70 = VECTOR('',#71,1.);
#71 = DIRECTION('',(0.,1.,0.));
#72 = ORIENTED_EDGE('',*,*,#73,.T.);
#73 = EDGE_CURVE('',#66,#24,#74,.T.);
#74 = B_SPLINE_CURVE_WITH_KNOTS('',3,(#75,#76,#77,#78),.UNSPECIFIED.,.F.
  ,.F.,(4,4),(0.,1.),.PIECEWISE_BEZIER_KNOTS.);
#75 = CARTESIAN_POINT('',(58.,0.,-95.));
#76 = CARTESIAN_POINT('',(58.,0.,-82.));
#77 = CARTESIAN_POINT('',(60.5,0.,-76.06854249492));
#78 = CARTESIAN_POINT('',(68.284271247462,0.,-68.28427124746));
#79 = ORIENTED_EDGE('',*,*,#21,.F.);
#80 = ORIENTED_EDGE('',*,*,#81,.F.);
#81 = EDGE_CURVE('',#64,#22,#82,.T.);
#82 = B_SPLINE_CURVE_WITH_KNOTS('',3,(#83,#84,#85,#86),.UNSPECIFIED.,.F.
  ,.F.,(4,4),(0.,1.),.PIECEWISE_BEZIER_KNOTS.);
#83 = CARTESIAN_POINT('',(58.,-6.,-95.));
#84 = CARTESIAN_POINT('',(58.,-6.,-82.));
#85 = CARTESIAN_POINT('',(60.5,-6.,-76.06854249492));
#86 = CARTESIAN_POINT('',(68.284271247462,-6.,-68.28427124746));
#87 = SURFACE_OF_LINEAR_EXTRUSION('',#88,#93);
#88 = B_SPLINE_CURVE_WITH_KNOTS('',3,(#89,#90,#91,#92),.UNSPECIFIED.,.F.
  ,.F.,(4,4),(0.,1.),.PIECEWISE_BEZIER_KNOTS.);
#89 = CARTESIAN_POINT('',(58.,-6.,-95.));
#90 = CARTESIAN_POINT('',(58.,-6.,-82.));
#91 = CARTESIAN_POINT('',(60.5,-6.,-76.06854249492));
#92 = CARTESIAN_POINT('',(68.284271247462,-6.,-68.28427124746));
#93 = VECTOR('',#94,1.);
#94 = DIRECTION('',(-0.,-1.,-0.));
#95 = ADVANCED_FACE('',(#96),#123,.T.);
#96 = FACE_BOUND('',#97,.T.);
#97 = EDGE_LOOP('',(#98,#99,#108,#116));
#98 = ORIENTED_EDGE('',*,*,#40,.T.);
#99 = ORIENTED_EDGE('',*,*,#100,.T.);
#100 = EDGE_CURVE('',#32,#101,#103,.T.);
#101 = VERTEX_POINT('',#102);
#102 = CARTESIAN_POINT('',(22.,0.,-95.));
#103 = B_SPLINE_CURVE_WITH_KNOTS('',3,(#104,#105,#106,#107),
  .UNSPECIFIED.,.F.,.F.,(4,4),(0.,1.),.PIECEWISE_BEZIER_KNOTS.);
#104 = CARTESIAN_POINT('',(11.715728752538,0.,-68.28427124746));
#105 = CARTESIAN_POINT('',(19.5,0.,-76.06854249492));
#106 = CARTESIAN_POINT('',(22.,0.,-82.));
#107 = CARTESIAN_POINT('',(22.,0.,-95.));
#108 = ORIENTED_EDGE('',*,*,#109,.F.);
#109 = EDGE_CURVE('',#110,#101,#112,.T.);
#110 = VERTEX_POINT('',#111);
#111 = CARTESIAN_POINT('',(22.,-6.,-95.));
#112 = LINE('',#113,#114);
#113 = CARTESIAN_POINT('',(22.,-6.,-95.));
#114 = VECTOR('',#115,1.);
#115 = DIRECTION('',(0.,1.,0.));
#116 = ORIENTED_EDGE('',*,*,#117,.F.);
#117 = EDGE_CURVE('',#41,#110,#118,.T.);
#118 = B_SPLINE_CURVE_WITH_KNOTS('',3,(#119,#120,#121,#122),
  .UNSPECIFIED.,.F.,.F.,(4,4),(0.,1.),.PIECEWISE_BEZIER_KNOTS.);
#119 = CARTESIAN_POINT('',(11.715728752538,-6.,-68.28427124746));
#120 = CARTESIAN_POINT('',(19.5,-6.,-76.06854249492));
#121 = CARTESIAN_POINT('',(22.,-6.,-82.));
#122 = CARTESIAN_POINT('',(22.,-6.,-95.));
#123 = SURFACE_OF_LINEAR_EXTRUSION('',#124,#129);
#124 = B_SPLINE_CURVE_WITH_KNOTS('',3,(#125,#126,#127,#128),
  .UNSPECIFIED.,.F.,.F.,(4,4),(0.,1.),.PIECEWISE_BEZIER_KNOTS.);
#125 = CARTESIAN_POINT('',(11.715728752538,-6.,-68.28427124746));
#126 = CARTESIAN_POINT('',(19.5,-6.,-76.06854249492));
#127 = CARTESIAN_POINT('',(22.,-6.,-82.));
#128 = CARTESIAN_POINT('',(22.,-6.,-95.));
#129 = VECTOR('',#130,1.);
#130 = DIRECTION('',(-0.,-1.,-0.));
#131 = ADVANCED_FACE('',(#132,#162,#173,#184,#195,#206,#259,#270,#320,
    #370,#423,#476,#487,#498,#509,#559),#609,.T.);
#132 = FACE_BOUND('',#133,.T.);
#133 = EDGE_LOOP('',(#134,#135,#136,#145,#154,#161));
#134 = ORIENTED_EDGE('',*,*,#48,.T.);
#135 = ORIENTED_EDGE('',*,*,#117,.T.);
#136 = ORIENTED_EDGE('',*,*,#137,.T.);
#137 = EDGE_CURVE('',#110,#138,#140,.T.);
#138 = VERTEX_POINT('',#139);
#139 = CARTESIAN_POINT('',(23.,-6.,-170.));
#140 = B_SPLINE_CURVE_WITH_KNOTS('',3,(#141,#142,#143,#144),
  .UNSPECIFIED.,.F.,.F.,(4,4),(0.,1.),.PIECEWISE_BEZIER_KNOTS.);
#141 = CARTESIAN_POINT('',(22.,-6.,-95.));
#142 = CARTESIAN_POINT('',(22.,-6.,-118.));
#143 = CARTESIAN_POINT('',(23.,-6.,-144.));
#144 = CARTESIAN_POINT('',(23.,-6.,-170.));
#145 = ORIENTED_EDGE('',*,*,#146,.T.);
#146 = EDGE_CURVE('',#138,#147,#149,.T.);
#147 = VERTEX_POINT('',#148);
#148 = CARTESIAN_POINT('',(57.,-6.,-170.));
#149 = CIRCLE('',#150,17.);
#150 = AXIS2_PLACEMENT_3D('',#151,#152,#153);
#151 = CARTESIAN_POINT('',(40.,-6.,-170.));
#152 = DIRECTION('',(0.,-1.,0.));
#153 = DIRECTION('',(-1.,0.,0.));
#154 = ORIENTED_EDGE('',*,*,#155,.T.);
#155 = EDGE_CURVE('',#147,#64,#156,.T.);
#156 = B_SPLINE_CURVE_WITH_KNOTS('',3,(#157,#158,#159,#160),
  .UNSPECIFIED.,.F.,.F.,(4,4),(0.,1.),.PIECEWISE_BEZIER_KNOTS.);
#157 = CARTESIAN_POINT('',(57.,-6.,-170.));
#158 = CARTESIAN_POINT('',(57.,-6.,-144.));
#159 = CARTESIAN_POINT('',(58.,-6.,-118.));
#160 = CARTESIAN_POINT('',(58.,-6.,-95.));
#161 = ORIENTED_EDGE('',*,*,#81,.T.);
#162 = FACE_BOUND('',#163,.T.);
#163 = EDGE_LOOP('',(#164));
#164 = ORIENTED_EDGE('',*,*,#165,.T.);
#165 = EDGE_CURVE('',#166,#166,#168,.T.);
#166 = VERTEX_POINT('',#167);
#167 = CARTESIAN_POINT('',(18.349364905389,-6.,-25.8));
#168 = CIRCLE('',#169,1.7);
#169 = AXIS2_PLACEMENT_3D('',#170,#171,#172);
#170 = CARTESIAN_POINT('',(18.349364905389,-6.,-27.5));
#171 = DIRECTION('',(0.,1.,0.));
#172 = DIRECTION('',(0.,0.,1.));
#173 = FACE_BOUND('',#174,.T.);
#174 = EDGE_LOOP('',(#175));
#175 = ORIENTED_EDGE('',*,*,#176,.T.);
#176 = EDGE_CURVE('',#177,#177,#179,.T.);
#177 = VERTEX_POINT('',#178);
#178 = CARTESIAN_POINT('',(18.349364905389,-6.,-50.8));
#179 = CIRCLE('',#180,1.7);
#180 = AXIS2_PLACEMENT_3D('',#181,#182,#183);
#181 = CARTESIAN_POINT('',(18.349364905389,-6.,-52.5));
#182 = DIRECTION('',(0.,1.,0.));
#183 = DIRECTION('',(0.,0.,1.));
#184 = FACE_BOUND('',#185,.T.);
#185 = EDGE_LOOP('',(#186));
#186 = ORIENTED_EDGE('',*,*,#187,.T.);
#187 = EDGE_CURVE('',#188,#188,#190,.T.);
#188 = VERTEX_POINT('',#189);
#189 = CARTESIAN_POINT('',(40.,-6.,-13.3));
#190 = CIRCLE('',#191,1.7);
#191 = AXIS2_PLACEMENT_3D('',#192,#193,#194);
#192 = CARTESIAN_POINT('',(40.,-6.,-15.));
#193 = DIRECTION('',(0.,1.,0.));
#194 = DIRECTION('',(0.,0.,1.));
#195 = FACE_BOUND('',#196,.T.);
#196 = EDGE_LOOP('',(#197));
#197 = ORIENTED_EDGE('',*,*,#198,.T.);
#198 = EDGE_CURVE('',#199,#199,#201,.T.);
#199 = VERTEX_POINT('',#200);
#200 = CARTESIAN_POINT('',(40.,-6.,-19.8));
#201 = CIRCLE('',#202,20.2);
#202 = AXIS2_PLACEMENT_3D('',#203,#204,#205);
#203 = CARTESIAN_POINT('',(40.,-6.,-40.));
#204 = DIRECTION('',(0.,1.,0.));
#205 = DIRECTION('',(0.,0.,1.));
#206 = FACE_BOUND('',#207,.T.);
#207 = EDGE_LOOP('',(#208,#219,#227,#236,#244,#253));
#208 = ORIENTED_EDGE('',*,*,#209,.F.);
#209 = EDGE_CURVE('',#210,#212,#214,.T.);
#210 = VERTEX_POINT('',#211);
#211 = CARTESIAN_POINT('',(32.,-6.,-82.));
#212 = VERTEX_POINT('',#213);
#213 = CARTESIAN_POINT('',(30.,-6.,-84.));
#214 = CIRCLE('',#215,2.);
#215 = AXIS2_PLACEMENT_3D('',#216,#217,#218);
#216 = CARTESIAN_POINT('',(32.,-6.,-84.));
#217 = DIRECTION('',(-0.,-1.,0.));
#218 = DIRECTION('',(-1.,0.,3.55E-15));
#219 = ORIENTED_EDGE('',*,*,#220,.T.);
#220 = EDGE_CURVE('',#210,#221,#223,.T.);
#221 = VERTEX_POINT('',#222);
#222 = CARTESIAN_POINT('',(43.253273710192,-6.,-82.));
#223 = LINE('',#224,#225);
#224 = CARTESIAN_POINT('',(36.,-6.,-82.));
#225 = VECTOR('',#226,1.);
#226 = DIRECTION('',(1.,0.,0.));
#227 = ORIENTED_EDGE('',*,*,#228,.F.);
#228 = EDGE_CURVE('',#229,#221,#231,.T.);
#229 = VERTEX_POINT('',#230);
#230 = CARTESIAN_POINT('',(44.343250411383,-6.,-85.6768872326));
#231 = CIRCLE('',#232,2.);
#232 = AXIS2_PLACEMENT_3D('',#233,#234,#235);
#233 = CARTESIAN_POINT('',(43.253273710192,-6.,-84.));
#234 = DIRECTION('',(0.,-1.,0.));
#235 = DIRECTION('',(1.33E-15,0.,1.));
#236 = ORIENTED_EDGE('',*,*,#237,.T.);
#237 = EDGE_CURVE('',#229,#238,#240,.T.);
#238 = VERTEX_POINT('',#239);
#239 = CARTESIAN_POINT('',(33.089976701191,-6.,-92.99151514422));
#240 = LINE('',#241,#242);
#241 = CARTESIAN_POINT('',(41.651638047435,-6.,-87.42643526916));
#242 = VECTOR('',#243,1.);
#243 = DIRECTION('',(-0.838443616301,0.,-0.544988350595));
#244 = ORIENTED_EDGE('',*,*,#245,.F.);
#245 = EDGE_CURVE('',#246,#238,#248,.T.);
#246 = VERTEX_POINT('',#247);
#247 = CARTESIAN_POINT('',(30.,-6.,-91.31462791162));
#248 = CIRCLE('',#249,2.);
#249 = AXIS2_PLACEMENT_3D('',#250,#251,#252);
#250 = CARTESIAN_POINT('',(32.,-6.,-91.31462791162));
#251 = DIRECTION('',(0.,-1.,0.));
#252 = DIRECTION('',(0.544988350595,0.,-0.838443616301));
#253 = ORIENTED_EDGE('',*,*,#254,.T.);
#254 = EDGE_CURVE('',#246,#212,#255,.T.);
#255 = LINE('',#256,#257);
#256 = CARTESIAN_POINT('',(30.,-6.,-91.04528585215));
#257 = VECTOR('',#258,1.);
#258 = DIRECTION('',(0.,0.,1.));
#259 = FACE_BOUND('',#260,.T.);
#260 = EDGE_LOOP('',(#261));
#261 = ORIENTED_EDGE('',*,*,#262,.T.);
#262 = EDGE_CURVE('',#263,#263,#265,.T.);
#263 = VERTEX_POINT('',#264);
#264 = CARTESIAN_POINT('',(40.,-6.,-63.3));
#265 = CIRCLE('',#266,1.7);
#266 = AXIS2_PLACEMENT_3D('',#267,#268,#269);
#267 = CARTESIAN_POINT('',(40.,-6.,-65.));
#268 = DIRECTION('',(0.,1.,0.));
#269 = DIRECTION('',(0.,0.,1.));
#270 = FACE_BOUND('',#271,.T.);
#271 = EDGE_LOOP('',(#272,#282,#290,#298,#306,#314));
#272 = ORIENTED_EDGE('',*,*,#273,.F.);
#273 = EDGE_CURVE('',#274,#276,#278,.T.);
#274 = VERTEX_POINT('',#275);
#275 = CARTESIAN_POINT('',(43.65,-6.,-103.8926715174));
#276 = VERTEX_POINT('',#277);
#277 = CARTESIAN_POINT('',(40.,-6.,-101.7853430349));
#278 = LINE('',#279,#280);
#279 = CARTESIAN_POINT('',(39.441395143954,-6.,-101.4628323709));
#280 = VECTOR('',#281,1.);
#281 = DIRECTION('',(-0.866025403784,0.,0.5));
#282 = ORIENTED_EDGE('',*,*,#283,.F.);
#283 = EDGE_CURVE('',#284,#274,#286,.T.);
#284 = VERTEX_POINT('',#285);
#285 = CARTESIAN_POINT('',(43.65,-6.,-108.1073284825));
#286 = LINE('',#287,#288);
#287 = CARTESIAN_POINT('',(43.65,-6.,-99.4416361376));
#288 = VECTOR('',#289,1.);
#289 = DIRECTION('',(3.2E-16,0.,1.));
#290 = ORIENTED_EDGE('',*,*,#291,.F.);
#291 = EDGE_CURVE('',#292,#284,#294,.T.);
#292 = VERTEX_POINT('',#293);
#293 = CARTESIAN_POINT('',(40.,-6.,-110.214656965));
#294 = LINE('',#295,#296);
#295 = CARTESIAN_POINT('',(44.208604856046,-6.,-107.7848178185));
#296 = VECTOR('',#297,1.);
#297 = DIRECTION('',(0.866025403784,0.,0.5));
#298 = ORIENTED_EDGE('',*,*,#299,.F.);
#299 = EDGE_CURVE('',#300,#292,#302,.T.);
#300 = VERTEX_POINT('',#301);
#301 = CARTESIAN_POINT('',(36.35,-6.,-108.1073284825));
#302 = LINE('',#303,#304);
#303 = CARTESIAN_POINT('',(33.966395143954,-6.,-106.7311535772));
#304 = VECTOR('',#305,1.);
#305 = DIRECTION('',(0.866025403784,0.,-0.5));
#306 = ORIENTED_EDGE('',*,*,#307,.F.);
#307 = EDGE_CURVE('',#308,#300,#310,.T.);
#308 = VERTEX_POINT('',#309);
#309 = CARTESIAN_POINT('',(36.35,-6.,-103.8926715174));
#310 = LINE('',#311,#312);
#311 = CARTESIAN_POINT('',(36.35,-6.,-97.33430765506));
#312 = VECTOR('',#313,1.);
#313 = DIRECTION('',(1.1E-16,0.,-1.));
#314 = ORIENTED_EDGE('',*,*,#315,.F.);
#315 = EDGE_CURVE('',#276,#308,#316,.T.);
#316 = LINE('',#317,#318);
#317 = CARTESIAN_POINT('',(42.383604856046,-6.,-100.4091681296));
#318 = VECTOR('',#319,1.);
#319 = DIRECTION('',(-0.866025403784,0.,-0.5));
#320 = FACE_BOUND('',#321,.T.);
#321 = EDGE_LOOP('',(#322,#332,#340,#348,#356,#364));
#322 = ORIENTED_EDGE('',*,*,#323,.F.);
#323 = EDGE_CURVE('',#324,#326,#328,.T.);
#324 = VERTEX_POINT('',#325);
#325 = CARTESIAN_POINT('',(43.65,-6.,-130.8926715174));
#326 = VERTEX_POINT('',#327);
#327 = CARTESIAN_POINT('',(40.,-6.,-128.7853430349));
#328 = LINE('',#329,#330);
#329 = CARTESIAN_POINT('',(33.595723668409,-6.,-125.0878323709));
#330 = VECTOR('',#331,1.);
#331 = DIRECTION('',(-0.866025403784,0.,0.5));
#332 = ORIENTED_EDGE('',*,*,#333,.F.);
#333 = EDGE_CURVE('',#334,#324,#336,.T.);
#334 = VERTEX_POINT('',#335);
#335 = CARTESIAN_POINT('',(43.65,-6.,-135.1073284825));
#336 = LINE('',#337,#338);
#337 = CARTESIAN_POINT('',(43.65,-6.,-112.9416361376));
#338 = VECTOR('',#339,1.);
#339 = DIRECTION('',(3.2E-16,0.,1.));
#340 = ORIENTED_EDGE('',*,*,#341,.F.);
#341 = EDGE_CURVE('',#342,#334,#344,.T.);
#342 = VERTEX_POINT('',#343);
#343 = CARTESIAN_POINT('',(40.,-6.,-137.214656965));
#344 = LINE('',#345,#346);
#345 = CARTESIAN_POINT('',(50.054276331591,-6.,-131.4098178185));
#346 = VECTOR('',#347,1.);
#347 = DIRECTION('',(0.866025403784,0.,0.5));
#348 = ORIENTED_EDGE('',*,*,#349,.F.);
#349 = EDGE_CURVE('',#350,#342,#352,.T.);
#350 = VERTEX_POINT('',#351);
#351 = CARTESIAN_POINT('',(36.35,-6.,-135.1073284825));
#352 = LINE('',#353,#354);
#353 = CARTESIAN_POINT('',(28.120723668409,-6.,-130.3561535772));
#354 = VECTOR('',#355,1.);
#355 = DIRECTION('',(0.866025403784,0.,-0.5));
#356 = ORIENTED_EDGE('',*,*,#357,.F.);
#357 = EDGE_CURVE('',#358,#350,#360,.T.);
#358 = VERTEX_POINT('',#359);
#359 = CARTESIAN_POINT('',(36.35,-6.,-130.8926715174));
#360 = LINE('',#361,#362);
#361 = CARTESIAN_POINT('',(36.35,-6.,-110.834307655));
#362 = VECTOR('',#363,1.);
#363 = DIRECTION('',(1.1E-16,0.,-1.));
#364 = ORIENTED_EDGE('',*,*,#365,.F.);
#365 = EDGE_CURVE('',#326,#358,#366,.T.);
#366 = LINE('',#367,#368);
#367 = CARTESIAN_POINT('',(48.229276331591,-6.,-124.0341681296));
#368 = VECTOR('',#369,1.);
#369 = DIRECTION('',(-0.866025403784,0.,-0.5));
#370 = FACE_BOUND('',#371,.T.);
#371 = EDGE_LOOP('',(#372,#383,#391,#400,#408,#417));
#372 = ORIENTED_EDGE('',*,*,#373,.F.);
#373 = EDGE_CURVE('',#374,#376,#378,.T.);
#374 = VERTEX_POINT('',#375);
#375 = CARTESIAN_POINT('',(50.,-6.,-113.8413111231));
#376 = VERTEX_POINT('',#377);
#377 = CARTESIAN_POINT('',(46.853075311273,-6.,-112.2028472821));
#378 = CIRCLE('',#379,2.);
#379 = AXIS2_PLACEMENT_3D('',#380,#381,#382);
#380 = CARTESIAN_POINT('',(48.,-6.,-113.8413111231));
#381 = DIRECTION('',(-0.,-1.,0.));
#382 = DIRECTION('',(-0.573462344363,0.,0.819231920519));
#383 = ORIENTED_EDGE('',*,*,#384,.T.);
#384 = EDGE_CURVE('',#374,#385,#387,.T.);
#385 = VERTEX_POINT('',#386);
#386 = CARTESIAN_POINT('',(50.,-6.,-122.));
#387 = LINE('',#388,#389);
#388 = CARTESIAN_POINT('',(50.,-6.,-102.3086274579));
#389 = VECTOR('',#390,1.);
#390 = DIRECTION('',(0.,0.,-1.));
#391 = ORIENTED_EDGE('',*,*,#392,.F.);
#392 = EDGE_CURVE('',#393,#385,#395,.T.);
#393 = VERTEX_POINT('',#394);
#394 = CARTESIAN_POINT('',(48.,-6.,-124.));
#395 = CIRCLE('',#396,2.);
#396 = AXIS2_PLACEMENT_3D('',#397,#398,#399);
#397 = CARTESIAN_POINT('',(48.,-6.,-122.));
#398 = DIRECTION('',(0.,-1.,0.));
#399 = DIRECTION('',(1.,0.,0.));
#400 = ORIENTED_EDGE('',*,*,#401,.T.);
#401 = EDGE_CURVE('',#393,#402,#404,.T.);
#402 = VERTEX_POINT('',#403);
#403 = CARTESIAN_POINT('',(36.344730175924,-6.,-124.));
#404 = LINE('',#405,#406);
#405 = CARTESIAN_POINT('',(44.,-6.,-124.));
#406 = VECTOR('',#407,1.);
#407 = DIRECTION('',(-1.,0.,0.));
#408 = ORIENTED_EDGE('',*,*,#409,.F.);
#409 = EDGE_CURVE('',#410,#402,#412,.T.);
#410 = VERTEX_POINT('',#411);
#411 = CARTESIAN_POINT('',(35.197805487197,-6.,-120.3615361589));
#412 = CIRCLE('',#413,2.);
#413 = AXIS2_PLACEMENT_3D('',#414,#415,#416);
#414 = CARTESIAN_POINT('',(36.344730175924,-6.,-122.));
#415 = DIRECTION('',(0.,-1.,-0.));
#416 = DIRECTION('',(-1.78E-15,0.,-1.));
#417 = ORIENTED_EDGE('',*,*,#418,.T.);
#418 = EDGE_CURVE('',#410,#376,#419,.T.);
#419 = LINE('',#420,#421);
#420 = CARTESIAN_POINT('',(43.758915946662,-6.,-114.3687588373));
#421 = VECTOR('',#422,1.);
#422 = DIRECTION('',(0.819231920519,0.,0.573462344363));
#423 = FACE_BOUND('',#424,.T.);
#424 = EDGE_LOOP('',(#425,#436,#444,#453,#461,#470));
#425 = ORIENTED_EDGE('',*,*,#426,.F.);
#426 = EDGE_CURVE('',#427,#429,#431,.T.);
#427 = VERTEX_POINT('',#428);
#428 = CARTESIAN_POINT('',(32.,-6.,-141.5));
#429 = VERTEX_POINT('',#430);
#430 = CARTESIAN_POINT('',(30.,-6.,-143.5));
#431 = CIRCLE('',#432,2.);
#432 = AXIS2_PLACEMENT_3D('',#433,#434,#435);
#433 = CARTESIAN_POINT('',(32.,-6.,-143.5));
#434 = DIRECTION('',(-0.,-1.,-0.));
#435 = DIRECTION('',(-1.,0.,0.));
#436 = ORIENTED_EDGE('',*,*,#437,.T.);
#437 = EDGE_CURVE('',#427,#438,#440,.T.);
#438 = VERTEX_POINT('',#439);
#439 = CARTESIAN_POINT('',(42.779365403436,-6.,-141.5));
#440 = LINE('',#441,#442);
#441 = CARTESIAN_POINT('',(36.,-6.,-141.5));
#442 = VECTOR('',#443,1.);
#443 = DIRECTION('',(1.,0.,0.));
#444 = ORIENTED_EDGE('',*,*,#445,.F.);
#445 = EDGE_CURVE('',#446,#438,#448,.T.);
#446 = VERTEX_POINT('',#447);
#447 = CARTESIAN_POINT('',(43.808356914292,-6.,-145.2149858514));
#448 = CIRCLE('',#449,2.);
#449 = AXIS2_PLACEMENT_3D('',#450,#451,#452);
#450 = CARTESIAN_POINT('',(42.779365403436,-6.,-143.5));
#451 = DIRECTION('',(-0.,-1.,0.));
#452 = DIRECTION('',(-2.89E-15,0.,1.));
#453 = ORIENTED_EDGE('',*,*,#454,.T.);
#454 = EDGE_CURVE('',#446,#455,#457,.T.);
#455 = VERTEX_POINT('',#456);
#456 = CARTESIAN_POINT('',(33.028991510855,-6.,-151.6826050934));
#457 = LINE('',#458,#459);
#458 = CARTESIAN_POINT('',(54.416837914644,-6.,-138.8498972512));
#459 = VECTOR('',#460,1.);
#460 = DIRECTION('',(-0.857492925713,0.,-0.514495755428));
#461 = ORIENTED_EDGE('',*,*,#462,.F.);
#462 = EDGE_CURVE('',#463,#455,#465,.T.);
#463 = VERTEX_POINT('',#464);
#464 = CARTESIAN_POINT('',(30.,-6.,-149.967619242));
#465 = CIRCLE('',#466,2.);
#466 = AXIS2_PLACEMENT_3D('',#467,#468,#469);
#467 = CARTESIAN_POINT('',(32.,-6.,-149.967619242));
#468 = DIRECTION('',(0.,-1.,0.));
#469 = DIRECTION('',(0.514495755428,0.,-0.857492925713));
#470 = ORIENTED_EDGE('',*,*,#471,.T.);
#471 = EDGE_CURVE('',#463,#429,#472,.T.);
#472 = LINE('',#473,#474);
#473 = CARTESIAN_POINT('',(30.,-6.,-120.3717815173));
#474 = VECTOR('',#475,1.);
#475 = DIRECTION('',(0.,0.,1.));
#476 = FACE_BOUND('',#477,.T.);
#477 = EDGE_LOOP('',(#478));
#478 = ORIENTED_EDGE('',*,*,#479,.T.);
#479 = EDGE_CURVE('',#480,#480,#482,.T.);
#480 = VERTEX_POINT('',#481);
#481 = CARTESIAN_POINT('',(40.,-6.,-165.975));
#482 = CIRCLE('',#483,4.025);
#483 = AXIS2_PLACEMENT_3D('',#484,#485,#486);
#484 = CARTESIAN_POINT('',(40.,-6.,-170.));
#485 = DIRECTION('',(0.,1.,0.));
#486 = DIRECTION('',(0.,0.,1.));
#487 = FACE_BOUND('',#488,.T.);
#488 = EDGE_LOOP('',(#489));
#489 = ORIENTED_EDGE('',*,*,#490,.T.);
#490 = EDGE_CURVE('',#491,#491,#493,.T.);
#491 = VERTEX_POINT('',#492);
#492 = CARTESIAN_POINT('',(61.650635094611,-6.,-25.8));
#493 = CIRCLE('',#494,1.7);
#494 = AXIS2_PLACEMENT_3D('',#495,#496,#497);
#495 = CARTESIAN_POINT('',(61.650635094611,-6.,-27.5));
#496 = DIRECTION('',(0.,1.,0.));
#497 = DIRECTION('',(0.,0.,1.));
#498 = FACE_BOUND('',#499,.T.);
#499 = EDGE_LOOP('',(#500));
#500 = ORIENTED_EDGE('',*,*,#501,.T.);
#501 = EDGE_CURVE('',#502,#502,#504,.T.);
#502 = VERTEX_POINT('',#503);
#503 = CARTESIAN_POINT('',(61.650635094611,-6.,-50.8));
#504 = CIRCLE('',#505,1.7);
#505 = AXIS2_PLACEMENT_3D('',#506,#507,#508);
#506 = CARTESIAN_POINT('',(61.650635094611,-6.,-52.5));
#507 = DIRECTION('',(0.,1.,0.));
#508 = DIRECTION('',(0.,0.,1.));
#509 = FACE_BOUND('',#510,.T.);
#510 = EDGE_LOOP('',(#511,#521,#529,#537,#545,#553));
#511 = ORIENTED_EDGE('',*,*,#512,.F.);
#512 = EDGE_CURVE('',#513,#515,#517,.T.);
#513 = VERTEX_POINT('',#514);
#514 = CARTESIAN_POINT('',(74.65,-6.,-25.89267151745));
#515 = VERTEX_POINT('',#516);
#516 = CARTESIAN_POINT('',(71.,-6.,-23.78534303491));
#517 = LINE('',#518,#519);
#518 = CARTESIAN_POINT('',(75.70389051775,-6.,-26.50113549157));
#519 = VECTOR('',#520,1.);
#520 = DIRECTION('',(-0.866025403784,0.,0.5));
#521 = ORIENTED_EDGE('',*,*,#522,.F.);
#522 = EDGE_CURVE('',#523,#513,#525,.T.);
#523 = VERTEX_POINT('',#524);
#524 = CARTESIAN_POINT('',(74.65,-6.,-30.10732848254));
#525 = LINE('',#526,#527);
#526 = CARTESIAN_POINT('',(74.65,-6.,-60.4416361376));
#527 = VECTOR('',#528,1.);
#528 = DIRECTION('',(0.,0.,1.));
#529 = ORIENTED_EDGE('',*,*,#530,.F.);
#530 = EDGE_CURVE('',#531,#523,#533,.T.);
#531 = VERTEX_POINT('',#532);
#532 = CARTESIAN_POINT('',(71.,-6.,-32.21465696508));
#533 = LINE('',#534,#535);
#534 = CARTESIAN_POINT('',(46.69610948225,-6.,-46.24651469786));
#535 = VECTOR('',#536,1.);
#536 = DIRECTION('',(0.866025403784,0.,0.5));
#537 = ORIENTED_EDGE('',*,*,#538,.F.);
#538 = EDGE_CURVE('',#539,#531,#541,.T.);
#539 = VERTEX_POINT('',#540);
#540 = CARTESIAN_POINT('',(67.35,-6.,-30.10732848254));
#541 = LINE('',#542,#543);
#542 = CARTESIAN_POINT('',(70.22889051775,-6.,-31.76945669793));
#543 = VECTOR('',#544,1.);
#544 = DIRECTION('',(0.866025403784,0.,-0.5));
#545 = ORIENTED_EDGE('',*,*,#546,.F.);
#546 = EDGE_CURVE('',#547,#539,#549,.T.);
#547 = VERTEX_POINT('',#548);
#548 = CARTESIAN_POINT('',(67.35,-6.,-25.89267151745));
#549 = LINE('',#550,#551);
#550 = CARTESIAN_POINT('',(67.35,-6.,-58.33430765506));
#551 = VECTOR('',#552,1.);
#552 = DIRECTION('',(0.,0.,-1.));
#553 = ORIENTED_EDGE('',*,*,#554,.F.);
#554 = EDGE_CURVE('',#515,#547,#555,.T.);
#555 = LINE('',#556,#557);
#556 = CARTESIAN_POINT('',(44.87110948225,-6.,-38.87086500896));
#557 = VECTOR('',#558,1.);
#558 = DIRECTION('',(-0.866025403784,0.,-0.5));
#559 = FACE_BOUND('',#560,.T.);
#560 = EDGE_LOOP('',(#561,#571,#579,#587,#595,#603));
#561 = ORIENTED_EDGE('',*,*,#562,.F.);
#562 = EDGE_CURVE('',#563,#565,#567,.T.);
#563 = VERTEX_POINT('',#564);
#564 = CARTESIAN_POINT('',(74.65,-6.,-49.89267151745));
#565 = VERTEX_POINT('',#566);
#566 = CARTESIAN_POINT('',(71.,-6.,-47.78534303491));
#567 = LINE('',#568,#569);
#568 = CARTESIAN_POINT('',(70.507738095044,-6.,-47.50113549157));
#569 = VECTOR('',#570,1.);
#570 = DIRECTION('',(-0.866025403784,0.,0.5));
#571 = ORIENTED_EDGE('',*,*,#572,.F.);
#572 = EDGE_CURVE('',#573,#563,#575,.T.);
#573 = VERTEX_POINT('',#574);
#574 = CARTESIAN_POINT('',(74.65,-6.,-54.10732848254));
#575 = LINE('',#576,#577);
#576 = CARTESIAN_POINT('',(74.65,-6.,-72.4416361376));
#577 = VECTOR('',#578,1.);
#578 = DIRECTION('',(0.,0.,1.));
#579 = ORIENTED_EDGE('',*,*,#580,.F.);
#580 = EDGE_CURVE('',#581,#573,#583,.T.);
#581 = VERTEX_POINT('',#582);
#582 = CARTESIAN_POINT('',(71.,-6.,-56.21465696508));
#583 = LINE('',#584,#585);
#584 = CARTESIAN_POINT('',(51.892261904956,-6.,-67.24651469786));
#585 = VECTOR('',#586,1.);
#586 = DIRECTION('',(0.866025403784,0.,0.5));
#587 = ORIENTED_EDGE('',*,*,#588,.F.);
#588 = EDGE_CURVE('',#589,#581,#591,.T.);
#589 = VERTEX_POINT('',#590);
#590 = CARTESIAN_POINT('',(67.35,-6.,-54.10732848254));
#591 = LINE('',#592,#593);
#592 = CARTESIAN_POINT('',(65.032738095044,-6.,-52.76945669793));
#593 = VECTOR('',#594,1.);
#594 = DIRECTION('',(0.866025403784,0.,-0.5));
#595 = ORIENTED_EDGE('',*,*,#596,.F.);
#596 = EDGE_CURVE('',#597,#589,#599,.T.);
#597 = VERTEX_POINT('',#598);
#598 = CARTESIAN_POINT('',(67.35,-6.,-49.89267151745));
#599 = LINE('',#600,#601);
#600 = CARTESIAN_POINT('',(67.35,-6.,-70.33430765506));
#601 = VECTOR('',#602,1.);
#602 = DIRECTION('',(0.,0.,-1.));
#603 = ORIENTED_EDGE('',*,*,#604,.F.);
#604 = EDGE_CURVE('',#565,#597,#605,.T.);
#605 = LINE('',#606,#607);
#606 = CARTESIAN_POINT('',(50.067261904956,-6.,-59.87086500896));
#607 = VECTOR('',#608,1.);
#608 = DIRECTION('',(-0.866025403784,0.,-0.5));
#609 = PLANE('',#610);
#610 = AXIS2_PLACEMENT_3D('',#611,#612,#613);
#611 = CARTESIAN_POINT('',(40.,-6.,-90.77594379267));
#612 = DIRECTION('',(-0.,-1.,-0.));
#613 = DIRECTION('',(0.,0.,-1.));
#614 = ADVANCED_FACE('',(#615,#645,#656,#667,#678,#689,#700,#753,#764,
    #775,#828,#881,#892,#903,#914,#925),#936,.F.);
#615 = FACE_BOUND('',#616,.F.);
#616 = EDGE_LOOP('',(#617,#618,#619,#628,#637,#644));
#617 = ORIENTED_EDGE('',*,*,#31,.T.);
#618 = ORIENTED_EDGE('',*,*,#100,.T.);
#619 = ORIENTED_EDGE('',*,*,#620,.T.);
#620 = EDGE_CURVE('',#101,#621,#623,.T.);
#621 = VERTEX_POINT('',#622);
#622 = CARTESIAN_POINT('',(23.,0.,-170.));
#623 = B_SPLINE_CURVE_WITH_KNOTS('',3,(#624,#625,#626,#627),
  .UNSPECIFIED.,.F.,.F.,(4,4),(0.,1.),.PIECEWISE_BEZIER_KNOTS.);
#624 = CARTESIAN_POINT('',(22.,0.,-95.));
#625 = CARTESIAN_POINT('',(22.,0.,-118.));
#626 = CARTESIAN_POINT('',(23.,0.,-144.));
#627 = CARTESIAN_POINT('',(23.,0.,-170.));
#628 = ORIENTED_EDGE('',*,*,#629,.T.);
#629 = EDGE_CURVE('',#621,#630,#632,.T.);
#630 = VERTEX_POINT('',#631);
#631 = CARTESIAN_POINT('',(57.,0.,-170.));
#632 = CIRCLE('',#633,17.);
#633 = AXIS2_PLACEMENT_3D('',#634,#635,#636);
#634 = CARTESIAN_POINT('',(40.,0.,-170.));
#635 = DIRECTION('',(0.,-1.,0.));
#636 = DIRECTION('',(-1.,0.,0.));
#637 = ORIENTED_EDGE('',*,*,#638,.T.);
#638 = EDGE_CURVE('',#630,#66,#639,.T.);
#639 = B_SPLINE_CURVE_WITH_KNOTS('',3,(#640,#641,#642,#643),
  .UNSPECIFIED.,.F.,.F.,(4,4),(0.,1.),.PIECEWISE_BEZIER_KNOTS.);
#640 = CARTESIAN_POINT('',(57.,0.,-170.));
#641 = CARTESIAN_POINT('',(57.,0.,-144.));
#642 = CARTESIAN_POINT('',(58.,0.,-118.));
#643 = CARTESIAN_POINT('',(58.,0.,-95.));
#644 = ORIENTED_EDGE('',*,*,#73,.T.);
#645 = FACE_BOUND('',#646,.F.);
#646 = EDGE_LOOP('',(#647));
#647 = ORIENTED_EDGE('',*,*,#648,.T.);
#648 = EDGE_CURVE('',#649,#649,#651,.T.);
#649 = VERTEX_POINT('',#650);
#650 = CARTESIAN_POINT('',(18.349364905389,0.,-24.4));
#651 = CIRCLE('',#652,3.1);
#652 = AXIS2_PLACEMENT_3D('',#653,#654,#655);
#653 = CARTESIAN_POINT('',(18.349364905389,0.,-27.5));
#654 = DIRECTION('',(0.,1.,0.));
#655 = DIRECTION('',(0.,0.,1.));
#656 = FACE_BOUND('',#657,.F.);
#657 = EDGE_LOOP('',(#658));
#658 = ORIENTED_EDGE('',*,*,#659,.T.);
#659 = EDGE_CURVE('',#660,#660,#662,.T.);
#660 = VERTEX_POINT('',#661);
#661 = CARTESIAN_POINT('',(18.349364905389,0.,-49.4));
#662 = CIRCLE('',#663,3.1);
#663 = AXIS2_PLACEMENT_3D('',#664,#665,#666);
#664 = CARTESIAN_POINT('',(18.349364905389,0.,-52.5));
#665 = DIRECTION('',(0.,1.,0.));
#666 = DIRECTION('',(0.,0.,1.));
#667 = FACE_BOUND('',#668,.F.);
#668 = EDGE_LOOP('',(#669));
#669 = ORIENTED_EDGE('',*,*,#670,.T.);
#670 = EDGE_CURVE('',#671,#671,#673,.T.);
#671 = VERTEX_POINT('',#672);
#672 = CARTESIAN_POINT('',(40.,0.,-11.9));
#673 = CIRCLE('',#674,3.1);
#674 = AXIS2_PLACEMENT_3D('',#675,#676,#677);
#675 = CARTESIAN_POINT('',(40.,0.,-15.));
#676 = DIRECTION('',(0.,1.,0.));
#677 = DIRECTION('',(0.,0.,1.));
#678 = FACE_BOUND('',#679,.F.);
#679 = EDGE_LOOP('',(#680));
#680 = ORIENTED_EDGE('',*,*,#681,.T.);
#681 = EDGE_CURVE('',#682,#682,#684,.T.);
#682 = VERTEX_POINT('',#683);
#683 = CARTESIAN_POINT('',(40.,0.,-19.8));
#684 = CIRCLE('',#685,20.2);
#685 = AXIS2_PLACEMENT_3D('',#686,#687,#688);
#686 = CARTESIAN_POINT('',(40.,0.,-40.));
#687 = DIRECTION('',(0.,1.,0.));
#688 = DIRECTION('',(0.,0.,1.));
#689 = FACE_BOUND('',#690,.F.);
#690 = EDGE_LOOP('',(#691));
#691 = ORIENTED_EDGE('',*,*,#692,.T.);
#692 = EDGE_CURVE('',#693,#693,#695,.T.);
#693 = VERTEX_POINT('',#694);
#694 = CARTESIAN_POINT('',(40.,0.,-61.9));
#695 = CIRCLE('',#696,3.1);
#696 = AXIS2_PLACEMENT_3D('',#697,#698,#699);
#697 = CARTESIAN_POINT('',(40.,0.,-65.));
#698 = DIRECTION('',(0.,1.,0.));
#699 = DIRECTION('',(0.,0.,1.));
#700 = FACE_BOUND('',#701,.F.);
#701 = EDGE_LOOP('',(#702,#713,#721,#730,#738,#747));
#702 = ORIENTED_EDGE('',*,*,#703,.F.);
#703 = EDGE_CURVE('',#704,#706,#708,.T.);
#704 = VERTEX_POINT('',#705);
#705 = CARTESIAN_POINT('',(32.,0.,-82.));
#706 = VERTEX_POINT('',#707);
#707 = CARTESIAN_POINT('',(30.,0.,-84.));
#708 = CIRCLE('',#709,2.);
#709 = AXIS2_PLACEMENT_3D('',#710,#711,#712);
#710 = CARTESIAN_POINT('',(32.,0.,-84.));
#711 = DIRECTION('',(-0.,-1.,0.));
#712 = DIRECTION('',(-1.,0.,3.55E-15));
#713 = ORIENTED_EDGE('',*,*,#714,.T.);
#714 = EDGE_CURVE('',#704,#715,#717,.T.);
#715 = VERTEX_POINT('',#716);
#716 = CARTESIAN_POINT('',(43.253273710192,0.,-82.));
#717 = LINE('',#718,#719);
#718 = CARTESIAN_POINT('',(36.,0.,-82.));
#719 = VECTOR('',#720,1.);
#720 = DIRECTION('',(1.,0.,0.));
#721 = ORIENTED_EDGE('',*,*,#722,.F.);
#722 = EDGE_CURVE('',#723,#715,#725,.T.);
#723 = VERTEX_POINT('',#724);
#724 = CARTESIAN_POINT('',(44.343250411383,0.,-85.6768872326));
#725 = CIRCLE('',#726,2.);
#726 = AXIS2_PLACEMENT_3D('',#727,#728,#729);
#727 = CARTESIAN_POINT('',(43.253273710192,0.,-84.));
#728 = DIRECTION('',(0.,-1.,0.));
#729 = DIRECTION('',(1.33E-15,0.,1.));
#730 = ORIENTED_EDGE('',*,*,#731,.T.);
#731 = EDGE_CURVE('',#723,#732,#734,.T.);
#732 = VERTEX_POINT('',#733);
#733 = CARTESIAN_POINT('',(33.089976701191,0.,-92.99151514422));
#734 = LINE('',#735,#736);
#735 = CARTESIAN_POINT('',(41.651638047435,0.,-87.42643526916));
#736 = VECTOR('',#737,1.);
#737 = DIRECTION('',(-0.838443616301,0.,-0.544988350595));
#738 = ORIENTED_EDGE('',*,*,#739,.F.);
#739 = EDGE_CURVE('',#740,#732,#742,.T.);
#740 = VERTEX_POINT('',#741);
#741 = CARTESIAN_POINT('',(30.,0.,-91.31462791162));
#742 = CIRCLE('',#743,2.);
#743 = AXIS2_PLACEMENT_3D('',#744,#745,#746);
#744 = CARTESIAN_POINT('',(32.,0.,-91.31462791162));
#745 = DIRECTION('',(0.,-1.,0.));
#746 = DIRECTION('',(0.544988350595,0.,-0.838443616301));
#747 = ORIENTED_EDGE('',*,*,#748,.T.);
#748 = EDGE_CURVE('',#740,#706,#749,.T.);
#749 = LINE('',#750,#751);
#750 = CARTESIAN_POINT('',(30.,0.,-91.04528585215));
#751 = VECTOR('',#752,1.);
#752 = DIRECTION('',(0.,0.,1.));
#753 = FACE_BOUND('',#754,.F.);
#754 = EDGE_LOOP('',(#755));
#755 = ORIENTED_EDGE('',*,*,#756,.T.);
#756 = EDGE_CURVE('',#757,#757,#759,.T.);
#757 = VERTEX_POINT('',#758);
#758 = CARTESIAN_POINT('',(40.,0.,-103.8));
#759 = CIRCLE('',#760,2.2);
#760 = AXIS2_PLACEMENT_3D('',#761,#762,#763);
#761 = CARTESIAN_POINT('',(40.,0.,-106.));
#762 = DIRECTION('',(0.,1.,0.));
#763 = DIRECTION('',(0.,0.,1.));
#764 = FACE_BOUND('',#765,.F.);
#765 = EDGE_LOOP('',(#766));
#766 = ORIENTED_EDGE('',*,*,#767,.T.);
#767 = EDGE_CURVE('',#768,#768,#770,.T.);
#768 = VERTEX_POINT('',#769);
#769 = CARTESIAN_POINT('',(40.,0.,-130.8));
#770 = CIRCLE('',#771,2.2);
#771 = AXIS2_PLACEMENT_3D('',#772,#773,#774);
#772 = CARTESIAN_POINT('',(40.,0.,-133.));
#773 = DIRECTION('',(0.,1.,0.));
#774 = DIRECTION('',(0.,0.,1.));
#775 = FACE_BOUND('',#776,.F.);
#776 = EDGE_LOOP('',(#777,#788,#796,#805,#813,#822));
#777 = ORIENTED_EDGE('',*,*,#778,.F.);
#778 = EDGE_CURVE('',#779,#781,#783,.T.);
#779 = VERTEX_POINT('',#780);
#780 = CARTESIAN_POINT('',(50.,0.,-113.8413111231));
#781 = VERTEX_POINT('',#782);
#782 = CARTESIAN_POINT('',(46.853075311273,0.,-112.2028472821));
#783 = CIRCLE('',#784,2.);
#784 = AXIS2_PLACEMENT_3D('',#785,#786,#787);
#785 = CARTESIAN_POINT('',(48.,0.,-113.8413111231));
#786 = DIRECTION('',(-0.,-1.,0.));
#787 = DIRECTION('',(-0.573462344363,0.,0.819231920519));
#788 = ORIENTED_EDGE('',*,*,#789,.T.);
#789 = EDGE_CURVE('',#779,#790,#792,.T.);
#790 = VERTEX_POINT('',#791);
#791 = CARTESIAN_POINT('',(50.,0.,-122.));
#792 = LINE('',#793,#794);
#793 = CARTESIAN_POINT('',(50.,0.,-102.3086274579));
#794 = VECTOR('',#795,1.);
#795 = DIRECTION('',(0.,0.,-1.));
#796 = ORIENTED_EDGE('',*,*,#797,.F.);
#797 = EDGE_CURVE('',#798,#790,#800,.T.);
#798 = VERTEX_POINT('',#799);
#799 = CARTESIAN_POINT('',(48.,0.,-124.));
#800 = CIRCLE('',#801,2.);
#801 = AXIS2_PLACEMENT_3D('',#802,#803,#804);
#802 = CARTESIAN_POINT('',(48.,0.,-122.));
#803 = DIRECTION('',(0.,-1.,0.));
#804 = DIRECTION('',(1.,0.,0.));
#805 = ORIENTED_EDGE('',*,*,#806,.T.);
#806 = EDGE_CURVE('',#798,#807,#809,.T.);
#807 = VERTEX_POINT('',#808);
#808 = CARTESIAN_POINT('',(36.344730175924,0.,-124.));
#809 = LINE('',#810,#811);
#810 = CARTESIAN_POINT('',(44.,0.,-124.));
#811 = VECTOR('',#812,1.);
#812 = DIRECTION('',(-1.,0.,0.));
#813 = ORIENTED_EDGE('',*,*,#814,.F.);
#814 = EDGE_CURVE('',#815,#807,#817,.T.);
#815 = VERTEX_POINT('',#816);
#816 = CARTESIAN_POINT('',(35.197805487197,0.,-120.3615361589));
#817 = CIRCLE('',#818,2.);
#818 = AXIS2_PLACEMENT_3D('',#819,#820,#821);
#819 = CARTESIAN_POINT('',(36.344730175924,0.,-122.));
#820 = DIRECTION('',(0.,-1.,-0.));
#821 = DIRECTION('',(-1.78E-15,0.,-1.));
#822 = ORIENTED_EDGE('',*,*,#823,.T.);
#823 = EDGE_CURVE('',#815,#781,#824,.T.);
#824 = LINE('',#825,#826);
#825 = CARTESIAN_POINT('',(43.758915946662,0.,-114.3687588373));
#826 = VECTOR('',#827,1.);
#827 = DIRECTION('',(0.819231920519,0.,0.573462344363));
#828 = FACE_BOUND('',#829,.F.);
#829 = EDGE_LOOP('',(#830,#841,#849,#858,#866,#875));
#830 = ORIENTED_EDGE('',*,*,#831,.F.);
#831 = EDGE_CURVE('',#832,#834,#836,.T.);
#832 = VERTEX_POINT('',#833);
#833 = CARTESIAN_POINT('',(32.,0.,-141.5));
#834 = VERTEX_POINT('',#835);
#835 = CARTESIAN_POINT('',(30.,0.,-143.5));
#836 = CIRCLE('',#837,2.);
#837 = AXIS2_PLACEMENT_3D('',#838,#839,#840);
#838 = CARTESIAN_POINT('',(32.,0.,-143.5));
#839 = DIRECTION('',(-0.,-1.,-0.));
#840 = DIRECTION('',(-1.,0.,0.));
#841 = ORIENTED_EDGE('',*,*,#842,.T.);
#842 = EDGE_CURVE('',#832,#843,#845,.T.);
#843 = VERTEX_POINT('',#844);
#844 = CARTESIAN_POINT('',(42.779365403436,0.,-141.5));
#845 = LINE('',#846,#847);
#846 = CARTESIAN_POINT('',(36.,0.,-141.5));
#847 = VECTOR('',#848,1.);
#848 = DIRECTION('',(1.,0.,0.));
#849 = ORIENTED_EDGE('',*,*,#850,.F.);
#850 = EDGE_CURVE('',#851,#843,#853,.T.);
#851 = VERTEX_POINT('',#852);
#852 = CARTESIAN_POINT('',(43.808356914292,0.,-145.2149858514));
#853 = CIRCLE('',#854,2.);
#854 = AXIS2_PLACEMENT_3D('',#855,#856,#857);
#855 = CARTESIAN_POINT('',(42.779365403436,0.,-143.5));
#856 = DIRECTION('',(-0.,-1.,0.));
#857 = DIRECTION('',(-2.89E-15,0.,1.));
#858 = ORIENTED_EDGE('',*,*,#859,.T.);
#859 = EDGE_CURVE('',#851,#860,#862,.T.);
#860 = VERTEX_POINT('',#861);
#861 = CARTESIAN_POINT('',(33.028991510855,0.,-151.6826050934));
#862 = LINE('',#863,#864);
#863 = CARTESIAN_POINT('',(54.416837914644,0.,-138.8498972512));
#864 = VECTOR('',#865,1.);
#865 = DIRECTION('',(-0.857492925713,0.,-0.514495755428));
#866 = ORIENTED_EDGE('',*,*,#867,.F.);
#867 = EDGE_CURVE('',#868,#860,#870,.T.);
#868 = VERTEX_POINT('',#869);
#869 = CARTESIAN_POINT('',(30.,0.,-149.967619242));
#870 = CIRCLE('',#871,2.);
#871 = AXIS2_PLACEMENT_3D('',#872,#873,#874);
#872 = CARTESIAN_POINT('',(32.,0.,-149.967619242));
#873 = DIRECTION('',(0.,-1.,0.));
#874 = DIRECTION('',(0.514495755428,0.,-0.857492925713));
#875 = ORIENTED_EDGE('',*,*,#876,.T.);
#876 = EDGE_CURVE('',#868,#834,#877,.T.);
#877 = LINE('',#878,#879);
#878 = CARTESIAN_POINT('',(30.,0.,-120.3717815173));
#879 = VECTOR('',#880,1.);
#880 = DIRECTION('',(0.,0.,1.));
#881 = FACE_BOUND('',#882,.F.);
#882 = EDGE_LOOP('',(#883));
#883 = ORIENTED_EDGE('',*,*,#884,.T.);
#884 = EDGE_CURVE('',#885,#885,#887,.T.);
#885 = VERTEX_POINT('',#886);
#886 = CARTESIAN_POINT('',(40.,0.,-165.975));
#887 = CIRCLE('',#888,4.025);
#888 = AXIS2_PLACEMENT_3D('',#889,#890,#891);
#889 = CARTESIAN_POINT('',(40.,0.,-170.));
#890 = DIRECTION('',(0.,1.,0.));
#891 = DIRECTION('',(0.,0.,1.));
#892 = FACE_BOUND('',#893,.F.);
#893 = EDGE_LOOP('',(#894));
#894 = ORIENTED_EDGE('',*,*,#895,.T.);
#895 = EDGE_CURVE('',#896,#896,#898,.T.);
#896 = VERTEX_POINT('',#897);
#897 = CARTESIAN_POINT('',(61.650635094611,0.,-24.4));
#898 = CIRCLE('',#899,3.1);
#899 = AXIS2_PLACEMENT_3D('',#900,#901,#902);
#900 = CARTESIAN_POINT('',(61.650635094611,0.,-27.5));
#901 = DIRECTION('',(0.,1.,0.));
#902 = DIRECTION('',(0.,0.,1.));
#903 = FACE_BOUND('',#904,.F.);
#904 = EDGE_LOOP('',(#905));
#905 = ORIENTED_EDGE('',*,*,#906,.T.);
#906 = EDGE_CURVE('',#907,#907,#909,.T.);
#907 = VERTEX_POINT('',#908);
#908 = CARTESIAN_POINT('',(71.,0.,-25.8));
#909 = CIRCLE('',#910,2.2);
#910 = AXIS2_PLACEMENT_3D('',#911,#912,#913);
#911 = CARTESIAN_POINT('',(71.,0.,-28.));
#912 = DIRECTION('',(0.,1.,0.));
#913 = DIRECTION('',(0.,0.,1.));
#914 = FACE_BOUND('',#915,.F.);
#915 = EDGE_LOOP('',(#916));
#916 = ORIENTED_EDGE('',*,*,#917,.T.);
#917 = EDGE_CURVE('',#918,#918,#920,.T.);
#918 = VERTEX_POINT('',#919);
#919 = CARTESIAN_POINT('',(71.,0.,-49.8));
#920 = CIRCLE('',#921,2.2);
#921 = AXIS2_PLACEMENT_3D('',#922,#923,#924);
#922 = CARTESIAN_POINT('',(71.,0.,-52.));
#923 = DIRECTION('',(0.,1.,0.));
#924 = DIRECTION('',(0.,0.,1.));
#925 = FACE_BOUND('',#926,.F.);
#926 = EDGE_LOOP('',(#927));
#927 = ORIENTED_EDGE('',*,*,#928,.T.);
#928 = EDGE_CURVE('',#929,#929,#931,.T.);
#929 = VERTEX_POINT('',#930);
#930 = CARTESIAN_POINT('',(61.650635094611,0.,-49.4));
#931 = CIRCLE('',#932,3.1);
#932 = AXIS2_PLACEMENT_3D('',#933,#934,#935);
#933 = CARTESIAN_POINT('',(61.650635094611,0.,-52.5));
#934 = DIRECTION('',(0.,1.,0.));
#935 = DIRECTION('',(0.,0.,1.));
#936 = PLANE('',#937);
#937 = AXIS2_PLACEMENT_3D('',#938,#939,#940);
#938 = CARTESIAN_POINT('',(40.,0.,-90.77594379267));
#939 = DIRECTION('',(-0.,-1.,-0.));
#940 = DIRECTION('',(0.,0.,-1.));
#941 = ADVANCED_FACE('',(#942),#953,.T.);
#942 = FACE_BOUND('',#943,.T.);
#943 = EDGE_LOOP('',(#944,#950,#951,#952));
#944 = ORIENTED_EDGE('',*,*,#945,.T.);
#945 = EDGE_CURVE('',#147,#630,#946,.T.);
#946 = LINE('',#947,#948);
#947 = CARTESIAN_POINT('',(57.,-6.,-170.));
#948 = VECTOR('',#949,1.);
#949 = DIRECTION('',(0.,1.,0.));
#950 = ORIENTED_EDGE('',*,*,#638,.T.);
#951 = ORIENTED_EDGE('',*,*,#63,.F.);
#952 = ORIENTED_EDGE('',*,*,#155,.F.);
#953 = SURFACE_OF_LINEAR_EXTRUSION('',#954,#959);
#954 = B_SPLINE_CURVE_WITH_KNOTS('',3,(#955,#956,#957,#958),
  .UNSPECIFIED.,.F.,.F.,(4,4),(0.,1.),.PIECEWISE_BEZIER_KNOTS.);
#955 = CARTESIAN_POINT('',(57.,-6.,-170.));
#956 = CARTESIAN_POINT('',(57.,-6.,-144.));
#957 = CARTESIAN_POINT('',(58.,-6.,-118.));
#958 = CARTESIAN_POINT('',(58.,-6.,-95.));
#959 = VECTOR('',#960,1.);
#960 = DIRECTION('',(-0.,-1.,-0.));
#961 = ADVANCED_FACE('',(#962),#973,.T.);
#962 = FACE_BOUND('',#963,.T.);
#963 = EDGE_LOOP('',(#964,#965,#966,#972));
#964 = ORIENTED_EDGE('',*,*,#109,.T.);
#965 = ORIENTED_EDGE('',*,*,#620,.T.);
#966 = ORIENTED_EDGE('',*,*,#967,.F.);
#967 = EDGE_CURVE('',#138,#621,#968,.T.);
#968 = LINE('',#969,#970);
#969 = CARTESIAN_POINT('',(23.,-6.,-170.));
#970 = VECTOR('',#971,1.);
#971 = DIRECTION('',(0.,1.,0.));
#972 = ORIENTED_EDGE('',*,*,#137,.F.);
#973 = SURFACE_OF_LINEAR_EXTRUSION('',#974,#979);
#974 = B_SPLINE_CURVE_WITH_KNOTS('',3,(#975,#976,#977,#978),
  .UNSPECIFIED.,.F.,.F.,(4,4),(0.,1.),.PIECEWISE_BEZIER_KNOTS.);
#975 = CARTESIAN_POINT('',(22.,-6.,-95.));
#976 = CARTESIAN_POINT('',(22.,-6.,-118.));
#977 = CARTESIAN_POINT('',(23.,-6.,-144.));
#978 = CARTESIAN_POINT('',(23.,-6.,-170.));
#979 = VECTOR('',#980,1.);
#980 = DIRECTION('',(-0.,-1.,-0.));
#981 = ADVANCED_FACE('',(#982),#988,.T.);
#982 = FACE_BOUND('',#983,.T.);
#983 = EDGE_LOOP('',(#984,#985,#986,#987));
#984 = ORIENTED_EDGE('',*,*,#967,.T.);
#985 = ORIENTED_EDGE('',*,*,#629,.T.);
#986 = ORIENTED_EDGE('',*,*,#945,.F.);
#987 = ORIENTED_EDGE('',*,*,#146,.F.);
#988 = CYLINDRICAL_SURFACE('',#989,17.);
#989 = AXIS2_PLACEMENT_3D('',#990,#991,#992);
#990 = CARTESIAN_POINT('',(40.,-6.,-170.));
#991 = DIRECTION('',(0.,-1.,0.));
#992 = DIRECTION('',(-1.,0.,0.));
#993 = ADVANCED_FACE('',(#994),#1013,.F.);
#994 = FACE_BOUND('',#995,.F.);
#995 = EDGE_LOOP('',(#996,#1005,#1011,#1012));
#996 = ORIENTED_EDGE('',*,*,#997,.F.);
#997 = EDGE_CURVE('',#998,#998,#1000,.T.);
#998 = VERTEX_POINT('',#999);
#999 = CARTESIAN_POINT('',(18.349364905389,-3.,-25.8));
#1000 = CIRCLE('',#1001,1.7);
#1001 = AXIS2_PLACEMENT_3D('',#1002,#1003,#1004);
#1002 = CARTESIAN_POINT('',(18.349364905389,-3.,-27.5));
#1003 = DIRECTION('',(0.,1.,0.));
#1004 = DIRECTION('',(0.,0.,1.));
#1005 = ORIENTED_EDGE('',*,*,#1006,.F.);
#1006 = EDGE_CURVE('',#166,#998,#1007,.T.);
#1007 = LINE('',#1008,#1009);
#1008 = CARTESIAN_POINT('',(18.349364905389,-7.,-25.8));
#1009 = VECTOR('',#1010,1.);
#1010 = DIRECTION('',(0.,1.,0.));
#1011 = ORIENTED_EDGE('',*,*,#165,.T.);
#1012 = ORIENTED_EDGE('',*,*,#1006,.T.);
#1013 = CYLINDRICAL_SURFACE('',#1014,1.7);
#1014 = AXIS2_PLACEMENT_3D('',#1015,#1016,#1017);
#1015 = CARTESIAN_POINT('',(18.349364905389,-7.,-27.5));
#1016 = DIRECTION('',(0.,1.,0.));
#1017 = DIRECTION('',(0.,0.,1.));
#1018 = ADVANCED_FACE('',(#1019),#1038,.F.);
#1019 = FACE_BOUND('',#1020,.F.);
#1020 = EDGE_LOOP('',(#1021,#1030,#1036,#1037));
#1021 = ORIENTED_EDGE('',*,*,#1022,.F.);
#1022 = EDGE_CURVE('',#1023,#1023,#1025,.T.);
#1023 = VERTEX_POINT('',#1024);
#1024 = CARTESIAN_POINT('',(18.349364905389,-3.,-50.8));
#1025 = CIRCLE('',#1026,1.7);
#1026 = AXIS2_PLACEMENT_3D('',#1027,#1028,#1029);
#1027 = CARTESIAN_POINT('',(18.349364905389,-3.,-52.5));
#1028 = DIRECTION('',(0.,1.,0.));
#1029 = DIRECTION('',(0.,0.,1.));
#1030 = ORIENTED_EDGE('',*,*,#1031,.F.);
#1031 = EDGE_CURVE('',#177,#1023,#1032,.T.);
#1032 = LINE('',#1033,#1034);
#1033 = CARTESIAN_POINT('',(18.349364905389,-7.,-50.8));
#1034 = VECTOR('',#1035,1.);
#1035 = DIRECTION('',(0.,1.,0.));
#1036 = ORIENTED_EDGE('',*,*,#176,.T.);
#1037 = ORIENTED_EDGE('',*,*,#1031,.T.);
#1038 = CYLINDRICAL_SURFACE('',#1039,1.7);
#1039 = AXIS2_PLACEMENT_3D('',#1040,#1041,#1042);
#1040 = CARTESIAN_POINT('',(18.349364905389,-7.,-52.5));
#1041 = DIRECTION('',(0.,1.,0.));
#1042 = DIRECTION('',(0.,0.,1.));
#1043 = ADVANCED_FACE('',(#1044),#1063,.F.);
#1044 = FACE_BOUND('',#1045,.F.);
#1045 = EDGE_LOOP('',(#1046,#1055,#1061,#1062));
#1046 = ORIENTED_EDGE('',*,*,#1047,.F.);
#1047 = EDGE_CURVE('',#1048,#1048,#1050,.T.);
#1048 = VERTEX_POINT('',#1049);
#1049 = CARTESIAN_POINT('',(40.,-3.,-13.3));
#1050 = CIRCLE('',#1051,1.7);
#1051 = AXIS2_PLACEMENT_3D('',#1052,#1053,#1054);
#1052 = CARTESIAN_POINT('',(40.,-3.,-15.));
#1053 = DIRECTION('',(0.,1.,0.));
#1054 = DIRECTION('',(0.,0.,1.));
#1055 = ORIENTED_EDGE('',*,*,#1056,.F.);
#1056 = EDGE_CURVE('',#188,#1048,#1057,.T.);
#1057 = LINE('',#1058,#1059);
#1058 = CARTESIAN_POINT('',(40.,-7.,-13.3));
#1059 = VECTOR('',#1060,1.);
#1060 = DIRECTION('',(0.,1.,0.));
#1061 = ORIENTED_EDGE('',*,*,#187,.T.);
#1062 = ORIENTED_EDGE('',*,*,#1056,.T.);
#1063 = CYLINDRICAL_SURFACE('',#1064,1.7);
#1064 = AXIS2_PLACEMENT_3D('',#1065,#1066,#1067);
#1065 = CARTESIAN_POINT('',(40.,-7.,-15.));
#1066 = DIRECTION('',(0.,1.,0.));
#1067 = DIRECTION('',(0.,0.,1.));
#1068 = ADVANCED_FACE('',(#1069),#1080,.F.);
#1069 = FACE_BOUND('',#1070,.F.);
#1070 = EDGE_LOOP('',(#1071,#1072,#1078,#1079));
#1071 = ORIENTED_EDGE('',*,*,#681,.F.);
#1072 = ORIENTED_EDGE('',*,*,#1073,.F.);
#1073 = EDGE_CURVE('',#199,#682,#1074,.T.);
#1074 = LINE('',#1075,#1076);
#1075 = CARTESIAN_POINT('',(40.,-7.,-19.8));
#1076 = VECTOR('',#1077,1.);
#1077 = DIRECTION('',(0.,1.,0.));
#1078 = ORIENTED_EDGE('',*,*,#198,.T.);
#1079 = ORIENTED_EDGE('',*,*,#1073,.T.);
#1080 = CYLINDRICAL_SURFACE('',#1081,20.2);
#1081 = AXIS2_PLACEMENT_3D('',#1082,#1083,#1084);
#1082 = CARTESIAN_POINT('',(40.,-7.,-40.));
#1083 = DIRECTION('',(0.,1.,0.));
#1084 = DIRECTION('',(0.,0.,1.));
#1085 = ADVANCED_FACE('',(#1086),#1102,.F.);
#1086 = FACE_BOUND('',#1087,.T.);
#1087 = EDGE_LOOP('',(#1088,#1089,#1095,#1096));
#1088 = ORIENTED_EDGE('',*,*,#209,.T.);
#1089 = ORIENTED_EDGE('',*,*,#1090,.T.);
#1090 = EDGE_CURVE('',#212,#706,#1091,.T.);
#1091 = LINE('',#1092,#1093);
#1092 = CARTESIAN_POINT('',(30.,-7.,-84.));
#1093 = VECTOR('',#1094,1.);
#1094 = DIRECTION('',(0.,1.,0.));
#1095 = ORIENTED_EDGE('',*,*,#703,.F.);
#1096 = ORIENTED_EDGE('',*,*,#1097,.F.);
#1097 = EDGE_CURVE('',#210,#704,#1098,.T.);
#1098 = LINE('',#1099,#1100);
#1099 = CARTESIAN_POINT('',(32.,-7.,-82.));
#1100 = VECTOR('',#1101,1.);
#1101 = DIRECTION('',(0.,1.,0.));
#1102 = CYLINDRICAL_SURFACE('',#1103,2.);
#1103 = AXIS2_PLACEMENT_3D('',#1104,#1105,#1106);
#1104 = CARTESIAN_POINT('',(32.,-7.,-84.));
#1105 = DIRECTION('',(-0.,-1.,-0.));
#1106 = DIRECTION('',(-1.,0.,3.55E-15));
#1107 = ADVANCED_FACE('',(#1108),#1119,.T.);
#1108 = FACE_BOUND('',#1109,.T.);
#1109 = EDGE_LOOP('',(#1110,#1111,#1112,#1113));
#1110 = ORIENTED_EDGE('',*,*,#220,.F.);
#1111 = ORIENTED_EDGE('',*,*,#1097,.T.);
#1112 = ORIENTED_EDGE('',*,*,#714,.T.);
#1113 = ORIENTED_EDGE('',*,*,#1114,.F.);
#1114 = EDGE_CURVE('',#221,#715,#1115,.T.);
#1115 = LINE('',#1116,#1117);
#1116 = CARTESIAN_POINT('',(43.253273710192,-7.,-82.));
#1117 = VECTOR('',#1118,1.);
#1118 = DIRECTION('',(0.,1.,0.));
#1119 = PLANE('',#1120);
#1120 = AXIS2_PLACEMENT_3D('',#1121,#1122,#1123);
#1121 = CARTESIAN_POINT('',(32.,-7.,-82.));
#1122 = DIRECTION('',(0.,0.,-1.));
#1123 = DIRECTION('',(1.,0.,0.));
#1124 = ADVANCED_FACE('',(#1125),#1136,.T.);
#1125 = FACE_BOUND('',#1126,.T.);
#1126 = EDGE_LOOP('',(#1127,#1128,#1134,#1135));
#1127 = ORIENTED_EDGE('',*,*,#254,.F.);
#1128 = ORIENTED_EDGE('',*,*,#1129,.T.);
#1129 = EDGE_CURVE('',#246,#740,#1130,.T.);
#1130 = LINE('',#1131,#1132);
#1131 = CARTESIAN_POINT('',(30.,-7.,-91.31462791162));
#1132 = VECTOR('',#1133,1.);
#1133 = DIRECTION('',(0.,1.,0.));
#1134 = ORIENTED_EDGE('',*,*,#748,.T.);
#1135 = ORIENTED_EDGE('',*,*,#1090,.F.);
#1136 = PLANE('',#1137);
#1137 = AXIS2_PLACEMENT_3D('',#1138,#1139,#1140);
#1138 = CARTESIAN_POINT('',(30.,-7.,-91.31462791162));
#1139 = DIRECTION('',(1.,0.,0.));
#1140 = DIRECTION('',(0.,0.,1.));
#1141 = ADVANCED_FACE('',(#1142),#1153,.F.);
#1142 = FACE_BOUND('',#1143,.T.);
#1143 = EDGE_LOOP('',(#1144,#1145,#1146,#1147));
#1144 = ORIENTED_EDGE('',*,*,#228,.T.);
#1145 = ORIENTED_EDGE('',*,*,#1114,.T.);
#1146 = ORIENTED_EDGE('',*,*,#722,.F.);
#1147 = ORIENTED_EDGE('',*,*,#1148,.F.);
#1148 = EDGE_CURVE('',#229,#723,#1149,.T.);
#1149 = LINE('',#1150,#1151);
#1150 = CARTESIAN_POINT('',(44.343250411383,-7.,-85.6768872326));
#1151 = VECTOR('',#1152,1.);
#1152 = DIRECTION('',(0.,1.,0.));
#1153 = CYLINDRICAL_SURFACE('',#1154,2.);
#1154 = AXIS2_PLACEMENT_3D('',#1155,#1156,#1157);
#1155 = CARTESIAN_POINT('',(43.253273710192,-7.,-84.));
#1156 = DIRECTION('',(-0.,-1.,-0.));
#1157 = DIRECTION('',(1.33E-15,0.,1.));
#1158 = ADVANCED_FACE('',(#1159),#1170,.F.);
#1159 = FACE_BOUND('',#1160,.T.);
#1160 = EDGE_LOOP('',(#1161,#1162,#1168,#1169));
#1161 = ORIENTED_EDGE('',*,*,#245,.T.);
#1162 = ORIENTED_EDGE('',*,*,#1163,.T.);
#1163 = EDGE_CURVE('',#238,#732,#1164,.T.);
#1164 = LINE('',#1165,#1166);
#1165 = CARTESIAN_POINT('',(33.089976701191,-7.,-92.99151514422));
#1166 = VECTOR('',#1167,1.);
#1167 = DIRECTION('',(0.,1.,0.));
#1168 = ORIENTED_EDGE('',*,*,#739,.F.);
#1169 = ORIENTED_EDGE('',*,*,#1129,.F.);
#1170 = CYLINDRICAL_SURFACE('',#1171,2.);
#1171 = AXIS2_PLACEMENT_3D('',#1172,#1173,#1174);
#1172 = CARTESIAN_POINT('',(32.,-7.,-91.31462791162));
#1173 = DIRECTION('',(-0.,-1.,-0.));
#1174 = DIRECTION('',(0.544988350595,0.,-0.838443616301));
#1175 = ADVANCED_FACE('',(#1176),#1182,.T.);
#1176 = FACE_BOUND('',#1177,.T.);
#1177 = EDGE_LOOP('',(#1178,#1179,#1180,#1181));
#1178 = ORIENTED_EDGE('',*,*,#237,.F.);
#1179 = ORIENTED_EDGE('',*,*,#1148,.T.);
#1180 = ORIENTED_EDGE('',*,*,#731,.T.);
#1181 = ORIENTED_EDGE('',*,*,#1163,.F.);
#1182 = PLANE('',#1183);
#1183 = AXIS2_PLACEMENT_3D('',#1184,#1185,#1186);
#1184 = CARTESIAN_POINT('',(44.343250411383,-7.,-85.6768872326));
#1185 = DIRECTION('',(-0.544988350595,0.,0.838443616301));
#1186 = DIRECTION('',(-0.838443616301,0.,-0.544988350595));
#1187 = ADVANCED_FACE('',(#1188),#1207,.F.);
#1188 = FACE_BOUND('',#1189,.F.);
#1189 = EDGE_LOOP('',(#1190,#1199,#1205,#1206));
#1190 = ORIENTED_EDGE('',*,*,#1191,.F.);
#1191 = EDGE_CURVE('',#1192,#1192,#1194,.T.);
#1192 = VERTEX_POINT('',#1193);
#1193 = CARTESIAN_POINT('',(40.,-3.,-63.3));
#1194 = CIRCLE('',#1195,1.7);
#1195 = AXIS2_PLACEMENT_3D('',#1196,#1197,#1198);
#1196 = CARTESIAN_POINT('',(40.,-3.,-65.));
#1197 = DIRECTION('',(0.,1.,0.));
#1198 = DIRECTION('',(0.,0.,1.));
#1199 = ORIENTED_EDGE('',*,*,#1200,.F.);
#1200 = EDGE_CURVE('',#263,#1192,#1201,.T.);
#1201 = LINE('',#1202,#1203);
#1202 = CARTESIAN_POINT('',(40.,-7.,-63.3));
#1203 = VECTOR('',#1204,1.);
#1204 = DIRECTION('',(0.,1.,0.));
#1205 = ORIENTED_EDGE('',*,*,#262,.T.);
#1206 = ORIENTED_EDGE('',*,*,#1200,.T.);
#1207 = CYLINDRICAL_SURFACE('',#1208,1.7);
#1208 = AXIS2_PLACEMENT_3D('',#1209,#1210,#1211);
#1209 = CARTESIAN_POINT('',(40.,-7.,-65.));
#1210 = DIRECTION('',(0.,1.,0.));
#1211 = DIRECTION('',(0.,0.,1.));
#1212 = ADVANCED_FACE('',(#1213),#1238,.F.);
#1213 = FACE_BOUND('',#1214,.F.);
#1214 = EDGE_LOOP('',(#1215,#1216,#1224,#1232));
#1215 = ORIENTED_EDGE('',*,*,#273,.F.);
#1216 = ORIENTED_EDGE('',*,*,#1217,.T.);
#1217 = EDGE_CURVE('',#274,#1218,#1220,.T.);
#1218 = VERTEX_POINT('',#1219);
#1219 = CARTESIAN_POINT('',(43.65,-2.8,-103.8926715174));
#1220 = LINE('',#1221,#1222);
#1221 = CARTESIAN_POINT('',(43.65,-6.1,-103.8926715174));
#1222 = VECTOR('',#1223,1.);
#1223 = DIRECTION('',(0.,1.,0.));
#1224 = ORIENTED_EDGE('',*,*,#1225,.T.);
#1225 = EDGE_CURVE('',#1218,#1226,#1228,.T.);
#1226 = VERTEX_POINT('',#1227);
#1227 = CARTESIAN_POINT('',(40.,-2.8,-101.7853430349));
#1228 = LINE('',#1229,#1230);
#1229 = CARTESIAN_POINT('',(43.65,-2.8,-103.8926715174));
#1230 = VECTOR('',#1231,1.);
#1231 = DIRECTION('',(-0.866025403784,0.,0.5));
#1232 = ORIENTED_EDGE('',*,*,#1233,.F.);
#1233 = EDGE_CURVE('',#276,#1226,#1234,.T.);
#1234 = LINE('',#1235,#1236);
#1235 = CARTESIAN_POINT('',(40.,-6.1,-101.7853430349));
#1236 = VECTOR('',#1237,1.);
#1237 = DIRECTION('',(0.,1.,0.));
#1238 = PLANE('',#1239);
#1239 = AXIS2_PLACEMENT_3D('',#1240,#1241,#1242);
#1240 = CARTESIAN_POINT('',(43.65,-6.1,-103.8926715174));
#1241 = DIRECTION('',(0.5,0.,0.866025403784));
#1242 = DIRECTION('',(-0.866025403784,0.,0.5));
#1243 = ADVANCED_FACE('',(#1244),#1262,.F.);
#1244 = FACE_BOUND('',#1245,.F.);
#1245 = EDGE_LOOP('',(#1246,#1247,#1255,#1261));
#1246 = ORIENTED_EDGE('',*,*,#283,.F.);
#1247 = ORIENTED_EDGE('',*,*,#1248,.T.);
#1248 = EDGE_CURVE('',#284,#1249,#1251,.T.);
#1249 = VERTEX_POINT('',#1250);
#1250 = CARTESIAN_POINT('',(43.65,-2.8,-108.1073284825));
#1251 = LINE('',#1252,#1253);
#1252 = CARTESIAN_POINT('',(43.65,-6.1,-108.1073284825));
#1253 = VECTOR('',#1254,1.);
#1254 = DIRECTION('',(0.,1.,0.));
#1255 = ORIENTED_EDGE('',*,*,#1256,.T.);
#1256 = EDGE_CURVE('',#1249,#1218,#1257,.T.);
#1257 = LINE('',#1258,#1259);
#1258 = CARTESIAN_POINT('',(43.65,-2.8,-108.1073284825));
#1259 = VECTOR('',#1260,1.);
#1260 = DIRECTION('',(3.2E-16,0.,1.));
#1261 = ORIENTED_EDGE('',*,*,#1217,.F.);
#1262 = PLANE('',#1263);
#1263 = AXIS2_PLACEMENT_3D('',#1264,#1265,#1266);
#1264 = CARTESIAN_POINT('',(43.65,-6.1,-108.1073284825));
#1265 = DIRECTION('',(1.,0.,-3.2E-16));
#1266 = DIRECTION('',(3.2E-16,0.,1.));
#1267 = ADVANCED_FACE('',(#1268),#1286,.F.);
#1268 = FACE_BOUND('',#1269,.F.);
#1269 = EDGE_LOOP('',(#1270,#1271,#1272,#1280));
#1270 = ORIENTED_EDGE('',*,*,#315,.F.);
#1271 = ORIENTED_EDGE('',*,*,#1233,.T.);
#1272 = ORIENTED_EDGE('',*,*,#1273,.T.);
#1273 = EDGE_CURVE('',#1226,#1274,#1276,.T.);
#1274 = VERTEX_POINT('',#1275);
#1275 = CARTESIAN_POINT('',(36.35,-2.8,-103.8926715174));
#1276 = LINE('',#1277,#1278);
#1277 = CARTESIAN_POINT('',(40.,-2.8,-101.7853430349));
#1278 = VECTOR('',#1279,1.);
#1279 = DIRECTION('',(-0.866025403784,0.,-0.5));
#1280 = ORIENTED_EDGE('',*,*,#1281,.F.);
#1281 = EDGE_CURVE('',#308,#1274,#1282,.T.);
#1282 = LINE('',#1283,#1284);
#1283 = CARTESIAN_POINT('',(36.35,-6.1,-103.8926715174));
#1284 = VECTOR('',#1285,1.);
#1285 = DIRECTION('',(0.,1.,0.));
#1286 = PLANE('',#1287);
#1287 = AXIS2_PLACEMENT_3D('',#1288,#1289,#1290);
#1288 = CARTESIAN_POINT('',(40.,-6.1,-101.7853430349));
#1289 = DIRECTION('',(-0.5,0.,0.866025403784));
#1290 = DIRECTION('',(-0.866025403784,0.,-0.5));
#1291 = ADVANCED_FACE('',(#1292),#1310,.F.);
#1292 = FACE_BOUND('',#1293,.F.);
#1293 = EDGE_LOOP('',(#1294,#1295,#1303,#1309));
#1294 = ORIENTED_EDGE('',*,*,#291,.F.);
#1295 = ORIENTED_EDGE('',*,*,#1296,.T.);
#1296 = EDGE_CURVE('',#292,#1297,#1299,.T.);
#1297 = VERTEX_POINT('',#1298);
#1298 = CARTESIAN_POINT('',(40.,-2.8,-110.214656965));
#1299 = LINE('',#1300,#1301);
#1300 = CARTESIAN_POINT('',(40.,-6.1,-110.214656965));
#1301 = VECTOR('',#1302,1.);
#1302 = DIRECTION('',(0.,1.,0.));
#1303 = ORIENTED_EDGE('',*,*,#1304,.T.);
#1304 = EDGE_CURVE('',#1297,#1249,#1305,.T.);
#1305 = LINE('',#1306,#1307);
#1306 = CARTESIAN_POINT('',(40.,-2.8,-110.214656965));
#1307 = VECTOR('',#1308,1.);
#1308 = DIRECTION('',(0.866025403784,0.,0.5));
#1309 = ORIENTED_EDGE('',*,*,#1248,.F.);
#1310 = PLANE('',#1311);
#1311 = AXIS2_PLACEMENT_3D('',#1312,#1313,#1314);
#1312 = CARTESIAN_POINT('',(40.,-6.1,-110.214656965));
#1313 = DIRECTION('',(0.5,0.,-0.866025403784));
#1314 = DIRECTION('',(0.866025403784,0.,0.5));
#1315 = ADVANCED_FACE('',(#1316),#1334,.F.);
#1316 = FACE_BOUND('',#1317,.F.);
#1317 = EDGE_LOOP('',(#1318,#1319,#1320,#1328));
#1318 = ORIENTED_EDGE('',*,*,#307,.F.);
#1319 = ORIENTED_EDGE('',*,*,#1281,.T.);
#1320 = ORIENTED_EDGE('',*,*,#1321,.T.);
#1321 = EDGE_CURVE('',#1274,#1322,#1324,.T.);
#1322 = VERTEX_POINT('',#1323);
#1323 = CARTESIAN_POINT('',(36.35,-2.8,-108.1073284825));
#1324 = LINE('',#1325,#1326);
#1325 = CARTESIAN_POINT('',(36.35,-2.8,-103.8926715174));
#1326 = VECTOR('',#1327,1.);
#1327 = DIRECTION('',(1.1E-16,0.,-1.));
#1328 = ORIENTED_EDGE('',*,*,#1329,.F.);
#1329 = EDGE_CURVE('',#300,#1322,#1330,.T.);
#1330 = LINE('',#1331,#1332);
#1331 = CARTESIAN_POINT('',(36.35,-6.1,-108.1073284825));
#1332 = VECTOR('',#1333,1.);
#1333 = DIRECTION('',(0.,1.,0.));
#1334 = PLANE('',#1335);
#1335 = AXIS2_PLACEMENT_3D('',#1336,#1337,#1338);
#1336 = CARTESIAN_POINT('',(36.35,-6.1,-103.8926715174));
#1337 = DIRECTION('',(-1.,0.,-1.1E-16));
#1338 = DIRECTION('',(1.1E-16,0.,-1.));
#1339 = ADVANCED_FACE('',(#1340),#1351,.F.);
#1340 = FACE_BOUND('',#1341,.F.);
#1341 = EDGE_LOOP('',(#1342,#1343,#1344,#1350));
#1342 = ORIENTED_EDGE('',*,*,#299,.F.);
#1343 = ORIENTED_EDGE('',*,*,#1329,.T.);
#1344 = ORIENTED_EDGE('',*,*,#1345,.T.);
#1345 = EDGE_CURVE('',#1322,#1297,#1346,.T.);
#1346 = LINE('',#1347,#1348);
#1347 = CARTESIAN_POINT('',(36.35,-2.8,-108.1073284825));
#1348 = VECTOR('',#1349,1.);
#1349 = DIRECTION('',(0.866025403784,0.,-0.5));
#1350 = ORIENTED_EDGE('',*,*,#1296,.F.);
#1351 = PLANE('',#1352);
#1352 = AXIS2_PLACEMENT_3D('',#1353,#1354,#1355);
#1353 = CARTESIAN_POINT('',(36.35,-6.1,-108.1073284825));
#1354 = DIRECTION('',(-0.5,0.,-0.866025403784));
#1355 = DIRECTION('',(0.866025403784,0.,-0.5));
#1356 = ADVANCED_FACE('',(#1357),#1382,.F.);
#1357 = FACE_BOUND('',#1358,.F.);
#1358 = EDGE_LOOP('',(#1359,#1360,#1368,#1376));
#1359 = ORIENTED_EDGE('',*,*,#323,.F.);
#1360 = ORIENTED_EDGE('',*,*,#1361,.T.);
#1361 = EDGE_CURVE('',#324,#1362,#1364,.T.);
#1362 = VERTEX_POINT('',#1363);
#1363 = CARTESIAN_POINT('',(43.65,-2.8,-130.8926715174));
#1364 = LINE('',#1365,#1366);
#1365 = CARTESIAN_POINT('',(43.65,-6.1,-130.8926715174));
#1366 = VECTOR('',#1367,1.);
#1367 = DIRECTION('',(0.,1.,0.));
#1368 = ORIENTED_EDGE('',*,*,#1369,.T.);
#1369 = EDGE_CURVE('',#1362,#1370,#1372,.T.);
#1370 = VERTEX_POINT('',#1371);
#1371 = CARTESIAN_POINT('',(40.,-2.8,-128.7853430349));
#1372 = LINE('',#1373,#1374);
#1373 = CARTESIAN_POINT('',(43.65,-2.8,-130.8926715174));
#1374 = VECTOR('',#1375,1.);
#1375 = DIRECTION('',(-0.866025403784,0.,0.5));
#1376 = ORIENTED_EDGE('',*,*,#1377,.F.);
#1377 = EDGE_CURVE('',#326,#1370,#1378,.T.);
#1378 = LINE('',#1379,#1380);
#1379 = CARTESIAN_POINT('',(40.,-6.1,-128.7853430349));
#1380 = VECTOR('',#1381,1.);
#1381 = DIRECTION('',(0.,1.,0.));
#1382 = PLANE('',#1383);
#1383 = AXIS2_PLACEMENT_3D('',#1384,#1385,#1386);
#1384 = CARTESIAN_POINT('',(43.65,-6.1,-130.8926715174));
#1385 = DIRECTION('',(0.5,0.,0.866025403784));
#1386 = DIRECTION('',(-0.866025403784,0.,0.5));
#1387 = ADVANCED_FACE('',(#1388),#1406,.F.);
#1388 = FACE_BOUND('',#1389,.F.);
#1389 = EDGE_LOOP('',(#1390,#1391,#1399,#1405));
#1390 = ORIENTED_EDGE('',*,*,#333,.F.);
#1391 = ORIENTED_EDGE('',*,*,#1392,.T.);
#1392 = EDGE_CURVE('',#334,#1393,#1395,.T.);
#1393 = VERTEX_POINT('',#1394);
#1394 = CARTESIAN_POINT('',(43.65,-2.8,-135.1073284825));
#1395 = LINE('',#1396,#1397);
#1396 = CARTESIAN_POINT('',(43.65,-6.1,-135.1073284825));
#1397 = VECTOR('',#1398,1.);
#1398 = DIRECTION('',(0.,1.,0.));
#1399 = ORIENTED_EDGE('',*,*,#1400,.T.);
#1400 = EDGE_CURVE('',#1393,#1362,#1401,.T.);
#1401 = LINE('',#1402,#1403);
#1402 = CARTESIAN_POINT('',(43.65,-2.8,-135.1073284825));
#1403 = VECTOR('',#1404,1.);
#1404 = DIRECTION('',(3.2E-16,0.,1.));
#1405 = ORIENTED_EDGE('',*,*,#1361,.F.);
#1406 = PLANE('',#1407);
#1407 = AXIS2_PLACEMENT_3D('',#1408,#1409,#1410);
#1408 = CARTESIAN_POINT('',(43.65,-6.1,-135.1073284825));
#1409 = DIRECTION('',(1.,0.,-3.2E-16));
#1410 = DIRECTION('',(3.2E-16,0.,1.));
#1411 = ADVANCED_FACE('',(#1412),#1430,.F.);
#1412 = FACE_BOUND('',#1413,.F.);
#1413 = EDGE_LOOP('',(#1414,#1415,#1416,#1424));
#1414 = ORIENTED_EDGE('',*,*,#365,.F.);
#1415 = ORIENTED_EDGE('',*,*,#1377,.T.);
#1416 = ORIENTED_EDGE('',*,*,#1417,.T.);
#1417 = EDGE_CURVE('',#1370,#1418,#1420,.T.);
#1418 = VERTEX_POINT('',#1419);
#1419 = CARTESIAN_POINT('',(36.35,-2.8,-130.8926715174));
#1420 = LINE('',#1421,#1422);
#1421 = CARTESIAN_POINT('',(40.,-2.8,-128.7853430349));
#1422 = VECTOR('',#1423,1.);
#1423 = DIRECTION('',(-0.866025403784,0.,-0.5));
#1424 = ORIENTED_EDGE('',*,*,#1425,.F.);
#1425 = EDGE_CURVE('',#358,#1418,#1426,.T.);
#1426 = LINE('',#1427,#1428);
#1427 = CARTESIAN_POINT('',(36.35,-6.1,-130.8926715174));
#1428 = VECTOR('',#1429,1.);
#1429 = DIRECTION('',(0.,1.,0.));
#1430 = PLANE('',#1431);
#1431 = AXIS2_PLACEMENT_3D('',#1432,#1433,#1434);
#1432 = CARTESIAN_POINT('',(40.,-6.1,-128.7853430349));
#1433 = DIRECTION('',(-0.5,0.,0.866025403784));
#1434 = DIRECTION('',(-0.866025403784,0.,-0.5));
#1435 = ADVANCED_FACE('',(#1436),#1454,.F.);
#1436 = FACE_BOUND('',#1437,.F.);
#1437 = EDGE_LOOP('',(#1438,#1439,#1447,#1453));
#1438 = ORIENTED_EDGE('',*,*,#341,.F.);
#1439 = ORIENTED_EDGE('',*,*,#1440,.T.);
#1440 = EDGE_CURVE('',#342,#1441,#1443,.T.);
#1441 = VERTEX_POINT('',#1442);
#1442 = CARTESIAN_POINT('',(40.,-2.8,-137.214656965));
#1443 = LINE('',#1444,#1445);
#1444 = CARTESIAN_POINT('',(40.,-6.1,-137.214656965));
#1445 = VECTOR('',#1446,1.);
#1446 = DIRECTION('',(0.,1.,0.));
#1447 = ORIENTED_EDGE('',*,*,#1448,.T.);
#1448 = EDGE_CURVE('',#1441,#1393,#1449,.T.);
#1449 = LINE('',#1450,#1451);
#1450 = CARTESIAN_POINT('',(40.,-2.8,-137.214656965));
#1451 = VECTOR('',#1452,1.);
#1452 = DIRECTION('',(0.866025403784,0.,0.5));
#1453 = ORIENTED_EDGE('',*,*,#1392,.F.);
#1454 = PLANE('',#1455);
#1455 = AXIS2_PLACEMENT_3D('',#1456,#1457,#1458);
#1456 = CARTESIAN_POINT('',(40.,-6.1,-137.214656965));
#1457 = DIRECTION('',(0.5,0.,-0.866025403784));
#1458 = DIRECTION('',(0.866025403784,0.,0.5));
#1459 = ADVANCED_FACE('',(#1460),#1478,.F.);
#1460 = FACE_BOUND('',#1461,.F.);
#1461 = EDGE_LOOP('',(#1462,#1463,#1464,#1472));
#1462 = ORIENTED_EDGE('',*,*,#357,.F.);
#1463 = ORIENTED_EDGE('',*,*,#1425,.T.);
#1464 = ORIENTED_EDGE('',*,*,#1465,.T.);
#1465 = EDGE_CURVE('',#1418,#1466,#1468,.T.);
#1466 = VERTEX_POINT('',#1467);
#1467 = CARTESIAN_POINT('',(36.35,-2.8,-135.1073284825));
#1468 = LINE('',#1469,#1470);
#1469 = CARTESIAN_POINT('',(36.35,-2.8,-130.8926715174));
#1470 = VECTOR('',#1471,1.);
#1471 = DIRECTION('',(1.1E-16,0.,-1.));
#1472 = ORIENTED_EDGE('',*,*,#1473,.F.);
#1473 = EDGE_CURVE('',#350,#1466,#1474,.T.);
#1474 = LINE('',#1475,#1476);
#1475 = CARTESIAN_POINT('',(36.35,-6.1,-135.1073284825));
#1476 = VECTOR('',#1477,1.);
#1477 = DIRECTION('',(0.,1.,0.));
#1478 = PLANE('',#1479);
#1479 = AXIS2_PLACEMENT_3D('',#1480,#1481,#1482);
#1480 = CARTESIAN_POINT('',(36.35,-6.1,-130.8926715174));
#1481 = DIRECTION('',(-1.,0.,-1.1E-16));
#1482 = DIRECTION('',(1.1E-16,0.,-1.));
#1483 = ADVANCED_FACE('',(#1484),#1495,.F.);
#1484 = FACE_BOUND('',#1485,.F.);
#1485 = EDGE_LOOP('',(#1486,#1487,#1488,#1494));
#1486 = ORIENTED_EDGE('',*,*,#349,.F.);
#1487 = ORIENTED_EDGE('',*,*,#1473,.T.);
#1488 = ORIENTED_EDGE('',*,*,#1489,.T.);
#1489 = EDGE_CURVE('',#1466,#1441,#1490,.T.);
#1490 = LINE('',#1491,#1492);
#1491 = CARTESIAN_POINT('',(36.35,-2.8,-135.1073284825));
#1492 = VECTOR('',#1493,1.);
#1493 = DIRECTION('',(0.866025403784,0.,-0.5));
#1494 = ORIENTED_EDGE('',*,*,#1440,.F.);
#1495 = PLANE('',#1496);
#1496 = AXIS2_PLACEMENT_3D('',#1497,#1498,#1499);
#1497 = CARTESIAN_POINT('',(36.35,-6.1,-135.1073284825));
#1498 = DIRECTION('',(-0.5,0.,-0.866025403784));
#1499 = DIRECTION('',(0.866025403784,0.,-0.5));
#1500 = ADVANCED_FACE('',(#1501),#1517,.F.);
#1501 = FACE_BOUND('',#1502,.T.);
#1502 = EDGE_LOOP('',(#1503,#1504,#1510,#1511));
#1503 = ORIENTED_EDGE('',*,*,#373,.T.);
#1504 = ORIENTED_EDGE('',*,*,#1505,.T.);
#1505 = EDGE_CURVE('',#376,#781,#1506,.T.);
#1506 = LINE('',#1507,#1508);
#1507 = CARTESIAN_POINT('',(46.853075311273,-7.,-112.2028472821));
#1508 = VECTOR('',#1509,1.);
#1509 = DIRECTION('',(0.,1.,0.));
#1510 = ORIENTED_EDGE('',*,*,#778,.F.);
#1511 = ORIENTED_EDGE('',*,*,#1512,.F.);
#1512 = EDGE_CURVE('',#374,#779,#1513,.T.);
#1513 = LINE('',#1514,#1515);
#1514 = CARTESIAN_POINT('',(50.,-7.,-113.8413111231));
#1515 = VECTOR('',#1516,1.);
#1516 = DIRECTION('',(0.,1.,0.));
#1517 = CYLINDRICAL_SURFACE('',#1518,2.);
#1518 = AXIS2_PLACEMENT_3D('',#1519,#1520,#1521);
#1519 = CARTESIAN_POINT('',(48.,-7.,-113.8413111231));
#1520 = DIRECTION('',(0.,-1.,0.));
#1521 = DIRECTION('',(-0.573462344363,0.,0.819231920519));
#1522 = ADVANCED_FACE('',(#1523),#1534,.T.);
#1523 = FACE_BOUND('',#1524,.T.);
#1524 = EDGE_LOOP('',(#1525,#1526,#1527,#1528));
#1525 = ORIENTED_EDGE('',*,*,#384,.F.);
#1526 = ORIENTED_EDGE('',*,*,#1512,.T.);
#1527 = ORIENTED_EDGE('',*,*,#789,.T.);
#1528 = ORIENTED_EDGE('',*,*,#1529,.F.);
#1529 = EDGE_CURVE('',#385,#790,#1530,.T.);
#1530 = LINE('',#1531,#1532);
#1531 = CARTESIAN_POINT('',(50.,-7.,-122.));
#1532 = VECTOR('',#1533,1.);
#1533 = DIRECTION('',(0.,1.,0.));
#1534 = PLANE('',#1535);
#1535 = AXIS2_PLACEMENT_3D('',#1536,#1537,#1538);
#1536 = CARTESIAN_POINT('',(50.,-7.,-113.8413111231));
#1537 = DIRECTION('',(-1.,0.,0.));
#1538 = DIRECTION('',(0.,0.,-1.));
#1539 = ADVANCED_FACE('',(#1540),#1551,.T.);
#1540 = FACE_BOUND('',#1541,.T.);
#1541 = EDGE_LOOP('',(#1542,#1543,#1549,#1550));
#1542 = ORIENTED_EDGE('',*,*,#418,.F.);
#1543 = ORIENTED_EDGE('',*,*,#1544,.T.);
#1544 = EDGE_CURVE('',#410,#815,#1545,.T.);
#1545 = LINE('',#1546,#1547);
#1546 = CARTESIAN_POINT('',(35.197805487197,-7.,-120.3615361589));
#1547 = VECTOR('',#1548,1.);
#1548 = DIRECTION('',(0.,1.,0.));
#1549 = ORIENTED_EDGE('',*,*,#823,.T.);
#1550 = ORIENTED_EDGE('',*,*,#1505,.F.);
#1551 = PLANE('',#1552);
#1552 = AXIS2_PLACEMENT_3D('',#1553,#1554,#1555);
#1553 = CARTESIAN_POINT('',(35.197805487197,-7.,-120.3615361589));
#1554 = DIRECTION('',(0.573462344363,0.,-0.819231920519));
#1555 = DIRECTION('',(0.819231920519,0.,0.573462344363));
#1556 = ADVANCED_FACE('',(#1557),#1568,.F.);
#1557 = FACE_BOUND('',#1558,.T.);
#1558 = EDGE_LOOP('',(#1559,#1560,#1561,#1562));
#1559 = ORIENTED_EDGE('',*,*,#392,.T.);
#1560 = ORIENTED_EDGE('',*,*,#1529,.T.);
#1561 = ORIENTED_EDGE('',*,*,#797,.F.);
#1562 = ORIENTED_EDGE('',*,*,#1563,.F.);
#1563 = EDGE_CURVE('',#393,#798,#1564,.T.);
#1564 = LINE('',#1565,#1566);
#1565 = CARTESIAN_POINT('',(48.,-7.,-124.));
#1566 = VECTOR('',#1567,1.);
#1567 = DIRECTION('',(0.,1.,0.));
#1568 = CYLINDRICAL_SURFACE('',#1569,2.);
#1569 = AXIS2_PLACEMENT_3D('',#1570,#1571,#1572);
#1570 = CARTESIAN_POINT('',(48.,-7.,-122.));
#1571 = DIRECTION('',(0.,-1.,0.));
#1572 = DIRECTION('',(1.,0.,0.));
#1573 = ADVANCED_FACE('',(#1574),#1585,.F.);
#1574 = FACE_BOUND('',#1575,.T.);
#1575 = EDGE_LOOP('',(#1576,#1577,#1583,#1584));
#1576 = ORIENTED_EDGE('',*,*,#409,.T.);
#1577 = ORIENTED_EDGE('',*,*,#1578,.T.);
#1578 = EDGE_CURVE('',#402,#807,#1579,.T.);
#1579 = LINE('',#1580,#1581);
#1580 = CARTESIAN_POINT('',(36.344730175924,-7.,-124.));
#1581 = VECTOR('',#1582,1.);
#1582 = DIRECTION('',(0.,1.,0.));
#1583 = ORIENTED_EDGE('',*,*,#814,.F.);
#1584 = ORIENTED_EDGE('',*,*,#1544,.F.);
#1585 = CYLINDRICAL_SURFACE('',#1586,2.);
#1586 = AXIS2_PLACEMENT_3D('',#1587,#1588,#1589);
#1587 = CARTESIAN_POINT('',(36.344730175924,-7.,-122.));
#1588 = DIRECTION('',(-0.,-1.,-0.));
#1589 = DIRECTION('',(-1.78E-15,0.,-1.));
#1590 = ADVANCED_FACE('',(#1591),#1597,.T.);
#1591 = FACE_BOUND('',#1592,.T.);
#1592 = EDGE_LOOP('',(#1593,#1594,#1595,#1596));
#1593 = ORIENTED_EDGE('',*,*,#401,.F.);
#1594 = ORIENTED_EDGE('',*,*,#1563,.T.);
#1595 = ORIENTED_EDGE('',*,*,#806,.T.);
#1596 = ORIENTED_EDGE('',*,*,#1578,.F.);
#1597 = PLANE('',#1598);
#1598 = AXIS2_PLACEMENT_3D('',#1599,#1600,#1601);
#1599 = CARTESIAN_POINT('',(48.,-7.,-124.));
#1600 = DIRECTION('',(0.,0.,1.));
#1601 = DIRECTION('',(-1.,0.,0.));
#1602 = ADVANCED_FACE('',(#1603),#1619,.F.);
#1603 = FACE_BOUND('',#1604,.T.);
#1604 = EDGE_LOOP('',(#1605,#1606,#1612,#1613));
#1605 = ORIENTED_EDGE('',*,*,#426,.T.);
#1606 = ORIENTED_EDGE('',*,*,#1607,.T.);
#1607 = EDGE_CURVE('',#429,#834,#1608,.T.);
#1608 = LINE('',#1609,#1610);
#1609 = CARTESIAN_POINT('',(30.,-7.,-143.5));
#1610 = VECTOR('',#1611,1.);
#1611 = DIRECTION('',(0.,1.,0.));
#1612 = ORIENTED_EDGE('',*,*,#831,.F.);
#1613 = ORIENTED_EDGE('',*,*,#1614,.F.);
#1614 = EDGE_CURVE('',#427,#832,#1615,.T.);
#1615 = LINE('',#1616,#1617);
#1616 = CARTESIAN_POINT('',(32.,-7.,-141.5));
#1617 = VECTOR('',#1618,1.);
#1618 = DIRECTION('',(0.,1.,0.));
#1619 = CYLINDRICAL_SURFACE('',#1620,2.);
#1620 = AXIS2_PLACEMENT_3D('',#1621,#1622,#1623);
#1621 = CARTESIAN_POINT('',(32.,-7.,-143.5));
#1622 = DIRECTION('',(-0.,-1.,-0.));
#1623 = DIRECTION('',(-1.,0.,0.));
#1624 = ADVANCED_FACE('',(#1625),#1636,.T.);
#1625 = FACE_BOUND('',#1626,.T.);
#1626 = EDGE_LOOP('',(#1627,#1628,#1629,#1630));
#1627 = ORIENTED_EDGE('',*,*,#437,.F.);
#1628 = ORIENTED_EDGE('',*,*,#1614,.T.);
#1629 = ORIENTED_EDGE('',*,*,#842,.T.);
#1630 = ORIENTED_EDGE('',*,*,#1631,.F.);
#1631 = EDGE_CURVE('',#438,#843,#1632,.T.);
#1632 = LINE('',#1633,#1634);
#1633 = CARTESIAN_POINT('',(42.779365403436,-7.,-141.5));
#1634 = VECTOR('',#1635,1.);
#1635 = DIRECTION('',(0.,1.,0.));
#1636 = PLANE('',#1637);
#1637 = AXIS2_PLACEMENT_3D('',#1638,#1639,#1640);
#1638 = CARTESIAN_POINT('',(32.,-7.,-141.5));
#1639 = DIRECTION('',(0.,0.,-1.));
#1640 = DIRECTION('',(1.,0.,0.));
#1641 = ADVANCED_FACE('',(#1642),#1653,.T.);
#1642 = FACE_BOUND('',#1643,.T.);
#1643 = EDGE_LOOP('',(#1644,#1645,#1651,#1652));
#1644 = ORIENTED_EDGE('',*,*,#471,.F.);
#1645 = ORIENTED_EDGE('',*,*,#1646,.T.);
#1646 = EDGE_CURVE('',#463,#868,#1647,.T.);
#1647 = LINE('',#1648,#1649);
#1648 = CARTESIAN_POINT('',(30.,-7.,-149.967619242));
#1649 = VECTOR('',#1650,1.);
#1650 = DIRECTION('',(0.,1.,0.));
#1651 = ORIENTED_EDGE('',*,*,#876,.T.);
#1652 = ORIENTED_EDGE('',*,*,#1607,.F.);
#1653 = PLANE('',#1654);
#1654 = AXIS2_PLACEMENT_3D('',#1655,#1656,#1657);
#1655 = CARTESIAN_POINT('',(30.,-7.,-149.967619242));
#1656 = DIRECTION('',(1.,0.,0.));
#1657 = DIRECTION('',(0.,0.,1.));
#1658 = ADVANCED_FACE('',(#1659),#1670,.F.);
#1659 = FACE_BOUND('',#1660,.T.);
#1660 = EDGE_LOOP('',(#1661,#1662,#1663,#1664));
#1661 = ORIENTED_EDGE('',*,*,#445,.T.);
#1662 = ORIENTED_EDGE('',*,*,#1631,.T.);
#1663 = ORIENTED_EDGE('',*,*,#850,.F.);
#1664 = ORIENTED_EDGE('',*,*,#1665,.F.);
#1665 = EDGE_CURVE('',#446,#851,#1666,.T.);
#1666 = LINE('',#1667,#1668);
#1667 = CARTESIAN_POINT('',(43.808356914292,-7.,-145.2149858514));
#1668 = VECTOR('',#1669,1.);
#1669 = DIRECTION('',(0.,1.,0.));
#1670 = CYLINDRICAL_SURFACE('',#1671,2.);
#1671 = AXIS2_PLACEMENT_3D('',#1672,#1673,#1674);
#1672 = CARTESIAN_POINT('',(42.779365403436,-7.,-143.5));
#1673 = DIRECTION('',(-0.,-1.,-0.));
#1674 = DIRECTION('',(-2.89E-15,0.,1.));
#1675 = ADVANCED_FACE('',(#1676),#1687,.F.);
#1676 = FACE_BOUND('',#1677,.T.);
#1677 = EDGE_LOOP('',(#1678,#1679,#1685,#1686));
#1678 = ORIENTED_EDGE('',*,*,#462,.T.);
#1679 = ORIENTED_EDGE('',*,*,#1680,.T.);
#1680 = EDGE_CURVE('',#455,#860,#1681,.T.);
#1681 = LINE('',#1682,#1683);
#1682 = CARTESIAN_POINT('',(33.028991510855,-7.,-151.6826050934));
#1683 = VECTOR('',#1684,1.);
#1684 = DIRECTION('',(0.,1.,0.));
#1685 = ORIENTED_EDGE('',*,*,#867,.F.);
#1686 = ORIENTED_EDGE('',*,*,#1646,.F.);
#1687 = CYLINDRICAL_SURFACE('',#1688,2.);
#1688 = AXIS2_PLACEMENT_3D('',#1689,#1690,#1691);
#1689 = CARTESIAN_POINT('',(32.,-7.,-149.967619242));
#1690 = DIRECTION('',(-0.,-1.,-0.));
#1691 = DIRECTION('',(0.514495755428,0.,-0.857492925713));
#1692 = ADVANCED_FACE('',(#1693),#1699,.T.);
#1693 = FACE_BOUND('',#1694,.T.);
#1694 = EDGE_LOOP('',(#1695,#1696,#1697,#1698));
#1695 = ORIENTED_EDGE('',*,*,#454,.F.);
#1696 = ORIENTED_EDGE('',*,*,#1665,.T.);
#1697 = ORIENTED_EDGE('',*,*,#859,.T.);
#1698 = ORIENTED_EDGE('',*,*,#1680,.F.);
#1699 = PLANE('',#1700);
#1700 = AXIS2_PLACEMENT_3D('',#1701,#1702,#1703);
#1701 = CARTESIAN_POINT('',(43.808356914292,-7.,-145.2149858514));
#1702 = DIRECTION('',(-0.514495755428,0.,0.857492925713));
#1703 = DIRECTION('',(-0.857492925713,0.,-0.514495755428));
#1704 = ADVANCED_FACE('',(#1705),#1716,.F.);
#1705 = FACE_BOUND('',#1706,.F.);
#1706 = EDGE_LOOP('',(#1707,#1708,#1714,#1715));
#1707 = ORIENTED_EDGE('',*,*,#884,.F.);
#1708 = ORIENTED_EDGE('',*,*,#1709,.F.);
#1709 = EDGE_CURVE('',#480,#885,#1710,.T.);
#1710 = LINE('',#1711,#1712);
#1711 = CARTESIAN_POINT('',(40.,-7.,-165.975));
#1712 = VECTOR('',#1713,1.);
#1713 = DIRECTION('',(0.,1.,0.));
#1714 = ORIENTED_EDGE('',*,*,#479,.T.);
#1715 = ORIENTED_EDGE('',*,*,#1709,.T.);
#1716 = CYLINDRICAL_SURFACE('',#1717,4.025);
#1717 = AXIS2_PLACEMENT_3D('',#1718,#1719,#1720);
#1718 = CARTESIAN_POINT('',(40.,-7.,-170.));
#1719 = DIRECTION('',(0.,1.,0.));
#1720 = DIRECTION('',(0.,0.,1.));
#1721 = ADVANCED_FACE('',(#1722),#1741,.F.);
#1722 = FACE_BOUND('',#1723,.F.);
#1723 = EDGE_LOOP('',(#1724,#1733,#1739,#1740));
#1724 = ORIENTED_EDGE('',*,*,#1725,.F.);
#1725 = EDGE_CURVE('',#1726,#1726,#1728,.T.);
#1726 = VERTEX_POINT('',#1727);
#1727 = CARTESIAN_POINT('',(61.650635094611,-3.,-25.8));
#1728 = CIRCLE('',#1729,1.7);
#1729 = AXIS2_PLACEMENT_3D('',#1730,#1731,#1732);
#1730 = CARTESIAN_POINT('',(61.650635094611,-3.,-27.5));
#1731 = DIRECTION('',(0.,1.,0.));
#1732 = DIRECTION('',(0.,0.,1.));
#1733 = ORIENTED_EDGE('',*,*,#1734,.F.);
#1734 = EDGE_CURVE('',#491,#1726,#1735,.T.);
#1735 = LINE('',#1736,#1737);
#1736 = CARTESIAN_POINT('',(61.650635094611,-7.,-25.8));
#1737 = VECTOR('',#1738,1.);
#1738 = DIRECTION('',(0.,1.,0.));
#1739 = ORIENTED_EDGE('',*,*,#490,.T.);
#1740 = ORIENTED_EDGE('',*,*,#1734,.T.);
#1741 = CYLINDRICAL_SURFACE('',#1742,1.7);
#1742 = AXIS2_PLACEMENT_3D('',#1743,#1744,#1745);
#1743 = CARTESIAN_POINT('',(61.650635094611,-7.,-27.5));
#1744 = DIRECTION('',(0.,1.,0.));
#1745 = DIRECTION('',(0.,0.,1.));
#1746 = ADVANCED_FACE('',(#1747),#1766,.F.);
#1747 = FACE_BOUND('',#1748,.F.);
#1748 = EDGE_LOOP('',(#1749,#1758,#1764,#1765));
#1749 = ORIENTED_EDGE('',*,*,#1750,.F.);
#1750 = EDGE_CURVE('',#1751,#1751,#1753,.T.);
#1751 = VERTEX_POINT('',#1752);
#1752 = CARTESIAN_POINT('',(61.650635094611,-3.,-50.8));
#1753 = CIRCLE('',#1754,1.7);
#1754 = AXIS2_PLACEMENT_3D('',#1755,#1756,#1757);
#1755 = CARTESIAN_POINT('',(61.650635094611,-3.,-52.5));
#1756 = DIRECTION('',(0.,1.,0.));
#1757 = DIRECTION('',(0.,0.,1.));
#1758 = ORIENTED_EDGE('',*,*,#1759,.F.);
#1759 = EDGE_CURVE('',#502,#1751,#1760,.T.);
#1760 = LINE('',#1761,#1762);
#1761 = CARTESIAN_POINT('',(61.650635094611,-7.,-50.8));
#1762 = VECTOR('',#1763,1.);
#1763 = DIRECTION('',(0.,1.,0.));
#1764 = ORIENTED_EDGE('',*,*,#501,.T.);
#1765 = ORIENTED_EDGE('',*,*,#1759,.T.);
#1766 = CYLINDRICAL_SURFACE('',#1767,1.7);
#1767 = AXIS2_PLACEMENT_3D('',#1768,#1769,#1770);
#1768 = CARTESIAN_POINT('',(61.650635094611,-7.,-52.5));
#1769 = DIRECTION('',(0.,1.,0.));
#1770 = DIRECTION('',(0.,0.,1.));
#1771 = ADVANCED_FACE('',(#1772),#1797,.F.);
#1772 = FACE_BOUND('',#1773,.F.);
#1773 = EDGE_LOOP('',(#1774,#1775,#1783,#1791));
#1774 = ORIENTED_EDGE('',*,*,#512,.F.);
#1775 = ORIENTED_EDGE('',*,*,#1776,.T.);
#1776 = EDGE_CURVE('',#513,#1777,#1779,.T.);
#1777 = VERTEX_POINT('',#1778);
#1778 = CARTESIAN_POINT('',(74.65,-2.8,-25.89267151745));
#1779 = LINE('',#1780,#1781);
#1780 = CARTESIAN_POINT('',(74.65,-6.1,-25.89267151745));
#1781 = VECTOR('',#1782,1.);
#1782 = DIRECTION('',(0.,1.,0.));
#1783 = ORIENTED_EDGE('',*,*,#1784,.T.);
#1784 = EDGE_CURVE('',#1777,#1785,#1787,.T.);
#1785 = VERTEX_POINT('',#1786);
#1786 = CARTESIAN_POINT('',(71.,-2.8,-23.78534303491));
#1787 = LINE('',#1788,#1789);
#1788 = CARTESIAN_POINT('',(74.65,-2.8,-25.89267151745));
#1789 = VECTOR('',#1790,1.);
#1790 = DIRECTION('',(-0.866025403784,0.,0.5));
#1791 = ORIENTED_EDGE('',*,*,#1792,.F.);
#1792 = EDGE_CURVE('',#515,#1785,#1793,.T.);
#1793 = LINE('',#1794,#1795);
#1794 = CARTESIAN_POINT('',(71.,-6.1,-23.78534303491));
#1795 = VECTOR('',#1796,1.);
#1796 = DIRECTION('',(0.,1.,0.));
#1797 = PLANE('',#1798);
#1798 = AXIS2_PLACEMENT_3D('',#1799,#1800,#1801);
#1799 = CARTESIAN_POINT('',(74.65,-6.1,-25.89267151745));
#1800 = DIRECTION('',(0.5,0.,0.866025403784));
#1801 = DIRECTION('',(-0.866025403784,0.,0.5));
#1802 = ADVANCED_FACE('',(#1803),#1821,.F.);
#1803 = FACE_BOUND('',#1804,.F.);
#1804 = EDGE_LOOP('',(#1805,#1806,#1814,#1820));
#1805 = ORIENTED_EDGE('',*,*,#522,.F.);
#1806 = ORIENTED_EDGE('',*,*,#1807,.T.);
#1807 = EDGE_CURVE('',#523,#1808,#1810,.T.);
#1808 = VERTEX_POINT('',#1809);
#1809 = CARTESIAN_POINT('',(74.65,-2.8,-30.10732848254));
#1810 = LINE('',#1811,#1812);
#1811 = CARTESIAN_POINT('',(74.65,-6.1,-30.10732848254));
#1812 = VECTOR('',#1813,1.);
#1813 = DIRECTION('',(0.,1.,0.));
#1814 = ORIENTED_EDGE('',*,*,#1815,.T.);
#1815 = EDGE_CURVE('',#1808,#1777,#1816,.T.);
#1816 = LINE('',#1817,#1818);
#1817 = CARTESIAN_POINT('',(74.65,-2.8,-30.10732848254));
#1818 = VECTOR('',#1819,1.);
#1819 = DIRECTION('',(0.,0.,1.));
#1820 = ORIENTED_EDGE('',*,*,#1776,.F.);
#1821 = PLANE('',#1822);
#1822 = AXIS2_PLACEMENT_3D('',#1823,#1824,#1825);
#1823 = CARTESIAN_POINT('',(74.65,-6.1,-30.10732848254));
#1824 = DIRECTION('',(1.,0.,0.));
#1825 = DIRECTION('',(0.,0.,1.));
#1826 = ADVANCED_FACE('',(#1827),#1845,.F.);
#1827 = FACE_BOUND('',#1828,.F.);
#1828 = EDGE_LOOP('',(#1829,#1830,#1831,#1839));
#1829 = ORIENTED_EDGE('',*,*,#554,.F.);
#1830 = ORIENTED_EDGE('',*,*,#1792,.T.);
#1831 = ORIENTED_EDGE('',*,*,#1832,.T.);
#1832 = EDGE_CURVE('',#1785,#1833,#1835,.T.);
#1833 = VERTEX_POINT('',#1834);
#1834 = CARTESIAN_POINT('',(67.35,-2.8,-25.89267151745));
#1835 = LINE('',#1836,#1837);
#1836 = CARTESIAN_POINT('',(71.,-2.8,-23.78534303491));
#1837 = VECTOR('',#1838,1.);
#1838 = DIRECTION('',(-0.866025403784,0.,-0.5));
#1839 = ORIENTED_EDGE('',*,*,#1840,.F.);
#1840 = EDGE_CURVE('',#547,#1833,#1841,.T.);
#1841 = LINE('',#1842,#1843);
#1842 = CARTESIAN_POINT('',(67.35,-6.1,-25.89267151745));
#1843 = VECTOR('',#1844,1.);
#1844 = DIRECTION('',(0.,1.,0.));
#1845 = PLANE('',#1846);
#1846 = AXIS2_PLACEMENT_3D('',#1847,#1848,#1849);
#1847 = CARTESIAN_POINT('',(71.,-6.1,-23.78534303491));
#1848 = DIRECTION('',(-0.5,0.,0.866025403784));
#1849 = DIRECTION('',(-0.866025403784,0.,-0.5));
#1850 = ADVANCED_FACE('',(#1851),#1869,.F.);
#1851 = FACE_BOUND('',#1852,.F.);
#1852 = EDGE_LOOP('',(#1853,#1854,#1862,#1868));
#1853 = ORIENTED_EDGE('',*,*,#530,.F.);
#1854 = ORIENTED_EDGE('',*,*,#1855,.T.);
#1855 = EDGE_CURVE('',#531,#1856,#1858,.T.);
#1856 = VERTEX_POINT('',#1857);
#1857 = CARTESIAN_POINT('',(71.,-2.8,-32.21465696508));
#1858 = LINE('',#1859,#1860);
#1859 = CARTESIAN_POINT('',(71.,-6.1,-32.21465696508));
#1860 = VECTOR('',#1861,1.);
#1861 = DIRECTION('',(0.,1.,0.));
#1862 = ORIENTED_EDGE('',*,*,#1863,.T.);
#1863 = EDGE_CURVE('',#1856,#1808,#1864,.T.);
#1864 = LINE('',#1865,#1866);
#1865 = CARTESIAN_POINT('',(71.,-2.8,-32.21465696508));
#1866 = VECTOR('',#1867,1.);
#1867 = DIRECTION('',(0.866025403784,0.,0.5));
#1868 = ORIENTED_EDGE('',*,*,#1807,.F.);
#1869 = PLANE('',#1870);
#1870 = AXIS2_PLACEMENT_3D('',#1871,#1872,#1873);
#1871 = CARTESIAN_POINT('',(71.,-6.1,-32.21465696508));
#1872 = DIRECTION('',(0.5,0.,-0.866025403784));
#1873 = DIRECTION('',(0.866025403784,0.,0.5));
#1874 = ADVANCED_FACE('',(#1875),#1893,.F.);
#1875 = FACE_BOUND('',#1876,.F.);
#1876 = EDGE_LOOP('',(#1877,#1878,#1879,#1887));
#1877 = ORIENTED_EDGE('',*,*,#546,.F.);
#1878 = ORIENTED_EDGE('',*,*,#1840,.T.);
#1879 = ORIENTED_EDGE('',*,*,#1880,.T.);
#1880 = EDGE_CURVE('',#1833,#1881,#1883,.T.);
#1881 = VERTEX_POINT('',#1882);
#1882 = CARTESIAN_POINT('',(67.35,-2.8,-30.10732848254));
#1883 = LINE('',#1884,#1885);
#1884 = CARTESIAN_POINT('',(67.35,-2.8,-25.89267151745));
#1885 = VECTOR('',#1886,1.);
#1886 = DIRECTION('',(0.,0.,-1.));
#1887 = ORIENTED_EDGE('',*,*,#1888,.F.);
#1888 = EDGE_CURVE('',#539,#1881,#1889,.T.);
#1889 = LINE('',#1890,#1891);
#1890 = CARTESIAN_POINT('',(67.35,-6.1,-30.10732848254));
#1891 = VECTOR('',#1892,1.);
#1892 = DIRECTION('',(0.,1.,0.));
#1893 = PLANE('',#1894);
#1894 = AXIS2_PLACEMENT_3D('',#1895,#1896,#1897);
#1895 = CARTESIAN_POINT('',(67.35,-6.1,-25.89267151745));
#1896 = DIRECTION('',(-1.,0.,0.));
#1897 = DIRECTION('',(0.,0.,-1.));
#1898 = ADVANCED_FACE('',(#1899),#1910,.F.);
#1899 = FACE_BOUND('',#1900,.F.);
#1900 = EDGE_LOOP('',(#1901,#1902,#1903,#1909));
#1901 = ORIENTED_EDGE('',*,*,#538,.F.);
#1902 = ORIENTED_EDGE('',*,*,#1888,.T.);
#1903 = ORIENTED_EDGE('',*,*,#1904,.T.);
#1904 = EDGE_CURVE('',#1881,#1856,#1905,.T.);
#1905 = LINE('',#1906,#1907);
#1906 = CARTESIAN_POINT('',(67.35,-2.8,-30.10732848254));
#1907 = VECTOR('',#1908,1.);
#1908 = DIRECTION('',(0.866025403784,0.,-0.5));
#1909 = ORIENTED_EDGE('',*,*,#1855,.F.);
#1910 = PLANE('',#1911);
#1911 = AXIS2_PLACEMENT_3D('',#1912,#1913,#1914);
#1912 = CARTESIAN_POINT('',(67.35,-6.1,-30.10732848254));
#1913 = DIRECTION('',(-0.5,0.,-0.866025403784));
#1914 = DIRECTION('',(0.866025403784,0.,-0.5));
#1915 = ADVANCED_FACE('',(#1916),#1941,.F.);
#1916 = FACE_BOUND('',#1917,.F.);
#1917 = EDGE_LOOP('',(#1918,#1919,#1927,#1935));
#1918 = ORIENTED_EDGE('',*,*,#562,.F.);
#1919 = ORIENTED_EDGE('',*,*,#1920,.T.);
#1920 = EDGE_CURVE('',#563,#1921,#1923,.T.);
#1921 = VERTEX_POINT('',#1922);
#1922 = CARTESIAN_POINT('',(74.65,-2.8,-49.89267151745));
#1923 = LINE('',#1924,#1925);
#1924 = CARTESIAN_POINT('',(74.65,-6.1,-49.89267151745));
#1925 = VECTOR('',#1926,1.);
#1926 = DIRECTION('',(0.,1.,0.));
#1927 = ORIENTED_EDGE('',*,*,#1928,.T.);
#1928 = EDGE_CURVE('',#1921,#1929,#1931,.T.);
#1929 = VERTEX_POINT('',#1930);
#1930 = CARTESIAN_POINT('',(71.,-2.8,-47.78534303491));
#1931 = LINE('',#1932,#1933);
#1932 = CARTESIAN_POINT('',(74.65,-2.8,-49.89267151745));
#1933 = VECTOR('',#1934,1.);
#1934 = DIRECTION('',(-0.866025403784,0.,0.5));
#1935 = ORIENTED_EDGE('',*,*,#1936,.F.);
#1936 = EDGE_CURVE('',#565,#1929,#1937,.T.);
#1937 = LINE('',#1938,#1939);
#1938 = CARTESIAN_POINT('',(71.,-6.1,-47.78534303491));
#1939 = VECTOR('',#1940,1.);
#1940 = DIRECTION('',(0.,1.,0.));
#1941 = PLANE('',#1942);
#1942 = AXIS2_PLACEMENT_3D('',#1943,#1944,#1945);
#1943 = CARTESIAN_POINT('',(74.65,-6.1,-49.89267151745));
#1944 = DIRECTION('',(0.5,0.,0.866025403784));
#1945 = DIRECTION('',(-0.866025403784,0.,0.5));
#1946 = ADVANCED_FACE('',(#1947),#1965,.F.);
#1947 = FACE_BOUND('',#1948,.F.);
#1948 = EDGE_LOOP('',(#1949,#1950,#1958,#1964));
#1949 = ORIENTED_EDGE('',*,*,#572,.F.);
#1950 = ORIENTED_EDGE('',*,*,#1951,.T.);
#1951 = EDGE_CURVE('',#573,#1952,#1954,.T.);
#1952 = VERTEX_POINT('',#1953);
#1953 = CARTESIAN_POINT('',(74.65,-2.8,-54.10732848254));
#1954 = LINE('',#1955,#1956);
#1955 = CARTESIAN_POINT('',(74.65,-6.1,-54.10732848254));
#1956 = VECTOR('',#1957,1.);
#1957 = DIRECTION('',(0.,1.,0.));
#1958 = ORIENTED_EDGE('',*,*,#1959,.T.);
#1959 = EDGE_CURVE('',#1952,#1921,#1960,.T.);
#1960 = LINE('',#1961,#1962);
#1961 = CARTESIAN_POINT('',(74.65,-2.8,-54.10732848254));
#1962 = VECTOR('',#1963,1.);
#1963 = DIRECTION('',(0.,0.,1.));
#1964 = ORIENTED_EDGE('',*,*,#1920,.F.);
#1965 = PLANE('',#1966);
#1966 = AXIS2_PLACEMENT_3D('',#1967,#1968,#1969);
#1967 = CARTESIAN_POINT('',(74.65,-6.1,-54.10732848254));
#1968 = DIRECTION('',(1.,0.,0.));
#1969 = DIRECTION('',(0.,0.,1.));
#1970 = ADVANCED_FACE('',(#1971),#1989,.F.);
#1971 = FACE_BOUND('',#1972,.F.);
#1972 = EDGE_LOOP('',(#1973,#1974,#1975,#1983));
#1973 = ORIENTED_EDGE('',*,*,#604,.F.);
#1974 = ORIENTED_EDGE('',*,*,#1936,.T.);
#1975 = ORIENTED_EDGE('',*,*,#1976,.T.);
#1976 = EDGE_CURVE('',#1929,#1977,#1979,.T.);
#1977 = VERTEX_POINT('',#1978);
#1978 = CARTESIAN_POINT('',(67.35,-2.8,-49.89267151745));
#1979 = LINE('',#1980,#1981);
#1980 = CARTESIAN_POINT('',(71.,-2.8,-47.78534303491));
#1981 = VECTOR('',#1982,1.);
#1982 = DIRECTION('',(-0.866025403784,0.,-0.5));
#1983 = ORIENTED_EDGE('',*,*,#1984,.F.);
#1984 = EDGE_CURVE('',#597,#1977,#1985,.T.);
#1985 = LINE('',#1986,#1987);
#1986 = CARTESIAN_POINT('',(67.35,-6.1,-49.89267151745));
#1987 = VECTOR('',#1988,1.);
#1988 = DIRECTION('',(0.,1.,0.));
#1989 = PLANE('',#1990);
#1990 = AXIS2_PLACEMENT_3D('',#1991,#1992,#1993);
#1991 = CARTESIAN_POINT('',(71.,-6.1,-47.78534303491));
#1992 = DIRECTION('',(-0.5,0.,0.866025403784));
#1993 = DIRECTION('',(-0.866025403784,0.,-0.5));
#1994 = ADVANCED_FACE('',(#1995),#2013,.F.);
#1995 = FACE_BOUND('',#1996,.F.);
#1996 = EDGE_LOOP('',(#1997,#1998,#2006,#2012));
#1997 = ORIENTED_EDGE('',*,*,#580,.F.);
#1998 = ORIENTED_EDGE('',*,*,#1999,.T.);
#1999 = EDGE_CURVE('',#581,#2000,#2002,.T.);
#2000 = VERTEX_POINT('',#2001);
#2001 = CARTESIAN_POINT('',(71.,-2.8,-56.21465696508));
#2002 = LINE('',#2003,#2004);
#2003 = CARTESIAN_POINT('',(71.,-6.1,-56.21465696508));
#2004 = VECTOR('',#2005,1.);
#2005 = DIRECTION('',(0.,1.,0.));
#2006 = ORIENTED_EDGE('',*,*,#2007,.T.);
#2007 = EDGE_CURVE('',#2000,#1952,#2008,.T.);
#2008 = LINE('',#2009,#2010);
#2009 = CARTESIAN_POINT('',(71.,-2.8,-56.21465696508));
#2010 = VECTOR('',#2011,1.);
#2011 = DIRECTION('',(0.866025403784,0.,0.5));
#2012 = ORIENTED_EDGE('',*,*,#1951,.F.);
#2013 = PLANE('',#2014);
#2014 = AXIS2_PLACEMENT_3D('',#2015,#2016,#2017);
#2015 = CARTESIAN_POINT('',(71.,-6.1,-56.21465696508));
#2016 = DIRECTION('',(0.5,0.,-0.866025403784));
#2017 = DIRECTION('',(0.866025403784,0.,0.5));
#2018 = ADVANCED_FACE('',(#2019),#2037,.F.);
#2019 = FACE_BOUND('',#2020,.F.);
#2020 = EDGE_LOOP('',(#2021,#2022,#2023,#2031));
#2021 = ORIENTED_EDGE('',*,*,#596,.F.);
#2022 = ORIENTED_EDGE('',*,*,#1984,.T.);
#2023 = ORIENTED_EDGE('',*,*,#2024,.T.);
#2024 = EDGE_CURVE('',#1977,#2025,#2027,.T.);
#2025 = VERTEX_POINT('',#2026);
#2026 = CARTESIAN_POINT('',(67.35,-2.8,-54.10732848254));
#2027 = LINE('',#2028,#2029);
#2028 = CARTESIAN_POINT('',(67.35,-2.8,-49.89267151745));
#2029 = VECTOR('',#2030,1.);
#2030 = DIRECTION('',(0.,0.,-1.));
#2031 = ORIENTED_EDGE('',*,*,#2032,.F.);
#2032 = EDGE_CURVE('',#589,#2025,#2033,.T.);
#2033 = LINE('',#2034,#2035);
#2034 = CARTESIAN_POINT('',(67.35,-6.1,-54.10732848254));
#2035 = VECTOR('',#2036,1.);
#2036 = DIRECTION('',(0.,1.,0.));
#2037 = PLANE('',#2038);
#2038 = AXIS2_PLACEMENT_3D('',#2039,#2040,#2041);
#2039 = CARTESIAN_POINT('',(67.35,-6.1,-49.89267151745));
#2040 = DIRECTION('',(-1.,0.,0.));
#2041 = DIRECTION('',(0.,0.,-1.));
#2042 = ADVANCED_FACE('',(#2043),#2054,.F.);
#2043 = FACE_BOUND('',#2044,.F.);
#2044 = EDGE_LOOP('',(#2045,#2046,#2047,#2053));
#2045 = ORIENTED_EDGE('',*,*,#588,.F.);
#2046 = ORIENTED_EDGE('',*,*,#2032,.T.);
#2047 = ORIENTED_EDGE('',*,*,#2048,.T.);
#2048 = EDGE_CURVE('',#2025,#2000,#2049,.T.);
#2049 = LINE('',#2050,#2051);
#2050 = CARTESIAN_POINT('',(67.35,-2.8,-54.10732848254));
#2051 = VECTOR('',#2052,1.);
#2052 = DIRECTION('',(0.866025403784,0.,-0.5));
#2053 = ORIENTED_EDGE('',*,*,#1999,.F.);
#2054 = PLANE('',#2055);
#2055 = AXIS2_PLACEMENT_3D('',#2056,#2057,#2058);
#2056 = CARTESIAN_POINT('',(67.35,-6.1,-54.10732848254));
#2057 = DIRECTION('',(-0.5,0.,-0.866025403784));
#2058 = DIRECTION('',(0.866025403784,0.,-0.5));
#2059 = ADVANCED_FACE('',(#2060),#2079,.F.);
#2060 = FACE_BOUND('',#2061,.F.);
#2061 = EDGE_LOOP('',(#2062,#2063,#2071,#2078));
#2062 = ORIENTED_EDGE('',*,*,#648,.F.);
#2063 = ORIENTED_EDGE('',*,*,#2064,.F.);
#2064 = EDGE_CURVE('',#2065,#649,#2067,.T.);
#2065 = VERTEX_POINT('',#2066);
#2066 = CARTESIAN_POINT('',(18.349364905389,-3.,-24.4));
#2067 = LINE('',#2068,#2069);
#2068 = CARTESIAN_POINT('',(18.349364905389,-3.,-24.4));
#2069 = VECTOR('',#2070,1.);
#2070 = DIRECTION('',(0.,1.,0.));
#2071 = ORIENTED_EDGE('',*,*,#2072,.T.);
#2072 = EDGE_CURVE('',#2065,#2065,#2073,.T.);
#2073 = CIRCLE('',#2074,3.1);
#2074 = AXIS2_PLACEMENT_3D('',#2075,#2076,#2077);
#2075 = CARTESIAN_POINT('',(18.349364905389,-3.,-27.5));
#2076 = DIRECTION('',(0.,1.,0.));
#2077 = DIRECTION('',(0.,0.,1.));
#2078 = ORIENTED_EDGE('',*,*,#2064,.T.);
#2079 = CYLINDRICAL_SURFACE('',#2080,3.1);
#2080 = AXIS2_PLACEMENT_3D('',#2081,#2082,#2083);
#2081 = CARTESIAN_POINT('',(18.349364905389,-3.,-27.5));
#2082 = DIRECTION('',(0.,1.,0.));
#2083 = DIRECTION('',(0.,0.,1.));
#2084 = ADVANCED_FACE('',(#2085),#2104,.F.);
#2085 = FACE_BOUND('',#2086,.F.);
#2086 = EDGE_LOOP('',(#2087,#2088,#2096,#2103));
#2087 = ORIENTED_EDGE('',*,*,#659,.F.);
#2088 = ORIENTED_EDGE('',*,*,#2089,.F.);
#2089 = EDGE_CURVE('',#2090,#660,#2092,.T.);
#2090 = VERTEX_POINT('',#2091);
#2091 = CARTESIAN_POINT('',(18.349364905389,-3.,-49.4));
#2092 = LINE('',#2093,#2094);
#2093 = CARTESIAN_POINT('',(18.349364905389,-3.,-49.4));
#2094 = VECTOR('',#2095,1.);
#2095 = DIRECTION('',(0.,1.,0.));
#2096 = ORIENTED_EDGE('',*,*,#2097,.T.);
#2097 = EDGE_CURVE('',#2090,#2090,#2098,.T.);
#2098 = CIRCLE('',#2099,3.1);
#2099 = AXIS2_PLACEMENT_3D('',#2100,#2101,#2102);
#2100 = CARTESIAN_POINT('',(18.349364905389,-3.,-52.5));
#2101 = DIRECTION('',(0.,1.,0.));
#2102 = DIRECTION('',(0.,0.,1.));
#2103 = ORIENTED_EDGE('',*,*,#2089,.T.);
#2104 = CYLINDRICAL_SURFACE('',#2105,3.1);
#2105 = AXIS2_PLACEMENT_3D('',#2106,#2107,#2108);
#2106 = CARTESIAN_POINT('',(18.349364905389,-3.,-52.5));
#2107 = DIRECTION('',(0.,1.,0.));
#2108 = DIRECTION('',(0.,0.,1.));
#2109 = ADVANCED_FACE('',(#2110),#2129,.F.);
#2110 = FACE_BOUND('',#2111,.F.);
#2111 = EDGE_LOOP('',(#2112,#2113,#2121,#2128));
#2112 = ORIENTED_EDGE('',*,*,#670,.F.);
#2113 = ORIENTED_EDGE('',*,*,#2114,.F.);
#2114 = EDGE_CURVE('',#2115,#671,#2117,.T.);
#2115 = VERTEX_POINT('',#2116);
#2116 = CARTESIAN_POINT('',(40.,-3.,-11.9));
#2117 = LINE('',#2118,#2119);
#2118 = CARTESIAN_POINT('',(40.,-3.,-11.9));
#2119 = VECTOR('',#2120,1.);
#2120 = DIRECTION('',(0.,1.,0.));
#2121 = ORIENTED_EDGE('',*,*,#2122,.T.);
#2122 = EDGE_CURVE('',#2115,#2115,#2123,.T.);
#2123 = CIRCLE('',#2124,3.1);
#2124 = AXIS2_PLACEMENT_3D('',#2125,#2126,#2127);
#2125 = CARTESIAN_POINT('',(40.,-3.,-15.));
#2126 = DIRECTION('',(0.,1.,0.));
#2127 = DIRECTION('',(0.,0.,1.));
#2128 = ORIENTED_EDGE('',*,*,#2114,.T.);
#2129 = CYLINDRICAL_SURFACE('',#2130,3.1);
#2130 = AXIS2_PLACEMENT_3D('',#2131,#2132,#2133);
#2131 = CARTESIAN_POINT('',(40.,-3.,-15.));
#2132 = DIRECTION('',(0.,1.,0.));
#2133 = DIRECTION('',(0.,0.,1.));
#2134 = ADVANCED_FACE('',(#2135),#2154,.F.);
#2135 = FACE_BOUND('',#2136,.F.);
#2136 = EDGE_LOOP('',(#2137,#2138,#2146,#2153));
#2137 = ORIENTED_EDGE('',*,*,#692,.F.);
#2138 = ORIENTED_EDGE('',*,*,#2139,.F.);
#2139 = EDGE_CURVE('',#2140,#693,#2142,.T.);
#2140 = VERTEX_POINT('',#2141);
#2141 = CARTESIAN_POINT('',(40.,-3.,-61.9));
#2142 = LINE('',#2143,#2144);
#2143 = CARTESIAN_POINT('',(40.,-3.,-61.9));
#2144 = VECTOR('',#2145,1.);
#2145 = DIRECTION('',(0.,1.,0.));
#2146 = ORIENTED_EDGE('',*,*,#2147,.T.);
#2147 = EDGE_CURVE('',#2140,#2140,#2148,.T.);
#2148 = CIRCLE('',#2149,3.1);
#2149 = AXIS2_PLACEMENT_3D('',#2150,#2151,#2152);
#2150 = CARTESIAN_POINT('',(40.,-3.,-65.));
#2151 = DIRECTION('',(0.,1.,0.));
#2152 = DIRECTION('',(0.,0.,1.));
#2153 = ORIENTED_EDGE('',*,*,#2139,.T.);
#2154 = CYLINDRICAL_SURFACE('',#2155,3.1);
#2155 = AXIS2_PLACEMENT_3D('',#2156,#2157,#2158);
#2156 = CARTESIAN_POINT('',(40.,-3.,-65.));
#2157 = DIRECTION('',(0.,1.,0.));
#2158 = DIRECTION('',(0.,0.,1.));
#2159 = ADVANCED_FACE('',(#2160),#2179,.F.);
#2160 = FACE_BOUND('',#2161,.F.);
#2161 = EDGE_LOOP('',(#2162,#2170,#2171,#2172));
#2162 = ORIENTED_EDGE('',*,*,#2163,.T.);
#2163 = EDGE_CURVE('',#2164,#757,#2166,.T.);
#2164 = VERTEX_POINT('',#2165);
#2165 = CARTESIAN_POINT('',(40.,-2.8,-103.8));
#2166 = LINE('',#2167,#2168);
#2167 = CARTESIAN_POINT('',(40.,-7.,-103.8));
#2168 = VECTOR('',#2169,1.);
#2169 = DIRECTION('',(0.,1.,0.));
#2170 = ORIENTED_EDGE('',*,*,#756,.F.);
#2171 = ORIENTED_EDGE('',*,*,#2163,.F.);
#2172 = ORIENTED_EDGE('',*,*,#2173,.T.);
#2173 = EDGE_CURVE('',#2164,#2164,#2174,.T.);
#2174 = CIRCLE('',#2175,2.2);
#2175 = AXIS2_PLACEMENT_3D('',#2176,#2177,#2178);
#2176 = CARTESIAN_POINT('',(40.,-2.8,-106.));
#2177 = DIRECTION('',(0.,1.,0.));
#2178 = DIRECTION('',(0.,0.,1.));
#2179 = CYLINDRICAL_SURFACE('',#2180,2.2);
#2180 = AXIS2_PLACEMENT_3D('',#2181,#2182,#2183);
#2181 = CARTESIAN_POINT('',(40.,-7.,-106.));
#2182 = DIRECTION('',(0.,1.,0.));
#2183 = DIRECTION('',(0.,0.,1.));
#2184 = ADVANCED_FACE('',(#2185),#2204,.F.);
#2185 = FACE_BOUND('',#2186,.F.);
#2186 = EDGE_LOOP('',(#2187,#2195,#2196,#2197));
#2187 = ORIENTED_EDGE('',*,*,#2188,.T.);
#2188 = EDGE_CURVE('',#2189,#768,#2191,.T.);
#2189 = VERTEX_POINT('',#2190);
#2190 = CARTESIAN_POINT('',(40.,-2.8,-130.8));
#2191 = LINE('',#2192,#2193);
#2192 = CARTESIAN_POINT('',(40.,-7.,-130.8));
#2193 = VECTOR('',#2194,1.);
#2194 = DIRECTION('',(0.,1.,0.));
#2195 = ORIENTED_EDGE('',*,*,#767,.F.);
#2196 = ORIENTED_EDGE('',*,*,#2188,.F.);
#2197 = ORIENTED_EDGE('',*,*,#2198,.T.);
#2198 = EDGE_CURVE('',#2189,#2189,#2199,.T.);
#2199 = CIRCLE('',#2200,2.2);
#2200 = AXIS2_PLACEMENT_3D('',#2201,#2202,#2203);
#2201 = CARTESIAN_POINT('',(40.,-2.8,-133.));
#2202 = DIRECTION('',(0.,1.,0.));
#2203 = DIRECTION('',(0.,0.,1.));
#2204 = CYLINDRICAL_SURFACE('',#2205,2.2);
#2205 = AXIS2_PLACEMENT_3D('',#2206,#2207,#2208);
#2206 = CARTESIAN_POINT('',(40.,-7.,-133.));
#2207 = DIRECTION('',(0.,1.,0.));
#2208 = DIRECTION('',(0.,0.,1.));
#2209 = ADVANCED_FACE('',(#2210),#2229,.F.);
#2210 = FACE_BOUND('',#2211,.F.);
#2211 = EDGE_LOOP('',(#2212,#2213,#2221,#2228));
#2212 = ORIENTED_EDGE('',*,*,#895,.F.);
#2213 = ORIENTED_EDGE('',*,*,#2214,.F.);
#2214 = EDGE_CURVE('',#2215,#896,#2217,.T.);
#2215 = VERTEX_POINT('',#2216);
#2216 = CARTESIAN_POINT('',(61.650635094611,-3.,-24.4));
#2217 = LINE('',#2218,#2219);
#2218 = CARTESIAN_POINT('',(61.650635094611,-3.,-24.4));
#2219 = VECTOR('',#2220,1.);
#2220 = DIRECTION('',(0.,1.,0.));
#2221 = ORIENTED_EDGE('',*,*,#2222,.T.);
#2222 = EDGE_CURVE('',#2215,#2215,#2223,.T.);
#2223 = CIRCLE('',#2224,3.1);
#2224 = AXIS2_PLACEMENT_3D('',#2225,#2226,#2227);
#2225 = CARTESIAN_POINT('',(61.650635094611,-3.,-27.5));
#2226 = DIRECTION('',(0.,1.,0.));
#2227 = DIRECTION('',(0.,0.,1.));
#2228 = ORIENTED_EDGE('',*,*,#2214,.T.);
#2229 = CYLINDRICAL_SURFACE('',#2230,3.1);
#2230 = AXIS2_PLACEMENT_3D('',#2231,#2232,#2233);
#2231 = CARTESIAN_POINT('',(61.650635094611,-3.,-27.5));
#2232 = DIRECTION('',(0.,1.,0.));
#2233 = DIRECTION('',(0.,0.,1.));
#2234 = ADVANCED_FACE('',(#2235),#2254,.F.);
#2235 = FACE_BOUND('',#2236,.F.);
#2236 = EDGE_LOOP('',(#2237,#2245,#2246,#2247));
#2237 = ORIENTED_EDGE('',*,*,#2238,.T.);
#2238 = EDGE_CURVE('',#2239,#907,#2241,.T.);
#2239 = VERTEX_POINT('',#2240);
#2240 = CARTESIAN_POINT('',(71.,-2.8,-25.8));
#2241 = LINE('',#2242,#2243);
#2242 = CARTESIAN_POINT('',(71.,-7.,-25.8));
#2243 = VECTOR('',#2244,1.);
#2244 = DIRECTION('',(0.,1.,0.));
#2245 = ORIENTED_EDGE('',*,*,#906,.F.);
#2246 = ORIENTED_EDGE('',*,*,#2238,.F.);
#2247 = ORIENTED_EDGE('',*,*,#2248,.T.);
#2248 = EDGE_CURVE('',#2239,#2239,#2249,.T.);
#2249 = CIRCLE('',#2250,2.2);
#2250 = AXIS2_PLACEMENT_3D('',#2251,#2252,#2253);
#2251 = CARTESIAN_POINT('',(71.,-2.8,-28.));
#2252 = DIRECTION('',(0.,1.,0.));
#2253 = DIRECTION('',(0.,0.,1.));
#2254 = CYLINDRICAL_SURFACE('',#2255,2.2);
#2255 = AXIS2_PLACEMENT_3D('',#2256,#2257,#2258);
#2256 = CARTESIAN_POINT('',(71.,-7.,-28.));
#2257 = DIRECTION('',(0.,1.,0.));
#2258 = DIRECTION('',(0.,0.,1.));
#2259 = ADVANCED_FACE('',(#2260),#2279,.F.);
#2260 = FACE_BOUND('',#2261,.F.);
#2261 = EDGE_LOOP('',(#2262,#2270,#2271,#2272));
#2262 = ORIENTED_EDGE('',*,*,#2263,.T.);
#2263 = EDGE_CURVE('',#2264,#918,#2266,.T.);
#2264 = VERTEX_POINT('',#2265);
#2265 = CARTESIAN_POINT('',(71.,-2.8,-49.8));
#2266 = LINE('',#2267,#2268);
#2267 = CARTESIAN_POINT('',(71.,-7.,-49.8));
#2268 = VECTOR('',#2269,1.);
#2269 = DIRECTION('',(0.,1.,0.));
#2270 = ORIENTED_EDGE('',*,*,#917,.F.);
#2271 = ORIENTED_EDGE('',*,*,#2263,.F.);
#2272 = ORIENTED_EDGE('',*,*,#2273,.T.);
#2273 = EDGE_CURVE('',#2264,#2264,#2274,.T.);
#2274 = CIRCLE('',#2275,2.2);
#2275 = AXIS2_PLACEMENT_3D('',#2276,#2277,#2278);
#2276 = CARTESIAN_POINT('',(71.,-2.8,-52.));
#2277 = DIRECTION('',(0.,1.,0.));
#2278 = DIRECTION('',(0.,0.,1.));
#2279 = CYLINDRICAL_SURFACE('',#2280,2.2);
#2280 = AXIS2_PLACEMENT_3D('',#2281,#2282,#2283);
#2281 = CARTESIAN_POINT('',(71.,-7.,-52.));
#2282 = DIRECTION('',(0.,1.,0.));
#2283 = DIRECTION('',(0.,0.,1.));
#2284 = ADVANCED_FACE('',(#2285),#2304,.F.);
#2285 = FACE_BOUND('',#2286,.F.);
#2286 = EDGE_LOOP('',(#2287,#2288,#2296,#2303));
#2287 = ORIENTED_EDGE('',*,*,#928,.F.);
#2288 = ORIENTED_EDGE('',*,*,#2289,.F.);
#2289 = EDGE_CURVE('',#2290,#929,#2292,.T.);
#2290 = VERTEX_POINT('',#2291);
#2291 = CARTESIAN_POINT('',(61.650635094611,-3.,-49.4));
#2292 = LINE('',#2293,#2294);
#2293 = CARTESIAN_POINT('',(61.650635094611,-3.,-49.4));
#2294 = VECTOR('',#2295,1.);
#2295 = DIRECTION('',(0.,1.,0.));
#2296 = ORIENTED_EDGE('',*,*,#2297,.T.);
#2297 = EDGE_CURVE('',#2290,#2290,#2298,.T.);
#2298 = CIRCLE('',#2299,3.1);
#2299 = AXIS2_PLACEMENT_3D('',#2300,#2301,#2302);
#2300 = CARTESIAN_POINT('',(61.650635094611,-3.,-52.5));
#2301 = DIRECTION('',(0.,1.,0.));
#2302 = DIRECTION('',(0.,0.,1.));
#2303 = ORIENTED_EDGE('',*,*,#2289,.T.);
#2304 = CYLINDRICAL_SURFACE('',#2305,3.1);
#2305 = AXIS2_PLACEMENT_3D('',#2306,#2307,#2308);
#2306 = CARTESIAN_POINT('',(61.650635094611,-3.,-52.5));
#2307 = DIRECTION('',(0.,1.,0.));
#2308 = DIRECTION('',(0.,0.,1.));
#2309 = ADVANCED_FACE('',(#2310,#2313),#2316,.T.);
#2310 = FACE_BOUND('',#2311,.T.);
#2311 = EDGE_LOOP('',(#2312));
#2312 = ORIENTED_EDGE('',*,*,#2072,.T.);
#2313 = FACE_BOUND('',#2314,.T.);
#2314 = EDGE_LOOP('',(#2315));
#2315 = ORIENTED_EDGE('',*,*,#997,.F.);
#2316 = PLANE('',#2317);
#2317 = AXIS2_PLACEMENT_3D('',#2318,#2319,#2320);
#2318 = CARTESIAN_POINT('',(18.349364905389,-3.,-27.5));
#2319 = DIRECTION('',(0.,1.,0.));
#2320 = DIRECTION('',(0.,0.,1.));
#2321 = ADVANCED_FACE('',(#2322,#2325),#2328,.T.);
#2322 = FACE_BOUND('',#2323,.T.);
#2323 = EDGE_LOOP('',(#2324));
#2324 = ORIENTED_EDGE('',*,*,#2097,.T.);
#2325 = FACE_BOUND('',#2326,.T.);
#2326 = EDGE_LOOP('',(#2327));
#2327 = ORIENTED_EDGE('',*,*,#1022,.F.);
#2328 = PLANE('',#2329);
#2329 = AXIS2_PLACEMENT_3D('',#2330,#2331,#2332);
#2330 = CARTESIAN_POINT('',(18.349364905389,-3.,-52.5));
#2331 = DIRECTION('',(0.,1.,0.));
#2332 = DIRECTION('',(0.,0.,1.));
#2333 = ADVANCED_FACE('',(#2334,#2337),#2340,.T.);
#2334 = FACE_BOUND('',#2335,.T.);
#2335 = EDGE_LOOP('',(#2336));
#2336 = ORIENTED_EDGE('',*,*,#2122,.T.);
#2337 = FACE_BOUND('',#2338,.T.);
#2338 = EDGE_LOOP('',(#2339));
#2339 = ORIENTED_EDGE('',*,*,#1047,.F.);
#2340 = PLANE('',#2341);
#2341 = AXIS2_PLACEMENT_3D('',#2342,#2343,#2344);
#2342 = CARTESIAN_POINT('',(40.,-3.,-15.));
#2343 = DIRECTION('',(0.,1.,0.));
#2344 = DIRECTION('',(0.,0.,1.));
#2345 = ADVANCED_FACE('',(#2346,#2349),#2352,.T.);
#2346 = FACE_BOUND('',#2347,.T.);
#2347 = EDGE_LOOP('',(#2348));
#2348 = ORIENTED_EDGE('',*,*,#2147,.T.);
#2349 = FACE_BOUND('',#2350,.T.);
#2350 = EDGE_LOOP('',(#2351));
#2351 = ORIENTED_EDGE('',*,*,#1191,.F.);
#2352 = PLANE('',#2353);
#2353 = AXIS2_PLACEMENT_3D('',#2354,#2355,#2356);
#2354 = CARTESIAN_POINT('',(40.,-3.,-65.));
#2355 = DIRECTION('',(0.,1.,0.));
#2356 = DIRECTION('',(0.,0.,1.));
#2357 = ADVANCED_FACE('',(#2358,#2366),#2369,.T.);
#2358 = FACE_BOUND('',#2359,.T.);
#2359 = EDGE_LOOP('',(#2360,#2361,#2362,#2363,#2364,#2365));
#2360 = ORIENTED_EDGE('',*,*,#1225,.T.);
#2361 = ORIENTED_EDGE('',*,*,#1273,.T.);
#2362 = ORIENTED_EDGE('',*,*,#1321,.T.);
#2363 = ORIENTED_EDGE('',*,*,#1345,.T.);
#2364 = ORIENTED_EDGE('',*,*,#1304,.T.);
#2365 = ORIENTED_EDGE('',*,*,#1256,.T.);
#2366 = FACE_BOUND('',#2367,.T.);
#2367 = EDGE_LOOP('',(#2368));
#2368 = ORIENTED_EDGE('',*,*,#2173,.T.);
#2369 = PLANE('',#2370);
#2370 = AXIS2_PLACEMENT_3D('',#2371,#2372,#2373);
#2371 = CARTESIAN_POINT('',(40.,-2.8,-106.));
#2372 = DIRECTION('',(-0.,-1.,-0.));
#2373 = DIRECTION('',(0.,0.,-1.));
#2374 = ADVANCED_FACE('',(#2375,#2383),#2386,.T.);
#2375 = FACE_BOUND('',#2376,.T.);
#2376 = EDGE_LOOP('',(#2377,#2378,#2379,#2380,#2381,#2382));
#2377 = ORIENTED_EDGE('',*,*,#1369,.T.);
#2378 = ORIENTED_EDGE('',*,*,#1417,.T.);
#2379 = ORIENTED_EDGE('',*,*,#1465,.T.);
#2380 = ORIENTED_EDGE('',*,*,#1489,.T.);
#2381 = ORIENTED_EDGE('',*,*,#1448,.T.);
#2382 = ORIENTED_EDGE('',*,*,#1400,.T.);
#2383 = FACE_BOUND('',#2384,.T.);
#2384 = EDGE_LOOP('',(#2385));
#2385 = ORIENTED_EDGE('',*,*,#2198,.T.);
#2386 = PLANE('',#2387);
#2387 = AXIS2_PLACEMENT_3D('',#2388,#2389,#2390);
#2388 = CARTESIAN_POINT('',(40.,-2.8,-133.));
#2389 = DIRECTION('',(-0.,-1.,-0.));
#2390 = DIRECTION('',(0.,0.,-1.));
#2391 = ADVANCED_FACE('',(#2392,#2395),#2398,.T.);
#2392 = FACE_BOUND('',#2393,.T.);
#2393 = EDGE_LOOP('',(#2394));
#2394 = ORIENTED_EDGE('',*,*,#2222,.T.);
#2395 = FACE_BOUND('',#2396,.T.);
#2396 = EDGE_LOOP('',(#2397));
#2397 = ORIENTED_EDGE('',*,*,#1725,.F.);
#2398 = PLANE('',#2399);
#2399 = AXIS2_PLACEMENT_3D('',#2400,#2401,#2402);
#2400 = CARTESIAN_POINT('',(61.650635094611,-3.,-27.5));
#2401 = DIRECTION('',(0.,1.,0.));
#2402 = DIRECTION('',(0.,0.,1.));
#2403 = ADVANCED_FACE('',(#2404,#2407),#2410,.T.);
#2404 = FACE_BOUND('',#2405,.T.);
#2405 = EDGE_LOOP('',(#2406));
#2406 = ORIENTED_EDGE('',*,*,#2297,.T.);
#2407 = FACE_BOUND('',#2408,.T.);
#2408 = EDGE_LOOP('',(#2409));
#2409 = ORIENTED_EDGE('',*,*,#1750,.F.);
#2410 = PLANE('',#2411);
#2411 = AXIS2_PLACEMENT_3D('',#2412,#2413,#2414);
#2412 = CARTESIAN_POINT('',(61.650635094611,-3.,-52.5));
#2413 = DIRECTION('',(0.,1.,0.));
#2414 = DIRECTION('',(0.,0.,1.));
#2415 = ADVANCED_FACE('',(#2416,#2424),#2427,.T.);
#2416 = FACE_BOUND('',#2417,.T.);
#2417 = EDGE_LOOP('',(#2418,#2419,#2420,#2421,#2422,#2423));
#2418 = ORIENTED_EDGE('',*,*,#1784,.T.);
#2419 = ORIENTED_EDGE('',*,*,#1832,.T.);
#2420 = ORIENTED_EDGE('',*,*,#1880,.T.);
#2421 = ORIENTED_EDGE('',*,*,#1904,.T.);
#2422 = ORIENTED_EDGE('',*,*,#1863,.T.);
#2423 = ORIENTED_EDGE('',*,*,#1815,.T.);
#2424 = FACE_BOUND('',#2425,.T.);
#2425 = EDGE_LOOP('',(#2426));
#2426 = ORIENTED_EDGE('',*,*,#2248,.T.);
#2427 = PLANE('',#2428);
#2428 = AXIS2_PLACEMENT_3D('',#2429,#2430,#2431);
#2429 = CARTESIAN_POINT('',(71.,-2.8,-28.));
#2430 = DIRECTION('',(-0.,-1.,-0.));
#2431 = DIRECTION('',(0.,0.,-1.));
#2432 = ADVANCED_FACE('',(#2433,#2441),#2444,.T.);
#2433 = FACE_BOUND('',#2434,.T.);
#2434 = EDGE_LOOP('',(#2435,#2436,#2437,#2438,#2439,#2440));
#2435 = ORIENTED_EDGE('',*,*,#1928,.T.);
#2436 = ORIENTED_EDGE('',*,*,#1976,.T.);
#2437 = ORIENTED_EDGE('',*,*,#2024,.T.);
#2438 = ORIENTED_EDGE('',*,*,#2048,.T.);
#2439 = ORIENTED_EDGE('',*,*,#2007,.T.);
#2440 = ORIENTED_EDGE('',*,*,#1959,.T.);
#2441 = FACE_BOUND('',#2442,.T.);
#2442 = EDGE_LOOP('',(#2443));
#2443 = ORIENTED_EDGE('',*,*,#2273,.T.);
#2444 = PLANE('',#2445);
#2445 = AXIS2_PLACEMENT_3D('',#2446,#2447,#2448);
#2446 = CARTESIAN_POINT('',(71.,-2.8,-52.));
#2447 = DIRECTION('',(-0.,-1.,-0.));
#2448 = DIRECTION('',(0.,0.,-1.));
#2449 = MANIFOLD_SOLID_BREP('',#2450);
#2450 = CLOSED_SHELL('',(#2451,#2493,#2793,#2817,#3110,#3130,#3150,#3167
    ,#3187,#3206,#3228,#3240,#3262,#3279,#3296,#3313,#3330,#3342,#3359,
    #3376,#3398,#3415,#3432,#3449,#3466,#3478,#3495,#3517,#3534,#3551,
    #3568,#3585,#3597,#3614));
#2451 = ADVANCED_FACE('',(#2452),#2488,.T.);
#2452 = FACE_BOUND('',#2453,.T.);
#2453 = EDGE_LOOP('',(#2454,#2465,#2473,#2482));
#2454 = ORIENTED_EDGE('',*,*,#2455,.F.);
#2455 = EDGE_CURVE('',#2456,#2458,#2460,.T.);
#2456 = VERTEX_POINT('',#2457);
#2457 = CARTESIAN_POINT('',(151.92630629482,-6.,-68.28427124746));
#2458 = VERTEX_POINT('',#2459);
#2459 = CARTESIAN_POINT('',(106.1071891758,-6.,-4.048238148033));
#2460 = CIRCLE('',#2461,40.);
#2461 = AXIS2_PLACEMENT_3D('',#2462,#2463,#2464);
#2462 = CARTESIAN_POINT('',(123.64203504736,-6.,-40.));
#2463 = DIRECTION('',(0.,-1.,0.));
#2464 = DIRECTION('',(0.707106781187,0.,-0.707106781187));
#2465 = ORIENTED_EDGE('',*,*,#2466,.T.);
#2466 = EDGE_CURVE('',#2456,#2467,#2469,.T.);
#2467 = VERTEX_POINT('',#2468);
#2468 = CARTESIAN_POINT('',(151.92630629482,0.,-68.28427124746));
#2469 = LINE('',#2470,#2471);
#2470 = CARTESIAN_POINT('',(151.92630629482,-6.,-68.28427124746));
#2471 = VECTOR('',#2472,1.);
#2472 = DIRECTION('',(0.,1.,0.));
#2473 = ORIENTED_EDGE('',*,*,#2474,.T.);
#2474 = EDGE_CURVE('',#2467,#2475,#2477,.T.);
#2475 = VERTEX_POINT('',#2476);
#2476 = CARTESIAN_POINT('',(106.1071891758,0.,-4.048238148033));
#2477 = CIRCLE('',#2478,40.);
#2478 = AXIS2_PLACEMENT_3D('',#2479,#2480,#2481);
#2479 = CARTESIAN_POINT('',(123.64203504736,0.,-40.));
#2480 = DIRECTION('',(0.,-1.,0.));
#2481 = DIRECTION('',(0.707106781187,0.,-0.707106781187));
#2482 = ORIENTED_EDGE('',*,*,#2483,.T.);
#2483 = EDGE_CURVE('',#2475,#2458,#2484,.T.);
#2484 = LINE('',#2485,#2486);
#2485 = CARTESIAN_POINT('',(106.1071891758,-6.,-4.048238148033));
#2486 = VECTOR('',#2487,1.);
#2487 = DIRECTION('',(0.,-1.,0.));
#2488 = CYLINDRICAL_SURFACE('',#2489,40.);
#2489 = AXIS2_PLACEMENT_3D('',#2490,#2491,#2492);
#2490 = CARTESIAN_POINT('',(123.64203504736,-6.,-40.));
#2491 = DIRECTION('',(0.,-1.,0.));
#2492 = DIRECTION('',(0.707106781187,0.,-0.707106781187));
#2493 = ADVANCED_FACE('',(#2494,#2574,#2627,#2638,#2649,#2702,#2713,
    #2766,#2777),#2788,.T.);
#2494 = FACE_BOUND('',#2495,.T.);
#2495 = EDGE_LOOP('',(#2496,#2505,#2506,#2514,#2523,#2532,#2540,#2549,
    #2558,#2567));
#2496 = ORIENTED_EDGE('',*,*,#2497,.T.);
#2497 = EDGE_CURVE('',#2498,#2456,#2500,.T.);
#2498 = VERTEX_POINT('',#2499);
#2499 = CARTESIAN_POINT('',(141.64203504736,-6.,-95.));
#2500 = B_SPLINE_CURVE_WITH_KNOTS('',3,(#2501,#2502,#2503,#2504),
  .UNSPECIFIED.,.F.,.F.,(4,4),(0.,1.),.PIECEWISE_BEZIER_KNOTS.);
#2501 = CARTESIAN_POINT('',(141.64203504736,-6.,-95.));
#2502 = CARTESIAN_POINT('',(141.64203504736,-6.,-82.));
#2503 = CARTESIAN_POINT('',(144.14203504736,-6.,-76.06854249492));
#2504 = CARTESIAN_POINT('',(151.92630629482,-6.,-68.28427124746));
#2505 = ORIENTED_EDGE('',*,*,#2455,.T.);
#2506 = ORIENTED_EDGE('',*,*,#2507,.F.);
#2507 = EDGE_CURVE('',#2508,#2458,#2510,.T.);
#2508 = VERTEX_POINT('',#2509);
#2509 = CARTESIAN_POINT('',(113.34031309782,-6.,-18.87833991197));
#2510 = LINE('',#2511,#2512);
#2511 = CARTESIAN_POINT('',(133.64503248065,-6.,-60.50918406478));
#2512 = VECTOR('',#2513,1.);
#2513 = DIRECTION('',(-0.438371146789,0.,0.898794046299));
#2514 = ORIENTED_EDGE('',*,*,#2515,.T.);
#2515 = EDGE_CURVE('',#2508,#2516,#2518,.T.);
#2516 = VERTEX_POINT('',#2517);
#2517 = CARTESIAN_POINT('',(123.64203504736,-6.,-16.5));
#2518 = CIRCLE('',#2519,23.5);
#2519 = AXIS2_PLACEMENT_3D('',#2520,#2521,#2522);
#2520 = CARTESIAN_POINT('',(123.64203504736,-6.,-40.));
#2521 = DIRECTION('',(0.,1.,0.));
#2522 = DIRECTION('',(0.,0.,1.));
#2523 = ORIENTED_EDGE('',*,*,#2524,.T.);
#2524 = EDGE_CURVE('',#2516,#2525,#2527,.T.);
#2525 = VERTEX_POINT('',#2526);
#2526 = CARTESIAN_POINT('',(114.83878010209,-6.,-61.78882058232));
#2527 = CIRCLE('',#2528,23.5);
#2528 = AXIS2_PLACEMENT_3D('',#2529,#2530,#2531);
#2529 = CARTESIAN_POINT('',(123.64203504736,-6.,-40.));
#2530 = DIRECTION('',(0.,1.,0.));
#2531 = DIRECTION('',(0.,0.,1.));
#2532 = ORIENTED_EDGE('',*,*,#2533,.F.);
#2533 = EDGE_CURVE('',#2534,#2525,#2536,.T.);
#2534 = VERTEX_POINT('',#2535);
#2535 = CARTESIAN_POINT('',(105.06300530495,-6.,-85.98471226468));
#2536 = LINE('',#2537,#2538);
#2537 = CARTESIAN_POINT('',(105.27158332187,-6.,-85.46846355707));
#2538 = VECTOR('',#2539,1.);
#2539 = DIRECTION('',(0.374606593416,0.,0.927183854567));
#2540 = ORIENTED_EDGE('',*,*,#2541,.T.);
#2541 = EDGE_CURVE('',#2534,#2542,#2544,.T.);
#2542 = VERTEX_POINT('',#2543);
#2543 = CARTESIAN_POINT('',(105.64203504736,-6.,-95.));
#2544 = B_SPLINE_CURVE_WITH_KNOTS('',3,(#2545,#2546,#2547,#2548),
  .UNSPECIFIED.,.F.,.F.,(4,4),(0.,1.),.PIECEWISE_BEZIER_KNOTS.);
#2545 = CARTESIAN_POINT('',(95.357763799905,-6.,-68.28427124746));
#2546 = CARTESIAN_POINT('',(103.14203504736,-6.,-76.06854249492));
#2547 = CARTESIAN_POINT('',(105.64203504736,-6.,-82.));
#2548 = CARTESIAN_POINT('',(105.64203504736,-6.,-95.));
#2549 = ORIENTED_EDGE('',*,*,#2550,.T.);
#2550 = EDGE_CURVE('',#2542,#2551,#2553,.T.);
#2551 = VERTEX_POINT('',#2552);
#2552 = CARTESIAN_POINT('',(106.64203504736,-6.,-170.));
#2553 = B_SPLINE_CURVE_WITH_KNOTS('',3,(#2554,#2555,#2556,#2557),
  .UNSPECIFIED.,.F.,.F.,(4,4),(0.,1.),.PIECEWISE_BEZIER_KNOTS.);
#2554 = CARTESIAN_POINT('',(105.64203504736,-6.,-95.));
#2555 = CARTESIAN_POINT('',(105.64203504736,-6.,-118.));
#2556 = CARTESIAN_POINT('',(106.64203504736,-6.,-144.));
#2557 = CARTESIAN_POINT('',(106.64203504736,-6.,-170.));
#2558 = ORIENTED_EDGE('',*,*,#2559,.T.);
#2559 = EDGE_CURVE('',#2551,#2560,#2562,.T.);
#2560 = VERTEX_POINT('',#2561);
#2561 = CARTESIAN_POINT('',(140.64203504736,-6.,-170.));
#2562 = CIRCLE('',#2563,17.);
#2563 = AXIS2_PLACEMENT_3D('',#2564,#2565,#2566);
#2564 = CARTESIAN_POINT('',(123.64203504736,-6.,-170.));
#2565 = DIRECTION('',(0.,-1.,0.));
#2566 = DIRECTION('',(-1.,0.,0.));
#2567 = ORIENTED_EDGE('',*,*,#2568,.T.);
#2568 = EDGE_CURVE('',#2560,#2498,#2569,.T.);
#2569 = B_SPLINE_CURVE_WITH_KNOTS('',3,(#2570,#2571,#2572,#2573),
  .UNSPECIFIED.,.F.,.F.,(4,4),(0.,1.),.PIECEWISE_BEZIER_KNOTS.);
#2570 = CARTESIAN_POINT('',(140.64203504736,-6.,-170.));
#2571 = CARTESIAN_POINT('',(140.64203504736,-6.,-144.));
#2572 = CARTESIAN_POINT('',(141.64203504736,-6.,-118.));
#2573 = CARTESIAN_POINT('',(141.64203504736,-6.,-95.));
#2574 = FACE_BOUND('',#2575,.T.);
#2575 = EDGE_LOOP('',(#2576,#2587,#2595,#2604,#2612,#2621));
#2576 = ORIENTED_EDGE('',*,*,#2577,.F.);
#2577 = EDGE_CURVE('',#2578,#2580,#2582,.T.);
#2578 = VERTEX_POINT('',#2579);
#2579 = CARTESIAN_POINT('',(115.64203504736,-6.,-82.));
#2580 = VERTEX_POINT('',#2581);
#2581 = CARTESIAN_POINT('',(113.64203504736,-6.,-84.));
#2582 = CIRCLE('',#2583,2.);
#2583 = AXIS2_PLACEMENT_3D('',#2584,#2585,#2586);
#2584 = CARTESIAN_POINT('',(115.64203504736,-6.,-84.));
#2585 = DIRECTION('',(-0.,-1.,0.));
#2586 = DIRECTION('',(-1.,0.,3.55E-15));
#2587 = ORIENTED_EDGE('',*,*,#2588,.T.);
#2588 = EDGE_CURVE('',#2578,#2589,#2591,.T.);
#2589 = VERTEX_POINT('',#2590);
#2590 = CARTESIAN_POINT('',(126.89530875755,-6.,-82.));
#2591 = LINE('',#2592,#2593);
#2592 = CARTESIAN_POINT('',(119.64203504736,-6.,-82.));
#2593 = VECTOR('',#2594,1.);
#2594 = DIRECTION('',(1.,0.,0.));
#2595 = ORIENTED_EDGE('',*,*,#2596,.F.);
#2596 = EDGE_CURVE('',#2597,#2589,#2599,.T.);
#2597 = VERTEX_POINT('',#2598);
#2598 = CARTESIAN_POINT('',(127.98528545875,-6.,-85.6768872326));
#2599 = CIRCLE('',#2600,2.);
#2600 = AXIS2_PLACEMENT_3D('',#2601,#2602,#2603);
#2601 = CARTESIAN_POINT('',(126.89530875755,-6.,-84.));
#2602 = DIRECTION('',(0.,-1.,0.));
#2603 = DIRECTION('',(1.33E-15,0.,1.));
#2604 = ORIENTED_EDGE('',*,*,#2605,.T.);
#2605 = EDGE_CURVE('',#2597,#2606,#2608,.T.);
#2606 = VERTEX_POINT('',#2607);
#2607 = CARTESIAN_POINT('',(116.73201174855,-6.,-92.99151514422));
#2608 = LINE('',#2609,#2610);
#2609 = CARTESIAN_POINT('',(125.2936730948,-6.,-87.42643526916));
#2610 = VECTOR('',#2611,1.);
#2611 = DIRECTION('',(-0.838443616301,0.,-0.544988350595));
#2612 = ORIENTED_EDGE('',*,*,#2613,.F.);
#2613 = EDGE_CURVE('',#2614,#2606,#2616,.T.);
#2614 = VERTEX_POINT('',#2615);
#2615 = CARTESIAN_POINT('',(113.64203504736,-6.,-91.31462791162));
#2616 = CIRCLE('',#2617,2.);
#2617 = AXIS2_PLACEMENT_3D('',#2618,#2619,#2620);
#2618 = CARTESIAN_POINT('',(115.64203504736,-6.,-91.31462791162));
#2619 = DIRECTION('',(0.,-1.,0.));
#2620 = DIRECTION('',(0.544988350595,0.,-0.838443616301));
#2621 = ORIENTED_EDGE('',*,*,#2622,.T.);
#2622 = EDGE_CURVE('',#2614,#2580,#2623,.T.);
#2623 = LINE('',#2624,#2625);
#2624 = CARTESIAN_POINT('',(113.64203504736,-6.,-91.04528585215));
#2625 = VECTOR('',#2626,1.);
#2626 = DIRECTION('',(0.,0.,1.));
#2627 = FACE_BOUND('',#2628,.T.);
#2628 = EDGE_LOOP('',(#2629));
#2629 = ORIENTED_EDGE('',*,*,#2630,.T.);
#2630 = EDGE_CURVE('',#2631,#2631,#2633,.T.);
#2631 = VERTEX_POINT('',#2632);
#2632 = CARTESIAN_POINT('',(123.64203504736,-6.,-103.8));
#2633 = CIRCLE('',#2634,2.2);
#2634 = AXIS2_PLACEMENT_3D('',#2635,#2636,#2637);
#2635 = CARTESIAN_POINT('',(123.64203504736,-6.,-106.));
#2636 = DIRECTION('',(0.,1.,0.));
#2637 = DIRECTION('',(0.,0.,1.));
#2638 = FACE_BOUND('',#2639,.T.);
#2639 = EDGE_LOOP('',(#2640));
#2640 = ORIENTED_EDGE('',*,*,#2641,.T.);
#2641 = EDGE_CURVE('',#2642,#2642,#2644,.T.);
#2642 = VERTEX_POINT('',#2643);
#2643 = CARTESIAN_POINT('',(123.64203504736,-6.,-130.8));
#2644 = CIRCLE('',#2645,2.2);
#2645 = AXIS2_PLACEMENT_3D('',#2646,#2647,#2648);
#2646 = CARTESIAN_POINT('',(123.64203504736,-6.,-133.));
#2647 = DIRECTION('',(0.,1.,0.));
#2648 = DIRECTION('',(0.,0.,1.));
#2649 = FACE_BOUND('',#2650,.T.);
#2650 = EDGE_LOOP('',(#2651,#2662,#2670,#2679,#2687,#2696));
#2651 = ORIENTED_EDGE('',*,*,#2652,.F.);
#2652 = EDGE_CURVE('',#2653,#2655,#2657,.T.);
#2653 = VERTEX_POINT('',#2654);
#2654 = CARTESIAN_POINT('',(115.64203504736,-6.,-141.5));
#2655 = VERTEX_POINT('',#2656);
#2656 = CARTESIAN_POINT('',(113.64203504736,-6.,-143.5));
#2657 = CIRCLE('',#2658,2.);
#2658 = AXIS2_PLACEMENT_3D('',#2659,#2660,#2661);
#2659 = CARTESIAN_POINT('',(115.64203504736,-6.,-143.5));
#2660 = DIRECTION('',(-0.,-1.,-0.));
#2661 = DIRECTION('',(-1.,0.,0.));
#2662 = ORIENTED_EDGE('',*,*,#2663,.T.);
#2663 = EDGE_CURVE('',#2653,#2664,#2666,.T.);
#2664 = VERTEX_POINT('',#2665);
#2665 = CARTESIAN_POINT('',(126.4214004508,-6.,-141.5));
#2666 = LINE('',#2667,#2668);
#2667 = CARTESIAN_POINT('',(119.64203504736,-6.,-141.5));
#2668 = VECTOR('',#2669,1.);
#2669 = DIRECTION('',(1.,0.,0.));
#2670 = ORIENTED_EDGE('',*,*,#2671,.F.);
#2671 = EDGE_CURVE('',#2672,#2664,#2674,.T.);
#2672 = VERTEX_POINT('',#2673);
#2673 = CARTESIAN_POINT('',(127.45039196165,-6.,-145.2149858514));
#2674 = CIRCLE('',#2675,2.);
#2675 = AXIS2_PLACEMENT_3D('',#2676,#2677,#2678);
#2676 = CARTESIAN_POINT('',(126.4214004508,-6.,-143.5));
#2677 = DIRECTION('',(-0.,-1.,0.));
#2678 = DIRECTION('',(-2.89E-15,0.,1.));
#2679 = ORIENTED_EDGE('',*,*,#2680,.T.);
#2680 = EDGE_CURVE('',#2672,#2681,#2683,.T.);
#2681 = VERTEX_POINT('',#2682);
#2682 = CARTESIAN_POINT('',(116.67102655822,-6.,-151.6826050934));
#2683 = LINE('',#2684,#2685);
#2684 = CARTESIAN_POINT('',(138.05887296201,-6.,-138.8498972512));
#2685 = VECTOR('',#2686,1.);
#2686 = DIRECTION('',(-0.857492925713,0.,-0.514495755428));
#2687 = ORIENTED_EDGE('',*,*,#2688,.F.);
#2688 = EDGE_CURVE('',#2689,#2681,#2691,.T.);
#2689 = VERTEX_POINT('',#2690);
#2690 = CARTESIAN_POINT('',(113.64203504736,-6.,-149.967619242));
#2691 = CIRCLE('',#2692,2.);
#2692 = AXIS2_PLACEMENT_3D('',#2693,#2694,#2695);
#2693 = CARTESIAN_POINT('',(115.64203504736,-6.,-149.967619242));
#2694 = DIRECTION('',(0.,-1.,0.));
#2695 = DIRECTION('',(0.514495755428,0.,-0.857492925713));
#2696 = ORIENTED_EDGE('',*,*,#2697,.T.);
#2697 = EDGE_CURVE('',#2689,#2655,#2698,.T.);
#2698 = LINE('',#2699,#2700);
#2699 = CARTESIAN_POINT('',(113.64203504736,-6.,-120.3717815173));
#2700 = VECTOR('',#2701,1.);
#2701 = DIRECTION('',(0.,0.,1.));
#2702 = FACE_BOUND('',#2703,.T.);
#2703 = EDGE_LOOP('',(#2704));
#2704 = ORIENTED_EDGE('',*,*,#2705,.T.);
#2705 = EDGE_CURVE('',#2706,#2706,#2708,.T.);
#2706 = VERTEX_POINT('',#2707);
#2707 = CARTESIAN_POINT('',(123.64203504736,-6.,-165.975));
#2708 = CIRCLE('',#2709,4.025);
#2709 = AXIS2_PLACEMENT_3D('',#2710,#2711,#2712);
#2710 = CARTESIAN_POINT('',(123.64203504736,-6.,-170.));
#2711 = DIRECTION('',(0.,1.,0.));
#2712 = DIRECTION('',(0.,0.,1.));
#2713 = FACE_BOUND('',#2714,.T.);
#2714 = EDGE_LOOP('',(#2715,#2726,#2734,#2743,#2751,#2760));
#2715 = ORIENTED_EDGE('',*,*,#2716,.F.);
#2716 = EDGE_CURVE('',#2717,#2719,#2721,.T.);
#2717 = VERTEX_POINT('',#2718);
#2718 = CARTESIAN_POINT('',(133.64203504736,-6.,-113.8413111231));
#2719 = VERTEX_POINT('',#2720);
#2720 = CARTESIAN_POINT('',(130.49511035864,-6.,-112.2028472821));
#2721 = CIRCLE('',#2722,2.);
#2722 = AXIS2_PLACEMENT_3D('',#2723,#2724,#2725);
#2723 = CARTESIAN_POINT('',(131.64203504736,-6.,-113.8413111231));
#2724 = DIRECTION('',(-0.,-1.,0.));
#2725 = DIRECTION('',(-0.573462344363,0.,0.819231920519));
#2726 = ORIENTED_EDGE('',*,*,#2727,.T.);
#2727 = EDGE_CURVE('',#2717,#2728,#2730,.T.);
#2728 = VERTEX_POINT('',#2729);
#2729 = CARTESIAN_POINT('',(133.64203504736,-6.,-122.));
#2730 = LINE('',#2731,#2732);
#2731 = CARTESIAN_POINT('',(133.64203504736,-6.,-102.3086274579));
#2732 = VECTOR('',#2733,1.);
#2733 = DIRECTION('',(0.,0.,-1.));
#2734 = ORIENTED_EDGE('',*,*,#2735,.F.);
#2735 = EDGE_CURVE('',#2736,#2728,#2738,.T.);
#2736 = VERTEX_POINT('',#2737);
#2737 = CARTESIAN_POINT('',(131.64203504736,-6.,-124.));
#2738 = CIRCLE('',#2739,2.);
#2739 = AXIS2_PLACEMENT_3D('',#2740,#2741,#2742);
#2740 = CARTESIAN_POINT('',(131.64203504736,-6.,-122.));
#2741 = DIRECTION('',(0.,-1.,0.));
#2742 = DIRECTION('',(1.,0.,0.));
#2743 = ORIENTED_EDGE('',*,*,#2744,.T.);
#2744 = EDGE_CURVE('',#2736,#2745,#2747,.T.);
#2745 = VERTEX_POINT('',#2746);
#2746 = CARTESIAN_POINT('',(119.98676522329,-6.,-124.));
#2747 = LINE('',#2748,#2749);
#2748 = CARTESIAN_POINT('',(127.64203504736,-6.,-124.));
#2749 = VECTOR('',#2750,1.);
#2750 = DIRECTION('',(-1.,0.,0.));
#2751 = ORIENTED_EDGE('',*,*,#2752,.F.);
#2752 = EDGE_CURVE('',#2753,#2745,#2755,.T.);
#2753 = VERTEX_POINT('',#2754);
#2754 = CARTESIAN_POINT('',(118.83984053456,-6.,-120.3615361589));
#2755 = CIRCLE('',#2756,2.);
#2756 = AXIS2_PLACEMENT_3D('',#2757,#2758,#2759);
#2757 = CARTESIAN_POINT('',(119.98676522329,-6.,-122.));
#2758 = DIRECTION('',(0.,-1.,-0.));
#2759 = DIRECTION('',(-1.78E-15,0.,-1.));
#2760 = ORIENTED_EDGE('',*,*,#2761,.T.);
#2761 = EDGE_CURVE('',#2753,#2719,#2762,.T.);
#2762 = LINE('',#2763,#2764);
#2763 = CARTESIAN_POINT('',(127.40095099402,-6.,-114.3687588373));
#2764 = VECTOR('',#2765,1.);
#2765 = DIRECTION('',(0.819231920519,0.,0.573462344363));
#2766 = FACE_BOUND('',#2767,.T.);
#2767 = EDGE_LOOP('',(#2768));
#2768 = ORIENTED_EDGE('',*,*,#2769,.T.);
#2769 = EDGE_CURVE('',#2770,#2770,#2772,.T.);
#2770 = VERTEX_POINT('',#2771);
#2771 = CARTESIAN_POINT('',(154.64203504736,-6.,-25.8));
#2772 = CIRCLE('',#2773,2.2);
#2773 = AXIS2_PLACEMENT_3D('',#2774,#2775,#2776);
#2774 = CARTESIAN_POINT('',(154.64203504736,-6.,-28.));
#2775 = DIRECTION('',(0.,1.,0.));
#2776 = DIRECTION('',(0.,0.,1.));
#2777 = FACE_BOUND('',#2778,.T.);
#2778 = EDGE_LOOP('',(#2779));
#2779 = ORIENTED_EDGE('',*,*,#2780,.T.);
#2780 = EDGE_CURVE('',#2781,#2781,#2783,.T.);
#2781 = VERTEX_POINT('',#2782);
#2782 = CARTESIAN_POINT('',(154.64203504736,-6.,-49.8));
#2783 = CIRCLE('',#2784,2.2);
#2784 = AXIS2_PLACEMENT_3D('',#2785,#2786,#2787);
#2785 = CARTESIAN_POINT('',(154.64203504736,-6.,-52.));
#2786 = DIRECTION('',(0.,1.,0.));
#2787 = DIRECTION('',(0.,0.,1.));
#2788 = PLANE('',#2789);
#2789 = AXIS2_PLACEMENT_3D('',#2790,#2791,#2792);
#2790 = CARTESIAN_POINT('',(123.64203504736,-6.,-90.77594379267));
#2791 = DIRECTION('',(-0.,-1.,-0.));
#2792 = DIRECTION('',(0.,0.,-1.));
#2793 = ADVANCED_FACE('',(#2794),#2812,.F.);
#2794 = FACE_BOUND('',#2795,.F.);
#2795 = EDGE_LOOP('',(#2796,#2804,#2805,#2806));
#2796 = ORIENTED_EDGE('',*,*,#2797,.T.);
#2797 = EDGE_CURVE('',#2798,#2475,#2800,.T.);
#2798 = VERTEX_POINT('',#2799);
#2799 = CARTESIAN_POINT('',(113.34031309782,0.,-18.87833991197));
#2800 = LINE('',#2801,#2802);
#2801 = CARTESIAN_POINT('',(133.64503248065,0.,-60.50918406478));
#2802 = VECTOR('',#2803,1.);
#2803 = DIRECTION('',(-0.438371146789,0.,0.898794046299));
#2804 = ORIENTED_EDGE('',*,*,#2483,.T.);
#2805 = ORIENTED_EDGE('',*,*,#2507,.F.);
#2806 = ORIENTED_EDGE('',*,*,#2807,.T.);
#2807 = EDGE_CURVE('',#2508,#2798,#2808,.T.);
#2808 = LINE('',#2809,#2810);
#2809 = CARTESIAN_POINT('',(113.34031309782,-7.,-18.87833991197));
#2810 = VECTOR('',#2811,1.);
#2811 = DIRECTION('',(0.,1.,0.));
#2812 = PLANE('',#2813);
#2813 = AXIS2_PLACEMENT_3D('',#2814,#2815,#2816);
#2814 = CARTESIAN_POINT('',(123.64203504736,-7.,-40.));
#2815 = DIRECTION('',(0.898794046299,0.,0.438371146789));
#2816 = DIRECTION('',(-0.438371146789,0.,0.898794046299));
#2817 = ADVANCED_FACE('',(#2818,#2891,#2944,#2955,#2966,#3019,#3030,
    #3083,#3094),#3105,.F.);
#2818 = FACE_BOUND('',#2819,.F.);
#2819 = EDGE_LOOP('',(#2820,#2829,#2830,#2831,#2840,#2849,#2857,#2866,
    #2875,#2884));
#2820 = ORIENTED_EDGE('',*,*,#2821,.T.);
#2821 = EDGE_CURVE('',#2822,#2467,#2824,.T.);
#2822 = VERTEX_POINT('',#2823);
#2823 = CARTESIAN_POINT('',(141.64203504736,0.,-95.));
#2824 = B_SPLINE_CURVE_WITH_KNOTS('',3,(#2825,#2826,#2827,#2828),
  .UNSPECIFIED.,.F.,.F.,(4,4),(0.,1.),.PIECEWISE_BEZIER_KNOTS.);
#2825 = CARTESIAN_POINT('',(141.64203504736,0.,-95.));
#2826 = CARTESIAN_POINT('',(141.64203504736,0.,-82.));
#2827 = CARTESIAN_POINT('',(144.14203504736,0.,-76.06854249492));
#2828 = CARTESIAN_POINT('',(151.92630629482,0.,-68.28427124746));
#2829 = ORIENTED_EDGE('',*,*,#2474,.T.);
#2830 = ORIENTED_EDGE('',*,*,#2797,.F.);
#2831 = ORIENTED_EDGE('',*,*,#2832,.T.);
#2832 = EDGE_CURVE('',#2798,#2833,#2835,.T.);
#2833 = VERTEX_POINT('',#2834);
#2834 = CARTESIAN_POINT('',(123.64203504736,0.,-16.5));
#2835 = CIRCLE('',#2836,23.5);
#2836 = AXIS2_PLACEMENT_3D('',#2837,#2838,#2839);
#2837 = CARTESIAN_POINT('',(123.64203504736,0.,-40.));
#2838 = DIRECTION('',(0.,1.,0.));
#2839 = DIRECTION('',(0.,0.,1.));
#2840 = ORIENTED_EDGE('',*,*,#2841,.T.);
#2841 = EDGE_CURVE('',#2833,#2842,#2844,.T.);
#2842 = VERTEX_POINT('',#2843);
#2843 = CARTESIAN_POINT('',(114.83878010209,0.,-61.78882058232));
#2844 = CIRCLE('',#2845,23.5);
#2845 = AXIS2_PLACEMENT_3D('',#2846,#2847,#2848);
#2846 = CARTESIAN_POINT('',(123.64203504736,0.,-40.));
#2847 = DIRECTION('',(0.,1.,0.));
#2848 = DIRECTION('',(0.,0.,1.));
#2849 = ORIENTED_EDGE('',*,*,#2850,.F.);
#2850 = EDGE_CURVE('',#2851,#2842,#2853,.T.);
#2851 = VERTEX_POINT('',#2852);
#2852 = CARTESIAN_POINT('',(105.06300530495,0.,-85.98471226468));
#2853 = LINE('',#2854,#2855);
#2854 = CARTESIAN_POINT('',(105.27158332187,0.,-85.46846355707));
#2855 = VECTOR('',#2856,1.);
#2856 = DIRECTION('',(0.374606593416,0.,0.927183854567));
#2857 = ORIENTED_EDGE('',*,*,#2858,.T.);
#2858 = EDGE_CURVE('',#2851,#2859,#2861,.T.);
#2859 = VERTEX_POINT('',#2860);
#2860 = CARTESIAN_POINT('',(105.64203504736,0.,-95.));
#2861 = B_SPLINE_CURVE_WITH_KNOTS('',3,(#2862,#2863,#2864,#2865),
  .UNSPECIFIED.,.F.,.F.,(4,4),(0.,1.),.PIECEWISE_BEZIER_KNOTS.);
#2862 = CARTESIAN_POINT('',(95.357763799905,0.,-68.28427124746));
#2863 = CARTESIAN_POINT('',(103.14203504736,0.,-76.06854249492));
#2864 = CARTESIAN_POINT('',(105.64203504736,0.,-82.));
#2865 = CARTESIAN_POINT('',(105.64203504736,0.,-95.));
#2866 = ORIENTED_EDGE('',*,*,#2867,.T.);
#2867 = EDGE_CURVE('',#2859,#2868,#2870,.T.);
#2868 = VERTEX_POINT('',#2869);
#2869 = CARTESIAN_POINT('',(106.64203504736,0.,-170.));
#2870 = B_SPLINE_CURVE_WITH_KNOTS('',3,(#2871,#2872,#2873,#2874),
  .UNSPECIFIED.,.F.,.F.,(4,4),(0.,1.),.PIECEWISE_BEZIER_KNOTS.);
#2871 = CARTESIAN_POINT('',(105.64203504736,0.,-95.));
#2872 = CARTESIAN_POINT('',(105.64203504736,0.,-118.));
#2873 = CARTESIAN_POINT('',(106.64203504736,0.,-144.));
#2874 = CARTESIAN_POINT('',(106.64203504736,0.,-170.));
#2875 = ORIENTED_EDGE('',*,*,#2876,.T.);
#2876 = EDGE_CURVE('',#2868,#2877,#2879,.T.);
#2877 = VERTEX_POINT('',#2878);
#2878 = CARTESIAN_POINT('',(140.64203504736,0.,-170.));
#2879 = CIRCLE('',#2880,17.);
#2880 = AXIS2_PLACEMENT_3D('',#2881,#2882,#2883);
#2881 = CARTESIAN_POINT('',(123.64203504736,0.,-170.));
#2882 = DIRECTION('',(0.,-1.,0.));
#2883 = DIRECTION('',(-1.,0.,0.));
#2884 = ORIENTED_EDGE('',*,*,#2885,.T.);
#2885 = EDGE_CURVE('',#2877,#2822,#2886,.T.);
#2886 = B_SPLINE_CURVE_WITH_KNOTS('',3,(#2887,#2888,#2889,#2890),
  .UNSPECIFIED.,.F.,.F.,(4,4),(0.,1.),.PIECEWISE_BEZIER_KNOTS.);
#2887 = CARTESIAN_POINT('',(140.64203504736,0.,-170.));
#2888 = CARTESIAN_POINT('',(140.64203504736,0.,-144.));
#2889 = CARTESIAN_POINT('',(141.64203504736,0.,-118.));
#2890 = CARTESIAN_POINT('',(141.64203504736,0.,-95.));
#2891 = FACE_BOUND('',#2892,.F.);
#2892 = EDGE_LOOP('',(#2893,#2904,#2912,#2921,#2929,#2938));
#2893 = ORIENTED_EDGE('',*,*,#2894,.F.);
#2894 = EDGE_CURVE('',#2895,#2897,#2899,.T.);
#2895 = VERTEX_POINT('',#2896);
#2896 = CARTESIAN_POINT('',(115.64203504736,0.,-82.));
#2897 = VERTEX_POINT('',#2898);
#2898 = CARTESIAN_POINT('',(113.64203504736,0.,-84.));
#2899 = CIRCLE('',#2900,2.);
#2900 = AXIS2_PLACEMENT_3D('',#2901,#2902,#2903);
#2901 = CARTESIAN_POINT('',(115.64203504736,0.,-84.));
#2902 = DIRECTION('',(-0.,-1.,0.));
#2903 = DIRECTION('',(-1.,0.,3.55E-15));
#2904 = ORIENTED_EDGE('',*,*,#2905,.T.);
#2905 = EDGE_CURVE('',#2895,#2906,#2908,.T.);
#2906 = VERTEX_POINT('',#2907);
#2907 = CARTESIAN_POINT('',(126.89530875755,0.,-82.));
#2908 = LINE('',#2909,#2910);
#2909 = CARTESIAN_POINT('',(119.64203504736,0.,-82.));
#2910 = VECTOR('',#2911,1.);
#2911 = DIRECTION('',(1.,0.,0.));
#2912 = ORIENTED_EDGE('',*,*,#2913,.F.);
#2913 = EDGE_CURVE('',#2914,#2906,#2916,.T.);
#2914 = VERTEX_POINT('',#2915);
#2915 = CARTESIAN_POINT('',(127.98528545875,0.,-85.6768872326));
#2916 = CIRCLE('',#2917,2.);
#2917 = AXIS2_PLACEMENT_3D('',#2918,#2919,#2920);
#2918 = CARTESIAN_POINT('',(126.89530875755,0.,-84.));
#2919 = DIRECTION('',(0.,-1.,0.));
#2920 = DIRECTION('',(1.33E-15,0.,1.));
#2921 = ORIENTED_EDGE('',*,*,#2922,.T.);
#2922 = EDGE_CURVE('',#2914,#2923,#2925,.T.);
#2923 = VERTEX_POINT('',#2924);
#2924 = CARTESIAN_POINT('',(116.73201174855,0.,-92.99151514422));
#2925 = LINE('',#2926,#2927);
#2926 = CARTESIAN_POINT('',(125.2936730948,0.,-87.42643526916));
#2927 = VECTOR('',#2928,1.);
#2928 = DIRECTION('',(-0.838443616301,0.,-0.544988350595));
#2929 = ORIENTED_EDGE('',*,*,#2930,.F.);
#2930 = EDGE_CURVE('',#2931,#2923,#2933,.T.);
#2931 = VERTEX_POINT('',#2932);
#2932 = CARTESIAN_POINT('',(113.64203504736,0.,-91.31462791162));
#2933 = CIRCLE('',#2934,2.);
#2934 = AXIS2_PLACEMENT_3D('',#2935,#2936,#2937);
#2935 = CARTESIAN_POINT('',(115.64203504736,0.,-91.31462791162));
#2936 = DIRECTION('',(0.,-1.,0.));
#2937 = DIRECTION('',(0.544988350595,0.,-0.838443616301));
#2938 = ORIENTED_EDGE('',*,*,#2939,.T.);
#2939 = EDGE_CURVE('',#2931,#2897,#2940,.T.);
#2940 = LINE('',#2941,#2942);
#2941 = CARTESIAN_POINT('',(113.64203504736,0.,-91.04528585215));
#2942 = VECTOR('',#2943,1.);
#2943 = DIRECTION('',(0.,0.,1.));
#2944 = FACE_BOUND('',#2945,.F.);
#2945 = EDGE_LOOP('',(#2946));
#2946 = ORIENTED_EDGE('',*,*,#2947,.T.);
#2947 = EDGE_CURVE('',#2948,#2948,#2950,.T.);
#2948 = VERTEX_POINT('',#2949);
#2949 = CARTESIAN_POINT('',(123.64203504736,0.,-103.8));
#2950 = CIRCLE('',#2951,2.2);
#2951 = AXIS2_PLACEMENT_3D('',#2952,#2953,#2954);
#2952 = CARTESIAN_POINT('',(123.64203504736,0.,-106.));
#2953 = DIRECTION('',(0.,1.,0.));
#2954 = DIRECTION('',(0.,0.,1.));
#2955 = FACE_BOUND('',#2956,.F.);
#2956 = EDGE_LOOP('',(#2957));
#2957 = ORIENTED_EDGE('',*,*,#2958,.T.);
#2958 = EDGE_CURVE('',#2959,#2959,#2961,.T.);
#2959 = VERTEX_POINT('',#2960);
#2960 = CARTESIAN_POINT('',(123.64203504736,0.,-130.8));
#2961 = CIRCLE('',#2962,2.2);
#2962 = AXIS2_PLACEMENT_3D('',#2963,#2964,#2965);
#2963 = CARTESIAN_POINT('',(123.64203504736,0.,-133.));
#2964 = DIRECTION('',(0.,1.,0.));
#2965 = DIRECTION('',(0.,0.,1.));
#2966 = FACE_BOUND('',#2967,.F.);
#2967 = EDGE_LOOP('',(#2968,#2979,#2987,#2996,#3004,#3013));
#2968 = ORIENTED_EDGE('',*,*,#2969,.F.);
#2969 = EDGE_CURVE('',#2970,#2972,#2974,.T.);
#2970 = VERTEX_POINT('',#2971);
#2971 = CARTESIAN_POINT('',(115.64203504736,0.,-141.5));
#2972 = VERTEX_POINT('',#2973);
#2973 = CARTESIAN_POINT('',(113.64203504736,0.,-143.5));
#2974 = CIRCLE('',#2975,2.);
#2975 = AXIS2_PLACEMENT_3D('',#2976,#2977,#2978);
#2976 = CARTESIAN_POINT('',(115.64203504736,0.,-143.5));
#2977 = DIRECTION('',(-0.,-1.,-0.));
#2978 = DIRECTION('',(-1.,0.,0.));
#2979 = ORIENTED_EDGE('',*,*,#2980,.T.);
#2980 = EDGE_CURVE('',#2970,#2981,#2983,.T.);
#2981 = VERTEX_POINT('',#2982);
#2982 = CARTESIAN_POINT('',(126.4214004508,0.,-141.5));
#2983 = LINE('',#2984,#2985);
#2984 = CARTESIAN_POINT('',(119.64203504736,0.,-141.5));
#2985 = VECTOR('',#2986,1.);
#2986 = DIRECTION('',(1.,0.,0.));
#2987 = ORIENTED_EDGE('',*,*,#2988,.F.);
#2988 = EDGE_CURVE('',#2989,#2981,#2991,.T.);
#2989 = VERTEX_POINT('',#2990);
#2990 = CARTESIAN_POINT('',(127.45039196165,0.,-145.2149858514));
#2991 = CIRCLE('',#2992,2.);
#2992 = AXIS2_PLACEMENT_3D('',#2993,#2994,#2995);
#2993 = CARTESIAN_POINT('',(126.4214004508,0.,-143.5));
#2994 = DIRECTION('',(-0.,-1.,0.));
#2995 = DIRECTION('',(-2.89E-15,0.,1.));
#2996 = ORIENTED_EDGE('',*,*,#2997,.T.);
#2997 = EDGE_CURVE('',#2989,#2998,#3000,.T.);
#2998 = VERTEX_POINT('',#2999);
#2999 = CARTESIAN_POINT('',(116.67102655822,0.,-151.6826050934));
#3000 = LINE('',#3001,#3002);
#3001 = CARTESIAN_POINT('',(138.05887296201,0.,-138.8498972512));
#3002 = VECTOR('',#3003,1.);
#3003 = DIRECTION('',(-0.857492925713,0.,-0.514495755428));
#3004 = ORIENTED_EDGE('',*,*,#3005,.F.);
#3005 = EDGE_CURVE('',#3006,#2998,#3008,.T.);
#3006 = VERTEX_POINT('',#3007);
#3007 = CARTESIAN_POINT('',(113.64203504736,0.,-149.967619242));
#3008 = CIRCLE('',#3009,2.);
#3009 = AXIS2_PLACEMENT_3D('',#3010,#3011,#3012);
#3010 = CARTESIAN_POINT('',(115.64203504736,0.,-149.967619242));
#3011 = DIRECTION('',(0.,-1.,0.));
#3012 = DIRECTION('',(0.514495755428,0.,-0.857492925713));
#3013 = ORIENTED_EDGE('',*,*,#3014,.T.);
#3014 = EDGE_CURVE('',#3006,#2972,#3015,.T.);
#3015 = LINE('',#3016,#3017);
#3016 = CARTESIAN_POINT('',(113.64203504736,0.,-120.3717815173));
#3017 = VECTOR('',#3018,1.);
#3018 = DIRECTION('',(0.,0.,1.));
#3019 = FACE_BOUND('',#3020,.F.);
#3020 = EDGE_LOOP('',(#3021));
#3021 = ORIENTED_EDGE('',*,*,#3022,.T.);
#3022 = EDGE_CURVE('',#3023,#3023,#3025,.T.);
#3023 = VERTEX_POINT('',#3024);
#3024 = CARTESIAN_POINT('',(123.64203504736,0.,-165.975));
#3025 = CIRCLE('',#3026,4.025);
#3026 = AXIS2_PLACEMENT_3D('',#3027,#3028,#3029);
#3027 = CARTESIAN_POINT('',(123.64203504736,0.,-170.));
#3028 = DIRECTION('',(0.,1.,0.));
#3029 = DIRECTION('',(0.,0.,1.));
#3030 = FACE_BOUND('',#3031,.F.);
#3031 = EDGE_LOOP('',(#3032,#3043,#3051,#3060,#3068,#3077));
#3032 = ORIENTED_EDGE('',*,*,#3033,.F.);
#3033 = EDGE_CURVE('',#3034,#3036,#3038,.T.);
#3034 = VERTEX_POINT('',#3035);
#3035 = CARTESIAN_POINT('',(133.64203504736,0.,-113.8413111231));
#3036 = VERTEX_POINT('',#3037);
#3037 = CARTESIAN_POINT('',(130.49511035864,0.,-112.2028472821));
#3038 = CIRCLE('',#3039,2.);
#3039 = AXIS2_PLACEMENT_3D('',#3040,#3041,#3042);
#3040 = CARTESIAN_POINT('',(131.64203504736,0.,-113.8413111231));
#3041 = DIRECTION('',(-0.,-1.,0.));
#3042 = DIRECTION('',(-0.573462344363,0.,0.819231920519));
#3043 = ORIENTED_EDGE('',*,*,#3044,.T.);
#3044 = EDGE_CURVE('',#3034,#3045,#3047,.T.);
#3045 = VERTEX_POINT('',#3046);
#3046 = CARTESIAN_POINT('',(133.64203504736,0.,-122.));
#3047 = LINE('',#3048,#3049);
#3048 = CARTESIAN_POINT('',(133.64203504736,0.,-102.3086274579));
#3049 = VECTOR('',#3050,1.);
#3050 = DIRECTION('',(0.,0.,-1.));
#3051 = ORIENTED_EDGE('',*,*,#3052,.F.);
#3052 = EDGE_CURVE('',#3053,#3045,#3055,.T.);
#3053 = VERTEX_POINT('',#3054);
#3054 = CARTESIAN_POINT('',(131.64203504736,0.,-124.));
#3055 = CIRCLE('',#3056,2.);
#3056 = AXIS2_PLACEMENT_3D('',#3057,#3058,#3059);
#3057 = CARTESIAN_POINT('',(131.64203504736,0.,-122.));
#3058 = DIRECTION('',(0.,-1.,0.));
#3059 = DIRECTION('',(1.,0.,0.));
#3060 = ORIENTED_EDGE('',*,*,#3061,.T.);
#3061 = EDGE_CURVE('',#3053,#3062,#3064,.T.);
#3062 = VERTEX_POINT('',#3063);
#3063 = CARTESIAN_POINT('',(119.98676522329,0.,-124.));
#3064 = LINE('',#3065,#3066);
#3065 = CARTESIAN_POINT('',(127.64203504736,0.,-124.));
#3066 = VECTOR('',#3067,1.);
#3067 = DIRECTION('',(-1.,0.,0.));
#3068 = ORIENTED_EDGE('',*,*,#3069,.F.);
#3069 = EDGE_CURVE('',#3070,#3062,#3072,.T.);
#3070 = VERTEX_POINT('',#3071);
#3071 = CARTESIAN_POINT('',(118.83984053456,0.,-120.3615361589));
#3072 = CIRCLE('',#3073,2.);
#3073 = AXIS2_PLACEMENT_3D('',#3074,#3075,#3076);
#3074 = CARTESIAN_POINT('',(119.98676522329,0.,-122.));
#3075 = DIRECTION('',(0.,-1.,-0.));
#3076 = DIRECTION('',(-1.78E-15,0.,-1.));
#3077 = ORIENTED_EDGE('',*,*,#3078,.T.);
#3078 = EDGE_CURVE('',#3070,#3036,#3079,.T.);
#3079 = LINE('',#3080,#3081);
#3080 = CARTESIAN_POINT('',(127.40095099402,0.,-114.3687588373));
#3081 = VECTOR('',#3082,1.);
#3082 = DIRECTION('',(0.819231920519,0.,0.573462344363));
#3083 = FACE_BOUND('',#3084,.F.);
#3084 = EDGE_LOOP('',(#3085));
#3085 = ORIENTED_EDGE('',*,*,#3086,.T.);
#3086 = EDGE_CURVE('',#3087,#3087,#3089,.T.);
#3087 = VERTEX_POINT('',#3088);
#3088 = CARTESIAN_POINT('',(154.64203504736,0.,-25.8));
#3089 = CIRCLE('',#3090,2.2);
#3090 = AXIS2_PLACEMENT_3D('',#3091,#3092,#3093);
#3091 = CARTESIAN_POINT('',(154.64203504736,0.,-28.));
#3092 = DIRECTION('',(0.,1.,0.));
#3093 = DIRECTION('',(0.,0.,1.));
#3094 = FACE_BOUND('',#3095,.F.);
#3095 = EDGE_LOOP('',(#3096));
#3096 = ORIENTED_EDGE('',*,*,#3097,.T.);
#3097 = EDGE_CURVE('',#3098,#3098,#3100,.T.);
#3098 = VERTEX_POINT('',#3099);
#3099 = CARTESIAN_POINT('',(154.64203504736,0.,-49.8));
#3100 = CIRCLE('',#3101,2.2);
#3101 = AXIS2_PLACEMENT_3D('',#3102,#3103,#3104);
#3102 = CARTESIAN_POINT('',(154.64203504736,0.,-52.));
#3103 = DIRECTION('',(0.,1.,0.));
#3104 = DIRECTION('',(0.,0.,1.));
#3105 = PLANE('',#3106);
#3106 = AXIS2_PLACEMENT_3D('',#3107,#3108,#3109);
#3107 = CARTESIAN_POINT('',(123.64203504736,0.,-90.77594379267));
#3108 = DIRECTION('',(-0.,-1.,-0.));
#3109 = DIRECTION('',(0.,0.,-1.));
#3110 = ADVANCED_FACE('',(#3111),#3122,.T.);
#3111 = FACE_BOUND('',#3112,.T.);
#3112 = EDGE_LOOP('',(#3113,#3119,#3120,#3121));
#3113 = ORIENTED_EDGE('',*,*,#3114,.T.);
#3114 = EDGE_CURVE('',#2498,#2822,#3115,.T.);
#3115 = LINE('',#3116,#3117);
#3116 = CARTESIAN_POINT('',(141.64203504736,-6.,-95.));
#3117 = VECTOR('',#3118,1.);
#3118 = DIRECTION('',(0.,1.,0.));
#3119 = ORIENTED_EDGE('',*,*,#2821,.T.);
#3120 = ORIENTED_EDGE('',*,*,#2466,.F.);
#3121 = ORIENTED_EDGE('',*,*,#2497,.F.);
#3122 = SURFACE_OF_LINEAR_EXTRUSION('',#3123,#3128);
#3123 = B_SPLINE_CURVE_WITH_KNOTS('',3,(#3124,#3125,#3126,#3127),
  .UNSPECIFIED.,.F.,.F.,(4,4),(0.,1.),.PIECEWISE_BEZIER_KNOTS.);
#3124 = CARTESIAN_POINT('',(141.64203504736,-6.,-95.));
#3125 = CARTESIAN_POINT('',(141.64203504736,-6.,-82.));
#3126 = CARTESIAN_POINT('',(144.14203504736,-6.,-76.06854249492));
#3127 = CARTESIAN_POINT('',(151.92630629482,-6.,-68.28427124746));
#3128 = VECTOR('',#3129,1.);
#3129 = DIRECTION('',(-0.,-1.,-0.));
#3130 = ADVANCED_FACE('',(#3131),#3142,.T.);
#3131 = FACE_BOUND('',#3132,.T.);
#3132 = EDGE_LOOP('',(#3133,#3139,#3140,#3141));
#3133 = ORIENTED_EDGE('',*,*,#3134,.T.);
#3134 = EDGE_CURVE('',#2560,#2877,#3135,.T.);
#3135 = LINE('',#3136,#3137);
#3136 = CARTESIAN_POINT('',(140.64203504736,-6.,-170.));
#3137 = VECTOR('',#3138,1.);
#3138 = DIRECTION('',(0.,1.,0.));
#3139 = ORIENTED_EDGE('',*,*,#2885,.T.);
#3140 = ORIENTED_EDGE('',*,*,#3114,.F.);
#3141 = ORIENTED_EDGE('',*,*,#2568,.F.);
#3142 = SURFACE_OF_LINEAR_EXTRUSION('',#3143,#3148);
#3143 = B_SPLINE_CURVE_WITH_KNOTS('',3,(#3144,#3145,#3146,#3147),
  .UNSPECIFIED.,.F.,.F.,(4,4),(0.,1.),.PIECEWISE_BEZIER_KNOTS.);
#3144 = CARTESIAN_POINT('',(140.64203504736,-6.,-170.));
#3145 = CARTESIAN_POINT('',(140.64203504736,-6.,-144.));
#3146 = CARTESIAN_POINT('',(141.64203504736,-6.,-118.));
#3147 = CARTESIAN_POINT('',(141.64203504736,-6.,-95.));
#3148 = VECTOR('',#3149,1.);
#3149 = DIRECTION('',(-0.,-1.,-0.));
#3150 = ADVANCED_FACE('',(#3151),#3162,.T.);
#3151 = FACE_BOUND('',#3152,.T.);
#3152 = EDGE_LOOP('',(#3153,#3159,#3160,#3161));
#3153 = ORIENTED_EDGE('',*,*,#3154,.T.);
#3154 = EDGE_CURVE('',#2551,#2868,#3155,.T.);
#3155 = LINE('',#3156,#3157);
#3156 = CARTESIAN_POINT('',(106.64203504736,-6.,-170.));
#3157 = VECTOR('',#3158,1.);
#3158 = DIRECTION('',(0.,1.,0.));
#3159 = ORIENTED_EDGE('',*,*,#2876,.T.);
#3160 = ORIENTED_EDGE('',*,*,#3134,.F.);
#3161 = ORIENTED_EDGE('',*,*,#2559,.F.);
#3162 = CYLINDRICAL_SURFACE('',#3163,17.);
#3163 = AXIS2_PLACEMENT_3D('',#3164,#3165,#3166);
#3164 = CARTESIAN_POINT('',(123.64203504736,-6.,-170.));
#3165 = DIRECTION('',(0.,-1.,0.));
#3166 = DIRECTION('',(-1.,0.,0.));
#3167 = ADVANCED_FACE('',(#3168),#3179,.T.);
#3168 = FACE_BOUND('',#3169,.T.);
#3169 = EDGE_LOOP('',(#3170,#3176,#3177,#3178));
#3170 = ORIENTED_EDGE('',*,*,#3171,.T.);
#3171 = EDGE_CURVE('',#2542,#2859,#3172,.T.);
#3172 = LINE('',#3173,#3174);
#3173 = CARTESIAN_POINT('',(105.64203504736,-6.,-95.));
#3174 = VECTOR('',#3175,1.);
#3175 = DIRECTION('',(0.,1.,0.));
#3176 = ORIENTED_EDGE('',*,*,#2867,.T.);
#3177 = ORIENTED_EDGE('',*,*,#3154,.F.);
#3178 = ORIENTED_EDGE('',*,*,#2550,.F.);
#3179 = SURFACE_OF_LINEAR_EXTRUSION('',#3180,#3185);
#3180 = B_SPLINE_CURVE_WITH_KNOTS('',3,(#3181,#3182,#3183,#3184),
  .UNSPECIFIED.,.F.,.F.,(4,4),(0.,1.),.PIECEWISE_BEZIER_KNOTS.);
#3181 = CARTESIAN_POINT('',(105.64203504736,-6.,-95.));
#3182 = CARTESIAN_POINT('',(105.64203504736,-6.,-118.));
#3183 = CARTESIAN_POINT('',(106.64203504736,-6.,-144.));
#3184 = CARTESIAN_POINT('',(106.64203504736,-6.,-170.));
#3185 = VECTOR('',#3186,1.);
#3186 = DIRECTION('',(-0.,-1.,-0.));
#3187 = ADVANCED_FACE('',(#3188),#3201,.F.);
#3188 = FACE_BOUND('',#3189,.F.);
#3189 = EDGE_LOOP('',(#3190,#3191,#3192,#3193,#3199,#3200));
#3190 = ORIENTED_EDGE('',*,*,#2807,.F.);
#3191 = ORIENTED_EDGE('',*,*,#2515,.T.);
#3192 = ORIENTED_EDGE('',*,*,#2524,.T.);
#3193 = ORIENTED_EDGE('',*,*,#3194,.T.);
#3194 = EDGE_CURVE('',#2525,#2842,#3195,.T.);
#3195 = LINE('',#3196,#3197);
#3196 = CARTESIAN_POINT('',(114.83878010209,-7.,-61.78882058232));
#3197 = VECTOR('',#3198,1.);
#3198 = DIRECTION('',(0.,1.,0.));
#3199 = ORIENTED_EDGE('',*,*,#2841,.F.);
#3200 = ORIENTED_EDGE('',*,*,#2832,.F.);
#3201 = CYLINDRICAL_SURFACE('',#3202,23.5);
#3202 = AXIS2_PLACEMENT_3D('',#3203,#3204,#3205);
#3203 = CARTESIAN_POINT('',(123.64203504736,-7.,-40.));
#3204 = DIRECTION('',(0.,1.,0.));
#3205 = DIRECTION('',(0.,0.,1.));
#3206 = ADVANCED_FACE('',(#3207),#3220,.T.);
#3207 = FACE_BOUND('',#3208,.T.);
#3208 = EDGE_LOOP('',(#3209,#3210,#3218,#3219));
#3209 = ORIENTED_EDGE('',*,*,#2541,.F.);
#3210 = ORIENTED_EDGE('',*,*,#3211,.F.);
#3211 = EDGE_CURVE('',#2851,#2534,#3212,.T.);
#3212 = B_SPLINE_CURVE_WITH_KNOTS('',4,(#3213,#3214,#3215,#3216,#3217),
  .UNSPECIFIED.,.F.,.F.,(5,5),(0.,1.),.PIECEWISE_BEZIER_KNOTS.);
#3213 = CARTESIAN_POINT('',(105.06300530495,5.999999928008E-07,
    -85.98471226468));
#3214 = CARTESIAN_POINT('',(105.06300530495,-1.4999997,-85.98471226468)
  );
#3215 = CARTESIAN_POINT('',(105.06300530495,-3.,-85.98471226468));
#3216 = CARTESIAN_POINT('',(105.06300530495,-4.5000003,-85.98471226468)
  );
#3217 = CARTESIAN_POINT('',(105.06300530495,-6.0000006,-85.98471226468)
  );
#3218 = ORIENTED_EDGE('',*,*,#2858,.T.);
#3219 = ORIENTED_EDGE('',*,*,#3171,.F.);
#3220 = SURFACE_OF_LINEAR_EXTRUSION('',#3221,#3226);
#3221 = B_SPLINE_CURVE_WITH_KNOTS('',3,(#3222,#3223,#3224,#3225),
  .UNSPECIFIED.,.F.,.F.,(4,4),(0.,1.),.PIECEWISE_BEZIER_KNOTS.);
#3222 = CARTESIAN_POINT('',(95.357763799905,-6.,-68.28427124746));
#3223 = CARTESIAN_POINT('',(103.14203504736,-6.,-76.06854249492));
#3224 = CARTESIAN_POINT('',(105.64203504736,-6.,-82.));
#3225 = CARTESIAN_POINT('',(105.64203504736,-6.,-95.));
#3226 = VECTOR('',#3227,1.);
#3227 = DIRECTION('',(-0.,-1.,-0.));
#3228 = ADVANCED_FACE('',(#3229),#3235,.F.);
#3229 = FACE_BOUND('',#3230,.F.);
#3230 = EDGE_LOOP('',(#3231,#3232,#3233,#3234));
#3231 = ORIENTED_EDGE('',*,*,#3211,.F.);
#3232 = ORIENTED_EDGE('',*,*,#2850,.T.);
#3233 = ORIENTED_EDGE('',*,*,#3194,.F.);
#3234 = ORIENTED_EDGE('',*,*,#2533,.F.);
#3235 = PLANE('',#3236);
#3236 = AXIS2_PLACEMENT_3D('',#3237,#3238,#3239);
#3237 = CARTESIAN_POINT('',(104.53709878315,-7.,-87.2863765829));
#3238 = DIRECTION('',(0.927183854567,0.,-0.374606593416));
#3239 = DIRECTION('',(0.374606593416,0.,0.927183854567));
#3240 = ADVANCED_FACE('',(#3241),#3257,.F.);
#3241 = FACE_BOUND('',#3242,.T.);
#3242 = EDGE_LOOP('',(#3243,#3244,#3250,#3251));
#3243 = ORIENTED_EDGE('',*,*,#2577,.T.);
#3244 = ORIENTED_EDGE('',*,*,#3245,.T.);
#3245 = EDGE_CURVE('',#2580,#2897,#3246,.T.);
#3246 = LINE('',#3247,#3248);
#3247 = CARTESIAN_POINT('',(113.64203504736,-7.,-84.));
#3248 = VECTOR('',#3249,1.);
#3249 = DIRECTION('',(0.,1.,0.));
#3250 = ORIENTED_EDGE('',*,*,#2894,.F.);
#3251 = ORIENTED_EDGE('',*,*,#3252,.F.);
#3252 = EDGE_CURVE('',#2578,#2895,#3253,.T.);
#3253 = LINE('',#3254,#3255);
#3254 = CARTESIAN_POINT('',(115.64203504736,-7.,-82.));
#3255 = VECTOR('',#3256,1.);
#3256 = DIRECTION('',(0.,1.,0.));
#3257 = CYLINDRICAL_SURFACE('',#3258,2.);
#3258 = AXIS2_PLACEMENT_3D('',#3259,#3260,#3261);
#3259 = CARTESIAN_POINT('',(115.64203504736,-7.,-84.));
#3260 = DIRECTION('',(-0.,-1.,-0.));
#3261 = DIRECTION('',(-1.,0.,3.55E-15));
#3262 = ADVANCED_FACE('',(#3263),#3274,.T.);
#3263 = FACE_BOUND('',#3264,.T.);
#3264 = EDGE_LOOP('',(#3265,#3266,#3267,#3268));
#3265 = ORIENTED_EDGE('',*,*,#2588,.F.);
#3266 = ORIENTED_EDGE('',*,*,#3252,.T.);
#3267 = ORIENTED_EDGE('',*,*,#2905,.T.);
#3268 = ORIENTED_EDGE('',*,*,#3269,.F.);
#3269 = EDGE_CURVE('',#2589,#2906,#3270,.T.);
#3270 = LINE('',#3271,#3272);
#3271 = CARTESIAN_POINT('',(126.89530875755,-7.,-82.));
#3272 = VECTOR('',#3273,1.);
#3273 = DIRECTION('',(0.,1.,0.));
#3274 = PLANE('',#3275);
#3275 = AXIS2_PLACEMENT_3D('',#3276,#3277,#3278);
#3276 = CARTESIAN_POINT('',(115.64203504736,-7.,-82.));
#3277 = DIRECTION('',(0.,0.,-1.));
#3278 = DIRECTION('',(1.,0.,0.));
#3279 = ADVANCED_FACE('',(#3280),#3291,.T.);
#3280 = FACE_BOUND('',#3281,.T.);
#3281 = EDGE_LOOP('',(#3282,#3283,#3289,#3290));
#3282 = ORIENTED_EDGE('',*,*,#2622,.F.);
#3283 = ORIENTED_EDGE('',*,*,#3284,.T.);
#3284 = EDGE_CURVE('',#2614,#2931,#3285,.T.);
#3285 = LINE('',#3286,#3287);
#3286 = CARTESIAN_POINT('',(113.64203504736,-7.,-91.31462791162));
#3287 = VECTOR('',#3288,1.);
#3288 = DIRECTION('',(0.,1.,0.));
#3289 = ORIENTED_EDGE('',*,*,#2939,.T.);
#3290 = ORIENTED_EDGE('',*,*,#3245,.F.);
#3291 = PLANE('',#3292);
#3292 = AXIS2_PLACEMENT_3D('',#3293,#3294,#3295);
#3293 = CARTESIAN_POINT('',(113.64203504736,-7.,-91.31462791162));
#3294 = DIRECTION('',(1.,0.,0.));
#3295 = DIRECTION('',(0.,0.,1.));
#3296 = ADVANCED_FACE('',(#3297),#3308,.F.);
#3297 = FACE_BOUND('',#3298,.T.);
#3298 = EDGE_LOOP('',(#3299,#3300,#3301,#3302));
#3299 = ORIENTED_EDGE('',*,*,#2596,.T.);
#3300 = ORIENTED_EDGE('',*,*,#3269,.T.);
#3301 = ORIENTED_EDGE('',*,*,#2913,.F.);
#3302 = ORIENTED_EDGE('',*,*,#3303,.F.);
#3303 = EDGE_CURVE('',#2597,#2914,#3304,.T.);
#3304 = LINE('',#3305,#3306);
#3305 = CARTESIAN_POINT('',(127.98528545875,-7.,-85.6768872326));
#3306 = VECTOR('',#3307,1.);
#3307 = DIRECTION('',(0.,1.,0.));
#3308 = CYLINDRICAL_SURFACE('',#3309,2.);
#3309 = AXIS2_PLACEMENT_3D('',#3310,#3311,#3312);
#3310 = CARTESIAN_POINT('',(126.89530875755,-7.,-84.));
#3311 = DIRECTION('',(-0.,-1.,-0.));
#3312 = DIRECTION('',(1.33E-15,0.,1.));
#3313 = ADVANCED_FACE('',(#3314),#3325,.F.);
#3314 = FACE_BOUND('',#3315,.T.);
#3315 = EDGE_LOOP('',(#3316,#3317,#3323,#3324));
#3316 = ORIENTED_EDGE('',*,*,#2613,.T.);
#3317 = ORIENTED_EDGE('',*,*,#3318,.T.);
#3318 = EDGE_CURVE('',#2606,#2923,#3319,.T.);
#3319 = LINE('',#3320,#3321);
#3320 = CARTESIAN_POINT('',(116.73201174855,-7.,-92.99151514422));
#3321 = VECTOR('',#3322,1.);
#3322 = DIRECTION('',(0.,1.,0.));
#3323 = ORIENTED_EDGE('',*,*,#2930,.F.);
#3324 = ORIENTED_EDGE('',*,*,#3284,.F.);
#3325 = CYLINDRICAL_SURFACE('',#3326,2.);
#3326 = AXIS2_PLACEMENT_3D('',#3327,#3328,#3329);
#3327 = CARTESIAN_POINT('',(115.64203504736,-7.,-91.31462791162));
#3328 = DIRECTION('',(-0.,-1.,-0.));
#3329 = DIRECTION('',(0.544988350595,0.,-0.838443616301));
#3330 = ADVANCED_FACE('',(#3331),#3337,.T.);
#3331 = FACE_BOUND('',#3332,.T.);
#3332 = EDGE_LOOP('',(#3333,#3334,#3335,#3336));
#3333 = ORIENTED_EDGE('',*,*,#2605,.F.);
#3334 = ORIENTED_EDGE('',*,*,#3303,.T.);
#3335 = ORIENTED_EDGE('',*,*,#2922,.T.);
#3336 = ORIENTED_EDGE('',*,*,#3318,.F.);
#3337 = PLANE('',#3338);
#3338 = AXIS2_PLACEMENT_3D('',#3339,#3340,#3341);
#3339 = CARTESIAN_POINT('',(127.98528545875,-7.,-85.6768872326));
#3340 = DIRECTION('',(-0.544988350595,0.,0.838443616301));
#3341 = DIRECTION('',(-0.838443616301,0.,-0.544988350595));
#3342 = ADVANCED_FACE('',(#3343),#3354,.F.);
#3343 = FACE_BOUND('',#3344,.F.);
#3344 = EDGE_LOOP('',(#3345,#3346,#3352,#3353));
#3345 = ORIENTED_EDGE('',*,*,#2947,.F.);
#3346 = ORIENTED_EDGE('',*,*,#3347,.F.);
#3347 = EDGE_CURVE('',#2631,#2948,#3348,.T.);
#3348 = LINE('',#3349,#3350);
#3349 = CARTESIAN_POINT('',(123.64203504736,-7.,-103.8));
#3350 = VECTOR('',#3351,1.);
#3351 = DIRECTION('',(0.,1.,0.));
#3352 = ORIENTED_EDGE('',*,*,#2630,.T.);
#3353 = ORIENTED_EDGE('',*,*,#3347,.T.);
#3354 = CYLINDRICAL_SURFACE('',#3355,2.2);
#3355 = AXIS2_PLACEMENT_3D('',#3356,#3357,#3358);
#3356 = CARTESIAN_POINT('',(123.64203504736,-7.,-106.));
#3357 = DIRECTION('',(0.,1.,0.));
#3358 = DIRECTION('',(0.,0.,1.));
#3359 = ADVANCED_FACE('',(#3360),#3371,.F.);
#3360 = FACE_BOUND('',#3361,.F.);
#3361 = EDGE_LOOP('',(#3362,#3363,#3369,#3370));
#3362 = ORIENTED_EDGE('',*,*,#2958,.F.);
#3363 = ORIENTED_EDGE('',*,*,#3364,.F.);
#3364 = EDGE_CURVE('',#2642,#2959,#3365,.T.);
#3365 = LINE('',#3366,#3367);
#3366 = CARTESIAN_POINT('',(123.64203504736,-7.,-130.8));
#3367 = VECTOR('',#3368,1.);
#3368 = DIRECTION('',(0.,1.,0.));
#3369 = ORIENTED_EDGE('',*,*,#2641,.T.);
#3370 = ORIENTED_EDGE('',*,*,#3364,.T.);
#3371 = CYLINDRICAL_SURFACE('',#3372,2.2);
#3372 = AXIS2_PLACEMENT_3D('',#3373,#3374,#3375);
#3373 = CARTESIAN_POINT('',(123.64203504736,-7.,-133.));
#3374 = DIRECTION('',(0.,1.,0.));
#3375 = DIRECTION('',(0.,0.,1.));
#3376 = ADVANCED_FACE('',(#3377),#3393,.F.);
#3377 = FACE_BOUND('',#3378,.T.);
#3378 = EDGE_LOOP('',(#3379,#3380,#3386,#3387));
#3379 = ORIENTED_EDGE('',*,*,#2652,.T.);
#3380 = ORIENTED_EDGE('',*,*,#3381,.T.);
#3381 = EDGE_CURVE('',#2655,#2972,#3382,.T.);
#3382 = LINE('',#3383,#3384);
#3383 = CARTESIAN_POINT('',(113.64203504736,-7.,-143.5));
#3384 = VECTOR('',#3385,1.);
#3385 = DIRECTION('',(0.,1.,0.));
#3386 = ORIENTED_EDGE('',*,*,#2969,.F.);
#3387 = ORIENTED_EDGE('',*,*,#3388,.F.);
#3388 = EDGE_CURVE('',#2653,#2970,#3389,.T.);
#3389 = LINE('',#3390,#3391);
#3390 = CARTESIAN_POINT('',(115.64203504736,-7.,-141.5));
#3391 = VECTOR('',#3392,1.);
#3392 = DIRECTION('',(0.,1.,0.));
#3393 = CYLINDRICAL_SURFACE('',#3394,2.);
#3394 = AXIS2_PLACEMENT_3D('',#3395,#3396,#3397);
#3395 = CARTESIAN_POINT('',(115.64203504736,-7.,-143.5));
#3396 = DIRECTION('',(-0.,-1.,-0.));
#3397 = DIRECTION('',(-1.,0.,0.));
#3398 = ADVANCED_FACE('',(#3399),#3410,.T.);
#3399 = FACE_BOUND('',#3400,.T.);
#3400 = EDGE_LOOP('',(#3401,#3402,#3403,#3404));
#3401 = ORIENTED_EDGE('',*,*,#2663,.F.);
#3402 = ORIENTED_EDGE('',*,*,#3388,.T.);
#3403 = ORIENTED_EDGE('',*,*,#2980,.T.);
#3404 = ORIENTED_EDGE('',*,*,#3405,.F.);
#3405 = EDGE_CURVE('',#2664,#2981,#3406,.T.);
#3406 = LINE('',#3407,#3408);
#3407 = CARTESIAN_POINT('',(126.4214004508,-7.,-141.5));
#3408 = VECTOR('',#3409,1.);
#3409 = DIRECTION('',(0.,1.,0.));
#3410 = PLANE('',#3411);
#3411 = AXIS2_PLACEMENT_3D('',#3412,#3413,#3414);
#3412 = CARTESIAN_POINT('',(115.64203504736,-7.,-141.5));
#3413 = DIRECTION('',(0.,0.,-1.));
#3414 = DIRECTION('',(1.,0.,0.));
#3415 = ADVANCED_FACE('',(#3416),#3427,.T.);
#3416 = FACE_BOUND('',#3417,.T.);
#3417 = EDGE_LOOP('',(#3418,#3419,#3425,#3426));
#3418 = ORIENTED_EDGE('',*,*,#2697,.F.);
#3419 = ORIENTED_EDGE('',*,*,#3420,.T.);
#3420 = EDGE_CURVE('',#2689,#3006,#3421,.T.);
#3421 = LINE('',#3422,#3423);
#3422 = CARTESIAN_POINT('',(113.64203504736,-7.,-149.967619242));
#3423 = VECTOR('',#3424,1.);
#3424 = DIRECTION('',(0.,1.,0.));
#3425 = ORIENTED_EDGE('',*,*,#3014,.T.);
#3426 = ORIENTED_EDGE('',*,*,#3381,.F.);
#3427 = PLANE('',#3428);
#3428 = AXIS2_PLACEMENT_3D('',#3429,#3430,#3431);
#3429 = CARTESIAN_POINT('',(113.64203504736,-7.,-149.967619242));
#3430 = DIRECTION('',(1.,0.,0.));
#3431 = DIRECTION('',(0.,0.,1.));
#3432 = ADVANCED_FACE('',(#3433),#3444,.F.);
#3433 = FACE_BOUND('',#3434,.T.);
#3434 = EDGE_LOOP('',(#3435,#3436,#3437,#3438));
#3435 = ORIENTED_EDGE('',*,*,#2671,.T.);
#3436 = ORIENTED_EDGE('',*,*,#3405,.T.);
#3437 = ORIENTED_EDGE('',*,*,#2988,.F.);
#3438 = ORIENTED_EDGE('',*,*,#3439,.F.);
#3439 = EDGE_CURVE('',#2672,#2989,#3440,.T.);
#3440 = LINE('',#3441,#3442);
#3441 = CARTESIAN_POINT('',(127.45039196165,-7.,-145.2149858514));
#3442 = VECTOR('',#3443,1.);
#3443 = DIRECTION('',(0.,1.,0.));
#3444 = CYLINDRICAL_SURFACE('',#3445,2.);
#3445 = AXIS2_PLACEMENT_3D('',#3446,#3447,#3448);
#3446 = CARTESIAN_POINT('',(126.4214004508,-7.,-143.5));
#3447 = DIRECTION('',(-0.,-1.,-0.));
#3448 = DIRECTION('',(-2.89E-15,0.,1.));
#3449 = ADVANCED_FACE('',(#3450),#3461,.F.);
#3450 = FACE_BOUND('',#3451,.T.);
#3451 = EDGE_LOOP('',(#3452,#3453,#3459,#3460));
#3452 = ORIENTED_EDGE('',*,*,#2688,.T.);
#3453 = ORIENTED_EDGE('',*,*,#3454,.T.);
#3454 = EDGE_CURVE('',#2681,#2998,#3455,.T.);
#3455 = LINE('',#3456,#3457);
#3456 = CARTESIAN_POINT('',(116.67102655822,-7.,-151.6826050934));
#3457 = VECTOR('',#3458,1.);
#3458 = DIRECTION('',(0.,1.,0.));
#3459 = ORIENTED_EDGE('',*,*,#3005,.F.);
#3460 = ORIENTED_EDGE('',*,*,#3420,.F.);
#3461 = CYLINDRICAL_SURFACE('',#3462,2.);
#3462 = AXIS2_PLACEMENT_3D('',#3463,#3464,#3465);
#3463 = CARTESIAN_POINT('',(115.64203504736,-7.,-149.967619242));
#3464 = DIRECTION('',(-0.,-1.,-0.));
#3465 = DIRECTION('',(0.514495755428,0.,-0.857492925713));
#3466 = ADVANCED_FACE('',(#3467),#3473,.T.);
#3467 = FACE_BOUND('',#3468,.T.);
#3468 = EDGE_LOOP('',(#3469,#3470,#3471,#3472));
#3469 = ORIENTED_EDGE('',*,*,#2680,.F.);
#3470 = ORIENTED_EDGE('',*,*,#3439,.T.);
#3471 = ORIENTED_EDGE('',*,*,#2997,.T.);
#3472 = ORIENTED_EDGE('',*,*,#3454,.F.);
#3473 = PLANE('',#3474);
#3474 = AXIS2_PLACEMENT_3D('',#3475,#3476,#3477);
#3475 = CARTESIAN_POINT('',(127.45039196165,-7.,-145.2149858514));
#3476 = DIRECTION('',(-0.514495755428,0.,0.857492925713));
#3477 = DIRECTION('',(-0.857492925713,0.,-0.514495755428));
#3478 = ADVANCED_FACE('',(#3479),#3490,.F.);
#3479 = FACE_BOUND('',#3480,.F.);
#3480 = EDGE_LOOP('',(#3481,#3482,#3488,#3489));
#3481 = ORIENTED_EDGE('',*,*,#3022,.F.);
#3482 = ORIENTED_EDGE('',*,*,#3483,.F.);
#3483 = EDGE_CURVE('',#2706,#3023,#3484,.T.);
#3484 = LINE('',#3485,#3486);
#3485 = CARTESIAN_POINT('',(123.64203504736,-7.,-165.975));
#3486 = VECTOR('',#3487,1.);
#3487 = DIRECTION('',(0.,1.,0.));
#3488 = ORIENTED_EDGE('',*,*,#2705,.T.);
#3489 = ORIENTED_EDGE('',*,*,#3483,.T.);
#3490 = CYLINDRICAL_SURFACE('',#3491,4.025);
#3491 = AXIS2_PLACEMENT_3D('',#3492,#3493,#3494);
#3492 = CARTESIAN_POINT('',(123.64203504736,-7.,-170.));
#3493 = DIRECTION('',(0.,1.,0.));
#3494 = DIRECTION('',(0.,0.,1.));
#3495 = ADVANCED_FACE('',(#3496),#3512,.F.);
#3496 = FACE_BOUND('',#3497,.T.);
#3497 = EDGE_LOOP('',(#3498,#3499,#3505,#3506));
#3498 = ORIENTED_EDGE('',*,*,#2716,.T.);
#3499 = ORIENTED_EDGE('',*,*,#3500,.T.);
#3500 = EDGE_CURVE('',#2719,#3036,#3501,.T.);
#3501 = LINE('',#3502,#3503);
#3502 = CARTESIAN_POINT('',(130.49511035864,-7.,-112.2028472821));
#3503 = VECTOR('',#3504,1.);
#3504 = DIRECTION('',(0.,1.,0.));
#3505 = ORIENTED_EDGE('',*,*,#3033,.F.);
#3506 = ORIENTED_EDGE('',*,*,#3507,.F.);
#3507 = EDGE_CURVE('',#2717,#3034,#3508,.T.);
#3508 = LINE('',#3509,#3510);
#3509 = CARTESIAN_POINT('',(133.64203504736,-7.,-113.8413111231));
#3510 = VECTOR('',#3511,1.);
#3511 = DIRECTION('',(0.,1.,0.));
#3512 = CYLINDRICAL_SURFACE('',#3513,2.);
#3513 = AXIS2_PLACEMENT_3D('',#3514,#3515,#3516);
#3514 = CARTESIAN_POINT('',(131.64203504736,-7.,-113.8413111231));
#3515 = DIRECTION('',(0.,-1.,0.));
#3516 = DIRECTION('',(-0.573462344363,0.,0.819231920519));
#3517 = ADVANCED_FACE('',(#3518),#3529,.T.);
#3518 = FACE_BOUND('',#3519,.T.);
#3519 = EDGE_LOOP('',(#3520,#3521,#3522,#3523));
#3520 = ORIENTED_EDGE('',*,*,#2727,.F.);
#3521 = ORIENTED_EDGE('',*,*,#3507,.T.);
#3522 = ORIENTED_EDGE('',*,*,#3044,.T.);
#3523 = ORIENTED_EDGE('',*,*,#3524,.F.);
#3524 = EDGE_CURVE('',#2728,#3045,#3525,.T.);
#3525 = LINE('',#3526,#3527);
#3526 = CARTESIAN_POINT('',(133.64203504736,-7.,-122.));
#3527 = VECTOR('',#3528,1.);
#3528 = DIRECTION('',(0.,1.,0.));
#3529 = PLANE('',#3530);
#3530 = AXIS2_PLACEMENT_3D('',#3531,#3532,#3533);
#3531 = CARTESIAN_POINT('',(133.64203504736,-7.,-113.8413111231));
#3532 = DIRECTION('',(-1.,0.,0.));
#3533 = DIRECTION('',(0.,0.,-1.));
#3534 = ADVANCED_FACE('',(#3535),#3546,.T.);
#3535 = FACE_BOUND('',#3536,.T.);
#3536 = EDGE_LOOP('',(#3537,#3538,#3544,#3545));
#3537 = ORIENTED_EDGE('',*,*,#2761,.F.);
#3538 = ORIENTED_EDGE('',*,*,#3539,.T.);
#3539 = EDGE_CURVE('',#2753,#3070,#3540,.T.);
#3540 = LINE('',#3541,#3542);
#3541 = CARTESIAN_POINT('',(118.83984053456,-7.,-120.3615361589));
#3542 = VECTOR('',#3543,1.);
#3543 = DIRECTION('',(0.,1.,0.));
#3544 = ORIENTED_EDGE('',*,*,#3078,.T.);
#3545 = ORIENTED_EDGE('',*,*,#3500,.F.);
#3546 = PLANE('',#3547);
#3547 = AXIS2_PLACEMENT_3D('',#3548,#3549,#3550);
#3548 = CARTESIAN_POINT('',(118.83984053456,-7.,-120.3615361589));
#3549 = DIRECTION('',(0.573462344363,0.,-0.819231920519));
#3550 = DIRECTION('',(0.819231920519,0.,0.573462344363));
#3551 = ADVANCED_FACE('',(#3552),#3563,.F.);
#3552 = FACE_BOUND('',#3553,.T.);
#3553 = EDGE_LOOP('',(#3554,#3555,#3556,#3557));
#3554 = ORIENTED_EDGE('',*,*,#2735,.T.);
#3555 = ORIENTED_EDGE('',*,*,#3524,.T.);
#3556 = ORIENTED_EDGE('',*,*,#3052,.F.);
#3557 = ORIENTED_EDGE('',*,*,#3558,.F.);
#3558 = EDGE_CURVE('',#2736,#3053,#3559,.T.);
#3559 = LINE('',#3560,#3561);
#3560 = CARTESIAN_POINT('',(131.64203504736,-7.,-124.));
#3561 = VECTOR('',#3562,1.);
#3562 = DIRECTION('',(0.,1.,0.));
#3563 = CYLINDRICAL_SURFACE('',#3564,2.);
#3564 = AXIS2_PLACEMENT_3D('',#3565,#3566,#3567);
#3565 = CARTESIAN_POINT('',(131.64203504736,-7.,-122.));
#3566 = DIRECTION('',(0.,-1.,0.));
#3567 = DIRECTION('',(1.,0.,0.));
#3568 = ADVANCED_FACE('',(#3569),#3580,.F.);
#3569 = FACE_BOUND('',#3570,.T.);
#3570 = EDGE_LOOP('',(#3571,#3572,#3578,#3579));
#3571 = ORIENTED_EDGE('',*,*,#2752,.T.);
#3572 = ORIENTED_EDGE('',*,*,#3573,.T.);
#3573 = EDGE_CURVE('',#2745,#3062,#3574,.T.);
#3574 = LINE('',#3575,#3576);
#3575 = CARTESIAN_POINT('',(119.98676522329,-7.,-124.));
#3576 = VECTOR('',#3577,1.);
#3577 = DIRECTION('',(0.,1.,0.));
#3578 = ORIENTED_EDGE('',*,*,#3069,.F.);
#3579 = ORIENTED_EDGE('',*,*,#3539,.F.);
#3580 = CYLINDRICAL_SURFACE('',#3581,2.);
#3581 = AXIS2_PLACEMENT_3D('',#3582,#3583,#3584);
#3582 = CARTESIAN_POINT('',(119.98676522329,-7.,-122.));
#3583 = DIRECTION('',(-0.,-1.,-0.));
#3584 = DIRECTION('',(-1.78E-15,0.,-1.));
#3585 = ADVANCED_FACE('',(#3586),#3592,.T.);
#3586 = FACE_BOUND('',#3587,.T.);
#3587 = EDGE_LOOP('',(#3588,#3589,#3590,#3591));
#3588 = ORIENTED_EDGE('',*,*,#2744,.F.);
#3589 = ORIENTED_EDGE('',*,*,#3558,.T.);
#3590 = ORIENTED_EDGE('',*,*,#3061,.T.);
#3591 = ORIENTED_EDGE('',*,*,#3573,.F.);
#3592 = PLANE('',#3593);
#3593 = AXIS2_PLACEMENT_3D('',#3594,#3595,#3596);
#3594 = CARTESIAN_POINT('',(131.64203504736,-7.,-124.));
#3595 = DIRECTION('',(0.,0.,1.));
#3596 = DIRECTION('',(-1.,0.,0.));
#3597 = ADVANCED_FACE('',(#3598),#3609,.F.);
#3598 = FACE_BOUND('',#3599,.F.);
#3599 = EDGE_LOOP('',(#3600,#3601,#3607,#3608));
#3600 = ORIENTED_EDGE('',*,*,#3086,.F.);
#3601 = ORIENTED_EDGE('',*,*,#3602,.F.);
#3602 = EDGE_CURVE('',#2770,#3087,#3603,.T.);
#3603 = LINE('',#3604,#3605);
#3604 = CARTESIAN_POINT('',(154.64203504736,-7.,-25.8));
#3605 = VECTOR('',#3606,1.);
#3606 = DIRECTION('',(0.,1.,0.));
#3607 = ORIENTED_EDGE('',*,*,#2769,.T.);
#3608 = ORIENTED_EDGE('',*,*,#3602,.T.);
#3609 = CYLINDRICAL_SURFACE('',#3610,2.2);
#3610 = AXIS2_PLACEMENT_3D('',#3611,#3612,#3613);
#3611 = CARTESIAN_POINT('',(154.64203504736,-7.,-28.));
#3612 = DIRECTION('',(0.,1.,0.));
#3613 = DIRECTION('',(0.,0.,1.));
#3614 = ADVANCED_FACE('',(#3615),#3626,.F.);
#3615 = FACE_BOUND('',#3616,.F.);
#3616 = EDGE_LOOP('',(#3617,#3618,#3624,#3625));
#3617 = ORIENTED_EDGE('',*,*,#3097,.F.);
#3618 = ORIENTED_EDGE('',*,*,#3619,.F.);
#3619 = EDGE_CURVE('',#2781,#3098,#3620,.T.);
#3620 = LINE('',#3621,#3622);
#3621 = CARTESIAN_POINT('',(154.64203504736,-7.,-49.8));
#3622 = VECTOR('',#3623,1.);
#3623 = DIRECTION('',(0.,1.,0.));
#3624 = ORIENTED_EDGE('',*,*,#2780,.T.);
#3625 = ORIENTED_EDGE('',*,*,#3619,.T.);
#3626 = CYLINDRICAL_SURFACE('',#3627,2.2);
#3627 = AXIS2_PLACEMENT_3D('',#3628,#3629,#3630);
#3628 = CARTESIAN_POINT('',(154.64203504736,-7.,-52.));
#3629 = DIRECTION('',(0.,1.,0.));
#3630 = DIRECTION('',(0.,0.,1.));
#3631 = MANIFOLD_SOLID_BREP('',#3632);
#3632 = CLOSED_SHELL('',(#3633,#3673,#3753,#3778,#3803,#3887,#3920,#3937
    ,#3954,#3971,#3983,#4000,#4025,#4045,#4131,#4156,#4181,#4206,#4231,
    #4256,#4281,#4306,#4331,#4351,#4389));
#3633 = ADVANCED_FACE('',(#3634),#3668,.F.);
#3634 = FACE_BOUND('',#3635,.F.);
#3635 = EDGE_LOOP('',(#3636,#3646,#3654,#3662));
#3636 = ORIENTED_EDGE('',*,*,#3637,.F.);
#3637 = EDGE_CURVE('',#3638,#3640,#3642,.T.);
#3638 = VERTEX_POINT('',#3639);
#3639 = CARTESIAN_POINT('',(223.,-16.,-46.41699475574));
#3640 = VERTEX_POINT('',#3641);
#3641 = CARTESIAN_POINT('',(223.,-16.,-43.93171219946));
#3642 = LINE('',#3643,#3644);
#3643 = CARTESIAN_POINT('',(223.,-16.,-57.));
#3644 = VECTOR('',#3645,1.);
#3645 = DIRECTION('',(0.,0.,1.));
#3646 = ORIENTED_EDGE('',*,*,#3647,.T.);
#3647 = EDGE_CURVE('',#3638,#3648,#3650,.T.);
#3648 = VERTEX_POINT('',#3649);
#3649 = CARTESIAN_POINT('',(223.,-13.,-46.41699475574));
#3650 = LINE('',#3651,#3652);
#3651 = CARTESIAN_POINT('',(223.,-16.,-46.41699475574));
#3652 = VECTOR('',#3653,1.);
#3653 = DIRECTION('',(0.,1.,0.));
#3654 = ORIENTED_EDGE('',*,*,#3655,.T.);
#3655 = EDGE_CURVE('',#3648,#3656,#3658,.T.);
#3656 = VERTEX_POINT('',#3657);
#3657 = CARTESIAN_POINT('',(223.,-13.,-43.93171219946));
#3658 = LINE('',#3659,#3660);
#3659 = CARTESIAN_POINT('',(223.,-13.,-57.));
#3660 = VECTOR('',#3661,1.);
#3661 = DIRECTION('',(0.,0.,1.));
#3662 = ORIENTED_EDGE('',*,*,#3663,.F.);
#3663 = EDGE_CURVE('',#3640,#3656,#3664,.T.);
#3664 = LINE('',#3665,#3666);
#3665 = CARTESIAN_POINT('',(223.,-16.,-43.93171219946));
#3666 = VECTOR('',#3667,1.);
#3667 = DIRECTION('',(0.,1.,0.));
#3668 = PLANE('',#3669);
#3669 = AXIS2_PLACEMENT_3D('',#3670,#3671,#3672);
#3670 = CARTESIAN_POINT('',(223.,-16.,-57.));
#3671 = DIRECTION('',(1.,0.,0.));
#3672 = DIRECTION('',(0.,0.,1.));
#3673 = ADVANCED_FACE('',(#3674,#3737),#3748,.T.);
#3674 = FACE_BOUND('',#3675,.T.);
#3675 = EDGE_LOOP('',(#3676,#3687,#3694,#3695,#3704,#3713,#3722,#3730));
#3676 = ORIENTED_EDGE('',*,*,#3677,.T.);
#3677 = EDGE_CURVE('',#3678,#3680,#3682,.T.);
#3678 = VERTEX_POINT('',#3679);
#3679 = CARTESIAN_POINT('',(242.56,-16.,-41.29990673552));
#3680 = VERTEX_POINT('',#3681);
#3681 = CARTESIAN_POINT('',(221.44,-16.,-41.29990673552));
#3682 = CIRCLE('',#3683,22.);
#3683 = AXIS2_PLACEMENT_3D('',#3684,#3685,#3686);
#3684 = CARTESIAN_POINT('',(232.,-16.,-22.));
#3685 = DIRECTION('',(0.,1.,0.));
#3686 = DIRECTION('',(0.,0.,1.));
#3687 = ORIENTED_EDGE('',*,*,#3688,.F.);
#3688 = EDGE_CURVE('',#3640,#3680,#3689,.T.);
#3689 = CIRCLE('',#3690,3.);
#3690 = AXIS2_PLACEMENT_3D('',#3691,#3692,#3693);
#3691 = CARTESIAN_POINT('',(220.,-16.,-43.93171219946));
#3692 = DIRECTION('',(0.,-1.,0.));
#3693 = DIRECTION('',(0.,0.,1.));
#3694 = ORIENTED_EDGE('',*,*,#3637,.F.);
#3695 = ORIENTED_EDGE('',*,*,#3696,.T.);
#3696 = EDGE_CURVE('',#3638,#3697,#3699,.T.);
#3697 = VERTEX_POINT('',#3698);
#3698 = CARTESIAN_POINT('',(222.25,-16.,-48.40130823904));
#3699 = CIRCLE('',#3700,3.);
#3700 = AXIS2_PLACEMENT_3D('',#3701,#3702,#3703);
#3701 = CARTESIAN_POINT('',(220.,-16.,-46.41699475574));
#3702 = DIRECTION('',(0.,1.,0.));
#3703 = DIRECTION('',(0.,0.,1.));
#3704 = ORIENTED_EDGE('',*,*,#3705,.F.);
#3705 = EDGE_CURVE('',#3706,#3697,#3708,.T.);
#3706 = VERTEX_POINT('',#3707);
#3707 = CARTESIAN_POINT('',(241.75,-16.,-48.40130823904));
#3708 = CIRCLE('',#3709,13.);
#3709 = AXIS2_PLACEMENT_3D('',#3710,#3711,#3712);
#3710 = CARTESIAN_POINT('',(232.,-16.,-57.));
#3711 = DIRECTION('',(0.,1.,0.));
#3712 = DIRECTION('',(0.,0.,1.));
#3713 = ORIENTED_EDGE('',*,*,#3714,.T.);
#3714 = EDGE_CURVE('',#3706,#3715,#3717,.T.);
#3715 = VERTEX_POINT('',#3716);
#3716 = CARTESIAN_POINT('',(241.,-16.,-46.41699475574));
#3717 = CIRCLE('',#3718,3.);
#3718 = AXIS2_PLACEMENT_3D('',#3719,#3720,#3721);
#3719 = CARTESIAN_POINT('',(244.,-16.,-46.41699475574));
#3720 = DIRECTION('',(0.,1.,0.));
#3721 = DIRECTION('',(0.,0.,1.));
#3722 = ORIENTED_EDGE('',*,*,#3723,.T.);
#3723 = EDGE_CURVE('',#3715,#3724,#3726,.T.);
#3724 = VERTEX_POINT('',#3725);
#3725 = CARTESIAN_POINT('',(241.,-16.,-43.93171219946));
#3726 = LINE('',#3727,#3728);
#3727 = CARTESIAN_POINT('',(241.,-16.,-57.));
#3728 = VECTOR('',#3729,1.);
#3729 = DIRECTION('',(0.,0.,1.));
#3730 = ORIENTED_EDGE('',*,*,#3731,.T.);
#3731 = EDGE_CURVE('',#3724,#3678,#3732,.T.);
#3732 = CIRCLE('',#3733,3.);
#3733 = AXIS2_PLACEMENT_3D('',#3734,#3735,#3736);
#3734 = CARTESIAN_POINT('',(244.,-16.,-43.93171219946));
#3735 = DIRECTION('',(0.,1.,0.));
#3736 = DIRECTION('',(0.,0.,1.));
#3737 = FACE_BOUND('',#3738,.T.);
#3738 = EDGE_LOOP('',(#3739));
#3739 = ORIENTED_EDGE('',*,*,#3740,.T.);
#3740 = EDGE_CURVE('',#3741,#3741,#3743,.T.);
#3741 = VERTEX_POINT('',#3742);
#3742 = CARTESIAN_POINT('',(232.,-16.,-53.));
#3743 = CIRCLE('',#3744,4.);
#3744 = AXIS2_PLACEMENT_3D('',#3745,#3746,#3747);
#3745 = CARTESIAN_POINT('',(232.,-16.,-57.));
#3746 = DIRECTION('',(0.,1.,0.));
#3747 = DIRECTION('',(0.,0.,1.));
#3748 = PLANE('',#3749);
#3749 = AXIS2_PLACEMENT_3D('',#3750,#3751,#3752);
#3750 = CARTESIAN_POINT('',(232.,-16.,-33.00324474633));
#3751 = DIRECTION('',(-0.,-1.,-0.));
#3752 = DIRECTION('',(0.,0.,-1.));
#3753 = ADVANCED_FACE('',(#3754),#3773,.F.);
#3754 = FACE_BOUND('',#3755,.F.);
#3755 = EDGE_LOOP('',(#3756,#3757,#3765,#3772));
#3756 = ORIENTED_EDGE('',*,*,#3696,.T.);
#3757 = ORIENTED_EDGE('',*,*,#3758,.T.);
#3758 = EDGE_CURVE('',#3697,#3759,#3761,.T.);
#3759 = VERTEX_POINT('',#3760);
#3760 = CARTESIAN_POINT('',(222.25,-13.,-48.40130823904));
#3761 = LINE('',#3762,#3763);
#3762 = CARTESIAN_POINT('',(222.25,-16.,-48.40130823904));
#3763 = VECTOR('',#3764,1.);
#3764 = DIRECTION('',(0.,1.,0.));
#3765 = ORIENTED_EDGE('',*,*,#3766,.F.);
#3766 = EDGE_CURVE('',#3648,#3759,#3767,.T.);
#3767 = CIRCLE('',#3768,3.);
#3768 = AXIS2_PLACEMENT_3D('',#3769,#3770,#3771);
#3769 = CARTESIAN_POINT('',(220.,-13.,-46.41699475574));
#3770 = DIRECTION('',(0.,1.,0.));
#3771 = DIRECTION('',(0.,0.,1.));
#3772 = ORIENTED_EDGE('',*,*,#3647,.F.);
#3773 = CYLINDRICAL_SURFACE('',#3774,3.);
#3774 = AXIS2_PLACEMENT_3D('',#3775,#3776,#3777);
#3775 = CARTESIAN_POINT('',(220.,-16.,-46.41699475574));
#3776 = DIRECTION('',(0.,1.,0.));
#3777 = DIRECTION('',(1.,0.,0.));
#3778 = ADVANCED_FACE('',(#3779),#3798,.F.);
#3779 = FACE_BOUND('',#3780,.T.);
#3780 = EDGE_LOOP('',(#3781,#3782,#3790,#3797));
#3781 = ORIENTED_EDGE('',*,*,#3688,.T.);
#3782 = ORIENTED_EDGE('',*,*,#3783,.T.);
#3783 = EDGE_CURVE('',#3680,#3784,#3786,.T.);
#3784 = VERTEX_POINT('',#3785);
#3785 = CARTESIAN_POINT('',(221.44,-13.,-41.29990673552));
#3786 = LINE('',#3787,#3788);
#3787 = CARTESIAN_POINT('',(221.44,-16.,-41.29990673552));
#3788 = VECTOR('',#3789,1.);
#3789 = DIRECTION('',(0.,1.,0.));
#3790 = ORIENTED_EDGE('',*,*,#3791,.F.);
#3791 = EDGE_CURVE('',#3656,#3784,#3792,.T.);
#3792 = CIRCLE('',#3793,3.);
#3793 = AXIS2_PLACEMENT_3D('',#3794,#3795,#3796);
#3794 = CARTESIAN_POINT('',(220.,-13.,-43.93171219946));
#3795 = DIRECTION('',(0.,-1.,0.));
#3796 = DIRECTION('',(0.,0.,1.));
#3797 = ORIENTED_EDGE('',*,*,#3663,.F.);
#3798 = CYLINDRICAL_SURFACE('',#3799,3.);
#3799 = AXIS2_PLACEMENT_3D('',#3800,#3801,#3802);
#3800 = CARTESIAN_POINT('',(220.,-16.,-43.93171219946));
#3801 = DIRECTION('',(0.,1.,0.));
#3802 = DIRECTION('',(1.,0.,0.));
#3803 = ADVANCED_FACE('',(#3804,#3860,#3871),#3882,.T.);
#3804 = FACE_BOUND('',#3805,.T.);
#3805 = EDGE_LOOP('',(#3806,#3815,#3824,#3833,#3841,#3850,#3857,#3858,
    #3859));
#3806 = ORIENTED_EDGE('',*,*,#3807,.T.);
#3807 = EDGE_CURVE('',#3784,#3808,#3810,.T.);
#3808 = VERTEX_POINT('',#3809);
#3809 = CARTESIAN_POINT('',(232.,-13.,0.));
#3810 = CIRCLE('',#3811,22.);
#3811 = AXIS2_PLACEMENT_3D('',#3812,#3813,#3814);
#3812 = CARTESIAN_POINT('',(232.,-13.,-22.));
#3813 = DIRECTION('',(0.,1.,0.));
#3814 = DIRECTION('',(0.,0.,1.));
#3815 = ORIENTED_EDGE('',*,*,#3816,.T.);
#3816 = EDGE_CURVE('',#3808,#3817,#3819,.T.);
#3817 = VERTEX_POINT('',#3818);
#3818 = CARTESIAN_POINT('',(242.56,-13.,-41.29990673552));
#3819 = CIRCLE('',#3820,22.);
#3820 = AXIS2_PLACEMENT_3D('',#3821,#3822,#3823);
#3821 = CARTESIAN_POINT('',(232.,-13.,-22.));
#3822 = DIRECTION('',(0.,1.,0.));
#3823 = DIRECTION('',(0.,0.,1.));
#3824 = ORIENTED_EDGE('',*,*,#3825,.F.);
#3825 = EDGE_CURVE('',#3826,#3817,#3828,.T.);
#3826 = VERTEX_POINT('',#3827);
#3827 = CARTESIAN_POINT('',(241.,-13.,-43.93171219946));
#3828 = CIRCLE('',#3829,3.);
#3829 = AXIS2_PLACEMENT_3D('',#3830,#3831,#3832);
#3830 = CARTESIAN_POINT('',(244.,-13.,-43.93171219946));
#3831 = DIRECTION('',(0.,1.,0.));
#3832 = DIRECTION('',(0.,0.,1.));
#3833 = ORIENTED_EDGE('',*,*,#3834,.F.);
#3834 = EDGE_CURVE('',#3835,#3826,#3837,.T.);
#3835 = VERTEX_POINT('',#3836);
#3836 = CARTESIAN_POINT('',(241.,-13.,-46.41699475574));
#3837 = LINE('',#3838,#3839);
#3838 = CARTESIAN_POINT('',(241.,-13.,-57.));
#3839 = VECTOR('',#3840,1.);
#3840 = DIRECTION('',(0.,0.,1.));
#3841 = ORIENTED_EDGE('',*,*,#3842,.F.);
#3842 = EDGE_CURVE('',#3843,#3835,#3845,.T.);
#3843 = VERTEX_POINT('',#3844);
#3844 = CARTESIAN_POINT('',(241.75,-13.,-48.40130823904));
#3845 = CIRCLE('',#3846,3.);
#3846 = AXIS2_PLACEMENT_3D('',#3847,#3848,#3849);
#3847 = CARTESIAN_POINT('',(244.,-13.,-46.41699475574));
#3848 = DIRECTION('',(0.,1.,0.));
#3849 = DIRECTION('',(0.,0.,1.));
#3850 = ORIENTED_EDGE('',*,*,#3851,.T.);
#3851 = EDGE_CURVE('',#3843,#3759,#3852,.T.);
#3852 = CIRCLE('',#3853,13.);
#3853 = AXIS2_PLACEMENT_3D('',#3854,#3855,#3856);
#3854 = CARTESIAN_POINT('',(232.,-13.,-57.));
#3855 = DIRECTION('',(0.,1.,0.));
#3856 = DIRECTION('',(0.,0.,1.));
#3857 = ORIENTED_EDGE('',*,*,#3766,.F.);
#3858 = ORIENTED_EDGE('',*,*,#3655,.T.);
#3859 = ORIENTED_EDGE('',*,*,#3791,.T.);
#3860 = FACE_BOUND('',#3861,.T.);
#3861 = EDGE_LOOP('',(#3862));
#3862 = ORIENTED_EDGE('',*,*,#3863,.F.);
#3863 = EDGE_CURVE('',#3864,#3864,#3866,.T.);
#3864 = VERTEX_POINT('',#3865);
#3865 = CARTESIAN_POINT('',(232.,-13.,-53.));
#3866 = CIRCLE('',#3867,4.);
#3867 = AXIS2_PLACEMENT_3D('',#3868,#3869,#3870);
#3868 = CARTESIAN_POINT('',(232.,-13.,-57.));
#3869 = DIRECTION('',(0.,1.,0.));
#3870 = DIRECTION('',(0.,0.,1.));
#3871 = FACE_BOUND('',#3872,.T.);
#3872 = EDGE_LOOP('',(#3873));
#3873 = ORIENTED_EDGE('',*,*,#3874,.F.);
#3874 = EDGE_CURVE('',#3875,#3875,#3877,.T.);
#3875 = VERTEX_POINT('',#3876);
#3876 = CARTESIAN_POINT('',(232.,-13.,-4.));
#3877 = CIRCLE('',#3878,18.);
#3878 = AXIS2_PLACEMENT_3D('',#3879,#3880,#3881);
#3879 = CARTESIAN_POINT('',(232.,-13.,-22.));
#3880 = DIRECTION('',(0.,1.,0.));
#3881 = DIRECTION('',(0.,0.,1.));
#3882 = PLANE('',#3883);
#3883 = AXIS2_PLACEMENT_3D('',#3884,#3885,#3886);
#3884 = CARTESIAN_POINT('',(232.,-13.,-33.00324474633));
#3885 = DIRECTION('',(0.,1.,0.));
#3886 = DIRECTION('',(0.,0.,1.));
#3887 = ADVANCED_FACE('',(#3888),#3915,.T.);
#3888 = FACE_BOUND('',#3889,.T.);
#3889 = EDGE_LOOP('',(#3890,#3896,#3897,#3904,#3911,#3912,#3913,#3914));
#3890 = ORIENTED_EDGE('',*,*,#3891,.T.);
#3891 = EDGE_CURVE('',#3678,#3817,#3892,.T.);
#3892 = LINE('',#3893,#3894);
#3893 = CARTESIAN_POINT('',(242.56,-16.,-41.29990673552));
#3894 = VECTOR('',#3895,1.);
#3895 = DIRECTION('',(0.,1.,0.));
#3896 = ORIENTED_EDGE('',*,*,#3816,.F.);
#3897 = ORIENTED_EDGE('',*,*,#3898,.F.);
#3898 = EDGE_CURVE('',#3899,#3808,#3901,.T.);
#3899 = VERTEX_POINT('',#3900);
#3900 = CARTESIAN_POINT('',(232.,-19.,0.));
#3901 = B_SPLINE_CURVE_WITH_KNOTS('',1,(#3902,#3903),.UNSPECIFIED.,.F.,
  .F.,(2,2),(0.,6.),.PIECEWISE_BEZIER_KNOTS.);
#3902 = CARTESIAN_POINT('',(232.,-19.,0.));
#3903 = CARTESIAN_POINT('',(232.,-13.,0.));
#3904 = ORIENTED_EDGE('',*,*,#3905,.T.);
#3905 = EDGE_CURVE('',#3899,#3899,#3906,.T.);
#3906 = CIRCLE('',#3907,22.);
#3907 = AXIS2_PLACEMENT_3D('',#3908,#3909,#3910);
#3908 = CARTESIAN_POINT('',(232.,-19.,-22.));
#3909 = DIRECTION('',(0.,1.,0.));
#3910 = DIRECTION('',(0.,0.,1.));
#3911 = ORIENTED_EDGE('',*,*,#3898,.T.);
#3912 = ORIENTED_EDGE('',*,*,#3807,.F.);
#3913 = ORIENTED_EDGE('',*,*,#3783,.F.);
#3914 = ORIENTED_EDGE('',*,*,#3677,.F.);
#3915 = CYLINDRICAL_SURFACE('',#3916,22.);
#3916 = AXIS2_PLACEMENT_3D('',#3917,#3918,#3919);
#3917 = CARTESIAN_POINT('',(232.,-19.,-22.));
#3918 = DIRECTION('',(0.,1.,0.));
#3919 = DIRECTION('',(0.,0.,1.));
#3920 = ADVANCED_FACE('',(#3921),#3932,.F.);
#3921 = FACE_BOUND('',#3922,.F.);
#3922 = EDGE_LOOP('',(#3923,#3924,#3925,#3926));
#3923 = ORIENTED_EDGE('',*,*,#3731,.T.);
#3924 = ORIENTED_EDGE('',*,*,#3891,.T.);
#3925 = ORIENTED_EDGE('',*,*,#3825,.F.);
#3926 = ORIENTED_EDGE('',*,*,#3927,.F.);
#3927 = EDGE_CURVE('',#3724,#3826,#3928,.T.);
#3928 = LINE('',#3929,#3930);
#3929 = CARTESIAN_POINT('',(241.,-16.,-43.93171219946));
#3930 = VECTOR('',#3931,1.);
#3931 = DIRECTION('',(0.,1.,0.));
#3932 = CYLINDRICAL_SURFACE('',#3933,3.);
#3933 = AXIS2_PLACEMENT_3D('',#3934,#3935,#3936);
#3934 = CARTESIAN_POINT('',(244.,-16.,-43.93171219946));
#3935 = DIRECTION('',(0.,1.,0.));
#3936 = DIRECTION('',(-1.,0.,0.));
#3937 = ADVANCED_FACE('',(#3938),#3949,.T.);
#3938 = FACE_BOUND('',#3939,.T.);
#3939 = EDGE_LOOP('',(#3940,#3941,#3947,#3948));
#3940 = ORIENTED_EDGE('',*,*,#3723,.F.);
#3941 = ORIENTED_EDGE('',*,*,#3942,.T.);
#3942 = EDGE_CURVE('',#3715,#3835,#3943,.T.);
#3943 = LINE('',#3944,#3945);
#3944 = CARTESIAN_POINT('',(241.,-16.,-46.41699475574));
#3945 = VECTOR('',#3946,1.);
#3946 = DIRECTION('',(0.,1.,0.));
#3947 = ORIENTED_EDGE('',*,*,#3834,.T.);
#3948 = ORIENTED_EDGE('',*,*,#3927,.F.);
#3949 = PLANE('',#3950);
#3950 = AXIS2_PLACEMENT_3D('',#3951,#3952,#3953);
#3951 = CARTESIAN_POINT('',(241.,-16.,-57.));
#3952 = DIRECTION('',(1.,0.,0.));
#3953 = DIRECTION('',(0.,0.,1.));
#3954 = ADVANCED_FACE('',(#3955),#3966,.F.);
#3955 = FACE_BOUND('',#3956,.F.);
#3956 = EDGE_LOOP('',(#3957,#3958,#3959,#3960));
#3957 = ORIENTED_EDGE('',*,*,#3714,.T.);
#3958 = ORIENTED_EDGE('',*,*,#3942,.T.);
#3959 = ORIENTED_EDGE('',*,*,#3842,.F.);
#3960 = ORIENTED_EDGE('',*,*,#3961,.F.);
#3961 = EDGE_CURVE('',#3706,#3843,#3962,.T.);
#3962 = LINE('',#3963,#3964);
#3963 = CARTESIAN_POINT('',(241.75,-16.,-48.40130823904));
#3964 = VECTOR('',#3965,1.);
#3965 = DIRECTION('',(0.,1.,0.));
#3966 = CYLINDRICAL_SURFACE('',#3967,3.);
#3967 = AXIS2_PLACEMENT_3D('',#3968,#3969,#3970);
#3968 = CARTESIAN_POINT('',(244.,-16.,-46.41699475574));
#3969 = DIRECTION('',(0.,1.,0.));
#3970 = DIRECTION('',(-0.75,0.,-0.661437827766));
#3971 = ADVANCED_FACE('',(#3972),#3978,.T.);
#3972 = FACE_BOUND('',#3973,.T.);
#3973 = EDGE_LOOP('',(#3974,#3975,#3976,#3977));
#3974 = ORIENTED_EDGE('',*,*,#3851,.F.);
#3975 = ORIENTED_EDGE('',*,*,#3961,.F.);
#3976 = ORIENTED_EDGE('',*,*,#3705,.T.);
#3977 = ORIENTED_EDGE('',*,*,#3758,.T.);
#3978 = CYLINDRICAL_SURFACE('',#3979,13.);
#3979 = AXIS2_PLACEMENT_3D('',#3980,#3981,#3982);
#3980 = CARTESIAN_POINT('',(232.,-16.,-57.));
#3981 = DIRECTION('',(0.,1.,0.));
#3982 = DIRECTION('',(0.,0.,1.));
#3983 = ADVANCED_FACE('',(#3984),#3995,.F.);
#3984 = FACE_BOUND('',#3985,.F.);
#3985 = EDGE_LOOP('',(#3986,#3987,#3993,#3994));
#3986 = ORIENTED_EDGE('',*,*,#3863,.F.);
#3987 = ORIENTED_EDGE('',*,*,#3988,.F.);
#3988 = EDGE_CURVE('',#3741,#3864,#3989,.T.);
#3989 = LINE('',#3990,#3991);
#3990 = CARTESIAN_POINT('',(232.,-17.,-53.));
#3991 = VECTOR('',#3992,1.);
#3992 = DIRECTION('',(0.,1.,0.));
#3993 = ORIENTED_EDGE('',*,*,#3740,.T.);
#3994 = ORIENTED_EDGE('',*,*,#3988,.T.);
#3995 = CYLINDRICAL_SURFACE('',#3996,4.);
#3996 = AXIS2_PLACEMENT_3D('',#3997,#3998,#3999);
#3997 = CARTESIAN_POINT('',(232.,-17.,-57.));
#3998 = DIRECTION('',(0.,1.,0.));
#3999 = DIRECTION('',(0.,0.,1.));
#4000 = ADVANCED_FACE('',(#4001),#4020,.T.);
#4001 = FACE_BOUND('',#4002,.T.);
#4002 = EDGE_LOOP('',(#4003,#4011,#4018,#4019));
#4003 = ORIENTED_EDGE('',*,*,#4004,.T.);
#4004 = EDGE_CURVE('',#3875,#4005,#4007,.T.);
#4005 = VERTEX_POINT('',#4006);
#4006 = CARTESIAN_POINT('',(232.,0.,-4.));
#4007 = LINE('',#4008,#4009);
#4008 = CARTESIAN_POINT('',(232.,-13.1,-4.));
#4009 = VECTOR('',#4010,1.);
#4010 = DIRECTION('',(0.,1.,0.));
#4011 = ORIENTED_EDGE('',*,*,#4012,.F.);
#4012 = EDGE_CURVE('',#4005,#4005,#4013,.T.);
#4013 = CIRCLE('',#4014,18.);
#4014 = AXIS2_PLACEMENT_3D('',#4015,#4016,#4017);
#4015 = CARTESIAN_POINT('',(232.,0.,-22.));
#4016 = DIRECTION('',(0.,1.,0.));
#4017 = DIRECTION('',(0.,0.,1.));
#4018 = ORIENTED_EDGE('',*,*,#4004,.F.);
#4019 = ORIENTED_EDGE('',*,*,#3874,.T.);
#4020 = CYLINDRICAL_SURFACE('',#4021,18.);
#4021 = AXIS2_PLACEMENT_3D('',#4022,#4023,#4024);
#4022 = CARTESIAN_POINT('',(232.,-13.1,-22.));
#4023 = DIRECTION('',(0.,1.,0.));
#4024 = DIRECTION('',(0.,0.,1.));
#4025 = ADVANCED_FACE('',(#4026,#4029),#4040,.F.);
#4026 = FACE_BOUND('',#4027,.F.);
#4027 = EDGE_LOOP('',(#4028));
#4028 = ORIENTED_EDGE('',*,*,#3905,.T.);
#4029 = FACE_BOUND('',#4030,.F.);
#4030 = EDGE_LOOP('',(#4031));
#4031 = ORIENTED_EDGE('',*,*,#4032,.F.);
#4032 = EDGE_CURVE('',#4033,#4033,#4035,.T.);
#4033 = VERTEX_POINT('',#4034);
#4034 = CARTESIAN_POINT('',(232.,-19.,-2.5));
#4035 = CIRCLE('',#4036,19.5);
#4036 = AXIS2_PLACEMENT_3D('',#4037,#4038,#4039);
#4037 = CARTESIAN_POINT('',(232.,-19.,-22.));
#4038 = DIRECTION('',(0.,1.,0.));
#4039 = DIRECTION('',(0.,0.,1.));
#4040 = PLANE('',#4041);
#4041 = AXIS2_PLACEMENT_3D('',#4042,#4043,#4044);
#4042 = CARTESIAN_POINT('',(232.,-19.,-22.));
#4043 = DIRECTION('',(0.,1.,0.));
#4044 = DIRECTION('',(0.,0.,1.));
#4045 = ADVANCED_FACE('',(#4046,#4049,#4060,#4071,#4082,#4093,#4104,
    #4115),#4126,.T.);
#4046 = FACE_BOUND('',#4047,.T.);
#4047 = EDGE_LOOP('',(#4048));
#4048 = ORIENTED_EDGE('',*,*,#4012,.T.);
#4049 = FACE_BOUND('',#4050,.T.);
#4050 = EDGE_LOOP('',(#4051));
#4051 = ORIENTED_EDGE('',*,*,#4052,.F.);
#4052 = EDGE_CURVE('',#4053,#4053,#4055,.T.);
#4053 = VERTEX_POINT('',#4054);
#4054 = CARTESIAN_POINT('',(218.5,0.,-20.3));
#4055 = CIRCLE('',#4056,1.7);
#4056 = AXIS2_PLACEMENT_3D('',#4057,#4058,#4059);
#4057 = CARTESIAN_POINT('',(218.5,0.,-22.));
#4058 = DIRECTION('',(0.,1.,0.));
#4059 = DIRECTION('',(0.,0.,1.));
#4060 = FACE_BOUND('',#4061,.T.);
#4061 = EDGE_LOOP('',(#4062));
#4062 = ORIENTED_EDGE('',*,*,#4063,.F.);
#4063 = EDGE_CURVE('',#4064,#4064,#4066,.T.);
#4064 = VERTEX_POINT('',#4065);
#4065 = CARTESIAN_POINT('',(225.25,0.,-31.99134295109));
#4066 = CIRCLE('',#4067,1.7);
#4067 = AXIS2_PLACEMENT_3D('',#4068,#4069,#4070);
#4068 = CARTESIAN_POINT('',(225.25,0.,-33.69134295109));
#4069 = DIRECTION('',(0.,1.,0.));
#4070 = DIRECTION('',(0.,0.,1.));
#4071 = FACE_BOUND('',#4072,.T.);
#4072 = EDGE_LOOP('',(#4073));
#4073 = ORIENTED_EDGE('',*,*,#4074,.F.);
#4074 = EDGE_CURVE('',#4075,#4075,#4077,.T.);
#4075 = VERTEX_POINT('',#4076);
#4076 = CARTESIAN_POINT('',(232.,0.,-16.));
#4077 = CIRCLE('',#4078,6.);
#4078 = AXIS2_PLACEMENT_3D('',#4079,#4080,#4081);
#4079 = CARTESIAN_POINT('',(232.,0.,-22.));
#4080 = DIRECTION('',(0.,1.,0.));
#4081 = DIRECTION('',(0.,0.,1.));
#4082 = FACE_BOUND('',#4083,.T.);
#4083 = EDGE_LOOP('',(#4084));
#4084 = ORIENTED_EDGE('',*,*,#4085,.F.);
#4085 = EDGE_CURVE('',#4086,#4086,#4088,.T.);
#4086 = VERTEX_POINT('',#4087);
#4087 = CARTESIAN_POINT('',(225.25,0.,-8.60865704891));
#4088 = CIRCLE('',#4089,1.7);
#4089 = AXIS2_PLACEMENT_3D('',#4090,#4091,#4092);
#4090 = CARTESIAN_POINT('',(225.25,0.,-10.30865704891));
#4091 = DIRECTION('',(0.,1.,0.));
#4092 = DIRECTION('',(0.,0.,1.));
#4093 = FACE_BOUND('',#4094,.T.);
#4094 = EDGE_LOOP('',(#4095));
#4095 = ORIENTED_EDGE('',*,*,#4096,.F.);
#4096 = EDGE_CURVE('',#4097,#4097,#4099,.T.);
#4097 = VERTEX_POINT('',#4098);
#4098 = CARTESIAN_POINT('',(238.75,0.,-31.99134295109));
#4099 = CIRCLE('',#4100,1.7);
#4100 = AXIS2_PLACEMENT_3D('',#4101,#4102,#4103);
#4101 = CARTESIAN_POINT('',(238.75,0.,-33.69134295109));
#4102 = DIRECTION('',(0.,1.,0.));
#4103 = DIRECTION('',(0.,0.,1.));
#4104 = FACE_BOUND('',#4105,.T.);
#4105 = EDGE_LOOP('',(#4106));
#4106 = ORIENTED_EDGE('',*,*,#4107,.F.);
#4107 = EDGE_CURVE('',#4108,#4108,#4110,.T.);
#4108 = VERTEX_POINT('',#4109);
#4109 = CARTESIAN_POINT('',(245.5,0.,-20.3));
#4110 = CIRCLE('',#4111,1.7);
#4111 = AXIS2_PLACEMENT_3D('',#4112,#4113,#4114);
#4112 = CARTESIAN_POINT('',(245.5,0.,-22.));
#4113 = DIRECTION('',(0.,1.,0.));
#4114 = DIRECTION('',(0.,0.,1.));
#4115 = FACE_BOUND('',#4116,.T.);
#4116 = EDGE_LOOP('',(#4117));
#4117 = ORIENTED_EDGE('',*,*,#4118,.F.);
#4118 = EDGE_CURVE('',#4119,#4119,#4121,.T.);
#4119 = VERTEX_POINT('',#4120);
#4120 = CARTESIAN_POINT('',(238.75,0.,-8.60865704891));
#4121 = CIRCLE('',#4122,1.7);
#4122 = AXIS2_PLACEMENT_3D('',#4123,#4124,#4125);
#4123 = CARTESIAN_POINT('',(238.75,0.,-10.30865704891));
#4124 = DIRECTION('',(0.,1.,0.));
#4125 = DIRECTION('',(0.,0.,1.));
#4126 = PLANE('',#4127);
#4127 = AXIS2_PLACEMENT_3D('',#4128,#4129,#4130);
#4128 = CARTESIAN_POINT('',(232.,0.,-22.));
#4129 = DIRECTION('',(0.,1.,0.));
#4130 = DIRECTION('',(0.,0.,1.));
#4131 = ADVANCED_FACE('',(#4132),#4151,.T.);
#4132 = FACE_BOUND('',#4133,.T.);
#4133 = EDGE_LOOP('',(#4134,#4135,#4143,#4150));
#4134 = ORIENTED_EDGE('',*,*,#4032,.F.);
#4135 = ORIENTED_EDGE('',*,*,#4136,.F.);
#4136 = EDGE_CURVE('',#4137,#4033,#4139,.T.);
#4137 = VERTEX_POINT('',#4138);
#4138 = CARTESIAN_POINT('',(232.,-25.8,-2.5));
#4139 = LINE('',#4140,#4141);
#4140 = CARTESIAN_POINT('',(232.,-25.8,-2.5));
#4141 = VECTOR('',#4142,1.);
#4142 = DIRECTION('',(0.,1.,0.));
#4143 = ORIENTED_EDGE('',*,*,#4144,.T.);
#4144 = EDGE_CURVE('',#4137,#4137,#4145,.T.);
#4145 = CIRCLE('',#4146,19.5);
#4146 = AXIS2_PLACEMENT_3D('',#4147,#4148,#4149);
#4147 = CARTESIAN_POINT('',(232.,-25.8,-22.));
#4148 = DIRECTION('',(0.,1.,0.));
#4149 = DIRECTION('',(0.,0.,1.));
#4150 = ORIENTED_EDGE('',*,*,#4136,.T.);
#4151 = CYLINDRICAL_SURFACE('',#4152,19.5);
#4152 = AXIS2_PLACEMENT_3D('',#4153,#4154,#4155);
#4153 = CARTESIAN_POINT('',(232.,-25.8,-22.));
#4154 = DIRECTION('',(0.,1.,0.));
#4155 = DIRECTION('',(0.,0.,1.));
#4156 = ADVANCED_FACE('',(#4157),#4176,.F.);
#4157 = FACE_BOUND('',#4158,.F.);
#4158 = EDGE_LOOP('',(#4159,#4160,#4168,#4175));
#4159 = ORIENTED_EDGE('',*,*,#4052,.F.);
#4160 = ORIENTED_EDGE('',*,*,#4161,.F.);
#4161 = EDGE_CURVE('',#4162,#4053,#4164,.T.);
#4162 = VERTEX_POINT('',#4163);
#4163 = CARTESIAN_POINT('',(218.5,-25.,-20.3));
#4164 = LINE('',#4165,#4166);
#4165 = CARTESIAN_POINT('',(218.5,-26.,-20.3));
#4166 = VECTOR('',#4167,1.);
#4167 = DIRECTION('',(0.,1.,0.));
#4168 = ORIENTED_EDGE('',*,*,#4169,.T.);
#4169 = EDGE_CURVE('',#4162,#4162,#4170,.T.);
#4170 = CIRCLE('',#4171,1.7);
#4171 = AXIS2_PLACEMENT_3D('',#4172,#4173,#4174);
#4172 = CARTESIAN_POINT('',(218.5,-25.,-22.));
#4173 = DIRECTION('',(0.,1.,0.));
#4174 = DIRECTION('',(0.,0.,1.));
#4175 = ORIENTED_EDGE('',*,*,#4161,.T.);
#4176 = CYLINDRICAL_SURFACE('',#4177,1.7);
#4177 = AXIS2_PLACEMENT_3D('',#4178,#4179,#4180);
#4178 = CARTESIAN_POINT('',(218.5,-26.,-22.));
#4179 = DIRECTION('',(0.,1.,0.));
#4180 = DIRECTION('',(0.,0.,1.));
#4181 = ADVANCED_FACE('',(#4182),#4201,.F.);
#4182 = FACE_BOUND('',#4183,.F.);
#4183 = EDGE_LOOP('',(#4184,#4185,#4193,#4200));
#4184 = ORIENTED_EDGE('',*,*,#4063,.F.);
#4185 = ORIENTED_EDGE('',*,*,#4186,.F.);
#4186 = EDGE_CURVE('',#4187,#4064,#4189,.T.);
#4187 = VERTEX_POINT('',#4188);
#4188 = CARTESIAN_POINT('',(225.25,-25.,-31.99134295109));
#4189 = LINE('',#4190,#4191);
#4190 = CARTESIAN_POINT('',(225.25,-26.,-31.99134295109));
#4191 = VECTOR('',#4192,1.);
#4192 = DIRECTION('',(0.,1.,0.));
#4193 = ORIENTED_EDGE('',*,*,#4194,.T.);
#4194 = EDGE_CURVE('',#4187,#4187,#4195,.T.);
#4195 = CIRCLE('',#4196,1.7);
#4196 = AXIS2_PLACEMENT_3D('',#4197,#4198,#4199);
#4197 = CARTESIAN_POINT('',(225.25,-25.,-33.69134295109));
#4198 = DIRECTION('',(0.,1.,0.));
#4199 = DIRECTION('',(0.,0.,1.));
#4200 = ORIENTED_EDGE('',*,*,#4186,.T.);
#4201 = CYLINDRICAL_SURFACE('',#4202,1.7);
#4202 = AXIS2_PLACEMENT_3D('',#4203,#4204,#4205);
#4203 = CARTESIAN_POINT('',(225.25,-26.,-33.69134295109));
#4204 = DIRECTION('',(0.,1.,0.));
#4205 = DIRECTION('',(0.,0.,1.));
#4206 = ADVANCED_FACE('',(#4207),#4226,.F.);
#4207 = FACE_BOUND('',#4208,.F.);
#4208 = EDGE_LOOP('',(#4209,#4210,#4218,#4225));
#4209 = ORIENTED_EDGE('',*,*,#4074,.F.);
#4210 = ORIENTED_EDGE('',*,*,#4211,.F.);
#4211 = EDGE_CURVE('',#4212,#4075,#4214,.T.);
#4212 = VERTEX_POINT('',#4213);
#4213 = CARTESIAN_POINT('',(232.,-25.,-16.));
#4214 = LINE('',#4215,#4216);
#4215 = CARTESIAN_POINT('',(232.,-27.,-16.));
#4216 = VECTOR('',#4217,1.);
#4217 = DIRECTION('',(0.,1.,0.));
#4218 = ORIENTED_EDGE('',*,*,#4219,.T.);
#4219 = EDGE_CURVE('',#4212,#4212,#4220,.T.);
#4220 = CIRCLE('',#4221,6.);
#4221 = AXIS2_PLACEMENT_3D('',#4222,#4223,#4224);
#4222 = CARTESIAN_POINT('',(232.,-25.,-22.));
#4223 = DIRECTION('',(0.,1.,0.));
#4224 = DIRECTION('',(0.,0.,1.));
#4225 = ORIENTED_EDGE('',*,*,#4211,.T.);
#4226 = CYLINDRICAL_SURFACE('',#4227,6.);
#4227 = AXIS2_PLACEMENT_3D('',#4228,#4229,#4230);
#4228 = CARTESIAN_POINT('',(232.,-27.,-22.));
#4229 = DIRECTION('',(0.,1.,0.));
#4230 = DIRECTION('',(0.,0.,1.));
#4231 = ADVANCED_FACE('',(#4232),#4251,.F.);
#4232 = FACE_BOUND('',#4233,.F.);
#4233 = EDGE_LOOP('',(#4234,#4235,#4243,#4250));
#4234 = ORIENTED_EDGE('',*,*,#4085,.F.);
#4235 = ORIENTED_EDGE('',*,*,#4236,.F.);
#4236 = EDGE_CURVE('',#4237,#4086,#4239,.T.);
#4237 = VERTEX_POINT('',#4238);
#4238 = CARTESIAN_POINT('',(225.25,-25.,-8.60865704891));
#4239 = LINE('',#4240,#4241);
#4240 = CARTESIAN_POINT('',(225.25,-26.,-8.60865704891));
#4241 = VECTOR('',#4242,1.);
#4242 = DIRECTION('',(0.,1.,0.));
#4243 = ORIENTED_EDGE('',*,*,#4244,.T.);
#4244 = EDGE_CURVE('',#4237,#4237,#4245,.T.);
#4245 = CIRCLE('',#4246,1.7);
#4246 = AXIS2_PLACEMENT_3D('',#4247,#4248,#4249);
#4247 = CARTESIAN_POINT('',(225.25,-25.,-10.30865704891));
#4248 = DIRECTION('',(0.,1.,0.));
#4249 = DIRECTION('',(0.,0.,1.));
#4250 = ORIENTED_EDGE('',*,*,#4236,.T.);
#4251 = CYLINDRICAL_SURFACE('',#4252,1.7);
#4252 = AXIS2_PLACEMENT_3D('',#4253,#4254,#4255);
#4253 = CARTESIAN_POINT('',(225.25,-26.,-10.30865704891));
#4254 = DIRECTION('',(0.,1.,0.));
#4255 = DIRECTION('',(0.,0.,1.));
#4256 = ADVANCED_FACE('',(#4257),#4276,.F.);
#4257 = FACE_BOUND('',#4258,.F.);
#4258 = EDGE_LOOP('',(#4259,#4260,#4268,#4275));
#4259 = ORIENTED_EDGE('',*,*,#4096,.F.);
#4260 = ORIENTED_EDGE('',*,*,#4261,.F.);
#4261 = EDGE_CURVE('',#4262,#4097,#4264,.T.);
#4262 = VERTEX_POINT('',#4263);
#4263 = CARTESIAN_POINT('',(238.75,-25.,-31.99134295109));
#4264 = LINE('',#4265,#4266);
#4265 = CARTESIAN_POINT('',(238.75,-26.,-31.99134295109));
#4266 = VECTOR('',#4267,1.);
#4267 = DIRECTION('',(0.,1.,0.));
#4268 = ORIENTED_EDGE('',*,*,#4269,.T.);
#4269 = EDGE_CURVE('',#4262,#4262,#4270,.T.);
#4270 = CIRCLE('',#4271,1.7);
#4271 = AXIS2_PLACEMENT_3D('',#4272,#4273,#4274);
#4272 = CARTESIAN_POINT('',(238.75,-25.,-33.69134295109));
#4273 = DIRECTION('',(0.,1.,0.));
#4274 = DIRECTION('',(0.,0.,1.));
#4275 = ORIENTED_EDGE('',*,*,#4261,.T.);
#4276 = CYLINDRICAL_SURFACE('',#4277,1.7);
#4277 = AXIS2_PLACEMENT_3D('',#4278,#4279,#4280);
#4278 = CARTESIAN_POINT('',(238.75,-26.,-33.69134295109));
#4279 = DIRECTION('',(0.,1.,0.));
#4280 = DIRECTION('',(0.,0.,1.));
#4281 = ADVANCED_FACE('',(#4282),#4301,.F.);
#4282 = FACE_BOUND('',#4283,.F.);
#4283 = EDGE_LOOP('',(#4284,#4285,#4293,#4300));
#4284 = ORIENTED_EDGE('',*,*,#4107,.F.);
#4285 = ORIENTED_EDGE('',*,*,#4286,.F.);
#4286 = EDGE_CURVE('',#4287,#4108,#4289,.T.);
#4287 = VERTEX_POINT('',#4288);
#4288 = CARTESIAN_POINT('',(245.5,-25.,-20.3));
#4289 = LINE('',#4290,#4291);
#4290 = CARTESIAN_POINT('',(245.5,-26.,-20.3));
#4291 = VECTOR('',#4292,1.);
#4292 = DIRECTION('',(0.,1.,0.));
#4293 = ORIENTED_EDGE('',*,*,#4294,.T.);
#4294 = EDGE_CURVE('',#4287,#4287,#4295,.T.);
#4295 = CIRCLE('',#4296,1.7);
#4296 = AXIS2_PLACEMENT_3D('',#4297,#4298,#4299);
#4297 = CARTESIAN_POINT('',(245.5,-25.,-22.));
#4298 = DIRECTION('',(0.,1.,0.));
#4299 = DIRECTION('',(0.,0.,1.));
#4300 = ORIENTED_EDGE('',*,*,#4286,.T.);
#4301 = CYLINDRICAL_SURFACE('',#4302,1.7);
#4302 = AXIS2_PLACEMENT_3D('',#4303,#4304,#4305);
#4303 = CARTESIAN_POINT('',(245.5,-26.,-22.));
#4304 = DIRECTION('',(0.,1.,0.));
#4305 = DIRECTION('',(0.,0.,1.));
#4306 = ADVANCED_FACE('',(#4307),#4326,.F.);
#4307 = FACE_BOUND('',#4308,.F.);
#4308 = EDGE_LOOP('',(#4309,#4310,#4318,#4325));
#4309 = ORIENTED_EDGE('',*,*,#4118,.F.);
#4310 = ORIENTED_EDGE('',*,*,#4311,.F.);
#4311 = EDGE_CURVE('',#4312,#4119,#4314,.T.);
#4312 = VERTEX_POINT('',#4313);
#4313 = CARTESIAN_POINT('',(238.75,-25.,-8.60865704891));
#4314 = LINE('',#4315,#4316);
#4315 = CARTESIAN_POINT('',(238.75,-26.,-8.60865704891));
#4316 = VECTOR('',#4317,1.);
#4317 = DIRECTION('',(0.,1.,0.));
#4318 = ORIENTED_EDGE('',*,*,#4319,.T.);
#4319 = EDGE_CURVE('',#4312,#4312,#4320,.T.);
#4320 = CIRCLE('',#4321,1.7);
#4321 = AXIS2_PLACEMENT_3D('',#4322,#4323,#4324);
#4322 = CARTESIAN_POINT('',(238.75,-25.,-10.30865704891));
#4323 = DIRECTION('',(0.,1.,0.));
#4324 = DIRECTION('',(0.,0.,1.));
#4325 = ORIENTED_EDGE('',*,*,#4311,.T.);
#4326 = CYLINDRICAL_SURFACE('',#4327,1.7);
#4327 = AXIS2_PLACEMENT_3D('',#4328,#4329,#4330);
#4328 = CARTESIAN_POINT('',(238.75,-26.,-10.30865704891));
#4329 = DIRECTION('',(0.,1.,0.));
#4330 = DIRECTION('',(0.,0.,1.));
#4331 = ADVANCED_FACE('',(#4332,#4335),#4346,.F.);
#4332 = FACE_BOUND('',#4333,.F.);
#4333 = EDGE_LOOP('',(#4334));
#4334 = ORIENTED_EDGE('',*,*,#4144,.T.);
#4335 = FACE_BOUND('',#4336,.F.);
#4336 = EDGE_LOOP('',(#4337));
#4337 = ORIENTED_EDGE('',*,*,#4338,.F.);
#4338 = EDGE_CURVE('',#4339,#4339,#4341,.T.);
#4339 = VERTEX_POINT('',#4340);
#4340 = CARTESIAN_POINT('',(232.,-25.8,-4.475));
#4341 = CIRCLE('',#4342,17.525);
#4342 = AXIS2_PLACEMENT_3D('',#4343,#4344,#4345);
#4343 = CARTESIAN_POINT('',(232.,-25.8,-22.));
#4344 = DIRECTION('',(0.,1.,0.));
#4345 = DIRECTION('',(0.,0.,1.));
#4346 = PLANE('',#4347);
#4347 = AXIS2_PLACEMENT_3D('',#4348,#4349,#4350);
#4348 = CARTESIAN_POINT('',(232.,-25.8,-22.));
#4349 = DIRECTION('',(0.,1.,0.));
#4350 = DIRECTION('',(0.,0.,1.));
#4351 = ADVANCED_FACE('',(#4352,#4363,#4366,#4369,#4372,#4375,#4378,
    #4381),#4384,.F.);
#4352 = FACE_BOUND('',#4353,.F.);
#4353 = EDGE_LOOP('',(#4354));
#4354 = ORIENTED_EDGE('',*,*,#4355,.T.);
#4355 = EDGE_CURVE('',#4356,#4356,#4358,.T.);
#4356 = VERTEX_POINT('',#4357);
#4357 = CARTESIAN_POINT('',(232.,-25.,-4.475));
#4358 = CIRCLE('',#4359,17.525);
#4359 = AXIS2_PLACEMENT_3D('',#4360,#4361,#4362);
#4360 = CARTESIAN_POINT('',(232.,-25.,-22.));
#4361 = DIRECTION('',(0.,1.,0.));
#4362 = DIRECTION('',(0.,0.,1.));
#4363 = FACE_BOUND('',#4364,.F.);
#4364 = EDGE_LOOP('',(#4365));
#4365 = ORIENTED_EDGE('',*,*,#4169,.F.);
#4366 = FACE_BOUND('',#4367,.F.);
#4367 = EDGE_LOOP('',(#4368));
#4368 = ORIENTED_EDGE('',*,*,#4194,.F.);
#4369 = FACE_BOUND('',#4370,.F.);
#4370 = EDGE_LOOP('',(#4371));
#4371 = ORIENTED_EDGE('',*,*,#4219,.F.);
#4372 = FACE_BOUND('',#4373,.F.);
#4373 = EDGE_LOOP('',(#4374));
#4374 = ORIENTED_EDGE('',*,*,#4244,.F.);
#4375 = FACE_BOUND('',#4376,.F.);
#4376 = EDGE_LOOP('',(#4377));
#4377 = ORIENTED_EDGE('',*,*,#4269,.F.);
#4378 = FACE_BOUND('',#4379,.F.);
#4379 = EDGE_LOOP('',(#4380));
#4380 = ORIENTED_EDGE('',*,*,#4294,.F.);
#4381 = FACE_BOUND('',#4382,.F.);
#4382 = EDGE_LOOP('',(#4383));
#4383 = ORIENTED_EDGE('',*,*,#4319,.F.);
#4384 = PLANE('',#4385);
#4385 = AXIS2_PLACEMENT_3D('',#4386,#4387,#4388);
#4386 = CARTESIAN_POINT('',(232.,-25.,-22.));
#4387 = DIRECTION('',(0.,1.,0.));
#4388 = DIRECTION('',(0.,0.,1.));
#4389 = ADVANCED_FACE('',(#4390),#4401,.F.);
#4390 = FACE_BOUND('',#4391,.F.);
#4391 = EDGE_LOOP('',(#4392,#4398,#4399,#4400));
#4392 = ORIENTED_EDGE('',*,*,#4393,.T.);
#4393 = EDGE_CURVE('',#4339,#4356,#4394,.T.);
#4394 = LINE('',#4395,#4396);
#4395 = CARTESIAN_POINT('',(232.,-27.,-4.475));
#4396 = VECTOR('',#4397,1.);
#4397 = DIRECTION('',(0.,1.,0.));
#4398 = ORIENTED_EDGE('',*,*,#4355,.F.);
#4399 = ORIENTED_EDGE('',*,*,#4393,.F.);
#4400 = ORIENTED_EDGE('',*,*,#4338,.T.);
#4401 = CYLINDRICAL_SURFACE('',#4402,17.525);
#4402 = AXIS2_PLACEMENT_3D('',#4403,#4404,#4405);
#4403 = CARTESIAN_POINT('',(232.,-27.,-22.));
#4404 = DIRECTION('',(0.,1.,0.));
#4405 = DIRECTION('',(0.,0.,1.));
#4406 = MANIFOLD_SOLID_BREP('',#4407);
#4407 = CLOSED_SHELL('',(#4408,#4502,#4562,#4587,#4612,#4637,#4662,#4687
    ,#4712,#4737,#4815,#4894,#4919,#4990,#5007,#5027,#5047,#5067,#5087,
    #5107,#5127,#5144,#5161,#5178,#5195,#5212,#5229,#5246,#5263,#5280,
    #5297,#5309));
#4408 = ADVANCED_FACE('',(#4409,#4420,#4431,#4442,#4453,#4464,#4475,
    #4486),#4497,.T.);
#4409 = FACE_BOUND('',#4410,.T.);
#4410 = EDGE_LOOP('',(#4411));
#4411 = ORIENTED_EDGE('',*,*,#4412,.T.);
#4412 = EDGE_CURVE('',#4413,#4413,#4415,.T.);
#4413 = VERTEX_POINT('',#4414);
#4414 = CARTESIAN_POINT('',(322.,0.,0.));
#4415 = CIRCLE('',#4416,22.);
#4416 = AXIS2_PLACEMENT_3D('',#4417,#4418,#4419);
#4417 = CARTESIAN_POINT('',(322.,0.,-22.));
#4418 = DIRECTION('',(0.,1.,0.));
#4419 = DIRECTION('',(0.,0.,1.));
#4420 = FACE_BOUND('',#4421,.T.);
#4421 = EDGE_LOOP('',(#4422));
#4422 = ORIENTED_EDGE('',*,*,#4423,.F.);
#4423 = EDGE_CURVE('',#4424,#4424,#4426,.T.);
#4424 = VERTEX_POINT('',#4425);
#4425 = CARTESIAN_POINT('',(315.25,0.,-30.59134295109));
#4426 = CIRCLE('',#4427,3.1);
#4427 = AXIS2_PLACEMENT_3D('',#4428,#4429,#4430);
#4428 = CARTESIAN_POINT('',(315.25,0.,-33.69134295109));
#4429 = DIRECTION('',(0.,1.,0.));
#4430 = DIRECTION('',(0.,0.,1.));
#4431 = FACE_BOUND('',#4432,.T.);
#4432 = EDGE_LOOP('',(#4433));
#4433 = ORIENTED_EDGE('',*,*,#4434,.F.);
#4434 = EDGE_CURVE('',#4435,#4435,#4437,.T.);
#4435 = VERTEX_POINT('',#4436);
#4436 = CARTESIAN_POINT('',(308.5,0.,-18.9));
#4437 = CIRCLE('',#4438,3.1);
#4438 = AXIS2_PLACEMENT_3D('',#4439,#4440,#4441);
#4439 = CARTESIAN_POINT('',(308.5,0.,-22.));
#4440 = DIRECTION('',(0.,1.,0.));
#4441 = DIRECTION('',(0.,0.,1.));
#4442 = FACE_BOUND('',#4443,.T.);
#4443 = EDGE_LOOP('',(#4444));
#4444 = ORIENTED_EDGE('',*,*,#4445,.F.);
#4445 = EDGE_CURVE('',#4446,#4446,#4448,.T.);
#4446 = VERTEX_POINT('',#4447);
#4447 = CARTESIAN_POINT('',(315.25,0.,-7.20865704891));
#4448 = CIRCLE('',#4449,3.1);
#4449 = AXIS2_PLACEMENT_3D('',#4450,#4451,#4452);
#4450 = CARTESIAN_POINT('',(315.25,0.,-10.30865704891));
#4451 = DIRECTION('',(0.,1.,0.));
#4452 = DIRECTION('',(0.,0.,1.));
#4453 = FACE_BOUND('',#4454,.T.);
#4454 = EDGE_LOOP('',(#4455));
#4455 = ORIENTED_EDGE('',*,*,#4456,.F.);
#4456 = EDGE_CURVE('',#4457,#4457,#4459,.T.);
#4457 = VERTEX_POINT('',#4458);
#4458 = CARTESIAN_POINT('',(328.75,0.,-30.59134295109));
#4459 = CIRCLE('',#4460,3.1);
#4460 = AXIS2_PLACEMENT_3D('',#4461,#4462,#4463);
#4461 = CARTESIAN_POINT('',(328.75,0.,-33.69134295109));
#4462 = DIRECTION('',(0.,1.,0.));
#4463 = DIRECTION('',(0.,0.,1.));
#4464 = FACE_BOUND('',#4465,.T.);
#4465 = EDGE_LOOP('',(#4466));
#4466 = ORIENTED_EDGE('',*,*,#4467,.F.);
#4467 = EDGE_CURVE('',#4468,#4468,#4470,.T.);
#4468 = VERTEX_POINT('',#4469);
#4469 = CARTESIAN_POINT('',(322.,0.,-16.));
#4470 = CIRCLE('',#4471,6.);
#4471 = AXIS2_PLACEMENT_3D('',#4472,#4473,#4474);
#4472 = CARTESIAN_POINT('',(322.,0.,-22.));
#4473 = DIRECTION('',(0.,1.,0.));
#4474 = DIRECTION('',(0.,0.,1.));
#4475 = FACE_BOUND('',#4476,.T.);
#4476 = EDGE_LOOP('',(#4477));
#4477 = ORIENTED_EDGE('',*,*,#4478,.F.);
#4478 = EDGE_CURVE('',#4479,#4479,#4481,.T.);
#4479 = VERTEX_POINT('',#4480);
#4480 = CARTESIAN_POINT('',(335.5,0.,-18.9));
#4481 = CIRCLE('',#4482,3.1);
#4482 = AXIS2_PLACEMENT_3D('',#4483,#4484,#4485);
#4483 = CARTESIAN_POINT('',(335.5,0.,-22.));
#4484 = DIRECTION('',(0.,1.,0.));
#4485 = DIRECTION('',(0.,0.,1.));
#4486 = FACE_BOUND('',#4487,.T.);
#4487 = EDGE_LOOP('',(#4488));
#4488 = ORIENTED_EDGE('',*,*,#4489,.F.);
#4489 = EDGE_CURVE('',#4490,#4490,#4492,.T.);
#4490 = VERTEX_POINT('',#4491);
#4491 = CARTESIAN_POINT('',(328.75,0.,-7.20865704891));
#4492 = CIRCLE('',#4493,3.1);
#4493 = AXIS2_PLACEMENT_3D('',#4494,#4495,#4496);
#4494 = CARTESIAN_POINT('',(328.75,0.,-10.30865704891));
#4495 = DIRECTION('',(0.,1.,0.));
#4496 = DIRECTION('',(0.,0.,1.));
#4497 = PLANE('',#4498);
#4498 = AXIS2_PLACEMENT_3D('',#4499,#4500,#4501);
#4499 = CARTESIAN_POINT('',(322.,0.,-22.));
#4500 = DIRECTION('',(0.,1.,0.));
#4501 = DIRECTION('',(0.,0.,1.));
#4502 = ADVANCED_FACE('',(#4503,#4521),#4557,.T.);
#4503 = FACE_BOUND('',#4504,.T.);
#4504 = EDGE_LOOP('',(#4505,#4506,#4513,#4520));
#4505 = ORIENTED_EDGE('',*,*,#4412,.F.);
#4506 = ORIENTED_EDGE('',*,*,#4507,.F.);
#4507 = EDGE_CURVE('',#4508,#4413,#4510,.T.);
#4508 = VERTEX_POINT('',#4509);
#4509 = CARTESIAN_POINT('',(322.,-5.,0.));
#4510 = B_SPLINE_CURVE_WITH_KNOTS('',1,(#4511,#4512),.UNSPECIFIED.,.F.,
  .F.,(2,2),(0.,5.),.PIECEWISE_BEZIER_KNOTS.);
#4511 = CARTESIAN_POINT('',(322.,-5.,0.));
#4512 = CARTESIAN_POINT('',(322.,0.,0.));
#4513 = ORIENTED_EDGE('',*,*,#4514,.T.);
#4514 = EDGE_CURVE('',#4508,#4508,#4515,.T.);
#4515 = CIRCLE('',#4516,22.);
#4516 = AXIS2_PLACEMENT_3D('',#4517,#4518,#4519);
#4517 = CARTESIAN_POINT('',(322.,-5.,-22.));
#4518 = DIRECTION('',(0.,1.,0.));
#4519 = DIRECTION('',(0.,0.,1.));
#4520 = ORIENTED_EDGE('',*,*,#4507,.T.);
#4521 = FACE_BOUND('',#4522,.T.);
#4522 = EDGE_LOOP('',(#4523,#4534,#4542,#4551));
#4523 = ORIENTED_EDGE('',*,*,#4524,.T.);
#4524 = EDGE_CURVE('',#4525,#4527,#4529,.T.);
#4525 = VERTEX_POINT('',#4526);
#4526 = CARTESIAN_POINT('',(332.56,-1.,-41.29990673552));
#4527 = VERTEX_POINT('',#4528);
#4528 = CARTESIAN_POINT('',(311.44,-1.,-41.29990673552));
#4529 = CIRCLE('',#4530,22.);
#4530 = AXIS2_PLACEMENT_3D('',#4531,#4532,#4533);
#4531 = CARTESIAN_POINT('',(322.,-1.,-22.));
#4532 = DIRECTION('',(0.,1.,0.));
#4533 = DIRECTION('',(0.,0.,1.));
#4534 = ORIENTED_EDGE('',*,*,#4535,.F.);
#4535 = EDGE_CURVE('',#4536,#4527,#4538,.T.);
#4536 = VERTEX_POINT('',#4537);
#4537 = CARTESIAN_POINT('',(311.44,-4.,-41.29990673552));
#4538 = LINE('',#4539,#4540);
#4539 = CARTESIAN_POINT('',(311.44,-4.,-41.29990673552));
#4540 = VECTOR('',#4541,1.);
#4541 = DIRECTION('',(0.,1.,0.));
#4542 = ORIENTED_EDGE('',*,*,#4543,.F.);
#4543 = EDGE_CURVE('',#4544,#4536,#4546,.T.);
#4544 = VERTEX_POINT('',#4545);
#4545 = CARTESIAN_POINT('',(332.56,-4.,-41.29990673552));
#4546 = CIRCLE('',#4547,22.);
#4547 = AXIS2_PLACEMENT_3D('',#4548,#4549,#4550);
#4548 = CARTESIAN_POINT('',(322.,-4.,-22.));
#4549 = DIRECTION('',(0.,1.,0.));
#4550 = DIRECTION('',(0.,0.,1.));
#4551 = ORIENTED_EDGE('',*,*,#4552,.T.);
#4552 = EDGE_CURVE('',#4544,#4525,#4553,.T.);
#4553 = LINE('',#4554,#4555);
#4554 = CARTESIAN_POINT('',(332.56,-4.,-41.29990673552));
#4555 = VECTOR('',#4556,1.);
#4556 = DIRECTION('',(0.,1.,0.));
#4557 = CYLINDRICAL_SURFACE('',#4558,22.);
#4558 = AXIS2_PLACEMENT_3D('',#4559,#4560,#4561);
#4559 = CARTESIAN_POINT('',(322.,-5.,-22.));
#4560 = DIRECTION('',(0.,1.,0.));
#4561 = DIRECTION('',(0.,0.,1.));
#4562 = ADVANCED_FACE('',(#4563),#4582,.F.);
#4563 = FACE_BOUND('',#4564,.F.);
#4564 = EDGE_LOOP('',(#4565,#4566,#4574,#4581));
#4565 = ORIENTED_EDGE('',*,*,#4423,.F.);
#4566 = ORIENTED_EDGE('',*,*,#4567,.F.);
#4567 = EDGE_CURVE('',#4568,#4424,#4570,.T.);
#4568 = VERTEX_POINT('',#4569);
#4569 = CARTESIAN_POINT('',(315.25,-3.,-30.59134295109));
#4570 = LINE('',#4571,#4572);
#4571 = CARTESIAN_POINT('',(315.25,-3.,-30.59134295109));
#4572 = VECTOR('',#4573,1.);
#4573 = DIRECTION('',(0.,1.,0.));
#4574 = ORIENTED_EDGE('',*,*,#4575,.T.);
#4575 = EDGE_CURVE('',#4568,#4568,#4576,.T.);
#4576 = CIRCLE('',#4577,3.1);
#4577 = AXIS2_PLACEMENT_3D('',#4578,#4579,#4580);
#4578 = CARTESIAN_POINT('',(315.25,-3.,-33.69134295109));
#4579 = DIRECTION('',(0.,1.,0.));
#4580 = DIRECTION('',(0.,0.,1.));
#4581 = ORIENTED_EDGE('',*,*,#4567,.T.);
#4582 = CYLINDRICAL_SURFACE('',#4583,3.1);
#4583 = AXIS2_PLACEMENT_3D('',#4584,#4585,#4586);
#4584 = CARTESIAN_POINT('',(315.25,-3.,-33.69134295109));
#4585 = DIRECTION('',(0.,1.,0.));
#4586 = DIRECTION('',(0.,0.,1.));
#4587 = ADVANCED_FACE('',(#4588),#4607,.F.);
#4588 = FACE_BOUND('',#4589,.F.);
#4589 = EDGE_LOOP('',(#4590,#4591,#4599,#4606));
#4590 = ORIENTED_EDGE('',*,*,#4434,.F.);
#4591 = ORIENTED_EDGE('',*,*,#4592,.F.);
#4592 = EDGE_CURVE('',#4593,#4435,#4595,.T.);
#4593 = VERTEX_POINT('',#4594);
#4594 = CARTESIAN_POINT('',(308.5,-3.,-18.9));
#4595 = LINE('',#4596,#4597);
#4596 = CARTESIAN_POINT('',(308.5,-3.,-18.9));
#4597 = VECTOR('',#4598,1.);
#4598 = DIRECTION('',(0.,1.,0.));
#4599 = ORIENTED_EDGE('',*,*,#4600,.T.);
#4600 = EDGE_CURVE('',#4593,#4593,#4601,.T.);
#4601 = CIRCLE('',#4602,3.1);
#4602 = AXIS2_PLACEMENT_3D('',#4603,#4604,#4605);
#4603 = CARTESIAN_POINT('',(308.5,-3.,-22.));
#4604 = DIRECTION('',(0.,1.,0.));
#4605 = DIRECTION('',(0.,0.,1.));
#4606 = ORIENTED_EDGE('',*,*,#4592,.T.);
#4607 = CYLINDRICAL_SURFACE('',#4608,3.1);
#4608 = AXIS2_PLACEMENT_3D('',#4609,#4610,#4611);
#4609 = CARTESIAN_POINT('',(308.5,-3.,-22.));
#4610 = DIRECTION('',(0.,1.,0.));
#4611 = DIRECTION('',(0.,0.,1.));
#4612 = ADVANCED_FACE('',(#4613),#4632,.F.);
#4613 = FACE_BOUND('',#4614,.F.);
#4614 = EDGE_LOOP('',(#4615,#4616,#4624,#4631));
#4615 = ORIENTED_EDGE('',*,*,#4445,.F.);
#4616 = ORIENTED_EDGE('',*,*,#4617,.F.);
#4617 = EDGE_CURVE('',#4618,#4446,#4620,.T.);
#4618 = VERTEX_POINT('',#4619);
#4619 = CARTESIAN_POINT('',(315.25,-3.,-7.20865704891));
#4620 = LINE('',#4621,#4622);
#4621 = CARTESIAN_POINT('',(315.25,-3.,-7.20865704891));
#4622 = VECTOR('',#4623,1.);
#4623 = DIRECTION('',(0.,1.,0.));
#4624 = ORIENTED_EDGE('',*,*,#4625,.T.);
#4625 = EDGE_CURVE('',#4618,#4618,#4626,.T.);
#4626 = CIRCLE('',#4627,3.1);
#4627 = AXIS2_PLACEMENT_3D('',#4628,#4629,#4630);
#4628 = CARTESIAN_POINT('',(315.25,-3.,-10.30865704891));
#4629 = DIRECTION('',(0.,1.,0.));
#4630 = DIRECTION('',(0.,0.,1.));
#4631 = ORIENTED_EDGE('',*,*,#4617,.T.);
#4632 = CYLINDRICAL_SURFACE('',#4633,3.1);
#4633 = AXIS2_PLACEMENT_3D('',#4634,#4635,#4636);
#4634 = CARTESIAN_POINT('',(315.25,-3.,-10.30865704891));
#4635 = DIRECTION('',(0.,1.,0.));
#4636 = DIRECTION('',(0.,0.,1.));
#4637 = ADVANCED_FACE('',(#4638),#4657,.F.);
#4638 = FACE_BOUND('',#4639,.F.);
#4639 = EDGE_LOOP('',(#4640,#4641,#4649,#4656));
#4640 = ORIENTED_EDGE('',*,*,#4456,.F.);
#4641 = ORIENTED_EDGE('',*,*,#4642,.F.);
#4642 = EDGE_CURVE('',#4643,#4457,#4645,.T.);
#4643 = VERTEX_POINT('',#4644);
#4644 = CARTESIAN_POINT('',(328.75,-3.,-30.59134295109));
#4645 = LINE('',#4646,#4647);
#4646 = CARTESIAN_POINT('',(328.75,-3.,-30.59134295109));
#4647 = VECTOR('',#4648,1.);
#4648 = DIRECTION('',(0.,1.,0.));
#4649 = ORIENTED_EDGE('',*,*,#4650,.T.);
#4650 = EDGE_CURVE('',#4643,#4643,#4651,.T.);
#4651 = CIRCLE('',#4652,3.1);
#4652 = AXIS2_PLACEMENT_3D('',#4653,#4654,#4655);
#4653 = CARTESIAN_POINT('',(328.75,-3.,-33.69134295109));
#4654 = DIRECTION('',(0.,1.,0.));
#4655 = DIRECTION('',(0.,0.,1.));
#4656 = ORIENTED_EDGE('',*,*,#4642,.T.);
#4657 = CYLINDRICAL_SURFACE('',#4658,3.1);
#4658 = AXIS2_PLACEMENT_3D('',#4659,#4660,#4661);
#4659 = CARTESIAN_POINT('',(328.75,-3.,-33.69134295109));
#4660 = DIRECTION('',(0.,1.,0.));
#4661 = DIRECTION('',(0.,0.,1.));
#4662 = ADVANCED_FACE('',(#4663),#4682,.F.);
#4663 = FACE_BOUND('',#4664,.F.);
#4664 = EDGE_LOOP('',(#4665,#4666,#4674,#4681));
#4665 = ORIENTED_EDGE('',*,*,#4467,.F.);
#4666 = ORIENTED_EDGE('',*,*,#4667,.F.);
#4667 = EDGE_CURVE('',#4668,#4468,#4670,.T.);
#4668 = VERTEX_POINT('',#4669);
#4669 = CARTESIAN_POINT('',(322.,-5.,-16.));
#4670 = LINE('',#4671,#4672);
#4671 = CARTESIAN_POINT('',(322.,-6.,-16.));
#4672 = VECTOR('',#4673,1.);
#4673 = DIRECTION('',(0.,1.,0.));
#4674 = ORIENTED_EDGE('',*,*,#4675,.T.);
#4675 = EDGE_CURVE('',#4668,#4668,#4676,.T.);
#4676 = CIRCLE('',#4677,6.);
#4677 = AXIS2_PLACEMENT_3D('',#4678,#4679,#4680);
#4678 = CARTESIAN_POINT('',(322.,-5.,-22.));
#4679 = DIRECTION('',(0.,1.,0.));
#4680 = DIRECTION('',(0.,0.,1.));
#4681 = ORIENTED_EDGE('',*,*,#4667,.T.);
#4682 = CYLINDRICAL_SURFACE('',#4683,6.);
#4683 = AXIS2_PLACEMENT_3D('',#4684,#4685,#4686);
#4684 = CARTESIAN_POINT('',(322.,-6.,-22.));
#4685 = DIRECTION('',(0.,1.,0.));
#4686 = DIRECTION('',(0.,0.,1.));
#4687 = ADVANCED_FACE('',(#4688),#4707,.F.);
#4688 = FACE_BOUND('',#4689,.F.);
#4689 = EDGE_LOOP('',(#4690,#4691,#4699,#4706));
#4690 = ORIENTED_EDGE('',*,*,#4478,.F.);
#4691 = ORIENTED_EDGE('',*,*,#4692,.F.);
#4692 = EDGE_CURVE('',#4693,#4479,#4695,.T.);
#4693 = VERTEX_POINT('',#4694);
#4694 = CARTESIAN_POINT('',(335.5,-3.,-18.9));
#4695 = LINE('',#4696,#4697);
#4696 = CARTESIAN_POINT('',(335.5,-3.,-18.9));
#4697 = VECTOR('',#4698,1.);
#4698 = DIRECTION('',(0.,1.,0.));
#4699 = ORIENTED_EDGE('',*,*,#4700,.T.);
#4700 = EDGE_CURVE('',#4693,#4693,#4701,.T.);
#4701 = CIRCLE('',#4702,3.1);
#4702 = AXIS2_PLACEMENT_3D('',#4703,#4704,#4705);
#4703 = CARTESIAN_POINT('',(335.5,-3.,-22.));
#4704 = DIRECTION('',(0.,1.,0.));
#4705 = DIRECTION('',(0.,0.,1.));
#4706 = ORIENTED_EDGE('',*,*,#4692,.T.);
#4707 = CYLINDRICAL_SURFACE('',#4708,3.1);
#4708 = AXIS2_PLACEMENT_3D('',#4709,#4710,#4711);
#4709 = CARTESIAN_POINT('',(335.5,-3.,-22.));
#4710 = DIRECTION('',(0.,1.,0.));
#4711 = DIRECTION('',(0.,0.,1.));
#4712 = ADVANCED_FACE('',(#4713),#4732,.F.);
#4713 = FACE_BOUND('',#4714,.F.);
#4714 = EDGE_LOOP('',(#4715,#4716,#4724,#4731));
#4715 = ORIENTED_EDGE('',*,*,#4489,.F.);
#4716 = ORIENTED_EDGE('',*,*,#4717,.F.);
#4717 = EDGE_CURVE('',#4718,#4490,#4720,.T.);
#4718 = VERTEX_POINT('',#4719);
#4719 = CARTESIAN_POINT('',(328.75,-3.,-7.20865704891));
#4720 = LINE('',#4721,#4722);
#4721 = CARTESIAN_POINT('',(328.75,-3.,-7.20865704891));
#4722 = VECTOR('',#4723,1.);
#4723 = DIRECTION('',(0.,1.,0.));
#4724 = ORIENTED_EDGE('',*,*,#4725,.T.);
#4725 = EDGE_CURVE('',#4718,#4718,#4726,.T.);
#4726 = CIRCLE('',#4727,3.1);
#4727 = AXIS2_PLACEMENT_3D('',#4728,#4729,#4730);
#4728 = CARTESIAN_POINT('',(328.75,-3.,-10.30865704891));
#4729 = DIRECTION('',(0.,1.,0.));
#4730 = DIRECTION('',(0.,0.,1.));
#4731 = ORIENTED_EDGE('',*,*,#4717,.T.);
#4732 = CYLINDRICAL_SURFACE('',#4733,3.1);
#4733 = AXIS2_PLACEMENT_3D('',#4734,#4735,#4736);
#4734 = CARTESIAN_POINT('',(328.75,-3.,-10.30865704891));
#4735 = DIRECTION('',(0.,1.,0.));
#4736 = DIRECTION('',(0.,0.,1.));
#4737 = ADVANCED_FACE('',(#4738,#4741,#4752,#4763,#4766,#4777,#4788,
    #4799),#4810,.F.);
#4738 = FACE_BOUND('',#4739,.F.);
#4739 = EDGE_LOOP('',(#4740));
#4740 = ORIENTED_EDGE('',*,*,#4514,.T.);
#4741 = FACE_BOUND('',#4742,.F.);
#4742 = EDGE_LOOP('',(#4743));
#4743 = ORIENTED_EDGE('',*,*,#4744,.F.);
#4744 = EDGE_CURVE('',#4745,#4745,#4747,.T.);
#4745 = VERTEX_POINT('',#4746);
#4746 = CARTESIAN_POINT('',(308.5,-5.,-20.3));
#4747 = CIRCLE('',#4748,1.7);
#4748 = AXIS2_PLACEMENT_3D('',#4749,#4750,#4751);
#4749 = CARTESIAN_POINT('',(308.5,-5.,-22.));
#4750 = DIRECTION('',(0.,1.,0.));
#4751 = DIRECTION('',(0.,0.,1.));
#4752 = FACE_BOUND('',#4753,.F.);
#4753 = EDGE_LOOP('',(#4754));
#4754 = ORIENTED_EDGE('',*,*,#4755,.F.);
#4755 = EDGE_CURVE('',#4756,#4756,#4758,.T.);
#4756 = VERTEX_POINT('',#4757);
#4757 = CARTESIAN_POINT('',(315.25,-5.,-31.99134295109));
#4758 = CIRCLE('',#4759,1.7);
#4759 = AXIS2_PLACEMENT_3D('',#4760,#4761,#4762);
#4760 = CARTESIAN_POINT('',(315.25,-5.,-33.69134295109));
#4761 = DIRECTION('',(0.,1.,0.));
#4762 = DIRECTION('',(0.,0.,1.));
#4763 = FACE_BOUND('',#4764,.F.);
#4764 = EDGE_LOOP('',(#4765));
#4765 = ORIENTED_EDGE('',*,*,#4675,.F.);
#4766 = FACE_BOUND('',#4767,.F.);
#4767 = EDGE_LOOP('',(#4768));
#4768 = ORIENTED_EDGE('',*,*,#4769,.F.);
#4769 = EDGE_CURVE('',#4770,#4770,#4772,.T.);
#4770 = VERTEX_POINT('',#4771);
#4771 = CARTESIAN_POINT('',(315.25,-5.,-8.60865704891));
#4772 = CIRCLE('',#4773,1.7);
#4773 = AXIS2_PLACEMENT_3D('',#4774,#4775,#4776);
#4774 = CARTESIAN_POINT('',(315.25,-5.,-10.30865704891));
#4775 = DIRECTION('',(0.,1.,0.));
#4776 = DIRECTION('',(0.,0.,1.));
#4777 = FACE_BOUND('',#4778,.F.);
#4778 = EDGE_LOOP('',(#4779));
#4779 = ORIENTED_EDGE('',*,*,#4780,.F.);
#4780 = EDGE_CURVE('',#4781,#4781,#4783,.T.);
#4781 = VERTEX_POINT('',#4782);
#4782 = CARTESIAN_POINT('',(328.75,-5.,-31.99134295109));
#4783 = CIRCLE('',#4784,1.7);
#4784 = AXIS2_PLACEMENT_3D('',#4785,#4786,#4787);
#4785 = CARTESIAN_POINT('',(328.75,-5.,-33.69134295109));
#4786 = DIRECTION('',(0.,1.,0.));
#4787 = DIRECTION('',(0.,0.,1.));
#4788 = FACE_BOUND('',#4789,.F.);
#4789 = EDGE_LOOP('',(#4790));
#4790 = ORIENTED_EDGE('',*,*,#4791,.F.);
#4791 = EDGE_CURVE('',#4792,#4792,#4794,.T.);
#4792 = VERTEX_POINT('',#4793);
#4793 = CARTESIAN_POINT('',(335.5,-5.,-20.3));
#4794 = CIRCLE('',#4795,1.7);
#4795 = AXIS2_PLACEMENT_3D('',#4796,#4797,#4798);
#4796 = CARTESIAN_POINT('',(335.5,-5.,-22.));
#4797 = DIRECTION('',(0.,1.,0.));
#4798 = DIRECTION('',(0.,0.,1.));
#4799 = FACE_BOUND('',#4800,.F.);
#4800 = EDGE_LOOP('',(#4801));
#4801 = ORIENTED_EDGE('',*,*,#4802,.F.);
#4802 = EDGE_CURVE('',#4803,#4803,#4805,.T.);
#4803 = VERTEX_POINT('',#4804);
#4804 = CARTESIAN_POINT('',(328.75,-5.,-8.60865704891));
#4805 = CIRCLE('',#4806,1.7);
#4806 = AXIS2_PLACEMENT_3D('',#4807,#4808,#4809);
#4807 = CARTESIAN_POINT('',(328.75,-5.,-10.30865704891));
#4808 = DIRECTION('',(0.,1.,0.));
#4809 = DIRECTION('',(0.,0.,1.));
#4810 = PLANE('',#4811);
#4811 = AXIS2_PLACEMENT_3D('',#4812,#4813,#4814);
#4812 = CARTESIAN_POINT('',(322.,-5.,-22.));
#4813 = DIRECTION('',(0.,1.,0.));
#4814 = DIRECTION('',(0.,0.,1.));
#4815 = ADVANCED_FACE('',(#4816,#4878),#4889,.T.);
#4816 = FACE_BOUND('',#4817,.T.);
#4817 = EDGE_LOOP('',(#4818,#4827,#4828,#4837,#4845,#4854,#4863,#4872));
#4818 = ORIENTED_EDGE('',*,*,#4819,.T.);
#4819 = EDGE_CURVE('',#4820,#4527,#4822,.T.);
#4820 = VERTEX_POINT('',#4821);
#4821 = CARTESIAN_POINT('',(313.,-1.,-43.93171219946));
#4822 = CIRCLE('',#4823,3.);
#4823 = AXIS2_PLACEMENT_3D('',#4824,#4825,#4826);
#4824 = CARTESIAN_POINT('',(310.,-1.,-43.93171219946));
#4825 = DIRECTION('',(0.,-1.,0.));
#4826 = DIRECTION('',(0.,0.,1.));
#4827 = ORIENTED_EDGE('',*,*,#4524,.F.);
#4828 = ORIENTED_EDGE('',*,*,#4829,.F.);
#4829 = EDGE_CURVE('',#4830,#4525,#4832,.T.);
#4830 = VERTEX_POINT('',#4831);
#4831 = CARTESIAN_POINT('',(331.,-1.,-43.93171219946));
#4832 = CIRCLE('',#4833,3.);
#4833 = AXIS2_PLACEMENT_3D('',#4834,#4835,#4836);
#4834 = CARTESIAN_POINT('',(334.,-1.,-43.93171219946));
#4835 = DIRECTION('',(0.,1.,0.));
#4836 = DIRECTION('',(0.,0.,1.));
#4837 = ORIENTED_EDGE('',*,*,#4838,.F.);
#4838 = EDGE_CURVE('',#4839,#4830,#4841,.T.);
#4839 = VERTEX_POINT('',#4840);
#4840 = CARTESIAN_POINT('',(331.,-1.,-46.41699475574));
#4841 = LINE('',#4842,#4843);
#4842 = CARTESIAN_POINT('',(331.,-1.,-57.));
#4843 = VECTOR('',#4844,1.);
#4844 = DIRECTION('',(0.,0.,1.));
#4845 = ORIENTED_EDGE('',*,*,#4846,.F.);
#4846 = EDGE_CURVE('',#4847,#4839,#4849,.T.);
#4847 = VERTEX_POINT('',#4848);
#4848 = CARTESIAN_POINT('',(331.75,-1.,-48.40130823904));
#4849 = CIRCLE('',#4850,3.);
#4850 = AXIS2_PLACEMENT_3D('',#4851,#4852,#4853);
#4851 = CARTESIAN_POINT('',(334.,-1.,-46.41699475574));
#4852 = DIRECTION('',(0.,1.,0.));
#4853 = DIRECTION('',(0.,0.,1.));
#4854 = ORIENTED_EDGE('',*,*,#4855,.T.);
#4855 = EDGE_CURVE('',#4847,#4856,#4858,.T.);
#4856 = VERTEX_POINT('',#4857);
#4857 = CARTESIAN_POINT('',(312.25,-1.,-48.40130823904));
#4858 = CIRCLE('',#4859,13.);
#4859 = AXIS2_PLACEMENT_3D('',#4860,#4861,#4862);
#4860 = CARTESIAN_POINT('',(322.,-1.,-57.));
#4861 = DIRECTION('',(0.,1.,0.));
#4862 = DIRECTION('',(0.,0.,1.));
#4863 = ORIENTED_EDGE('',*,*,#4864,.F.);
#4864 = EDGE_CURVE('',#4865,#4856,#4867,.T.);
#4865 = VERTEX_POINT('',#4866);
#4866 = CARTESIAN_POINT('',(313.,-1.,-46.41699475574));
#4867 = CIRCLE('',#4868,3.);
#4868 = AXIS2_PLACEMENT_3D('',#4869,#4870,#4871);
#4869 = CARTESIAN_POINT('',(310.,-1.,-46.41699475574));
#4870 = DIRECTION('',(0.,1.,0.));
#4871 = DIRECTION('',(0.,0.,1.));
#4872 = ORIENTED_EDGE('',*,*,#4873,.T.);
#4873 = EDGE_CURVE('',#4865,#4820,#4874,.T.);
#4874 = LINE('',#4875,#4876);
#4875 = CARTESIAN_POINT('',(313.,-1.,-57.));
#4876 = VECTOR('',#4877,1.);
#4877 = DIRECTION('',(0.,0.,1.));
#4878 = FACE_BOUND('',#4879,.T.);
#4879 = EDGE_LOOP('',(#4880));
#4880 = ORIENTED_EDGE('',*,*,#4881,.F.);
#4881 = EDGE_CURVE('',#4882,#4882,#4884,.T.);
#4882 = VERTEX_POINT('',#4883);
#4883 = CARTESIAN_POINT('',(322.,-1.,-53.));
#4884 = CIRCLE('',#4885,4.);
#4885 = AXIS2_PLACEMENT_3D('',#4886,#4887,#4888);
#4886 = CARTESIAN_POINT('',(322.,-1.,-57.));
#4887 = DIRECTION('',(0.,1.,0.));
#4888 = DIRECTION('',(0.,0.,1.));
#4889 = PLANE('',#4890);
#4890 = AXIS2_PLACEMENT_3D('',#4891,#4892,#4893);
#4891 = CARTESIAN_POINT('',(322.,-1.,-33.00324474633));
#4892 = DIRECTION('',(0.,1.,0.));
#4893 = DIRECTION('',(0.,0.,1.));
#4894 = ADVANCED_FACE('',(#4895),#4914,.F.);
#4895 = FACE_BOUND('',#4896,.T.);
#4896 = EDGE_LOOP('',(#4897,#4906,#4907,#4908));
#4897 = ORIENTED_EDGE('',*,*,#4898,.T.);
#4898 = EDGE_CURVE('',#4899,#4536,#4901,.T.);
#4899 = VERTEX_POINT('',#4900);
#4900 = CARTESIAN_POINT('',(313.,-4.,-43.93171219946));
#4901 = CIRCLE('',#4902,3.);
#4902 = AXIS2_PLACEMENT_3D('',#4903,#4904,#4905);
#4903 = CARTESIAN_POINT('',(310.,-4.,-43.93171219946));
#4904 = DIRECTION('',(0.,-1.,0.));
#4905 = DIRECTION('',(0.,0.,1.));
#4906 = ORIENTED_EDGE('',*,*,#4535,.T.);
#4907 = ORIENTED_EDGE('',*,*,#4819,.F.);
#4908 = ORIENTED_EDGE('',*,*,#4909,.F.);
#4909 = EDGE_CURVE('',#4899,#4820,#4910,.T.);
#4910 = LINE('',#4911,#4912);
#4911 = CARTESIAN_POINT('',(313.,-4.,-43.93171219946));
#4912 = VECTOR('',#4913,1.);
#4913 = DIRECTION('',(0.,1.,0.));
#4914 = CYLINDRICAL_SURFACE('',#4915,3.);
#4915 = AXIS2_PLACEMENT_3D('',#4916,#4917,#4918);
#4916 = CARTESIAN_POINT('',(310.,-4.,-43.93171219946));
#4917 = DIRECTION('',(0.,1.,0.));
#4918 = DIRECTION('',(1.,0.,0.));
#4919 = ADVANCED_FACE('',(#4920,#4974),#4985,.T.);
#4920 = FACE_BOUND('',#4921,.T.);
#4921 = EDGE_LOOP('',(#4922,#4923,#4924,#4932,#4941,#4950,#4959,#4967));
#4922 = ORIENTED_EDGE('',*,*,#4543,.T.);
#4923 = ORIENTED_EDGE('',*,*,#4898,.F.);
#4924 = ORIENTED_EDGE('',*,*,#4925,.F.);
#4925 = EDGE_CURVE('',#4926,#4899,#4928,.T.);
#4926 = VERTEX_POINT('',#4927);
#4927 = CARTESIAN_POINT('',(313.,-4.,-46.41699475574));
#4928 = LINE('',#4929,#4930);
#4929 = CARTESIAN_POINT('',(313.,-4.,-57.));
#4930 = VECTOR('',#4931,1.);
#4931 = DIRECTION('',(0.,0.,1.));
#4932 = ORIENTED_EDGE('',*,*,#4933,.T.);
#4933 = EDGE_CURVE('',#4926,#4934,#4936,.T.);
#4934 = VERTEX_POINT('',#4935);
#4935 = CARTESIAN_POINT('',(312.25,-4.,-48.40130823904));
#4936 = CIRCLE('',#4937,3.);
#4937 = AXIS2_PLACEMENT_3D('',#4938,#4939,#4940);
#4938 = CARTESIAN_POINT('',(310.,-4.,-46.41699475574));
#4939 = DIRECTION('',(0.,1.,0.));
#4940 = DIRECTION('',(0.,0.,1.));
#4941 = ORIENTED_EDGE('',*,*,#4942,.F.);
#4942 = EDGE_CURVE('',#4943,#4934,#4945,.T.);
#4943 = VERTEX_POINT('',#4944);
#4944 = CARTESIAN_POINT('',(331.75,-4.,-48.40130823904));
#4945 = CIRCLE('',#4946,13.);
#4946 = AXIS2_PLACEMENT_3D('',#4947,#4948,#4949);
#4947 = CARTESIAN_POINT('',(322.,-4.,-57.));
#4948 = DIRECTION('',(0.,1.,0.));
#4949 = DIRECTION('',(0.,0.,1.));
#4950 = ORIENTED_EDGE('',*,*,#4951,.T.);
#4951 = EDGE_CURVE('',#4943,#4952,#4954,.T.);
#4952 = VERTEX_POINT('',#4953);
#4953 = CARTESIAN_POINT('',(331.,-4.,-46.41699475574));
#4954 = CIRCLE('',#4955,3.);
#4955 = AXIS2_PLACEMENT_3D('',#4956,#4957,#4958);
#4956 = CARTESIAN_POINT('',(334.,-4.,-46.41699475574));
#4957 = DIRECTION('',(0.,1.,0.));
#4958 = DIRECTION('',(0.,0.,1.));
#4959 = ORIENTED_EDGE('',*,*,#4960,.T.);
#4960 = EDGE_CURVE('',#4952,#4961,#4963,.T.);
#4961 = VERTEX_POINT('',#4962);
#4962 = CARTESIAN_POINT('',(331.,-4.,-43.93171219946));
#4963 = LINE('',#4964,#4965);
#4964 = CARTESIAN_POINT('',(331.,-4.,-57.));
#4965 = VECTOR('',#4966,1.);
#4966 = DIRECTION('',(0.,0.,1.));
#4967 = ORIENTED_EDGE('',*,*,#4968,.T.);
#4968 = EDGE_CURVE('',#4961,#4544,#4969,.T.);
#4969 = CIRCLE('',#4970,3.);
#4970 = AXIS2_PLACEMENT_3D('',#4971,#4972,#4973);
#4971 = CARTESIAN_POINT('',(334.,-4.,-43.93171219946));
#4972 = DIRECTION('',(0.,1.,0.));
#4973 = DIRECTION('',(0.,0.,1.));
#4974 = FACE_BOUND('',#4975,.T.);
#4975 = EDGE_LOOP('',(#4976));
#4976 = ORIENTED_EDGE('',*,*,#4977,.T.);
#4977 = EDGE_CURVE('',#4978,#4978,#4980,.T.);
#4978 = VERTEX_POINT('',#4979);
#4979 = CARTESIAN_POINT('',(322.,-4.,-53.));
#4980 = CIRCLE('',#4981,4.);
#4981 = AXIS2_PLACEMENT_3D('',#4982,#4983,#4984);
#4982 = CARTESIAN_POINT('',(322.,-4.,-57.));
#4983 = DIRECTION('',(0.,1.,0.));
#4984 = DIRECTION('',(0.,0.,1.));
#4985 = PLANE('',#4986);
#4986 = AXIS2_PLACEMENT_3D('',#4987,#4988,#4989);
#4987 = CARTESIAN_POINT('',(322.,-4.,-33.00324474633));
#4988 = DIRECTION('',(-0.,-1.,-0.));
#4989 = DIRECTION('',(0.,0.,-1.));
#4990 = ADVANCED_FACE('',(#4991),#5002,.F.);
#4991 = FACE_BOUND('',#4992,.F.);
#4992 = EDGE_LOOP('',(#4993,#4994,#4995,#4996));
#4993 = ORIENTED_EDGE('',*,*,#4968,.T.);
#4994 = ORIENTED_EDGE('',*,*,#4552,.T.);
#4995 = ORIENTED_EDGE('',*,*,#4829,.F.);
#4996 = ORIENTED_EDGE('',*,*,#4997,.F.);
#4997 = EDGE_CURVE('',#4961,#4830,#4998,.T.);
#4998 = LINE('',#4999,#5000);
#4999 = CARTESIAN_POINT('',(331.,-4.,-43.93171219946));
#5000 = VECTOR('',#5001,1.);
#5001 = DIRECTION('',(0.,1.,0.));
#5002 = CYLINDRICAL_SURFACE('',#5003,3.);
#5003 = AXIS2_PLACEMENT_3D('',#5004,#5005,#5006);
#5004 = CARTESIAN_POINT('',(334.,-4.,-43.93171219946));
#5005 = DIRECTION('',(0.,1.,0.));
#5006 = DIRECTION('',(-1.,0.,0.));
#5007 = ADVANCED_FACE('',(#5008,#5011),#5022,.T.);
#5008 = FACE_BOUND('',#5009,.T.);
#5009 = EDGE_LOOP('',(#5010));
#5010 = ORIENTED_EDGE('',*,*,#4575,.T.);
#5011 = FACE_BOUND('',#5012,.T.);
#5012 = EDGE_LOOP('',(#5013));
#5013 = ORIENTED_EDGE('',*,*,#5014,.F.);
#5014 = EDGE_CURVE('',#5015,#5015,#5017,.T.);
#5015 = VERTEX_POINT('',#5016);
#5016 = CARTESIAN_POINT('',(315.25,-3.,-31.99134295109));
#5017 = CIRCLE('',#5018,1.7);
#5018 = AXIS2_PLACEMENT_3D('',#5019,#5020,#5021);
#5019 = CARTESIAN_POINT('',(315.25,-3.,-33.69134295109));
#5020 = DIRECTION('',(0.,1.,0.));
#5021 = DIRECTION('',(0.,0.,1.));
#5022 = PLANE('',#5023);
#5023 = AXIS2_PLACEMENT_3D('',#5024,#5025,#5026);
#5024 = CARTESIAN_POINT('',(315.25,-3.,-33.69134295109));
#5025 = DIRECTION('',(0.,1.,0.));
#5026 = DIRECTION('',(0.,0.,1.));
#5027 = ADVANCED_FACE('',(#5028,#5031),#5042,.T.);
#5028 = FACE_BOUND('',#5029,.T.);
#5029 = EDGE_LOOP('',(#5030));
#5030 = ORIENTED_EDGE('',*,*,#4600,.T.);
#5031 = FACE_BOUND('',#5032,.T.);
#5032 = EDGE_LOOP('',(#5033));
#5033 = ORIENTED_EDGE('',*,*,#5034,.F.);
#5034 = EDGE_CURVE('',#5035,#5035,#5037,.T.);
#5035 = VERTEX_POINT('',#5036);
#5036 = CARTESIAN_POINT('',(308.5,-3.,-20.3));
#5037 = CIRCLE('',#5038,1.7);
#5038 = AXIS2_PLACEMENT_3D('',#5039,#5040,#5041);
#5039 = CARTESIAN_POINT('',(308.5,-3.,-22.));
#5040 = DIRECTION('',(0.,1.,0.));
#5041 = DIRECTION('',(0.,0.,1.));
#5042 = PLANE('',#5043);
#5043 = AXIS2_PLACEMENT_3D('',#5044,#5045,#5046);
#5044 = CARTESIAN_POINT('',(308.5,-3.,-22.));
#5045 = DIRECTION('',(0.,1.,0.));
#5046 = DIRECTION('',(0.,0.,1.));
#5047 = ADVANCED_FACE('',(#5048,#5051),#5062,.T.);
#5048 = FACE_BOUND('',#5049,.T.);
#5049 = EDGE_LOOP('',(#5050));
#5050 = ORIENTED_EDGE('',*,*,#4625,.T.);
#5051 = FACE_BOUND('',#5052,.T.);
#5052 = EDGE_LOOP('',(#5053));
#5053 = ORIENTED_EDGE('',*,*,#5054,.F.);
#5054 = EDGE_CURVE('',#5055,#5055,#5057,.T.);
#5055 = VERTEX_POINT('',#5056);
#5056 = CARTESIAN_POINT('',(315.25,-3.,-8.60865704891));
#5057 = CIRCLE('',#5058,1.7);
#5058 = AXIS2_PLACEMENT_3D('',#5059,#5060,#5061);
#5059 = CARTESIAN_POINT('',(315.25,-3.,-10.30865704891));
#5060 = DIRECTION('',(0.,1.,0.));
#5061 = DIRECTION('',(0.,0.,1.));
#5062 = PLANE('',#5063);
#5063 = AXIS2_PLACEMENT_3D('',#5064,#5065,#5066);
#5064 = CARTESIAN_POINT('',(315.25,-3.,-10.30865704891));
#5065 = DIRECTION('',(0.,1.,0.));
#5066 = DIRECTION('',(0.,0.,1.));
#5067 = ADVANCED_FACE('',(#5068,#5071),#5082,.T.);
#5068 = FACE_BOUND('',#5069,.T.);
#5069 = EDGE_LOOP('',(#5070));
#5070 = ORIENTED_EDGE('',*,*,#4650,.T.);
#5071 = FACE_BOUND('',#5072,.T.);
#5072 = EDGE_LOOP('',(#5073));
#5073 = ORIENTED_EDGE('',*,*,#5074,.F.);
#5074 = EDGE_CURVE('',#5075,#5075,#5077,.T.);
#5075 = VERTEX_POINT('',#5076);
#5076 = CARTESIAN_POINT('',(328.75,-3.,-31.99134295109));
#5077 = CIRCLE('',#5078,1.7);
#5078 = AXIS2_PLACEMENT_3D('',#5079,#5080,#5081);
#5079 = CARTESIAN_POINT('',(328.75,-3.,-33.69134295109));
#5080 = DIRECTION('',(0.,1.,0.));
#5081 = DIRECTION('',(0.,0.,1.));
#5082 = PLANE('',#5083);
#5083 = AXIS2_PLACEMENT_3D('',#5084,#5085,#5086);
#5084 = CARTESIAN_POINT('',(328.75,-3.,-33.69134295109));
#5085 = DIRECTION('',(0.,1.,0.));
#5086 = DIRECTION('',(0.,0.,1.));
#5087 = ADVANCED_FACE('',(#5088,#5091),#5102,.T.);
#5088 = FACE_BOUND('',#5089,.T.);
#5089 = EDGE_LOOP('',(#5090));
#5090 = ORIENTED_EDGE('',*,*,#4700,.T.);
#5091 = FACE_BOUND('',#5092,.T.);
#5092 = EDGE_LOOP('',(#5093));
#5093 = ORIENTED_EDGE('',*,*,#5094,.F.);
#5094 = EDGE_CURVE('',#5095,#5095,#5097,.T.);
#5095 = VERTEX_POINT('',#5096);
#5096 = CARTESIAN_POINT('',(335.5,-3.,-20.3));
#5097 = CIRCLE('',#5098,1.7);
#5098 = AXIS2_PLACEMENT_3D('',#5099,#5100,#5101);
#5099 = CARTESIAN_POINT('',(335.5,-3.,-22.));
#5100 = DIRECTION('',(0.,1.,0.));
#5101 = DIRECTION('',(0.,0.,1.));
#5102 = PLANE('',#5103);
#5103 = AXIS2_PLACEMENT_3D('',#5104,#5105,#5106);
#5104 = CARTESIAN_POINT('',(335.5,-3.,-22.));
#5105 = DIRECTION('',(0.,1.,0.));
#5106 = DIRECTION('',(0.,0.,1.));
#5107 = ADVANCED_FACE('',(#5108,#5111),#5122,.T.);
#5108 = FACE_BOUND('',#5109,.T.);
#5109 = EDGE_LOOP('',(#5110));
#5110 = ORIENTED_EDGE('',*,*,#4725,.T.);
#5111 = FACE_BOUND('',#5112,.T.);
#5112 = EDGE_LOOP('',(#5113));
#5113 = ORIENTED_EDGE('',*,*,#5114,.F.);
#5114 = EDGE_CURVE('',#5115,#5115,#5117,.T.);
#5115 = VERTEX_POINT('',#5116);
#5116 = CARTESIAN_POINT('',(328.75,-3.,-8.60865704891));
#5117 = CIRCLE('',#5118,1.7);
#5118 = AXIS2_PLACEMENT_3D('',#5119,#5120,#5121);
#5119 = CARTESIAN_POINT('',(328.75,-3.,-10.30865704891));
#5120 = DIRECTION('',(0.,1.,0.));
#5121 = DIRECTION('',(0.,0.,1.));
#5122 = PLANE('',#5123);
#5123 = AXIS2_PLACEMENT_3D('',#5124,#5125,#5126);
#5124 = CARTESIAN_POINT('',(328.75,-3.,-10.30865704891));
#5125 = DIRECTION('',(0.,1.,0.));
#5126 = DIRECTION('',(0.,0.,1.));
#5127 = ADVANCED_FACE('',(#5128),#5139,.F.);
#5128 = FACE_BOUND('',#5129,.F.);
#5129 = EDGE_LOOP('',(#5130,#5131,#5137,#5138));
#5130 = ORIENTED_EDGE('',*,*,#5034,.F.);
#5131 = ORIENTED_EDGE('',*,*,#5132,.F.);
#5132 = EDGE_CURVE('',#4745,#5035,#5133,.T.);
#5133 = LINE('',#5134,#5135);
#5134 = CARTESIAN_POINT('',(308.5,-6.,-20.3));
#5135 = VECTOR('',#5136,1.);
#5136 = DIRECTION('',(0.,1.,0.));
#5137 = ORIENTED_EDGE('',*,*,#4744,.T.);
#5138 = ORIENTED_EDGE('',*,*,#5132,.T.);
#5139 = CYLINDRICAL_SURFACE('',#5140,1.7);
#5140 = AXIS2_PLACEMENT_3D('',#5141,#5142,#5143);
#5141 = CARTESIAN_POINT('',(308.5,-6.,-22.));
#5142 = DIRECTION('',(0.,1.,0.));
#5143 = DIRECTION('',(0.,0.,1.));
#5144 = ADVANCED_FACE('',(#5145),#5156,.F.);
#5145 = FACE_BOUND('',#5146,.F.);
#5146 = EDGE_LOOP('',(#5147,#5148,#5154,#5155));
#5147 = ORIENTED_EDGE('',*,*,#5014,.F.);
#5148 = ORIENTED_EDGE('',*,*,#5149,.F.);
#5149 = EDGE_CURVE('',#4756,#5015,#5150,.T.);
#5150 = LINE('',#5151,#5152);
#5151 = CARTESIAN_POINT('',(315.25,-6.,-31.99134295109));
#5152 = VECTOR('',#5153,1.);
#5153 = DIRECTION('',(0.,1.,0.));
#5154 = ORIENTED_EDGE('',*,*,#4755,.T.);
#5155 = ORIENTED_EDGE('',*,*,#5149,.T.);
#5156 = CYLINDRICAL_SURFACE('',#5157,1.7);
#5157 = AXIS2_PLACEMENT_3D('',#5158,#5159,#5160);
#5158 = CARTESIAN_POINT('',(315.25,-6.,-33.69134295109));
#5159 = DIRECTION('',(0.,1.,0.));
#5160 = DIRECTION('',(0.,0.,1.));
#5161 = ADVANCED_FACE('',(#5162),#5173,.F.);
#5162 = FACE_BOUND('',#5163,.F.);
#5163 = EDGE_LOOP('',(#5164,#5165,#5171,#5172));
#5164 = ORIENTED_EDGE('',*,*,#5054,.F.);
#5165 = ORIENTED_EDGE('',*,*,#5166,.F.);
#5166 = EDGE_CURVE('',#4770,#5055,#5167,.T.);
#5167 = LINE('',#5168,#5169);
#5168 = CARTESIAN_POINT('',(315.25,-6.,-8.60865704891));
#5169 = VECTOR('',#5170,1.);
#5170 = DIRECTION('',(0.,1.,0.));
#5171 = ORIENTED_EDGE('',*,*,#4769,.T.);
#5172 = ORIENTED_EDGE('',*,*,#5166,.T.);
#5173 = CYLINDRICAL_SURFACE('',#5174,1.7);
#5174 = AXIS2_PLACEMENT_3D('',#5175,#5176,#5177);
#5175 = CARTESIAN_POINT('',(315.25,-6.,-10.30865704891));
#5176 = DIRECTION('',(0.,1.,0.));
#5177 = DIRECTION('',(0.,0.,1.));
#5178 = ADVANCED_FACE('',(#5179),#5190,.F.);
#5179 = FACE_BOUND('',#5180,.F.);
#5180 = EDGE_LOOP('',(#5181,#5182,#5188,#5189));
#5181 = ORIENTED_EDGE('',*,*,#5074,.F.);
#5182 = ORIENTED_EDGE('',*,*,#5183,.F.);
#5183 = EDGE_CURVE('',#4781,#5075,#5184,.T.);
#5184 = LINE('',#5185,#5186);
#5185 = CARTESIAN_POINT('',(328.75,-6.,-31.99134295109));
#5186 = VECTOR('',#5187,1.);
#5187 = DIRECTION('',(0.,1.,0.));
#5188 = ORIENTED_EDGE('',*,*,#4780,.T.);
#5189 = ORIENTED_EDGE('',*,*,#5183,.T.);
#5190 = CYLINDRICAL_SURFACE('',#5191,1.7);
#5191 = AXIS2_PLACEMENT_3D('',#5192,#5193,#5194);
#5192 = CARTESIAN_POINT('',(328.75,-6.,-33.69134295109));
#5193 = DIRECTION('',(0.,1.,0.));
#5194 = DIRECTION('',(0.,0.,1.));
#5195 = ADVANCED_FACE('',(#5196),#5207,.F.);
#5196 = FACE_BOUND('',#5197,.F.);
#5197 = EDGE_LOOP('',(#5198,#5199,#5205,#5206));
#5198 = ORIENTED_EDGE('',*,*,#5094,.F.);
#5199 = ORIENTED_EDGE('',*,*,#5200,.F.);
#5200 = EDGE_CURVE('',#4792,#5095,#5201,.T.);
#5201 = LINE('',#5202,#5203);
#5202 = CARTESIAN_POINT('',(335.5,-6.,-20.3));
#5203 = VECTOR('',#5204,1.);
#5204 = DIRECTION('',(0.,1.,0.));
#5205 = ORIENTED_EDGE('',*,*,#4791,.T.);
#5206 = ORIENTED_EDGE('',*,*,#5200,.T.);
#5207 = CYLINDRICAL_SURFACE('',#5208,1.7);
#5208 = AXIS2_PLACEMENT_3D('',#5209,#5210,#5211);
#5209 = CARTESIAN_POINT('',(335.5,-6.,-22.));
#5210 = DIRECTION('',(0.,1.,0.));
#5211 = DIRECTION('',(0.,0.,1.));
#5212 = ADVANCED_FACE('',(#5213),#5224,.F.);
#5213 = FACE_BOUND('',#5214,.F.);
#5214 = EDGE_LOOP('',(#5215,#5216,#5222,#5223));
#5215 = ORIENTED_EDGE('',*,*,#5114,.F.);
#5216 = ORIENTED_EDGE('',*,*,#5217,.F.);
#5217 = EDGE_CURVE('',#4803,#5115,#5218,.T.);
#5218 = LINE('',#5219,#5220);
#5219 = CARTESIAN_POINT('',(328.75,-6.,-8.60865704891));
#5220 = VECTOR('',#5221,1.);
#5221 = DIRECTION('',(0.,1.,0.));
#5222 = ORIENTED_EDGE('',*,*,#4802,.T.);
#5223 = ORIENTED_EDGE('',*,*,#5217,.T.);
#5224 = CYLINDRICAL_SURFACE('',#5225,1.7);
#5225 = AXIS2_PLACEMENT_3D('',#5226,#5227,#5228);
#5226 = CARTESIAN_POINT('',(328.75,-6.,-10.30865704891));
#5227 = DIRECTION('',(0.,1.,0.));
#5228 = DIRECTION('',(0.,0.,1.));
#5229 = ADVANCED_FACE('',(#5230),#5241,.F.);
#5230 = FACE_BOUND('',#5231,.F.);
#5231 = EDGE_LOOP('',(#5232,#5233,#5239,#5240));
#5232 = ORIENTED_EDGE('',*,*,#4925,.F.);
#5233 = ORIENTED_EDGE('',*,*,#5234,.T.);
#5234 = EDGE_CURVE('',#4926,#4865,#5235,.T.);
#5235 = LINE('',#5236,#5237);
#5236 = CARTESIAN_POINT('',(313.,-4.,-46.41699475574));
#5237 = VECTOR('',#5238,1.);
#5238 = DIRECTION('',(0.,1.,0.));
#5239 = ORIENTED_EDGE('',*,*,#4873,.T.);
#5240 = ORIENTED_EDGE('',*,*,#4909,.F.);
#5241 = PLANE('',#5242);
#5242 = AXIS2_PLACEMENT_3D('',#5243,#5244,#5245);
#5243 = CARTESIAN_POINT('',(313.,-4.,-57.));
#5244 = DIRECTION('',(1.,0.,0.));
#5245 = DIRECTION('',(0.,0.,1.));
#5246 = ADVANCED_FACE('',(#5247),#5258,.F.);
#5247 = FACE_BOUND('',#5248,.F.);
#5248 = EDGE_LOOP('',(#5249,#5250,#5256,#5257));
#5249 = ORIENTED_EDGE('',*,*,#4933,.T.);
#5250 = ORIENTED_EDGE('',*,*,#5251,.T.);
#5251 = EDGE_CURVE('',#4934,#4856,#5252,.T.);
#5252 = LINE('',#5253,#5254);
#5253 = CARTESIAN_POINT('',(312.25,-4.,-48.40130823904));
#5254 = VECTOR('',#5255,1.);
#5255 = DIRECTION('',(0.,1.,0.));
#5256 = ORIENTED_EDGE('',*,*,#4864,.F.);
#5257 = ORIENTED_EDGE('',*,*,#5234,.F.);
#5258 = CYLINDRICAL_SURFACE('',#5259,3.);
#5259 = AXIS2_PLACEMENT_3D('',#5260,#5261,#5262);
#5260 = CARTESIAN_POINT('',(310.,-4.,-46.41699475574));
#5261 = DIRECTION('',(0.,1.,0.));
#5262 = DIRECTION('',(1.,0.,0.));
#5263 = ADVANCED_FACE('',(#5264),#5275,.T.);
#5264 = FACE_BOUND('',#5265,.T.);
#5265 = EDGE_LOOP('',(#5266,#5267,#5273,#5274));
#5266 = ORIENTED_EDGE('',*,*,#4855,.F.);
#5267 = ORIENTED_EDGE('',*,*,#5268,.F.);
#5268 = EDGE_CURVE('',#4943,#4847,#5269,.T.);
#5269 = LINE('',#5270,#5271);
#5270 = CARTESIAN_POINT('',(331.75,-4.,-48.40130823904));
#5271 = VECTOR('',#5272,1.);
#5272 = DIRECTION('',(0.,1.,0.));
#5273 = ORIENTED_EDGE('',*,*,#4942,.T.);
#5274 = ORIENTED_EDGE('',*,*,#5251,.T.);
#5275 = CYLINDRICAL_SURFACE('',#5276,13.);
#5276 = AXIS2_PLACEMENT_3D('',#5277,#5278,#5279);
#5277 = CARTESIAN_POINT('',(322.,-4.,-57.));
#5278 = DIRECTION('',(0.,1.,0.));
#5279 = DIRECTION('',(0.,0.,1.));
#5280 = ADVANCED_FACE('',(#5281),#5292,.T.);
#5281 = FACE_BOUND('',#5282,.T.);
#5282 = EDGE_LOOP('',(#5283,#5284,#5290,#5291));
#5283 = ORIENTED_EDGE('',*,*,#4960,.F.);
#5284 = ORIENTED_EDGE('',*,*,#5285,.T.);
#5285 = EDGE_CURVE('',#4952,#4839,#5286,.T.);
#5286 = LINE('',#5287,#5288);
#5287 = CARTESIAN_POINT('',(331.,-4.,-46.41699475574));
#5288 = VECTOR('',#5289,1.);
#5289 = DIRECTION('',(0.,1.,0.));
#5290 = ORIENTED_EDGE('',*,*,#4838,.T.);
#5291 = ORIENTED_EDGE('',*,*,#4997,.F.);
#5292 = PLANE('',#5293);
#5293 = AXIS2_PLACEMENT_3D('',#5294,#5295,#5296);
#5294 = CARTESIAN_POINT('',(331.,-4.,-57.));
#5295 = DIRECTION('',(1.,0.,0.));
#5296 = DIRECTION('',(0.,0.,1.));
#5297 = ADVANCED_FACE('',(#5298),#5304,.F.);
#5298 = FACE_BOUND('',#5299,.F.);
#5299 = EDGE_LOOP('',(#5300,#5301,#5302,#5303));
#5300 = ORIENTED_EDGE('',*,*,#4951,.T.);
#5301 = ORIENTED_EDGE('',*,*,#5285,.T.);
#5302 = ORIENTED_EDGE('',*,*,#4846,.F.);
#5303 = ORIENTED_EDGE('',*,*,#5268,.F.);
#5304 = CYLINDRICAL_SURFACE('',#5305,3.);
#5305 = AXIS2_PLACEMENT_3D('',#5306,#5307,#5308);
#5306 = CARTESIAN_POINT('',(334.,-4.,-46.41699475574));
#5307 = DIRECTION('',(0.,1.,0.));
#5308 = DIRECTION('',(-0.75,0.,-0.661437827766));
#5309 = ADVANCED_FACE('',(#5310),#5321,.F.);
#5310 = FACE_BOUND('',#5311,.F.);
#5311 = EDGE_LOOP('',(#5312,#5313,#5319,#5320));
#5312 = ORIENTED_EDGE('',*,*,#4881,.F.);
#5313 = ORIENTED_EDGE('',*,*,#5314,.F.);
#5314 = EDGE_CURVE('',#4978,#4882,#5315,.T.);
#5315 = LINE('',#5316,#5317);
#5316 = CARTESIAN_POINT('',(322.,-5.,-53.));
#5317 = VECTOR('',#5318,1.);
#5318 = DIRECTION('',(0.,1.,0.));
#5319 = ORIENTED_EDGE('',*,*,#4977,.T.);
#5320 = ORIENTED_EDGE('',*,*,#5314,.T.);
#5321 = CYLINDRICAL_SURFACE('',#5322,4.);
#5322 = AXIS2_PLACEMENT_3D('',#5323,#5324,#5325);
#5323 = CARTESIAN_POINT('',(322.,-5.,-57.));
#5324 = DIRECTION('',(0.,1.,0.));
#5325 = DIRECTION('',(0.,0.,1.));
#5326 = MANIFOLD_SOLID_BREP('',#5327);
#5327 = CLOSED_SHELL('',(#5328,#5370,#5406,#5442,#5536,#5630,#5650,#5670
    ,#5690,#5710,#5730,#5750,#5762,#5787,#5812,#5837,#5862,#5882,#5902,
    #5922,#5942,#5959));
#5328 = ADVANCED_FACE('',(#5329),#5365,.T.);
#5329 = FACE_BOUND('',#5330,.T.);
#5330 = EDGE_LOOP('',(#5331,#5341,#5350,#5358));
#5331 = ORIENTED_EDGE('',*,*,#5332,.T.);
#5332 = EDGE_CURVE('',#5333,#5335,#5337,.T.);
#5333 = VERTEX_POINT('',#5334);
#5334 = CARTESIAN_POINT('',(415.,-12.,-20.94427190999));
#5335 = VERTEX_POINT('',#5336);
#5336 = CARTESIAN_POINT('',(415.,0.,-20.94427190999));
#5337 = LINE('',#5338,#5339);
#5338 = CARTESIAN_POINT('',(415.,-12.,-20.94427190999));
#5339 = VECTOR('',#5340,1.);
#5340 = DIRECTION('',(0.,1.,0.));
#5341 = ORIENTED_EDGE('',*,*,#5342,.T.);
#5342 = EDGE_CURVE('',#5335,#5343,#5345,.T.);
#5343 = VERTEX_POINT('',#5344);
#5344 = CARTESIAN_POINT('',(399.,0.,-20.94427190999));
#5345 = CIRCLE('',#5346,12.);
#5346 = AXIS2_PLACEMENT_3D('',#5347,#5348,#5349);
#5347 = CARTESIAN_POINT('',(407.,0.,-12.));
#5348 = DIRECTION('',(0.,-1.,0.));
#5349 = DIRECTION('',(0.666666666667,0.,-0.7453559925));
#5350 = ORIENTED_EDGE('',*,*,#5351,.F.);
#5351 = EDGE_CURVE('',#5352,#5343,#5354,.T.);
#5352 = VERTEX_POINT('',#5353);
#5353 = CARTESIAN_POINT('',(399.,-12.,-20.94427190999));
#5354 = LINE('',#5355,#5356);
#5355 = CARTESIAN_POINT('',(399.,-12.,-20.94427190999));
#5356 = VECTOR('',#5357,1.);
#5357 = DIRECTION('',(0.,1.,0.));
#5358 = ORIENTED_EDGE('',*,*,#5359,.F.);
#5359 = EDGE_CURVE('',#5333,#5352,#5360,.T.);
#5360 = CIRCLE('',#5361,12.);
#5361 = AXIS2_PLACEMENT_3D('',#5362,#5363,#5364);
#5362 = CARTESIAN_POINT('',(407.,-12.,-12.));
#5363 = DIRECTION('',(0.,-1.,0.));
#5364 = DIRECTION('',(0.666666666667,0.,-0.7453559925));
#5365 = CYLINDRICAL_SURFACE('',#5366,12.);
#5366 = AXIS2_PLACEMENT_3D('',#5367,#5368,#5369);
#5367 = CARTESIAN_POINT('',(407.,-12.,-12.));
#5368 = DIRECTION('',(0.,-1.,0.));
#5369 = DIRECTION('',(0.666666666667,0.,-0.7453559925));
#5370 = ADVANCED_FACE('',(#5371),#5398,.T.);
#5371 = FACE_BOUND('',#5372,.T.);
#5372 = EDGE_LOOP('',(#5373,#5383,#5390,#5391));
#5373 = ORIENTED_EDGE('',*,*,#5374,.T.);
#5374 = EDGE_CURVE('',#5375,#5377,#5379,.T.);
#5375 = VERTEX_POINT('',#5376);
#5376 = CARTESIAN_POINT('',(414.,-12.,-44.));
#5377 = VERTEX_POINT('',#5378);
#5378 = CARTESIAN_POINT('',(414.,0.,-44.));
#5379 = LINE('',#5380,#5381);
#5380 = CARTESIAN_POINT('',(414.,-12.,-44.));
#5381 = VECTOR('',#5382,1.);
#5382 = DIRECTION('',(0.,1.,0.));
#5383 = ORIENTED_EDGE('',*,*,#5384,.T.);
#5384 = EDGE_CURVE('',#5377,#5335,#5385,.T.);
#5385 = B_SPLINE_CURVE_WITH_KNOTS('',3,(#5386,#5387,#5388,#5389),
  .UNSPECIFIED.,.F.,.F.,(4,4),(0.,1.),.PIECEWISE_BEZIER_KNOTS.);
#5386 = CARTESIAN_POINT('',(414.,0.,-44.));
#5387 = CARTESIAN_POINT('',(414.,0.,-35.));
#5388 = CARTESIAN_POINT('',(413.5,0.,-22.28591269649));
#5389 = CARTESIAN_POINT('',(415.,0.,-20.94427190999));
#5390 = ORIENTED_EDGE('',*,*,#5332,.F.);
#5391 = ORIENTED_EDGE('',*,*,#5392,.F.);
#5392 = EDGE_CURVE('',#5375,#5333,#5393,.T.);
#5393 = B_SPLINE_CURVE_WITH_KNOTS('',3,(#5394,#5395,#5396,#5397),
  .UNSPECIFIED.,.F.,.F.,(4,4),(0.,1.),.PIECEWISE_BEZIER_KNOTS.);
#5394 = CARTESIAN_POINT('',(414.,-12.,-44.));
#5395 = CARTESIAN_POINT('',(414.,-12.,-35.));
#5396 = CARTESIAN_POINT('',(413.5,-12.,-22.28591269649));
#5397 = CARTESIAN_POINT('',(415.,-12.,-20.94427190999));
#5398 = SURFACE_OF_LINEAR_EXTRUSION('',#5399,#5404);
#5399 = B_SPLINE_CURVE_WITH_KNOTS('',3,(#5400,#5401,#5402,#5403),
  .UNSPECIFIED.,.F.,.F.,(4,4),(0.,1.),.PIECEWISE_BEZIER_KNOTS.);
#5400 = CARTESIAN_POINT('',(414.,-12.,-44.));
#5401 = CARTESIAN_POINT('',(414.,-12.,-35.));
#5402 = CARTESIAN_POINT('',(413.5,-12.,-22.28591269649));
#5403 = CARTESIAN_POINT('',(415.,-12.,-20.94427190999));
#5404 = VECTOR('',#5405,1.);
#5405 = DIRECTION('',(-0.,-1.,-0.));
#5406 = ADVANCED_FACE('',(#5407),#5434,.T.);
#5407 = FACE_BOUND('',#5408,.T.);
#5408 = EDGE_LOOP('',(#5409,#5410,#5419,#5427));
#5409 = ORIENTED_EDGE('',*,*,#5351,.T.);
#5410 = ORIENTED_EDGE('',*,*,#5411,.T.);
#5411 = EDGE_CURVE('',#5343,#5412,#5414,.T.);
#5412 = VERTEX_POINT('',#5413);
#5413 = CARTESIAN_POINT('',(400.,0.,-44.));
#5414 = B_SPLINE_CURVE_WITH_KNOTS('',3,(#5415,#5416,#5417,#5418),
  .UNSPECIFIED.,.F.,.F.,(4,4),(0.,1.),.PIECEWISE_BEZIER_KNOTS.);
#5415 = CARTESIAN_POINT('',(399.,0.,-20.94427190999));
#5416 = CARTESIAN_POINT('',(400.5,0.,-22.28591269649));
#5417 = CARTESIAN_POINT('',(400.,0.,-35.));
#5418 = CARTESIAN_POINT('',(400.,0.,-44.));
#5419 = ORIENTED_EDGE('',*,*,#5420,.F.);
#5420 = EDGE_CURVE('',#5421,#5412,#5423,.T.);
#5421 = VERTEX_POINT('',#5422);
#5422 = CARTESIAN_POINT('',(400.,-12.,-44.));
#5423 = LINE('',#5424,#5425);
#5424 = CARTESIAN_POINT('',(400.,-12.,-44.));
#5425 = VECTOR('',#5426,1.);
#5426 = DIRECTION('',(0.,1.,0.));
#5427 = ORIENTED_EDGE('',*,*,#5428,.F.);
#5428 = EDGE_CURVE('',#5352,#5421,#5429,.T.);
#5429 = B_SPLINE_CURVE_WITH_KNOTS('',3,(#5430,#5431,#5432,#5433),
  .UNSPECIFIED.,.F.,.F.,(4,4),(0.,1.),.PIECEWISE_BEZIER_KNOTS.);
#5430 = CARTESIAN_POINT('',(399.,-12.,-20.94427190999));
#5431 = CARTESIAN_POINT('',(400.5,-12.,-22.28591269649));
#5432 = CARTESIAN_POINT('',(400.,-12.,-35.));
#5433 = CARTESIAN_POINT('',(400.,-12.,-44.));
#5434 = SURFACE_OF_LINEAR_EXTRUSION('',#5435,#5440);
#5435 = B_SPLINE_CURVE_WITH_KNOTS('',3,(#5436,#5437,#5438,#5439),
  .UNSPECIFIED.,.F.,.F.,(4,4),(0.,1.),.PIECEWISE_BEZIER_KNOTS.);
#5436 = CARTESIAN_POINT('',(399.,-12.,-20.94427190999));
#5437 = CARTESIAN_POINT('',(400.5,-12.,-22.28591269649));
#5438 = CARTESIAN_POINT('',(400.,-12.,-35.));
#5439 = CARTESIAN_POINT('',(400.,-12.,-44.));
#5440 = VECTOR('',#5441,1.);
#5441 = DIRECTION('',(-0.,-1.,-0.));
#5442 = ADVANCED_FACE('',(#5443,#5509,#5520),#5531,.T.);
#5443 = FACE_BOUND('',#5444,.T.);
#5444 = EDGE_LOOP('',(#5445,#5446,#5447,#5456,#5465,#5474,#5483,#5492,
    #5501,#5508));
#5445 = ORIENTED_EDGE('',*,*,#5359,.T.);
#5446 = ORIENTED_EDGE('',*,*,#5428,.T.);
#5447 = ORIENTED_EDGE('',*,*,#5448,.T.);
#5448 = EDGE_CURVE('',#5421,#5449,#5451,.T.);
#5449 = VERTEX_POINT('',#5450);
#5450 = CARTESIAN_POINT('',(400.8,-12.,-77.));
#5451 = B_SPLINE_CURVE_WITH_KNOTS('',3,(#5452,#5453,#5454,#5455),
  .UNSPECIFIED.,.F.,.F.,(4,4),(0.,1.),.PIECEWISE_BEZIER_KNOTS.);
#5452 = CARTESIAN_POINT('',(400.,-12.,-44.));
#5453 = CARTESIAN_POINT('',(400.,-12.,-60.));
#5454 = CARTESIAN_POINT('',(400.8,-12.,-69.));
#5455 = CARTESIAN_POINT('',(400.8,-12.,-77.));
#5456 = ORIENTED_EDGE('',*,*,#5457,.T.);
#5457 = EDGE_CURVE('',#5449,#5458,#5460,.T.);
#5458 = VERTEX_POINT('',#5459);
#5459 = CARTESIAN_POINT('',(400.,-12.,-110.));
#5460 = B_SPLINE_CURVE_WITH_KNOTS('',3,(#5461,#5462,#5463,#5464),
  .UNSPECIFIED.,.F.,.F.,(4,4),(0.,1.),.PIECEWISE_BEZIER_KNOTS.);
#5461 = CARTESIAN_POINT('',(400.8,-12.,-77.));
#5462 = CARTESIAN_POINT('',(400.8,-12.,-85.));
#5463 = CARTESIAN_POINT('',(400.,-12.,-94.));
#5464 = CARTESIAN_POINT('',(400.,-12.,-110.));
#5465 = ORIENTED_EDGE('',*,*,#5466,.T.);
#5466 = EDGE_CURVE('',#5458,#5467,#5469,.T.);
#5467 = VERTEX_POINT('',#5468);
#5468 = CARTESIAN_POINT('',(399.,-12.,-133.05572809));
#5469 = B_SPLINE_CURVE_WITH_KNOTS('',3,(#5470,#5471,#5472,#5473),
  .UNSPECIFIED.,.F.,.F.,(4,4),(0.,1.),.PIECEWISE_BEZIER_KNOTS.);
#5470 = CARTESIAN_POINT('',(400.,-12.,-110.));
#5471 = CARTESIAN_POINT('',(400.,-12.,-119.));
#5472 = CARTESIAN_POINT('',(400.5,-12.,-131.7140873035));
#5473 = CARTESIAN_POINT('',(399.,-12.,-133.05572809));
#5474 = ORIENTED_EDGE('',*,*,#5475,.T.);
#5475 = EDGE_CURVE('',#5467,#5476,#5478,.T.);
#5476 = VERTEX_POINT('',#5477);
#5477 = CARTESIAN_POINT('',(415.,-12.,-133.05572809));
#5478 = CIRCLE('',#5479,12.);
#5479 = AXIS2_PLACEMENT_3D('',#5480,#5481,#5482);
#5480 = CARTESIAN_POINT('',(407.,-12.,-142.));
#5481 = DIRECTION('',(0.,-1.,0.));
#5482 = DIRECTION('',(-0.666666666667,0.,0.7453559925));
#5483 = ORIENTED_EDGE('',*,*,#5484,.T.);
#5484 = EDGE_CURVE('',#5476,#5485,#5487,.T.);
#5485 = VERTEX_POINT('',#5486);
#5486 = CARTESIAN_POINT('',(414.,-12.,-110.));
#5487 = B_SPLINE_CURVE_WITH_KNOTS('',3,(#5488,#5489,#5490,#5491),
  .UNSPECIFIED.,.F.,.F.,(4,4),(0.,1.),.PIECEWISE_BEZIER_KNOTS.);
#5488 = CARTESIAN_POINT('',(415.,-12.,-133.05572809));
#5489 = CARTESIAN_POINT('',(413.5,-12.,-131.7140873035));
#5490 = CARTESIAN_POINT('',(414.,-12.,-119.));
#5491 = CARTESIAN_POINT('',(414.,-12.,-110.));
#5492 = ORIENTED_EDGE('',*,*,#5493,.T.);
#5493 = EDGE_CURVE('',#5485,#5494,#5496,.T.);
#5494 = VERTEX_POINT('',#5495);
#5495 = CARTESIAN_POINT('',(413.2,-12.,-77.));
#5496 = B_SPLINE_CURVE_WITH_KNOTS('',3,(#5497,#5498,#5499,#5500),
  .UNSPECIFIED.,.F.,.F.,(4,4),(0.,1.),.PIECEWISE_BEZIER_KNOTS.);
#5497 = CARTESIAN_POINT('',(414.,-12.,-110.));
#5498 = CARTESIAN_POINT('',(414.,-12.,-94.));
#5499 = CARTESIAN_POINT('',(413.2,-12.,-85.));
#5500 = CARTESIAN_POINT('',(413.2,-12.,-77.));
#5501 = ORIENTED_EDGE('',*,*,#5502,.T.);
#5502 = EDGE_CURVE('',#5494,#5375,#5503,.T.);
#5503 = B_SPLINE_CURVE_WITH_KNOTS('',3,(#5504,#5505,#5506,#5507),
  .UNSPECIFIED.,.F.,.F.,(4,4),(0.,1.),.PIECEWISE_BEZIER_KNOTS.);
#5504 = CARTESIAN_POINT('',(413.2,-12.,-77.));
#5505 = CARTESIAN_POINT('',(413.2,-12.,-69.));
#5506 = CARTESIAN_POINT('',(414.,-12.,-60.));
#5507 = CARTESIAN_POINT('',(414.,-12.,-44.));
#5508 = ORIENTED_EDGE('',*,*,#5392,.T.);
#5509 = FACE_BOUND('',#5510,.T.);
#5510 = EDGE_LOOP('',(#5511));
#5511 = ORIENTED_EDGE('',*,*,#5512,.T.);
#5512 = EDGE_CURVE('',#5513,#5513,#5515,.T.);
#5513 = VERTEX_POINT('',#5514);
#5514 = CARTESIAN_POINT('',(407.,-12.,-5.425));
#5515 = CIRCLE('',#5516,6.575);
#5516 = AXIS2_PLACEMENT_3D('',#5517,#5518,#5519);
#5517 = CARTESIAN_POINT('',(407.,-12.,-12.));
#5518 = DIRECTION('',(0.,1.,0.));
#5519 = DIRECTION('',(0.,0.,1.));
#5520 = FACE_BOUND('',#5521,.T.);
#5521 = EDGE_LOOP('',(#5522));
#5522 = ORIENTED_EDGE('',*,*,#5523,.T.);
#5523 = EDGE_CURVE('',#5524,#5524,#5526,.T.);
#5524 = VERTEX_POINT('',#5525);
#5525 = CARTESIAN_POINT('',(407.,-12.,-135.425));
#5526 = CIRCLE('',#5527,6.575);
#5527 = AXIS2_PLACEMENT_3D('',#5528,#5529,#5530);
#5528 = CARTESIAN_POINT('',(407.,-12.,-142.));
#5529 = DIRECTION('',(0.,1.,0.));
#5530 = DIRECTION('',(0.,0.,1.));
#5531 = PLANE('',#5532);
#5532 = AXIS2_PLACEMENT_3D('',#5533,#5534,#5535);
#5533 = CARTESIAN_POINT('',(407.,-12.,-77.));
#5534 = DIRECTION('',(-0.,-1.,-0.));
#5535 = DIRECTION('',(0.,0.,-1.));
#5536 = ADVANCED_FACE('',(#5537,#5603,#5614),#5625,.F.);
#5537 = FACE_BOUND('',#5538,.F.);
#5538 = EDGE_LOOP('',(#5539,#5540,#5541,#5550,#5559,#5568,#5577,#5586,
    #5595,#5602));
#5539 = ORIENTED_EDGE('',*,*,#5342,.T.);
#5540 = ORIENTED_EDGE('',*,*,#5411,.T.);
#5541 = ORIENTED_EDGE('',*,*,#5542,.T.);
#5542 = EDGE_CURVE('',#5412,#5543,#5545,.T.);
#5543 = VERTEX_POINT('',#5544);
#5544 = CARTESIAN_POINT('',(400.8,0.,-77.));
#5545 = B_SPLINE_CURVE_WITH_KNOTS('',3,(#5546,#5547,#5548,#5549),
  .UNSPECIFIED.,.F.,.F.,(4,4),(0.,1.),.PIECEWISE_BEZIER_KNOTS.);
#5546 = CARTESIAN_POINT('',(400.,0.,-44.));
#5547 = CARTESIAN_POINT('',(400.,0.,-60.));
#5548 = CARTESIAN_POINT('',(400.8,0.,-69.));
#5549 = CARTESIAN_POINT('',(400.8,0.,-77.));
#5550 = ORIENTED_EDGE('',*,*,#5551,.T.);
#5551 = EDGE_CURVE('',#5543,#5552,#5554,.T.);
#5552 = VERTEX_POINT('',#5553);
#5553 = CARTESIAN_POINT('',(400.,0.,-110.));
#5554 = B_SPLINE_CURVE_WITH_KNOTS('',3,(#5555,#5556,#5557,#5558),
  .UNSPECIFIED.,.F.,.F.,(4,4),(0.,1.),.PIECEWISE_BEZIER_KNOTS.);
#5555 = CARTESIAN_POINT('',(400.8,0.,-77.));
#5556 = CARTESIAN_POINT('',(400.8,0.,-85.));
#5557 = CARTESIAN_POINT('',(400.,0.,-94.));
#5558 = CARTESIAN_POINT('',(400.,0.,-110.));
#5559 = ORIENTED_EDGE('',*,*,#5560,.T.);
#5560 = EDGE_CURVE('',#5552,#5561,#5563,.T.);
#5561 = VERTEX_POINT('',#5562);
#5562 = CARTESIAN_POINT('',(399.,0.,-133.05572809));
#5563 = B_SPLINE_CURVE_WITH_KNOTS('',3,(#5564,#5565,#5566,#5567),
  .UNSPECIFIED.,.F.,.F.,(4,4),(0.,1.),.PIECEWISE_BEZIER_KNOTS.);
#5564 = CARTESIAN_POINT('',(400.,0.,-110.));
#5565 = CARTESIAN_POINT('',(400.,0.,-119.));
#5566 = CARTESIAN_POINT('',(400.5,0.,-131.7140873035));
#5567 = CARTESIAN_POINT('',(399.,0.,-133.05572809));
#5568 = ORIENTED_EDGE('',*,*,#5569,.T.);
#5569 = EDGE_CURVE('',#5561,#5570,#5572,.T.);
#5570 = VERTEX_POINT('',#5571);
#5571 = CARTESIAN_POINT('',(415.,0.,-133.05572809));
#5572 = CIRCLE('',#5573,12.);
#5573 = AXIS2_PLACEMENT_3D('',#5574,#5575,#5576);
#5574 = CARTESIAN_POINT('',(407.,0.,-142.));
#5575 = DIRECTION('',(0.,-1.,0.));
#5576 = DIRECTION('',(-0.666666666667,0.,0.7453559925));
#5577 = ORIENTED_EDGE('',*,*,#5578,.T.);
#5578 = EDGE_CURVE('',#5570,#5579,#5581,.T.);
#5579 = VERTEX_POINT('',#5580);
#5580 = CARTESIAN_POINT('',(414.,0.,-110.));
#5581 = B_SPLINE_CURVE_WITH_KNOTS('',3,(#5582,#5583,#5584,#5585),
  .UNSPECIFIED.,.F.,.F.,(4,4),(0.,1.),.PIECEWISE_BEZIER_KNOTS.);
#5582 = CARTESIAN_POINT('',(415.,0.,-133.05572809));
#5583 = CARTESIAN_POINT('',(413.5,0.,-131.7140873035));
#5584 = CARTESIAN_POINT('',(414.,0.,-119.));
#5585 = CARTESIAN_POINT('',(414.,0.,-110.));
#5586 = ORIENTED_EDGE('',*,*,#5587,.T.);
#5587 = EDGE_CURVE('',#5579,#5588,#5590,.T.);
#5588 = VERTEX_POINT('',#5589);
#5589 = CARTESIAN_POINT('',(413.2,0.,-77.));
#5590 = B_SPLINE_CURVE_WITH_KNOTS('',3,(#5591,#5592,#5593,#5594),
  .UNSPECIFIED.,.F.,.F.,(4,4),(0.,1.),.PIECEWISE_BEZIER_KNOTS.);
#5591 = CARTESIAN_POINT('',(414.,0.,-110.));
#5592 = CARTESIAN_POINT('',(414.,0.,-94.));
#5593 = CARTESIAN_POINT('',(413.2,0.,-85.));
#5594 = CARTESIAN_POINT('',(413.2,0.,-77.));
#5595 = ORIENTED_EDGE('',*,*,#5596,.T.);
#5596 = EDGE_CURVE('',#5588,#5377,#5597,.T.);
#5597 = B_SPLINE_CURVE_WITH_KNOTS('',3,(#5598,#5599,#5600,#5601),
  .UNSPECIFIED.,.F.,.F.,(4,4),(0.,1.),.PIECEWISE_BEZIER_KNOTS.);
#5598 = CARTESIAN_POINT('',(413.2,0.,-77.));
#5599 = CARTESIAN_POINT('',(413.2,0.,-69.));
#5600 = CARTESIAN_POINT('',(414.,0.,-60.));
#5601 = CARTESIAN_POINT('',(414.,0.,-44.));
#5602 = ORIENTED_EDGE('',*,*,#5384,.T.);
#5603 = FACE_BOUND('',#5604,.F.);
#5604 = EDGE_LOOP('',(#5605));
#5605 = ORIENTED_EDGE('',*,*,#5606,.T.);
#5606 = EDGE_CURVE('',#5607,#5607,#5609,.T.);
#5607 = VERTEX_POINT('',#5608);
#5608 = CARTESIAN_POINT('',(407.,0.,-5.425));
#5609 = CIRCLE('',#5610,6.575);
#5610 = AXIS2_PLACEMENT_3D('',#5611,#5612,#5613);
#5611 = CARTESIAN_POINT('',(407.,0.,-12.));
#5612 = DIRECTION('',(0.,1.,0.));
#5613 = DIRECTION('',(0.,0.,1.));
#5614 = FACE_BOUND('',#5615,.F.);
#5615 = EDGE_LOOP('',(#5616));
#5616 = ORIENTED_EDGE('',*,*,#5617,.T.);
#5617 = EDGE_CURVE('',#5618,#5618,#5620,.T.);
#5618 = VERTEX_POINT('',#5619);
#5619 = CARTESIAN_POINT('',(407.,0.,-135.425));
#5620 = CIRCLE('',#5621,6.575);
#5621 = AXIS2_PLACEMENT_3D('',#5622,#5623,#5624);
#5622 = CARTESIAN_POINT('',(407.,0.,-142.));
#5623 = DIRECTION('',(0.,1.,0.));
#5624 = DIRECTION('',(0.,0.,1.));
#5625 = PLANE('',#5626);
#5626 = AXIS2_PLACEMENT_3D('',#5627,#5628,#5629);
#5627 = CARTESIAN_POINT('',(407.,0.,-77.));
#5628 = DIRECTION('',(-0.,-1.,-0.));
#5629 = DIRECTION('',(0.,0.,-1.));
#5630 = ADVANCED_FACE('',(#5631),#5642,.T.);
#5631 = FACE_BOUND('',#5632,.T.);
#5632 = EDGE_LOOP('',(#5633,#5639,#5640,#5641));
#5633 = ORIENTED_EDGE('',*,*,#5634,.T.);
#5634 = EDGE_CURVE('',#5494,#5588,#5635,.T.);
#5635 = LINE('',#5636,#5637);
#5636 = CARTESIAN_POINT('',(413.2,-12.,-77.));
#5637 = VECTOR('',#5638,1.);
#5638 = DIRECTION('',(0.,1.,0.));
#5639 = ORIENTED_EDGE('',*,*,#5596,.T.);
#5640 = ORIENTED_EDGE('',*,*,#5374,.F.);
#5641 = ORIENTED_EDGE('',*,*,#5502,.F.);
#5642 = SURFACE_OF_LINEAR_EXTRUSION('',#5643,#5648);
#5643 = B_SPLINE_CURVE_WITH_KNOTS('',3,(#5644,#5645,#5646,#5647),
  .UNSPECIFIED.,.F.,.F.,(4,4),(0.,1.),.PIECEWISE_BEZIER_KNOTS.);
#5644 = CARTESIAN_POINT('',(413.2,-12.,-77.));
#5645 = CARTESIAN_POINT('',(413.2,-12.,-69.));
#5646 = CARTESIAN_POINT('',(414.,-12.,-60.));
#5647 = CARTESIAN_POINT('',(414.,-12.,-44.));
#5648 = VECTOR('',#5649,1.);
#5649 = DIRECTION('',(-0.,-1.,-0.));
#5650 = ADVANCED_FACE('',(#5651),#5662,.T.);
#5651 = FACE_BOUND('',#5652,.T.);
#5652 = EDGE_LOOP('',(#5653,#5654,#5655,#5661));
#5653 = ORIENTED_EDGE('',*,*,#5420,.T.);
#5654 = ORIENTED_EDGE('',*,*,#5542,.T.);
#5655 = ORIENTED_EDGE('',*,*,#5656,.F.);
#5656 = EDGE_CURVE('',#5449,#5543,#5657,.T.);
#5657 = LINE('',#5658,#5659);
#5658 = CARTESIAN_POINT('',(400.8,-12.,-77.));
#5659 = VECTOR('',#5660,1.);
#5660 = DIRECTION('',(0.,1.,0.));
#5661 = ORIENTED_EDGE('',*,*,#5448,.F.);
#5662 = SURFACE_OF_LINEAR_EXTRUSION('',#5663,#5668);
#5663 = B_SPLINE_CURVE_WITH_KNOTS('',3,(#5664,#5665,#5666,#5667),
  .UNSPECIFIED.,.F.,.F.,(4,4),(0.,1.),.PIECEWISE_BEZIER_KNOTS.);
#5664 = CARTESIAN_POINT('',(400.,-12.,-44.));
#5665 = CARTESIAN_POINT('',(400.,-12.,-60.));
#5666 = CARTESIAN_POINT('',(400.8,-12.,-69.));
#5667 = CARTESIAN_POINT('',(400.8,-12.,-77.));
#5668 = VECTOR('',#5669,1.);
#5669 = DIRECTION('',(-0.,-1.,-0.));
#5670 = ADVANCED_FACE('',(#5671),#5682,.T.);
#5671 = FACE_BOUND('',#5672,.T.);
#5672 = EDGE_LOOP('',(#5673,#5679,#5680,#5681));
#5673 = ORIENTED_EDGE('',*,*,#5674,.T.);
#5674 = EDGE_CURVE('',#5485,#5579,#5675,.T.);
#5675 = LINE('',#5676,#5677);
#5676 = CARTESIAN_POINT('',(414.,-12.,-110.));
#5677 = VECTOR('',#5678,1.);
#5678 = DIRECTION('',(0.,1.,0.));
#5679 = ORIENTED_EDGE('',*,*,#5587,.T.);
#5680 = ORIENTED_EDGE('',*,*,#5634,.F.);
#5681 = ORIENTED_EDGE('',*,*,#5493,.F.);
#5682 = SURFACE_OF_LINEAR_EXTRUSION('',#5683,#5688);
#5683 = B_SPLINE_CURVE_WITH_KNOTS('',3,(#5684,#5685,#5686,#5687),
  .UNSPECIFIED.,.F.,.F.,(4,4),(0.,1.),.PIECEWISE_BEZIER_KNOTS.);
#5684 = CARTESIAN_POINT('',(414.,-12.,-110.));
#5685 = CARTESIAN_POINT('',(414.,-12.,-94.));
#5686 = CARTESIAN_POINT('',(413.2,-12.,-85.));
#5687 = CARTESIAN_POINT('',(413.2,-12.,-77.));
#5688 = VECTOR('',#5689,1.);
#5689 = DIRECTION('',(-0.,-1.,-0.));
#5690 = ADVANCED_FACE('',(#5691),#5702,.T.);
#5691 = FACE_BOUND('',#5692,.T.);
#5692 = EDGE_LOOP('',(#5693,#5694,#5695,#5701));
#5693 = ORIENTED_EDGE('',*,*,#5656,.T.);
#5694 = ORIENTED_EDGE('',*,*,#5551,.T.);
#5695 = ORIENTED_EDGE('',*,*,#5696,.F.);
#5696 = EDGE_CURVE('',#5458,#5552,#5697,.T.);
#5697 = LINE('',#5698,#5699);
#5698 = CARTESIAN_POINT('',(400.,-12.,-110.));
#5699 = VECTOR('',#5700,1.);
#5700 = DIRECTION('',(0.,1.,0.));
#5701 = ORIENTED_EDGE('',*,*,#5457,.F.);
#5702 = SURFACE_OF_LINEAR_EXTRUSION('',#5703,#5708);
#5703 = B_SPLINE_CURVE_WITH_KNOTS('',3,(#5704,#5705,#5706,#5707),
  .UNSPECIFIED.,.F.,.F.,(4,4),(0.,1.),.PIECEWISE_BEZIER_KNOTS.);
#5704 = CARTESIAN_POINT('',(400.8,-12.,-77.));
#5705 = CARTESIAN_POINT('',(400.8,-12.,-85.));
#5706 = CARTESIAN_POINT('',(400.,-12.,-94.));
#5707 = CARTESIAN_POINT('',(400.,-12.,-110.));
#5708 = VECTOR('',#5709,1.);
#5709 = DIRECTION('',(-0.,-1.,-0.));
#5710 = ADVANCED_FACE('',(#5711),#5722,.T.);
#5711 = FACE_BOUND('',#5712,.T.);
#5712 = EDGE_LOOP('',(#5713,#5719,#5720,#5721));
#5713 = ORIENTED_EDGE('',*,*,#5714,.T.);
#5714 = EDGE_CURVE('',#5476,#5570,#5715,.T.);
#5715 = LINE('',#5716,#5717);
#5716 = CARTESIAN_POINT('',(415.,-12.,-133.05572809));
#5717 = VECTOR('',#5718,1.);
#5718 = DIRECTION('',(0.,1.,0.));
#5719 = ORIENTED_EDGE('',*,*,#5578,.T.);
#5720 = ORIENTED_EDGE('',*,*,#5674,.F.);
#5721 = ORIENTED_EDGE('',*,*,#5484,.F.);
#5722 = SURFACE_OF_LINEAR_EXTRUSION('',#5723,#5728);
#5723 = B_SPLINE_CURVE_WITH_KNOTS('',3,(#5724,#5725,#5726,#5727),
  .UNSPECIFIED.,.F.,.F.,(4,4),(0.,1.),.PIECEWISE_BEZIER_KNOTS.);
#5724 = CARTESIAN_POINT('',(415.,-12.,-133.05572809));
#5725 = CARTESIAN_POINT('',(413.5,-12.,-131.7140873035));
#5726 = CARTESIAN_POINT('',(414.,-12.,-119.));
#5727 = CARTESIAN_POINT('',(414.,-12.,-110.));
#5728 = VECTOR('',#5729,1.);
#5729 = DIRECTION('',(-0.,-1.,-0.));
#5730 = ADVANCED_FACE('',(#5731),#5742,.T.);
#5731 = FACE_BOUND('',#5732,.T.);
#5732 = EDGE_LOOP('',(#5733,#5734,#5735,#5741));
#5733 = ORIENTED_EDGE('',*,*,#5696,.T.);
#5734 = ORIENTED_EDGE('',*,*,#5560,.T.);
#5735 = ORIENTED_EDGE('',*,*,#5736,.F.);
#5736 = EDGE_CURVE('',#5467,#5561,#5737,.T.);
#5737 = LINE('',#5738,#5739);
#5738 = CARTESIAN_POINT('',(399.,-12.,-133.05572809));
#5739 = VECTOR('',#5740,1.);
#5740 = DIRECTION('',(0.,1.,0.));
#5741 = ORIENTED_EDGE('',*,*,#5466,.F.);
#5742 = SURFACE_OF_LINEAR_EXTRUSION('',#5743,#5748);
#5743 = B_SPLINE_CURVE_WITH_KNOTS('',3,(#5744,#5745,#5746,#5747),
  .UNSPECIFIED.,.F.,.F.,(4,4),(0.,1.),.PIECEWISE_BEZIER_KNOTS.);
#5744 = CARTESIAN_POINT('',(400.,-12.,-110.));
#5745 = CARTESIAN_POINT('',(400.,-12.,-119.));
#5746 = CARTESIAN_POINT('',(400.5,-12.,-131.7140873035));
#5747 = CARTESIAN_POINT('',(399.,-12.,-133.05572809));
#5748 = VECTOR('',#5749,1.);
#5749 = DIRECTION('',(-0.,-1.,-0.));
#5750 = ADVANCED_FACE('',(#5751),#5757,.T.);
#5751 = FACE_BOUND('',#5752,.T.);
#5752 = EDGE_LOOP('',(#5753,#5754,#5755,#5756));
#5753 = ORIENTED_EDGE('',*,*,#5736,.T.);
#5754 = ORIENTED_EDGE('',*,*,#5569,.T.);
#5755 = ORIENTED_EDGE('',*,*,#5714,.F.);
#5756 = ORIENTED_EDGE('',*,*,#5475,.F.);
#5757 = CYLINDRICAL_SURFACE('',#5758,12.);
#5758 = AXIS2_PLACEMENT_3D('',#5759,#5760,#5761);
#5759 = CARTESIAN_POINT('',(407.,-12.,-142.));
#5760 = DIRECTION('',(0.,-1.,0.));
#5761 = DIRECTION('',(-0.666666666667,0.,0.7453559925));
#5762 = ADVANCED_FACE('',(#5763),#5782,.F.);
#5763 = FACE_BOUND('',#5764,.F.);
#5764 = EDGE_LOOP('',(#5765,#5773,#5780,#5781));
#5765 = ORIENTED_EDGE('',*,*,#5766,.T.);
#5766 = EDGE_CURVE('',#5513,#5767,#5769,.T.);
#5767 = VERTEX_POINT('',#5768);
#5768 = CARTESIAN_POINT('',(407.,-6.95,-5.425));
#5769 = LINE('',#5770,#5771);
#5770 = CARTESIAN_POINT('',(407.,-12.1,-5.425));
#5771 = VECTOR('',#5772,1.);
#5772 = DIRECTION('',(0.,1.,0.));
#5773 = ORIENTED_EDGE('',*,*,#5774,.F.);
#5774 = EDGE_CURVE('',#5767,#5767,#5775,.T.);
#5775 = CIRCLE('',#5776,6.575);
#5776 = AXIS2_PLACEMENT_3D('',#5777,#5778,#5779);
#5777 = CARTESIAN_POINT('',(407.,-6.95,-12.));
#5778 = DIRECTION('',(0.,1.,0.));
#5779 = DIRECTION('',(0.,0.,1.));
#5780 = ORIENTED_EDGE('',*,*,#5766,.F.);
#5781 = ORIENTED_EDGE('',*,*,#5512,.T.);
#5782 = CYLINDRICAL_SURFACE('',#5783,6.575);
#5783 = AXIS2_PLACEMENT_3D('',#5784,#5785,#5786);
#5784 = CARTESIAN_POINT('',(407.,-12.1,-12.));
#5785 = DIRECTION('',(0.,1.,0.));
#5786 = DIRECTION('',(0.,0.,1.));
#5787 = ADVANCED_FACE('',(#5788),#5807,.F.);
#5788 = FACE_BOUND('',#5789,.F.);
#5789 = EDGE_LOOP('',(#5790,#5798,#5805,#5806));
#5790 = ORIENTED_EDGE('',*,*,#5791,.T.);
#5791 = EDGE_CURVE('',#5524,#5792,#5794,.T.);
#5792 = VERTEX_POINT('',#5793);
#5793 = CARTESIAN_POINT('',(407.,-6.95,-135.425));
#5794 = LINE('',#5795,#5796);
#5795 = CARTESIAN_POINT('',(407.,-12.1,-135.425));
#5796 = VECTOR('',#5797,1.);
#5797 = DIRECTION('',(0.,1.,0.));
#5798 = ORIENTED_EDGE('',*,*,#5799,.F.);
#5799 = EDGE_CURVE('',#5792,#5792,#5800,.T.);
#5800 = CIRCLE('',#5801,6.575);
#5801 = AXIS2_PLACEMENT_3D('',#5802,#5803,#5804);
#5802 = CARTESIAN_POINT('',(407.,-6.95,-142.));
#5803 = DIRECTION('',(0.,1.,0.));
#5804 = DIRECTION('',(0.,0.,1.));
#5805 = ORIENTED_EDGE('',*,*,#5791,.F.);
#5806 = ORIENTED_EDGE('',*,*,#5523,.T.);
#5807 = CYLINDRICAL_SURFACE('',#5808,6.575);
#5808 = AXIS2_PLACEMENT_3D('',#5809,#5810,#5811);
#5809 = CARTESIAN_POINT('',(407.,-12.1,-142.));
#5810 = DIRECTION('',(0.,1.,0.));
#5811 = DIRECTION('',(0.,0.,1.));
#5812 = ADVANCED_FACE('',(#5813),#5832,.F.);
#5813 = FACE_BOUND('',#5814,.F.);
#5814 = EDGE_LOOP('',(#5815,#5816,#5824,#5831));
#5815 = ORIENTED_EDGE('',*,*,#5606,.F.);
#5816 = ORIENTED_EDGE('',*,*,#5817,.F.);
#5817 = EDGE_CURVE('',#5818,#5607,#5820,.T.);
#5818 = VERTEX_POINT('',#5819);
#5819 = CARTESIAN_POINT('',(407.,-5.05,-5.425));
#5820 = LINE('',#5821,#5822);
#5821 = CARTESIAN_POINT('',(407.,-5.05,-5.425));
#5822 = VECTOR('',#5823,1.);
#5823 = DIRECTION('',(0.,1.,0.));
#5824 = ORIENTED_EDGE('',*,*,#5825,.T.);
#5825 = EDGE_CURVE('',#5818,#5818,#5826,.T.);
#5826 = CIRCLE('',#5827,6.575);
#5827 = AXIS2_PLACEMENT_3D('',#5828,#5829,#5830);
#5828 = CARTESIAN_POINT('',(407.,-5.05,-12.));
#5829 = DIRECTION('',(0.,1.,0.));
#5830 = DIRECTION('',(0.,0.,1.));
#5831 = ORIENTED_EDGE('',*,*,#5817,.T.);
#5832 = CYLINDRICAL_SURFACE('',#5833,6.575);
#5833 = AXIS2_PLACEMENT_3D('',#5834,#5835,#5836);
#5834 = CARTESIAN_POINT('',(407.,-5.05,-12.));
#5835 = DIRECTION('',(0.,1.,0.));
#5836 = DIRECTION('',(0.,0.,1.));
#5837 = ADVANCED_FACE('',(#5838),#5857,.F.);
#5838 = FACE_BOUND('',#5839,.F.);
#5839 = EDGE_LOOP('',(#5840,#5841,#5849,#5856));
#5840 = ORIENTED_EDGE('',*,*,#5617,.F.);
#5841 = ORIENTED_EDGE('',*,*,#5842,.F.);
#5842 = EDGE_CURVE('',#5843,#5618,#5845,.T.);
#5843 = VERTEX_POINT('',#5844);
#5844 = CARTESIAN_POINT('',(407.,-5.05,-135.425));
#5845 = LINE('',#5846,#5847);
#5846 = CARTESIAN_POINT('',(407.,-5.05,-135.425));
#5847 = VECTOR('',#5848,1.);
#5848 = DIRECTION('',(0.,1.,0.));
#5849 = ORIENTED_EDGE('',*,*,#5850,.T.);
#5850 = EDGE_CURVE('',#5843,#5843,#5851,.T.);
#5851 = CIRCLE('',#5852,6.575);
#5852 = AXIS2_PLACEMENT_3D('',#5853,#5854,#5855);
#5853 = CARTESIAN_POINT('',(407.,-5.05,-142.));
#5854 = DIRECTION('',(0.,1.,0.));
#5855 = DIRECTION('',(0.,0.,1.));
#5856 = ORIENTED_EDGE('',*,*,#5842,.T.);
#5857 = CYLINDRICAL_SURFACE('',#5858,6.575);
#5858 = AXIS2_PLACEMENT_3D('',#5859,#5860,#5861);
#5859 = CARTESIAN_POINT('',(407.,-5.05,-142.));
#5860 = DIRECTION('',(0.,1.,0.));
#5861 = DIRECTION('',(0.,0.,1.));
#5862 = ADVANCED_FACE('',(#5863,#5866),#5877,.F.);
#5863 = FACE_BOUND('',#5864,.F.);
#5864 = EDGE_LOOP('',(#5865));
#5865 = ORIENTED_EDGE('',*,*,#5774,.T.);
#5866 = FACE_BOUND('',#5867,.F.);
#5867 = EDGE_LOOP('',(#5868));
#5868 = ORIENTED_EDGE('',*,*,#5869,.F.);
#5869 = EDGE_CURVE('',#5870,#5870,#5872,.T.);
#5870 = VERTEX_POINT('',#5871);
#5871 = CARTESIAN_POINT('',(407.,-6.95,-6.1));
#5872 = CIRCLE('',#5873,5.9);
#5873 = AXIS2_PLACEMENT_3D('',#5874,#5875,#5876);
#5874 = CARTESIAN_POINT('',(407.,-6.95,-12.));
#5875 = DIRECTION('',(0.,1.,0.));
#5876 = DIRECTION('',(0.,0.,1.));
#5877 = PLANE('',#5878);
#5878 = AXIS2_PLACEMENT_3D('',#5879,#5880,#5881);
#5879 = CARTESIAN_POINT('',(407.,-6.95,-12.));
#5880 = DIRECTION('',(0.,1.,0.));
#5881 = DIRECTION('',(0.,0.,1.));
#5882 = ADVANCED_FACE('',(#5883,#5886),#5897,.F.);
#5883 = FACE_BOUND('',#5884,.F.);
#5884 = EDGE_LOOP('',(#5885));
#5885 = ORIENTED_EDGE('',*,*,#5799,.T.);
#5886 = FACE_BOUND('',#5887,.F.);
#5887 = EDGE_LOOP('',(#5888));
#5888 = ORIENTED_EDGE('',*,*,#5889,.F.);
#5889 = EDGE_CURVE('',#5890,#5890,#5892,.T.);
#5890 = VERTEX_POINT('',#5891);
#5891 = CARTESIAN_POINT('',(407.,-6.95,-136.1));
#5892 = CIRCLE('',#5893,5.9);
#5893 = AXIS2_PLACEMENT_3D('',#5894,#5895,#5896);
#5894 = CARTESIAN_POINT('',(407.,-6.95,-142.));
#5895 = DIRECTION('',(0.,1.,0.));
#5896 = DIRECTION('',(0.,0.,1.));
#5897 = PLANE('',#5898);
#5898 = AXIS2_PLACEMENT_3D('',#5899,#5900,#5901);
#5899 = CARTESIAN_POINT('',(407.,-6.95,-142.));
#5900 = DIRECTION('',(0.,1.,0.));
#5901 = DIRECTION('',(0.,0.,1.));
#5902 = ADVANCED_FACE('',(#5903,#5906),#5917,.T.);
#5903 = FACE_BOUND('',#5904,.T.);
#5904 = EDGE_LOOP('',(#5905));
#5905 = ORIENTED_EDGE('',*,*,#5825,.T.);
#5906 = FACE_BOUND('',#5907,.T.);
#5907 = EDGE_LOOP('',(#5908));
#5908 = ORIENTED_EDGE('',*,*,#5909,.F.);
#5909 = EDGE_CURVE('',#5910,#5910,#5912,.T.);
#5910 = VERTEX_POINT('',#5911);
#5911 = CARTESIAN_POINT('',(407.,-5.05,-6.1));
#5912 = CIRCLE('',#5913,5.9);
#5913 = AXIS2_PLACEMENT_3D('',#5914,#5915,#5916);
#5914 = CARTESIAN_POINT('',(407.,-5.05,-12.));
#5915 = DIRECTION('',(0.,1.,0.));
#5916 = DIRECTION('',(0.,0.,1.));
#5917 = PLANE('',#5918);
#5918 = AXIS2_PLACEMENT_3D('',#5919,#5920,#5921);
#5919 = CARTESIAN_POINT('',(407.,-5.05,-12.));
#5920 = DIRECTION('',(0.,1.,0.));
#5921 = DIRECTION('',(0.,0.,1.));
#5922 = ADVANCED_FACE('',(#5923,#5926),#5937,.T.);
#5923 = FACE_BOUND('',#5924,.T.);
#5924 = EDGE_LOOP('',(#5925));
#5925 = ORIENTED_EDGE('',*,*,#5850,.T.);
#5926 = FACE_BOUND('',#5927,.T.);
#5927 = EDGE_LOOP('',(#5928));
#5928 = ORIENTED_EDGE('',*,*,#5929,.F.);
#5929 = EDGE_CURVE('',#5930,#5930,#5932,.T.);
#5930 = VERTEX_POINT('',#5931);
#5931 = CARTESIAN_POINT('',(407.,-5.05,-136.1));
#5932 = CIRCLE('',#5933,5.9);
#5933 = AXIS2_PLACEMENT_3D('',#5934,#5935,#5936);
#5934 = CARTESIAN_POINT('',(407.,-5.05,-142.));
#5935 = DIRECTION('',(0.,1.,0.));
#5936 = DIRECTION('',(0.,0.,1.));
#5937 = PLANE('',#5938);
#5938 = AXIS2_PLACEMENT_3D('',#5939,#5940,#5941);
#5939 = CARTESIAN_POINT('',(407.,-5.05,-142.));
#5940 = DIRECTION('',(0.,1.,0.));
#5941 = DIRECTION('',(0.,0.,1.));
#5942 = ADVANCED_FACE('',(#5943),#5954,.F.);
#5943 = FACE_BOUND('',#5944,.F.);
#5944 = EDGE_LOOP('',(#5945,#5946,#5952,#5953));
#5945 = ORIENTED_EDGE('',*,*,#5909,.F.);
#5946 = ORIENTED_EDGE('',*,*,#5947,.F.);
#5947 = EDGE_CURVE('',#5870,#5910,#5948,.T.);
#5948 = LINE('',#5949,#5950);
#5949 = CARTESIAN_POINT('',(407.,-13.,-6.1));
#5950 = VECTOR('',#5951,1.);
#5951 = DIRECTION('',(0.,1.,0.));
#5952 = ORIENTED_EDGE('',*,*,#5869,.T.);
#5953 = ORIENTED_EDGE('',*,*,#5947,.T.);
#5954 = CYLINDRICAL_SURFACE('',#5955,5.9);
#5955 = AXIS2_PLACEMENT_3D('',#5956,#5957,#5958);
#5956 = CARTESIAN_POINT('',(407.,-13.,-12.));
#5957 = DIRECTION('',(0.,1.,0.));
#5958 = DIRECTION('',(0.,0.,1.));
#5959 = ADVANCED_FACE('',(#5960),#5971,.F.);
#5960 = FACE_BOUND('',#5961,.F.);
#5961 = EDGE_LOOP('',(#5962,#5963,#5969,#5970));
#5962 = ORIENTED_EDGE('',*,*,#5929,.F.);
#5963 = ORIENTED_EDGE('',*,*,#5964,.F.);
#5964 = EDGE_CURVE('',#5890,#5930,#5965,.T.);
#5965 = LINE('',#5966,#5967);
#5966 = CARTESIAN_POINT('',(407.,-13.,-136.1));
#5967 = VECTOR('',#5968,1.);
#5968 = DIRECTION('',(0.,1.,0.));
#5969 = ORIENTED_EDGE('',*,*,#5889,.T.);
#5970 = ORIENTED_EDGE('',*,*,#5964,.T.);
#5971 = CYLINDRICAL_SURFACE('',#5972,5.9);
#5972 = AXIS2_PLACEMENT_3D('',#5973,#5974,#5975);
#5973 = CARTESIAN_POINT('',(407.,-13.,-142.));
#5974 = DIRECTION('',(0.,1.,0.));
#5975 = DIRECTION('',(0.,0.,1.));
#5976 = MANIFOLD_SOLID_BREP('',#5977);
#5977 = CLOSED_SHELL('',(#5978,#6012,#6043,#6136,#6178,#6207,#6242,#6260
    ,#6278,#6288,#6523,#6543,#6598,#6649,#6673,#6700,#6783,#6834,#6874,
    #6968,#7008,#7033,#7108,#7125,#7156,#7180,#7204,#7228,#7252,#7269,
    #7300,#7324,#7348,#7372,#7396,#7413,#7438,#7463,#7490,#7595,#7607,
    #7631,#7648,#8015,#8035,#8047,#8058,#8096,#8117,#8137,#8162,#8187,
    #8207,#8235,#8247,#8275,#8628,#8648,#8665,#8680,#8697,#8722,#8744,
    #8761,#8778,#8795,#8812,#8824,#8846,#8863,#8880,#8897,#8914,#8926,
    #9023,#9048,#9070,#9087,#9104,#9121,#9138,#9150,#9175,#9192,#9214,
    #9231,#9248,#9265,#9282,#9294,#9311,#9328,#9345,#9373,#9401,#9429,
    #9443,#9458));
#5978 = ADVANCED_FACE('',(#5979),#6007,.T.);
#5979 = FACE_BOUND('',#5980,.T.);
#5980 = EDGE_LOOP('',(#5981,#5991,#6000));
#5981 = ORIENTED_EDGE('',*,*,#5982,.F.);
#5982 = EDGE_CURVE('',#5983,#5985,#5987,.T.);
#5983 = VERTEX_POINT('',#5984);
#5984 = CARTESIAN_POINT('',(23.719946976275,-14.1,-263.2729707192));
#5985 = VERTEX_POINT('',#5986);
#5986 = CARTESIAN_POINT('',(23.951843567499,-14.1,-263.6118965064));
#5987 = LINE('',#5988,#5989);
#5988 = CARTESIAN_POINT('',(10.951843567499,-14.1,-244.6118965064));
#5989 = VECTOR('',#5990,1.);
#5990 = DIRECTION('',(0.564683915592,0.,-0.82530726125));
#5991 = ORIENTED_EDGE('',*,*,#5992,.F.);
#5992 = EDGE_CURVE('',#5993,#5983,#5995,.T.);
#5993 = VERTEX_POINT('',#5994);
#5994 = CARTESIAN_POINT('',(18.848950811398,-14.1,-272.9980983772));
#5995 = CIRCLE('',#5996,10.2);
#5996 = AXIS2_PLACEMENT_3D('',#5997,#5998,#5999);
#5997 = CARTESIAN_POINT('',(29.,-14.1,-272.));
#5998 = DIRECTION('',(0.,1.,0.));
#5999 = DIRECTION('',(0.,0.,1.));
#6000 = ORIENTED_EDGE('',*,*,#6001,.F.);
#6001 = EDGE_CURVE('',#5985,#5993,#6002,.T.);
#6002 = CIRCLE('',#6003,6.);
#6003 = AXIS2_PLACEMENT_3D('',#6004,#6005,#6006);
#6004 = CARTESIAN_POINT('',(19.,-14.1,-267.));
#6005 = DIRECTION('',(0.,1.,0.));
#6006 = DIRECTION('',(0.,0.,1.));
#6007 = PLANE('',#6008);
#6008 = AXIS2_PLACEMENT_3D('',#6009,#6010,#6011);
#6009 = CARTESIAN_POINT('',(17.865825505612,-14.1,-255.6504248562));
#6010 = DIRECTION('',(-0.,-1.,-0.));
#6011 = DIRECTION('',(0.,0.,-1.));
#6012 = ADVANCED_FACE('',(#6013),#6038,.F.);
#6013 = FACE_BOUND('',#6014,.F.);
#6014 = EDGE_LOOP('',(#6015,#6016,#6024,#6032));
#6015 = ORIENTED_EDGE('',*,*,#5982,.F.);
#6016 = ORIENTED_EDGE('',*,*,#6017,.T.);
#6017 = EDGE_CURVE('',#5983,#6018,#6020,.T.);
#6018 = VERTEX_POINT('',#6019);
#6019 = CARTESIAN_POINT('',(23.719946976275,-13.,-263.2729707192));
#6020 = LINE('',#6021,#6022);
#6021 = CARTESIAN_POINT('',(23.719946976275,-15.1,-263.2729707192));
#6022 = VECTOR('',#6023,1.);
#6023 = DIRECTION('',(0.,1.,0.));
#6024 = ORIENTED_EDGE('',*,*,#6025,.T.);
#6025 = EDGE_CURVE('',#6018,#6026,#6028,.T.);
#6026 = VERTEX_POINT('',#6027);
#6027 = CARTESIAN_POINT('',(23.951843567499,-13.,-263.6118965064));
#6028 = LINE('',#6029,#6030);
#6029 = CARTESIAN_POINT('',(36.5252628514,-13.,-281.9884323829));
#6030 = VECTOR('',#6031,1.);
#6031 = DIRECTION('',(0.564683915592,0.,-0.82530726125));
#6032 = ORIENTED_EDGE('',*,*,#6033,.F.);
#6033 = EDGE_CURVE('',#5985,#6026,#6034,.T.);
#6034 = LINE('',#6035,#6036);
#6035 = CARTESIAN_POINT('',(23.951843567499,-14.1,-263.6118965064));
#6036 = VECTOR('',#6037,1.);
#6037 = DIRECTION('',(0.,1.,0.));
#6038 = PLANE('',#6039);
#6039 = AXIS2_PLACEMENT_3D('',#6040,#6041,#6042);
#6040 = CARTESIAN_POINT('',(10.951843567499,-14.1,-244.6118965064));
#6041 = DIRECTION('',(-0.82530726125,0.,-0.564683915592));
#6042 = DIRECTION('',(0.564683915592,0.,-0.82530726125));
#6043 = ADVANCED_FACE('',(#6044),#6131,.T.);
#6044 = FACE_BOUND('',#6045,.T.);
#6045 = EDGE_LOOP('',(#6046,#6055,#6056,#6057,#6065,#6074,#6082,#6091,
    #6099,#6108,#6116,#6125));
#6046 = ORIENTED_EDGE('',*,*,#6047,.F.);
#6047 = EDGE_CURVE('',#6026,#6048,#6050,.T.);
#6048 = VERTEX_POINT('',#6049);
#6049 = CARTESIAN_POINT('',(24.996134764752,-13.,-266.7846679704));
#6050 = CIRCLE('',#6051,6.);
#6051 = AXIS2_PLACEMENT_3D('',#6052,#6053,#6054);
#6052 = CARTESIAN_POINT('',(19.,-13.,-267.));
#6053 = DIRECTION('',(0.,1.,0.));
#6054 = DIRECTION('',(0.,0.,1.));
#6055 = ORIENTED_EDGE('',*,*,#6033,.F.);
#6056 = ORIENTED_EDGE('',*,*,#6001,.T.);
#6057 = ORIENTED_EDGE('',*,*,#6058,.T.);
#6058 = EDGE_CURVE('',#5993,#6059,#6061,.T.);
#6059 = VERTEX_POINT('',#6060);
#6060 = CARTESIAN_POINT('',(18.848950811398,-13.,-272.9980983772));
#6061 = LINE('',#6062,#6063);
#6062 = CARTESIAN_POINT('',(18.848950811398,-15.1,-272.9980983772));
#6063 = VECTOR('',#6064,1.);
#6064 = DIRECTION('',(0.,1.,0.));
#6065 = ORIENTED_EDGE('',*,*,#6066,.F.);
#6066 = EDGE_CURVE('',#6067,#6059,#6069,.T.);
#6067 = VERTEX_POINT('',#6068);
#6068 = CARTESIAN_POINT('',(22.425415235248,-13.,-271.9261070295));
#6069 = CIRCLE('',#6070,6.);
#6070 = AXIS2_PLACEMENT_3D('',#6071,#6072,#6073);
#6071 = CARTESIAN_POINT('',(19.,-13.,-267.));
#6072 = DIRECTION('',(0.,1.,0.));
#6073 = DIRECTION('',(0.,0.,1.));
#6074 = ORIENTED_EDGE('',*,*,#6075,.F.);
#6075 = EDGE_CURVE('',#6076,#6067,#6078,.T.);
#6076 = VERTEX_POINT('',#6077);
#6077 = CARTESIAN_POINT('',(22.425415235248,-13.1,-271.9261070295));
#6078 = LINE('',#6079,#6080);
#6079 = CARTESIAN_POINT('',(22.425415235248,-14.1,-271.9261070295));
#6080 = VECTOR('',#6081,1.);
#6081 = DIRECTION('',(0.,1.,0.));
#6082 = ORIENTED_EDGE('',*,*,#6083,.F.);
#6083 = EDGE_CURVE('',#6084,#6076,#6086,.T.);
#6084 = VERTEX_POINT('',#6085);
#6085 = CARTESIAN_POINT('',(23.136318726188,-13.1,-271.3463625476));
#6086 = CIRCLE('',#6087,6.);
#6087 = AXIS2_PLACEMENT_3D('',#6088,#6089,#6090);
#6088 = CARTESIAN_POINT('',(19.,-13.1,-267.));
#6089 = DIRECTION('',(0.,1.,0.));
#6090 = DIRECTION('',(0.,0.,1.));
#6091 = ORIENTED_EDGE('',*,*,#6092,.F.);
#6092 = EDGE_CURVE('',#6093,#6084,#6095,.T.);
#6093 = VERTEX_POINT('',#6094);
#6094 = CARTESIAN_POINT('',(23.136318726188,-14.,-271.3463625476));
#6095 = LINE('',#6096,#6097);
#6096 = CARTESIAN_POINT('',(23.136318726188,-14.1,-271.3463625476));
#6097 = VECTOR('',#6098,1.);
#6098 = DIRECTION('',(0.,1.,0.));
#6099 = ORIENTED_EDGE('',*,*,#6100,.F.);
#6100 = EDGE_CURVE('',#6101,#6093,#6103,.T.);
#6101 = VERTEX_POINT('',#6102);
#6102 = CARTESIAN_POINT('',(24.958881273812,-14.,-267.7012374523));
#6103 = CIRCLE('',#6104,6.);
#6104 = AXIS2_PLACEMENT_3D('',#6105,#6106,#6107);
#6105 = CARTESIAN_POINT('',(19.,-14.,-267.));
#6106 = DIRECTION('',(0.,1.,0.));
#6107 = DIRECTION('',(0.,0.,1.));
#6108 = ORIENTED_EDGE('',*,*,#6109,.T.);
#6109 = EDGE_CURVE('',#6101,#6110,#6112,.T.);
#6110 = VERTEX_POINT('',#6111);
#6111 = CARTESIAN_POINT('',(24.958881273812,-13.1,-267.7012374523));
#6112 = LINE('',#6113,#6114);
#6113 = CARTESIAN_POINT('',(24.958881273812,-14.1,-267.7012374523));
#6114 = VECTOR('',#6115,1.);
#6115 = DIRECTION('',(0.,1.,0.));
#6116 = ORIENTED_EDGE('',*,*,#6117,.F.);
#6117 = EDGE_CURVE('',#6118,#6110,#6120,.T.);
#6118 = VERTEX_POINT('',#6119);
#6119 = CARTESIAN_POINT('',(24.996134764752,-13.1,-266.7846679704));
#6120 = CIRCLE('',#6121,6.);
#6121 = AXIS2_PLACEMENT_3D('',#6122,#6123,#6124);
#6122 = CARTESIAN_POINT('',(19.,-13.1,-267.));
#6123 = DIRECTION('',(0.,1.,0.));
#6124 = DIRECTION('',(0.,0.,1.));
#6125 = ORIENTED_EDGE('',*,*,#6126,.T.);
#6126 = EDGE_CURVE('',#6118,#6048,#6127,.T.);
#6127 = LINE('',#6128,#6129);
#6128 = CARTESIAN_POINT('',(24.996134764752,-14.1,-266.7846679704));
#6129 = VECTOR('',#6130,1.);
#6130 = DIRECTION('',(0.,1.,0.));
#6131 = CYLINDRICAL_SURFACE('',#6132,6.);
#6132 = AXIS2_PLACEMENT_3D('',#6133,#6134,#6135);
#6133 = CARTESIAN_POINT('',(19.,-14.1,-267.));
#6134 = DIRECTION('',(0.,1.,0.));
#6135 = DIRECTION('',(0.,0.,1.));
#6136 = ADVANCED_FACE('',(#6137),#6173,.F.);
#6137 = FACE_BOUND('',#6138,.F.);
#6138 = EDGE_LOOP('',(#6139,#6140,#6141,#6150,#6157,#6164,#6165,#6172));
#6139 = ORIENTED_EDGE('',*,*,#5992,.F.);
#6140 = ORIENTED_EDGE('',*,*,#6058,.T.);
#6141 = ORIENTED_EDGE('',*,*,#6142,.F.);
#6142 = EDGE_CURVE('',#6143,#6059,#6145,.T.);
#6143 = VERTEX_POINT('',#6144);
#6144 = CARTESIAN_POINT('',(29.,-13.,-261.8));
#6145 = CIRCLE('',#6146,10.2);
#6146 = AXIS2_PLACEMENT_3D('',#6147,#6148,#6149);
#6147 = CARTESIAN_POINT('',(29.,-13.,-272.));
#6148 = DIRECTION('',(0.,1.,0.));
#6149 = DIRECTION('',(0.,0.,1.));
#6150 = ORIENTED_EDGE('',*,*,#6151,.F.);
#6151 = EDGE_CURVE('',#6152,#6143,#6154,.T.);
#6152 = VERTEX_POINT('',#6153);
#6153 = CARTESIAN_POINT('',(29.,-20.,-261.8));
#6154 = B_SPLINE_CURVE_WITH_KNOTS('',1,(#6155,#6156),.UNSPECIFIED.,.F.,
  .F.,(2,2),(1.,8.),.PIECEWISE_BEZIER_KNOTS.);
#6155 = CARTESIAN_POINT('',(29.,-20.,-261.8));
#6156 = CARTESIAN_POINT('',(29.,-13.,-261.8));
#6157 = ORIENTED_EDGE('',*,*,#6158,.T.);
#6158 = EDGE_CURVE('',#6152,#6152,#6159,.T.);
#6159 = CIRCLE('',#6160,10.2);
#6160 = AXIS2_PLACEMENT_3D('',#6161,#6162,#6163);
#6161 = CARTESIAN_POINT('',(29.,-20.,-272.));
#6162 = DIRECTION('',(0.,1.,0.));
#6163 = DIRECTION('',(0.,0.,1.));
#6164 = ORIENTED_EDGE('',*,*,#6151,.T.);
#6165 = ORIENTED_EDGE('',*,*,#6166,.F.);
#6166 = EDGE_CURVE('',#6018,#6143,#6167,.T.);
#6167 = CIRCLE('',#6168,10.2);
#6168 = AXIS2_PLACEMENT_3D('',#6169,#6170,#6171);
#6169 = CARTESIAN_POINT('',(29.,-13.,-272.));
#6170 = DIRECTION('',(0.,1.,0.));
#6171 = DIRECTION('',(0.,0.,1.));
#6172 = ORIENTED_EDGE('',*,*,#6017,.F.);
#6173 = CYLINDRICAL_SURFACE('',#6174,10.2);
#6174 = AXIS2_PLACEMENT_3D('',#6175,#6176,#6177);
#6175 = CARTESIAN_POINT('',(29.,-21.,-272.));
#6176 = DIRECTION('',(0.,1.,0.));
#6177 = DIRECTION('',(0.,0.,1.));
#6178 = ADVANCED_FACE('',(#6179),#6202,.T.);
#6179 = FACE_BOUND('',#6180,.T.);
#6180 = EDGE_LOOP('',(#6181,#6182,#6183,#6184,#6193,#6200,#6201));
#6181 = ORIENTED_EDGE('',*,*,#6166,.F.);
#6182 = ORIENTED_EDGE('',*,*,#6025,.T.);
#6183 = ORIENTED_EDGE('',*,*,#6047,.T.);
#6184 = ORIENTED_EDGE('',*,*,#6185,.T.);
#6185 = EDGE_CURVE('',#6048,#6186,#6188,.T.);
#6186 = VERTEX_POINT('',#6187);
#6187 = CARTESIAN_POINT('',(29.,-13.,-265.425));
#6188 = CIRCLE('',#6189,6.575);
#6189 = AXIS2_PLACEMENT_3D('',#6190,#6191,#6192);
#6190 = CARTESIAN_POINT('',(29.,-13.,-272.));
#6191 = DIRECTION('',(0.,1.,0.));
#6192 = DIRECTION('',(0.,0.,1.));
#6193 = ORIENTED_EDGE('',*,*,#6194,.T.);
#6194 = EDGE_CURVE('',#6186,#6067,#6195,.T.);
#6195 = CIRCLE('',#6196,6.575);
#6196 = AXIS2_PLACEMENT_3D('',#6197,#6198,#6199);
#6197 = CARTESIAN_POINT('',(29.,-13.,-272.));
#6198 = DIRECTION('',(0.,1.,0.));
#6199 = DIRECTION('',(0.,0.,1.));
#6200 = ORIENTED_EDGE('',*,*,#6066,.T.);
#6201 = ORIENTED_EDGE('',*,*,#6142,.F.);
#6202 = PLANE('',#6203);
#6203 = AXIS2_PLACEMENT_3D('',#6204,#6205,#6206);
#6204 = CARTESIAN_POINT('',(29.486831458848,-13.,-341.6783397748));
#6205 = DIRECTION('',(-0.,-1.,-0.));
#6206 = DIRECTION('',(0.,0.,-1.));
#6207 = ADVANCED_FACE('',(#6208),#6237,.F.);
#6208 = FACE_BOUND('',#6209,.F.);
#6209 = EDGE_LOOP('',(#6210,#6218,#6225,#6226,#6227,#6228,#6235,#6236));
#6210 = ORIENTED_EDGE('',*,*,#6211,.T.);
#6211 = EDGE_CURVE('',#6186,#6212,#6214,.T.);
#6212 = VERTEX_POINT('',#6213);
#6213 = CARTESIAN_POINT('',(29.,-7.95,-265.425));
#6214 = LINE('',#6215,#6216);
#6215 = CARTESIAN_POINT('',(29.,-13.1,-265.425));
#6216 = VECTOR('',#6217,1.);
#6217 = DIRECTION('',(0.,1.,0.));
#6218 = ORIENTED_EDGE('',*,*,#6219,.F.);
#6219 = EDGE_CURVE('',#6212,#6212,#6220,.T.);
#6220 = CIRCLE('',#6221,6.575);
#6221 = AXIS2_PLACEMENT_3D('',#6222,#6223,#6224);
#6222 = CARTESIAN_POINT('',(29.,-7.95,-272.));
#6223 = DIRECTION('',(0.,1.,0.));
#6224 = DIRECTION('',(0.,0.,1.));
#6225 = ORIENTED_EDGE('',*,*,#6211,.F.);
#6226 = ORIENTED_EDGE('',*,*,#6194,.T.);
#6227 = ORIENTED_EDGE('',*,*,#6075,.F.);
#6228 = ORIENTED_EDGE('',*,*,#6229,.T.);
#6229 = EDGE_CURVE('',#6076,#6118,#6230,.T.);
#6230 = CIRCLE('',#6231,6.575);
#6231 = AXIS2_PLACEMENT_3D('',#6232,#6233,#6234);
#6232 = CARTESIAN_POINT('',(29.,-13.1,-272.));
#6233 = DIRECTION('',(0.,1.,0.));
#6234 = DIRECTION('',(0.,0.,1.));
#6235 = ORIENTED_EDGE('',*,*,#6126,.T.);
#6236 = ORIENTED_EDGE('',*,*,#6185,.T.);
#6237 = CYLINDRICAL_SURFACE('',#6238,6.575);
#6238 = AXIS2_PLACEMENT_3D('',#6239,#6240,#6241);
#6239 = CARTESIAN_POINT('',(29.,-13.1,-272.));
#6240 = DIRECTION('',(0.,1.,0.));
#6241 = DIRECTION('',(0.,0.,1.));
#6242 = ADVANCED_FACE('',(#6243),#6255,.T.);
#6243 = FACE_BOUND('',#6244,.T.);
#6244 = EDGE_LOOP('',(#6245,#6246,#6247,#6248));
#6245 = ORIENTED_EDGE('',*,*,#6083,.T.);
#6246 = ORIENTED_EDGE('',*,*,#6229,.T.);
#6247 = ORIENTED_EDGE('',*,*,#6117,.T.);
#6248 = ORIENTED_EDGE('',*,*,#6249,.F.);
#6249 = EDGE_CURVE('',#6084,#6110,#6250,.T.);
#6250 = CIRCLE('',#6251,5.9);
#6251 = AXIS2_PLACEMENT_3D('',#6252,#6253,#6254);
#6252 = CARTESIAN_POINT('',(29.,-13.1,-272.));
#6253 = DIRECTION('',(0.,1.,0.));
#6254 = DIRECTION('',(0.,0.,1.));
#6255 = PLANE('',#6256);
#6256 = AXIS2_PLACEMENT_3D('',#6257,#6258,#6259);
#6257 = CARTESIAN_POINT('',(29.,-13.1,-272.));
#6258 = DIRECTION('',(0.,1.,0.));
#6259 = DIRECTION('',(0.,0.,1.));
#6260 = ADVANCED_FACE('',(#6261),#6273,.F.);
#6261 = FACE_BOUND('',#6262,.F.);
#6262 = EDGE_LOOP('',(#6263,#6264,#6265,#6272));
#6263 = ORIENTED_EDGE('',*,*,#6249,.F.);
#6264 = ORIENTED_EDGE('',*,*,#6092,.F.);
#6265 = ORIENTED_EDGE('',*,*,#6266,.T.);
#6266 = EDGE_CURVE('',#6093,#6101,#6267,.T.);
#6267 = CIRCLE('',#6268,5.9);
#6268 = AXIS2_PLACEMENT_3D('',#6269,#6270,#6271);
#6269 = CARTESIAN_POINT('',(29.,-14.,-272.));
#6270 = DIRECTION('',(0.,1.,0.));
#6271 = DIRECTION('',(0.,0.,1.));
#6272 = ORIENTED_EDGE('',*,*,#6109,.T.);
#6273 = CYLINDRICAL_SURFACE('',#6274,5.9);
#6274 = AXIS2_PLACEMENT_3D('',#6275,#6276,#6277);
#6275 = CARTESIAN_POINT('',(29.,-14.,-272.));
#6276 = DIRECTION('',(0.,1.,0.));
#6277 = DIRECTION('',(0.,0.,1.));
#6278 = ADVANCED_FACE('',(#6279),#6283,.T.);
#6279 = FACE_BOUND('',#6280,.T.);
#6280 = EDGE_LOOP('',(#6281,#6282));
#6281 = ORIENTED_EDGE('',*,*,#6100,.T.);
#6282 = ORIENTED_EDGE('',*,*,#6266,.T.);
#6283 = PLANE('',#6284);
#6284 = AXIS2_PLACEMENT_3D('',#6285,#6286,#6287);
#6285 = CARTESIAN_POINT('',(29.,-14.,-272.));
#6286 = DIRECTION('',(0.,1.,0.));
#6287 = DIRECTION('',(0.,0.,1.));
#6288 = ADVANCED_FACE('',(#6289,#6404,#6454,#6504,#6515),#6518,.T.);
#6289 = FACE_BOUND('',#6290,.T.);
#6290 = EDGE_LOOP('',(#6291,#6302,#6311,#6320,#6329,#6338,#6347,#6355,
    #6364,#6373,#6381,#6389,#6398));
#6291 = ORIENTED_EDGE('',*,*,#6292,.F.);
#6292 = EDGE_CURVE('',#6293,#6295,#6297,.T.);
#6293 = VERTEX_POINT('',#6294);
#6294 = CARTESIAN_POINT('',(13.,-20.,-272.));
#6295 = VERTEX_POINT('',#6296);
#6296 = CARTESIAN_POINT('',(14.695072059522,-20.,-250.4923822936));
#6297 = B_SPLINE_CURVE_WITH_KNOTS('',3,(#6298,#6299,#6300,#6301),
  .UNSPECIFIED.,.F.,.F.,(4,4),(0.,1.),.PIECEWISE_BEZIER_KNOTS.);
#6298 = CARTESIAN_POINT('',(13.,-20.,-272.));
#6299 = CARTESIAN_POINT('',(13.,-20.,-255.));
#6300 = CARTESIAN_POINT('',(16.,-20.,-247.));
#6301 = CARTESIAN_POINT('',(16.,-20.,-237.));
#6302 = ORIENTED_EDGE('',*,*,#6303,.F.);
#6303 = EDGE_CURVE('',#6304,#6293,#6306,.T.);
#6304 = VERTEX_POINT('',#6305);
#6305 = CARTESIAN_POINT('',(13.363082037771,-20.,-298.6698423251));
#6306 = B_SPLINE_CURVE_WITH_KNOTS('',3,(#6307,#6308,#6309,#6310),
  .UNSPECIFIED.,.F.,.F.,(4,4),(0.,1.),.PIECEWISE_BEZIER_KNOTS.);
#6307 = CARTESIAN_POINT('',(15.,-20.,-364.));
#6308 = CARTESIAN_POINT('',(15.,-20.,-332.));
#6309 = CARTESIAN_POINT('',(13.,-20.,-307.));
#6310 = CARTESIAN_POINT('',(13.,-20.,-272.));
#6311 = ORIENTED_EDGE('',*,*,#6312,.F.);
#6312 = EDGE_CURVE('',#6313,#6304,#6315,.T.);
#6313 = VERTEX_POINT('',#6314);
#6314 = CARTESIAN_POINT('',(45.034744108161,-20.,-297.6468558849));
#6315 = CIRCLE('',#6316,17.);
#6316 = AXIS2_PLACEMENT_3D('',#6317,#6318,#6319);
#6317 = CARTESIAN_POINT('',(29.,-20.,-292.));
#6318 = DIRECTION('',(0.,1.,0.));
#6319 = DIRECTION('',(0.,0.,1.));
#6320 = ORIENTED_EDGE('',*,*,#6321,.F.);
#6321 = EDGE_CURVE('',#6322,#6313,#6324,.T.);
#6322 = VERTEX_POINT('',#6323);
#6323 = CARTESIAN_POINT('',(45.,-20.,-272.));
#6324 = B_SPLINE_CURVE_WITH_KNOTS('',3,(#6325,#6326,#6327,#6328),
  .UNSPECIFIED.,.F.,.F.,(4,4),(0.,1.),.PIECEWISE_BEZIER_KNOTS.);
#6325 = CARTESIAN_POINT('',(45.,-20.,-272.));
#6326 = CARTESIAN_POINT('',(45.,-20.,-306.));
#6327 = CARTESIAN_POINT('',(45.,-20.,-336.));
#6328 = CARTESIAN_POINT('',(47.,-20.,-364.));
#6329 = ORIENTED_EDGE('',*,*,#6330,.F.);
#6330 = EDGE_CURVE('',#6331,#6322,#6333,.T.);
#6331 = VERTEX_POINT('',#6332);
#6332 = CARTESIAN_POINT('',(42.,-20.,-237.));
#6333 = B_SPLINE_CURVE_WITH_KNOTS('',3,(#6334,#6335,#6336,#6337),
  .UNSPECIFIED.,.F.,.F.,(4,4),(0.,1.),.PIECEWISE_BEZIER_KNOTS.);
#6334 = CARTESIAN_POINT('',(42.,-20.,-237.));
#6335 = CARTESIAN_POINT('',(42.,-20.,-247.));
#6336 = CARTESIAN_POINT('',(45.,-20.,-255.));
#6337 = CARTESIAN_POINT('',(45.,-20.,-272.));
#6338 = ORIENTED_EDGE('',*,*,#6339,.F.);
#6339 = EDGE_CURVE('',#6340,#6331,#6342,.T.);
#6340 = VERTEX_POINT('',#6341);
#6341 = CARTESIAN_POINT('',(21.184813604016,-20.,-226.6114071407));
#6342 = CIRCLE('',#6343,13.);
#6343 = AXIS2_PLACEMENT_3D('',#6344,#6345,#6346);
#6344 = CARTESIAN_POINT('',(29.,-20.,-237.));
#6345 = DIRECTION('',(0.,1.,-0.));
#6346 = DIRECTION('',(-1.,0.,0.));
#6347 = ORIENTED_EDGE('',*,*,#6348,.F.);
#6348 = EDGE_CURVE('',#6349,#6340,#6351,.T.);
#6349 = VERTEX_POINT('',#6350);
#6350 = CARTESIAN_POINT('',(8.588732983824,-20.,-220.5871946701));
#6351 = LINE('',#6352,#6353);
#6352 = CARTESIAN_POINT('',(8.588732983824,-20.,-220.5871946701));
#6353 = VECTOR('',#6354,1.);
#6354 = DIRECTION('',(0.902134221636,0.,-0.431455497304));
#6355 = ORIENTED_EDGE('',*,*,#6356,.F.);
#6356 = EDGE_CURVE('',#6357,#6349,#6359,.T.);
#6357 = VERTEX_POINT('',#6358);
#6358 = CARTESIAN_POINT('',(6.,-20.,-220.));
#6359 = CIRCLE('',#6360,6.);
#6360 = AXIS2_PLACEMENT_3D('',#6361,#6362,#6363);
#6361 = CARTESIAN_POINT('',(6.,-20.,-226.));
#6362 = DIRECTION('',(0.,1.,0.));
#6363 = DIRECTION('',(0.,0.,1.));
#6364 = ORIENTED_EDGE('',*,*,#6365,.F.);
#6365 = EDGE_CURVE('',#6366,#6357,#6368,.T.);
#6366 = VERTEX_POINT('',#6367);
#6367 = CARTESIAN_POINT('',(3.411267016176,-20.,-231.4128053298));
#6368 = CIRCLE('',#6369,6.);
#6369 = AXIS2_PLACEMENT_3D('',#6370,#6371,#6372);
#6370 = CARTESIAN_POINT('',(6.,-20.,-226.));
#6371 = DIRECTION('',(0.,1.,0.));
#6372 = DIRECTION('',(0.,0.,1.));
#6373 = ORIENTED_EDGE('',*,*,#6374,.F.);
#6374 = EDGE_CURVE('',#6375,#6366,#6377,.T.);
#6375 = VERTEX_POINT('',#6376);
#6376 = CARTESIAN_POINT('',(15.093583144747,-20.,-237.));
#6377 = LINE('',#6378,#6379);
#6378 = CARTESIAN_POINT('',(26.411267016176,-20.,-242.4128053298));
#6379 = VECTOR('',#6380,1.);
#6380 = DIRECTION('',(-0.902134221636,0.,0.431455497304));
#6381 = ORIENTED_EDGE('',*,*,#6382,.F.);
#6382 = EDGE_CURVE('',#6383,#6375,#6385,.T.);
#6383 = VERTEX_POINT('',#6384);
#6384 = CARTESIAN_POINT('',(3.411267016176,-20.,-242.5871946701));
#6385 = LINE('',#6386,#6387);
#6386 = CARTESIAN_POINT('',(3.411267016176,-20.,-242.5871946701));
#6387 = VECTOR('',#6388,1.);
#6388 = DIRECTION('',(0.902134221636,0.,0.431455497304));
#6389 = ORIENTED_EDGE('',*,*,#6390,.F.);
#6390 = EDGE_CURVE('',#6391,#6383,#6393,.T.);
#6391 = VERTEX_POINT('',#6392);
#6392 = CARTESIAN_POINT('',(8.588732983824,-20.,-253.4128053298));
#6393 = CIRCLE('',#6394,6.);
#6394 = AXIS2_PLACEMENT_3D('',#6395,#6396,#6397);
#6395 = CARTESIAN_POINT('',(6.,-20.,-248.));
#6396 = DIRECTION('',(0.,1.,0.));
#6397 = DIRECTION('',(0.,0.,1.));
#6398 = ORIENTED_EDGE('',*,*,#6399,.F.);
#6399 = EDGE_CURVE('',#6295,#6391,#6400,.T.);
#6400 = LINE('',#6401,#6402);
#6401 = CARTESIAN_POINT('',(31.588732983824,-20.,-242.4128053298));
#6402 = VECTOR('',#6403,1.);
#6403 = DIRECTION('',(-0.902134221636,0.,-0.431455497304));
#6404 = FACE_BOUND('',#6405,.T.);
#6405 = EDGE_LOOP('',(#6406,#6416,#6424,#6432,#6440,#6448));
#6406 = ORIENTED_EDGE('',*,*,#6407,.F.);
#6407 = EDGE_CURVE('',#6408,#6410,#6412,.T.);
#6408 = VERTEX_POINT('',#6409);
#6409 = CARTESIAN_POINT('',(8.9,-20.,-224.3256842193));
#6410 = VERTEX_POINT('',#6411);
#6411 = CARTESIAN_POINT('',(6.,-20.,-222.6513684387));
#6412 = LINE('',#6413,#6414);
#6413 = CARTESIAN_POINT('',(22.063829624574,-20.,-231.9258247966));
#6414 = VECTOR('',#6415,1.);
#6415 = DIRECTION('',(-0.866025403784,0.,0.5));
#6416 = ORIENTED_EDGE('',*,*,#6417,.F.);
#6417 = EDGE_CURVE('',#6418,#6408,#6420,.T.);
#6418 = VERTEX_POINT('',#6419);
#6419 = CARTESIAN_POINT('',(8.9,-20.,-227.6743157806));
#6420 = LINE('',#6421,#6422);
#6421 = CARTESIAN_POINT('',(8.9,-20.,-243.8616640192));
#6422 = VECTOR('',#6423,1.);
#6423 = DIRECTION('',(0.,0.,1.));
#6424 = ORIENTED_EDGE('',*,*,#6425,.F.);
#6425 = EDGE_CURVE('',#6426,#6418,#6428,.T.);
#6426 = VERTEX_POINT('',#6427);
#6427 = CARTESIAN_POINT('',(6.,-20.,-229.3486315613));
#6428 = LINE('',#6429,#6430);
#6429 = CARTESIAN_POINT('',(5.870174830033,-20.,-229.4235861581));
#6430 = VECTOR('',#6431,1.);
#6431 = DIRECTION('',(0.866025403784,0.,0.5));
#6432 = ORIENTED_EDGE('',*,*,#6433,.F.);
#6433 = EDGE_CURVE('',#6434,#6426,#6436,.T.);
#6434 = VERTEX_POINT('',#6435);
#6435 = CARTESIAN_POINT('',(3.1,-20.,-227.6743157806));
#6436 = LINE('',#6437,#6438);
#6437 = CARTESIAN_POINT('',(17.713829624574,-20.,-236.1116142482));
#6438 = VECTOR('',#6439,1.);
#6439 = DIRECTION('',(0.866025403784,0.,-0.5));
#6440 = ORIENTED_EDGE('',*,*,#6441,.F.);
#6441 = EDGE_CURVE('',#6442,#6434,#6444,.T.);
#6442 = VERTEX_POINT('',#6443);
#6443 = CARTESIAN_POINT('',(3.1,-20.,-224.3256842193));
#6444 = LINE('',#6445,#6446);
#6445 = CARTESIAN_POINT('',(3.1,-20.,-242.1873482386));
#6446 = VECTOR('',#6447,1.);
#6447 = DIRECTION('',(0.,0.,-1.));
#6448 = ORIENTED_EDGE('',*,*,#6449,.F.);
#6449 = EDGE_CURVE('',#6410,#6442,#6450,.T.);
#6450 = LINE('',#6451,#6452);
#6451 = CARTESIAN_POINT('',(4.420174830032,-20.,-223.5634809258));
#6452 = VECTOR('',#6453,1.);
#6453 = DIRECTION('',(-0.866025403784,0.,-0.5));
#6454 = FACE_BOUND('',#6455,.T.);
#6455 = EDGE_LOOP('',(#6456,#6466,#6474,#6482,#6490,#6498));
#6456 = ORIENTED_EDGE('',*,*,#6457,.F.);
#6457 = EDGE_CURVE('',#6458,#6460,#6462,.T.);
#6458 = VERTEX_POINT('',#6459);
#6459 = CARTESIAN_POINT('',(8.9,-20.,-246.3256842193));
#6460 = VERTEX_POINT('',#6461);
#6461 = CARTESIAN_POINT('',(6.,-20.,-244.6513684387));
#6462 = LINE('',#6463,#6464);
#6463 = CARTESIAN_POINT('',(17.30068990376,-20.,-251.1758247966));
#6464 = VECTOR('',#6465,1.);
#6465 = DIRECTION('',(-0.866025403784,0.,0.5));
#6466 = ORIENTED_EDGE('',*,*,#6467,.F.);
#6467 = EDGE_CURVE('',#6468,#6458,#6470,.T.);
#6468 = VERTEX_POINT('',#6469);
#6469 = CARTESIAN_POINT('',(8.9,-20.,-249.6743157806));
#6470 = LINE('',#6471,#6472);
#6471 = CARTESIAN_POINT('',(8.9,-20.,-254.8616640192));
#6472 = VECTOR('',#6473,1.);
#6473 = DIRECTION('',(0.,0.,1.));
#6474 = ORIENTED_EDGE('',*,*,#6475,.F.);
#6475 = EDGE_CURVE('',#6476,#6468,#6478,.T.);
#6476 = VERTEX_POINT('',#6477);
#6477 = CARTESIAN_POINT('',(6.,-20.,-251.3486315613));
#6478 = LINE('',#6479,#6480);
#6479 = CARTESIAN_POINT('',(10.633314550847,-20.,-248.6735861581));
#6480 = VECTOR('',#6481,1.);
#6481 = DIRECTION('',(0.866025403784,0.,0.5));
#6482 = ORIENTED_EDGE('',*,*,#6483,.F.);
#6483 = EDGE_CURVE('',#6484,#6476,#6486,.T.);
#6484 = VERTEX_POINT('',#6485);
#6485 = CARTESIAN_POINT('',(3.1,-20.,-249.6743157806));
#6486 = LINE('',#6487,#6488);
#6487 = CARTESIAN_POINT('',(12.95068990376,-20.,-255.3616142482));
#6488 = VECTOR('',#6489,1.);
#6489 = DIRECTION('',(0.866025403784,0.,-0.5));
#6490 = ORIENTED_EDGE('',*,*,#6491,.F.);
#6491 = EDGE_CURVE('',#6492,#6484,#6494,.T.);
#6492 = VERTEX_POINT('',#6493);
#6493 = CARTESIAN_POINT('',(3.1,-20.,-246.3256842193));
#6494 = LINE('',#6495,#6496);
#6495 = CARTESIAN_POINT('',(3.1,-20.,-253.1873482386));
#6496 = VECTOR('',#6497,1.);
#6497 = DIRECTION('',(0.,0.,-1.));
#6498 = ORIENTED_EDGE('',*,*,#6499,.F.);
#6499 = EDGE_CURVE('',#6460,#6492,#6500,.T.);
#6500 = LINE('',#6501,#6502);
#6501 = CARTESIAN_POINT('',(9.183314550847,-20.,-242.8134809258));
#6502 = VECTOR('',#6503,1.);
#6503 = DIRECTION('',(-0.866025403784,0.,-0.5));
#6504 = FACE_BOUND('',#6505,.T.);
#6505 = EDGE_LOOP('',(#6506));
#6506 = ORIENTED_EDGE('',*,*,#6507,.T.);
#6507 = EDGE_CURVE('',#6508,#6508,#6510,.T.);
#6508 = VERTEX_POINT('',#6509);
#6509 = CARTESIAN_POINT('',(29.,-20.,-232.975));
#6510 = CIRCLE('',#6511,4.025);
#6511 = AXIS2_PLACEMENT_3D('',#6512,#6513,#6514);
#6512 = CARTESIAN_POINT('',(29.,-20.,-237.));
#6513 = DIRECTION('',(0.,1.,0.));
#6514 = DIRECTION('',(0.,0.,1.));
#6515 = FACE_BOUND('',#6516,.T.);
#6516 = EDGE_LOOP('',(#6517));
#6517 = ORIENTED_EDGE('',*,*,#6158,.T.);
#6518 = PLANE('',#6519);
#6519 = AXIS2_PLACEMENT_3D('',#6520,#6521,#6522);
#6520 = CARTESIAN_POINT('',(23.378672606142,-20.,-260.0490122578));
#6521 = DIRECTION('',(-0.,-1.,-0.));
#6522 = DIRECTION('',(0.,0.,-1.));
#6523 = ADVANCED_FACE('',(#6524,#6527),#6538,.F.);
#6524 = FACE_BOUND('',#6525,.F.);
#6525 = EDGE_LOOP('',(#6526));
#6526 = ORIENTED_EDGE('',*,*,#6219,.T.);
#6527 = FACE_BOUND('',#6528,.F.);
#6528 = EDGE_LOOP('',(#6529));
#6529 = ORIENTED_EDGE('',*,*,#6530,.F.);
#6530 = EDGE_CURVE('',#6531,#6531,#6533,.T.);
#6531 = VERTEX_POINT('',#6532);
#6532 = CARTESIAN_POINT('',(29.,-7.95,-266.1));
#6533 = CIRCLE('',#6534,5.9);
#6534 = AXIS2_PLACEMENT_3D('',#6535,#6536,#6537);
#6535 = CARTESIAN_POINT('',(29.,-7.95,-272.));
#6536 = DIRECTION('',(0.,1.,0.));
#6537 = DIRECTION('',(0.,0.,1.));
#6538 = PLANE('',#6539);
#6539 = AXIS2_PLACEMENT_3D('',#6540,#6541,#6542);
#6540 = CARTESIAN_POINT('',(29.,-7.95,-272.));
#6541 = DIRECTION('',(0.,1.,0.));
#6542 = DIRECTION('',(0.,0.,1.));
#6543 = ADVANCED_FACE('',(#6544),#6590,.F.);
#6544 = FACE_BOUND('',#6545,.F.);
#6545 = EDGE_LOOP('',(#6546,#6547,#6555,#6582));
#6546 = ORIENTED_EDGE('',*,*,#6292,.F.);
#6547 = ORIENTED_EDGE('',*,*,#6548,.T.);
#6548 = EDGE_CURVE('',#6293,#6549,#6551,.T.);
#6549 = VERTEX_POINT('',#6550);
#6550 = CARTESIAN_POINT('',(13.,-14.1,-272.));
#6551 = LINE('',#6552,#6553);
#6552 = CARTESIAN_POINT('',(13.,-20.,-272.));
#6553 = VECTOR('',#6554,1.);
#6554 = DIRECTION('',(0.,1.,0.));
#6555 = ORIENTED_EDGE('',*,*,#6556,.F.);
#6556 = EDGE_CURVE('',#6557,#6549,#6559,.T.);
#6557 = VERTEX_POINT('',#6558);
#6558 = CARTESIAN_POINT('',(14.695072059523,-14.1,-250.4923822936));
#6559 = B_SPLINE_CURVE_WITH_KNOTS('',6,(#6560,#6561,#6562,#6563,#6564,
    #6565,#6566,#6567,#6568,#6569,#6570,#6571,#6572,#6573,#6574,#6575,
    #6576,#6577,#6578,#6579,#6580,#6581),.UNSPECIFIED.,.F.,.F.,(7,5,5,5,
    7),(0.,0.101038956448,0.33189943824,0.592271525309,1.),
  .UNSPECIFIED.);
#6560 = CARTESIAN_POINT('',(14.695074739125,-14.1,-250.4923634537));
#6561 = CARTESIAN_POINT('',(14.643875210045,-14.1,-250.8523383203));
#6562 = CARTESIAN_POINT('',(14.592832104783,-14.1,-251.2123382431));
#6563 = CARTESIAN_POINT('',(14.542061427914,-14.1,-251.5723798362));
#6564 = CARTESIAN_POINT('',(14.491669524002,-14.1,-251.9324778078));
#6565 = CARTESIAN_POINT('',(14.441753077605,-14.1,-252.2926449608));
#6566 = CARTESIAN_POINT('',(14.279631915486,-14.1,-253.4760088615));
#6567 = CARTESIAN_POINT('',(14.169800837698,-14.1,-254.2995445148));
#6568 = CARTESIAN_POINT('',(14.063947910892,-14.1,-255.1236260544));
#6569 = CARTESIAN_POINT('',(13.962851277629,-14.1,-255.9483276375));
#6570 = CARTESIAN_POINT('',(13.86707301689,-14.1,-256.7736766961));
#6571 = CARTESIAN_POINT('',(13.675427501109,-14.1,-258.5312311972));
#6572 = CARTESIAN_POINT('',(13.581113544664,-14.1,-259.4636162894));
#6573 = CARTESIAN_POINT('',(13.49463223318,-14.1,-260.3967949203));
#6574 = CARTESIAN_POINT('',(13.416278444645,-14.1,-261.3307117073));
#6575 = CARTESIAN_POINT('',(13.346174931501,-14.1,-262.2652852495));
#6576 = CARTESIAN_POINT('',(13.187484634622,-14.1,-264.6647731285));
#6577 = CARTESIAN_POINT('',(13.110890152637,-14.1,-266.1305128133));
#6578 = CARTESIAN_POINT('',(13.054576117111,-14.1,-267.5972540319));
#6579 = CARTESIAN_POINT('',(13.017888355523,-14.1,-269.0646313858));
#6580 = CARTESIAN_POINT('',(13.,-14.1,-270.5323122969));
#6581 = CARTESIAN_POINT('',(13.,-14.1,-272.));
#6582 = ORIENTED_EDGE('',*,*,#6583,.T.);
#6583 = EDGE_CURVE('',#6557,#6295,#6584,.T.);
#6584 = B_SPLINE_CURVE_WITH_KNOTS('',4,(#6585,#6586,#6587,#6588,#6589),
  .UNSPECIFIED.,.F.,.F.,(5,5),(0.,1.),.PIECEWISE_BEZIER_KNOTS.);
#6585 = CARTESIAN_POINT('',(14.695072059523,-14.,-250.4923822936));
#6586 = CARTESIAN_POINT('',(14.695072059523,-15.49999999985,
    -250.4923822936));
#6587 = CARTESIAN_POINT('',(14.695072059523,-16.99999999999,
    -250.4923822936));
#6588 = CARTESIAN_POINT('',(14.695072059523,-18.50000000015,
    -250.4923822936));
#6589 = CARTESIAN_POINT('',(14.695072059523,-20.,-250.4923822936));
#6590 = SURFACE_OF_LINEAR_EXTRUSION('',#6591,#6596);
#6591 = B_SPLINE_CURVE_WITH_KNOTS('',3,(#6592,#6593,#6594,#6595),
  .UNSPECIFIED.,.F.,.F.,(4,4),(0.,1.),.PIECEWISE_BEZIER_KNOTS.);
#6592 = CARTESIAN_POINT('',(13.,-20.,-272.));
#6593 = CARTESIAN_POINT('',(13.,-20.,-255.));
#6594 = CARTESIAN_POINT('',(16.,-20.,-247.));
#6595 = CARTESIAN_POINT('',(16.,-20.,-237.));
#6596 = VECTOR('',#6597,1.);
#6597 = DIRECTION('',(-0.,-1.,-0.));
#6598 = ADVANCED_FACE('',(#6599),#6641,.F.);
#6599 = FACE_BOUND('',#6600,.F.);
#6600 = EDGE_LOOP('',(#6601,#6602,#6612,#6621,#6631,#6640));
#6601 = ORIENTED_EDGE('',*,*,#6303,.F.);
#6602 = ORIENTED_EDGE('',*,*,#6603,.F.);
#6603 = EDGE_CURVE('',#6604,#6304,#6606,.T.);
#6604 = VERTEX_POINT('',#6605);
#6605 = CARTESIAN_POINT('',(13.363082037771,-14.,-298.6698423251));
#6606 = B_SPLINE_CURVE_WITH_KNOTS('',4,(#6607,#6608,#6609,#6610,#6611),
  .UNSPECIFIED.,.F.,.F.,(5,5),(0.,1.),.PIECEWISE_BEZIER_KNOTS.);
#6607 = CARTESIAN_POINT('',(13.363082037771,-13.9999994,-298.6698423251)
  );
#6608 = CARTESIAN_POINT('',(13.363082037771,-15.4999997,-298.6698423251)
  );
#6609 = CARTESIAN_POINT('',(13.363082037771,-17.,-298.6698423251));
#6610 = CARTESIAN_POINT('',(13.363082037771,-18.5000003,-298.6698423251)
  );
#6611 = CARTESIAN_POINT('',(13.363082037771,-20.0000006,-298.6698423251)
  );
#6612 = ORIENTED_EDGE('',*,*,#6613,.T.);
#6613 = EDGE_CURVE('',#6604,#6614,#6616,.T.);
#6614 = VERTEX_POINT('',#6615);
#6615 = CARTESIAN_POINT('',(13.018150709437,-14.,-277.7948678374));
#6616 = B_SPLINE_CURVE_WITH_KNOTS('',3,(#6617,#6618,#6619,#6620),
  .UNSPECIFIED.,.F.,.F.,(4,4),(0.,1.),.PIECEWISE_BEZIER_KNOTS.);
#6617 = CARTESIAN_POINT('',(15.,-14.,-364.));
#6618 = CARTESIAN_POINT('',(15.,-14.,-332.));
#6619 = CARTESIAN_POINT('',(13.,-14.,-307.));
#6620 = CARTESIAN_POINT('',(13.,-14.,-272.));
#6621 = ORIENTED_EDGE('',*,*,#6622,.T.);
#6622 = EDGE_CURVE('',#6614,#6623,#6625,.T.);
#6623 = VERTEX_POINT('',#6624);
#6624 = CARTESIAN_POINT('',(13.018150709437,-14.1,-277.7948678374));
#6625 = B_SPLINE_CURVE_WITH_KNOTS('',4,(#6626,#6627,#6628,#6629,#6630),
  .UNSPECIFIED.,.F.,.F.,(5,5),(0.,1.),.PIECEWISE_BEZIER_KNOTS.);
#6626 = CARTESIAN_POINT('',(13.018150709437,-13.9999994,-277.7948678374)
  );
#6627 = CARTESIAN_POINT('',(13.018150709437,-14.0249997,-277.7948678374)
  );
#6628 = CARTESIAN_POINT('',(13.018150709437,-14.05,-277.7948678374));
#6629 = CARTESIAN_POINT('',(13.018150709437,-14.0750003,-277.7948678374)
  );
#6630 = CARTESIAN_POINT('',(13.018150709437,-14.1000006,-277.7948678374)
  );
#6631 = ORIENTED_EDGE('',*,*,#6632,.F.);
#6632 = EDGE_CURVE('',#6549,#6623,#6633,.T.);
#6633 = B_SPLINE_CURVE_WITH_KNOTS('',5,(#6634,#6635,#6636,#6637,#6638,
    #6639),.UNSPECIFIED.,.F.,.F.,(6,6),(0.,1.),
  .PIECEWISE_BEZIER_KNOTS.);
#6634 = CARTESIAN_POINT('',(13.,-14.1,-272.));
#6635 = CARTESIAN_POINT('',(13.,-14.1,-275.4001945838));
#6636 = CARTESIAN_POINT('',(13.015729435807,-14.1,-278.8003849578));
#6637 = CARTESIAN_POINT('',(13.046947119232,-14.1,-282.200466012));
#6638 = CARTESIAN_POINT('',(13.093001184549,-14.1,-285.6003562518));
#6639 = CARTESIAN_POINT('',(13.152580144272,-14.1,-289.));
#6640 = ORIENTED_EDGE('',*,*,#6548,.F.);
#6641 = SURFACE_OF_LINEAR_EXTRUSION('',#6642,#6647);
#6642 = B_SPLINE_CURVE_WITH_KNOTS('',3,(#6643,#6644,#6645,#6646),
  .UNSPECIFIED.,.F.,.F.,(4,4),(0.,1.),.PIECEWISE_BEZIER_KNOTS.);
#6643 = CARTESIAN_POINT('',(15.,-20.,-364.));
#6644 = CARTESIAN_POINT('',(15.,-20.,-332.));
#6645 = CARTESIAN_POINT('',(13.,-20.,-307.));
#6646 = CARTESIAN_POINT('',(13.,-20.,-272.));
#6647 = VECTOR('',#6648,1.);
#6648 = DIRECTION('',(-0.,-1.,-0.));
#6649 = ADVANCED_FACE('',(#6650),#6668,.F.);
#6650 = FACE_BOUND('',#6651,.F.);
#6651 = EDGE_LOOP('',(#6652,#6653,#6654,#6662));
#6652 = ORIENTED_EDGE('',*,*,#6399,.F.);
#6653 = ORIENTED_EDGE('',*,*,#6583,.F.);
#6654 = ORIENTED_EDGE('',*,*,#6655,.F.);
#6655 = EDGE_CURVE('',#6656,#6557,#6658,.T.);
#6656 = VERTEX_POINT('',#6657);
#6657 = CARTESIAN_POINT('',(8.588732983824,-14.1,-253.4128053298));
#6658 = LINE('',#6659,#6660);
#6659 = CARTESIAN_POINT('',(23.428320832921,-14.1,-246.3156111411));
#6660 = VECTOR('',#6661,1.);
#6661 = DIRECTION('',(0.902134221636,0.,0.431455497304));
#6662 = ORIENTED_EDGE('',*,*,#6663,.F.);
#6663 = EDGE_CURVE('',#6391,#6656,#6664,.T.);
#6664 = LINE('',#6665,#6666);
#6665 = CARTESIAN_POINT('',(8.588732983824,-20.,-253.4128053298));
#6666 = VECTOR('',#6667,1.);
#6667 = DIRECTION('',(0.,1.,0.));
#6668 = PLANE('',#6669);
#6669 = AXIS2_PLACEMENT_3D('',#6670,#6671,#6672);
#6670 = CARTESIAN_POINT('',(31.588732983824,-20.,-242.4128053298));
#6671 = DIRECTION('',(-0.431455497304,0.,0.902134221636));
#6672 = DIRECTION('',(-0.902134221636,0.,-0.431455497304));
#6673 = ADVANCED_FACE('',(#6674),#6695,.T.);
#6674 = FACE_BOUND('',#6675,.T.);
#6675 = EDGE_LOOP('',(#6676,#6685,#6693,#6694));
#6676 = ORIENTED_EDGE('',*,*,#6677,.F.);
#6677 = EDGE_CURVE('',#6678,#6604,#6680,.T.);
#6678 = VERTEX_POINT('',#6679);
#6679 = CARTESIAN_POINT('',(45.034744108161,-14.,-297.6468558849));
#6680 = CIRCLE('',#6681,17.);
#6681 = AXIS2_PLACEMENT_3D('',#6682,#6683,#6684);
#6682 = CARTESIAN_POINT('',(29.,-14.,-292.));
#6683 = DIRECTION('',(0.,1.,0.));
#6684 = DIRECTION('',(0.,0.,1.));
#6685 = ORIENTED_EDGE('',*,*,#6686,.T.);
#6686 = EDGE_CURVE('',#6678,#6313,#6687,.T.);
#6687 = B_SPLINE_CURVE_WITH_KNOTS('',4,(#6688,#6689,#6690,#6691,#6692),
  .UNSPECIFIED.,.F.,.F.,(5,5),(0.,1.),.PIECEWISE_BEZIER_KNOTS.);
#6688 = CARTESIAN_POINT('',(45.034744108161,-13.9999994,-297.6468558849)
  );
#6689 = CARTESIAN_POINT('',(45.034744108161,-15.4999997,-297.6468558849)
  );
#6690 = CARTESIAN_POINT('',(45.034744108161,-17.,-297.6468558849));
#6691 = CARTESIAN_POINT('',(45.034744108161,-18.5000003,-297.6468558849)
  );
#6692 = CARTESIAN_POINT('',(45.034744108161,-20.0000006,-297.6468558849)
  );
#6693 = ORIENTED_EDGE('',*,*,#6312,.T.);
#6694 = ORIENTED_EDGE('',*,*,#6603,.F.);
#6695 = CYLINDRICAL_SURFACE('',#6696,17.);
#6696 = AXIS2_PLACEMENT_3D('',#6697,#6698,#6699);
#6697 = CARTESIAN_POINT('',(29.,-21.,-292.));
#6698 = DIRECTION('',(0.,1.,0.));
#6699 = DIRECTION('',(0.,0.,1.));
#6700 = ADVANCED_FACE('',(#6701),#6778,.T.);
#6701 = FACE_BOUND('',#6702,.T.);
#6702 = EDGE_LOOP('',(#6703,#6704,#6705,#6713,#6722,#6730,#6739,#6746,
    #6753,#6754,#6763,#6771));
#6703 = ORIENTED_EDGE('',*,*,#6663,.F.);
#6704 = ORIENTED_EDGE('',*,*,#6390,.T.);
#6705 = ORIENTED_EDGE('',*,*,#6706,.T.);
#6706 = EDGE_CURVE('',#6383,#6707,#6709,.T.);
#6707 = VERTEX_POINT('',#6708);
#6708 = CARTESIAN_POINT('',(3.411267016176,-14.1,-242.5871946701));
#6709 = LINE('',#6710,#6711);
#6710 = CARTESIAN_POINT('',(3.411267016176,-20.,-242.5871946701));
#6711 = VECTOR('',#6712,1.);
#6712 = DIRECTION('',(0.,1.,0.));
#6713 = ORIENTED_EDGE('',*,*,#6714,.F.);
#6714 = EDGE_CURVE('',#6715,#6707,#6717,.T.);
#6715 = VERTEX_POINT('',#6716);
#6716 = CARTESIAN_POINT('',(0.,-14.1,-248.));
#6717 = CIRCLE('',#6718,6.);
#6718 = AXIS2_PLACEMENT_3D('',#6719,#6720,#6721);
#6719 = CARTESIAN_POINT('',(6.,-14.1,-248.));
#6720 = DIRECTION('',(0.,1.,0.));
#6721 = DIRECTION('',(0.,0.,1.));
#6722 = ORIENTED_EDGE('',*,*,#6723,.T.);
#6723 = EDGE_CURVE('',#6715,#6724,#6726,.T.);
#6724 = VERTEX_POINT('',#6725);
#6725 = CARTESIAN_POINT('',(0.,-1.,-248.));
#6726 = LINE('',#6727,#6728);
#6727 = CARTESIAN_POINT('',(0.,-14.1,-248.));
#6728 = VECTOR('',#6729,1.);
#6729 = DIRECTION('',(0.,1.,0.));
#6730 = ORIENTED_EDGE('',*,*,#6731,.T.);
#6731 = EDGE_CURVE('',#6724,#6732,#6734,.T.);
#6732 = VERTEX_POINT('',#6733);
#6733 = CARTESIAN_POINT('',(6.,-1.,-242.));
#6734 = CIRCLE('',#6735,6.);
#6735 = AXIS2_PLACEMENT_3D('',#6736,#6737,#6738);
#6736 = CARTESIAN_POINT('',(6.,-1.,-248.));
#6737 = DIRECTION('',(0.,1.,0.));
#6738 = DIRECTION('',(0.,0.,1.));
#6739 = ORIENTED_EDGE('',*,*,#6740,.T.);
#6740 = EDGE_CURVE('',#6732,#6741,#6743,.T.);
#6741 = VERTEX_POINT('',#6742);
#6742 = CARTESIAN_POINT('',(6.,0.,-242.));
#6743 = B_SPLINE_CURVE_WITH_KNOTS('',1,(#6744,#6745),.UNSPECIFIED.,.F.,
  .F.,(2,2),(19.,20.),.PIECEWISE_BEZIER_KNOTS.);
#6744 = CARTESIAN_POINT('',(6.,-1.,-242.));
#6745 = CARTESIAN_POINT('',(6.,0.,-242.));
#6746 = ORIENTED_EDGE('',*,*,#6747,.F.);
#6747 = EDGE_CURVE('',#6741,#6741,#6748,.T.);
#6748 = CIRCLE('',#6749,6.);
#6749 = AXIS2_PLACEMENT_3D('',#6750,#6751,#6752);
#6750 = CARTESIAN_POINT('',(6.,0.,-248.));
#6751 = DIRECTION('',(0.,1.,0.));
#6752 = DIRECTION('',(0.,0.,1.));
#6753 = ORIENTED_EDGE('',*,*,#6740,.F.);
#6754 = ORIENTED_EDGE('',*,*,#6755,.T.);
#6755 = EDGE_CURVE('',#6732,#6756,#6758,.T.);
#6756 = VERTEX_POINT('',#6757);
#6757 = CARTESIAN_POINT('',(1.048156432501,-1.,-251.3881034935));
#6758 = CIRCLE('',#6759,6.);
#6759 = AXIS2_PLACEMENT_3D('',#6760,#6761,#6762);
#6760 = CARTESIAN_POINT('',(6.,-1.,-248.));
#6761 = DIRECTION('',(0.,1.,0.));
#6762 = DIRECTION('',(0.,0.,1.));
#6763 = ORIENTED_EDGE('',*,*,#6764,.F.);
#6764 = EDGE_CURVE('',#6765,#6756,#6767,.T.);
#6765 = VERTEX_POINT('',#6766);
#6766 = CARTESIAN_POINT('',(1.048156432501,-14.1,-251.3881034935));
#6767 = LINE('',#6768,#6769);
#6768 = CARTESIAN_POINT('',(1.048156432501,-14.1,-251.3881034935));
#6769 = VECTOR('',#6770,1.);
#6770 = DIRECTION('',(0.,1.,0.));
#6771 = ORIENTED_EDGE('',*,*,#6772,.F.);
#6772 = EDGE_CURVE('',#6656,#6765,#6773,.T.);
#6773 = CIRCLE('',#6774,6.);
#6774 = AXIS2_PLACEMENT_3D('',#6775,#6776,#6777);
#6775 = CARTESIAN_POINT('',(6.,-14.1,-248.));
#6776 = DIRECTION('',(0.,1.,0.));
#6777 = DIRECTION('',(0.,0.,1.));
#6778 = CYLINDRICAL_SURFACE('',#6779,6.);
#6779 = AXIS2_PLACEMENT_3D('',#6780,#6781,#6782);
#6780 = CARTESIAN_POINT('',(6.,-20.,-248.));
#6781 = DIRECTION('',(0.,1.,0.));
#6782 = DIRECTION('',(0.,0.,1.));
#6783 = ADVANCED_FACE('',(#6784),#6826,.F.);
#6784 = FACE_BOUND('',#6785,.F.);
#6785 = EDGE_LOOP('',(#6786,#6787,#6795,#6808,#6818,#6825));
#6786 = ORIENTED_EDGE('',*,*,#6321,.F.);
#6787 = ORIENTED_EDGE('',*,*,#6788,.T.);
#6788 = EDGE_CURVE('',#6322,#6789,#6791,.T.);
#6789 = VERTEX_POINT('',#6790);
#6790 = CARTESIAN_POINT('',(45.,-14.1,-272.));
#6791 = LINE('',#6792,#6793);
#6792 = CARTESIAN_POINT('',(45.,-20.,-272.));
#6793 = VECTOR('',#6794,1.);
#6794 = DIRECTION('',(0.,1.,0.));
#6795 = ORIENTED_EDGE('',*,*,#6796,.F.);
#6796 = EDGE_CURVE('',#6797,#6789,#6799,.T.);
#6797 = VERTEX_POINT('',#6798);
#6798 = CARTESIAN_POINT('',(45.000364254747,-14.1,-277.7435480075));
#6799 = B_SPLINE_CURVE_WITH_KNOTS('',4,(#6800,#6801,#6802,#6803,#6804,
    #6805,#6806,#6807),.UNSPECIFIED.,.F.,.F.,(5,3,5),(0.,0.65886889356,
    1.),.UNSPECIFIED.);
#6800 = CARTESIAN_POINT('',(45.00982065192,-14.1,-289.));
#6801 = CARTESIAN_POINT('',(45.004872588933,-14.1,-286.1998162362));
#6802 = CARTESIAN_POINT('',(45.002182559791,-14.1,-283.3996261153));
#6803 = CARTESIAN_POINT('',(45.00092191219,-14.1,-280.5994333779));
#6804 = CARTESIAN_POINT('',(45.000091873749,-14.1,-276.3494294764));
#6805 = CARTESIAN_POINT('',(45.000000006752,-14.1,-274.8996202719));
#6806 = CARTESIAN_POINT('',(45.,-14.1,-273.4498104482));
#6807 = CARTESIAN_POINT('',(45.,-14.1,-272.));
#6808 = ORIENTED_EDGE('',*,*,#6809,.F.);
#6809 = EDGE_CURVE('',#6810,#6797,#6812,.T.);
#6810 = VERTEX_POINT('',#6811);
#6811 = CARTESIAN_POINT('',(45.000364254747,-14.,-277.7435480075));
#6812 = B_SPLINE_CURVE_WITH_KNOTS('',4,(#6813,#6814,#6815,#6816,#6817),
  .UNSPECIFIED.,.F.,.F.,(5,5),(0.,1.),.PIECEWISE_BEZIER_KNOTS.);
#6813 = CARTESIAN_POINT('',(45.000364254747,-13.9999994,-277.7435480075)
  );
#6814 = CARTESIAN_POINT('',(45.000364254747,-14.0249997,-277.7435480075)
  );
#6815 = CARTESIAN_POINT('',(45.000364254747,-14.05,-277.7435480075));
#6816 = CARTESIAN_POINT('',(45.000364254747,-14.0750003,-277.7435480075)
  );
#6817 = CARTESIAN_POINT('',(45.000364254747,-14.1000006,-277.7435480075)
  );
#6818 = ORIENTED_EDGE('',*,*,#6819,.T.);
#6819 = EDGE_CURVE('',#6810,#6678,#6820,.T.);
#6820 = B_SPLINE_CURVE_WITH_KNOTS('',3,(#6821,#6822,#6823,#6824),
  .UNSPECIFIED.,.F.,.F.,(4,4),(0.,1.),.PIECEWISE_BEZIER_KNOTS.);
#6821 = CARTESIAN_POINT('',(45.,-14.,-272.));
#6822 = CARTESIAN_POINT('',(45.,-14.,-306.));
#6823 = CARTESIAN_POINT('',(45.,-14.,-336.));
#6824 = CARTESIAN_POINT('',(47.,-14.,-364.));
#6825 = ORIENTED_EDGE('',*,*,#6686,.T.);
#6826 = SURFACE_OF_LINEAR_EXTRUSION('',#6827,#6832);
#6827 = B_SPLINE_CURVE_WITH_KNOTS('',3,(#6828,#6829,#6830,#6831),
  .UNSPECIFIED.,.F.,.F.,(4,4),(0.,1.),.PIECEWISE_BEZIER_KNOTS.);
#6828 = CARTESIAN_POINT('',(45.,-20.,-272.));
#6829 = CARTESIAN_POINT('',(45.,-20.,-306.));
#6830 = CARTESIAN_POINT('',(45.,-20.,-336.));
#6831 = CARTESIAN_POINT('',(47.,-20.,-364.));
#6832 = VECTOR('',#6833,1.);
#6833 = DIRECTION('',(-0.,-1.,-0.));
#6834 = ADVANCED_FACE('',(#6835),#6869,.F.);
#6835 = FACE_BOUND('',#6836,.F.);
#6836 = EDGE_LOOP('',(#6837,#6838,#6839,#6847,#6855,#6863));
#6837 = ORIENTED_EDGE('',*,*,#6382,.F.);
#6838 = ORIENTED_EDGE('',*,*,#6706,.T.);
#6839 = ORIENTED_EDGE('',*,*,#6840,.F.);
#6840 = EDGE_CURVE('',#6841,#6707,#6843,.T.);
#6841 = VERTEX_POINT('',#6842);
#6842 = CARTESIAN_POINT('',(12.,-14.1,-238.4795397648));
#6843 = LINE('',#6844,#6845);
#6844 = CARTESIAN_POINT('',(6.750854865273,-14.1,-240.9900004814));
#6845 = VECTOR('',#6846,1.);
#6846 = DIRECTION('',(-0.902134221636,0.,-0.431455497304));
#6847 = ORIENTED_EDGE('',*,*,#6848,.T.);
#6848 = EDGE_CURVE('',#6841,#6849,#6851,.T.);
#6849 = VERTEX_POINT('',#6850);
#6850 = CARTESIAN_POINT('',(12.,-14.,-238.4795397648));
#6851 = LINE('',#6852,#6853);
#6852 = CARTESIAN_POINT('',(12.,-17.05,-238.4795397648));
#6853 = VECTOR('',#6854,1.);
#6854 = DIRECTION('',(0.,1.,0.));
#6855 = ORIENTED_EDGE('',*,*,#6856,.T.);
#6856 = EDGE_CURVE('',#6849,#6857,#6859,.T.);
#6857 = VERTEX_POINT('',#6858);
#6858 = CARTESIAN_POINT('',(15.093583144747,-14.,-237.));
#6859 = LINE('',#6860,#6861);
#6860 = CARTESIAN_POINT('',(3.411267016176,-14.,-242.5871946701));
#6861 = VECTOR('',#6862,1.);
#6862 = DIRECTION('',(0.902134221636,0.,0.431455497304));
#6863 = ORIENTED_EDGE('',*,*,#6864,.T.);
#6864 = EDGE_CURVE('',#6857,#6375,#6865,.T.);
#6865 = LINE('',#6866,#6867);
#6866 = CARTESIAN_POINT('',(15.093583144747,-20.,-237.));
#6867 = VECTOR('',#6868,1.);
#6868 = DIRECTION('',(0.,-1.,0.));
#6869 = PLANE('',#6870);
#6870 = AXIS2_PLACEMENT_3D('',#6871,#6872,#6873);
#6871 = CARTESIAN_POINT('',(3.411267016176,-20.,-242.5871946701));
#6872 = DIRECTION('',(0.431455497304,0.,-0.902134221636));
#6873 = DIRECTION('',(0.902134221636,0.,0.431455497304));
#6874 = ADVANCED_FACE('',(#6875),#6960,.F.);
#6875 = FACE_BOUND('',#6876,.F.);
#6876 = EDGE_LOOP('',(#6877,#6878,#6886,#6895,#6905,#6959));
#6877 = ORIENTED_EDGE('',*,*,#6330,.F.);
#6878 = ORIENTED_EDGE('',*,*,#6879,.T.);
#6879 = EDGE_CURVE('',#6331,#6880,#6882,.T.);
#6880 = VERTEX_POINT('',#6881);
#6881 = CARTESIAN_POINT('',(42.,-14.,-237.));
#6882 = LINE('',#6883,#6884);
#6883 = CARTESIAN_POINT('',(42.,-20.,-237.));
#6884 = VECTOR('',#6885,1.);
#6885 = DIRECTION('',(0.,1.,0.));
#6886 = ORIENTED_EDGE('',*,*,#6887,.T.);
#6887 = EDGE_CURVE('',#6880,#6888,#6890,.T.);
#6888 = VERTEX_POINT('',#6889);
#6889 = CARTESIAN_POINT('',(44.865204003323,-14.,-265.8930120408));
#6890 = B_SPLINE_CURVE_WITH_KNOTS('',3,(#6891,#6892,#6893,#6894),
  .UNSPECIFIED.,.F.,.F.,(4,4),(0.,1.),.PIECEWISE_BEZIER_KNOTS.);
#6891 = CARTESIAN_POINT('',(42.,-14.,-237.));
#6892 = CARTESIAN_POINT('',(42.,-14.,-247.));
#6893 = CARTESIAN_POINT('',(45.,-14.,-255.));
#6894 = CARTESIAN_POINT('',(45.,-14.,-272.));
#6895 = ORIENTED_EDGE('',*,*,#6896,.T.);
#6896 = EDGE_CURVE('',#6888,#6897,#6899,.T.);
#6897 = VERTEX_POINT('',#6898);
#6898 = CARTESIAN_POINT('',(44.865204003323,-14.1,-265.8930120408));
#6899 = B_SPLINE_CURVE_WITH_KNOTS('',4,(#6900,#6901,#6902,#6903,#6904),
  .UNSPECIFIED.,.F.,.F.,(5,5),(0.,1.),.PIECEWISE_BEZIER_KNOTS.);
#6900 = CARTESIAN_POINT('',(44.865204003323,-13.9999994,-265.8930120408)
  );
#6901 = CARTESIAN_POINT('',(44.865204003323,-14.0249997,-265.8930120408)
  );
#6902 = CARTESIAN_POINT('',(44.865204003323,-14.05,-265.8930120408));
#6903 = CARTESIAN_POINT('',(44.865204003323,-14.0750003,-265.8930120408)
  );
#6904 = CARTESIAN_POINT('',(44.865204003323,-14.1000006,-265.8930120408)
  );
#6905 = ORIENTED_EDGE('',*,*,#6906,.F.);
#6906 = EDGE_CURVE('',#6789,#6897,#6907,.T.);
#6907 = B_SPLINE_CURVE_WITH_KNOTS('',8,(#6908,#6909,#6910,#6911,#6912,
    #6913,#6914,#6915,#6916,#6917,#6918,#6919,#6920,#6921,#6922,#6923,
    #6924,#6925,#6926,#6927,#6928,#6929,#6930,#6931,#6932,#6933,#6934,
    #6935,#6936,#6937,#6938,#6939,#6940,#6941,#6942,#6943,#6944,#6945,
    #6946,#6947,#6948,#6949,#6950,#6951,#6952,#6953,#6954,#6955,#6956,
    #6957,#6958),.UNSPECIFIED.,.F.,.F.,(9,7,7,7,7,7,7,9),(0.,
    0.250135833896,0.578999622648,0.622671548906,0.663440420282,
    0.719568737642,0.87382436146,1.),.UNSPECIFIED.);
#6908 = CARTESIAN_POINT('',(45.,-14.1,-272.));
#6909 = CARTESIAN_POINT('',(45.,-14.1,-270.9003414041));
#6910 = CARTESIAN_POINT('',(44.990436219326,-14.1,-269.8006864731));
#6911 = CARTESIAN_POINT('',(44.970984268942,-14.1,-268.7011408482));
#6912 = CARTESIAN_POINT('',(44.941337716622,-14.1,-267.6018178244));
#6913 = CARTESIAN_POINT('',(44.901217534704,-14.1,-266.502838031));
#6914 = CARTESIAN_POINT('',(44.850396533347,-14.1,-265.4043285181));
#6915 = CARTESIAN_POINT('',(44.78873877927,-14.1,-264.3064212494));
#6916 = CARTESIAN_POINT('',(44.620955302623,-14.1,-261.766756498));
#6917 = CARTESIAN_POINT('',(44.506932646547,-14.1,-260.3253963798));
#6918 = CARTESIAN_POINT('',(44.374214515476,-14.1,-258.8856165322));
#6919 = CARTESIAN_POINT('',(44.223267418438,-14.1,-257.4477177622));
#6920 = CARTESIAN_POINT('',(44.055235568384,-14.1,-256.0118266428));
#6921 = CARTESIAN_POINT('',(43.872214292242,-14.1,-254.5778635254));
#6922 = CARTESIAN_POINT('',(43.67786667014,-14.1,-253.1454715609));
#6923 = CARTESIAN_POINT('',(43.450892877719,-14.1,-251.5239183366));
#6924 = CARTESIAN_POINT('',(43.424178762903,-14.1,-251.3338412101));
#6925 = CARTESIAN_POINT('',(43.397370809461,-14.1,-251.1437780681));
#6926 = CARTESIAN_POINT('',(43.370481930761,-14.1,-250.9537271395));
#6927 = CARTESIAN_POINT('',(43.343525549637,-14.1,-250.7636865593));
#6928 = CARTESIAN_POINT('',(43.316515598385,-14.1,-250.5736543687));
#6929 = CARTESIAN_POINT('',(43.289466518766,-14.1,-250.3836285154));
#6930 = CARTESIAN_POINT('',(43.237119677403,-14.1,-250.0162167221));
#6931 = CARTESIAN_POINT('',(43.211825012118,-14.1,-249.8388302624));
#6932 = CARTESIAN_POINT('',(43.186521442706,-14.1,-249.6614457224));
#6933 = CARTESIAN_POINT('',(43.161221511165,-14.1,-249.4840613034));
#6934 = CARTESIAN_POINT('',(43.13593812493,-14.1,-249.3066751596));
#6935 = CARTESIAN_POINT('',(43.110684556876,-14.1,-249.1292853978));
#6936 = CARTESIAN_POINT('',(43.085474445316,-14.1,-248.9518900774));
#6937 = CARTESIAN_POINT('',(43.025693020922,-14.1,-248.5302487993));
#6938 = CARTESIAN_POINT('',(42.991173043253,-14.1,-248.2859961844));
#6939 = CARTESIAN_POINT('',(42.956798547977,-14.1,-248.0417241004));
#6940 = CARTESIAN_POINT('',(42.922607269392,-14.1,-247.7974272852));
#6941 = CARTESIAN_POINT('',(42.888637989113,-14.1,-247.553100481));
#6942 = CARTESIAN_POINT('',(42.854930536072,-14.1,-247.3087384339));
#6943 = CARTESIAN_POINT('',(42.821525786513,-14.1,-247.0643358942));
#6944 = CARTESIAN_POINT('',(42.697607607647,-14.1,-246.1480783863));
#6945 = CARTESIAN_POINT('',(42.609353034152,-14.1,-245.4759321514));
#6946 = CARTESIAN_POINT('',(42.524564035487,-14.1,-244.8033292698));
#6947 = CARTESIAN_POINT('',(42.444154006749,-14.1,-244.1301727414));
#6948 = CARTESIAN_POINT('',(42.369057079397,-14.1,-243.4563915677));
#6949 = CARTESIAN_POINT('',(42.300193837717,-14.1,-242.7819446724));
#6950 = CARTESIAN_POINT('',(42.23843331851,-14.1,-242.106825381));
#6951 = CARTESIAN_POINT('',(42.140477705757,-14.1,-240.878319591));
#6952 = CARTESIAN_POINT('',(42.101675713487,-14.1,-240.3251462538));
#6953 = CARTESIAN_POINT('',(42.068571601104,-14.1,-239.7715776467));
#6954 = CARTESIAN_POINT('',(42.041551231801,-14.1,-239.2176602806));
#6955 = CARTESIAN_POINT('',(42.020946837695,-14.1,-238.6634566239));
#6956 = CARTESIAN_POINT('',(42.007028454325,-14.1,-238.1090455505));
#6957 = CARTESIAN_POINT('',(42.,-14.1,-237.5545225929));
#6958 = CARTESIAN_POINT('',(42.,-14.1,-237.));
#6959 = ORIENTED_EDGE('',*,*,#6788,.F.);
#6960 = SURFACE_OF_LINEAR_EXTRUSION('',#6961,#6966);
#6961 = B_SPLINE_CURVE_WITH_KNOTS('',3,(#6962,#6963,#6964,#6965),
  .UNSPECIFIED.,.F.,.F.,(4,4),(0.,1.),.PIECEWISE_BEZIER_KNOTS.);
#6962 = CARTESIAN_POINT('',(42.,-20.,-237.));
#6963 = CARTESIAN_POINT('',(42.,-20.,-247.));
#6964 = CARTESIAN_POINT('',(45.,-20.,-255.));
#6965 = CARTESIAN_POINT('',(45.,-20.,-272.));
#6966 = VECTOR('',#6967,1.);
#6967 = DIRECTION('',(-0.,-1.,-0.));
#6968 = ADVANCED_FACE('',(#6969),#7003,.F.);
#6969 = FACE_BOUND('',#6970,.F.);
#6970 = EDGE_LOOP('',(#6971,#6972,#6973,#6981,#6989,#6997));
#6971 = ORIENTED_EDGE('',*,*,#6374,.F.);
#6972 = ORIENTED_EDGE('',*,*,#6864,.F.);
#6973 = ORIENTED_EDGE('',*,*,#6974,.T.);
#6974 = EDGE_CURVE('',#6857,#6975,#6977,.T.);
#6975 = VERTEX_POINT('',#6976);
#6976 = CARTESIAN_POINT('',(12.,-14.,-235.5204602351));
#6977 = LINE('',#6978,#6979);
#6978 = CARTESIAN_POINT('',(26.411267016176,-14.,-242.4128053298));
#6979 = VECTOR('',#6980,1.);
#6980 = DIRECTION('',(-0.902134221636,0.,0.431455497304));
#6981 = ORIENTED_EDGE('',*,*,#6982,.T.);
#6982 = EDGE_CURVE('',#6975,#6983,#6985,.T.);
#6983 = VERTEX_POINT('',#6984);
#6984 = CARTESIAN_POINT('',(12.,-14.1,-235.5204602351));
#6985 = LINE('',#6986,#6987);
#6986 = CARTESIAN_POINT('',(12.,-17.05,-235.5204602351));
#6987 = VECTOR('',#6988,1.);
#6988 = DIRECTION('',(0.,-1.,0.));
#6989 = ORIENTED_EDGE('',*,*,#6990,.F.);
#6990 = EDGE_CURVE('',#6991,#6983,#6993,.T.);
#6991 = VERTEX_POINT('',#6992);
#6992 = CARTESIAN_POINT('',(3.411267016176,-14.1,-231.4128053298));
#6993 = LINE('',#6994,#6995);
#6994 = CARTESIAN_POINT('',(25.510174078569,-14.1,-241.9818478379));
#6995 = VECTOR('',#6996,1.);
#6996 = DIRECTION('',(0.902134221636,0.,-0.431455497304));
#6997 = ORIENTED_EDGE('',*,*,#6998,.F.);
#6998 = EDGE_CURVE('',#6366,#6991,#6999,.T.);
#6999 = LINE('',#7000,#7001);
#7000 = CARTESIAN_POINT('',(3.411267016176,-20.,-231.4128053298));
#7001 = VECTOR('',#7002,1.);
#7002 = DIRECTION('',(0.,1.,0.));
#7003 = PLANE('',#7004);
#7004 = AXIS2_PLACEMENT_3D('',#7005,#7006,#7007);
#7005 = CARTESIAN_POINT('',(26.411267016176,-20.,-242.4128053298));
#7006 = DIRECTION('',(0.431455497304,0.,0.902134221636));
#7007 = DIRECTION('',(-0.902134221636,0.,0.431455497304));
#7008 = ADVANCED_FACE('',(#7009),#7028,.T.);
#7009 = FACE_BOUND('',#7010,.F.);
#7010 = EDGE_LOOP('',(#7011,#7012,#7020,#7027));
#7011 = ORIENTED_EDGE('',*,*,#6339,.F.);
#7012 = ORIENTED_EDGE('',*,*,#7013,.F.);
#7013 = EDGE_CURVE('',#7014,#6340,#7016,.T.);
#7014 = VERTEX_POINT('',#7015);
#7015 = CARTESIAN_POINT('',(21.184813604016,-14.,-226.6114071407));
#7016 = LINE('',#7017,#7018);
#7017 = CARTESIAN_POINT('',(21.184813604016,-20.,-226.6114071407));
#7018 = VECTOR('',#7019,1.);
#7019 = DIRECTION('',(-0.,-1.,-0.));
#7020 = ORIENTED_EDGE('',*,*,#7021,.T.);
#7021 = EDGE_CURVE('',#7014,#6880,#7022,.T.);
#7022 = CIRCLE('',#7023,13.);
#7023 = AXIS2_PLACEMENT_3D('',#7024,#7025,#7026);
#7024 = CARTESIAN_POINT('',(29.,-14.,-237.));
#7025 = DIRECTION('',(0.,1.,-0.));
#7026 = DIRECTION('',(-1.,0.,0.));
#7027 = ORIENTED_EDGE('',*,*,#6879,.F.);
#7028 = CYLINDRICAL_SURFACE('',#7029,13.);
#7029 = AXIS2_PLACEMENT_3D('',#7030,#7031,#7032);
#7030 = CARTESIAN_POINT('',(29.,-20.,-237.));
#7031 = DIRECTION('',(-0.,-1.,-0.));
#7032 = DIRECTION('',(-1.,0.,0.));
#7033 = ADVANCED_FACE('',(#7034),#7103,.T.);
#7034 = FACE_BOUND('',#7035,.T.);
#7035 = EDGE_LOOP('',(#7036,#7046,#7053,#7054,#7055,#7062,#7069,#7070,
    #7071,#7079,#7088,#7096));
#7036 = ORIENTED_EDGE('',*,*,#7037,.F.);
#7037 = EDGE_CURVE('',#7038,#7040,#7042,.T.);
#7038 = VERTEX_POINT('',#7039);
#7039 = CARTESIAN_POINT('',(0.,-14.1,-226.));
#7040 = VERTEX_POINT('',#7041);
#7041 = CARTESIAN_POINT('',(0.,-1.,-226.));
#7042 = LINE('',#7043,#7044);
#7043 = CARTESIAN_POINT('',(0.,-14.1,-226.));
#7044 = VECTOR('',#7045,1.);
#7045 = DIRECTION('',(0.,1.,0.));
#7046 = ORIENTED_EDGE('',*,*,#7047,.F.);
#7047 = EDGE_CURVE('',#6991,#7038,#7048,.T.);
#7048 = CIRCLE('',#7049,6.);
#7049 = AXIS2_PLACEMENT_3D('',#7050,#7051,#7052);
#7050 = CARTESIAN_POINT('',(6.,-14.1,-226.));
#7051 = DIRECTION('',(0.,1.,0.));
#7052 = DIRECTION('',(0.,0.,1.));
#7053 = ORIENTED_EDGE('',*,*,#6998,.F.);
#7054 = ORIENTED_EDGE('',*,*,#6365,.T.);
#7055 = ORIENTED_EDGE('',*,*,#7056,.T.);
#7056 = EDGE_CURVE('',#6357,#7057,#7059,.T.);
#7057 = VERTEX_POINT('',#7058);
#7058 = CARTESIAN_POINT('',(6.,0.,-220.));
#7059 = B_SPLINE_CURVE_WITH_KNOTS('',1,(#7060,#7061),.UNSPECIFIED.,.F.,
  .F.,(2,2),(-5.9,14.1),.PIECEWISE_BEZIER_KNOTS.);
#7060 = CARTESIAN_POINT('',(6.,-20.,-220.));
#7061 = CARTESIAN_POINT('',(6.,0.,-220.));
#7062 = ORIENTED_EDGE('',*,*,#7063,.F.);
#7063 = EDGE_CURVE('',#7057,#7057,#7064,.T.);
#7064 = CIRCLE('',#7065,6.);
#7065 = AXIS2_PLACEMENT_3D('',#7066,#7067,#7068);
#7066 = CARTESIAN_POINT('',(6.,0.,-226.));
#7067 = DIRECTION('',(0.,1.,0.));
#7068 = DIRECTION('',(0.,0.,1.));
#7069 = ORIENTED_EDGE('',*,*,#7056,.F.);
#7070 = ORIENTED_EDGE('',*,*,#6356,.T.);
#7071 = ORIENTED_EDGE('',*,*,#7072,.T.);
#7072 = EDGE_CURVE('',#6349,#7073,#7075,.T.);
#7073 = VERTEX_POINT('',#7074);
#7074 = CARTESIAN_POINT('',(8.588732983824,-14.,-220.5871946701));
#7075 = LINE('',#7076,#7077);
#7076 = CARTESIAN_POINT('',(8.588732983824,-20.,-220.5871946701));
#7077 = VECTOR('',#7078,1.);
#7078 = DIRECTION('',(0.,1.,0.));
#7079 = ORIENTED_EDGE('',*,*,#7080,.T.);
#7080 = EDGE_CURVE('',#7073,#7081,#7083,.T.);
#7081 = VERTEX_POINT('',#7082);
#7082 = CARTESIAN_POINT('',(12.,-14.,-226.));
#7083 = CIRCLE('',#7084,6.);
#7084 = AXIS2_PLACEMENT_3D('',#7085,#7086,#7087);
#7085 = CARTESIAN_POINT('',(6.,-14.,-226.));
#7086 = DIRECTION('',(0.,1.,0.));
#7087 = DIRECTION('',(0.,0.,1.));
#7088 = ORIENTED_EDGE('',*,*,#7089,.T.);
#7089 = EDGE_CURVE('',#7081,#7090,#7092,.T.);
#7090 = VERTEX_POINT('',#7091);
#7091 = CARTESIAN_POINT('',(12.,-1.,-226.));
#7092 = LINE('',#7093,#7094);
#7093 = CARTESIAN_POINT('',(12.,-14.1,-226.));
#7094 = VECTOR('',#7095,1.);
#7095 = DIRECTION('',(0.,1.,0.));
#7096 = ORIENTED_EDGE('',*,*,#7097,.T.);
#7097 = EDGE_CURVE('',#7090,#7040,#7098,.T.);
#7098 = CIRCLE('',#7099,6.);
#7099 = AXIS2_PLACEMENT_3D('',#7100,#7101,#7102);
#7100 = CARTESIAN_POINT('',(6.,-1.,-226.));
#7101 = DIRECTION('',(0.,1.,0.));
#7102 = DIRECTION('',(0.,0.,1.));
#7103 = CYLINDRICAL_SURFACE('',#7104,6.);
#7104 = AXIS2_PLACEMENT_3D('',#7105,#7106,#7107);
#7105 = CARTESIAN_POINT('',(6.,-14.1,-226.));
#7106 = DIRECTION('',(0.,1.,0.));
#7107 = DIRECTION('',(0.,0.,1.));
#7108 = ADVANCED_FACE('',(#7109),#7120,.F.);
#7109 = FACE_BOUND('',#7110,.F.);
#7110 = EDGE_LOOP('',(#7111,#7112,#7113,#7119));
#7111 = ORIENTED_EDGE('',*,*,#6348,.F.);
#7112 = ORIENTED_EDGE('',*,*,#7072,.T.);
#7113 = ORIENTED_EDGE('',*,*,#7114,.T.);
#7114 = EDGE_CURVE('',#7073,#7014,#7115,.T.);
#7115 = LINE('',#7116,#7117);
#7116 = CARTESIAN_POINT('',(8.588732983824,-14.,-220.5871946701));
#7117 = VECTOR('',#7118,1.);
#7118 = DIRECTION('',(0.902134221636,0.,-0.431455497304));
#7119 = ORIENTED_EDGE('',*,*,#7013,.T.);
#7120 = PLANE('',#7121);
#7121 = AXIS2_PLACEMENT_3D('',#7122,#7123,#7124);
#7122 = CARTESIAN_POINT('',(8.588732983824,-20.,-220.5871946701));
#7123 = DIRECTION('',(-0.431455497304,0.,-0.902134221636));
#7124 = DIRECTION('',(0.902134221636,0.,-0.431455497304));
#7125 = ADVANCED_FACE('',(#7126),#7151,.F.);
#7126 = FACE_BOUND('',#7127,.F.);
#7127 = EDGE_LOOP('',(#7128,#7129,#7137,#7145));
#7128 = ORIENTED_EDGE('',*,*,#6407,.F.);
#7129 = ORIENTED_EDGE('',*,*,#7130,.T.);
#7130 = EDGE_CURVE('',#6408,#7131,#7133,.T.);
#7131 = VERTEX_POINT('',#7132);
#7132 = CARTESIAN_POINT('',(8.9,-10.5,-224.3256842193));
#7133 = LINE('',#7134,#7135);
#7134 = CARTESIAN_POINT('',(8.9,-20.1,-224.3256842193));
#7135 = VECTOR('',#7136,1.);
#7136 = DIRECTION('',(0.,1.,0.));
#7137 = ORIENTED_EDGE('',*,*,#7138,.T.);
#7138 = EDGE_CURVE('',#7131,#7139,#7141,.T.);
#7139 = VERTEX_POINT('',#7140);
#7140 = CARTESIAN_POINT('',(6.,-10.5,-222.6513684387));
#7141 = LINE('',#7142,#7143);
#7142 = CARTESIAN_POINT('',(8.9,-10.5,-224.3256842193));
#7143 = VECTOR('',#7144,1.);
#7144 = DIRECTION('',(-0.866025403784,0.,0.5));
#7145 = ORIENTED_EDGE('',*,*,#7146,.F.);
#7146 = EDGE_CURVE('',#6410,#7139,#7147,.T.);
#7147 = LINE('',#7148,#7149);
#7148 = CARTESIAN_POINT('',(6.,-20.1,-222.6513684387));
#7149 = VECTOR('',#7150,1.);
#7150 = DIRECTION('',(0.,1.,0.));
#7151 = PLANE('',#7152);
#7152 = AXIS2_PLACEMENT_3D('',#7153,#7154,#7155);
#7153 = CARTESIAN_POINT('',(8.9,-20.1,-224.3256842193));
#7154 = DIRECTION('',(0.5,0.,0.866025403784));
#7155 = DIRECTION('',(-0.866025403784,0.,0.5));
#7156 = ADVANCED_FACE('',(#7157),#7175,.F.);
#7157 = FACE_BOUND('',#7158,.F.);
#7158 = EDGE_LOOP('',(#7159,#7160,#7161,#7169));
#7159 = ORIENTED_EDGE('',*,*,#6449,.F.);
#7160 = ORIENTED_EDGE('',*,*,#7146,.T.);
#7161 = ORIENTED_EDGE('',*,*,#7162,.T.);
#7162 = EDGE_CURVE('',#7139,#7163,#7165,.T.);
#7163 = VERTEX_POINT('',#7164);
#7164 = CARTESIAN_POINT('',(3.1,-10.5,-224.3256842193));
#7165 = LINE('',#7166,#7167);
#7166 = CARTESIAN_POINT('',(6.,-10.5,-222.6513684387));
#7167 = VECTOR('',#7168,1.);
#7168 = DIRECTION('',(-0.866025403784,0.,-0.5));
#7169 = ORIENTED_EDGE('',*,*,#7170,.F.);
#7170 = EDGE_CURVE('',#6442,#7163,#7171,.T.);
#7171 = LINE('',#7172,#7173);
#7172 = CARTESIAN_POINT('',(3.1,-20.1,-224.3256842193));
#7173 = VECTOR('',#7174,1.);
#7174 = DIRECTION('',(0.,1.,0.));
#7175 = PLANE('',#7176);
#7176 = AXIS2_PLACEMENT_3D('',#7177,#7178,#7179);
#7177 = CARTESIAN_POINT('',(6.,-20.1,-222.6513684387));
#7178 = DIRECTION('',(-0.5,0.,0.866025403784));
#7179 = DIRECTION('',(-0.866025403784,0.,-0.5));
#7180 = ADVANCED_FACE('',(#7181),#7199,.F.);
#7181 = FACE_BOUND('',#7182,.F.);
#7182 = EDGE_LOOP('',(#7183,#7184,#7185,#7193));
#7183 = ORIENTED_EDGE('',*,*,#6441,.F.);
#7184 = ORIENTED_EDGE('',*,*,#7170,.T.);
#7185 = ORIENTED_EDGE('',*,*,#7186,.T.);
#7186 = EDGE_CURVE('',#7163,#7187,#7189,.T.);
#7187 = VERTEX_POINT('',#7188);
#7188 = CARTESIAN_POINT('',(3.1,-10.5,-227.6743157806));
#7189 = LINE('',#7190,#7191);
#7190 = CARTESIAN_POINT('',(3.1,-10.5,-224.3256842193));
#7191 = VECTOR('',#7192,1.);
#7192 = DIRECTION('',(0.,0.,-1.));
#7193 = ORIENTED_EDGE('',*,*,#7194,.F.);
#7194 = EDGE_CURVE('',#6434,#7187,#7195,.T.);
#7195 = LINE('',#7196,#7197);
#7196 = CARTESIAN_POINT('',(3.1,-20.1,-227.6743157806));
#7197 = VECTOR('',#7198,1.);
#7198 = DIRECTION('',(0.,1.,0.));
#7199 = PLANE('',#7200);
#7200 = AXIS2_PLACEMENT_3D('',#7201,#7202,#7203);
#7201 = CARTESIAN_POINT('',(3.1,-20.1,-224.3256842193));
#7202 = DIRECTION('',(-1.,0.,0.));
#7203 = DIRECTION('',(0.,0.,-1.));
#7204 = ADVANCED_FACE('',(#7205),#7223,.F.);
#7205 = FACE_BOUND('',#7206,.F.);
#7206 = EDGE_LOOP('',(#7207,#7208,#7209,#7217));
#7207 = ORIENTED_EDGE('',*,*,#6433,.F.);
#7208 = ORIENTED_EDGE('',*,*,#7194,.T.);
#7209 = ORIENTED_EDGE('',*,*,#7210,.T.);
#7210 = EDGE_CURVE('',#7187,#7211,#7213,.T.);
#7211 = VERTEX_POINT('',#7212);
#7212 = CARTESIAN_POINT('',(6.,-10.5,-229.3486315613));
#7213 = LINE('',#7214,#7215);
#7214 = CARTESIAN_POINT('',(3.1,-10.5,-227.6743157806));
#7215 = VECTOR('',#7216,1.);
#7216 = DIRECTION('',(0.866025403784,0.,-0.5));
#7217 = ORIENTED_EDGE('',*,*,#7218,.F.);
#7218 = EDGE_CURVE('',#6426,#7211,#7219,.T.);
#7219 = LINE('',#7220,#7221);
#7220 = CARTESIAN_POINT('',(6.,-20.1,-229.3486315613));
#7221 = VECTOR('',#7222,1.);
#7222 = DIRECTION('',(0.,1.,0.));
#7223 = PLANE('',#7224);
#7224 = AXIS2_PLACEMENT_3D('',#7225,#7226,#7227);
#7225 = CARTESIAN_POINT('',(3.1,-20.1,-227.6743157806));
#7226 = DIRECTION('',(-0.5,0.,-0.866025403784));
#7227 = DIRECTION('',(0.866025403784,0.,-0.5));
#7228 = ADVANCED_FACE('',(#7229),#7247,.F.);
#7229 = FACE_BOUND('',#7230,.F.);
#7230 = EDGE_LOOP('',(#7231,#7232,#7233,#7241));
#7231 = ORIENTED_EDGE('',*,*,#6425,.F.);
#7232 = ORIENTED_EDGE('',*,*,#7218,.T.);
#7233 = ORIENTED_EDGE('',*,*,#7234,.T.);
#7234 = EDGE_CURVE('',#7211,#7235,#7237,.T.);
#7235 = VERTEX_POINT('',#7236);
#7236 = CARTESIAN_POINT('',(8.9,-10.5,-227.6743157806));
#7237 = LINE('',#7238,#7239);
#7238 = CARTESIAN_POINT('',(6.,-10.5,-229.3486315613));
#7239 = VECTOR('',#7240,1.);
#7240 = DIRECTION('',(0.866025403784,0.,0.5));
#7241 = ORIENTED_EDGE('',*,*,#7242,.F.);
#7242 = EDGE_CURVE('',#6418,#7235,#7243,.T.);
#7243 = LINE('',#7244,#7245);
#7244 = CARTESIAN_POINT('',(8.9,-20.1,-227.6743157806));
#7245 = VECTOR('',#7246,1.);
#7246 = DIRECTION('',(0.,1.,0.));
#7247 = PLANE('',#7248);
#7248 = AXIS2_PLACEMENT_3D('',#7249,#7250,#7251);
#7249 = CARTESIAN_POINT('',(6.,-20.1,-229.3486315613));
#7250 = DIRECTION('',(0.5,0.,-0.866025403784));
#7251 = DIRECTION('',(0.866025403784,0.,0.5));
#7252 = ADVANCED_FACE('',(#7253),#7264,.F.);
#7253 = FACE_BOUND('',#7254,.F.);
#7254 = EDGE_LOOP('',(#7255,#7256,#7257,#7263));
#7255 = ORIENTED_EDGE('',*,*,#6417,.F.);
#7256 = ORIENTED_EDGE('',*,*,#7242,.T.);
#7257 = ORIENTED_EDGE('',*,*,#7258,.T.);
#7258 = EDGE_CURVE('',#7235,#7131,#7259,.T.);
#7259 = LINE('',#7260,#7261);
#7260 = CARTESIAN_POINT('',(8.9,-10.5,-227.6743157806));
#7261 = VECTOR('',#7262,1.);
#7262 = DIRECTION('',(0.,0.,1.));
#7263 = ORIENTED_EDGE('',*,*,#7130,.F.);
#7264 = PLANE('',#7265);
#7265 = AXIS2_PLACEMENT_3D('',#7266,#7267,#7268);
#7266 = CARTESIAN_POINT('',(8.9,-20.1,-227.6743157806));
#7267 = DIRECTION('',(1.,0.,0.));
#7268 = DIRECTION('',(0.,0.,1.));
#7269 = ADVANCED_FACE('',(#7270),#7295,.F.);
#7270 = FACE_BOUND('',#7271,.F.);
#7271 = EDGE_LOOP('',(#7272,#7273,#7281,#7289));
#7272 = ORIENTED_EDGE('',*,*,#6457,.F.);
#7273 = ORIENTED_EDGE('',*,*,#7274,.T.);
#7274 = EDGE_CURVE('',#6458,#7275,#7277,.T.);
#7275 = VERTEX_POINT('',#7276);
#7276 = CARTESIAN_POINT('',(8.9,-10.5,-246.3256842193));
#7277 = LINE('',#7278,#7279);
#7278 = CARTESIAN_POINT('',(8.9,-20.1,-246.3256842193));
#7279 = VECTOR('',#7280,1.);
#7280 = DIRECTION('',(0.,1.,0.));
#7281 = ORIENTED_EDGE('',*,*,#7282,.T.);
#7282 = EDGE_CURVE('',#7275,#7283,#7285,.T.);
#7283 = VERTEX_POINT('',#7284);
#7284 = CARTESIAN_POINT('',(6.,-10.5,-244.6513684387));
#7285 = LINE('',#7286,#7287);
#7286 = CARTESIAN_POINT('',(8.9,-10.5,-246.3256842193));
#7287 = VECTOR('',#7288,1.);
#7288 = DIRECTION('',(-0.866025403784,0.,0.5));
#7289 = ORIENTED_EDGE('',*,*,#7290,.F.);
#7290 = EDGE_CURVE('',#6460,#7283,#7291,.T.);
#7291 = LINE('',#7292,#7293);
#7292 = CARTESIAN_POINT('',(6.,-20.1,-244.6513684387));
#7293 = VECTOR('',#7294,1.);
#7294 = DIRECTION('',(0.,1.,0.));
#7295 = PLANE('',#7296);
#7296 = AXIS2_PLACEMENT_3D('',#7297,#7298,#7299);
#7297 = CARTESIAN_POINT('',(8.9,-20.1,-246.3256842193));
#7298 = DIRECTION('',(0.5,0.,0.866025403784));
#7299 = DIRECTION('',(-0.866025403784,0.,0.5));
#7300 = ADVANCED_FACE('',(#7301),#7319,.F.);
#7301 = FACE_BOUND('',#7302,.F.);
#7302 = EDGE_LOOP('',(#7303,#7304,#7312,#7318));
#7303 = ORIENTED_EDGE('',*,*,#6467,.F.);
#7304 = ORIENTED_EDGE('',*,*,#7305,.T.);
#7305 = EDGE_CURVE('',#6468,#7306,#7308,.T.);
#7306 = VERTEX_POINT('',#7307);
#7307 = CARTESIAN_POINT('',(8.9,-10.5,-249.6743157806));
#7308 = LINE('',#7309,#7310);
#7309 = CARTESIAN_POINT('',(8.9,-20.1,-249.6743157806));
#7310 = VECTOR('',#7311,1.);
#7311 = DIRECTION('',(0.,1.,0.));
#7312 = ORIENTED_EDGE('',*,*,#7313,.T.);
#7313 = EDGE_CURVE('',#7306,#7275,#7314,.T.);
#7314 = LINE('',#7315,#7316);
#7315 = CARTESIAN_POINT('',(8.9,-10.5,-249.6743157806));
#7316 = VECTOR('',#7317,1.);
#7317 = DIRECTION('',(0.,0.,1.));
#7318 = ORIENTED_EDGE('',*,*,#7274,.F.);
#7319 = PLANE('',#7320);
#7320 = AXIS2_PLACEMENT_3D('',#7321,#7322,#7323);
#7321 = CARTESIAN_POINT('',(8.9,-20.1,-249.6743157806));
#7322 = DIRECTION('',(1.,0.,0.));
#7323 = DIRECTION('',(0.,0.,1.));
#7324 = ADVANCED_FACE('',(#7325),#7343,.F.);
#7325 = FACE_BOUND('',#7326,.F.);
#7326 = EDGE_LOOP('',(#7327,#7328,#7329,#7337));
#7327 = ORIENTED_EDGE('',*,*,#6499,.F.);
#7328 = ORIENTED_EDGE('',*,*,#7290,.T.);
#7329 = ORIENTED_EDGE('',*,*,#7330,.T.);
#7330 = EDGE_CURVE('',#7283,#7331,#7333,.T.);
#7331 = VERTEX_POINT('',#7332);
#7332 = CARTESIAN_POINT('',(3.1,-10.5,-246.3256842193));
#7333 = LINE('',#7334,#7335);
#7334 = CARTESIAN_POINT('',(6.,-10.5,-244.6513684387));
#7335 = VECTOR('',#7336,1.);
#7336 = DIRECTION('',(-0.866025403784,0.,-0.5));
#7337 = ORIENTED_EDGE('',*,*,#7338,.F.);
#7338 = EDGE_CURVE('',#6492,#7331,#7339,.T.);
#7339 = LINE('',#7340,#7341);
#7340 = CARTESIAN_POINT('',(3.1,-20.1,-246.3256842193));
#7341 = VECTOR('',#7342,1.);
#7342 = DIRECTION('',(0.,1.,0.));
#7343 = PLANE('',#7344);
#7344 = AXIS2_PLACEMENT_3D('',#7345,#7346,#7347);
#7345 = CARTESIAN_POINT('',(6.,-20.1,-244.6513684387));
#7346 = DIRECTION('',(-0.5,0.,0.866025403784));
#7347 = DIRECTION('',(-0.866025403784,0.,-0.5));
#7348 = ADVANCED_FACE('',(#7349),#7367,.F.);
#7349 = FACE_BOUND('',#7350,.F.);
#7350 = EDGE_LOOP('',(#7351,#7352,#7360,#7366));
#7351 = ORIENTED_EDGE('',*,*,#6475,.F.);
#7352 = ORIENTED_EDGE('',*,*,#7353,.T.);
#7353 = EDGE_CURVE('',#6476,#7354,#7356,.T.);
#7354 = VERTEX_POINT('',#7355);
#7355 = CARTESIAN_POINT('',(6.,-10.5,-251.3486315613));
#7356 = LINE('',#7357,#7358);
#7357 = CARTESIAN_POINT('',(6.,-20.1,-251.3486315613));
#7358 = VECTOR('',#7359,1.);
#7359 = DIRECTION('',(0.,1.,0.));
#7360 = ORIENTED_EDGE('',*,*,#7361,.T.);
#7361 = EDGE_CURVE('',#7354,#7306,#7362,.T.);
#7362 = LINE('',#7363,#7364);
#7363 = CARTESIAN_POINT('',(6.,-10.5,-251.3486315613));
#7364 = VECTOR('',#7365,1.);
#7365 = DIRECTION('',(0.866025403784,0.,0.5));
#7366 = ORIENTED_EDGE('',*,*,#7305,.F.);
#7367 = PLANE('',#7368);
#7368 = AXIS2_PLACEMENT_3D('',#7369,#7370,#7371);
#7369 = CARTESIAN_POINT('',(6.,-20.1,-251.3486315613));
#7370 = DIRECTION('',(0.5,0.,-0.866025403784));
#7371 = DIRECTION('',(0.866025403784,0.,0.5));
#7372 = ADVANCED_FACE('',(#7373),#7391,.F.);
#7373 = FACE_BOUND('',#7374,.F.);
#7374 = EDGE_LOOP('',(#7375,#7376,#7377,#7385));
#7375 = ORIENTED_EDGE('',*,*,#6491,.F.);
#7376 = ORIENTED_EDGE('',*,*,#7338,.T.);
#7377 = ORIENTED_EDGE('',*,*,#7378,.T.);
#7378 = EDGE_CURVE('',#7331,#7379,#7381,.T.);
#7379 = VERTEX_POINT('',#7380);
#7380 = CARTESIAN_POINT('',(3.1,-10.5,-249.6743157806));
#7381 = LINE('',#7382,#7383);
#7382 = CARTESIAN_POINT('',(3.1,-10.5,-246.3256842193));
#7383 = VECTOR('',#7384,1.);
#7384 = DIRECTION('',(0.,0.,-1.));
#7385 = ORIENTED_EDGE('',*,*,#7386,.F.);
#7386 = EDGE_CURVE('',#6484,#7379,#7387,.T.);
#7387 = LINE('',#7388,#7389);
#7388 = CARTESIAN_POINT('',(3.1,-20.1,-249.6743157806));
#7389 = VECTOR('',#7390,1.);
#7390 = DIRECTION('',(0.,1.,0.));
#7391 = PLANE('',#7392);
#7392 = AXIS2_PLACEMENT_3D('',#7393,#7394,#7395);
#7393 = CARTESIAN_POINT('',(3.1,-20.1,-246.3256842193));
#7394 = DIRECTION('',(-1.,0.,0.));
#7395 = DIRECTION('',(0.,0.,-1.));
#7396 = ADVANCED_FACE('',(#7397),#7408,.F.);
#7397 = FACE_BOUND('',#7398,.F.);
#7398 = EDGE_LOOP('',(#7399,#7400,#7401,#7407));
#7399 = ORIENTED_EDGE('',*,*,#6483,.F.);
#7400 = ORIENTED_EDGE('',*,*,#7386,.T.);
#7401 = ORIENTED_EDGE('',*,*,#7402,.T.);
#7402 = EDGE_CURVE('',#7379,#7354,#7403,.T.);
#7403 = LINE('',#7404,#7405);
#7404 = CARTESIAN_POINT('',(3.1,-10.5,-249.6743157806));
#7405 = VECTOR('',#7406,1.);
#7406 = DIRECTION('',(0.866025403784,0.,-0.5));
#7407 = ORIENTED_EDGE('',*,*,#7353,.F.);
#7408 = PLANE('',#7409);
#7409 = AXIS2_PLACEMENT_3D('',#7410,#7411,#7412);
#7410 = CARTESIAN_POINT('',(3.1,-20.1,-249.6743157806));
#7411 = DIRECTION('',(-0.5,0.,-0.866025403784));
#7412 = DIRECTION('',(0.866025403784,0.,-0.5));
#7413 = ADVANCED_FACE('',(#7414),#7433,.F.);
#7414 = FACE_BOUND('',#7415,.F.);
#7415 = EDGE_LOOP('',(#7416,#7425,#7431,#7432));
#7416 = ORIENTED_EDGE('',*,*,#7417,.F.);
#7417 = EDGE_CURVE('',#7418,#7418,#7420,.T.);
#7418 = VERTEX_POINT('',#7419);
#7419 = CARTESIAN_POINT('',(29.,-14.,-232.975));
#7420 = CIRCLE('',#7421,4.025);
#7421 = AXIS2_PLACEMENT_3D('',#7422,#7423,#7424);
#7422 = CARTESIAN_POINT('',(29.,-14.,-237.));
#7423 = DIRECTION('',(0.,1.,0.));
#7424 = DIRECTION('',(0.,0.,1.));
#7425 = ORIENTED_EDGE('',*,*,#7426,.F.);
#7426 = EDGE_CURVE('',#6508,#7418,#7427,.T.);
#7427 = LINE('',#7428,#7429);
#7428 = CARTESIAN_POINT('',(29.,-21.,-232.975));
#7429 = VECTOR('',#7430,1.);
#7430 = DIRECTION('',(0.,1.,0.));
#7431 = ORIENTED_EDGE('',*,*,#6507,.T.);
#7432 = ORIENTED_EDGE('',*,*,#7426,.T.);
#7433 = CYLINDRICAL_SURFACE('',#7434,4.025);
#7434 = AXIS2_PLACEMENT_3D('',#7435,#7436,#7437);
#7435 = CARTESIAN_POINT('',(29.,-21.,-237.));
#7436 = DIRECTION('',(0.,1.,0.));
#7437 = DIRECTION('',(0.,0.,1.));
#7438 = ADVANCED_FACE('',(#7439),#7458,.F.);
#7439 = FACE_BOUND('',#7440,.F.);
#7440 = EDGE_LOOP('',(#7441,#7450,#7456,#7457));
#7441 = ORIENTED_EDGE('',*,*,#7442,.F.);
#7442 = EDGE_CURVE('',#7443,#7443,#7445,.T.);
#7443 = VERTEX_POINT('',#7444);
#7444 = CARTESIAN_POINT('',(29.,-6.05,-266.1));
#7445 = CIRCLE('',#7446,5.9);
#7446 = AXIS2_PLACEMENT_3D('',#7447,#7448,#7449);
#7447 = CARTESIAN_POINT('',(29.,-6.05,-272.));
#7448 = DIRECTION('',(0.,1.,0.));
#7449 = DIRECTION('',(0.,0.,1.));
#7450 = ORIENTED_EDGE('',*,*,#7451,.F.);
#7451 = EDGE_CURVE('',#6531,#7443,#7452,.T.);
#7452 = LINE('',#7453,#7454);
#7453 = CARTESIAN_POINT('',(29.,-14.,-266.1));
#7454 = VECTOR('',#7455,1.);
#7455 = DIRECTION('',(0.,1.,0.));
#7456 = ORIENTED_EDGE('',*,*,#6530,.T.);
#7457 = ORIENTED_EDGE('',*,*,#7451,.T.);
#7458 = CYLINDRICAL_SURFACE('',#7459,5.9);
#7459 = AXIS2_PLACEMENT_3D('',#7460,#7461,#7462);
#7460 = CARTESIAN_POINT('',(29.,-14.,-272.));
#7461 = DIRECTION('',(0.,1.,0.));
#7462 = DIRECTION('',(0.,0.,1.));
#7463 = ADVANCED_FACE('',(#7464),#7485,.T.);
#7464 = FACE_BOUND('',#7465,.T.);
#7465 = EDGE_LOOP('',(#7466,#7475,#7476,#7477,#7478,#7479));
#7466 = ORIENTED_EDGE('',*,*,#7467,.F.);
#7467 = EDGE_CURVE('',#6623,#7468,#7470,.T.);
#7468 = VERTEX_POINT('',#7469);
#7469 = CARTESIAN_POINT('',(12.460907894458,-14.1,-268.0682787071));
#7470 = CIRCLE('',#7471,17.);
#7471 = AXIS2_PLACEMENT_3D('',#7472,#7473,#7474);
#7472 = CARTESIAN_POINT('',(29.,-14.1,-272.));
#7473 = DIRECTION('',(0.,1.,0.));
#7474 = DIRECTION('',(0.,0.,1.));
#7475 = ORIENTED_EDGE('',*,*,#6632,.F.);
#7476 = ORIENTED_EDGE('',*,*,#6556,.F.);
#7477 = ORIENTED_EDGE('',*,*,#6655,.F.);
#7478 = ORIENTED_EDGE('',*,*,#6772,.T.);
#7479 = ORIENTED_EDGE('',*,*,#7480,.F.);
#7480 = EDGE_CURVE('',#7468,#6765,#7481,.T.);
#7481 = LINE('',#7482,#7483);
#7482 = CARTESIAN_POINT('',(14.048156432501,-14.1,-270.3881034935));
#7483 = VECTOR('',#7484,1.);
#7484 = DIRECTION('',(-0.564683915592,0.,0.82530726125));
#7485 = PLANE('',#7486);
#7486 = AXIS2_PLACEMENT_3D('',#7487,#7488,#7489);
#7487 = CARTESIAN_POINT('',(17.865825505612,-14.1,-255.6504248562));
#7488 = DIRECTION('',(-0.,-1.,-0.));
#7489 = DIRECTION('',(0.,0.,-1.));
#7490 = ADVANCED_FACE('',(#7491),#7590,.T.);
#7491 = FACE_BOUND('',#7492,.T.);
#7492 = EDGE_LOOP('',(#7493,#7505,#7514,#7523,#7531,#7538,#7539,#7546,
    #7547,#7554,#7555,#7556,#7564,#7573,#7583));
#7493 = ORIENTED_EDGE('',*,*,#7494,.F.);
#7494 = EDGE_CURVE('',#7495,#7497,#7499,.T.);
#7495 = VERTEX_POINT('',#7496);
#7496 = CARTESIAN_POINT('',(45.000364254747,-1.,-277.7435480075));
#7497 = VERTEX_POINT('',#7498);
#7498 = CARTESIAN_POINT('',(45.000364254747,-13.,-277.7435480075));
#7499 = B_SPLINE_CURVE_WITH_KNOTS('',4,(#7500,#7501,#7502,#7503,#7504),
  .UNSPECIFIED.,.F.,.F.,(5,5),(0.,1.),.PIECEWISE_BEZIER_KNOTS.);
#7500 = CARTESIAN_POINT('',(45.000364254747,-0.9999994,-277.7435480075)
  );
#7501 = CARTESIAN_POINT('',(45.000364254747,-3.9999997,-277.7435480075)
  );
#7502 = CARTESIAN_POINT('',(45.000364254747,-7.,-277.7435480075));
#7503 = CARTESIAN_POINT('',(45.000364254747,-10.0000003,-277.7435480075)
  );
#7504 = CARTESIAN_POINT('',(45.000364254747,-13.0000006,-277.7435480075)
  );
#7505 = ORIENTED_EDGE('',*,*,#7506,.F.);
#7506 = EDGE_CURVE('',#7507,#7495,#7509,.T.);
#7507 = VERTEX_POINT('',#7508);
#7508 = CARTESIAN_POINT('',(29.,-1.,-255.));
#7509 = CIRCLE('',#7510,17.);
#7510 = AXIS2_PLACEMENT_3D('',#7511,#7512,#7513);
#7511 = CARTESIAN_POINT('',(29.,-1.,-272.));
#7512 = DIRECTION('',(0.,1.,0.));
#7513 = DIRECTION('',(0.,0.,1.));
#7514 = ORIENTED_EDGE('',*,*,#7515,.F.);
#7515 = EDGE_CURVE('',#7516,#7507,#7518,.T.);
#7516 = VERTEX_POINT('',#7517);
#7517 = CARTESIAN_POINT('',(19.876489072446,-1.,-257.6556091675));
#7518 = CIRCLE('',#7519,17.);
#7519 = AXIS2_PLACEMENT_3D('',#7520,#7521,#7522);
#7520 = CARTESIAN_POINT('',(29.,-1.,-272.));
#7521 = DIRECTION('',(0.,1.,0.));
#7522 = DIRECTION('',(0.,0.,1.));
#7523 = ORIENTED_EDGE('',*,*,#7524,.F.);
#7524 = EDGE_CURVE('',#7525,#7516,#7527,.T.);
#7525 = VERTEX_POINT('',#7526);
#7526 = CARTESIAN_POINT('',(19.876489072446,-14.,-257.6556091675));
#7527 = LINE('',#7528,#7529);
#7528 = CARTESIAN_POINT('',(19.876489072446,-14.1,-257.6556091675));
#7529 = VECTOR('',#7530,1.);
#7530 = DIRECTION('',(0.,1.,0.));
#7531 = ORIENTED_EDGE('',*,*,#7532,.T.);
#7532 = EDGE_CURVE('',#7525,#6888,#7533,.T.);
#7533 = CIRCLE('',#7534,17.);
#7534 = AXIS2_PLACEMENT_3D('',#7535,#7536,#7537);
#7535 = CARTESIAN_POINT('',(29.,-14.,-272.));
#7536 = DIRECTION('',(0.,1.,0.));
#7537 = DIRECTION('',(0.,0.,1.));
#7538 = ORIENTED_EDGE('',*,*,#6896,.T.);
#7539 = ORIENTED_EDGE('',*,*,#7540,.T.);
#7540 = EDGE_CURVE('',#6897,#6797,#7541,.T.);
#7541 = CIRCLE('',#7542,17.);
#7542 = AXIS2_PLACEMENT_3D('',#7543,#7544,#7545);
#7543 = CARTESIAN_POINT('',(29.,-14.1,-272.));
#7544 = DIRECTION('',(0.,1.,0.));
#7545 = DIRECTION('',(0.,0.,1.));
#7546 = ORIENTED_EDGE('',*,*,#6809,.F.);
#7547 = ORIENTED_EDGE('',*,*,#7548,.T.);
#7548 = EDGE_CURVE('',#6810,#6614,#7549,.T.);
#7549 = CIRCLE('',#7550,17.);
#7550 = AXIS2_PLACEMENT_3D('',#7551,#7552,#7553);
#7551 = CARTESIAN_POINT('',(29.,-14.,-272.));
#7552 = DIRECTION('',(0.,1.,0.));
#7553 = DIRECTION('',(0.,0.,1.));
#7554 = ORIENTED_EDGE('',*,*,#6622,.T.);
#7555 = ORIENTED_EDGE('',*,*,#7467,.T.);
#7556 = ORIENTED_EDGE('',*,*,#7557,.T.);
#7557 = EDGE_CURVE('',#7468,#7558,#7560,.T.);
#7558 = VERTEX_POINT('',#7559);
#7559 = CARTESIAN_POINT('',(12.460907894458,-1.,-268.0682787071));
#7560 = LINE('',#7561,#7562);
#7561 = CARTESIAN_POINT('',(12.460907894458,-14.1,-268.0682787071));
#7562 = VECTOR('',#7563,1.);
#7563 = DIRECTION('',(0.,1.,0.));
#7564 = ORIENTED_EDGE('',*,*,#7565,.F.);
#7565 = EDGE_CURVE('',#7566,#7558,#7568,.T.);
#7566 = VERTEX_POINT('',#7567);
#7567 = CARTESIAN_POINT('',(13.018150709437,-1.,-277.7948678374));
#7568 = CIRCLE('',#7569,17.);
#7569 = AXIS2_PLACEMENT_3D('',#7570,#7571,#7572);
#7570 = CARTESIAN_POINT('',(29.,-1.,-272.));
#7571 = DIRECTION('',(0.,1.,0.));
#7572 = DIRECTION('',(0.,0.,1.));
#7573 = ORIENTED_EDGE('',*,*,#7574,.T.);
#7574 = EDGE_CURVE('',#7566,#7575,#7577,.T.);
#7575 = VERTEX_POINT('',#7576);
#7576 = CARTESIAN_POINT('',(13.018150709437,-13.,-277.7948678374));
#7577 = B_SPLINE_CURVE_WITH_KNOTS('',4,(#7578,#7579,#7580,#7581,#7582),
  .UNSPECIFIED.,.F.,.F.,(5,5),(0.,1.),.PIECEWISE_BEZIER_KNOTS.);
#7578 = CARTESIAN_POINT('',(13.018150709437,-0.9999994,-277.7948678374)
  );
#7579 = CARTESIAN_POINT('',(13.018150709437,-3.9999997,-277.7948678374)
  );
#7580 = CARTESIAN_POINT('',(13.018150709437,-7.,-277.7948678374));
#7581 = CARTESIAN_POINT('',(13.018150709437,-10.0000003,-277.7948678374)
  );
#7582 = CARTESIAN_POINT('',(13.018150709437,-13.0000006,-277.7948678374)
  );
#7583 = ORIENTED_EDGE('',*,*,#7584,.F.);
#7584 = EDGE_CURVE('',#7497,#7575,#7585,.T.);
#7585 = CIRCLE('',#7586,17.);
#7586 = AXIS2_PLACEMENT_3D('',#7587,#7588,#7589);
#7587 = CARTESIAN_POINT('',(29.,-13.,-272.));
#7588 = DIRECTION('',(0.,1.,0.));
#7589 = DIRECTION('',(0.,0.,1.));
#7590 = CYLINDRICAL_SURFACE('',#7591,17.);
#7591 = AXIS2_PLACEMENT_3D('',#7592,#7593,#7594);
#7592 = CARTESIAN_POINT('',(29.,-13.,-272.));
#7593 = DIRECTION('',(0.,1.,0.));
#7594 = DIRECTION('',(0.,0.,1.));
#7595 = ADVANCED_FACE('',(#7596),#7602,.T.);
#7596 = FACE_BOUND('',#7597,.T.);
#7597 = EDGE_LOOP('',(#7598,#7599,#7600,#7601));
#7598 = ORIENTED_EDGE('',*,*,#6613,.T.);
#7599 = ORIENTED_EDGE('',*,*,#7548,.F.);
#7600 = ORIENTED_EDGE('',*,*,#6819,.T.);
#7601 = ORIENTED_EDGE('',*,*,#6677,.T.);
#7602 = PLANE('',#7603);
#7603 = AXIS2_PLACEMENT_3D('',#7604,#7605,#7606);
#7604 = CARTESIAN_POINT('',(23.378672606142,-14.,-260.0490122578));
#7605 = DIRECTION('',(0.,1.,0.));
#7606 = DIRECTION('',(0.,0.,1.));
#7607 = ADVANCED_FACE('',(#7608),#7626,.T.);
#7608 = FACE_BOUND('',#7609,.T.);
#7609 = EDGE_LOOP('',(#7610,#7611,#7617,#7618,#7619,#7625));
#7610 = ORIENTED_EDGE('',*,*,#6840,.F.);
#7611 = ORIENTED_EDGE('',*,*,#7612,.F.);
#7612 = EDGE_CURVE('',#6983,#6841,#7613,.T.);
#7613 = LINE('',#7614,#7615);
#7614 = CARTESIAN_POINT('',(12.,-14.1,-226.));
#7615 = VECTOR('',#7616,1.);
#7616 = DIRECTION('',(0.,0.,-1.));
#7617 = ORIENTED_EDGE('',*,*,#6990,.F.);
#7618 = ORIENTED_EDGE('',*,*,#7047,.T.);
#7619 = ORIENTED_EDGE('',*,*,#7620,.F.);
#7620 = EDGE_CURVE('',#6715,#7038,#7621,.T.);
#7621 = LINE('',#7622,#7623);
#7622 = CARTESIAN_POINT('',(0.,-14.1,-248.));
#7623 = VECTOR('',#7624,1.);
#7624 = DIRECTION('',(0.,0.,1.));
#7625 = ORIENTED_EDGE('',*,*,#6714,.T.);
#7626 = PLANE('',#7627);
#7627 = AXIS2_PLACEMENT_3D('',#7628,#7629,#7630);
#7628 = CARTESIAN_POINT('',(17.865825505612,-14.1,-255.6504248562));
#7629 = DIRECTION('',(-0.,-1.,-0.));
#7630 = DIRECTION('',(0.,0.,-1.));
#7631 = ADVANCED_FACE('',(#7632),#7643,.F.);
#7632 = FACE_BOUND('',#7633,.F.);
#7633 = EDGE_LOOP('',(#7634,#7635,#7641,#7642));
#7634 = ORIENTED_EDGE('',*,*,#6723,.T.);
#7635 = ORIENTED_EDGE('',*,*,#7636,.T.);
#7636 = EDGE_CURVE('',#6724,#7040,#7637,.T.);
#7637 = LINE('',#7638,#7639);
#7638 = CARTESIAN_POINT('',(0.,-1.,-248.));
#7639 = VECTOR('',#7640,1.);
#7640 = DIRECTION('',(0.,0.,1.));
#7641 = ORIENTED_EDGE('',*,*,#7037,.F.);
#7642 = ORIENTED_EDGE('',*,*,#7620,.F.);
#7643 = PLANE('',#7644);
#7644 = AXIS2_PLACEMENT_3D('',#7645,#7646,#7647);
#7645 = CARTESIAN_POINT('',(0.,-14.1,-248.));
#7646 = DIRECTION('',(1.,0.,0.));
#7647 = DIRECTION('',(0.,0.,1.));
#7648 = ADVANCED_FACE('',(#7649,#7721,#7732,#7743,#7796,#7849,#7860,
    #7871,#7924,#7935,#7946,#7999),#8010,.T.);
#7649 = FACE_BOUND('',#7650,.T.);
#7650 = EDGE_LOOP('',(#7651,#7660,#7661,#7667,#7668,#7669,#7670,#7671,
    #7679,#7685,#7686,#7687,#7696,#7705,#7714));
#7651 = ORIENTED_EDGE('',*,*,#7652,.T.);
#7652 = EDGE_CURVE('',#7653,#7566,#7655,.T.);
#7653 = VERTEX_POINT('',#7654);
#7654 = CARTESIAN_POINT('',(15.,-1.,-364.));
#7655 = B_SPLINE_CURVE_WITH_KNOTS('',3,(#7656,#7657,#7658,#7659),
  .UNSPECIFIED.,.F.,.F.,(4,4),(0.,1.),.PIECEWISE_BEZIER_KNOTS.);
#7656 = CARTESIAN_POINT('',(15.,-1.,-364.));
#7657 = CARTESIAN_POINT('',(15.,-1.,-332.));
#7658 = CARTESIAN_POINT('',(13.,-1.,-307.));
#7659 = CARTESIAN_POINT('',(13.,-1.,-272.));
#7660 = ORIENTED_EDGE('',*,*,#7565,.T.);
#7661 = ORIENTED_EDGE('',*,*,#7662,.T.);
#7662 = EDGE_CURVE('',#7558,#6756,#7663,.T.);
#7663 = LINE('',#7664,#7665);
#7664 = CARTESIAN_POINT('',(14.048156432501,-1.,-270.3881034935));
#7665 = VECTOR('',#7666,1.);
#7666 = DIRECTION('',(-0.564683915592,0.,0.82530726125));
#7667 = ORIENTED_EDGE('',*,*,#6755,.F.);
#7668 = ORIENTED_EDGE('',*,*,#6731,.F.);
#7669 = ORIENTED_EDGE('',*,*,#7636,.T.);
#7670 = ORIENTED_EDGE('',*,*,#7097,.F.);
#7671 = ORIENTED_EDGE('',*,*,#7672,.T.);
#7672 = EDGE_CURVE('',#7090,#7673,#7675,.T.);
#7673 = VERTEX_POINT('',#7674);
#7674 = CARTESIAN_POINT('',(12.,-1.,-246.1438174462));
#7675 = LINE('',#7676,#7677);
#7676 = CARTESIAN_POINT('',(12.,-1.,-226.));
#7677 = VECTOR('',#7678,1.);
#7678 = DIRECTION('',(0.,0.,-1.));
#7679 = ORIENTED_EDGE('',*,*,#7680,.T.);
#7680 = EDGE_CURVE('',#7673,#7516,#7681,.T.);
#7681 = LINE('',#7682,#7683);
#7682 = CARTESIAN_POINT('',(10.951843567499,-1.,-244.6118965064));
#7683 = VECTOR('',#7684,1.);
#7684 = DIRECTION('',(0.564683915592,0.,-0.82530726125));
#7685 = ORIENTED_EDGE('',*,*,#7515,.T.);
#7686 = ORIENTED_EDGE('',*,*,#7506,.T.);
#7687 = ORIENTED_EDGE('',*,*,#7688,.T.);
#7688 = EDGE_CURVE('',#7495,#7689,#7691,.T.);
#7689 = VERTEX_POINT('',#7690);
#7690 = CARTESIAN_POINT('',(47.,-1.,-364.));
#7691 = B_SPLINE_CURVE_WITH_KNOTS('',3,(#7692,#7693,#7694,#7695),
  .UNSPECIFIED.,.F.,.F.,(4,4),(0.,1.),.PIECEWISE_BEZIER_KNOTS.);
#7692 = CARTESIAN_POINT('',(45.,-1.,-272.));
#7693 = CARTESIAN_POINT('',(45.,-1.,-306.));
#7694 = CARTESIAN_POINT('',(45.,-1.,-336.));
#7695 = CARTESIAN_POINT('',(47.,-1.,-364.));
#7696 = ORIENTED_EDGE('',*,*,#7697,.T.);
#7697 = EDGE_CURVE('',#7689,#7698,#7700,.T.);
#7698 = VERTEX_POINT('',#7699);
#7699 = CARTESIAN_POINT('',(53.,-1.,-402.));
#7700 = B_SPLINE_CURVE_WITH_KNOTS('',3,(#7701,#7702,#7703,#7704),
  .UNSPECIFIED.,.F.,.F.,(4,4),(0.,1.),.PIECEWISE_BEZIER_KNOTS.);
#7701 = CARTESIAN_POINT('',(47.,-1.,-364.));
#7702 = CARTESIAN_POINT('',(49.,-1.,-392.));
#7703 = CARTESIAN_POINT('',(53.,-1.,-384.));
#7704 = CARTESIAN_POINT('',(53.,-1.,-402.));
#7705 = ORIENTED_EDGE('',*,*,#7706,.T.);
#7706 = EDGE_CURVE('',#7698,#7707,#7709,.T.);
#7707 = VERTEX_POINT('',#7708);
#7708 = CARTESIAN_POINT('',(5.,-1.,-402.));
#7709 = CIRCLE('',#7710,24.);
#7710 = AXIS2_PLACEMENT_3D('',#7711,#7712,#7713);
#7711 = CARTESIAN_POINT('',(29.,-1.,-402.));
#7712 = DIRECTION('',(-0.,1.,0.));
#7713 = DIRECTION('',(1.,0.,0.));
#7714 = ORIENTED_EDGE('',*,*,#7715,.T.);
#7715 = EDGE_CURVE('',#7707,#7653,#7716,.T.);
#7716 = B_SPLINE_CURVE_WITH_KNOTS('',3,(#7717,#7718,#7719,#7720),
  .UNSPECIFIED.,.F.,.F.,(4,4),(0.,1.),.PIECEWISE_BEZIER_KNOTS.);
#7717 = CARTESIAN_POINT('',(5.,-1.,-402.));
#7718 = CARTESIAN_POINT('',(5.,-1.,-382.));
#7719 = CARTESIAN_POINT('',(15.,-1.,-380.));
#7720 = CARTESIAN_POINT('',(15.,-1.,-364.));
#7721 = FACE_BOUND('',#7722,.T.);
#7722 = EDGE_LOOP('',(#7723));
#7723 = ORIENTED_EDGE('',*,*,#7724,.F.);
#7724 = EDGE_CURVE('',#7725,#7725,#7727,.T.);
#7725 = VERTEX_POINT('',#7726);
#7726 = CARTESIAN_POINT('',(19.,-1.,-376.2));
#7727 = CIRCLE('',#7728,1.8);
#7728 = AXIS2_PLACEMENT_3D('',#7729,#7730,#7731);
#7729 = CARTESIAN_POINT('',(19.,-1.,-378.));
#7730 = DIRECTION('',(0.,1.,0.));
#7731 = DIRECTION('',(0.,0.,1.));
#7732 = FACE_BOUND('',#7733,.T.);
#7733 = EDGE_LOOP('',(#7734));
#7734 = ORIENTED_EDGE('',*,*,#7735,.F.);
#7735 = EDGE_CURVE('',#7736,#7736,#7738,.T.);
#7736 = VERTEX_POINT('',#7737);
#7737 = CARTESIAN_POINT('',(21.422277716886,-1.,-404.675));
#7738 = CIRCLE('',#7739,1.7);
#7739 = AXIS2_PLACEMENT_3D('',#7740,#7741,#7742);
#7740 = CARTESIAN_POINT('',(21.422277716886,-1.,-406.375));
#7741 = DIRECTION('',(0.,1.,0.));
#7742 = DIRECTION('',(0.,0.,1.));
#7743 = FACE_BOUND('',#7744,.T.);
#7744 = EDGE_LOOP('',(#7745,#7755,#7764,#7772,#7781,#7789));
#7745 = ORIENTED_EDGE('',*,*,#7746,.T.);
#7746 = EDGE_CURVE('',#7747,#7749,#7751,.T.);
#7747 = VERTEX_POINT('',#7748);
#7748 = CARTESIAN_POINT('',(33.969548611026,-1.,-336.));
#7749 = VERTEX_POINT('',#7750);
#7750 = CARTESIAN_POINT('',(23.,-1.,-336.));
#7751 = LINE('',#7752,#7753);
#7752 = CARTESIAN_POINT('',(26.213865142432,-1.,-336.));
#7753 = VECTOR('',#7754,1.);
#7754 = DIRECTION('',(-1.,0.,0.));
#7755 = ORIENTED_EDGE('',*,*,#7756,.T.);
#7756 = EDGE_CURVE('',#7749,#7757,#7759,.T.);
#7757 = VERTEX_POINT('',#7758);
#7758 = CARTESIAN_POINT('',(21.,-1.,-338.));
#7759 = CIRCLE('',#7760,2.);
#7760 = AXIS2_PLACEMENT_3D('',#7761,#7762,#7763);
#7761 = CARTESIAN_POINT('',(23.,-1.,-338.));
#7762 = DIRECTION('',(-0.,-1.,-0.));
#7763 = DIRECTION('',(-1.,0.,0.));
#7764 = ORIENTED_EDGE('',*,*,#7765,.T.);
#7765 = EDGE_CURVE('',#7757,#7766,#7768,.T.);
#7766 = VERTEX_POINT('',#7767);
#7767 = CARTESIAN_POINT('',(21.,-1.,-348.3601292437));
#7768 = LINE('',#7769,#7770);
#7769 = CARTESIAN_POINT('',(21.,-1.,-337.9232832867));
#7770 = VECTOR('',#7771,1.);
#7771 = DIRECTION('',(0.,0.,-1.));
#7772 = ORIENTED_EDGE('',*,*,#7773,.T.);
#7773 = EDGE_CURVE('',#7766,#7774,#7776,.T.);
#7774 = VERTEX_POINT('',#7775);
#7775 = CARTESIAN_POINT('',(24.373247065927,-1.,-349.8141555488));
#7776 = CIRCLE('',#7777,2.);
#7777 = AXIS2_PLACEMENT_3D('',#7778,#7779,#7780);
#7778 = CARTESIAN_POINT('',(23.,-1.,-348.3601292437));
#7779 = DIRECTION('',(0.,-1.,0.));
#7780 = DIRECTION('',(0.686623532964,0.,-0.72701315255));
#7781 = ORIENTED_EDGE('',*,*,#7782,.T.);
#7782 = EDGE_CURVE('',#7774,#7783,#7785,.T.);
#7783 = VERTEX_POINT('',#7784);
#7784 = CARTESIAN_POINT('',(35.342795676953,-1.,-339.4540263051));
#7785 = LINE('',#7786,#7787);
#7786 = CARTESIAN_POINT('',(36.766613816762,-1.,-338.109309173));
#7787 = VECTOR('',#7788,1.);
#7788 = DIRECTION('',(0.72701315255,0.,0.686623532964));
#7789 = ORIENTED_EDGE('',*,*,#7790,.T.);
#7790 = EDGE_CURVE('',#7783,#7747,#7791,.T.);
#7791 = CIRCLE('',#7792,2.);
#7792 = AXIS2_PLACEMENT_3D('',#7793,#7794,#7795);
#7793 = CARTESIAN_POINT('',(33.969548611026,-1.,-338.));
#7794 = DIRECTION('',(-0.,-1.,0.));
#7795 = DIRECTION('',(-2.66E-15,0.,1.));
#7796 = FACE_BOUND('',#7797,.T.);
#7797 = EDGE_LOOP('',(#7798,#7808,#7817,#7825,#7834,#7842));
#7798 = ORIENTED_EDGE('',*,*,#7799,.T.);
#7799 = EDGE_CURVE('',#7800,#7802,#7804,.T.);
#7800 = VERTEX_POINT('',#7801);
#7801 = CARTESIAN_POINT('',(31.366841826448,-1.,-301.));
#7802 = VERTEX_POINT('',#7803);
#7803 = CARTESIAN_POINT('',(23.,-1.,-301.));
#7804 = LINE('',#7805,#7806);
#7805 = CARTESIAN_POINT('',(26.213865142432,-1.,-301.));
#7806 = VECTOR('',#7807,1.);
#7807 = DIRECTION('',(-1.,0.,0.));
#7808 = ORIENTED_EDGE('',*,*,#7809,.T.);
#7809 = EDGE_CURVE('',#7802,#7810,#7812,.T.);
#7810 = VERTEX_POINT('',#7811);
#7811 = CARTESIAN_POINT('',(21.,-1.,-303.));
#7812 = CIRCLE('',#7813,2.);
#7813 = AXIS2_PLACEMENT_3D('',#7814,#7815,#7816);
#7814 = CARTESIAN_POINT('',(23.,-1.,-303.));
#7815 = DIRECTION('',(-0.,-1.,-0.));
#7816 = DIRECTION('',(-1.,0.,0.));
#7817 = ORIENTED_EDGE('',*,*,#7818,.T.);
#7818 = EDGE_CURVE('',#7810,#7819,#7821,.T.);
#7819 = VERTEX_POINT('',#7820);
#7820 = CARTESIAN_POINT('',(21.,-1.,-309.7980589839));
#7821 = LINE('',#7822,#7823);
#7822 = CARTESIAN_POINT('',(21.,-1.,-318.6422481568));
#7823 = VECTOR('',#7824,1.);
#7824 = DIRECTION('',(0.,0.,-1.));
#7825 = ORIENTED_EDGE('',*,*,#7826,.T.);
#7826 = EDGE_CURVE('',#7819,#7827,#7829,.T.);
#7827 = VERTEX_POINT('',#7828);
#7828 = CARTESIAN_POINT('',(24.261185250189,-1.,-311.3502869842));
#7829 = CIRCLE('',#7830,2.);
#7830 = AXIS2_PLACEMENT_3D('',#7831,#7832,#7833);
#7831 = CARTESIAN_POINT('',(23.,-1.,-309.7980589839));
#7832 = DIRECTION('',(0.,-1.,0.));
#7833 = DIRECTION('',(0.630592625094,0.,-0.776114000116));
#7834 = ORIENTED_EDGE('',*,*,#7835,.T.);
#7835 = EDGE_CURVE('',#7827,#7836,#7838,.T.);
#7836 = VERTEX_POINT('',#7837);
#7837 = CARTESIAN_POINT('',(32.628027076637,-1.,-304.5522280002));
#7838 = LINE('',#7839,#7840);
#7839 = CARTESIAN_POINT('',(26.052037053997,-1.,-309.8952198936));
#7840 = VECTOR('',#7841,1.);
#7841 = DIRECTION('',(0.776114000116,0.,0.630592625094));
#7842 = ORIENTED_EDGE('',*,*,#7843,.T.);
#7843 = EDGE_CURVE('',#7836,#7800,#7844,.T.);
#7844 = CIRCLE('',#7845,2.);
#7845 = AXIS2_PLACEMENT_3D('',#7846,#7847,#7848);
#7846 = CARTESIAN_POINT('',(31.366841826448,-1.,-303.));
#7847 = DIRECTION('',(0.,-1.,0.));
#7848 = DIRECTION('',(2.2E-16,0.,1.));
#7849 = FACE_BOUND('',#7850,.T.);
#7850 = EDGE_LOOP('',(#7851));
#7851 = ORIENTED_EDGE('',*,*,#7852,.F.);
#7852 = EDGE_CURVE('',#7853,#7853,#7855,.T.);
#7853 = VERTEX_POINT('',#7854);
#7854 = CARTESIAN_POINT('',(29.,-1.,-395.4));
#7855 = CIRCLE('',#7856,6.6);
#7856 = AXIS2_PLACEMENT_3D('',#7857,#7858,#7859);
#7857 = CARTESIAN_POINT('',(29.,-1.,-402.));
#7858 = DIRECTION('',(0.,1.,0.));
#7859 = DIRECTION('',(0.,0.,1.));
#7860 = FACE_BOUND('',#7861,.T.);
#7861 = EDGE_LOOP('',(#7862));
#7862 = ORIENTED_EDGE('',*,*,#7863,.F.);
#7863 = EDGE_CURVE('',#7864,#7864,#7866,.T.);
#7864 = VERTEX_POINT('',#7865);
#7865 = CARTESIAN_POINT('',(29.,-1.,-391.55));
#7866 = CIRCLE('',#7867,1.7);
#7867 = AXIS2_PLACEMENT_3D('',#7868,#7869,#7870);
#7868 = CARTESIAN_POINT('',(29.,-1.,-393.25));
#7869 = DIRECTION('',(0.,1.,0.));
#7870 = DIRECTION('',(0.,0.,1.));
#7871 = FACE_BOUND('',#7872,.T.);
#7872 = EDGE_LOOP('',(#7873,#7883,#7892,#7900,#7909,#7917));
#7873 = ORIENTED_EDGE('',*,*,#7874,.T.);
#7874 = EDGE_CURVE('',#7875,#7877,#7879,.T.);
#7875 = VERTEX_POINT('',#7876);
#7876 = CARTESIAN_POINT('',(39.,-1.,-365.));
#7877 = VERTEX_POINT('',#7878);
#7878 = CARTESIAN_POINT('',(39.,-1.,-352.2119164549));
#7879 = LINE('',#7880,#7881);
#7880 = CARTESIAN_POINT('',(39.,-1.,-339.8491768923));
#7881 = VECTOR('',#7882,1.);
#7882 = DIRECTION('',(0.,0.,1.));
#7883 = ORIENTED_EDGE('',*,*,#7884,.T.);
#7884 = EDGE_CURVE('',#7877,#7885,#7887,.T.);
#7885 = VERTEX_POINT('',#7886);
#7886 = CARTESIAN_POINT('',(35.513411707506,-1.,-350.8739869916));
#7887 = CIRCLE('',#7888,2.);
#7888 = AXIS2_PLACEMENT_3D('',#7889,#7890,#7891);
#7889 = CARTESIAN_POINT('',(37.,-1.,-352.2119164549));
#7890 = DIRECTION('',(-0.,-1.,0.));
#7891 = DIRECTION('',(-0.743294146247,0.,0.668964731622));
#7892 = ORIENTED_EDGE('',*,*,#7893,.T.);
#7893 = EDGE_CURVE('',#7885,#7894,#7896,.T.);
#7894 = VERTEX_POINT('',#7895);
#7895 = CARTESIAN_POINT('',(24.00413651692,-1.,-363.6620705367));
#7896 = LINE('',#7897,#7898);
#7897 = CARTESIAN_POINT('',(34.211645035786,-1.,-352.3203944046));
#7898 = VECTOR('',#7899,1.);
#7899 = DIRECTION('',(-0.668964731622,0.,-0.743294146247));
#7900 = ORIENTED_EDGE('',*,*,#7901,.T.);
#7901 = EDGE_CURVE('',#7894,#7902,#7904,.T.);
#7902 = VERTEX_POINT('',#7903);
#7903 = CARTESIAN_POINT('',(25.490724809415,-1.,-367.));
#7904 = CIRCLE('',#7905,2.);
#7905 = AXIS2_PLACEMENT_3D('',#7906,#7907,#7908);
#7906 = CARTESIAN_POINT('',(25.490724809415,-1.,-365.));
#7907 = DIRECTION('',(0.,-1.,-0.));
#7908 = DIRECTION('',(-1.33E-15,0.,-1.));
#7909 = ORIENTED_EDGE('',*,*,#7910,.T.);
#7910 = EDGE_CURVE('',#7902,#7911,#7913,.T.);
#7911 = VERTEX_POINT('',#7912);
#7912 = CARTESIAN_POINT('',(37.,-1.,-367.));
#7913 = LINE('',#7914,#7915);
#7914 = CARTESIAN_POINT('',(33.213865142432,-1.,-367.));
#7915 = VECTOR('',#7916,1.);
#7916 = DIRECTION('',(1.,0.,0.));
#7917 = ORIENTED_EDGE('',*,*,#7918,.T.);
#7918 = EDGE_CURVE('',#7911,#7875,#7919,.T.);
#7919 = CIRCLE('',#7920,2.);
#7920 = AXIS2_PLACEMENT_3D('',#7921,#7922,#7923);
#7921 = CARTESIAN_POINT('',(37.,-1.,-365.));
#7922 = DIRECTION('',(0.,-1.,0.));
#7923 = DIRECTION('',(1.,0.,0.));
#7924 = FACE_BOUND('',#7925,.T.);
#7925 = EDGE_LOOP('',(#7926));
#7926 = ORIENTED_EDGE('',*,*,#7927,.F.);
#7927 = EDGE_CURVE('',#7928,#7928,#7930,.T.);
#7928 = VERTEX_POINT('',#7929);
#7929 = CARTESIAN_POINT('',(36.577722283114,-1.,-404.675));
#7930 = CIRCLE('',#7931,1.7);
#7931 = AXIS2_PLACEMENT_3D('',#7932,#7933,#7934);
#7932 = CARTESIAN_POINT('',(36.577722283114,-1.,-406.375));
#7933 = DIRECTION('',(0.,1.,0.));
#7934 = DIRECTION('',(0.,0.,1.));
#7935 = FACE_BOUND('',#7936,.T.);
#7936 = EDGE_LOOP('',(#7937));
#7937 = ORIENTED_EDGE('',*,*,#7938,.F.);
#7938 = EDGE_CURVE('',#7939,#7939,#7941,.T.);
#7939 = VERTEX_POINT('',#7940);
#7940 = CARTESIAN_POINT('',(39.,-1.,-376.2));
#7941 = CIRCLE('',#7942,1.8);
#7942 = AXIS2_PLACEMENT_3D('',#7943,#7944,#7945);
#7943 = CARTESIAN_POINT('',(39.,-1.,-378.));
#7944 = DIRECTION('',(0.,1.,0.));
#7945 = DIRECTION('',(0.,0.,1.));
#7946 = FACE_BOUND('',#7947,.T.);
#7947 = EDGE_LOOP('',(#7948,#7958,#7967,#7975,#7984,#7992));
#7948 = ORIENTED_EDGE('',*,*,#7949,.T.);
#7949 = EDGE_CURVE('',#7950,#7952,#7954,.T.);
#7950 = VERTEX_POINT('',#7951);
#7951 = CARTESIAN_POINT('',(37.,-1.,-327.));
#7952 = VERTEX_POINT('',#7953);
#7953 = CARTESIAN_POINT('',(37.,-1.,-315.479935587));
#7954 = LINE('',#7955,#7956);
#7955 = CARTESIAN_POINT('',(37.,-1.,-321.4831864584));
#7956 = VECTOR('',#7957,1.);
#7957 = DIRECTION('',(0.,0.,1.));
#7958 = ORIENTED_EDGE('',*,*,#7959,.T.);
#7959 = EDGE_CURVE('',#7952,#7960,#7962,.T.);
#7960 = VERTEX_POINT('',#7961);
#7961 = CARTESIAN_POINT('',(33.470177603766,-1.,-314.1916640955));
#7962 = CIRCLE('',#7963,2.);
#7963 = AXIS2_PLACEMENT_3D('',#7964,#7965,#7966);
#7964 = CARTESIAN_POINT('',(35.,-1.,-315.479935587));
#7965 = DIRECTION('',(-0.,-1.,0.));
#7966 = DIRECTION('',(-0.764911198117,0.,0.644135745783));
#7967 = ORIENTED_EDGE('',*,*,#7968,.T.);
#7968 = EDGE_CURVE('',#7960,#7969,#7971,.T.);
#7969 = VERTEX_POINT('',#7970);
#7970 = CARTESIAN_POINT('',(23.769070729739,-1.,-325.7117285084));
#7971 = LINE('',#7972,#7973);
#7972 = CARTESIAN_POINT('',(24.505784963465,-1.,-324.8368803558));
#7973 = VECTOR('',#7974,1.);
#7974 = DIRECTION('',(-0.644135745783,0.,-0.764911198117));
#7975 = ORIENTED_EDGE('',*,*,#7976,.T.);
#7976 = EDGE_CURVE('',#7969,#7977,#7979,.T.);
#7977 = VERTEX_POINT('',#7978);
#7978 = CARTESIAN_POINT('',(25.298893125974,-1.,-329.));
#7979 = CIRCLE('',#7980,2.);
#7980 = AXIS2_PLACEMENT_3D('',#7981,#7982,#7983);
#7981 = CARTESIAN_POINT('',(25.298893125974,-1.,-327.));
#7982 = DIRECTION('',(0.,-1.,0.));
#7983 = DIRECTION('',(2.22E-15,0.,-1.));
#7984 = ORIENTED_EDGE('',*,*,#7985,.T.);
#7985 = EDGE_CURVE('',#7977,#7986,#7988,.T.);
#7986 = VERTEX_POINT('',#7987);
#7987 = CARTESIAN_POINT('',(35.,-1.,-329.));
#7988 = LINE('',#7989,#7990);
#7989 = CARTESIAN_POINT('',(32.213865142432,-1.,-329.));
#7990 = VECTOR('',#7991,1.);
#7991 = DIRECTION('',(1.,0.,0.));
#7992 = ORIENTED_EDGE('',*,*,#7993,.T.);
#7993 = EDGE_CURVE('',#7986,#7950,#7994,.T.);
#7994 = CIRCLE('',#7995,2.);
#7995 = AXIS2_PLACEMENT_3D('',#7996,#7997,#7998);
#7996 = CARTESIAN_POINT('',(35.,-1.,-327.));
#7997 = DIRECTION('',(0.,-1.,0.));
#7998 = DIRECTION('',(1.,0.,-3.55E-15));
#7999 = FACE_BOUND('',#8000,.T.);
#8000 = EDGE_LOOP('',(#8001));
#8001 = ORIENTED_EDGE('',*,*,#8002,.F.);
#8002 = EDGE_CURVE('',#8003,#8003,#8005,.T.);
#8003 = VERTEX_POINT('',#8004);
#8004 = CARTESIAN_POINT('',(29.,-1.,-265.425));
#8005 = CIRCLE('',#8006,6.575);
#8006 = AXIS2_PLACEMENT_3D('',#8007,#8008,#8009);
#8007 = CARTESIAN_POINT('',(29.,-1.,-272.));
#8008 = DIRECTION('',(0.,1.,0.));
#8009 = DIRECTION('',(0.,0.,1.));
#8010 = PLANE('',#8011);
#8011 = AXIS2_PLACEMENT_3D('',#8012,#8013,#8014);
#8012 = CARTESIAN_POINT('',(24.18701899499,-1.,-318.9272463863));
#8013 = DIRECTION('',(0.,1.,0.));
#8014 = DIRECTION('',(0.,0.,1.));
#8015 = ADVANCED_FACE('',(#8016,#8019),#8030,.T.);
#8016 = FACE_BOUND('',#8017,.T.);
#8017 = EDGE_LOOP('',(#8018));
#8018 = ORIENTED_EDGE('',*,*,#6747,.T.);
#8019 = FACE_BOUND('',#8020,.T.);
#8020 = EDGE_LOOP('',(#8021));
#8021 = ORIENTED_EDGE('',*,*,#8022,.F.);
#8022 = EDGE_CURVE('',#8023,#8023,#8025,.T.);
#8023 = VERTEX_POINT('',#8024);
#8024 = CARTESIAN_POINT('',(6.,0.,-246.3));
#8025 = CIRCLE('',#8026,1.7);
#8026 = AXIS2_PLACEMENT_3D('',#8027,#8028,#8029);
#8027 = CARTESIAN_POINT('',(6.,0.,-248.));
#8028 = DIRECTION('',(0.,1.,0.));
#8029 = DIRECTION('',(0.,0.,1.));
#8030 = PLANE('',#8031);
#8031 = AXIS2_PLACEMENT_3D('',#8032,#8033,#8034);
#8032 = CARTESIAN_POINT('',(6.,0.,-248.));
#8033 = DIRECTION('',(0.,1.,0.));
#8034 = DIRECTION('',(0.,0.,1.));
#8035 = ADVANCED_FACE('',(#8036),#8042,.F.);
#8036 = FACE_BOUND('',#8037,.F.);
#8037 = EDGE_LOOP('',(#8038,#8039,#8040,#8041));
#8038 = ORIENTED_EDGE('',*,*,#7480,.F.);
#8039 = ORIENTED_EDGE('',*,*,#7557,.T.);
#8040 = ORIENTED_EDGE('',*,*,#7662,.T.);
#8041 = ORIENTED_EDGE('',*,*,#6764,.F.);
#8042 = PLANE('',#8043);
#8043 = AXIS2_PLACEMENT_3D('',#8044,#8045,#8046);
#8044 = CARTESIAN_POINT('',(14.048156432501,-14.1,-270.3881034935));
#8045 = DIRECTION('',(0.82530726125,0.,0.564683915592));
#8046 = DIRECTION('',(-0.564683915592,0.,0.82530726125));
#8047 = ADVANCED_FACE('',(#8048),#8053,.T.);
#8048 = FACE_BOUND('',#8049,.T.);
#8049 = EDGE_LOOP('',(#8050,#8051,#8052));
#8050 = ORIENTED_EDGE('',*,*,#7540,.F.);
#8051 = ORIENTED_EDGE('',*,*,#6906,.F.);
#8052 = ORIENTED_EDGE('',*,*,#6796,.F.);
#8053 = PLANE('',#8054);
#8054 = AXIS2_PLACEMENT_3D('',#8055,#8056,#8057);
#8055 = CARTESIAN_POINT('',(17.865825505612,-14.1,-255.6504248562));
#8056 = DIRECTION('',(-0.,-1.,-0.));
#8057 = DIRECTION('',(0.,0.,-1.));
#8058 = ADVANCED_FACE('',(#8059,#8088),#8091,.T.);
#8059 = FACE_BOUND('',#8060,.T.);
#8060 = EDGE_LOOP('',(#8061,#8062,#8063,#8071,#8077,#8078,#8079,#8085,
    #8086,#8087));
#8061 = ORIENTED_EDGE('',*,*,#6887,.T.);
#8062 = ORIENTED_EDGE('',*,*,#7532,.F.);
#8063 = ORIENTED_EDGE('',*,*,#8064,.T.);
#8064 = EDGE_CURVE('',#7525,#8065,#8067,.T.);
#8065 = VERTEX_POINT('',#8066);
#8066 = CARTESIAN_POINT('',(12.,-14.,-246.1438174462));
#8067 = LINE('',#8068,#8069);
#8068 = CARTESIAN_POINT('',(16.530241395925,-14.,-252.7649394864));
#8069 = VECTOR('',#8070,1.);
#8070 = DIRECTION('',(-0.564683915592,0.,0.82530726125));
#8071 = ORIENTED_EDGE('',*,*,#8072,.T.);
#8072 = EDGE_CURVE('',#8065,#6849,#8073,.T.);
#8073 = LINE('',#8074,#8075);
#8074 = CARTESIAN_POINT('',(12.,-14.,-243.0245061289));
#8075 = VECTOR('',#8076,1.);
#8076 = DIRECTION('',(0.,0.,1.));
#8077 = ORIENTED_EDGE('',*,*,#6856,.T.);
#8078 = ORIENTED_EDGE('',*,*,#6974,.T.);
#8079 = ORIENTED_EDGE('',*,*,#8080,.T.);
#8080 = EDGE_CURVE('',#6975,#7081,#8081,.T.);
#8081 = LINE('',#8082,#8083);
#8082 = CARTESIAN_POINT('',(12.,-14.,-243.0245061289));
#8083 = VECTOR('',#8084,1.);
#8084 = DIRECTION('',(0.,0.,1.));
#8085 = ORIENTED_EDGE('',*,*,#7080,.F.);
#8086 = ORIENTED_EDGE('',*,*,#7114,.T.);
#8087 = ORIENTED_EDGE('',*,*,#7021,.T.);
#8088 = FACE_BOUND('',#8089,.T.);
#8089 = EDGE_LOOP('',(#8090));
#8090 = ORIENTED_EDGE('',*,*,#7417,.F.);
#8091 = PLANE('',#8092);
#8092 = AXIS2_PLACEMENT_3D('',#8093,#8094,#8095);
#8093 = CARTESIAN_POINT('',(23.378672606142,-14.,-260.0490122578));
#8094 = DIRECTION('',(0.,1.,0.));
#8095 = DIRECTION('',(0.,0.,1.));
#8096 = ADVANCED_FACE('',(#8097),#8112,.F.);
#8097 = FACE_BOUND('',#8098,.F.);
#8098 = EDGE_LOOP('',(#8099,#8100,#8101,#8102,#8103,#8104,#8110,#8111));
#8099 = ORIENTED_EDGE('',*,*,#7612,.F.);
#8100 = ORIENTED_EDGE('',*,*,#6982,.F.);
#8101 = ORIENTED_EDGE('',*,*,#8080,.T.);
#8102 = ORIENTED_EDGE('',*,*,#7089,.T.);
#8103 = ORIENTED_EDGE('',*,*,#7672,.T.);
#8104 = ORIENTED_EDGE('',*,*,#8105,.F.);
#8105 = EDGE_CURVE('',#8065,#7673,#8106,.T.);
#8106 = LINE('',#8107,#8108);
#8107 = CARTESIAN_POINT('',(12.,-14.1,-246.1438174462));
#8108 = VECTOR('',#8109,1.);
#8109 = DIRECTION('',(0.,1.,0.));
#8110 = ORIENTED_EDGE('',*,*,#8072,.T.);
#8111 = ORIENTED_EDGE('',*,*,#6848,.F.);
#8112 = PLANE('',#8113);
#8113 = AXIS2_PLACEMENT_3D('',#8114,#8115,#8116);
#8114 = CARTESIAN_POINT('',(12.,-14.1,-226.));
#8115 = DIRECTION('',(-1.,0.,0.));
#8116 = DIRECTION('',(0.,0.,-1.));
#8117 = ADVANCED_FACE('',(#8118,#8121),#8132,.T.);
#8118 = FACE_BOUND('',#8119,.T.);
#8119 = EDGE_LOOP('',(#8120));
#8120 = ORIENTED_EDGE('',*,*,#7063,.T.);
#8121 = FACE_BOUND('',#8122,.T.);
#8122 = EDGE_LOOP('',(#8123));
#8123 = ORIENTED_EDGE('',*,*,#8124,.F.);
#8124 = EDGE_CURVE('',#8125,#8125,#8127,.T.);
#8125 = VERTEX_POINT('',#8126);
#8126 = CARTESIAN_POINT('',(6.,0.,-224.3));
#8127 = CIRCLE('',#8128,1.7);
#8128 = AXIS2_PLACEMENT_3D('',#8129,#8130,#8131);
#8129 = CARTESIAN_POINT('',(6.,0.,-226.));
#8130 = DIRECTION('',(0.,1.,0.));
#8131 = DIRECTION('',(0.,0.,1.));
#8132 = PLANE('',#8133);
#8133 = AXIS2_PLACEMENT_3D('',#8134,#8135,#8136);
#8134 = CARTESIAN_POINT('',(6.,0.,-226.));
#8135 = DIRECTION('',(0.,1.,0.));
#8136 = DIRECTION('',(0.,0.,1.));
#8137 = ADVANCED_FACE('',(#8138,#8146),#8157,.T.);
#8138 = FACE_BOUND('',#8139,.T.);
#8139 = EDGE_LOOP('',(#8140,#8141,#8142,#8143,#8144,#8145));
#8140 = ORIENTED_EDGE('',*,*,#7138,.T.);
#8141 = ORIENTED_EDGE('',*,*,#7162,.T.);
#8142 = ORIENTED_EDGE('',*,*,#7186,.T.);
#8143 = ORIENTED_EDGE('',*,*,#7210,.T.);
#8144 = ORIENTED_EDGE('',*,*,#7234,.T.);
#8145 = ORIENTED_EDGE('',*,*,#7258,.T.);
#8146 = FACE_BOUND('',#8147,.T.);
#8147 = EDGE_LOOP('',(#8148));
#8148 = ORIENTED_EDGE('',*,*,#8149,.T.);
#8149 = EDGE_CURVE('',#8150,#8150,#8152,.T.);
#8150 = VERTEX_POINT('',#8151);
#8151 = CARTESIAN_POINT('',(6.,-10.5,-224.3));
#8152 = CIRCLE('',#8153,1.7);
#8153 = AXIS2_PLACEMENT_3D('',#8154,#8155,#8156);
#8154 = CARTESIAN_POINT('',(6.,-10.5,-226.));
#8155 = DIRECTION('',(0.,1.,0.));
#8156 = DIRECTION('',(0.,0.,1.));
#8157 = PLANE('',#8158);
#8158 = AXIS2_PLACEMENT_3D('',#8159,#8160,#8161);
#8159 = CARTESIAN_POINT('',(6.,-10.5,-226.));
#8160 = DIRECTION('',(-0.,-1.,-0.));
#8161 = DIRECTION('',(0.,0.,-1.));
#8162 = ADVANCED_FACE('',(#8163,#8171),#8182,.T.);
#8163 = FACE_BOUND('',#8164,.T.);
#8164 = EDGE_LOOP('',(#8165,#8166,#8167,#8168,#8169,#8170));
#8165 = ORIENTED_EDGE('',*,*,#7282,.T.);
#8166 = ORIENTED_EDGE('',*,*,#7330,.T.);
#8167 = ORIENTED_EDGE('',*,*,#7378,.T.);
#8168 = ORIENTED_EDGE('',*,*,#7402,.T.);
#8169 = ORIENTED_EDGE('',*,*,#7361,.T.);
#8170 = ORIENTED_EDGE('',*,*,#7313,.T.);
#8171 = FACE_BOUND('',#8172,.T.);
#8172 = EDGE_LOOP('',(#8173));
#8173 = ORIENTED_EDGE('',*,*,#8174,.T.);
#8174 = EDGE_CURVE('',#8175,#8175,#8177,.T.);
#8175 = VERTEX_POINT('',#8176);
#8176 = CARTESIAN_POINT('',(6.,-10.5,-246.3));
#8177 = CIRCLE('',#8178,1.7);
#8178 = AXIS2_PLACEMENT_3D('',#8179,#8180,#8181);
#8179 = CARTESIAN_POINT('',(6.,-10.5,-248.));
#8180 = DIRECTION('',(0.,1.,0.));
#8181 = DIRECTION('',(0.,0.,1.));
#8182 = PLANE('',#8183);
#8183 = AXIS2_PLACEMENT_3D('',#8184,#8185,#8186);
#8184 = CARTESIAN_POINT('',(6.,-10.5,-248.));
#8185 = DIRECTION('',(-0.,-1.,-0.));
#8186 = DIRECTION('',(0.,0.,-1.));
#8187 = ADVANCED_FACE('',(#8188,#8199),#8202,.T.);
#8188 = FACE_BOUND('',#8189,.T.);
#8189 = EDGE_LOOP('',(#8190));
#8190 = ORIENTED_EDGE('',*,*,#8191,.T.);
#8191 = EDGE_CURVE('',#8192,#8192,#8194,.T.);
#8192 = VERTEX_POINT('',#8193);
#8193 = CARTESIAN_POINT('',(29.,-6.05,-265.425));
#8194 = CIRCLE('',#8195,6.575);
#8195 = AXIS2_PLACEMENT_3D('',#8196,#8197,#8198);
#8196 = CARTESIAN_POINT('',(29.,-6.05,-272.));
#8197 = DIRECTION('',(0.,1.,0.));
#8198 = DIRECTION('',(0.,0.,1.));
#8199 = FACE_BOUND('',#8200,.T.);
#8200 = EDGE_LOOP('',(#8201));
#8201 = ORIENTED_EDGE('',*,*,#7442,.F.);
#8202 = PLANE('',#8203);
#8203 = AXIS2_PLACEMENT_3D('',#8204,#8205,#8206);
#8204 = CARTESIAN_POINT('',(29.,-6.05,-272.));
#8205 = DIRECTION('',(0.,1.,0.));
#8206 = DIRECTION('',(0.,0.,1.));
#8207 = ADVANCED_FACE('',(#8208),#8227,.F.);
#8208 = FACE_BOUND('',#8209,.F.);
#8209 = EDGE_LOOP('',(#8210,#8219,#8220,#8221));
#8210 = ORIENTED_EDGE('',*,*,#8211,.F.);
#8211 = EDGE_CURVE('',#7497,#8212,#8214,.T.);
#8212 = VERTEX_POINT('',#8213);
#8213 = CARTESIAN_POINT('',(47.,-13.,-364.));
#8214 = B_SPLINE_CURVE_WITH_KNOTS('',3,(#8215,#8216,#8217,#8218),
  .UNSPECIFIED.,.F.,.F.,(4,4),(0.,1.),.PIECEWISE_BEZIER_KNOTS.);
#8215 = CARTESIAN_POINT('',(45.,-13.,-272.));
#8216 = CARTESIAN_POINT('',(45.,-13.,-306.));
#8217 = CARTESIAN_POINT('',(45.,-13.,-336.));
#8218 = CARTESIAN_POINT('',(47.,-13.,-364.));
#8219 = ORIENTED_EDGE('',*,*,#7494,.F.);
#8220 = ORIENTED_EDGE('',*,*,#7688,.T.);
#8221 = ORIENTED_EDGE('',*,*,#8222,.F.);
#8222 = EDGE_CURVE('',#8212,#7689,#8223,.T.);
#8223 = LINE('',#8224,#8225);
#8224 = CARTESIAN_POINT('',(47.,-13.,-364.));
#8225 = VECTOR('',#8226,1.);
#8226 = DIRECTION('',(0.,1.,0.));
#8227 = SURFACE_OF_LINEAR_EXTRUSION('',#8228,#8233);
#8228 = B_SPLINE_CURVE_WITH_KNOTS('',3,(#8229,#8230,#8231,#8232),
  .UNSPECIFIED.,.F.,.F.,(4,4),(0.,1.),.PIECEWISE_BEZIER_KNOTS.);
#8229 = CARTESIAN_POINT('',(45.,-13.,-272.));
#8230 = CARTESIAN_POINT('',(45.,-13.,-306.));
#8231 = CARTESIAN_POINT('',(45.,-13.,-336.));
#8232 = CARTESIAN_POINT('',(47.,-13.,-364.));
#8233 = VECTOR('',#8234,1.);
#8234 = DIRECTION('',(-0.,-1.,-0.));
#8235 = ADVANCED_FACE('',(#8236),#8242,.F.);
#8236 = FACE_BOUND('',#8237,.F.);
#8237 = EDGE_LOOP('',(#8238,#8239,#8240,#8241));
#8238 = ORIENTED_EDGE('',*,*,#8064,.T.);
#8239 = ORIENTED_EDGE('',*,*,#8105,.T.);
#8240 = ORIENTED_EDGE('',*,*,#7680,.T.);
#8241 = ORIENTED_EDGE('',*,*,#7524,.F.);
#8242 = PLANE('',#8243);
#8243 = AXIS2_PLACEMENT_3D('',#8244,#8245,#8246);
#8244 = CARTESIAN_POINT('',(10.951843567499,-14.1,-244.6118965064));
#8245 = DIRECTION('',(-0.82530726125,0.,-0.564683915592));
#8246 = DIRECTION('',(0.564683915592,0.,-0.82530726125));
#8247 = ADVANCED_FACE('',(#8248),#8267,.F.);
#8248 = FACE_BOUND('',#8249,.F.);
#8249 = EDGE_LOOP('',(#8250,#8259,#8265,#8266));
#8250 = ORIENTED_EDGE('',*,*,#8251,.F.);
#8251 = EDGE_CURVE('',#8252,#7575,#8254,.T.);
#8252 = VERTEX_POINT('',#8253);
#8253 = CARTESIAN_POINT('',(15.,-13.,-364.));
#8254 = B_SPLINE_CURVE_WITH_KNOTS('',3,(#8255,#8256,#8257,#8258),
  .UNSPECIFIED.,.F.,.F.,(4,4),(0.,1.),.PIECEWISE_BEZIER_KNOTS.);
#8255 = CARTESIAN_POINT('',(15.,-13.,-364.));
#8256 = CARTESIAN_POINT('',(15.,-13.,-332.));
#8257 = CARTESIAN_POINT('',(13.,-13.,-307.));
#8258 = CARTESIAN_POINT('',(13.,-13.,-272.));
#8259 = ORIENTED_EDGE('',*,*,#8260,.T.);
#8260 = EDGE_CURVE('',#8252,#7653,#8261,.T.);
#8261 = LINE('',#8262,#8263);
#8262 = CARTESIAN_POINT('',(15.,-13.,-364.));
#8263 = VECTOR('',#8264,1.);
#8264 = DIRECTION('',(0.,1.,0.));
#8265 = ORIENTED_EDGE('',*,*,#7652,.T.);
#8266 = ORIENTED_EDGE('',*,*,#7574,.T.);
#8267 = SURFACE_OF_LINEAR_EXTRUSION('',#8268,#8273);
#8268 = B_SPLINE_CURVE_WITH_KNOTS('',3,(#8269,#8270,#8271,#8272),
  .UNSPECIFIED.,.F.,.F.,(4,4),(0.,1.),.PIECEWISE_BEZIER_KNOTS.);
#8269 = CARTESIAN_POINT('',(15.,-13.,-364.));
#8270 = CARTESIAN_POINT('',(15.,-13.,-332.));
#8271 = CARTESIAN_POINT('',(13.,-13.,-307.));
#8272 = CARTESIAN_POINT('',(13.,-13.,-272.));
#8273 = VECTOR('',#8274,1.);
#8274 = DIRECTION('',(-0.,-1.,-0.));
#8275 = ADVANCED_FACE('',(#8276,#8306,#8359,#8412,#8423,#8476,#8529,
    #8612),#8623,.T.);
#8276 = FACE_BOUND('',#8277,.T.);
#8277 = EDGE_LOOP('',(#8278,#8279,#8280,#8289,#8298,#8305));
#8278 = ORIENTED_EDGE('',*,*,#7584,.T.);
#8279 = ORIENTED_EDGE('',*,*,#8251,.F.);
#8280 = ORIENTED_EDGE('',*,*,#8281,.F.);
#8281 = EDGE_CURVE('',#8282,#8252,#8284,.T.);
#8282 = VERTEX_POINT('',#8283);
#8283 = CARTESIAN_POINT('',(5.,-13.,-402.));
#8284 = B_SPLINE_CURVE_WITH_KNOTS('',3,(#8285,#8286,#8287,#8288),
  .UNSPECIFIED.,.F.,.F.,(4,4),(0.,1.),.PIECEWISE_BEZIER_KNOTS.);
#8285 = CARTESIAN_POINT('',(5.,-13.,-402.));
#8286 = CARTESIAN_POINT('',(5.,-13.,-382.));
#8287 = CARTESIAN_POINT('',(15.,-13.,-380.));
#8288 = CARTESIAN_POINT('',(15.,-13.,-364.));
#8289 = ORIENTED_EDGE('',*,*,#8290,.F.);
#8290 = EDGE_CURVE('',#8291,#8282,#8293,.T.);
#8291 = VERTEX_POINT('',#8292);
#8292 = CARTESIAN_POINT('',(53.,-13.,-402.));
#8293 = CIRCLE('',#8294,24.);
#8294 = AXIS2_PLACEMENT_3D('',#8295,#8296,#8297);
#8295 = CARTESIAN_POINT('',(29.,-13.,-402.));
#8296 = DIRECTION('',(-0.,1.,0.));
#8297 = DIRECTION('',(1.,0.,0.));
#8298 = ORIENTED_EDGE('',*,*,#8299,.F.);
#8299 = EDGE_CURVE('',#8212,#8291,#8300,.T.);
#8300 = B_SPLINE_CURVE_WITH_KNOTS('',3,(#8301,#8302,#8303,#8304),
  .UNSPECIFIED.,.F.,.F.,(4,4),(0.,1.),.PIECEWISE_BEZIER_KNOTS.);
#8301 = CARTESIAN_POINT('',(47.,-13.,-364.));
#8302 = CARTESIAN_POINT('',(49.,-13.,-392.));
#8303 = CARTESIAN_POINT('',(53.,-13.,-384.));
#8304 = CARTESIAN_POINT('',(53.,-13.,-402.));
#8305 = ORIENTED_EDGE('',*,*,#8211,.F.);
#8306 = FACE_BOUND('',#8307,.T.);
#8307 = EDGE_LOOP('',(#8308,#8318,#8327,#8335,#8344,#8352));
#8308 = ORIENTED_EDGE('',*,*,#8309,.F.);
#8309 = EDGE_CURVE('',#8310,#8312,#8314,.T.);
#8310 = VERTEX_POINT('',#8311);
#8311 = CARTESIAN_POINT('',(31.366841826448,-13.,-301.));
#8312 = VERTEX_POINT('',#8313);
#8313 = CARTESIAN_POINT('',(23.,-13.,-301.));
#8314 = LINE('',#8315,#8316);
#8315 = CARTESIAN_POINT('',(26.213865142432,-13.,-301.));
#8316 = VECTOR('',#8317,1.);
#8317 = DIRECTION('',(-1.,0.,0.));
#8318 = ORIENTED_EDGE('',*,*,#8319,.F.);
#8319 = EDGE_CURVE('',#8320,#8310,#8322,.T.);
#8320 = VERTEX_POINT('',#8321);
#8321 = CARTESIAN_POINT('',(32.628027076637,-13.,-304.5522280002));
#8322 = CIRCLE('',#8323,2.);
#8323 = AXIS2_PLACEMENT_3D('',#8324,#8325,#8326);
#8324 = CARTESIAN_POINT('',(31.366841826448,-13.,-303.));
#8325 = DIRECTION('',(0.,-1.,0.));
#8326 = DIRECTION('',(2.2E-16,0.,1.));
#8327 = ORIENTED_EDGE('',*,*,#8328,.F.);
#8328 = EDGE_CURVE('',#8329,#8320,#8331,.T.);
#8329 = VERTEX_POINT('',#8330);
#8330 = CARTESIAN_POINT('',(24.261185250189,-13.,-311.3502869842));
#8331 = LINE('',#8332,#8333);
#8332 = CARTESIAN_POINT('',(26.052037053997,-13.,-309.8952198936));
#8333 = VECTOR('',#8334,1.);
#8334 = DIRECTION('',(0.776114000116,0.,0.630592625094));
#8335 = ORIENTED_EDGE('',*,*,#8336,.F.);
#8336 = EDGE_CURVE('',#8337,#8329,#8339,.T.);
#8337 = VERTEX_POINT('',#8338);
#8338 = CARTESIAN_POINT('',(21.,-13.,-309.7980589839));
#8339 = CIRCLE('',#8340,2.);
#8340 = AXIS2_PLACEMENT_3D('',#8341,#8342,#8343);
#8341 = CARTESIAN_POINT('',(23.,-13.,-309.7980589839));
#8342 = DIRECTION('',(0.,-1.,0.));
#8343 = DIRECTION('',(0.630592625094,0.,-0.776114000116));
#8344 = ORIENTED_EDGE('',*,*,#8345,.F.);
#8345 = EDGE_CURVE('',#8346,#8337,#8348,.T.);
#8346 = VERTEX_POINT('',#8347);
#8347 = CARTESIAN_POINT('',(21.,-13.,-303.));
#8348 = LINE('',#8349,#8350);
#8349 = CARTESIAN_POINT('',(21.,-13.,-318.6422481568));
#8350 = VECTOR('',#8351,1.);
#8351 = DIRECTION('',(0.,0.,-1.));
#8352 = ORIENTED_EDGE('',*,*,#8353,.F.);
#8353 = EDGE_CURVE('',#8312,#8346,#8354,.T.);
#8354 = CIRCLE('',#8355,2.);
#8355 = AXIS2_PLACEMENT_3D('',#8356,#8357,#8358);
#8356 = CARTESIAN_POINT('',(23.,-13.,-303.));
#8357 = DIRECTION('',(-0.,-1.,-0.));
#8358 = DIRECTION('',(-1.,0.,0.));
#8359 = FACE_BOUND('',#8360,.T.);
#8360 = EDGE_LOOP('',(#8361,#8371,#8380,#8388,#8397,#8405));
#8361 = ORIENTED_EDGE('',*,*,#8362,.F.);
#8362 = EDGE_CURVE('',#8363,#8365,#8367,.T.);
#8363 = VERTEX_POINT('',#8364);
#8364 = CARTESIAN_POINT('',(33.969548611026,-13.,-336.));
#8365 = VERTEX_POINT('',#8366);
#8366 = CARTESIAN_POINT('',(23.,-13.,-336.));
#8367 = LINE('',#8368,#8369);
#8368 = CARTESIAN_POINT('',(26.213865142432,-13.,-336.));
#8369 = VECTOR('',#8370,1.);
#8370 = DIRECTION('',(-1.,0.,0.));
#8371 = ORIENTED_EDGE('',*,*,#8372,.F.);
#8372 = EDGE_CURVE('',#8373,#8363,#8375,.T.);
#8373 = VERTEX_POINT('',#8374);
#8374 = CARTESIAN_POINT('',(35.342795676953,-13.,-339.4540263051));
#8375 = CIRCLE('',#8376,2.);
#8376 = AXIS2_PLACEMENT_3D('',#8377,#8378,#8379);
#8377 = CARTESIAN_POINT('',(33.969548611026,-13.,-338.));
#8378 = DIRECTION('',(-0.,-1.,0.));
#8379 = DIRECTION('',(-2.66E-15,0.,1.));
#8380 = ORIENTED_EDGE('',*,*,#8381,.F.);
#8381 = EDGE_CURVE('',#8382,#8373,#8384,.T.);
#8382 = VERTEX_POINT('',#8383);
#8383 = CARTESIAN_POINT('',(24.373247065927,-13.,-349.8141555488));
#8384 = LINE('',#8385,#8386);
#8385 = CARTESIAN_POINT('',(36.766613816762,-13.,-338.109309173));
#8386 = VECTOR('',#8387,1.);
#8387 = DIRECTION('',(0.72701315255,0.,0.686623532964));
#8388 = ORIENTED_EDGE('',*,*,#8389,.F.);
#8389 = EDGE_CURVE('',#8390,#8382,#8392,.T.);
#8390 = VERTEX_POINT('',#8391);
#8391 = CARTESIAN_POINT('',(21.,-13.,-348.3601292437));
#8392 = CIRCLE('',#8393,2.);
#8393 = AXIS2_PLACEMENT_3D('',#8394,#8395,#8396);
#8394 = CARTESIAN_POINT('',(23.,-13.,-348.3601292437));
#8395 = DIRECTION('',(0.,-1.,0.));
#8396 = DIRECTION('',(0.686623532964,0.,-0.72701315255));
#8397 = ORIENTED_EDGE('',*,*,#8398,.F.);
#8398 = EDGE_CURVE('',#8399,#8390,#8401,.T.);
#8399 = VERTEX_POINT('',#8400);
#8400 = CARTESIAN_POINT('',(21.,-13.,-338.));
#8401 = LINE('',#8402,#8403);
#8402 = CARTESIAN_POINT('',(21.,-13.,-337.9232832867));
#8403 = VECTOR('',#8404,1.);
#8404 = DIRECTION('',(0.,0.,-1.));
#8405 = ORIENTED_EDGE('',*,*,#8406,.F.);
#8406 = EDGE_CURVE('',#8365,#8399,#8407,.T.);
#8407 = CIRCLE('',#8408,2.);
#8408 = AXIS2_PLACEMENT_3D('',#8409,#8410,#8411);
#8409 = CARTESIAN_POINT('',(23.,-13.,-338.));
#8410 = DIRECTION('',(-0.,-1.,-0.));
#8411 = DIRECTION('',(-1.,0.,0.));
#8412 = FACE_BOUND('',#8413,.T.);
#8413 = EDGE_LOOP('',(#8414));
#8414 = ORIENTED_EDGE('',*,*,#8415,.T.);
#8415 = EDGE_CURVE('',#8416,#8416,#8418,.T.);
#8416 = VERTEX_POINT('',#8417);
#8417 = CARTESIAN_POINT('',(19.,-13.,-376.2));
#8418 = CIRCLE('',#8419,1.8);
#8419 = AXIS2_PLACEMENT_3D('',#8420,#8421,#8422);
#8420 = CARTESIAN_POINT('',(19.,-13.,-378.));
#8421 = DIRECTION('',(0.,1.,0.));
#8422 = DIRECTION('',(0.,0.,1.));
#8423 = FACE_BOUND('',#8424,.T.);
#8424 = EDGE_LOOP('',(#8425,#8435,#8444,#8452,#8461,#8469));
#8425 = ORIENTED_EDGE('',*,*,#8426,.F.);
#8426 = EDGE_CURVE('',#8427,#8429,#8431,.T.);
#8427 = VERTEX_POINT('',#8428);
#8428 = CARTESIAN_POINT('',(37.,-13.,-327.));
#8429 = VERTEX_POINT('',#8430);
#8430 = CARTESIAN_POINT('',(37.,-13.,-315.479935587));
#8431 = LINE('',#8432,#8433);
#8432 = CARTESIAN_POINT('',(37.,-13.,-321.4831864584));
#8433 = VECTOR('',#8434,1.);
#8434 = DIRECTION('',(0.,0.,1.));
#8435 = ORIENTED_EDGE('',*,*,#8436,.F.);
#8436 = EDGE_CURVE('',#8437,#8427,#8439,.T.);
#8437 = VERTEX_POINT('',#8438);
#8438 = CARTESIAN_POINT('',(35.,-13.,-329.));
#8439 = CIRCLE('',#8440,2.);
#8440 = AXIS2_PLACEMENT_3D('',#8441,#8442,#8443);
#8441 = CARTESIAN_POINT('',(35.,-13.,-327.));
#8442 = DIRECTION('',(0.,-1.,0.));
#8443 = DIRECTION('',(1.,0.,-3.55E-15));
#8444 = ORIENTED_EDGE('',*,*,#8445,.F.);
#8445 = EDGE_CURVE('',#8446,#8437,#8448,.T.);
#8446 = VERTEX_POINT('',#8447);
#8447 = CARTESIAN_POINT('',(25.298893125974,-13.,-329.));
#8448 = LINE('',#8449,#8450);
#8449 = CARTESIAN_POINT('',(32.213865142432,-13.,-329.));
#8450 = VECTOR('',#8451,1.);
#8451 = DIRECTION('',(1.,0.,0.));
#8452 = ORIENTED_EDGE('',*,*,#8453,.F.);
#8453 = EDGE_CURVE('',#8454,#8446,#8456,.T.);
#8454 = VERTEX_POINT('',#8455);
#8455 = CARTESIAN_POINT('',(23.769070729739,-13.,-325.7117285084));
#8456 = CIRCLE('',#8457,2.);
#8457 = AXIS2_PLACEMENT_3D('',#8458,#8459,#8460);
#8458 = CARTESIAN_POINT('',(25.298893125974,-13.,-327.));
#8459 = DIRECTION('',(0.,-1.,0.));
#8460 = DIRECTION('',(2.22E-15,0.,-1.));
#8461 = ORIENTED_EDGE('',*,*,#8462,.F.);
#8462 = EDGE_CURVE('',#8463,#8454,#8465,.T.);
#8463 = VERTEX_POINT('',#8464);
#8464 = CARTESIAN_POINT('',(33.470177603766,-13.,-314.1916640955));
#8465 = LINE('',#8466,#8467);
#8466 = CARTESIAN_POINT('',(24.505784963465,-13.,-324.8368803558));
#8467 = VECTOR('',#8468,1.);
#8468 = DIRECTION('',(-0.644135745783,0.,-0.764911198117));
#8469 = ORIENTED_EDGE('',*,*,#8470,.F.);
#8470 = EDGE_CURVE('',#8429,#8463,#8471,.T.);
#8471 = CIRCLE('',#8472,2.);
#8472 = AXIS2_PLACEMENT_3D('',#8473,#8474,#8475);
#8473 = CARTESIAN_POINT('',(35.,-13.,-315.479935587));
#8474 = DIRECTION('',(-0.,-1.,0.));
#8475 = DIRECTION('',(-0.764911198117,0.,0.644135745783));
#8476 = FACE_BOUND('',#8477,.T.);
#8477 = EDGE_LOOP('',(#8478,#8488,#8497,#8505,#8514,#8522));
#8478 = ORIENTED_EDGE('',*,*,#8479,.F.);
#8479 = EDGE_CURVE('',#8480,#8482,#8484,.T.);
#8480 = VERTEX_POINT('',#8481);
#8481 = CARTESIAN_POINT('',(39.,-13.,-365.));
#8482 = VERTEX_POINT('',#8483);
#8483 = CARTESIAN_POINT('',(39.,-13.,-352.2119164549));
#8484 = LINE('',#8485,#8486);
#8485 = CARTESIAN_POINT('',(39.,-13.,-339.8491768923));
#8486 = VECTOR('',#8487,1.);
#8487 = DIRECTION('',(0.,0.,1.));
#8488 = ORIENTED_EDGE('',*,*,#8489,.F.);
#8489 = EDGE_CURVE('',#8490,#8480,#8492,.T.);
#8490 = VERTEX_POINT('',#8491);
#8491 = CARTESIAN_POINT('',(37.,-13.,-367.));
#8492 = CIRCLE('',#8493,2.);
#8493 = AXIS2_PLACEMENT_3D('',#8494,#8495,#8496);
#8494 = CARTESIAN_POINT('',(37.,-13.,-365.));
#8495 = DIRECTION('',(0.,-1.,0.));
#8496 = DIRECTION('',(1.,0.,0.));
#8497 = ORIENTED_EDGE('',*,*,#8498,.F.);
#8498 = EDGE_CURVE('',#8499,#8490,#8501,.T.);
#8499 = VERTEX_POINT('',#8500);
#8500 = CARTESIAN_POINT('',(25.490724809415,-13.,-367.));
#8501 = LINE('',#8502,#8503);
#8502 = CARTESIAN_POINT('',(33.213865142432,-13.,-367.));
#8503 = VECTOR('',#8504,1.);
#8504 = DIRECTION('',(1.,0.,0.));
#8505 = ORIENTED_EDGE('',*,*,#8506,.F.);
#8506 = EDGE_CURVE('',#8507,#8499,#8509,.T.);
#8507 = VERTEX_POINT('',#8508);
#8508 = CARTESIAN_POINT('',(24.00413651692,-13.,-363.6620705367));
#8509 = CIRCLE('',#8510,2.);
#8510 = AXIS2_PLACEMENT_3D('',#8511,#8512,#8513);
#8511 = CARTESIAN_POINT('',(25.490724809415,-13.,-365.));
#8512 = DIRECTION('',(0.,-1.,-0.));
#8513 = DIRECTION('',(-1.33E-15,0.,-1.));
#8514 = ORIENTED_EDGE('',*,*,#8515,.F.);
#8515 = EDGE_CURVE('',#8516,#8507,#8518,.T.);
#8516 = VERTEX_POINT('',#8517);
#8517 = CARTESIAN_POINT('',(35.513411707506,-13.,-350.8739869916));
#8518 = LINE('',#8519,#8520);
#8519 = CARTESIAN_POINT('',(34.211645035786,-13.,-352.3203944046));
#8520 = VECTOR('',#8521,1.);
#8521 = DIRECTION('',(-0.668964731622,0.,-0.743294146247));
#8522 = ORIENTED_EDGE('',*,*,#8523,.F.);
#8523 = EDGE_CURVE('',#8482,#8516,#8524,.T.);
#8524 = CIRCLE('',#8525,2.);
#8525 = AXIS2_PLACEMENT_3D('',#8526,#8527,#8528);
#8526 = CARTESIAN_POINT('',(37.,-13.,-352.2119164549));
#8527 = DIRECTION('',(-0.,-1.,0.));
#8528 = DIRECTION('',(-0.743294146247,0.,0.668964731622));
#8529 = FACE_BOUND('',#8530,.T.);
#8530 = EDGE_LOOP('',(#8531,#8542,#8551,#8560,#8569,#8578,#8587,#8596,
    #8605));
#8531 = ORIENTED_EDGE('',*,*,#8532,.T.);
#8532 = EDGE_CURVE('',#8533,#8535,#8537,.T.);
#8533 = VERTEX_POINT('',#8534);
#8534 = CARTESIAN_POINT('',(24.309820065501,-13.,-406.6435129139));
#8535 = VERTEX_POINT('',#8536);
#8536 = CARTESIAN_POINT('',(21.422277716886,-13.,-403.475));
#8537 = CIRCLE('',#8538,2.9);
#8538 = AXIS2_PLACEMENT_3D('',#8539,#8540,#8541);
#8539 = CARTESIAN_POINT('',(21.422277716886,-13.,-406.375));
#8540 = DIRECTION('',(0.,1.,0.));
#8541 = DIRECTION('',(0.,0.,1.));
#8542 = ORIENTED_EDGE('',*,*,#8543,.T.);
#8543 = EDGE_CURVE('',#8535,#8544,#8546,.T.);
#8544 = VERTEX_POINT('',#8545);
#8545 = CARTESIAN_POINT('',(22.633509886469,-13.,-403.7400585146));
#8546 = CIRCLE('',#8547,2.9);
#8547 = AXIS2_PLACEMENT_3D('',#8548,#8549,#8550);
#8548 = CARTESIAN_POINT('',(21.422277716886,-13.,-406.375));
#8549 = DIRECTION('',(0.,1.,0.));
#8550 = DIRECTION('',(0.,0.,1.));
#8551 = ORIENTED_EDGE('',*,*,#8552,.T.);
#8552 = EDGE_CURVE('',#8544,#8553,#8555,.T.);
#8553 = VERTEX_POINT('',#8554);
#8554 = CARTESIAN_POINT('',(27.323689820968,-13.,-395.6164285714));
#8555 = CIRCLE('',#8556,6.6);
#8556 = AXIS2_PLACEMENT_3D('',#8557,#8558,#8559);
#8557 = CARTESIAN_POINT('',(29.,-13.,-402.));
#8558 = DIRECTION('',(0.,1.,0.));
#8559 = DIRECTION('',(0.,0.,1.));
#8560 = ORIENTED_EDGE('',*,*,#8561,.T.);
#8561 = EDGE_CURVE('',#8553,#8562,#8564,.T.);
#8562 = VERTEX_POINT('',#8563);
#8563 = CARTESIAN_POINT('',(29.,-13.,-390.35));
#8564 = CIRCLE('',#8565,2.9);
#8565 = AXIS2_PLACEMENT_3D('',#8566,#8567,#8568);
#8566 = CARTESIAN_POINT('',(29.,-13.,-393.25));
#8567 = DIRECTION('',(0.,1.,0.));
#8568 = DIRECTION('',(0.,0.,1.));
#8569 = ORIENTED_EDGE('',*,*,#8570,.T.);
#8570 = EDGE_CURVE('',#8562,#8571,#8573,.T.);
#8571 = VERTEX_POINT('',#8572);
#8572 = CARTESIAN_POINT('',(30.676310179032,-13.,-395.6164285714));
#8573 = CIRCLE('',#8574,2.9);
#8574 = AXIS2_PLACEMENT_3D('',#8575,#8576,#8577);
#8575 = CARTESIAN_POINT('',(29.,-13.,-393.25));
#8576 = DIRECTION('',(0.,1.,0.));
#8577 = DIRECTION('',(0.,0.,1.));
#8578 = ORIENTED_EDGE('',*,*,#8579,.T.);
#8579 = EDGE_CURVE('',#8571,#8580,#8582,.T.);
#8580 = VERTEX_POINT('',#8581);
#8581 = CARTESIAN_POINT('',(35.366490113531,-13.,-403.7400585146));
#8582 = CIRCLE('',#8583,6.6);
#8583 = AXIS2_PLACEMENT_3D('',#8584,#8585,#8586);
#8584 = CARTESIAN_POINT('',(29.,-13.,-402.));
#8585 = DIRECTION('',(0.,1.,0.));
#8586 = DIRECTION('',(0.,0.,1.));
#8587 = ORIENTED_EDGE('',*,*,#8588,.T.);
#8588 = EDGE_CURVE('',#8580,#8589,#8591,.T.);
#8589 = VERTEX_POINT('',#8590);
#8590 = CARTESIAN_POINT('',(36.577722283114,-13.,-403.475));
#8591 = CIRCLE('',#8592,2.9);
#8592 = AXIS2_PLACEMENT_3D('',#8593,#8594,#8595);
#8593 = CARTESIAN_POINT('',(36.577722283114,-13.,-406.375));
#8594 = DIRECTION('',(0.,1.,0.));
#8595 = DIRECTION('',(0.,0.,1.));
#8596 = ORIENTED_EDGE('',*,*,#8597,.T.);
#8597 = EDGE_CURVE('',#8589,#8598,#8600,.T.);
#8598 = VERTEX_POINT('',#8599);
#8599 = CARTESIAN_POINT('',(33.690179934499,-13.,-406.6435129139));
#8600 = CIRCLE('',#8601,2.9);
#8601 = AXIS2_PLACEMENT_3D('',#8602,#8603,#8604);
#8602 = CARTESIAN_POINT('',(36.577722283114,-13.,-406.375));
#8603 = DIRECTION('',(0.,1.,0.));
#8604 = DIRECTION('',(0.,0.,1.));
#8605 = ORIENTED_EDGE('',*,*,#8606,.T.);
#8606 = EDGE_CURVE('',#8598,#8533,#8607,.T.);
#8607 = CIRCLE('',#8608,6.6);
#8608 = AXIS2_PLACEMENT_3D('',#8609,#8610,#8611);
#8609 = CARTESIAN_POINT('',(29.,-13.,-402.));
#8610 = DIRECTION('',(0.,1.,0.));
#8611 = DIRECTION('',(0.,0.,1.));
#8612 = FACE_BOUND('',#8613,.T.);
#8613 = EDGE_LOOP('',(#8614));
#8614 = ORIENTED_EDGE('',*,*,#8615,.T.);
#8615 = EDGE_CURVE('',#8616,#8616,#8618,.T.);
#8616 = VERTEX_POINT('',#8617);
#8617 = CARTESIAN_POINT('',(39.,-13.,-376.2));
#8618 = CIRCLE('',#8619,1.8);
#8619 = AXIS2_PLACEMENT_3D('',#8620,#8621,#8622);
#8620 = CARTESIAN_POINT('',(39.,-13.,-378.));
#8621 = DIRECTION('',(0.,1.,0.));
#8622 = DIRECTION('',(0.,0.,1.));
#8623 = PLANE('',#8624);
#8624 = AXIS2_PLACEMENT_3D('',#8625,#8626,#8627);
#8625 = CARTESIAN_POINT('',(29.486831458848,-13.,-341.6783397748));
#8626 = DIRECTION('',(-0.,-1.,-0.));
#8627 = DIRECTION('',(0.,0.,-1.));
#8628 = ADVANCED_FACE('',(#8629),#8640,.F.);
#8629 = FACE_BOUND('',#8630,.F.);
#8630 = EDGE_LOOP('',(#8631,#8637,#8638,#8639));
#8631 = ORIENTED_EDGE('',*,*,#8632,.T.);
#8632 = EDGE_CURVE('',#8282,#7707,#8633,.T.);
#8633 = LINE('',#8634,#8635);
#8634 = CARTESIAN_POINT('',(5.,-13.,-402.));
#8635 = VECTOR('',#8636,1.);
#8636 = DIRECTION('',(0.,1.,0.));
#8637 = ORIENTED_EDGE('',*,*,#7715,.T.);
#8638 = ORIENTED_EDGE('',*,*,#8260,.F.);
#8639 = ORIENTED_EDGE('',*,*,#8281,.F.);
#8640 = SURFACE_OF_LINEAR_EXTRUSION('',#8641,#8646);
#8641 = B_SPLINE_CURVE_WITH_KNOTS('',3,(#8642,#8643,#8644,#8645),
  .UNSPECIFIED.,.F.,.F.,(4,4),(0.,1.),.PIECEWISE_BEZIER_KNOTS.);
#8642 = CARTESIAN_POINT('',(5.,-13.,-402.));
#8643 = CARTESIAN_POINT('',(5.,-13.,-382.));
#8644 = CARTESIAN_POINT('',(15.,-13.,-380.));
#8645 = CARTESIAN_POINT('',(15.,-13.,-364.));
#8646 = VECTOR('',#8647,1.);
#8647 = DIRECTION('',(-0.,-1.,-0.));
#8648 = ADVANCED_FACE('',(#8649),#8660,.T.);
#8649 = FACE_BOUND('',#8650,.F.);
#8650 = EDGE_LOOP('',(#8651,#8657,#8658,#8659));
#8651 = ORIENTED_EDGE('',*,*,#8652,.T.);
#8652 = EDGE_CURVE('',#8291,#7698,#8653,.T.);
#8653 = LINE('',#8654,#8655);
#8654 = CARTESIAN_POINT('',(53.,-13.,-402.));
#8655 = VECTOR('',#8656,1.);
#8656 = DIRECTION('',(0.,1.,0.));
#8657 = ORIENTED_EDGE('',*,*,#7706,.T.);
#8658 = ORIENTED_EDGE('',*,*,#8632,.F.);
#8659 = ORIENTED_EDGE('',*,*,#8290,.F.);
#8660 = CYLINDRICAL_SURFACE('',#8661,24.);
#8661 = AXIS2_PLACEMENT_3D('',#8662,#8663,#8664);
#8662 = CARTESIAN_POINT('',(29.,-13.,-402.));
#8663 = DIRECTION('',(0.,-1.,0.));
#8664 = DIRECTION('',(1.,0.,0.));
#8665 = ADVANCED_FACE('',(#8666),#8672,.F.);
#8666 = FACE_BOUND('',#8667,.F.);
#8667 = EDGE_LOOP('',(#8668,#8669,#8670,#8671));
#8668 = ORIENTED_EDGE('',*,*,#8222,.T.);
#8669 = ORIENTED_EDGE('',*,*,#7697,.T.);
#8670 = ORIENTED_EDGE('',*,*,#8652,.F.);
#8671 = ORIENTED_EDGE('',*,*,#8299,.F.);
#8672 = SURFACE_OF_LINEAR_EXTRUSION('',#8673,#8678);
#8673 = B_SPLINE_CURVE_WITH_KNOTS('',3,(#8674,#8675,#8676,#8677),
  .UNSPECIFIED.,.F.,.F.,(4,4),(0.,1.),.PIECEWISE_BEZIER_KNOTS.);
#8674 = CARTESIAN_POINT('',(47.,-13.,-364.));
#8675 = CARTESIAN_POINT('',(49.,-13.,-392.));
#8676 = CARTESIAN_POINT('',(53.,-13.,-384.));
#8677 = CARTESIAN_POINT('',(53.,-13.,-402.));
#8678 = VECTOR('',#8679,1.);
#8679 = DIRECTION('',(-0.,-1.,-0.));
#8680 = ADVANCED_FACE('',(#8681),#8692,.F.);
#8681 = FACE_BOUND('',#8682,.F.);
#8682 = EDGE_LOOP('',(#8683,#8684,#8690,#8691));
#8683 = ORIENTED_EDGE('',*,*,#7724,.F.);
#8684 = ORIENTED_EDGE('',*,*,#8685,.F.);
#8685 = EDGE_CURVE('',#8416,#7725,#8686,.T.);
#8686 = LINE('',#8687,#8688);
#8687 = CARTESIAN_POINT('',(19.,-14.,-376.2));
#8688 = VECTOR('',#8689,1.);
#8689 = DIRECTION('',(0.,1.,0.));
#8690 = ORIENTED_EDGE('',*,*,#8415,.T.);
#8691 = ORIENTED_EDGE('',*,*,#8685,.T.);
#8692 = CYLINDRICAL_SURFACE('',#8693,1.8);
#8693 = AXIS2_PLACEMENT_3D('',#8694,#8695,#8696);
#8694 = CARTESIAN_POINT('',(19.,-14.,-378.));
#8695 = DIRECTION('',(0.,1.,0.));
#8696 = DIRECTION('',(0.,0.,1.));
#8697 = ADVANCED_FACE('',(#8698),#8717,.F.);
#8698 = FACE_BOUND('',#8699,.F.);
#8699 = EDGE_LOOP('',(#8700,#8701,#8709,#8716));
#8700 = ORIENTED_EDGE('',*,*,#7735,.F.);
#8701 = ORIENTED_EDGE('',*,*,#8702,.F.);
#8702 = EDGE_CURVE('',#8703,#7736,#8705,.T.);
#8703 = VERTEX_POINT('',#8704);
#8704 = CARTESIAN_POINT('',(21.422277716886,-6.,-404.675));
#8705 = LINE('',#8706,#8707);
#8706 = CARTESIAN_POINT('',(21.422277716886,-14.,-404.675));
#8707 = VECTOR('',#8708,1.);
#8708 = DIRECTION('',(0.,1.,0.));
#8709 = ORIENTED_EDGE('',*,*,#8710,.T.);
#8710 = EDGE_CURVE('',#8703,#8703,#8711,.T.);
#8711 = CIRCLE('',#8712,1.7);
#8712 = AXIS2_PLACEMENT_3D('',#8713,#8714,#8715);
#8713 = CARTESIAN_POINT('',(21.422277716886,-6.,-406.375));
#8714 = DIRECTION('',(0.,1.,0.));
#8715 = DIRECTION('',(0.,0.,1.));
#8716 = ORIENTED_EDGE('',*,*,#8702,.T.);
#8717 = CYLINDRICAL_SURFACE('',#8718,1.7);
#8718 = AXIS2_PLACEMENT_3D('',#8719,#8720,#8721);
#8719 = CARTESIAN_POINT('',(21.422277716886,-14.,-406.375));
#8720 = DIRECTION('',(0.,1.,0.));
#8721 = DIRECTION('',(0.,0.,1.));
#8722 = ADVANCED_FACE('',(#8723),#8739,.T.);
#8723 = FACE_BOUND('',#8724,.T.);
#8724 = EDGE_LOOP('',(#8725,#8726,#8732,#8733));
#8725 = ORIENTED_EDGE('',*,*,#8362,.T.);
#8726 = ORIENTED_EDGE('',*,*,#8727,.T.);
#8727 = EDGE_CURVE('',#8365,#7749,#8728,.T.);
#8728 = LINE('',#8729,#8730);
#8729 = CARTESIAN_POINT('',(23.,-14.,-336.));
#8730 = VECTOR('',#8731,1.);
#8731 = DIRECTION('',(0.,1.,0.));
#8732 = ORIENTED_EDGE('',*,*,#7746,.F.);
#8733 = ORIENTED_EDGE('',*,*,#8734,.F.);
#8734 = EDGE_CURVE('',#8363,#7747,#8735,.T.);
#8735 = LINE('',#8736,#8737);
#8736 = CARTESIAN_POINT('',(33.969548611026,-14.,-336.));
#8737 = VECTOR('',#8738,1.);
#8738 = DIRECTION('',(0.,1.,0.));
#8739 = PLANE('',#8740);
#8740 = AXIS2_PLACEMENT_3D('',#8741,#8742,#8743);
#8741 = CARTESIAN_POINT('',(23.,-14.,-336.));
#8742 = DIRECTION('',(0.,0.,-1.));
#8743 = DIRECTION('',(1.,0.,0.));
#8744 = ADVANCED_FACE('',(#8745),#8756,.F.);
#8745 = FACE_BOUND('',#8746,.T.);
#8746 = EDGE_LOOP('',(#8747,#8748,#8749,#8750));
#8747 = ORIENTED_EDGE('',*,*,#8372,.T.);
#8748 = ORIENTED_EDGE('',*,*,#8734,.T.);
#8749 = ORIENTED_EDGE('',*,*,#7790,.F.);
#8750 = ORIENTED_EDGE('',*,*,#8751,.F.);
#8751 = EDGE_CURVE('',#8373,#7783,#8752,.T.);
#8752 = LINE('',#8753,#8754);
#8753 = CARTESIAN_POINT('',(35.342795676953,-14.,-339.4540263051));
#8754 = VECTOR('',#8755,1.);
#8755 = DIRECTION('',(0.,1.,0.));
#8756 = CYLINDRICAL_SURFACE('',#8757,2.);
#8757 = AXIS2_PLACEMENT_3D('',#8758,#8759,#8760);
#8758 = CARTESIAN_POINT('',(33.969548611026,-14.,-338.));
#8759 = DIRECTION('',(-0.,-1.,-0.));
#8760 = DIRECTION('',(-2.66E-15,0.,1.));
#8761 = ADVANCED_FACE('',(#8762),#8773,.F.);
#8762 = FACE_BOUND('',#8763,.T.);
#8763 = EDGE_LOOP('',(#8764,#8765,#8771,#8772));
#8764 = ORIENTED_EDGE('',*,*,#8406,.T.);
#8765 = ORIENTED_EDGE('',*,*,#8766,.T.);
#8766 = EDGE_CURVE('',#8399,#7757,#8767,.T.);
#8767 = LINE('',#8768,#8769);
#8768 = CARTESIAN_POINT('',(21.,-14.,-338.));
#8769 = VECTOR('',#8770,1.);
#8770 = DIRECTION('',(0.,1.,0.));
#8771 = ORIENTED_EDGE('',*,*,#7756,.F.);
#8772 = ORIENTED_EDGE('',*,*,#8727,.F.);
#8773 = CYLINDRICAL_SURFACE('',#8774,2.);
#8774 = AXIS2_PLACEMENT_3D('',#8775,#8776,#8777);
#8775 = CARTESIAN_POINT('',(23.,-14.,-338.));
#8776 = DIRECTION('',(-0.,-1.,-0.));
#8777 = DIRECTION('',(-1.,0.,0.));
#8778 = ADVANCED_FACE('',(#8779),#8790,.T.);
#8779 = FACE_BOUND('',#8780,.T.);
#8780 = EDGE_LOOP('',(#8781,#8782,#8783,#8784));
#8781 = ORIENTED_EDGE('',*,*,#8381,.T.);
#8782 = ORIENTED_EDGE('',*,*,#8751,.T.);
#8783 = ORIENTED_EDGE('',*,*,#7782,.F.);
#8784 = ORIENTED_EDGE('',*,*,#8785,.F.);
#8785 = EDGE_CURVE('',#8382,#7774,#8786,.T.);
#8786 = LINE('',#8787,#8788);
#8787 = CARTESIAN_POINT('',(24.373247065927,-14.,-349.8141555488));
#8788 = VECTOR('',#8789,1.);
#8789 = DIRECTION('',(0.,1.,0.));
#8790 = PLANE('',#8791);
#8791 = AXIS2_PLACEMENT_3D('',#8792,#8793,#8794);
#8792 = CARTESIAN_POINT('',(35.342795676953,-14.,-339.4540263051));
#8793 = DIRECTION('',(-0.686623532964,0.,0.72701315255));
#8794 = DIRECTION('',(-0.72701315255,0.,-0.686623532964));
#8795 = ADVANCED_FACE('',(#8796),#8807,.T.);
#8796 = FACE_BOUND('',#8797,.T.);
#8797 = EDGE_LOOP('',(#8798,#8799,#8805,#8806));
#8798 = ORIENTED_EDGE('',*,*,#8398,.T.);
#8799 = ORIENTED_EDGE('',*,*,#8800,.T.);
#8800 = EDGE_CURVE('',#8390,#7766,#8801,.T.);
#8801 = LINE('',#8802,#8803);
#8802 = CARTESIAN_POINT('',(21.,-14.,-348.3601292437));
#8803 = VECTOR('',#8804,1.);
#8804 = DIRECTION('',(0.,1.,0.));
#8805 = ORIENTED_EDGE('',*,*,#7765,.F.);
#8806 = ORIENTED_EDGE('',*,*,#8766,.F.);
#8807 = PLANE('',#8808);
#8808 = AXIS2_PLACEMENT_3D('',#8809,#8810,#8811);
#8809 = CARTESIAN_POINT('',(21.,-14.,-348.3601292437));
#8810 = DIRECTION('',(1.,0.,0.));
#8811 = DIRECTION('',(0.,0.,1.));
#8812 = ADVANCED_FACE('',(#8813),#8819,.F.);
#8813 = FACE_BOUND('',#8814,.T.);
#8814 = EDGE_LOOP('',(#8815,#8816,#8817,#8818));
#8815 = ORIENTED_EDGE('',*,*,#8389,.T.);
#8816 = ORIENTED_EDGE('',*,*,#8785,.T.);
#8817 = ORIENTED_EDGE('',*,*,#7773,.F.);
#8818 = ORIENTED_EDGE('',*,*,#8800,.F.);
#8819 = CYLINDRICAL_SURFACE('',#8820,2.);
#8820 = AXIS2_PLACEMENT_3D('',#8821,#8822,#8823);
#8821 = CARTESIAN_POINT('',(23.,-14.,-348.3601292437));
#8822 = DIRECTION('',(-0.,-1.,-0.));
#8823 = DIRECTION('',(0.686623532964,0.,-0.72701315255));
#8824 = ADVANCED_FACE('',(#8825),#8841,.T.);
#8825 = FACE_BOUND('',#8826,.T.);
#8826 = EDGE_LOOP('',(#8827,#8828,#8834,#8835));
#8827 = ORIENTED_EDGE('',*,*,#8309,.T.);
#8828 = ORIENTED_EDGE('',*,*,#8829,.T.);
#8829 = EDGE_CURVE('',#8312,#7802,#8830,.T.);
#8830 = LINE('',#8831,#8832);
#8831 = CARTESIAN_POINT('',(23.,-14.,-301.));
#8832 = VECTOR('',#8833,1.);
#8833 = DIRECTION('',(0.,1.,0.));
#8834 = ORIENTED_EDGE('',*,*,#7799,.F.);
#8835 = ORIENTED_EDGE('',*,*,#8836,.F.);
#8836 = EDGE_CURVE('',#8310,#7800,#8837,.T.);
#8837 = LINE('',#8838,#8839);
#8838 = CARTESIAN_POINT('',(31.366841826448,-14.,-301.));
#8839 = VECTOR('',#8840,1.);
#8840 = DIRECTION('',(0.,1.,0.));
#8841 = PLANE('',#8842);
#8842 = AXIS2_PLACEMENT_3D('',#8843,#8844,#8845);
#8843 = CARTESIAN_POINT('',(23.,-14.,-301.));
#8844 = DIRECTION('',(0.,0.,-1.));
#8845 = DIRECTION('',(1.,0.,0.));
#8846 = ADVANCED_FACE('',(#8847),#8858,.F.);
#8847 = FACE_BOUND('',#8848,.T.);
#8848 = EDGE_LOOP('',(#8849,#8850,#8851,#8852));
#8849 = ORIENTED_EDGE('',*,*,#8319,.T.);
#8850 = ORIENTED_EDGE('',*,*,#8836,.T.);
#8851 = ORIENTED_EDGE('',*,*,#7843,.F.);
#8852 = ORIENTED_EDGE('',*,*,#8853,.F.);
#8853 = EDGE_CURVE('',#8320,#7836,#8854,.T.);
#8854 = LINE('',#8855,#8856);
#8855 = CARTESIAN_POINT('',(32.628027076637,-14.,-304.5522280002));
#8856 = VECTOR('',#8857,1.);
#8857 = DIRECTION('',(0.,1.,0.));
#8858 = CYLINDRICAL_SURFACE('',#8859,2.);
#8859 = AXIS2_PLACEMENT_3D('',#8860,#8861,#8862);
#8860 = CARTESIAN_POINT('',(31.366841826448,-14.,-303.));
#8861 = DIRECTION('',(-0.,-1.,-0.));
#8862 = DIRECTION('',(2.2E-16,0.,1.));
#8863 = ADVANCED_FACE('',(#8864),#8875,.F.);
#8864 = FACE_BOUND('',#8865,.T.);
#8865 = EDGE_LOOP('',(#8866,#8867,#8873,#8874));
#8866 = ORIENTED_EDGE('',*,*,#8353,.T.);
#8867 = ORIENTED_EDGE('',*,*,#8868,.T.);
#8868 = EDGE_CURVE('',#8346,#7810,#8869,.T.);
#8869 = LINE('',#8870,#8871);
#8870 = CARTESIAN_POINT('',(21.,-14.,-303.));
#8871 = VECTOR('',#8872,1.);
#8872 = DIRECTION('',(0.,1.,0.));
#8873 = ORIENTED_EDGE('',*,*,#7809,.F.);
#8874 = ORIENTED_EDGE('',*,*,#8829,.F.);
#8875 = CYLINDRICAL_SURFACE('',#8876,2.);
#8876 = AXIS2_PLACEMENT_3D('',#8877,#8878,#8879);
#8877 = CARTESIAN_POINT('',(23.,-14.,-303.));
#8878 = DIRECTION('',(-0.,-1.,-0.));
#8879 = DIRECTION('',(-1.,0.,0.));
#8880 = ADVANCED_FACE('',(#8881),#8892,.T.);
#8881 = FACE_BOUND('',#8882,.T.);
#8882 = EDGE_LOOP('',(#8883,#8884,#8885,#8886));
#8883 = ORIENTED_EDGE('',*,*,#8328,.T.);
#8884 = ORIENTED_EDGE('',*,*,#8853,.T.);
#8885 = ORIENTED_EDGE('',*,*,#7835,.F.);
#8886 = ORIENTED_EDGE('',*,*,#8887,.F.);
#8887 = EDGE_CURVE('',#8329,#7827,#8888,.T.);
#8888 = LINE('',#8889,#8890);
#8889 = CARTESIAN_POINT('',(24.261185250189,-14.,-311.3502869842));
#8890 = VECTOR('',#8891,1.);
#8891 = DIRECTION('',(0.,1.,0.));
#8892 = PLANE('',#8893);
#8893 = AXIS2_PLACEMENT_3D('',#8894,#8895,#8896);
#8894 = CARTESIAN_POINT('',(32.628027076637,-14.,-304.5522280002));
#8895 = DIRECTION('',(-0.630592625094,0.,0.776114000116));
#8896 = DIRECTION('',(-0.776114000116,0.,-0.630592625094));
#8897 = ADVANCED_FACE('',(#8898),#8909,.T.);
#8898 = FACE_BOUND('',#8899,.T.);
#8899 = EDGE_LOOP('',(#8900,#8901,#8907,#8908));
#8900 = ORIENTED_EDGE('',*,*,#8345,.T.);
#8901 = ORIENTED_EDGE('',*,*,#8902,.T.);
#8902 = EDGE_CURVE('',#8337,#7819,#8903,.T.);
#8903 = LINE('',#8904,#8905);
#8904 = CARTESIAN_POINT('',(21.,-14.,-309.7980589839));
#8905 = VECTOR('',#8906,1.);
#8906 = DIRECTION('',(0.,1.,0.));
#8907 = ORIENTED_EDGE('',*,*,#7818,.F.);
#8908 = ORIENTED_EDGE('',*,*,#8868,.F.);
#8909 = PLANE('',#8910);
#8910 = AXIS2_PLACEMENT_3D('',#8911,#8912,#8913);
#8911 = CARTESIAN_POINT('',(21.,-14.,-309.7980589839));
#8912 = DIRECTION('',(1.,0.,0.));
#8913 = DIRECTION('',(0.,0.,1.));
#8914 = ADVANCED_FACE('',(#8915),#8921,.F.);
#8915 = FACE_BOUND('',#8916,.T.);
#8916 = EDGE_LOOP('',(#8917,#8918,#8919,#8920));
#8917 = ORIENTED_EDGE('',*,*,#8336,.T.);
#8918 = ORIENTED_EDGE('',*,*,#8887,.T.);
#8919 = ORIENTED_EDGE('',*,*,#7826,.F.);
#8920 = ORIENTED_EDGE('',*,*,#8902,.F.);
#8921 = CYLINDRICAL_SURFACE('',#8922,2.);
#8922 = AXIS2_PLACEMENT_3D('',#8923,#8924,#8925);
#8923 = CARTESIAN_POINT('',(23.,-14.,-309.7980589839));
#8924 = DIRECTION('',(-0.,-1.,-0.));
#8925 = DIRECTION('',(0.630592625094,0.,-0.776114000116));
#8926 = ADVANCED_FACE('',(#8927),#9018,.F.);
#8927 = FACE_BOUND('',#8928,.F.);
#8928 = EDGE_LOOP('',(#8929,#8930,#8938,#8947,#8953,#8954,#8962,#8971,
    #8977,#8978,#8986,#8995,#9001,#9002,#9010,#9017));
#8929 = ORIENTED_EDGE('',*,*,#7852,.F.);
#8930 = ORIENTED_EDGE('',*,*,#8931,.F.);
#8931 = EDGE_CURVE('',#8932,#7853,#8934,.T.);
#8932 = VERTEX_POINT('',#8933);
#8933 = CARTESIAN_POINT('',(29.,-6.,-395.4));
#8934 = LINE('',#8935,#8936);
#8935 = CARTESIAN_POINT('',(29.,-14.,-395.4));
#8936 = VECTOR('',#8937,1.);
#8937 = DIRECTION('',(0.,1.,0.));
#8938 = ORIENTED_EDGE('',*,*,#8939,.T.);
#8939 = EDGE_CURVE('',#8932,#8940,#8942,.T.);
#8940 = VERTEX_POINT('',#8941);
#8941 = CARTESIAN_POINT('',(30.676310179032,-6.,-395.6164285714));
#8942 = CIRCLE('',#8943,6.6);
#8943 = AXIS2_PLACEMENT_3D('',#8944,#8945,#8946);
#8944 = CARTESIAN_POINT('',(29.,-6.,-402.));
#8945 = DIRECTION('',(0.,1.,0.));
#8946 = DIRECTION('',(0.,0.,1.));
#8947 = ORIENTED_EDGE('',*,*,#8948,.F.);
#8948 = EDGE_CURVE('',#8571,#8940,#8949,.T.);
#8949 = LINE('',#8950,#8951);
#8950 = CARTESIAN_POINT('',(30.676310179032,-13.1,-395.6164285714));
#8951 = VECTOR('',#8952,1.);
#8952 = DIRECTION('',(0.,1.,0.));
#8953 = ORIENTED_EDGE('',*,*,#8579,.T.);
#8954 = ORIENTED_EDGE('',*,*,#8955,.T.);
#8955 = EDGE_CURVE('',#8580,#8956,#8958,.T.);
#8956 = VERTEX_POINT('',#8957);
#8957 = CARTESIAN_POINT('',(35.366490113531,-6.,-403.7400585146));
#8958 = LINE('',#8959,#8960);
#8959 = CARTESIAN_POINT('',(35.366490113531,-13.1,-403.7400585146));
#8960 = VECTOR('',#8961,1.);
#8961 = DIRECTION('',(0.,1.,0.));
#8962 = ORIENTED_EDGE('',*,*,#8963,.T.);
#8963 = EDGE_CURVE('',#8956,#8964,#8966,.T.);
#8964 = VERTEX_POINT('',#8965);
#8965 = CARTESIAN_POINT('',(33.690179934499,-6.,-406.6435129139));
#8966 = CIRCLE('',#8967,6.6);
#8967 = AXIS2_PLACEMENT_3D('',#8968,#8969,#8970);
#8968 = CARTESIAN_POINT('',(29.,-6.,-402.));
#8969 = DIRECTION('',(0.,1.,0.));
#8970 = DIRECTION('',(0.,0.,1.));
#8971 = ORIENTED_EDGE('',*,*,#8972,.F.);
#8972 = EDGE_CURVE('',#8598,#8964,#8973,.T.);
#8973 = LINE('',#8974,#8975);
#8974 = CARTESIAN_POINT('',(33.690179934499,-13.1,-406.6435129139));
#8975 = VECTOR('',#8976,1.);
#8976 = DIRECTION('',(0.,1.,0.));
#8977 = ORIENTED_EDGE('',*,*,#8606,.T.);
#8978 = ORIENTED_EDGE('',*,*,#8979,.T.);
#8979 = EDGE_CURVE('',#8533,#8980,#8982,.T.);
#8980 = VERTEX_POINT('',#8981);
#8981 = CARTESIAN_POINT('',(24.309820065501,-6.,-406.6435129139));
#8982 = LINE('',#8983,#8984);
#8983 = CARTESIAN_POINT('',(24.309820065501,-13.1,-406.6435129139));
#8984 = VECTOR('',#8985,1.);
#8985 = DIRECTION('',(0.,1.,0.));
#8986 = ORIENTED_EDGE('',*,*,#8987,.T.);
#8987 = EDGE_CURVE('',#8980,#8988,#8990,.T.);
#8988 = VERTEX_POINT('',#8989);
#8989 = CARTESIAN_POINT('',(22.633509886469,-6.,-403.7400585146));
#8990 = CIRCLE('',#8991,6.6);
#8991 = AXIS2_PLACEMENT_3D('',#8992,#8993,#8994);
#8992 = CARTESIAN_POINT('',(29.,-6.,-402.));
#8993 = DIRECTION('',(0.,1.,0.));
#8994 = DIRECTION('',(0.,0.,1.));
#8995 = ORIENTED_EDGE('',*,*,#8996,.F.);
#8996 = EDGE_CURVE('',#8544,#8988,#8997,.T.);
#8997 = LINE('',#8998,#8999);
#8998 = CARTESIAN_POINT('',(22.633509886469,-13.1,-403.7400585146));
#8999 = VECTOR('',#9000,1.);
#9000 = DIRECTION('',(0.,1.,0.));
#9001 = ORIENTED_EDGE('',*,*,#8552,.T.);
#9002 = ORIENTED_EDGE('',*,*,#9003,.T.);
#9003 = EDGE_CURVE('',#8553,#9004,#9006,.T.);
#9004 = VERTEX_POINT('',#9005);
#9005 = CARTESIAN_POINT('',(27.323689820968,-6.,-395.6164285714));
#9006 = LINE('',#9007,#9008);
#9007 = CARTESIAN_POINT('',(27.323689820968,-13.1,-395.6164285714));
#9008 = VECTOR('',#9009,1.);
#9009 = DIRECTION('',(0.,1.,0.));
#9010 = ORIENTED_EDGE('',*,*,#9011,.T.);
#9011 = EDGE_CURVE('',#9004,#8932,#9012,.T.);
#9012 = CIRCLE('',#9013,6.6);
#9013 = AXIS2_PLACEMENT_3D('',#9014,#9015,#9016);
#9014 = CARTESIAN_POINT('',(29.,-6.,-402.));
#9015 = DIRECTION('',(0.,1.,0.));
#9016 = DIRECTION('',(0.,0.,1.));
#9017 = ORIENTED_EDGE('',*,*,#8931,.T.);
#9018 = CYLINDRICAL_SURFACE('',#9019,6.6);
#9019 = AXIS2_PLACEMENT_3D('',#9020,#9021,#9022);
#9020 = CARTESIAN_POINT('',(29.,-14.,-402.));
#9021 = DIRECTION('',(0.,1.,0.));
#9022 = DIRECTION('',(0.,0.,1.));
#9023 = ADVANCED_FACE('',(#9024),#9043,.F.);
#9024 = FACE_BOUND('',#9025,.F.);
#9025 = EDGE_LOOP('',(#9026,#9027,#9035,#9042));
#9026 = ORIENTED_EDGE('',*,*,#7863,.F.);
#9027 = ORIENTED_EDGE('',*,*,#9028,.F.);
#9028 = EDGE_CURVE('',#9029,#7864,#9031,.T.);
#9029 = VERTEX_POINT('',#9030);
#9030 = CARTESIAN_POINT('',(29.,-6.,-391.55));
#9031 = LINE('',#9032,#9033);
#9032 = CARTESIAN_POINT('',(29.,-14.,-391.55));
#9033 = VECTOR('',#9034,1.);
#9034 = DIRECTION('',(0.,1.,0.));
#9035 = ORIENTED_EDGE('',*,*,#9036,.T.);
#9036 = EDGE_CURVE('',#9029,#9029,#9037,.T.);
#9037 = CIRCLE('',#9038,1.7);
#9038 = AXIS2_PLACEMENT_3D('',#9039,#9040,#9041);
#9039 = CARTESIAN_POINT('',(29.,-6.,-393.25));
#9040 = DIRECTION('',(0.,1.,0.));
#9041 = DIRECTION('',(0.,0.,1.));
#9042 = ORIENTED_EDGE('',*,*,#9028,.T.);
#9043 = CYLINDRICAL_SURFACE('',#9044,1.7);
#9044 = AXIS2_PLACEMENT_3D('',#9045,#9046,#9047);
#9045 = CARTESIAN_POINT('',(29.,-14.,-393.25));
#9046 = DIRECTION('',(0.,1.,0.));
#9047 = DIRECTION('',(0.,0.,1.));
#9048 = ADVANCED_FACE('',(#9049),#9065,.T.);
#9049 = FACE_BOUND('',#9050,.T.);
#9050 = EDGE_LOOP('',(#9051,#9052,#9058,#9059));
#9051 = ORIENTED_EDGE('',*,*,#8479,.T.);
#9052 = ORIENTED_EDGE('',*,*,#9053,.T.);
#9053 = EDGE_CURVE('',#8482,#7877,#9054,.T.);
#9054 = LINE('',#9055,#9056);
#9055 = CARTESIAN_POINT('',(39.,-14.,-352.2119164549));
#9056 = VECTOR('',#9057,1.);
#9057 = DIRECTION('',(0.,1.,0.));
#9058 = ORIENTED_EDGE('',*,*,#7874,.F.);
#9059 = ORIENTED_EDGE('',*,*,#9060,.F.);
#9060 = EDGE_CURVE('',#8480,#7875,#9061,.T.);
#9061 = LINE('',#9062,#9063);
#9062 = CARTESIAN_POINT('',(39.,-14.,-365.));
#9063 = VECTOR('',#9064,1.);
#9064 = DIRECTION('',(0.,1.,0.));
#9065 = PLANE('',#9066);
#9066 = AXIS2_PLACEMENT_3D('',#9067,#9068,#9069);
#9067 = CARTESIAN_POINT('',(39.,-14.,-352.2119164549));
#9068 = DIRECTION('',(-1.,0.,0.));
#9069 = DIRECTION('',(0.,0.,-1.));
#9070 = ADVANCED_FACE('',(#9071),#9082,.F.);
#9071 = FACE_BOUND('',#9072,.T.);
#9072 = EDGE_LOOP('',(#9073,#9074,#9075,#9076));
#9073 = ORIENTED_EDGE('',*,*,#8489,.T.);
#9074 = ORIENTED_EDGE('',*,*,#9060,.T.);
#9075 = ORIENTED_EDGE('',*,*,#7918,.F.);
#9076 = ORIENTED_EDGE('',*,*,#9077,.F.);
#9077 = EDGE_CURVE('',#8490,#7911,#9078,.T.);
#9078 = LINE('',#9079,#9080);
#9079 = CARTESIAN_POINT('',(37.,-14.,-367.));
#9080 = VECTOR('',#9081,1.);
#9081 = DIRECTION('',(0.,1.,0.));
#9082 = CYLINDRICAL_SURFACE('',#9083,2.);
#9083 = AXIS2_PLACEMENT_3D('',#9084,#9085,#9086);
#9084 = CARTESIAN_POINT('',(37.,-14.,-365.));
#9085 = DIRECTION('',(0.,-1.,0.));
#9086 = DIRECTION('',(1.,0.,0.));
#9087 = ADVANCED_FACE('',(#9088),#9099,.F.);
#9088 = FACE_BOUND('',#9089,.T.);
#9089 = EDGE_LOOP('',(#9090,#9091,#9097,#9098));
#9090 = ORIENTED_EDGE('',*,*,#8523,.T.);
#9091 = ORIENTED_EDGE('',*,*,#9092,.T.);
#9092 = EDGE_CURVE('',#8516,#7885,#9093,.T.);
#9093 = LINE('',#9094,#9095);
#9094 = CARTESIAN_POINT('',(35.513411707506,-14.,-350.8739869916));
#9095 = VECTOR('',#9096,1.);
#9096 = DIRECTION('',(0.,1.,0.));
#9097 = ORIENTED_EDGE('',*,*,#7884,.F.);
#9098 = ORIENTED_EDGE('',*,*,#9053,.F.);
#9099 = CYLINDRICAL_SURFACE('',#9100,2.);
#9100 = AXIS2_PLACEMENT_3D('',#9101,#9102,#9103);
#9101 = CARTESIAN_POINT('',(37.,-14.,-352.2119164549));
#9102 = DIRECTION('',(0.,-1.,0.));
#9103 = DIRECTION('',(-0.743294146247,0.,0.668964731622));
#9104 = ADVANCED_FACE('',(#9105),#9116,.T.);
#9105 = FACE_BOUND('',#9106,.T.);
#9106 = EDGE_LOOP('',(#9107,#9108,#9109,#9110));
#9107 = ORIENTED_EDGE('',*,*,#8498,.T.);
#9108 = ORIENTED_EDGE('',*,*,#9077,.T.);
#9109 = ORIENTED_EDGE('',*,*,#7910,.F.);
#9110 = ORIENTED_EDGE('',*,*,#9111,.F.);
#9111 = EDGE_CURVE('',#8499,#7902,#9112,.T.);
#9112 = LINE('',#9113,#9114);
#9113 = CARTESIAN_POINT('',(25.490724809415,-14.,-367.));
#9114 = VECTOR('',#9115,1.);
#9115 = DIRECTION('',(0.,1.,0.));
#9116 = PLANE('',#9117);
#9117 = AXIS2_PLACEMENT_3D('',#9118,#9119,#9120);
#9118 = CARTESIAN_POINT('',(37.,-14.,-367.));
#9119 = DIRECTION('',(0.,0.,1.));
#9120 = DIRECTION('',(-1.,0.,0.));
#9121 = ADVANCED_FACE('',(#9122),#9133,.T.);
#9122 = FACE_BOUND('',#9123,.T.);
#9123 = EDGE_LOOP('',(#9124,#9125,#9131,#9132));
#9124 = ORIENTED_EDGE('',*,*,#8515,.T.);
#9125 = ORIENTED_EDGE('',*,*,#9126,.T.);
#9126 = EDGE_CURVE('',#8507,#7894,#9127,.T.);
#9127 = LINE('',#9128,#9129);
#9128 = CARTESIAN_POINT('',(24.00413651692,-14.,-363.6620705367));
#9129 = VECTOR('',#9130,1.);
#9130 = DIRECTION('',(0.,1.,0.));
#9131 = ORIENTED_EDGE('',*,*,#7893,.F.);
#9132 = ORIENTED_EDGE('',*,*,#9092,.F.);
#9133 = PLANE('',#9134);
#9134 = AXIS2_PLACEMENT_3D('',#9135,#9136,#9137);
#9135 = CARTESIAN_POINT('',(24.00413651692,-14.,-363.6620705367));
#9136 = DIRECTION('',(0.743294146247,0.,-0.668964731622));
#9137 = DIRECTION('',(0.668964731622,0.,0.743294146247));
#9138 = ADVANCED_FACE('',(#9139),#9145,.F.);
#9139 = FACE_BOUND('',#9140,.T.);
#9140 = EDGE_LOOP('',(#9141,#9142,#9143,#9144));
#9141 = ORIENTED_EDGE('',*,*,#8506,.T.);
#9142 = ORIENTED_EDGE('',*,*,#9111,.T.);
#9143 = ORIENTED_EDGE('',*,*,#7901,.F.);
#9144 = ORIENTED_EDGE('',*,*,#9126,.F.);
#9145 = CYLINDRICAL_SURFACE('',#9146,2.);
#9146 = AXIS2_PLACEMENT_3D('',#9147,#9148,#9149);
#9147 = CARTESIAN_POINT('',(25.490724809415,-14.,-365.));
#9148 = DIRECTION('',(-0.,-1.,-0.));
#9149 = DIRECTION('',(-1.33E-15,0.,-1.));
#9150 = ADVANCED_FACE('',(#9151),#9170,.F.);
#9151 = FACE_BOUND('',#9152,.F.);
#9152 = EDGE_LOOP('',(#9153,#9154,#9162,#9169));
#9153 = ORIENTED_EDGE('',*,*,#7927,.F.);
#9154 = ORIENTED_EDGE('',*,*,#9155,.F.);
#9155 = EDGE_CURVE('',#9156,#7928,#9158,.T.);
#9156 = VERTEX_POINT('',#9157);
#9157 = CARTESIAN_POINT('',(36.577722283114,-6.,-404.675));
#9158 = LINE('',#9159,#9160);
#9159 = CARTESIAN_POINT('',(36.577722283114,-14.,-404.675));
#9160 = VECTOR('',#9161,1.);
#9161 = DIRECTION('',(0.,1.,0.));
#9162 = ORIENTED_EDGE('',*,*,#9163,.T.);
#9163 = EDGE_CURVE('',#9156,#9156,#9164,.T.);
#9164 = CIRCLE('',#9165,1.7);
#9165 = AXIS2_PLACEMENT_3D('',#9166,#9167,#9168);
#9166 = CARTESIAN_POINT('',(36.577722283114,-6.,-406.375));
#9167 = DIRECTION('',(0.,1.,0.));
#9168 = DIRECTION('',(0.,0.,1.));
#9169 = ORIENTED_EDGE('',*,*,#9155,.T.);
#9170 = CYLINDRICAL_SURFACE('',#9171,1.7);
#9171 = AXIS2_PLACEMENT_3D('',#9172,#9173,#9174);
#9172 = CARTESIAN_POINT('',(36.577722283114,-14.,-406.375));
#9173 = DIRECTION('',(0.,1.,0.));
#9174 = DIRECTION('',(0.,0.,1.));
#9175 = ADVANCED_FACE('',(#9176),#9187,.F.);
#9176 = FACE_BOUND('',#9177,.F.);
#9177 = EDGE_LOOP('',(#9178,#9179,#9185,#9186));
#9178 = ORIENTED_EDGE('',*,*,#7938,.F.);
#9179 = ORIENTED_EDGE('',*,*,#9180,.F.);
#9180 = EDGE_CURVE('',#8616,#7939,#9181,.T.);
#9181 = LINE('',#9182,#9183);
#9182 = CARTESIAN_POINT('',(39.,-14.,-376.2));
#9183 = VECTOR('',#9184,1.);
#9184 = DIRECTION('',(0.,1.,0.));
#9185 = ORIENTED_EDGE('',*,*,#8615,.T.);
#9186 = ORIENTED_EDGE('',*,*,#9180,.T.);
#9187 = CYLINDRICAL_SURFACE('',#9188,1.8);
#9188 = AXIS2_PLACEMENT_3D('',#9189,#9190,#9191);
#9189 = CARTESIAN_POINT('',(39.,-14.,-378.));
#9190 = DIRECTION('',(0.,1.,0.));
#9191 = DIRECTION('',(0.,0.,1.));
#9192 = ADVANCED_FACE('',(#9193),#9209,.T.);
#9193 = FACE_BOUND('',#9194,.T.);
#9194 = EDGE_LOOP('',(#9195,#9196,#9202,#9203));
#9195 = ORIENTED_EDGE('',*,*,#8426,.T.);
#9196 = ORIENTED_EDGE('',*,*,#9197,.T.);
#9197 = EDGE_CURVE('',#8429,#7952,#9198,.T.);
#9198 = LINE('',#9199,#9200);
#9199 = CARTESIAN_POINT('',(37.,-14.,-315.479935587));
#9200 = VECTOR('',#9201,1.);
#9201 = DIRECTION('',(0.,1.,0.));
#9202 = ORIENTED_EDGE('',*,*,#7949,.F.);
#9203 = ORIENTED_EDGE('',*,*,#9204,.F.);
#9204 = EDGE_CURVE('',#8427,#7950,#9205,.T.);
#9205 = LINE('',#9206,#9207);
#9206 = CARTESIAN_POINT('',(37.,-14.,-327.));
#9207 = VECTOR('',#9208,1.);
#9208 = DIRECTION('',(0.,1.,0.));
#9209 = PLANE('',#9210);
#9210 = AXIS2_PLACEMENT_3D('',#9211,#9212,#9213);
#9211 = CARTESIAN_POINT('',(37.,-14.,-315.479935587));
#9212 = DIRECTION('',(-1.,0.,0.));
#9213 = DIRECTION('',(0.,0.,-1.));
#9214 = ADVANCED_FACE('',(#9215),#9226,.F.);
#9215 = FACE_BOUND('',#9216,.T.);
#9216 = EDGE_LOOP('',(#9217,#9218,#9219,#9220));
#9217 = ORIENTED_EDGE('',*,*,#8436,.T.);
#9218 = ORIENTED_EDGE('',*,*,#9204,.T.);
#9219 = ORIENTED_EDGE('',*,*,#7993,.F.);
#9220 = ORIENTED_EDGE('',*,*,#9221,.F.);
#9221 = EDGE_CURVE('',#8437,#7986,#9222,.T.);
#9222 = LINE('',#9223,#9224);
#9223 = CARTESIAN_POINT('',(35.,-14.,-329.));
#9224 = VECTOR('',#9225,1.);
#9225 = DIRECTION('',(0.,1.,0.));
#9226 = CYLINDRICAL_SURFACE('',#9227,2.);
#9227 = AXIS2_PLACEMENT_3D('',#9228,#9229,#9230);
#9228 = CARTESIAN_POINT('',(35.,-14.,-327.));
#9229 = DIRECTION('',(-0.,-1.,-0.));
#9230 = DIRECTION('',(1.,0.,-3.55E-15));
#9231 = ADVANCED_FACE('',(#9232),#9243,.F.);
#9232 = FACE_BOUND('',#9233,.T.);
#9233 = EDGE_LOOP('',(#9234,#9235,#9241,#9242));
#9234 = ORIENTED_EDGE('',*,*,#8470,.T.);
#9235 = ORIENTED_EDGE('',*,*,#9236,.T.);
#9236 = EDGE_CURVE('',#8463,#7960,#9237,.T.);
#9237 = LINE('',#9238,#9239);
#9238 = CARTESIAN_POINT('',(33.470177603766,-14.,-314.1916640955));
#9239 = VECTOR('',#9240,1.);
#9240 = DIRECTION('',(0.,1.,0.));
#9241 = ORIENTED_EDGE('',*,*,#7959,.F.);
#9242 = ORIENTED_EDGE('',*,*,#9197,.F.);
#9243 = CYLINDRICAL_SURFACE('',#9244,2.);
#9244 = AXIS2_PLACEMENT_3D('',#9245,#9246,#9247);
#9245 = CARTESIAN_POINT('',(35.,-14.,-315.479935587));
#9246 = DIRECTION('',(0.,-1.,0.));
#9247 = DIRECTION('',(-0.764911198117,0.,0.644135745783));
#9248 = ADVANCED_FACE('',(#9249),#9260,.T.);
#9249 = FACE_BOUND('',#9250,.T.);
#9250 = EDGE_LOOP('',(#9251,#9252,#9253,#9254));
#9251 = ORIENTED_EDGE('',*,*,#8445,.T.);
#9252 = ORIENTED_EDGE('',*,*,#9221,.T.);
#9253 = ORIENTED_EDGE('',*,*,#7985,.F.);
#9254 = ORIENTED_EDGE('',*,*,#9255,.F.);
#9255 = EDGE_CURVE('',#8446,#7977,#9256,.T.);
#9256 = LINE('',#9257,#9258);
#9257 = CARTESIAN_POINT('',(25.298893125974,-14.,-329.));
#9258 = VECTOR('',#9259,1.);
#9259 = DIRECTION('',(0.,1.,0.));
#9260 = PLANE('',#9261);
#9261 = AXIS2_PLACEMENT_3D('',#9262,#9263,#9264);
#9262 = CARTESIAN_POINT('',(35.,-14.,-329.));
#9263 = DIRECTION('',(0.,0.,1.));
#9264 = DIRECTION('',(-1.,0.,0.));
#9265 = ADVANCED_FACE('',(#9266),#9277,.T.);
#9266 = FACE_BOUND('',#9267,.T.);
#9267 = EDGE_LOOP('',(#9268,#9269,#9275,#9276));
#9268 = ORIENTED_EDGE('',*,*,#8462,.T.);
#9269 = ORIENTED_EDGE('',*,*,#9270,.T.);
#9270 = EDGE_CURVE('',#8454,#7969,#9271,.T.);
#9271 = LINE('',#9272,#9273);
#9272 = CARTESIAN_POINT('',(23.769070729739,-14.,-325.7117285084));
#9273 = VECTOR('',#9274,1.);
#9274 = DIRECTION('',(0.,1.,0.));
#9275 = ORIENTED_EDGE('',*,*,#7968,.F.);
#9276 = ORIENTED_EDGE('',*,*,#9236,.F.);
#9277 = PLANE('',#9278);
#9278 = AXIS2_PLACEMENT_3D('',#9279,#9280,#9281);
#9279 = CARTESIAN_POINT('',(23.769070729739,-14.,-325.7117285084));
#9280 = DIRECTION('',(0.764911198117,0.,-0.644135745783));
#9281 = DIRECTION('',(0.644135745783,0.,0.764911198117));
#9282 = ADVANCED_FACE('',(#9283),#9289,.F.);
#9283 = FACE_BOUND('',#9284,.T.);
#9284 = EDGE_LOOP('',(#9285,#9286,#9287,#9288));
#9285 = ORIENTED_EDGE('',*,*,#8453,.T.);
#9286 = ORIENTED_EDGE('',*,*,#9255,.T.);
#9287 = ORIENTED_EDGE('',*,*,#7976,.F.);
#9288 = ORIENTED_EDGE('',*,*,#9270,.F.);
#9289 = CYLINDRICAL_SURFACE('',#9290,2.);
#9290 = AXIS2_PLACEMENT_3D('',#9291,#9292,#9293);
#9291 = CARTESIAN_POINT('',(25.298893125974,-14.,-327.));
#9292 = DIRECTION('',(-0.,-1.,-0.));
#9293 = DIRECTION('',(2.22E-15,0.,-1.));
#9294 = ADVANCED_FACE('',(#9295),#9306,.F.);
#9295 = FACE_BOUND('',#9296,.F.);
#9296 = EDGE_LOOP('',(#9297,#9298,#9304,#9305));
#9297 = ORIENTED_EDGE('',*,*,#8002,.F.);
#9298 = ORIENTED_EDGE('',*,*,#9299,.F.);
#9299 = EDGE_CURVE('',#8192,#8003,#9300,.T.);
#9300 = LINE('',#9301,#9302);
#9301 = CARTESIAN_POINT('',(29.,-6.05,-265.425));
#9302 = VECTOR('',#9303,1.);
#9303 = DIRECTION('',(0.,1.,0.));
#9304 = ORIENTED_EDGE('',*,*,#8191,.T.);
#9305 = ORIENTED_EDGE('',*,*,#9299,.T.);
#9306 = CYLINDRICAL_SURFACE('',#9307,6.575);
#9307 = AXIS2_PLACEMENT_3D('',#9308,#9309,#9310);
#9308 = CARTESIAN_POINT('',(29.,-6.05,-272.));
#9309 = DIRECTION('',(0.,1.,0.));
#9310 = DIRECTION('',(0.,0.,1.));
#9311 = ADVANCED_FACE('',(#9312),#9323,.F.);
#9312 = FACE_BOUND('',#9313,.F.);
#9313 = EDGE_LOOP('',(#9314,#9315,#9321,#9322));
#9314 = ORIENTED_EDGE('',*,*,#8022,.F.);
#9315 = ORIENTED_EDGE('',*,*,#9316,.F.);
#9316 = EDGE_CURVE('',#8175,#8023,#9317,.T.);
#9317 = LINE('',#9318,#9319);
#9318 = CARTESIAN_POINT('',(6.,-21.,-246.3));
#9319 = VECTOR('',#9320,1.);
#9320 = DIRECTION('',(0.,1.,0.));
#9321 = ORIENTED_EDGE('',*,*,#8174,.T.);
#9322 = ORIENTED_EDGE('',*,*,#9316,.T.);
#9323 = CYLINDRICAL_SURFACE('',#9324,1.7);
#9324 = AXIS2_PLACEMENT_3D('',#9325,#9326,#9327);
#9325 = CARTESIAN_POINT('',(6.,-21.,-248.));
#9326 = DIRECTION('',(0.,1.,0.));
#9327 = DIRECTION('',(0.,0.,1.));
#9328 = ADVANCED_FACE('',(#9329),#9340,.F.);
#9329 = FACE_BOUND('',#9330,.F.);
#9330 = EDGE_LOOP('',(#9331,#9332,#9338,#9339));
#9331 = ORIENTED_EDGE('',*,*,#8124,.F.);
#9332 = ORIENTED_EDGE('',*,*,#9333,.F.);
#9333 = EDGE_CURVE('',#8150,#8125,#9334,.T.);
#9334 = LINE('',#9335,#9336);
#9335 = CARTESIAN_POINT('',(6.,-21.,-224.3));
#9336 = VECTOR('',#9337,1.);
#9337 = DIRECTION('',(0.,1.,0.));
#9338 = ORIENTED_EDGE('',*,*,#8149,.T.);
#9339 = ORIENTED_EDGE('',*,*,#9333,.T.);
#9340 = CYLINDRICAL_SURFACE('',#9341,1.7);
#9341 = AXIS2_PLACEMENT_3D('',#9342,#9343,#9344);
#9342 = CARTESIAN_POINT('',(6.,-21.,-226.));
#9343 = DIRECTION('',(0.,1.,0.));
#9344 = DIRECTION('',(0.,0.,1.));
#9345 = ADVANCED_FACE('',(#9346),#9368,.F.);
#9346 = FACE_BOUND('',#9347,.F.);
#9347 = EDGE_LOOP('',(#9348,#9349,#9358,#9365,#9366,#9367));
#9348 = ORIENTED_EDGE('',*,*,#8996,.T.);
#9349 = ORIENTED_EDGE('',*,*,#9350,.F.);
#9350 = EDGE_CURVE('',#9351,#8988,#9353,.T.);
#9351 = VERTEX_POINT('',#9352);
#9352 = CARTESIAN_POINT('',(21.422277716886,-6.,-403.475));
#9353 = CIRCLE('',#9354,2.9);
#9354 = AXIS2_PLACEMENT_3D('',#9355,#9356,#9357);
#9355 = CARTESIAN_POINT('',(21.422277716886,-6.,-406.375));
#9356 = DIRECTION('',(0.,1.,0.));
#9357 = DIRECTION('',(0.,0.,1.));
#9358 = ORIENTED_EDGE('',*,*,#9359,.F.);
#9359 = EDGE_CURVE('',#8980,#9351,#9360,.T.);
#9360 = CIRCLE('',#9361,2.9);
#9361 = AXIS2_PLACEMENT_3D('',#9362,#9363,#9364);
#9362 = CARTESIAN_POINT('',(21.422277716886,-6.,-406.375));
#9363 = DIRECTION('',(0.,1.,0.));
#9364 = DIRECTION('',(0.,0.,1.));
#9365 = ORIENTED_EDGE('',*,*,#8979,.F.);
#9366 = ORIENTED_EDGE('',*,*,#8532,.T.);
#9367 = ORIENTED_EDGE('',*,*,#8543,.T.);
#9368 = CYLINDRICAL_SURFACE('',#9369,2.9);
#9369 = AXIS2_PLACEMENT_3D('',#9370,#9371,#9372);
#9370 = CARTESIAN_POINT('',(21.422277716886,-13.1,-406.375));
#9371 = DIRECTION('',(0.,1.,0.));
#9372 = DIRECTION('',(0.,0.,1.));
#9373 = ADVANCED_FACE('',(#9374),#9396,.F.);
#9374 = FACE_BOUND('',#9375,.F.);
#9375 = EDGE_LOOP('',(#9376,#9377,#9378,#9379,#9380,#9389));
#9376 = ORIENTED_EDGE('',*,*,#8955,.F.);
#9377 = ORIENTED_EDGE('',*,*,#8588,.T.);
#9378 = ORIENTED_EDGE('',*,*,#8597,.T.);
#9379 = ORIENTED_EDGE('',*,*,#8972,.T.);
#9380 = ORIENTED_EDGE('',*,*,#9381,.F.);
#9381 = EDGE_CURVE('',#9382,#8964,#9384,.T.);
#9382 = VERTEX_POINT('',#9383);
#9383 = CARTESIAN_POINT('',(36.577722283114,-6.,-403.475));
#9384 = CIRCLE('',#9385,2.9);
#9385 = AXIS2_PLACEMENT_3D('',#9386,#9387,#9388);
#9386 = CARTESIAN_POINT('',(36.577722283114,-6.,-406.375));
#9387 = DIRECTION('',(0.,1.,0.));
#9388 = DIRECTION('',(0.,0.,1.));
#9389 = ORIENTED_EDGE('',*,*,#9390,.F.);
#9390 = EDGE_CURVE('',#8956,#9382,#9391,.T.);
#9391 = CIRCLE('',#9392,2.9);
#9392 = AXIS2_PLACEMENT_3D('',#9393,#9394,#9395);
#9393 = CARTESIAN_POINT('',(36.577722283114,-6.,-406.375));
#9394 = DIRECTION('',(0.,1.,0.));
#9395 = DIRECTION('',(0.,0.,1.));
#9396 = CYLINDRICAL_SURFACE('',#9397,2.9);
#9397 = AXIS2_PLACEMENT_3D('',#9398,#9399,#9400);
#9398 = CARTESIAN_POINT('',(36.577722283114,-13.1,-406.375));
#9399 = DIRECTION('',(0.,1.,0.));
#9400 = DIRECTION('',(0.,0.,1.));
#9401 = ADVANCED_FACE('',(#9402),#9424,.F.);
#9402 = FACE_BOUND('',#9403,.F.);
#9403 = EDGE_LOOP('',(#9404,#9405,#9406,#9407,#9408,#9417));
#9404 = ORIENTED_EDGE('',*,*,#9003,.F.);
#9405 = ORIENTED_EDGE('',*,*,#8561,.T.);
#9406 = ORIENTED_EDGE('',*,*,#8570,.T.);
#9407 = ORIENTED_EDGE('',*,*,#8948,.T.);
#9408 = ORIENTED_EDGE('',*,*,#9409,.F.);
#9409 = EDGE_CURVE('',#9410,#8940,#9412,.T.);
#9410 = VERTEX_POINT('',#9411);
#9411 = CARTESIAN_POINT('',(29.,-6.,-390.35));
#9412 = CIRCLE('',#9413,2.9);
#9413 = AXIS2_PLACEMENT_3D('',#9414,#9415,#9416);
#9414 = CARTESIAN_POINT('',(29.,-6.,-393.25));
#9415 = DIRECTION('',(0.,1.,0.));
#9416 = DIRECTION('',(0.,0.,1.));
#9417 = ORIENTED_EDGE('',*,*,#9418,.F.);
#9418 = EDGE_CURVE('',#9004,#9410,#9419,.T.);
#9419 = CIRCLE('',#9420,2.9);
#9420 = AXIS2_PLACEMENT_3D('',#9421,#9422,#9423);
#9421 = CARTESIAN_POINT('',(29.,-6.,-393.25));
#9422 = DIRECTION('',(0.,1.,0.));
#9423 = DIRECTION('',(0.,0.,1.));
#9424 = CYLINDRICAL_SURFACE('',#9425,2.9);
#9425 = AXIS2_PLACEMENT_3D('',#9426,#9427,#9428);
#9426 = CARTESIAN_POINT('',(29.,-13.1,-393.25));
#9427 = DIRECTION('',(0.,1.,0.));
#9428 = DIRECTION('',(0.,0.,1.));
#9429 = ADVANCED_FACE('',(#9430,#9435),#9438,.F.);
#9430 = FACE_BOUND('',#9431,.F.);
#9431 = EDGE_LOOP('',(#9432,#9433,#9434));
#9432 = ORIENTED_EDGE('',*,*,#9359,.T.);
#9433 = ORIENTED_EDGE('',*,*,#9350,.T.);
#9434 = ORIENTED_EDGE('',*,*,#8987,.F.);
#9435 = FACE_BOUND('',#9436,.F.);
#9436 = EDGE_LOOP('',(#9437));
#9437 = ORIENTED_EDGE('',*,*,#8710,.F.);
#9438 = PLANE('',#9439);
#9439 = AXIS2_PLACEMENT_3D('',#9440,#9441,#9442);
#9440 = CARTESIAN_POINT('',(21.422277716886,-6.,-406.375));
#9441 = DIRECTION('',(0.,1.,0.));
#9442 = DIRECTION('',(0.,0.,1.));
#9443 = ADVANCED_FACE('',(#9444,#9450),#9453,.F.);
#9444 = FACE_BOUND('',#9445,.F.);
#9445 = EDGE_LOOP('',(#9446,#9447,#9448,#9449));
#9446 = ORIENTED_EDGE('',*,*,#9418,.T.);
#9447 = ORIENTED_EDGE('',*,*,#9409,.T.);
#9448 = ORIENTED_EDGE('',*,*,#8939,.F.);
#9449 = ORIENTED_EDGE('',*,*,#9011,.F.);
#9450 = FACE_BOUND('',#9451,.F.);
#9451 = EDGE_LOOP('',(#9452));
#9452 = ORIENTED_EDGE('',*,*,#9036,.F.);
#9453 = PLANE('',#9454);
#9454 = AXIS2_PLACEMENT_3D('',#9455,#9456,#9457);
#9455 = CARTESIAN_POINT('',(29.,-6.,-393.25));
#9456 = DIRECTION('',(0.,1.,0.));
#9457 = DIRECTION('',(0.,0.,1.));
#9458 = ADVANCED_FACE('',(#9459,#9464),#9467,.F.);
#9459 = FACE_BOUND('',#9460,.F.);
#9460 = EDGE_LOOP('',(#9461,#9462,#9463));
#9461 = ORIENTED_EDGE('',*,*,#9390,.T.);
#9462 = ORIENTED_EDGE('',*,*,#9381,.T.);
#9463 = ORIENTED_EDGE('',*,*,#8963,.F.);
#9464 = FACE_BOUND('',#9465,.F.);
#9465 = EDGE_LOOP('',(#9466));
#9466 = ORIENTED_EDGE('',*,*,#9163,.F.);
#9467 = PLANE('',#9468);
#9468 = AXIS2_PLACEMENT_3D('',#9469,#9470,#9471);
#9469 = CARTESIAN_POINT('',(36.577722283114,-6.,-406.375));
#9470 = DIRECTION('',(0.,1.,0.));
#9471 = DIRECTION('',(0.,0.,1.));
#9472 = MANIFOLD_SOLID_BREP('',#9473);
#9473 = CLOSED_SHELL('',(#9474,#9514,#9623,#9658,#9751,#9770,#9787,#9804
    ,#9821,#9833,#9858,#9883,#9900,#9917));
#9474 = ADVANCED_FACE('',(#9475),#9509,.F.);
#9475 = FACE_BOUND('',#9476,.F.);
#9476 = EDGE_LOOP('',(#9477,#9487,#9495,#9503));
#9477 = ORIENTED_EDGE('',*,*,#9478,.F.);
#9478 = EDGE_CURVE('',#9479,#9481,#9483,.T.);
#9479 = VERTEX_POINT('',#9480);
#9480 = CARTESIAN_POINT('',(128.58873298382,-6.,-220.5871946701));
#9481 = VERTEX_POINT('',#9482);
#9482 = CARTESIAN_POINT('',(142.2134791411,-6.,-227.1033776149));
#9483 = LINE('',#9484,#9485);
#9484 = CARTESIAN_POINT('',(128.58873298382,-6.,-220.5871946701));
#9485 = VECTOR('',#9486,1.);
#9486 = DIRECTION('',(0.902134221636,0.,-0.431455497304));
#9487 = ORIENTED_EDGE('',*,*,#9488,.T.);
#9488 = EDGE_CURVE('',#9479,#9489,#9491,.T.);
#9489 = VERTEX_POINT('',#9490);
#9490 = CARTESIAN_POINT('',(128.58873298382,0.,-220.5871946701));
#9491 = LINE('',#9492,#9493);
#9492 = CARTESIAN_POINT('',(128.58873298382,-6.,-220.5871946701));
#9493 = VECTOR('',#9494,1.);
#9494 = DIRECTION('',(0.,1.,0.));
#9495 = ORIENTED_EDGE('',*,*,#9496,.T.);
#9496 = EDGE_CURVE('',#9489,#9497,#9499,.T.);
#9497 = VERTEX_POINT('',#9498);
#9498 = CARTESIAN_POINT('',(142.2134791411,0.,-227.1033776149));
#9499 = LINE('',#9500,#9501);
#9500 = CARTESIAN_POINT('',(128.58873298382,0.,-220.5871946701));
#9501 = VECTOR('',#9502,1.);
#9502 = DIRECTION('',(0.902134221636,0.,-0.431455497304));
#9503 = ORIENTED_EDGE('',*,*,#9504,.F.);
#9504 = EDGE_CURVE('',#9481,#9497,#9505,.T.);
#9505 = LINE('',#9506,#9507);
#9506 = CARTESIAN_POINT('',(142.2134791411,-6.,-227.1033776149));
#9507 = VECTOR('',#9508,1.);
#9508 = DIRECTION('',(0.,1.,0.));
#9509 = PLANE('',#9510);
#9510 = AXIS2_PLACEMENT_3D('',#9511,#9512,#9513);
#9511 = CARTESIAN_POINT('',(128.58873298382,-6.,-220.5871946701));
#9512 = DIRECTION('',(-0.431455497304,0.,-0.902134221636));
#9513 = DIRECTION('',(0.902134221636,0.,-0.431455497304));
#9514 = ADVANCED_FACE('',(#9515,#9585,#9596,#9607),#9618,.T.);
#9515 = FACE_BOUND('',#9516,.T.);
#9516 = EDGE_LOOP('',(#9517,#9526,#9527,#9536,#9545,#9553,#9561,#9570,
    #9578));
#9517 = ORIENTED_EDGE('',*,*,#9518,.F.);
#9518 = EDGE_CURVE('',#9481,#9519,#9521,.T.);
#9519 = VERTEX_POINT('',#9520);
#9520 = CARTESIAN_POINT('',(149.,-6.,-225.));
#9521 = CIRCLE('',#9522,12.);
#9522 = AXIS2_PLACEMENT_3D('',#9523,#9524,#9525);
#9523 = CARTESIAN_POINT('',(149.,-6.,-237.));
#9524 = DIRECTION('',(0.,1.,0.));
#9525 = DIRECTION('',(0.,0.,1.));
#9526 = ORIENTED_EDGE('',*,*,#9478,.F.);
#9527 = ORIENTED_EDGE('',*,*,#9528,.F.);
#9528 = EDGE_CURVE('',#9529,#9479,#9531,.T.);
#9529 = VERTEX_POINT('',#9530);
#9530 = CARTESIAN_POINT('',(126.,-6.,-220.));
#9531 = CIRCLE('',#9532,6.);
#9532 = AXIS2_PLACEMENT_3D('',#9533,#9534,#9535);
#9533 = CARTESIAN_POINT('',(126.,-6.,-226.));
#9534 = DIRECTION('',(0.,1.,0.));
#9535 = DIRECTION('',(0.,0.,1.));
#9536 = ORIENTED_EDGE('',*,*,#9537,.F.);
#9537 = EDGE_CURVE('',#9538,#9529,#9540,.T.);
#9538 = VERTEX_POINT('',#9539);
#9539 = CARTESIAN_POINT('',(123.41126701617,-6.,-231.4128053298));
#9540 = CIRCLE('',#9541,6.);
#9541 = AXIS2_PLACEMENT_3D('',#9542,#9543,#9544);
#9542 = CARTESIAN_POINT('',(126.,-6.,-226.));
#9543 = DIRECTION('',(0.,1.,0.));
#9544 = DIRECTION('',(0.,0.,1.));
#9545 = ORIENTED_EDGE('',*,*,#9546,.F.);
#9546 = EDGE_CURVE('',#9547,#9538,#9549,.T.);
#9547 = VERTEX_POINT('',#9548);
#9548 = CARTESIAN_POINT('',(135.09358314474,-6.,-237.));
#9549 = LINE('',#9550,#9551);
#9550 = CARTESIAN_POINT('',(146.41126701617,-6.,-242.4128053298));
#9551 = VECTOR('',#9552,1.);
#9552 = DIRECTION('',(-0.902134221636,0.,0.431455497304));
#9553 = ORIENTED_EDGE('',*,*,#9554,.F.);
#9554 = EDGE_CURVE('',#9555,#9547,#9557,.T.);
#9555 = VERTEX_POINT('',#9556);
#9556 = CARTESIAN_POINT('',(123.41126701617,-6.,-242.5871946701));
#9557 = LINE('',#9558,#9559);
#9558 = CARTESIAN_POINT('',(123.41126701617,-6.,-242.5871946701));
#9559 = VECTOR('',#9560,1.);
#9560 = DIRECTION('',(0.902134221636,0.,0.431455497304));
#9561 = ORIENTED_EDGE('',*,*,#9562,.F.);
#9562 = EDGE_CURVE('',#9563,#9555,#9565,.T.);
#9563 = VERTEX_POINT('',#9564);
#9564 = CARTESIAN_POINT('',(128.58873298382,-6.,-253.4128053298));
#9565 = CIRCLE('',#9566,6.);
#9566 = AXIS2_PLACEMENT_3D('',#9567,#9568,#9569);
#9567 = CARTESIAN_POINT('',(126.,-6.,-248.));
#9568 = DIRECTION('',(0.,1.,0.));
#9569 = DIRECTION('',(0.,0.,1.));
#9570 = ORIENTED_EDGE('',*,*,#9571,.F.);
#9571 = EDGE_CURVE('',#9572,#9563,#9574,.T.);
#9572 = VERTEX_POINT('',#9573);
#9573 = CARTESIAN_POINT('',(142.2134791411,-6.,-246.896622385));
#9574 = LINE('',#9575,#9576);
#9575 = CARTESIAN_POINT('',(151.58873298382,-6.,-242.4128053298));
#9576 = VECTOR('',#9577,1.);
#9577 = DIRECTION('',(-0.902134221636,0.,-0.431455497304));
#9578 = ORIENTED_EDGE('',*,*,#9579,.F.);
#9579 = EDGE_CURVE('',#9519,#9572,#9580,.T.);
#9580 = CIRCLE('',#9581,12.);
#9581 = AXIS2_PLACEMENT_3D('',#9582,#9583,#9584);
#9582 = CARTESIAN_POINT('',(149.,-6.,-237.));
#9583 = DIRECTION('',(0.,1.,0.));
#9584 = DIRECTION('',(0.,0.,1.));
#9585 = FACE_BOUND('',#9586,.T.);
#9586 = EDGE_LOOP('',(#9587));
#9587 = ORIENTED_EDGE('',*,*,#9588,.T.);
#9588 = EDGE_CURVE('',#9589,#9589,#9591,.T.);
#9589 = VERTEX_POINT('',#9590);
#9590 = CARTESIAN_POINT('',(126.,-6.,-224.3));
#9591 = CIRCLE('',#9592,1.7);
#9592 = AXIS2_PLACEMENT_3D('',#9593,#9594,#9595);
#9593 = CARTESIAN_POINT('',(126.,-6.,-226.));
#9594 = DIRECTION('',(0.,1.,0.));
#9595 = DIRECTION('',(0.,0.,1.));
#9596 = FACE_BOUND('',#9597,.T.);
#9597 = EDGE_LOOP('',(#9598));
#9598 = ORIENTED_EDGE('',*,*,#9599,.T.);
#9599 = EDGE_CURVE('',#9600,#9600,#9602,.T.);
#9600 = VERTEX_POINT('',#9601);
#9601 = CARTESIAN_POINT('',(126.,-6.,-246.3));
#9602 = CIRCLE('',#9603,1.7);
#9603 = AXIS2_PLACEMENT_3D('',#9604,#9605,#9606);
#9604 = CARTESIAN_POINT('',(126.,-6.,-248.));
#9605 = DIRECTION('',(0.,1.,0.));
#9606 = DIRECTION('',(0.,0.,1.));
#9607 = FACE_BOUND('',#9608,.T.);
#9608 = EDGE_LOOP('',(#9609));
#9609 = ORIENTED_EDGE('',*,*,#9610,.T.);
#9610 = EDGE_CURVE('',#9611,#9611,#9613,.T.);
#9611 = VERTEX_POINT('',#9612);
#9612 = CARTESIAN_POINT('',(149.,-6.,-232.975));
#9613 = CIRCLE('',#9614,4.025);
#9614 = AXIS2_PLACEMENT_3D('',#9615,#9616,#9617);
#9615 = CARTESIAN_POINT('',(149.,-6.,-237.));
#9616 = DIRECTION('',(0.,1.,0.));
#9617 = DIRECTION('',(0.,0.,1.));
#9618 = PLANE('',#9619);
#9619 = AXIS2_PLACEMENT_3D('',#9620,#9621,#9622);
#9620 = CARTESIAN_POINT('',(137.11630599354,-6.,-236.8524731261));
#9621 = DIRECTION('',(-0.,-1.,-0.));
#9622 = DIRECTION('',(0.,0.,-1.));
#9623 = ADVANCED_FACE('',(#9624),#9653,.T.);
#9624 = FACE_BOUND('',#9625,.T.);
#9625 = EDGE_LOOP('',(#9626,#9627,#9635,#9644,#9651,#9652));
#9626 = ORIENTED_EDGE('',*,*,#9579,.T.);
#9627 = ORIENTED_EDGE('',*,*,#9628,.T.);
#9628 = EDGE_CURVE('',#9572,#9629,#9631,.T.);
#9629 = VERTEX_POINT('',#9630);
#9630 = CARTESIAN_POINT('',(142.2134791411,0.,-246.896622385));
#9631 = LINE('',#9632,#9633);
#9632 = CARTESIAN_POINT('',(142.2134791411,-6.,-246.896622385));
#9633 = VECTOR('',#9634,1.);
#9634 = DIRECTION('',(0.,1.,0.));
#9635 = ORIENTED_EDGE('',*,*,#9636,.F.);
#9636 = EDGE_CURVE('',#9637,#9629,#9639,.T.);
#9637 = VERTEX_POINT('',#9638);
#9638 = CARTESIAN_POINT('',(149.,0.,-225.));
#9639 = CIRCLE('',#9640,12.);
#9640 = AXIS2_PLACEMENT_3D('',#9641,#9642,#9643);
#9641 = CARTESIAN_POINT('',(149.,0.,-237.));
#9642 = DIRECTION('',(0.,1.,0.));
#9643 = DIRECTION('',(0.,0.,1.));
#9644 = ORIENTED_EDGE('',*,*,#9645,.F.);
#9645 = EDGE_CURVE('',#9497,#9637,#9646,.T.);
#9646 = CIRCLE('',#9647,12.);
#9647 = AXIS2_PLACEMENT_3D('',#9648,#9649,#9650);
#9648 = CARTESIAN_POINT('',(149.,0.,-237.));
#9649 = DIRECTION('',(0.,1.,0.));
#9650 = DIRECTION('',(0.,0.,1.));
#9651 = ORIENTED_EDGE('',*,*,#9504,.F.);
#9652 = ORIENTED_EDGE('',*,*,#9518,.T.);
#9653 = CYLINDRICAL_SURFACE('',#9654,12.);
#9654 = AXIS2_PLACEMENT_3D('',#9655,#9656,#9657);
#9655 = CARTESIAN_POINT('',(149.,-6.,-237.));
#9656 = DIRECTION('',(0.,1.,0.));
#9657 = DIRECTION('',(0.,0.,1.));
#9658 = ADVANCED_FACE('',(#9659,#9713,#9724,#9735),#9746,.T.);
#9659 = FACE_BOUND('',#9660,.T.);
#9660 = EDGE_LOOP('',(#9661,#9662,#9663,#9671,#9680,#9688,#9696,#9705,
    #9712));
#9661 = ORIENTED_EDGE('',*,*,#9645,.T.);
#9662 = ORIENTED_EDGE('',*,*,#9636,.T.);
#9663 = ORIENTED_EDGE('',*,*,#9664,.T.);
#9664 = EDGE_CURVE('',#9629,#9665,#9667,.T.);
#9665 = VERTEX_POINT('',#9666);
#9666 = CARTESIAN_POINT('',(128.58873298382,0.,-253.4128053298));
#9667 = LINE('',#9668,#9669);
#9668 = CARTESIAN_POINT('',(151.58873298382,0.,-242.4128053298));
#9669 = VECTOR('',#9670,1.);
#9670 = DIRECTION('',(-0.902134221636,0.,-0.431455497304));
#9671 = ORIENTED_EDGE('',*,*,#9672,.T.);
#9672 = EDGE_CURVE('',#9665,#9673,#9675,.T.);
#9673 = VERTEX_POINT('',#9674);
#9674 = CARTESIAN_POINT('',(123.41126701617,0.,-242.5871946701));
#9675 = CIRCLE('',#9676,6.);
#9676 = AXIS2_PLACEMENT_3D('',#9677,#9678,#9679);
#9677 = CARTESIAN_POINT('',(126.,0.,-248.));
#9678 = DIRECTION('',(0.,1.,0.));
#9679 = DIRECTION('',(0.,0.,1.));
#9680 = ORIENTED_EDGE('',*,*,#9681,.T.);
#9681 = EDGE_CURVE('',#9673,#9682,#9684,.T.);
#9682 = VERTEX_POINT('',#9683);
#9683 = CARTESIAN_POINT('',(135.09358314474,0.,-237.));
#9684 = LINE('',#9685,#9686);
#9685 = CARTESIAN_POINT('',(123.41126701617,0.,-242.5871946701));
#9686 = VECTOR('',#9687,1.);
#9687 = DIRECTION('',(0.902134221636,0.,0.431455497304));
#9688 = ORIENTED_EDGE('',*,*,#9689,.T.);
#9689 = EDGE_CURVE('',#9682,#9690,#9692,.T.);
#9690 = VERTEX_POINT('',#9691);
#9691 = CARTESIAN_POINT('',(123.41126701617,0.,-231.4128053298));
#9692 = LINE('',#9693,#9694);
#9693 = CARTESIAN_POINT('',(146.41126701617,0.,-242.4128053298));
#9694 = VECTOR('',#9695,1.);
#9695 = DIRECTION('',(-0.902134221636,0.,0.431455497304));
#9696 = ORIENTED_EDGE('',*,*,#9697,.T.);
#9697 = EDGE_CURVE('',#9690,#9698,#9700,.T.);
#9698 = VERTEX_POINT('',#9699);
#9699 = CARTESIAN_POINT('',(126.,0.,-220.));
#9700 = CIRCLE('',#9701,6.);
#9701 = AXIS2_PLACEMENT_3D('',#9702,#9703,#9704);
#9702 = CARTESIAN_POINT('',(126.,0.,-226.));
#9703 = DIRECTION('',(0.,1.,0.));
#9704 = DIRECTION('',(0.,0.,1.));
#9705 = ORIENTED_EDGE('',*,*,#9706,.T.);
#9706 = EDGE_CURVE('',#9698,#9489,#9707,.T.);
#9707 = CIRCLE('',#9708,6.);
#9708 = AXIS2_PLACEMENT_3D('',#9709,#9710,#9711);
#9709 = CARTESIAN_POINT('',(126.,0.,-226.));
#9710 = DIRECTION('',(0.,1.,0.));
#9711 = DIRECTION('',(0.,0.,1.));
#9712 = ORIENTED_EDGE('',*,*,#9496,.T.);
#9713 = FACE_BOUND('',#9714,.T.);
#9714 = EDGE_LOOP('',(#9715));
#9715 = ORIENTED_EDGE('',*,*,#9716,.F.);
#9716 = EDGE_CURVE('',#9717,#9717,#9719,.T.);
#9717 = VERTEX_POINT('',#9718);
#9718 = CARTESIAN_POINT('',(126.,0.,-244.8));
#9719 = CIRCLE('',#9720,3.2);
#9720 = AXIS2_PLACEMENT_3D('',#9721,#9722,#9723);
#9721 = CARTESIAN_POINT('',(126.,0.,-248.));
#9722 = DIRECTION('',(0.,1.,0.));
#9723 = DIRECTION('',(0.,0.,1.));
#9724 = FACE_BOUND('',#9725,.T.);
#9725 = EDGE_LOOP('',(#9726));
#9726 = ORIENTED_EDGE('',*,*,#9727,.F.);
#9727 = EDGE_CURVE('',#9728,#9728,#9730,.T.);
#9728 = VERTEX_POINT('',#9729);
#9729 = CARTESIAN_POINT('',(126.,0.,-222.8));
#9730 = CIRCLE('',#9731,3.2);
#9731 = AXIS2_PLACEMENT_3D('',#9732,#9733,#9734);
#9732 = CARTESIAN_POINT('',(126.,0.,-226.));
#9733 = DIRECTION('',(0.,1.,0.));
#9734 = DIRECTION('',(0.,0.,1.));
#9735 = FACE_BOUND('',#9736,.T.);
#9736 = EDGE_LOOP('',(#9737));
#9737 = ORIENTED_EDGE('',*,*,#9738,.F.);
#9738 = EDGE_CURVE('',#9739,#9739,#9741,.T.);
#9739 = VERTEX_POINT('',#9740);
#9740 = CARTESIAN_POINT('',(149.,0.,-232.975));
#9741 = CIRCLE('',#9742,4.025);
#9742 = AXIS2_PLACEMENT_3D('',#9743,#9744,#9745);
#9743 = CARTESIAN_POINT('',(149.,0.,-237.));
#9744 = DIRECTION('',(0.,1.,0.));
#9745 = DIRECTION('',(0.,0.,1.));
#9746 = PLANE('',#9747);
#9747 = AXIS2_PLACEMENT_3D('',#9748,#9749,#9750);
#9748 = CARTESIAN_POINT('',(137.11630599354,0.,-236.8524731261));
#9749 = DIRECTION('',(0.,1.,0.));
#9750 = DIRECTION('',(0.,0.,1.));
#9751 = ADVANCED_FACE('',(#9752),#9765,.T.);
#9752 = FACE_BOUND('',#9753,.T.);
#9753 = EDGE_LOOP('',(#9754,#9755,#9756,#9757,#9758,#9764));
#9754 = ORIENTED_EDGE('',*,*,#9528,.T.);
#9755 = ORIENTED_EDGE('',*,*,#9488,.T.);
#9756 = ORIENTED_EDGE('',*,*,#9706,.F.);
#9757 = ORIENTED_EDGE('',*,*,#9697,.F.);
#9758 = ORIENTED_EDGE('',*,*,#9759,.F.);
#9759 = EDGE_CURVE('',#9538,#9690,#9760,.T.);
#9760 = LINE('',#9761,#9762);
#9761 = CARTESIAN_POINT('',(123.41126701617,-6.,-231.4128053298));
#9762 = VECTOR('',#9763,1.);
#9763 = DIRECTION('',(0.,1.,0.));
#9764 = ORIENTED_EDGE('',*,*,#9537,.T.);
#9765 = CYLINDRICAL_SURFACE('',#9766,6.);
#9766 = AXIS2_PLACEMENT_3D('',#9767,#9768,#9769);
#9767 = CARTESIAN_POINT('',(126.,-6.,-226.));
#9768 = DIRECTION('',(0.,1.,0.));
#9769 = DIRECTION('',(0.,0.,1.));
#9770 = ADVANCED_FACE('',(#9771),#9782,.F.);
#9771 = FACE_BOUND('',#9772,.F.);
#9772 = EDGE_LOOP('',(#9773,#9774,#9775,#9776));
#9773 = ORIENTED_EDGE('',*,*,#9571,.F.);
#9774 = ORIENTED_EDGE('',*,*,#9628,.T.);
#9775 = ORIENTED_EDGE('',*,*,#9664,.T.);
#9776 = ORIENTED_EDGE('',*,*,#9777,.F.);
#9777 = EDGE_CURVE('',#9563,#9665,#9778,.T.);
#9778 = LINE('',#9779,#9780);
#9779 = CARTESIAN_POINT('',(128.58873298382,-6.,-253.4128053298));
#9780 = VECTOR('',#9781,1.);
#9781 = DIRECTION('',(0.,1.,0.));
#9782 = PLANE('',#9783);
#9783 = AXIS2_PLACEMENT_3D('',#9784,#9785,#9786);
#9784 = CARTESIAN_POINT('',(151.58873298382,-6.,-242.4128053298));
#9785 = DIRECTION('',(-0.431455497304,0.,0.902134221636));
#9786 = DIRECTION('',(-0.902134221636,0.,-0.431455497304));
#9787 = ADVANCED_FACE('',(#9788),#9799,.T.);
#9788 = FACE_BOUND('',#9789,.T.);
#9789 = EDGE_LOOP('',(#9790,#9791,#9792,#9793));
#9790 = ORIENTED_EDGE('',*,*,#9672,.F.);
#9791 = ORIENTED_EDGE('',*,*,#9777,.F.);
#9792 = ORIENTED_EDGE('',*,*,#9562,.T.);
#9793 = ORIENTED_EDGE('',*,*,#9794,.T.);
#9794 = EDGE_CURVE('',#9555,#9673,#9795,.T.);
#9795 = LINE('',#9796,#9797);
#9796 = CARTESIAN_POINT('',(123.41126701617,-6.,-242.5871946701));
#9797 = VECTOR('',#9798,1.);
#9798 = DIRECTION('',(0.,1.,0.));
#9799 = CYLINDRICAL_SURFACE('',#9800,6.);
#9800 = AXIS2_PLACEMENT_3D('',#9801,#9802,#9803);
#9801 = CARTESIAN_POINT('',(126.,-6.,-248.));
#9802 = DIRECTION('',(0.,1.,0.));
#9803 = DIRECTION('',(0.,0.,1.));
#9804 = ADVANCED_FACE('',(#9805),#9816,.F.);
#9805 = FACE_BOUND('',#9806,.F.);
#9806 = EDGE_LOOP('',(#9807,#9808,#9814,#9815));
#9807 = ORIENTED_EDGE('',*,*,#9546,.F.);
#9808 = ORIENTED_EDGE('',*,*,#9809,.F.);
#9809 = EDGE_CURVE('',#9682,#9547,#9810,.T.);
#9810 = LINE('',#9811,#9812);
#9811 = CARTESIAN_POINT('',(135.09358314474,-6.,-237.));
#9812 = VECTOR('',#9813,1.);
#9813 = DIRECTION('',(0.,-1.,0.));
#9814 = ORIENTED_EDGE('',*,*,#9689,.T.);
#9815 = ORIENTED_EDGE('',*,*,#9759,.F.);
#9816 = PLANE('',#9817);
#9817 = AXIS2_PLACEMENT_3D('',#9818,#9819,#9820);
#9818 = CARTESIAN_POINT('',(146.41126701617,-6.,-242.4128053298));
#9819 = DIRECTION('',(0.431455497304,0.,0.902134221636));
#9820 = DIRECTION('',(-0.902134221636,0.,0.431455497304));
#9821 = ADVANCED_FACE('',(#9822),#9828,.F.);
#9822 = FACE_BOUND('',#9823,.F.);
#9823 = EDGE_LOOP('',(#9824,#9825,#9826,#9827));
#9824 = ORIENTED_EDGE('',*,*,#9554,.F.);
#9825 = ORIENTED_EDGE('',*,*,#9794,.T.);
#9826 = ORIENTED_EDGE('',*,*,#9681,.T.);
#9827 = ORIENTED_EDGE('',*,*,#9809,.T.);
#9828 = PLANE('',#9829);
#9829 = AXIS2_PLACEMENT_3D('',#9830,#9831,#9832);
#9830 = CARTESIAN_POINT('',(123.41126701617,-6.,-242.5871946701));
#9831 = DIRECTION('',(0.431455497304,0.,-0.902134221636));
#9832 = DIRECTION('',(0.902134221636,0.,0.431455497304));
#9833 = ADVANCED_FACE('',(#9834),#9853,.F.);
#9834 = FACE_BOUND('',#9835,.F.);
#9835 = EDGE_LOOP('',(#9836,#9845,#9851,#9852));
#9836 = ORIENTED_EDGE('',*,*,#9837,.F.);
#9837 = EDGE_CURVE('',#9838,#9838,#9840,.T.);
#9838 = VERTEX_POINT('',#9839);
#9839 = CARTESIAN_POINT('',(126.,-1.5,-224.3));
#9840 = CIRCLE('',#9841,1.7);
#9841 = AXIS2_PLACEMENT_3D('',#9842,#9843,#9844);
#9842 = CARTESIAN_POINT('',(126.,-1.5,-226.));
#9843 = DIRECTION('',(0.,1.,0.));
#9844 = DIRECTION('',(0.,0.,1.));
#9845 = ORIENTED_EDGE('',*,*,#9846,.F.);
#9846 = EDGE_CURVE('',#9589,#9838,#9847,.T.);
#9847 = LINE('',#9848,#9849);
#9848 = CARTESIAN_POINT('',(126.,-7.,-224.3));
#9849 = VECTOR('',#9850,1.);
#9850 = DIRECTION('',(0.,1.,0.));
#9851 = ORIENTED_EDGE('',*,*,#9588,.T.);
#9852 = ORIENTED_EDGE('',*,*,#9846,.T.);
#9853 = CYLINDRICAL_SURFACE('',#9854,1.7);
#9854 = AXIS2_PLACEMENT_3D('',#9855,#9856,#9857);
#9855 = CARTESIAN_POINT('',(126.,-7.,-226.));
#9856 = DIRECTION('',(0.,1.,0.));
#9857 = DIRECTION('',(0.,0.,1.));
#9858 = ADVANCED_FACE('',(#9859),#9878,.F.);
#9859 = FACE_BOUND('',#9860,.F.);
#9860 = EDGE_LOOP('',(#9861,#9870,#9876,#9877));
#9861 = ORIENTED_EDGE('',*,*,#9862,.F.);
#9862 = EDGE_CURVE('',#9863,#9863,#9865,.T.);
#9863 = VERTEX_POINT('',#9864);
#9864 = CARTESIAN_POINT('',(126.,-1.5,-246.3));
#9865 = CIRCLE('',#9866,1.7);
#9866 = AXIS2_PLACEMENT_3D('',#9867,#9868,#9869);
#9867 = CARTESIAN_POINT('',(126.,-1.5,-248.));
#9868 = DIRECTION('',(0.,1.,0.));
#9869 = DIRECTION('',(0.,0.,1.));
#9870 = ORIENTED_EDGE('',*,*,#9871,.F.);
#9871 = EDGE_CURVE('',#9600,#9863,#9872,.T.);
#9872 = LINE('',#9873,#9874);
#9873 = CARTESIAN_POINT('',(126.,-7.,-246.3));
#9874 = VECTOR('',#9875,1.);
#9875 = DIRECTION('',(0.,1.,0.));
#9876 = ORIENTED_EDGE('',*,*,#9599,.T.);
#9877 = ORIENTED_EDGE('',*,*,#9871,.T.);
#9878 = CYLINDRICAL_SURFACE('',#9879,1.7);
#9879 = AXIS2_PLACEMENT_3D('',#9880,#9881,#9882);
#9880 = CARTESIAN_POINT('',(126.,-7.,-248.));
#9881 = DIRECTION('',(0.,1.,0.));
#9882 = DIRECTION('',(0.,0.,1.));
#9883 = ADVANCED_FACE('',(#9884),#9895,.F.);
#9884 = FACE_BOUND('',#9885,.F.);
#9885 = EDGE_LOOP('',(#9886,#9887,#9893,#9894));
#9886 = ORIENTED_EDGE('',*,*,#9738,.F.);
#9887 = ORIENTED_EDGE('',*,*,#9888,.F.);
#9888 = EDGE_CURVE('',#9611,#9739,#9889,.T.);
#9889 = LINE('',#9890,#9891);
#9890 = CARTESIAN_POINT('',(149.,-7.,-232.975));
#9891 = VECTOR('',#9892,1.);
#9892 = DIRECTION('',(0.,1.,0.));
#9893 = ORIENTED_EDGE('',*,*,#9610,.T.);
#9894 = ORIENTED_EDGE('',*,*,#9888,.T.);
#9895 = CYLINDRICAL_SURFACE('',#9896,4.025);
#9896 = AXIS2_PLACEMENT_3D('',#9897,#9898,#9899);
#9897 = CARTESIAN_POINT('',(149.,-7.,-237.));
#9898 = DIRECTION('',(0.,1.,0.));
#9899 = DIRECTION('',(0.,0.,1.));
#9900 = ADVANCED_FACE('',(#9901),#9912,.F.);
#9901 = FACE_BOUND('',#9902,.F.);
#9902 = EDGE_LOOP('',(#9903,#9904,#9910,#9911));
#9903 = ORIENTED_EDGE('',*,*,#9716,.F.);
#9904 = ORIENTED_EDGE('',*,*,#9905,.F.);
#9905 = EDGE_CURVE('',#9863,#9717,#9906,.T.);
#9906 = LINE('',#9907,#9908);
#9907 = CARTESIAN_POINT('',(126.,-1.5,-246.3));
#9908 = VECTOR('',#9909,1.);
#9909 = DIRECTION('',(-1.7E-16,0.707106781187,0.707106781187));
#9910 = ORIENTED_EDGE('',*,*,#9862,.T.);
#9911 = ORIENTED_EDGE('',*,*,#9905,.T.);
#9912 = CONICAL_SURFACE('',#9913,1.7,0.785398163397);
#9913 = AXIS2_PLACEMENT_3D('',#9914,#9915,#9916);
#9914 = CARTESIAN_POINT('',(126.,-1.5,-248.));
#9915 = DIRECTION('',(0.,1.,0.));
#9916 = DIRECTION('',(0.,0.,1.));
#9917 = ADVANCED_FACE('',(#9918),#9929,.F.);
#9918 = FACE_BOUND('',#9919,.F.);
#9919 = EDGE_LOOP('',(#9920,#9921,#9927,#9928));
#9920 = ORIENTED_EDGE('',*,*,#9727,.F.);
#9921 = ORIENTED_EDGE('',*,*,#9922,.F.);
#9922 = EDGE_CURVE('',#9838,#9728,#9923,.T.);
#9923 = LINE('',#9924,#9925);
#9924 = CARTESIAN_POINT('',(126.,-1.5,-224.3));
#9925 = VECTOR('',#9926,1.);
#9926 = DIRECTION('',(-1.7E-16,0.707106781187,0.707106781187));
#9927 = ORIENTED_EDGE('',*,*,#9837,.T.);
#9928 = ORIENTED_EDGE('',*,*,#9922,.T.);
#9929 = CONICAL_SURFACE('',#9930,1.7,0.785398163397);
#9930 = AXIS2_PLACEMENT_3D('',#9931,#9932,#9933);
#9931 = CARTESIAN_POINT('',(126.,-1.5,-226.));
#9932 = DIRECTION('',(0.,1.,0.));
#9933 = DIRECTION('',(0.,0.,1.));
#9934 = MANIFOLD_SOLID_BREP('',#9935);
#9935 = CLOSED_SHELL('',(#9936,#9969,#9989,#10009,#10238,#10263,#10338,
    #10363,#10388,#10413,#10438,#10546,#10571,#10596,#10621,#10646,
    #10671,#10696,#10714,#10732,#10750,#10768,#10793,#10818,#10843,
    #10868,#10893,#10918,#10943,#10968,#10993,#11005,#11017,#11029,
    #11041,#11053,#11065,#11074,#11083));
#9936 = ADVANCED_FACE('',(#9937),#9964,.T.);
#9937 = FACE_BOUND('',#9938,.T.);
#9938 = EDGE_LOOP('',(#9939,#9948,#9956,#9963));
#9939 = ORIENTED_EDGE('',*,*,#9940,.F.);
#9940 = EDGE_CURVE('',#9941,#9941,#9943,.T.);
#9941 = VERTEX_POINT('',#9942);
#9942 = CARTESIAN_POINT('',(261.5,-7.,-222.));
#9943 = CIRCLE('',#9944,19.5);
#9944 = AXIS2_PLACEMENT_3D('',#9945,#9946,#9947);
#9945 = CARTESIAN_POINT('',(261.5,-7.,-241.5));
#9946 = DIRECTION('',(0.,1.,0.));
#9947 = DIRECTION('',(0.,0.,1.));
#9948 = ORIENTED_EDGE('',*,*,#9949,.F.);
#9949 = EDGE_CURVE('',#9950,#9941,#9952,.T.);
#9950 = VERTEX_POINT('',#9951);
#9951 = CARTESIAN_POINT('',(261.5,-15.3,-222.));
#9952 = LINE('',#9953,#9954);
#9953 = CARTESIAN_POINT('',(261.5,-15.3,-222.));
#9954 = VECTOR('',#9955,1.);
#9955 = DIRECTION('',(0.,1.,0.));
#9956 = ORIENTED_EDGE('',*,*,#9957,.T.);
#9957 = EDGE_CURVE('',#9950,#9950,#9958,.T.);
#9958 = CIRCLE('',#9959,19.5);
#9959 = AXIS2_PLACEMENT_3D('',#9960,#9961,#9962);
#9960 = CARTESIAN_POINT('',(261.5,-15.3,-241.5));
#9961 = DIRECTION('',(0.,1.,0.));
#9962 = DIRECTION('',(0.,0.,1.));
#9963 = ORIENTED_EDGE('',*,*,#9949,.T.);
#9964 = CYLINDRICAL_SURFACE('',#9965,19.5);
#9965 = AXIS2_PLACEMENT_3D('',#9966,#9967,#9968);
#9966 = CARTESIAN_POINT('',(261.5,-15.3,-241.5));
#9967 = DIRECTION('',(0.,1.,0.));
#9968 = DIRECTION('',(0.,0.,1.));
#9969 = ADVANCED_FACE('',(#9970,#9981),#9984,.F.);
#9970 = FACE_BOUND('',#9971,.F.);
#9971 = EDGE_LOOP('',(#9972));
#9972 = ORIENTED_EDGE('',*,*,#9973,.T.);
#9973 = EDGE_CURVE('',#9974,#9974,#9976,.T.);
#9974 = VERTEX_POINT('',#9975);
#9975 = CARTESIAN_POINT('',(261.5,-7.,-220.));
#9976 = CIRCLE('',#9977,21.5);
#9977 = AXIS2_PLACEMENT_3D('',#9978,#9979,#9980);
#9978 = CARTESIAN_POINT('',(261.5,-7.,-241.5));
#9979 = DIRECTION('',(0.,1.,0.));
#9980 = DIRECTION('',(0.,0.,1.));
#9981 = FACE_BOUND('',#9982,.F.);
#9982 = EDGE_LOOP('',(#9983));
#9983 = ORIENTED_EDGE('',*,*,#9940,.F.);
#9984 = PLANE('',#9985);
#9985 = AXIS2_PLACEMENT_3D('',#9986,#9987,#9988);
#9986 = CARTESIAN_POINT('',(261.5,-7.,-241.5));
#9987 = DIRECTION('',(0.,1.,0.));
#9988 = DIRECTION('',(0.,0.,1.));
#9989 = ADVANCED_FACE('',(#9990,#9993),#10004,.F.);
#9990 = FACE_BOUND('',#9991,.F.);
#9991 = EDGE_LOOP('',(#9992));
#9992 = ORIENTED_EDGE('',*,*,#9957,.T.);
#9993 = FACE_BOUND('',#9994,.F.);
#9994 = EDGE_LOOP('',(#9995));
#9995 = ORIENTED_EDGE('',*,*,#9996,.F.);
#9996 = EDGE_CURVE('',#9997,#9997,#9999,.T.);
#9997 = VERTEX_POINT('',#9998);
#9998 = CARTESIAN_POINT('',(261.5,-15.3,-223.975));
#9999 = CIRCLE('',#10000,17.525);
#10000 = AXIS2_PLACEMENT_3D('',#10001,#10002,#10003);
#10001 = CARTESIAN_POINT('',(261.5,-15.3,-241.5));
#10002 = DIRECTION('',(0.,1.,0.));
#10003 = DIRECTION('',(0.,0.,1.));
#10004 = PLANE('',#10005);
#10005 = AXIS2_PLACEMENT_3D('',#10006,#10007,#10008);
#10006 = CARTESIAN_POINT('',(261.5,-15.3,-241.5));
#10007 = DIRECTION('',(0.,1.,0.));
#10008 = DIRECTION('',(0.,0.,1.));
#10009 = ADVANCED_FACE('',(#10010,#10029,#10080,#10131,#10182),#10233,
  .T.);
#10010 = FACE_BOUND('',#10011,.T.);
#10011 = EDGE_LOOP('',(#10012,#10021,#10027,#10028));
#10012 = ORIENTED_EDGE('',*,*,#10013,.F.);
#10013 = EDGE_CURVE('',#10014,#10014,#10016,.T.);
#10014 = VERTEX_POINT('',#10015);
#10015 = CARTESIAN_POINT('',(261.5,0.,-220.));
#10016 = CIRCLE('',#10017,21.5);
#10017 = AXIS2_PLACEMENT_3D('',#10018,#10019,#10020);
#10018 = CARTESIAN_POINT('',(261.5,0.,-241.5));
#10019 = DIRECTION('',(0.,1.,0.));
#10020 = DIRECTION('',(0.,0.,1.));
#10021 = ORIENTED_EDGE('',*,*,#10022,.F.);
#10022 = EDGE_CURVE('',#9974,#10014,#10023,.T.);
#10023 = LINE('',#10024,#10025);
#10024 = CARTESIAN_POINT('',(261.5,-7.,-220.));
#10025 = VECTOR('',#10026,1.);
#10026 = DIRECTION('',(0.,1.,0.));
#10027 = ORIENTED_EDGE('',*,*,#9973,.T.);
#10028 = ORIENTED_EDGE('',*,*,#10022,.T.);
#10029 = FACE_BOUND('',#10030,.T.);
#10030 = EDGE_LOOP('',(#10031));
#10031 = ORIENTED_EDGE('',*,*,#10032,.F.);
#10032 = EDGE_CURVE('',#10033,#10033,#10035,.T.);
#10033 = VERTEX_POINT('',#10034);
#10034 = CARTESIAN_POINT('',(281.90875269918,-3.5,-234.7373959702));
#10035 = B_SPLINE_CURVE_WITH_KNOTS('',7,(#10036,#10037,#10038,#10039,
    #10040,#10041,#10042,#10043,#10044,#10045,#10046,#10047,#10048,
    #10049,#10050,#10051,#10052,#10053,#10054,#10055,#10056,#10057,
    #10058,#10059,#10060,#10061,#10062,#10063,#10064,#10065,#10066,
    #10067,#10068,#10069,#10070,#10071,#10072,#10073,#10074,#10075,
    #10076,#10077,#10078,#10079),.UNSPECIFIED.,.T.,.F.,(8,6,6,6,6,6,6,8)
  ,(0.,0.151248163132,0.287078103993,0.424387326122,0.587290910677,
    0.713797290452,0.83962534037,1.),.UNSPECIFIED.);
#10036 = CARTESIAN_POINT('',(281.90875269918,-3.5,-234.7373959702));
#10037 = CARTESIAN_POINT('',(281.90875269918,-3.650210889096,
    -234.7373959702));
#10038 = CARTESIAN_POINT('',(281.91538764268,-3.800499400404,
    -234.7574196192));
#10039 = CARTESIAN_POINT('',(281.9286713063,-3.948717160969,
    -234.7975073383));
#10040 = CARTESIAN_POINT('',(281.94861977325,-4.092493515387,
    -234.8581261722));
#10041 = CARTESIAN_POINT('',(281.97518109134,-4.228915036062,
    -234.9399440283));
#10042 = CARTESIAN_POINT('',(282.00812521675,-4.354223252666,
    -235.0436730111));
#10043 = CARTESIAN_POINT('',(282.08175522279,-4.560956733837,
    -235.2826572028));
#10044 = CARTESIAN_POINT('',(282.12221195706,-4.648088633417,
    -235.4165506458));
#10045 = CARTESIAN_POINT('',(282.16696623313,-4.715596962173,
    -235.5686572839));
#10046 = CARTESIAN_POINT('',(282.21383999708,-4.757332574369,
    -235.7337150906));
#10047 = CARTESIAN_POINT('',(282.26046193144,-4.770047610842,
    -235.9048723721));
#10048 = CARTESIAN_POINT('',(282.30488550531,-4.753518948049,
    -236.0746411038));
#10049 = CARTESIAN_POINT('',(282.3869418833,-4.667472942346,
    -236.3996032323));
#10050 = CARTESIAN_POINT('',(282.4233208814,-4.598612476327,
    -236.54996459));
#10051 = CARTESIAN_POINT('',(282.45451859743,-4.50916298529,
    -236.6842434367));
#10052 = CARTESIAN_POINT('',(282.48064924672,-4.403651991824,
    -236.8005839709));
#10053 = CARTESIAN_POINT('',(282.50196106638,-4.28634223391,
    -236.897955761));
#10054 = CARTESIAN_POINT('',(282.51875579626,-4.161269209406,
    -236.9761076034));
#10055 = CARTESIAN_POINT('',(282.54636267502,-3.879125085778,
    -237.10616082));
#10056 = CARTESIAN_POINT('',(282.55591652498,-3.715935101204,
    -237.1525280823));
#10057 = CARTESIAN_POINT('',(282.5601413339,-3.547009871372,
    -237.1734678968));
#10058 = CARTESIAN_POINT('',(282.55913265631,-3.376618152109,
    -237.1684803725));
#10059 = CARTESIAN_POINT('',(282.55287433751,-3.208893078376,
    -237.1376430671));
#10060 = CARTESIAN_POINT('',(282.54122748718,-3.047869597413,
    -237.081451673));
#10061 = CARTESIAN_POINT('',(282.51051643155,-2.781274184669,
    -236.9379484571));
#10062 = CARTESIAN_POINT('',(282.49341876081,-2.6689893304,
    -236.8591234289));
#10063 = CARTESIAN_POINT('',(282.47237080827,-2.564204667751,
    -236.7638951921));
#10064 = CARTESIAN_POINT('',(282.4471509996,-2.470293971907,
    -236.6526359391));
#10065 = CARTESIAN_POINT('',(282.41760004232,-2.390732405613,
    -236.5263547742));
#10066 = CARTESIAN_POINT('',(282.38368652537,-2.329113422374,
    -236.3867112663));
#10067 = CARTESIAN_POINT('',(282.30790018821,-2.249642310447,
    -236.0865799414));
#10068 = CARTESIAN_POINT('',(282.26688956078,-2.232415721795,
    -235.9294505525));
#10069 = CARTESIAN_POINT('',(282.22382085934,-2.240282629885,
    -235.7704334566));
#10070 = CARTESIAN_POINT('',(282.18027670381,-2.273361248857,
    -235.6157260946));
#10071 = CARTESIAN_POINT('',(282.13818032948,-2.32931632752,
    -235.4711275325));
#10072 = CARTESIAN_POINT('',(282.09937214728,-2.403441432525,
    -235.3412937092));
#10073 = CARTESIAN_POINT('',(282.02144735636,-2.597432067998,
    -235.0857494669));
#10074 = CARTESIAN_POINT('',(281.98415081897,-2.726809769795,
    -234.9676101521));
#10075 = CARTESIAN_POINT('',(281.95400435426,-2.870019015174,
    -234.8744961036));
#10076 = CARTESIAN_POINT('',(281.9313527876,-3.022279535835,
    -234.8055991406));
#10077 = CARTESIAN_POINT('',(281.91627697728,-3.17992775548,
    -234.7601036706));
#10078 = CARTESIAN_POINT('',(281.90875269918,-3.340037582921,
    -234.7373959702));
#10079 = CARTESIAN_POINT('',(281.90875269918,-3.5,-234.7373959702));
#10080 = FACE_BOUND('',#10081,.T.);
#10081 = EDGE_LOOP('',(#10082));
#10082 = ORIENTED_EDGE('',*,*,#10083,.F.);
#10083 = EDGE_CURVE('',#10084,#10084,#10086,.T.);
#10084 = VERTEX_POINT('',#10085);
#10085 = CARTESIAN_POINT('',(241.09124730081,-3.5,-248.2626040297));
#10086 = B_SPLINE_CURVE_WITH_KNOTS('',7,(#10087,#10088,#10089,#10090,
    #10091,#10092,#10093,#10094,#10095,#10096,#10097,#10098,#10099,
    #10100,#10101,#10102,#10103,#10104,#10105,#10106,#10107,#10108,
    #10109,#10110,#10111,#10112,#10113,#10114,#10115,#10116,#10117,
    #10118,#10119,#10120,#10121,#10122,#10123,#10124,#10125,#10126,
    #10127,#10128,#10129,#10130),.UNSPECIFIED.,.T.,.F.,(8,6,6,6,6,6,6,8)
  ,(0.,0.151248163141,0.28707810401,0.424387326146,0.587290910709,
    0.713797290481,0.839625340386,1.),.UNSPECIFIED.);
#10087 = CARTESIAN_POINT('',(241.09124730081,-3.5,-248.2626040297));
#10088 = CARTESIAN_POINT('',(241.09124730081,-3.650210889096,
    -248.2626040297));
#10089 = CARTESIAN_POINT('',(241.08461235731,-3.800499400403,
    -248.2425803807));
#10090 = CARTESIAN_POINT('',(241.0713286937,-3.948717160969,
    -248.2024926616));
#10091 = CARTESIAN_POINT('',(241.05138022674,-4.092493515387,
    -248.1418738277));
#10092 = CARTESIAN_POINT('',(241.02481890865,-4.228915036062,
    -248.0600559716));
#10093 = CARTESIAN_POINT('',(240.99187478325,-4.354223252666,
    -247.9563269888));
#10094 = CARTESIAN_POINT('',(240.9182447772,-4.560956733837,
    -247.7173427971));
#10095 = CARTESIAN_POINT('',(240.87778804293,-4.648088633417,
    -247.5834493541));
#10096 = CARTESIAN_POINT('',(240.83303376686,-4.715596962173,
    -247.431342716));
#10097 = CARTESIAN_POINT('',(240.78616000292,-4.757332574369,
    -247.2662849093));
#10098 = CARTESIAN_POINT('',(240.73953806855,-4.770047610842,
    -247.0951276278));
#10099 = CARTESIAN_POINT('',(240.69511449468,-4.753518948049,
    -246.9253588961));
#10100 = CARTESIAN_POINT('',(240.61305811669,-4.667472942346,
    -246.6003967676));
#10101 = CARTESIAN_POINT('',(240.57667911859,-4.598612476327,
    -246.4500354099));
#10102 = CARTESIAN_POINT('',(240.54548140256,-4.509162985289,
    -246.3157565632));
#10103 = CARTESIAN_POINT('',(240.51935075327,-4.403651991825,
    -246.199416029));
#10104 = CARTESIAN_POINT('',(240.49803893361,-4.28634223391,
    -246.1020442389));
#10105 = CARTESIAN_POINT('',(240.48124420373,-4.161269209406,
    -246.0238923965));
#10106 = CARTESIAN_POINT('',(240.45363732498,-3.879125085778,
    -245.8938391799));
#10107 = CARTESIAN_POINT('',(240.44408347502,-3.715935101204,
    -245.8474719176));
#10108 = CARTESIAN_POINT('',(240.43985866609,-3.547009871371,
    -245.8265321031));
#10109 = CARTESIAN_POINT('',(240.44086734368,-3.376618152109,
    -245.8315196274));
#10110 = CARTESIAN_POINT('',(240.44712566248,-3.208893078376,
    -245.8623569328));
#10111 = CARTESIAN_POINT('',(240.45877251281,-3.047869597413,
    -245.9185483269));
#10112 = CARTESIAN_POINT('',(240.48948356844,-2.781274184679,
    -246.0620515428));
#10113 = CARTESIAN_POINT('',(240.50658123918,-2.668989330399,
    -246.140876571));
#10114 = CARTESIAN_POINT('',(240.52762919172,-2.564204667744,
    -246.2361048078));
#10115 = CARTESIAN_POINT('',(240.5528490004,-2.470293971904,
    -246.3473640609));
#10116 = CARTESIAN_POINT('',(240.58239995767,-2.390732405617,
    -246.4736452257));
#10117 = CARTESIAN_POINT('',(240.61631347462,-2.329113422376,
    -246.6132887336));
#10118 = CARTESIAN_POINT('',(240.69209981178,-2.249642310447,
    -246.9134200585));
#10119 = CARTESIAN_POINT('',(240.73311043921,-2.232415721795,
    -247.0705494474));
#10120 = CARTESIAN_POINT('',(240.77617914065,-2.240282629885,
    -247.2295665433));
#10121 = CARTESIAN_POINT('',(240.81972329618,-2.273361248857,
    -247.3842739053));
#10122 = CARTESIAN_POINT('',(240.86181967051,-2.32931632752,
    -247.5288724674));
#10123 = CARTESIAN_POINT('',(240.90062785271,-2.403441432525,
    -247.6587062907));
#10124 = CARTESIAN_POINT('',(240.97855264363,-2.597432067998,
    -247.914250533));
#10125 = CARTESIAN_POINT('',(241.01584918102,-2.726809769796,
    -248.0323898478));
#10126 = CARTESIAN_POINT('',(241.04599564573,-2.870019015173,
    -248.1255038963));
#10127 = CARTESIAN_POINT('',(241.06864721239,-3.022279535836,
    -248.1944008593));
#10128 = CARTESIAN_POINT('',(241.08372302272,-3.179927755479,
    -248.2398963293));
#10129 = CARTESIAN_POINT('',(241.09124730081,-3.340037582921,
    -248.2626040297));
#10130 = CARTESIAN_POINT('',(241.09124730081,-3.5,-248.2626040297));
#10131 = FACE_BOUND('',#10132,.T.);
#10132 = EDGE_LOOP('',(#10133));
#10133 = ORIENTED_EDGE('',*,*,#10134,.F.);
#10134 = EDGE_CURVE('',#10135,#10135,#10137,.T.);
#10135 = VERTEX_POINT('',#10136);
#10136 = CARTESIAN_POINT('',(265.84778946406,-3.5,-262.5558003119));
#10137 = B_SPLINE_CURVE_WITH_KNOTS('',7,(#10138,#10139,#10140,#10141,
    #10142,#10143,#10144,#10145,#10146,#10147,#10148,#10149,#10150,
    #10151,#10152,#10153,#10154,#10155,#10156,#10157,#10158,#10159,
    #10160,#10161,#10162,#10163,#10164,#10165,#10166,#10167,#10168,
    #10169,#10170,#10171,#10172,#10173,#10174,#10175,#10176,#10177,
    #10178,#10179,#10180,#10181),.UNSPECIFIED.,.T.,.F.,(8,6,6,6,6,6,6,8)
  ,(0.,0.15124817071,0.287078118377,0.424387341974,0.587290922083,
    0.713797298378,0.839625344811,1.),.UNSPECIFIED.);
#10138 = CARTESIAN_POINT('',(265.84778946406,-3.5,-262.5558003119));
#10139 = CARTESIAN_POINT('',(265.84778946406,-3.349789110904,
    -262.5558003119));
#10140 = CARTESIAN_POINT('',(265.86844792457,-3.199500599596,
    -262.551534517));
#10141 = CARTESIAN_POINT('',(265.90980673949,-3.051282839031,
    -262.5429946476));
#10142 = CARTESIAN_POINT('',(265.97227842302,-2.907506484613,
    -262.5299611098));
#10143 = CARTESIAN_POINT('',(266.05641542394,-2.771084963938,
    -262.512054958));
#10144 = CARTESIAN_POINT('',(266.16271942092,-2.645776747334,
    -262.4887209161));
#10145 = CARTESIAN_POINT('',(266.40650080499,-2.439043266163,
    -262.432994276));
#10146 = CARTESIAN_POINT('',(266.54268429524,-2.351911366583,
    -262.401084114));
#10147 = CARTESIAN_POINT('',(266.6967896459,-2.284403037827,
    -262.363789135));
#10148 = CARTESIAN_POINT('',(266.86317078157,-2.242667425631,
    -262.321854102));
#10149 = CARTESIAN_POINT('',(267.03470830259,-2.229952389158,
    -262.2766512408));
#10150 = CARTESIAN_POINT('',(267.20394412395,-2.246481051951,
    -262.2302388184));
#10151 = CARTESIAN_POINT('',(267.52639776513,-2.33252705595,
    -262.1388206639));
#10152 = CARTESIAN_POINT('',(267.67480404184,-2.401387526362,
    -262.0951451153));
#10153 = CARTESIAN_POINT('',(267.8066917621,-2.490837018388,
    -262.055023715));
#10154 = CARTESIAN_POINT('',(267.92051096178,-2.596347994954,
    -262.0194832496));
#10155 = CARTESIAN_POINT('',(268.01549331701,-2.713657779142,
    -261.9892539308));
#10156 = CARTESIAN_POINT('',(268.09157215651,-2.838730785692,
    -261.9647226745));
#10157 = CARTESIAN_POINT('',(268.21800498754,-3.120874914222,
    -261.9236043237));
#10158 = CARTESIAN_POINT('',(268.26293713959,-3.284064898795,
    -261.9086945694));
#10159 = CARTESIAN_POINT('',(268.28318395532,-3.452990128627,
    -261.901883454));
#10160 = CARTESIAN_POINT('',(268.27836029378,-3.623381847891,
    -261.9035036757));
#10161 = CARTESIAN_POINT('',(268.24852524453,-3.791106921625,
    -261.9135024653));
#10162 = CARTESIAN_POINT('',(268.19403864456,-3.95213040259,
    -261.9315116942));
#10163 = CARTESIAN_POINT('',(268.05440568634,-4.218725815304,
    -261.9766667477));
#10164 = CARTESIAN_POINT('',(267.97759237407,-4.331010669604,
    -262.0012722446));
#10165 = CARTESIAN_POINT('',(267.88459832551,-4.43579533227,
    -262.0306583014));
#10166 = CARTESIAN_POINT('',(267.77563508165,-4.529706028102,
    -262.064446933));
#10167 = CARTESIAN_POINT('',(267.65149690627,-4.609267594377,
    -262.1019956357));
#10168 = CARTESIAN_POINT('',(267.51360532245,-4.670886577619,
    -262.1424474224));
#10169 = CARTESIAN_POINT('',(267.21579080207,-4.750357689553,
    -262.2268801916));
#10170 = CARTESIAN_POINT('',(267.05920744583,-4.767584278205,
    -262.2699286409));
#10171 = CARTESIAN_POINT('',(266.89996025047,-4.759717370115,
    -262.3121385993));
#10172 = CARTESIAN_POINT('',(266.74420766703,-4.726638751142,
    -262.3517819354));
#10173 = CARTESIAN_POINT('',(266.59793345174,-4.67068367248,
    -262.3876246869));
#10174 = CARTESIAN_POINT('',(266.46608997142,-4.596558567475,
    -262.4189327269));
#10175 = CARTESIAN_POINT('',(266.20581977031,-4.402567932002,
    -262.4792199995));
#10176 = CARTESIAN_POINT('',(266.08485985379,-4.273190230204,
    -262.5059899081));
#10177 = CARTESIAN_POINT('',(265.98914748997,-4.129980984826,
    -262.5264393281));
#10178 = CARTESIAN_POINT('',(265.91815518646,-3.977720464165,
    -262.5412709774));
#10179 = CARTESIAN_POINT('',(265.87121704858,-3.820072244521,
    -262.5509626776));
#10180 = CARTESIAN_POINT('',(265.84778946406,-3.659962417079,
    -262.5558003119));
#10181 = CARTESIAN_POINT('',(265.84778946406,-3.5,-262.5558003119));
#10182 = FACE_BOUND('',#10183,.T.);
#10183 = EDGE_LOOP('',(#10184));
#10184 = ORIENTED_EDGE('',*,*,#10185,.F.);
#10185 = EDGE_CURVE('',#10186,#10186,#10188,.T.);
#10186 = VERTEX_POINT('',#10187);
#10187 = CARTESIAN_POINT('',(257.15221053593,-3.5,-220.444199688));
#10188 = B_SPLINE_CURVE_WITH_KNOTS('',7,(#10189,#10190,#10191,#10192,
    #10193,#10194,#10195,#10196,#10197,#10198,#10199,#10200,#10201,
    #10202,#10203,#10204,#10205,#10206,#10207,#10208,#10209,#10210,
    #10211,#10212,#10213,#10214,#10215,#10216,#10217,#10218,#10219,
    #10220,#10221,#10222,#10223,#10224,#10225,#10226,#10227,#10228,
    #10229,#10230,#10231,#10232),.UNSPECIFIED.,.T.,.F.,(8,6,6,6,6,6,6,8)
  ,(0.,0.151248163154,0.287078104036,0.424387326184,0.58729091076,
    0.713797290527,0.839625340412,1.),.UNSPECIFIED.);
#10189 = CARTESIAN_POINT('',(257.15221053593,-3.5,-220.444199688));
#10190 = CARTESIAN_POINT('',(257.15221053593,-3.349789110904,
    -220.444199688));
#10191 = CARTESIAN_POINT('',(257.13155207542,-3.199500599596,
    -220.4484654829));
#10192 = CARTESIAN_POINT('',(257.0901932605,-3.051282839031,
    -220.4570053523));
#10193 = CARTESIAN_POINT('',(257.02772157697,-2.907506484613,
    -220.4700388901));
#10194 = CARTESIAN_POINT('',(256.94358457605,-2.771084963938,
    -220.4879450419));
#10195 = CARTESIAN_POINT('',(256.83728057907,-2.645776747334,
    -220.5112790838));
#10196 = CARTESIAN_POINT('',(256.593499195,-2.439043266163,
    -220.5670057239));
#10197 = CARTESIAN_POINT('',(256.45731570475,-2.351911366583,
    -220.5989158859));
#10198 = CARTESIAN_POINT('',(256.30321035409,-2.284403037827,
    -220.6362108649));
#10199 = CARTESIAN_POINT('',(256.13682921842,-2.242667425632,
    -220.6781458979));
#10200 = CARTESIAN_POINT('',(255.9652916974,-2.229952389158,
    -220.7233487591));
#10201 = CARTESIAN_POINT('',(255.79605587604,-2.246481051951,
    -220.7697611815));
#10202 = CARTESIAN_POINT('',(255.47360222847,-2.332527057654,
    -220.8611793378));
#10203 = CARTESIAN_POINT('',(255.32519597393,-2.401387523673,
    -220.9048548802));
#10204 = CARTESIAN_POINT('',(255.1933082235,-2.490837014711,
    -220.9449762889));
#10205 = CARTESIAN_POINT('',(255.07948904076,-2.596348008175,
    -220.9805167499));
#10206 = CARTESIAN_POINT('',(254.98450668703,-2.71365776609,
    -221.0107460677));
#10207 = CARTESIAN_POINT('',(254.90842784128,-2.838730790594,
    -221.0352773262));
#10208 = CARTESIAN_POINT('',(254.78199501246,-3.12087491422,
    -221.0763956762));
#10209 = CARTESIAN_POINT('',(254.7370628604,-3.284064898792,
    -221.0913054305));
#10210 = CARTESIAN_POINT('',(254.71681604467,-3.452990128626,
    -221.0981165459));
#10211 = CARTESIAN_POINT('',(254.72163970621,-3.623381847891,
    -221.0964963242));
#10212 = CARTESIAN_POINT('',(254.75147475546,-3.791106921628,
    -221.0864975346));
#10213 = CARTESIAN_POINT('',(254.80596135543,-3.952130402592,
    -221.0684883057));
#10214 = CARTESIAN_POINT('',(254.94559431365,-4.218725815304,
    -221.0233332522));
#10215 = CARTESIAN_POINT('',(255.02240762592,-4.331010669604,
    -220.9987277553));
#10216 = CARTESIAN_POINT('',(255.11540167448,-4.435795332269,
    -220.9693416985));
#10217 = CARTESIAN_POINT('',(255.22436491835,-4.529706028103,
    -220.9355530669));
#10218 = CARTESIAN_POINT('',(255.34850309372,-4.609267594377,
    -220.8980043642));
#10219 = CARTESIAN_POINT('',(255.48639467754,-4.670886577619,
    -220.8575525775));
#10220 = CARTESIAN_POINT('',(255.78420919792,-4.750357689553,
    -220.7731198083));
#10221 = CARTESIAN_POINT('',(255.94079255416,-4.767584278205,
    -220.730071359));
#10222 = CARTESIAN_POINT('',(256.10003974952,-4.759717370115,
    -220.6878614006));
#10223 = CARTESIAN_POINT('',(256.25579233296,-4.726638751143,
    -220.6482180645));
#10224 = CARTESIAN_POINT('',(256.40206654825,-4.67068367248,
    -220.612375313));
#10225 = CARTESIAN_POINT('',(256.53391002857,-4.596558567475,
    -220.581067273));
#10226 = CARTESIAN_POINT('',(256.79418022968,-4.402567932002,
    -220.5207800004));
#10227 = CARTESIAN_POINT('',(256.9151401462,-4.273190230204,
    -220.4940100918));
#10228 = CARTESIAN_POINT('',(257.01085251002,-4.129980984826,
    -220.4735606718));
#10229 = CARTESIAN_POINT('',(257.08184481353,-3.977720464165,
    -220.4587290225));
#10230 = CARTESIAN_POINT('',(257.12878295141,-3.82007224452,
    -220.4490373223));
#10231 = CARTESIAN_POINT('',(257.15221053593,-3.659962417079,
    -220.444199688));
#10232 = CARTESIAN_POINT('',(257.15221053593,-3.5,-220.444199688));
#10233 = CYLINDRICAL_SURFACE('',#10234,21.5);
#10234 = AXIS2_PLACEMENT_3D('',#10235,#10236,#10237);
#10235 = CARTESIAN_POINT('',(261.5,-7.,-241.5));
#10236 = DIRECTION('',(0.,1.,0.));
#10237 = DIRECTION('',(0.,0.,1.));
#10238 = ADVANCED_FACE('',(#10239),#10258,.F.);
#10239 = FACE_BOUND('',#10240,.F.);
#10240 = EDGE_LOOP('',(#10241,#10249,#10256,#10257));
#10241 = ORIENTED_EDGE('',*,*,#10242,.T.);
#10242 = EDGE_CURVE('',#9997,#10243,#10245,.T.);
#10243 = VERTEX_POINT('',#10244);
#10244 = CARTESIAN_POINT('',(261.5,-14.5,-223.975));
#10245 = LINE('',#10246,#10247);
#10246 = CARTESIAN_POINT('',(261.5,-15.6,-223.975));
#10247 = VECTOR('',#10248,1.);
#10248 = DIRECTION('',(0.,1.,0.));
#10249 = ORIENTED_EDGE('',*,*,#10250,.F.);
#10250 = EDGE_CURVE('',#10243,#10243,#10251,.T.);
#10251 = CIRCLE('',#10252,17.525);
#10252 = AXIS2_PLACEMENT_3D('',#10253,#10254,#10255);
#10253 = CARTESIAN_POINT('',(261.5,-14.5,-241.5));
#10254 = DIRECTION('',(0.,1.,0.));
#10255 = DIRECTION('',(0.,0.,1.));
#10256 = ORIENTED_EDGE('',*,*,#10242,.F.);
#10257 = ORIENTED_EDGE('',*,*,#9996,.T.);
#10258 = CYLINDRICAL_SURFACE('',#10259,17.525);
#10259 = AXIS2_PLACEMENT_3D('',#10260,#10261,#10262);
#10260 = CARTESIAN_POINT('',(261.5,-15.6,-241.5));
#10261 = DIRECTION('',(0.,1.,0.));
#10262 = DIRECTION('',(0.,0.,1.));
#10263 = ADVANCED_FACE('',(#10264,#10267,#10278,#10289,#10300,#10311,
    #10322),#10333,.T.);
#10264 = FACE_BOUND('',#10265,.T.);
#10265 = EDGE_LOOP('',(#10266));
#10266 = ORIENTED_EDGE('',*,*,#10013,.T.);
#10267 = FACE_BOUND('',#10268,.T.);
#10268 = EDGE_LOOP('',(#10269));
#10269 = ORIENTED_EDGE('',*,*,#10270,.F.);
#10270 = EDGE_CURVE('',#10271,#10271,#10273,.T.);
#10271 = VERTEX_POINT('',#10272);
#10272 = CARTESIAN_POINT('',(254.75,0.,-250.291342951));
#10273 = CIRCLE('',#10274,2.9);
#10274 = AXIS2_PLACEMENT_3D('',#10275,#10276,#10277);
#10275 = CARTESIAN_POINT('',(254.75,0.,-253.191342951));
#10276 = DIRECTION('',(0.,1.,0.));
#10277 = DIRECTION('',(0.,0.,1.));
#10278 = FACE_BOUND('',#10279,.T.);
#10279 = EDGE_LOOP('',(#10280));
#10280 = ORIENTED_EDGE('',*,*,#10281,.F.);
#10281 = EDGE_CURVE('',#10282,#10282,#10284,.T.);
#10282 = VERTEX_POINT('',#10283);
#10283 = CARTESIAN_POINT('',(248.,0.,-238.6));
#10284 = CIRCLE('',#10285,2.9);
#10285 = AXIS2_PLACEMENT_3D('',#10286,#10287,#10288);
#10286 = CARTESIAN_POINT('',(248.,0.,-241.5));
#10287 = DIRECTION('',(0.,1.,0.));
#10288 = DIRECTION('',(0.,0.,1.));
#10289 = FACE_BOUND('',#10290,.T.);
#10290 = EDGE_LOOP('',(#10291));
#10291 = ORIENTED_EDGE('',*,*,#10292,.F.);
#10292 = EDGE_CURVE('',#10293,#10293,#10295,.T.);
#10293 = VERTEX_POINT('',#10294);
#10294 = CARTESIAN_POINT('',(254.75,0.,-226.9086570489));
#10295 = CIRCLE('',#10296,2.9);
#10296 = AXIS2_PLACEMENT_3D('',#10297,#10298,#10299);
#10297 = CARTESIAN_POINT('',(254.75,0.,-229.8086570489));
#10298 = DIRECTION('',(0.,1.,0.));
#10299 = DIRECTION('',(0.,0.,1.));
#10300 = FACE_BOUND('',#10301,.T.);
#10301 = EDGE_LOOP('',(#10302));
#10302 = ORIENTED_EDGE('',*,*,#10303,.F.);
#10303 = EDGE_CURVE('',#10304,#10304,#10306,.T.);
#10304 = VERTEX_POINT('',#10305);
#10305 = CARTESIAN_POINT('',(268.25,0.,-250.291342951));
#10306 = CIRCLE('',#10307,2.9);
#10307 = AXIS2_PLACEMENT_3D('',#10308,#10309,#10310);
#10308 = CARTESIAN_POINT('',(268.25,0.,-253.191342951));
#10309 = DIRECTION('',(0.,1.,0.));
#10310 = DIRECTION('',(0.,0.,1.));
#10311 = FACE_BOUND('',#10312,.T.);
#10312 = EDGE_LOOP('',(#10313));
#10313 = ORIENTED_EDGE('',*,*,#10314,.F.);
#10314 = EDGE_CURVE('',#10315,#10315,#10317,.T.);
#10315 = VERTEX_POINT('',#10316);
#10316 = CARTESIAN_POINT('',(268.25,0.,-226.9086570489));
#10317 = CIRCLE('',#10318,2.9);
#10318 = AXIS2_PLACEMENT_3D('',#10319,#10320,#10321);
#10319 = CARTESIAN_POINT('',(268.25,0.,-229.8086570489));
#10320 = DIRECTION('',(0.,1.,0.));
#10321 = DIRECTION('',(0.,0.,1.));
#10322 = FACE_BOUND('',#10323,.T.);
#10323 = EDGE_LOOP('',(#10324));
#10324 = ORIENTED_EDGE('',*,*,#10325,.F.);
#10325 = EDGE_CURVE('',#10326,#10326,#10328,.T.);
#10326 = VERTEX_POINT('',#10327);
#10327 = CARTESIAN_POINT('',(275.,0.,-238.6));
#10328 = CIRCLE('',#10329,2.9);
#10329 = AXIS2_PLACEMENT_3D('',#10330,#10331,#10332);
#10330 = CARTESIAN_POINT('',(275.,0.,-241.5));
#10331 = DIRECTION('',(0.,1.,0.));
#10332 = DIRECTION('',(0.,0.,1.));
#10333 = PLANE('',#10334);
#10334 = AXIS2_PLACEMENT_3D('',#10335,#10336,#10337);
#10335 = CARTESIAN_POINT('',(261.5,0.,-241.5));
#10336 = DIRECTION('',(0.,1.,0.));
#10337 = DIRECTION('',(0.,0.,1.));
#10338 = ADVANCED_FACE('',(#10339),#10358,.F.);
#10339 = FACE_BOUND('',#10340,.F.);
#10340 = EDGE_LOOP('',(#10341,#10342,#10350,#10357));
#10341 = ORIENTED_EDGE('',*,*,#10032,.F.);
#10342 = ORIENTED_EDGE('',*,*,#10343,.F.);
#10343 = EDGE_CURVE('',#10344,#10033,#10346,.T.);
#10344 = VERTEX_POINT('',#10345);
#10345 = CARTESIAN_POINT('',(277.11425232739,-3.5,-236.0220784729));
#10346 = LINE('',#10347,#10348);
#10347 = CARTESIAN_POINT('',(277.11425232739,-3.5,-236.0220784729));
#10348 = VECTOR('',#10349,1.);
#10349 = DIRECTION('',(0.965925826289,0.,0.258819045103));
#10350 = ORIENTED_EDGE('',*,*,#10351,.T.);
#10351 = EDGE_CURVE('',#10344,#10344,#10352,.T.);
#10352 = CIRCLE('',#10353,1.25);
#10353 = AXIS2_PLACEMENT_3D('',#10354,#10355,#10356);
#10354 = CARTESIAN_POINT('',(277.43777613377,-3.5,-237.2294857558));
#10355 = DIRECTION('',(0.965925826289,0.,0.258819045103));
#10356 = DIRECTION('',(-0.258819045103,0.,0.965925826289));
#10357 = ORIENTED_EDGE('',*,*,#10343,.T.);
#10358 = CYLINDRICAL_SURFACE('',#10359,1.25);
#10359 = AXIS2_PLACEMENT_3D('',#10360,#10361,#10362);
#10360 = CARTESIAN_POINT('',(277.43777613377,-3.5,-237.2294857558));
#10361 = DIRECTION('',(0.965925826289,0.,0.258819045103));
#10362 = DIRECTION('',(-0.258819045103,0.,0.965925826289));
#10363 = ADVANCED_FACE('',(#10364),#10383,.F.);
#10364 = FACE_BOUND('',#10365,.F.);
#10365 = EDGE_LOOP('',(#10366,#10367,#10375,#10382));
#10366 = ORIENTED_EDGE('',*,*,#10083,.F.);
#10367 = ORIENTED_EDGE('',*,*,#10368,.F.);
#10368 = EDGE_CURVE('',#10369,#10084,#10371,.T.);
#10369 = VERTEX_POINT('',#10370);
#10370 = CARTESIAN_POINT('',(245.8857476726,-3.5,-246.977921527));
#10371 = LINE('',#10372,#10373);
#10372 = CARTESIAN_POINT('',(245.8857476726,-3.5,-246.977921527));
#10373 = VECTOR('',#10374,1.);
#10374 = DIRECTION('',(-0.965925826289,-0.,-0.258819045103));
#10375 = ORIENTED_EDGE('',*,*,#10376,.T.);
#10376 = EDGE_CURVE('',#10369,#10369,#10377,.T.);
#10377 = CIRCLE('',#10378,1.25);
#10378 = AXIS2_PLACEMENT_3D('',#10379,#10380,#10381);
#10379 = CARTESIAN_POINT('',(245.56222386623,-3.5,-245.7705142441));
#10380 = DIRECTION('',(-0.965925826289,-0.,-0.258819045103));
#10381 = DIRECTION('',(0.258819045103,0.,-0.965925826289));
#10382 = ORIENTED_EDGE('',*,*,#10368,.T.);
#10383 = CYLINDRICAL_SURFACE('',#10384,1.25);
#10384 = AXIS2_PLACEMENT_3D('',#10385,#10386,#10387);
#10385 = CARTESIAN_POINT('',(245.56222386623,-3.5,-245.7705142441));
#10386 = DIRECTION('',(-0.965925826289,0.,-0.258819045103));
#10387 = DIRECTION('',(0.258819045103,0.,-0.965925826289));
#10388 = ADVANCED_FACE('',(#10389),#10408,.F.);
#10389 = FACE_BOUND('',#10390,.F.);
#10390 = EDGE_LOOP('',(#10391,#10392,#10400,#10407));
#10391 = ORIENTED_EDGE('',*,*,#10134,.F.);
#10392 = ORIENTED_EDGE('',*,*,#10393,.F.);
#10393 = EDGE_CURVE('',#10394,#10135,#10396,.T.);
#10394 = VERTEX_POINT('',#10395);
#10395 = CARTESIAN_POINT('',(264.56310696133,-3.5,-257.7612999401));
#10396 = LINE('',#10397,#10398);
#10397 = CARTESIAN_POINT('',(264.56310696133,-3.5,-257.7612999401));
#10398 = VECTOR('',#10399,1.);
#10399 = DIRECTION('',(0.258819045103,0.,-0.965925826289));
#10400 = ORIENTED_EDGE('',*,*,#10401,.T.);
#10401 = EDGE_CURVE('',#10394,#10394,#10402,.T.);
#10402 = CIRCLE('',#10403,1.25);
#10403 = AXIS2_PLACEMENT_3D('',#10404,#10405,#10406);
#10404 = CARTESIAN_POINT('',(265.77051424419,-3.5,-257.4377761337));
#10405 = DIRECTION('',(0.258819045103,0.,-0.965925826289));
#10406 = DIRECTION('',(-0.965925826289,0.,-0.258819045103));
#10407 = ORIENTED_EDGE('',*,*,#10393,.T.);
#10408 = CYLINDRICAL_SURFACE('',#10409,1.25);
#10409 = AXIS2_PLACEMENT_3D('',#10410,#10411,#10412);
#10410 = CARTESIAN_POINT('',(265.77051424419,-3.5,-257.4377761337));
#10411 = DIRECTION('',(0.258819045103,0.,-0.965925826289));
#10412 = DIRECTION('',(-0.965925826289,0.,-0.258819045103));
#10413 = ADVANCED_FACE('',(#10414),#10433,.F.);
#10414 = FACE_BOUND('',#10415,.F.);
#10415 = EDGE_LOOP('',(#10416,#10417,#10425,#10432));
#10416 = ORIENTED_EDGE('',*,*,#10185,.F.);
#10417 = ORIENTED_EDGE('',*,*,#10418,.F.);
#10418 = EDGE_CURVE('',#10419,#10186,#10421,.T.);
#10419 = VERTEX_POINT('',#10420);
#10420 = CARTESIAN_POINT('',(258.43689303867,-3.5,-225.2387000598));
#10421 = LINE('',#10422,#10423);
#10422 = CARTESIAN_POINT('',(258.43689303867,-3.5,-225.2387000598));
#10423 = VECTOR('',#10424,1.);
#10424 = DIRECTION('',(-0.258819045103,0.,0.965925826289));
#10425 = ORIENTED_EDGE('',*,*,#10426,.T.);
#10426 = EDGE_CURVE('',#10419,#10419,#10427,.T.);
#10427 = CIRCLE('',#10428,1.25);
#10428 = AXIS2_PLACEMENT_3D('',#10429,#10430,#10431);
#10429 = CARTESIAN_POINT('',(257.2294857558,-3.5,-225.5622238662));
#10430 = DIRECTION('',(-0.258819045103,0.,0.965925826289));
#10431 = DIRECTION('',(0.965925826289,0.,0.258819045103));
#10432 = ORIENTED_EDGE('',*,*,#10418,.T.);
#10433 = CYLINDRICAL_SURFACE('',#10434,1.25);
#10434 = AXIS2_PLACEMENT_3D('',#10435,#10436,#10437);
#10435 = CARTESIAN_POINT('',(257.2294857558,-3.5,-225.5622238662));
#10436 = DIRECTION('',(-0.258819045103,0.,0.965925826289));
#10437 = DIRECTION('',(0.965925826289,0.,0.258819045103));
#10438 = ADVANCED_FACE('',(#10439,#10442,#10453,#10464,#10475,#10486,
    #10497,#10508,#10519,#10530),#10541,.F.);
#10439 = FACE_BOUND('',#10440,.F.);
#10440 = EDGE_LOOP('',(#10441));
#10441 = ORIENTED_EDGE('',*,*,#10250,.T.);
#10442 = FACE_BOUND('',#10443,.F.);
#10443 = EDGE_LOOP('',(#10444));
#10444 = ORIENTED_EDGE('',*,*,#10445,.F.);
#10445 = EDGE_CURVE('',#10446,#10446,#10448,.T.);
#10446 = VERTEX_POINT('',#10447);
#10447 = CARTESIAN_POINT('',(248.,-14.5,-239.8));
#10448 = CIRCLE('',#10449,1.7);
#10449 = AXIS2_PLACEMENT_3D('',#10450,#10451,#10452);
#10450 = CARTESIAN_POINT('',(248.,-14.5,-241.5));
#10451 = DIRECTION('',(0.,1.,0.));
#10452 = DIRECTION('',(0.,0.,1.));
#10453 = FACE_BOUND('',#10454,.F.);
#10454 = EDGE_LOOP('',(#10455));
#10455 = ORIENTED_EDGE('',*,*,#10456,.F.);
#10456 = EDGE_CURVE('',#10457,#10457,#10459,.T.);
#10457 = VERTEX_POINT('',#10458);
#10458 = CARTESIAN_POINT('',(250.97779134401,-14.5,-245.575));
#10459 = CIRCLE('',#10460,2.);
#10460 = AXIS2_PLACEMENT_3D('',#10461,#10462,#10463);
#10461 = CARTESIAN_POINT('',(250.97779134401,-14.5,-247.575));
#10462 = DIRECTION('',(0.,1.,0.));
#10463 = DIRECTION('',(0.,0.,1.));
#10464 = FACE_BOUND('',#10465,.F.);
#10465 = EDGE_LOOP('',(#10466));
#10466 = ORIENTED_EDGE('',*,*,#10467,.F.);
#10467 = EDGE_CURVE('',#10468,#10468,#10470,.T.);
#10468 = VERTEX_POINT('',#10469);
#10469 = CARTESIAN_POINT('',(254.75,-14.5,-251.491342951));
#10470 = CIRCLE('',#10471,1.7);
#10471 = AXIS2_PLACEMENT_3D('',#10472,#10473,#10474);
#10472 = CARTESIAN_POINT('',(254.75,-14.5,-253.191342951));
#10473 = DIRECTION('',(0.,1.,0.));
#10474 = DIRECTION('',(0.,0.,1.));
#10475 = FACE_BOUND('',#10476,.F.);
#10476 = EDGE_LOOP('',(#10477));
#10477 = ORIENTED_EDGE('',*,*,#10478,.F.);
#10478 = EDGE_CURVE('',#10479,#10479,#10481,.T.);
#10479 = VERTEX_POINT('',#10480);
#10480 = CARTESIAN_POINT('',(254.75,-14.5,-228.1086570489));
#10481 = CIRCLE('',#10482,1.7);
#10482 = AXIS2_PLACEMENT_3D('',#10483,#10484,#10485);
#10483 = CARTESIAN_POINT('',(254.75,-14.5,-229.8086570489));
#10484 = DIRECTION('',(0.,1.,0.));
#10485 = DIRECTION('',(0.,0.,1.));
#10486 = FACE_BOUND('',#10487,.F.);
#10487 = EDGE_LOOP('',(#10488));
#10488 = ORIENTED_EDGE('',*,*,#10489,.F.);
#10489 = EDGE_CURVE('',#10490,#10490,#10492,.T.);
#10490 = VERTEX_POINT('',#10491);
#10491 = CARTESIAN_POINT('',(261.5,-14.5,-227.35));
#10492 = CIRCLE('',#10493,2.);
#10493 = AXIS2_PLACEMENT_3D('',#10494,#10495,#10496);
#10494 = CARTESIAN_POINT('',(261.5,-14.5,-229.35));
#10495 = DIRECTION('',(0.,1.,0.));
#10496 = DIRECTION('',(0.,0.,1.));
#10497 = FACE_BOUND('',#10498,.F.);
#10498 = EDGE_LOOP('',(#10499));
#10499 = ORIENTED_EDGE('',*,*,#10500,.F.);
#10500 = EDGE_CURVE('',#10501,#10501,#10503,.T.);
#10501 = VERTEX_POINT('',#10502);
#10502 = CARTESIAN_POINT('',(268.25,-14.5,-251.491342951));
#10503 = CIRCLE('',#10504,1.7);
#10504 = AXIS2_PLACEMENT_3D('',#10505,#10506,#10507);
#10505 = CARTESIAN_POINT('',(268.25,-14.5,-253.191342951));
#10506 = DIRECTION('',(0.,1.,0.));
#10507 = DIRECTION('',(0.,0.,1.));
#10508 = FACE_BOUND('',#10509,.F.);
#10509 = EDGE_LOOP('',(#10510));
#10510 = ORIENTED_EDGE('',*,*,#10511,.F.);
#10511 = EDGE_CURVE('',#10512,#10512,#10514,.T.);
#10512 = VERTEX_POINT('',#10513);
#10513 = CARTESIAN_POINT('',(272.02220865598,-14.5,-245.575));
#10514 = CIRCLE('',#10515,2.);
#10515 = AXIS2_PLACEMENT_3D('',#10516,#10517,#10518);
#10516 = CARTESIAN_POINT('',(272.02220865598,-14.5,-247.575));
#10517 = DIRECTION('',(0.,1.,0.));
#10518 = DIRECTION('',(0.,0.,1.));
#10519 = FACE_BOUND('',#10520,.F.);
#10520 = EDGE_LOOP('',(#10521));
#10521 = ORIENTED_EDGE('',*,*,#10522,.F.);
#10522 = EDGE_CURVE('',#10523,#10523,#10525,.T.);
#10523 = VERTEX_POINT('',#10524);
#10524 = CARTESIAN_POINT('',(275.,-14.5,-239.8));
#10525 = CIRCLE('',#10526,1.7);
#10526 = AXIS2_PLACEMENT_3D('',#10527,#10528,#10529);
#10527 = CARTESIAN_POINT('',(275.,-14.5,-241.5));
#10528 = DIRECTION('',(0.,1.,0.));
#10529 = DIRECTION('',(0.,0.,1.));
#10530 = FACE_BOUND('',#10531,.F.);
#10531 = EDGE_LOOP('',(#10532));
#10532 = ORIENTED_EDGE('',*,*,#10533,.F.);
#10533 = EDGE_CURVE('',#10534,#10534,#10536,.T.);
#10534 = VERTEX_POINT('',#10535);
#10535 = CARTESIAN_POINT('',(268.25,-14.5,-228.1086570489));
#10536 = CIRCLE('',#10537,1.7);
#10537 = AXIS2_PLACEMENT_3D('',#10538,#10539,#10540);
#10538 = CARTESIAN_POINT('',(268.25,-14.5,-229.8086570489));
#10539 = DIRECTION('',(0.,1.,0.));
#10540 = DIRECTION('',(0.,0.,1.));
#10541 = PLANE('',#10542);
#10542 = AXIS2_PLACEMENT_3D('',#10543,#10544,#10545);
#10543 = CARTESIAN_POINT('',(261.5,-14.5,-241.5));
#10544 = DIRECTION('',(0.,1.,0.));
#10545 = DIRECTION('',(0.,0.,1.));
#10546 = ADVANCED_FACE('',(#10547),#10566,.F.);
#10547 = FACE_BOUND('',#10548,.F.);
#10548 = EDGE_LOOP('',(#10549,#10550,#10558,#10565));
#10549 = ORIENTED_EDGE('',*,*,#10270,.F.);
#10550 = ORIENTED_EDGE('',*,*,#10551,.F.);
#10551 = EDGE_CURVE('',#10552,#10271,#10554,.T.);
#10552 = VERTEX_POINT('',#10553);
#10553 = CARTESIAN_POINT('',(254.75,-5.5,-250.291342951));
#10554 = LINE('',#10555,#10556);
#10555 = CARTESIAN_POINT('',(254.75,-5.5,-250.291342951));
#10556 = VECTOR('',#10557,1.);
#10557 = DIRECTION('',(0.,1.,0.));
#10558 = ORIENTED_EDGE('',*,*,#10559,.T.);
#10559 = EDGE_CURVE('',#10552,#10552,#10560,.T.);
#10560 = CIRCLE('',#10561,2.9);
#10561 = AXIS2_PLACEMENT_3D('',#10562,#10563,#10564);
#10562 = CARTESIAN_POINT('',(254.75,-5.5,-253.191342951));
#10563 = DIRECTION('',(0.,1.,0.));
#10564 = DIRECTION('',(0.,0.,1.));
#10565 = ORIENTED_EDGE('',*,*,#10551,.T.);
#10566 = CYLINDRICAL_SURFACE('',#10567,2.9);
#10567 = AXIS2_PLACEMENT_3D('',#10568,#10569,#10570);
#10568 = CARTESIAN_POINT('',(254.75,-5.5,-253.191342951));
#10569 = DIRECTION('',(0.,1.,0.));
#10570 = DIRECTION('',(0.,0.,1.));
#10571 = ADVANCED_FACE('',(#10572),#10591,.F.);
#10572 = FACE_BOUND('',#10573,.F.);
#10573 = EDGE_LOOP('',(#10574,#10575,#10583,#10590));
#10574 = ORIENTED_EDGE('',*,*,#10281,.F.);
#10575 = ORIENTED_EDGE('',*,*,#10576,.F.);
#10576 = EDGE_CURVE('',#10577,#10282,#10579,.T.);
#10577 = VERTEX_POINT('',#10578);
#10578 = CARTESIAN_POINT('',(248.,-5.5,-238.6));
#10579 = LINE('',#10580,#10581);
#10580 = CARTESIAN_POINT('',(248.,-5.5,-238.6));
#10581 = VECTOR('',#10582,1.);
#10582 = DIRECTION('',(0.,1.,0.));
#10583 = ORIENTED_EDGE('',*,*,#10584,.T.);
#10584 = EDGE_CURVE('',#10577,#10577,#10585,.T.);
#10585 = CIRCLE('',#10586,2.9);
#10586 = AXIS2_PLACEMENT_3D('',#10587,#10588,#10589);
#10587 = CARTESIAN_POINT('',(248.,-5.5,-241.5));
#10588 = DIRECTION('',(0.,1.,0.));
#10589 = DIRECTION('',(0.,0.,1.));
#10590 = ORIENTED_EDGE('',*,*,#10576,.T.);
#10591 = CYLINDRICAL_SURFACE('',#10592,2.9);
#10592 = AXIS2_PLACEMENT_3D('',#10593,#10594,#10595);
#10593 = CARTESIAN_POINT('',(248.,-5.5,-241.5));
#10594 = DIRECTION('',(0.,1.,0.));
#10595 = DIRECTION('',(0.,0.,1.));
#10596 = ADVANCED_FACE('',(#10597),#10616,.F.);
#10597 = FACE_BOUND('',#10598,.F.);
#10598 = EDGE_LOOP('',(#10599,#10600,#10608,#10615));
#10599 = ORIENTED_EDGE('',*,*,#10292,.F.);
#10600 = ORIENTED_EDGE('',*,*,#10601,.F.);
#10601 = EDGE_CURVE('',#10602,#10293,#10604,.T.);
#10602 = VERTEX_POINT('',#10603);
#10603 = CARTESIAN_POINT('',(254.75,-5.5,-226.9086570489));
#10604 = LINE('',#10605,#10606);
#10605 = CARTESIAN_POINT('',(254.75,-5.5,-226.9086570489));
#10606 = VECTOR('',#10607,1.);
#10607 = DIRECTION('',(0.,1.,0.));
#10608 = ORIENTED_EDGE('',*,*,#10609,.T.);
#10609 = EDGE_CURVE('',#10602,#10602,#10610,.T.);
#10610 = CIRCLE('',#10611,2.9);
#10611 = AXIS2_PLACEMENT_3D('',#10612,#10613,#10614);
#10612 = CARTESIAN_POINT('',(254.75,-5.5,-229.8086570489));
#10613 = DIRECTION('',(0.,1.,0.));
#10614 = DIRECTION('',(0.,0.,1.));
#10615 = ORIENTED_EDGE('',*,*,#10601,.T.);
#10616 = CYLINDRICAL_SURFACE('',#10617,2.9);
#10617 = AXIS2_PLACEMENT_3D('',#10618,#10619,#10620);
#10618 = CARTESIAN_POINT('',(254.75,-5.5,-229.8086570489));
#10619 = DIRECTION('',(0.,1.,0.));
#10620 = DIRECTION('',(0.,0.,1.));
#10621 = ADVANCED_FACE('',(#10622),#10641,.F.);
#10622 = FACE_BOUND('',#10623,.F.);
#10623 = EDGE_LOOP('',(#10624,#10625,#10633,#10640));
#10624 = ORIENTED_EDGE('',*,*,#10303,.F.);
#10625 = ORIENTED_EDGE('',*,*,#10626,.F.);
#10626 = EDGE_CURVE('',#10627,#10304,#10629,.T.);
#10627 = VERTEX_POINT('',#10628);
#10628 = CARTESIAN_POINT('',(268.25,-5.5,-250.291342951));
#10629 = LINE('',#10630,#10631);
#10630 = CARTESIAN_POINT('',(268.25,-5.5,-250.291342951));
#10631 = VECTOR('',#10632,1.);
#10632 = DIRECTION('',(0.,1.,0.));
#10633 = ORIENTED_EDGE('',*,*,#10634,.T.);
#10634 = EDGE_CURVE('',#10627,#10627,#10635,.T.);
#10635 = CIRCLE('',#10636,2.9);
#10636 = AXIS2_PLACEMENT_3D('',#10637,#10638,#10639);
#10637 = CARTESIAN_POINT('',(268.25,-5.5,-253.191342951));
#10638 = DIRECTION('',(0.,1.,0.));
#10639 = DIRECTION('',(0.,0.,1.));
#10640 = ORIENTED_EDGE('',*,*,#10626,.T.);
#10641 = CYLINDRICAL_SURFACE('',#10642,2.9);
#10642 = AXIS2_PLACEMENT_3D('',#10643,#10644,#10645);
#10643 = CARTESIAN_POINT('',(268.25,-5.5,-253.191342951));
#10644 = DIRECTION('',(0.,1.,0.));
#10645 = DIRECTION('',(0.,0.,1.));
#10646 = ADVANCED_FACE('',(#10647),#10666,.F.);
#10647 = FACE_BOUND('',#10648,.F.);
#10648 = EDGE_LOOP('',(#10649,#10650,#10658,#10665));
#10649 = ORIENTED_EDGE('',*,*,#10314,.F.);
#10650 = ORIENTED_EDGE('',*,*,#10651,.F.);
#10651 = EDGE_CURVE('',#10652,#10315,#10654,.T.);
#10652 = VERTEX_POINT('',#10653);
#10653 = CARTESIAN_POINT('',(268.25,-5.5,-226.9086570489));
#10654 = LINE('',#10655,#10656);
#10655 = CARTESIAN_POINT('',(268.25,-5.5,-226.9086570489));
#10656 = VECTOR('',#10657,1.);
#10657 = DIRECTION('',(0.,1.,0.));
#10658 = ORIENTED_EDGE('',*,*,#10659,.T.);
#10659 = EDGE_CURVE('',#10652,#10652,#10660,.T.);
#10660 = CIRCLE('',#10661,2.9);
#10661 = AXIS2_PLACEMENT_3D('',#10662,#10663,#10664);
#10662 = CARTESIAN_POINT('',(268.25,-5.5,-229.8086570489));
#10663 = DIRECTION('',(0.,1.,0.));
#10664 = DIRECTION('',(0.,0.,1.));
#10665 = ORIENTED_EDGE('',*,*,#10651,.T.);
#10666 = CYLINDRICAL_SURFACE('',#10667,2.9);
#10667 = AXIS2_PLACEMENT_3D('',#10668,#10669,#10670);
#10668 = CARTESIAN_POINT('',(268.25,-5.5,-229.8086570489));
#10669 = DIRECTION('',(0.,1.,0.));
#10670 = DIRECTION('',(0.,0.,1.));
#10671 = ADVANCED_FACE('',(#10672),#10691,.F.);
#10672 = FACE_BOUND('',#10673,.F.);
#10673 = EDGE_LOOP('',(#10674,#10675,#10683,#10690));
#10674 = ORIENTED_EDGE('',*,*,#10325,.F.);
#10675 = ORIENTED_EDGE('',*,*,#10676,.F.);
#10676 = EDGE_CURVE('',#10677,#10326,#10679,.T.);
#10677 = VERTEX_POINT('',#10678);
#10678 = CARTESIAN_POINT('',(275.,-5.5,-238.6));
#10679 = LINE('',#10680,#10681);
#10680 = CARTESIAN_POINT('',(275.,-5.5,-238.6));
#10681 = VECTOR('',#10682,1.);
#10682 = DIRECTION('',(0.,1.,0.));
#10683 = ORIENTED_EDGE('',*,*,#10684,.T.);
#10684 = EDGE_CURVE('',#10677,#10677,#10685,.T.);
#10685 = CIRCLE('',#10686,2.9);
#10686 = AXIS2_PLACEMENT_3D('',#10687,#10688,#10689);
#10687 = CARTESIAN_POINT('',(275.,-5.5,-241.5));
#10688 = DIRECTION('',(0.,1.,0.));
#10689 = DIRECTION('',(0.,0.,1.));
#10690 = ORIENTED_EDGE('',*,*,#10676,.T.);
#10691 = CYLINDRICAL_SURFACE('',#10692,2.9);
#10692 = AXIS2_PLACEMENT_3D('',#10693,#10694,#10695);
#10693 = CARTESIAN_POINT('',(275.,-5.5,-241.5));
#10694 = DIRECTION('',(0.,1.,0.));
#10695 = DIRECTION('',(0.,0.,1.));
#10696 = ADVANCED_FACE('',(#10697),#10709,.F.);
#10697 = FACE_BOUND('',#10698,.F.);
#10698 = EDGE_LOOP('',(#10699,#10700,#10708));
#10699 = ORIENTED_EDGE('',*,*,#10351,.F.);
#10700 = ORIENTED_EDGE('',*,*,#10701,.F.);
#10701 = EDGE_CURVE('',#10702,#10344,#10704,.T.);
#10702 = VERTEX_POINT('',#10703);
#10703 = CARTESIAN_POINT('',(276.71229264637,-3.5,-237.4238784703));
#10704 = LINE('',#10705,#10706);
#10705 = CARTESIAN_POINT('',(276.71229264637,-3.5,-237.4238784703));
#10706 = VECTOR('',#10707,1.);
#10707 = DIRECTION('',(0.275637355817,2.1E-16,0.961261695938));
#10708 = ORIENTED_EDGE('',*,*,#10701,.T.);
#10709 = CONICAL_SURFACE('',#10710,0.,1.029744258677);
#10710 = AXIS2_PLACEMENT_3D('',#10711,#10712,#10713);
#10711 = CARTESIAN_POINT('',(276.71229264637,-3.5,-237.4238784703));
#10712 = DIRECTION('',(0.965925826289,0.,0.258819045103));
#10713 = DIRECTION('',(-0.258819045103,0.,0.965925826289));
#10714 = ADVANCED_FACE('',(#10715),#10727,.F.);
#10715 = FACE_BOUND('',#10716,.F.);
#10716 = EDGE_LOOP('',(#10717,#10718,#10726));
#10717 = ORIENTED_EDGE('',*,*,#10376,.F.);
#10718 = ORIENTED_EDGE('',*,*,#10719,.F.);
#10719 = EDGE_CURVE('',#10720,#10369,#10722,.T.);
#10720 = VERTEX_POINT('',#10721);
#10721 = CARTESIAN_POINT('',(246.28770735362,-3.5,-245.5761215296));
#10722 = LINE('',#10723,#10724);
#10723 = CARTESIAN_POINT('',(246.28770735362,-3.5,-245.5761215296));
#10724 = VECTOR('',#10725,1.);
#10725 = DIRECTION('',(-0.275637355817,2.1E-16,-0.961261695938));
#10726 = ORIENTED_EDGE('',*,*,#10719,.T.);
#10727 = CONICAL_SURFACE('',#10728,0.,1.029744258677);
#10728 = AXIS2_PLACEMENT_3D('',#10729,#10730,#10731);
#10729 = CARTESIAN_POINT('',(246.28770735362,-3.5,-245.5761215296));
#10730 = DIRECTION('',(-0.965925826289,0.,-0.258819045103));
#10731 = DIRECTION('',(0.258819045103,0.,-0.965925826289));
#10732 = ADVANCED_FACE('',(#10733),#10745,.F.);
#10733 = FACE_BOUND('',#10734,.F.);
#10734 = EDGE_LOOP('',(#10735,#10736,#10744));
#10735 = ORIENTED_EDGE('',*,*,#10401,.F.);
#10736 = ORIENTED_EDGE('',*,*,#10737,.F.);
#10737 = EDGE_CURVE('',#10738,#10394,#10740,.T.);
#10738 = VERTEX_POINT('',#10739);
#10739 = CARTESIAN_POINT('',(265.57612152962,-3.5,-256.7122926463));
#10740 = LINE('',#10741,#10742);
#10741 = CARTESIAN_POINT('',(265.57612152962,-3.5,-256.7122926463));
#10742 = VECTOR('',#10743,1.);
#10743 = DIRECTION('',(-0.694658370459,-2.1E-16,-0.719339800339));
#10744 = ORIENTED_EDGE('',*,*,#10737,.T.);
#10745 = CONICAL_SURFACE('',#10746,0.,1.029744258677);
#10746 = AXIS2_PLACEMENT_3D('',#10747,#10748,#10749);
#10747 = CARTESIAN_POINT('',(265.57612152962,-3.5,-256.7122926463));
#10748 = DIRECTION('',(0.258819045103,0.,-0.965925826289));
#10749 = DIRECTION('',(-0.965925826289,0.,-0.258819045103));
#10750 = ADVANCED_FACE('',(#10751),#10763,.F.);
#10751 = FACE_BOUND('',#10752,.F.);
#10752 = EDGE_LOOP('',(#10753,#10754,#10762));
#10753 = ORIENTED_EDGE('',*,*,#10426,.F.);
#10754 = ORIENTED_EDGE('',*,*,#10755,.F.);
#10755 = EDGE_CURVE('',#10756,#10419,#10758,.T.);
#10756 = VERTEX_POINT('',#10757);
#10757 = CARTESIAN_POINT('',(257.42387847037,-3.5,-226.2877073536));
#10758 = LINE('',#10759,#10760);
#10759 = CARTESIAN_POINT('',(257.42387847037,-3.5,-226.2877073536));
#10760 = VECTOR('',#10761,1.);
#10761 = DIRECTION('',(0.694658370459,-2.1E-16,0.719339800339));
#10762 = ORIENTED_EDGE('',*,*,#10755,.T.);
#10763 = CONICAL_SURFACE('',#10764,0.,1.029744258677);
#10764 = AXIS2_PLACEMENT_3D('',#10765,#10766,#10767);
#10765 = CARTESIAN_POINT('',(257.42387847037,-3.5,-226.2877073536));
#10766 = DIRECTION('',(-0.258819045103,0.,0.965925826289));
#10767 = DIRECTION('',(0.965925826289,0.,0.258819045103));
#10768 = ADVANCED_FACE('',(#10769),#10788,.F.);
#10769 = FACE_BOUND('',#10770,.F.);
#10770 = EDGE_LOOP('',(#10771,#10780,#10786,#10787));
#10771 = ORIENTED_EDGE('',*,*,#10772,.F.);
#10772 = EDGE_CURVE('',#10773,#10773,#10775,.T.);
#10773 = VERTEX_POINT('',#10774);
#10774 = CARTESIAN_POINT('',(248.,-5.5,-239.8));
#10775 = CIRCLE('',#10776,1.7);
#10776 = AXIS2_PLACEMENT_3D('',#10777,#10778,#10779);
#10777 = CARTESIAN_POINT('',(248.,-5.5,-241.5));
#10778 = DIRECTION('',(0.,1.,0.));
#10779 = DIRECTION('',(0.,0.,1.));
#10780 = ORIENTED_EDGE('',*,*,#10781,.F.);
#10781 = EDGE_CURVE('',#10446,#10773,#10782,.T.);
#10782 = LINE('',#10783,#10784);
#10783 = CARTESIAN_POINT('',(248.,-15.5,-239.8));
#10784 = VECTOR('',#10785,1.);
#10785 = DIRECTION('',(0.,1.,0.));
#10786 = ORIENTED_EDGE('',*,*,#10445,.T.);
#10787 = ORIENTED_EDGE('',*,*,#10781,.T.);
#10788 = CYLINDRICAL_SURFACE('',#10789,1.7);
#10789 = AXIS2_PLACEMENT_3D('',#10790,#10791,#10792);
#10790 = CARTESIAN_POINT('',(248.,-15.5,-241.5));
#10791 = DIRECTION('',(0.,1.,0.));
#10792 = DIRECTION('',(0.,0.,1.));
#10793 = ADVANCED_FACE('',(#10794),#10813,.F.);
#10794 = FACE_BOUND('',#10795,.F.);
#10795 = EDGE_LOOP('',(#10796,#10804,#10811,#10812));
#10796 = ORIENTED_EDGE('',*,*,#10797,.T.);
#10797 = EDGE_CURVE('',#10457,#10798,#10800,.T.);
#10798 = VERTEX_POINT('',#10799);
#10799 = CARTESIAN_POINT('',(250.97779134401,-8.5,-245.575));
#10800 = LINE('',#10801,#10802);
#10801 = CARTESIAN_POINT('',(250.97779134401,-14.6,-245.575));
#10802 = VECTOR('',#10803,1.);
#10803 = DIRECTION('',(0.,1.,0.));
#10804 = ORIENTED_EDGE('',*,*,#10805,.F.);
#10805 = EDGE_CURVE('',#10798,#10798,#10806,.T.);
#10806 = CIRCLE('',#10807,2.);
#10807 = AXIS2_PLACEMENT_3D('',#10808,#10809,#10810);
#10808 = CARTESIAN_POINT('',(250.97779134401,-8.5,-247.575));
#10809 = DIRECTION('',(0.,1.,0.));
#10810 = DIRECTION('',(0.,0.,1.));
#10811 = ORIENTED_EDGE('',*,*,#10797,.F.);
#10812 = ORIENTED_EDGE('',*,*,#10456,.T.);
#10813 = CYLINDRICAL_SURFACE('',#10814,2.);
#10814 = AXIS2_PLACEMENT_3D('',#10815,#10816,#10817);
#10815 = CARTESIAN_POINT('',(250.97779134401,-14.6,-247.575));
#10816 = DIRECTION('',(0.,1.,0.));
#10817 = DIRECTION('',(0.,0.,1.));
#10818 = ADVANCED_FACE('',(#10819),#10838,.F.);
#10819 = FACE_BOUND('',#10820,.F.);
#10820 = EDGE_LOOP('',(#10821,#10830,#10836,#10837));
#10821 = ORIENTED_EDGE('',*,*,#10822,.F.);
#10822 = EDGE_CURVE('',#10823,#10823,#10825,.T.);
#10823 = VERTEX_POINT('',#10824);
#10824 = CARTESIAN_POINT('',(254.75,-5.5,-251.491342951));
#10825 = CIRCLE('',#10826,1.7);
#10826 = AXIS2_PLACEMENT_3D('',#10827,#10828,#10829);
#10827 = CARTESIAN_POINT('',(254.75,-5.5,-253.191342951));
#10828 = DIRECTION('',(0.,1.,0.));
#10829 = DIRECTION('',(0.,0.,1.));
#10830 = ORIENTED_EDGE('',*,*,#10831,.F.);
#10831 = EDGE_CURVE('',#10468,#10823,#10832,.T.);
#10832 = LINE('',#10833,#10834);
#10833 = CARTESIAN_POINT('',(254.75,-15.5,-251.491342951));
#10834 = VECTOR('',#10835,1.);
#10835 = DIRECTION('',(0.,1.,0.));
#10836 = ORIENTED_EDGE('',*,*,#10467,.T.);
#10837 = ORIENTED_EDGE('',*,*,#10831,.T.);
#10838 = CYLINDRICAL_SURFACE('',#10839,1.7);
#10839 = AXIS2_PLACEMENT_3D('',#10840,#10841,#10842);
#10840 = CARTESIAN_POINT('',(254.75,-15.5,-253.191342951));
#10841 = DIRECTION('',(0.,1.,0.));
#10842 = DIRECTION('',(0.,0.,1.));
#10843 = ADVANCED_FACE('',(#10844),#10863,.F.);
#10844 = FACE_BOUND('',#10845,.F.);
#10845 = EDGE_LOOP('',(#10846,#10855,#10861,#10862));
#10846 = ORIENTED_EDGE('',*,*,#10847,.F.);
#10847 = EDGE_CURVE('',#10848,#10848,#10850,.T.);
#10848 = VERTEX_POINT('',#10849);
#10849 = CARTESIAN_POINT('',(254.75,-5.5,-228.1086570489));
#10850 = CIRCLE('',#10851,1.7);
#10851 = AXIS2_PLACEMENT_3D('',#10852,#10853,#10854);
#10852 = CARTESIAN_POINT('',(254.75,-5.5,-229.8086570489));
#10853 = DIRECTION('',(0.,1.,0.));
#10854 = DIRECTION('',(0.,0.,1.));
#10855 = ORIENTED_EDGE('',*,*,#10856,.F.);
#10856 = EDGE_CURVE('',#10479,#10848,#10857,.T.);
#10857 = LINE('',#10858,#10859);
#10858 = CARTESIAN_POINT('',(254.75,-15.5,-228.1086570489));
#10859 = VECTOR('',#10860,1.);
#10860 = DIRECTION('',(0.,1.,0.));
#10861 = ORIENTED_EDGE('',*,*,#10478,.T.);
#10862 = ORIENTED_EDGE('',*,*,#10856,.T.);
#10863 = CYLINDRICAL_SURFACE('',#10864,1.7);
#10864 = AXIS2_PLACEMENT_3D('',#10865,#10866,#10867);
#10865 = CARTESIAN_POINT('',(254.75,-15.5,-229.8086570489));
#10866 = DIRECTION('',(0.,1.,0.));
#10867 = DIRECTION('',(0.,0.,1.));
#10868 = ADVANCED_FACE('',(#10869),#10888,.F.);
#10869 = FACE_BOUND('',#10870,.F.);
#10870 = EDGE_LOOP('',(#10871,#10879,#10886,#10887));
#10871 = ORIENTED_EDGE('',*,*,#10872,.T.);
#10872 = EDGE_CURVE('',#10490,#10873,#10875,.T.);
#10873 = VERTEX_POINT('',#10874);
#10874 = CARTESIAN_POINT('',(261.5,-8.5,-227.35));
#10875 = LINE('',#10876,#10877);
#10876 = CARTESIAN_POINT('',(261.5,-14.6,-227.35));
#10877 = VECTOR('',#10878,1.);
#10878 = DIRECTION('',(0.,1.,0.));
#10879 = ORIENTED_EDGE('',*,*,#10880,.F.);
#10880 = EDGE_CURVE('',#10873,#10873,#10881,.T.);
#10881 = CIRCLE('',#10882,2.);
#10882 = AXIS2_PLACEMENT_3D('',#10883,#10884,#10885);
#10883 = CARTESIAN_POINT('',(261.5,-8.5,-229.35));
#10884 = DIRECTION('',(0.,1.,0.));
#10885 = DIRECTION('',(0.,0.,1.));
#10886 = ORIENTED_EDGE('',*,*,#10872,.F.);
#10887 = ORIENTED_EDGE('',*,*,#10489,.T.);
#10888 = CYLINDRICAL_SURFACE('',#10889,2.);
#10889 = AXIS2_PLACEMENT_3D('',#10890,#10891,#10892);
#10890 = CARTESIAN_POINT('',(261.5,-14.6,-229.35));
#10891 = DIRECTION('',(0.,1.,0.));
#10892 = DIRECTION('',(0.,0.,1.));
#10893 = ADVANCED_FACE('',(#10894),#10913,.F.);
#10894 = FACE_BOUND('',#10895,.F.);
#10895 = EDGE_LOOP('',(#10896,#10905,#10911,#10912));
#10896 = ORIENTED_EDGE('',*,*,#10897,.F.);
#10897 = EDGE_CURVE('',#10898,#10898,#10900,.T.);
#10898 = VERTEX_POINT('',#10899);
#10899 = CARTESIAN_POINT('',(268.25,-5.5,-251.491342951));
#10900 = CIRCLE('',#10901,1.7);
#10901 = AXIS2_PLACEMENT_3D('',#10902,#10903,#10904);
#10902 = CARTESIAN_POINT('',(268.25,-5.5,-253.191342951));
#10903 = DIRECTION('',(0.,1.,0.));
#10904 = DIRECTION('',(0.,0.,1.));
#10905 = ORIENTED_EDGE('',*,*,#10906,.F.);
#10906 = EDGE_CURVE('',#10501,#10898,#10907,.T.);
#10907 = LINE('',#10908,#10909);
#10908 = CARTESIAN_POINT('',(268.25,-15.5,-251.491342951));
#10909 = VECTOR('',#10910,1.);
#10910 = DIRECTION('',(0.,1.,0.));
#10911 = ORIENTED_EDGE('',*,*,#10500,.T.);
#10912 = ORIENTED_EDGE('',*,*,#10906,.T.);
#10913 = CYLINDRICAL_SURFACE('',#10914,1.7);
#10914 = AXIS2_PLACEMENT_3D('',#10915,#10916,#10917);
#10915 = CARTESIAN_POINT('',(268.25,-15.5,-253.191342951));
#10916 = DIRECTION('',(0.,1.,0.));
#10917 = DIRECTION('',(0.,0.,1.));
#10918 = ADVANCED_FACE('',(#10919),#10938,.F.);
#10919 = FACE_BOUND('',#10920,.F.);
#10920 = EDGE_LOOP('',(#10921,#10929,#10936,#10937));
#10921 = ORIENTED_EDGE('',*,*,#10922,.T.);
#10922 = EDGE_CURVE('',#10512,#10923,#10925,.T.);
#10923 = VERTEX_POINT('',#10924);
#10924 = CARTESIAN_POINT('',(272.02220865598,-8.5,-245.575));
#10925 = LINE('',#10926,#10927);
#10926 = CARTESIAN_POINT('',(272.02220865598,-14.6,-245.575));
#10927 = VECTOR('',#10928,1.);
#10928 = DIRECTION('',(0.,1.,0.));
#10929 = ORIENTED_EDGE('',*,*,#10930,.F.);
#10930 = EDGE_CURVE('',#10923,#10923,#10931,.T.);
#10931 = CIRCLE('',#10932,2.);
#10932 = AXIS2_PLACEMENT_3D('',#10933,#10934,#10935);
#10933 = CARTESIAN_POINT('',(272.02220865598,-8.5,-247.575));
#10934 = DIRECTION('',(0.,1.,0.));
#10935 = DIRECTION('',(0.,0.,1.));
#10936 = ORIENTED_EDGE('',*,*,#10922,.F.);
#10937 = ORIENTED_EDGE('',*,*,#10511,.T.);
#10938 = CYLINDRICAL_SURFACE('',#10939,2.);
#10939 = AXIS2_PLACEMENT_3D('',#10940,#10941,#10942);
#10940 = CARTESIAN_POINT('',(272.02220865598,-14.6,-247.575));
#10941 = DIRECTION('',(0.,1.,0.));
#10942 = DIRECTION('',(0.,0.,1.));
#10943 = ADVANCED_FACE('',(#10944),#10963,.F.);
#10944 = FACE_BOUND('',#10945,.F.);
#10945 = EDGE_LOOP('',(#10946,#10955,#10961,#10962));
#10946 = ORIENTED_EDGE('',*,*,#10947,.F.);
#10947 = EDGE_CURVE('',#10948,#10948,#10950,.T.);
#10948 = VERTEX_POINT('',#10949);
#10949 = CARTESIAN_POINT('',(275.,-5.5,-239.8));
#10950 = CIRCLE('',#10951,1.7);
#10951 = AXIS2_PLACEMENT_3D('',#10952,#10953,#10954);
#10952 = CARTESIAN_POINT('',(275.,-5.5,-241.5));
#10953 = DIRECTION('',(0.,1.,0.));
#10954 = DIRECTION('',(0.,0.,1.));
#10955 = ORIENTED_EDGE('',*,*,#10956,.F.);
#10956 = EDGE_CURVE('',#10523,#10948,#10957,.T.);
#10957 = LINE('',#10958,#10959);
#10958 = CARTESIAN_POINT('',(275.,-15.5,-239.8));
#10959 = VECTOR('',#10960,1.);
#10960 = DIRECTION('',(0.,1.,0.));
#10961 = ORIENTED_EDGE('',*,*,#10522,.T.);
#10962 = ORIENTED_EDGE('',*,*,#10956,.T.);
#10963 = CYLINDRICAL_SURFACE('',#10964,1.7);
#10964 = AXIS2_PLACEMENT_3D('',#10965,#10966,#10967);
#10965 = CARTESIAN_POINT('',(275.,-15.5,-241.5));
#10966 = DIRECTION('',(0.,1.,0.));
#10967 = DIRECTION('',(0.,0.,1.));
#10968 = ADVANCED_FACE('',(#10969),#10988,.F.);
#10969 = FACE_BOUND('',#10970,.F.);
#10970 = EDGE_LOOP('',(#10971,#10980,#10986,#10987));
#10971 = ORIENTED_EDGE('',*,*,#10972,.F.);
#10972 = EDGE_CURVE('',#10973,#10973,#10975,.T.);
#10973 = VERTEX_POINT('',#10974);
#10974 = CARTESIAN_POINT('',(268.25,-5.5,-228.1086570489));
#10975 = CIRCLE('',#10976,1.7);
#10976 = AXIS2_PLACEMENT_3D('',#10977,#10978,#10979);
#10977 = CARTESIAN_POINT('',(268.25,-5.5,-229.8086570489));
#10978 = DIRECTION('',(0.,1.,0.));
#10979 = DIRECTION('',(0.,0.,1.));
#10980 = ORIENTED_EDGE('',*,*,#10981,.F.);
#10981 = EDGE_CURVE('',#10534,#10973,#10982,.T.);
#10982 = LINE('',#10983,#10984);
#10983 = CARTESIAN_POINT('',(268.25,-15.5,-228.1086570489));
#10984 = VECTOR('',#10985,1.);
#10985 = DIRECTION('',(0.,1.,0.));
#10986 = ORIENTED_EDGE('',*,*,#10533,.T.);
#10987 = ORIENTED_EDGE('',*,*,#10981,.T.);
#10988 = CYLINDRICAL_SURFACE('',#10989,1.7);
#10989 = AXIS2_PLACEMENT_3D('',#10990,#10991,#10992);
#10990 = CARTESIAN_POINT('',(268.25,-15.5,-229.8086570489));
#10991 = DIRECTION('',(0.,1.,0.));
#10992 = DIRECTION('',(0.,0.,1.));
#10993 = ADVANCED_FACE('',(#10994,#10997),#11000,.T.);
#10994 = FACE_BOUND('',#10995,.T.);
#10995 = EDGE_LOOP('',(#10996));
#10996 = ORIENTED_EDGE('',*,*,#10559,.T.);
#10997 = FACE_BOUND('',#10998,.T.);
#10998 = EDGE_LOOP('',(#10999));
#10999 = ORIENTED_EDGE('',*,*,#10822,.F.);
#11000 = PLANE('',#11001);
#11001 = AXIS2_PLACEMENT_3D('',#11002,#11003,#11004);
#11002 = CARTESIAN_POINT('',(254.75,-5.5,-253.191342951));
#11003 = DIRECTION('',(0.,1.,0.));
#11004 = DIRECTION('',(0.,0.,1.));
#11005 = ADVANCED_FACE('',(#11006,#11009),#11012,.T.);
#11006 = FACE_BOUND('',#11007,.T.);
#11007 = EDGE_LOOP('',(#11008));
#11008 = ORIENTED_EDGE('',*,*,#10584,.T.);
#11009 = FACE_BOUND('',#11010,.T.);
#11010 = EDGE_LOOP('',(#11011));
#11011 = ORIENTED_EDGE('',*,*,#10772,.F.);
#11012 = PLANE('',#11013);
#11013 = AXIS2_PLACEMENT_3D('',#11014,#11015,#11016);
#11014 = CARTESIAN_POINT('',(248.,-5.5,-241.5));
#11015 = DIRECTION('',(0.,1.,0.));
#11016 = DIRECTION('',(0.,0.,1.));
#11017 = ADVANCED_FACE('',(#11018,#11021),#11024,.T.);
#11018 = FACE_BOUND('',#11019,.T.);
#11019 = EDGE_LOOP('',(#11020));
#11020 = ORIENTED_EDGE('',*,*,#10609,.T.);
#11021 = FACE_BOUND('',#11022,.T.);
#11022 = EDGE_LOOP('',(#11023));
#11023 = ORIENTED_EDGE('',*,*,#10847,.F.);
#11024 = PLANE('',#11025);
#11025 = AXIS2_PLACEMENT_3D('',#11026,#11027,#11028);
#11026 = CARTESIAN_POINT('',(254.75,-5.5,-229.8086570489));
#11027 = DIRECTION('',(0.,1.,0.));
#11028 = DIRECTION('',(0.,0.,1.));
#11029 = ADVANCED_FACE('',(#11030,#11033),#11036,.T.);
#11030 = FACE_BOUND('',#11031,.T.);
#11031 = EDGE_LOOP('',(#11032));
#11032 = ORIENTED_EDGE('',*,*,#10634,.T.);
#11033 = FACE_BOUND('',#11034,.T.);
#11034 = EDGE_LOOP('',(#11035));
#11035 = ORIENTED_EDGE('',*,*,#10897,.F.);
#11036 = PLANE('',#11037);
#11037 = AXIS2_PLACEMENT_3D('',#11038,#11039,#11040);
#11038 = CARTESIAN_POINT('',(268.25,-5.5,-253.191342951));
#11039 = DIRECTION('',(0.,1.,0.));
#11040 = DIRECTION('',(0.,0.,1.));
#11041 = ADVANCED_FACE('',(#11042,#11045),#11048,.T.);
#11042 = FACE_BOUND('',#11043,.T.);
#11043 = EDGE_LOOP('',(#11044));
#11044 = ORIENTED_EDGE('',*,*,#10659,.T.);
#11045 = FACE_BOUND('',#11046,.T.);
#11046 = EDGE_LOOP('',(#11047));
#11047 = ORIENTED_EDGE('',*,*,#10972,.F.);
#11048 = PLANE('',#11049);
#11049 = AXIS2_PLACEMENT_3D('',#11050,#11051,#11052);
#11050 = CARTESIAN_POINT('',(268.25,-5.5,-229.8086570489));
#11051 = DIRECTION('',(0.,1.,0.));
#11052 = DIRECTION('',(0.,0.,1.));
#11053 = ADVANCED_FACE('',(#11054,#11057),#11060,.T.);
#11054 = FACE_BOUND('',#11055,.T.);
#11055 = EDGE_LOOP('',(#11056));
#11056 = ORIENTED_EDGE('',*,*,#10684,.T.);
#11057 = FACE_BOUND('',#11058,.T.);
#11058 = EDGE_LOOP('',(#11059));
#11059 = ORIENTED_EDGE('',*,*,#10947,.F.);
#11060 = PLANE('',#11061);
#11061 = AXIS2_PLACEMENT_3D('',#11062,#11063,#11064);
#11062 = CARTESIAN_POINT('',(275.,-5.5,-241.5));
#11063 = DIRECTION('',(0.,1.,0.));
#11064 = DIRECTION('',(0.,0.,1.));
#11065 = ADVANCED_FACE('',(#11066),#11069,.F.);
#11066 = FACE_BOUND('',#11067,.F.);
#11067 = EDGE_LOOP('',(#11068));
#11068 = ORIENTED_EDGE('',*,*,#10805,.T.);
#11069 = PLANE('',#11070);
#11070 = AXIS2_PLACEMENT_3D('',#11071,#11072,#11073);
#11071 = CARTESIAN_POINT('',(250.97779134401,-8.5,-247.575));
#11072 = DIRECTION('',(0.,1.,0.));
#11073 = DIRECTION('',(0.,0.,1.));
#11074 = ADVANCED_FACE('',(#11075),#11078,.F.);
#11075 = FACE_BOUND('',#11076,.F.);
#11076 = EDGE_LOOP('',(#11077));
#11077 = ORIENTED_EDGE('',*,*,#10880,.T.);
#11078 = PLANE('',#11079);
#11079 = AXIS2_PLACEMENT_3D('',#11080,#11081,#11082);
#11080 = CARTESIAN_POINT('',(261.5,-8.5,-229.35));
#11081 = DIRECTION('',(0.,1.,0.));
#11082 = DIRECTION('',(0.,0.,1.));
#11083 = ADVANCED_FACE('',(#11084),#11087,.F.);
#11084 = FACE_BOUND('',#11085,.F.);
#11085 = EDGE_LOOP('',(#11086));
#11086 = ORIENTED_EDGE('',*,*,#10930,.T.);
#11087 = PLANE('',#11088);
#11088 = AXIS2_PLACEMENT_3D('',#11089,#11090,#11091);
#11089 = CARTESIAN_POINT('',(272.02220865598,-8.5,-247.575));
#11090 = DIRECTION('',(0.,1.,0.));
#11091 = DIRECTION('',(0.,0.,1.));
#11092 = MANIFOLD_SOLID_BREP('',#11093);
#11093 = CLOSED_SHELL('',(#11094,#11355,#11408,#11500,#11525,#11550,
    #11575,#11600,#11625,#11650,#11675,#11700,#11793,#11843,#11919,
    #11969,#12045,#12095,#12171,#12214,#12234,#12254,#12274,#12294,
    #12306,#12318,#12330,#12342,#12363,#12380,#12397,#12414));
#11094 = ADVANCED_FACE('',(#11095,#11122,#11179,#11236,#11293),#11350,
  .T.);
#11095 = FACE_BOUND('',#11096,.T.);
#11096 = EDGE_LOOP('',(#11097,#11106,#11114,#11121));
#11097 = ORIENTED_EDGE('',*,*,#11098,.F.);
#11098 = EDGE_CURVE('',#11099,#11099,#11101,.T.);
#11099 = VERTEX_POINT('',#11100);
#11100 = CARTESIAN_POINT('',(373.5,0.,-220.));
#11101 = CIRCLE('',#11102,28.5);
#11102 = AXIS2_PLACEMENT_3D('',#11103,#11104,#11105);
#11103 = CARTESIAN_POINT('',(373.5,0.,-248.5));
#11104 = DIRECTION('',(0.,1.,0.));
#11105 = DIRECTION('',(0.,0.,1.));
#11106 = ORIENTED_EDGE('',*,*,#11107,.F.);
#11107 = EDGE_CURVE('',#11108,#11099,#11110,.T.);
#11108 = VERTEX_POINT('',#11109);
#11109 = CARTESIAN_POINT('',(373.5,-13.5,-220.));
#11110 = LINE('',#11111,#11112);
#11111 = CARTESIAN_POINT('',(373.5,-13.5,-220.));
#11112 = VECTOR('',#11113,1.);
#11113 = DIRECTION('',(0.,1.,0.));
#11114 = ORIENTED_EDGE('',*,*,#11115,.T.);
#11115 = EDGE_CURVE('',#11108,#11108,#11116,.T.);
#11116 = CIRCLE('',#11117,28.5);
#11117 = AXIS2_PLACEMENT_3D('',#11118,#11119,#11120);
#11118 = CARTESIAN_POINT('',(373.5,-13.5,-248.5));
#11119 = DIRECTION('',(0.,1.,0.));
#11120 = DIRECTION('',(0.,0.,1.));
#11121 = ORIENTED_EDGE('',*,*,#11107,.T.);
#11122 = FACE_BOUND('',#11123,.T.);
#11123 = EDGE_LOOP('',(#11124));
#11124 = ORIENTED_EDGE('',*,*,#11125,.F.);
#11125 = EDGE_CURVE('',#11126,#11126,#11128,.T.);
#11126 = VERTEX_POINT('',#11127);
#11127 = CARTESIAN_POINT('',(400.13542356948,-10.,-238.3607588413));
#11128 = B_SPLINE_CURVE_WITH_KNOTS('',7,(#11129,#11130,#11131,#11132,
    #11133,#11134,#11135,#11136,#11137,#11138,#11139,#11140,#11141,
    #11142,#11143,#11144,#11145,#11146,#11147,#11148,#11149,#11150,
    #11151,#11152,#11153,#11154,#11155,#11156,#11157,#11158,#11159,
    #11160,#11161,#11162,#11163,#11164,#11165,#11166,#11167,#11168,
    #11169,#11170,#11171,#11172,#11173,#11174,#11175,#11176,#11177,
    #11178),.UNSPECIFIED.,.T.,.F.,(8,6,6,6,6,6,6,6,8),(0.,0.134425926787
    ,0.25093378058,0.358522890422,0.501103838488,0.634937535212,
    0.750932099227,0.858047211925,1.),.UNSPECIFIED.);
#11129 = CARTESIAN_POINT('',(400.13542356948,-10.,-238.3607588413));
#11130 = CARTESIAN_POINT('',(400.13542356948,-10.30140471098,
    -238.3607588413));
#11131 = CARTESIAN_POINT('',(400.14849291394,-10.60242725057,
    -238.3950916822));
#11132 = CARTESIAN_POINT('',(400.17457534361,-10.90066339002,
    -238.4636085596));
#11133 = CARTESIAN_POINT('',(400.213721881,-11.19340950411,
    -238.5672855214));
#11134 = CARTESIAN_POINT('',(400.2660023147,-11.4771097113,
    -238.7079551484));
#11135 = CARTESIAN_POINT('',(400.33124837668,-11.74666525102,
    -238.8880569472));
#11136 = CARTESIAN_POINT('',(400.47592677542,-12.20897977223,
    -239.3026664754));
#11137 = CARTESIAN_POINT('',(400.55404464676,-12.41273195892,
    -239.531696305));
#11138 = CARTESIAN_POINT('',(400.64177242633,-12.59345958294,
    -239.7969043894));
#11139 = CARTESIAN_POINT('',(400.73650619371,-12.7405642573,
    -240.0951608182));
#11140 = CARTESIAN_POINT('',(400.83482283255,-12.84511788114,
    -240.4209806864));
#11141 = CARTESIAN_POINT('',(400.93329012085,-12.9,-240.7668883528));
#11142 = CARTESIAN_POINT('',(401.11716405371,-12.9,-241.4531152124));
#11143 = CARTESIAN_POINT('',(401.1989387785,-12.85319864112,
    -241.7767028688));
#11144 = CARTESIAN_POINT('',(401.27246602972,-12.7632262543,
    -242.08648102));
#11145 = CARTESIAN_POINT('',(401.33690875106,-12.63553126704,
    -242.3753415057));
#11146 = CARTESIAN_POINT('',(401.39224388753,-12.47726019787,
    -242.6374593023));
#11147 = CARTESIAN_POINT('',(401.43889593007,-12.29714256852,
    -242.868901051));
#11148 = CARTESIAN_POINT('',(401.52882958086,-11.85126547073,
    -243.3321148666));
#11149 = CARTESIAN_POINT('',(401.56758675474,-11.56923375274,
    -243.5472732352));
#11150 = CARTESIAN_POINT('',(401.59628032534,-11.26962776974,
    -243.7156585306));
#11151 = CARTESIAN_POINT('',(401.61669937384,-10.9589374899,
    -243.8398670859));
#11152 = CARTESIAN_POINT('',(401.62993622192,-10.64170573243,
    -243.9219634989));
#11153 = CARTESIAN_POINT('',(401.63657403107,-10.32110425472,
    -243.9631286337));
#11154 = CARTESIAN_POINT('',(401.63657403107,-9.698595289016,
    -243.9631286337));
#11155 = CARTESIAN_POINT('',(401.6307259949,-9.397572749426,
    -243.926860849));
#11156 = CARTESIAN_POINT('',(401.61905560289,-9.099336609975,
    -243.8544822778));
#11157 = CARTESIAN_POINT('',(401.60111901786,-8.806590495883,
    -243.7451221264));
#11158 = CARTESIAN_POINT('',(401.57606038806,-8.522890288694,
    -243.5971584391));
#11159 = CARTESIAN_POINT('',(401.54251423581,-8.253334748975,
    -243.408562675));
#11160 = CARTESIAN_POINT('',(401.4605046404,-7.791020227779,
    -242.9771610915));
#11161 = CARTESIAN_POINT('',(401.41364178666,-7.587268041059,
    -242.7397565052));
#11162 = CARTESIAN_POINT('',(401.35701223019,-7.406540417053,
    -242.466215677));
#11163 = CARTESIAN_POINT('',(401.28992586497,-7.259435742704,
    -242.1605511492));
#11164 = CARTESIAN_POINT('',(401.2121606377,-7.154882118851,
    -241.8292245469));
#11165 = CARTESIAN_POINT('',(401.12448197761,-7.1,-241.4804260762));
#11166 = CARTESIAN_POINT('',(400.94060804475,-7.1,-240.7941992166));
#11167 = CARTESIAN_POINT('',(400.8496332056,-7.146801358877,
    -240.4730767234));
#11168 = CARTESIAN_POINT('',(400.75842059748,-7.236773745699,
    -240.1680373494));
#11169 = CARTESIAN_POINT('',(400.66979938838,-7.364468732954,
    -239.88565547));
#11170 = CARTESIAN_POINT('',(400.586662124,-7.522739802127,
    -239.6309872311));
#11171 = CARTESIAN_POINT('',(400.51134310359,-7.702857431475,
    -239.4072267759));
#11172 = CARTESIAN_POINT('',(400.35762102325,-8.148734525737,
    -238.9611050223));
#11173 = CARTESIAN_POINT('',(400.28360653122,-8.43076626195,
    -238.7553938082));
#11174 = CARTESIAN_POINT('',(400.22426325335,-8.73037220257,
    -238.5952211047));
#11175 = CARTESIAN_POINT('',(400.17984238175,-9.041062538771,
    -238.4774437914));
#11176 = CARTESIAN_POINT('',(400.15025762665,-9.358294251114,
    -238.3997278015));
#11177 = CARTESIAN_POINT('',(400.13542356948,-9.678895749659,
    -238.3607588413));
#11178 = CARTESIAN_POINT('',(400.13542356948,-10.,-238.3607588413));
#11179 = FACE_BOUND('',#11180,.T.);
#11180 = EDGE_LOOP('',(#11181));
#11181 = ORIENTED_EDGE('',*,*,#11182,.F.);
#11182 = EDGE_CURVE('',#11183,#11183,#11185,.T.);
#11183 = VERTEX_POINT('',#11184);
#11184 = CARTESIAN_POINT('',(378.03687136621,-10.,-276.636574031));
#11185 = B_SPLINE_CURVE_WITH_KNOTS('',7,(#11186,#11187,#11188,#11189,
    #11190,#11191,#11192,#11193,#11194,#11195,#11196,#11197,#11198,
    #11199,#11200,#11201,#11202,#11203,#11204,#11205,#11206,#11207,
    #11208,#11209,#11210,#11211,#11212,#11213,#11214,#11215,#11216,
    #11217,#11218,#11219,#11220,#11221,#11222,#11223,#11224,#11225,
    #11226,#11227,#11228,#11229,#11230,#11231,#11232,#11233,#11234,
    #11235),.UNSPECIFIED.,.T.,.F.,(8,6,6,6,6,6,6,6,8),(0.,0.134425927064
    ,0.250933781098,0.358522891162,0.501103837541,0.63493753451,
    0.750932098762,0.85804721166,1.),.UNSPECIFIED.);
#11186 = CARTESIAN_POINT('',(378.03687136621,-10.,-276.636574031));
#11187 = CARTESIAN_POINT('',(378.03687136621,-9.698595289016,
    -276.636574031));
#11188 = CARTESIAN_POINT('',(378.07313915093,-9.397572749426,
    -276.6307259949));
#11189 = CARTESIAN_POINT('',(378.14551772215,-9.099336609974,
    -276.6190556028));
#11190 = CARTESIAN_POINT('',(378.25487787352,-8.806590495883,
    -276.6011190178));
#11191 = CARTESIAN_POINT('',(378.40284156089,-8.522890288694,
    -276.576060388));
#11192 = CARTESIAN_POINT('',(378.59143732497,-8.253334748975,
    -276.5425142358));
#11193 = CARTESIAN_POINT('',(379.02283890841,-7.79102022777,
    -276.4605046404));
#11194 = CARTESIAN_POINT('',(379.26024349473,-7.587268041072,
    -276.4136417866));
#11195 = CARTESIAN_POINT('',(379.5337843229,-7.406540417052,
    -276.3570122301));
#11196 = CARTESIAN_POINT('',(379.83944885071,-7.259435742697,
    -276.2899258649));
#11197 = CARTESIAN_POINT('',(380.17077545309,-7.154882118854,
    -276.2121606377));
#11198 = CARTESIAN_POINT('',(380.5195739237,-7.1,-276.1244819776));
#11199 = CARTESIAN_POINT('',(381.20580078333,-7.1,-275.9406080447));
#11200 = CARTESIAN_POINT('',(381.52692327652,-7.146801358877,
    -275.8496332056));
#11201 = CARTESIAN_POINT('',(381.83196265054,-7.236773745699,
    -275.7584205974));
#11202 = CARTESIAN_POINT('',(382.11434452999,-7.364468732953,
    -275.6697993883));
#11203 = CARTESIAN_POINT('',(382.36901276884,-7.522739802128,
    -275.586662124));
#11204 = CARTESIAN_POINT('',(382.59277322405,-7.702857431475,
    -275.5113431035));
#11205 = CARTESIAN_POINT('',(383.03889497761,-8.148734525737,
    -275.3576210232));
#11206 = CARTESIAN_POINT('',(383.24460619171,-8.43076626195,
    -275.2836065312));
#11207 = CARTESIAN_POINT('',(383.40477889527,-8.730372202569,
    -275.2242632533));
#11208 = CARTESIAN_POINT('',(383.52255620858,-9.041062538772,
    -275.1798423817));
#11209 = CARTESIAN_POINT('',(383.60027219845,-9.358294251113,
    -275.1502576266));
#11210 = CARTESIAN_POINT('',(383.63924115869,-9.678895749659,
    -275.1354235694));
#11211 = CARTESIAN_POINT('',(383.63924115869,-10.30140471098,
    -275.1354235694));
#11212 = CARTESIAN_POINT('',(383.6049083177,-10.60242725057,
    -275.1484929139));
#11213 = CARTESIAN_POINT('',(383.53639144033,-10.90066339002,
    -275.1745753436));
#11214 = CARTESIAN_POINT('',(383.43271447857,-11.19340950411,
    -275.213721881));
#11215 = CARTESIAN_POINT('',(383.29204485157,-11.4771097113,
    -275.2660023147));
#11216 = CARTESIAN_POINT('',(383.1119430527,-11.74666525102,
    -275.3312483766));
#11217 = CARTESIAN_POINT('',(382.69733352447,-12.20897977227,
    -275.4759267754));
#11218 = CARTESIAN_POINT('',(382.46830369494,-12.41273195887,
    -275.5540446467));
#11219 = CARTESIAN_POINT('',(382.20309561055,-12.59345958294,
    -275.6417724263));
#11220 = CARTESIAN_POINT('',(381.90483918173,-12.74056425733,
    -275.7365061937));
#11221 = CARTESIAN_POINT('',(381.57901931348,-12.84511788113,
    -275.8348228325));
#11222 = CARTESIAN_POINT('',(381.23311164719,-12.9,-275.9332901208));
#11223 = CARTESIAN_POINT('',(380.54688478751,-12.9,-276.1171640537));
#11224 = CARTESIAN_POINT('',(380.2232971311,-12.85319864112,
    -276.1989387785));
#11225 = CARTESIAN_POINT('',(379.91351897998,-12.7632262543,
    -276.2724660297));
#11226 = CARTESIAN_POINT('',(379.62465849426,-12.63553126704,
    -276.336908751));
#11227 = CARTESIAN_POINT('',(379.36254069769,-12.47726019787,
    -276.3922438875));
#11228 = CARTESIAN_POINT('',(379.1310989489,-12.29714256852,
    -276.43889593));
#11229 = CARTESIAN_POINT('',(378.66788513698,-11.85126547426,
    -276.5288295801));
#11230 = CARTESIAN_POINT('',(378.45272675371,-11.56923373804,
    -276.5675867568));
#11231 = CARTESIAN_POINT('',(378.2843414845,-11.26962779743,
    -276.5962803224));
#11232 = CARTESIAN_POINT('',(378.16013290338,-10.95893746122,
    -276.6166993758));
#11233 = CARTESIAN_POINT('',(378.07803650433,-10.64170574888,
    -276.6299362213));
#11234 = CARTESIAN_POINT('',(378.03687136621,-10.32110425034,
    -276.636574031));
#11235 = CARTESIAN_POINT('',(378.03687136621,-10.,-276.636574031));
#11236 = FACE_BOUND('',#11237,.T.);
#11237 = EDGE_LOOP('',(#11238));
#11238 = ORIENTED_EDGE('',*,*,#11239,.F.);
#11239 = EDGE_CURVE('',#11240,#11240,#11242,.T.);
#11240 = VERTEX_POINT('',#11241);
#11241 = CARTESIAN_POINT('',(346.86457643051,-10.,-258.6392411586));
#11242 = B_SPLINE_CURVE_WITH_KNOTS('',7,(#11243,#11244,#11245,#11246,
    #11247,#11248,#11249,#11250,#11251,#11252,#11253,#11254,#11255,
    #11256,#11257,#11258,#11259,#11260,#11261,#11262,#11263,#11264,
    #11265,#11266,#11267,#11268,#11269,#11270,#11271,#11272,#11273,
    #11274,#11275,#11276,#11277,#11278,#11279,#11280,#11281,#11282,
    #11283,#11284,#11285,#11286,#11287,#11288,#11289,#11290,#11291,
    #11292),.UNSPECIFIED.,.T.,.F.,(8,6,6,6,6,6,6,6,8),(0.,0.134425926787
    ,0.250933780579,0.35852289042,0.501103838485,0.634937535209,
    0.750932099227,0.858047211925,1.),.UNSPECIFIED.);
#11243 = CARTESIAN_POINT('',(346.86457643051,-10.,-258.6392411586));
#11244 = CARTESIAN_POINT('',(346.86457643051,-10.30140471098,
    -258.6392411586));
#11245 = CARTESIAN_POINT('',(346.85150708605,-10.60242725057,
    -258.6049083177));
#11246 = CARTESIAN_POINT('',(346.82542465638,-10.90066339002,
    -258.5363914403));
#11247 = CARTESIAN_POINT('',(346.78627811899,-11.19340950411,
    -258.4327144785));
#11248 = CARTESIAN_POINT('',(346.73399768529,-11.4771097113,
    -258.2920448515));
#11249 = CARTESIAN_POINT('',(346.66875162331,-11.74666525102,
    -258.1119430527));
#11250 = CARTESIAN_POINT('',(346.52407322457,-12.20897977223,
    -257.6973335245));
#11251 = CARTESIAN_POINT('',(346.44595535323,-12.41273195892,
    -257.4683036949));
#11252 = CARTESIAN_POINT('',(346.35822757366,-12.59345958294,
    -257.2030956105));
#11253 = CARTESIAN_POINT('',(346.26349380628,-12.7405642573,
    -256.9048391817));
#11254 = CARTESIAN_POINT('',(346.16517716744,-12.84511788114,
    -256.5790193135));
#11255 = CARTESIAN_POINT('',(346.06670987914,-12.9,-256.2331116471));
#11256 = CARTESIAN_POINT('',(345.88283594628,-12.9,-255.5468847875));
#11257 = CARTESIAN_POINT('',(345.8010612215,-12.85319864112,
    -255.2232971311));
#11258 = CARTESIAN_POINT('',(345.72753397027,-12.7632262543,
    -254.9135189799));
#11259 = CARTESIAN_POINT('',(345.66309124893,-12.63553126704,
    -254.6246584942));
#11260 = CARTESIAN_POINT('',(345.60775611246,-12.47726019787,
    -254.3625406976));
#11261 = CARTESIAN_POINT('',(345.56110406992,-12.29714256852,
    -254.1310989489));
#11262 = CARTESIAN_POINT('',(345.47117041913,-11.85126547073,
    -253.6678851333));
#11263 = CARTESIAN_POINT('',(345.43241324525,-11.56923375274,
    -253.4527267647));
#11264 = CARTESIAN_POINT('',(345.40371967465,-11.26962776974,
    -253.2843414693));
#11265 = CARTESIAN_POINT('',(345.38330062615,-10.95893748991,
    -253.160132914));
#11266 = CARTESIAN_POINT('',(345.37006377807,-10.64170573243,
    -253.078036501));
#11267 = CARTESIAN_POINT('',(345.36342596892,-10.32110425472,
    -253.0368713662));
#11268 = CARTESIAN_POINT('',(345.36342596892,-9.698595289016,
    -253.0368713662));
#11269 = CARTESIAN_POINT('',(345.3692740051,-9.397572749427,
    -253.0731391509));
#11270 = CARTESIAN_POINT('',(345.3809443971,-9.099336609973,
    -253.1455177221));
#11271 = CARTESIAN_POINT('',(345.39888098213,-8.806590495884,
    -253.2548778735));
#11272 = CARTESIAN_POINT('',(345.42393961193,-8.522890288693,
    -253.4028415608));
#11273 = CARTESIAN_POINT('',(345.45748576418,-8.253334748976,
    -253.5914373249));
#11274 = CARTESIAN_POINT('',(345.53949535959,-7.79102022777,
    -254.0228389084));
#11275 = CARTESIAN_POINT('',(345.58635821333,-7.587268041072,
    -254.2602434947));
#11276 = CARTESIAN_POINT('',(345.6429877698,-7.406540417052,
    -254.5337843229));
#11277 = CARTESIAN_POINT('',(345.71007413502,-7.259435742697,
    -254.8394488507));
#11278 = CARTESIAN_POINT('',(345.78783936229,-7.154882118854,
    -255.170775453));
#11279 = CARTESIAN_POINT('',(345.87551802238,-7.1,-255.5195739237));
#11280 = CARTESIAN_POINT('',(346.05939195524,-7.1,-256.2058007833));
#11281 = CARTESIAN_POINT('',(346.15036679439,-7.146801358876,
    -256.5269232765));
#11282 = CARTESIAN_POINT('',(346.24157940252,-7.2367737457,
    -256.8319626505));
#11283 = CARTESIAN_POINT('',(346.33020061161,-7.364468732953,
    -257.1143445299));
#11284 = CARTESIAN_POINT('',(346.41333787599,-7.522739802128,
    -257.3690127688));
#11285 = CARTESIAN_POINT('',(346.4886568964,-7.702857431475,
    -257.592773224));
#11286 = CARTESIAN_POINT('',(346.64237897675,-8.148734525736,
    -258.0388949776));
#11287 = CARTESIAN_POINT('',(346.71639346877,-8.430766261951,
    -258.2446061917));
#11288 = CARTESIAN_POINT('',(346.77573674664,-8.730372202569,
    -258.4047788952));
#11289 = CARTESIAN_POINT('',(346.82015761824,-9.041062538771,
    -258.5225562085));
#11290 = CARTESIAN_POINT('',(346.84974237334,-9.358294251115,
    -258.6002721984));
#11291 = CARTESIAN_POINT('',(346.86457643051,-9.678895749658,
    -258.6392411586));
#11292 = CARTESIAN_POINT('',(346.86457643051,-10.,-258.6392411586));
#11293 = FACE_BOUND('',#11294,.T.);
#11294 = EDGE_LOOP('',(#11295));
#11295 = ORIENTED_EDGE('',*,*,#11296,.F.);
#11296 = EDGE_CURVE('',#11297,#11297,#11299,.T.);
#11297 = VERTEX_POINT('',#11298);
#11298 = CARTESIAN_POINT('',(368.96312863378,-10.,-220.3634259689));
#11299 = B_SPLINE_CURVE_WITH_KNOTS('',7,(#11300,#11301,#11302,#11303,
    #11304,#11305,#11306,#11307,#11308,#11309,#11310,#11311,#11312,
    #11313,#11314,#11315,#11316,#11317,#11318,#11319,#11320,#11321,
    #11322,#11323,#11324,#11325,#11326,#11327,#11328,#11329,#11330,
    #11331,#11332,#11333,#11334,#11335,#11336,#11337,#11338,#11339,
    #11340,#11341,#11342,#11343,#11344,#11345,#11346,#11347,#11348,
    #11349),.UNSPECIFIED.,.T.,.F.,(8,6,6,6,6,6,6,6,8),(0.,0.134425926521
    ,0.250933780084,0.358522889713,0.501103837496,0.634937533957,
    0.750932097747,0.858047210234,1.),.UNSPECIFIED.);
#11300 = CARTESIAN_POINT('',(368.96312863378,-10.,-220.3634259689));
#11301 = CARTESIAN_POINT('',(368.96312863378,-9.698595289016,
    -220.3634259689));
#11302 = CARTESIAN_POINT('',(368.92686084907,-9.397572749427,
    -220.3692740051));
#11303 = CARTESIAN_POINT('',(368.85448227784,-9.099336609972,
    -220.3809443971));
#11304 = CARTESIAN_POINT('',(368.74512212647,-8.806590495885,
    -220.3988809821));
#11305 = CARTESIAN_POINT('',(368.5971584391,-8.522890288693,
    -220.4239396119));
#11306 = CARTESIAN_POINT('',(368.40856267502,-8.253334748976,
    -220.4574857641));
#11307 = CARTESIAN_POINT('',(367.97716109158,-7.79102022777,
    -220.5394953595));
#11308 = CARTESIAN_POINT('',(367.73975650526,-7.587268041072,
    -220.5863582133));
#11309 = CARTESIAN_POINT('',(367.4662156771,-7.406540417052,
    -220.6429877698));
#11310 = CARTESIAN_POINT('',(367.16055114928,-7.259435742697,
    -220.710074135));
#11311 = CARTESIAN_POINT('',(366.8292245469,-7.154882118854,
    -220.7878393622));
#11312 = CARTESIAN_POINT('',(366.48042607629,-7.1,-220.8755180223));
#11313 = CARTESIAN_POINT('',(365.79419921666,-7.1,-221.0593919552));
#11314 = CARTESIAN_POINT('',(365.47307672347,-7.146801358877,
    -221.1503667943));
#11315 = CARTESIAN_POINT('',(365.16803734946,-7.236773745699,
    -221.2415794025));
#11316 = CARTESIAN_POINT('',(364.88565547,-7.364468732954,
    -221.3302006116));
#11317 = CARTESIAN_POINT('',(364.63098723115,-7.522739802128,
    -221.4133378759));
#11318 = CARTESIAN_POINT('',(364.40722677594,-7.702857431475,
    -221.4886568964));
#11319 = CARTESIAN_POINT('',(363.96110501885,-8.148734529265,
    -221.6423789779));
#11320 = CARTESIAN_POINT('',(363.75539381892,-8.430766247253,
    -221.716393465));
#11321 = CARTESIAN_POINT('',(363.59522109014,-8.730372230256,
    -221.7757367517));
#11322 = CARTESIAN_POINT('',(363.47744380167,-9.041062510091,
    -221.8201576146));
#11323 = CARTESIAN_POINT('',(363.39972779839,-9.358294267563,
    -221.8497423744));
#11324 = CARTESIAN_POINT('',(363.3607588413,-9.678895745278,
    -221.8645764305));
#11325 = CARTESIAN_POINT('',(363.3607588413,-10.30140471098,
    -221.8645764305));
#11326 = CARTESIAN_POINT('',(363.39509168229,-10.60242725057,
    -221.851507086));
#11327 = CARTESIAN_POINT('',(363.46360855966,-10.90066339002,
    -221.8254246563));
#11328 = CARTESIAN_POINT('',(363.56728552143,-11.19340950411,
    -221.7862781189));
#11329 = CARTESIAN_POINT('',(363.70795514843,-11.4771097113,
    -221.7339976852));
#11330 = CARTESIAN_POINT('',(363.88805694729,-11.74666525102,
    -221.6687516233));
#11331 = CARTESIAN_POINT('',(364.30266647549,-12.20897977223,
    -221.5240732245));
#11332 = CARTESIAN_POINT('',(364.53169630509,-12.41273195892,
    -221.4459553532));
#11333 = CARTESIAN_POINT('',(364.79690438948,-12.59345958294,
    -221.3582275736));
#11334 = CARTESIAN_POINT('',(365.09516081822,-12.7405642573,
    -221.2634938062));
#11335 = CARTESIAN_POINT('',(365.42098068646,-12.84511788114,
    -221.1651771674));
#11336 = CARTESIAN_POINT('',(365.76688835286,-12.9,-221.0667098791));
#11337 = CARTESIAN_POINT('',(366.45311521248,-12.9,-220.8828359462));
#11338 = CARTESIAN_POINT('',(366.77670286889,-12.85319864112,
    -220.8010612215));
#11339 = CARTESIAN_POINT('',(367.08648102001,-12.7632262543,
    -220.7275339702));
#11340 = CARTESIAN_POINT('',(367.37534150573,-12.63553126704,
    -220.6630912489));
#11341 = CARTESIAN_POINT('',(367.6374593023,-12.47726019787,
    -220.6077561124));
#11342 = CARTESIAN_POINT('',(367.86890105109,-12.29714256852,
    -220.5611040699));
#11343 = CARTESIAN_POINT('',(368.33211486668,-11.85126547073,
    -220.4711704191));
#11344 = CARTESIAN_POINT('',(368.54727323522,-11.56923375274,
    -220.4324132452));
#11345 = CARTESIAN_POINT('',(368.71565853066,-11.26962776974,
    -220.4037196746));
#11346 = CARTESIAN_POINT('',(368.83986708592,-10.95893748991,
    -220.3833006261));
#11347 = CARTESIAN_POINT('',(368.92196349895,-10.64170573243,
    -220.370063778));
#11348 = CARTESIAN_POINT('',(368.96312863378,-10.32110425472,
    -220.3634259689));
#11349 = CARTESIAN_POINT('',(368.96312863378,-10.,-220.3634259689));
#11350 = CYLINDRICAL_SURFACE('',#11351,28.5);
#11351 = AXIS2_PLACEMENT_3D('',#11352,#11353,#11354);
#11352 = CARTESIAN_POINT('',(373.5,-13.5,-248.5));
#11353 = DIRECTION('',(0.,1.,0.));
#11354 = DIRECTION('',(0.,0.,1.));
#11355 = ADVANCED_FACE('',(#11356,#11359,#11370,#11381,#11392),#11403,
  .T.);
#11356 = FACE_BOUND('',#11357,.T.);
#11357 = EDGE_LOOP('',(#11358));
#11358 = ORIENTED_EDGE('',*,*,#11098,.T.);
#11359 = FACE_BOUND('',#11360,.T.);
#11360 = EDGE_LOOP('',(#11361));
#11361 = ORIENTED_EDGE('',*,*,#11362,.F.);
#11362 = EDGE_CURVE('',#11363,#11363,#11365,.T.);
#11363 = VERTEX_POINT('',#11364);
#11364 = CARTESIAN_POINT('',(360.06497115745,0.,-260.2350288425));
#11365 = CIRCLE('',#11366,1.7);
#11366 = AXIS2_PLACEMENT_3D('',#11367,#11368,#11369);
#11367 = CARTESIAN_POINT('',(360.06497115745,0.,-261.9350288425));
#11368 = DIRECTION('',(0.,1.,0.));
#11369 = DIRECTION('',(0.,0.,1.));
#11370 = FACE_BOUND('',#11371,.T.);
#11371 = EDGE_LOOP('',(#11372));
#11372 = ORIENTED_EDGE('',*,*,#11373,.F.);
#11373 = EDGE_CURVE('',#11374,#11374,#11376,.T.);
#11374 = VERTEX_POINT('',#11375);
#11375 = CARTESIAN_POINT('',(360.06497115745,0.,-233.3649711574));
#11376 = CIRCLE('',#11377,1.7);
#11377 = AXIS2_PLACEMENT_3D('',#11378,#11379,#11380);
#11378 = CARTESIAN_POINT('',(360.06497115745,0.,-235.0649711574));
#11379 = DIRECTION('',(0.,1.,0.));
#11380 = DIRECTION('',(0.,0.,1.));
#11381 = FACE_BOUND('',#11382,.T.);
#11382 = EDGE_LOOP('',(#11383));
#11383 = ORIENTED_EDGE('',*,*,#11384,.F.);
#11384 = EDGE_CURVE('',#11385,#11385,#11387,.T.);
#11385 = VERTEX_POINT('',#11386);
#11386 = CARTESIAN_POINT('',(386.93502884254,0.,-260.2350288425));
#11387 = CIRCLE('',#11388,1.7);
#11388 = AXIS2_PLACEMENT_3D('',#11389,#11390,#11391);
#11389 = CARTESIAN_POINT('',(386.93502884254,0.,-261.9350288425));
#11390 = DIRECTION('',(0.,1.,0.));
#11391 = DIRECTION('',(0.,0.,1.));
#11392 = FACE_BOUND('',#11393,.T.);
#11393 = EDGE_LOOP('',(#11394));
#11394 = ORIENTED_EDGE('',*,*,#11395,.F.);
#11395 = EDGE_CURVE('',#11396,#11396,#11398,.T.);
#11396 = VERTEX_POINT('',#11397);
#11397 = CARTESIAN_POINT('',(386.93502884254,0.,-233.3649711574));
#11398 = CIRCLE('',#11399,1.7);
#11399 = AXIS2_PLACEMENT_3D('',#11400,#11401,#11402);
#11400 = CARTESIAN_POINT('',(386.93502884254,0.,-235.0649711574));
#11401 = DIRECTION('',(0.,1.,0.));
#11402 = DIRECTION('',(0.,0.,1.));
#11403 = PLANE('',#11404);
#11404 = AXIS2_PLACEMENT_3D('',#11405,#11406,#11407);
#11405 = CARTESIAN_POINT('',(373.5,0.,-248.5));
#11406 = DIRECTION('',(0.,1.,0.));
#11407 = DIRECTION('',(0.,0.,1.));
#11408 = ADVANCED_FACE('',(#11409,#11412),#11495,.F.);
#11409 = FACE_BOUND('',#11410,.F.);
#11410 = EDGE_LOOP('',(#11411));
#11411 = ORIENTED_EDGE('',*,*,#11115,.T.);
#11412 = FACE_BOUND('',#11413,.F.);
#11413 = EDGE_LOOP('',(#11414,#11425,#11434,#11443,#11452,#11461,#11470,
    #11479,#11488));
#11414 = ORIENTED_EDGE('',*,*,#11415,.F.);
#11415 = EDGE_CURVE('',#11416,#11418,#11420,.T.);
#11416 = VERTEX_POINT('',#11417);
#11417 = CARTESIAN_POINT('',(373.5,-13.5,-226.975));
#11418 = VERTEX_POINT('',#11419);
#11419 = CARTESIAN_POINT('',(387.60980206986,-13.5,-232.2445667375));
#11420 = CIRCLE('',#11421,21.525);
#11421 = AXIS2_PLACEMENT_3D('',#11422,#11423,#11424);
#11422 = CARTESIAN_POINT('',(373.5,-13.5,-248.5));
#11423 = DIRECTION('',(0.,1.,0.));
#11424 = DIRECTION('',(0.,0.,1.));
#11425 = ORIENTED_EDGE('',*,*,#11426,.F.);
#11426 = EDGE_CURVE('',#11427,#11416,#11429,.T.);
#11427 = VERTEX_POINT('',#11428);
#11428 = CARTESIAN_POINT('',(359.39019793013,-13.5,-232.2445667375));
#11429 = CIRCLE('',#11430,21.525);
#11430 = AXIS2_PLACEMENT_3D('',#11431,#11432,#11433);
#11431 = CARTESIAN_POINT('',(373.5,-13.5,-248.5));
#11432 = DIRECTION('',(0.,1.,0.));
#11433 = DIRECTION('',(0.,0.,1.));
#11434 = ORIENTED_EDGE('',*,*,#11435,.F.);
#11435 = EDGE_CURVE('',#11436,#11427,#11438,.T.);
#11436 = VERTEX_POINT('',#11437);
#11437 = CARTESIAN_POINT('',(357.24456673757,-13.5,-234.3901979301));
#11438 = CIRCLE('',#11439,2.9);
#11439 = AXIS2_PLACEMENT_3D('',#11440,#11441,#11442);
#11440 = CARTESIAN_POINT('',(360.06497115745,-13.5,-235.0649711574));
#11441 = DIRECTION('',(0.,1.,0.));
#11442 = DIRECTION('',(0.,0.,1.));
#11443 = ORIENTED_EDGE('',*,*,#11444,.F.);
#11444 = EDGE_CURVE('',#11445,#11436,#11447,.T.);
#11445 = VERTEX_POINT('',#11446);
#11446 = CARTESIAN_POINT('',(357.24456673757,-13.5,-262.6098020698));
#11447 = CIRCLE('',#11448,21.525);
#11448 = AXIS2_PLACEMENT_3D('',#11449,#11450,#11451);
#11449 = CARTESIAN_POINT('',(373.5,-13.5,-248.5));
#11450 = DIRECTION('',(0.,1.,0.));
#11451 = DIRECTION('',(0.,0.,1.));
#11452 = ORIENTED_EDGE('',*,*,#11453,.F.);
#11453 = EDGE_CURVE('',#11454,#11445,#11456,.T.);
#11454 = VERTEX_POINT('',#11455);
#11455 = CARTESIAN_POINT('',(359.39019793013,-13.5,-264.7554332624));
#11456 = CIRCLE('',#11457,2.9);
#11457 = AXIS2_PLACEMENT_3D('',#11458,#11459,#11460);
#11458 = CARTESIAN_POINT('',(360.06497115745,-13.5,-261.9350288425));
#11459 = DIRECTION('',(0.,1.,0.));
#11460 = DIRECTION('',(0.,0.,1.));
#11461 = ORIENTED_EDGE('',*,*,#11462,.F.);
#11462 = EDGE_CURVE('',#11463,#11454,#11465,.T.);
#11463 = VERTEX_POINT('',#11464);
#11464 = CARTESIAN_POINT('',(387.60980206986,-13.5,-264.7554332624));
#11465 = CIRCLE('',#11466,21.525);
#11466 = AXIS2_PLACEMENT_3D('',#11467,#11468,#11469);
#11467 = CARTESIAN_POINT('',(373.5,-13.5,-248.5));
#11468 = DIRECTION('',(0.,1.,0.));
#11469 = DIRECTION('',(0.,0.,1.));
#11470 = ORIENTED_EDGE('',*,*,#11471,.F.);
#11471 = EDGE_CURVE('',#11472,#11463,#11474,.T.);
#11472 = VERTEX_POINT('',#11473);
#11473 = CARTESIAN_POINT('',(389.75543326242,-13.5,-262.6098020698));
#11474 = CIRCLE('',#11475,2.9);
#11475 = AXIS2_PLACEMENT_3D('',#11476,#11477,#11478);
#11476 = CARTESIAN_POINT('',(386.93502884254,-13.5,-261.9350288425));
#11477 = DIRECTION('',(0.,1.,0.));
#11478 = DIRECTION('',(0.,0.,1.));
#11479 = ORIENTED_EDGE('',*,*,#11480,.F.);
#11480 = EDGE_CURVE('',#11481,#11472,#11483,.T.);
#11481 = VERTEX_POINT('',#11482);
#11482 = CARTESIAN_POINT('',(389.75543326242,-13.5,-234.3901979301));
#11483 = CIRCLE('',#11484,21.525);
#11484 = AXIS2_PLACEMENT_3D('',#11485,#11486,#11487);
#11485 = CARTESIAN_POINT('',(373.5,-13.5,-248.5));
#11486 = DIRECTION('',(0.,1.,0.));
#11487 = DIRECTION('',(0.,0.,1.));
#11488 = ORIENTED_EDGE('',*,*,#11489,.F.);
#11489 = EDGE_CURVE('',#11418,#11481,#11490,.T.);
#11490 = CIRCLE('',#11491,2.9);
#11491 = AXIS2_PLACEMENT_3D('',#11492,#11493,#11494);
#11492 = CARTESIAN_POINT('',(386.93502884254,-13.5,-235.0649711574));
#11493 = DIRECTION('',(0.,1.,0.));
#11494 = DIRECTION('',(0.,0.,1.));
#11495 = PLANE('',#11496);
#11496 = AXIS2_PLACEMENT_3D('',#11497,#11498,#11499);
#11497 = CARTESIAN_POINT('',(373.5,-13.5,-248.5));
#11498 = DIRECTION('',(0.,1.,0.));
#11499 = DIRECTION('',(0.,0.,1.));
#11500 = ADVANCED_FACE('',(#11501),#11520,.F.);
#11501 = FACE_BOUND('',#11502,.F.);
#11502 = EDGE_LOOP('',(#11503,#11504,#11512,#11519));
#11503 = ORIENTED_EDGE('',*,*,#11125,.F.);
#11504 = ORIENTED_EDGE('',*,*,#11505,.F.);
#11505 = EDGE_CURVE('',#11506,#11126,#11508,.T.);
#11506 = VERTEX_POINT('',#11507);
#11507 = CARTESIAN_POINT('',(397.18734817431,-10.,-239.1506932626));
#11508 = LINE('',#11509,#11510);
#11509 = CARTESIAN_POINT('',(397.18734817431,-10.,-239.1506932626));
#11510 = VECTOR('',#11511,1.);
#11511 = DIRECTION('',(0.965925826289,0.,0.258819045103));
#11512 = ORIENTED_EDGE('',*,*,#11513,.T.);
#11513 = EDGE_CURVE('',#11506,#11506,#11514,.T.);
#11514 = CIRCLE('',#11515,2.9);
#11515 = AXIS2_PLACEMENT_3D('',#11516,#11517,#11518);
#11516 = CARTESIAN_POINT('',(397.93792340511,-10.,-241.9518781589));
#11517 = DIRECTION('',(0.965925826289,0.,0.258819045103));
#11518 = DIRECTION('',(-0.258819045103,0.,0.965925826289));
#11519 = ORIENTED_EDGE('',*,*,#11505,.T.);
#11520 = CYLINDRICAL_SURFACE('',#11521,2.9);
#11521 = AXIS2_PLACEMENT_3D('',#11522,#11523,#11524);
#11522 = CARTESIAN_POINT('',(397.93792340511,-10.,-241.9518781589));
#11523 = DIRECTION('',(0.965925826289,0.,0.258819045103));
#11524 = DIRECTION('',(-0.258819045103,0.,0.965925826289));
#11525 = ADVANCED_FACE('',(#11526),#11545,.F.);
#11526 = FACE_BOUND('',#11527,.F.);
#11527 = EDGE_LOOP('',(#11528,#11529,#11537,#11544));
#11528 = ORIENTED_EDGE('',*,*,#11182,.F.);
#11529 = ORIENTED_EDGE('',*,*,#11530,.F.);
#11530 = EDGE_CURVE('',#11531,#11183,#11533,.T.);
#11531 = VERTEX_POINT('',#11532);
#11532 = CARTESIAN_POINT('',(377.24693694485,-10.,-273.6884986359));
#11533 = LINE('',#11534,#11535);
#11534 = CARTESIAN_POINT('',(377.24693694485,-10.,-273.6884986359));
#11535 = VECTOR('',#11536,1.);
#11536 = DIRECTION('',(0.258819045103,0.,-0.965925826289));
#11537 = ORIENTED_EDGE('',*,*,#11538,.T.);
#11538 = EDGE_CURVE('',#11531,#11531,#11539,.T.);
#11539 = CIRCLE('',#11540,2.9);
#11540 = AXIS2_PLACEMENT_3D('',#11541,#11542,#11543);
#11541 = CARTESIAN_POINT('',(380.04812184109,-10.,-272.9379234051));
#11542 = DIRECTION('',(0.258819045103,0.,-0.965925826289));
#11543 = DIRECTION('',(-0.965925826289,0.,-0.258819045103));
#11544 = ORIENTED_EDGE('',*,*,#11530,.T.);
#11545 = CYLINDRICAL_SURFACE('',#11546,2.9);
#11546 = AXIS2_PLACEMENT_3D('',#11547,#11548,#11549);
#11547 = CARTESIAN_POINT('',(380.04812184109,-10.,-272.9379234051));
#11548 = DIRECTION('',(0.258819045103,0.,-0.965925826289));
#11549 = DIRECTION('',(-0.965925826289,0.,-0.258819045103));
#11550 = ADVANCED_FACE('',(#11551),#11570,.F.);
#11551 = FACE_BOUND('',#11552,.F.);
#11552 = EDGE_LOOP('',(#11553,#11554,#11562,#11569));
#11553 = ORIENTED_EDGE('',*,*,#11239,.F.);
#11554 = ORIENTED_EDGE('',*,*,#11555,.F.);
#11555 = EDGE_CURVE('',#11556,#11240,#11558,.T.);
#11556 = VERTEX_POINT('',#11557);
#11557 = CARTESIAN_POINT('',(349.81265182568,-10.,-257.8493067373));
#11558 = LINE('',#11559,#11560);
#11559 = CARTESIAN_POINT('',(349.81265182568,-10.,-257.8493067373));
#11560 = VECTOR('',#11561,1.);
#11561 = DIRECTION('',(-0.965925826289,-0.,-0.258819045103));
#11562 = ORIENTED_EDGE('',*,*,#11563,.T.);
#11563 = EDGE_CURVE('',#11556,#11556,#11564,.T.);
#11564 = CIRCLE('',#11565,2.9);
#11565 = AXIS2_PLACEMENT_3D('',#11566,#11567,#11568);
#11566 = CARTESIAN_POINT('',(349.06207659488,-10.,-255.048121841));
#11567 = DIRECTION('',(-0.965925826289,-0.,-0.258819045103));
#11568 = DIRECTION('',(0.258819045103,0.,-0.965925826289));
#11569 = ORIENTED_EDGE('',*,*,#11555,.T.);
#11570 = CYLINDRICAL_SURFACE('',#11571,2.9);
#11571 = AXIS2_PLACEMENT_3D('',#11572,#11573,#11574);
#11572 = CARTESIAN_POINT('',(349.06207659488,-10.,-255.048121841));
#11573 = DIRECTION('',(-0.965925826289,0.,-0.258819045103));
#11574 = DIRECTION('',(0.258819045103,0.,-0.965925826289));
#11575 = ADVANCED_FACE('',(#11576),#11595,.F.);
#11576 = FACE_BOUND('',#11577,.F.);
#11577 = EDGE_LOOP('',(#11578,#11579,#11587,#11594));
#11578 = ORIENTED_EDGE('',*,*,#11296,.F.);
#11579 = ORIENTED_EDGE('',*,*,#11580,.F.);
#11580 = EDGE_CURVE('',#11581,#11297,#11583,.T.);
#11581 = VERTEX_POINT('',#11582);
#11582 = CARTESIAN_POINT('',(369.75306305514,-10.,-223.311501364));
#11583 = LINE('',#11584,#11585);
#11584 = CARTESIAN_POINT('',(369.75306305514,-10.,-223.311501364));
#11585 = VECTOR('',#11586,1.);
#11586 = DIRECTION('',(-0.258819045103,0.,0.965925826289));
#11587 = ORIENTED_EDGE('',*,*,#11588,.T.);
#11588 = EDGE_CURVE('',#11581,#11581,#11589,.T.);
#11589 = CIRCLE('',#11590,2.9);
#11590 = AXIS2_PLACEMENT_3D('',#11591,#11592,#11593);
#11591 = CARTESIAN_POINT('',(366.9518781589,-10.,-224.0620765948));
#11592 = DIRECTION('',(-0.258819045103,0.,0.965925826289));
#11593 = DIRECTION('',(0.965925826289,0.,0.258819045103));
#11594 = ORIENTED_EDGE('',*,*,#11580,.T.);
#11595 = CYLINDRICAL_SURFACE('',#11596,2.9);
#11596 = AXIS2_PLACEMENT_3D('',#11597,#11598,#11599);
#11597 = CARTESIAN_POINT('',(366.9518781589,-10.,-224.0620765948));
#11598 = DIRECTION('',(-0.258819045103,0.,0.965925826289));
#11599 = DIRECTION('',(0.965925826289,0.,0.258819045103));
#11600 = ADVANCED_FACE('',(#11601),#11620,.F.);
#11601 = FACE_BOUND('',#11602,.F.);
#11602 = EDGE_LOOP('',(#11603,#11604,#11612,#11619));
#11603 = ORIENTED_EDGE('',*,*,#11362,.F.);
#11604 = ORIENTED_EDGE('',*,*,#11605,.F.);
#11605 = EDGE_CURVE('',#11606,#11363,#11608,.T.);
#11606 = VERTEX_POINT('',#11607);
#11607 = CARTESIAN_POINT('',(360.06497115745,-2.5,-260.2350288425));
#11608 = LINE('',#11609,#11610);
#11609 = CARTESIAN_POINT('',(360.06497115745,-6.6,-260.2350288425));
#11610 = VECTOR('',#11611,1.);
#11611 = DIRECTION('',(0.,1.,0.));
#11612 = ORIENTED_EDGE('',*,*,#11613,.T.);
#11613 = EDGE_CURVE('',#11606,#11606,#11614,.T.);
#11614 = CIRCLE('',#11615,1.7);
#11615 = AXIS2_PLACEMENT_3D('',#11616,#11617,#11618);
#11616 = CARTESIAN_POINT('',(360.06497115745,-2.5,-261.9350288425));
#11617 = DIRECTION('',(0.,1.,0.));
#11618 = DIRECTION('',(0.,0.,1.));
#11619 = ORIENTED_EDGE('',*,*,#11605,.T.);
#11620 = CYLINDRICAL_SURFACE('',#11621,1.7);
#11621 = AXIS2_PLACEMENT_3D('',#11622,#11623,#11624);
#11622 = CARTESIAN_POINT('',(360.06497115745,-6.6,-261.9350288425));
#11623 = DIRECTION('',(0.,1.,0.));
#11624 = DIRECTION('',(0.,0.,1.));
#11625 = ADVANCED_FACE('',(#11626),#11645,.F.);
#11626 = FACE_BOUND('',#11627,.F.);
#11627 = EDGE_LOOP('',(#11628,#11629,#11637,#11644));
#11628 = ORIENTED_EDGE('',*,*,#11373,.F.);
#11629 = ORIENTED_EDGE('',*,*,#11630,.F.);
#11630 = EDGE_CURVE('',#11631,#11374,#11633,.T.);
#11631 = VERTEX_POINT('',#11632);
#11632 = CARTESIAN_POINT('',(360.06497115745,-2.5,-233.3649711574));
#11633 = LINE('',#11634,#11635);
#11634 = CARTESIAN_POINT('',(360.06497115745,-6.6,-233.3649711574));
#11635 = VECTOR('',#11636,1.);
#11636 = DIRECTION('',(0.,1.,0.));
#11637 = ORIENTED_EDGE('',*,*,#11638,.T.);
#11638 = EDGE_CURVE('',#11631,#11631,#11639,.T.);
#11639 = CIRCLE('',#11640,1.7);
#11640 = AXIS2_PLACEMENT_3D('',#11641,#11642,#11643);
#11641 = CARTESIAN_POINT('',(360.06497115745,-2.5,-235.0649711574));
#11642 = DIRECTION('',(0.,1.,0.));
#11643 = DIRECTION('',(0.,0.,1.));
#11644 = ORIENTED_EDGE('',*,*,#11630,.T.);
#11645 = CYLINDRICAL_SURFACE('',#11646,1.7);
#11646 = AXIS2_PLACEMENT_3D('',#11647,#11648,#11649);
#11647 = CARTESIAN_POINT('',(360.06497115745,-6.6,-235.0649711574));
#11648 = DIRECTION('',(0.,1.,0.));
#11649 = DIRECTION('',(0.,0.,1.));
#11650 = ADVANCED_FACE('',(#11651),#11670,.F.);
#11651 = FACE_BOUND('',#11652,.F.);
#11652 = EDGE_LOOP('',(#11653,#11654,#11662,#11669));
#11653 = ORIENTED_EDGE('',*,*,#11384,.F.);
#11654 = ORIENTED_EDGE('',*,*,#11655,.F.);
#11655 = EDGE_CURVE('',#11656,#11385,#11658,.T.);
#11656 = VERTEX_POINT('',#11657);
#11657 = CARTESIAN_POINT('',(386.93502884254,-2.5,-260.2350288425));
#11658 = LINE('',#11659,#11660);
#11659 = CARTESIAN_POINT('',(386.93502884254,-6.6,-260.2350288425));
#11660 = VECTOR('',#11661,1.);
#11661 = DIRECTION('',(0.,1.,0.));
#11662 = ORIENTED_EDGE('',*,*,#11663,.T.);
#11663 = EDGE_CURVE('',#11656,#11656,#11664,.T.);
#11664 = CIRCLE('',#11665,1.7);
#11665 = AXIS2_PLACEMENT_3D('',#11666,#11667,#11668);
#11666 = CARTESIAN_POINT('',(386.93502884254,-2.5,-261.9350288425));
#11667 = DIRECTION('',(0.,1.,0.));
#11668 = DIRECTION('',(0.,0.,1.));
#11669 = ORIENTED_EDGE('',*,*,#11655,.T.);
#11670 = CYLINDRICAL_SURFACE('',#11671,1.7);
#11671 = AXIS2_PLACEMENT_3D('',#11672,#11673,#11674);
#11672 = CARTESIAN_POINT('',(386.93502884254,-6.6,-261.9350288425));
#11673 = DIRECTION('',(0.,1.,0.));
#11674 = DIRECTION('',(0.,0.,1.));
#11675 = ADVANCED_FACE('',(#11676),#11695,.F.);
#11676 = FACE_BOUND('',#11677,.F.);
#11677 = EDGE_LOOP('',(#11678,#11679,#11687,#11694));
#11678 = ORIENTED_EDGE('',*,*,#11395,.F.);
#11679 = ORIENTED_EDGE('',*,*,#11680,.F.);
#11680 = EDGE_CURVE('',#11681,#11396,#11683,.T.);
#11681 = VERTEX_POINT('',#11682);
#11682 = CARTESIAN_POINT('',(386.93502884254,-2.5,-233.3649711574));
#11683 = LINE('',#11684,#11685);
#11684 = CARTESIAN_POINT('',(386.93502884254,-6.6,-233.3649711574));
#11685 = VECTOR('',#11686,1.);
#11686 = DIRECTION('',(0.,1.,0.));
#11687 = ORIENTED_EDGE('',*,*,#11688,.T.);
#11688 = EDGE_CURVE('',#11681,#11681,#11689,.T.);
#11689 = CIRCLE('',#11690,1.7);
#11690 = AXIS2_PLACEMENT_3D('',#11691,#11692,#11693);
#11691 = CARTESIAN_POINT('',(386.93502884254,-2.5,-235.0649711574));
#11692 = DIRECTION('',(0.,1.,0.));
#11693 = DIRECTION('',(0.,0.,1.));
#11694 = ORIENTED_EDGE('',*,*,#11680,.T.);
#11695 = CYLINDRICAL_SURFACE('',#11696,1.7);
#11696 = AXIS2_PLACEMENT_3D('',#11697,#11698,#11699);
#11697 = CARTESIAN_POINT('',(386.93502884254,-6.6,-235.0649711574));
#11698 = DIRECTION('',(0.,1.,0.));
#11699 = DIRECTION('',(0.,0.,1.));
#11700 = ADVANCED_FACE('',(#11701,#11737),#11788,.F.);
#11701 = FACE_BOUND('',#11702,.F.);
#11702 = EDGE_LOOP('',(#11703,#11711,#11712,#11713,#11721,#11730));
#11703 = ORIENTED_EDGE('',*,*,#11704,.F.);
#11704 = EDGE_CURVE('',#11427,#11705,#11707,.T.);
#11705 = VERTEX_POINT('',#11706);
#11706 = CARTESIAN_POINT('',(359.39019793013,-6.5,-232.2445667375));
#11707 = LINE('',#11708,#11709);
#11708 = CARTESIAN_POINT('',(359.39019793013,-13.6,-232.2445667375));
#11709 = VECTOR('',#11710,1.);
#11710 = DIRECTION('',(0.,1.,0.));
#11711 = ORIENTED_EDGE('',*,*,#11426,.T.);
#11712 = ORIENTED_EDGE('',*,*,#11415,.T.);
#11713 = ORIENTED_EDGE('',*,*,#11714,.T.);
#11714 = EDGE_CURVE('',#11418,#11715,#11717,.T.);
#11715 = VERTEX_POINT('',#11716);
#11716 = CARTESIAN_POINT('',(387.60980206986,-6.5,-232.2445667375));
#11717 = LINE('',#11718,#11719);
#11718 = CARTESIAN_POINT('',(387.60980206986,-13.6,-232.2445667375));
#11719 = VECTOR('',#11720,1.);
#11720 = DIRECTION('',(0.,1.,0.));
#11721 = ORIENTED_EDGE('',*,*,#11722,.F.);
#11722 = EDGE_CURVE('',#11723,#11715,#11725,.T.);
#11723 = VERTEX_POINT('',#11724);
#11724 = CARTESIAN_POINT('',(373.5,-6.5,-226.975));
#11725 = CIRCLE('',#11726,21.525);
#11726 = AXIS2_PLACEMENT_3D('',#11727,#11728,#11729);
#11727 = CARTESIAN_POINT('',(373.5,-6.5,-248.5));
#11728 = DIRECTION('',(0.,1.,0.));
#11729 = DIRECTION('',(0.,0.,1.));
#11730 = ORIENTED_EDGE('',*,*,#11731,.F.);
#11731 = EDGE_CURVE('',#11705,#11723,#11732,.T.);
#11732 = CIRCLE('',#11733,21.525);
#11733 = AXIS2_PLACEMENT_3D('',#11734,#11735,#11736);
#11734 = CARTESIAN_POINT('',(373.5,-6.5,-248.5));
#11735 = DIRECTION('',(0.,1.,0.));
#11736 = DIRECTION('',(0.,0.,1.));
#11737 = FACE_BOUND('',#11738,.F.);
#11738 = EDGE_LOOP('',(#11739));
#11739 = ORIENTED_EDGE('',*,*,#11740,.F.);
#11740 = EDGE_CURVE('',#11741,#11741,#11743,.T.);
#11741 = VERTEX_POINT('',#11742);
#11742 = CARTESIAN_POINT('',(369.58839598179,-10.,-227.3333994461));
#11743 = B_SPLINE_CURVE_WITH_KNOTS('',7,(#11744,#11745,#11746,#11747,
    #11748,#11749,#11750,#11751,#11752,#11753,#11754,#11755,#11756,
    #11757,#11758,#11759,#11760,#11761,#11762,#11763,#11764,#11765,
    #11766,#11767,#11768,#11769,#11770,#11771,#11772,#11773,#11774,
    #11775,#11776,#11777,#11778,#11779,#11780,#11781,#11782,#11783,
    #11784,#11785,#11786,#11787),.UNSPECIFIED.,.T.,.F.,(8,6,6,6,6,6,6,8)
  ,(0.,0.152745660851,0.285760714038,0.421970875683,0.588690971526,
    0.714472258828,0.837892367667,1.),.UNSPECIFIED.);
#11744 = CARTESIAN_POINT('',(369.58839598179,-10.,-227.3333994461));
#11745 = CARTESIAN_POINT('',(369.58839598179,-9.796773232037,
    -227.3333994461));
#11746 = CARTESIAN_POINT('',(369.56043790942,-9.593642455112,
    -227.3385662329));
#11747 = CARTESIAN_POINT('',(369.50456054359,-9.393092005244,
    -227.3488918234));
#11748 = CARTESIAN_POINT('',(369.42001699007,-9.197938875515,
    -227.3647576585));
#11749 = CARTESIAN_POINT('',(369.3056111857,-9.011865726686,
    -227.3868576867));
#11750 = CARTESIAN_POINT('',(369.16004284761,-8.840005280181,
    -227.4162787134));
#11751 = CARTESIAN_POINT('',(368.82823024263,-8.559609851082,
    -227.4875002309));
#11752 = CARTESIAN_POINT('',(368.64419037152,-8.441132696005,
    -227.5283874324));
#11753 = CARTESIAN_POINT('',(368.43450731829,-8.348272130717,
    -227.5771200964));
#11754 = CARTESIAN_POINT('',(368.20707455451,-8.290363591264,
    -227.6330665213));
#11755 = CARTESIAN_POINT('',(367.97220773955,-8.272419808509,
    -227.6945411864));
#11756 = CARTESIAN_POINT('',(367.74058587089,-8.294898511555,
    -227.7585746857));
#11757 = CARTESIAN_POINT('',(367.29740972711,-8.413324191775,
    -227.8867039313));
#11758 = CARTESIAN_POINT('',(367.09432237372,-8.508923219075,
    -227.9484933528));
#11759 = CARTESIAN_POINT('',(366.91569165716,-8.632095610333,
    -228.0052826048));
#11760 = CARTESIAN_POINT('',(366.76281185518,-8.776051649099,
    -228.0555410763));
#11761 = CARTESIAN_POINT('',(366.63593979429,-8.934815117455,
    -228.0982745612));
#11762 = CARTESIAN_POINT('',(366.53453662439,-9.103080820736,
    -228.1330018546));
#11763 = CARTESIAN_POINT('',(366.36291950752,-9.488041278616,
    -228.1924226586));
#11764 = CARTESIAN_POINT('',(366.30351626843,-9.709975409546,
    -228.2135634619));
#11765 = CARTESIAN_POINT('',(366.27721743555,-9.936985837068,
    -228.2230538296));
#11766 = CARTESIAN_POINT('',(366.28341896592,-10.16556128155,
    -228.2208242186));
#11767 = CARTESIAN_POINT('',(366.32246039029,-10.39194698857,
    -228.2067795928));
#11768 = CARTESIAN_POINT('',(366.39533187813,-10.61177406357,
    -228.1809853947));
#11769 = CARTESIAN_POINT('',(366.58478788232,-10.9753078484,
    -228.1158667631));
#11770 = CARTESIAN_POINT('',(366.68730517996,-11.12648705182,
    -228.0810555521));
#11771 = CARTESIAN_POINT('',(366.81175125279,-11.26841132661,
    -228.0395252862));
#11772 = CARTESIAN_POINT('',(366.95835639436,-11.39657483863,
    -227.9917665379));
#11773 = CARTESIAN_POINT('',(367.12665730586,-11.50606266067,
    -227.9386728542));
#11774 = CARTESIAN_POINT('',(367.31533940419,-11.59146698264,
    -227.8815201775));
#11775 = CARTESIAN_POINT('',(367.72404325429,-11.70068096479,
    -227.7633574183));
#11776 = CARTESIAN_POINT('',(367.93809902093,-11.724196655,
    -227.7039760767));
#11777 = CARTESIAN_POINT('',(368.15601994288,-11.71308862041,
    -227.6464664453));
#11778 = CARTESIAN_POINT('',(368.3689354813,-11.66724273071,
    -227.5933560611));
#11779 = CARTESIAN_POINT('',(368.56812603196,-11.59027955539,
    -227.5462349874));
#11780 = CARTESIAN_POINT('',(368.74657042649,-11.48939890416,
    -227.505828529));
#11781 = CARTESIAN_POINT('',(369.10178529426,-11.22550225344,
    -227.4281241844));
#11782 = CARTESIAN_POINT('',(369.26748737003,-11.04772744634,
    -227.3942412303));
#11783 = CARTESIAN_POINT('',(369.39751403139,-10.8522511837,
    -227.3689854953));
#11784 = CARTESIAN_POINT('',(369.49344192609,-10.64559165658,
    -227.3509459442));
#11785 = CARTESIAN_POINT('',(369.55672836515,-10.43248013107,
    -227.3392519141));
#11786 = CARTESIAN_POINT('',(369.58839598179,-10.21628305361,
    -227.3333994461));
#11787 = CARTESIAN_POINT('',(369.58839598179,-10.,-227.3333994461));
#11788 = CYLINDRICAL_SURFACE('',#11789,21.525);
#11789 = AXIS2_PLACEMENT_3D('',#11790,#11791,#11792);
#11790 = CARTESIAN_POINT('',(373.5,-13.6,-248.5));
#11791 = DIRECTION('',(0.,1.,0.));
#11792 = DIRECTION('',(0.,0.,1.));
#11793 = ADVANCED_FACE('',(#11794),#11838,.F.);
#11794 = FACE_BOUND('',#11795,.F.);
#11795 = EDGE_LOOP('',(#11796,#11806,#11813,#11814,#11821,#11822,#11823,
    #11831));
#11796 = ORIENTED_EDGE('',*,*,#11797,.T.);
#11797 = EDGE_CURVE('',#11798,#11800,#11802,.T.);
#11798 = VERTEX_POINT('',#11799);
#11799 = CARTESIAN_POINT('',(386.93502884254,-6.5,-232.1649711574));
#11800 = VERTEX_POINT('',#11801);
#11801 = CARTESIAN_POINT('',(386.93502884254,-2.5,-232.1649711574));
#11802 = LINE('',#11803,#11804);
#11803 = CARTESIAN_POINT('',(386.93502884254,-13.6,-232.1649711574));
#11804 = VECTOR('',#11805,1.);
#11805 = DIRECTION('',(0.,1.,0.));
#11806 = ORIENTED_EDGE('',*,*,#11807,.F.);
#11807 = EDGE_CURVE('',#11800,#11800,#11808,.T.);
#11808 = CIRCLE('',#11809,2.9);
#11809 = AXIS2_PLACEMENT_3D('',#11810,#11811,#11812);
#11810 = CARTESIAN_POINT('',(386.93502884254,-2.5,-235.0649711574));
#11811 = DIRECTION('',(0.,1.,0.));
#11812 = DIRECTION('',(0.,0.,1.));
#11813 = ORIENTED_EDGE('',*,*,#11797,.F.);
#11814 = ORIENTED_EDGE('',*,*,#11815,.T.);
#11815 = EDGE_CURVE('',#11798,#11715,#11816,.T.);
#11816 = CIRCLE('',#11817,2.9);
#11817 = AXIS2_PLACEMENT_3D('',#11818,#11819,#11820);
#11818 = CARTESIAN_POINT('',(386.93502884254,-6.5,-235.0649711574));
#11819 = DIRECTION('',(0.,1.,0.));
#11820 = DIRECTION('',(0.,0.,1.));
#11821 = ORIENTED_EDGE('',*,*,#11714,.F.);
#11822 = ORIENTED_EDGE('',*,*,#11489,.T.);
#11823 = ORIENTED_EDGE('',*,*,#11824,.T.);
#11824 = EDGE_CURVE('',#11481,#11825,#11827,.T.);
#11825 = VERTEX_POINT('',#11826);
#11826 = CARTESIAN_POINT('',(389.75543326242,-6.5,-234.3901979301));
#11827 = LINE('',#11828,#11829);
#11828 = CARTESIAN_POINT('',(389.75543326242,-13.6,-234.3901979301));
#11829 = VECTOR('',#11830,1.);
#11830 = DIRECTION('',(0.,1.,0.));
#11831 = ORIENTED_EDGE('',*,*,#11832,.T.);
#11832 = EDGE_CURVE('',#11825,#11798,#11833,.T.);
#11833 = CIRCLE('',#11834,2.9);
#11834 = AXIS2_PLACEMENT_3D('',#11835,#11836,#11837);
#11835 = CARTESIAN_POINT('',(386.93502884254,-6.5,-235.0649711574));
#11836 = DIRECTION('',(0.,1.,0.));
#11837 = DIRECTION('',(0.,0.,1.));
#11838 = CYLINDRICAL_SURFACE('',#11839,2.9);
#11839 = AXIS2_PLACEMENT_3D('',#11840,#11841,#11842);
#11840 = CARTESIAN_POINT('',(386.93502884254,-13.6,-235.0649711574));
#11841 = DIRECTION('',(0.,1.,0.));
#11842 = DIRECTION('',(0.,0.,1.));
#11843 = ADVANCED_FACE('',(#11844,#11863),#11914,.F.);
#11844 = FACE_BOUND('',#11845,.F.);
#11845 = EDGE_LOOP('',(#11846,#11847,#11848,#11856));
#11846 = ORIENTED_EDGE('',*,*,#11824,.F.);
#11847 = ORIENTED_EDGE('',*,*,#11480,.T.);
#11848 = ORIENTED_EDGE('',*,*,#11849,.T.);
#11849 = EDGE_CURVE('',#11472,#11850,#11852,.T.);
#11850 = VERTEX_POINT('',#11851);
#11851 = CARTESIAN_POINT('',(389.75543326242,-6.5,-262.6098020698));
#11852 = LINE('',#11853,#11854);
#11853 = CARTESIAN_POINT('',(389.75543326242,-13.6,-262.6098020698));
#11854 = VECTOR('',#11855,1.);
#11855 = DIRECTION('',(0.,1.,0.));
#11856 = ORIENTED_EDGE('',*,*,#11857,.F.);
#11857 = EDGE_CURVE('',#11825,#11850,#11858,.T.);
#11858 = CIRCLE('',#11859,21.525);
#11859 = AXIS2_PLACEMENT_3D('',#11860,#11861,#11862);
#11860 = CARTESIAN_POINT('',(373.5,-6.5,-248.5));
#11861 = DIRECTION('',(0.,1.,0.));
#11862 = DIRECTION('',(0.,0.,1.));
#11863 = FACE_BOUND('',#11864,.F.);
#11864 = EDGE_LOOP('',(#11865));
#11865 = ORIENTED_EDGE('',*,*,#11866,.F.);
#11866 = EDGE_CURVE('',#11867,#11867,#11869,.T.);
#11867 = VERTEX_POINT('',#11868);
#11868 = CARTESIAN_POINT('',(393.78661580046,-10.,-241.3042481724));
#11869 = B_SPLINE_CURVE_WITH_KNOTS('',7,(#11870,#11871,#11872,#11873,
    #11874,#11875,#11876,#11877,#11878,#11879,#11880,#11881,#11882,
    #11883,#11884,#11885,#11886,#11887,#11888,#11889,#11890,#11891,
    #11892,#11893,#11894,#11895,#11896,#11897,#11898,#11899,#11900,
    #11901,#11902,#11903,#11904,#11905,#11906,#11907,#11908,#11909,
    #11910,#11911,#11912,#11913),.UNSPECIFIED.,.T.,.F.,(8,6,6,6,6,6,6,8)
  ,(0.,0.15274566131,0.285760714897,0.421970876951,0.588690970382,
    0.714472258034,0.837892367216,1.),.UNSPECIFIED.);
#11870 = CARTESIAN_POINT('',(393.78661580046,-10.,-241.3042481724));
#11871 = CARTESIAN_POINT('',(393.78661580046,-10.20322676796,
    -241.3042481724));
#11872 = CARTESIAN_POINT('',(393.79612026802,-10.40635754488,
    -241.3310439667));
#11873 = CARTESIAN_POINT('',(393.81511672725,-10.60690799475,
    -241.3845979802));
#11874 = CARTESIAN_POINT('',(393.84364828775,-10.80206112448,
    -241.4657477629));
#11875 = CARTESIAN_POINT('',(393.88171200417,-10.98813427331,
    -241.5758761098));
#11876 = CARTESIAN_POINT('',(393.92901681668,-11.15999471981,
    -241.716652502));
#11877 = CARTESIAN_POINT('',(394.03324347573,-11.44039014891,
    -242.0396214059));
#11878 = CARTESIAN_POINT('',(394.08985405608,-11.55886730399,
    -242.2194482104));
#11879 = CARTESIAN_POINT('',(394.15249185764,-11.65172786928,
    -242.4254053932));
#11880 = CARTESIAN_POINT('',(394.2177572143,-11.70963640873,
    -242.6503411568));
#11881 = CARTESIAN_POINT('',(394.28195200015,-11.72758019149,
    -242.8844791176));
#11882 = CARTESIAN_POINT('',(394.34230829742,-11.70510148844,
    -243.1170862895));
#11883 = CARTESIAN_POINT('',(394.45293318763,-11.58667580822,
    -243.5649527112));
#11884 = CARTESIAN_POINT('',(394.50096565558,-11.49107678092,
    -243.7717262292));
#11885 = CARTESIAN_POINT('',(394.54110007902,-11.36790438966,
    -243.9548195936));
#11886 = CARTESIAN_POINT('',(394.57401486691,-11.2239483509,
    -244.1123466216));
#11887 = CARTESIAN_POINT('',(394.6004426138,-11.06518488254,
    -244.2435877918));
#11888 = CARTESIAN_POINT('',(394.62106948047,-10.89691917926,
    -244.3487691597));
#11889 = CARTESIAN_POINT('',(394.65541811285,-10.51195872508,
    -244.5271043429));
#11890 = CARTESIAN_POINT('',(394.66681126064,-10.29002457592,
    -244.5891194638));
#11891 = CARTESIAN_POINT('',(394.67174177661,-10.06301418909,
    -244.6166401002));
#11892 = CARTESIAN_POINT('',(394.67057191088,-9.834438692444,
    -244.6101546102));
#11893 = CARTESIAN_POINT('',(394.66321420292,-9.60805302567,
    -244.5693214393));
#11894 = CARTESIAN_POINT('',(394.64911688857,-9.388225932853,
    -244.4933157744));
#11895 = CARTESIAN_POINT('',(394.61078327609,-9.024692151593,
    -244.296682748));
#11896 = CARTESIAN_POINT('',(394.58967202035,-8.873512948178,
    -244.1904945584));
#11897 = CARTESIAN_POINT('',(394.56341524923,-8.731588673385,
    -244.061955965));
#11898 = CARTESIAN_POINT('',(394.53147296768,-8.603425161364,
    -243.9111128139));
#11899 = CARTESIAN_POINT('',(394.49330299081,-8.493937339325,
    -243.7388131072));
#11900 = CARTESIAN_POINT('',(394.44845761153,-8.408533017354,
    -243.5468332785));
#11901 = CARTESIAN_POINT('',(394.34643763779,-8.299319035201,
    -243.133803982));
#11902 = CARTESIAN_POINT('',(394.29083550481,-8.275803345,
    -242.9187355795));
#11903 = CARTESIAN_POINT('',(394.23167984551,-8.286911379589,
    -242.7012557094));
#11904 = CARTESIAN_POINT('',(394.1712170183,-8.332757269283,
    -242.4903102522));
#11905 = CARTESIAN_POINT('',(394.11242978977,-8.409720444601,
    -242.2942456383));
#11906 = CARTESIAN_POINT('',(394.058200612,-8.510601095839,
    -242.1195050302));
#11907 = CARTESIAN_POINT('',(393.94788711452,-8.774497746558,
    -241.7730277586));
#11908 = CARTESIAN_POINT('',(393.89437957567,-8.952272553652,
    -241.6125840745));
#11909 = CARTESIAN_POINT('',(393.85123835303,-9.147748816296,
    -241.4873498151));
#11910 = CARTESIAN_POINT('',(393.81889711524,-9.354408343416,
    -241.3952540458));
#11911 = CARTESIAN_POINT('',(393.79738122284,-9.567519868926,
    -241.3345993668));
#11912 = CARTESIAN_POINT('',(393.78661580046,-9.783716946386,
    -241.3042481724));
#11913 = CARTESIAN_POINT('',(393.78661580046,-10.,-241.3042481724));
#11914 = CYLINDRICAL_SURFACE('',#11915,21.525);
#11915 = AXIS2_PLACEMENT_3D('',#11916,#11917,#11918);
#11916 = CARTESIAN_POINT('',(373.5,-13.6,-248.5));
#11917 = DIRECTION('',(0.,1.,0.));
#11918 = DIRECTION('',(0.,0.,1.));
#11919 = ADVANCED_FACE('',(#11920),#11964,.F.);
#11920 = FACE_BOUND('',#11921,.F.);
#11921 = EDGE_LOOP('',(#11922,#11932,#11939,#11940,#11947,#11948,#11949,
    #11957));
#11922 = ORIENTED_EDGE('',*,*,#11923,.T.);
#11923 = EDGE_CURVE('',#11924,#11926,#11928,.T.);
#11924 = VERTEX_POINT('',#11925);
#11925 = CARTESIAN_POINT('',(386.93502884254,-6.5,-259.0350288425));
#11926 = VERTEX_POINT('',#11927);
#11927 = CARTESIAN_POINT('',(386.93502884254,-2.5,-259.0350288425));
#11928 = LINE('',#11929,#11930);
#11929 = CARTESIAN_POINT('',(386.93502884254,-13.6,-259.0350288425));
#11930 = VECTOR('',#11931,1.);
#11931 = DIRECTION('',(0.,1.,0.));
#11932 = ORIENTED_EDGE('',*,*,#11933,.F.);
#11933 = EDGE_CURVE('',#11926,#11926,#11934,.T.);
#11934 = CIRCLE('',#11935,2.9);
#11935 = AXIS2_PLACEMENT_3D('',#11936,#11937,#11938);
#11936 = CARTESIAN_POINT('',(386.93502884254,-2.5,-261.9350288425));
#11937 = DIRECTION('',(0.,1.,0.));
#11938 = DIRECTION('',(0.,0.,1.));
#11939 = ORIENTED_EDGE('',*,*,#11923,.F.);
#11940 = ORIENTED_EDGE('',*,*,#11941,.T.);
#11941 = EDGE_CURVE('',#11924,#11850,#11942,.T.);
#11942 = CIRCLE('',#11943,2.9);
#11943 = AXIS2_PLACEMENT_3D('',#11944,#11945,#11946);
#11944 = CARTESIAN_POINT('',(386.93502884254,-6.5,-261.9350288425));
#11945 = DIRECTION('',(0.,1.,0.));
#11946 = DIRECTION('',(0.,0.,1.));
#11947 = ORIENTED_EDGE('',*,*,#11849,.F.);
#11948 = ORIENTED_EDGE('',*,*,#11471,.T.);
#11949 = ORIENTED_EDGE('',*,*,#11950,.T.);
#11950 = EDGE_CURVE('',#11463,#11951,#11953,.T.);
#11951 = VERTEX_POINT('',#11952);
#11952 = CARTESIAN_POINT('',(387.60980206986,-6.5,-264.7554332624));
#11953 = LINE('',#11954,#11955);
#11954 = CARTESIAN_POINT('',(387.60980206986,-13.6,-264.7554332624));
#11955 = VECTOR('',#11956,1.);
#11956 = DIRECTION('',(0.,1.,0.));
#11957 = ORIENTED_EDGE('',*,*,#11958,.T.);
#11958 = EDGE_CURVE('',#11951,#11924,#11959,.T.);
#11959 = CIRCLE('',#11960,2.9);
#11960 = AXIS2_PLACEMENT_3D('',#11961,#11962,#11963);
#11961 = CARTESIAN_POINT('',(386.93502884254,-6.5,-261.9350288425));
#11962 = DIRECTION('',(0.,1.,0.));
#11963 = DIRECTION('',(0.,0.,1.));
#11964 = CYLINDRICAL_SURFACE('',#11965,2.9);
#11965 = AXIS2_PLACEMENT_3D('',#11966,#11967,#11968);
#11966 = CARTESIAN_POINT('',(386.93502884254,-13.6,-261.9350288425));
#11967 = DIRECTION('',(0.,1.,0.));
#11968 = DIRECTION('',(0.,0.,1.));
#11969 = ADVANCED_FACE('',(#11970,#11989),#12040,.F.);
#11970 = FACE_BOUND('',#11971,.F.);
#11971 = EDGE_LOOP('',(#11972,#11973,#11974,#11982));
#11972 = ORIENTED_EDGE('',*,*,#11950,.F.);
#11973 = ORIENTED_EDGE('',*,*,#11462,.T.);
#11974 = ORIENTED_EDGE('',*,*,#11975,.T.);
#11975 = EDGE_CURVE('',#11454,#11976,#11978,.T.);
#11976 = VERTEX_POINT('',#11977);
#11977 = CARTESIAN_POINT('',(359.39019793013,-6.5,-264.7554332624));
#11978 = LINE('',#11979,#11980);
#11979 = CARTESIAN_POINT('',(359.39019793013,-13.6,-264.7554332624));
#11980 = VECTOR('',#11981,1.);
#11981 = DIRECTION('',(0.,1.,0.));
#11982 = ORIENTED_EDGE('',*,*,#11983,.F.);
#11983 = EDGE_CURVE('',#11951,#11976,#11984,.T.);
#11984 = CIRCLE('',#11985,21.525);
#11985 = AXIS2_PLACEMENT_3D('',#11986,#11987,#11988);
#11986 = CARTESIAN_POINT('',(373.5,-6.5,-248.5));
#11987 = DIRECTION('',(0.,1.,0.));
#11988 = DIRECTION('',(0.,0.,1.));
#11989 = FACE_BOUND('',#11990,.F.);
#11990 = EDGE_LOOP('',(#11991));
#11991 = ORIENTED_EDGE('',*,*,#11992,.F.);
#11992 = EDGE_CURVE('',#11993,#11993,#11995,.T.);
#11993 = VERTEX_POINT('',#11994);
#11994 = CARTESIAN_POINT('',(377.41160401821,-10.,-269.6666005538));
#11995 = B_SPLINE_CURVE_WITH_KNOTS('',7,(#11996,#11997,#11998,#11999,
    #12000,#12001,#12002,#12003,#12004,#12005,#12006,#12007,#12008,
    #12009,#12010,#12011,#12012,#12013,#12014,#12015,#12016,#12017,
    #12018,#12019,#12020,#12021,#12022,#12023,#12024,#12025,#12026,
    #12027,#12028,#12029,#12030,#12031,#12032,#12033,#12034,#12035,
    #12036,#12037,#12038,#12039),.UNSPECIFIED.,.T.,.F.,(8,6,6,6,6,6,6,8)
  ,(0.,0.152745660979,0.285760714277,0.421970876036,0.588690972019,
    0.714472259427,0.837892367445,1.),.UNSPECIFIED.);
#11996 = CARTESIAN_POINT('',(377.41160401821,-10.,-269.6666005538));
#11997 = CARTESIAN_POINT('',(377.41160401821,-9.796773232037,
    -269.6666005538));
#11998 = CARTESIAN_POINT('',(377.43956209057,-9.593642455112,
    -269.661433767));
#11999 = CARTESIAN_POINT('',(377.4954394564,-9.393092005244,
    -269.6511081765));
#12000 = CARTESIAN_POINT('',(377.57998300992,-9.197938875515,
    -269.6352423414));
#12001 = CARTESIAN_POINT('',(377.69438881429,-9.011865726686,
    -269.6131423132));
#12002 = CARTESIAN_POINT('',(377.83995715238,-8.840005280181,
    -269.5837212865));
#12003 = CARTESIAN_POINT('',(378.17176975736,-8.559609851081,
    -269.512499769));
#12004 = CARTESIAN_POINT('',(378.35580962847,-8.441132696005,
    -269.4716125675));
#12005 = CARTESIAN_POINT('',(378.5654926817,-8.348272130716,
    -269.4228799035));
#12006 = CARTESIAN_POINT('',(378.79292544548,-8.290363591264,
    -269.3669334786));
#12007 = CARTESIAN_POINT('',(379.02779226044,-8.272419808509,
    -269.3054588135));
#12008 = CARTESIAN_POINT('',(379.2594141291,-8.294898511556,
    -269.2414253142));
#12009 = CARTESIAN_POINT('',(379.70259027288,-8.413324191775,
    -269.1132960686));
#12010 = CARTESIAN_POINT('',(379.90567762627,-8.508923219075,
    -269.0515066471));
#12011 = CARTESIAN_POINT('',(380.08430834283,-8.632095610333,
    -268.9947173951));
#12012 = CARTESIAN_POINT('',(380.23718814481,-8.7760516491,
    -268.9444589236));
#12013 = CARTESIAN_POINT('',(380.3640602057,-8.934815117454,
    -268.9017254387));
#12014 = CARTESIAN_POINT('',(380.4654633756,-9.103080820736,
    -268.8669981453));
#12015 = CARTESIAN_POINT('',(380.63708049247,-9.488041278616,
    -268.8075773413));
#12016 = CARTESIAN_POINT('',(380.69648373156,-9.709975409546,
    -268.786436538));
#12017 = CARTESIAN_POINT('',(380.72278256444,-9.936985837068,
    -268.7769461703));
#12018 = CARTESIAN_POINT('',(380.71658103407,-10.16556128155,
    -268.7791757813));
#12019 = CARTESIAN_POINT('',(380.67753960971,-10.39194698857,
    -268.7932204071));
#12020 = CARTESIAN_POINT('',(380.60466812186,-10.61177406357,
    -268.8190146052));
#12021 = CARTESIAN_POINT('',(380.41521211767,-10.9753078484,
    -268.8841332368));
#12022 = CARTESIAN_POINT('',(380.31269482003,-11.12648705182,
    -268.9189444478));
#12023 = CARTESIAN_POINT('',(380.1882487472,-11.26841132661,
    -268.9604747137));
#12024 = CARTESIAN_POINT('',(380.04164360563,-11.39657483863,
    -269.008233462));
#12025 = CARTESIAN_POINT('',(379.87334269413,-11.50606266067,
    -269.0613271457));
#12026 = CARTESIAN_POINT('',(379.68466059581,-11.59146698264,
    -269.1184798224));
#12027 = CARTESIAN_POINT('',(379.27595674721,-11.70068096439,
    -269.2366425812));
#12028 = CARTESIAN_POINT('',(379.06190097313,-11.72419665537,
    -269.2960239249));
#12029 = CARTESIAN_POINT('',(378.84398006762,-11.7130886215,
    -269.3535335518));
#12030 = CARTESIAN_POINT('',(378.63106450853,-11.66724272799,
    -269.4066439414));
#12031 = CARTESIAN_POINT('',(378.43187397335,-11.59027955784,
    -269.4537650112));
#12032 = CARTESIAN_POINT('',(378.25342957227,-11.48939890324,
    -269.4941714712));
#12033 = CARTESIAN_POINT('',(377.89821470573,-11.22550225344,
    -269.5718758155));
#12034 = CARTESIAN_POINT('',(377.73251262996,-11.04772744634,
    -269.6057587696));
#12035 = CARTESIAN_POINT('',(377.6024859686,-10.8522511837,
    -269.6310145046));
#12036 = CARTESIAN_POINT('',(377.50655807391,-10.64559165658,
    -269.6490540557));
#12037 = CARTESIAN_POINT('',(377.44327163484,-10.43248013107,
    -269.6607480858));
#12038 = CARTESIAN_POINT('',(377.41160401821,-10.21628305361,
    -269.6666005538));
#12039 = CARTESIAN_POINT('',(377.41160401821,-10.,-269.6666005538));
#12040 = CYLINDRICAL_SURFACE('',#12041,21.525);
#12041 = AXIS2_PLACEMENT_3D('',#12042,#12043,#12044);
#12042 = CARTESIAN_POINT('',(373.5,-13.6,-248.5));
#12043 = DIRECTION('',(0.,1.,0.));
#12044 = DIRECTION('',(0.,0.,1.));
#12045 = ADVANCED_FACE('',(#12046),#12090,.F.);
#12046 = FACE_BOUND('',#12047,.F.);
#12047 = EDGE_LOOP('',(#12048,#12058,#12065,#12066,#12073,#12074,#12075,
    #12083));
#12048 = ORIENTED_EDGE('',*,*,#12049,.T.);
#12049 = EDGE_CURVE('',#12050,#12052,#12054,.T.);
#12050 = VERTEX_POINT('',#12051);
#12051 = CARTESIAN_POINT('',(360.06497115745,-6.5,-259.0350288425));
#12052 = VERTEX_POINT('',#12053);
#12053 = CARTESIAN_POINT('',(360.06497115745,-2.5,-259.0350288425));
#12054 = LINE('',#12055,#12056);
#12055 = CARTESIAN_POINT('',(360.06497115745,-13.6,-259.0350288425));
#12056 = VECTOR('',#12057,1.);
#12057 = DIRECTION('',(0.,1.,0.));
#12058 = ORIENTED_EDGE('',*,*,#12059,.F.);
#12059 = EDGE_CURVE('',#12052,#12052,#12060,.T.);
#12060 = CIRCLE('',#12061,2.9);
#12061 = AXIS2_PLACEMENT_3D('',#12062,#12063,#12064);
#12062 = CARTESIAN_POINT('',(360.06497115745,-2.5,-261.9350288425));
#12063 = DIRECTION('',(0.,1.,0.));
#12064 = DIRECTION('',(0.,0.,1.));
#12065 = ORIENTED_EDGE('',*,*,#12049,.F.);
#12066 = ORIENTED_EDGE('',*,*,#12067,.T.);
#12067 = EDGE_CURVE('',#12050,#11976,#12068,.T.);
#12068 = CIRCLE('',#12069,2.9);
#12069 = AXIS2_PLACEMENT_3D('',#12070,#12071,#12072);
#12070 = CARTESIAN_POINT('',(360.06497115745,-6.5,-261.9350288425));
#12071 = DIRECTION('',(0.,1.,0.));
#12072 = DIRECTION('',(0.,0.,1.));
#12073 = ORIENTED_EDGE('',*,*,#11975,.F.);
#12074 = ORIENTED_EDGE('',*,*,#11453,.T.);
#12075 = ORIENTED_EDGE('',*,*,#12076,.T.);
#12076 = EDGE_CURVE('',#11445,#12077,#12079,.T.);
#12077 = VERTEX_POINT('',#12078);
#12078 = CARTESIAN_POINT('',(357.24456673757,-6.5,-262.6098020698));
#12079 = LINE('',#12080,#12081);
#12080 = CARTESIAN_POINT('',(357.24456673757,-13.6,-262.6098020698));
#12081 = VECTOR('',#12082,1.);
#12082 = DIRECTION('',(0.,1.,0.));
#12083 = ORIENTED_EDGE('',*,*,#12084,.T.);
#12084 = EDGE_CURVE('',#12077,#12050,#12085,.T.);
#12085 = CIRCLE('',#12086,2.9);
#12086 = AXIS2_PLACEMENT_3D('',#12087,#12088,#12089);
#12087 = CARTESIAN_POINT('',(360.06497115745,-6.5,-261.9350288425));
#12088 = DIRECTION('',(0.,1.,0.));
#12089 = DIRECTION('',(0.,0.,1.));
#12090 = CYLINDRICAL_SURFACE('',#12091,2.9);
#12091 = AXIS2_PLACEMENT_3D('',#12092,#12093,#12094);
#12092 = CARTESIAN_POINT('',(360.06497115745,-13.6,-261.9350288425));
#12093 = DIRECTION('',(0.,1.,0.));
#12094 = DIRECTION('',(0.,0.,1.));
#12095 = ADVANCED_FACE('',(#12096,#12115),#12166,.F.);
#12096 = FACE_BOUND('',#12097,.F.);
#12097 = EDGE_LOOP('',(#12098,#12099,#12100,#12108));
#12098 = ORIENTED_EDGE('',*,*,#12076,.F.);
#12099 = ORIENTED_EDGE('',*,*,#11444,.T.);
#12100 = ORIENTED_EDGE('',*,*,#12101,.T.);
#12101 = EDGE_CURVE('',#11436,#12102,#12104,.T.);
#12102 = VERTEX_POINT('',#12103);
#12103 = CARTESIAN_POINT('',(357.24456673757,-6.5,-234.3901979301));
#12104 = LINE('',#12105,#12106);
#12105 = CARTESIAN_POINT('',(357.24456673757,-13.6,-234.3901979301));
#12106 = VECTOR('',#12107,1.);
#12107 = DIRECTION('',(0.,1.,0.));
#12108 = ORIENTED_EDGE('',*,*,#12109,.F.);
#12109 = EDGE_CURVE('',#12077,#12102,#12110,.T.);
#12110 = CIRCLE('',#12111,21.525);
#12111 = AXIS2_PLACEMENT_3D('',#12112,#12113,#12114);
#12112 = CARTESIAN_POINT('',(373.5,-6.5,-248.5));
#12113 = DIRECTION('',(0.,1.,0.));
#12114 = DIRECTION('',(0.,0.,1.));
#12115 = FACE_BOUND('',#12116,.F.);
#12116 = EDGE_LOOP('',(#12117));
#12117 = ORIENTED_EDGE('',*,*,#12118,.F.);
#12118 = EDGE_CURVE('',#12119,#12119,#12121,.T.);
#12119 = VERTEX_POINT('',#12120);
#12120 = CARTESIAN_POINT('',(353.21338419953,-10.,-255.6957518275));
#12121 = B_SPLINE_CURVE_WITH_KNOTS('',7,(#12122,#12123,#12124,#12125,
    #12126,#12127,#12128,#12129,#12130,#12131,#12132,#12133,#12134,
    #12135,#12136,#12137,#12138,#12139,#12140,#12141,#12142,#12143,
    #12144,#12145,#12146,#12147,#12148,#12149,#12150,#12151,#12152,
    #12153,#12154,#12155,#12156,#12157,#12158,#12159,#12160,#12161,
    #12162,#12163,#12164,#12165),.UNSPECIFIED.,.T.,.F.,(8,6,6,6,6,6,6,8)
  ,(0.,0.15274566131,0.285760714897,0.421970876951,0.588690970381,
    0.714472258034,0.837892367216,1.),.UNSPECIFIED.);
#12122 = CARTESIAN_POINT('',(353.21338419953,-10.,-255.6957518275));
#12123 = CARTESIAN_POINT('',(353.21338419953,-10.20322676796,
    -255.6957518275));
#12124 = CARTESIAN_POINT('',(353.20387973197,-10.40635754488,
    -255.6689560332));
#12125 = CARTESIAN_POINT('',(353.18488327275,-10.60690799475,
    -255.6154020197));
#12126 = CARTESIAN_POINT('',(353.15635171224,-10.80206112448,
    -255.534252237));
#12127 = CARTESIAN_POINT('',(353.11828799583,-10.98813427331,
    -255.4241238901));
#12128 = CARTESIAN_POINT('',(353.07098318331,-11.15999471981,
    -255.2833474979));
#12129 = CARTESIAN_POINT('',(352.96675652426,-11.44039014891,
    -254.960378594));
#12130 = CARTESIAN_POINT('',(352.91014594391,-11.55886730399,
    -254.7805517895));
#12131 = CARTESIAN_POINT('',(352.84750814235,-11.65172786928,
    -254.5745946067));
#12132 = CARTESIAN_POINT('',(352.78224278569,-11.70963640873,
    -254.3496588431));
#12133 = CARTESIAN_POINT('',(352.71804799984,-11.72758019149,
    -254.1155208823));
#12134 = CARTESIAN_POINT('',(352.65769170257,-11.70510148844,
    -253.8829137104));
#12135 = CARTESIAN_POINT('',(352.54706681236,-11.58667580822,
    -253.4350472887));
#12136 = CARTESIAN_POINT('',(352.49903434442,-11.49107678092,
    -253.2282737707));
#12137 = CARTESIAN_POINT('',(352.45889992097,-11.36790438966,
    -253.0451804063));
#12138 = CARTESIAN_POINT('',(352.42598513308,-11.2239483509,
    -252.8876533783));
#12139 = CARTESIAN_POINT('',(352.39955738619,-11.06518488254,
    -252.7564122081));
#12140 = CARTESIAN_POINT('',(352.37893051952,-10.89691917926,
    -252.6512308402));
#12141 = CARTESIAN_POINT('',(352.34458188714,-10.51195872508,
    -252.472895657));
#12142 = CARTESIAN_POINT('',(352.33318873935,-10.29002457592,
    -252.4108805361));
#12143 = CARTESIAN_POINT('',(352.32825822338,-10.06301418909,
    -252.3833598997));
#12144 = CARTESIAN_POINT('',(352.32942808912,-9.834438692444,
    -252.3898453897));
#12145 = CARTESIAN_POINT('',(352.33678579708,-9.60805302567,
    -252.4306785606));
#12146 = CARTESIAN_POINT('',(352.35088311142,-9.388225932852,
    -252.5066842255));
#12147 = CARTESIAN_POINT('',(352.3892167239,-9.024692151593,
    -252.7033172519));
#12148 = CARTESIAN_POINT('',(352.41032797964,-8.873512948178,
    -252.8095054415));
#12149 = CARTESIAN_POINT('',(352.43658475076,-8.731588673385,
    -252.9380440349));
#12150 = CARTESIAN_POINT('',(352.46852703231,-8.603425161363,
    -253.088887186));
#12151 = CARTESIAN_POINT('',(352.50669700918,-8.493937339325,
    -253.2611868927));
#12152 = CARTESIAN_POINT('',(352.55154238846,-8.408533017354,
    -253.4531667214));
#12153 = CARTESIAN_POINT('',(352.6535623622,-8.299319035202,
    -253.8661960179));
#12154 = CARTESIAN_POINT('',(352.70916449518,-8.275803345,
    -254.0812644204));
#12155 = CARTESIAN_POINT('',(352.76832015448,-8.286911379589,
    -254.2987442905));
#12156 = CARTESIAN_POINT('',(352.82878298169,-8.332757269283,
    -254.5096897477));
#12157 = CARTESIAN_POINT('',(352.88757021022,-8.409720444602,
    -254.7057543616));
#12158 = CARTESIAN_POINT('',(352.94179938799,-8.510601095839,
    -254.8804949697));
#12159 = CARTESIAN_POINT('',(353.05211288547,-8.774497746558,
    -255.2269722413));
#12160 = CARTESIAN_POINT('',(353.10562042432,-8.952272553652,
    -255.3874159254));
#12161 = CARTESIAN_POINT('',(353.14876164696,-9.147748816296,
    -255.5126501848));
#12162 = CARTESIAN_POINT('',(353.18110288475,-9.354408343416,
    -255.6047459541));
#12163 = CARTESIAN_POINT('',(353.20261877715,-9.567519868926,
    -255.6654006331));
#12164 = CARTESIAN_POINT('',(353.21338419953,-9.783716946386,
    -255.6957518275));
#12165 = CARTESIAN_POINT('',(353.21338419953,-10.,-255.6957518275));
#12166 = CYLINDRICAL_SURFACE('',#12167,21.525);
#12167 = AXIS2_PLACEMENT_3D('',#12168,#12169,#12170);
#12168 = CARTESIAN_POINT('',(373.5,-13.6,-248.5));
#12169 = DIRECTION('',(0.,1.,0.));
#12170 = DIRECTION('',(0.,0.,1.));
#12171 = ADVANCED_FACE('',(#12172),#12209,.F.);
#12172 = FACE_BOUND('',#12173,.F.);
#12173 = EDGE_LOOP('',(#12174,#12184,#12191,#12192,#12199,#12200,#12201,
    #12202));
#12174 = ORIENTED_EDGE('',*,*,#12175,.T.);
#12175 = EDGE_CURVE('',#12176,#12178,#12180,.T.);
#12176 = VERTEX_POINT('',#12177);
#12177 = CARTESIAN_POINT('',(360.06497115745,-6.5,-232.1649711574));
#12178 = VERTEX_POINT('',#12179);
#12179 = CARTESIAN_POINT('',(360.06497115745,-2.5,-232.1649711574));
#12180 = LINE('',#12181,#12182);
#12181 = CARTESIAN_POINT('',(360.06497115745,-13.6,-232.1649711574));
#12182 = VECTOR('',#12183,1.);
#12183 = DIRECTION('',(0.,1.,0.));
#12184 = ORIENTED_EDGE('',*,*,#12185,.F.);
#12185 = EDGE_CURVE('',#12178,#12178,#12186,.T.);
#12186 = CIRCLE('',#12187,2.9);
#12187 = AXIS2_PLACEMENT_3D('',#12188,#12189,#12190);
#12188 = CARTESIAN_POINT('',(360.06497115745,-2.5,-235.0649711574));
#12189 = DIRECTION('',(0.,1.,0.));
#12190 = DIRECTION('',(0.,0.,1.));
#12191 = ORIENTED_EDGE('',*,*,#12175,.F.);
#12192 = ORIENTED_EDGE('',*,*,#12193,.T.);
#12193 = EDGE_CURVE('',#12176,#12102,#12194,.T.);
#12194 = CIRCLE('',#12195,2.9);
#12195 = AXIS2_PLACEMENT_3D('',#12196,#12197,#12198);
#12196 = CARTESIAN_POINT('',(360.06497115745,-6.5,-235.0649711574));
#12197 = DIRECTION('',(0.,1.,0.));
#12198 = DIRECTION('',(0.,0.,1.));
#12199 = ORIENTED_EDGE('',*,*,#12101,.F.);
#12200 = ORIENTED_EDGE('',*,*,#11435,.T.);
#12201 = ORIENTED_EDGE('',*,*,#11704,.T.);
#12202 = ORIENTED_EDGE('',*,*,#12203,.T.);
#12203 = EDGE_CURVE('',#11705,#12176,#12204,.T.);
#12204 = CIRCLE('',#12205,2.9);
#12205 = AXIS2_PLACEMENT_3D('',#12206,#12207,#12208);
#12206 = CARTESIAN_POINT('',(360.06497115745,-6.5,-235.0649711574));
#12207 = DIRECTION('',(0.,1.,0.));
#12208 = DIRECTION('',(0.,0.,1.));
#12209 = CYLINDRICAL_SURFACE('',#12210,2.9);
#12210 = AXIS2_PLACEMENT_3D('',#12211,#12212,#12213);
#12211 = CARTESIAN_POINT('',(360.06497115745,-13.6,-235.0649711574));
#12212 = DIRECTION('',(0.,1.,0.));
#12213 = DIRECTION('',(0.,0.,1.));
#12214 = ADVANCED_FACE('',(#12215,#12218),#12229,.T.);
#12215 = FACE_BOUND('',#12216,.T.);
#12216 = EDGE_LOOP('',(#12217));
#12217 = ORIENTED_EDGE('',*,*,#11513,.T.);
#12218 = FACE_BOUND('',#12219,.T.);
#12219 = EDGE_LOOP('',(#12220));
#12220 = ORIENTED_EDGE('',*,*,#12221,.F.);
#12221 = EDGE_CURVE('',#12222,#12222,#12224,.T.);
#12222 = VERTEX_POINT('',#12223);
#12223 = CARTESIAN_POINT('',(397.49793102843,-10.,-240.3098042542));
#12224 = CIRCLE('',#12225,1.7);
#12225 = AXIS2_PLACEMENT_3D('',#12226,#12227,#12228);
#12226 = CARTESIAN_POINT('',(397.93792340511,-10.,-241.9518781589));
#12227 = DIRECTION('',(0.965925826289,0.,0.258819045103));
#12228 = DIRECTION('',(-0.258819045103,0.,0.965925826289));
#12229 = PLANE('',#12230);
#12230 = AXIS2_PLACEMENT_3D('',#12231,#12232,#12233);
#12231 = CARTESIAN_POINT('',(397.93792340511,-10.,-241.9518781589));
#12232 = DIRECTION('',(0.965925826289,0.,0.258819045103));
#12233 = DIRECTION('',(-0.258819045103,0.,0.965925826289));
#12234 = ADVANCED_FACE('',(#12235,#12238),#12249,.T.);
#12235 = FACE_BOUND('',#12236,.T.);
#12236 = EDGE_LOOP('',(#12237));
#12237 = ORIENTED_EDGE('',*,*,#11538,.T.);
#12238 = FACE_BOUND('',#12239,.T.);
#12239 = EDGE_LOOP('',(#12240));
#12240 = ORIENTED_EDGE('',*,*,#12241,.F.);
#12241 = EDGE_CURVE('',#12242,#12242,#12244,.T.);
#12242 = VERTEX_POINT('',#12243);
#12243 = CARTESIAN_POINT('',(378.4060479364,-10.,-273.3779157817));
#12244 = CIRCLE('',#12245,1.7);
#12245 = AXIS2_PLACEMENT_3D('',#12246,#12247,#12248);
#12246 = CARTESIAN_POINT('',(380.04812184109,-10.,-272.9379234051));
#12247 = DIRECTION('',(0.258819045103,0.,-0.965925826289));
#12248 = DIRECTION('',(-0.965925826289,0.,-0.258819045103));
#12249 = PLANE('',#12250);
#12250 = AXIS2_PLACEMENT_3D('',#12251,#12252,#12253);
#12251 = CARTESIAN_POINT('',(380.04812184109,-10.,-272.9379234051));
#12252 = DIRECTION('',(0.258819045103,0.,-0.965925826289));
#12253 = DIRECTION('',(-0.965925826289,0.,-0.258819045103));
#12254 = ADVANCED_FACE('',(#12255,#12258),#12269,.T.);
#12255 = FACE_BOUND('',#12256,.T.);
#12256 = EDGE_LOOP('',(#12257));
#12257 = ORIENTED_EDGE('',*,*,#11563,.T.);
#12258 = FACE_BOUND('',#12259,.T.);
#12259 = EDGE_LOOP('',(#12260));
#12260 = ORIENTED_EDGE('',*,*,#12261,.F.);
#12261 = EDGE_CURVE('',#12262,#12262,#12264,.T.);
#12262 = VERTEX_POINT('',#12263);
#12263 = CARTESIAN_POINT('',(349.50206897156,-10.,-256.6901957457));
#12264 = CIRCLE('',#12265,1.7);
#12265 = AXIS2_PLACEMENT_3D('',#12266,#12267,#12268);
#12266 = CARTESIAN_POINT('',(349.06207659488,-10.,-255.048121841));
#12267 = DIRECTION('',(-0.965925826289,-0.,-0.258819045103));
#12268 = DIRECTION('',(0.258819045103,0.,-0.965925826289));
#12269 = PLANE('',#12270);
#12270 = AXIS2_PLACEMENT_3D('',#12271,#12272,#12273);
#12271 = CARTESIAN_POINT('',(349.06207659488,-10.,-255.048121841));
#12272 = DIRECTION('',(-0.965925826289,0.,-0.258819045103));
#12273 = DIRECTION('',(0.258819045103,0.,-0.965925826289));
#12274 = ADVANCED_FACE('',(#12275,#12278),#12289,.T.);
#12275 = FACE_BOUND('',#12276,.T.);
#12276 = EDGE_LOOP('',(#12277));
#12277 = ORIENTED_EDGE('',*,*,#11588,.T.);
#12278 = FACE_BOUND('',#12279,.T.);
#12279 = EDGE_LOOP('',(#12280));
#12280 = ORIENTED_EDGE('',*,*,#12281,.F.);
#12281 = EDGE_CURVE('',#12282,#12282,#12284,.T.);
#12282 = VERTEX_POINT('',#12283);
#12283 = CARTESIAN_POINT('',(368.59395206359,-10.,-223.6220842182));
#12284 = CIRCLE('',#12285,1.7);
#12285 = AXIS2_PLACEMENT_3D('',#12286,#12287,#12288);
#12286 = CARTESIAN_POINT('',(366.9518781589,-10.,-224.0620765948));
#12287 = DIRECTION('',(-0.258819045103,0.,0.965925826289));
#12288 = DIRECTION('',(0.965925826289,0.,0.258819045103));
#12289 = PLANE('',#12290);
#12290 = AXIS2_PLACEMENT_3D('',#12291,#12292,#12293);
#12291 = CARTESIAN_POINT('',(366.9518781589,-10.,-224.0620765948));
#12292 = DIRECTION('',(-0.258819045103,0.,0.965925826289));
#12293 = DIRECTION('',(0.965925826289,0.,0.258819045103));
#12294 = ADVANCED_FACE('',(#12295,#12298),#12301,.F.);
#12295 = FACE_BOUND('',#12296,.F.);
#12296 = EDGE_LOOP('',(#12297));
#12297 = ORIENTED_EDGE('',*,*,#12059,.T.);
#12298 = FACE_BOUND('',#12299,.F.);
#12299 = EDGE_LOOP('',(#12300));
#12300 = ORIENTED_EDGE('',*,*,#11613,.F.);
#12301 = PLANE('',#12302);
#12302 = AXIS2_PLACEMENT_3D('',#12303,#12304,#12305);
#12303 = CARTESIAN_POINT('',(360.06497115745,-2.5,-261.9350288425));
#12304 = DIRECTION('',(0.,1.,0.));
#12305 = DIRECTION('',(0.,0.,1.));
#12306 = ADVANCED_FACE('',(#12307,#12310),#12313,.F.);
#12307 = FACE_BOUND('',#12308,.F.);
#12308 = EDGE_LOOP('',(#12309));
#12309 = ORIENTED_EDGE('',*,*,#12185,.T.);
#12310 = FACE_BOUND('',#12311,.F.);
#12311 = EDGE_LOOP('',(#12312));
#12312 = ORIENTED_EDGE('',*,*,#11638,.F.);
#12313 = PLANE('',#12314);
#12314 = AXIS2_PLACEMENT_3D('',#12315,#12316,#12317);
#12315 = CARTESIAN_POINT('',(360.06497115745,-2.5,-235.0649711574));
#12316 = DIRECTION('',(0.,1.,0.));
#12317 = DIRECTION('',(0.,0.,1.));
#12318 = ADVANCED_FACE('',(#12319,#12322),#12325,.F.);
#12319 = FACE_BOUND('',#12320,.F.);
#12320 = EDGE_LOOP('',(#12321));
#12321 = ORIENTED_EDGE('',*,*,#11933,.T.);
#12322 = FACE_BOUND('',#12323,.F.);
#12323 = EDGE_LOOP('',(#12324));
#12324 = ORIENTED_EDGE('',*,*,#11663,.F.);
#12325 = PLANE('',#12326);
#12326 = AXIS2_PLACEMENT_3D('',#12327,#12328,#12329);
#12327 = CARTESIAN_POINT('',(386.93502884254,-2.5,-261.9350288425));
#12328 = DIRECTION('',(0.,1.,0.));
#12329 = DIRECTION('',(0.,0.,1.));
#12330 = ADVANCED_FACE('',(#12331,#12334),#12337,.F.);
#12331 = FACE_BOUND('',#12332,.F.);
#12332 = EDGE_LOOP('',(#12333));
#12333 = ORIENTED_EDGE('',*,*,#11807,.T.);
#12334 = FACE_BOUND('',#12335,.F.);
#12335 = EDGE_LOOP('',(#12336));
#12336 = ORIENTED_EDGE('',*,*,#11688,.F.);
#12337 = PLANE('',#12338);
#12338 = AXIS2_PLACEMENT_3D('',#12339,#12340,#12341);
#12339 = CARTESIAN_POINT('',(386.93502884254,-2.5,-235.0649711574));
#12340 = DIRECTION('',(0.,1.,0.));
#12341 = DIRECTION('',(0.,0.,1.));
#12342 = ADVANCED_FACE('',(#12343),#12358,.F.);
#12343 = FACE_BOUND('',#12344,.F.);
#12344 = EDGE_LOOP('',(#12345,#12346,#12347,#12348,#12349,#12350,#12351,
    #12352,#12353,#12354,#12355,#12356,#12357));
#12345 = ORIENTED_EDGE('',*,*,#11832,.F.);
#12346 = ORIENTED_EDGE('',*,*,#11857,.T.);
#12347 = ORIENTED_EDGE('',*,*,#11941,.F.);
#12348 = ORIENTED_EDGE('',*,*,#11958,.F.);
#12349 = ORIENTED_EDGE('',*,*,#11983,.T.);
#12350 = ORIENTED_EDGE('',*,*,#12067,.F.);
#12351 = ORIENTED_EDGE('',*,*,#12084,.F.);
#12352 = ORIENTED_EDGE('',*,*,#12109,.T.);
#12353 = ORIENTED_EDGE('',*,*,#12193,.F.);
#12354 = ORIENTED_EDGE('',*,*,#12203,.F.);
#12355 = ORIENTED_EDGE('',*,*,#11731,.T.);
#12356 = ORIENTED_EDGE('',*,*,#11722,.T.);
#12357 = ORIENTED_EDGE('',*,*,#11815,.F.);
#12358 = PLANE('',#12359);
#12359 = AXIS2_PLACEMENT_3D('',#12360,#12361,#12362);
#12360 = CARTESIAN_POINT('',(373.5,-6.5,-248.5));
#12361 = DIRECTION('',(0.,1.,0.));
#12362 = DIRECTION('',(0.,0.,1.));
#12363 = ADVANCED_FACE('',(#12364),#12375,.F.);
#12364 = FACE_BOUND('',#12365,.F.);
#12365 = EDGE_LOOP('',(#12366,#12367,#12373,#12374));
#12366 = ORIENTED_EDGE('',*,*,#12281,.F.);
#12367 = ORIENTED_EDGE('',*,*,#12368,.F.);
#12368 = EDGE_CURVE('',#11741,#12282,#12369,.T.);
#12369 = LINE('',#12370,#12371);
#12370 = CARTESIAN_POINT('',(369.60334633949,-10.,-227.3891949407));
#12371 = VECTOR('',#12372,1.);
#12372 = DIRECTION('',(-0.258819045103,0.,0.965925826289));
#12373 = ORIENTED_EDGE('',*,*,#11740,.T.);
#12374 = ORIENTED_EDGE('',*,*,#12368,.T.);
#12375 = CYLINDRICAL_SURFACE('',#12376,1.7);
#12376 = AXIS2_PLACEMENT_3D('',#12377,#12378,#12379);
#12377 = CARTESIAN_POINT('',(367.9612724348,-10.,-227.8291873174));
#12378 = DIRECTION('',(-0.258819045103,0.,0.965925826289));
#12379 = DIRECTION('',(0.965925826289,0.,0.258819045103));
#12380 = ADVANCED_FACE('',(#12381),#12392,.F.);
#12381 = FACE_BOUND('',#12382,.F.);
#12382 = EDGE_LOOP('',(#12383,#12384,#12390,#12391));
#12383 = ORIENTED_EDGE('',*,*,#12221,.F.);
#12384 = ORIENTED_EDGE('',*,*,#12385,.F.);
#12385 = EDGE_CURVE('',#11867,#12222,#12386,.T.);
#12386 = LINE('',#12387,#12388);
#12387 = CARTESIAN_POINT('',(393.73082030591,-10.,-241.3191985301));
#12388 = VECTOR('',#12389,1.);
#12389 = DIRECTION('',(0.965925826289,0.,0.258819045103));
#12390 = ORIENTED_EDGE('',*,*,#11866,.T.);
#12391 = ORIENTED_EDGE('',*,*,#12385,.T.);
#12392 = CYLINDRICAL_SURFACE('',#12393,1.7);
#12393 = AXIS2_PLACEMENT_3D('',#12394,#12395,#12396);
#12394 = CARTESIAN_POINT('',(394.17081268258,-10.,-242.9612724348));
#12395 = DIRECTION('',(0.965925826289,0.,0.258819045103));
#12396 = DIRECTION('',(-0.258819045103,0.,0.965925826289));
#12397 = ADVANCED_FACE('',(#12398),#12409,.F.);
#12398 = FACE_BOUND('',#12399,.F.);
#12399 = EDGE_LOOP('',(#12400,#12401,#12407,#12408));
#12400 = ORIENTED_EDGE('',*,*,#12241,.F.);
#12401 = ORIENTED_EDGE('',*,*,#12402,.F.);
#12402 = EDGE_CURVE('',#11993,#12242,#12403,.T.);
#12403 = LINE('',#12404,#12405);
#12404 = CARTESIAN_POINT('',(377.3966536605,-10.,-269.6108050592));
#12405 = VECTOR('',#12406,1.);
#12406 = DIRECTION('',(0.258819045103,0.,-0.965925826289));
#12407 = ORIENTED_EDGE('',*,*,#11992,.T.);
#12408 = ORIENTED_EDGE('',*,*,#12402,.T.);
#12409 = CYLINDRICAL_SURFACE('',#12410,1.7);
#12410 = AXIS2_PLACEMENT_3D('',#12411,#12412,#12413);
#12411 = CARTESIAN_POINT('',(379.03872756519,-10.,-269.1708126825));
#12412 = DIRECTION('',(0.258819045103,0.,-0.965925826289));
#12413 = DIRECTION('',(-0.965925826289,0.,-0.258819045103));
#12414 = ADVANCED_FACE('',(#12415),#12426,.F.);
#12415 = FACE_BOUND('',#12416,.F.);
#12416 = EDGE_LOOP('',(#12417,#12418,#12424,#12425));
#12417 = ORIENTED_EDGE('',*,*,#12261,.F.);
#12418 = ORIENTED_EDGE('',*,*,#12419,.F.);
#12419 = EDGE_CURVE('',#12119,#12262,#12420,.T.);
#12420 = LINE('',#12421,#12422);
#12421 = CARTESIAN_POINT('',(353.26917969408,-10.,-255.6808014698));
#12422 = VECTOR('',#12423,1.);
#12423 = DIRECTION('',(-0.965925826289,-0.,-0.258819045103));
#12424 = ORIENTED_EDGE('',*,*,#12118,.T.);
#12425 = ORIENTED_EDGE('',*,*,#12419,.T.);
#12426 = CYLINDRICAL_SURFACE('',#12427,1.7);
#12427 = AXIS2_PLACEMENT_3D('',#12428,#12429,#12430);
#12428 = CARTESIAN_POINT('',(352.82918731741,-10.,-254.0387275651));
#12429 = DIRECTION('',(-0.965925826289,0.,-0.258819045103));
#12430 = DIRECTION('',(0.258819045103,0.,-0.965925826289));
#12431 = ( GEOMETRIC_REPRESENTATION_CONTEXT(3) 
GLOBAL_UNCERTAINTY_ASSIGNED_CONTEXT((#12435)) 
GLOBAL_UNIT_ASSIGNED_CONTEXT((#12432,#12433,#12434)) 
REPRESENTATION_CONTEXT('Context #1',
  '3D Context with UNIT and UNCERTAINTY') );
#12432 = ( LENGTH_UNIT() NAMED_UNIT(*) SI_UNIT(.MILLI.,.METRE.) );
#12433 = ( NAMED_UNIT(*) PLANE_ANGLE_UNIT() SI_UNIT($,.RADIAN.) );
#12434 = ( NAMED_UNIT(*) SI_UNIT($,.STERADIAN.) SOLID_ANGLE_UNIT() );
#12435 = UNCERTAINTY_MEASURE_WITH_UNIT(LENGTH_MEASURE(5.E-07),#12432,
  'distance_accuracy_value','confusion accuracy');
#12436 = PRODUCT_RELATED_PRODUCT_CATEGORY('part',$,(#7));
ENDSEC;
END-ISO-10303-21;
