ISO-10303-21;
HEADER;
FILE_DESCRIPTION(('FreeCAD Model'),'2;1');
FILE_NAME('Open CASCADE Shape Model','2026-09-28T10:39:27',('FreeCAD'),(
    'FreeCAD'),'Open CASCADE STEP processor 7.8','FreeCAD','Unknown');
FILE_SCHEMA(('AUTOMOTIVE_DESIGN { 1 0 10303 214 1 1 1 1 }'));
ENDSEC;
DATA;
#1 = APPLICATION_PROTOCOL_DEFINITION('international standard',
  'automotive_design',2000,#2);
#2 = APPLICATION_CONTEXT(
  'core data for automotive mechanical design processes');
#3 = SHAPE_DEFINITION_REPRESENTATION(#4,#10);
#4 = PRODUCT_DEFINITION_SHAPE('','',#5);
#5 = PRODUCT_DEFINITION('design','',#6,#9);
#6 = PRODUCT_DEFINITION_FORMATION('','',#7);
#7 = PRODUCT('Open CASCADE STEP translator 7.8 3',
  'Open CASCADE STEP translator 7.8 3','',(#8));
#8 = PRODUCT_CONTEXT('',#2,'mechanical');
#9 = PRODUCT_DEFINITION_CONTEXT('part definition',#2,'design');
#10 = SHAPE_REPRESENTATION('',(#11,#15,#1675,#4239,#6803,#8267,#9731,
    #9823,#9915,#10170,#10425,#10517,#10609,#10864,#11119,#11211,#11303,
    #11558,#11813,#11905,#11997,#12252,#12507,#12610,#12713,#12816,
    #12919,#13022,#13125,#13228,#13331,#13434,#13537,#13640,#13743,
    #13846,#13949,#14052),#14155);
#11 = AXIS2_PLACEMENT_3D('',#12,#13,#14);
#12 = CARTESIAN_POINT('',(0.,0.,0.));
#13 = DIRECTION('',(0.,0.,1.));
#14 = DIRECTION('',(1.,0.,-0.));
#15 = MANIFOLD_SOLID_BREP('',#16);
#16 = CLOSED_SHELL('',(#17,#59,#283,#307,#454,#471,#488,#505,#522,#539,
    #551,#576,#601,#626,#651,#683,#707,#732,#756,#781,#805,#830,#847,
    #872,#897,#922,#947,#964,#981,#998,#1015,#1032,#1049,#1066,#1083,
    #1143,#1168,#1193,#1218,#1243,#1263,#1283,#1303,#1323,#1348,#1373,
    #1398,#1423,#1443,#1463,#1483,#1503,#1528,#1553,#1578,#1603,#1621,
    #1639,#1657));
#17 = ADVANCED_FACE('',(#18),#54,.T.);
#18 = FACE_BOUND('',#19,.T.);
#19 = EDGE_LOOP('',(#20,#31,#39,#48));
#20 = ORIENTED_EDGE('',*,*,#21,.F.);
#21 = EDGE_CURVE('',#22,#24,#26,.T.);
#22 = VERTEX_POINT('',#23);
#23 = CARTESIAN_POINT('',(-87.,-64.,-47.));
#24 = VERTEX_POINT('',#25);
#25 = CARTESIAN_POINT('',(-79.,-72.,-47.));
#26 = CIRCLE('',#27,8.);
#27 = AXIS2_PLACEMENT_3D('',#28,#29,#30);
#28 = CARTESIAN_POINT('',(-79.,-64.,-47.));
#29 = DIRECTION('',(0.,0.,1.));
#30 = DIRECTION('',(1.,0.,0.));
#31 = ORIENTED_EDGE('',*,*,#32,.F.);
#32 = EDGE_CURVE('',#33,#22,#35,.T.);
#33 = VERTEX_POINT('',#34);
#34 = CARTESIAN_POINT('',(-87.,-64.,-50.));
#35 = LINE('',#36,#37);
#36 = CARTESIAN_POINT('',(-87.,-64.,-50.));
#37 = VECTOR('',#38,1.);
#38 = DIRECTION('',(0.,0.,1.));
#39 = ORIENTED_EDGE('',*,*,#40,.T.);
#40 = EDGE_CURVE('',#33,#41,#43,.T.);
#41 = VERTEX_POINT('',#42);
#42 = CARTESIAN_POINT('',(-79.,-72.,-50.));
#43 = CIRCLE('',#44,8.);
#44 = AXIS2_PLACEMENT_3D('',#45,#46,#47);
#45 = CARTESIAN_POINT('',(-79.,-64.,-50.));
#46 = DIRECTION('',(0.,0.,1.));
#47 = DIRECTION('',(1.,0.,0.));
#48 = ORIENTED_EDGE('',*,*,#49,.T.);
#49 = EDGE_CURVE('',#41,#24,#50,.T.);
#50 = LINE('',#51,#52);
#51 = CARTESIAN_POINT('',(-79.,-72.,-50.));
#52 = VECTOR('',#53,1.);
#53 = DIRECTION('',(0.,0.,1.));
#54 = CYLINDRICAL_SURFACE('',#55,8.);
#55 = AXIS2_PLACEMENT_3D('',#56,#57,#58);
#56 = CARTESIAN_POINT('',(-79.,-64.,-50.));
#57 = DIRECTION('',(0.,0.,1.));
#58 = DIRECTION('',(1.,0.,0.));
#59 = ADVANCED_FACE('',(#60,#120,#131,#142,#153,#164,#234,#245,#256,#267
    ),#278,.T.);
#60 = FACE_BOUND('',#61,.T.);
#61 = EDGE_LOOP('',(#62,#63,#71,#80,#88,#97,#105,#114));
#62 = ORIENTED_EDGE('',*,*,#21,.T.);
#63 = ORIENTED_EDGE('',*,*,#64,.T.);
#64 = EDGE_CURVE('',#24,#65,#67,.T.);
#65 = VERTEX_POINT('',#66);
#66 = CARTESIAN_POINT('',(79.,-72.,-47.));
#67 = LINE('',#68,#69);
#68 = CARTESIAN_POINT('',(-79.,-72.,-47.));
#69 = VECTOR('',#70,1.);
#70 = DIRECTION('',(1.,0.,0.));
#71 = ORIENTED_EDGE('',*,*,#72,.T.);
#72 = EDGE_CURVE('',#65,#73,#75,.T.);
#73 = VERTEX_POINT('',#74);
#74 = CARTESIAN_POINT('',(87.,-64.,-47.));
#75 = CIRCLE('',#76,8.);
#76 = AXIS2_PLACEMENT_3D('',#77,#78,#79);
#77 = CARTESIAN_POINT('',(79.,-64.,-47.));
#78 = DIRECTION('',(0.,0.,1.));
#79 = DIRECTION('',(1.,0.,0.));
#80 = ORIENTED_EDGE('',*,*,#81,.T.);
#81 = EDGE_CURVE('',#73,#82,#84,.T.);
#82 = VERTEX_POINT('',#83);
#83 = CARTESIAN_POINT('',(87.,64.,-47.));
#84 = LINE('',#85,#86);
#85 = CARTESIAN_POINT('',(87.,-64.,-47.));
#86 = VECTOR('',#87,1.);
#87 = DIRECTION('',(0.,1.,0.));
#88 = ORIENTED_EDGE('',*,*,#89,.T.);
#89 = EDGE_CURVE('',#82,#90,#92,.T.);
#90 = VERTEX_POINT('',#91);
#91 = CARTESIAN_POINT('',(79.,72.,-47.));
#92 = CIRCLE('',#93,8.);
#93 = AXIS2_PLACEMENT_3D('',#94,#95,#96);
#94 = CARTESIAN_POINT('',(79.,64.,-47.));
#95 = DIRECTION('',(0.,0.,1.));
#96 = DIRECTION('',(1.,0.,0.));
#97 = ORIENTED_EDGE('',*,*,#98,.F.);
#98 = EDGE_CURVE('',#99,#90,#101,.T.);
#99 = VERTEX_POINT('',#100);
#100 = CARTESIAN_POINT('',(-79.,72.,-47.));
#101 = LINE('',#102,#103);
#102 = CARTESIAN_POINT('',(-79.,72.,-47.));
#103 = VECTOR('',#104,1.);
#104 = DIRECTION('',(1.,0.,0.));
#105 = ORIENTED_EDGE('',*,*,#106,.T.);
#106 = EDGE_CURVE('',#99,#107,#109,.T.);
#107 = VERTEX_POINT('',#108);
#108 = CARTESIAN_POINT('',(-87.,64.,-47.));
#109 = CIRCLE('',#110,8.);
#110 = AXIS2_PLACEMENT_3D('',#111,#112,#113);
#111 = CARTESIAN_POINT('',(-79.,64.,-47.));
#112 = DIRECTION('',(0.,0.,1.));
#113 = DIRECTION('',(1.,0.,0.));
#114 = ORIENTED_EDGE('',*,*,#115,.F.);
#115 = EDGE_CURVE('',#22,#107,#116,.T.);
#116 = LINE('',#117,#118);
#117 = CARTESIAN_POINT('',(-87.,-64.,-47.));
#118 = VECTOR('',#119,1.);
#119 = DIRECTION('',(0.,1.,0.));
#120 = FACE_BOUND('',#121,.T.);
#121 = EDGE_LOOP('',(#122));
#122 = ORIENTED_EDGE('',*,*,#123,.F.);
#123 = EDGE_CURVE('',#124,#124,#126,.T.);
#124 = VERTEX_POINT('',#125);
#125 = CARTESIAN_POINT('',(-68.3,-67.,-47.));
#126 = CIRCLE('',#127,1.7);
#127 = AXIS2_PLACEMENT_3D('',#128,#129,#130);
#128 = CARTESIAN_POINT('',(-70.,-67.,-47.));
#129 = DIRECTION('',(0.,0.,1.));
#130 = DIRECTION('',(1.,0.,0.));
#131 = FACE_BOUND('',#132,.T.);
#132 = EDGE_LOOP('',(#133));
#133 = ORIENTED_EDGE('',*,*,#134,.F.);
#134 = EDGE_CURVE('',#135,#135,#137,.T.);
#135 = VERTEX_POINT('',#136);
#136 = CARTESIAN_POINT('',(-33.3,-67.,-47.));
#137 = CIRCLE('',#138,1.7);
#138 = AXIS2_PLACEMENT_3D('',#139,#140,#141);
#139 = CARTESIAN_POINT('',(-35.,-67.,-47.));
#140 = DIRECTION('',(0.,0.,1.));
#141 = DIRECTION('',(1.,0.,0.));
#142 = FACE_BOUND('',#143,.T.);
#143 = EDGE_LOOP('',(#144));
#144 = ORIENTED_EDGE('',*,*,#145,.F.);
#145 = EDGE_CURVE('',#146,#146,#148,.T.);
#146 = VERTEX_POINT('',#147);
#147 = CARTESIAN_POINT('',(36.7,-67.,-47.));
#148 = CIRCLE('',#149,1.7);
#149 = AXIS2_PLACEMENT_3D('',#150,#151,#152);
#150 = CARTESIAN_POINT('',(35.,-67.,-47.));
#151 = DIRECTION('',(0.,0.,1.));
#152 = DIRECTION('',(1.,0.,0.));
#153 = FACE_BOUND('',#154,.T.);
#154 = EDGE_LOOP('',(#155));
#155 = ORIENTED_EDGE('',*,*,#156,.F.);
#156 = EDGE_CURVE('',#157,#157,#159,.T.);
#157 = VERTEX_POINT('',#158);
#158 = CARTESIAN_POINT('',(71.7,-67.,-47.));
#159 = CIRCLE('',#160,1.7);
#160 = AXIS2_PLACEMENT_3D('',#161,#162,#163);
#161 = CARTESIAN_POINT('',(70.,-67.,-47.));
#162 = DIRECTION('',(0.,0.,1.));
#163 = DIRECTION('',(1.,0.,0.));
#164 = FACE_BOUND('',#165,.T.);
#165 = EDGE_LOOP('',(#166,#177,#185,#194,#202,#211,#219,#228));
#166 = ORIENTED_EDGE('',*,*,#167,.F.);
#167 = EDGE_CURVE('',#168,#170,#172,.T.);
#168 = VERTEX_POINT('',#169);
#169 = CARTESIAN_POINT('',(-81.,-55.,-47.));
#170 = VERTEX_POINT('',#171);
#171 = CARTESIAN_POINT('',(-76.,-60.,-47.));
#172 = CIRCLE('',#173,5.);
#173 = AXIS2_PLACEMENT_3D('',#174,#175,#176);
#174 = CARTESIAN_POINT('',(-76.,-55.,-47.));
#175 = DIRECTION('',(0.,0.,1.));
#176 = DIRECTION('',(1.,0.,0.));
#177 = ORIENTED_EDGE('',*,*,#178,.T.);
#178 = EDGE_CURVE('',#168,#179,#181,.T.);
#179 = VERTEX_POINT('',#180);
#180 = CARTESIAN_POINT('',(-81.,55.,-47.));
#181 = LINE('',#182,#183);
#182 = CARTESIAN_POINT('',(-81.,-27.5,-47.));
#183 = VECTOR('',#184,1.);
#184 = DIRECTION('',(0.,1.,0.));
#185 = ORIENTED_EDGE('',*,*,#186,.F.);
#186 = EDGE_CURVE('',#187,#179,#189,.T.);
#187 = VERTEX_POINT('',#188);
#188 = CARTESIAN_POINT('',(-76.,60.,-47.));
#189 = CIRCLE('',#190,5.);
#190 = AXIS2_PLACEMENT_3D('',#191,#192,#193);
#191 = CARTESIAN_POINT('',(-76.,55.,-47.));
#192 = DIRECTION('',(0.,0.,1.));
#193 = DIRECTION('',(1.,0.,0.));
#194 = ORIENTED_EDGE('',*,*,#195,.F.);
#195 = EDGE_CURVE('',#196,#187,#198,.T.);
#196 = VERTEX_POINT('',#197);
#197 = CARTESIAN_POINT('',(76.,60.,-47.));
#198 = LINE('',#199,#200);
#199 = CARTESIAN_POINT('',(-38.,60.,-47.));
#200 = VECTOR('',#201,1.);
#201 = DIRECTION('',(-1.,0.,0.));
#202 = ORIENTED_EDGE('',*,*,#203,.F.);
#203 = EDGE_CURVE('',#204,#196,#206,.T.);
#204 = VERTEX_POINT('',#205);
#205 = CARTESIAN_POINT('',(81.,55.,-47.));
#206 = CIRCLE('',#207,5.);
#207 = AXIS2_PLACEMENT_3D('',#208,#209,#210);
#208 = CARTESIAN_POINT('',(76.,55.,-47.));
#209 = DIRECTION('',(0.,0.,1.));
#210 = DIRECTION('',(1.,0.,0.));
#211 = ORIENTED_EDGE('',*,*,#212,.F.);
#212 = EDGE_CURVE('',#213,#204,#215,.T.);
#213 = VERTEX_POINT('',#214);
#214 = CARTESIAN_POINT('',(81.,-55.,-47.));
#215 = LINE('',#216,#217);
#216 = CARTESIAN_POINT('',(81.,-27.5,-47.));
#217 = VECTOR('',#218,1.);
#218 = DIRECTION('',(0.,1.,0.));
#219 = ORIENTED_EDGE('',*,*,#220,.F.);
#220 = EDGE_CURVE('',#221,#213,#223,.T.);
#221 = VERTEX_POINT('',#222);
#222 = CARTESIAN_POINT('',(76.,-60.,-47.));
#223 = CIRCLE('',#224,5.);
#224 = AXIS2_PLACEMENT_3D('',#225,#226,#227);
#225 = CARTESIAN_POINT('',(76.,-55.,-47.));
#226 = DIRECTION('',(0.,0.,1.));
#227 = DIRECTION('',(1.,0.,0.));
#228 = ORIENTED_EDGE('',*,*,#229,.T.);
#229 = EDGE_CURVE('',#221,#170,#230,.T.);
#230 = LINE('',#231,#232);
#231 = CARTESIAN_POINT('',(-38.,-60.,-47.));
#232 = VECTOR('',#233,1.);
#233 = DIRECTION('',(-1.,0.,0.));
#234 = FACE_BOUND('',#235,.T.);
#235 = EDGE_LOOP('',(#236));
#236 = ORIENTED_EDGE('',*,*,#237,.F.);
#237 = EDGE_CURVE('',#238,#238,#240,.T.);
#238 = VERTEX_POINT('',#239);
#239 = CARTESIAN_POINT('',(-68.3,67.,-47.));
#240 = CIRCLE('',#241,1.7);
#241 = AXIS2_PLACEMENT_3D('',#242,#243,#244);
#242 = CARTESIAN_POINT('',(-70.,67.,-47.));
#243 = DIRECTION('',(0.,0.,1.));
#244 = DIRECTION('',(1.,0.,0.));
#245 = FACE_BOUND('',#246,.T.);
#246 = EDGE_LOOP('',(#247));
#247 = ORIENTED_EDGE('',*,*,#248,.F.);
#248 = EDGE_CURVE('',#249,#249,#251,.T.);
#249 = VERTEX_POINT('',#250);
#250 = CARTESIAN_POINT('',(-33.3,67.,-47.));
#251 = CIRCLE('',#252,1.7);
#252 = AXIS2_PLACEMENT_3D('',#253,#254,#255);
#253 = CARTESIAN_POINT('',(-35.,67.,-47.));
#254 = DIRECTION('',(0.,0.,1.));
#255 = DIRECTION('',(1.,0.,0.));
#256 = FACE_BOUND('',#257,.T.);
#257 = EDGE_LOOP('',(#258));
#258 = ORIENTED_EDGE('',*,*,#259,.F.);
#259 = EDGE_CURVE('',#260,#260,#262,.T.);
#260 = VERTEX_POINT('',#261);
#261 = CARTESIAN_POINT('',(36.7,67.,-47.));
#262 = CIRCLE('',#263,1.7);
#263 = AXIS2_PLACEMENT_3D('',#264,#265,#266);
#264 = CARTESIAN_POINT('',(35.,67.,-47.));
#265 = DIRECTION('',(0.,0.,1.));
#266 = DIRECTION('',(1.,0.,0.));
#267 = FACE_BOUND('',#268,.T.);
#268 = EDGE_LOOP('',(#269));
#269 = ORIENTED_EDGE('',*,*,#270,.F.);
#270 = EDGE_CURVE('',#271,#271,#273,.T.);
#271 = VERTEX_POINT('',#272);
#272 = CARTESIAN_POINT('',(71.7,67.,-47.));
#273 = CIRCLE('',#274,1.7);
#274 = AXIS2_PLACEMENT_3D('',#275,#276,#277);
#275 = CARTESIAN_POINT('',(70.,67.,-47.));
#276 = DIRECTION('',(0.,0.,1.));
#277 = DIRECTION('',(1.,0.,0.));
#278 = PLANE('',#279);
#279 = AXIS2_PLACEMENT_3D('',#280,#281,#282);
#280 = CARTESIAN_POINT('',(0.,5.12E-15,-47.));
#281 = DIRECTION('',(0.,0.,1.));
#282 = DIRECTION('',(1.,0.,0.));
#283 = ADVANCED_FACE('',(#284),#302,.F.);
#284 = FACE_BOUND('',#285,.F.);
#285 = EDGE_LOOP('',(#286,#294,#295,#296));
#286 = ORIENTED_EDGE('',*,*,#287,.F.);
#287 = EDGE_CURVE('',#41,#288,#290,.T.);
#288 = VERTEX_POINT('',#289);
#289 = CARTESIAN_POINT('',(79.,-72.,-50.));
#290 = LINE('',#291,#292);
#291 = CARTESIAN_POINT('',(-79.,-72.,-50.));
#292 = VECTOR('',#293,1.);
#293 = DIRECTION('',(1.,0.,0.));
#294 = ORIENTED_EDGE('',*,*,#49,.T.);
#295 = ORIENTED_EDGE('',*,*,#64,.T.);
#296 = ORIENTED_EDGE('',*,*,#297,.F.);
#297 = EDGE_CURVE('',#288,#65,#298,.T.);
#298 = LINE('',#299,#300);
#299 = CARTESIAN_POINT('',(79.,-72.,-50.));
#300 = VECTOR('',#301,1.);
#301 = DIRECTION('',(0.,0.,1.));
#302 = PLANE('',#303);
#303 = AXIS2_PLACEMENT_3D('',#304,#305,#306);
#304 = CARTESIAN_POINT('',(-79.,-72.,-50.));
#305 = DIRECTION('',(0.,1.,0.));
#306 = DIRECTION('',(0.,0.,1.));
#307 = ADVANCED_FACE('',(#308,#361,#372,#383,#394,#405,#416,#427,#438),
  #449,.T.);
#308 = FACE_BOUND('',#309,.T.);
#309 = EDGE_LOOP('',(#310,#311,#319,#328,#336,#345,#353,#360));
#310 = ORIENTED_EDGE('',*,*,#40,.F.);
#311 = ORIENTED_EDGE('',*,*,#312,.T.);
#312 = EDGE_CURVE('',#33,#313,#315,.T.);
#313 = VERTEX_POINT('',#314);
#314 = CARTESIAN_POINT('',(-87.,64.,-50.));
#315 = LINE('',#316,#317);
#316 = CARTESIAN_POINT('',(-87.,-64.,-50.));
#317 = VECTOR('',#318,1.);
#318 = DIRECTION('',(0.,1.,0.));
#319 = ORIENTED_EDGE('',*,*,#320,.F.);
#320 = EDGE_CURVE('',#321,#313,#323,.T.);
#321 = VERTEX_POINT('',#322);
#322 = CARTESIAN_POINT('',(-79.,72.,-50.));
#323 = CIRCLE('',#324,8.);
#324 = AXIS2_PLACEMENT_3D('',#325,#326,#327);
#325 = CARTESIAN_POINT('',(-79.,64.,-50.));
#326 = DIRECTION('',(0.,0.,1.));
#327 = DIRECTION('',(1.,0.,0.));
#328 = ORIENTED_EDGE('',*,*,#329,.T.);
#329 = EDGE_CURVE('',#321,#330,#332,.T.);
#330 = VERTEX_POINT('',#331);
#331 = CARTESIAN_POINT('',(79.,72.,-50.));
#332 = LINE('',#333,#334);
#333 = CARTESIAN_POINT('',(-79.,72.,-50.));
#334 = VECTOR('',#335,1.);
#335 = DIRECTION('',(1.,0.,0.));
#336 = ORIENTED_EDGE('',*,*,#337,.F.);
#337 = EDGE_CURVE('',#338,#330,#340,.T.);
#338 = VERTEX_POINT('',#339);
#339 = CARTESIAN_POINT('',(87.,64.,-50.));
#340 = CIRCLE('',#341,8.);
#341 = AXIS2_PLACEMENT_3D('',#342,#343,#344);
#342 = CARTESIAN_POINT('',(79.,64.,-50.));
#343 = DIRECTION('',(0.,0.,1.));
#344 = DIRECTION('',(1.,0.,0.));
#345 = ORIENTED_EDGE('',*,*,#346,.F.);
#346 = EDGE_CURVE('',#347,#338,#349,.T.);
#347 = VERTEX_POINT('',#348);
#348 = CARTESIAN_POINT('',(87.,-64.,-50.));
#349 = LINE('',#350,#351);
#350 = CARTESIAN_POINT('',(87.,-64.,-50.));
#351 = VECTOR('',#352,1.);
#352 = DIRECTION('',(0.,1.,0.));
#353 = ORIENTED_EDGE('',*,*,#354,.F.);
#354 = EDGE_CURVE('',#288,#347,#355,.T.);
#355 = CIRCLE('',#356,8.);
#356 = AXIS2_PLACEMENT_3D('',#357,#358,#359);
#357 = CARTESIAN_POINT('',(79.,-64.,-50.));
#358 = DIRECTION('',(0.,0.,1.));
#359 = DIRECTION('',(1.,0.,0.));
#360 = ORIENTED_EDGE('',*,*,#287,.F.);
#361 = FACE_BOUND('',#362,.T.);
#362 = EDGE_LOOP('',(#363));
#363 = ORIENTED_EDGE('',*,*,#364,.T.);
#364 = EDGE_CURVE('',#365,#365,#367,.T.);
#365 = VERTEX_POINT('',#366);
#366 = CARTESIAN_POINT('',(73.2,-67.,-50.));
#367 = CIRCLE('',#368,3.2);
#368 = AXIS2_PLACEMENT_3D('',#369,#370,#371);
#369 = CARTESIAN_POINT('',(70.,-67.,-50.));
#370 = DIRECTION('',(0.,0.,1.));
#371 = DIRECTION('',(1.,0.,0.));
#372 = FACE_BOUND('',#373,.T.);
#373 = EDGE_LOOP('',(#374));
#374 = ORIENTED_EDGE('',*,*,#375,.T.);
#375 = EDGE_CURVE('',#376,#376,#378,.T.);
#376 = VERTEX_POINT('',#377);
#377 = CARTESIAN_POINT('',(38.2,-67.,-50.));
#378 = CIRCLE('',#379,3.2);
#379 = AXIS2_PLACEMENT_3D('',#380,#381,#382);
#380 = CARTESIAN_POINT('',(35.,-67.,-50.));
#381 = DIRECTION('',(0.,0.,1.));
#382 = DIRECTION('',(1.,0.,0.));
#383 = FACE_BOUND('',#384,.T.);
#384 = EDGE_LOOP('',(#385));
#385 = ORIENTED_EDGE('',*,*,#386,.T.);
#386 = EDGE_CURVE('',#387,#387,#389,.T.);
#387 = VERTEX_POINT('',#388);
#388 = CARTESIAN_POINT('',(-31.8,-67.,-50.));
#389 = CIRCLE('',#390,3.2);
#390 = AXIS2_PLACEMENT_3D('',#391,#392,#393);
#391 = CARTESIAN_POINT('',(-35.,-67.,-50.));
#392 = DIRECTION('',(0.,0.,1.));
#393 = DIRECTION('',(1.,0.,0.));
#394 = FACE_BOUND('',#395,.T.);
#395 = EDGE_LOOP('',(#396));
#396 = ORIENTED_EDGE('',*,*,#397,.T.);
#397 = EDGE_CURVE('',#398,#398,#400,.T.);
#398 = VERTEX_POINT('',#399);
#399 = CARTESIAN_POINT('',(-66.8,-67.,-50.));
#400 = CIRCLE('',#401,3.2);
#401 = AXIS2_PLACEMENT_3D('',#402,#403,#404);
#402 = CARTESIAN_POINT('',(-70.,-67.,-50.));
#403 = DIRECTION('',(0.,0.,1.));
#404 = DIRECTION('',(1.,0.,0.));
#405 = FACE_BOUND('',#406,.T.);
#406 = EDGE_LOOP('',(#407));
#407 = ORIENTED_EDGE('',*,*,#408,.T.);
#408 = EDGE_CURVE('',#409,#409,#411,.T.);
#409 = VERTEX_POINT('',#410);
#410 = CARTESIAN_POINT('',(73.2,67.,-50.));
#411 = CIRCLE('',#412,3.2);
#412 = AXIS2_PLACEMENT_3D('',#413,#414,#415);
#413 = CARTESIAN_POINT('',(70.,67.,-50.));
#414 = DIRECTION('',(0.,0.,1.));
#415 = DIRECTION('',(1.,0.,0.));
#416 = FACE_BOUND('',#417,.T.);
#417 = EDGE_LOOP('',(#418));
#418 = ORIENTED_EDGE('',*,*,#419,.T.);
#419 = EDGE_CURVE('',#420,#420,#422,.T.);
#420 = VERTEX_POINT('',#421);
#421 = CARTESIAN_POINT('',(38.2,67.,-50.));
#422 = CIRCLE('',#423,3.2);
#423 = AXIS2_PLACEMENT_3D('',#424,#425,#426);
#424 = CARTESIAN_POINT('',(35.,67.,-50.));
#425 = DIRECTION('',(0.,0.,1.));
#426 = DIRECTION('',(1.,0.,0.));
#427 = FACE_BOUND('',#428,.T.);
#428 = EDGE_LOOP('',(#429));
#429 = ORIENTED_EDGE('',*,*,#430,.T.);
#430 = EDGE_CURVE('',#431,#431,#433,.T.);
#431 = VERTEX_POINT('',#432);
#432 = CARTESIAN_POINT('',(-31.8,67.,-50.));
#433 = CIRCLE('',#434,3.2);
#434 = AXIS2_PLACEMENT_3D('',#435,#436,#437);
#435 = CARTESIAN_POINT('',(-35.,67.,-50.));
#436 = DIRECTION('',(0.,0.,1.));
#437 = DIRECTION('',(1.,0.,0.));
#438 = FACE_BOUND('',#439,.T.);
#439 = EDGE_LOOP('',(#440));
#440 = ORIENTED_EDGE('',*,*,#441,.T.);
#441 = EDGE_CURVE('',#442,#442,#444,.T.);
#442 = VERTEX_POINT('',#443);
#443 = CARTESIAN_POINT('',(-66.8,67.,-50.));
#444 = CIRCLE('',#445,3.2);
#445 = AXIS2_PLACEMENT_3D('',#446,#447,#448);
#446 = CARTESIAN_POINT('',(-70.,67.,-50.));
#447 = DIRECTION('',(0.,0.,1.));
#448 = DIRECTION('',(1.,0.,0.));
#449 = PLANE('',#450);
#450 = AXIS2_PLACEMENT_3D('',#451,#452,#453);
#451 = CARTESIAN_POINT('',(-1.46E-15,0.,-50.));
#452 = DIRECTION('',(-0.,-0.,-1.));
#453 = DIRECTION('',(-1.,0.,0.));
#454 = ADVANCED_FACE('',(#455),#466,.F.);
#455 = FACE_BOUND('',#456,.F.);
#456 = EDGE_LOOP('',(#457,#458,#459,#465));
#457 = ORIENTED_EDGE('',*,*,#32,.F.);
#458 = ORIENTED_EDGE('',*,*,#312,.T.);
#459 = ORIENTED_EDGE('',*,*,#460,.T.);
#460 = EDGE_CURVE('',#313,#107,#461,.T.);
#461 = LINE('',#462,#463);
#462 = CARTESIAN_POINT('',(-87.,64.,-50.));
#463 = VECTOR('',#464,1.);
#464 = DIRECTION('',(0.,0.,1.));
#465 = ORIENTED_EDGE('',*,*,#115,.F.);
#466 = PLANE('',#467);
#467 = AXIS2_PLACEMENT_3D('',#468,#469,#470);
#468 = CARTESIAN_POINT('',(-87.,-64.,-50.));
#469 = DIRECTION('',(1.,0.,0.));
#470 = DIRECTION('',(0.,0.,1.));
#471 = ADVANCED_FACE('',(#472),#483,.T.);
#472 = FACE_BOUND('',#473,.T.);
#473 = EDGE_LOOP('',(#474,#475,#481,#482));
#474 = ORIENTED_EDGE('',*,*,#106,.F.);
#475 = ORIENTED_EDGE('',*,*,#476,.F.);
#476 = EDGE_CURVE('',#321,#99,#477,.T.);
#477 = LINE('',#478,#479);
#478 = CARTESIAN_POINT('',(-79.,72.,-50.));
#479 = VECTOR('',#480,1.);
#480 = DIRECTION('',(0.,0.,1.));
#481 = ORIENTED_EDGE('',*,*,#320,.T.);
#482 = ORIENTED_EDGE('',*,*,#460,.T.);
#483 = CYLINDRICAL_SURFACE('',#484,8.);
#484 = AXIS2_PLACEMENT_3D('',#485,#486,#487);
#485 = CARTESIAN_POINT('',(-79.,64.,-50.));
#486 = DIRECTION('',(0.,0.,1.));
#487 = DIRECTION('',(1.,0.,0.));
#488 = ADVANCED_FACE('',(#489),#500,.T.);
#489 = FACE_BOUND('',#490,.T.);
#490 = EDGE_LOOP('',(#491,#492,#493,#494));
#491 = ORIENTED_EDGE('',*,*,#72,.F.);
#492 = ORIENTED_EDGE('',*,*,#297,.F.);
#493 = ORIENTED_EDGE('',*,*,#354,.T.);
#494 = ORIENTED_EDGE('',*,*,#495,.T.);
#495 = EDGE_CURVE('',#347,#73,#496,.T.);
#496 = LINE('',#497,#498);
#497 = CARTESIAN_POINT('',(87.,-64.,-50.));
#498 = VECTOR('',#499,1.);
#499 = DIRECTION('',(0.,0.,1.));
#500 = CYLINDRICAL_SURFACE('',#501,8.);
#501 = AXIS2_PLACEMENT_3D('',#502,#503,#504);
#502 = CARTESIAN_POINT('',(79.,-64.,-50.));
#503 = DIRECTION('',(0.,0.,1.));
#504 = DIRECTION('',(1.,0.,0.));
#505 = ADVANCED_FACE('',(#506),#517,.T.);
#506 = FACE_BOUND('',#507,.T.);
#507 = EDGE_LOOP('',(#508,#509,#510,#511));
#508 = ORIENTED_EDGE('',*,*,#329,.F.);
#509 = ORIENTED_EDGE('',*,*,#476,.T.);
#510 = ORIENTED_EDGE('',*,*,#98,.T.);
#511 = ORIENTED_EDGE('',*,*,#512,.F.);
#512 = EDGE_CURVE('',#330,#90,#513,.T.);
#513 = LINE('',#514,#515);
#514 = CARTESIAN_POINT('',(79.,72.,-50.));
#515 = VECTOR('',#516,1.);
#516 = DIRECTION('',(0.,0.,1.));
#517 = PLANE('',#518);
#518 = AXIS2_PLACEMENT_3D('',#519,#520,#521);
#519 = CARTESIAN_POINT('',(-79.,72.,-50.));
#520 = DIRECTION('',(0.,1.,0.));
#521 = DIRECTION('',(0.,0.,1.));
#522 = ADVANCED_FACE('',(#523),#534,.T.);
#523 = FACE_BOUND('',#524,.T.);
#524 = EDGE_LOOP('',(#525,#526,#527,#533));
#525 = ORIENTED_EDGE('',*,*,#495,.F.);
#526 = ORIENTED_EDGE('',*,*,#346,.T.);
#527 = ORIENTED_EDGE('',*,*,#528,.T.);
#528 = EDGE_CURVE('',#338,#82,#529,.T.);
#529 = LINE('',#530,#531);
#530 = CARTESIAN_POINT('',(87.,64.,-50.));
#531 = VECTOR('',#532,1.);
#532 = DIRECTION('',(0.,0.,1.));
#533 = ORIENTED_EDGE('',*,*,#81,.F.);
#534 = PLANE('',#535);
#535 = AXIS2_PLACEMENT_3D('',#536,#537,#538);
#536 = CARTESIAN_POINT('',(87.,-64.,-50.));
#537 = DIRECTION('',(1.,0.,0.));
#538 = DIRECTION('',(0.,0.,1.));
#539 = ADVANCED_FACE('',(#540),#546,.T.);
#540 = FACE_BOUND('',#541,.T.);
#541 = EDGE_LOOP('',(#542,#543,#544,#545));
#542 = ORIENTED_EDGE('',*,*,#89,.F.);
#543 = ORIENTED_EDGE('',*,*,#528,.F.);
#544 = ORIENTED_EDGE('',*,*,#337,.T.);
#545 = ORIENTED_EDGE('',*,*,#512,.T.);
#546 = CYLINDRICAL_SURFACE('',#547,8.);
#547 = AXIS2_PLACEMENT_3D('',#548,#549,#550);
#548 = CARTESIAN_POINT('',(79.,64.,-50.));
#549 = DIRECTION('',(0.,0.,1.));
#550 = DIRECTION('',(1.,0.,0.));
#551 = ADVANCED_FACE('',(#552),#571,.F.);
#552 = FACE_BOUND('',#553,.F.);
#553 = EDGE_LOOP('',(#554,#563,#569,#570));
#554 = ORIENTED_EDGE('',*,*,#555,.T.);
#555 = EDGE_CURVE('',#556,#556,#558,.T.);
#556 = VERTEX_POINT('',#557);
#557 = CARTESIAN_POINT('',(-68.3,-67.,-48.5));
#558 = CIRCLE('',#559,1.7);
#559 = AXIS2_PLACEMENT_3D('',#560,#561,#562);
#560 = CARTESIAN_POINT('',(-70.,-67.,-48.5));
#561 = DIRECTION('',(0.,0.,1.));
#562 = DIRECTION('',(1.,0.,0.));
#563 = ORIENTED_EDGE('',*,*,#564,.T.);
#564 = EDGE_CURVE('',#556,#124,#565,.T.);
#565 = LINE('',#566,#567);
#566 = CARTESIAN_POINT('',(-68.3,-67.,-50.1));
#567 = VECTOR('',#568,1.);
#568 = DIRECTION('',(0.,0.,1.));
#569 = ORIENTED_EDGE('',*,*,#123,.F.);
#570 = ORIENTED_EDGE('',*,*,#564,.F.);
#571 = CYLINDRICAL_SURFACE('',#572,1.7);
#572 = AXIS2_PLACEMENT_3D('',#573,#574,#575);
#573 = CARTESIAN_POINT('',(-70.,-67.,-50.1));
#574 = DIRECTION('',(0.,0.,1.));
#575 = DIRECTION('',(1.,0.,0.));
#576 = ADVANCED_FACE('',(#577),#596,.F.);
#577 = FACE_BOUND('',#578,.F.);
#578 = EDGE_LOOP('',(#579,#588,#594,#595));
#579 = ORIENTED_EDGE('',*,*,#580,.T.);
#580 = EDGE_CURVE('',#581,#581,#583,.T.);
#581 = VERTEX_POINT('',#582);
#582 = CARTESIAN_POINT('',(-33.3,-67.,-48.5));
#583 = CIRCLE('',#584,1.7);
#584 = AXIS2_PLACEMENT_3D('',#585,#586,#587);
#585 = CARTESIAN_POINT('',(-35.,-67.,-48.5));
#586 = DIRECTION('',(0.,0.,1.));
#587 = DIRECTION('',(1.,0.,0.));
#588 = ORIENTED_EDGE('',*,*,#589,.T.);
#589 = EDGE_CURVE('',#581,#135,#590,.T.);
#590 = LINE('',#591,#592);
#591 = CARTESIAN_POINT('',(-33.3,-67.,-50.1));
#592 = VECTOR('',#593,1.);
#593 = DIRECTION('',(0.,0.,1.));
#594 = ORIENTED_EDGE('',*,*,#134,.F.);
#595 = ORIENTED_EDGE('',*,*,#589,.F.);
#596 = CYLINDRICAL_SURFACE('',#597,1.7);
#597 = AXIS2_PLACEMENT_3D('',#598,#599,#600);
#598 = CARTESIAN_POINT('',(-35.,-67.,-50.1));
#599 = DIRECTION('',(0.,0.,1.));
#600 = DIRECTION('',(1.,0.,0.));
#601 = ADVANCED_FACE('',(#602),#621,.F.);
#602 = FACE_BOUND('',#603,.F.);
#603 = EDGE_LOOP('',(#604,#613,#619,#620));
#604 = ORIENTED_EDGE('',*,*,#605,.T.);
#605 = EDGE_CURVE('',#606,#606,#608,.T.);
#606 = VERTEX_POINT('',#607);
#607 = CARTESIAN_POINT('',(36.7,-67.,-48.5));
#608 = CIRCLE('',#609,1.7);
#609 = AXIS2_PLACEMENT_3D('',#610,#611,#612);
#610 = CARTESIAN_POINT('',(35.,-67.,-48.5));
#611 = DIRECTION('',(0.,0.,1.));
#612 = DIRECTION('',(1.,0.,0.));
#613 = ORIENTED_EDGE('',*,*,#614,.T.);
#614 = EDGE_CURVE('',#606,#146,#615,.T.);
#615 = LINE('',#616,#617);
#616 = CARTESIAN_POINT('',(36.7,-67.,-50.1));
#617 = VECTOR('',#618,1.);
#618 = DIRECTION('',(0.,0.,1.));
#619 = ORIENTED_EDGE('',*,*,#145,.F.);
#620 = ORIENTED_EDGE('',*,*,#614,.F.);
#621 = CYLINDRICAL_SURFACE('',#622,1.7);
#622 = AXIS2_PLACEMENT_3D('',#623,#624,#625);
#623 = CARTESIAN_POINT('',(35.,-67.,-50.1));
#624 = DIRECTION('',(0.,0.,1.));
#625 = DIRECTION('',(1.,0.,0.));
#626 = ADVANCED_FACE('',(#627),#646,.F.);
#627 = FACE_BOUND('',#628,.F.);
#628 = EDGE_LOOP('',(#629,#638,#644,#645));
#629 = ORIENTED_EDGE('',*,*,#630,.T.);
#630 = EDGE_CURVE('',#631,#631,#633,.T.);
#631 = VERTEX_POINT('',#632);
#632 = CARTESIAN_POINT('',(71.7,-67.,-48.5));
#633 = CIRCLE('',#634,1.7);
#634 = AXIS2_PLACEMENT_3D('',#635,#636,#637);
#635 = CARTESIAN_POINT('',(70.,-67.,-48.5));
#636 = DIRECTION('',(0.,0.,1.));
#637 = DIRECTION('',(1.,0.,0.));
#638 = ORIENTED_EDGE('',*,*,#639,.T.);
#639 = EDGE_CURVE('',#631,#157,#640,.T.);
#640 = LINE('',#641,#642);
#641 = CARTESIAN_POINT('',(71.7,-67.,-50.1));
#642 = VECTOR('',#643,1.);
#643 = DIRECTION('',(0.,0.,1.));
#644 = ORIENTED_EDGE('',*,*,#156,.F.);
#645 = ORIENTED_EDGE('',*,*,#639,.F.);
#646 = CYLINDRICAL_SURFACE('',#647,1.7);
#647 = AXIS2_PLACEMENT_3D('',#648,#649,#650);
#648 = CARTESIAN_POINT('',(70.,-67.,-50.1));
#649 = DIRECTION('',(0.,0.,1.));
#650 = DIRECTION('',(1.,0.,0.));
#651 = ADVANCED_FACE('',(#652),#678,.F.);
#652 = FACE_BOUND('',#653,.F.);
#653 = EDGE_LOOP('',(#654,#655,#663,#672));
#654 = ORIENTED_EDGE('',*,*,#167,.F.);
#655 = ORIENTED_EDGE('',*,*,#656,.F.);
#656 = EDGE_CURVE('',#657,#168,#659,.T.);
#657 = VERTEX_POINT('',#658);
#658 = CARTESIAN_POINT('',(-81.,-55.,-48.));
#659 = LINE('',#660,#661);
#660 = CARTESIAN_POINT('',(-81.,-55.,-48.));
#661 = VECTOR('',#662,1.);
#662 = DIRECTION('',(0.,0.,1.));
#663 = ORIENTED_EDGE('',*,*,#664,.T.);
#664 = EDGE_CURVE('',#657,#665,#667,.T.);
#665 = VERTEX_POINT('',#666);
#666 = CARTESIAN_POINT('',(-76.,-60.,-48.));
#667 = CIRCLE('',#668,5.);
#668 = AXIS2_PLACEMENT_3D('',#669,#670,#671);
#669 = CARTESIAN_POINT('',(-76.,-55.,-48.));
#670 = DIRECTION('',(0.,0.,1.));
#671 = DIRECTION('',(1.,0.,0.));
#672 = ORIENTED_EDGE('',*,*,#673,.T.);
#673 = EDGE_CURVE('',#665,#170,#674,.T.);
#674 = LINE('',#675,#676);
#675 = CARTESIAN_POINT('',(-76.,-60.,-48.));
#676 = VECTOR('',#677,1.);
#677 = DIRECTION('',(0.,0.,1.));
#678 = CYLINDRICAL_SURFACE('',#679,5.);
#679 = AXIS2_PLACEMENT_3D('',#680,#681,#682);
#680 = CARTESIAN_POINT('',(-76.,-55.,-48.));
#681 = DIRECTION('',(0.,0.,1.));
#682 = DIRECTION('',(1.,0.,0.));
#683 = ADVANCED_FACE('',(#684),#702,.T.);
#684 = FACE_BOUND('',#685,.T.);
#685 = EDGE_LOOP('',(#686,#694,#695,#696));
#686 = ORIENTED_EDGE('',*,*,#687,.F.);
#687 = EDGE_CURVE('',#665,#688,#690,.T.);
#688 = VERTEX_POINT('',#689);
#689 = CARTESIAN_POINT('',(76.,-60.,-48.));
#690 = LINE('',#691,#692);
#691 = CARTESIAN_POINT('',(-76.,-60.,-48.));
#692 = VECTOR('',#693,1.);
#693 = DIRECTION('',(1.,0.,0.));
#694 = ORIENTED_EDGE('',*,*,#673,.T.);
#695 = ORIENTED_EDGE('',*,*,#229,.F.);
#696 = ORIENTED_EDGE('',*,*,#697,.F.);
#697 = EDGE_CURVE('',#688,#221,#698,.T.);
#698 = LINE('',#699,#700);
#699 = CARTESIAN_POINT('',(76.,-60.,-48.));
#700 = VECTOR('',#701,1.);
#701 = DIRECTION('',(0.,0.,1.));
#702 = PLANE('',#703);
#703 = AXIS2_PLACEMENT_3D('',#704,#705,#706);
#704 = CARTESIAN_POINT('',(-76.,-60.,-48.));
#705 = DIRECTION('',(0.,1.,0.));
#706 = DIRECTION('',(0.,0.,1.));
#707 = ADVANCED_FACE('',(#708),#727,.F.);
#708 = FACE_BOUND('',#709,.F.);
#709 = EDGE_LOOP('',(#710,#719,#725,#726));
#710 = ORIENTED_EDGE('',*,*,#711,.T.);
#711 = EDGE_CURVE('',#688,#712,#714,.T.);
#712 = VERTEX_POINT('',#713);
#713 = CARTESIAN_POINT('',(81.,-55.,-48.));
#714 = CIRCLE('',#715,5.);
#715 = AXIS2_PLACEMENT_3D('',#716,#717,#718);
#716 = CARTESIAN_POINT('',(76.,-55.,-48.));
#717 = DIRECTION('',(0.,0.,1.));
#718 = DIRECTION('',(1.,0.,0.));
#719 = ORIENTED_EDGE('',*,*,#720,.T.);
#720 = EDGE_CURVE('',#712,#213,#721,.T.);
#721 = LINE('',#722,#723);
#722 = CARTESIAN_POINT('',(81.,-55.,-48.));
#723 = VECTOR('',#724,1.);
#724 = DIRECTION('',(0.,0.,1.));
#725 = ORIENTED_EDGE('',*,*,#220,.F.);
#726 = ORIENTED_EDGE('',*,*,#697,.F.);
#727 = CYLINDRICAL_SURFACE('',#728,5.);
#728 = AXIS2_PLACEMENT_3D('',#729,#730,#731);
#729 = CARTESIAN_POINT('',(76.,-55.,-48.));
#730 = DIRECTION('',(0.,0.,1.));
#731 = DIRECTION('',(1.,0.,0.));
#732 = ADVANCED_FACE('',(#733),#751,.F.);
#733 = FACE_BOUND('',#734,.F.);
#734 = EDGE_LOOP('',(#735,#736,#744,#750));
#735 = ORIENTED_EDGE('',*,*,#720,.F.);
#736 = ORIENTED_EDGE('',*,*,#737,.T.);
#737 = EDGE_CURVE('',#712,#738,#740,.T.);
#738 = VERTEX_POINT('',#739);
#739 = CARTESIAN_POINT('',(81.,55.,-48.));
#740 = LINE('',#741,#742);
#741 = CARTESIAN_POINT('',(81.,-55.,-48.));
#742 = VECTOR('',#743,1.);
#743 = DIRECTION('',(0.,1.,0.));
#744 = ORIENTED_EDGE('',*,*,#745,.T.);
#745 = EDGE_CURVE('',#738,#204,#746,.T.);
#746 = LINE('',#747,#748);
#747 = CARTESIAN_POINT('',(81.,55.,-48.));
#748 = VECTOR('',#749,1.);
#749 = DIRECTION('',(0.,0.,1.));
#750 = ORIENTED_EDGE('',*,*,#212,.F.);
#751 = PLANE('',#752);
#752 = AXIS2_PLACEMENT_3D('',#753,#754,#755);
#753 = CARTESIAN_POINT('',(81.,-55.,-48.));
#754 = DIRECTION('',(1.,0.,0.));
#755 = DIRECTION('',(0.,0.,1.));
#756 = ADVANCED_FACE('',(#757),#776,.F.);
#757 = FACE_BOUND('',#758,.F.);
#758 = EDGE_LOOP('',(#759,#760,#761,#770));
#759 = ORIENTED_EDGE('',*,*,#203,.F.);
#760 = ORIENTED_EDGE('',*,*,#745,.F.);
#761 = ORIENTED_EDGE('',*,*,#762,.T.);
#762 = EDGE_CURVE('',#738,#763,#765,.T.);
#763 = VERTEX_POINT('',#764);
#764 = CARTESIAN_POINT('',(76.,60.,-48.));
#765 = CIRCLE('',#766,5.);
#766 = AXIS2_PLACEMENT_3D('',#767,#768,#769);
#767 = CARTESIAN_POINT('',(76.,55.,-48.));
#768 = DIRECTION('',(0.,0.,1.));
#769 = DIRECTION('',(1.,0.,0.));
#770 = ORIENTED_EDGE('',*,*,#771,.T.);
#771 = EDGE_CURVE('',#763,#196,#772,.T.);
#772 = LINE('',#773,#774);
#773 = CARTESIAN_POINT('',(76.,60.,-48.));
#774 = VECTOR('',#775,1.);
#775 = DIRECTION('',(0.,0.,1.));
#776 = CYLINDRICAL_SURFACE('',#777,5.);
#777 = AXIS2_PLACEMENT_3D('',#778,#779,#780);
#778 = CARTESIAN_POINT('',(76.,55.,-48.));
#779 = DIRECTION('',(0.,0.,1.));
#780 = DIRECTION('',(1.,0.,0.));
#781 = ADVANCED_FACE('',(#782),#800,.F.);
#782 = FACE_BOUND('',#783,.F.);
#783 = EDGE_LOOP('',(#784,#792,#798,#799));
#784 = ORIENTED_EDGE('',*,*,#785,.F.);
#785 = EDGE_CURVE('',#786,#763,#788,.T.);
#786 = VERTEX_POINT('',#787);
#787 = CARTESIAN_POINT('',(-76.,60.,-48.));
#788 = LINE('',#789,#790);
#789 = CARTESIAN_POINT('',(-76.,60.,-48.));
#790 = VECTOR('',#791,1.);
#791 = DIRECTION('',(1.,0.,0.));
#792 = ORIENTED_EDGE('',*,*,#793,.T.);
#793 = EDGE_CURVE('',#786,#187,#794,.T.);
#794 = LINE('',#795,#796);
#795 = CARTESIAN_POINT('',(-76.,60.,-48.));
#796 = VECTOR('',#797,1.);
#797 = DIRECTION('',(0.,0.,1.));
#798 = ORIENTED_EDGE('',*,*,#195,.F.);
#799 = ORIENTED_EDGE('',*,*,#771,.F.);
#800 = PLANE('',#801);
#801 = AXIS2_PLACEMENT_3D('',#802,#803,#804);
#802 = CARTESIAN_POINT('',(-76.,60.,-48.));
#803 = DIRECTION('',(0.,1.,0.));
#804 = DIRECTION('',(0.,0.,1.));
#805 = ADVANCED_FACE('',(#806),#825,.F.);
#806 = FACE_BOUND('',#807,.F.);
#807 = EDGE_LOOP('',(#808,#809,#810,#819));
#808 = ORIENTED_EDGE('',*,*,#186,.F.);
#809 = ORIENTED_EDGE('',*,*,#793,.F.);
#810 = ORIENTED_EDGE('',*,*,#811,.T.);
#811 = EDGE_CURVE('',#786,#812,#814,.T.);
#812 = VERTEX_POINT('',#813);
#813 = CARTESIAN_POINT('',(-81.,55.,-48.));
#814 = CIRCLE('',#815,5.);
#815 = AXIS2_PLACEMENT_3D('',#816,#817,#818);
#816 = CARTESIAN_POINT('',(-76.,55.,-48.));
#817 = DIRECTION('',(0.,0.,1.));
#818 = DIRECTION('',(1.,0.,0.));
#819 = ORIENTED_EDGE('',*,*,#820,.T.);
#820 = EDGE_CURVE('',#812,#179,#821,.T.);
#821 = LINE('',#822,#823);
#822 = CARTESIAN_POINT('',(-81.,55.,-48.));
#823 = VECTOR('',#824,1.);
#824 = DIRECTION('',(0.,0.,1.));
#825 = CYLINDRICAL_SURFACE('',#826,5.);
#826 = AXIS2_PLACEMENT_3D('',#827,#828,#829);
#827 = CARTESIAN_POINT('',(-76.,55.,-48.));
#828 = DIRECTION('',(0.,0.,1.));
#829 = DIRECTION('',(1.,0.,0.));
#830 = ADVANCED_FACE('',(#831),#842,.T.);
#831 = FACE_BOUND('',#832,.T.);
#832 = EDGE_LOOP('',(#833,#834,#840,#841));
#833 = ORIENTED_EDGE('',*,*,#656,.F.);
#834 = ORIENTED_EDGE('',*,*,#835,.T.);
#835 = EDGE_CURVE('',#657,#812,#836,.T.);
#836 = LINE('',#837,#838);
#837 = CARTESIAN_POINT('',(-81.,-55.,-48.));
#838 = VECTOR('',#839,1.);
#839 = DIRECTION('',(0.,1.,0.));
#840 = ORIENTED_EDGE('',*,*,#820,.T.);
#841 = ORIENTED_EDGE('',*,*,#178,.F.);
#842 = PLANE('',#843);
#843 = AXIS2_PLACEMENT_3D('',#844,#845,#846);
#844 = CARTESIAN_POINT('',(-81.,-55.,-48.));
#845 = DIRECTION('',(1.,0.,0.));
#846 = DIRECTION('',(0.,0.,1.));
#847 = ADVANCED_FACE('',(#848),#867,.F.);
#848 = FACE_BOUND('',#849,.F.);
#849 = EDGE_LOOP('',(#850,#859,#865,#866));
#850 = ORIENTED_EDGE('',*,*,#851,.T.);
#851 = EDGE_CURVE('',#852,#852,#854,.T.);
#852 = VERTEX_POINT('',#853);
#853 = CARTESIAN_POINT('',(-68.3,67.,-48.5));
#854 = CIRCLE('',#855,1.7);
#855 = AXIS2_PLACEMENT_3D('',#856,#857,#858);
#856 = CARTESIAN_POINT('',(-70.,67.,-48.5));
#857 = DIRECTION('',(0.,0.,1.));
#858 = DIRECTION('',(1.,0.,0.));
#859 = ORIENTED_EDGE('',*,*,#860,.T.);
#860 = EDGE_CURVE('',#852,#238,#861,.T.);
#861 = LINE('',#862,#863);
#862 = CARTESIAN_POINT('',(-68.3,67.,-50.1));
#863 = VECTOR('',#864,1.);
#864 = DIRECTION('',(0.,0.,1.));
#865 = ORIENTED_EDGE('',*,*,#237,.F.);
#866 = ORIENTED_EDGE('',*,*,#860,.F.);
#867 = CYLINDRICAL_SURFACE('',#868,1.7);
#868 = AXIS2_PLACEMENT_3D('',#869,#870,#871);
#869 = CARTESIAN_POINT('',(-70.,67.,-50.1));
#870 = DIRECTION('',(0.,0.,1.));
#871 = DIRECTION('',(1.,0.,0.));
#872 = ADVANCED_FACE('',(#873),#892,.F.);
#873 = FACE_BOUND('',#874,.F.);
#874 = EDGE_LOOP('',(#875,#884,#890,#891));
#875 = ORIENTED_EDGE('',*,*,#876,.T.);
#876 = EDGE_CURVE('',#877,#877,#879,.T.);
#877 = VERTEX_POINT('',#878);
#878 = CARTESIAN_POINT('',(-33.3,67.,-48.5));
#879 = CIRCLE('',#880,1.7);
#880 = AXIS2_PLACEMENT_3D('',#881,#882,#883);
#881 = CARTESIAN_POINT('',(-35.,67.,-48.5));
#882 = DIRECTION('',(0.,0.,1.));
#883 = DIRECTION('',(1.,0.,0.));
#884 = ORIENTED_EDGE('',*,*,#885,.T.);
#885 = EDGE_CURVE('',#877,#249,#886,.T.);
#886 = LINE('',#887,#888);
#887 = CARTESIAN_POINT('',(-33.3,67.,-50.1));
#888 = VECTOR('',#889,1.);
#889 = DIRECTION('',(0.,0.,1.));
#890 = ORIENTED_EDGE('',*,*,#248,.F.);
#891 = ORIENTED_EDGE('',*,*,#885,.F.);
#892 = CYLINDRICAL_SURFACE('',#893,1.7);
#893 = AXIS2_PLACEMENT_3D('',#894,#895,#896);
#894 = CARTESIAN_POINT('',(-35.,67.,-50.1));
#895 = DIRECTION('',(0.,0.,1.));
#896 = DIRECTION('',(1.,0.,0.));
#897 = ADVANCED_FACE('',(#898),#917,.F.);
#898 = FACE_BOUND('',#899,.F.);
#899 = EDGE_LOOP('',(#900,#909,#915,#916));
#900 = ORIENTED_EDGE('',*,*,#901,.T.);
#901 = EDGE_CURVE('',#902,#902,#904,.T.);
#902 = VERTEX_POINT('',#903);
#903 = CARTESIAN_POINT('',(36.7,67.,-48.5));
#904 = CIRCLE('',#905,1.7);
#905 = AXIS2_PLACEMENT_3D('',#906,#907,#908);
#906 = CARTESIAN_POINT('',(35.,67.,-48.5));
#907 = DIRECTION('',(0.,0.,1.));
#908 = DIRECTION('',(1.,0.,0.));
#909 = ORIENTED_EDGE('',*,*,#910,.T.);
#910 = EDGE_CURVE('',#902,#260,#911,.T.);
#911 = LINE('',#912,#913);
#912 = CARTESIAN_POINT('',(36.7,67.,-50.1));
#913 = VECTOR('',#914,1.);
#914 = DIRECTION('',(0.,0.,1.));
#915 = ORIENTED_EDGE('',*,*,#259,.F.);
#916 = ORIENTED_EDGE('',*,*,#910,.F.);
#917 = CYLINDRICAL_SURFACE('',#918,1.7);
#918 = AXIS2_PLACEMENT_3D('',#919,#920,#921);
#919 = CARTESIAN_POINT('',(35.,67.,-50.1));
#920 = DIRECTION('',(0.,0.,1.));
#921 = DIRECTION('',(1.,0.,0.));
#922 = ADVANCED_FACE('',(#923),#942,.F.);
#923 = FACE_BOUND('',#924,.F.);
#924 = EDGE_LOOP('',(#925,#934,#940,#941));
#925 = ORIENTED_EDGE('',*,*,#926,.T.);
#926 = EDGE_CURVE('',#927,#927,#929,.T.);
#927 = VERTEX_POINT('',#928);
#928 = CARTESIAN_POINT('',(71.7,67.,-48.5));
#929 = CIRCLE('',#930,1.7);
#930 = AXIS2_PLACEMENT_3D('',#931,#932,#933);
#931 = CARTESIAN_POINT('',(70.,67.,-48.5));
#932 = DIRECTION('',(0.,0.,1.));
#933 = DIRECTION('',(1.,0.,0.));
#934 = ORIENTED_EDGE('',*,*,#935,.T.);
#935 = EDGE_CURVE('',#927,#271,#936,.T.);
#936 = LINE('',#937,#938);
#937 = CARTESIAN_POINT('',(71.7,67.,-50.1));
#938 = VECTOR('',#939,1.);
#939 = DIRECTION('',(0.,0.,1.));
#940 = ORIENTED_EDGE('',*,*,#270,.F.);
#941 = ORIENTED_EDGE('',*,*,#935,.F.);
#942 = CYLINDRICAL_SURFACE('',#943,1.7);
#943 = AXIS2_PLACEMENT_3D('',#944,#945,#946);
#944 = CARTESIAN_POINT('',(70.,67.,-50.1));
#945 = DIRECTION('',(0.,0.,1.));
#946 = DIRECTION('',(1.,0.,0.));
#947 = ADVANCED_FACE('',(#948),#959,.F.);
#948 = FACE_BOUND('',#949,.F.);
#949 = EDGE_LOOP('',(#950,#951,#957,#958));
#950 = ORIENTED_EDGE('',*,*,#630,.F.);
#951 = ORIENTED_EDGE('',*,*,#952,.F.);
#952 = EDGE_CURVE('',#365,#631,#953,.T.);
#953 = LINE('',#954,#955);
#954 = CARTESIAN_POINT('',(73.2,-67.,-50.));
#955 = VECTOR('',#956,1.);
#956 = DIRECTION('',(-0.707106781187,1.7E-16,0.707106781187));
#957 = ORIENTED_EDGE('',*,*,#364,.T.);
#958 = ORIENTED_EDGE('',*,*,#952,.T.);
#959 = CONICAL_SURFACE('',#960,3.2,0.785398163397);
#960 = AXIS2_PLACEMENT_3D('',#961,#962,#963);
#961 = CARTESIAN_POINT('',(70.,-67.,-50.));
#962 = DIRECTION('',(-0.,-0.,-1.));
#963 = DIRECTION('',(1.,0.,0.));
#964 = ADVANCED_FACE('',(#965),#976,.F.);
#965 = FACE_BOUND('',#966,.F.);
#966 = EDGE_LOOP('',(#967,#968,#974,#975));
#967 = ORIENTED_EDGE('',*,*,#605,.F.);
#968 = ORIENTED_EDGE('',*,*,#969,.F.);
#969 = EDGE_CURVE('',#376,#606,#970,.T.);
#970 = LINE('',#971,#972);
#971 = CARTESIAN_POINT('',(38.2,-67.,-50.));
#972 = VECTOR('',#973,1.);
#973 = DIRECTION('',(-0.707106781187,1.7E-16,0.707106781187));
#974 = ORIENTED_EDGE('',*,*,#375,.T.);
#975 = ORIENTED_EDGE('',*,*,#969,.T.);
#976 = CONICAL_SURFACE('',#977,3.2,0.785398163397);
#977 = AXIS2_PLACEMENT_3D('',#978,#979,#980);
#978 = CARTESIAN_POINT('',(35.,-67.,-50.));
#979 = DIRECTION('',(-0.,-0.,-1.));
#980 = DIRECTION('',(1.,0.,0.));
#981 = ADVANCED_FACE('',(#982),#993,.F.);
#982 = FACE_BOUND('',#983,.F.);
#983 = EDGE_LOOP('',(#984,#985,#991,#992));
#984 = ORIENTED_EDGE('',*,*,#580,.F.);
#985 = ORIENTED_EDGE('',*,*,#986,.F.);
#986 = EDGE_CURVE('',#387,#581,#987,.T.);
#987 = LINE('',#988,#989);
#988 = CARTESIAN_POINT('',(-31.8,-67.,-50.));
#989 = VECTOR('',#990,1.);
#990 = DIRECTION('',(-0.707106781187,1.7E-16,0.707106781187));
#991 = ORIENTED_EDGE('',*,*,#386,.T.);
#992 = ORIENTED_EDGE('',*,*,#986,.T.);
#993 = CONICAL_SURFACE('',#994,3.2,0.785398163397);
#994 = AXIS2_PLACEMENT_3D('',#995,#996,#997);
#995 = CARTESIAN_POINT('',(-35.,-67.,-50.));
#996 = DIRECTION('',(-0.,-0.,-1.));
#997 = DIRECTION('',(1.,0.,0.));
#998 = ADVANCED_FACE('',(#999),#1010,.F.);
#999 = FACE_BOUND('',#1000,.F.);
#1000 = EDGE_LOOP('',(#1001,#1002,#1008,#1009));
#1001 = ORIENTED_EDGE('',*,*,#555,.F.);
#1002 = ORIENTED_EDGE('',*,*,#1003,.F.);
#1003 = EDGE_CURVE('',#398,#556,#1004,.T.);
#1004 = LINE('',#1005,#1006);
#1005 = CARTESIAN_POINT('',(-66.8,-67.,-50.));
#1006 = VECTOR('',#1007,1.);
#1007 = DIRECTION('',(-0.707106781187,1.7E-16,0.707106781187));
#1008 = ORIENTED_EDGE('',*,*,#397,.T.);
#1009 = ORIENTED_EDGE('',*,*,#1003,.T.);
#1010 = CONICAL_SURFACE('',#1011,3.2,0.785398163397);
#1011 = AXIS2_PLACEMENT_3D('',#1012,#1013,#1014);
#1012 = CARTESIAN_POINT('',(-70.,-67.,-50.));
#1013 = DIRECTION('',(-0.,-0.,-1.));
#1014 = DIRECTION('',(1.,0.,0.));
#1015 = ADVANCED_FACE('',(#1016),#1027,.F.);
#1016 = FACE_BOUND('',#1017,.F.);
#1017 = EDGE_LOOP('',(#1018,#1019,#1025,#1026));
#1018 = ORIENTED_EDGE('',*,*,#926,.F.);
#1019 = ORIENTED_EDGE('',*,*,#1020,.F.);
#1020 = EDGE_CURVE('',#409,#927,#1021,.T.);
#1021 = LINE('',#1022,#1023);
#1022 = CARTESIAN_POINT('',(73.2,67.,-50.));
#1023 = VECTOR('',#1024,1.);
#1024 = DIRECTION('',(-0.707106781187,1.7E-16,0.707106781187));
#1025 = ORIENTED_EDGE('',*,*,#408,.T.);
#1026 = ORIENTED_EDGE('',*,*,#1020,.T.);
#1027 = CONICAL_SURFACE('',#1028,3.2,0.785398163397);
#1028 = AXIS2_PLACEMENT_3D('',#1029,#1030,#1031);
#1029 = CARTESIAN_POINT('',(70.,67.,-50.));
#1030 = DIRECTION('',(-0.,-0.,-1.));
#1031 = DIRECTION('',(1.,0.,0.));
#1032 = ADVANCED_FACE('',(#1033),#1044,.F.);
#1033 = FACE_BOUND('',#1034,.F.);
#1034 = EDGE_LOOP('',(#1035,#1036,#1042,#1043));
#1035 = ORIENTED_EDGE('',*,*,#901,.F.);
#1036 = ORIENTED_EDGE('',*,*,#1037,.F.);
#1037 = EDGE_CURVE('',#420,#902,#1038,.T.);
#1038 = LINE('',#1039,#1040);
#1039 = CARTESIAN_POINT('',(38.2,67.,-50.));
#1040 = VECTOR('',#1041,1.);
#1041 = DIRECTION('',(-0.707106781187,1.7E-16,0.707106781187));
#1042 = ORIENTED_EDGE('',*,*,#419,.T.);
#1043 = ORIENTED_EDGE('',*,*,#1037,.T.);
#1044 = CONICAL_SURFACE('',#1045,3.2,0.785398163397);
#1045 = AXIS2_PLACEMENT_3D('',#1046,#1047,#1048);
#1046 = CARTESIAN_POINT('',(35.,67.,-50.));
#1047 = DIRECTION('',(-0.,-0.,-1.));
#1048 = DIRECTION('',(1.,0.,0.));
#1049 = ADVANCED_FACE('',(#1050),#1061,.F.);
#1050 = FACE_BOUND('',#1051,.F.);
#1051 = EDGE_LOOP('',(#1052,#1053,#1059,#1060));
#1052 = ORIENTED_EDGE('',*,*,#876,.F.);
#1053 = ORIENTED_EDGE('',*,*,#1054,.F.);
#1054 = EDGE_CURVE('',#431,#877,#1055,.T.);
#1055 = LINE('',#1056,#1057);
#1056 = CARTESIAN_POINT('',(-31.8,67.,-50.));
#1057 = VECTOR('',#1058,1.);
#1058 = DIRECTION('',(-0.707106781187,1.7E-16,0.707106781187));
#1059 = ORIENTED_EDGE('',*,*,#430,.T.);
#1060 = ORIENTED_EDGE('',*,*,#1054,.T.);
#1061 = CONICAL_SURFACE('',#1062,3.2,0.785398163397);
#1062 = AXIS2_PLACEMENT_3D('',#1063,#1064,#1065);
#1063 = CARTESIAN_POINT('',(-35.,67.,-50.));
#1064 = DIRECTION('',(-0.,-0.,-1.));
#1065 = DIRECTION('',(1.,0.,0.));
#1066 = ADVANCED_FACE('',(#1067),#1078,.F.);
#1067 = FACE_BOUND('',#1068,.F.);
#1068 = EDGE_LOOP('',(#1069,#1070,#1076,#1077));
#1069 = ORIENTED_EDGE('',*,*,#851,.F.);
#1070 = ORIENTED_EDGE('',*,*,#1071,.F.);
#1071 = EDGE_CURVE('',#442,#852,#1072,.T.);
#1072 = LINE('',#1073,#1074);
#1073 = CARTESIAN_POINT('',(-66.8,67.,-50.));
#1074 = VECTOR('',#1075,1.);
#1075 = DIRECTION('',(-0.707106781187,1.7E-16,0.707106781187));
#1076 = ORIENTED_EDGE('',*,*,#441,.T.);
#1077 = ORIENTED_EDGE('',*,*,#1071,.T.);
#1078 = CONICAL_SURFACE('',#1079,3.2,0.785398163397);
#1079 = AXIS2_PLACEMENT_3D('',#1080,#1081,#1082);
#1080 = CARTESIAN_POINT('',(-70.,67.,-50.));
#1081 = DIRECTION('',(-0.,-0.,-1.));
#1082 = DIRECTION('',(1.,0.,0.));
#1083 = ADVANCED_FACE('',(#1084,#1094,#1105,#1116,#1127),#1138,.F.);
#1084 = FACE_BOUND('',#1085,.F.);
#1085 = EDGE_LOOP('',(#1086,#1087,#1088,#1089,#1090,#1091,#1092,#1093));
#1086 = ORIENTED_EDGE('',*,*,#664,.F.);
#1087 = ORIENTED_EDGE('',*,*,#835,.T.);
#1088 = ORIENTED_EDGE('',*,*,#811,.F.);
#1089 = ORIENTED_EDGE('',*,*,#785,.T.);
#1090 = ORIENTED_EDGE('',*,*,#762,.F.);
#1091 = ORIENTED_EDGE('',*,*,#737,.F.);
#1092 = ORIENTED_EDGE('',*,*,#711,.F.);
#1093 = ORIENTED_EDGE('',*,*,#687,.F.);
#1094 = FACE_BOUND('',#1095,.F.);
#1095 = EDGE_LOOP('',(#1096));
#1096 = ORIENTED_EDGE('',*,*,#1097,.T.);
#1097 = EDGE_CURVE('',#1098,#1098,#1100,.T.);
#1098 = VERTEX_POINT('',#1099);
#1099 = CARTESIAN_POINT('',(80.,-20.,-48.));
#1100 = CIRCLE('',#1101,10.);
#1101 = AXIS2_PLACEMENT_3D('',#1102,#1103,#1104);
#1102 = CARTESIAN_POINT('',(70.,-20.,-48.));
#1103 = DIRECTION('',(0.,0.,1.));
#1104 = DIRECTION('',(1.,0.,0.));
#1105 = FACE_BOUND('',#1106,.F.);
#1106 = EDGE_LOOP('',(#1107));
#1107 = ORIENTED_EDGE('',*,*,#1108,.T.);
#1108 = EDGE_CURVE('',#1109,#1109,#1111,.T.);
#1109 = VERTEX_POINT('',#1110);
#1110 = CARTESIAN_POINT('',(-60.,-20.,-48.));
#1111 = CIRCLE('',#1112,10.);
#1112 = AXIS2_PLACEMENT_3D('',#1113,#1114,#1115);
#1113 = CARTESIAN_POINT('',(-70.,-20.,-48.));
#1114 = DIRECTION('',(0.,0.,1.));
#1115 = DIRECTION('',(1.,0.,0.));
#1116 = FACE_BOUND('',#1117,.F.);
#1117 = EDGE_LOOP('',(#1118));
#1118 = ORIENTED_EDGE('',*,*,#1119,.T.);
#1119 = EDGE_CURVE('',#1120,#1120,#1122,.T.);
#1120 = VERTEX_POINT('',#1121);
#1121 = CARTESIAN_POINT('',(80.,20.,-48.));
#1122 = CIRCLE('',#1123,10.);
#1123 = AXIS2_PLACEMENT_3D('',#1124,#1125,#1126);
#1124 = CARTESIAN_POINT('',(70.,20.,-48.));
#1125 = DIRECTION('',(0.,0.,1.));
#1126 = DIRECTION('',(1.,0.,0.));
#1127 = FACE_BOUND('',#1128,.F.);
#1128 = EDGE_LOOP('',(#1129));
#1129 = ORIENTED_EDGE('',*,*,#1130,.T.);
#1130 = EDGE_CURVE('',#1131,#1131,#1133,.T.);
#1131 = VERTEX_POINT('',#1132);
#1132 = CARTESIAN_POINT('',(-60.,20.,-48.));
#1133 = CIRCLE('',#1134,10.);
#1134 = AXIS2_PLACEMENT_3D('',#1135,#1136,#1137);
#1135 = CARTESIAN_POINT('',(-70.,20.,-48.));
#1136 = DIRECTION('',(0.,0.,1.));
#1137 = DIRECTION('',(1.,0.,0.));
#1138 = PLANE('',#1139);
#1139 = AXIS2_PLACEMENT_3D('',#1140,#1141,#1142);
#1140 = CARTESIAN_POINT('',(-1.64E-15,0.,-48.));
#1141 = DIRECTION('',(-0.,-0.,-1.));
#1142 = DIRECTION('',(-1.,0.,0.));
#1143 = ADVANCED_FACE('',(#1144),#1163,.T.);
#1144 = FACE_BOUND('',#1145,.T.);
#1145 = EDGE_LOOP('',(#1146,#1155,#1161,#1162));
#1146 = ORIENTED_EDGE('',*,*,#1147,.F.);
#1147 = EDGE_CURVE('',#1148,#1148,#1150,.T.);
#1148 = VERTEX_POINT('',#1149);
#1149 = CARTESIAN_POINT('',(80.,-20.,-47.));
#1150 = CIRCLE('',#1151,10.);
#1151 = AXIS2_PLACEMENT_3D('',#1152,#1153,#1154);
#1152 = CARTESIAN_POINT('',(70.,-20.,-47.));
#1153 = DIRECTION('',(0.,0.,1.));
#1154 = DIRECTION('',(1.,0.,0.));
#1155 = ORIENTED_EDGE('',*,*,#1156,.F.);
#1156 = EDGE_CURVE('',#1098,#1148,#1157,.T.);
#1157 = LINE('',#1158,#1159);
#1158 = CARTESIAN_POINT('',(80.,-20.,-48.1));
#1159 = VECTOR('',#1160,1.);
#1160 = DIRECTION('',(0.,0.,1.));
#1161 = ORIENTED_EDGE('',*,*,#1097,.T.);
#1162 = ORIENTED_EDGE('',*,*,#1156,.T.);
#1163 = CYLINDRICAL_SURFACE('',#1164,10.);
#1164 = AXIS2_PLACEMENT_3D('',#1165,#1166,#1167);
#1165 = CARTESIAN_POINT('',(70.,-20.,-48.1));
#1166 = DIRECTION('',(0.,0.,1.));
#1167 = DIRECTION('',(1.,0.,0.));
#1168 = ADVANCED_FACE('',(#1169),#1188,.T.);
#1169 = FACE_BOUND('',#1170,.T.);
#1170 = EDGE_LOOP('',(#1171,#1180,#1186,#1187));
#1171 = ORIENTED_EDGE('',*,*,#1172,.F.);
#1172 = EDGE_CURVE('',#1173,#1173,#1175,.T.);
#1173 = VERTEX_POINT('',#1174);
#1174 = CARTESIAN_POINT('',(-60.,-20.,-47.));
#1175 = CIRCLE('',#1176,10.);
#1176 = AXIS2_PLACEMENT_3D('',#1177,#1178,#1179);
#1177 = CARTESIAN_POINT('',(-70.,-20.,-47.));
#1178 = DIRECTION('',(0.,0.,1.));
#1179 = DIRECTION('',(1.,0.,0.));
#1180 = ORIENTED_EDGE('',*,*,#1181,.F.);
#1181 = EDGE_CURVE('',#1109,#1173,#1182,.T.);
#1182 = LINE('',#1183,#1184);
#1183 = CARTESIAN_POINT('',(-60.,-20.,-48.1));
#1184 = VECTOR('',#1185,1.);
#1185 = DIRECTION('',(0.,0.,1.));
#1186 = ORIENTED_EDGE('',*,*,#1108,.T.);
#1187 = ORIENTED_EDGE('',*,*,#1181,.T.);
#1188 = CYLINDRICAL_SURFACE('',#1189,10.);
#1189 = AXIS2_PLACEMENT_3D('',#1190,#1191,#1192);
#1190 = CARTESIAN_POINT('',(-70.,-20.,-48.1));
#1191 = DIRECTION('',(0.,0.,1.));
#1192 = DIRECTION('',(1.,0.,0.));
#1193 = ADVANCED_FACE('',(#1194),#1213,.T.);
#1194 = FACE_BOUND('',#1195,.T.);
#1195 = EDGE_LOOP('',(#1196,#1205,#1211,#1212));
#1196 = ORIENTED_EDGE('',*,*,#1197,.F.);
#1197 = EDGE_CURVE('',#1198,#1198,#1200,.T.);
#1198 = VERTEX_POINT('',#1199);
#1199 = CARTESIAN_POINT('',(80.,20.,-47.));
#1200 = CIRCLE('',#1201,10.);
#1201 = AXIS2_PLACEMENT_3D('',#1202,#1203,#1204);
#1202 = CARTESIAN_POINT('',(70.,20.,-47.));
#1203 = DIRECTION('',(0.,0.,1.));
#1204 = DIRECTION('',(1.,0.,0.));
#1205 = ORIENTED_EDGE('',*,*,#1206,.F.);
#1206 = EDGE_CURVE('',#1120,#1198,#1207,.T.);
#1207 = LINE('',#1208,#1209);
#1208 = CARTESIAN_POINT('',(80.,20.,-48.1));
#1209 = VECTOR('',#1210,1.);
#1210 = DIRECTION('',(0.,0.,1.));
#1211 = ORIENTED_EDGE('',*,*,#1119,.T.);
#1212 = ORIENTED_EDGE('',*,*,#1206,.T.);
#1213 = CYLINDRICAL_SURFACE('',#1214,10.);
#1214 = AXIS2_PLACEMENT_3D('',#1215,#1216,#1217);
#1215 = CARTESIAN_POINT('',(70.,20.,-48.1));
#1216 = DIRECTION('',(0.,0.,1.));
#1217 = DIRECTION('',(1.,0.,0.));
#1218 = ADVANCED_FACE('',(#1219),#1238,.T.);
#1219 = FACE_BOUND('',#1220,.T.);
#1220 = EDGE_LOOP('',(#1221,#1230,#1236,#1237));
#1221 = ORIENTED_EDGE('',*,*,#1222,.F.);
#1222 = EDGE_CURVE('',#1223,#1223,#1225,.T.);
#1223 = VERTEX_POINT('',#1224);
#1224 = CARTESIAN_POINT('',(-60.,20.,-47.));
#1225 = CIRCLE('',#1226,10.);
#1226 = AXIS2_PLACEMENT_3D('',#1227,#1228,#1229);
#1227 = CARTESIAN_POINT('',(-70.,20.,-47.));
#1228 = DIRECTION('',(0.,0.,1.));
#1229 = DIRECTION('',(1.,0.,0.));
#1230 = ORIENTED_EDGE('',*,*,#1231,.F.);
#1231 = EDGE_CURVE('',#1131,#1223,#1232,.T.);
#1232 = LINE('',#1233,#1234);
#1233 = CARTESIAN_POINT('',(-60.,20.,-48.1));
#1234 = VECTOR('',#1235,1.);
#1235 = DIRECTION('',(0.,0.,1.));
#1236 = ORIENTED_EDGE('',*,*,#1130,.T.);
#1237 = ORIENTED_EDGE('',*,*,#1231,.T.);
#1238 = CYLINDRICAL_SURFACE('',#1239,10.);
#1239 = AXIS2_PLACEMENT_3D('',#1240,#1241,#1242);
#1240 = CARTESIAN_POINT('',(-70.,20.,-48.1));
#1241 = DIRECTION('',(0.,0.,1.));
#1242 = DIRECTION('',(1.,0.,0.));
#1243 = ADVANCED_FACE('',(#1244,#1247),#1258,.T.);
#1244 = FACE_BOUND('',#1245,.T.);
#1245 = EDGE_LOOP('',(#1246));
#1246 = ORIENTED_EDGE('',*,*,#1147,.T.);
#1247 = FACE_BOUND('',#1248,.T.);
#1248 = EDGE_LOOP('',(#1249));
#1249 = ORIENTED_EDGE('',*,*,#1250,.F.);
#1250 = EDGE_CURVE('',#1251,#1251,#1253,.T.);
#1251 = VERTEX_POINT('',#1252);
#1252 = CARTESIAN_POINT('',(76.,-20.,-47.));
#1253 = CIRCLE('',#1254,6.);
#1254 = AXIS2_PLACEMENT_3D('',#1255,#1256,#1257);
#1255 = CARTESIAN_POINT('',(70.,-20.,-47.));
#1256 = DIRECTION('',(0.,0.,1.));
#1257 = DIRECTION('',(1.,0.,0.));
#1258 = PLANE('',#1259);
#1259 = AXIS2_PLACEMENT_3D('',#1260,#1261,#1262);
#1260 = CARTESIAN_POINT('',(0.,5.12E-15,-47.));
#1261 = DIRECTION('',(0.,0.,1.));
#1262 = DIRECTION('',(1.,0.,0.));
#1263 = ADVANCED_FACE('',(#1264,#1267),#1278,.T.);
#1264 = FACE_BOUND('',#1265,.T.);
#1265 = EDGE_LOOP('',(#1266));
#1266 = ORIENTED_EDGE('',*,*,#1172,.T.);
#1267 = FACE_BOUND('',#1268,.T.);
#1268 = EDGE_LOOP('',(#1269));
#1269 = ORIENTED_EDGE('',*,*,#1270,.F.);
#1270 = EDGE_CURVE('',#1271,#1271,#1273,.T.);
#1271 = VERTEX_POINT('',#1272);
#1272 = CARTESIAN_POINT('',(-64.,-20.,-47.));
#1273 = CIRCLE('',#1274,6.);
#1274 = AXIS2_PLACEMENT_3D('',#1275,#1276,#1277);
#1275 = CARTESIAN_POINT('',(-70.,-20.,-47.));
#1276 = DIRECTION('',(0.,0.,1.));
#1277 = DIRECTION('',(1.,0.,0.));
#1278 = PLANE('',#1279);
#1279 = AXIS2_PLACEMENT_3D('',#1280,#1281,#1282);
#1280 = CARTESIAN_POINT('',(0.,5.12E-15,-47.));
#1281 = DIRECTION('',(0.,0.,1.));
#1282 = DIRECTION('',(1.,0.,0.));
#1283 = ADVANCED_FACE('',(#1284,#1287),#1298,.T.);
#1284 = FACE_BOUND('',#1285,.T.);
#1285 = EDGE_LOOP('',(#1286));
#1286 = ORIENTED_EDGE('',*,*,#1197,.T.);
#1287 = FACE_BOUND('',#1288,.T.);
#1288 = EDGE_LOOP('',(#1289));
#1289 = ORIENTED_EDGE('',*,*,#1290,.F.);
#1290 = EDGE_CURVE('',#1291,#1291,#1293,.T.);
#1291 = VERTEX_POINT('',#1292);
#1292 = CARTESIAN_POINT('',(76.,20.,-47.));
#1293 = CIRCLE('',#1294,6.);
#1294 = AXIS2_PLACEMENT_3D('',#1295,#1296,#1297);
#1295 = CARTESIAN_POINT('',(70.,20.,-47.));
#1296 = DIRECTION('',(0.,0.,1.));
#1297 = DIRECTION('',(1.,0.,0.));
#1298 = PLANE('',#1299);
#1299 = AXIS2_PLACEMENT_3D('',#1300,#1301,#1302);
#1300 = CARTESIAN_POINT('',(0.,5.12E-15,-47.));
#1301 = DIRECTION('',(0.,0.,1.));
#1302 = DIRECTION('',(1.,0.,0.));
#1303 = ADVANCED_FACE('',(#1304,#1307),#1318,.T.);
#1304 = FACE_BOUND('',#1305,.T.);
#1305 = EDGE_LOOP('',(#1306));
#1306 = ORIENTED_EDGE('',*,*,#1222,.T.);
#1307 = FACE_BOUND('',#1308,.T.);
#1308 = EDGE_LOOP('',(#1309));
#1309 = ORIENTED_EDGE('',*,*,#1310,.F.);
#1310 = EDGE_CURVE('',#1311,#1311,#1313,.T.);
#1311 = VERTEX_POINT('',#1312);
#1312 = CARTESIAN_POINT('',(-64.,20.,-47.));
#1313 = CIRCLE('',#1314,6.);
#1314 = AXIS2_PLACEMENT_3D('',#1315,#1316,#1317);
#1315 = CARTESIAN_POINT('',(-70.,20.,-47.));
#1316 = DIRECTION('',(0.,0.,1.));
#1317 = DIRECTION('',(1.,0.,0.));
#1318 = PLANE('',#1319);
#1319 = AXIS2_PLACEMENT_3D('',#1320,#1321,#1322);
#1320 = CARTESIAN_POINT('',(0.,5.12E-15,-47.));
#1321 = DIRECTION('',(0.,0.,1.));
#1322 = DIRECTION('',(1.,0.,0.));
#1323 = ADVANCED_FACE('',(#1324),#1343,.T.);
#1324 = FACE_BOUND('',#1325,.T.);
#1325 = EDGE_LOOP('',(#1326,#1335,#1341,#1342));
#1326 = ORIENTED_EDGE('',*,*,#1327,.F.);
#1327 = EDGE_CURVE('',#1328,#1328,#1330,.T.);
#1328 = VERTEX_POINT('',#1329);
#1329 = CARTESIAN_POINT('',(76.,-20.,-39.));
#1330 = CIRCLE('',#1331,6.);
#1331 = AXIS2_PLACEMENT_3D('',#1332,#1333,#1334);
#1332 = CARTESIAN_POINT('',(70.,-20.,-39.));
#1333 = DIRECTION('',(0.,0.,1.));
#1334 = DIRECTION('',(1.,0.,0.));
#1335 = ORIENTED_EDGE('',*,*,#1336,.F.);
#1336 = EDGE_CURVE('',#1251,#1328,#1337,.T.);
#1337 = LINE('',#1338,#1339);
#1338 = CARTESIAN_POINT('',(76.,-20.,-47.));
#1339 = VECTOR('',#1340,1.);
#1340 = DIRECTION('',(0.,0.,1.));
#1341 = ORIENTED_EDGE('',*,*,#1250,.T.);
#1342 = ORIENTED_EDGE('',*,*,#1336,.T.);
#1343 = CYLINDRICAL_SURFACE('',#1344,6.);
#1344 = AXIS2_PLACEMENT_3D('',#1345,#1346,#1347);
#1345 = CARTESIAN_POINT('',(70.,-20.,-47.));
#1346 = DIRECTION('',(0.,0.,1.));
#1347 = DIRECTION('',(1.,0.,0.));
#1348 = ADVANCED_FACE('',(#1349),#1368,.T.);
#1349 = FACE_BOUND('',#1350,.T.);
#1350 = EDGE_LOOP('',(#1351,#1360,#1366,#1367));
#1351 = ORIENTED_EDGE('',*,*,#1352,.F.);
#1352 = EDGE_CURVE('',#1353,#1353,#1355,.T.);
#1353 = VERTEX_POINT('',#1354);
#1354 = CARTESIAN_POINT('',(-64.,-20.,-39.));
#1355 = CIRCLE('',#1356,6.);
#1356 = AXIS2_PLACEMENT_3D('',#1357,#1358,#1359);
#1357 = CARTESIAN_POINT('',(-70.,-20.,-39.));
#1358 = DIRECTION('',(0.,0.,1.));
#1359 = DIRECTION('',(1.,0.,0.));
#1360 = ORIENTED_EDGE('',*,*,#1361,.F.);
#1361 = EDGE_CURVE('',#1271,#1353,#1362,.T.);
#1362 = LINE('',#1363,#1364);
#1363 = CARTESIAN_POINT('',(-64.,-20.,-47.));
#1364 = VECTOR('',#1365,1.);
#1365 = DIRECTION('',(0.,0.,1.));
#1366 = ORIENTED_EDGE('',*,*,#1270,.T.);
#1367 = ORIENTED_EDGE('',*,*,#1361,.T.);
#1368 = CYLINDRICAL_SURFACE('',#1369,6.);
#1369 = AXIS2_PLACEMENT_3D('',#1370,#1371,#1372);
#1370 = CARTESIAN_POINT('',(-70.,-20.,-47.));
#1371 = DIRECTION('',(0.,0.,1.));
#1372 = DIRECTION('',(1.,0.,0.));
#1373 = ADVANCED_FACE('',(#1374),#1393,.T.);
#1374 = FACE_BOUND('',#1375,.T.);
#1375 = EDGE_LOOP('',(#1376,#1385,#1391,#1392));
#1376 = ORIENTED_EDGE('',*,*,#1377,.F.);
#1377 = EDGE_CURVE('',#1378,#1378,#1380,.T.);
#1378 = VERTEX_POINT('',#1379);
#1379 = CARTESIAN_POINT('',(76.,20.,-39.));
#1380 = CIRCLE('',#1381,6.);
#1381 = AXIS2_PLACEMENT_3D('',#1382,#1383,#1384);
#1382 = CARTESIAN_POINT('',(70.,20.,-39.));
#1383 = DIRECTION('',(0.,0.,1.));
#1384 = DIRECTION('',(1.,0.,0.));
#1385 = ORIENTED_EDGE('',*,*,#1386,.F.);
#1386 = EDGE_CURVE('',#1291,#1378,#1387,.T.);
#1387 = LINE('',#1388,#1389);
#1388 = CARTESIAN_POINT('',(76.,20.,-47.));
#1389 = VECTOR('',#1390,1.);
#1390 = DIRECTION('',(0.,0.,1.));
#1391 = ORIENTED_EDGE('',*,*,#1290,.T.);
#1392 = ORIENTED_EDGE('',*,*,#1386,.T.);
#1393 = CYLINDRICAL_SURFACE('',#1394,6.);
#1394 = AXIS2_PLACEMENT_3D('',#1395,#1396,#1397);
#1395 = CARTESIAN_POINT('',(70.,20.,-47.));
#1396 = DIRECTION('',(0.,0.,1.));
#1397 = DIRECTION('',(1.,0.,0.));
#1398 = ADVANCED_FACE('',(#1399),#1418,.T.);
#1399 = FACE_BOUND('',#1400,.T.);
#1400 = EDGE_LOOP('',(#1401,#1410,#1416,#1417));
#1401 = ORIENTED_EDGE('',*,*,#1402,.F.);
#1402 = EDGE_CURVE('',#1403,#1403,#1405,.T.);
#1403 = VERTEX_POINT('',#1404);
#1404 = CARTESIAN_POINT('',(-64.,20.,-39.));
#1405 = CIRCLE('',#1406,6.);
#1406 = AXIS2_PLACEMENT_3D('',#1407,#1408,#1409);
#1407 = CARTESIAN_POINT('',(-70.,20.,-39.));
#1408 = DIRECTION('',(0.,0.,1.));
#1409 = DIRECTION('',(1.,0.,0.));
#1410 = ORIENTED_EDGE('',*,*,#1411,.F.);
#1411 = EDGE_CURVE('',#1311,#1403,#1412,.T.);
#1412 = LINE('',#1413,#1414);
#1413 = CARTESIAN_POINT('',(-64.,20.,-47.));
#1414 = VECTOR('',#1415,1.);
#1415 = DIRECTION('',(0.,0.,1.));
#1416 = ORIENTED_EDGE('',*,*,#1310,.T.);
#1417 = ORIENTED_EDGE('',*,*,#1411,.T.);
#1418 = CYLINDRICAL_SURFACE('',#1419,6.);
#1419 = AXIS2_PLACEMENT_3D('',#1420,#1421,#1422);
#1420 = CARTESIAN_POINT('',(-70.,20.,-47.));
#1421 = DIRECTION('',(0.,0.,1.));
#1422 = DIRECTION('',(1.,0.,0.));
#1423 = ADVANCED_FACE('',(#1424,#1427),#1438,.T.);
#1424 = FACE_BOUND('',#1425,.T.);
#1425 = EDGE_LOOP('',(#1426));
#1426 = ORIENTED_EDGE('',*,*,#1327,.T.);
#1427 = FACE_BOUND('',#1428,.T.);
#1428 = EDGE_LOOP('',(#1429));
#1429 = ORIENTED_EDGE('',*,*,#1430,.T.);
#1430 = EDGE_CURVE('',#1431,#1431,#1433,.T.);
#1431 = VERTEX_POINT('',#1432);
#1432 = CARTESIAN_POINT('',(68.75,-20.,-39.));
#1433 = CIRCLE('',#1434,1.25);
#1434 = AXIS2_PLACEMENT_3D('',#1435,#1436,#1437);
#1435 = CARTESIAN_POINT('',(70.,-20.,-39.));
#1436 = DIRECTION('',(0.,0.,-1.));
#1437 = DIRECTION('',(-1.,0.,0.));
#1438 = PLANE('',#1439);
#1439 = AXIS2_PLACEMENT_3D('',#1440,#1441,#1442);
#1440 = CARTESIAN_POINT('',(70.,-20.,-39.));
#1441 = DIRECTION('',(0.,0.,1.));
#1442 = DIRECTION('',(1.,0.,0.));
#1443 = ADVANCED_FACE('',(#1444,#1447),#1458,.T.);
#1444 = FACE_BOUND('',#1445,.T.);
#1445 = EDGE_LOOP('',(#1446));
#1446 = ORIENTED_EDGE('',*,*,#1352,.T.);
#1447 = FACE_BOUND('',#1448,.T.);
#1448 = EDGE_LOOP('',(#1449));
#1449 = ORIENTED_EDGE('',*,*,#1450,.T.);
#1450 = EDGE_CURVE('',#1451,#1451,#1453,.T.);
#1451 = VERTEX_POINT('',#1452);
#1452 = CARTESIAN_POINT('',(-71.25,-20.,-39.));
#1453 = CIRCLE('',#1454,1.25);
#1454 = AXIS2_PLACEMENT_3D('',#1455,#1456,#1457);
#1455 = CARTESIAN_POINT('',(-70.,-20.,-39.));
#1456 = DIRECTION('',(0.,0.,-1.));
#1457 = DIRECTION('',(-1.,0.,0.));
#1458 = PLANE('',#1459);
#1459 = AXIS2_PLACEMENT_3D('',#1460,#1461,#1462);
#1460 = CARTESIAN_POINT('',(-70.,-20.,-39.));
#1461 = DIRECTION('',(0.,0.,1.));
#1462 = DIRECTION('',(1.,0.,0.));
#1463 = ADVANCED_FACE('',(#1464,#1467),#1478,.T.);
#1464 = FACE_BOUND('',#1465,.T.);
#1465 = EDGE_LOOP('',(#1466));
#1466 = ORIENTED_EDGE('',*,*,#1377,.T.);
#1467 = FACE_BOUND('',#1468,.T.);
#1468 = EDGE_LOOP('',(#1469));
#1469 = ORIENTED_EDGE('',*,*,#1470,.T.);
#1470 = EDGE_CURVE('',#1471,#1471,#1473,.T.);
#1471 = VERTEX_POINT('',#1472);
#1472 = CARTESIAN_POINT('',(68.75,20.,-39.));
#1473 = CIRCLE('',#1474,1.25);
#1474 = AXIS2_PLACEMENT_3D('',#1475,#1476,#1477);
#1475 = CARTESIAN_POINT('',(70.,20.,-39.));
#1476 = DIRECTION('',(0.,0.,-1.));
#1477 = DIRECTION('',(-1.,0.,0.));
#1478 = PLANE('',#1479);
#1479 = AXIS2_PLACEMENT_3D('',#1480,#1481,#1482);
#1480 = CARTESIAN_POINT('',(70.,20.,-39.));
#1481 = DIRECTION('',(0.,0.,1.));
#1482 = DIRECTION('',(1.,0.,0.));
#1483 = ADVANCED_FACE('',(#1484,#1487),#1498,.T.);
#1484 = FACE_BOUND('',#1485,.T.);
#1485 = EDGE_LOOP('',(#1486));
#1486 = ORIENTED_EDGE('',*,*,#1402,.T.);
#1487 = FACE_BOUND('',#1488,.T.);
#1488 = EDGE_LOOP('',(#1489));
#1489 = ORIENTED_EDGE('',*,*,#1490,.T.);
#1490 = EDGE_CURVE('',#1491,#1491,#1493,.T.);
#1491 = VERTEX_POINT('',#1492);
#1492 = CARTESIAN_POINT('',(-71.25,20.,-39.));
#1493 = CIRCLE('',#1494,1.25);
#1494 = AXIS2_PLACEMENT_3D('',#1495,#1496,#1497);
#1495 = CARTESIAN_POINT('',(-70.,20.,-39.));
#1496 = DIRECTION('',(0.,0.,-1.));
#1497 = DIRECTION('',(-1.,0.,0.));
#1498 = PLANE('',#1499);
#1499 = AXIS2_PLACEMENT_3D('',#1500,#1501,#1502);
#1500 = CARTESIAN_POINT('',(-70.,20.,-39.));
#1501 = DIRECTION('',(0.,0.,1.));
#1502 = DIRECTION('',(1.,0.,0.));
#1503 = ADVANCED_FACE('',(#1504),#1523,.F.);
#1504 = FACE_BOUND('',#1505,.F.);
#1505 = EDGE_LOOP('',(#1506,#1514,#1521,#1522));
#1506 = ORIENTED_EDGE('',*,*,#1507,.T.);
#1507 = EDGE_CURVE('',#1431,#1508,#1510,.T.);
#1508 = VERTEX_POINT('',#1509);
#1509 = CARTESIAN_POINT('',(68.75,-20.,-45.5));
#1510 = LINE('',#1511,#1512);
#1511 = CARTESIAN_POINT('',(68.75,-20.,-38.9));
#1512 = VECTOR('',#1513,1.);
#1513 = DIRECTION('',(0.,0.,-1.));
#1514 = ORIENTED_EDGE('',*,*,#1515,.F.);
#1515 = EDGE_CURVE('',#1508,#1508,#1516,.T.);
#1516 = CIRCLE('',#1517,1.25);
#1517 = AXIS2_PLACEMENT_3D('',#1518,#1519,#1520);
#1518 = CARTESIAN_POINT('',(70.,-20.,-45.5));
#1519 = DIRECTION('',(0.,0.,-1.));
#1520 = DIRECTION('',(-1.,0.,0.));
#1521 = ORIENTED_EDGE('',*,*,#1507,.F.);
#1522 = ORIENTED_EDGE('',*,*,#1430,.T.);
#1523 = CYLINDRICAL_SURFACE('',#1524,1.25);
#1524 = AXIS2_PLACEMENT_3D('',#1525,#1526,#1527);
#1525 = CARTESIAN_POINT('',(70.,-20.,-38.9));
#1526 = DIRECTION('',(0.,0.,-1.));
#1527 = DIRECTION('',(-1.,0.,0.));
#1528 = ADVANCED_FACE('',(#1529),#1548,.F.);
#1529 = FACE_BOUND('',#1530,.F.);
#1530 = EDGE_LOOP('',(#1531,#1539,#1546,#1547));
#1531 = ORIENTED_EDGE('',*,*,#1532,.T.);
#1532 = EDGE_CURVE('',#1451,#1533,#1535,.T.);
#1533 = VERTEX_POINT('',#1534);
#1534 = CARTESIAN_POINT('',(-71.25,-20.,-45.5));
#1535 = LINE('',#1536,#1537);
#1536 = CARTESIAN_POINT('',(-71.25,-20.,-38.9));
#1537 = VECTOR('',#1538,1.);
#1538 = DIRECTION('',(0.,0.,-1.));
#1539 = ORIENTED_EDGE('',*,*,#1540,.F.);
#1540 = EDGE_CURVE('',#1533,#1533,#1541,.T.);
#1541 = CIRCLE('',#1542,1.25);
#1542 = AXIS2_PLACEMENT_3D('',#1543,#1544,#1545);
#1543 = CARTESIAN_POINT('',(-70.,-20.,-45.5));
#1544 = DIRECTION('',(0.,0.,-1.));
#1545 = DIRECTION('',(-1.,0.,0.));
#1546 = ORIENTED_EDGE('',*,*,#1532,.F.);
#1547 = ORIENTED_EDGE('',*,*,#1450,.T.);
#1548 = CYLINDRICAL_SURFACE('',#1549,1.25);
#1549 = AXIS2_PLACEMENT_3D('',#1550,#1551,#1552);
#1550 = CARTESIAN_POINT('',(-70.,-20.,-38.9));
#1551 = DIRECTION('',(0.,0.,-1.));
#1552 = DIRECTION('',(-1.,0.,0.));
#1553 = ADVANCED_FACE('',(#1554),#1573,.F.);
#1554 = FACE_BOUND('',#1555,.F.);
#1555 = EDGE_LOOP('',(#1556,#1564,#1571,#1572));
#1556 = ORIENTED_EDGE('',*,*,#1557,.T.);
#1557 = EDGE_CURVE('',#1471,#1558,#1560,.T.);
#1558 = VERTEX_POINT('',#1559);
#1559 = CARTESIAN_POINT('',(68.75,20.,-45.5));
#1560 = LINE('',#1561,#1562);
#1561 = CARTESIAN_POINT('',(68.75,20.,-38.9));
#1562 = VECTOR('',#1563,1.);
#1563 = DIRECTION('',(0.,0.,-1.));
#1564 = ORIENTED_EDGE('',*,*,#1565,.F.);
#1565 = EDGE_CURVE('',#1558,#1558,#1566,.T.);
#1566 = CIRCLE('',#1567,1.25);
#1567 = AXIS2_PLACEMENT_3D('',#1568,#1569,#1570);
#1568 = CARTESIAN_POINT('',(70.,20.,-45.5));
#1569 = DIRECTION('',(0.,0.,-1.));
#1570 = DIRECTION('',(-1.,0.,0.));
#1571 = ORIENTED_EDGE('',*,*,#1557,.F.);
#1572 = ORIENTED_EDGE('',*,*,#1470,.T.);
#1573 = CYLINDRICAL_SURFACE('',#1574,1.25);
#1574 = AXIS2_PLACEMENT_3D('',#1575,#1576,#1577);
#1575 = CARTESIAN_POINT('',(70.,20.,-38.9));
#1576 = DIRECTION('',(0.,0.,-1.));
#1577 = DIRECTION('',(-1.,0.,0.));
#1578 = ADVANCED_FACE('',(#1579),#1598,.F.);
#1579 = FACE_BOUND('',#1580,.F.);
#1580 = EDGE_LOOP('',(#1581,#1589,#1596,#1597));
#1581 = ORIENTED_EDGE('',*,*,#1582,.T.);
#1582 = EDGE_CURVE('',#1491,#1583,#1585,.T.);
#1583 = VERTEX_POINT('',#1584);
#1584 = CARTESIAN_POINT('',(-71.25,20.,-45.5));
#1585 = LINE('',#1586,#1587);
#1586 = CARTESIAN_POINT('',(-71.25,20.,-38.9));
#1587 = VECTOR('',#1588,1.);
#1588 = DIRECTION('',(0.,0.,-1.));
#1589 = ORIENTED_EDGE('',*,*,#1590,.F.);
#1590 = EDGE_CURVE('',#1583,#1583,#1591,.T.);
#1591 = CIRCLE('',#1592,1.25);
#1592 = AXIS2_PLACEMENT_3D('',#1593,#1594,#1595);
#1593 = CARTESIAN_POINT('',(-70.,20.,-45.5));
#1594 = DIRECTION('',(0.,0.,-1.));
#1595 = DIRECTION('',(-1.,0.,0.));
#1596 = ORIENTED_EDGE('',*,*,#1582,.F.);
#1597 = ORIENTED_EDGE('',*,*,#1490,.T.);
#1598 = CYLINDRICAL_SURFACE('',#1599,1.25);
#1599 = AXIS2_PLACEMENT_3D('',#1600,#1601,#1602);
#1600 = CARTESIAN_POINT('',(-70.,20.,-38.9));
#1601 = DIRECTION('',(0.,0.,-1.));
#1602 = DIRECTION('',(-1.,0.,0.));
#1603 = ADVANCED_FACE('',(#1604),#1616,.F.);
#1604 = FACE_BOUND('',#1605,.F.);
#1605 = EDGE_LOOP('',(#1606,#1614,#1615));
#1606 = ORIENTED_EDGE('',*,*,#1607,.F.);
#1607 = EDGE_CURVE('',#1508,#1608,#1610,.T.);
#1608 = VERTEX_POINT('',#1609);
#1609 = CARTESIAN_POINT('',(70.,-20.,-46.25107577378));
#1610 = LINE('',#1611,#1612);
#1611 = CARTESIAN_POINT('',(68.75,-20.,-45.5));
#1612 = VECTOR('',#1613,1.);
#1613 = DIRECTION('',(0.857167300702,2.1E-16,-0.51503807491));
#1614 = ORIENTED_EDGE('',*,*,#1515,.T.);
#1615 = ORIENTED_EDGE('',*,*,#1607,.T.);
#1616 = CONICAL_SURFACE('',#1617,1.25,1.029744258677);
#1617 = AXIS2_PLACEMENT_3D('',#1618,#1619,#1620);
#1618 = CARTESIAN_POINT('',(70.,-20.,-45.5));
#1619 = DIRECTION('',(0.,0.,1.));
#1620 = DIRECTION('',(-1.,0.,0.));
#1621 = ADVANCED_FACE('',(#1622),#1634,.F.);
#1622 = FACE_BOUND('',#1623,.F.);
#1623 = EDGE_LOOP('',(#1624,#1632,#1633));
#1624 = ORIENTED_EDGE('',*,*,#1625,.F.);
#1625 = EDGE_CURVE('',#1533,#1626,#1628,.T.);
#1626 = VERTEX_POINT('',#1627);
#1627 = CARTESIAN_POINT('',(-70.,-20.,-46.25107577378));
#1628 = LINE('',#1629,#1630);
#1629 = CARTESIAN_POINT('',(-71.25,-20.,-45.5));
#1630 = VECTOR('',#1631,1.);
#1631 = DIRECTION('',(0.857167300702,2.1E-16,-0.51503807491));
#1632 = ORIENTED_EDGE('',*,*,#1540,.T.);
#1633 = ORIENTED_EDGE('',*,*,#1625,.T.);
#1634 = CONICAL_SURFACE('',#1635,1.25,1.029744258677);
#1635 = AXIS2_PLACEMENT_3D('',#1636,#1637,#1638);
#1636 = CARTESIAN_POINT('',(-70.,-20.,-45.5));
#1637 = DIRECTION('',(0.,0.,1.));
#1638 = DIRECTION('',(-1.,0.,0.));
#1639 = ADVANCED_FACE('',(#1640),#1652,.F.);
#1640 = FACE_BOUND('',#1641,.F.);
#1641 = EDGE_LOOP('',(#1642,#1650,#1651));
#1642 = ORIENTED_EDGE('',*,*,#1643,.F.);
#1643 = EDGE_CURVE('',#1558,#1644,#1646,.T.);
#1644 = VERTEX_POINT('',#1645);
#1645 = CARTESIAN_POINT('',(70.,20.,-46.25107577378));
#1646 = LINE('',#1647,#1648);
#1647 = CARTESIAN_POINT('',(68.75,20.,-45.5));
#1648 = VECTOR('',#1649,1.);
#1649 = DIRECTION('',(0.857167300702,2.1E-16,-0.51503807491));
#1650 = ORIENTED_EDGE('',*,*,#1565,.T.);
#1651 = ORIENTED_EDGE('',*,*,#1643,.T.);
#1652 = CONICAL_SURFACE('',#1653,1.25,1.029744258677);
#1653 = AXIS2_PLACEMENT_3D('',#1654,#1655,#1656);
#1654 = CARTESIAN_POINT('',(70.,20.,-45.5));
#1655 = DIRECTION('',(0.,0.,1.));
#1656 = DIRECTION('',(-1.,0.,0.));
#1657 = ADVANCED_FACE('',(#1658),#1670,.F.);
#1658 = FACE_BOUND('',#1659,.F.);
#1659 = EDGE_LOOP('',(#1660,#1668,#1669));
#1660 = ORIENTED_EDGE('',*,*,#1661,.F.);
#1661 = EDGE_CURVE('',#1583,#1662,#1664,.T.);
#1662 = VERTEX_POINT('',#1663);
#1663 = CARTESIAN_POINT('',(-70.,20.,-46.25107577378));
#1664 = LINE('',#1665,#1666);
#1665 = CARTESIAN_POINT('',(-71.25,20.,-45.5));
#1666 = VECTOR('',#1667,1.);
#1667 = DIRECTION('',(0.857167300702,2.1E-16,-0.51503807491));
#1668 = ORIENTED_EDGE('',*,*,#1590,.T.);
#1669 = ORIENTED_EDGE('',*,*,#1661,.T.);
#1670 = CONICAL_SURFACE('',#1671,1.25,1.029744258677);
#1671 = AXIS2_PLACEMENT_3D('',#1672,#1673,#1674);
#1672 = CARTESIAN_POINT('',(-70.,20.,-45.5));
#1673 = DIRECTION('',(0.,0.,1.));
#1674 = DIRECTION('',(-1.,0.,0.));
#1675 = MANIFOLD_SOLID_BREP('',#1676);
#1676 = CLOSED_SHELL('',(#1677,#1710,#1735,#2217,#2406,#2428,#2445,#2529
    ,#2553,#2577,#2594,#2611,#2628,#2645,#2707,#2731,#2801,#2819,#2837,
    #2854,#2866,#2883,#2915,#2939,#2964,#2988,#3013,#3037,#3062,#3079,
    #3111,#3135,#3160,#3184,#3209,#3233,#3258,#3275,#3306,#3330,#3355,
    #3390,#3407,#3438,#3462,#3497,#3514,#3531,#3548,#3565,#3582,#3607,
    #3632,#3657,#3674,#3691,#3708,#3733,#3758,#3770,#3795,#3820,#3845,
    #3870,#3882,#3907,#3932,#3942,#3952,#3968,#3984,#3997,#4022,#4034,
    #4059,#4077,#4095,#4113,#4131,#4149,#4167,#4185,#4203,#4221));
#1677 = ADVANCED_FACE('',(#1678),#1705,.F.);
#1678 = FACE_BOUND('',#1679,.F.);
#1679 = EDGE_LOOP('',(#1680,#1689,#1697,#1704));
#1680 = ORIENTED_EDGE('',*,*,#1681,.T.);
#1681 = EDGE_CURVE('',#1682,#1682,#1684,.T.);
#1682 = VERTEX_POINT('',#1683);
#1683 = CARTESIAN_POINT('',(-82.,73.5,23.3));
#1684 = CIRCLE('',#1685,1.7);
#1685 = AXIS2_PLACEMENT_3D('',#1686,#1687,#1688);
#1686 = CARTESIAN_POINT('',(-82.,73.5,25.));
#1687 = DIRECTION('',(0.,-1.,0.));
#1688 = DIRECTION('',(0.,0.,-1.));
#1689 = ORIENTED_EDGE('',*,*,#1690,.T.);
#1690 = EDGE_CURVE('',#1682,#1691,#1693,.T.);
#1691 = VERTEX_POINT('',#1692);
#1692 = CARTESIAN_POINT('',(-82.,72.,23.3));
#1693 = LINE('',#1694,#1695);
#1694 = CARTESIAN_POINT('',(-82.,75.1,23.3));
#1695 = VECTOR('',#1696,1.);
#1696 = DIRECTION('',(0.,-1.,0.));
#1697 = ORIENTED_EDGE('',*,*,#1698,.F.);
#1698 = EDGE_CURVE('',#1691,#1691,#1699,.T.);
#1699 = CIRCLE('',#1700,1.7);
#1700 = AXIS2_PLACEMENT_3D('',#1701,#1702,#1703);
#1701 = CARTESIAN_POINT('',(-82.,72.,25.));
#1702 = DIRECTION('',(0.,-1.,0.));
#1703 = DIRECTION('',(0.,0.,-1.));
#1704 = ORIENTED_EDGE('',*,*,#1690,.F.);
#1705 = CYLINDRICAL_SURFACE('',#1706,1.7);
#1706 = AXIS2_PLACEMENT_3D('',#1707,#1708,#1709);
#1707 = CARTESIAN_POINT('',(-82.,75.1,25.));
#1708 = DIRECTION('',(0.,-1.,0.));
#1709 = DIRECTION('',(0.,0.,-1.));
#1710 = ADVANCED_FACE('',(#1711),#1730,.F.);
#1711 = FACE_BOUND('',#1712,.F.);
#1712 = EDGE_LOOP('',(#1713,#1714,#1722,#1729));
#1713 = ORIENTED_EDGE('',*,*,#1681,.F.);
#1714 = ORIENTED_EDGE('',*,*,#1715,.F.);
#1715 = EDGE_CURVE('',#1716,#1682,#1718,.T.);
#1716 = VERTEX_POINT('',#1717);
#1717 = CARTESIAN_POINT('',(-82.,75.,21.8));
#1718 = LINE('',#1719,#1720);
#1719 = CARTESIAN_POINT('',(-82.,75.,21.8));
#1720 = VECTOR('',#1721,1.);
#1721 = DIRECTION('',(1.7E-16,-0.707106781187,0.707106781187));
#1722 = ORIENTED_EDGE('',*,*,#1723,.T.);
#1723 = EDGE_CURVE('',#1716,#1716,#1724,.T.);
#1724 = CIRCLE('',#1725,3.2);
#1725 = AXIS2_PLACEMENT_3D('',#1726,#1727,#1728);
#1726 = CARTESIAN_POINT('',(-82.,75.,25.));
#1727 = DIRECTION('',(0.,-1.,0.));
#1728 = DIRECTION('',(0.,0.,-1.));
#1729 = ORIENTED_EDGE('',*,*,#1715,.T.);
#1730 = CONICAL_SURFACE('',#1731,3.2,0.785398163397);
#1731 = AXIS2_PLACEMENT_3D('',#1732,#1733,#1734);
#1732 = CARTESIAN_POINT('',(-82.,75.,25.));
#1733 = DIRECTION('',(0.,1.,0.));
#1734 = DIRECTION('',(0.,0.,-1.));
#1735 = ADVANCED_FACE('',(#1736,#1904,#1915,#1985,#2055,#2098,#2132,
    #2143,#2154,#2165,#2176,#2187,#2198,#2201),#2212,.T.);
#1736 = FACE_BOUND('',#1737,.T.);
#1737 = EDGE_LOOP('',(#1738,#1748,#1757,#1765,#1773,#1781,#1789,#1797,
    #1806,#1814,#1823,#1831,#1839,#1847,#1856,#1864,#1873,#1881,#1889,
    #1897));
#1738 = ORIENTED_EDGE('',*,*,#1739,.F.);
#1739 = EDGE_CURVE('',#1740,#1742,#1744,.T.);
#1740 = VERTEX_POINT('',#1741);
#1741 = CARTESIAN_POINT('',(-86.,72.,-42.));
#1742 = VERTEX_POINT('',#1743);
#1743 = CARTESIAN_POINT('',(-86.,72.,42.));
#1744 = LINE('',#1745,#1746);
#1745 = CARTESIAN_POINT('',(-86.,72.,-42.));
#1746 = VECTOR('',#1747,1.);
#1747 = DIRECTION('',(0.,0.,1.));
#1748 = ORIENTED_EDGE('',*,*,#1749,.T.);
#1749 = EDGE_CURVE('',#1740,#1750,#1752,.T.);
#1750 = VERTEX_POINT('',#1751);
#1751 = CARTESIAN_POINT('',(-81.,72.,-47.));
#1752 = CIRCLE('',#1753,5.);
#1753 = AXIS2_PLACEMENT_3D('',#1754,#1755,#1756);
#1754 = CARTESIAN_POINT('',(-81.,72.,-42.));
#1755 = DIRECTION('',(0.,-1.,0.));
#1756 = DIRECTION('',(1.,0.,0.));
#1757 = ORIENTED_EDGE('',*,*,#1758,.T.);
#1758 = EDGE_CURVE('',#1750,#1759,#1761,.T.);
#1759 = VERTEX_POINT('',#1760);
#1760 = CARTESIAN_POINT('',(-77.5,72.,-47.));
#1761 = LINE('',#1762,#1763);
#1762 = CARTESIAN_POINT('',(-81.,72.,-47.));
#1763 = VECTOR('',#1764,1.);
#1764 = DIRECTION('',(1.,0.,0.));
#1765 = ORIENTED_EDGE('',*,*,#1766,.T.);
#1766 = EDGE_CURVE('',#1759,#1767,#1769,.T.);
#1767 = VERTEX_POINT('',#1768);
#1768 = CARTESIAN_POINT('',(-77.5,72.,-39.));
#1769 = LINE('',#1770,#1771);
#1770 = CARTESIAN_POINT('',(-77.5,72.,-47.));
#1771 = VECTOR('',#1772,1.);
#1772 = DIRECTION('',(0.,0.,1.));
#1773 = ORIENTED_EDGE('',*,*,#1774,.T.);
#1774 = EDGE_CURVE('',#1767,#1775,#1777,.T.);
#1775 = VERTEX_POINT('',#1776);
#1776 = CARTESIAN_POINT('',(77.5,72.,-39.));
#1777 = LINE('',#1778,#1779);
#1778 = CARTESIAN_POINT('',(-77.5,72.,-39.));
#1779 = VECTOR('',#1780,1.);
#1780 = DIRECTION('',(1.,0.,0.));
#1781 = ORIENTED_EDGE('',*,*,#1782,.F.);
#1782 = EDGE_CURVE('',#1783,#1775,#1785,.T.);
#1783 = VERTEX_POINT('',#1784);
#1784 = CARTESIAN_POINT('',(77.5,72.,-47.));
#1785 = LINE('',#1786,#1787);
#1786 = CARTESIAN_POINT('',(77.5,72.,-47.));
#1787 = VECTOR('',#1788,1.);
#1788 = DIRECTION('',(0.,0.,1.));
#1789 = ORIENTED_EDGE('',*,*,#1790,.T.);
#1790 = EDGE_CURVE('',#1783,#1791,#1793,.T.);
#1791 = VERTEX_POINT('',#1792);
#1792 = CARTESIAN_POINT('',(81.,72.,-47.));
#1793 = LINE('',#1794,#1795);
#1794 = CARTESIAN_POINT('',(-81.,72.,-47.));
#1795 = VECTOR('',#1796,1.);
#1796 = DIRECTION('',(1.,0.,0.));
#1797 = ORIENTED_EDGE('',*,*,#1798,.T.);
#1798 = EDGE_CURVE('',#1791,#1799,#1801,.T.);
#1799 = VERTEX_POINT('',#1800);
#1800 = CARTESIAN_POINT('',(86.,72.,-42.));
#1801 = CIRCLE('',#1802,5.);
#1802 = AXIS2_PLACEMENT_3D('',#1803,#1804,#1805);
#1803 = CARTESIAN_POINT('',(81.,72.,-42.));
#1804 = DIRECTION('',(0.,-1.,0.));
#1805 = DIRECTION('',(1.,0.,0.));
#1806 = ORIENTED_EDGE('',*,*,#1807,.T.);
#1807 = EDGE_CURVE('',#1799,#1808,#1810,.T.);
#1808 = VERTEX_POINT('',#1809);
#1809 = CARTESIAN_POINT('',(86.,72.,42.));
#1810 = LINE('',#1811,#1812);
#1811 = CARTESIAN_POINT('',(86.,72.,-42.));
#1812 = VECTOR('',#1813,1.);
#1813 = DIRECTION('',(0.,0.,1.));
#1814 = ORIENTED_EDGE('',*,*,#1815,.T.);
#1815 = EDGE_CURVE('',#1808,#1816,#1818,.T.);
#1816 = VERTEX_POINT('',#1817);
#1817 = CARTESIAN_POINT('',(81.,72.,47.));
#1818 = CIRCLE('',#1819,5.);
#1819 = AXIS2_PLACEMENT_3D('',#1820,#1821,#1822);
#1820 = CARTESIAN_POINT('',(81.,72.,42.));
#1821 = DIRECTION('',(0.,-1.,0.));
#1822 = DIRECTION('',(1.,0.,0.));
#1823 = ORIENTED_EDGE('',*,*,#1824,.F.);
#1824 = EDGE_CURVE('',#1825,#1816,#1827,.T.);
#1825 = VERTEX_POINT('',#1826);
#1826 = CARTESIAN_POINT('',(77.5,72.,47.));
#1827 = LINE('',#1828,#1829);
#1828 = CARTESIAN_POINT('',(-81.,72.,47.));
#1829 = VECTOR('',#1830,1.);
#1830 = DIRECTION('',(1.,0.,0.));
#1831 = ORIENTED_EDGE('',*,*,#1832,.F.);
#1832 = EDGE_CURVE('',#1833,#1825,#1835,.T.);
#1833 = VERTEX_POINT('',#1834);
#1834 = CARTESIAN_POINT('',(77.5,72.,39.));
#1835 = LINE('',#1836,#1837);
#1836 = CARTESIAN_POINT('',(77.5,72.,39.));
#1837 = VECTOR('',#1838,1.);
#1838 = DIRECTION('',(0.,0.,1.));
#1839 = ORIENTED_EDGE('',*,*,#1840,.F.);
#1840 = EDGE_CURVE('',#1841,#1833,#1843,.T.);
#1841 = VERTEX_POINT('',#1842);
#1842 = CARTESIAN_POINT('',(48.,72.,39.));
#1843 = LINE('',#1844,#1845);
#1844 = CARTESIAN_POINT('',(-77.5,72.,39.));
#1845 = VECTOR('',#1846,1.);
#1846 = DIRECTION('',(1.,0.,0.));
#1847 = ORIENTED_EDGE('',*,*,#1848,.T.);
#1848 = EDGE_CURVE('',#1841,#1849,#1851,.T.);
#1849 = VERTEX_POINT('',#1850);
#1850 = CARTESIAN_POINT('',(42.,72.,39.));
#1851 = CIRCLE('',#1852,5.);
#1852 = AXIS2_PLACEMENT_3D('',#1853,#1854,#1855);
#1853 = CARTESIAN_POINT('',(45.,72.,35.));
#1854 = DIRECTION('',(0.,1.,0.));
#1855 = DIRECTION('',(0.,0.,1.));
#1856 = ORIENTED_EDGE('',*,*,#1857,.F.);
#1857 = EDGE_CURVE('',#1858,#1849,#1860,.T.);
#1858 = VERTEX_POINT('',#1859);
#1859 = CARTESIAN_POINT('',(-42.,72.,39.));
#1860 = LINE('',#1861,#1862);
#1861 = CARTESIAN_POINT('',(-77.5,72.,39.));
#1862 = VECTOR('',#1863,1.);
#1863 = DIRECTION('',(1.,0.,0.));
#1864 = ORIENTED_EDGE('',*,*,#1865,.T.);
#1865 = EDGE_CURVE('',#1858,#1866,#1868,.T.);
#1866 = VERTEX_POINT('',#1867);
#1867 = CARTESIAN_POINT('',(-48.,72.,39.));
#1868 = CIRCLE('',#1869,5.);
#1869 = AXIS2_PLACEMENT_3D('',#1870,#1871,#1872);
#1870 = CARTESIAN_POINT('',(-45.,72.,35.));
#1871 = DIRECTION('',(0.,1.,0.));
#1872 = DIRECTION('',(0.,0.,1.));
#1873 = ORIENTED_EDGE('',*,*,#1874,.F.);
#1874 = EDGE_CURVE('',#1875,#1866,#1877,.T.);
#1875 = VERTEX_POINT('',#1876);
#1876 = CARTESIAN_POINT('',(-77.5,72.,39.));
#1877 = LINE('',#1878,#1879);
#1878 = CARTESIAN_POINT('',(-77.5,72.,39.));
#1879 = VECTOR('',#1880,1.);
#1880 = DIRECTION('',(1.,0.,0.));
#1881 = ORIENTED_EDGE('',*,*,#1882,.T.);
#1882 = EDGE_CURVE('',#1875,#1883,#1885,.T.);
#1883 = VERTEX_POINT('',#1884);
#1884 = CARTESIAN_POINT('',(-77.5,72.,47.));
#1885 = LINE('',#1886,#1887);
#1886 = CARTESIAN_POINT('',(-77.5,72.,39.));
#1887 = VECTOR('',#1888,1.);
#1888 = DIRECTION('',(0.,0.,1.));
#1889 = ORIENTED_EDGE('',*,*,#1890,.F.);
#1890 = EDGE_CURVE('',#1891,#1883,#1893,.T.);
#1891 = VERTEX_POINT('',#1892);
#1892 = CARTESIAN_POINT('',(-81.,72.,47.));
#1893 = LINE('',#1894,#1895);
#1894 = CARTESIAN_POINT('',(-81.,72.,47.));
#1895 = VECTOR('',#1896,1.);
#1896 = DIRECTION('',(1.,0.,0.));
#1897 = ORIENTED_EDGE('',*,*,#1898,.T.);
#1898 = EDGE_CURVE('',#1891,#1742,#1899,.T.);
#1899 = CIRCLE('',#1900,5.);
#1900 = AXIS2_PLACEMENT_3D('',#1901,#1902,#1903);
#1901 = CARTESIAN_POINT('',(-81.,72.,42.));
#1902 = DIRECTION('',(0.,-1.,0.));
#1903 = DIRECTION('',(1.,0.,0.));
#1904 = FACE_BOUND('',#1905,.T.);
#1905 = EDGE_LOOP('',(#1906));
#1906 = ORIENTED_EDGE('',*,*,#1907,.T.);
#1907 = EDGE_CURVE('',#1908,#1908,#1910,.T.);
#1908 = VERTEX_POINT('',#1909);
#1909 = CARTESIAN_POINT('',(-8.E-15,72.,33.));
#1910 = CIRCLE('',#1911,33.);
#1911 = AXIS2_PLACEMENT_3D('',#1912,#1913,#1914);
#1912 = CARTESIAN_POINT('',(0.,72.,0.));
#1913 = DIRECTION('',(0.,1.,0.));
#1914 = DIRECTION('',(0.,0.,1.));
#1915 = FACE_BOUND('',#1916,.T.);
#1916 = EDGE_LOOP('',(#1917,#1928,#1936,#1945,#1953,#1962,#1970,#1979));
#1917 = ORIENTED_EDGE('',*,*,#1918,.F.);
#1918 = EDGE_CURVE('',#1919,#1921,#1923,.T.);
#1919 = VERTEX_POINT('',#1920);
#1920 = CARTESIAN_POINT('',(-78.,72.,-31.));
#1921 = VERTEX_POINT('',#1922);
#1922 = CARTESIAN_POINT('',(-75.,72.,-34.));
#1923 = CIRCLE('',#1924,3.);
#1924 = AXIS2_PLACEMENT_3D('',#1925,#1926,#1927);
#1925 = CARTESIAN_POINT('',(-75.,72.,-31.));
#1926 = DIRECTION('',(0.,-1.,1.1E-16));
#1927 = DIRECTION('',(1.,0.,0.));
#1928 = ORIENTED_EDGE('',*,*,#1929,.T.);
#1929 = EDGE_CURVE('',#1919,#1930,#1932,.T.);
#1930 = VERTEX_POINT('',#1931);
#1931 = CARTESIAN_POINT('',(-78.,72.,12.));
#1932 = LINE('',#1933,#1934);
#1933 = CARTESIAN_POINT('',(-78.,72.,-15.5));
#1934 = VECTOR('',#1935,1.);
#1935 = DIRECTION('',(0.,1.1E-16,1.));
#1936 = ORIENTED_EDGE('',*,*,#1937,.F.);
#1937 = EDGE_CURVE('',#1938,#1930,#1940,.T.);
#1938 = VERTEX_POINT('',#1939);
#1939 = CARTESIAN_POINT('',(-75.,72.,15.));
#1940 = CIRCLE('',#1941,3.);
#1941 = AXIS2_PLACEMENT_3D('',#1942,#1943,#1944);
#1942 = CARTESIAN_POINT('',(-75.,72.,12.));
#1943 = DIRECTION('',(0.,-1.,1.1E-16));
#1944 = DIRECTION('',(1.,0.,0.));
#1945 = ORIENTED_EDGE('',*,*,#1946,.F.);
#1946 = EDGE_CURVE('',#1947,#1938,#1949,.T.);
#1947 = VERTEX_POINT('',#1948);
#1948 = CARTESIAN_POINT('',(-42.,72.,15.));
#1949 = LINE('',#1950,#1951);
#1950 = CARTESIAN_POINT('',(-37.5,72.,15.));
#1951 = VECTOR('',#1952,1.);
#1952 = DIRECTION('',(-1.,0.,0.));
#1953 = ORIENTED_EDGE('',*,*,#1954,.F.);
#1954 = EDGE_CURVE('',#1955,#1947,#1957,.T.);
#1955 = VERTEX_POINT('',#1956);
#1956 = CARTESIAN_POINT('',(-39.,72.,12.));
#1957 = CIRCLE('',#1958,3.);
#1958 = AXIS2_PLACEMENT_3D('',#1959,#1960,#1961);
#1959 = CARTESIAN_POINT('',(-42.,72.,12.));
#1960 = DIRECTION('',(0.,-1.,1.1E-16));
#1961 = DIRECTION('',(1.,0.,0.));
#1962 = ORIENTED_EDGE('',*,*,#1963,.F.);
#1963 = EDGE_CURVE('',#1964,#1955,#1966,.T.);
#1964 = VERTEX_POINT('',#1965);
#1965 = CARTESIAN_POINT('',(-39.,72.,-31.));
#1966 = LINE('',#1967,#1968);
#1967 = CARTESIAN_POINT('',(-39.,72.,-15.5));
#1968 = VECTOR('',#1969,1.);
#1969 = DIRECTION('',(0.,1.1E-16,1.));
#1970 = ORIENTED_EDGE('',*,*,#1971,.F.);
#1971 = EDGE_CURVE('',#1972,#1964,#1974,.T.);
#1972 = VERTEX_POINT('',#1973);
#1973 = CARTESIAN_POINT('',(-42.,72.,-34.));
#1974 = CIRCLE('',#1975,3.);
#1975 = AXIS2_PLACEMENT_3D('',#1976,#1977,#1978);
#1976 = CARTESIAN_POINT('',(-42.,72.,-31.));
#1977 = DIRECTION('',(0.,-1.,1.1E-16));
#1978 = DIRECTION('',(1.,0.,0.));
#1979 = ORIENTED_EDGE('',*,*,#1980,.T.);
#1980 = EDGE_CURVE('',#1972,#1921,#1981,.T.);
#1981 = LINE('',#1982,#1983);
#1982 = CARTESIAN_POINT('',(-37.5,72.,-34.));
#1983 = VECTOR('',#1984,1.);
#1984 = DIRECTION('',(-1.,0.,0.));
#1985 = FACE_BOUND('',#1986,.T.);
#1986 = EDGE_LOOP('',(#1987,#1998,#2006,#2015,#2023,#2032,#2040,#2049));
#1987 = ORIENTED_EDGE('',*,*,#1988,.F.);
#1988 = EDGE_CURVE('',#1989,#1991,#1993,.T.);
#1989 = VERTEX_POINT('',#1990);
#1990 = CARTESIAN_POINT('',(39.,72.,-31.));
#1991 = VERTEX_POINT('',#1992);
#1992 = CARTESIAN_POINT('',(42.,72.,-34.));
#1993 = CIRCLE('',#1994,3.);
#1994 = AXIS2_PLACEMENT_3D('',#1995,#1996,#1997);
#1995 = CARTESIAN_POINT('',(42.,72.,-31.));
#1996 = DIRECTION('',(0.,-1.,1.1E-16));
#1997 = DIRECTION('',(1.,0.,0.));
#1998 = ORIENTED_EDGE('',*,*,#1999,.T.);
#1999 = EDGE_CURVE('',#1989,#2000,#2002,.T.);
#2000 = VERTEX_POINT('',#2001);
#2001 = CARTESIAN_POINT('',(39.,72.,12.));
#2002 = LINE('',#2003,#2004);
#2003 = CARTESIAN_POINT('',(39.,72.,-15.5));
#2004 = VECTOR('',#2005,1.);
#2005 = DIRECTION('',(0.,1.1E-16,1.));
#2006 = ORIENTED_EDGE('',*,*,#2007,.F.);
#2007 = EDGE_CURVE('',#2008,#2000,#2010,.T.);
#2008 = VERTEX_POINT('',#2009);
#2009 = CARTESIAN_POINT('',(42.,72.,15.));
#2010 = CIRCLE('',#2011,3.);
#2011 = AXIS2_PLACEMENT_3D('',#2012,#2013,#2014);
#2012 = CARTESIAN_POINT('',(42.,72.,12.));
#2013 = DIRECTION('',(0.,-1.,1.1E-16));
#2014 = DIRECTION('',(1.,0.,0.));
#2015 = ORIENTED_EDGE('',*,*,#2016,.F.);
#2016 = EDGE_CURVE('',#2017,#2008,#2019,.T.);
#2017 = VERTEX_POINT('',#2018);
#2018 = CARTESIAN_POINT('',(75.,72.,15.));
#2019 = LINE('',#2020,#2021);
#2020 = CARTESIAN_POINT('',(21.,72.,15.));
#2021 = VECTOR('',#2022,1.);
#2022 = DIRECTION('',(-1.,0.,0.));
#2023 = ORIENTED_EDGE('',*,*,#2024,.F.);
#2024 = EDGE_CURVE('',#2025,#2017,#2027,.T.);
#2025 = VERTEX_POINT('',#2026);
#2026 = CARTESIAN_POINT('',(78.,72.,12.));
#2027 = CIRCLE('',#2028,3.);
#2028 = AXIS2_PLACEMENT_3D('',#2029,#2030,#2031);
#2029 = CARTESIAN_POINT('',(75.,72.,12.));
#2030 = DIRECTION('',(0.,-1.,1.1E-16));
#2031 = DIRECTION('',(1.,0.,0.));
#2032 = ORIENTED_EDGE('',*,*,#2033,.F.);
#2033 = EDGE_CURVE('',#2034,#2025,#2036,.T.);
#2034 = VERTEX_POINT('',#2035);
#2035 = CARTESIAN_POINT('',(78.,72.,-31.));
#2036 = LINE('',#2037,#2038);
#2037 = CARTESIAN_POINT('',(78.,72.,-15.5));
#2038 = VECTOR('',#2039,1.);
#2039 = DIRECTION('',(0.,1.1E-16,1.));
#2040 = ORIENTED_EDGE('',*,*,#2041,.F.);
#2041 = EDGE_CURVE('',#2042,#2034,#2044,.T.);
#2042 = VERTEX_POINT('',#2043);
#2043 = CARTESIAN_POINT('',(75.,72.,-34.));
#2044 = CIRCLE('',#2045,3.);
#2045 = AXIS2_PLACEMENT_3D('',#2046,#2047,#2048);
#2046 = CARTESIAN_POINT('',(75.,72.,-31.));
#2047 = DIRECTION('',(0.,-1.,1.1E-16));
#2048 = DIRECTION('',(1.,0.,0.));
#2049 = ORIENTED_EDGE('',*,*,#2050,.T.);
#2050 = EDGE_CURVE('',#2042,#1991,#2051,.T.);
#2051 = LINE('',#2052,#2053);
#2052 = CARTESIAN_POINT('',(21.,72.,-34.));
#2053 = VECTOR('',#2054,1.);
#2054 = DIRECTION('',(-1.,0.,0.));
#2055 = FACE_BOUND('',#2056,.T.);
#2056 = EDGE_LOOP('',(#2057,#2067,#2075,#2084,#2092));
#2057 = ORIENTED_EDGE('',*,*,#2058,.F.);
#2058 = EDGE_CURVE('',#2059,#2061,#2063,.T.);
#2059 = VERTEX_POINT('',#2060);
#2060 = CARTESIAN_POINT('',(32.5,72.,22.));
#2061 = VERTEX_POINT('',#2062);
#2062 = CARTESIAN_POINT('',(43.5,72.,22.));
#2063 = LINE('',#2064,#2065);
#2064 = CARTESIAN_POINT('',(32.5,72.,22.));
#2065 = VECTOR('',#2066,1.);
#2066 = DIRECTION('',(1.,0.,0.));
#2067 = ORIENTED_EDGE('',*,*,#2068,.T.);
#2068 = EDGE_CURVE('',#2059,#2069,#2071,.T.);
#2069 = VERTEX_POINT('',#2070);
#2070 = CARTESIAN_POINT('',(32.5,72.,25.101020514434));
#2071 = LINE('',#2072,#2073);
#2072 = CARTESIAN_POINT('',(32.5,72.,22.));
#2073 = VECTOR('',#2074,1.);
#2074 = DIRECTION('',(0.,0.,1.));
#2075 = ORIENTED_EDGE('',*,*,#2076,.F.);
#2076 = EDGE_CURVE('',#2077,#2069,#2079,.T.);
#2077 = VERTEX_POINT('',#2078);
#2078 = CARTESIAN_POINT('',(35.5,72.,30.));
#2079 = CIRCLE('',#2080,5.5);
#2080 = AXIS2_PLACEMENT_3D('',#2081,#2082,#2083);
#2081 = CARTESIAN_POINT('',(30.,72.,30.));
#2082 = DIRECTION('',(0.,1.,0.));
#2083 = DIRECTION('',(0.,0.,1.));
#2084 = ORIENTED_EDGE('',*,*,#2085,.T.);
#2085 = EDGE_CURVE('',#2077,#2086,#2088,.T.);
#2086 = VERTEX_POINT('',#2087);
#2087 = CARTESIAN_POINT('',(43.5,72.,30.));
#2088 = LINE('',#2089,#2090);
#2089 = CARTESIAN_POINT('',(32.5,72.,30.));
#2090 = VECTOR('',#2091,1.);
#2091 = DIRECTION('',(1.,0.,0.));
#2092 = ORIENTED_EDGE('',*,*,#2093,.F.);
#2093 = EDGE_CURVE('',#2061,#2086,#2094,.T.);
#2094 = LINE('',#2095,#2096);
#2095 = CARTESIAN_POINT('',(43.5,72.,22.));
#2096 = VECTOR('',#2097,1.);
#2097 = DIRECTION('',(0.,0.,1.));
#2098 = FACE_BOUND('',#2099,.T.);
#2099 = EDGE_LOOP('',(#2100,#2110,#2118,#2126));
#2100 = ORIENTED_EDGE('',*,*,#2101,.F.);
#2101 = EDGE_CURVE('',#2102,#2104,#2106,.T.);
#2102 = VERTEX_POINT('',#2103);
#2103 = CARTESIAN_POINT('',(-77.5,72.,22.));
#2104 = VERTEX_POINT('',#2105);
#2105 = CARTESIAN_POINT('',(-68.5,72.,22.));
#2106 = LINE('',#2107,#2108);
#2107 = CARTESIAN_POINT('',(-77.5,72.,22.));
#2108 = VECTOR('',#2109,1.);
#2109 = DIRECTION('',(1.,0.,0.));
#2110 = ORIENTED_EDGE('',*,*,#2111,.T.);
#2111 = EDGE_CURVE('',#2102,#2112,#2114,.T.);
#2112 = VERTEX_POINT('',#2113);
#2113 = CARTESIAN_POINT('',(-77.5,72.,30.));
#2114 = LINE('',#2115,#2116);
#2115 = CARTESIAN_POINT('',(-77.5,72.,22.));
#2116 = VECTOR('',#2117,1.);
#2117 = DIRECTION('',(0.,0.,1.));
#2118 = ORIENTED_EDGE('',*,*,#2119,.T.);
#2119 = EDGE_CURVE('',#2112,#2120,#2122,.T.);
#2120 = VERTEX_POINT('',#2121);
#2121 = CARTESIAN_POINT('',(-68.5,72.,30.));
#2122 = LINE('',#2123,#2124);
#2123 = CARTESIAN_POINT('',(-77.5,72.,30.));
#2124 = VECTOR('',#2125,1.);
#2125 = DIRECTION('',(1.,0.,0.));
#2126 = ORIENTED_EDGE('',*,*,#2127,.F.);
#2127 = EDGE_CURVE('',#2104,#2120,#2128,.T.);
#2128 = LINE('',#2129,#2130);
#2129 = CARTESIAN_POINT('',(-68.5,72.,22.));
#2130 = VECTOR('',#2131,1.);
#2131 = DIRECTION('',(0.,0.,1.));
#2132 = FACE_BOUND('',#2133,.T.);
#2133 = EDGE_LOOP('',(#2134));
#2134 = ORIENTED_EDGE('',*,*,#2135,.T.);
#2135 = EDGE_CURVE('',#2136,#2136,#2138,.T.);
#2136 = VERTEX_POINT('',#2137);
#2137 = CARTESIAN_POINT('',(30.,72.,32.2));
#2138 = CIRCLE('',#2139,2.2);
#2139 = AXIS2_PLACEMENT_3D('',#2140,#2141,#2142);
#2140 = CARTESIAN_POINT('',(30.,72.,30.));
#2141 = DIRECTION('',(0.,1.,0.));
#2142 = DIRECTION('',(0.,0.,1.));
#2143 = FACE_BOUND('',#2144,.T.);
#2144 = EDGE_LOOP('',(#2145));
#2145 = ORIENTED_EDGE('',*,*,#2146,.T.);
#2146 = EDGE_CURVE('',#2147,#2147,#2149,.T.);
#2147 = VERTEX_POINT('',#2148);
#2148 = CARTESIAN_POINT('',(-30.,72.,-27.8));
#2149 = CIRCLE('',#2150,2.2);
#2150 = AXIS2_PLACEMENT_3D('',#2151,#2152,#2153);
#2151 = CARTESIAN_POINT('',(-30.,72.,-30.));
#2152 = DIRECTION('',(0.,1.,0.));
#2153 = DIRECTION('',(0.,0.,1.));
#2154 = FACE_BOUND('',#2155,.T.);
#2155 = EDGE_LOOP('',(#2156));
#2156 = ORIENTED_EDGE('',*,*,#2157,.T.);
#2157 = EDGE_CURVE('',#2158,#2158,#2160,.T.);
#2158 = VERTEX_POINT('',#2159);
#2159 = CARTESIAN_POINT('',(30.,72.,-27.8));
#2160 = CIRCLE('',#2161,2.2);
#2161 = AXIS2_PLACEMENT_3D('',#2162,#2163,#2164);
#2162 = CARTESIAN_POINT('',(30.,72.,-30.));
#2163 = DIRECTION('',(0.,1.,0.));
#2164 = DIRECTION('',(0.,0.,1.));
#2165 = FACE_BOUND('',#2166,.T.);
#2166 = EDGE_LOOP('',(#2167));
#2167 = ORIENTED_EDGE('',*,*,#2168,.T.);
#2168 = EDGE_CURVE('',#2169,#2169,#2171,.T.);
#2169 = VERTEX_POINT('',#2170);
#2170 = CARTESIAN_POINT('',(-30.,72.,32.2));
#2171 = CIRCLE('',#2172,2.2);
#2172 = AXIS2_PLACEMENT_3D('',#2173,#2174,#2175);
#2173 = CARTESIAN_POINT('',(-30.,72.,30.));
#2174 = DIRECTION('',(0.,1.,0.));
#2175 = DIRECTION('',(0.,0.,1.));
#2176 = FACE_BOUND('',#2177,.T.);
#2177 = EDGE_LOOP('',(#2178));
#2178 = ORIENTED_EDGE('',*,*,#2179,.F.);
#2179 = EDGE_CURVE('',#2180,#2180,#2182,.T.);
#2180 = VERTEX_POINT('',#2181);
#2181 = CARTESIAN_POINT('',(-82.,72.,-26.7));
#2182 = CIRCLE('',#2183,1.7);
#2183 = AXIS2_PLACEMENT_3D('',#2184,#2185,#2186);
#2184 = CARTESIAN_POINT('',(-82.,72.,-25.));
#2185 = DIRECTION('',(0.,-1.,0.));
#2186 = DIRECTION('',(0.,0.,-1.));
#2187 = FACE_BOUND('',#2188,.T.);
#2188 = EDGE_LOOP('',(#2189));
#2189 = ORIENTED_EDGE('',*,*,#2190,.F.);
#2190 = EDGE_CURVE('',#2191,#2191,#2193,.T.);
#2191 = VERTEX_POINT('',#2192);
#2192 = CARTESIAN_POINT('',(82.,72.,-26.7));
#2193 = CIRCLE('',#2194,1.7);
#2194 = AXIS2_PLACEMENT_3D('',#2195,#2196,#2197);
#2195 = CARTESIAN_POINT('',(82.,72.,-25.));
#2196 = DIRECTION('',(0.,-1.,0.));
#2197 = DIRECTION('',(0.,0.,-1.));
#2198 = FACE_BOUND('',#2199,.T.);
#2199 = EDGE_LOOP('',(#2200));
#2200 = ORIENTED_EDGE('',*,*,#1698,.F.);
#2201 = FACE_BOUND('',#2202,.T.);
#2202 = EDGE_LOOP('',(#2203));
#2203 = ORIENTED_EDGE('',*,*,#2204,.F.);
#2204 = EDGE_CURVE('',#2205,#2205,#2207,.T.);
#2205 = VERTEX_POINT('',#2206);
#2206 = CARTESIAN_POINT('',(82.,72.,23.3));
#2207 = CIRCLE('',#2208,1.7);
#2208 = AXIS2_PLACEMENT_3D('',#2209,#2210,#2211);
#2209 = CARTESIAN_POINT('',(82.,72.,25.));
#2210 = DIRECTION('',(0.,-1.,0.));
#2211 = DIRECTION('',(0.,0.,-1.));
#2212 = PLANE('',#2213);
#2213 = AXIS2_PLACEMENT_3D('',#2214,#2215,#2216);
#2214 = CARTESIAN_POINT('',(-2.1E-15,72.,1.779065229211));
#2215 = DIRECTION('',(-0.,-1.,-0.));
#2216 = DIRECTION('',(0.,0.,-1.));
#2217 = ADVANCED_FACE('',(#2218,#2288,#2299,#2310,#2321,#2332,#2343,
    #2354,#2365,#2376,#2387,#2390),#2401,.T.);
#2218 = FACE_BOUND('',#2219,.T.);
#2219 = EDGE_LOOP('',(#2220,#2231,#2239,#2248,#2256,#2265,#2273,#2282));
#2220 = ORIENTED_EDGE('',*,*,#2221,.F.);
#2221 = EDGE_CURVE('',#2222,#2224,#2226,.T.);
#2222 = VERTEX_POINT('',#2223);
#2223 = CARTESIAN_POINT('',(-86.,75.,-42.));
#2224 = VERTEX_POINT('',#2225);
#2225 = CARTESIAN_POINT('',(-81.,75.,-47.));
#2226 = CIRCLE('',#2227,5.);
#2227 = AXIS2_PLACEMENT_3D('',#2228,#2229,#2230);
#2228 = CARTESIAN_POINT('',(-81.,75.,-42.));
#2229 = DIRECTION('',(0.,-1.,0.));
#2230 = DIRECTION('',(1.,0.,0.));
#2231 = ORIENTED_EDGE('',*,*,#2232,.T.);
#2232 = EDGE_CURVE('',#2222,#2233,#2235,.T.);
#2233 = VERTEX_POINT('',#2234);
#2234 = CARTESIAN_POINT('',(-86.,75.,42.));
#2235 = LINE('',#2236,#2237);
#2236 = CARTESIAN_POINT('',(-86.,75.,-42.));
#2237 = VECTOR('',#2238,1.);
#2238 = DIRECTION('',(0.,0.,1.));
#2239 = ORIENTED_EDGE('',*,*,#2240,.F.);
#2240 = EDGE_CURVE('',#2241,#2233,#2243,.T.);
#2241 = VERTEX_POINT('',#2242);
#2242 = CARTESIAN_POINT('',(-81.,75.,47.));
#2243 = CIRCLE('',#2244,5.);
#2244 = AXIS2_PLACEMENT_3D('',#2245,#2246,#2247);
#2245 = CARTESIAN_POINT('',(-81.,75.,42.));
#2246 = DIRECTION('',(0.,-1.,0.));
#2247 = DIRECTION('',(1.,0.,0.));
#2248 = ORIENTED_EDGE('',*,*,#2249,.T.);
#2249 = EDGE_CURVE('',#2241,#2250,#2252,.T.);
#2250 = VERTEX_POINT('',#2251);
#2251 = CARTESIAN_POINT('',(81.,75.,47.));
#2252 = LINE('',#2253,#2254);
#2253 = CARTESIAN_POINT('',(-81.,75.,47.));
#2254 = VECTOR('',#2255,1.);
#2255 = DIRECTION('',(1.,0.,0.));
#2256 = ORIENTED_EDGE('',*,*,#2257,.F.);
#2257 = EDGE_CURVE('',#2258,#2250,#2260,.T.);
#2258 = VERTEX_POINT('',#2259);
#2259 = CARTESIAN_POINT('',(86.,75.,42.));
#2260 = CIRCLE('',#2261,5.);
#2261 = AXIS2_PLACEMENT_3D('',#2262,#2263,#2264);
#2262 = CARTESIAN_POINT('',(81.,75.,42.));
#2263 = DIRECTION('',(0.,-1.,0.));
#2264 = DIRECTION('',(1.,0.,0.));
#2265 = ORIENTED_EDGE('',*,*,#2266,.F.);
#2266 = EDGE_CURVE('',#2267,#2258,#2269,.T.);
#2267 = VERTEX_POINT('',#2268);
#2268 = CARTESIAN_POINT('',(86.,75.,-42.));
#2269 = LINE('',#2270,#2271);
#2270 = CARTESIAN_POINT('',(86.,75.,-42.));
#2271 = VECTOR('',#2272,1.);
#2272 = DIRECTION('',(0.,0.,1.));
#2273 = ORIENTED_EDGE('',*,*,#2274,.F.);
#2274 = EDGE_CURVE('',#2275,#2267,#2277,.T.);
#2275 = VERTEX_POINT('',#2276);
#2276 = CARTESIAN_POINT('',(81.,75.,-47.));
#2277 = CIRCLE('',#2278,5.);
#2278 = AXIS2_PLACEMENT_3D('',#2279,#2280,#2281);
#2279 = CARTESIAN_POINT('',(81.,75.,-42.));
#2280 = DIRECTION('',(0.,-1.,0.));
#2281 = DIRECTION('',(1.,0.,0.));
#2282 = ORIENTED_EDGE('',*,*,#2283,.F.);
#2283 = EDGE_CURVE('',#2224,#2275,#2284,.T.);
#2284 = LINE('',#2285,#2286);
#2285 = CARTESIAN_POINT('',(-81.,75.,-47.));
#2286 = VECTOR('',#2287,1.);
#2287 = DIRECTION('',(1.,0.,0.));
#2288 = FACE_BOUND('',#2289,.T.);
#2289 = EDGE_LOOP('',(#2290));
#2290 = ORIENTED_EDGE('',*,*,#2291,.T.);
#2291 = EDGE_CURVE('',#2292,#2292,#2294,.T.);
#2292 = VERTEX_POINT('',#2293);
#2293 = CARTESIAN_POINT('',(82.,75.,-28.2));
#2294 = CIRCLE('',#2295,3.2);
#2295 = AXIS2_PLACEMENT_3D('',#2296,#2297,#2298);
#2296 = CARTESIAN_POINT('',(82.,75.,-25.));
#2297 = DIRECTION('',(0.,-1.,0.));
#2298 = DIRECTION('',(0.,0.,-1.));
#2299 = FACE_BOUND('',#2300,.T.);
#2300 = EDGE_LOOP('',(#2301));
#2301 = ORIENTED_EDGE('',*,*,#2302,.F.);
#2302 = EDGE_CURVE('',#2303,#2303,#2305,.T.);
#2303 = VERTEX_POINT('',#2304);
#2304 = CARTESIAN_POINT('',(30.,75.,-27.8));
#2305 = CIRCLE('',#2306,2.2);
#2306 = AXIS2_PLACEMENT_3D('',#2307,#2308,#2309);
#2307 = CARTESIAN_POINT('',(30.,75.,-30.));
#2308 = DIRECTION('',(0.,1.,0.));
#2309 = DIRECTION('',(0.,0.,1.));
#2310 = FACE_BOUND('',#2311,.T.);
#2311 = EDGE_LOOP('',(#2312));
#2312 = ORIENTED_EDGE('',*,*,#2313,.F.);
#2313 = EDGE_CURVE('',#2314,#2314,#2316,.T.);
#2314 = VERTEX_POINT('',#2315);
#2315 = CARTESIAN_POINT('',(-30.,75.,-27.8));
#2316 = CIRCLE('',#2317,2.2);
#2317 = AXIS2_PLACEMENT_3D('',#2318,#2319,#2320);
#2318 = CARTESIAN_POINT('',(-30.,75.,-30.));
#2319 = DIRECTION('',(0.,1.,0.));
#2320 = DIRECTION('',(0.,0.,1.));
#2321 = FACE_BOUND('',#2322,.T.);
#2322 = EDGE_LOOP('',(#2323));
#2323 = ORIENTED_EDGE('',*,*,#2324,.T.);
#2324 = EDGE_CURVE('',#2325,#2325,#2327,.T.);
#2325 = VERTEX_POINT('',#2326);
#2326 = CARTESIAN_POINT('',(-82.,75.,-28.2));
#2327 = CIRCLE('',#2328,3.2);
#2328 = AXIS2_PLACEMENT_3D('',#2329,#2330,#2331);
#2329 = CARTESIAN_POINT('',(-82.,75.,-25.));
#2330 = DIRECTION('',(0.,-1.,0.));
#2331 = DIRECTION('',(0.,0.,-1.));
#2332 = FACE_BOUND('',#2333,.T.);
#2333 = EDGE_LOOP('',(#2334));
#2334 = ORIENTED_EDGE('',*,*,#2335,.F.);
#2335 = EDGE_CURVE('',#2336,#2336,#2338,.T.);
#2336 = VERTEX_POINT('',#2337);
#2337 = CARTESIAN_POINT('',(-8.E-15,75.,33.));
#2338 = CIRCLE('',#2339,33.);
#2339 = AXIS2_PLACEMENT_3D('',#2340,#2341,#2342);
#2340 = CARTESIAN_POINT('',(0.,75.,0.));
#2341 = DIRECTION('',(0.,1.,0.));
#2342 = DIRECTION('',(0.,0.,1.));
#2343 = FACE_BOUND('',#2344,.T.);
#2344 = EDGE_LOOP('',(#2345));
#2345 = ORIENTED_EDGE('',*,*,#2346,.T.);
#2346 = EDGE_CURVE('',#2347,#2347,#2349,.T.);
#2347 = VERTEX_POINT('',#2348);
#2348 = CARTESIAN_POINT('',(82.,75.,21.8));
#2349 = CIRCLE('',#2350,3.2);
#2350 = AXIS2_PLACEMENT_3D('',#2351,#2352,#2353);
#2351 = CARTESIAN_POINT('',(82.,75.,25.));
#2352 = DIRECTION('',(0.,-1.,0.));
#2353 = DIRECTION('',(0.,0.,-1.));
#2354 = FACE_BOUND('',#2355,.T.);
#2355 = EDGE_LOOP('',(#2356));
#2356 = ORIENTED_EDGE('',*,*,#2357,.T.);
#2357 = EDGE_CURVE('',#2358,#2358,#2360,.T.);
#2358 = VERTEX_POINT('',#2359);
#2359 = CARTESIAN_POINT('',(45.,75.,33.75));
#2360 = CIRCLE('',#2361,1.25);
#2361 = AXIS2_PLACEMENT_3D('',#2362,#2363,#2364);
#2362 = CARTESIAN_POINT('',(45.,75.,35.));
#2363 = DIRECTION('',(0.,-1.,0.));
#2364 = DIRECTION('',(0.,0.,-1.));
#2365 = FACE_BOUND('',#2366,.T.);
#2366 = EDGE_LOOP('',(#2367));
#2367 = ORIENTED_EDGE('',*,*,#2368,.F.);
#2368 = EDGE_CURVE('',#2369,#2369,#2371,.T.);
#2369 = VERTEX_POINT('',#2370);
#2370 = CARTESIAN_POINT('',(30.,75.,32.2));
#2371 = CIRCLE('',#2372,2.2);
#2372 = AXIS2_PLACEMENT_3D('',#2373,#2374,#2375);
#2373 = CARTESIAN_POINT('',(30.,75.,30.));
#2374 = DIRECTION('',(0.,1.,0.));
#2375 = DIRECTION('',(0.,0.,1.));
#2376 = FACE_BOUND('',#2377,.T.);
#2377 = EDGE_LOOP('',(#2378));
#2378 = ORIENTED_EDGE('',*,*,#2379,.F.);
#2379 = EDGE_CURVE('',#2380,#2380,#2382,.T.);
#2380 = VERTEX_POINT('',#2381);
#2381 = CARTESIAN_POINT('',(-30.,75.,32.2));
#2382 = CIRCLE('',#2383,2.2);
#2383 = AXIS2_PLACEMENT_3D('',#2384,#2385,#2386);
#2384 = CARTESIAN_POINT('',(-30.,75.,30.));
#2385 = DIRECTION('',(0.,1.,0.));
#2386 = DIRECTION('',(0.,0.,1.));
#2387 = FACE_BOUND('',#2388,.T.);
#2388 = EDGE_LOOP('',(#2389));
#2389 = ORIENTED_EDGE('',*,*,#1723,.T.);
#2390 = FACE_BOUND('',#2391,.T.);
#2391 = EDGE_LOOP('',(#2392));
#2392 = ORIENTED_EDGE('',*,*,#2393,.T.);
#2393 = EDGE_CURVE('',#2394,#2394,#2396,.T.);
#2394 = VERTEX_POINT('',#2395);
#2395 = CARTESIAN_POINT('',(-45.,75.,33.75));
#2396 = CIRCLE('',#2397,1.25);
#2397 = AXIS2_PLACEMENT_3D('',#2398,#2399,#2400);
#2398 = CARTESIAN_POINT('',(-45.,75.,35.));
#2399 = DIRECTION('',(0.,-1.,0.));
#2400 = DIRECTION('',(0.,0.,-1.));
#2401 = PLANE('',#2402);
#2402 = AXIS2_PLACEMENT_3D('',#2403,#2404,#2405);
#2403 = CARTESIAN_POINT('',(1.74E-15,75.,0.));
#2404 = DIRECTION('',(-0.,1.,-0.));
#2405 = DIRECTION('',(-1.,0.,0.));
#2406 = ADVANCED_FACE('',(#2407),#2423,.F.);
#2407 = FACE_BOUND('',#2408,.F.);
#2408 = EDGE_LOOP('',(#2409,#2415,#2416,#2422));
#2409 = ORIENTED_EDGE('',*,*,#2410,.F.);
#2410 = EDGE_CURVE('',#2222,#1740,#2411,.T.);
#2411 = LINE('',#2412,#2413);
#2412 = CARTESIAN_POINT('',(-86.,75.,-42.));
#2413 = VECTOR('',#2414,1.);
#2414 = DIRECTION('',(0.,-1.,0.));
#2415 = ORIENTED_EDGE('',*,*,#2232,.T.);
#2416 = ORIENTED_EDGE('',*,*,#2417,.T.);
#2417 = EDGE_CURVE('',#2233,#1742,#2418,.T.);
#2418 = LINE('',#2419,#2420);
#2419 = CARTESIAN_POINT('',(-86.,75.,42.));
#2420 = VECTOR('',#2421,1.);
#2421 = DIRECTION('',(0.,-1.,0.));
#2422 = ORIENTED_EDGE('',*,*,#1739,.F.);
#2423 = PLANE('',#2424);
#2424 = AXIS2_PLACEMENT_3D('',#2425,#2426,#2427);
#2425 = CARTESIAN_POINT('',(-86.,75.,-42.));
#2426 = DIRECTION('',(1.,0.,0.));
#2427 = DIRECTION('',(0.,-1.,0.));
#2428 = ADVANCED_FACE('',(#2429),#2440,.T.);
#2429 = FACE_BOUND('',#2430,.T.);
#2430 = EDGE_LOOP('',(#2431,#2432,#2433,#2434));
#2431 = ORIENTED_EDGE('',*,*,#1749,.F.);
#2432 = ORIENTED_EDGE('',*,*,#2410,.F.);
#2433 = ORIENTED_EDGE('',*,*,#2221,.T.);
#2434 = ORIENTED_EDGE('',*,*,#2435,.T.);
#2435 = EDGE_CURVE('',#2224,#1750,#2436,.T.);
#2436 = LINE('',#2437,#2438);
#2437 = CARTESIAN_POINT('',(-81.,75.,-47.));
#2438 = VECTOR('',#2439,1.);
#2439 = DIRECTION('',(0.,-1.,0.));
#2440 = CYLINDRICAL_SURFACE('',#2441,5.);
#2441 = AXIS2_PLACEMENT_3D('',#2442,#2443,#2444);
#2442 = CARTESIAN_POINT('',(-81.,75.,-42.));
#2443 = DIRECTION('',(0.,-1.,0.));
#2444 = DIRECTION('',(1.,0.,0.));
#2445 = ADVANCED_FACE('',(#2446,#2480,#2491,#2502,#2513),#2524,.T.);
#2446 = FACE_BOUND('',#2447,.T.);
#2447 = EDGE_LOOP('',(#2448,#2449,#2455,#2456,#2464,#2472,#2478,#2479));
#2448 = ORIENTED_EDGE('',*,*,#2283,.T.);
#2449 = ORIENTED_EDGE('',*,*,#2450,.T.);
#2450 = EDGE_CURVE('',#2275,#1791,#2451,.T.);
#2451 = LINE('',#2452,#2453);
#2452 = CARTESIAN_POINT('',(81.,75.,-47.));
#2453 = VECTOR('',#2454,1.);
#2454 = DIRECTION('',(0.,-1.,0.));
#2455 = ORIENTED_EDGE('',*,*,#1790,.F.);
#2456 = ORIENTED_EDGE('',*,*,#2457,.F.);
#2457 = EDGE_CURVE('',#2458,#1783,#2460,.T.);
#2458 = VERTEX_POINT('',#2459);
#2459 = CARTESIAN_POINT('',(77.5,61.,-47.));
#2460 = LINE('',#2461,#2462);
#2461 = CARTESIAN_POINT('',(77.5,61.,-47.));
#2462 = VECTOR('',#2463,1.);
#2463 = DIRECTION('',(0.,1.,0.));
#2464 = ORIENTED_EDGE('',*,*,#2465,.F.);
#2465 = EDGE_CURVE('',#2466,#2458,#2468,.T.);
#2466 = VERTEX_POINT('',#2467);
#2467 = CARTESIAN_POINT('',(-77.5,61.,-47.));
#2468 = LINE('',#2469,#2470);
#2469 = CARTESIAN_POINT('',(-77.5,61.,-47.));
#2470 = VECTOR('',#2471,1.);
#2471 = DIRECTION('',(1.,0.,0.));
#2472 = ORIENTED_EDGE('',*,*,#2473,.T.);
#2473 = EDGE_CURVE('',#2466,#1759,#2474,.T.);
#2474 = LINE('',#2475,#2476);
#2475 = CARTESIAN_POINT('',(-77.5,61.,-47.));
#2476 = VECTOR('',#2477,1.);
#2477 = DIRECTION('',(0.,1.,0.));
#2478 = ORIENTED_EDGE('',*,*,#1758,.F.);
#2479 = ORIENTED_EDGE('',*,*,#2435,.F.);
#2480 = FACE_BOUND('',#2481,.T.);
#2481 = EDGE_LOOP('',(#2482));
#2482 = ORIENTED_EDGE('',*,*,#2483,.T.);
#2483 = EDGE_CURVE('',#2484,#2484,#2486,.T.);
#2484 = VERTEX_POINT('',#2485);
#2485 = CARTESIAN_POINT('',(71.25,67.,-47.));
#2486 = CIRCLE('',#2487,1.25);
#2487 = AXIS2_PLACEMENT_3D('',#2488,#2489,#2490);
#2488 = CARTESIAN_POINT('',(70.,67.,-47.));
#2489 = DIRECTION('',(0.,0.,1.));
#2490 = DIRECTION('',(1.,0.,0.));
#2491 = FACE_BOUND('',#2492,.T.);
#2492 = EDGE_LOOP('',(#2493));
#2493 = ORIENTED_EDGE('',*,*,#2494,.T.);
#2494 = EDGE_CURVE('',#2495,#2495,#2497,.T.);
#2495 = VERTEX_POINT('',#2496);
#2496 = CARTESIAN_POINT('',(36.25,67.,-47.));
#2497 = CIRCLE('',#2498,1.25);
#2498 = AXIS2_PLACEMENT_3D('',#2499,#2500,#2501);
#2499 = CARTESIAN_POINT('',(35.,67.,-47.));
#2500 = DIRECTION('',(0.,0.,1.));
#2501 = DIRECTION('',(1.,0.,0.));
#2502 = FACE_BOUND('',#2503,.T.);
#2503 = EDGE_LOOP('',(#2504));
#2504 = ORIENTED_EDGE('',*,*,#2505,.T.);
#2505 = EDGE_CURVE('',#2506,#2506,#2508,.T.);
#2506 = VERTEX_POINT('',#2507);
#2507 = CARTESIAN_POINT('',(-33.75,67.,-47.));
#2508 = CIRCLE('',#2509,1.25);
#2509 = AXIS2_PLACEMENT_3D('',#2510,#2511,#2512);
#2510 = CARTESIAN_POINT('',(-35.,67.,-47.));
#2511 = DIRECTION('',(0.,0.,1.));
#2512 = DIRECTION('',(1.,0.,0.));
#2513 = FACE_BOUND('',#2514,.T.);
#2514 = EDGE_LOOP('',(#2515));
#2515 = ORIENTED_EDGE('',*,*,#2516,.T.);
#2516 = EDGE_CURVE('',#2517,#2517,#2519,.T.);
#2517 = VERTEX_POINT('',#2518);
#2518 = CARTESIAN_POINT('',(-68.75,67.,-47.));
#2519 = CIRCLE('',#2520,1.25);
#2520 = AXIS2_PLACEMENT_3D('',#2521,#2522,#2523);
#2521 = CARTESIAN_POINT('',(-70.,67.,-47.));
#2522 = DIRECTION('',(0.,0.,1.));
#2523 = DIRECTION('',(1.,0.,0.));
#2524 = PLANE('',#2525);
#2525 = AXIS2_PLACEMENT_3D('',#2526,#2527,#2528);
#2526 = CARTESIAN_POINT('',(0.,68.21875,-47.));
#2527 = DIRECTION('',(-0.,-0.,-1.));
#2528 = DIRECTION('',(-1.,0.,0.));
#2529 = ADVANCED_FACE('',(#2530),#2548,.F.);
#2530 = FACE_BOUND('',#2531,.F.);
#2531 = EDGE_LOOP('',(#2532,#2540,#2541,#2542));
#2532 = ORIENTED_EDGE('',*,*,#2533,.F.);
#2533 = EDGE_CURVE('',#2466,#2534,#2536,.T.);
#2534 = VERTEX_POINT('',#2535);
#2535 = CARTESIAN_POINT('',(-77.5,61.,-39.));
#2536 = LINE('',#2537,#2538);
#2537 = CARTESIAN_POINT('',(-77.5,61.,-47.));
#2538 = VECTOR('',#2539,1.);
#2539 = DIRECTION('',(0.,0.,1.));
#2540 = ORIENTED_EDGE('',*,*,#2473,.T.);
#2541 = ORIENTED_EDGE('',*,*,#1766,.T.);
#2542 = ORIENTED_EDGE('',*,*,#2543,.F.);
#2543 = EDGE_CURVE('',#2534,#1767,#2544,.T.);
#2544 = LINE('',#2545,#2546);
#2545 = CARTESIAN_POINT('',(-77.5,61.,-39.));
#2546 = VECTOR('',#2547,1.);
#2547 = DIRECTION('',(0.,1.,0.));
#2548 = PLANE('',#2549);
#2549 = AXIS2_PLACEMENT_3D('',#2550,#2551,#2552);
#2550 = CARTESIAN_POINT('',(-77.5,61.,-47.));
#2551 = DIRECTION('',(1.,0.,0.));
#2552 = DIRECTION('',(0.,0.,1.));
#2553 = ADVANCED_FACE('',(#2554),#2572,.T.);
#2554 = FACE_BOUND('',#2555,.T.);
#2555 = EDGE_LOOP('',(#2556,#2557,#2565,#2571));
#2556 = ORIENTED_EDGE('',*,*,#2543,.F.);
#2557 = ORIENTED_EDGE('',*,*,#2558,.T.);
#2558 = EDGE_CURVE('',#2534,#2559,#2561,.T.);
#2559 = VERTEX_POINT('',#2560);
#2560 = CARTESIAN_POINT('',(77.5,61.,-39.));
#2561 = LINE('',#2562,#2563);
#2562 = CARTESIAN_POINT('',(-77.5,61.,-39.));
#2563 = VECTOR('',#2564,1.);
#2564 = DIRECTION('',(1.,0.,0.));
#2565 = ORIENTED_EDGE('',*,*,#2566,.T.);
#2566 = EDGE_CURVE('',#2559,#1775,#2567,.T.);
#2567 = LINE('',#2568,#2569);
#2568 = CARTESIAN_POINT('',(77.5,61.,-39.));
#2569 = VECTOR('',#2570,1.);
#2570 = DIRECTION('',(0.,1.,0.));
#2571 = ORIENTED_EDGE('',*,*,#1774,.F.);
#2572 = PLANE('',#2573);
#2573 = AXIS2_PLACEMENT_3D('',#2574,#2575,#2576);
#2574 = CARTESIAN_POINT('',(-77.5,61.,-39.));
#2575 = DIRECTION('',(0.,0.,1.));
#2576 = DIRECTION('',(1.,0.,0.));
#2577 = ADVANCED_FACE('',(#2578),#2589,.T.);
#2578 = FACE_BOUND('',#2579,.T.);
#2579 = EDGE_LOOP('',(#2580,#2586,#2587,#2588));
#2580 = ORIENTED_EDGE('',*,*,#2581,.F.);
#2581 = EDGE_CURVE('',#2458,#2559,#2582,.T.);
#2582 = LINE('',#2583,#2584);
#2583 = CARTESIAN_POINT('',(77.5,61.,-47.));
#2584 = VECTOR('',#2585,1.);
#2585 = DIRECTION('',(0.,0.,1.));
#2586 = ORIENTED_EDGE('',*,*,#2457,.T.);
#2587 = ORIENTED_EDGE('',*,*,#1782,.T.);
#2588 = ORIENTED_EDGE('',*,*,#2566,.F.);
#2589 = PLANE('',#2590);
#2590 = AXIS2_PLACEMENT_3D('',#2591,#2592,#2593);
#2591 = CARTESIAN_POINT('',(77.5,61.,-47.));
#2592 = DIRECTION('',(1.,0.,0.));
#2593 = DIRECTION('',(0.,0.,1.));
#2594 = ADVANCED_FACE('',(#2595),#2606,.T.);
#2595 = FACE_BOUND('',#2596,.T.);
#2596 = EDGE_LOOP('',(#2597,#2598,#2599,#2600));
#2597 = ORIENTED_EDGE('',*,*,#1798,.F.);
#2598 = ORIENTED_EDGE('',*,*,#2450,.F.);
#2599 = ORIENTED_EDGE('',*,*,#2274,.T.);
#2600 = ORIENTED_EDGE('',*,*,#2601,.T.);
#2601 = EDGE_CURVE('',#2267,#1799,#2602,.T.);
#2602 = LINE('',#2603,#2604);
#2603 = CARTESIAN_POINT('',(86.,75.,-42.));
#2604 = VECTOR('',#2605,1.);
#2605 = DIRECTION('',(0.,-1.,0.));
#2606 = CYLINDRICAL_SURFACE('',#2607,5.);
#2607 = AXIS2_PLACEMENT_3D('',#2608,#2609,#2610);
#2608 = CARTESIAN_POINT('',(81.,75.,-42.));
#2609 = DIRECTION('',(0.,-1.,0.));
#2610 = DIRECTION('',(1.,0.,0.));
#2611 = ADVANCED_FACE('',(#2612),#2623,.T.);
#2612 = FACE_BOUND('',#2613,.T.);
#2613 = EDGE_LOOP('',(#2614,#2615,#2616,#2622));
#2614 = ORIENTED_EDGE('',*,*,#2601,.F.);
#2615 = ORIENTED_EDGE('',*,*,#2266,.T.);
#2616 = ORIENTED_EDGE('',*,*,#2617,.T.);
#2617 = EDGE_CURVE('',#2258,#1808,#2618,.T.);
#2618 = LINE('',#2619,#2620);
#2619 = CARTESIAN_POINT('',(86.,75.,42.));
#2620 = VECTOR('',#2621,1.);
#2621 = DIRECTION('',(0.,-1.,0.));
#2622 = ORIENTED_EDGE('',*,*,#1807,.F.);
#2623 = PLANE('',#2624);
#2624 = AXIS2_PLACEMENT_3D('',#2625,#2626,#2627);
#2625 = CARTESIAN_POINT('',(86.,75.,-42.));
#2626 = DIRECTION('',(1.,0.,0.));
#2627 = DIRECTION('',(0.,-1.,0.));
#2628 = ADVANCED_FACE('',(#2629),#2640,.T.);
#2629 = FACE_BOUND('',#2630,.T.);
#2630 = EDGE_LOOP('',(#2631,#2632,#2633,#2634));
#2631 = ORIENTED_EDGE('',*,*,#1815,.F.);
#2632 = ORIENTED_EDGE('',*,*,#2617,.F.);
#2633 = ORIENTED_EDGE('',*,*,#2257,.T.);
#2634 = ORIENTED_EDGE('',*,*,#2635,.T.);
#2635 = EDGE_CURVE('',#2250,#1816,#2636,.T.);
#2636 = LINE('',#2637,#2638);
#2637 = CARTESIAN_POINT('',(81.,75.,47.));
#2638 = VECTOR('',#2639,1.);
#2639 = DIRECTION('',(0.,-1.,0.));
#2640 = CYLINDRICAL_SURFACE('',#2641,5.);
#2641 = AXIS2_PLACEMENT_3D('',#2642,#2643,#2644);
#2642 = CARTESIAN_POINT('',(81.,75.,42.));
#2643 = DIRECTION('',(0.,-1.,0.));
#2644 = DIRECTION('',(1.,0.,0.));
#2645 = ADVANCED_FACE('',(#2646,#2680,#2691),#2702,.T.);
#2646 = FACE_BOUND('',#2647,.T.);
#2647 = EDGE_LOOP('',(#2648,#2649,#2655,#2656,#2664,#2672,#2678,#2679));
#2648 = ORIENTED_EDGE('',*,*,#2249,.F.);
#2649 = ORIENTED_EDGE('',*,*,#2650,.T.);
#2650 = EDGE_CURVE('',#2241,#1891,#2651,.T.);
#2651 = LINE('',#2652,#2653);
#2652 = CARTESIAN_POINT('',(-81.,75.,47.));
#2653 = VECTOR('',#2654,1.);
#2654 = DIRECTION('',(0.,-1.,0.));
#2655 = ORIENTED_EDGE('',*,*,#1890,.T.);
#2656 = ORIENTED_EDGE('',*,*,#2657,.F.);
#2657 = EDGE_CURVE('',#2658,#1883,#2660,.T.);
#2658 = VERTEX_POINT('',#2659);
#2659 = CARTESIAN_POINT('',(-77.5,65.,47.));
#2660 = LINE('',#2661,#2662);
#2661 = CARTESIAN_POINT('',(-77.5,65.,47.));
#2662 = VECTOR('',#2663,1.);
#2663 = DIRECTION('',(0.,1.,0.));
#2664 = ORIENTED_EDGE('',*,*,#2665,.T.);
#2665 = EDGE_CURVE('',#2658,#2666,#2668,.T.);
#2666 = VERTEX_POINT('',#2667);
#2667 = CARTESIAN_POINT('',(77.5,65.,47.));
#2668 = LINE('',#2669,#2670);
#2669 = CARTESIAN_POINT('',(-77.5,65.,47.));
#2670 = VECTOR('',#2671,1.);
#2671 = DIRECTION('',(1.,0.,0.));
#2672 = ORIENTED_EDGE('',*,*,#2673,.T.);
#2673 = EDGE_CURVE('',#2666,#1825,#2674,.T.);
#2674 = LINE('',#2675,#2676);
#2675 = CARTESIAN_POINT('',(77.5,65.,47.));
#2676 = VECTOR('',#2677,1.);
#2677 = DIRECTION('',(0.,1.,0.));
#2678 = ORIENTED_EDGE('',*,*,#1824,.T.);
#2679 = ORIENTED_EDGE('',*,*,#2635,.F.);
#2680 = FACE_BOUND('',#2681,.T.);
#2681 = EDGE_LOOP('',(#2682));
#2682 = ORIENTED_EDGE('',*,*,#2683,.T.);
#2683 = EDGE_CURVE('',#2684,#2684,#2686,.T.);
#2684 = VERTEX_POINT('',#2685);
#2685 = CARTESIAN_POINT('',(-11.25,68.,47.));
#2686 = CIRCLE('',#2687,1.25);
#2687 = AXIS2_PLACEMENT_3D('',#2688,#2689,#2690);
#2688 = CARTESIAN_POINT('',(-10.,68.,47.));
#2689 = DIRECTION('',(0.,0.,-1.));
#2690 = DIRECTION('',(-1.,0.,0.));
#2691 = FACE_BOUND('',#2692,.T.);
#2692 = EDGE_LOOP('',(#2693));
#2693 = ORIENTED_EDGE('',*,*,#2694,.T.);
#2694 = EDGE_CURVE('',#2695,#2695,#2697,.T.);
#2695 = VERTEX_POINT('',#2696);
#2696 = CARTESIAN_POINT('',(8.75,68.,47.));
#2697 = CIRCLE('',#2698,1.25);
#2698 = AXIS2_PLACEMENT_3D('',#2699,#2700,#2701);
#2699 = CARTESIAN_POINT('',(10.,68.,47.));
#2700 = DIRECTION('',(0.,0.,-1.));
#2701 = DIRECTION('',(-1.,0.,0.));
#2702 = PLANE('',#2703);
#2703 = AXIS2_PLACEMENT_3D('',#2704,#2705,#2706);
#2704 = CARTESIAN_POINT('',(0.,70.142441860465,47.));
#2705 = DIRECTION('',(0.,0.,1.));
#2706 = DIRECTION('',(1.,0.,0.));
#2707 = ADVANCED_FACE('',(#2708),#2726,.T.);
#2708 = FACE_BOUND('',#2709,.T.);
#2709 = EDGE_LOOP('',(#2710,#2718,#2724,#2725));
#2710 = ORIENTED_EDGE('',*,*,#2711,.F.);
#2711 = EDGE_CURVE('',#2712,#2666,#2714,.T.);
#2712 = VERTEX_POINT('',#2713);
#2713 = CARTESIAN_POINT('',(77.5,65.,39.));
#2714 = LINE('',#2715,#2716);
#2715 = CARTESIAN_POINT('',(77.5,65.,39.));
#2716 = VECTOR('',#2717,1.);
#2717 = DIRECTION('',(0.,0.,1.));
#2718 = ORIENTED_EDGE('',*,*,#2719,.T.);
#2719 = EDGE_CURVE('',#2712,#1833,#2720,.T.);
#2720 = LINE('',#2721,#2722);
#2721 = CARTESIAN_POINT('',(77.5,65.,39.));
#2722 = VECTOR('',#2723,1.);
#2723 = DIRECTION('',(0.,1.,0.));
#2724 = ORIENTED_EDGE('',*,*,#1832,.T.);
#2725 = ORIENTED_EDGE('',*,*,#2673,.F.);
#2726 = PLANE('',#2727);
#2727 = AXIS2_PLACEMENT_3D('',#2728,#2729,#2730);
#2728 = CARTESIAN_POINT('',(77.5,65.,39.));
#2729 = DIRECTION('',(1.,0.,0.));
#2730 = DIRECTION('',(0.,0.,1.));
#2731 = ADVANCED_FACE('',(#2732),#2796,.F.);
#2732 = FACE_BOUND('',#2733,.F.);
#2733 = EDGE_LOOP('',(#2734,#2742,#2748,#2749,#2750,#2758,#2766,#2772,
    #2773,#2781,#2789,#2795));
#2734 = ORIENTED_EDGE('',*,*,#2735,.F.);
#2735 = EDGE_CURVE('',#2736,#1875,#2738,.T.);
#2736 = VERTEX_POINT('',#2737);
#2737 = CARTESIAN_POINT('',(-77.5,65.,39.));
#2738 = LINE('',#2739,#2740);
#2739 = CARTESIAN_POINT('',(-77.5,65.,39.));
#2740 = VECTOR('',#2741,1.);
#2741 = DIRECTION('',(0.,1.,0.));
#2742 = ORIENTED_EDGE('',*,*,#2743,.T.);
#2743 = EDGE_CURVE('',#2736,#2712,#2744,.T.);
#2744 = LINE('',#2745,#2746);
#2745 = CARTESIAN_POINT('',(-77.5,65.,39.));
#2746 = VECTOR('',#2747,1.);
#2747 = DIRECTION('',(1.,0.,0.));
#2748 = ORIENTED_EDGE('',*,*,#2719,.T.);
#2749 = ORIENTED_EDGE('',*,*,#1840,.F.);
#2750 = ORIENTED_EDGE('',*,*,#2751,.F.);
#2751 = EDGE_CURVE('',#2752,#1841,#2754,.T.);
#2752 = VERTEX_POINT('',#2753);
#2753 = CARTESIAN_POINT('',(48.,66.,39.));
#2754 = LINE('',#2755,#2756);
#2755 = CARTESIAN_POINT('',(48.,66.,39.));
#2756 = VECTOR('',#2757,1.);
#2757 = DIRECTION('',(0.,1.,0.));
#2758 = ORIENTED_EDGE('',*,*,#2759,.T.);
#2759 = EDGE_CURVE('',#2752,#2760,#2762,.T.);
#2760 = VERTEX_POINT('',#2761);
#2761 = CARTESIAN_POINT('',(42.,66.,39.));
#2762 = LINE('',#2763,#2764);
#2763 = CARTESIAN_POINT('',(-16.25,66.,39.));
#2764 = VECTOR('',#2765,1.);
#2765 = DIRECTION('',(-1.,0.,0.));
#2766 = ORIENTED_EDGE('',*,*,#2767,.T.);
#2767 = EDGE_CURVE('',#2760,#1849,#2768,.T.);
#2768 = LINE('',#2769,#2770);
#2769 = CARTESIAN_POINT('',(42.,66.,39.));
#2770 = VECTOR('',#2771,1.);
#2771 = DIRECTION('',(0.,1.,0.));
#2772 = ORIENTED_EDGE('',*,*,#1857,.F.);
#2773 = ORIENTED_EDGE('',*,*,#2774,.F.);
#2774 = EDGE_CURVE('',#2775,#1858,#2777,.T.);
#2775 = VERTEX_POINT('',#2776);
#2776 = CARTESIAN_POINT('',(-42.,66.,39.));
#2777 = LINE('',#2778,#2779);
#2778 = CARTESIAN_POINT('',(-42.,66.,39.));
#2779 = VECTOR('',#2780,1.);
#2780 = DIRECTION('',(0.,1.,0.));
#2781 = ORIENTED_EDGE('',*,*,#2782,.T.);
#2782 = EDGE_CURVE('',#2775,#2783,#2785,.T.);
#2783 = VERTEX_POINT('',#2784);
#2784 = CARTESIAN_POINT('',(-48.,66.,39.));
#2785 = LINE('',#2786,#2787);
#2786 = CARTESIAN_POINT('',(-61.25,66.,39.));
#2787 = VECTOR('',#2788,1.);
#2788 = DIRECTION('',(-1.,0.,0.));
#2789 = ORIENTED_EDGE('',*,*,#2790,.T.);
#2790 = EDGE_CURVE('',#2783,#1866,#2791,.T.);
#2791 = LINE('',#2792,#2793);
#2792 = CARTESIAN_POINT('',(-48.,66.,39.));
#2793 = VECTOR('',#2794,1.);
#2794 = DIRECTION('',(0.,1.,0.));
#2795 = ORIENTED_EDGE('',*,*,#1874,.F.);
#2796 = PLANE('',#2797);
#2797 = AXIS2_PLACEMENT_3D('',#2798,#2799,#2800);
#2798 = CARTESIAN_POINT('',(-77.5,65.,39.));
#2799 = DIRECTION('',(0.,0.,1.));
#2800 = DIRECTION('',(1.,0.,0.));
#2801 = ADVANCED_FACE('',(#2802),#2814,.T.);
#2802 = FACE_BOUND('',#2803,.T.);
#2803 = EDGE_LOOP('',(#2804,#2805,#2806,#2813));
#2804 = ORIENTED_EDGE('',*,*,#1848,.F.);
#2805 = ORIENTED_EDGE('',*,*,#2751,.F.);
#2806 = ORIENTED_EDGE('',*,*,#2807,.T.);
#2807 = EDGE_CURVE('',#2752,#2760,#2808,.T.);
#2808 = CIRCLE('',#2809,5.);
#2809 = AXIS2_PLACEMENT_3D('',#2810,#2811,#2812);
#2810 = CARTESIAN_POINT('',(45.,66.,35.));
#2811 = DIRECTION('',(0.,1.,0.));
#2812 = DIRECTION('',(0.,0.,1.));
#2813 = ORIENTED_EDGE('',*,*,#2767,.T.);
#2814 = CYLINDRICAL_SURFACE('',#2815,5.);
#2815 = AXIS2_PLACEMENT_3D('',#2816,#2817,#2818);
#2816 = CARTESIAN_POINT('',(45.,66.,35.));
#2817 = DIRECTION('',(0.,1.,0.));
#2818 = DIRECTION('',(0.,0.,1.));
#2819 = ADVANCED_FACE('',(#2820),#2832,.T.);
#2820 = FACE_BOUND('',#2821,.T.);
#2821 = EDGE_LOOP('',(#2822,#2823,#2824,#2831));
#2822 = ORIENTED_EDGE('',*,*,#1865,.F.);
#2823 = ORIENTED_EDGE('',*,*,#2774,.F.);
#2824 = ORIENTED_EDGE('',*,*,#2825,.T.);
#2825 = EDGE_CURVE('',#2775,#2783,#2826,.T.);
#2826 = CIRCLE('',#2827,5.);
#2827 = AXIS2_PLACEMENT_3D('',#2828,#2829,#2830);
#2828 = CARTESIAN_POINT('',(-45.,66.,35.));
#2829 = DIRECTION('',(0.,1.,0.));
#2830 = DIRECTION('',(0.,0.,1.));
#2831 = ORIENTED_EDGE('',*,*,#2790,.T.);
#2832 = CYLINDRICAL_SURFACE('',#2833,5.);
#2833 = AXIS2_PLACEMENT_3D('',#2834,#2835,#2836);
#2834 = CARTESIAN_POINT('',(-45.,66.,35.));
#2835 = DIRECTION('',(0.,1.,0.));
#2836 = DIRECTION('',(0.,0.,1.));
#2837 = ADVANCED_FACE('',(#2838),#2849,.F.);
#2838 = FACE_BOUND('',#2839,.F.);
#2839 = EDGE_LOOP('',(#2840,#2846,#2847,#2848));
#2840 = ORIENTED_EDGE('',*,*,#2841,.F.);
#2841 = EDGE_CURVE('',#2736,#2658,#2842,.T.);
#2842 = LINE('',#2843,#2844);
#2843 = CARTESIAN_POINT('',(-77.5,65.,39.));
#2844 = VECTOR('',#2845,1.);
#2845 = DIRECTION('',(0.,0.,1.));
#2846 = ORIENTED_EDGE('',*,*,#2735,.T.);
#2847 = ORIENTED_EDGE('',*,*,#1882,.T.);
#2848 = ORIENTED_EDGE('',*,*,#2657,.F.);
#2849 = PLANE('',#2850);
#2850 = AXIS2_PLACEMENT_3D('',#2851,#2852,#2853);
#2851 = CARTESIAN_POINT('',(-77.5,65.,39.));
#2852 = DIRECTION('',(1.,0.,0.));
#2853 = DIRECTION('',(0.,0.,1.));
#2854 = ADVANCED_FACE('',(#2855),#2861,.T.);
#2855 = FACE_BOUND('',#2856,.T.);
#2856 = EDGE_LOOP('',(#2857,#2858,#2859,#2860));
#2857 = ORIENTED_EDGE('',*,*,#1898,.F.);
#2858 = ORIENTED_EDGE('',*,*,#2650,.F.);
#2859 = ORIENTED_EDGE('',*,*,#2240,.T.);
#2860 = ORIENTED_EDGE('',*,*,#2417,.T.);
#2861 = CYLINDRICAL_SURFACE('',#2862,5.);
#2862 = AXIS2_PLACEMENT_3D('',#2863,#2864,#2865);
#2863 = CARTESIAN_POINT('',(-81.,75.,42.));
#2864 = DIRECTION('',(0.,-1.,0.));
#2865 = DIRECTION('',(1.,0.,0.));
#2866 = ADVANCED_FACE('',(#2867),#2878,.F.);
#2867 = FACE_BOUND('',#2868,.F.);
#2868 = EDGE_LOOP('',(#2869,#2870,#2876,#2877));
#2869 = ORIENTED_EDGE('',*,*,#2335,.F.);
#2870 = ORIENTED_EDGE('',*,*,#2871,.F.);
#2871 = EDGE_CURVE('',#1908,#2336,#2872,.T.);
#2872 = LINE('',#2873,#2874);
#2873 = CARTESIAN_POINT('',(-8.08E-15,70.,33.));
#2874 = VECTOR('',#2875,1.);
#2875 = DIRECTION('',(0.,1.,0.));
#2876 = ORIENTED_EDGE('',*,*,#1907,.T.);
#2877 = ORIENTED_EDGE('',*,*,#2871,.T.);
#2878 = CYLINDRICAL_SURFACE('',#2879,33.);
#2879 = AXIS2_PLACEMENT_3D('',#2880,#2881,#2882);
#2880 = CARTESIAN_POINT('',(0.,70.,0.));
#2881 = DIRECTION('',(0.,1.,0.));
#2882 = DIRECTION('',(0.,0.,1.));
#2883 = ADVANCED_FACE('',(#2884),#2910,.F.);
#2884 = FACE_BOUND('',#2885,.F.);
#2885 = EDGE_LOOP('',(#2886,#2887,#2895,#2904));
#2886 = ORIENTED_EDGE('',*,*,#1918,.F.);
#2887 = ORIENTED_EDGE('',*,*,#2888,.F.);
#2888 = EDGE_CURVE('',#2889,#1919,#2891,.T.);
#2889 = VERTEX_POINT('',#2890);
#2890 = CARTESIAN_POINT('',(-78.,73.5,-31.));
#2891 = LINE('',#2892,#2893);
#2892 = CARTESIAN_POINT('',(-78.,73.5,-31.));
#2893 = VECTOR('',#2894,1.);
#2894 = DIRECTION('',(0.,-1.,0.));
#2895 = ORIENTED_EDGE('',*,*,#2896,.T.);
#2896 = EDGE_CURVE('',#2889,#2897,#2899,.T.);
#2897 = VERTEX_POINT('',#2898);
#2898 = CARTESIAN_POINT('',(-75.,73.5,-34.));
#2899 = CIRCLE('',#2900,3.);
#2900 = AXIS2_PLACEMENT_3D('',#2901,#2902,#2903);
#2901 = CARTESIAN_POINT('',(-75.,73.5,-31.));
#2902 = DIRECTION('',(0.,-1.,0.));
#2903 = DIRECTION('',(1.,0.,0.));
#2904 = ORIENTED_EDGE('',*,*,#2905,.T.);
#2905 = EDGE_CURVE('',#2897,#1921,#2906,.T.);
#2906 = LINE('',#2907,#2908);
#2907 = CARTESIAN_POINT('',(-75.,73.5,-34.));
#2908 = VECTOR('',#2909,1.);
#2909 = DIRECTION('',(0.,-1.,0.));
#2910 = CYLINDRICAL_SURFACE('',#2911,3.);
#2911 = AXIS2_PLACEMENT_3D('',#2912,#2913,#2914);
#2912 = CARTESIAN_POINT('',(-75.,73.5,-31.));
#2913 = DIRECTION('',(0.,-1.,0.));
#2914 = DIRECTION('',(1.,0.,0.));
#2915 = ADVANCED_FACE('',(#2916),#2934,.T.);
#2916 = FACE_BOUND('',#2917,.T.);
#2917 = EDGE_LOOP('',(#2918,#2919,#2927,#2933));
#2918 = ORIENTED_EDGE('',*,*,#2888,.F.);
#2919 = ORIENTED_EDGE('',*,*,#2920,.T.);
#2920 = EDGE_CURVE('',#2889,#2921,#2923,.T.);
#2921 = VERTEX_POINT('',#2922);
#2922 = CARTESIAN_POINT('',(-78.,73.5,12.));
#2923 = LINE('',#2924,#2925);
#2924 = CARTESIAN_POINT('',(-78.,73.5,-31.));
#2925 = VECTOR('',#2926,1.);
#2926 = DIRECTION('',(0.,0.,1.));
#2927 = ORIENTED_EDGE('',*,*,#2928,.T.);
#2928 = EDGE_CURVE('',#2921,#1930,#2929,.T.);
#2929 = LINE('',#2930,#2931);
#2930 = CARTESIAN_POINT('',(-78.,73.5,12.));
#2931 = VECTOR('',#2932,1.);
#2932 = DIRECTION('',(0.,-1.,0.));
#2933 = ORIENTED_EDGE('',*,*,#1929,.F.);
#2934 = PLANE('',#2935);
#2935 = AXIS2_PLACEMENT_3D('',#2936,#2937,#2938);
#2936 = CARTESIAN_POINT('',(-78.,73.5,-31.));
#2937 = DIRECTION('',(1.,0.,0.));
#2938 = DIRECTION('',(0.,-1.,0.));
#2939 = ADVANCED_FACE('',(#2940),#2959,.F.);
#2940 = FACE_BOUND('',#2941,.F.);
#2941 = EDGE_LOOP('',(#2942,#2943,#2951,#2958));
#2942 = ORIENTED_EDGE('',*,*,#1937,.F.);
#2943 = ORIENTED_EDGE('',*,*,#2944,.F.);
#2944 = EDGE_CURVE('',#2945,#1938,#2947,.T.);
#2945 = VERTEX_POINT('',#2946);
#2946 = CARTESIAN_POINT('',(-75.,73.5,15.));
#2947 = LINE('',#2948,#2949);
#2948 = CARTESIAN_POINT('',(-75.,73.5,15.));
#2949 = VECTOR('',#2950,1.);
#2950 = DIRECTION('',(0.,-1.,0.));
#2951 = ORIENTED_EDGE('',*,*,#2952,.T.);
#2952 = EDGE_CURVE('',#2945,#2921,#2953,.T.);
#2953 = CIRCLE('',#2954,3.);
#2954 = AXIS2_PLACEMENT_3D('',#2955,#2956,#2957);
#2955 = CARTESIAN_POINT('',(-75.,73.5,12.));
#2956 = DIRECTION('',(0.,-1.,0.));
#2957 = DIRECTION('',(1.,0.,0.));
#2958 = ORIENTED_EDGE('',*,*,#2928,.T.);
#2959 = CYLINDRICAL_SURFACE('',#2960,3.);
#2960 = AXIS2_PLACEMENT_3D('',#2961,#2962,#2963);
#2961 = CARTESIAN_POINT('',(-75.,73.5,12.));
#2962 = DIRECTION('',(0.,-1.,0.));
#2963 = DIRECTION('',(1.,0.,0.));
#2964 = ADVANCED_FACE('',(#2965),#2983,.F.);
#2965 = FACE_BOUND('',#2966,.F.);
#2966 = EDGE_LOOP('',(#2967,#2975,#2976,#2977));
#2967 = ORIENTED_EDGE('',*,*,#2968,.F.);
#2968 = EDGE_CURVE('',#2945,#2969,#2971,.T.);
#2969 = VERTEX_POINT('',#2970);
#2970 = CARTESIAN_POINT('',(-42.,73.5,15.));
#2971 = LINE('',#2972,#2973);
#2972 = CARTESIAN_POINT('',(-75.,73.5,15.));
#2973 = VECTOR('',#2974,1.);
#2974 = DIRECTION('',(1.,0.,0.));
#2975 = ORIENTED_EDGE('',*,*,#2944,.T.);
#2976 = ORIENTED_EDGE('',*,*,#1946,.F.);
#2977 = ORIENTED_EDGE('',*,*,#2978,.F.);
#2978 = EDGE_CURVE('',#2969,#1947,#2979,.T.);
#2979 = LINE('',#2980,#2981);
#2980 = CARTESIAN_POINT('',(-42.,73.5,15.));
#2981 = VECTOR('',#2982,1.);
#2982 = DIRECTION('',(0.,-1.,0.));
#2983 = PLANE('',#2984);
#2984 = AXIS2_PLACEMENT_3D('',#2985,#2986,#2987);
#2985 = CARTESIAN_POINT('',(-75.,73.5,15.));
#2986 = DIRECTION('',(0.,0.,1.));
#2987 = DIRECTION('',(0.,-1.,0.));
#2988 = ADVANCED_FACE('',(#2989),#3008,.F.);
#2989 = FACE_BOUND('',#2990,.F.);
#2990 = EDGE_LOOP('',(#2991,#2992,#3000,#3007));
#2991 = ORIENTED_EDGE('',*,*,#1954,.F.);
#2992 = ORIENTED_EDGE('',*,*,#2993,.F.);
#2993 = EDGE_CURVE('',#2994,#1955,#2996,.T.);
#2994 = VERTEX_POINT('',#2995);
#2995 = CARTESIAN_POINT('',(-39.,73.5,12.));
#2996 = LINE('',#2997,#2998);
#2997 = CARTESIAN_POINT('',(-39.,73.5,12.));
#2998 = VECTOR('',#2999,1.);
#2999 = DIRECTION('',(0.,-1.,0.));
#3000 = ORIENTED_EDGE('',*,*,#3001,.T.);
#3001 = EDGE_CURVE('',#2994,#2969,#3002,.T.);
#3002 = CIRCLE('',#3003,3.);
#3003 = AXIS2_PLACEMENT_3D('',#3004,#3005,#3006);
#3004 = CARTESIAN_POINT('',(-42.,73.5,12.));
#3005 = DIRECTION('',(0.,-1.,0.));
#3006 = DIRECTION('',(1.,0.,0.));
#3007 = ORIENTED_EDGE('',*,*,#2978,.T.);
#3008 = CYLINDRICAL_SURFACE('',#3009,3.);
#3009 = AXIS2_PLACEMENT_3D('',#3010,#3011,#3012);
#3010 = CARTESIAN_POINT('',(-42.,73.5,12.));
#3011 = DIRECTION('',(0.,-1.,0.));
#3012 = DIRECTION('',(1.,0.,0.));
#3013 = ADVANCED_FACE('',(#3014),#3032,.F.);
#3014 = FACE_BOUND('',#3015,.F.);
#3015 = EDGE_LOOP('',(#3016,#3024,#3030,#3031));
#3016 = ORIENTED_EDGE('',*,*,#3017,.F.);
#3017 = EDGE_CURVE('',#3018,#1964,#3020,.T.);
#3018 = VERTEX_POINT('',#3019);
#3019 = CARTESIAN_POINT('',(-39.,73.5,-31.));
#3020 = LINE('',#3021,#3022);
#3021 = CARTESIAN_POINT('',(-39.,73.5,-31.));
#3022 = VECTOR('',#3023,1.);
#3023 = DIRECTION('',(0.,-1.,0.));
#3024 = ORIENTED_EDGE('',*,*,#3025,.T.);
#3025 = EDGE_CURVE('',#3018,#2994,#3026,.T.);
#3026 = LINE('',#3027,#3028);
#3027 = CARTESIAN_POINT('',(-39.,73.5,-31.));
#3028 = VECTOR('',#3029,1.);
#3029 = DIRECTION('',(0.,0.,1.));
#3030 = ORIENTED_EDGE('',*,*,#2993,.T.);
#3031 = ORIENTED_EDGE('',*,*,#1963,.F.);
#3032 = PLANE('',#3033);
#3033 = AXIS2_PLACEMENT_3D('',#3034,#3035,#3036);
#3034 = CARTESIAN_POINT('',(-39.,73.5,-31.));
#3035 = DIRECTION('',(1.,0.,0.));
#3036 = DIRECTION('',(0.,-1.,0.));
#3037 = ADVANCED_FACE('',(#3038),#3057,.F.);
#3038 = FACE_BOUND('',#3039,.F.);
#3039 = EDGE_LOOP('',(#3040,#3049,#3050,#3051));
#3040 = ORIENTED_EDGE('',*,*,#3041,.T.);
#3041 = EDGE_CURVE('',#3042,#3018,#3044,.T.);
#3042 = VERTEX_POINT('',#3043);
#3043 = CARTESIAN_POINT('',(-42.,73.5,-34.));
#3044 = CIRCLE('',#3045,3.);
#3045 = AXIS2_PLACEMENT_3D('',#3046,#3047,#3048);
#3046 = CARTESIAN_POINT('',(-42.,73.5,-31.));
#3047 = DIRECTION('',(0.,-1.,0.));
#3048 = DIRECTION('',(1.,0.,0.));
#3049 = ORIENTED_EDGE('',*,*,#3017,.T.);
#3050 = ORIENTED_EDGE('',*,*,#1971,.F.);
#3051 = ORIENTED_EDGE('',*,*,#3052,.F.);
#3052 = EDGE_CURVE('',#3042,#1972,#3053,.T.);
#3053 = LINE('',#3054,#3055);
#3054 = CARTESIAN_POINT('',(-42.,73.5,-34.));
#3055 = VECTOR('',#3056,1.);
#3056 = DIRECTION('',(0.,-1.,0.));
#3057 = CYLINDRICAL_SURFACE('',#3058,3.);
#3058 = AXIS2_PLACEMENT_3D('',#3059,#3060,#3061);
#3059 = CARTESIAN_POINT('',(-42.,73.5,-31.));
#3060 = DIRECTION('',(0.,-1.,0.));
#3061 = DIRECTION('',(1.,0.,0.));
#3062 = ADVANCED_FACE('',(#3063),#3074,.T.);
#3063 = FACE_BOUND('',#3064,.T.);
#3064 = EDGE_LOOP('',(#3065,#3071,#3072,#3073));
#3065 = ORIENTED_EDGE('',*,*,#3066,.F.);
#3066 = EDGE_CURVE('',#2897,#3042,#3067,.T.);
#3067 = LINE('',#3068,#3069);
#3068 = CARTESIAN_POINT('',(-75.,73.5,-34.));
#3069 = VECTOR('',#3070,1.);
#3070 = DIRECTION('',(1.,0.,0.));
#3071 = ORIENTED_EDGE('',*,*,#2905,.T.);
#3072 = ORIENTED_EDGE('',*,*,#1980,.F.);
#3073 = ORIENTED_EDGE('',*,*,#3052,.F.);
#3074 = PLANE('',#3075);
#3075 = AXIS2_PLACEMENT_3D('',#3076,#3077,#3078);
#3076 = CARTESIAN_POINT('',(-75.,73.5,-34.));
#3077 = DIRECTION('',(0.,0.,1.));
#3078 = DIRECTION('',(0.,-1.,0.));
#3079 = ADVANCED_FACE('',(#3080),#3106,.F.);
#3080 = FACE_BOUND('',#3081,.F.);
#3081 = EDGE_LOOP('',(#3082,#3083,#3091,#3100));
#3082 = ORIENTED_EDGE('',*,*,#1988,.F.);
#3083 = ORIENTED_EDGE('',*,*,#3084,.F.);
#3084 = EDGE_CURVE('',#3085,#1989,#3087,.T.);
#3085 = VERTEX_POINT('',#3086);
#3086 = CARTESIAN_POINT('',(39.,73.5,-31.));
#3087 = LINE('',#3088,#3089);
#3088 = CARTESIAN_POINT('',(39.,73.5,-31.));
#3089 = VECTOR('',#3090,1.);
#3090 = DIRECTION('',(0.,-1.,0.));
#3091 = ORIENTED_EDGE('',*,*,#3092,.T.);
#3092 = EDGE_CURVE('',#3085,#3093,#3095,.T.);
#3093 = VERTEX_POINT('',#3094);
#3094 = CARTESIAN_POINT('',(42.,73.5,-34.));
#3095 = CIRCLE('',#3096,3.);
#3096 = AXIS2_PLACEMENT_3D('',#3097,#3098,#3099);
#3097 = CARTESIAN_POINT('',(42.,73.5,-31.));
#3098 = DIRECTION('',(0.,-1.,0.));
#3099 = DIRECTION('',(1.,0.,0.));
#3100 = ORIENTED_EDGE('',*,*,#3101,.T.);
#3101 = EDGE_CURVE('',#3093,#1991,#3102,.T.);
#3102 = LINE('',#3103,#3104);
#3103 = CARTESIAN_POINT('',(42.,73.5,-34.));
#3104 = VECTOR('',#3105,1.);
#3105 = DIRECTION('',(0.,-1.,0.));
#3106 = CYLINDRICAL_SURFACE('',#3107,3.);
#3107 = AXIS2_PLACEMENT_3D('',#3108,#3109,#3110);
#3108 = CARTESIAN_POINT('',(42.,73.5,-31.));
#3109 = DIRECTION('',(0.,-1.,0.));
#3110 = DIRECTION('',(1.,0.,0.));
#3111 = ADVANCED_FACE('',(#3112),#3130,.T.);
#3112 = FACE_BOUND('',#3113,.T.);
#3113 = EDGE_LOOP('',(#3114,#3115,#3123,#3129));
#3114 = ORIENTED_EDGE('',*,*,#3084,.F.);
#3115 = ORIENTED_EDGE('',*,*,#3116,.T.);
#3116 = EDGE_CURVE('',#3085,#3117,#3119,.T.);
#3117 = VERTEX_POINT('',#3118);
#3118 = CARTESIAN_POINT('',(39.,73.5,12.));
#3119 = LINE('',#3120,#3121);
#3120 = CARTESIAN_POINT('',(39.,73.5,-31.));
#3121 = VECTOR('',#3122,1.);
#3122 = DIRECTION('',(0.,0.,1.));
#3123 = ORIENTED_EDGE('',*,*,#3124,.T.);
#3124 = EDGE_CURVE('',#3117,#2000,#3125,.T.);
#3125 = LINE('',#3126,#3127);
#3126 = CARTESIAN_POINT('',(39.,73.5,12.));
#3127 = VECTOR('',#3128,1.);
#3128 = DIRECTION('',(0.,-1.,0.));
#3129 = ORIENTED_EDGE('',*,*,#1999,.F.);
#3130 = PLANE('',#3131);
#3131 = AXIS2_PLACEMENT_3D('',#3132,#3133,#3134);
#3132 = CARTESIAN_POINT('',(39.,73.5,-31.));
#3133 = DIRECTION('',(1.,0.,0.));
#3134 = DIRECTION('',(0.,-1.,0.));
#3135 = ADVANCED_FACE('',(#3136),#3155,.F.);
#3136 = FACE_BOUND('',#3137,.F.);
#3137 = EDGE_LOOP('',(#3138,#3139,#3147,#3154));
#3138 = ORIENTED_EDGE('',*,*,#2007,.F.);
#3139 = ORIENTED_EDGE('',*,*,#3140,.F.);
#3140 = EDGE_CURVE('',#3141,#2008,#3143,.T.);
#3141 = VERTEX_POINT('',#3142);
#3142 = CARTESIAN_POINT('',(42.,73.5,15.));
#3143 = LINE('',#3144,#3145);
#3144 = CARTESIAN_POINT('',(42.,73.5,15.));
#3145 = VECTOR('',#3146,1.);
#3146 = DIRECTION('',(0.,-1.,0.));
#3147 = ORIENTED_EDGE('',*,*,#3148,.T.);
#3148 = EDGE_CURVE('',#3141,#3117,#3149,.T.);
#3149 = CIRCLE('',#3150,3.);
#3150 = AXIS2_PLACEMENT_3D('',#3151,#3152,#3153);
#3151 = CARTESIAN_POINT('',(42.,73.5,12.));
#3152 = DIRECTION('',(0.,-1.,0.));
#3153 = DIRECTION('',(1.,0.,0.));
#3154 = ORIENTED_EDGE('',*,*,#3124,.T.);
#3155 = CYLINDRICAL_SURFACE('',#3156,3.);
#3156 = AXIS2_PLACEMENT_3D('',#3157,#3158,#3159);
#3157 = CARTESIAN_POINT('',(42.,73.5,12.));
#3158 = DIRECTION('',(0.,-1.,0.));
#3159 = DIRECTION('',(1.,0.,0.));
#3160 = ADVANCED_FACE('',(#3161),#3179,.F.);
#3161 = FACE_BOUND('',#3162,.F.);
#3162 = EDGE_LOOP('',(#3163,#3171,#3172,#3173));
#3163 = ORIENTED_EDGE('',*,*,#3164,.F.);
#3164 = EDGE_CURVE('',#3141,#3165,#3167,.T.);
#3165 = VERTEX_POINT('',#3166);
#3166 = CARTESIAN_POINT('',(75.,73.5,15.));
#3167 = LINE('',#3168,#3169);
#3168 = CARTESIAN_POINT('',(42.,73.5,15.));
#3169 = VECTOR('',#3170,1.);
#3170 = DIRECTION('',(1.,0.,0.));
#3171 = ORIENTED_EDGE('',*,*,#3140,.T.);
#3172 = ORIENTED_EDGE('',*,*,#2016,.F.);
#3173 = ORIENTED_EDGE('',*,*,#3174,.F.);
#3174 = EDGE_CURVE('',#3165,#2017,#3175,.T.);
#3175 = LINE('',#3176,#3177);
#3176 = CARTESIAN_POINT('',(75.,73.5,15.));
#3177 = VECTOR('',#3178,1.);
#3178 = DIRECTION('',(0.,-1.,0.));
#3179 = PLANE('',#3180);
#3180 = AXIS2_PLACEMENT_3D('',#3181,#3182,#3183);
#3181 = CARTESIAN_POINT('',(42.,73.5,15.));
#3182 = DIRECTION('',(0.,0.,1.));
#3183 = DIRECTION('',(0.,-1.,0.));
#3184 = ADVANCED_FACE('',(#3185),#3204,.F.);
#3185 = FACE_BOUND('',#3186,.F.);
#3186 = EDGE_LOOP('',(#3187,#3188,#3196,#3203));
#3187 = ORIENTED_EDGE('',*,*,#2024,.F.);
#3188 = ORIENTED_EDGE('',*,*,#3189,.F.);
#3189 = EDGE_CURVE('',#3190,#2025,#3192,.T.);
#3190 = VERTEX_POINT('',#3191);
#3191 = CARTESIAN_POINT('',(78.,73.5,12.));
#3192 = LINE('',#3193,#3194);
#3193 = CARTESIAN_POINT('',(78.,73.5,12.));
#3194 = VECTOR('',#3195,1.);
#3195 = DIRECTION('',(0.,-1.,0.));
#3196 = ORIENTED_EDGE('',*,*,#3197,.T.);
#3197 = EDGE_CURVE('',#3190,#3165,#3198,.T.);
#3198 = CIRCLE('',#3199,3.);
#3199 = AXIS2_PLACEMENT_3D('',#3200,#3201,#3202);
#3200 = CARTESIAN_POINT('',(75.,73.5,12.));
#3201 = DIRECTION('',(0.,-1.,0.));
#3202 = DIRECTION('',(1.,0.,0.));
#3203 = ORIENTED_EDGE('',*,*,#3174,.T.);
#3204 = CYLINDRICAL_SURFACE('',#3205,3.);
#3205 = AXIS2_PLACEMENT_3D('',#3206,#3207,#3208);
#3206 = CARTESIAN_POINT('',(75.,73.5,12.));
#3207 = DIRECTION('',(0.,-1.,0.));
#3208 = DIRECTION('',(1.,0.,0.));
#3209 = ADVANCED_FACE('',(#3210),#3228,.F.);
#3210 = FACE_BOUND('',#3211,.F.);
#3211 = EDGE_LOOP('',(#3212,#3220,#3226,#3227));
#3212 = ORIENTED_EDGE('',*,*,#3213,.F.);
#3213 = EDGE_CURVE('',#3214,#2034,#3216,.T.);
#3214 = VERTEX_POINT('',#3215);
#3215 = CARTESIAN_POINT('',(78.,73.5,-31.));
#3216 = LINE('',#3217,#3218);
#3217 = CARTESIAN_POINT('',(78.,73.5,-31.));
#3218 = VECTOR('',#3219,1.);
#3219 = DIRECTION('',(0.,-1.,0.));
#3220 = ORIENTED_EDGE('',*,*,#3221,.T.);
#3221 = EDGE_CURVE('',#3214,#3190,#3222,.T.);
#3222 = LINE('',#3223,#3224);
#3223 = CARTESIAN_POINT('',(78.,73.5,-31.));
#3224 = VECTOR('',#3225,1.);
#3225 = DIRECTION('',(0.,0.,1.));
#3226 = ORIENTED_EDGE('',*,*,#3189,.T.);
#3227 = ORIENTED_EDGE('',*,*,#2033,.F.);
#3228 = PLANE('',#3229);
#3229 = AXIS2_PLACEMENT_3D('',#3230,#3231,#3232);
#3230 = CARTESIAN_POINT('',(78.,73.5,-31.));
#3231 = DIRECTION('',(1.,0.,0.));
#3232 = DIRECTION('',(0.,-1.,0.));
#3233 = ADVANCED_FACE('',(#3234),#3253,.F.);
#3234 = FACE_BOUND('',#3235,.F.);
#3235 = EDGE_LOOP('',(#3236,#3245,#3246,#3247));
#3236 = ORIENTED_EDGE('',*,*,#3237,.T.);
#3237 = EDGE_CURVE('',#3238,#3214,#3240,.T.);
#3238 = VERTEX_POINT('',#3239);
#3239 = CARTESIAN_POINT('',(75.,73.5,-34.));
#3240 = CIRCLE('',#3241,3.);
#3241 = AXIS2_PLACEMENT_3D('',#3242,#3243,#3244);
#3242 = CARTESIAN_POINT('',(75.,73.5,-31.));
#3243 = DIRECTION('',(0.,-1.,0.));
#3244 = DIRECTION('',(1.,0.,0.));
#3245 = ORIENTED_EDGE('',*,*,#3213,.T.);
#3246 = ORIENTED_EDGE('',*,*,#2041,.F.);
#3247 = ORIENTED_EDGE('',*,*,#3248,.F.);
#3248 = EDGE_CURVE('',#3238,#2042,#3249,.T.);
#3249 = LINE('',#3250,#3251);
#3250 = CARTESIAN_POINT('',(75.,73.5,-34.));
#3251 = VECTOR('',#3252,1.);
#3252 = DIRECTION('',(0.,-1.,0.));
#3253 = CYLINDRICAL_SURFACE('',#3254,3.);
#3254 = AXIS2_PLACEMENT_3D('',#3255,#3256,#3257);
#3255 = CARTESIAN_POINT('',(75.,73.5,-31.));
#3256 = DIRECTION('',(0.,-1.,0.));
#3257 = DIRECTION('',(1.,0.,0.));
#3258 = ADVANCED_FACE('',(#3259),#3270,.T.);
#3259 = FACE_BOUND('',#3260,.T.);
#3260 = EDGE_LOOP('',(#3261,#3267,#3268,#3269));
#3261 = ORIENTED_EDGE('',*,*,#3262,.F.);
#3262 = EDGE_CURVE('',#3093,#3238,#3263,.T.);
#3263 = LINE('',#3264,#3265);
#3264 = CARTESIAN_POINT('',(42.,73.5,-34.));
#3265 = VECTOR('',#3266,1.);
#3266 = DIRECTION('',(1.,0.,0.));
#3267 = ORIENTED_EDGE('',*,*,#3101,.T.);
#3268 = ORIENTED_EDGE('',*,*,#2050,.F.);
#3269 = ORIENTED_EDGE('',*,*,#3248,.F.);
#3270 = PLANE('',#3271);
#3271 = AXIS2_PLACEMENT_3D('',#3272,#3273,#3274);
#3272 = CARTESIAN_POINT('',(42.,73.5,-34.));
#3273 = DIRECTION('',(0.,0.,1.));
#3274 = DIRECTION('',(0.,-1.,0.));
#3275 = ADVANCED_FACE('',(#3276),#3301,.F.);
#3276 = FACE_BOUND('',#3277,.F.);
#3277 = EDGE_LOOP('',(#3278,#3286,#3294,#3300));
#3278 = ORIENTED_EDGE('',*,*,#3279,.F.);
#3279 = EDGE_CURVE('',#3280,#2059,#3282,.T.);
#3280 = VERTEX_POINT('',#3281);
#3281 = CARTESIAN_POINT('',(32.5,43.,22.));
#3282 = LINE('',#3283,#3284);
#3283 = CARTESIAN_POINT('',(32.5,43.,22.));
#3284 = VECTOR('',#3285,1.);
#3285 = DIRECTION('',(0.,1.,0.));
#3286 = ORIENTED_EDGE('',*,*,#3287,.T.);
#3287 = EDGE_CURVE('',#3280,#3288,#3290,.T.);
#3288 = VERTEX_POINT('',#3289);
#3289 = CARTESIAN_POINT('',(43.5,43.,22.));
#3290 = LINE('',#3291,#3292);
#3291 = CARTESIAN_POINT('',(32.5,43.,22.));
#3292 = VECTOR('',#3293,1.);
#3293 = DIRECTION('',(1.,0.,0.));
#3294 = ORIENTED_EDGE('',*,*,#3295,.T.);
#3295 = EDGE_CURVE('',#3288,#2061,#3296,.T.);
#3296 = LINE('',#3297,#3298);
#3297 = CARTESIAN_POINT('',(43.5,43.,22.));
#3298 = VECTOR('',#3299,1.);
#3299 = DIRECTION('',(0.,1.,0.));
#3300 = ORIENTED_EDGE('',*,*,#2058,.F.);
#3301 = PLANE('',#3302);
#3302 = AXIS2_PLACEMENT_3D('',#3303,#3304,#3305);
#3303 = CARTESIAN_POINT('',(32.5,43.,22.));
#3304 = DIRECTION('',(0.,0.,1.));
#3305 = DIRECTION('',(1.,0.,0.));
#3306 = ADVANCED_FACE('',(#3307),#3325,.F.);
#3307 = FACE_BOUND('',#3308,.F.);
#3308 = EDGE_LOOP('',(#3309,#3317,#3318,#3319));
#3309 = ORIENTED_EDGE('',*,*,#3310,.F.);
#3310 = EDGE_CURVE('',#3280,#3311,#3313,.T.);
#3311 = VERTEX_POINT('',#3312);
#3312 = CARTESIAN_POINT('',(32.5,43.,25.101020514434));
#3313 = LINE('',#3314,#3315);
#3314 = CARTESIAN_POINT('',(32.5,43.,22.));
#3315 = VECTOR('',#3316,1.);
#3316 = DIRECTION('',(0.,0.,1.));
#3317 = ORIENTED_EDGE('',*,*,#3279,.T.);
#3318 = ORIENTED_EDGE('',*,*,#2068,.T.);
#3319 = ORIENTED_EDGE('',*,*,#3320,.F.);
#3320 = EDGE_CURVE('',#3311,#2069,#3321,.T.);
#3321 = LINE('',#3322,#3323);
#3322 = CARTESIAN_POINT('',(32.5,42.9,25.101020514434));
#3323 = VECTOR('',#3324,1.);
#3324 = DIRECTION('',(0.,1.,0.));
#3325 = PLANE('',#3326);
#3326 = AXIS2_PLACEMENT_3D('',#3327,#3328,#3329);
#3327 = CARTESIAN_POINT('',(32.5,43.,22.));
#3328 = DIRECTION('',(1.,0.,0.));
#3329 = DIRECTION('',(0.,0.,1.));
#3330 = ADVANCED_FACE('',(#3331),#3350,.F.);
#3331 = FACE_BOUND('',#3332,.F.);
#3332 = EDGE_LOOP('',(#3333,#3334,#3342,#3349));
#3333 = ORIENTED_EDGE('',*,*,#2076,.F.);
#3334 = ORIENTED_EDGE('',*,*,#3335,.F.);
#3335 = EDGE_CURVE('',#3336,#2077,#3338,.T.);
#3336 = VERTEX_POINT('',#3337);
#3337 = CARTESIAN_POINT('',(35.5,43.,30.));
#3338 = LINE('',#3339,#3340);
#3339 = CARTESIAN_POINT('',(35.5,42.9,30.));
#3340 = VECTOR('',#3341,1.);
#3341 = DIRECTION('',(0.,1.,0.));
#3342 = ORIENTED_EDGE('',*,*,#3343,.T.);
#3343 = EDGE_CURVE('',#3336,#3311,#3344,.T.);
#3344 = CIRCLE('',#3345,5.5);
#3345 = AXIS2_PLACEMENT_3D('',#3346,#3347,#3348);
#3346 = CARTESIAN_POINT('',(30.,43.,30.));
#3347 = DIRECTION('',(0.,1.,0.));
#3348 = DIRECTION('',(0.,0.,1.));
#3349 = ORIENTED_EDGE('',*,*,#3320,.T.);
#3350 = CYLINDRICAL_SURFACE('',#3351,5.5);
#3351 = AXIS2_PLACEMENT_3D('',#3352,#3353,#3354);
#3352 = CARTESIAN_POINT('',(30.,42.9,30.));
#3353 = DIRECTION('',(0.,1.,0.));
#3354 = DIRECTION('',(0.,0.,1.));
#3355 = ADVANCED_FACE('',(#3356,#3374),#3385,.T.);
#3356 = FACE_BOUND('',#3357,.T.);
#3357 = EDGE_LOOP('',(#3358,#3359,#3367,#3373));
#3358 = ORIENTED_EDGE('',*,*,#3335,.F.);
#3359 = ORIENTED_EDGE('',*,*,#3360,.T.);
#3360 = EDGE_CURVE('',#3336,#3361,#3363,.T.);
#3361 = VERTEX_POINT('',#3362);
#3362 = CARTESIAN_POINT('',(43.5,43.,30.));
#3363 = LINE('',#3364,#3365);
#3364 = CARTESIAN_POINT('',(32.5,43.,30.));
#3365 = VECTOR('',#3366,1.);
#3366 = DIRECTION('',(1.,0.,0.));
#3367 = ORIENTED_EDGE('',*,*,#3368,.T.);
#3368 = EDGE_CURVE('',#3361,#2086,#3369,.T.);
#3369 = LINE('',#3370,#3371);
#3370 = CARTESIAN_POINT('',(43.5,43.,30.));
#3371 = VECTOR('',#3372,1.);
#3372 = DIRECTION('',(0.,1.,0.));
#3373 = ORIENTED_EDGE('',*,*,#2085,.F.);
#3374 = FACE_BOUND('',#3375,.T.);
#3375 = EDGE_LOOP('',(#3376));
#3376 = ORIENTED_EDGE('',*,*,#3377,.T.);
#3377 = EDGE_CURVE('',#3378,#3378,#3380,.T.);
#3378 = VERTEX_POINT('',#3379);
#3379 = CARTESIAN_POINT('',(36.75,48.,30.));
#3380 = CIRCLE('',#3381,1.25);
#3381 = AXIS2_PLACEMENT_3D('',#3382,#3383,#3384);
#3382 = CARTESIAN_POINT('',(38.,48.,30.));
#3383 = DIRECTION('',(0.,0.,-1.));
#3384 = DIRECTION('',(-1.,0.,0.));
#3385 = PLANE('',#3386);
#3386 = AXIS2_PLACEMENT_3D('',#3387,#3388,#3389);
#3387 = CARTESIAN_POINT('',(32.5,43.,30.));
#3388 = DIRECTION('',(0.,0.,1.));
#3389 = DIRECTION('',(1.,0.,0.));
#3390 = ADVANCED_FACE('',(#3391),#3402,.T.);
#3391 = FACE_BOUND('',#3392,.T.);
#3392 = EDGE_LOOP('',(#3393,#3399,#3400,#3401));
#3393 = ORIENTED_EDGE('',*,*,#3394,.F.);
#3394 = EDGE_CURVE('',#3288,#3361,#3395,.T.);
#3395 = LINE('',#3396,#3397);
#3396 = CARTESIAN_POINT('',(43.5,43.,22.));
#3397 = VECTOR('',#3398,1.);
#3398 = DIRECTION('',(0.,0.,1.));
#3399 = ORIENTED_EDGE('',*,*,#3295,.T.);
#3400 = ORIENTED_EDGE('',*,*,#2093,.T.);
#3401 = ORIENTED_EDGE('',*,*,#3368,.F.);
#3402 = PLANE('',#3403);
#3403 = AXIS2_PLACEMENT_3D('',#3404,#3405,#3406);
#3404 = CARTESIAN_POINT('',(43.5,43.,22.));
#3405 = DIRECTION('',(1.,0.,0.));
#3406 = DIRECTION('',(0.,0.,1.));
#3407 = ADVANCED_FACE('',(#3408),#3433,.F.);
#3408 = FACE_BOUND('',#3409,.F.);
#3409 = EDGE_LOOP('',(#3410,#3418,#3426,#3432));
#3410 = ORIENTED_EDGE('',*,*,#3411,.F.);
#3411 = EDGE_CURVE('',#3412,#2102,#3414,.T.);
#3412 = VERTEX_POINT('',#3413);
#3413 = CARTESIAN_POINT('',(-77.5,43.,22.));
#3414 = LINE('',#3415,#3416);
#3415 = CARTESIAN_POINT('',(-77.5,43.,22.));
#3416 = VECTOR('',#3417,1.);
#3417 = DIRECTION('',(0.,1.,0.));
#3418 = ORIENTED_EDGE('',*,*,#3419,.T.);
#3419 = EDGE_CURVE('',#3412,#3420,#3422,.T.);
#3420 = VERTEX_POINT('',#3421);
#3421 = CARTESIAN_POINT('',(-68.5,43.,22.));
#3422 = LINE('',#3423,#3424);
#3423 = CARTESIAN_POINT('',(-77.5,43.,22.));
#3424 = VECTOR('',#3425,1.);
#3425 = DIRECTION('',(1.,0.,0.));
#3426 = ORIENTED_EDGE('',*,*,#3427,.T.);
#3427 = EDGE_CURVE('',#3420,#2104,#3428,.T.);
#3428 = LINE('',#3429,#3430);
#3429 = CARTESIAN_POINT('',(-68.5,43.,22.));
#3430 = VECTOR('',#3431,1.);
#3431 = DIRECTION('',(0.,1.,0.));
#3432 = ORIENTED_EDGE('',*,*,#2101,.F.);
#3433 = PLANE('',#3434);
#3434 = AXIS2_PLACEMENT_3D('',#3435,#3436,#3437);
#3435 = CARTESIAN_POINT('',(-77.5,43.,22.));
#3436 = DIRECTION('',(0.,0.,1.));
#3437 = DIRECTION('',(1.,0.,0.));
#3438 = ADVANCED_FACE('',(#3439),#3457,.F.);
#3439 = FACE_BOUND('',#3440,.F.);
#3440 = EDGE_LOOP('',(#3441,#3449,#3450,#3451));
#3441 = ORIENTED_EDGE('',*,*,#3442,.F.);
#3442 = EDGE_CURVE('',#3412,#3443,#3445,.T.);
#3443 = VERTEX_POINT('',#3444);
#3444 = CARTESIAN_POINT('',(-77.5,43.,30.));
#3445 = LINE('',#3446,#3447);
#3446 = CARTESIAN_POINT('',(-77.5,43.,22.));
#3447 = VECTOR('',#3448,1.);
#3448 = DIRECTION('',(0.,0.,1.));
#3449 = ORIENTED_EDGE('',*,*,#3411,.T.);
#3450 = ORIENTED_EDGE('',*,*,#2111,.T.);
#3451 = ORIENTED_EDGE('',*,*,#3452,.F.);
#3452 = EDGE_CURVE('',#3443,#2112,#3453,.T.);
#3453 = LINE('',#3454,#3455);
#3454 = CARTESIAN_POINT('',(-77.5,43.,30.));
#3455 = VECTOR('',#3456,1.);
#3456 = DIRECTION('',(0.,1.,0.));
#3457 = PLANE('',#3458);
#3458 = AXIS2_PLACEMENT_3D('',#3459,#3460,#3461);
#3459 = CARTESIAN_POINT('',(-77.5,43.,22.));
#3460 = DIRECTION('',(1.,0.,0.));
#3461 = DIRECTION('',(0.,0.,1.));
#3462 = ADVANCED_FACE('',(#3463,#3481),#3492,.T.);
#3463 = FACE_BOUND('',#3464,.T.);
#3464 = EDGE_LOOP('',(#3465,#3466,#3474,#3480));
#3465 = ORIENTED_EDGE('',*,*,#3452,.F.);
#3466 = ORIENTED_EDGE('',*,*,#3467,.T.);
#3467 = EDGE_CURVE('',#3443,#3468,#3470,.T.);
#3468 = VERTEX_POINT('',#3469);
#3469 = CARTESIAN_POINT('',(-68.5,43.,30.));
#3470 = LINE('',#3471,#3472);
#3471 = CARTESIAN_POINT('',(-77.5,43.,30.));
#3472 = VECTOR('',#3473,1.);
#3473 = DIRECTION('',(1.,0.,0.));
#3474 = ORIENTED_EDGE('',*,*,#3475,.T.);
#3475 = EDGE_CURVE('',#3468,#2120,#3476,.T.);
#3476 = LINE('',#3477,#3478);
#3477 = CARTESIAN_POINT('',(-68.5,43.,30.));
#3478 = VECTOR('',#3479,1.);
#3479 = DIRECTION('',(0.,1.,0.));
#3480 = ORIENTED_EDGE('',*,*,#2119,.F.);
#3481 = FACE_BOUND('',#3482,.T.);
#3482 = EDGE_LOOP('',(#3483));
#3483 = ORIENTED_EDGE('',*,*,#3484,.T.);
#3484 = EDGE_CURVE('',#3485,#3485,#3487,.T.);
#3485 = VERTEX_POINT('',#3486);
#3486 = CARTESIAN_POINT('',(-75.25,48.,30.));
#3487 = CIRCLE('',#3488,1.25);
#3488 = AXIS2_PLACEMENT_3D('',#3489,#3490,#3491);
#3489 = CARTESIAN_POINT('',(-74.,48.,30.));
#3490 = DIRECTION('',(0.,0.,-1.));
#3491 = DIRECTION('',(-1.,0.,0.));
#3492 = PLANE('',#3493);
#3493 = AXIS2_PLACEMENT_3D('',#3494,#3495,#3496);
#3494 = CARTESIAN_POINT('',(-77.5,43.,30.));
#3495 = DIRECTION('',(0.,0.,1.));
#3496 = DIRECTION('',(1.,0.,0.));
#3497 = ADVANCED_FACE('',(#3498),#3509,.T.);
#3498 = FACE_BOUND('',#3499,.T.);
#3499 = EDGE_LOOP('',(#3500,#3506,#3507,#3508));
#3500 = ORIENTED_EDGE('',*,*,#3501,.F.);
#3501 = EDGE_CURVE('',#3420,#3468,#3502,.T.);
#3502 = LINE('',#3503,#3504);
#3503 = CARTESIAN_POINT('',(-68.5,43.,22.));
#3504 = VECTOR('',#3505,1.);
#3505 = DIRECTION('',(0.,0.,1.));
#3506 = ORIENTED_EDGE('',*,*,#3427,.T.);
#3507 = ORIENTED_EDGE('',*,*,#2127,.T.);
#3508 = ORIENTED_EDGE('',*,*,#3475,.F.);
#3509 = PLANE('',#3510);
#3510 = AXIS2_PLACEMENT_3D('',#3511,#3512,#3513);
#3511 = CARTESIAN_POINT('',(-68.5,43.,22.));
#3512 = DIRECTION('',(1.,0.,0.));
#3513 = DIRECTION('',(0.,0.,1.));
#3514 = ADVANCED_FACE('',(#3515),#3526,.F.);
#3515 = FACE_BOUND('',#3516,.F.);
#3516 = EDGE_LOOP('',(#3517,#3518,#3524,#3525));
#3517 = ORIENTED_EDGE('',*,*,#2368,.F.);
#3518 = ORIENTED_EDGE('',*,*,#3519,.F.);
#3519 = EDGE_CURVE('',#2136,#2369,#3520,.T.);
#3520 = LINE('',#3521,#3522);
#3521 = CARTESIAN_POINT('',(30.,70.,32.2));
#3522 = VECTOR('',#3523,1.);
#3523 = DIRECTION('',(0.,1.,0.));
#3524 = ORIENTED_EDGE('',*,*,#2135,.T.);
#3525 = ORIENTED_EDGE('',*,*,#3519,.T.);
#3526 = CYLINDRICAL_SURFACE('',#3527,2.2);
#3527 = AXIS2_PLACEMENT_3D('',#3528,#3529,#3530);
#3528 = CARTESIAN_POINT('',(30.,70.,30.));
#3529 = DIRECTION('',(0.,1.,0.));
#3530 = DIRECTION('',(0.,0.,1.));
#3531 = ADVANCED_FACE('',(#3532),#3543,.F.);
#3532 = FACE_BOUND('',#3533,.F.);
#3533 = EDGE_LOOP('',(#3534,#3535,#3541,#3542));
#3534 = ORIENTED_EDGE('',*,*,#2313,.F.);
#3535 = ORIENTED_EDGE('',*,*,#3536,.F.);
#3536 = EDGE_CURVE('',#2147,#2314,#3537,.T.);
#3537 = LINE('',#3538,#3539);
#3538 = CARTESIAN_POINT('',(-30.,70.,-27.8));
#3539 = VECTOR('',#3540,1.);
#3540 = DIRECTION('',(0.,1.,0.));
#3541 = ORIENTED_EDGE('',*,*,#2146,.T.);
#3542 = ORIENTED_EDGE('',*,*,#3536,.T.);
#3543 = CYLINDRICAL_SURFACE('',#3544,2.2);
#3544 = AXIS2_PLACEMENT_3D('',#3545,#3546,#3547);
#3545 = CARTESIAN_POINT('',(-30.,70.,-30.));
#3546 = DIRECTION('',(0.,1.,0.));
#3547 = DIRECTION('',(0.,0.,1.));
#3548 = ADVANCED_FACE('',(#3549),#3560,.F.);
#3549 = FACE_BOUND('',#3550,.F.);
#3550 = EDGE_LOOP('',(#3551,#3552,#3558,#3559));
#3551 = ORIENTED_EDGE('',*,*,#2302,.F.);
#3552 = ORIENTED_EDGE('',*,*,#3553,.F.);
#3553 = EDGE_CURVE('',#2158,#2303,#3554,.T.);
#3554 = LINE('',#3555,#3556);
#3555 = CARTESIAN_POINT('',(30.,70.,-27.8));
#3556 = VECTOR('',#3557,1.);
#3557 = DIRECTION('',(0.,1.,0.));
#3558 = ORIENTED_EDGE('',*,*,#2157,.T.);
#3559 = ORIENTED_EDGE('',*,*,#3553,.T.);
#3560 = CYLINDRICAL_SURFACE('',#3561,2.2);
#3561 = AXIS2_PLACEMENT_3D('',#3562,#3563,#3564);
#3562 = CARTESIAN_POINT('',(30.,70.,-30.));
#3563 = DIRECTION('',(0.,1.,0.));
#3564 = DIRECTION('',(0.,0.,1.));
#3565 = ADVANCED_FACE('',(#3566),#3577,.F.);
#3566 = FACE_BOUND('',#3567,.F.);
#3567 = EDGE_LOOP('',(#3568,#3569,#3575,#3576));
#3568 = ORIENTED_EDGE('',*,*,#2379,.F.);
#3569 = ORIENTED_EDGE('',*,*,#3570,.F.);
#3570 = EDGE_CURVE('',#2169,#2380,#3571,.T.);
#3571 = LINE('',#3572,#3573);
#3572 = CARTESIAN_POINT('',(-30.,70.,32.2));
#3573 = VECTOR('',#3574,1.);
#3574 = DIRECTION('',(0.,1.,0.));
#3575 = ORIENTED_EDGE('',*,*,#2168,.T.);
#3576 = ORIENTED_EDGE('',*,*,#3570,.T.);
#3577 = CYLINDRICAL_SURFACE('',#3578,2.2);
#3578 = AXIS2_PLACEMENT_3D('',#3579,#3580,#3581);
#3579 = CARTESIAN_POINT('',(-30.,70.,30.));
#3580 = DIRECTION('',(0.,1.,0.));
#3581 = DIRECTION('',(0.,0.,1.));
#3582 = ADVANCED_FACE('',(#3583),#3602,.F.);
#3583 = FACE_BOUND('',#3584,.F.);
#3584 = EDGE_LOOP('',(#3585,#3594,#3600,#3601));
#3585 = ORIENTED_EDGE('',*,*,#3586,.T.);
#3586 = EDGE_CURVE('',#3587,#3587,#3589,.T.);
#3587 = VERTEX_POINT('',#3588);
#3588 = CARTESIAN_POINT('',(-82.,73.5,-26.7));
#3589 = CIRCLE('',#3590,1.7);
#3590 = AXIS2_PLACEMENT_3D('',#3591,#3592,#3593);
#3591 = CARTESIAN_POINT('',(-82.,73.5,-25.));
#3592 = DIRECTION('',(0.,-1.,0.));
#3593 = DIRECTION('',(0.,0.,-1.));
#3594 = ORIENTED_EDGE('',*,*,#3595,.T.);
#3595 = EDGE_CURVE('',#3587,#2180,#3596,.T.);
#3596 = LINE('',#3597,#3598);
#3597 = CARTESIAN_POINT('',(-82.,75.1,-26.7));
#3598 = VECTOR('',#3599,1.);
#3599 = DIRECTION('',(0.,-1.,0.));
#3600 = ORIENTED_EDGE('',*,*,#2179,.F.);
#3601 = ORIENTED_EDGE('',*,*,#3595,.F.);
#3602 = CYLINDRICAL_SURFACE('',#3603,1.7);
#3603 = AXIS2_PLACEMENT_3D('',#3604,#3605,#3606);
#3604 = CARTESIAN_POINT('',(-82.,75.1,-25.));
#3605 = DIRECTION('',(0.,-1.,0.));
#3606 = DIRECTION('',(0.,0.,-1.));
#3607 = ADVANCED_FACE('',(#3608),#3627,.F.);
#3608 = FACE_BOUND('',#3609,.F.);
#3609 = EDGE_LOOP('',(#3610,#3619,#3625,#3626));
#3610 = ORIENTED_EDGE('',*,*,#3611,.T.);
#3611 = EDGE_CURVE('',#3612,#3612,#3614,.T.);
#3612 = VERTEX_POINT('',#3613);
#3613 = CARTESIAN_POINT('',(82.,73.5,-26.7));
#3614 = CIRCLE('',#3615,1.7);
#3615 = AXIS2_PLACEMENT_3D('',#3616,#3617,#3618);
#3616 = CARTESIAN_POINT('',(82.,73.5,-25.));
#3617 = DIRECTION('',(0.,-1.,0.));
#3618 = DIRECTION('',(0.,0.,-1.));
#3619 = ORIENTED_EDGE('',*,*,#3620,.T.);
#3620 = EDGE_CURVE('',#3612,#2191,#3621,.T.);
#3621 = LINE('',#3622,#3623);
#3622 = CARTESIAN_POINT('',(82.,75.1,-26.7));
#3623 = VECTOR('',#3624,1.);
#3624 = DIRECTION('',(0.,-1.,0.));
#3625 = ORIENTED_EDGE('',*,*,#2190,.F.);
#3626 = ORIENTED_EDGE('',*,*,#3620,.F.);
#3627 = CYLINDRICAL_SURFACE('',#3628,1.7);
#3628 = AXIS2_PLACEMENT_3D('',#3629,#3630,#3631);
#3629 = CARTESIAN_POINT('',(82.,75.1,-25.));
#3630 = DIRECTION('',(0.,-1.,0.));
#3631 = DIRECTION('',(0.,0.,-1.));
#3632 = ADVANCED_FACE('',(#3633),#3652,.F.);
#3633 = FACE_BOUND('',#3634,.F.);
#3634 = EDGE_LOOP('',(#3635,#3644,#3650,#3651));
#3635 = ORIENTED_EDGE('',*,*,#3636,.T.);
#3636 = EDGE_CURVE('',#3637,#3637,#3639,.T.);
#3637 = VERTEX_POINT('',#3638);
#3638 = CARTESIAN_POINT('',(82.,73.5,23.3));
#3639 = CIRCLE('',#3640,1.7);
#3640 = AXIS2_PLACEMENT_3D('',#3641,#3642,#3643);
#3641 = CARTESIAN_POINT('',(82.,73.5,25.));
#3642 = DIRECTION('',(0.,-1.,0.));
#3643 = DIRECTION('',(0.,0.,-1.));
#3644 = ORIENTED_EDGE('',*,*,#3645,.T.);
#3645 = EDGE_CURVE('',#3637,#2205,#3646,.T.);
#3646 = LINE('',#3647,#3648);
#3647 = CARTESIAN_POINT('',(82.,75.1,23.3));
#3648 = VECTOR('',#3649,1.);
#3649 = DIRECTION('',(0.,-1.,0.));
#3650 = ORIENTED_EDGE('',*,*,#2204,.F.);
#3651 = ORIENTED_EDGE('',*,*,#3645,.F.);
#3652 = CYLINDRICAL_SURFACE('',#3653,1.7);
#3653 = AXIS2_PLACEMENT_3D('',#3654,#3655,#3656);
#3654 = CARTESIAN_POINT('',(82.,75.1,25.));
#3655 = DIRECTION('',(0.,-1.,0.));
#3656 = DIRECTION('',(0.,0.,-1.));
#3657 = ADVANCED_FACE('',(#3658),#3669,.F.);
#3658 = FACE_BOUND('',#3659,.F.);
#3659 = EDGE_LOOP('',(#3660,#3661,#3667,#3668));
#3660 = ORIENTED_EDGE('',*,*,#3611,.F.);
#3661 = ORIENTED_EDGE('',*,*,#3662,.F.);
#3662 = EDGE_CURVE('',#2292,#3612,#3663,.T.);
#3663 = LINE('',#3664,#3665);
#3664 = CARTESIAN_POINT('',(82.,75.,-28.2));
#3665 = VECTOR('',#3666,1.);
#3666 = DIRECTION('',(1.7E-16,-0.707106781187,0.707106781187));
#3667 = ORIENTED_EDGE('',*,*,#2291,.T.);
#3668 = ORIENTED_EDGE('',*,*,#3662,.T.);
#3669 = CONICAL_SURFACE('',#3670,3.2,0.785398163397);
#3670 = AXIS2_PLACEMENT_3D('',#3671,#3672,#3673);
#3671 = CARTESIAN_POINT('',(82.,75.,-25.));
#3672 = DIRECTION('',(0.,1.,0.));
#3673 = DIRECTION('',(0.,0.,-1.));
#3674 = ADVANCED_FACE('',(#3675),#3686,.F.);
#3675 = FACE_BOUND('',#3676,.F.);
#3676 = EDGE_LOOP('',(#3677,#3678,#3684,#3685));
#3677 = ORIENTED_EDGE('',*,*,#3586,.F.);
#3678 = ORIENTED_EDGE('',*,*,#3679,.F.);
#3679 = EDGE_CURVE('',#2325,#3587,#3680,.T.);
#3680 = LINE('',#3681,#3682);
#3681 = CARTESIAN_POINT('',(-82.,75.,-28.2));
#3682 = VECTOR('',#3683,1.);
#3683 = DIRECTION('',(1.7E-16,-0.707106781187,0.707106781187));
#3684 = ORIENTED_EDGE('',*,*,#2324,.T.);
#3685 = ORIENTED_EDGE('',*,*,#3679,.T.);
#3686 = CONICAL_SURFACE('',#3687,3.2,0.785398163397);
#3687 = AXIS2_PLACEMENT_3D('',#3688,#3689,#3690);
#3688 = CARTESIAN_POINT('',(-82.,75.,-25.));
#3689 = DIRECTION('',(0.,1.,0.));
#3690 = DIRECTION('',(0.,0.,-1.));
#3691 = ADVANCED_FACE('',(#3692),#3703,.F.);
#3692 = FACE_BOUND('',#3693,.F.);
#3693 = EDGE_LOOP('',(#3694,#3695,#3701,#3702));
#3694 = ORIENTED_EDGE('',*,*,#3636,.F.);
#3695 = ORIENTED_EDGE('',*,*,#3696,.F.);
#3696 = EDGE_CURVE('',#2347,#3637,#3697,.T.);
#3697 = LINE('',#3698,#3699);
#3698 = CARTESIAN_POINT('',(82.,75.,21.8));
#3699 = VECTOR('',#3700,1.);
#3700 = DIRECTION('',(1.7E-16,-0.707106781187,0.707106781187));
#3701 = ORIENTED_EDGE('',*,*,#2346,.T.);
#3702 = ORIENTED_EDGE('',*,*,#3696,.T.);
#3703 = CONICAL_SURFACE('',#3704,3.2,0.785398163397);
#3704 = AXIS2_PLACEMENT_3D('',#3705,#3706,#3707);
#3705 = CARTESIAN_POINT('',(82.,75.,25.));
#3706 = DIRECTION('',(0.,1.,0.));
#3707 = DIRECTION('',(0.,0.,-1.));
#3708 = ADVANCED_FACE('',(#3709),#3728,.F.);
#3709 = FACE_BOUND('',#3710,.F.);
#3710 = EDGE_LOOP('',(#3711,#3719,#3726,#3727));
#3711 = ORIENTED_EDGE('',*,*,#3712,.T.);
#3712 = EDGE_CURVE('',#2358,#3713,#3715,.T.);
#3713 = VERTEX_POINT('',#3714);
#3714 = CARTESIAN_POINT('',(45.,68.5,33.75));
#3715 = LINE('',#3716,#3717);
#3716 = CARTESIAN_POINT('',(45.,75.1,33.75));
#3717 = VECTOR('',#3718,1.);
#3718 = DIRECTION('',(0.,-1.,0.));
#3719 = ORIENTED_EDGE('',*,*,#3720,.F.);
#3720 = EDGE_CURVE('',#3713,#3713,#3721,.T.);
#3721 = CIRCLE('',#3722,1.25);
#3722 = AXIS2_PLACEMENT_3D('',#3723,#3724,#3725);
#3723 = CARTESIAN_POINT('',(45.,68.5,35.));
#3724 = DIRECTION('',(0.,-1.,0.));
#3725 = DIRECTION('',(0.,0.,-1.));
#3726 = ORIENTED_EDGE('',*,*,#3712,.F.);
#3727 = ORIENTED_EDGE('',*,*,#2357,.T.);
#3728 = CYLINDRICAL_SURFACE('',#3729,1.25);
#3729 = AXIS2_PLACEMENT_3D('',#3730,#3731,#3732);
#3730 = CARTESIAN_POINT('',(45.,75.1,35.));
#3731 = DIRECTION('',(0.,-1.,0.));
#3732 = DIRECTION('',(0.,0.,-1.));
#3733 = ADVANCED_FACE('',(#3734),#3753,.F.);
#3734 = FACE_BOUND('',#3735,.F.);
#3735 = EDGE_LOOP('',(#3736,#3744,#3751,#3752));
#3736 = ORIENTED_EDGE('',*,*,#3737,.T.);
#3737 = EDGE_CURVE('',#2394,#3738,#3740,.T.);
#3738 = VERTEX_POINT('',#3739);
#3739 = CARTESIAN_POINT('',(-45.,68.5,33.75));
#3740 = LINE('',#3741,#3742);
#3741 = CARTESIAN_POINT('',(-45.,75.1,33.75));
#3742 = VECTOR('',#3743,1.);
#3743 = DIRECTION('',(0.,-1.,0.));
#3744 = ORIENTED_EDGE('',*,*,#3745,.F.);
#3745 = EDGE_CURVE('',#3738,#3738,#3746,.T.);
#3746 = CIRCLE('',#3747,1.25);
#3747 = AXIS2_PLACEMENT_3D('',#3748,#3749,#3750);
#3748 = CARTESIAN_POINT('',(-45.,68.5,35.));
#3749 = DIRECTION('',(0.,-1.,0.));
#3750 = DIRECTION('',(0.,0.,-1.));
#3751 = ORIENTED_EDGE('',*,*,#3737,.F.);
#3752 = ORIENTED_EDGE('',*,*,#2393,.T.);
#3753 = CYLINDRICAL_SURFACE('',#3754,1.25);
#3754 = AXIS2_PLACEMENT_3D('',#3755,#3756,#3757);
#3755 = CARTESIAN_POINT('',(-45.,75.1,35.));
#3756 = DIRECTION('',(0.,-1.,0.));
#3757 = DIRECTION('',(0.,0.,-1.));
#3758 = ADVANCED_FACE('',(#3759),#3765,.F.);
#3759 = FACE_BOUND('',#3760,.F.);
#3760 = EDGE_LOOP('',(#3761,#3762,#3763,#3764));
#3761 = ORIENTED_EDGE('',*,*,#2465,.F.);
#3762 = ORIENTED_EDGE('',*,*,#2533,.T.);
#3763 = ORIENTED_EDGE('',*,*,#2558,.T.);
#3764 = ORIENTED_EDGE('',*,*,#2581,.F.);
#3765 = PLANE('',#3766);
#3766 = AXIS2_PLACEMENT_3D('',#3767,#3768,#3769);
#3767 = CARTESIAN_POINT('',(-77.5,61.,-47.));
#3768 = DIRECTION('',(0.,1.,0.));
#3769 = DIRECTION('',(0.,0.,1.));
#3770 = ADVANCED_FACE('',(#3771),#3790,.F.);
#3771 = FACE_BOUND('',#3772,.F.);
#3772 = EDGE_LOOP('',(#3773,#3781,#3788,#3789));
#3773 = ORIENTED_EDGE('',*,*,#3774,.T.);
#3774 = EDGE_CURVE('',#2484,#3775,#3777,.T.);
#3775 = VERTEX_POINT('',#3776);
#3776 = CARTESIAN_POINT('',(71.25,67.,-40.5));
#3777 = LINE('',#3778,#3779);
#3778 = CARTESIAN_POINT('',(71.25,67.,-47.1));
#3779 = VECTOR('',#3780,1.);
#3780 = DIRECTION('',(0.,0.,1.));
#3781 = ORIENTED_EDGE('',*,*,#3782,.F.);
#3782 = EDGE_CURVE('',#3775,#3775,#3783,.T.);
#3783 = CIRCLE('',#3784,1.25);
#3784 = AXIS2_PLACEMENT_3D('',#3785,#3786,#3787);
#3785 = CARTESIAN_POINT('',(70.,67.,-40.5));
#3786 = DIRECTION('',(0.,0.,1.));
#3787 = DIRECTION('',(1.,0.,0.));
#3788 = ORIENTED_EDGE('',*,*,#3774,.F.);
#3789 = ORIENTED_EDGE('',*,*,#2483,.T.);
#3790 = CYLINDRICAL_SURFACE('',#3791,1.25);
#3791 = AXIS2_PLACEMENT_3D('',#3792,#3793,#3794);
#3792 = CARTESIAN_POINT('',(70.,67.,-47.1));
#3793 = DIRECTION('',(0.,0.,1.));
#3794 = DIRECTION('',(1.,0.,0.));
#3795 = ADVANCED_FACE('',(#3796),#3815,.F.);
#3796 = FACE_BOUND('',#3797,.F.);
#3797 = EDGE_LOOP('',(#3798,#3806,#3813,#3814));
#3798 = ORIENTED_EDGE('',*,*,#3799,.T.);
#3799 = EDGE_CURVE('',#2495,#3800,#3802,.T.);
#3800 = VERTEX_POINT('',#3801);
#3801 = CARTESIAN_POINT('',(36.25,67.,-40.5));
#3802 = LINE('',#3803,#3804);
#3803 = CARTESIAN_POINT('',(36.25,67.,-47.1));
#3804 = VECTOR('',#3805,1.);
#3805 = DIRECTION('',(0.,0.,1.));
#3806 = ORIENTED_EDGE('',*,*,#3807,.F.);
#3807 = EDGE_CURVE('',#3800,#3800,#3808,.T.);
#3808 = CIRCLE('',#3809,1.25);
#3809 = AXIS2_PLACEMENT_3D('',#3810,#3811,#3812);
#3810 = CARTESIAN_POINT('',(35.,67.,-40.5));
#3811 = DIRECTION('',(0.,0.,1.));
#3812 = DIRECTION('',(1.,0.,0.));
#3813 = ORIENTED_EDGE('',*,*,#3799,.F.);
#3814 = ORIENTED_EDGE('',*,*,#2494,.T.);
#3815 = CYLINDRICAL_SURFACE('',#3816,1.25);
#3816 = AXIS2_PLACEMENT_3D('',#3817,#3818,#3819);
#3817 = CARTESIAN_POINT('',(35.,67.,-47.1));
#3818 = DIRECTION('',(0.,0.,1.));
#3819 = DIRECTION('',(1.,0.,0.));
#3820 = ADVANCED_FACE('',(#3821),#3840,.F.);
#3821 = FACE_BOUND('',#3822,.F.);
#3822 = EDGE_LOOP('',(#3823,#3831,#3838,#3839));
#3823 = ORIENTED_EDGE('',*,*,#3824,.T.);
#3824 = EDGE_CURVE('',#2506,#3825,#3827,.T.);
#3825 = VERTEX_POINT('',#3826);
#3826 = CARTESIAN_POINT('',(-33.75,67.,-40.5));
#3827 = LINE('',#3828,#3829);
#3828 = CARTESIAN_POINT('',(-33.75,67.,-47.1));
#3829 = VECTOR('',#3830,1.);
#3830 = DIRECTION('',(0.,0.,1.));
#3831 = ORIENTED_EDGE('',*,*,#3832,.F.);
#3832 = EDGE_CURVE('',#3825,#3825,#3833,.T.);
#3833 = CIRCLE('',#3834,1.25);
#3834 = AXIS2_PLACEMENT_3D('',#3835,#3836,#3837);
#3835 = CARTESIAN_POINT('',(-35.,67.,-40.5));
#3836 = DIRECTION('',(0.,0.,1.));
#3837 = DIRECTION('',(1.,0.,0.));
#3838 = ORIENTED_EDGE('',*,*,#3824,.F.);
#3839 = ORIENTED_EDGE('',*,*,#2505,.T.);
#3840 = CYLINDRICAL_SURFACE('',#3841,1.25);
#3841 = AXIS2_PLACEMENT_3D('',#3842,#3843,#3844);
#3842 = CARTESIAN_POINT('',(-35.,67.,-47.1));
#3843 = DIRECTION('',(0.,0.,1.));
#3844 = DIRECTION('',(1.,0.,0.));
#3845 = ADVANCED_FACE('',(#3846),#3865,.F.);
#3846 = FACE_BOUND('',#3847,.F.);
#3847 = EDGE_LOOP('',(#3848,#3856,#3863,#3864));
#3848 = ORIENTED_EDGE('',*,*,#3849,.T.);
#3849 = EDGE_CURVE('',#2517,#3850,#3852,.T.);
#3850 = VERTEX_POINT('',#3851);
#3851 = CARTESIAN_POINT('',(-68.75,67.,-40.5));
#3852 = LINE('',#3853,#3854);
#3853 = CARTESIAN_POINT('',(-68.75,67.,-47.1));
#3854 = VECTOR('',#3855,1.);
#3855 = DIRECTION('',(0.,0.,1.));
#3856 = ORIENTED_EDGE('',*,*,#3857,.F.);
#3857 = EDGE_CURVE('',#3850,#3850,#3858,.T.);
#3858 = CIRCLE('',#3859,1.25);
#3859 = AXIS2_PLACEMENT_3D('',#3860,#3861,#3862);
#3860 = CARTESIAN_POINT('',(-70.,67.,-40.5));
#3861 = DIRECTION('',(0.,0.,1.));
#3862 = DIRECTION('',(1.,0.,0.));
#3863 = ORIENTED_EDGE('',*,*,#3849,.F.);
#3864 = ORIENTED_EDGE('',*,*,#2516,.T.);
#3865 = CYLINDRICAL_SURFACE('',#3866,1.25);
#3866 = AXIS2_PLACEMENT_3D('',#3867,#3868,#3869);
#3867 = CARTESIAN_POINT('',(-70.,67.,-47.1));
#3868 = DIRECTION('',(0.,0.,1.));
#3869 = DIRECTION('',(1.,0.,0.));
#3870 = ADVANCED_FACE('',(#3871),#3877,.F.);
#3871 = FACE_BOUND('',#3872,.F.);
#3872 = EDGE_LOOP('',(#3873,#3874,#3875,#3876));
#3873 = ORIENTED_EDGE('',*,*,#2743,.F.);
#3874 = ORIENTED_EDGE('',*,*,#2841,.T.);
#3875 = ORIENTED_EDGE('',*,*,#2665,.T.);
#3876 = ORIENTED_EDGE('',*,*,#2711,.F.);
#3877 = PLANE('',#3878);
#3878 = AXIS2_PLACEMENT_3D('',#3879,#3880,#3881);
#3879 = CARTESIAN_POINT('',(-77.5,65.,39.));
#3880 = DIRECTION('',(0.,1.,0.));
#3881 = DIRECTION('',(0.,0.,1.));
#3882 = ADVANCED_FACE('',(#3883),#3902,.F.);
#3883 = FACE_BOUND('',#3884,.F.);
#3884 = EDGE_LOOP('',(#3885,#3893,#3900,#3901));
#3885 = ORIENTED_EDGE('',*,*,#3886,.T.);
#3886 = EDGE_CURVE('',#2684,#3887,#3889,.T.);
#3887 = VERTEX_POINT('',#3888);
#3888 = CARTESIAN_POINT('',(-11.25,68.,41.));
#3889 = LINE('',#3890,#3891);
#3890 = CARTESIAN_POINT('',(-11.25,68.,47.1));
#3891 = VECTOR('',#3892,1.);
#3892 = DIRECTION('',(0.,0.,-1.));
#3893 = ORIENTED_EDGE('',*,*,#3894,.F.);
#3894 = EDGE_CURVE('',#3887,#3887,#3895,.T.);
#3895 = CIRCLE('',#3896,1.25);
#3896 = AXIS2_PLACEMENT_3D('',#3897,#3898,#3899);
#3897 = CARTESIAN_POINT('',(-10.,68.,41.));
#3898 = DIRECTION('',(0.,0.,-1.));
#3899 = DIRECTION('',(-1.,0.,0.));
#3900 = ORIENTED_EDGE('',*,*,#3886,.F.);
#3901 = ORIENTED_EDGE('',*,*,#2683,.T.);
#3902 = CYLINDRICAL_SURFACE('',#3903,1.25);
#3903 = AXIS2_PLACEMENT_3D('',#3904,#3905,#3906);
#3904 = CARTESIAN_POINT('',(-10.,68.,47.1));
#3905 = DIRECTION('',(0.,0.,-1.));
#3906 = DIRECTION('',(-1.,0.,0.));
#3907 = ADVANCED_FACE('',(#3908),#3927,.F.);
#3908 = FACE_BOUND('',#3909,.F.);
#3909 = EDGE_LOOP('',(#3910,#3918,#3925,#3926));
#3910 = ORIENTED_EDGE('',*,*,#3911,.T.);
#3911 = EDGE_CURVE('',#2695,#3912,#3914,.T.);
#3912 = VERTEX_POINT('',#3913);
#3913 = CARTESIAN_POINT('',(8.75,68.,41.));
#3914 = LINE('',#3915,#3916);
#3915 = CARTESIAN_POINT('',(8.75,68.,47.1));
#3916 = VECTOR('',#3917,1.);
#3917 = DIRECTION('',(0.,0.,-1.));
#3918 = ORIENTED_EDGE('',*,*,#3919,.F.);
#3919 = EDGE_CURVE('',#3912,#3912,#3920,.T.);
#3920 = CIRCLE('',#3921,1.25);
#3921 = AXIS2_PLACEMENT_3D('',#3922,#3923,#3924);
#3922 = CARTESIAN_POINT('',(10.,68.,41.));
#3923 = DIRECTION('',(0.,0.,-1.));
#3924 = DIRECTION('',(-1.,0.,0.));
#3925 = ORIENTED_EDGE('',*,*,#3911,.F.);
#3926 = ORIENTED_EDGE('',*,*,#2694,.T.);
#3927 = CYLINDRICAL_SURFACE('',#3928,1.25);
#3928 = AXIS2_PLACEMENT_3D('',#3929,#3930,#3931);
#3929 = CARTESIAN_POINT('',(10.,68.,47.1));
#3930 = DIRECTION('',(0.,0.,-1.));
#3931 = DIRECTION('',(-1.,0.,0.));
#3932 = ADVANCED_FACE('',(#3933),#3937,.F.);
#3933 = FACE_BOUND('',#3934,.F.);
#3934 = EDGE_LOOP('',(#3935,#3936));
#3935 = ORIENTED_EDGE('',*,*,#2782,.F.);
#3936 = ORIENTED_EDGE('',*,*,#2825,.T.);
#3937 = PLANE('',#3938);
#3938 = AXIS2_PLACEMENT_3D('',#3939,#3940,#3941);
#3939 = CARTESIAN_POINT('',(-45.,66.,35.));
#3940 = DIRECTION('',(0.,1.,0.));
#3941 = DIRECTION('',(0.,0.,1.));
#3942 = ADVANCED_FACE('',(#3943),#3947,.F.);
#3943 = FACE_BOUND('',#3944,.F.);
#3944 = EDGE_LOOP('',(#3945,#3946));
#3945 = ORIENTED_EDGE('',*,*,#2759,.F.);
#3946 = ORIENTED_EDGE('',*,*,#2807,.T.);
#3947 = PLANE('',#3948);
#3948 = AXIS2_PLACEMENT_3D('',#3949,#3950,#3951);
#3949 = CARTESIAN_POINT('',(45.,66.,35.));
#3950 = DIRECTION('',(0.,1.,0.));
#3951 = DIRECTION('',(0.,0.,1.));
#3952 = ADVANCED_FACE('',(#3953),#3963,.F.);
#3953 = FACE_BOUND('',#3954,.F.);
#3954 = EDGE_LOOP('',(#3955,#3956,#3957,#3958,#3959,#3960,#3961,#3962));
#3955 = ORIENTED_EDGE('',*,*,#2896,.F.);
#3956 = ORIENTED_EDGE('',*,*,#2920,.T.);
#3957 = ORIENTED_EDGE('',*,*,#2952,.F.);
#3958 = ORIENTED_EDGE('',*,*,#2968,.T.);
#3959 = ORIENTED_EDGE('',*,*,#3001,.F.);
#3960 = ORIENTED_EDGE('',*,*,#3025,.F.);
#3961 = ORIENTED_EDGE('',*,*,#3041,.F.);
#3962 = ORIENTED_EDGE('',*,*,#3066,.F.);
#3963 = PLANE('',#3964);
#3964 = AXIS2_PLACEMENT_3D('',#3965,#3966,#3967);
#3965 = CARTESIAN_POINT('',(-58.5,73.5,-9.5));
#3966 = DIRECTION('',(-0.,1.,-0.));
#3967 = DIRECTION('',(-1.,0.,0.));
#3968 = ADVANCED_FACE('',(#3969),#3979,.F.);
#3969 = FACE_BOUND('',#3970,.F.);
#3970 = EDGE_LOOP('',(#3971,#3972,#3973,#3974,#3975,#3976,#3977,#3978));
#3971 = ORIENTED_EDGE('',*,*,#3092,.F.);
#3972 = ORIENTED_EDGE('',*,*,#3116,.T.);
#3973 = ORIENTED_EDGE('',*,*,#3148,.F.);
#3974 = ORIENTED_EDGE('',*,*,#3164,.T.);
#3975 = ORIENTED_EDGE('',*,*,#3197,.F.);
#3976 = ORIENTED_EDGE('',*,*,#3221,.F.);
#3977 = ORIENTED_EDGE('',*,*,#3237,.F.);
#3978 = ORIENTED_EDGE('',*,*,#3262,.F.);
#3979 = PLANE('',#3980);
#3980 = AXIS2_PLACEMENT_3D('',#3981,#3982,#3983);
#3981 = CARTESIAN_POINT('',(58.5,73.5,-9.5));
#3982 = DIRECTION('',(-0.,1.,-0.));
#3983 = DIRECTION('',(-1.,0.,0.));
#3984 = ADVANCED_FACE('',(#3985),#3992,.F.);
#3985 = FACE_BOUND('',#3986,.F.);
#3986 = EDGE_LOOP('',(#3987,#3988,#3989,#3990,#3991));
#3987 = ORIENTED_EDGE('',*,*,#3394,.F.);
#3988 = ORIENTED_EDGE('',*,*,#3287,.F.);
#3989 = ORIENTED_EDGE('',*,*,#3310,.T.);
#3990 = ORIENTED_EDGE('',*,*,#3343,.F.);
#3991 = ORIENTED_EDGE('',*,*,#3360,.T.);
#3992 = PLANE('',#3993);
#3993 = AXIS2_PLACEMENT_3D('',#3994,#3995,#3996);
#3994 = CARTESIAN_POINT('',(32.5,43.,22.));
#3995 = DIRECTION('',(0.,1.,0.));
#3996 = DIRECTION('',(0.,0.,1.));
#3997 = ADVANCED_FACE('',(#3998),#4017,.F.);
#3998 = FACE_BOUND('',#3999,.F.);
#3999 = EDGE_LOOP('',(#4000,#4008,#4015,#4016));
#4000 = ORIENTED_EDGE('',*,*,#4001,.T.);
#4001 = EDGE_CURVE('',#3378,#4002,#4004,.T.);
#4002 = VERTEX_POINT('',#4003);
#4003 = CARTESIAN_POINT('',(36.75,48.,23.5));
#4004 = LINE('',#4005,#4006);
#4005 = CARTESIAN_POINT('',(36.75,48.,30.1));
#4006 = VECTOR('',#4007,1.);
#4007 = DIRECTION('',(0.,0.,-1.));
#4008 = ORIENTED_EDGE('',*,*,#4009,.F.);
#4009 = EDGE_CURVE('',#4002,#4002,#4010,.T.);
#4010 = CIRCLE('',#4011,1.25);
#4011 = AXIS2_PLACEMENT_3D('',#4012,#4013,#4014);
#4012 = CARTESIAN_POINT('',(38.,48.,23.5));
#4013 = DIRECTION('',(0.,0.,-1.));
#4014 = DIRECTION('',(-1.,0.,0.));
#4015 = ORIENTED_EDGE('',*,*,#4001,.F.);
#4016 = ORIENTED_EDGE('',*,*,#3377,.T.);
#4017 = CYLINDRICAL_SURFACE('',#4018,1.25);
#4018 = AXIS2_PLACEMENT_3D('',#4019,#4020,#4021);
#4019 = CARTESIAN_POINT('',(38.,48.,30.1));
#4020 = DIRECTION('',(0.,0.,-1.));
#4021 = DIRECTION('',(-1.,0.,0.));
#4022 = ADVANCED_FACE('',(#4023),#4029,.F.);
#4023 = FACE_BOUND('',#4024,.F.);
#4024 = EDGE_LOOP('',(#4025,#4026,#4027,#4028));
#4025 = ORIENTED_EDGE('',*,*,#3419,.F.);
#4026 = ORIENTED_EDGE('',*,*,#3442,.T.);
#4027 = ORIENTED_EDGE('',*,*,#3467,.T.);
#4028 = ORIENTED_EDGE('',*,*,#3501,.F.);
#4029 = PLANE('',#4030);
#4030 = AXIS2_PLACEMENT_3D('',#4031,#4032,#4033);
#4031 = CARTESIAN_POINT('',(-77.5,43.,22.));
#4032 = DIRECTION('',(0.,1.,0.));
#4033 = DIRECTION('',(0.,0.,1.));
#4034 = ADVANCED_FACE('',(#4035),#4054,.F.);
#4035 = FACE_BOUND('',#4036,.F.);
#4036 = EDGE_LOOP('',(#4037,#4045,#4052,#4053));
#4037 = ORIENTED_EDGE('',*,*,#4038,.T.);
#4038 = EDGE_CURVE('',#3485,#4039,#4041,.T.);
#4039 = VERTEX_POINT('',#4040);
#4040 = CARTESIAN_POINT('',(-75.25,48.,23.5));
#4041 = LINE('',#4042,#4043);
#4042 = CARTESIAN_POINT('',(-75.25,48.,30.1));
#4043 = VECTOR('',#4044,1.);
#4044 = DIRECTION('',(0.,0.,-1.));
#4045 = ORIENTED_EDGE('',*,*,#4046,.F.);
#4046 = EDGE_CURVE('',#4039,#4039,#4047,.T.);
#4047 = CIRCLE('',#4048,1.25);
#4048 = AXIS2_PLACEMENT_3D('',#4049,#4050,#4051);
#4049 = CARTESIAN_POINT('',(-74.,48.,23.5));
#4050 = DIRECTION('',(0.,0.,-1.));
#4051 = DIRECTION('',(-1.,0.,0.));
#4052 = ORIENTED_EDGE('',*,*,#4038,.F.);
#4053 = ORIENTED_EDGE('',*,*,#3484,.T.);
#4054 = CYLINDRICAL_SURFACE('',#4055,1.25);
#4055 = AXIS2_PLACEMENT_3D('',#4056,#4057,#4058);
#4056 = CARTESIAN_POINT('',(-74.,48.,30.1));
#4057 = DIRECTION('',(0.,0.,-1.));
#4058 = DIRECTION('',(-1.,0.,0.));
#4059 = ADVANCED_FACE('',(#4060),#4072,.F.);
#4060 = FACE_BOUND('',#4061,.F.);
#4061 = EDGE_LOOP('',(#4062,#4070,#4071));
#4062 = ORIENTED_EDGE('',*,*,#4063,.F.);
#4063 = EDGE_CURVE('',#3713,#4064,#4066,.T.);
#4064 = VERTEX_POINT('',#4065);
#4065 = CARTESIAN_POINT('',(45.,67.748924226216,35.));
#4066 = LINE('',#4067,#4068);
#4067 = CARTESIAN_POINT('',(45.,68.5,33.75));
#4068 = VECTOR('',#4069,1.);
#4069 = DIRECTION('',(2.1E-16,-0.51503807491,0.857167300702));
#4070 = ORIENTED_EDGE('',*,*,#3720,.T.);
#4071 = ORIENTED_EDGE('',*,*,#4063,.T.);
#4072 = CONICAL_SURFACE('',#4073,1.25,1.029744258677);
#4073 = AXIS2_PLACEMENT_3D('',#4074,#4075,#4076);
#4074 = CARTESIAN_POINT('',(45.,68.5,35.));
#4075 = DIRECTION('',(0.,1.,0.));
#4076 = DIRECTION('',(0.,0.,-1.));
#4077 = ADVANCED_FACE('',(#4078),#4090,.F.);
#4078 = FACE_BOUND('',#4079,.F.);
#4079 = EDGE_LOOP('',(#4080,#4088,#4089));
#4080 = ORIENTED_EDGE('',*,*,#4081,.F.);
#4081 = EDGE_CURVE('',#3738,#4082,#4084,.T.);
#4082 = VERTEX_POINT('',#4083);
#4083 = CARTESIAN_POINT('',(-45.,67.748924226216,35.));
#4084 = LINE('',#4085,#4086);
#4085 = CARTESIAN_POINT('',(-45.,68.5,33.75));
#4086 = VECTOR('',#4087,1.);
#4087 = DIRECTION('',(2.1E-16,-0.51503807491,0.857167300702));
#4088 = ORIENTED_EDGE('',*,*,#3745,.T.);
#4089 = ORIENTED_EDGE('',*,*,#4081,.T.);
#4090 = CONICAL_SURFACE('',#4091,1.25,1.029744258677);
#4091 = AXIS2_PLACEMENT_3D('',#4092,#4093,#4094);
#4092 = CARTESIAN_POINT('',(-45.,68.5,35.));
#4093 = DIRECTION('',(0.,1.,0.));
#4094 = DIRECTION('',(0.,0.,-1.));
#4095 = ADVANCED_FACE('',(#4096),#4108,.F.);
#4096 = FACE_BOUND('',#4097,.F.);
#4097 = EDGE_LOOP('',(#4098,#4106,#4107));
#4098 = ORIENTED_EDGE('',*,*,#4099,.F.);
#4099 = EDGE_CURVE('',#3775,#4100,#4102,.T.);
#4100 = VERTEX_POINT('',#4101);
#4101 = CARTESIAN_POINT('',(70.,67.,-39.74892422621));
#4102 = LINE('',#4103,#4104);
#4103 = CARTESIAN_POINT('',(71.25,67.,-40.5));
#4104 = VECTOR('',#4105,1.);
#4105 = DIRECTION('',(-0.857167300702,2.1E-16,0.51503807491));
#4106 = ORIENTED_EDGE('',*,*,#3782,.T.);
#4107 = ORIENTED_EDGE('',*,*,#4099,.T.);
#4108 = CONICAL_SURFACE('',#4109,1.25,1.029744258677);
#4109 = AXIS2_PLACEMENT_3D('',#4110,#4111,#4112);
#4110 = CARTESIAN_POINT('',(70.,67.,-40.5));
#4111 = DIRECTION('',(-0.,-0.,-1.));
#4112 = DIRECTION('',(1.,0.,0.));
#4113 = ADVANCED_FACE('',(#4114),#4126,.F.);
#4114 = FACE_BOUND('',#4115,.F.);
#4115 = EDGE_LOOP('',(#4116,#4124,#4125));
#4116 = ORIENTED_EDGE('',*,*,#4117,.F.);
#4117 = EDGE_CURVE('',#3800,#4118,#4120,.T.);
#4118 = VERTEX_POINT('',#4119);
#4119 = CARTESIAN_POINT('',(35.,67.,-39.74892422621));
#4120 = LINE('',#4121,#4122);
#4121 = CARTESIAN_POINT('',(36.25,67.,-40.5));
#4122 = VECTOR('',#4123,1.);
#4123 = DIRECTION('',(-0.857167300702,2.1E-16,0.51503807491));
#4124 = ORIENTED_EDGE('',*,*,#3807,.T.);
#4125 = ORIENTED_EDGE('',*,*,#4117,.T.);
#4126 = CONICAL_SURFACE('',#4127,1.25,1.029744258677);
#4127 = AXIS2_PLACEMENT_3D('',#4128,#4129,#4130);
#4128 = CARTESIAN_POINT('',(35.,67.,-40.5));
#4129 = DIRECTION('',(-0.,-0.,-1.));
#4130 = DIRECTION('',(1.,0.,0.));
#4131 = ADVANCED_FACE('',(#4132),#4144,.F.);
#4132 = FACE_BOUND('',#4133,.F.);
#4133 = EDGE_LOOP('',(#4134,#4142,#4143));
#4134 = ORIENTED_EDGE('',*,*,#4135,.F.);
#4135 = EDGE_CURVE('',#3825,#4136,#4138,.T.);
#4136 = VERTEX_POINT('',#4137);
#4137 = CARTESIAN_POINT('',(-35.,67.,-39.74892422621));
#4138 = LINE('',#4139,#4140);
#4139 = CARTESIAN_POINT('',(-33.75,67.,-40.5));
#4140 = VECTOR('',#4141,1.);
#4141 = DIRECTION('',(-0.857167300702,2.1E-16,0.51503807491));
#4142 = ORIENTED_EDGE('',*,*,#3832,.T.);
#4143 = ORIENTED_EDGE('',*,*,#4135,.T.);
#4144 = CONICAL_SURFACE('',#4145,1.25,1.029744258677);
#4145 = AXIS2_PLACEMENT_3D('',#4146,#4147,#4148);
#4146 = CARTESIAN_POINT('',(-35.,67.,-40.5));
#4147 = DIRECTION('',(-0.,-0.,-1.));
#4148 = DIRECTION('',(1.,0.,0.));
#4149 = ADVANCED_FACE('',(#4150),#4162,.F.);
#4150 = FACE_BOUND('',#4151,.F.);
#4151 = EDGE_LOOP('',(#4152,#4160,#4161));
#4152 = ORIENTED_EDGE('',*,*,#4153,.F.);
#4153 = EDGE_CURVE('',#3850,#4154,#4156,.T.);
#4154 = VERTEX_POINT('',#4155);
#4155 = CARTESIAN_POINT('',(-70.,67.,-39.74892422621));
#4156 = LINE('',#4157,#4158);
#4157 = CARTESIAN_POINT('',(-68.75,67.,-40.5));
#4158 = VECTOR('',#4159,1.);
#4159 = DIRECTION('',(-0.857167300702,2.1E-16,0.51503807491));
#4160 = ORIENTED_EDGE('',*,*,#3857,.T.);
#4161 = ORIENTED_EDGE('',*,*,#4153,.T.);
#4162 = CONICAL_SURFACE('',#4163,1.25,1.029744258677);
#4163 = AXIS2_PLACEMENT_3D('',#4164,#4165,#4166);
#4164 = CARTESIAN_POINT('',(-70.,67.,-40.5));
#4165 = DIRECTION('',(-0.,-0.,-1.));
#4166 = DIRECTION('',(1.,0.,0.));
#4167 = ADVANCED_FACE('',(#4168),#4180,.F.);
#4168 = FACE_BOUND('',#4169,.F.);
#4169 = EDGE_LOOP('',(#4170,#4178,#4179));
#4170 = ORIENTED_EDGE('',*,*,#4171,.F.);
#4171 = EDGE_CURVE('',#3887,#4172,#4174,.T.);
#4172 = VERTEX_POINT('',#4173);
#4173 = CARTESIAN_POINT('',(-10.,68.,40.248924226216));
#4174 = LINE('',#4175,#4176);
#4175 = CARTESIAN_POINT('',(-11.25,68.,41.));
#4176 = VECTOR('',#4177,1.);
#4177 = DIRECTION('',(0.857167300702,2.1E-16,-0.51503807491));
#4178 = ORIENTED_EDGE('',*,*,#3894,.T.);
#4179 = ORIENTED_EDGE('',*,*,#4171,.T.);
#4180 = CONICAL_SURFACE('',#4181,1.25,1.029744258677);
#4181 = AXIS2_PLACEMENT_3D('',#4182,#4183,#4184);
#4182 = CARTESIAN_POINT('',(-10.,68.,41.));
#4183 = DIRECTION('',(0.,0.,1.));
#4184 = DIRECTION('',(-1.,0.,0.));
#4185 = ADVANCED_FACE('',(#4186),#4198,.F.);
#4186 = FACE_BOUND('',#4187,.F.);
#4187 = EDGE_LOOP('',(#4188,#4196,#4197));
#4188 = ORIENTED_EDGE('',*,*,#4189,.F.);
#4189 = EDGE_CURVE('',#3912,#4190,#4192,.T.);
#4190 = VERTEX_POINT('',#4191);
#4191 = CARTESIAN_POINT('',(10.,68.,40.248924226216));
#4192 = LINE('',#4193,#4194);
#4193 = CARTESIAN_POINT('',(8.75,68.,41.));
#4194 = VECTOR('',#4195,1.);
#4195 = DIRECTION('',(0.857167300702,2.1E-16,-0.51503807491));
#4196 = ORIENTED_EDGE('',*,*,#3919,.T.);
#4197 = ORIENTED_EDGE('',*,*,#4189,.T.);
#4198 = CONICAL_SURFACE('',#4199,1.25,1.029744258677);
#4199 = AXIS2_PLACEMENT_3D('',#4200,#4201,#4202);
#4200 = CARTESIAN_POINT('',(10.,68.,41.));
#4201 = DIRECTION('',(0.,0.,1.));
#4202 = DIRECTION('',(-1.,0.,0.));
#4203 = ADVANCED_FACE('',(#4204),#4216,.F.);
#4204 = FACE_BOUND('',#4205,.F.);
#4205 = EDGE_LOOP('',(#4206,#4214,#4215));
#4206 = ORIENTED_EDGE('',*,*,#4207,.F.);
#4207 = EDGE_CURVE('',#4002,#4208,#4210,.T.);
#4208 = VERTEX_POINT('',#4209);
#4209 = CARTESIAN_POINT('',(38.,48.,22.748924226216));
#4210 = LINE('',#4211,#4212);
#4211 = CARTESIAN_POINT('',(36.75,48.,23.5));
#4212 = VECTOR('',#4213,1.);
#4213 = DIRECTION('',(0.857167300702,2.1E-16,-0.51503807491));
#4214 = ORIENTED_EDGE('',*,*,#4009,.T.);
#4215 = ORIENTED_EDGE('',*,*,#4207,.T.);
#4216 = CONICAL_SURFACE('',#4217,1.25,1.029744258677);
#4217 = AXIS2_PLACEMENT_3D('',#4218,#4219,#4220);
#4218 = CARTESIAN_POINT('',(38.,48.,23.5));
#4219 = DIRECTION('',(0.,0.,1.));
#4220 = DIRECTION('',(-1.,0.,0.));
#4221 = ADVANCED_FACE('',(#4222),#4234,.F.);
#4222 = FACE_BOUND('',#4223,.F.);
#4223 = EDGE_LOOP('',(#4224,#4232,#4233));
#4224 = ORIENTED_EDGE('',*,*,#4225,.F.);
#4225 = EDGE_CURVE('',#4039,#4226,#4228,.T.);
#4226 = VERTEX_POINT('',#4227);
#4227 = CARTESIAN_POINT('',(-74.,48.,22.748924226216));
#4228 = LINE('',#4229,#4230);
#4229 = CARTESIAN_POINT('',(-75.25,48.,23.5));
#4230 = VECTOR('',#4231,1.);
#4231 = DIRECTION('',(0.857167300702,2.1E-16,-0.51503807491));
#4232 = ORIENTED_EDGE('',*,*,#4046,.T.);
#4233 = ORIENTED_EDGE('',*,*,#4225,.T.);
#4234 = CONICAL_SURFACE('',#4235,1.25,1.029744258677);
#4235 = AXIS2_PLACEMENT_3D('',#4236,#4237,#4238);
#4236 = CARTESIAN_POINT('',(-74.,48.,23.5));
#4237 = DIRECTION('',(0.,0.,1.));
#4238 = DIRECTION('',(-1.,0.,0.));
#4239 = MANIFOLD_SOLID_BREP('',#4240);
#4240 = CLOSED_SHELL('',(#4241,#4274,#4299,#4781,#4970,#4992,#5009,#5093
    ,#5117,#5141,#5158,#5175,#5192,#5209,#5271,#5295,#5365,#5383,#5401,
    #5418,#5430,#5447,#5479,#5503,#5528,#5552,#5577,#5601,#5626,#5643,
    #5675,#5699,#5724,#5748,#5773,#5797,#5822,#5839,#5870,#5894,#5919,
    #5954,#5971,#6002,#6026,#6061,#6078,#6095,#6112,#6129,#6146,#6171,
    #6196,#6221,#6238,#6255,#6272,#6297,#6322,#6334,#6359,#6384,#6409,
    #6434,#6446,#6471,#6496,#6506,#6516,#6532,#6548,#6561,#6586,#6598,
    #6623,#6641,#6659,#6677,#6695,#6713,#6731,#6749,#6767,#6785));
#4241 = ADVANCED_FACE('',(#4242),#4269,.F.);
#4242 = FACE_BOUND('',#4243,.T.);
#4243 = EDGE_LOOP('',(#4244,#4253,#4261,#4268));
#4244 = ORIENTED_EDGE('',*,*,#4245,.T.);
#4245 = EDGE_CURVE('',#4246,#4246,#4248,.T.);
#4246 = VERTEX_POINT('',#4247);
#4247 = CARTESIAN_POINT('',(-82.,-73.5,23.3));
#4248 = CIRCLE('',#4249,1.7);
#4249 = AXIS2_PLACEMENT_3D('',#4250,#4251,#4252);
#4250 = CARTESIAN_POINT('',(-82.,-73.5,25.));
#4251 = DIRECTION('',(0.,-1.,0.));
#4252 = DIRECTION('',(0.,0.,-1.));
#4253 = ORIENTED_EDGE('',*,*,#4254,.T.);
#4254 = EDGE_CURVE('',#4246,#4255,#4257,.T.);
#4255 = VERTEX_POINT('',#4256);
#4256 = CARTESIAN_POINT('',(-82.,-72.,23.3));
#4257 = LINE('',#4258,#4259);
#4258 = CARTESIAN_POINT('',(-82.,-75.1,23.3));
#4259 = VECTOR('',#4260,1.);
#4260 = DIRECTION('',(0.,1.,0.));
#4261 = ORIENTED_EDGE('',*,*,#4262,.F.);
#4262 = EDGE_CURVE('',#4255,#4255,#4263,.T.);
#4263 = CIRCLE('',#4264,1.7);
#4264 = AXIS2_PLACEMENT_3D('',#4265,#4266,#4267);
#4265 = CARTESIAN_POINT('',(-82.,-72.,25.));
#4266 = DIRECTION('',(0.,-1.,0.));
#4267 = DIRECTION('',(0.,0.,-1.));
#4268 = ORIENTED_EDGE('',*,*,#4254,.F.);
#4269 = CYLINDRICAL_SURFACE('',#4270,1.7);
#4270 = AXIS2_PLACEMENT_3D('',#4271,#4272,#4273);
#4271 = CARTESIAN_POINT('',(-82.,-75.1,25.));
#4272 = DIRECTION('',(0.,1.,0.));
#4273 = DIRECTION('',(0.,0.,-1.));
#4274 = ADVANCED_FACE('',(#4275),#4294,.F.);
#4275 = FACE_BOUND('',#4276,.T.);
#4276 = EDGE_LOOP('',(#4277,#4278,#4286,#4293));
#4277 = ORIENTED_EDGE('',*,*,#4245,.F.);
#4278 = ORIENTED_EDGE('',*,*,#4279,.F.);
#4279 = EDGE_CURVE('',#4280,#4246,#4282,.T.);
#4280 = VERTEX_POINT('',#4281);
#4281 = CARTESIAN_POINT('',(-82.,-75.,21.8));
#4282 = LINE('',#4283,#4284);
#4283 = CARTESIAN_POINT('',(-82.,-75.,21.8));
#4284 = VECTOR('',#4285,1.);
#4285 = DIRECTION('',(1.7E-16,0.707106781187,0.707106781187));
#4286 = ORIENTED_EDGE('',*,*,#4287,.T.);
#4287 = EDGE_CURVE('',#4280,#4280,#4288,.T.);
#4288 = CIRCLE('',#4289,3.2);
#4289 = AXIS2_PLACEMENT_3D('',#4290,#4291,#4292);
#4290 = CARTESIAN_POINT('',(-82.,-75.,25.));
#4291 = DIRECTION('',(0.,-1.,0.));
#4292 = DIRECTION('',(0.,0.,-1.));
#4293 = ORIENTED_EDGE('',*,*,#4279,.T.);
#4294 = CONICAL_SURFACE('',#4295,3.2,0.785398163397);
#4295 = AXIS2_PLACEMENT_3D('',#4296,#4297,#4298);
#4296 = CARTESIAN_POINT('',(-82.,-75.,25.));
#4297 = DIRECTION('',(0.,-1.,0.));
#4298 = DIRECTION('',(0.,0.,-1.));
#4299 = ADVANCED_FACE('',(#4300,#4468,#4479,#4549,#4619,#4662,#4696,
    #4707,#4718,#4729,#4740,#4751,#4762,#4765),#4776,.T.);
#4300 = FACE_BOUND('',#4301,.F.);
#4301 = EDGE_LOOP('',(#4302,#4312,#4321,#4329,#4337,#4345,#4353,#4361,
    #4370,#4378,#4387,#4395,#4403,#4411,#4420,#4428,#4437,#4445,#4453,
    #4461));
#4302 = ORIENTED_EDGE('',*,*,#4303,.F.);
#4303 = EDGE_CURVE('',#4304,#4306,#4308,.T.);
#4304 = VERTEX_POINT('',#4305);
#4305 = CARTESIAN_POINT('',(-86.,-72.,-42.));
#4306 = VERTEX_POINT('',#4307);
#4307 = CARTESIAN_POINT('',(-86.,-72.,42.));
#4308 = LINE('',#4309,#4310);
#4309 = CARTESIAN_POINT('',(-86.,-72.,-42.));
#4310 = VECTOR('',#4311,1.);
#4311 = DIRECTION('',(0.,-2.2E-16,1.));
#4312 = ORIENTED_EDGE('',*,*,#4313,.T.);
#4313 = EDGE_CURVE('',#4304,#4314,#4316,.T.);
#4314 = VERTEX_POINT('',#4315);
#4315 = CARTESIAN_POINT('',(-81.,-72.,-47.));
#4316 = CIRCLE('',#4317,5.);
#4317 = AXIS2_PLACEMENT_3D('',#4318,#4319,#4320);
#4318 = CARTESIAN_POINT('',(-81.,-72.,-42.));
#4319 = DIRECTION('',(0.,-1.,-2.2E-16));
#4320 = DIRECTION('',(1.,0.,0.));
#4321 = ORIENTED_EDGE('',*,*,#4322,.T.);
#4322 = EDGE_CURVE('',#4314,#4323,#4325,.T.);
#4323 = VERTEX_POINT('',#4324);
#4324 = CARTESIAN_POINT('',(-77.5,-72.,-47.));
#4325 = LINE('',#4326,#4327);
#4326 = CARTESIAN_POINT('',(-81.,-72.,-47.));
#4327 = VECTOR('',#4328,1.);
#4328 = DIRECTION('',(1.,0.,0.));
#4329 = ORIENTED_EDGE('',*,*,#4330,.T.);
#4330 = EDGE_CURVE('',#4323,#4331,#4333,.T.);
#4331 = VERTEX_POINT('',#4332);
#4332 = CARTESIAN_POINT('',(-77.5,-72.,-39.));
#4333 = LINE('',#4334,#4335);
#4334 = CARTESIAN_POINT('',(-77.5,-72.,-47.));
#4335 = VECTOR('',#4336,1.);
#4336 = DIRECTION('',(0.,0.,1.));
#4337 = ORIENTED_EDGE('',*,*,#4338,.T.);
#4338 = EDGE_CURVE('',#4331,#4339,#4341,.T.);
#4339 = VERTEX_POINT('',#4340);
#4340 = CARTESIAN_POINT('',(77.5,-72.,-39.));
#4341 = LINE('',#4342,#4343);
#4342 = CARTESIAN_POINT('',(-77.5,-72.,-39.));
#4343 = VECTOR('',#4344,1.);
#4344 = DIRECTION('',(1.,0.,0.));
#4345 = ORIENTED_EDGE('',*,*,#4346,.F.);
#4346 = EDGE_CURVE('',#4347,#4339,#4349,.T.);
#4347 = VERTEX_POINT('',#4348);
#4348 = CARTESIAN_POINT('',(77.5,-72.,-47.));
#4349 = LINE('',#4350,#4351);
#4350 = CARTESIAN_POINT('',(77.5,-72.,-47.));
#4351 = VECTOR('',#4352,1.);
#4352 = DIRECTION('',(0.,0.,1.));
#4353 = ORIENTED_EDGE('',*,*,#4354,.T.);
#4354 = EDGE_CURVE('',#4347,#4355,#4357,.T.);
#4355 = VERTEX_POINT('',#4356);
#4356 = CARTESIAN_POINT('',(81.,-72.,-47.));
#4357 = LINE('',#4358,#4359);
#4358 = CARTESIAN_POINT('',(-81.,-72.,-47.));
#4359 = VECTOR('',#4360,1.);
#4360 = DIRECTION('',(1.,0.,0.));
#4361 = ORIENTED_EDGE('',*,*,#4362,.T.);
#4362 = EDGE_CURVE('',#4355,#4363,#4365,.T.);
#4363 = VERTEX_POINT('',#4364);
#4364 = CARTESIAN_POINT('',(86.,-72.,-42.));
#4365 = CIRCLE('',#4366,5.);
#4366 = AXIS2_PLACEMENT_3D('',#4367,#4368,#4369);
#4367 = CARTESIAN_POINT('',(81.,-72.,-42.));
#4368 = DIRECTION('',(0.,-1.,-2.2E-16));
#4369 = DIRECTION('',(1.,0.,0.));
#4370 = ORIENTED_EDGE('',*,*,#4371,.T.);
#4371 = EDGE_CURVE('',#4363,#4372,#4374,.T.);
#4372 = VERTEX_POINT('',#4373);
#4373 = CARTESIAN_POINT('',(86.,-72.,42.));
#4374 = LINE('',#4375,#4376);
#4375 = CARTESIAN_POINT('',(86.,-72.,-42.));
#4376 = VECTOR('',#4377,1.);
#4377 = DIRECTION('',(0.,-2.2E-16,1.));
#4378 = ORIENTED_EDGE('',*,*,#4379,.T.);
#4379 = EDGE_CURVE('',#4372,#4380,#4382,.T.);
#4380 = VERTEX_POINT('',#4381);
#4381 = CARTESIAN_POINT('',(81.,-72.,47.));
#4382 = CIRCLE('',#4383,5.);
#4383 = AXIS2_PLACEMENT_3D('',#4384,#4385,#4386);
#4384 = CARTESIAN_POINT('',(81.,-72.,42.));
#4385 = DIRECTION('',(0.,-1.,-2.2E-16));
#4386 = DIRECTION('',(1.,0.,0.));
#4387 = ORIENTED_EDGE('',*,*,#4388,.F.);
#4388 = EDGE_CURVE('',#4389,#4380,#4391,.T.);
#4389 = VERTEX_POINT('',#4390);
#4390 = CARTESIAN_POINT('',(77.5,-72.,47.));
#4391 = LINE('',#4392,#4393);
#4392 = CARTESIAN_POINT('',(-81.,-72.,47.));
#4393 = VECTOR('',#4394,1.);
#4394 = DIRECTION('',(1.,0.,0.));
#4395 = ORIENTED_EDGE('',*,*,#4396,.F.);
#4396 = EDGE_CURVE('',#4397,#4389,#4399,.T.);
#4397 = VERTEX_POINT('',#4398);
#4398 = CARTESIAN_POINT('',(77.5,-72.,39.));
#4399 = LINE('',#4400,#4401);
#4400 = CARTESIAN_POINT('',(77.5,-72.,39.));
#4401 = VECTOR('',#4402,1.);
#4402 = DIRECTION('',(0.,0.,1.));
#4403 = ORIENTED_EDGE('',*,*,#4404,.F.);
#4404 = EDGE_CURVE('',#4405,#4397,#4407,.T.);
#4405 = VERTEX_POINT('',#4406);
#4406 = CARTESIAN_POINT('',(48.,-72.,39.));
#4407 = LINE('',#4408,#4409);
#4408 = CARTESIAN_POINT('',(-77.5,-72.,39.));
#4409 = VECTOR('',#4410,1.);
#4410 = DIRECTION('',(1.,0.,0.));
#4411 = ORIENTED_EDGE('',*,*,#4412,.T.);
#4412 = EDGE_CURVE('',#4405,#4413,#4415,.T.);
#4413 = VERTEX_POINT('',#4414);
#4414 = CARTESIAN_POINT('',(42.,-72.,39.));
#4415 = CIRCLE('',#4416,5.);
#4416 = AXIS2_PLACEMENT_3D('',#4417,#4418,#4419);
#4417 = CARTESIAN_POINT('',(45.,-72.,35.));
#4418 = DIRECTION('',(0.,1.,0.));
#4419 = DIRECTION('',(0.,0.,1.));
#4420 = ORIENTED_EDGE('',*,*,#4421,.F.);
#4421 = EDGE_CURVE('',#4422,#4413,#4424,.T.);
#4422 = VERTEX_POINT('',#4423);
#4423 = CARTESIAN_POINT('',(-42.,-72.,39.));
#4424 = LINE('',#4425,#4426);
#4425 = CARTESIAN_POINT('',(-77.5,-72.,39.));
#4426 = VECTOR('',#4427,1.);
#4427 = DIRECTION('',(1.,0.,0.));
#4428 = ORIENTED_EDGE('',*,*,#4429,.T.);
#4429 = EDGE_CURVE('',#4422,#4430,#4432,.T.);
#4430 = VERTEX_POINT('',#4431);
#4431 = CARTESIAN_POINT('',(-48.,-72.,39.));
#4432 = CIRCLE('',#4433,5.);
#4433 = AXIS2_PLACEMENT_3D('',#4434,#4435,#4436);
#4434 = CARTESIAN_POINT('',(-45.,-72.,35.));
#4435 = DIRECTION('',(0.,1.,0.));
#4436 = DIRECTION('',(0.,0.,1.));
#4437 = ORIENTED_EDGE('',*,*,#4438,.F.);
#4438 = EDGE_CURVE('',#4439,#4430,#4441,.T.);
#4439 = VERTEX_POINT('',#4440);
#4440 = CARTESIAN_POINT('',(-77.5,-72.,39.));
#4441 = LINE('',#4442,#4443);
#4442 = CARTESIAN_POINT('',(-77.5,-72.,39.));
#4443 = VECTOR('',#4444,1.);
#4444 = DIRECTION('',(1.,0.,0.));
#4445 = ORIENTED_EDGE('',*,*,#4446,.T.);
#4446 = EDGE_CURVE('',#4439,#4447,#4449,.T.);
#4447 = VERTEX_POINT('',#4448);
#4448 = CARTESIAN_POINT('',(-77.5,-72.,47.));
#4449 = LINE('',#4450,#4451);
#4450 = CARTESIAN_POINT('',(-77.5,-72.,39.));
#4451 = VECTOR('',#4452,1.);
#4452 = DIRECTION('',(0.,0.,1.));
#4453 = ORIENTED_EDGE('',*,*,#4454,.F.);
#4454 = EDGE_CURVE('',#4455,#4447,#4457,.T.);
#4455 = VERTEX_POINT('',#4456);
#4456 = CARTESIAN_POINT('',(-81.,-72.,47.));
#4457 = LINE('',#4458,#4459);
#4458 = CARTESIAN_POINT('',(-81.,-72.,47.));
#4459 = VECTOR('',#4460,1.);
#4460 = DIRECTION('',(1.,0.,0.));
#4461 = ORIENTED_EDGE('',*,*,#4462,.T.);
#4462 = EDGE_CURVE('',#4455,#4306,#4463,.T.);
#4463 = CIRCLE('',#4464,5.);
#4464 = AXIS2_PLACEMENT_3D('',#4465,#4466,#4467);
#4465 = CARTESIAN_POINT('',(-81.,-72.,42.));
#4466 = DIRECTION('',(0.,-1.,-2.2E-16));
#4467 = DIRECTION('',(1.,0.,0.));
#4468 = FACE_BOUND('',#4469,.F.);
#4469 = EDGE_LOOP('',(#4470));
#4470 = ORIENTED_EDGE('',*,*,#4471,.T.);
#4471 = EDGE_CURVE('',#4472,#4472,#4474,.T.);
#4472 = VERTEX_POINT('',#4473);
#4473 = CARTESIAN_POINT('',(-8.E-15,-72.,33.));
#4474 = CIRCLE('',#4475,33.);
#4475 = AXIS2_PLACEMENT_3D('',#4476,#4477,#4478);
#4476 = CARTESIAN_POINT('',(0.,-72.,0.));
#4477 = DIRECTION('',(0.,1.,0.));
#4478 = DIRECTION('',(0.,0.,1.));
#4479 = FACE_BOUND('',#4480,.F.);
#4480 = EDGE_LOOP('',(#4481,#4492,#4500,#4509,#4517,#4526,#4534,#4543));
#4481 = ORIENTED_EDGE('',*,*,#4482,.F.);
#4482 = EDGE_CURVE('',#4483,#4485,#4487,.T.);
#4483 = VERTEX_POINT('',#4484);
#4484 = CARTESIAN_POINT('',(-78.,-72.,-31.));
#4485 = VERTEX_POINT('',#4486);
#4486 = CARTESIAN_POINT('',(-75.,-72.,-34.));
#4487 = CIRCLE('',#4488,3.);
#4488 = AXIS2_PLACEMENT_3D('',#4489,#4490,#4491);
#4489 = CARTESIAN_POINT('',(-75.,-72.,-31.));
#4490 = DIRECTION('',(0.,-1.,-1.1E-16));
#4491 = DIRECTION('',(1.,0.,0.));
#4492 = ORIENTED_EDGE('',*,*,#4493,.T.);
#4493 = EDGE_CURVE('',#4483,#4494,#4496,.T.);
#4494 = VERTEX_POINT('',#4495);
#4495 = CARTESIAN_POINT('',(-78.,-72.,12.));
#4496 = LINE('',#4497,#4498);
#4497 = CARTESIAN_POINT('',(-78.,-72.,-15.5));
#4498 = VECTOR('',#4499,1.);
#4499 = DIRECTION('',(0.,-1.1E-16,1.));
#4500 = ORIENTED_EDGE('',*,*,#4501,.F.);
#4501 = EDGE_CURVE('',#4502,#4494,#4504,.T.);
#4502 = VERTEX_POINT('',#4503);
#4503 = CARTESIAN_POINT('',(-75.,-72.,15.));
#4504 = CIRCLE('',#4505,3.);
#4505 = AXIS2_PLACEMENT_3D('',#4506,#4507,#4508);
#4506 = CARTESIAN_POINT('',(-75.,-72.,12.));
#4507 = DIRECTION('',(0.,-1.,-1.1E-16));
#4508 = DIRECTION('',(1.,0.,0.));
#4509 = ORIENTED_EDGE('',*,*,#4510,.F.);
#4510 = EDGE_CURVE('',#4511,#4502,#4513,.T.);
#4511 = VERTEX_POINT('',#4512);
#4512 = CARTESIAN_POINT('',(-42.,-72.,15.));
#4513 = LINE('',#4514,#4515);
#4514 = CARTESIAN_POINT('',(-37.5,-72.,15.));
#4515 = VECTOR('',#4516,1.);
#4516 = DIRECTION('',(-1.,-0.,-0.));
#4517 = ORIENTED_EDGE('',*,*,#4518,.F.);
#4518 = EDGE_CURVE('',#4519,#4511,#4521,.T.);
#4519 = VERTEX_POINT('',#4520);
#4520 = CARTESIAN_POINT('',(-39.,-72.,12.));
#4521 = CIRCLE('',#4522,3.);
#4522 = AXIS2_PLACEMENT_3D('',#4523,#4524,#4525);
#4523 = CARTESIAN_POINT('',(-42.,-72.,12.));
#4524 = DIRECTION('',(0.,-1.,-1.1E-16));
#4525 = DIRECTION('',(1.,0.,0.));
#4526 = ORIENTED_EDGE('',*,*,#4527,.F.);
#4527 = EDGE_CURVE('',#4528,#4519,#4530,.T.);
#4528 = VERTEX_POINT('',#4529);
#4529 = CARTESIAN_POINT('',(-39.,-72.,-31.));
#4530 = LINE('',#4531,#4532);
#4531 = CARTESIAN_POINT('',(-39.,-72.,-15.5));
#4532 = VECTOR('',#4533,1.);
#4533 = DIRECTION('',(0.,-1.1E-16,1.));
#4534 = ORIENTED_EDGE('',*,*,#4535,.F.);
#4535 = EDGE_CURVE('',#4536,#4528,#4538,.T.);
#4536 = VERTEX_POINT('',#4537);
#4537 = CARTESIAN_POINT('',(-42.,-72.,-34.));
#4538 = CIRCLE('',#4539,3.);
#4539 = AXIS2_PLACEMENT_3D('',#4540,#4541,#4542);
#4540 = CARTESIAN_POINT('',(-42.,-72.,-31.));
#4541 = DIRECTION('',(0.,-1.,-1.1E-16));
#4542 = DIRECTION('',(1.,0.,0.));
#4543 = ORIENTED_EDGE('',*,*,#4544,.T.);
#4544 = EDGE_CURVE('',#4536,#4485,#4545,.T.);
#4545 = LINE('',#4546,#4547);
#4546 = CARTESIAN_POINT('',(-37.5,-72.,-34.));
#4547 = VECTOR('',#4548,1.);
#4548 = DIRECTION('',(-1.,-0.,-0.));
#4549 = FACE_BOUND('',#4550,.F.);
#4550 = EDGE_LOOP('',(#4551,#4562,#4570,#4579,#4587,#4596,#4604,#4613));
#4551 = ORIENTED_EDGE('',*,*,#4552,.F.);
#4552 = EDGE_CURVE('',#4553,#4555,#4557,.T.);
#4553 = VERTEX_POINT('',#4554);
#4554 = CARTESIAN_POINT('',(39.,-72.,-31.));
#4555 = VERTEX_POINT('',#4556);
#4556 = CARTESIAN_POINT('',(42.,-72.,-34.));
#4557 = CIRCLE('',#4558,3.);
#4558 = AXIS2_PLACEMENT_3D('',#4559,#4560,#4561);
#4559 = CARTESIAN_POINT('',(42.,-72.,-31.));
#4560 = DIRECTION('',(0.,-1.,-1.1E-16));
#4561 = DIRECTION('',(1.,0.,0.));
#4562 = ORIENTED_EDGE('',*,*,#4563,.T.);
#4563 = EDGE_CURVE('',#4553,#4564,#4566,.T.);
#4564 = VERTEX_POINT('',#4565);
#4565 = CARTESIAN_POINT('',(39.,-72.,12.));
#4566 = LINE('',#4567,#4568);
#4567 = CARTESIAN_POINT('',(39.,-72.,-15.5));
#4568 = VECTOR('',#4569,1.);
#4569 = DIRECTION('',(0.,-1.1E-16,1.));
#4570 = ORIENTED_EDGE('',*,*,#4571,.F.);
#4571 = EDGE_CURVE('',#4572,#4564,#4574,.T.);
#4572 = VERTEX_POINT('',#4573);
#4573 = CARTESIAN_POINT('',(42.,-72.,15.));
#4574 = CIRCLE('',#4575,3.);
#4575 = AXIS2_PLACEMENT_3D('',#4576,#4577,#4578);
#4576 = CARTESIAN_POINT('',(42.,-72.,12.));
#4577 = DIRECTION('',(0.,-1.,-1.1E-16));
#4578 = DIRECTION('',(1.,0.,0.));
#4579 = ORIENTED_EDGE('',*,*,#4580,.F.);
#4580 = EDGE_CURVE('',#4581,#4572,#4583,.T.);
#4581 = VERTEX_POINT('',#4582);
#4582 = CARTESIAN_POINT('',(75.,-72.,15.));
#4583 = LINE('',#4584,#4585);
#4584 = CARTESIAN_POINT('',(21.,-72.,15.));
#4585 = VECTOR('',#4586,1.);
#4586 = DIRECTION('',(-1.,-0.,-0.));
#4587 = ORIENTED_EDGE('',*,*,#4588,.F.);
#4588 = EDGE_CURVE('',#4589,#4581,#4591,.T.);
#4589 = VERTEX_POINT('',#4590);
#4590 = CARTESIAN_POINT('',(78.,-72.,12.));
#4591 = CIRCLE('',#4592,3.);
#4592 = AXIS2_PLACEMENT_3D('',#4593,#4594,#4595);
#4593 = CARTESIAN_POINT('',(75.,-72.,12.));
#4594 = DIRECTION('',(0.,-1.,-1.1E-16));
#4595 = DIRECTION('',(1.,0.,0.));
#4596 = ORIENTED_EDGE('',*,*,#4597,.F.);
#4597 = EDGE_CURVE('',#4598,#4589,#4600,.T.);
#4598 = VERTEX_POINT('',#4599);
#4599 = CARTESIAN_POINT('',(78.,-72.,-31.));
#4600 = LINE('',#4601,#4602);
#4601 = CARTESIAN_POINT('',(78.,-72.,-15.5));
#4602 = VECTOR('',#4603,1.);
#4603 = DIRECTION('',(0.,-1.1E-16,1.));
#4604 = ORIENTED_EDGE('',*,*,#4605,.F.);
#4605 = EDGE_CURVE('',#4606,#4598,#4608,.T.);
#4606 = VERTEX_POINT('',#4607);
#4607 = CARTESIAN_POINT('',(75.,-72.,-34.));
#4608 = CIRCLE('',#4609,3.);
#4609 = AXIS2_PLACEMENT_3D('',#4610,#4611,#4612);
#4610 = CARTESIAN_POINT('',(75.,-72.,-31.));
#4611 = DIRECTION('',(0.,-1.,-1.1E-16));
#4612 = DIRECTION('',(1.,0.,0.));
#4613 = ORIENTED_EDGE('',*,*,#4614,.T.);
#4614 = EDGE_CURVE('',#4606,#4555,#4615,.T.);
#4615 = LINE('',#4616,#4617);
#4616 = CARTESIAN_POINT('',(21.,-72.,-34.));
#4617 = VECTOR('',#4618,1.);
#4618 = DIRECTION('',(-1.,-0.,-0.));
#4619 = FACE_BOUND('',#4620,.F.);
#4620 = EDGE_LOOP('',(#4621,#4631,#4639,#4648,#4656));
#4621 = ORIENTED_EDGE('',*,*,#4622,.F.);
#4622 = EDGE_CURVE('',#4623,#4625,#4627,.T.);
#4623 = VERTEX_POINT('',#4624);
#4624 = CARTESIAN_POINT('',(32.5,-72.,22.));
#4625 = VERTEX_POINT('',#4626);
#4626 = CARTESIAN_POINT('',(43.5,-72.,22.));
#4627 = LINE('',#4628,#4629);
#4628 = CARTESIAN_POINT('',(32.5,-72.,22.));
#4629 = VECTOR('',#4630,1.);
#4630 = DIRECTION('',(1.,0.,0.));
#4631 = ORIENTED_EDGE('',*,*,#4632,.T.);
#4632 = EDGE_CURVE('',#4623,#4633,#4635,.T.);
#4633 = VERTEX_POINT('',#4634);
#4634 = CARTESIAN_POINT('',(32.5,-72.,25.101020514434));
#4635 = LINE('',#4636,#4637);
#4636 = CARTESIAN_POINT('',(32.5,-72.,22.));
#4637 = VECTOR('',#4638,1.);
#4638 = DIRECTION('',(0.,0.,1.));
#4639 = ORIENTED_EDGE('',*,*,#4640,.F.);
#4640 = EDGE_CURVE('',#4641,#4633,#4643,.T.);
#4641 = VERTEX_POINT('',#4642);
#4642 = CARTESIAN_POINT('',(35.5,-72.,30.));
#4643 = CIRCLE('',#4644,5.5);
#4644 = AXIS2_PLACEMENT_3D('',#4645,#4646,#4647);
#4645 = CARTESIAN_POINT('',(30.,-72.,30.));
#4646 = DIRECTION('',(0.,1.,0.));
#4647 = DIRECTION('',(0.,0.,1.));
#4648 = ORIENTED_EDGE('',*,*,#4649,.T.);
#4649 = EDGE_CURVE('',#4641,#4650,#4652,.T.);
#4650 = VERTEX_POINT('',#4651);
#4651 = CARTESIAN_POINT('',(43.5,-72.,30.));
#4652 = LINE('',#4653,#4654);
#4653 = CARTESIAN_POINT('',(32.5,-72.,30.));
#4654 = VECTOR('',#4655,1.);
#4655 = DIRECTION('',(1.,0.,0.));
#4656 = ORIENTED_EDGE('',*,*,#4657,.F.);
#4657 = EDGE_CURVE('',#4625,#4650,#4658,.T.);
#4658 = LINE('',#4659,#4660);
#4659 = CARTESIAN_POINT('',(43.5,-72.,22.));
#4660 = VECTOR('',#4661,1.);
#4661 = DIRECTION('',(0.,0.,1.));
#4662 = FACE_BOUND('',#4663,.F.);
#4663 = EDGE_LOOP('',(#4664,#4674,#4682,#4690));
#4664 = ORIENTED_EDGE('',*,*,#4665,.F.);
#4665 = EDGE_CURVE('',#4666,#4668,#4670,.T.);
#4666 = VERTEX_POINT('',#4667);
#4667 = CARTESIAN_POINT('',(-77.5,-72.,22.));
#4668 = VERTEX_POINT('',#4669);
#4669 = CARTESIAN_POINT('',(-68.5,-72.,22.));
#4670 = LINE('',#4671,#4672);
#4671 = CARTESIAN_POINT('',(-77.5,-72.,22.));
#4672 = VECTOR('',#4673,1.);
#4673 = DIRECTION('',(1.,0.,0.));
#4674 = ORIENTED_EDGE('',*,*,#4675,.T.);
#4675 = EDGE_CURVE('',#4666,#4676,#4678,.T.);
#4676 = VERTEX_POINT('',#4677);
#4677 = CARTESIAN_POINT('',(-77.5,-72.,30.));
#4678 = LINE('',#4679,#4680);
#4679 = CARTESIAN_POINT('',(-77.5,-72.,22.));
#4680 = VECTOR('',#4681,1.);
#4681 = DIRECTION('',(0.,0.,1.));
#4682 = ORIENTED_EDGE('',*,*,#4683,.T.);
#4683 = EDGE_CURVE('',#4676,#4684,#4686,.T.);
#4684 = VERTEX_POINT('',#4685);
#4685 = CARTESIAN_POINT('',(-68.5,-72.,30.));
#4686 = LINE('',#4687,#4688);
#4687 = CARTESIAN_POINT('',(-77.5,-72.,30.));
#4688 = VECTOR('',#4689,1.);
#4689 = DIRECTION('',(1.,0.,0.));
#4690 = ORIENTED_EDGE('',*,*,#4691,.F.);
#4691 = EDGE_CURVE('',#4668,#4684,#4692,.T.);
#4692 = LINE('',#4693,#4694);
#4693 = CARTESIAN_POINT('',(-68.5,-72.,22.));
#4694 = VECTOR('',#4695,1.);
#4695 = DIRECTION('',(0.,0.,1.));
#4696 = FACE_BOUND('',#4697,.F.);
#4697 = EDGE_LOOP('',(#4698));
#4698 = ORIENTED_EDGE('',*,*,#4699,.T.);
#4699 = EDGE_CURVE('',#4700,#4700,#4702,.T.);
#4700 = VERTEX_POINT('',#4701);
#4701 = CARTESIAN_POINT('',(30.,-72.,32.2));
#4702 = CIRCLE('',#4703,2.2);
#4703 = AXIS2_PLACEMENT_3D('',#4704,#4705,#4706);
#4704 = CARTESIAN_POINT('',(30.,-72.,30.));
#4705 = DIRECTION('',(0.,1.,0.));
#4706 = DIRECTION('',(0.,0.,1.));
#4707 = FACE_BOUND('',#4708,.F.);
#4708 = EDGE_LOOP('',(#4709));
#4709 = ORIENTED_EDGE('',*,*,#4710,.T.);
#4710 = EDGE_CURVE('',#4711,#4711,#4713,.T.);
#4711 = VERTEX_POINT('',#4712);
#4712 = CARTESIAN_POINT('',(-30.,-72.,-27.8));
#4713 = CIRCLE('',#4714,2.2);
#4714 = AXIS2_PLACEMENT_3D('',#4715,#4716,#4717);
#4715 = CARTESIAN_POINT('',(-30.,-72.,-30.));
#4716 = DIRECTION('',(0.,1.,0.));
#4717 = DIRECTION('',(0.,0.,1.));
#4718 = FACE_BOUND('',#4719,.F.);
#4719 = EDGE_LOOP('',(#4720));
#4720 = ORIENTED_EDGE('',*,*,#4721,.T.);
#4721 = EDGE_CURVE('',#4722,#4722,#4724,.T.);
#4722 = VERTEX_POINT('',#4723);
#4723 = CARTESIAN_POINT('',(30.,-72.,-27.8));
#4724 = CIRCLE('',#4725,2.2);
#4725 = AXIS2_PLACEMENT_3D('',#4726,#4727,#4728);
#4726 = CARTESIAN_POINT('',(30.,-72.,-30.));
#4727 = DIRECTION('',(0.,1.,0.));
#4728 = DIRECTION('',(0.,0.,1.));
#4729 = FACE_BOUND('',#4730,.F.);
#4730 = EDGE_LOOP('',(#4731));
#4731 = ORIENTED_EDGE('',*,*,#4732,.T.);
#4732 = EDGE_CURVE('',#4733,#4733,#4735,.T.);
#4733 = VERTEX_POINT('',#4734);
#4734 = CARTESIAN_POINT('',(-30.,-72.,32.2));
#4735 = CIRCLE('',#4736,2.2);
#4736 = AXIS2_PLACEMENT_3D('',#4737,#4738,#4739);
#4737 = CARTESIAN_POINT('',(-30.,-72.,30.));
#4738 = DIRECTION('',(0.,1.,0.));
#4739 = DIRECTION('',(0.,0.,1.));
#4740 = FACE_BOUND('',#4741,.F.);
#4741 = EDGE_LOOP('',(#4742));
#4742 = ORIENTED_EDGE('',*,*,#4743,.F.);
#4743 = EDGE_CURVE('',#4744,#4744,#4746,.T.);
#4744 = VERTEX_POINT('',#4745);
#4745 = CARTESIAN_POINT('',(-82.,-72.,-26.7));
#4746 = CIRCLE('',#4747,1.7);
#4747 = AXIS2_PLACEMENT_3D('',#4748,#4749,#4750);
#4748 = CARTESIAN_POINT('',(-82.,-72.,-25.));
#4749 = DIRECTION('',(0.,-1.,0.));
#4750 = DIRECTION('',(0.,0.,-1.));
#4751 = FACE_BOUND('',#4752,.F.);
#4752 = EDGE_LOOP('',(#4753));
#4753 = ORIENTED_EDGE('',*,*,#4754,.F.);
#4754 = EDGE_CURVE('',#4755,#4755,#4757,.T.);
#4755 = VERTEX_POINT('',#4756);
#4756 = CARTESIAN_POINT('',(82.,-72.,-26.7));
#4757 = CIRCLE('',#4758,1.7);
#4758 = AXIS2_PLACEMENT_3D('',#4759,#4760,#4761);
#4759 = CARTESIAN_POINT('',(82.,-72.,-25.));
#4760 = DIRECTION('',(0.,-1.,0.));
#4761 = DIRECTION('',(0.,0.,-1.));
#4762 = FACE_BOUND('',#4763,.F.);
#4763 = EDGE_LOOP('',(#4764));
#4764 = ORIENTED_EDGE('',*,*,#4262,.F.);
#4765 = FACE_BOUND('',#4766,.F.);
#4766 = EDGE_LOOP('',(#4767));
#4767 = ORIENTED_EDGE('',*,*,#4768,.F.);
#4768 = EDGE_CURVE('',#4769,#4769,#4771,.T.);
#4769 = VERTEX_POINT('',#4770);
#4770 = CARTESIAN_POINT('',(82.,-72.,23.3));
#4771 = CIRCLE('',#4772,1.7);
#4772 = AXIS2_PLACEMENT_3D('',#4773,#4774,#4775);
#4773 = CARTESIAN_POINT('',(82.,-72.,25.));
#4774 = DIRECTION('',(0.,-1.,0.));
#4775 = DIRECTION('',(0.,0.,-1.));
#4776 = PLANE('',#4777);
#4777 = AXIS2_PLACEMENT_3D('',#4778,#4779,#4780);
#4778 = CARTESIAN_POINT('',(-2.1E-15,-72.,1.779065229211));
#4779 = DIRECTION('',(0.,1.,0.));
#4780 = DIRECTION('',(0.,0.,1.));
#4781 = ADVANCED_FACE('',(#4782,#4852,#4863,#4874,#4885,#4896,#4907,
    #4918,#4929,#4940,#4951,#4954),#4965,.T.);
#4782 = FACE_BOUND('',#4783,.F.);
#4783 = EDGE_LOOP('',(#4784,#4795,#4803,#4812,#4820,#4829,#4837,#4846));
#4784 = ORIENTED_EDGE('',*,*,#4785,.F.);
#4785 = EDGE_CURVE('',#4786,#4788,#4790,.T.);
#4786 = VERTEX_POINT('',#4787);
#4787 = CARTESIAN_POINT('',(-86.,-75.,-42.));
#4788 = VERTEX_POINT('',#4789);
#4789 = CARTESIAN_POINT('',(-81.,-75.,-47.));
#4790 = CIRCLE('',#4791,5.);
#4791 = AXIS2_PLACEMENT_3D('',#4792,#4793,#4794);
#4792 = CARTESIAN_POINT('',(-81.,-75.,-42.));
#4793 = DIRECTION('',(0.,-1.,-2.2E-16));
#4794 = DIRECTION('',(1.,0.,0.));
#4795 = ORIENTED_EDGE('',*,*,#4796,.T.);
#4796 = EDGE_CURVE('',#4786,#4797,#4799,.T.);
#4797 = VERTEX_POINT('',#4798);
#4798 = CARTESIAN_POINT('',(-86.,-75.,42.));
#4799 = LINE('',#4800,#4801);
#4800 = CARTESIAN_POINT('',(-86.,-75.,-42.));
#4801 = VECTOR('',#4802,1.);
#4802 = DIRECTION('',(0.,-2.2E-16,1.));
#4803 = ORIENTED_EDGE('',*,*,#4804,.F.);
#4804 = EDGE_CURVE('',#4805,#4797,#4807,.T.);
#4805 = VERTEX_POINT('',#4806);
#4806 = CARTESIAN_POINT('',(-81.,-75.,47.));
#4807 = CIRCLE('',#4808,5.);
#4808 = AXIS2_PLACEMENT_3D('',#4809,#4810,#4811);
#4809 = CARTESIAN_POINT('',(-81.,-75.,42.));
#4810 = DIRECTION('',(0.,-1.,-2.2E-16));
#4811 = DIRECTION('',(1.,0.,0.));
#4812 = ORIENTED_EDGE('',*,*,#4813,.T.);
#4813 = EDGE_CURVE('',#4805,#4814,#4816,.T.);
#4814 = VERTEX_POINT('',#4815);
#4815 = CARTESIAN_POINT('',(81.,-75.,47.));
#4816 = LINE('',#4817,#4818);
#4817 = CARTESIAN_POINT('',(-81.,-75.,47.));
#4818 = VECTOR('',#4819,1.);
#4819 = DIRECTION('',(1.,0.,0.));
#4820 = ORIENTED_EDGE('',*,*,#4821,.F.);
#4821 = EDGE_CURVE('',#4822,#4814,#4824,.T.);
#4822 = VERTEX_POINT('',#4823);
#4823 = CARTESIAN_POINT('',(86.,-75.,42.));
#4824 = CIRCLE('',#4825,5.);
#4825 = AXIS2_PLACEMENT_3D('',#4826,#4827,#4828);
#4826 = CARTESIAN_POINT('',(81.,-75.,42.));
#4827 = DIRECTION('',(0.,-1.,-2.2E-16));
#4828 = DIRECTION('',(1.,0.,0.));
#4829 = ORIENTED_EDGE('',*,*,#4830,.F.);
#4830 = EDGE_CURVE('',#4831,#4822,#4833,.T.);
#4831 = VERTEX_POINT('',#4832);
#4832 = CARTESIAN_POINT('',(86.,-75.,-42.));
#4833 = LINE('',#4834,#4835);
#4834 = CARTESIAN_POINT('',(86.,-75.,-42.));
#4835 = VECTOR('',#4836,1.);
#4836 = DIRECTION('',(0.,-2.2E-16,1.));
#4837 = ORIENTED_EDGE('',*,*,#4838,.F.);
#4838 = EDGE_CURVE('',#4839,#4831,#4841,.T.);
#4839 = VERTEX_POINT('',#4840);
#4840 = CARTESIAN_POINT('',(81.,-75.,-47.));
#4841 = CIRCLE('',#4842,5.);
#4842 = AXIS2_PLACEMENT_3D('',#4843,#4844,#4845);
#4843 = CARTESIAN_POINT('',(81.,-75.,-42.));
#4844 = DIRECTION('',(0.,-1.,-2.2E-16));
#4845 = DIRECTION('',(1.,0.,0.));
#4846 = ORIENTED_EDGE('',*,*,#4847,.F.);
#4847 = EDGE_CURVE('',#4788,#4839,#4848,.T.);
#4848 = LINE('',#4849,#4850);
#4849 = CARTESIAN_POINT('',(-81.,-75.,-47.));
#4850 = VECTOR('',#4851,1.);
#4851 = DIRECTION('',(1.,0.,0.));
#4852 = FACE_BOUND('',#4853,.F.);
#4853 = EDGE_LOOP('',(#4854));
#4854 = ORIENTED_EDGE('',*,*,#4855,.T.);
#4855 = EDGE_CURVE('',#4856,#4856,#4858,.T.);
#4856 = VERTEX_POINT('',#4857);
#4857 = CARTESIAN_POINT('',(82.,-75.,-28.2));
#4858 = CIRCLE('',#4859,3.2);
#4859 = AXIS2_PLACEMENT_3D('',#4860,#4861,#4862);
#4860 = CARTESIAN_POINT('',(82.,-75.,-25.));
#4861 = DIRECTION('',(0.,-1.,0.));
#4862 = DIRECTION('',(0.,0.,-1.));
#4863 = FACE_BOUND('',#4864,.F.);
#4864 = EDGE_LOOP('',(#4865));
#4865 = ORIENTED_EDGE('',*,*,#4866,.F.);
#4866 = EDGE_CURVE('',#4867,#4867,#4869,.T.);
#4867 = VERTEX_POINT('',#4868);
#4868 = CARTESIAN_POINT('',(30.,-75.,-27.8));
#4869 = CIRCLE('',#4870,2.2);
#4870 = AXIS2_PLACEMENT_3D('',#4871,#4872,#4873);
#4871 = CARTESIAN_POINT('',(30.,-75.,-30.));
#4872 = DIRECTION('',(0.,1.,0.));
#4873 = DIRECTION('',(0.,0.,1.));
#4874 = FACE_BOUND('',#4875,.F.);
#4875 = EDGE_LOOP('',(#4876));
#4876 = ORIENTED_EDGE('',*,*,#4877,.F.);
#4877 = EDGE_CURVE('',#4878,#4878,#4880,.T.);
#4878 = VERTEX_POINT('',#4879);
#4879 = CARTESIAN_POINT('',(-30.,-75.,-27.8));
#4880 = CIRCLE('',#4881,2.2);
#4881 = AXIS2_PLACEMENT_3D('',#4882,#4883,#4884);
#4882 = CARTESIAN_POINT('',(-30.,-75.,-30.));
#4883 = DIRECTION('',(0.,1.,0.));
#4884 = DIRECTION('',(0.,0.,1.));
#4885 = FACE_BOUND('',#4886,.F.);
#4886 = EDGE_LOOP('',(#4887));
#4887 = ORIENTED_EDGE('',*,*,#4888,.T.);
#4888 = EDGE_CURVE('',#4889,#4889,#4891,.T.);
#4889 = VERTEX_POINT('',#4890);
#4890 = CARTESIAN_POINT('',(-82.,-75.,-28.2));
#4891 = CIRCLE('',#4892,3.2);
#4892 = AXIS2_PLACEMENT_3D('',#4893,#4894,#4895);
#4893 = CARTESIAN_POINT('',(-82.,-75.,-25.));
#4894 = DIRECTION('',(0.,-1.,0.));
#4895 = DIRECTION('',(0.,0.,-1.));
#4896 = FACE_BOUND('',#4897,.F.);
#4897 = EDGE_LOOP('',(#4898));
#4898 = ORIENTED_EDGE('',*,*,#4899,.F.);
#4899 = EDGE_CURVE('',#4900,#4900,#4902,.T.);
#4900 = VERTEX_POINT('',#4901);
#4901 = CARTESIAN_POINT('',(-8.E-15,-75.,33.));
#4902 = CIRCLE('',#4903,33.);
#4903 = AXIS2_PLACEMENT_3D('',#4904,#4905,#4906);
#4904 = CARTESIAN_POINT('',(0.,-75.,0.));
#4905 = DIRECTION('',(0.,1.,0.));
#4906 = DIRECTION('',(0.,0.,1.));
#4907 = FACE_BOUND('',#4908,.F.);
#4908 = EDGE_LOOP('',(#4909));
#4909 = ORIENTED_EDGE('',*,*,#4910,.T.);
#4910 = EDGE_CURVE('',#4911,#4911,#4913,.T.);
#4911 = VERTEX_POINT('',#4912);
#4912 = CARTESIAN_POINT('',(82.,-75.,21.8));
#4913 = CIRCLE('',#4914,3.2);
#4914 = AXIS2_PLACEMENT_3D('',#4915,#4916,#4917);
#4915 = CARTESIAN_POINT('',(82.,-75.,25.));
#4916 = DIRECTION('',(0.,-1.,0.));
#4917 = DIRECTION('',(0.,0.,-1.));
#4918 = FACE_BOUND('',#4919,.F.);
#4919 = EDGE_LOOP('',(#4920));
#4920 = ORIENTED_EDGE('',*,*,#4921,.T.);
#4921 = EDGE_CURVE('',#4922,#4922,#4924,.T.);
#4922 = VERTEX_POINT('',#4923);
#4923 = CARTESIAN_POINT('',(45.,-75.,33.75));
#4924 = CIRCLE('',#4925,1.25);
#4925 = AXIS2_PLACEMENT_3D('',#4926,#4927,#4928);
#4926 = CARTESIAN_POINT('',(45.,-75.,35.));
#4927 = DIRECTION('',(0.,-1.,0.));
#4928 = DIRECTION('',(0.,0.,-1.));
#4929 = FACE_BOUND('',#4930,.F.);
#4930 = EDGE_LOOP('',(#4931));
#4931 = ORIENTED_EDGE('',*,*,#4932,.F.);
#4932 = EDGE_CURVE('',#4933,#4933,#4935,.T.);
#4933 = VERTEX_POINT('',#4934);
#4934 = CARTESIAN_POINT('',(30.,-75.,32.2));
#4935 = CIRCLE('',#4936,2.2);
#4936 = AXIS2_PLACEMENT_3D('',#4937,#4938,#4939);
#4937 = CARTESIAN_POINT('',(30.,-75.,30.));
#4938 = DIRECTION('',(0.,1.,0.));
#4939 = DIRECTION('',(0.,0.,1.));
#4940 = FACE_BOUND('',#4941,.F.);
#4941 = EDGE_LOOP('',(#4942));
#4942 = ORIENTED_EDGE('',*,*,#4943,.F.);
#4943 = EDGE_CURVE('',#4944,#4944,#4946,.T.);
#4944 = VERTEX_POINT('',#4945);
#4945 = CARTESIAN_POINT('',(-30.,-75.,32.2));
#4946 = CIRCLE('',#4947,2.2);
#4947 = AXIS2_PLACEMENT_3D('',#4948,#4949,#4950);
#4948 = CARTESIAN_POINT('',(-30.,-75.,30.));
#4949 = DIRECTION('',(0.,1.,0.));
#4950 = DIRECTION('',(0.,0.,1.));
#4951 = FACE_BOUND('',#4952,.F.);
#4952 = EDGE_LOOP('',(#4953));
#4953 = ORIENTED_EDGE('',*,*,#4287,.T.);
#4954 = FACE_BOUND('',#4955,.F.);
#4955 = EDGE_LOOP('',(#4956));
#4956 = ORIENTED_EDGE('',*,*,#4957,.T.);
#4957 = EDGE_CURVE('',#4958,#4958,#4960,.T.);
#4958 = VERTEX_POINT('',#4959);
#4959 = CARTESIAN_POINT('',(-45.,-75.,33.75));
#4960 = CIRCLE('',#4961,1.25);
#4961 = AXIS2_PLACEMENT_3D('',#4962,#4963,#4964);
#4962 = CARTESIAN_POINT('',(-45.,-75.,35.));
#4963 = DIRECTION('',(0.,-1.,0.));
#4964 = DIRECTION('',(0.,0.,-1.));
#4965 = PLANE('',#4966);
#4966 = AXIS2_PLACEMENT_3D('',#4967,#4968,#4969);
#4967 = CARTESIAN_POINT('',(1.74E-15,-75.,-1.665E-14));
#4968 = DIRECTION('',(0.,-1.,-2.2E-16));
#4969 = DIRECTION('',(1.,0.,0.));
#4970 = ADVANCED_FACE('',(#4971),#4987,.F.);
#4971 = FACE_BOUND('',#4972,.T.);
#4972 = EDGE_LOOP('',(#4973,#4979,#4980,#4986));
#4973 = ORIENTED_EDGE('',*,*,#4974,.F.);
#4974 = EDGE_CURVE('',#4786,#4304,#4975,.T.);
#4975 = LINE('',#4976,#4977);
#4976 = CARTESIAN_POINT('',(-86.,-75.,-42.));
#4977 = VECTOR('',#4978,1.);
#4978 = DIRECTION('',(0.,1.,2.2E-16));
#4979 = ORIENTED_EDGE('',*,*,#4796,.T.);
#4980 = ORIENTED_EDGE('',*,*,#4981,.T.);
#4981 = EDGE_CURVE('',#4797,#4306,#4982,.T.);
#4982 = LINE('',#4983,#4984);
#4983 = CARTESIAN_POINT('',(-86.,-75.,42.));
#4984 = VECTOR('',#4985,1.);
#4985 = DIRECTION('',(0.,1.,2.2E-16));
#4986 = ORIENTED_EDGE('',*,*,#4303,.F.);
#4987 = PLANE('',#4988);
#4988 = AXIS2_PLACEMENT_3D('',#4989,#4990,#4991);
#4989 = CARTESIAN_POINT('',(-86.,-75.,-42.));
#4990 = DIRECTION('',(1.,0.,0.));
#4991 = DIRECTION('',(0.,-1.,-2.2E-16));
#4992 = ADVANCED_FACE('',(#4993),#5004,.T.);
#4993 = FACE_BOUND('',#4994,.F.);
#4994 = EDGE_LOOP('',(#4995,#4996,#4997,#4998));
#4995 = ORIENTED_EDGE('',*,*,#4313,.F.);
#4996 = ORIENTED_EDGE('',*,*,#4974,.F.);
#4997 = ORIENTED_EDGE('',*,*,#4785,.T.);
#4998 = ORIENTED_EDGE('',*,*,#4999,.T.);
#4999 = EDGE_CURVE('',#4788,#4314,#5000,.T.);
#5000 = LINE('',#5001,#5002);
#5001 = CARTESIAN_POINT('',(-81.,-75.,-47.));
#5002 = VECTOR('',#5003,1.);
#5003 = DIRECTION('',(0.,1.,2.2E-16));
#5004 = CYLINDRICAL_SURFACE('',#5005,5.);
#5005 = AXIS2_PLACEMENT_3D('',#5006,#5007,#5008);
#5006 = CARTESIAN_POINT('',(-81.,-75.,-42.));
#5007 = DIRECTION('',(0.,1.,2.2E-16));
#5008 = DIRECTION('',(1.,0.,0.));
#5009 = ADVANCED_FACE('',(#5010,#5044,#5055,#5066,#5077),#5088,.T.);
#5010 = FACE_BOUND('',#5011,.F.);
#5011 = EDGE_LOOP('',(#5012,#5013,#5019,#5020,#5028,#5036,#5042,#5043));
#5012 = ORIENTED_EDGE('',*,*,#4847,.T.);
#5013 = ORIENTED_EDGE('',*,*,#5014,.T.);
#5014 = EDGE_CURVE('',#4839,#4355,#5015,.T.);
#5015 = LINE('',#5016,#5017);
#5016 = CARTESIAN_POINT('',(81.,-75.,-47.));
#5017 = VECTOR('',#5018,1.);
#5018 = DIRECTION('',(0.,1.,2.2E-16));
#5019 = ORIENTED_EDGE('',*,*,#4354,.F.);
#5020 = ORIENTED_EDGE('',*,*,#5021,.F.);
#5021 = EDGE_CURVE('',#5022,#4347,#5024,.T.);
#5022 = VERTEX_POINT('',#5023);
#5023 = CARTESIAN_POINT('',(77.5,-61.,-47.));
#5024 = LINE('',#5025,#5026);
#5025 = CARTESIAN_POINT('',(77.5,-61.,-47.));
#5026 = VECTOR('',#5027,1.);
#5027 = DIRECTION('',(-0.,-1.,-0.));
#5028 = ORIENTED_EDGE('',*,*,#5029,.F.);
#5029 = EDGE_CURVE('',#5030,#5022,#5032,.T.);
#5030 = VERTEX_POINT('',#5031);
#5031 = CARTESIAN_POINT('',(-77.5,-61.,-47.));
#5032 = LINE('',#5033,#5034);
#5033 = CARTESIAN_POINT('',(-77.5,-61.,-47.));
#5034 = VECTOR('',#5035,1.);
#5035 = DIRECTION('',(1.,0.,0.));
#5036 = ORIENTED_EDGE('',*,*,#5037,.T.);
#5037 = EDGE_CURVE('',#5030,#4323,#5038,.T.);
#5038 = LINE('',#5039,#5040);
#5039 = CARTESIAN_POINT('',(-77.5,-61.,-47.));
#5040 = VECTOR('',#5041,1.);
#5041 = DIRECTION('',(-0.,-1.,-0.));
#5042 = ORIENTED_EDGE('',*,*,#4322,.F.);
#5043 = ORIENTED_EDGE('',*,*,#4999,.F.);
#5044 = FACE_BOUND('',#5045,.F.);
#5045 = EDGE_LOOP('',(#5046));
#5046 = ORIENTED_EDGE('',*,*,#5047,.T.);
#5047 = EDGE_CURVE('',#5048,#5048,#5050,.T.);
#5048 = VERTEX_POINT('',#5049);
#5049 = CARTESIAN_POINT('',(71.25,-67.,-47.));
#5050 = CIRCLE('',#5051,1.25);
#5051 = AXIS2_PLACEMENT_3D('',#5052,#5053,#5054);
#5052 = CARTESIAN_POINT('',(70.,-67.,-47.));
#5053 = DIRECTION('',(0.,0.,-1.));
#5054 = DIRECTION('',(1.,0.,0.));
#5055 = FACE_BOUND('',#5056,.F.);
#5056 = EDGE_LOOP('',(#5057));
#5057 = ORIENTED_EDGE('',*,*,#5058,.T.);
#5058 = EDGE_CURVE('',#5059,#5059,#5061,.T.);
#5059 = VERTEX_POINT('',#5060);
#5060 = CARTESIAN_POINT('',(36.25,-67.,-47.));
#5061 = CIRCLE('',#5062,1.25);
#5062 = AXIS2_PLACEMENT_3D('',#5063,#5064,#5065);
#5063 = CARTESIAN_POINT('',(35.,-67.,-47.));
#5064 = DIRECTION('',(0.,0.,-1.));
#5065 = DIRECTION('',(1.,0.,0.));
#5066 = FACE_BOUND('',#5067,.F.);
#5067 = EDGE_LOOP('',(#5068));
#5068 = ORIENTED_EDGE('',*,*,#5069,.T.);
#5069 = EDGE_CURVE('',#5070,#5070,#5072,.T.);
#5070 = VERTEX_POINT('',#5071);
#5071 = CARTESIAN_POINT('',(-33.75,-67.,-47.));
#5072 = CIRCLE('',#5073,1.25);
#5073 = AXIS2_PLACEMENT_3D('',#5074,#5075,#5076);
#5074 = CARTESIAN_POINT('',(-35.,-67.,-47.));
#5075 = DIRECTION('',(0.,0.,-1.));
#5076 = DIRECTION('',(1.,0.,0.));
#5077 = FACE_BOUND('',#5078,.F.);
#5078 = EDGE_LOOP('',(#5079));
#5079 = ORIENTED_EDGE('',*,*,#5080,.T.);
#5080 = EDGE_CURVE('',#5081,#5081,#5083,.T.);
#5081 = VERTEX_POINT('',#5082);
#5082 = CARTESIAN_POINT('',(-68.75,-67.,-47.));
#5083 = CIRCLE('',#5084,1.25);
#5084 = AXIS2_PLACEMENT_3D('',#5085,#5086,#5087);
#5085 = CARTESIAN_POINT('',(-70.,-67.,-47.));
#5086 = DIRECTION('',(0.,0.,-1.));
#5087 = DIRECTION('',(1.,0.,0.));
#5088 = PLANE('',#5089);
#5089 = AXIS2_PLACEMENT_3D('',#5090,#5091,#5092);
#5090 = CARTESIAN_POINT('',(0.,-68.21875,-47.));
#5091 = DIRECTION('',(0.,0.,-1.));
#5092 = DIRECTION('',(1.,0.,0.));
#5093 = ADVANCED_FACE('',(#5094),#5112,.F.);
#5094 = FACE_BOUND('',#5095,.T.);
#5095 = EDGE_LOOP('',(#5096,#5104,#5105,#5106));
#5096 = ORIENTED_EDGE('',*,*,#5097,.F.);
#5097 = EDGE_CURVE('',#5030,#5098,#5100,.T.);
#5098 = VERTEX_POINT('',#5099);
#5099 = CARTESIAN_POINT('',(-77.5,-61.,-39.));
#5100 = LINE('',#5101,#5102);
#5101 = CARTESIAN_POINT('',(-77.5,-61.,-47.));
#5102 = VECTOR('',#5103,1.);
#5103 = DIRECTION('',(0.,0.,1.));
#5104 = ORIENTED_EDGE('',*,*,#5037,.T.);
#5105 = ORIENTED_EDGE('',*,*,#4330,.T.);
#5106 = ORIENTED_EDGE('',*,*,#5107,.F.);
#5107 = EDGE_CURVE('',#5098,#4331,#5108,.T.);
#5108 = LINE('',#5109,#5110);
#5109 = CARTESIAN_POINT('',(-77.5,-61.,-39.));
#5110 = VECTOR('',#5111,1.);
#5111 = DIRECTION('',(-0.,-1.,-0.));
#5112 = PLANE('',#5113);
#5113 = AXIS2_PLACEMENT_3D('',#5114,#5115,#5116);
#5114 = CARTESIAN_POINT('',(-77.5,-61.,-47.));
#5115 = DIRECTION('',(1.,0.,0.));
#5116 = DIRECTION('',(0.,0.,-1.));
#5117 = ADVANCED_FACE('',(#5118),#5136,.T.);
#5118 = FACE_BOUND('',#5119,.F.);
#5119 = EDGE_LOOP('',(#5120,#5121,#5129,#5135));
#5120 = ORIENTED_EDGE('',*,*,#5107,.F.);
#5121 = ORIENTED_EDGE('',*,*,#5122,.T.);
#5122 = EDGE_CURVE('',#5098,#5123,#5125,.T.);
#5123 = VERTEX_POINT('',#5124);
#5124 = CARTESIAN_POINT('',(77.5,-61.,-39.));
#5125 = LINE('',#5126,#5127);
#5126 = CARTESIAN_POINT('',(-77.5,-61.,-39.));
#5127 = VECTOR('',#5128,1.);
#5128 = DIRECTION('',(1.,0.,0.));
#5129 = ORIENTED_EDGE('',*,*,#5130,.T.);
#5130 = EDGE_CURVE('',#5123,#4339,#5131,.T.);
#5131 = LINE('',#5132,#5133);
#5132 = CARTESIAN_POINT('',(77.5,-61.,-39.));
#5133 = VECTOR('',#5134,1.);
#5134 = DIRECTION('',(-0.,-1.,-0.));
#5135 = ORIENTED_EDGE('',*,*,#4338,.F.);
#5136 = PLANE('',#5137);
#5137 = AXIS2_PLACEMENT_3D('',#5138,#5139,#5140);
#5138 = CARTESIAN_POINT('',(-77.5,-61.,-39.));
#5139 = DIRECTION('',(0.,0.,1.));
#5140 = DIRECTION('',(-1.,-0.,-0.));
#5141 = ADVANCED_FACE('',(#5142),#5153,.T.);
#5142 = FACE_BOUND('',#5143,.F.);
#5143 = EDGE_LOOP('',(#5144,#5150,#5151,#5152));
#5144 = ORIENTED_EDGE('',*,*,#5145,.F.);
#5145 = EDGE_CURVE('',#5022,#5123,#5146,.T.);
#5146 = LINE('',#5147,#5148);
#5147 = CARTESIAN_POINT('',(77.5,-61.,-47.));
#5148 = VECTOR('',#5149,1.);
#5149 = DIRECTION('',(0.,0.,1.));
#5150 = ORIENTED_EDGE('',*,*,#5021,.T.);
#5151 = ORIENTED_EDGE('',*,*,#4346,.T.);
#5152 = ORIENTED_EDGE('',*,*,#5130,.F.);
#5153 = PLANE('',#5154);
#5154 = AXIS2_PLACEMENT_3D('',#5155,#5156,#5157);
#5155 = CARTESIAN_POINT('',(77.5,-61.,-47.));
#5156 = DIRECTION('',(1.,0.,0.));
#5157 = DIRECTION('',(0.,0.,-1.));
#5158 = ADVANCED_FACE('',(#5159),#5170,.T.);
#5159 = FACE_BOUND('',#5160,.F.);
#5160 = EDGE_LOOP('',(#5161,#5162,#5163,#5164));
#5161 = ORIENTED_EDGE('',*,*,#4362,.F.);
#5162 = ORIENTED_EDGE('',*,*,#5014,.F.);
#5163 = ORIENTED_EDGE('',*,*,#4838,.T.);
#5164 = ORIENTED_EDGE('',*,*,#5165,.T.);
#5165 = EDGE_CURVE('',#4831,#4363,#5166,.T.);
#5166 = LINE('',#5167,#5168);
#5167 = CARTESIAN_POINT('',(86.,-75.,-42.));
#5168 = VECTOR('',#5169,1.);
#5169 = DIRECTION('',(0.,1.,2.2E-16));
#5170 = CYLINDRICAL_SURFACE('',#5171,5.);
#5171 = AXIS2_PLACEMENT_3D('',#5172,#5173,#5174);
#5172 = CARTESIAN_POINT('',(81.,-75.,-42.));
#5173 = DIRECTION('',(0.,1.,2.2E-16));
#5174 = DIRECTION('',(1.,0.,0.));
#5175 = ADVANCED_FACE('',(#5176),#5187,.T.);
#5176 = FACE_BOUND('',#5177,.F.);
#5177 = EDGE_LOOP('',(#5178,#5179,#5180,#5186));
#5178 = ORIENTED_EDGE('',*,*,#5165,.F.);
#5179 = ORIENTED_EDGE('',*,*,#4830,.T.);
#5180 = ORIENTED_EDGE('',*,*,#5181,.T.);
#5181 = EDGE_CURVE('',#4822,#4372,#5182,.T.);
#5182 = LINE('',#5183,#5184);
#5183 = CARTESIAN_POINT('',(86.,-75.,42.));
#5184 = VECTOR('',#5185,1.);
#5185 = DIRECTION('',(0.,1.,2.2E-16));
#5186 = ORIENTED_EDGE('',*,*,#4371,.F.);
#5187 = PLANE('',#5188);
#5188 = AXIS2_PLACEMENT_3D('',#5189,#5190,#5191);
#5189 = CARTESIAN_POINT('',(86.,-75.,-42.));
#5190 = DIRECTION('',(1.,0.,0.));
#5191 = DIRECTION('',(0.,-1.,-2.2E-16));
#5192 = ADVANCED_FACE('',(#5193),#5204,.T.);
#5193 = FACE_BOUND('',#5194,.F.);
#5194 = EDGE_LOOP('',(#5195,#5196,#5197,#5198));
#5195 = ORIENTED_EDGE('',*,*,#4379,.F.);
#5196 = ORIENTED_EDGE('',*,*,#5181,.F.);
#5197 = ORIENTED_EDGE('',*,*,#4821,.T.);
#5198 = ORIENTED_EDGE('',*,*,#5199,.T.);
#5199 = EDGE_CURVE('',#4814,#4380,#5200,.T.);
#5200 = LINE('',#5201,#5202);
#5201 = CARTESIAN_POINT('',(81.,-75.,47.));
#5202 = VECTOR('',#5203,1.);
#5203 = DIRECTION('',(0.,1.,2.2E-16));
#5204 = CYLINDRICAL_SURFACE('',#5205,5.);
#5205 = AXIS2_PLACEMENT_3D('',#5206,#5207,#5208);
#5206 = CARTESIAN_POINT('',(81.,-75.,42.));
#5207 = DIRECTION('',(0.,1.,2.2E-16));
#5208 = DIRECTION('',(1.,0.,0.));
#5209 = ADVANCED_FACE('',(#5210,#5244,#5255),#5266,.T.);
#5210 = FACE_BOUND('',#5211,.F.);
#5211 = EDGE_LOOP('',(#5212,#5213,#5219,#5220,#5228,#5236,#5242,#5243));
#5212 = ORIENTED_EDGE('',*,*,#4813,.F.);
#5213 = ORIENTED_EDGE('',*,*,#5214,.T.);
#5214 = EDGE_CURVE('',#4805,#4455,#5215,.T.);
#5215 = LINE('',#5216,#5217);
#5216 = CARTESIAN_POINT('',(-81.,-75.,47.));
#5217 = VECTOR('',#5218,1.);
#5218 = DIRECTION('',(0.,1.,2.2E-16));
#5219 = ORIENTED_EDGE('',*,*,#4454,.T.);
#5220 = ORIENTED_EDGE('',*,*,#5221,.F.);
#5221 = EDGE_CURVE('',#5222,#4447,#5224,.T.);
#5222 = VERTEX_POINT('',#5223);
#5223 = CARTESIAN_POINT('',(-77.5,-65.,47.));
#5224 = LINE('',#5225,#5226);
#5225 = CARTESIAN_POINT('',(-77.5,-65.,47.));
#5226 = VECTOR('',#5227,1.);
#5227 = DIRECTION('',(-0.,-1.,-0.));
#5228 = ORIENTED_EDGE('',*,*,#5229,.T.);
#5229 = EDGE_CURVE('',#5222,#5230,#5232,.T.);
#5230 = VERTEX_POINT('',#5231);
#5231 = CARTESIAN_POINT('',(77.5,-65.,47.));
#5232 = LINE('',#5233,#5234);
#5233 = CARTESIAN_POINT('',(-77.5,-65.,47.));
#5234 = VECTOR('',#5235,1.);
#5235 = DIRECTION('',(1.,0.,0.));
#5236 = ORIENTED_EDGE('',*,*,#5237,.T.);
#5237 = EDGE_CURVE('',#5230,#4389,#5238,.T.);
#5238 = LINE('',#5239,#5240);
#5239 = CARTESIAN_POINT('',(77.5,-65.,47.));
#5240 = VECTOR('',#5241,1.);
#5241 = DIRECTION('',(-0.,-1.,-0.));
#5242 = ORIENTED_EDGE('',*,*,#4388,.T.);
#5243 = ORIENTED_EDGE('',*,*,#5199,.F.);
#5244 = FACE_BOUND('',#5245,.F.);
#5245 = EDGE_LOOP('',(#5246));
#5246 = ORIENTED_EDGE('',*,*,#5247,.F.);
#5247 = EDGE_CURVE('',#5248,#5248,#5250,.T.);
#5248 = VERTEX_POINT('',#5249);
#5249 = CARTESIAN_POINT('',(-11.25,-68.,47.));
#5250 = CIRCLE('',#5251,1.25);
#5251 = AXIS2_PLACEMENT_3D('',#5252,#5253,#5254);
#5252 = CARTESIAN_POINT('',(-10.,-68.,47.));
#5253 = DIRECTION('',(0.,0.,-1.));
#5254 = DIRECTION('',(-1.,0.,0.));
#5255 = FACE_BOUND('',#5256,.F.);
#5256 = EDGE_LOOP('',(#5257));
#5257 = ORIENTED_EDGE('',*,*,#5258,.F.);
#5258 = EDGE_CURVE('',#5259,#5259,#5261,.T.);
#5259 = VERTEX_POINT('',#5260);
#5260 = CARTESIAN_POINT('',(8.75,-68.,47.));
#5261 = CIRCLE('',#5262,1.25);
#5262 = AXIS2_PLACEMENT_3D('',#5263,#5264,#5265);
#5263 = CARTESIAN_POINT('',(10.,-68.,47.));
#5264 = DIRECTION('',(0.,0.,-1.));
#5265 = DIRECTION('',(-1.,0.,0.));
#5266 = PLANE('',#5267);
#5267 = AXIS2_PLACEMENT_3D('',#5268,#5269,#5270);
#5268 = CARTESIAN_POINT('',(0.,-70.14244186046,47.));
#5269 = DIRECTION('',(0.,0.,1.));
#5270 = DIRECTION('',(-1.,-0.,-0.));
#5271 = ADVANCED_FACE('',(#5272),#5290,.T.);
#5272 = FACE_BOUND('',#5273,.F.);
#5273 = EDGE_LOOP('',(#5274,#5282,#5288,#5289));
#5274 = ORIENTED_EDGE('',*,*,#5275,.F.);
#5275 = EDGE_CURVE('',#5276,#5230,#5278,.T.);
#5276 = VERTEX_POINT('',#5277);
#5277 = CARTESIAN_POINT('',(77.5,-65.,39.));
#5278 = LINE('',#5279,#5280);
#5279 = CARTESIAN_POINT('',(77.5,-65.,39.));
#5280 = VECTOR('',#5281,1.);
#5281 = DIRECTION('',(0.,0.,1.));
#5282 = ORIENTED_EDGE('',*,*,#5283,.T.);
#5283 = EDGE_CURVE('',#5276,#4397,#5284,.T.);
#5284 = LINE('',#5285,#5286);
#5285 = CARTESIAN_POINT('',(77.5,-65.,39.));
#5286 = VECTOR('',#5287,1.);
#5287 = DIRECTION('',(-0.,-1.,-0.));
#5288 = ORIENTED_EDGE('',*,*,#4396,.T.);
#5289 = ORIENTED_EDGE('',*,*,#5237,.F.);
#5290 = PLANE('',#5291);
#5291 = AXIS2_PLACEMENT_3D('',#5292,#5293,#5294);
#5292 = CARTESIAN_POINT('',(77.5,-65.,39.));
#5293 = DIRECTION('',(1.,0.,0.));
#5294 = DIRECTION('',(0.,0.,-1.));
#5295 = ADVANCED_FACE('',(#5296),#5360,.F.);
#5296 = FACE_BOUND('',#5297,.T.);
#5297 = EDGE_LOOP('',(#5298,#5306,#5312,#5313,#5314,#5322,#5330,#5336,
    #5337,#5345,#5353,#5359));
#5298 = ORIENTED_EDGE('',*,*,#5299,.F.);
#5299 = EDGE_CURVE('',#5300,#4439,#5302,.T.);
#5300 = VERTEX_POINT('',#5301);
#5301 = CARTESIAN_POINT('',(-77.5,-65.,39.));
#5302 = LINE('',#5303,#5304);
#5303 = CARTESIAN_POINT('',(-77.5,-65.,39.));
#5304 = VECTOR('',#5305,1.);
#5305 = DIRECTION('',(-0.,-1.,-0.));
#5306 = ORIENTED_EDGE('',*,*,#5307,.T.);
#5307 = EDGE_CURVE('',#5300,#5276,#5308,.T.);
#5308 = LINE('',#5309,#5310);
#5309 = CARTESIAN_POINT('',(-77.5,-65.,39.));
#5310 = VECTOR('',#5311,1.);
#5311 = DIRECTION('',(1.,0.,0.));
#5312 = ORIENTED_EDGE('',*,*,#5283,.T.);
#5313 = ORIENTED_EDGE('',*,*,#4404,.F.);
#5314 = ORIENTED_EDGE('',*,*,#5315,.F.);
#5315 = EDGE_CURVE('',#5316,#4405,#5318,.T.);
#5316 = VERTEX_POINT('',#5317);
#5317 = CARTESIAN_POINT('',(48.,-66.,39.));
#5318 = LINE('',#5319,#5320);
#5319 = CARTESIAN_POINT('',(48.,-66.,39.));
#5320 = VECTOR('',#5321,1.);
#5321 = DIRECTION('',(-0.,-1.,-0.));
#5322 = ORIENTED_EDGE('',*,*,#5323,.T.);
#5323 = EDGE_CURVE('',#5316,#5324,#5326,.T.);
#5324 = VERTEX_POINT('',#5325);
#5325 = CARTESIAN_POINT('',(42.,-66.,39.));
#5326 = LINE('',#5327,#5328);
#5327 = CARTESIAN_POINT('',(-16.25,-66.,39.));
#5328 = VECTOR('',#5329,1.);
#5329 = DIRECTION('',(-1.,-0.,-0.));
#5330 = ORIENTED_EDGE('',*,*,#5331,.T.);
#5331 = EDGE_CURVE('',#5324,#4413,#5332,.T.);
#5332 = LINE('',#5333,#5334);
#5333 = CARTESIAN_POINT('',(42.,-66.,39.));
#5334 = VECTOR('',#5335,1.);
#5335 = DIRECTION('',(-0.,-1.,-0.));
#5336 = ORIENTED_EDGE('',*,*,#4421,.F.);
#5337 = ORIENTED_EDGE('',*,*,#5338,.F.);
#5338 = EDGE_CURVE('',#5339,#4422,#5341,.T.);
#5339 = VERTEX_POINT('',#5340);
#5340 = CARTESIAN_POINT('',(-42.,-66.,39.));
#5341 = LINE('',#5342,#5343);
#5342 = CARTESIAN_POINT('',(-42.,-66.,39.));
#5343 = VECTOR('',#5344,1.);
#5344 = DIRECTION('',(-0.,-1.,-0.));
#5345 = ORIENTED_EDGE('',*,*,#5346,.T.);
#5346 = EDGE_CURVE('',#5339,#5347,#5349,.T.);
#5347 = VERTEX_POINT('',#5348);
#5348 = CARTESIAN_POINT('',(-48.,-66.,39.));
#5349 = LINE('',#5350,#5351);
#5350 = CARTESIAN_POINT('',(-61.25,-66.,39.));
#5351 = VECTOR('',#5352,1.);
#5352 = DIRECTION('',(-1.,-0.,-0.));
#5353 = ORIENTED_EDGE('',*,*,#5354,.T.);
#5354 = EDGE_CURVE('',#5347,#4430,#5355,.T.);
#5355 = LINE('',#5356,#5357);
#5356 = CARTESIAN_POINT('',(-48.,-66.,39.));
#5357 = VECTOR('',#5358,1.);
#5358 = DIRECTION('',(-0.,-1.,-0.));
#5359 = ORIENTED_EDGE('',*,*,#4438,.F.);
#5360 = PLANE('',#5361);
#5361 = AXIS2_PLACEMENT_3D('',#5362,#5363,#5364);
#5362 = CARTESIAN_POINT('',(-77.5,-65.,39.));
#5363 = DIRECTION('',(0.,0.,1.));
#5364 = DIRECTION('',(-1.,-0.,-0.));
#5365 = ADVANCED_FACE('',(#5366),#5378,.T.);
#5366 = FACE_BOUND('',#5367,.F.);
#5367 = EDGE_LOOP('',(#5368,#5369,#5370,#5377));
#5368 = ORIENTED_EDGE('',*,*,#4412,.F.);
#5369 = ORIENTED_EDGE('',*,*,#5315,.F.);
#5370 = ORIENTED_EDGE('',*,*,#5371,.T.);
#5371 = EDGE_CURVE('',#5316,#5324,#5372,.T.);
#5372 = CIRCLE('',#5373,5.);
#5373 = AXIS2_PLACEMENT_3D('',#5374,#5375,#5376);
#5374 = CARTESIAN_POINT('',(45.,-66.,35.));
#5375 = DIRECTION('',(0.,1.,0.));
#5376 = DIRECTION('',(0.,0.,1.));
#5377 = ORIENTED_EDGE('',*,*,#5331,.T.);
#5378 = CYLINDRICAL_SURFACE('',#5379,5.);
#5379 = AXIS2_PLACEMENT_3D('',#5380,#5381,#5382);
#5380 = CARTESIAN_POINT('',(45.,-66.,35.));
#5381 = DIRECTION('',(-0.,-1.,-0.));
#5382 = DIRECTION('',(0.,0.,1.));
#5383 = ADVANCED_FACE('',(#5384),#5396,.T.);
#5384 = FACE_BOUND('',#5385,.F.);
#5385 = EDGE_LOOP('',(#5386,#5387,#5388,#5395));
#5386 = ORIENTED_EDGE('',*,*,#4429,.F.);
#5387 = ORIENTED_EDGE('',*,*,#5338,.F.);
#5388 = ORIENTED_EDGE('',*,*,#5389,.T.);
#5389 = EDGE_CURVE('',#5339,#5347,#5390,.T.);
#5390 = CIRCLE('',#5391,5.);
#5391 = AXIS2_PLACEMENT_3D('',#5392,#5393,#5394);
#5392 = CARTESIAN_POINT('',(-45.,-66.,35.));
#5393 = DIRECTION('',(0.,1.,0.));
#5394 = DIRECTION('',(0.,0.,1.));
#5395 = ORIENTED_EDGE('',*,*,#5354,.T.);
#5396 = CYLINDRICAL_SURFACE('',#5397,5.);
#5397 = AXIS2_PLACEMENT_3D('',#5398,#5399,#5400);
#5398 = CARTESIAN_POINT('',(-45.,-66.,35.));
#5399 = DIRECTION('',(-0.,-1.,-0.));
#5400 = DIRECTION('',(0.,0.,1.));
#5401 = ADVANCED_FACE('',(#5402),#5413,.F.);
#5402 = FACE_BOUND('',#5403,.T.);
#5403 = EDGE_LOOP('',(#5404,#5410,#5411,#5412));
#5404 = ORIENTED_EDGE('',*,*,#5405,.F.);
#5405 = EDGE_CURVE('',#5300,#5222,#5406,.T.);
#5406 = LINE('',#5407,#5408);
#5407 = CARTESIAN_POINT('',(-77.5,-65.,39.));
#5408 = VECTOR('',#5409,1.);
#5409 = DIRECTION('',(0.,0.,1.));
#5410 = ORIENTED_EDGE('',*,*,#5299,.T.);
#5411 = ORIENTED_EDGE('',*,*,#4446,.T.);
#5412 = ORIENTED_EDGE('',*,*,#5221,.F.);
#5413 = PLANE('',#5414);
#5414 = AXIS2_PLACEMENT_3D('',#5415,#5416,#5417);
#5415 = CARTESIAN_POINT('',(-77.5,-65.,39.));
#5416 = DIRECTION('',(1.,0.,0.));
#5417 = DIRECTION('',(0.,0.,-1.));
#5418 = ADVANCED_FACE('',(#5419),#5425,.T.);
#5419 = FACE_BOUND('',#5420,.F.);
#5420 = EDGE_LOOP('',(#5421,#5422,#5423,#5424));
#5421 = ORIENTED_EDGE('',*,*,#4462,.F.);
#5422 = ORIENTED_EDGE('',*,*,#5214,.F.);
#5423 = ORIENTED_EDGE('',*,*,#4804,.T.);
#5424 = ORIENTED_EDGE('',*,*,#4981,.T.);
#5425 = CYLINDRICAL_SURFACE('',#5426,5.);
#5426 = AXIS2_PLACEMENT_3D('',#5427,#5428,#5429);
#5427 = CARTESIAN_POINT('',(-81.,-75.,42.));
#5428 = DIRECTION('',(0.,1.,2.2E-16));
#5429 = DIRECTION('',(1.,0.,0.));
#5430 = ADVANCED_FACE('',(#5431),#5442,.F.);
#5431 = FACE_BOUND('',#5432,.T.);
#5432 = EDGE_LOOP('',(#5433,#5434,#5440,#5441));
#5433 = ORIENTED_EDGE('',*,*,#4899,.F.);
#5434 = ORIENTED_EDGE('',*,*,#5435,.F.);
#5435 = EDGE_CURVE('',#4472,#4900,#5436,.T.);
#5436 = LINE('',#5437,#5438);
#5437 = CARTESIAN_POINT('',(-8.08E-15,-70.,33.));
#5438 = VECTOR('',#5439,1.);
#5439 = DIRECTION('',(-0.,-1.,-0.));
#5440 = ORIENTED_EDGE('',*,*,#4471,.T.);
#5441 = ORIENTED_EDGE('',*,*,#5435,.T.);
#5442 = CYLINDRICAL_SURFACE('',#5443,33.);
#5443 = AXIS2_PLACEMENT_3D('',#5444,#5445,#5446);
#5444 = CARTESIAN_POINT('',(0.,-70.,0.));
#5445 = DIRECTION('',(-0.,-1.,-0.));
#5446 = DIRECTION('',(0.,0.,1.));
#5447 = ADVANCED_FACE('',(#5448),#5474,.F.);
#5448 = FACE_BOUND('',#5449,.T.);
#5449 = EDGE_LOOP('',(#5450,#5451,#5459,#5468));
#5450 = ORIENTED_EDGE('',*,*,#4482,.F.);
#5451 = ORIENTED_EDGE('',*,*,#5452,.F.);
#5452 = EDGE_CURVE('',#5453,#4483,#5455,.T.);
#5453 = VERTEX_POINT('',#5454);
#5454 = CARTESIAN_POINT('',(-78.,-73.5,-31.));
#5455 = LINE('',#5456,#5457);
#5456 = CARTESIAN_POINT('',(-78.,-73.5,-31.));
#5457 = VECTOR('',#5458,1.);
#5458 = DIRECTION('',(0.,1.,2.2E-16));
#5459 = ORIENTED_EDGE('',*,*,#5460,.T.);
#5460 = EDGE_CURVE('',#5453,#5461,#5463,.T.);
#5461 = VERTEX_POINT('',#5462);
#5462 = CARTESIAN_POINT('',(-75.,-73.5,-34.));
#5463 = CIRCLE('',#5464,3.);
#5464 = AXIS2_PLACEMENT_3D('',#5465,#5466,#5467);
#5465 = CARTESIAN_POINT('',(-75.,-73.5,-31.));
#5466 = DIRECTION('',(0.,-1.,-2.2E-16));
#5467 = DIRECTION('',(1.,0.,0.));
#5468 = ORIENTED_EDGE('',*,*,#5469,.T.);
#5469 = EDGE_CURVE('',#5461,#4485,#5470,.T.);
#5470 = LINE('',#5471,#5472);
#5471 = CARTESIAN_POINT('',(-75.,-73.5,-34.));
#5472 = VECTOR('',#5473,1.);
#5473 = DIRECTION('',(0.,1.,2.2E-16));
#5474 = CYLINDRICAL_SURFACE('',#5475,3.);
#5475 = AXIS2_PLACEMENT_3D('',#5476,#5477,#5478);
#5476 = CARTESIAN_POINT('',(-75.,-73.5,-31.));
#5477 = DIRECTION('',(0.,1.,2.2E-16));
#5478 = DIRECTION('',(1.,0.,0.));
#5479 = ADVANCED_FACE('',(#5480),#5498,.T.);
#5480 = FACE_BOUND('',#5481,.F.);
#5481 = EDGE_LOOP('',(#5482,#5483,#5491,#5497));
#5482 = ORIENTED_EDGE('',*,*,#5452,.F.);
#5483 = ORIENTED_EDGE('',*,*,#5484,.T.);
#5484 = EDGE_CURVE('',#5453,#5485,#5487,.T.);
#5485 = VERTEX_POINT('',#5486);
#5486 = CARTESIAN_POINT('',(-78.,-73.5,12.));
#5487 = LINE('',#5488,#5489);
#5488 = CARTESIAN_POINT('',(-78.,-73.5,-31.));
#5489 = VECTOR('',#5490,1.);
#5490 = DIRECTION('',(0.,-2.2E-16,1.));
#5491 = ORIENTED_EDGE('',*,*,#5492,.T.);
#5492 = EDGE_CURVE('',#5485,#4494,#5493,.T.);
#5493 = LINE('',#5494,#5495);
#5494 = CARTESIAN_POINT('',(-78.,-73.5,12.));
#5495 = VECTOR('',#5496,1.);
#5496 = DIRECTION('',(0.,1.,2.2E-16));
#5497 = ORIENTED_EDGE('',*,*,#4493,.F.);
#5498 = PLANE('',#5499);
#5499 = AXIS2_PLACEMENT_3D('',#5500,#5501,#5502);
#5500 = CARTESIAN_POINT('',(-78.,-73.5,-31.));
#5501 = DIRECTION('',(1.,0.,0.));
#5502 = DIRECTION('',(0.,-1.,-2.2E-16));
#5503 = ADVANCED_FACE('',(#5504),#5523,.F.);
#5504 = FACE_BOUND('',#5505,.T.);
#5505 = EDGE_LOOP('',(#5506,#5507,#5515,#5522));
#5506 = ORIENTED_EDGE('',*,*,#4501,.F.);
#5507 = ORIENTED_EDGE('',*,*,#5508,.F.);
#5508 = EDGE_CURVE('',#5509,#4502,#5511,.T.);
#5509 = VERTEX_POINT('',#5510);
#5510 = CARTESIAN_POINT('',(-75.,-73.5,15.));
#5511 = LINE('',#5512,#5513);
#5512 = CARTESIAN_POINT('',(-75.,-73.5,15.));
#5513 = VECTOR('',#5514,1.);
#5514 = DIRECTION('',(0.,1.,2.2E-16));
#5515 = ORIENTED_EDGE('',*,*,#5516,.T.);
#5516 = EDGE_CURVE('',#5509,#5485,#5517,.T.);
#5517 = CIRCLE('',#5518,3.);
#5518 = AXIS2_PLACEMENT_3D('',#5519,#5520,#5521);
#5519 = CARTESIAN_POINT('',(-75.,-73.5,12.));
#5520 = DIRECTION('',(0.,-1.,-2.2E-16));
#5521 = DIRECTION('',(1.,0.,0.));
#5522 = ORIENTED_EDGE('',*,*,#5492,.T.);
#5523 = CYLINDRICAL_SURFACE('',#5524,3.);
#5524 = AXIS2_PLACEMENT_3D('',#5525,#5526,#5527);
#5525 = CARTESIAN_POINT('',(-75.,-73.5,12.));
#5526 = DIRECTION('',(0.,1.,2.2E-16));
#5527 = DIRECTION('',(1.,0.,0.));
#5528 = ADVANCED_FACE('',(#5529),#5547,.F.);
#5529 = FACE_BOUND('',#5530,.T.);
#5530 = EDGE_LOOP('',(#5531,#5539,#5540,#5541));
#5531 = ORIENTED_EDGE('',*,*,#5532,.F.);
#5532 = EDGE_CURVE('',#5509,#5533,#5535,.T.);
#5533 = VERTEX_POINT('',#5534);
#5534 = CARTESIAN_POINT('',(-42.,-73.5,15.));
#5535 = LINE('',#5536,#5537);
#5536 = CARTESIAN_POINT('',(-75.,-73.5,15.));
#5537 = VECTOR('',#5538,1.);
#5538 = DIRECTION('',(1.,0.,0.));
#5539 = ORIENTED_EDGE('',*,*,#5508,.T.);
#5540 = ORIENTED_EDGE('',*,*,#4510,.F.);
#5541 = ORIENTED_EDGE('',*,*,#5542,.F.);
#5542 = EDGE_CURVE('',#5533,#4511,#5543,.T.);
#5543 = LINE('',#5544,#5545);
#5544 = CARTESIAN_POINT('',(-42.,-73.5,15.));
#5545 = VECTOR('',#5546,1.);
#5546 = DIRECTION('',(0.,1.,2.2E-16));
#5547 = PLANE('',#5548);
#5548 = AXIS2_PLACEMENT_3D('',#5549,#5550,#5551);
#5549 = CARTESIAN_POINT('',(-75.,-73.5,15.));
#5550 = DIRECTION('',(0.,-2.2E-16,1.));
#5551 = DIRECTION('',(0.,-1.,-2.2E-16));
#5552 = ADVANCED_FACE('',(#5553),#5572,.F.);
#5553 = FACE_BOUND('',#5554,.T.);
#5554 = EDGE_LOOP('',(#5555,#5556,#5564,#5571));
#5555 = ORIENTED_EDGE('',*,*,#4518,.F.);
#5556 = ORIENTED_EDGE('',*,*,#5557,.F.);
#5557 = EDGE_CURVE('',#5558,#4519,#5560,.T.);
#5558 = VERTEX_POINT('',#5559);
#5559 = CARTESIAN_POINT('',(-39.,-73.5,12.));
#5560 = LINE('',#5561,#5562);
#5561 = CARTESIAN_POINT('',(-39.,-73.5,12.));
#5562 = VECTOR('',#5563,1.);
#5563 = DIRECTION('',(0.,1.,2.2E-16));
#5564 = ORIENTED_EDGE('',*,*,#5565,.T.);
#5565 = EDGE_CURVE('',#5558,#5533,#5566,.T.);
#5566 = CIRCLE('',#5567,3.);
#5567 = AXIS2_PLACEMENT_3D('',#5568,#5569,#5570);
#5568 = CARTESIAN_POINT('',(-42.,-73.5,12.));
#5569 = DIRECTION('',(0.,-1.,-2.2E-16));
#5570 = DIRECTION('',(1.,0.,0.));
#5571 = ORIENTED_EDGE('',*,*,#5542,.T.);
#5572 = CYLINDRICAL_SURFACE('',#5573,3.);
#5573 = AXIS2_PLACEMENT_3D('',#5574,#5575,#5576);
#5574 = CARTESIAN_POINT('',(-42.,-73.5,12.));
#5575 = DIRECTION('',(0.,1.,2.2E-16));
#5576 = DIRECTION('',(1.,0.,0.));
#5577 = ADVANCED_FACE('',(#5578),#5596,.F.);
#5578 = FACE_BOUND('',#5579,.T.);
#5579 = EDGE_LOOP('',(#5580,#5588,#5594,#5595));
#5580 = ORIENTED_EDGE('',*,*,#5581,.F.);
#5581 = EDGE_CURVE('',#5582,#4528,#5584,.T.);
#5582 = VERTEX_POINT('',#5583);
#5583 = CARTESIAN_POINT('',(-39.,-73.5,-31.));
#5584 = LINE('',#5585,#5586);
#5585 = CARTESIAN_POINT('',(-39.,-73.5,-31.));
#5586 = VECTOR('',#5587,1.);
#5587 = DIRECTION('',(0.,1.,2.2E-16));
#5588 = ORIENTED_EDGE('',*,*,#5589,.T.);
#5589 = EDGE_CURVE('',#5582,#5558,#5590,.T.);
#5590 = LINE('',#5591,#5592);
#5591 = CARTESIAN_POINT('',(-39.,-73.5,-31.));
#5592 = VECTOR('',#5593,1.);
#5593 = DIRECTION('',(0.,-2.2E-16,1.));
#5594 = ORIENTED_EDGE('',*,*,#5557,.T.);
#5595 = ORIENTED_EDGE('',*,*,#4527,.F.);
#5596 = PLANE('',#5597);
#5597 = AXIS2_PLACEMENT_3D('',#5598,#5599,#5600);
#5598 = CARTESIAN_POINT('',(-39.,-73.5,-31.));
#5599 = DIRECTION('',(1.,0.,0.));
#5600 = DIRECTION('',(0.,-1.,-2.2E-16));
#5601 = ADVANCED_FACE('',(#5602),#5621,.F.);
#5602 = FACE_BOUND('',#5603,.T.);
#5603 = EDGE_LOOP('',(#5604,#5613,#5614,#5615));
#5604 = ORIENTED_EDGE('',*,*,#5605,.T.);
#5605 = EDGE_CURVE('',#5606,#5582,#5608,.T.);
#5606 = VERTEX_POINT('',#5607);
#5607 = CARTESIAN_POINT('',(-42.,-73.5,-34.));
#5608 = CIRCLE('',#5609,3.);
#5609 = AXIS2_PLACEMENT_3D('',#5610,#5611,#5612);
#5610 = CARTESIAN_POINT('',(-42.,-73.5,-31.));
#5611 = DIRECTION('',(0.,-1.,-2.2E-16));
#5612 = DIRECTION('',(1.,0.,0.));
#5613 = ORIENTED_EDGE('',*,*,#5581,.T.);
#5614 = ORIENTED_EDGE('',*,*,#4535,.F.);
#5615 = ORIENTED_EDGE('',*,*,#5616,.F.);
#5616 = EDGE_CURVE('',#5606,#4536,#5617,.T.);
#5617 = LINE('',#5618,#5619);
#5618 = CARTESIAN_POINT('',(-42.,-73.5,-34.));
#5619 = VECTOR('',#5620,1.);
#5620 = DIRECTION('',(0.,1.,2.2E-16));
#5621 = CYLINDRICAL_SURFACE('',#5622,3.);
#5622 = AXIS2_PLACEMENT_3D('',#5623,#5624,#5625);
#5623 = CARTESIAN_POINT('',(-42.,-73.5,-31.));
#5624 = DIRECTION('',(0.,1.,2.2E-16));
#5625 = DIRECTION('',(1.,0.,0.));
#5626 = ADVANCED_FACE('',(#5627),#5638,.T.);
#5627 = FACE_BOUND('',#5628,.F.);
#5628 = EDGE_LOOP('',(#5629,#5635,#5636,#5637));
#5629 = ORIENTED_EDGE('',*,*,#5630,.F.);
#5630 = EDGE_CURVE('',#5461,#5606,#5631,.T.);
#5631 = LINE('',#5632,#5633);
#5632 = CARTESIAN_POINT('',(-75.,-73.5,-34.));
#5633 = VECTOR('',#5634,1.);
#5634 = DIRECTION('',(1.,0.,0.));
#5635 = ORIENTED_EDGE('',*,*,#5469,.T.);
#5636 = ORIENTED_EDGE('',*,*,#4544,.F.);
#5637 = ORIENTED_EDGE('',*,*,#5616,.F.);
#5638 = PLANE('',#5639);
#5639 = AXIS2_PLACEMENT_3D('',#5640,#5641,#5642);
#5640 = CARTESIAN_POINT('',(-75.,-73.5,-34.));
#5641 = DIRECTION('',(0.,-2.2E-16,1.));
#5642 = DIRECTION('',(0.,-1.,-2.2E-16));
#5643 = ADVANCED_FACE('',(#5644),#5670,.F.);
#5644 = FACE_BOUND('',#5645,.T.);
#5645 = EDGE_LOOP('',(#5646,#5647,#5655,#5664));
#5646 = ORIENTED_EDGE('',*,*,#4552,.F.);
#5647 = ORIENTED_EDGE('',*,*,#5648,.F.);
#5648 = EDGE_CURVE('',#5649,#4553,#5651,.T.);
#5649 = VERTEX_POINT('',#5650);
#5650 = CARTESIAN_POINT('',(39.,-73.5,-31.));
#5651 = LINE('',#5652,#5653);
#5652 = CARTESIAN_POINT('',(39.,-73.5,-31.));
#5653 = VECTOR('',#5654,1.);
#5654 = DIRECTION('',(0.,1.,2.2E-16));
#5655 = ORIENTED_EDGE('',*,*,#5656,.T.);
#5656 = EDGE_CURVE('',#5649,#5657,#5659,.T.);
#5657 = VERTEX_POINT('',#5658);
#5658 = CARTESIAN_POINT('',(42.,-73.5,-34.));
#5659 = CIRCLE('',#5660,3.);
#5660 = AXIS2_PLACEMENT_3D('',#5661,#5662,#5663);
#5661 = CARTESIAN_POINT('',(42.,-73.5,-31.));
#5662 = DIRECTION('',(0.,-1.,-2.2E-16));
#5663 = DIRECTION('',(1.,0.,0.));
#5664 = ORIENTED_EDGE('',*,*,#5665,.T.);
#5665 = EDGE_CURVE('',#5657,#4555,#5666,.T.);
#5666 = LINE('',#5667,#5668);
#5667 = CARTESIAN_POINT('',(42.,-73.5,-34.));
#5668 = VECTOR('',#5669,1.);
#5669 = DIRECTION('',(0.,1.,2.2E-16));
#5670 = CYLINDRICAL_SURFACE('',#5671,3.);
#5671 = AXIS2_PLACEMENT_3D('',#5672,#5673,#5674);
#5672 = CARTESIAN_POINT('',(42.,-73.5,-31.));
#5673 = DIRECTION('',(0.,1.,2.2E-16));
#5674 = DIRECTION('',(1.,0.,0.));
#5675 = ADVANCED_FACE('',(#5676),#5694,.T.);
#5676 = FACE_BOUND('',#5677,.F.);
#5677 = EDGE_LOOP('',(#5678,#5679,#5687,#5693));
#5678 = ORIENTED_EDGE('',*,*,#5648,.F.);
#5679 = ORIENTED_EDGE('',*,*,#5680,.T.);
#5680 = EDGE_CURVE('',#5649,#5681,#5683,.T.);
#5681 = VERTEX_POINT('',#5682);
#5682 = CARTESIAN_POINT('',(39.,-73.5,12.));
#5683 = LINE('',#5684,#5685);
#5684 = CARTESIAN_POINT('',(39.,-73.5,-31.));
#5685 = VECTOR('',#5686,1.);
#5686 = DIRECTION('',(0.,-2.2E-16,1.));
#5687 = ORIENTED_EDGE('',*,*,#5688,.T.);
#5688 = EDGE_CURVE('',#5681,#4564,#5689,.T.);
#5689 = LINE('',#5690,#5691);
#5690 = CARTESIAN_POINT('',(39.,-73.5,12.));
#5691 = VECTOR('',#5692,1.);
#5692 = DIRECTION('',(0.,1.,2.2E-16));
#5693 = ORIENTED_EDGE('',*,*,#4563,.F.);
#5694 = PLANE('',#5695);
#5695 = AXIS2_PLACEMENT_3D('',#5696,#5697,#5698);
#5696 = CARTESIAN_POINT('',(39.,-73.5,-31.));
#5697 = DIRECTION('',(1.,0.,0.));
#5698 = DIRECTION('',(0.,-1.,-2.2E-16));
#5699 = ADVANCED_FACE('',(#5700),#5719,.F.);
#5700 = FACE_BOUND('',#5701,.T.);
#5701 = EDGE_LOOP('',(#5702,#5703,#5711,#5718));
#5702 = ORIENTED_EDGE('',*,*,#4571,.F.);
#5703 = ORIENTED_EDGE('',*,*,#5704,.F.);
#5704 = EDGE_CURVE('',#5705,#4572,#5707,.T.);
#5705 = VERTEX_POINT('',#5706);
#5706 = CARTESIAN_POINT('',(42.,-73.5,15.));
#5707 = LINE('',#5708,#5709);
#5708 = CARTESIAN_POINT('',(42.,-73.5,15.));
#5709 = VECTOR('',#5710,1.);
#5710 = DIRECTION('',(0.,1.,2.2E-16));
#5711 = ORIENTED_EDGE('',*,*,#5712,.T.);
#5712 = EDGE_CURVE('',#5705,#5681,#5713,.T.);
#5713 = CIRCLE('',#5714,3.);
#5714 = AXIS2_PLACEMENT_3D('',#5715,#5716,#5717);
#5715 = CARTESIAN_POINT('',(42.,-73.5,12.));
#5716 = DIRECTION('',(0.,-1.,-2.2E-16));
#5717 = DIRECTION('',(1.,0.,0.));
#5718 = ORIENTED_EDGE('',*,*,#5688,.T.);
#5719 = CYLINDRICAL_SURFACE('',#5720,3.);
#5720 = AXIS2_PLACEMENT_3D('',#5721,#5722,#5723);
#5721 = CARTESIAN_POINT('',(42.,-73.5,12.));
#5722 = DIRECTION('',(0.,1.,2.2E-16));
#5723 = DIRECTION('',(1.,0.,0.));
#5724 = ADVANCED_FACE('',(#5725),#5743,.F.);
#5725 = FACE_BOUND('',#5726,.T.);
#5726 = EDGE_LOOP('',(#5727,#5735,#5736,#5737));
#5727 = ORIENTED_EDGE('',*,*,#5728,.F.);
#5728 = EDGE_CURVE('',#5705,#5729,#5731,.T.);
#5729 = VERTEX_POINT('',#5730);
#5730 = CARTESIAN_POINT('',(75.,-73.5,15.));
#5731 = LINE('',#5732,#5733);
#5732 = CARTESIAN_POINT('',(42.,-73.5,15.));
#5733 = VECTOR('',#5734,1.);
#5734 = DIRECTION('',(1.,0.,0.));
#5735 = ORIENTED_EDGE('',*,*,#5704,.T.);
#5736 = ORIENTED_EDGE('',*,*,#4580,.F.);
#5737 = ORIENTED_EDGE('',*,*,#5738,.F.);
#5738 = EDGE_CURVE('',#5729,#4581,#5739,.T.);
#5739 = LINE('',#5740,#5741);
#5740 = CARTESIAN_POINT('',(75.,-73.5,15.));
#5741 = VECTOR('',#5742,1.);
#5742 = DIRECTION('',(0.,1.,2.2E-16));
#5743 = PLANE('',#5744);
#5744 = AXIS2_PLACEMENT_3D('',#5745,#5746,#5747);
#5745 = CARTESIAN_POINT('',(42.,-73.5,15.));
#5746 = DIRECTION('',(0.,-2.2E-16,1.));
#5747 = DIRECTION('',(0.,-1.,-2.2E-16));
#5748 = ADVANCED_FACE('',(#5749),#5768,.F.);
#5749 = FACE_BOUND('',#5750,.T.);
#5750 = EDGE_LOOP('',(#5751,#5752,#5760,#5767));
#5751 = ORIENTED_EDGE('',*,*,#4588,.F.);
#5752 = ORIENTED_EDGE('',*,*,#5753,.F.);
#5753 = EDGE_CURVE('',#5754,#4589,#5756,.T.);
#5754 = VERTEX_POINT('',#5755);
#5755 = CARTESIAN_POINT('',(78.,-73.5,12.));
#5756 = LINE('',#5757,#5758);
#5757 = CARTESIAN_POINT('',(78.,-73.5,12.));
#5758 = VECTOR('',#5759,1.);
#5759 = DIRECTION('',(0.,1.,2.2E-16));
#5760 = ORIENTED_EDGE('',*,*,#5761,.T.);
#5761 = EDGE_CURVE('',#5754,#5729,#5762,.T.);
#5762 = CIRCLE('',#5763,3.);
#5763 = AXIS2_PLACEMENT_3D('',#5764,#5765,#5766);
#5764 = CARTESIAN_POINT('',(75.,-73.5,12.));
#5765 = DIRECTION('',(0.,-1.,-2.2E-16));
#5766 = DIRECTION('',(1.,0.,0.));
#5767 = ORIENTED_EDGE('',*,*,#5738,.T.);
#5768 = CYLINDRICAL_SURFACE('',#5769,3.);
#5769 = AXIS2_PLACEMENT_3D('',#5770,#5771,#5772);
#5770 = CARTESIAN_POINT('',(75.,-73.5,12.));
#5771 = DIRECTION('',(0.,1.,2.2E-16));
#5772 = DIRECTION('',(1.,0.,0.));
#5773 = ADVANCED_FACE('',(#5774),#5792,.F.);
#5774 = FACE_BOUND('',#5775,.T.);
#5775 = EDGE_LOOP('',(#5776,#5784,#5790,#5791));
#5776 = ORIENTED_EDGE('',*,*,#5777,.F.);
#5777 = EDGE_CURVE('',#5778,#4598,#5780,.T.);
#5778 = VERTEX_POINT('',#5779);
#5779 = CARTESIAN_POINT('',(78.,-73.5,-31.));
#5780 = LINE('',#5781,#5782);
#5781 = CARTESIAN_POINT('',(78.,-73.5,-31.));
#5782 = VECTOR('',#5783,1.);
#5783 = DIRECTION('',(0.,1.,2.2E-16));
#5784 = ORIENTED_EDGE('',*,*,#5785,.T.);
#5785 = EDGE_CURVE('',#5778,#5754,#5786,.T.);
#5786 = LINE('',#5787,#5788);
#5787 = CARTESIAN_POINT('',(78.,-73.5,-31.));
#5788 = VECTOR('',#5789,1.);
#5789 = DIRECTION('',(0.,-2.2E-16,1.));
#5790 = ORIENTED_EDGE('',*,*,#5753,.T.);
#5791 = ORIENTED_EDGE('',*,*,#4597,.F.);
#5792 = PLANE('',#5793);
#5793 = AXIS2_PLACEMENT_3D('',#5794,#5795,#5796);
#5794 = CARTESIAN_POINT('',(78.,-73.5,-31.));
#5795 = DIRECTION('',(1.,0.,0.));
#5796 = DIRECTION('',(0.,-1.,-2.2E-16));
#5797 = ADVANCED_FACE('',(#5798),#5817,.F.);
#5798 = FACE_BOUND('',#5799,.T.);
#5799 = EDGE_LOOP('',(#5800,#5809,#5810,#5811));
#5800 = ORIENTED_EDGE('',*,*,#5801,.T.);
#5801 = EDGE_CURVE('',#5802,#5778,#5804,.T.);
#5802 = VERTEX_POINT('',#5803);
#5803 = CARTESIAN_POINT('',(75.,-73.5,-34.));
#5804 = CIRCLE('',#5805,3.);
#5805 = AXIS2_PLACEMENT_3D('',#5806,#5807,#5808);
#5806 = CARTESIAN_POINT('',(75.,-73.5,-31.));
#5807 = DIRECTION('',(0.,-1.,-2.2E-16));
#5808 = DIRECTION('',(1.,0.,0.));
#5809 = ORIENTED_EDGE('',*,*,#5777,.T.);
#5810 = ORIENTED_EDGE('',*,*,#4605,.F.);
#5811 = ORIENTED_EDGE('',*,*,#5812,.F.);
#5812 = EDGE_CURVE('',#5802,#4606,#5813,.T.);
#5813 = LINE('',#5814,#5815);
#5814 = CARTESIAN_POINT('',(75.,-73.5,-34.));
#5815 = VECTOR('',#5816,1.);
#5816 = DIRECTION('',(0.,1.,2.2E-16));
#5817 = CYLINDRICAL_SURFACE('',#5818,3.);
#5818 = AXIS2_PLACEMENT_3D('',#5819,#5820,#5821);
#5819 = CARTESIAN_POINT('',(75.,-73.5,-31.));
#5820 = DIRECTION('',(0.,1.,2.2E-16));
#5821 = DIRECTION('',(1.,0.,0.));
#5822 = ADVANCED_FACE('',(#5823),#5834,.T.);
#5823 = FACE_BOUND('',#5824,.F.);
#5824 = EDGE_LOOP('',(#5825,#5831,#5832,#5833));
#5825 = ORIENTED_EDGE('',*,*,#5826,.F.);
#5826 = EDGE_CURVE('',#5657,#5802,#5827,.T.);
#5827 = LINE('',#5828,#5829);
#5828 = CARTESIAN_POINT('',(42.,-73.5,-34.));
#5829 = VECTOR('',#5830,1.);
#5830 = DIRECTION('',(1.,0.,0.));
#5831 = ORIENTED_EDGE('',*,*,#5665,.T.);
#5832 = ORIENTED_EDGE('',*,*,#4614,.F.);
#5833 = ORIENTED_EDGE('',*,*,#5812,.F.);
#5834 = PLANE('',#5835);
#5835 = AXIS2_PLACEMENT_3D('',#5836,#5837,#5838);
#5836 = CARTESIAN_POINT('',(42.,-73.5,-34.));
#5837 = DIRECTION('',(0.,-2.2E-16,1.));
#5838 = DIRECTION('',(0.,-1.,-2.2E-16));
#5839 = ADVANCED_FACE('',(#5840),#5865,.F.);
#5840 = FACE_BOUND('',#5841,.T.);
#5841 = EDGE_LOOP('',(#5842,#5850,#5858,#5864));
#5842 = ORIENTED_EDGE('',*,*,#5843,.F.);
#5843 = EDGE_CURVE('',#5844,#4623,#5846,.T.);
#5844 = VERTEX_POINT('',#5845);
#5845 = CARTESIAN_POINT('',(32.5,-43.,22.));
#5846 = LINE('',#5847,#5848);
#5847 = CARTESIAN_POINT('',(32.5,-43.,22.));
#5848 = VECTOR('',#5849,1.);
#5849 = DIRECTION('',(-0.,-1.,-0.));
#5850 = ORIENTED_EDGE('',*,*,#5851,.T.);
#5851 = EDGE_CURVE('',#5844,#5852,#5854,.T.);
#5852 = VERTEX_POINT('',#5853);
#5853 = CARTESIAN_POINT('',(43.5,-43.,22.));
#5854 = LINE('',#5855,#5856);
#5855 = CARTESIAN_POINT('',(32.5,-43.,22.));
#5856 = VECTOR('',#5857,1.);
#5857 = DIRECTION('',(1.,0.,0.));
#5858 = ORIENTED_EDGE('',*,*,#5859,.T.);
#5859 = EDGE_CURVE('',#5852,#4625,#5860,.T.);
#5860 = LINE('',#5861,#5862);
#5861 = CARTESIAN_POINT('',(43.5,-43.,22.));
#5862 = VECTOR('',#5863,1.);
#5863 = DIRECTION('',(-0.,-1.,-0.));
#5864 = ORIENTED_EDGE('',*,*,#4622,.F.);
#5865 = PLANE('',#5866);
#5866 = AXIS2_PLACEMENT_3D('',#5867,#5868,#5869);
#5867 = CARTESIAN_POINT('',(32.5,-43.,22.));
#5868 = DIRECTION('',(0.,0.,1.));
#5869 = DIRECTION('',(-1.,-0.,-0.));
#5870 = ADVANCED_FACE('',(#5871),#5889,.F.);
#5871 = FACE_BOUND('',#5872,.T.);
#5872 = EDGE_LOOP('',(#5873,#5881,#5882,#5883));
#5873 = ORIENTED_EDGE('',*,*,#5874,.F.);
#5874 = EDGE_CURVE('',#5844,#5875,#5877,.T.);
#5875 = VERTEX_POINT('',#5876);
#5876 = CARTESIAN_POINT('',(32.5,-43.,25.101020514434));
#5877 = LINE('',#5878,#5879);
#5878 = CARTESIAN_POINT('',(32.5,-43.,22.));
#5879 = VECTOR('',#5880,1.);
#5880 = DIRECTION('',(0.,0.,1.));
#5881 = ORIENTED_EDGE('',*,*,#5843,.T.);
#5882 = ORIENTED_EDGE('',*,*,#4632,.T.);
#5883 = ORIENTED_EDGE('',*,*,#5884,.F.);
#5884 = EDGE_CURVE('',#5875,#4633,#5885,.T.);
#5885 = LINE('',#5886,#5887);
#5886 = CARTESIAN_POINT('',(32.5,-42.9,25.101020514434));
#5887 = VECTOR('',#5888,1.);
#5888 = DIRECTION('',(-0.,-1.,-0.));
#5889 = PLANE('',#5890);
#5890 = AXIS2_PLACEMENT_3D('',#5891,#5892,#5893);
#5891 = CARTESIAN_POINT('',(32.5,-43.,22.));
#5892 = DIRECTION('',(1.,0.,0.));
#5893 = DIRECTION('',(0.,0.,-1.));
#5894 = ADVANCED_FACE('',(#5895),#5914,.F.);
#5895 = FACE_BOUND('',#5896,.T.);
#5896 = EDGE_LOOP('',(#5897,#5898,#5906,#5913));
#5897 = ORIENTED_EDGE('',*,*,#4640,.F.);
#5898 = ORIENTED_EDGE('',*,*,#5899,.F.);
#5899 = EDGE_CURVE('',#5900,#4641,#5902,.T.);
#5900 = VERTEX_POINT('',#5901);
#5901 = CARTESIAN_POINT('',(35.5,-43.,30.));
#5902 = LINE('',#5903,#5904);
#5903 = CARTESIAN_POINT('',(35.5,-42.9,30.));
#5904 = VECTOR('',#5905,1.);
#5905 = DIRECTION('',(-0.,-1.,-0.));
#5906 = ORIENTED_EDGE('',*,*,#5907,.T.);
#5907 = EDGE_CURVE('',#5900,#5875,#5908,.T.);
#5908 = CIRCLE('',#5909,5.5);
#5909 = AXIS2_PLACEMENT_3D('',#5910,#5911,#5912);
#5910 = CARTESIAN_POINT('',(30.,-43.,30.));
#5911 = DIRECTION('',(0.,1.,0.));
#5912 = DIRECTION('',(0.,0.,1.));
#5913 = ORIENTED_EDGE('',*,*,#5884,.T.);
#5914 = CYLINDRICAL_SURFACE('',#5915,5.5);
#5915 = AXIS2_PLACEMENT_3D('',#5916,#5917,#5918);
#5916 = CARTESIAN_POINT('',(30.,-42.9,30.));
#5917 = DIRECTION('',(-0.,-1.,-0.));
#5918 = DIRECTION('',(0.,0.,1.));
#5919 = ADVANCED_FACE('',(#5920,#5938),#5949,.T.);
#5920 = FACE_BOUND('',#5921,.F.);
#5921 = EDGE_LOOP('',(#5922,#5923,#5931,#5937));
#5922 = ORIENTED_EDGE('',*,*,#5899,.F.);
#5923 = ORIENTED_EDGE('',*,*,#5924,.T.);
#5924 = EDGE_CURVE('',#5900,#5925,#5927,.T.);
#5925 = VERTEX_POINT('',#5926);
#5926 = CARTESIAN_POINT('',(43.5,-43.,30.));
#5927 = LINE('',#5928,#5929);
#5928 = CARTESIAN_POINT('',(32.5,-43.,30.));
#5929 = VECTOR('',#5930,1.);
#5930 = DIRECTION('',(1.,0.,0.));
#5931 = ORIENTED_EDGE('',*,*,#5932,.T.);
#5932 = EDGE_CURVE('',#5925,#4650,#5933,.T.);
#5933 = LINE('',#5934,#5935);
#5934 = CARTESIAN_POINT('',(43.5,-43.,30.));
#5935 = VECTOR('',#5936,1.);
#5936 = DIRECTION('',(-0.,-1.,-0.));
#5937 = ORIENTED_EDGE('',*,*,#4649,.F.);
#5938 = FACE_BOUND('',#5939,.F.);
#5939 = EDGE_LOOP('',(#5940));
#5940 = ORIENTED_EDGE('',*,*,#5941,.T.);
#5941 = EDGE_CURVE('',#5942,#5942,#5944,.T.);
#5942 = VERTEX_POINT('',#5943);
#5943 = CARTESIAN_POINT('',(36.75,-48.,30.));
#5944 = CIRCLE('',#5945,1.25);
#5945 = AXIS2_PLACEMENT_3D('',#5946,#5947,#5948);
#5946 = CARTESIAN_POINT('',(38.,-48.,30.));
#5947 = DIRECTION('',(0.,0.,1.));
#5948 = DIRECTION('',(-1.,0.,0.));
#5949 = PLANE('',#5950);
#5950 = AXIS2_PLACEMENT_3D('',#5951,#5952,#5953);
#5951 = CARTESIAN_POINT('',(32.5,-43.,30.));
#5952 = DIRECTION('',(0.,0.,1.));
#5953 = DIRECTION('',(-1.,-0.,-0.));
#5954 = ADVANCED_FACE('',(#5955),#5966,.T.);
#5955 = FACE_BOUND('',#5956,.F.);
#5956 = EDGE_LOOP('',(#5957,#5963,#5964,#5965));
#5957 = ORIENTED_EDGE('',*,*,#5958,.F.);
#5958 = EDGE_CURVE('',#5852,#5925,#5959,.T.);
#5959 = LINE('',#5960,#5961);
#5960 = CARTESIAN_POINT('',(43.5,-43.,22.));
#5961 = VECTOR('',#5962,1.);
#5962 = DIRECTION('',(0.,0.,1.));
#5963 = ORIENTED_EDGE('',*,*,#5859,.T.);
#5964 = ORIENTED_EDGE('',*,*,#4657,.T.);
#5965 = ORIENTED_EDGE('',*,*,#5932,.F.);
#5966 = PLANE('',#5967);
#5967 = AXIS2_PLACEMENT_3D('',#5968,#5969,#5970);
#5968 = CARTESIAN_POINT('',(43.5,-43.,22.));
#5969 = DIRECTION('',(1.,0.,0.));
#5970 = DIRECTION('',(0.,0.,-1.));
#5971 = ADVANCED_FACE('',(#5972),#5997,.F.);
#5972 = FACE_BOUND('',#5973,.T.);
#5973 = EDGE_LOOP('',(#5974,#5982,#5990,#5996));
#5974 = ORIENTED_EDGE('',*,*,#5975,.F.);
#5975 = EDGE_CURVE('',#5976,#4666,#5978,.T.);
#5976 = VERTEX_POINT('',#5977);
#5977 = CARTESIAN_POINT('',(-77.5,-43.,22.));
#5978 = LINE('',#5979,#5980);
#5979 = CARTESIAN_POINT('',(-77.5,-43.,22.));
#5980 = VECTOR('',#5981,1.);
#5981 = DIRECTION('',(-0.,-1.,-0.));
#5982 = ORIENTED_EDGE('',*,*,#5983,.T.);
#5983 = EDGE_CURVE('',#5976,#5984,#5986,.T.);
#5984 = VERTEX_POINT('',#5985);
#5985 = CARTESIAN_POINT('',(-68.5,-43.,22.));
#5986 = LINE('',#5987,#5988);
#5987 = CARTESIAN_POINT('',(-77.5,-43.,22.));
#5988 = VECTOR('',#5989,1.);
#5989 = DIRECTION('',(1.,0.,0.));
#5990 = ORIENTED_EDGE('',*,*,#5991,.T.);
#5991 = EDGE_CURVE('',#5984,#4668,#5992,.T.);
#5992 = LINE('',#5993,#5994);
#5993 = CARTESIAN_POINT('',(-68.5,-43.,22.));
#5994 = VECTOR('',#5995,1.);
#5995 = DIRECTION('',(-0.,-1.,-0.));
#5996 = ORIENTED_EDGE('',*,*,#4665,.F.);
#5997 = PLANE('',#5998);
#5998 = AXIS2_PLACEMENT_3D('',#5999,#6000,#6001);
#5999 = CARTESIAN_POINT('',(-77.5,-43.,22.));
#6000 = DIRECTION('',(0.,0.,1.));
#6001 = DIRECTION('',(-1.,-0.,-0.));
#6002 = ADVANCED_FACE('',(#6003),#6021,.F.);
#6003 = FACE_BOUND('',#6004,.T.);
#6004 = EDGE_LOOP('',(#6005,#6013,#6014,#6015));
#6005 = ORIENTED_EDGE('',*,*,#6006,.F.);
#6006 = EDGE_CURVE('',#5976,#6007,#6009,.T.);
#6007 = VERTEX_POINT('',#6008);
#6008 = CARTESIAN_POINT('',(-77.5,-43.,30.));
#6009 = LINE('',#6010,#6011);
#6010 = CARTESIAN_POINT('',(-77.5,-43.,22.));
#6011 = VECTOR('',#6012,1.);
#6012 = DIRECTION('',(0.,0.,1.));
#6013 = ORIENTED_EDGE('',*,*,#5975,.T.);
#6014 = ORIENTED_EDGE('',*,*,#4675,.T.);
#6015 = ORIENTED_EDGE('',*,*,#6016,.F.);
#6016 = EDGE_CURVE('',#6007,#4676,#6017,.T.);
#6017 = LINE('',#6018,#6019);
#6018 = CARTESIAN_POINT('',(-77.5,-43.,30.));
#6019 = VECTOR('',#6020,1.);
#6020 = DIRECTION('',(-0.,-1.,-0.));
#6021 = PLANE('',#6022);
#6022 = AXIS2_PLACEMENT_3D('',#6023,#6024,#6025);
#6023 = CARTESIAN_POINT('',(-77.5,-43.,22.));
#6024 = DIRECTION('',(1.,0.,0.));
#6025 = DIRECTION('',(0.,0.,-1.));
#6026 = ADVANCED_FACE('',(#6027,#6045),#6056,.T.);
#6027 = FACE_BOUND('',#6028,.F.);
#6028 = EDGE_LOOP('',(#6029,#6030,#6038,#6044));
#6029 = ORIENTED_EDGE('',*,*,#6016,.F.);
#6030 = ORIENTED_EDGE('',*,*,#6031,.T.);
#6031 = EDGE_CURVE('',#6007,#6032,#6034,.T.);
#6032 = VERTEX_POINT('',#6033);
#6033 = CARTESIAN_POINT('',(-68.5,-43.,30.));
#6034 = LINE('',#6035,#6036);
#6035 = CARTESIAN_POINT('',(-77.5,-43.,30.));
#6036 = VECTOR('',#6037,1.);
#6037 = DIRECTION('',(1.,0.,0.));
#6038 = ORIENTED_EDGE('',*,*,#6039,.T.);
#6039 = EDGE_CURVE('',#6032,#4684,#6040,.T.);
#6040 = LINE('',#6041,#6042);
#6041 = CARTESIAN_POINT('',(-68.5,-43.,30.));
#6042 = VECTOR('',#6043,1.);
#6043 = DIRECTION('',(-0.,-1.,-0.));
#6044 = ORIENTED_EDGE('',*,*,#4683,.F.);
#6045 = FACE_BOUND('',#6046,.F.);
#6046 = EDGE_LOOP('',(#6047));
#6047 = ORIENTED_EDGE('',*,*,#6048,.T.);
#6048 = EDGE_CURVE('',#6049,#6049,#6051,.T.);
#6049 = VERTEX_POINT('',#6050);
#6050 = CARTESIAN_POINT('',(-75.25,-48.,30.));
#6051 = CIRCLE('',#6052,1.25);
#6052 = AXIS2_PLACEMENT_3D('',#6053,#6054,#6055);
#6053 = CARTESIAN_POINT('',(-74.,-48.,30.));
#6054 = DIRECTION('',(0.,0.,1.));
#6055 = DIRECTION('',(-1.,0.,0.));
#6056 = PLANE('',#6057);
#6057 = AXIS2_PLACEMENT_3D('',#6058,#6059,#6060);
#6058 = CARTESIAN_POINT('',(-77.5,-43.,30.));
#6059 = DIRECTION('',(0.,0.,1.));
#6060 = DIRECTION('',(-1.,-0.,-0.));
#6061 = ADVANCED_FACE('',(#6062),#6073,.T.);
#6062 = FACE_BOUND('',#6063,.F.);
#6063 = EDGE_LOOP('',(#6064,#6070,#6071,#6072));
#6064 = ORIENTED_EDGE('',*,*,#6065,.F.);
#6065 = EDGE_CURVE('',#5984,#6032,#6066,.T.);
#6066 = LINE('',#6067,#6068);
#6067 = CARTESIAN_POINT('',(-68.5,-43.,22.));
#6068 = VECTOR('',#6069,1.);
#6069 = DIRECTION('',(0.,0.,1.));
#6070 = ORIENTED_EDGE('',*,*,#5991,.T.);
#6071 = ORIENTED_EDGE('',*,*,#4691,.T.);
#6072 = ORIENTED_EDGE('',*,*,#6039,.F.);
#6073 = PLANE('',#6074);
#6074 = AXIS2_PLACEMENT_3D('',#6075,#6076,#6077);
#6075 = CARTESIAN_POINT('',(-68.5,-43.,22.));
#6076 = DIRECTION('',(1.,0.,0.));
#6077 = DIRECTION('',(0.,0.,-1.));
#6078 = ADVANCED_FACE('',(#6079),#6090,.F.);
#6079 = FACE_BOUND('',#6080,.T.);
#6080 = EDGE_LOOP('',(#6081,#6082,#6088,#6089));
#6081 = ORIENTED_EDGE('',*,*,#4932,.F.);
#6082 = ORIENTED_EDGE('',*,*,#6083,.F.);
#6083 = EDGE_CURVE('',#4700,#4933,#6084,.T.);
#6084 = LINE('',#6085,#6086);
#6085 = CARTESIAN_POINT('',(30.,-70.,32.2));
#6086 = VECTOR('',#6087,1.);
#6087 = DIRECTION('',(-0.,-1.,-0.));
#6088 = ORIENTED_EDGE('',*,*,#4699,.T.);
#6089 = ORIENTED_EDGE('',*,*,#6083,.T.);
#6090 = CYLINDRICAL_SURFACE('',#6091,2.2);
#6091 = AXIS2_PLACEMENT_3D('',#6092,#6093,#6094);
#6092 = CARTESIAN_POINT('',(30.,-70.,30.));
#6093 = DIRECTION('',(-0.,-1.,-0.));
#6094 = DIRECTION('',(0.,0.,1.));
#6095 = ADVANCED_FACE('',(#6096),#6107,.F.);
#6096 = FACE_BOUND('',#6097,.T.);
#6097 = EDGE_LOOP('',(#6098,#6099,#6105,#6106));
#6098 = ORIENTED_EDGE('',*,*,#4877,.F.);
#6099 = ORIENTED_EDGE('',*,*,#6100,.F.);
#6100 = EDGE_CURVE('',#4711,#4878,#6101,.T.);
#6101 = LINE('',#6102,#6103);
#6102 = CARTESIAN_POINT('',(-30.,-70.,-27.8));
#6103 = VECTOR('',#6104,1.);
#6104 = DIRECTION('',(-0.,-1.,-0.));
#6105 = ORIENTED_EDGE('',*,*,#4710,.T.);
#6106 = ORIENTED_EDGE('',*,*,#6100,.T.);
#6107 = CYLINDRICAL_SURFACE('',#6108,2.2);
#6108 = AXIS2_PLACEMENT_3D('',#6109,#6110,#6111);
#6109 = CARTESIAN_POINT('',(-30.,-70.,-30.));
#6110 = DIRECTION('',(-0.,-1.,-0.));
#6111 = DIRECTION('',(0.,0.,1.));
#6112 = ADVANCED_FACE('',(#6113),#6124,.F.);
#6113 = FACE_BOUND('',#6114,.T.);
#6114 = EDGE_LOOP('',(#6115,#6116,#6122,#6123));
#6115 = ORIENTED_EDGE('',*,*,#4866,.F.);
#6116 = ORIENTED_EDGE('',*,*,#6117,.F.);
#6117 = EDGE_CURVE('',#4722,#4867,#6118,.T.);
#6118 = LINE('',#6119,#6120);
#6119 = CARTESIAN_POINT('',(30.,-70.,-27.8));
#6120 = VECTOR('',#6121,1.);
#6121 = DIRECTION('',(-0.,-1.,-0.));
#6122 = ORIENTED_EDGE('',*,*,#4721,.T.);
#6123 = ORIENTED_EDGE('',*,*,#6117,.T.);
#6124 = CYLINDRICAL_SURFACE('',#6125,2.2);
#6125 = AXIS2_PLACEMENT_3D('',#6126,#6127,#6128);
#6126 = CARTESIAN_POINT('',(30.,-70.,-30.));
#6127 = DIRECTION('',(-0.,-1.,-0.));
#6128 = DIRECTION('',(0.,0.,1.));
#6129 = ADVANCED_FACE('',(#6130),#6141,.F.);
#6130 = FACE_BOUND('',#6131,.T.);
#6131 = EDGE_LOOP('',(#6132,#6133,#6139,#6140));
#6132 = ORIENTED_EDGE('',*,*,#4943,.F.);
#6133 = ORIENTED_EDGE('',*,*,#6134,.F.);
#6134 = EDGE_CURVE('',#4733,#4944,#6135,.T.);
#6135 = LINE('',#6136,#6137);
#6136 = CARTESIAN_POINT('',(-30.,-70.,32.2));
#6137 = VECTOR('',#6138,1.);
#6138 = DIRECTION('',(-0.,-1.,-0.));
#6139 = ORIENTED_EDGE('',*,*,#4732,.T.);
#6140 = ORIENTED_EDGE('',*,*,#6134,.T.);
#6141 = CYLINDRICAL_SURFACE('',#6142,2.2);
#6142 = AXIS2_PLACEMENT_3D('',#6143,#6144,#6145);
#6143 = CARTESIAN_POINT('',(-30.,-70.,30.));
#6144 = DIRECTION('',(-0.,-1.,-0.));
#6145 = DIRECTION('',(0.,0.,1.));
#6146 = ADVANCED_FACE('',(#6147),#6166,.F.);
#6147 = FACE_BOUND('',#6148,.T.);
#6148 = EDGE_LOOP('',(#6149,#6158,#6164,#6165));
#6149 = ORIENTED_EDGE('',*,*,#6150,.T.);
#6150 = EDGE_CURVE('',#6151,#6151,#6153,.T.);
#6151 = VERTEX_POINT('',#6152);
#6152 = CARTESIAN_POINT('',(-82.,-73.5,-26.7));
#6153 = CIRCLE('',#6154,1.7);
#6154 = AXIS2_PLACEMENT_3D('',#6155,#6156,#6157);
#6155 = CARTESIAN_POINT('',(-82.,-73.5,-25.));
#6156 = DIRECTION('',(0.,-1.,0.));
#6157 = DIRECTION('',(0.,0.,-1.));
#6158 = ORIENTED_EDGE('',*,*,#6159,.T.);
#6159 = EDGE_CURVE('',#6151,#4744,#6160,.T.);
#6160 = LINE('',#6161,#6162);
#6161 = CARTESIAN_POINT('',(-82.,-75.1,-26.7));
#6162 = VECTOR('',#6163,1.);
#6163 = DIRECTION('',(0.,1.,0.));
#6164 = ORIENTED_EDGE('',*,*,#4743,.F.);
#6165 = ORIENTED_EDGE('',*,*,#6159,.F.);
#6166 = CYLINDRICAL_SURFACE('',#6167,1.7);
#6167 = AXIS2_PLACEMENT_3D('',#6168,#6169,#6170);
#6168 = CARTESIAN_POINT('',(-82.,-75.1,-25.));
#6169 = DIRECTION('',(0.,1.,0.));
#6170 = DIRECTION('',(0.,0.,-1.));
#6171 = ADVANCED_FACE('',(#6172),#6191,.F.);
#6172 = FACE_BOUND('',#6173,.T.);
#6173 = EDGE_LOOP('',(#6174,#6183,#6189,#6190));
#6174 = ORIENTED_EDGE('',*,*,#6175,.T.);
#6175 = EDGE_CURVE('',#6176,#6176,#6178,.T.);
#6176 = VERTEX_POINT('',#6177);
#6177 = CARTESIAN_POINT('',(82.,-73.5,-26.7));
#6178 = CIRCLE('',#6179,1.7);
#6179 = AXIS2_PLACEMENT_3D('',#6180,#6181,#6182);
#6180 = CARTESIAN_POINT('',(82.,-73.5,-25.));
#6181 = DIRECTION('',(0.,-1.,0.));
#6182 = DIRECTION('',(0.,0.,-1.));
#6183 = ORIENTED_EDGE('',*,*,#6184,.T.);
#6184 = EDGE_CURVE('',#6176,#4755,#6185,.T.);
#6185 = LINE('',#6186,#6187);
#6186 = CARTESIAN_POINT('',(82.,-75.1,-26.7));
#6187 = VECTOR('',#6188,1.);
#6188 = DIRECTION('',(0.,1.,0.));
#6189 = ORIENTED_EDGE('',*,*,#4754,.F.);
#6190 = ORIENTED_EDGE('',*,*,#6184,.F.);
#6191 = CYLINDRICAL_SURFACE('',#6192,1.7);
#6192 = AXIS2_PLACEMENT_3D('',#6193,#6194,#6195);
#6193 = CARTESIAN_POINT('',(82.,-75.1,-25.));
#6194 = DIRECTION('',(0.,1.,0.));
#6195 = DIRECTION('',(0.,0.,-1.));
#6196 = ADVANCED_FACE('',(#6197),#6216,.F.);
#6197 = FACE_BOUND('',#6198,.T.);
#6198 = EDGE_LOOP('',(#6199,#6208,#6214,#6215));
#6199 = ORIENTED_EDGE('',*,*,#6200,.T.);
#6200 = EDGE_CURVE('',#6201,#6201,#6203,.T.);
#6201 = VERTEX_POINT('',#6202);
#6202 = CARTESIAN_POINT('',(82.,-73.5,23.3));
#6203 = CIRCLE('',#6204,1.7);
#6204 = AXIS2_PLACEMENT_3D('',#6205,#6206,#6207);
#6205 = CARTESIAN_POINT('',(82.,-73.5,25.));
#6206 = DIRECTION('',(0.,-1.,0.));
#6207 = DIRECTION('',(0.,0.,-1.));
#6208 = ORIENTED_EDGE('',*,*,#6209,.T.);
#6209 = EDGE_CURVE('',#6201,#4769,#6210,.T.);
#6210 = LINE('',#6211,#6212);
#6211 = CARTESIAN_POINT('',(82.,-75.1,23.3));
#6212 = VECTOR('',#6213,1.);
#6213 = DIRECTION('',(0.,1.,0.));
#6214 = ORIENTED_EDGE('',*,*,#4768,.F.);
#6215 = ORIENTED_EDGE('',*,*,#6209,.F.);
#6216 = CYLINDRICAL_SURFACE('',#6217,1.7);
#6217 = AXIS2_PLACEMENT_3D('',#6218,#6219,#6220);
#6218 = CARTESIAN_POINT('',(82.,-75.1,25.));
#6219 = DIRECTION('',(0.,1.,0.));
#6220 = DIRECTION('',(0.,0.,-1.));
#6221 = ADVANCED_FACE('',(#6222),#6233,.F.);
#6222 = FACE_BOUND('',#6223,.T.);
#6223 = EDGE_LOOP('',(#6224,#6225,#6231,#6232));
#6224 = ORIENTED_EDGE('',*,*,#6175,.F.);
#6225 = ORIENTED_EDGE('',*,*,#6226,.F.);
#6226 = EDGE_CURVE('',#4856,#6176,#6227,.T.);
#6227 = LINE('',#6228,#6229);
#6228 = CARTESIAN_POINT('',(82.,-75.,-28.2));
#6229 = VECTOR('',#6230,1.);
#6230 = DIRECTION('',(1.7E-16,0.707106781187,0.707106781187));
#6231 = ORIENTED_EDGE('',*,*,#4855,.T.);
#6232 = ORIENTED_EDGE('',*,*,#6226,.T.);
#6233 = CONICAL_SURFACE('',#6234,3.2,0.785398163397);
#6234 = AXIS2_PLACEMENT_3D('',#6235,#6236,#6237);
#6235 = CARTESIAN_POINT('',(82.,-75.,-25.));
#6236 = DIRECTION('',(0.,-1.,0.));
#6237 = DIRECTION('',(0.,0.,-1.));
#6238 = ADVANCED_FACE('',(#6239),#6250,.F.);
#6239 = FACE_BOUND('',#6240,.T.);
#6240 = EDGE_LOOP('',(#6241,#6242,#6248,#6249));
#6241 = ORIENTED_EDGE('',*,*,#6150,.F.);
#6242 = ORIENTED_EDGE('',*,*,#6243,.F.);
#6243 = EDGE_CURVE('',#4889,#6151,#6244,.T.);
#6244 = LINE('',#6245,#6246);
#6245 = CARTESIAN_POINT('',(-82.,-75.,-28.2));
#6246 = VECTOR('',#6247,1.);
#6247 = DIRECTION('',(1.7E-16,0.707106781187,0.707106781187));
#6248 = ORIENTED_EDGE('',*,*,#4888,.T.);
#6249 = ORIENTED_EDGE('',*,*,#6243,.T.);
#6250 = CONICAL_SURFACE('',#6251,3.2,0.785398163397);
#6251 = AXIS2_PLACEMENT_3D('',#6252,#6253,#6254);
#6252 = CARTESIAN_POINT('',(-82.,-75.,-25.));
#6253 = DIRECTION('',(0.,-1.,0.));
#6254 = DIRECTION('',(0.,0.,-1.));
#6255 = ADVANCED_FACE('',(#6256),#6267,.F.);
#6256 = FACE_BOUND('',#6257,.T.);
#6257 = EDGE_LOOP('',(#6258,#6259,#6265,#6266));
#6258 = ORIENTED_EDGE('',*,*,#6200,.F.);
#6259 = ORIENTED_EDGE('',*,*,#6260,.F.);
#6260 = EDGE_CURVE('',#4911,#6201,#6261,.T.);
#6261 = LINE('',#6262,#6263);
#6262 = CARTESIAN_POINT('',(82.,-75.,21.8));
#6263 = VECTOR('',#6264,1.);
#6264 = DIRECTION('',(1.7E-16,0.707106781187,0.707106781187));
#6265 = ORIENTED_EDGE('',*,*,#4910,.T.);
#6266 = ORIENTED_EDGE('',*,*,#6260,.T.);
#6267 = CONICAL_SURFACE('',#6268,3.2,0.785398163397);
#6268 = AXIS2_PLACEMENT_3D('',#6269,#6270,#6271);
#6269 = CARTESIAN_POINT('',(82.,-75.,25.));
#6270 = DIRECTION('',(0.,-1.,0.));
#6271 = DIRECTION('',(0.,0.,-1.));
#6272 = ADVANCED_FACE('',(#6273),#6292,.F.);
#6273 = FACE_BOUND('',#6274,.T.);
#6274 = EDGE_LOOP('',(#6275,#6283,#6290,#6291));
#6275 = ORIENTED_EDGE('',*,*,#6276,.T.);
#6276 = EDGE_CURVE('',#4922,#6277,#6279,.T.);
#6277 = VERTEX_POINT('',#6278);
#6278 = CARTESIAN_POINT('',(45.,-68.5,33.75));
#6279 = LINE('',#6280,#6281);
#6280 = CARTESIAN_POINT('',(45.,-75.1,33.75));
#6281 = VECTOR('',#6282,1.);
#6282 = DIRECTION('',(0.,1.,0.));
#6283 = ORIENTED_EDGE('',*,*,#6284,.F.);
#6284 = EDGE_CURVE('',#6277,#6277,#6285,.T.);
#6285 = CIRCLE('',#6286,1.25);
#6286 = AXIS2_PLACEMENT_3D('',#6287,#6288,#6289);
#6287 = CARTESIAN_POINT('',(45.,-68.5,35.));
#6288 = DIRECTION('',(0.,-1.,0.));
#6289 = DIRECTION('',(0.,0.,-1.));
#6290 = ORIENTED_EDGE('',*,*,#6276,.F.);
#6291 = ORIENTED_EDGE('',*,*,#4921,.T.);
#6292 = CYLINDRICAL_SURFACE('',#6293,1.25);
#6293 = AXIS2_PLACEMENT_3D('',#6294,#6295,#6296);
#6294 = CARTESIAN_POINT('',(45.,-75.1,35.));
#6295 = DIRECTION('',(0.,1.,0.));
#6296 = DIRECTION('',(0.,0.,-1.));
#6297 = ADVANCED_FACE('',(#6298),#6317,.F.);
#6298 = FACE_BOUND('',#6299,.T.);
#6299 = EDGE_LOOP('',(#6300,#6308,#6315,#6316));
#6300 = ORIENTED_EDGE('',*,*,#6301,.T.);
#6301 = EDGE_CURVE('',#4958,#6302,#6304,.T.);
#6302 = VERTEX_POINT('',#6303);
#6303 = CARTESIAN_POINT('',(-45.,-68.5,33.75));
#6304 = LINE('',#6305,#6306);
#6305 = CARTESIAN_POINT('',(-45.,-75.1,33.75));
#6306 = VECTOR('',#6307,1.);
#6307 = DIRECTION('',(0.,1.,0.));
#6308 = ORIENTED_EDGE('',*,*,#6309,.F.);
#6309 = EDGE_CURVE('',#6302,#6302,#6310,.T.);
#6310 = CIRCLE('',#6311,1.25);
#6311 = AXIS2_PLACEMENT_3D('',#6312,#6313,#6314);
#6312 = CARTESIAN_POINT('',(-45.,-68.5,35.));
#6313 = DIRECTION('',(0.,-1.,0.));
#6314 = DIRECTION('',(0.,0.,-1.));
#6315 = ORIENTED_EDGE('',*,*,#6301,.F.);
#6316 = ORIENTED_EDGE('',*,*,#4957,.T.);
#6317 = CYLINDRICAL_SURFACE('',#6318,1.25);
#6318 = AXIS2_PLACEMENT_3D('',#6319,#6320,#6321);
#6319 = CARTESIAN_POINT('',(-45.,-75.1,35.));
#6320 = DIRECTION('',(0.,1.,0.));
#6321 = DIRECTION('',(0.,0.,-1.));
#6322 = ADVANCED_FACE('',(#6323),#6329,.F.);
#6323 = FACE_BOUND('',#6324,.T.);
#6324 = EDGE_LOOP('',(#6325,#6326,#6327,#6328));
#6325 = ORIENTED_EDGE('',*,*,#5029,.F.);
#6326 = ORIENTED_EDGE('',*,*,#5097,.T.);
#6327 = ORIENTED_EDGE('',*,*,#5122,.T.);
#6328 = ORIENTED_EDGE('',*,*,#5145,.F.);
#6329 = PLANE('',#6330);
#6330 = AXIS2_PLACEMENT_3D('',#6331,#6332,#6333);
#6331 = CARTESIAN_POINT('',(-77.5,-61.,-47.));
#6332 = DIRECTION('',(-0.,-1.,-0.));
#6333 = DIRECTION('',(0.,0.,-1.));
#6334 = ADVANCED_FACE('',(#6335),#6354,.F.);
#6335 = FACE_BOUND('',#6336,.T.);
#6336 = EDGE_LOOP('',(#6337,#6345,#6352,#6353));
#6337 = ORIENTED_EDGE('',*,*,#6338,.T.);
#6338 = EDGE_CURVE('',#5048,#6339,#6341,.T.);
#6339 = VERTEX_POINT('',#6340);
#6340 = CARTESIAN_POINT('',(71.25,-67.,-40.5));
#6341 = LINE('',#6342,#6343);
#6342 = CARTESIAN_POINT('',(71.25,-67.,-47.1));
#6343 = VECTOR('',#6344,1.);
#6344 = DIRECTION('',(0.,0.,1.));
#6345 = ORIENTED_EDGE('',*,*,#6346,.F.);
#6346 = EDGE_CURVE('',#6339,#6339,#6347,.T.);
#6347 = CIRCLE('',#6348,1.25);
#6348 = AXIS2_PLACEMENT_3D('',#6349,#6350,#6351);
#6349 = CARTESIAN_POINT('',(70.,-67.,-40.5));
#6350 = DIRECTION('',(0.,0.,-1.));
#6351 = DIRECTION('',(1.,0.,0.));
#6352 = ORIENTED_EDGE('',*,*,#6338,.F.);
#6353 = ORIENTED_EDGE('',*,*,#5047,.T.);
#6354 = CYLINDRICAL_SURFACE('',#6355,1.25);
#6355 = AXIS2_PLACEMENT_3D('',#6356,#6357,#6358);
#6356 = CARTESIAN_POINT('',(70.,-67.,-47.1));
#6357 = DIRECTION('',(0.,0.,1.));
#6358 = DIRECTION('',(1.,0.,0.));
#6359 = ADVANCED_FACE('',(#6360),#6379,.F.);
#6360 = FACE_BOUND('',#6361,.T.);
#6361 = EDGE_LOOP('',(#6362,#6370,#6377,#6378));
#6362 = ORIENTED_EDGE('',*,*,#6363,.T.);
#6363 = EDGE_CURVE('',#5059,#6364,#6366,.T.);
#6364 = VERTEX_POINT('',#6365);
#6365 = CARTESIAN_POINT('',(36.25,-67.,-40.5));
#6366 = LINE('',#6367,#6368);
#6367 = CARTESIAN_POINT('',(36.25,-67.,-47.1));
#6368 = VECTOR('',#6369,1.);
#6369 = DIRECTION('',(0.,0.,1.));
#6370 = ORIENTED_EDGE('',*,*,#6371,.F.);
#6371 = EDGE_CURVE('',#6364,#6364,#6372,.T.);
#6372 = CIRCLE('',#6373,1.25);
#6373 = AXIS2_PLACEMENT_3D('',#6374,#6375,#6376);
#6374 = CARTESIAN_POINT('',(35.,-67.,-40.5));
#6375 = DIRECTION('',(0.,0.,-1.));
#6376 = DIRECTION('',(1.,0.,0.));
#6377 = ORIENTED_EDGE('',*,*,#6363,.F.);
#6378 = ORIENTED_EDGE('',*,*,#5058,.T.);
#6379 = CYLINDRICAL_SURFACE('',#6380,1.25);
#6380 = AXIS2_PLACEMENT_3D('',#6381,#6382,#6383);
#6381 = CARTESIAN_POINT('',(35.,-67.,-47.1));
#6382 = DIRECTION('',(0.,0.,1.));
#6383 = DIRECTION('',(1.,0.,0.));
#6384 = ADVANCED_FACE('',(#6385),#6404,.F.);
#6385 = FACE_BOUND('',#6386,.T.);
#6386 = EDGE_LOOP('',(#6387,#6395,#6402,#6403));
#6387 = ORIENTED_EDGE('',*,*,#6388,.T.);
#6388 = EDGE_CURVE('',#5070,#6389,#6391,.T.);
#6389 = VERTEX_POINT('',#6390);
#6390 = CARTESIAN_POINT('',(-33.75,-67.,-40.5));
#6391 = LINE('',#6392,#6393);
#6392 = CARTESIAN_POINT('',(-33.75,-67.,-47.1));
#6393 = VECTOR('',#6394,1.);
#6394 = DIRECTION('',(0.,0.,1.));
#6395 = ORIENTED_EDGE('',*,*,#6396,.F.);
#6396 = EDGE_CURVE('',#6389,#6389,#6397,.T.);
#6397 = CIRCLE('',#6398,1.25);
#6398 = AXIS2_PLACEMENT_3D('',#6399,#6400,#6401);
#6399 = CARTESIAN_POINT('',(-35.,-67.,-40.5));
#6400 = DIRECTION('',(0.,0.,-1.));
#6401 = DIRECTION('',(1.,0.,0.));
#6402 = ORIENTED_EDGE('',*,*,#6388,.F.);
#6403 = ORIENTED_EDGE('',*,*,#5069,.T.);
#6404 = CYLINDRICAL_SURFACE('',#6405,1.25);
#6405 = AXIS2_PLACEMENT_3D('',#6406,#6407,#6408);
#6406 = CARTESIAN_POINT('',(-35.,-67.,-47.1));
#6407 = DIRECTION('',(0.,0.,1.));
#6408 = DIRECTION('',(1.,0.,0.));
#6409 = ADVANCED_FACE('',(#6410),#6429,.F.);
#6410 = FACE_BOUND('',#6411,.T.);
#6411 = EDGE_LOOP('',(#6412,#6420,#6427,#6428));
#6412 = ORIENTED_EDGE('',*,*,#6413,.T.);
#6413 = EDGE_CURVE('',#5081,#6414,#6416,.T.);
#6414 = VERTEX_POINT('',#6415);
#6415 = CARTESIAN_POINT('',(-68.75,-67.,-40.5));
#6416 = LINE('',#6417,#6418);
#6417 = CARTESIAN_POINT('',(-68.75,-67.,-47.1));
#6418 = VECTOR('',#6419,1.);
#6419 = DIRECTION('',(0.,0.,1.));
#6420 = ORIENTED_EDGE('',*,*,#6421,.F.);
#6421 = EDGE_CURVE('',#6414,#6414,#6422,.T.);
#6422 = CIRCLE('',#6423,1.25);
#6423 = AXIS2_PLACEMENT_3D('',#6424,#6425,#6426);
#6424 = CARTESIAN_POINT('',(-70.,-67.,-40.5));
#6425 = DIRECTION('',(0.,0.,-1.));
#6426 = DIRECTION('',(1.,0.,0.));
#6427 = ORIENTED_EDGE('',*,*,#6413,.F.);
#6428 = ORIENTED_EDGE('',*,*,#5080,.T.);
#6429 = CYLINDRICAL_SURFACE('',#6430,1.25);
#6430 = AXIS2_PLACEMENT_3D('',#6431,#6432,#6433);
#6431 = CARTESIAN_POINT('',(-70.,-67.,-47.1));
#6432 = DIRECTION('',(0.,0.,1.));
#6433 = DIRECTION('',(1.,0.,0.));
#6434 = ADVANCED_FACE('',(#6435),#6441,.F.);
#6435 = FACE_BOUND('',#6436,.T.);
#6436 = EDGE_LOOP('',(#6437,#6438,#6439,#6440));
#6437 = ORIENTED_EDGE('',*,*,#5307,.F.);
#6438 = ORIENTED_EDGE('',*,*,#5405,.T.);
#6439 = ORIENTED_EDGE('',*,*,#5229,.T.);
#6440 = ORIENTED_EDGE('',*,*,#5275,.F.);
#6441 = PLANE('',#6442);
#6442 = AXIS2_PLACEMENT_3D('',#6443,#6444,#6445);
#6443 = CARTESIAN_POINT('',(-77.5,-65.,39.));
#6444 = DIRECTION('',(-0.,-1.,-0.));
#6445 = DIRECTION('',(0.,0.,-1.));
#6446 = ADVANCED_FACE('',(#6447),#6466,.F.);
#6447 = FACE_BOUND('',#6448,.F.);
#6448 = EDGE_LOOP('',(#6449,#6457,#6464,#6465));
#6449 = ORIENTED_EDGE('',*,*,#6450,.T.);
#6450 = EDGE_CURVE('',#5248,#6451,#6453,.T.);
#6451 = VERTEX_POINT('',#6452);
#6452 = CARTESIAN_POINT('',(-11.25,-68.,41.));
#6453 = LINE('',#6454,#6455);
#6454 = CARTESIAN_POINT('',(-11.25,-68.,47.1));
#6455 = VECTOR('',#6456,1.);
#6456 = DIRECTION('',(0.,0.,-1.));
#6457 = ORIENTED_EDGE('',*,*,#6458,.F.);
#6458 = EDGE_CURVE('',#6451,#6451,#6459,.T.);
#6459 = CIRCLE('',#6460,1.25);
#6460 = AXIS2_PLACEMENT_3D('',#6461,#6462,#6463);
#6461 = CARTESIAN_POINT('',(-10.,-68.,41.));
#6462 = DIRECTION('',(0.,0.,-1.));
#6463 = DIRECTION('',(-1.,0.,0.));
#6464 = ORIENTED_EDGE('',*,*,#6450,.F.);
#6465 = ORIENTED_EDGE('',*,*,#5247,.T.);
#6466 = CYLINDRICAL_SURFACE('',#6467,1.25);
#6467 = AXIS2_PLACEMENT_3D('',#6468,#6469,#6470);
#6468 = CARTESIAN_POINT('',(-10.,-68.,47.1));
#6469 = DIRECTION('',(0.,0.,-1.));
#6470 = DIRECTION('',(-1.,0.,0.));
#6471 = ADVANCED_FACE('',(#6472),#6491,.F.);
#6472 = FACE_BOUND('',#6473,.F.);
#6473 = EDGE_LOOP('',(#6474,#6482,#6489,#6490));
#6474 = ORIENTED_EDGE('',*,*,#6475,.T.);
#6475 = EDGE_CURVE('',#5259,#6476,#6478,.T.);
#6476 = VERTEX_POINT('',#6477);
#6477 = CARTESIAN_POINT('',(8.75,-68.,41.));
#6478 = LINE('',#6479,#6480);
#6479 = CARTESIAN_POINT('',(8.75,-68.,47.1));
#6480 = VECTOR('',#6481,1.);
#6481 = DIRECTION('',(0.,0.,-1.));
#6482 = ORIENTED_EDGE('',*,*,#6483,.F.);
#6483 = EDGE_CURVE('',#6476,#6476,#6484,.T.);
#6484 = CIRCLE('',#6485,1.25);
#6485 = AXIS2_PLACEMENT_3D('',#6486,#6487,#6488);
#6486 = CARTESIAN_POINT('',(10.,-68.,41.));
#6487 = DIRECTION('',(0.,0.,-1.));
#6488 = DIRECTION('',(-1.,0.,0.));
#6489 = ORIENTED_EDGE('',*,*,#6475,.F.);
#6490 = ORIENTED_EDGE('',*,*,#5258,.T.);
#6491 = CYLINDRICAL_SURFACE('',#6492,1.25);
#6492 = AXIS2_PLACEMENT_3D('',#6493,#6494,#6495);
#6493 = CARTESIAN_POINT('',(10.,-68.,47.1));
#6494 = DIRECTION('',(0.,0.,-1.));
#6495 = DIRECTION('',(-1.,0.,0.));
#6496 = ADVANCED_FACE('',(#6497),#6501,.F.);
#6497 = FACE_BOUND('',#6498,.T.);
#6498 = EDGE_LOOP('',(#6499,#6500));
#6499 = ORIENTED_EDGE('',*,*,#5346,.F.);
#6500 = ORIENTED_EDGE('',*,*,#5389,.T.);
#6501 = PLANE('',#6502);
#6502 = AXIS2_PLACEMENT_3D('',#6503,#6504,#6505);
#6503 = CARTESIAN_POINT('',(-45.,-66.,35.));
#6504 = DIRECTION('',(-0.,-1.,-0.));
#6505 = DIRECTION('',(0.,0.,-1.));
#6506 = ADVANCED_FACE('',(#6507),#6511,.F.);
#6507 = FACE_BOUND('',#6508,.T.);
#6508 = EDGE_LOOP('',(#6509,#6510));
#6509 = ORIENTED_EDGE('',*,*,#5323,.F.);
#6510 = ORIENTED_EDGE('',*,*,#5371,.T.);
#6511 = PLANE('',#6512);
#6512 = AXIS2_PLACEMENT_3D('',#6513,#6514,#6515);
#6513 = CARTESIAN_POINT('',(45.,-66.,35.));
#6514 = DIRECTION('',(-0.,-1.,-0.));
#6515 = DIRECTION('',(0.,0.,-1.));
#6516 = ADVANCED_FACE('',(#6517),#6527,.F.);
#6517 = FACE_BOUND('',#6518,.T.);
#6518 = EDGE_LOOP('',(#6519,#6520,#6521,#6522,#6523,#6524,#6525,#6526));
#6519 = ORIENTED_EDGE('',*,*,#5460,.F.);
#6520 = ORIENTED_EDGE('',*,*,#5484,.T.);
#6521 = ORIENTED_EDGE('',*,*,#5516,.F.);
#6522 = ORIENTED_EDGE('',*,*,#5532,.T.);
#6523 = ORIENTED_EDGE('',*,*,#5565,.F.);
#6524 = ORIENTED_EDGE('',*,*,#5589,.F.);
#6525 = ORIENTED_EDGE('',*,*,#5605,.F.);
#6526 = ORIENTED_EDGE('',*,*,#5630,.F.);
#6527 = PLANE('',#6528);
#6528 = AXIS2_PLACEMENT_3D('',#6529,#6530,#6531);
#6529 = CARTESIAN_POINT('',(-58.5,-73.5,-9.5));
#6530 = DIRECTION('',(0.,-1.,-2.2E-16));
#6531 = DIRECTION('',(1.,0.,0.));
#6532 = ADVANCED_FACE('',(#6533),#6543,.F.);
#6533 = FACE_BOUND('',#6534,.T.);
#6534 = EDGE_LOOP('',(#6535,#6536,#6537,#6538,#6539,#6540,#6541,#6542));
#6535 = ORIENTED_EDGE('',*,*,#5656,.F.);
#6536 = ORIENTED_EDGE('',*,*,#5680,.T.);
#6537 = ORIENTED_EDGE('',*,*,#5712,.F.);
#6538 = ORIENTED_EDGE('',*,*,#5728,.T.);
#6539 = ORIENTED_EDGE('',*,*,#5761,.F.);
#6540 = ORIENTED_EDGE('',*,*,#5785,.F.);
#6541 = ORIENTED_EDGE('',*,*,#5801,.F.);
#6542 = ORIENTED_EDGE('',*,*,#5826,.F.);
#6543 = PLANE('',#6544);
#6544 = AXIS2_PLACEMENT_3D('',#6545,#6546,#6547);
#6545 = CARTESIAN_POINT('',(58.5,-73.5,-9.5));
#6546 = DIRECTION('',(0.,-1.,-2.2E-16));
#6547 = DIRECTION('',(1.,0.,0.));
#6548 = ADVANCED_FACE('',(#6549),#6556,.F.);
#6549 = FACE_BOUND('',#6550,.T.);
#6550 = EDGE_LOOP('',(#6551,#6552,#6553,#6554,#6555));
#6551 = ORIENTED_EDGE('',*,*,#5958,.F.);
#6552 = ORIENTED_EDGE('',*,*,#5851,.F.);
#6553 = ORIENTED_EDGE('',*,*,#5874,.T.);
#6554 = ORIENTED_EDGE('',*,*,#5907,.F.);
#6555 = ORIENTED_EDGE('',*,*,#5924,.T.);
#6556 = PLANE('',#6557);
#6557 = AXIS2_PLACEMENT_3D('',#6558,#6559,#6560);
#6558 = CARTESIAN_POINT('',(32.5,-43.,22.));
#6559 = DIRECTION('',(-0.,-1.,-0.));
#6560 = DIRECTION('',(0.,0.,-1.));
#6561 = ADVANCED_FACE('',(#6562),#6581,.F.);
#6562 = FACE_BOUND('',#6563,.T.);
#6563 = EDGE_LOOP('',(#6564,#6572,#6579,#6580));
#6564 = ORIENTED_EDGE('',*,*,#6565,.T.);
#6565 = EDGE_CURVE('',#5942,#6566,#6568,.T.);
#6566 = VERTEX_POINT('',#6567);
#6567 = CARTESIAN_POINT('',(36.75,-48.,23.5));
#6568 = LINE('',#6569,#6570);
#6569 = CARTESIAN_POINT('',(36.75,-48.,30.1));
#6570 = VECTOR('',#6571,1.);
#6571 = DIRECTION('',(-0.,-0.,-1.));
#6572 = ORIENTED_EDGE('',*,*,#6573,.F.);
#6573 = EDGE_CURVE('',#6566,#6566,#6574,.T.);
#6574 = CIRCLE('',#6575,1.25);
#6575 = AXIS2_PLACEMENT_3D('',#6576,#6577,#6578);
#6576 = CARTESIAN_POINT('',(38.,-48.,23.5));
#6577 = DIRECTION('',(0.,0.,1.));
#6578 = DIRECTION('',(-1.,0.,0.));
#6579 = ORIENTED_EDGE('',*,*,#6565,.F.);
#6580 = ORIENTED_EDGE('',*,*,#5941,.T.);
#6581 = CYLINDRICAL_SURFACE('',#6582,1.25);
#6582 = AXIS2_PLACEMENT_3D('',#6583,#6584,#6585);
#6583 = CARTESIAN_POINT('',(38.,-48.,30.1));
#6584 = DIRECTION('',(-0.,-0.,-1.));
#6585 = DIRECTION('',(-1.,0.,0.));
#6586 = ADVANCED_FACE('',(#6587),#6593,.F.);
#6587 = FACE_BOUND('',#6588,.T.);
#6588 = EDGE_LOOP('',(#6589,#6590,#6591,#6592));
#6589 = ORIENTED_EDGE('',*,*,#5983,.F.);
#6590 = ORIENTED_EDGE('',*,*,#6006,.T.);
#6591 = ORIENTED_EDGE('',*,*,#6031,.T.);
#6592 = ORIENTED_EDGE('',*,*,#6065,.F.);
#6593 = PLANE('',#6594);
#6594 = AXIS2_PLACEMENT_3D('',#6595,#6596,#6597);
#6595 = CARTESIAN_POINT('',(-77.5,-43.,22.));
#6596 = DIRECTION('',(-0.,-1.,-0.));
#6597 = DIRECTION('',(0.,0.,-1.));
#6598 = ADVANCED_FACE('',(#6599),#6618,.F.);
#6599 = FACE_BOUND('',#6600,.T.);
#6600 = EDGE_LOOP('',(#6601,#6609,#6616,#6617));
#6601 = ORIENTED_EDGE('',*,*,#6602,.T.);
#6602 = EDGE_CURVE('',#6049,#6603,#6605,.T.);
#6603 = VERTEX_POINT('',#6604);
#6604 = CARTESIAN_POINT('',(-75.25,-48.,23.5));
#6605 = LINE('',#6606,#6607);
#6606 = CARTESIAN_POINT('',(-75.25,-48.,30.1));
#6607 = VECTOR('',#6608,1.);
#6608 = DIRECTION('',(-0.,-0.,-1.));
#6609 = ORIENTED_EDGE('',*,*,#6610,.F.);
#6610 = EDGE_CURVE('',#6603,#6603,#6611,.T.);
#6611 = CIRCLE('',#6612,1.25);
#6612 = AXIS2_PLACEMENT_3D('',#6613,#6614,#6615);
#6613 = CARTESIAN_POINT('',(-74.,-48.,23.5));
#6614 = DIRECTION('',(0.,0.,1.));
#6615 = DIRECTION('',(-1.,0.,0.));
#6616 = ORIENTED_EDGE('',*,*,#6602,.F.);
#6617 = ORIENTED_EDGE('',*,*,#6048,.T.);
#6618 = CYLINDRICAL_SURFACE('',#6619,1.25);
#6619 = AXIS2_PLACEMENT_3D('',#6620,#6621,#6622);
#6620 = CARTESIAN_POINT('',(-74.,-48.,30.1));
#6621 = DIRECTION('',(-0.,-0.,-1.));
#6622 = DIRECTION('',(-1.,0.,0.));
#6623 = ADVANCED_FACE('',(#6624),#6636,.F.);
#6624 = FACE_BOUND('',#6625,.T.);
#6625 = EDGE_LOOP('',(#6626,#6634,#6635));
#6626 = ORIENTED_EDGE('',*,*,#6627,.F.);
#6627 = EDGE_CURVE('',#6277,#6628,#6630,.T.);
#6628 = VERTEX_POINT('',#6629);
#6629 = CARTESIAN_POINT('',(45.,-67.74892422621,35.));
#6630 = LINE('',#6631,#6632);
#6631 = CARTESIAN_POINT('',(45.,-68.5,33.75));
#6632 = VECTOR('',#6633,1.);
#6633 = DIRECTION('',(2.1E-16,0.51503807491,0.857167300702));
#6634 = ORIENTED_EDGE('',*,*,#6284,.T.);
#6635 = ORIENTED_EDGE('',*,*,#6627,.T.);
#6636 = CONICAL_SURFACE('',#6637,1.25,1.029744258677);
#6637 = AXIS2_PLACEMENT_3D('',#6638,#6639,#6640);
#6638 = CARTESIAN_POINT('',(45.,-68.5,35.));
#6639 = DIRECTION('',(0.,-1.,0.));
#6640 = DIRECTION('',(0.,0.,-1.));
#6641 = ADVANCED_FACE('',(#6642),#6654,.F.);
#6642 = FACE_BOUND('',#6643,.T.);
#6643 = EDGE_LOOP('',(#6644,#6652,#6653));
#6644 = ORIENTED_EDGE('',*,*,#6645,.F.);
#6645 = EDGE_CURVE('',#6302,#6646,#6648,.T.);
#6646 = VERTEX_POINT('',#6647);
#6647 = CARTESIAN_POINT('',(-45.,-67.74892422621,35.));
#6648 = LINE('',#6649,#6650);
#6649 = CARTESIAN_POINT('',(-45.,-68.5,33.75));
#6650 = VECTOR('',#6651,1.);
#6651 = DIRECTION('',(2.1E-16,0.51503807491,0.857167300702));
#6652 = ORIENTED_EDGE('',*,*,#6309,.T.);
#6653 = ORIENTED_EDGE('',*,*,#6645,.T.);
#6654 = CONICAL_SURFACE('',#6655,1.25,1.029744258677);
#6655 = AXIS2_PLACEMENT_3D('',#6656,#6657,#6658);
#6656 = CARTESIAN_POINT('',(-45.,-68.5,35.));
#6657 = DIRECTION('',(0.,-1.,0.));
#6658 = DIRECTION('',(0.,0.,-1.));
#6659 = ADVANCED_FACE('',(#6660),#6672,.F.);
#6660 = FACE_BOUND('',#6661,.T.);
#6661 = EDGE_LOOP('',(#6662,#6670,#6671));
#6662 = ORIENTED_EDGE('',*,*,#6663,.F.);
#6663 = EDGE_CURVE('',#6339,#6664,#6666,.T.);
#6664 = VERTEX_POINT('',#6665);
#6665 = CARTESIAN_POINT('',(70.,-67.,-39.74892422621));
#6666 = LINE('',#6667,#6668);
#6667 = CARTESIAN_POINT('',(71.25,-67.,-40.5));
#6668 = VECTOR('',#6669,1.);
#6669 = DIRECTION('',(-0.857167300702,-2.1E-16,0.51503807491));
#6670 = ORIENTED_EDGE('',*,*,#6346,.T.);
#6671 = ORIENTED_EDGE('',*,*,#6663,.T.);
#6672 = CONICAL_SURFACE('',#6673,1.25,1.029744258677);
#6673 = AXIS2_PLACEMENT_3D('',#6674,#6675,#6676);
#6674 = CARTESIAN_POINT('',(70.,-67.,-40.5));
#6675 = DIRECTION('',(0.,0.,-1.));
#6676 = DIRECTION('',(1.,0.,0.));
#6677 = ADVANCED_FACE('',(#6678),#6690,.F.);
#6678 = FACE_BOUND('',#6679,.T.);
#6679 = EDGE_LOOP('',(#6680,#6688,#6689));
#6680 = ORIENTED_EDGE('',*,*,#6681,.F.);
#6681 = EDGE_CURVE('',#6364,#6682,#6684,.T.);
#6682 = VERTEX_POINT('',#6683);
#6683 = CARTESIAN_POINT('',(35.,-67.,-39.74892422621));
#6684 = LINE('',#6685,#6686);
#6685 = CARTESIAN_POINT('',(36.25,-67.,-40.5));
#6686 = VECTOR('',#6687,1.);
#6687 = DIRECTION('',(-0.857167300702,-2.1E-16,0.51503807491));
#6688 = ORIENTED_EDGE('',*,*,#6371,.T.);
#6689 = ORIENTED_EDGE('',*,*,#6681,.T.);
#6690 = CONICAL_SURFACE('',#6691,1.25,1.029744258677);
#6691 = AXIS2_PLACEMENT_3D('',#6692,#6693,#6694);
#6692 = CARTESIAN_POINT('',(35.,-67.,-40.5));
#6693 = DIRECTION('',(0.,0.,-1.));
#6694 = DIRECTION('',(1.,0.,0.));
#6695 = ADVANCED_FACE('',(#6696),#6708,.F.);
#6696 = FACE_BOUND('',#6697,.T.);
#6697 = EDGE_LOOP('',(#6698,#6706,#6707));
#6698 = ORIENTED_EDGE('',*,*,#6699,.F.);
#6699 = EDGE_CURVE('',#6389,#6700,#6702,.T.);
#6700 = VERTEX_POINT('',#6701);
#6701 = CARTESIAN_POINT('',(-35.,-67.,-39.74892422621));
#6702 = LINE('',#6703,#6704);
#6703 = CARTESIAN_POINT('',(-33.75,-67.,-40.5));
#6704 = VECTOR('',#6705,1.);
#6705 = DIRECTION('',(-0.857167300702,-2.1E-16,0.51503807491));
#6706 = ORIENTED_EDGE('',*,*,#6396,.T.);
#6707 = ORIENTED_EDGE('',*,*,#6699,.T.);
#6708 = CONICAL_SURFACE('',#6709,1.25,1.029744258677);
#6709 = AXIS2_PLACEMENT_3D('',#6710,#6711,#6712);
#6710 = CARTESIAN_POINT('',(-35.,-67.,-40.5));
#6711 = DIRECTION('',(0.,0.,-1.));
#6712 = DIRECTION('',(1.,0.,0.));
#6713 = ADVANCED_FACE('',(#6714),#6726,.F.);
#6714 = FACE_BOUND('',#6715,.T.);
#6715 = EDGE_LOOP('',(#6716,#6724,#6725));
#6716 = ORIENTED_EDGE('',*,*,#6717,.F.);
#6717 = EDGE_CURVE('',#6414,#6718,#6720,.T.);
#6718 = VERTEX_POINT('',#6719);
#6719 = CARTESIAN_POINT('',(-70.,-67.,-39.74892422621));
#6720 = LINE('',#6721,#6722);
#6721 = CARTESIAN_POINT('',(-68.75,-67.,-40.5));
#6722 = VECTOR('',#6723,1.);
#6723 = DIRECTION('',(-0.857167300702,-2.1E-16,0.51503807491));
#6724 = ORIENTED_EDGE('',*,*,#6421,.T.);
#6725 = ORIENTED_EDGE('',*,*,#6717,.T.);
#6726 = CONICAL_SURFACE('',#6727,1.25,1.029744258677);
#6727 = AXIS2_PLACEMENT_3D('',#6728,#6729,#6730);
#6728 = CARTESIAN_POINT('',(-70.,-67.,-40.5));
#6729 = DIRECTION('',(0.,0.,-1.));
#6730 = DIRECTION('',(1.,0.,0.));
#6731 = ADVANCED_FACE('',(#6732),#6744,.F.);
#6732 = FACE_BOUND('',#6733,.F.);
#6733 = EDGE_LOOP('',(#6734,#6742,#6743));
#6734 = ORIENTED_EDGE('',*,*,#6735,.F.);
#6735 = EDGE_CURVE('',#6451,#6736,#6738,.T.);
#6736 = VERTEX_POINT('',#6737);
#6737 = CARTESIAN_POINT('',(-10.,-68.,40.248924226216));
#6738 = LINE('',#6739,#6740);
#6739 = CARTESIAN_POINT('',(-11.25,-68.,41.));
#6740 = VECTOR('',#6741,1.);
#6741 = DIRECTION('',(0.857167300702,2.1E-16,-0.51503807491));
#6742 = ORIENTED_EDGE('',*,*,#6458,.T.);
#6743 = ORIENTED_EDGE('',*,*,#6735,.T.);
#6744 = CONICAL_SURFACE('',#6745,1.25,1.029744258677);
#6745 = AXIS2_PLACEMENT_3D('',#6746,#6747,#6748);
#6746 = CARTESIAN_POINT('',(-10.,-68.,41.));
#6747 = DIRECTION('',(0.,0.,1.));
#6748 = DIRECTION('',(-1.,0.,0.));
#6749 = ADVANCED_FACE('',(#6750),#6762,.F.);
#6750 = FACE_BOUND('',#6751,.F.);
#6751 = EDGE_LOOP('',(#6752,#6760,#6761));
#6752 = ORIENTED_EDGE('',*,*,#6753,.F.);
#6753 = EDGE_CURVE('',#6476,#6754,#6756,.T.);
#6754 = VERTEX_POINT('',#6755);
#6755 = CARTESIAN_POINT('',(10.,-68.,40.248924226216));
#6756 = LINE('',#6757,#6758);
#6757 = CARTESIAN_POINT('',(8.75,-68.,41.));
#6758 = VECTOR('',#6759,1.);
#6759 = DIRECTION('',(0.857167300702,2.1E-16,-0.51503807491));
#6760 = ORIENTED_EDGE('',*,*,#6483,.T.);
#6761 = ORIENTED_EDGE('',*,*,#6753,.T.);
#6762 = CONICAL_SURFACE('',#6763,1.25,1.029744258677);
#6763 = AXIS2_PLACEMENT_3D('',#6764,#6765,#6766);
#6764 = CARTESIAN_POINT('',(10.,-68.,41.));
#6765 = DIRECTION('',(0.,0.,1.));
#6766 = DIRECTION('',(-1.,0.,0.));
#6767 = ADVANCED_FACE('',(#6768),#6780,.F.);
#6768 = FACE_BOUND('',#6769,.T.);
#6769 = EDGE_LOOP('',(#6770,#6778,#6779));
#6770 = ORIENTED_EDGE('',*,*,#6771,.F.);
#6771 = EDGE_CURVE('',#6566,#6772,#6774,.T.);
#6772 = VERTEX_POINT('',#6773);
#6773 = CARTESIAN_POINT('',(38.,-48.,22.748924226216));
#6774 = LINE('',#6775,#6776);
#6775 = CARTESIAN_POINT('',(36.75,-48.,23.5));
#6776 = VECTOR('',#6777,1.);
#6777 = DIRECTION('',(0.857167300702,-2.1E-16,-0.51503807491));
#6778 = ORIENTED_EDGE('',*,*,#6573,.T.);
#6779 = ORIENTED_EDGE('',*,*,#6771,.T.);
#6780 = CONICAL_SURFACE('',#6781,1.25,1.029744258677);
#6781 = AXIS2_PLACEMENT_3D('',#6782,#6783,#6784);
#6782 = CARTESIAN_POINT('',(38.,-48.,23.5));
#6783 = DIRECTION('',(0.,0.,1.));
#6784 = DIRECTION('',(-1.,0.,0.));
#6785 = ADVANCED_FACE('',(#6786),#6798,.F.);
#6786 = FACE_BOUND('',#6787,.T.);
#6787 = EDGE_LOOP('',(#6788,#6796,#6797));
#6788 = ORIENTED_EDGE('',*,*,#6789,.F.);
#6789 = EDGE_CURVE('',#6603,#6790,#6792,.T.);
#6790 = VERTEX_POINT('',#6791);
#6791 = CARTESIAN_POINT('',(-74.,-48.,22.748924226216));
#6792 = LINE('',#6793,#6794);
#6793 = CARTESIAN_POINT('',(-75.25,-48.,23.5));
#6794 = VECTOR('',#6795,1.);
#6795 = DIRECTION('',(0.857167300702,-2.1E-16,-0.51503807491));
#6796 = ORIENTED_EDGE('',*,*,#6610,.T.);
#6797 = ORIENTED_EDGE('',*,*,#6789,.T.);
#6798 = CONICAL_SURFACE('',#6799,1.25,1.029744258677);
#6799 = AXIS2_PLACEMENT_3D('',#6800,#6801,#6802);
#6800 = CARTESIAN_POINT('',(-74.,-48.,23.5));
#6801 = DIRECTION('',(0.,0.,1.));
#6802 = DIRECTION('',(-1.,0.,0.));
#6803 = MANIFOLD_SOLID_BREP('',#6804);
#6804 = CLOSED_SHELL('',(#6805,#6847,#7027,#7147,#7213,#7230,#7262,#7334
    ,#7403,#7428,#7453,#7522,#7583,#7601,#7626,#7643,#7668,#7756,#7780,
    #7798,#7823,#7848,#7873,#7891,#7901,#7919,#7949,#7967,#7977,#7995,
    #8006,#8017,#8035,#8046,#8071,#8096,#8107,#8132,#8157,#8175,#8185,
    #8195,#8213,#8231,#8249));
#6805 = ADVANCED_FACE('',(#6806),#6842,.F.);
#6806 = FACE_BOUND('',#6807,.F.);
#6807 = EDGE_LOOP('',(#6808,#6819,#6827,#6836));
#6808 = ORIENTED_EDGE('',*,*,#6809,.F.);
#6809 = EDGE_CURVE('',#6810,#6812,#6814,.T.);
#6810 = VERTEX_POINT('',#6811);
#6811 = CARTESIAN_POINT('',(86.,-53.,35.));
#6812 = VERTEX_POINT('',#6813);
#6813 = CARTESIAN_POINT('',(86.,-58.,30.));
#6814 = CIRCLE('',#6815,5.);
#6815 = AXIS2_PLACEMENT_3D('',#6816,#6817,#6818);
#6816 = CARTESIAN_POINT('',(86.,-53.,30.));
#6817 = DIRECTION('',(1.,-0.,1.1E-16));
#6818 = DIRECTION('',(1.1E-16,0.,-1.));
#6819 = ORIENTED_EDGE('',*,*,#6820,.F.);
#6820 = EDGE_CURVE('',#6821,#6810,#6823,.T.);
#6821 = VERTEX_POINT('',#6822);
#6822 = CARTESIAN_POINT('',(83.,-53.,35.));
#6823 = LINE('',#6824,#6825);
#6824 = CARTESIAN_POINT('',(79.,-53.,35.));
#6825 = VECTOR('',#6826,1.);
#6826 = DIRECTION('',(1.,0.,0.));
#6827 = ORIENTED_EDGE('',*,*,#6828,.T.);
#6828 = EDGE_CURVE('',#6821,#6829,#6831,.T.);
#6829 = VERTEX_POINT('',#6830);
#6830 = CARTESIAN_POINT('',(83.,-58.,30.));
#6831 = CIRCLE('',#6832,5.);
#6832 = AXIS2_PLACEMENT_3D('',#6833,#6834,#6835);
#6833 = CARTESIAN_POINT('',(83.,-53.,30.));
#6834 = DIRECTION('',(1.,-0.,1.1E-16));
#6835 = DIRECTION('',(1.1E-16,0.,-1.));
#6836 = ORIENTED_EDGE('',*,*,#6837,.T.);
#6837 = EDGE_CURVE('',#6829,#6812,#6838,.T.);
#6838 = LINE('',#6839,#6840);
#6839 = CARTESIAN_POINT('',(79.,-58.,30.));
#6840 = VECTOR('',#6841,1.);
#6841 = DIRECTION('',(1.,0.,0.));
#6842 = CYLINDRICAL_SURFACE('',#6843,5.);
#6843 = AXIS2_PLACEMENT_3D('',#6844,#6845,#6846);
#6844 = CARTESIAN_POINT('',(79.,-53.,30.));
#6845 = DIRECTION('',(1.,0.,0.));
#6846 = DIRECTION('',(0.,0.,-1.));
#6847 = ADVANCED_FACE('',(#6848,#6918,#6929,#6989,#7000,#7011),#7022,.T.
  );
#6848 = FACE_BOUND('',#6849,.T.);
#6849 = EDGE_LOOP('',(#6850,#6861,#6869,#6878,#6886,#6895,#6903,#6912));
#6850 = ORIENTED_EDGE('',*,*,#6851,.T.);
#6851 = EDGE_CURVE('',#6852,#6854,#6856,.T.);
#6852 = VERTEX_POINT('',#6853);
#6853 = CARTESIAN_POINT('',(86.,-67.,47.));
#6854 = VERTEX_POINT('',#6855);
#6855 = CARTESIAN_POINT('',(86.,-72.,42.));
#6856 = CIRCLE('',#6857,5.);
#6857 = AXIS2_PLACEMENT_3D('',#6858,#6859,#6860);
#6858 = CARTESIAN_POINT('',(86.,-67.,42.));
#6859 = DIRECTION('',(1.,-0.,0.));
#6860 = DIRECTION('',(0.,0.,-1.));
#6861 = ORIENTED_EDGE('',*,*,#6862,.T.);
#6862 = EDGE_CURVE('',#6854,#6863,#6865,.T.);
#6863 = VERTEX_POINT('',#6864);
#6864 = CARTESIAN_POINT('',(86.,-72.,-42.));
#6865 = LINE('',#6866,#6867);
#6866 = CARTESIAN_POINT('',(86.,-72.,42.));
#6867 = VECTOR('',#6868,1.);
#6868 = DIRECTION('',(0.,0.,-1.));
#6869 = ORIENTED_EDGE('',*,*,#6870,.T.);
#6870 = EDGE_CURVE('',#6863,#6871,#6873,.T.);
#6871 = VERTEX_POINT('',#6872);
#6872 = CARTESIAN_POINT('',(86.,-67.,-47.));
#6873 = CIRCLE('',#6874,5.);
#6874 = AXIS2_PLACEMENT_3D('',#6875,#6876,#6877);
#6875 = CARTESIAN_POINT('',(86.,-67.,-42.));
#6876 = DIRECTION('',(1.,-0.,0.));
#6877 = DIRECTION('',(0.,0.,-1.));
#6878 = ORIENTED_EDGE('',*,*,#6879,.T.);
#6879 = EDGE_CURVE('',#6871,#6880,#6882,.T.);
#6880 = VERTEX_POINT('',#6881);
#6881 = CARTESIAN_POINT('',(86.,67.,-47.));
#6882 = LINE('',#6883,#6884);
#6883 = CARTESIAN_POINT('',(86.,-67.,-47.));
#6884 = VECTOR('',#6885,1.);
#6885 = DIRECTION('',(0.,1.,0.));
#6886 = ORIENTED_EDGE('',*,*,#6887,.T.);
#6887 = EDGE_CURVE('',#6880,#6888,#6890,.T.);
#6888 = VERTEX_POINT('',#6889);
#6889 = CARTESIAN_POINT('',(86.,72.,-42.));
#6890 = CIRCLE('',#6891,5.);
#6891 = AXIS2_PLACEMENT_3D('',#6892,#6893,#6894);
#6892 = CARTESIAN_POINT('',(86.,67.,-42.));
#6893 = DIRECTION('',(1.,-0.,0.));
#6894 = DIRECTION('',(0.,0.,-1.));
#6895 = ORIENTED_EDGE('',*,*,#6896,.F.);
#6896 = EDGE_CURVE('',#6897,#6888,#6899,.T.);
#6897 = VERTEX_POINT('',#6898);
#6898 = CARTESIAN_POINT('',(86.,72.,42.));
#6899 = LINE('',#6900,#6901);
#6900 = CARTESIAN_POINT('',(86.,72.,42.));
#6901 = VECTOR('',#6902,1.);
#6902 = DIRECTION('',(0.,0.,-1.));
#6903 = ORIENTED_EDGE('',*,*,#6904,.T.);
#6904 = EDGE_CURVE('',#6897,#6905,#6907,.T.);
#6905 = VERTEX_POINT('',#6906);
#6906 = CARTESIAN_POINT('',(86.,67.,47.));
#6907 = CIRCLE('',#6908,5.);
#6908 = AXIS2_PLACEMENT_3D('',#6909,#6910,#6911);
#6909 = CARTESIAN_POINT('',(86.,67.,42.));
#6910 = DIRECTION('',(1.,-0.,0.));
#6911 = DIRECTION('',(0.,0.,-1.));
#6912 = ORIENTED_EDGE('',*,*,#6913,.F.);
#6913 = EDGE_CURVE('',#6852,#6905,#6914,.T.);
#6914 = LINE('',#6915,#6916);
#6915 = CARTESIAN_POINT('',(86.,-67.,47.));
#6916 = VECTOR('',#6917,1.);
#6917 = DIRECTION('',(0.,1.,0.));
#6918 = FACE_BOUND('',#6919,.T.);
#6919 = EDGE_LOOP('',(#6920));
#6920 = ORIENTED_EDGE('',*,*,#6921,.F.);
#6921 = EDGE_CURVE('',#6922,#6922,#6924,.T.);
#6922 = VERTEX_POINT('',#6923);
#6923 = CARTESIAN_POINT('',(86.,62.,-38.75));
#6924 = CIRCLE('',#6925,1.25);
#6925 = AXIS2_PLACEMENT_3D('',#6926,#6927,#6928);
#6926 = CARTESIAN_POINT('',(86.,62.,-40.));
#6927 = DIRECTION('',(1.,0.,-0.));
#6928 = DIRECTION('',(0.,0.,1.));
#6929 = FACE_BOUND('',#6930,.T.);
#6930 = EDGE_LOOP('',(#6931,#6932,#6940,#6949,#6957,#6966,#6974,#6983));
#6931 = ORIENTED_EDGE('',*,*,#6809,.F.);
#6932 = ORIENTED_EDGE('',*,*,#6933,.T.);
#6933 = EDGE_CURVE('',#6810,#6934,#6936,.T.);
#6934 = VERTEX_POINT('',#6935);
#6935 = CARTESIAN_POINT('',(86.,53.,35.));
#6936 = LINE('',#6937,#6938);
#6937 = CARTESIAN_POINT('',(86.,-26.5,35.));
#6938 = VECTOR('',#6939,1.);
#6939 = DIRECTION('',(0.,1.,0.));
#6940 = ORIENTED_EDGE('',*,*,#6941,.F.);
#6941 = EDGE_CURVE('',#6942,#6934,#6944,.T.);
#6942 = VERTEX_POINT('',#6943);
#6943 = CARTESIAN_POINT('',(86.,58.,30.));
#6944 = CIRCLE('',#6945,5.);
#6945 = AXIS2_PLACEMENT_3D('',#6946,#6947,#6948);
#6946 = CARTESIAN_POINT('',(86.,53.,30.));
#6947 = DIRECTION('',(1.,-0.,1.1E-16));
#6948 = DIRECTION('',(1.1E-16,0.,-1.));
#6949 = ORIENTED_EDGE('',*,*,#6950,.F.);
#6950 = EDGE_CURVE('',#6951,#6942,#6953,.T.);
#6951 = VERTEX_POINT('',#6952);
#6952 = CARTESIAN_POINT('',(86.,58.,-30.));
#6953 = LINE('',#6954,#6955);
#6954 = CARTESIAN_POINT('',(86.,58.,15.));
#6955 = VECTOR('',#6956,1.);
#6956 = DIRECTION('',(-1.1E-16,0.,1.));
#6957 = ORIENTED_EDGE('',*,*,#6958,.F.);
#6958 = EDGE_CURVE('',#6959,#6951,#6961,.T.);
#6959 = VERTEX_POINT('',#6960);
#6960 = CARTESIAN_POINT('',(86.,53.,-35.));
#6961 = CIRCLE('',#6962,5.);
#6962 = AXIS2_PLACEMENT_3D('',#6963,#6964,#6965);
#6963 = CARTESIAN_POINT('',(86.,53.,-30.));
#6964 = DIRECTION('',(1.,-0.,1.1E-16));
#6965 = DIRECTION('',(1.1E-16,0.,-1.));
#6966 = ORIENTED_EDGE('',*,*,#6967,.F.);
#6967 = EDGE_CURVE('',#6968,#6959,#6970,.T.);
#6968 = VERTEX_POINT('',#6969);
#6969 = CARTESIAN_POINT('',(86.,-53.,-35.));
#6970 = LINE('',#6971,#6972);
#6971 = CARTESIAN_POINT('',(86.,-26.5,-35.));
#6972 = VECTOR('',#6973,1.);
#6973 = DIRECTION('',(0.,1.,0.));
#6974 = ORIENTED_EDGE('',*,*,#6975,.F.);
#6975 = EDGE_CURVE('',#6976,#6968,#6978,.T.);
#6976 = VERTEX_POINT('',#6977);
#6977 = CARTESIAN_POINT('',(86.,-58.,-30.));
#6978 = CIRCLE('',#6979,5.);
#6979 = AXIS2_PLACEMENT_3D('',#6980,#6981,#6982);
#6980 = CARTESIAN_POINT('',(86.,-53.,-30.));
#6981 = DIRECTION('',(1.,-0.,1.1E-16));
#6982 = DIRECTION('',(1.1E-16,0.,-1.));
#6983 = ORIENTED_EDGE('',*,*,#6984,.T.);
#6984 = EDGE_CURVE('',#6976,#6812,#6985,.T.);
#6985 = LINE('',#6986,#6987);
#6986 = CARTESIAN_POINT('',(86.,-58.,15.));
#6987 = VECTOR('',#6988,1.);
#6988 = DIRECTION('',(-1.1E-16,0.,1.));
#6989 = FACE_BOUND('',#6990,.T.);
#6990 = EDGE_LOOP('',(#6991));
#6991 = ORIENTED_EDGE('',*,*,#6992,.F.);
#6992 = EDGE_CURVE('',#6993,#6993,#6995,.T.);
#6993 = VERTEX_POINT('',#6994);
#6994 = CARTESIAN_POINT('',(86.,62.,42.25));
#6995 = CIRCLE('',#6996,1.25);
#6996 = AXIS2_PLACEMENT_3D('',#6997,#6998,#6999);
#6997 = CARTESIAN_POINT('',(86.,62.,41.));
#6998 = DIRECTION('',(1.,0.,-0.));
#6999 = DIRECTION('',(0.,0.,1.));
#7000 = FACE_BOUND('',#7001,.T.);
#7001 = EDGE_LOOP('',(#7002));
#7002 = ORIENTED_EDGE('',*,*,#7003,.F.);
#7003 = EDGE_CURVE('',#7004,#7004,#7006,.T.);
#7004 = VERTEX_POINT('',#7005);
#7005 = CARTESIAN_POINT('',(86.,-62.,-38.75));
#7006 = CIRCLE('',#7007,1.25);
#7007 = AXIS2_PLACEMENT_3D('',#7008,#7009,#7010);
#7008 = CARTESIAN_POINT('',(86.,-62.,-40.));
#7009 = DIRECTION('',(1.,0.,-0.));
#7010 = DIRECTION('',(0.,0.,1.));
#7011 = FACE_BOUND('',#7012,.T.);
#7012 = EDGE_LOOP('',(#7013));
#7013 = ORIENTED_EDGE('',*,*,#7014,.F.);
#7014 = EDGE_CURVE('',#7015,#7015,#7017,.T.);
#7015 = VERTEX_POINT('',#7016);
#7016 = CARTESIAN_POINT('',(86.,-62.,42.25));
#7017 = CIRCLE('',#7018,1.25);
#7018 = AXIS2_PLACEMENT_3D('',#7019,#7020,#7021);
#7019 = CARTESIAN_POINT('',(86.,-62.,41.));
#7020 = DIRECTION('',(1.,0.,-0.));
#7021 = DIRECTION('',(0.,0.,1.));
#7022 = PLANE('',#7023);
#7023 = AXIS2_PLACEMENT_3D('',#7024,#7025,#7026);
#7024 = CARTESIAN_POINT('',(86.,-1.95E-15,0.));
#7025 = DIRECTION('',(1.,0.,0.));
#7026 = DIRECTION('',(0.,0.,1.));
#7027 = ADVANCED_FACE('',(#7028),#7142,.T.);
#7028 = FACE_BOUND('',#7029,.T.);
#7029 = EDGE_LOOP('',(#7030,#7038,#7046,#7054,#7062,#7070,#7078,#7086,
    #7094,#7102,#7110,#7118,#7126,#7134,#7140,#7141));
#7030 = ORIENTED_EDGE('',*,*,#7031,.F.);
#7031 = EDGE_CURVE('',#7032,#6976,#7034,.T.);
#7032 = VERTEX_POINT('',#7033);
#7033 = CARTESIAN_POINT('',(83.,-58.,-30.));
#7034 = LINE('',#7035,#7036);
#7035 = CARTESIAN_POINT('',(79.,-58.,-30.));
#7036 = VECTOR('',#7037,1.);
#7037 = DIRECTION('',(1.,0.,0.));
#7038 = ORIENTED_EDGE('',*,*,#7039,.F.);
#7039 = EDGE_CURVE('',#7040,#7032,#7042,.T.);
#7040 = VERTEX_POINT('',#7041);
#7041 = CARTESIAN_POINT('',(83.,-58.,-37.));
#7042 = LINE('',#7043,#7044);
#7043 = CARTESIAN_POINT('',(83.,-58.,-47.));
#7044 = VECTOR('',#7045,1.);
#7045 = DIRECTION('',(0.,0.,1.));
#7046 = ORIENTED_EDGE('',*,*,#7047,.F.);
#7047 = EDGE_CURVE('',#7048,#7040,#7050,.T.);
#7048 = VERTEX_POINT('',#7049);
#7049 = CARTESIAN_POINT('',(80.,-58.,-37.));
#7050 = LINE('',#7051,#7052);
#7051 = CARTESIAN_POINT('',(80.,-58.,-37.));
#7052 = VECTOR('',#7053,1.);
#7053 = DIRECTION('',(1.,0.,0.));
#7054 = ORIENTED_EDGE('',*,*,#7055,.T.);
#7055 = EDGE_CURVE('',#7048,#7056,#7058,.T.);
#7056 = VERTEX_POINT('',#7057);
#7057 = CARTESIAN_POINT('',(80.,-58.,-43.));
#7058 = LINE('',#7059,#7060);
#7059 = CARTESIAN_POINT('',(80.,-58.,-20.));
#7060 = VECTOR('',#7061,1.);
#7061 = DIRECTION('',(0.,0.,-1.));
#7062 = ORIENTED_EDGE('',*,*,#7063,.T.);
#7063 = EDGE_CURVE('',#7056,#7064,#7066,.T.);
#7064 = VERTEX_POINT('',#7065);
#7065 = CARTESIAN_POINT('',(83.,-58.,-43.));
#7066 = LINE('',#7067,#7068);
#7067 = CARTESIAN_POINT('',(80.,-58.,-43.));
#7068 = VECTOR('',#7069,1.);
#7069 = DIRECTION('',(1.,0.,0.));
#7070 = ORIENTED_EDGE('',*,*,#7071,.F.);
#7071 = EDGE_CURVE('',#7072,#7064,#7074,.T.);
#7072 = VERTEX_POINT('',#7073);
#7073 = CARTESIAN_POINT('',(83.,-58.,-47.));
#7074 = LINE('',#7075,#7076);
#7075 = CARTESIAN_POINT('',(83.,-58.,-47.));
#7076 = VECTOR('',#7077,1.);
#7077 = DIRECTION('',(0.,0.,1.));
#7078 = ORIENTED_EDGE('',*,*,#7079,.F.);
#7079 = EDGE_CURVE('',#7080,#7072,#7082,.T.);
#7080 = VERTEX_POINT('',#7081);
#7081 = CARTESIAN_POINT('',(78.,-58.,-47.));
#7082 = LINE('',#7083,#7084);
#7083 = CARTESIAN_POINT('',(78.,-58.,-47.));
#7084 = VECTOR('',#7085,1.);
#7085 = DIRECTION('',(1.,0.,0.));
#7086 = ORIENTED_EDGE('',*,*,#7087,.T.);
#7087 = EDGE_CURVE('',#7080,#7088,#7090,.T.);
#7088 = VERTEX_POINT('',#7089);
#7089 = CARTESIAN_POINT('',(78.,-58.,47.));
#7090 = LINE('',#7091,#7092);
#7091 = CARTESIAN_POINT('',(78.,-58.,-47.));
#7092 = VECTOR('',#7093,1.);
#7093 = DIRECTION('',(0.,0.,1.));
#7094 = ORIENTED_EDGE('',*,*,#7095,.T.);
#7095 = EDGE_CURVE('',#7088,#7096,#7098,.T.);
#7096 = VERTEX_POINT('',#7097);
#7097 = CARTESIAN_POINT('',(83.,-58.,47.));
#7098 = LINE('',#7099,#7100);
#7099 = CARTESIAN_POINT('',(78.,-58.,47.));
#7100 = VECTOR('',#7101,1.);
#7101 = DIRECTION('',(1.,0.,0.));
#7102 = ORIENTED_EDGE('',*,*,#7103,.F.);
#7103 = EDGE_CURVE('',#7104,#7096,#7106,.T.);
#7104 = VERTEX_POINT('',#7105);
#7105 = CARTESIAN_POINT('',(83.,-58.,44.));
#7106 = LINE('',#7107,#7108);
#7107 = CARTESIAN_POINT('',(83.,-58.,-47.));
#7108 = VECTOR('',#7109,1.);
#7109 = DIRECTION('',(0.,0.,1.));
#7110 = ORIENTED_EDGE('',*,*,#7111,.F.);
#7111 = EDGE_CURVE('',#7112,#7104,#7114,.T.);
#7112 = VERTEX_POINT('',#7113);
#7113 = CARTESIAN_POINT('',(80.,-58.,44.));
#7114 = LINE('',#7115,#7116);
#7115 = CARTESIAN_POINT('',(80.,-58.,44.));
#7116 = VECTOR('',#7117,1.);
#7117 = DIRECTION('',(1.,0.,0.));
#7118 = ORIENTED_EDGE('',*,*,#7119,.T.);
#7119 = EDGE_CURVE('',#7112,#7120,#7122,.T.);
#7120 = VERTEX_POINT('',#7121);
#7121 = CARTESIAN_POINT('',(80.,-58.,38.));
#7122 = LINE('',#7123,#7124);
#7123 = CARTESIAN_POINT('',(80.,-58.,20.5));
#7124 = VECTOR('',#7125,1.);
#7125 = DIRECTION('',(0.,0.,-1.));
#7126 = ORIENTED_EDGE('',*,*,#7127,.T.);
#7127 = EDGE_CURVE('',#7120,#7128,#7130,.T.);
#7128 = VERTEX_POINT('',#7129);
#7129 = CARTESIAN_POINT('',(83.,-58.,38.));
#7130 = LINE('',#7131,#7132);
#7131 = CARTESIAN_POINT('',(80.,-58.,38.));
#7132 = VECTOR('',#7133,1.);
#7133 = DIRECTION('',(1.,0.,0.));
#7134 = ORIENTED_EDGE('',*,*,#7135,.F.);
#7135 = EDGE_CURVE('',#6829,#7128,#7136,.T.);
#7136 = LINE('',#7137,#7138);
#7137 = CARTESIAN_POINT('',(83.,-58.,-47.));
#7138 = VECTOR('',#7139,1.);
#7139 = DIRECTION('',(0.,0.,1.));
#7140 = ORIENTED_EDGE('',*,*,#6837,.T.);
#7141 = ORIENTED_EDGE('',*,*,#6984,.F.);
#7142 = PLANE('',#7143);
#7143 = AXIS2_PLACEMENT_3D('',#7144,#7145,#7146);
#7144 = CARTESIAN_POINT('',(81.5,-58.,0.));
#7145 = DIRECTION('',(0.,1.,0.));
#7146 = DIRECTION('',(0.,0.,1.));
#7147 = ADVANCED_FACE('',(#7148),#7208,.T.);
#7148 = FACE_BOUND('',#7149,.T.);
#7149 = EDGE_LOOP('',(#7150,#7158,#7159,#7160,#7167,#7168,#7176,#7184,
    #7193,#7201));
#7150 = ORIENTED_EDGE('',*,*,#7151,.T.);
#7151 = EDGE_CURVE('',#7152,#6821,#7154,.T.);
#7152 = VERTEX_POINT('',#7153);
#7153 = CARTESIAN_POINT('',(83.,53.,35.));
#7154 = LINE('',#7155,#7156);
#7155 = CARTESIAN_POINT('',(83.,-26.5,35.));
#7156 = VECTOR('',#7157,1.);
#7157 = DIRECTION('',(0.,-1.,0.));
#7158 = ORIENTED_EDGE('',*,*,#6828,.T.);
#7159 = ORIENTED_EDGE('',*,*,#7135,.T.);
#7160 = ORIENTED_EDGE('',*,*,#7161,.T.);
#7161 = EDGE_CURVE('',#7128,#7104,#7162,.T.);
#7162 = CIRCLE('',#7163,5.);
#7163 = AXIS2_PLACEMENT_3D('',#7164,#7165,#7166);
#7164 = CARTESIAN_POINT('',(83.,-62.,41.));
#7165 = DIRECTION('',(1.,0.,-0.));
#7166 = DIRECTION('',(0.,0.,1.));
#7167 = ORIENTED_EDGE('',*,*,#7103,.T.);
#7168 = ORIENTED_EDGE('',*,*,#7169,.T.);
#7169 = EDGE_CURVE('',#7096,#7170,#7172,.T.);
#7170 = VERTEX_POINT('',#7171);
#7171 = CARTESIAN_POINT('',(83.,58.,47.));
#7172 = LINE('',#7173,#7174);
#7173 = CARTESIAN_POINT('',(83.,-67.,47.));
#7174 = VECTOR('',#7175,1.);
#7175 = DIRECTION('',(0.,1.,0.));
#7176 = ORIENTED_EDGE('',*,*,#7177,.F.);
#7177 = EDGE_CURVE('',#7178,#7170,#7180,.T.);
#7178 = VERTEX_POINT('',#7179);
#7179 = CARTESIAN_POINT('',(83.,58.,44.));
#7180 = LINE('',#7181,#7182);
#7181 = CARTESIAN_POINT('',(83.,58.,-47.));
#7182 = VECTOR('',#7183,1.);
#7183 = DIRECTION('',(0.,0.,1.));
#7184 = ORIENTED_EDGE('',*,*,#7185,.T.);
#7185 = EDGE_CURVE('',#7178,#7186,#7188,.T.);
#7186 = VERTEX_POINT('',#7187);
#7187 = CARTESIAN_POINT('',(83.,58.,38.));
#7188 = CIRCLE('',#7189,5.);
#7189 = AXIS2_PLACEMENT_3D('',#7190,#7191,#7192);
#7190 = CARTESIAN_POINT('',(83.,62.,41.));
#7191 = DIRECTION('',(1.,0.,-0.));
#7192 = DIRECTION('',(0.,0.,1.));
#7193 = ORIENTED_EDGE('',*,*,#7194,.F.);
#7194 = EDGE_CURVE('',#7195,#7186,#7197,.T.);
#7195 = VERTEX_POINT('',#7196);
#7196 = CARTESIAN_POINT('',(83.,58.,30.));
#7197 = LINE('',#7198,#7199);
#7198 = CARTESIAN_POINT('',(83.,58.,-47.));
#7199 = VECTOR('',#7200,1.);
#7200 = DIRECTION('',(0.,0.,1.));
#7201 = ORIENTED_EDGE('',*,*,#7202,.T.);
#7202 = EDGE_CURVE('',#7195,#7152,#7203,.T.);
#7203 = CIRCLE('',#7204,5.);
#7204 = AXIS2_PLACEMENT_3D('',#7205,#7206,#7207);
#7205 = CARTESIAN_POINT('',(83.,53.,30.));
#7206 = DIRECTION('',(1.,-0.,1.1E-16));
#7207 = DIRECTION('',(1.1E-16,0.,-1.));
#7208 = PLANE('',#7209);
#7209 = AXIS2_PLACEMENT_3D('',#7210,#7211,#7212);
#7210 = CARTESIAN_POINT('',(83.,0.,9.7E-16));
#7211 = DIRECTION('',(-1.,-0.,0.));
#7212 = DIRECTION('',(0.,0.,1.));
#7213 = ADVANCED_FACE('',(#7214),#7225,.T.);
#7214 = FACE_BOUND('',#7215,.T.);
#7215 = EDGE_LOOP('',(#7216,#7217,#7218,#7224));
#7216 = ORIENTED_EDGE('',*,*,#6820,.F.);
#7217 = ORIENTED_EDGE('',*,*,#7151,.F.);
#7218 = ORIENTED_EDGE('',*,*,#7219,.T.);
#7219 = EDGE_CURVE('',#7152,#6934,#7220,.T.);
#7220 = LINE('',#7221,#7222);
#7221 = CARTESIAN_POINT('',(79.,53.,35.));
#7222 = VECTOR('',#7223,1.);
#7223 = DIRECTION('',(1.,0.,0.));
#7224 = ORIENTED_EDGE('',*,*,#6933,.F.);
#7225 = PLANE('',#7226);
#7226 = AXIS2_PLACEMENT_3D('',#7227,#7228,#7229);
#7227 = CARTESIAN_POINT('',(79.,-53.,35.));
#7228 = DIRECTION('',(0.,0.,-1.));
#7229 = DIRECTION('',(1.,0.,0.));
#7230 = ADVANCED_FACE('',(#7231),#7257,.T.);
#7231 = FACE_BOUND('',#7232,.T.);
#7232 = EDGE_LOOP('',(#7233,#7234,#7242,#7251));
#7233 = ORIENTED_EDGE('',*,*,#6851,.F.);
#7234 = ORIENTED_EDGE('',*,*,#7235,.F.);
#7235 = EDGE_CURVE('',#7236,#6852,#7238,.T.);
#7236 = VERTEX_POINT('',#7237);
#7237 = CARTESIAN_POINT('',(83.,-67.,47.));
#7238 = LINE('',#7239,#7240);
#7239 = CARTESIAN_POINT('',(83.,-67.,47.));
#7240 = VECTOR('',#7241,1.);
#7241 = DIRECTION('',(1.,0.,0.));
#7242 = ORIENTED_EDGE('',*,*,#7243,.T.);
#7243 = EDGE_CURVE('',#7236,#7244,#7246,.T.);
#7244 = VERTEX_POINT('',#7245);
#7245 = CARTESIAN_POINT('',(83.,-72.,42.));
#7246 = CIRCLE('',#7247,5.);
#7247 = AXIS2_PLACEMENT_3D('',#7248,#7249,#7250);
#7248 = CARTESIAN_POINT('',(83.,-67.,42.));
#7249 = DIRECTION('',(1.,-0.,0.));
#7250 = DIRECTION('',(0.,0.,-1.));
#7251 = ORIENTED_EDGE('',*,*,#7252,.T.);
#7252 = EDGE_CURVE('',#7244,#6854,#7253,.T.);
#7253 = LINE('',#7254,#7255);
#7254 = CARTESIAN_POINT('',(83.,-72.,42.));
#7255 = VECTOR('',#7256,1.);
#7256 = DIRECTION('',(1.,0.,0.));
#7257 = CYLINDRICAL_SURFACE('',#7258,5.);
#7258 = AXIS2_PLACEMENT_3D('',#7259,#7260,#7261);
#7259 = CARTESIAN_POINT('',(83.,-67.,42.));
#7260 = DIRECTION('',(1.,0.,0.));
#7261 = DIRECTION('',(0.,0.,-1.));
#7262 = ADVANCED_FACE('',(#7263),#7329,.T.);
#7263 = FACE_BOUND('',#7264,.T.);
#7264 = EDGE_LOOP('',(#7265,#7266,#7267,#7275,#7283,#7291,#7299,#7305,
    #7306,#7307,#7315,#7323));
#7265 = ORIENTED_EDGE('',*,*,#7235,.T.);
#7266 = ORIENTED_EDGE('',*,*,#6913,.T.);
#7267 = ORIENTED_EDGE('',*,*,#7268,.F.);
#7268 = EDGE_CURVE('',#7269,#6905,#7271,.T.);
#7269 = VERTEX_POINT('',#7270);
#7270 = CARTESIAN_POINT('',(83.,67.,47.));
#7271 = LINE('',#7272,#7273);
#7272 = CARTESIAN_POINT('',(83.,67.,47.));
#7273 = VECTOR('',#7274,1.);
#7274 = DIRECTION('',(1.,0.,0.));
#7275 = ORIENTED_EDGE('',*,*,#7276,.T.);
#7276 = EDGE_CURVE('',#7269,#7277,#7279,.T.);
#7277 = VERTEX_POINT('',#7278);
#7278 = CARTESIAN_POINT('',(83.,72.,47.));
#7279 = LINE('',#7280,#7281);
#7280 = CARTESIAN_POINT('',(83.,58.,47.));
#7281 = VECTOR('',#7282,1.);
#7282 = DIRECTION('',(0.,1.,0.));
#7283 = ORIENTED_EDGE('',*,*,#7284,.F.);
#7284 = EDGE_CURVE('',#7285,#7277,#7287,.T.);
#7285 = VERTEX_POINT('',#7286);
#7286 = CARTESIAN_POINT('',(78.,72.,47.));
#7287 = LINE('',#7288,#7289);
#7288 = CARTESIAN_POINT('',(78.,72.,47.));
#7289 = VECTOR('',#7290,1.);
#7290 = DIRECTION('',(1.,0.,0.));
#7291 = ORIENTED_EDGE('',*,*,#7292,.F.);
#7292 = EDGE_CURVE('',#7293,#7285,#7295,.T.);
#7293 = VERTEX_POINT('',#7294);
#7294 = CARTESIAN_POINT('',(78.,58.,47.));
#7295 = LINE('',#7296,#7297);
#7296 = CARTESIAN_POINT('',(78.,58.,47.));
#7297 = VECTOR('',#7298,1.);
#7298 = DIRECTION('',(0.,1.,0.));
#7299 = ORIENTED_EDGE('',*,*,#7300,.T.);
#7300 = EDGE_CURVE('',#7293,#7170,#7301,.T.);
#7301 = LINE('',#7302,#7303);
#7302 = CARTESIAN_POINT('',(78.,58.,47.));
#7303 = VECTOR('',#7304,1.);
#7304 = DIRECTION('',(1.,0.,0.));
#7305 = ORIENTED_EDGE('',*,*,#7169,.F.);
#7306 = ORIENTED_EDGE('',*,*,#7095,.F.);
#7307 = ORIENTED_EDGE('',*,*,#7308,.F.);
#7308 = EDGE_CURVE('',#7309,#7088,#7311,.T.);
#7309 = VERTEX_POINT('',#7310);
#7310 = CARTESIAN_POINT('',(78.,-72.,47.));
#7311 = LINE('',#7312,#7313);
#7312 = CARTESIAN_POINT('',(78.,-72.,47.));
#7313 = VECTOR('',#7314,1.);
#7314 = DIRECTION('',(0.,1.,0.));
#7315 = ORIENTED_EDGE('',*,*,#7316,.T.);
#7316 = EDGE_CURVE('',#7309,#7317,#7319,.T.);
#7317 = VERTEX_POINT('',#7318);
#7318 = CARTESIAN_POINT('',(83.,-72.,47.));
#7319 = LINE('',#7320,#7321);
#7320 = CARTESIAN_POINT('',(78.,-72.,47.));
#7321 = VECTOR('',#7322,1.);
#7322 = DIRECTION('',(1.,0.,0.));
#7323 = ORIENTED_EDGE('',*,*,#7324,.T.);
#7324 = EDGE_CURVE('',#7317,#7236,#7325,.T.);
#7325 = LINE('',#7326,#7327);
#7326 = CARTESIAN_POINT('',(83.,-72.,47.));
#7327 = VECTOR('',#7328,1.);
#7328 = DIRECTION('',(0.,1.,0.));
#7329 = PLANE('',#7330);
#7330 = AXIS2_PLACEMENT_3D('',#7331,#7332,#7333);
#7331 = CARTESIAN_POINT('',(83.703821656051,0.,47.));
#7332 = DIRECTION('',(0.,0.,1.));
#7333 = DIRECTION('',(1.,0.,0.));
#7334 = ADVANCED_FACE('',(#7335,#7376,#7387),#7398,.T.);
#7335 = FACE_BOUND('',#7336,.T.);
#7336 = EDGE_LOOP('',(#7337,#7345,#7346,#7347,#7353,#7354,#7362,#7370));
#7337 = ORIENTED_EDGE('',*,*,#7338,.T.);
#7338 = EDGE_CURVE('',#7339,#6863,#7341,.T.);
#7339 = VERTEX_POINT('',#7340);
#7340 = CARTESIAN_POINT('',(83.,-72.,-42.));
#7341 = LINE('',#7342,#7343);
#7342 = CARTESIAN_POINT('',(83.,-72.,-42.));
#7343 = VECTOR('',#7344,1.);
#7344 = DIRECTION('',(1.,0.,0.));
#7345 = ORIENTED_EDGE('',*,*,#6862,.F.);
#7346 = ORIENTED_EDGE('',*,*,#7252,.F.);
#7347 = ORIENTED_EDGE('',*,*,#7348,.T.);
#7348 = EDGE_CURVE('',#7244,#7317,#7349,.T.);
#7349 = LINE('',#7350,#7351);
#7350 = CARTESIAN_POINT('',(83.,-72.,-47.));
#7351 = VECTOR('',#7352,1.);
#7352 = DIRECTION('',(0.,0.,1.));
#7353 = ORIENTED_EDGE('',*,*,#7316,.F.);
#7354 = ORIENTED_EDGE('',*,*,#7355,.F.);
#7355 = EDGE_CURVE('',#7356,#7309,#7358,.T.);
#7356 = VERTEX_POINT('',#7357);
#7357 = CARTESIAN_POINT('',(78.,-72.,-47.));
#7358 = LINE('',#7359,#7360);
#7359 = CARTESIAN_POINT('',(78.,-72.,-47.));
#7360 = VECTOR('',#7361,1.);
#7361 = DIRECTION('',(0.,0.,1.));
#7362 = ORIENTED_EDGE('',*,*,#7363,.T.);
#7363 = EDGE_CURVE('',#7356,#7364,#7366,.T.);
#7364 = VERTEX_POINT('',#7365);
#7365 = CARTESIAN_POINT('',(83.,-72.,-47.));
#7366 = LINE('',#7367,#7368);
#7367 = CARTESIAN_POINT('',(78.,-72.,-47.));
#7368 = VECTOR('',#7369,1.);
#7369 = DIRECTION('',(1.,0.,0.));
#7370 = ORIENTED_EDGE('',*,*,#7371,.T.);
#7371 = EDGE_CURVE('',#7364,#7339,#7372,.T.);
#7372 = LINE('',#7373,#7374);
#7373 = CARTESIAN_POINT('',(83.,-72.,-47.));
#7374 = VECTOR('',#7375,1.);
#7375 = DIRECTION('',(0.,0.,1.));
#7376 = FACE_BOUND('',#7377,.T.);
#7377 = EDGE_LOOP('',(#7378));
#7378 = ORIENTED_EDGE('',*,*,#7379,.T.);
#7379 = EDGE_CURVE('',#7380,#7380,#7382,.T.);
#7380 = VERTEX_POINT('',#7381);
#7381 = CARTESIAN_POINT('',(82.,-72.,26.25));
#7382 = CIRCLE('',#7383,1.25);
#7383 = AXIS2_PLACEMENT_3D('',#7384,#7385,#7386);
#7384 = CARTESIAN_POINT('',(82.,-72.,25.));
#7385 = DIRECTION('',(0.,1.,0.));
#7386 = DIRECTION('',(0.,0.,1.));
#7387 = FACE_BOUND('',#7388,.T.);
#7388 = EDGE_LOOP('',(#7389));
#7389 = ORIENTED_EDGE('',*,*,#7390,.T.);
#7390 = EDGE_CURVE('',#7391,#7391,#7393,.T.);
#7391 = VERTEX_POINT('',#7392);
#7392 = CARTESIAN_POINT('',(82.,-72.,-23.75));
#7393 = CIRCLE('',#7394,1.25);
#7394 = AXIS2_PLACEMENT_3D('',#7395,#7396,#7397);
#7395 = CARTESIAN_POINT('',(82.,-72.,-25.));
#7396 = DIRECTION('',(0.,1.,0.));
#7397 = DIRECTION('',(0.,0.,1.));
#7398 = PLANE('',#7399);
#7399 = AXIS2_PLACEMENT_3D('',#7400,#7401,#7402);
#7400 = CARTESIAN_POINT('',(81.852941176471,-72.,0.));
#7401 = DIRECTION('',(-0.,-1.,-0.));
#7402 = DIRECTION('',(0.,0.,-1.));
#7403 = ADVANCED_FACE('',(#7404),#7423,.T.);
#7404 = FACE_BOUND('',#7405,.T.);
#7405 = EDGE_LOOP('',(#7406,#7407,#7415,#7422));
#7406 = ORIENTED_EDGE('',*,*,#6904,.F.);
#7407 = ORIENTED_EDGE('',*,*,#7408,.F.);
#7408 = EDGE_CURVE('',#7409,#6897,#7411,.T.);
#7409 = VERTEX_POINT('',#7410);
#7410 = CARTESIAN_POINT('',(83.,72.,42.));
#7411 = LINE('',#7412,#7413);
#7412 = CARTESIAN_POINT('',(83.,72.,42.));
#7413 = VECTOR('',#7414,1.);
#7414 = DIRECTION('',(1.,0.,0.));
#7415 = ORIENTED_EDGE('',*,*,#7416,.T.);
#7416 = EDGE_CURVE('',#7409,#7269,#7417,.T.);
#7417 = CIRCLE('',#7418,5.);
#7418 = AXIS2_PLACEMENT_3D('',#7419,#7420,#7421);
#7419 = CARTESIAN_POINT('',(83.,67.,42.));
#7420 = DIRECTION('',(1.,-0.,0.));
#7421 = DIRECTION('',(0.,0.,-1.));
#7422 = ORIENTED_EDGE('',*,*,#7268,.T.);
#7423 = CYLINDRICAL_SURFACE('',#7424,5.);
#7424 = AXIS2_PLACEMENT_3D('',#7425,#7426,#7427);
#7425 = CARTESIAN_POINT('',(83.,67.,42.));
#7426 = DIRECTION('',(1.,0.,0.));
#7427 = DIRECTION('',(0.,0.,-1.));
#7428 = ADVANCED_FACE('',(#7429),#7448,.T.);
#7429 = FACE_BOUND('',#7430,.T.);
#7430 = EDGE_LOOP('',(#7431,#7432,#7433,#7442));
#7431 = ORIENTED_EDGE('',*,*,#6870,.F.);
#7432 = ORIENTED_EDGE('',*,*,#7338,.F.);
#7433 = ORIENTED_EDGE('',*,*,#7434,.T.);
#7434 = EDGE_CURVE('',#7339,#7435,#7437,.T.);
#7435 = VERTEX_POINT('',#7436);
#7436 = CARTESIAN_POINT('',(83.,-67.,-47.));
#7437 = CIRCLE('',#7438,5.);
#7438 = AXIS2_PLACEMENT_3D('',#7439,#7440,#7441);
#7439 = CARTESIAN_POINT('',(83.,-67.,-42.));
#7440 = DIRECTION('',(1.,-0.,0.));
#7441 = DIRECTION('',(0.,0.,-1.));
#7442 = ORIENTED_EDGE('',*,*,#7443,.T.);
#7443 = EDGE_CURVE('',#7435,#6871,#7444,.T.);
#7444 = LINE('',#7445,#7446);
#7445 = CARTESIAN_POINT('',(83.,-67.,-47.));
#7446 = VECTOR('',#7447,1.);
#7447 = DIRECTION('',(1.,0.,0.));
#7448 = CYLINDRICAL_SURFACE('',#7449,5.);
#7449 = AXIS2_PLACEMENT_3D('',#7450,#7451,#7452);
#7450 = CARTESIAN_POINT('',(83.,-67.,-42.));
#7451 = DIRECTION('',(1.,0.,0.));
#7452 = DIRECTION('',(0.,0.,-1.));
#7453 = ADVANCED_FACE('',(#7454,#7495,#7506),#7517,.T.);
#7454 = FACE_BOUND('',#7455,.T.);
#7455 = EDGE_LOOP('',(#7456,#7464,#7472,#7480,#7486,#7487,#7493,#7494));
#7456 = ORIENTED_EDGE('',*,*,#7457,.F.);
#7457 = EDGE_CURVE('',#7458,#6888,#7460,.T.);
#7458 = VERTEX_POINT('',#7459);
#7459 = CARTESIAN_POINT('',(83.,72.,-42.));
#7460 = LINE('',#7461,#7462);
#7461 = CARTESIAN_POINT('',(83.,72.,-42.));
#7462 = VECTOR('',#7463,1.);
#7463 = DIRECTION('',(1.,0.,0.));
#7464 = ORIENTED_EDGE('',*,*,#7465,.F.);
#7465 = EDGE_CURVE('',#7466,#7458,#7468,.T.);
#7466 = VERTEX_POINT('',#7467);
#7467 = CARTESIAN_POINT('',(83.,72.,-47.));
#7468 = LINE('',#7469,#7470);
#7469 = CARTESIAN_POINT('',(83.,72.,-47.));
#7470 = VECTOR('',#7471,1.);
#7471 = DIRECTION('',(0.,0.,1.));
#7472 = ORIENTED_EDGE('',*,*,#7473,.F.);
#7473 = EDGE_CURVE('',#7474,#7466,#7476,.T.);
#7474 = VERTEX_POINT('',#7475);
#7475 = CARTESIAN_POINT('',(78.,72.,-47.));
#7476 = LINE('',#7477,#7478);
#7477 = CARTESIAN_POINT('',(78.,72.,-47.));
#7478 = VECTOR('',#7479,1.);
#7479 = DIRECTION('',(1.,0.,0.));
#7480 = ORIENTED_EDGE('',*,*,#7481,.T.);
#7481 = EDGE_CURVE('',#7474,#7285,#7482,.T.);
#7482 = LINE('',#7483,#7484);
#7483 = CARTESIAN_POINT('',(78.,72.,-47.));
#7484 = VECTOR('',#7485,1.);
#7485 = DIRECTION('',(0.,0.,1.));
#7486 = ORIENTED_EDGE('',*,*,#7284,.T.);
#7487 = ORIENTED_EDGE('',*,*,#7488,.F.);
#7488 = EDGE_CURVE('',#7409,#7277,#7489,.T.);
#7489 = LINE('',#7490,#7491);
#7490 = CARTESIAN_POINT('',(83.,72.,-47.));
#7491 = VECTOR('',#7492,1.);
#7492 = DIRECTION('',(0.,0.,1.));
#7493 = ORIENTED_EDGE('',*,*,#7408,.T.);
#7494 = ORIENTED_EDGE('',*,*,#6896,.T.);
#7495 = FACE_BOUND('',#7496,.T.);
#7496 = EDGE_LOOP('',(#7497));
#7497 = ORIENTED_EDGE('',*,*,#7498,.T.);
#7498 = EDGE_CURVE('',#7499,#7499,#7501,.T.);
#7499 = VERTEX_POINT('',#7500);
#7500 = CARTESIAN_POINT('',(82.,72.,-26.25));
#7501 = CIRCLE('',#7502,1.25);
#7502 = AXIS2_PLACEMENT_3D('',#7503,#7504,#7505);
#7503 = CARTESIAN_POINT('',(82.,72.,-25.));
#7504 = DIRECTION('',(0.,-1.,0.));
#7505 = DIRECTION('',(0.,0.,-1.));
#7506 = FACE_BOUND('',#7507,.T.);
#7507 = EDGE_LOOP('',(#7508));
#7508 = ORIENTED_EDGE('',*,*,#7509,.T.);
#7509 = EDGE_CURVE('',#7510,#7510,#7512,.T.);
#7510 = VERTEX_POINT('',#7511);
#7511 = CARTESIAN_POINT('',(82.,72.,23.75));
#7512 = CIRCLE('',#7513,1.25);
#7513 = AXIS2_PLACEMENT_3D('',#7514,#7515,#7516);
#7514 = CARTESIAN_POINT('',(82.,72.,25.));
#7515 = DIRECTION('',(0.,-1.,0.));
#7516 = DIRECTION('',(0.,0.,-1.));
#7517 = PLANE('',#7518);
#7518 = AXIS2_PLACEMENT_3D('',#7519,#7520,#7521);
#7519 = CARTESIAN_POINT('',(81.852941176471,72.,0.));
#7520 = DIRECTION('',(0.,1.,0.));
#7521 = DIRECTION('',(0.,0.,1.));
#7522 = ADVANCED_FACE('',(#7523),#7578,.T.);
#7523 = FACE_BOUND('',#7524,.T.);
#7524 = EDGE_LOOP('',(#7525,#7526,#7532,#7533,#7539,#7540,#7548,#7556,
    #7562,#7563,#7571,#7577));
#7525 = ORIENTED_EDGE('',*,*,#7443,.F.);
#7526 = ORIENTED_EDGE('',*,*,#7527,.F.);
#7527 = EDGE_CURVE('',#7364,#7435,#7528,.T.);
#7528 = LINE('',#7529,#7530);
#7529 = CARTESIAN_POINT('',(83.,-72.,-47.));
#7530 = VECTOR('',#7531,1.);
#7531 = DIRECTION('',(0.,1.,0.));
#7532 = ORIENTED_EDGE('',*,*,#7363,.F.);
#7533 = ORIENTED_EDGE('',*,*,#7534,.T.);
#7534 = EDGE_CURVE('',#7356,#7080,#7535,.T.);
#7535 = LINE('',#7536,#7537);
#7536 = CARTESIAN_POINT('',(78.,-72.,-47.));
#7537 = VECTOR('',#7538,1.);
#7538 = DIRECTION('',(0.,1.,0.));
#7539 = ORIENTED_EDGE('',*,*,#7079,.T.);
#7540 = ORIENTED_EDGE('',*,*,#7541,.T.);
#7541 = EDGE_CURVE('',#7072,#7542,#7544,.T.);
#7542 = VERTEX_POINT('',#7543);
#7543 = CARTESIAN_POINT('',(83.,58.,-47.));
#7544 = LINE('',#7545,#7546);
#7545 = CARTESIAN_POINT('',(83.,-67.,-47.));
#7546 = VECTOR('',#7547,1.);
#7547 = DIRECTION('',(0.,1.,0.));
#7548 = ORIENTED_EDGE('',*,*,#7549,.F.);
#7549 = EDGE_CURVE('',#7550,#7542,#7552,.T.);
#7550 = VERTEX_POINT('',#7551);
#7551 = CARTESIAN_POINT('',(78.,58.,-47.));
#7552 = LINE('',#7553,#7554);
#7553 = CARTESIAN_POINT('',(78.,58.,-47.));
#7554 = VECTOR('',#7555,1.);
#7555 = DIRECTION('',(1.,0.,0.));
#7556 = ORIENTED_EDGE('',*,*,#7557,.T.);
#7557 = EDGE_CURVE('',#7550,#7474,#7558,.T.);
#7558 = LINE('',#7559,#7560);
#7559 = CARTESIAN_POINT('',(78.,58.,-47.));
#7560 = VECTOR('',#7561,1.);
#7561 = DIRECTION('',(0.,1.,0.));
#7562 = ORIENTED_EDGE('',*,*,#7473,.T.);
#7563 = ORIENTED_EDGE('',*,*,#7564,.F.);
#7564 = EDGE_CURVE('',#7565,#7466,#7567,.T.);
#7565 = VERTEX_POINT('',#7566);
#7566 = CARTESIAN_POINT('',(83.,67.,-47.));
#7567 = LINE('',#7568,#7569);
#7568 = CARTESIAN_POINT('',(83.,58.,-47.));
#7569 = VECTOR('',#7570,1.);
#7570 = DIRECTION('',(0.,1.,0.));
#7571 = ORIENTED_EDGE('',*,*,#7572,.T.);
#7572 = EDGE_CURVE('',#7565,#6880,#7573,.T.);
#7573 = LINE('',#7574,#7575);
#7574 = CARTESIAN_POINT('',(83.,67.,-47.));
#7575 = VECTOR('',#7576,1.);
#7576 = DIRECTION('',(1.,0.,0.));
#7577 = ORIENTED_EDGE('',*,*,#6879,.F.);
#7578 = PLANE('',#7579);
#7579 = AXIS2_PLACEMENT_3D('',#7580,#7581,#7582);
#7580 = CARTESIAN_POINT('',(83.703821656051,0.,-47.));
#7581 = DIRECTION('',(-0.,-0.,-1.));
#7582 = DIRECTION('',(-1.,0.,0.));
#7583 = ADVANCED_FACE('',(#7584),#7596,.T.);
#7584 = FACE_BOUND('',#7585,.T.);
#7585 = EDGE_LOOP('',(#7586,#7587,#7588,#7595));
#7586 = ORIENTED_EDGE('',*,*,#6887,.F.);
#7587 = ORIENTED_EDGE('',*,*,#7572,.F.);
#7588 = ORIENTED_EDGE('',*,*,#7589,.T.);
#7589 = EDGE_CURVE('',#7565,#7458,#7590,.T.);
#7590 = CIRCLE('',#7591,5.);
#7591 = AXIS2_PLACEMENT_3D('',#7592,#7593,#7594);
#7592 = CARTESIAN_POINT('',(83.,67.,-42.));
#7593 = DIRECTION('',(1.,-0.,0.));
#7594 = DIRECTION('',(0.,0.,-1.));
#7595 = ORIENTED_EDGE('',*,*,#7457,.T.);
#7596 = CYLINDRICAL_SURFACE('',#7597,5.);
#7597 = AXIS2_PLACEMENT_3D('',#7598,#7599,#7600);
#7598 = CARTESIAN_POINT('',(83.,67.,-42.));
#7599 = DIRECTION('',(1.,0.,0.));
#7600 = DIRECTION('',(0.,0.,-1.));
#7601 = ADVANCED_FACE('',(#7602),#7621,.F.);
#7602 = FACE_BOUND('',#7603,.F.);
#7603 = EDGE_LOOP('',(#7604,#7605,#7613,#7620));
#7604 = ORIENTED_EDGE('',*,*,#6921,.F.);
#7605 = ORIENTED_EDGE('',*,*,#7606,.F.);
#7606 = EDGE_CURVE('',#7607,#6922,#7609,.T.);
#7607 = VERTEX_POINT('',#7608);
#7608 = CARTESIAN_POINT('',(78.,62.,-38.75));
#7609 = LINE('',#7610,#7611);
#7610 = CARTESIAN_POINT('',(77.9,62.,-38.75));
#7611 = VECTOR('',#7612,1.);
#7612 = DIRECTION('',(1.,0.,0.));
#7613 = ORIENTED_EDGE('',*,*,#7614,.T.);
#7614 = EDGE_CURVE('',#7607,#7607,#7615,.T.);
#7615 = CIRCLE('',#7616,1.25);
#7616 = AXIS2_PLACEMENT_3D('',#7617,#7618,#7619);
#7617 = CARTESIAN_POINT('',(78.,62.,-40.));
#7618 = DIRECTION('',(1.,0.,-0.));
#7619 = DIRECTION('',(0.,0.,1.));
#7620 = ORIENTED_EDGE('',*,*,#7606,.T.);
#7621 = CYLINDRICAL_SURFACE('',#7622,1.25);
#7622 = AXIS2_PLACEMENT_3D('',#7623,#7624,#7625);
#7623 = CARTESIAN_POINT('',(77.9,62.,-40.));
#7624 = DIRECTION('',(1.,0.,0.));
#7625 = DIRECTION('',(0.,0.,1.));
#7626 = ADVANCED_FACE('',(#7627),#7638,.F.);
#7627 = FACE_BOUND('',#7628,.F.);
#7628 = EDGE_LOOP('',(#7629,#7630,#7636,#7637));
#7629 = ORIENTED_EDGE('',*,*,#6941,.F.);
#7630 = ORIENTED_EDGE('',*,*,#7631,.F.);
#7631 = EDGE_CURVE('',#7195,#6942,#7632,.T.);
#7632 = LINE('',#7633,#7634);
#7633 = CARTESIAN_POINT('',(79.,58.,30.));
#7634 = VECTOR('',#7635,1.);
#7635 = DIRECTION('',(1.,0.,0.));
#7636 = ORIENTED_EDGE('',*,*,#7202,.T.);
#7637 = ORIENTED_EDGE('',*,*,#7219,.T.);
#7638 = CYLINDRICAL_SURFACE('',#7639,5.);
#7639 = AXIS2_PLACEMENT_3D('',#7640,#7641,#7642);
#7640 = CARTESIAN_POINT('',(79.,53.,30.));
#7641 = DIRECTION('',(1.,0.,0.));
#7642 = DIRECTION('',(0.,0.,-1.));
#7643 = ADVANCED_FACE('',(#7644),#7663,.F.);
#7644 = FACE_BOUND('',#7645,.F.);
#7645 = EDGE_LOOP('',(#7646,#7647,#7648,#7657));
#7646 = ORIENTED_EDGE('',*,*,#6975,.F.);
#7647 = ORIENTED_EDGE('',*,*,#7031,.F.);
#7648 = ORIENTED_EDGE('',*,*,#7649,.T.);
#7649 = EDGE_CURVE('',#7032,#7650,#7652,.T.);
#7650 = VERTEX_POINT('',#7651);
#7651 = CARTESIAN_POINT('',(83.,-53.,-35.));
#7652 = CIRCLE('',#7653,5.);
#7653 = AXIS2_PLACEMENT_3D('',#7654,#7655,#7656);
#7654 = CARTESIAN_POINT('',(83.,-53.,-30.));
#7655 = DIRECTION('',(1.,-0.,1.1E-16));
#7656 = DIRECTION('',(1.1E-16,0.,-1.));
#7657 = ORIENTED_EDGE('',*,*,#7658,.T.);
#7658 = EDGE_CURVE('',#7650,#6968,#7659,.T.);
#7659 = LINE('',#7660,#7661);
#7660 = CARTESIAN_POINT('',(79.,-53.,-35.));
#7661 = VECTOR('',#7662,1.);
#7662 = DIRECTION('',(1.,0.,0.));
#7663 = CYLINDRICAL_SURFACE('',#7664,5.);
#7664 = AXIS2_PLACEMENT_3D('',#7665,#7666,#7667);
#7665 = CARTESIAN_POINT('',(79.,-53.,-30.));
#7666 = DIRECTION('',(1.,0.,0.));
#7667 = DIRECTION('',(0.,0.,-1.));
#7668 = ADVANCED_FACE('',(#7669),#7751,.T.);
#7669 = FACE_BOUND('',#7670,.T.);
#7670 = EDGE_LOOP('',(#7671,#7681,#7687,#7688,#7689,#7690,#7698,#7706,
    #7712,#7713,#7714,#7720,#7721,#7729,#7737,#7745));
#7671 = ORIENTED_EDGE('',*,*,#7672,.T.);
#7672 = EDGE_CURVE('',#7673,#7675,#7677,.T.);
#7673 = VERTEX_POINT('',#7674);
#7674 = CARTESIAN_POINT('',(83.,58.,-37.));
#7675 = VERTEX_POINT('',#7676);
#7676 = CARTESIAN_POINT('',(83.,58.,-30.));
#7677 = LINE('',#7678,#7679);
#7678 = CARTESIAN_POINT('',(83.,58.,-47.));
#7679 = VECTOR('',#7680,1.);
#7680 = DIRECTION('',(0.,0.,1.));
#7681 = ORIENTED_EDGE('',*,*,#7682,.T.);
#7682 = EDGE_CURVE('',#7675,#6951,#7683,.T.);
#7683 = LINE('',#7684,#7685);
#7684 = CARTESIAN_POINT('',(79.,58.,-30.));
#7685 = VECTOR('',#7686,1.);
#7686 = DIRECTION('',(1.,0.,0.));
#7687 = ORIENTED_EDGE('',*,*,#6950,.T.);
#7688 = ORIENTED_EDGE('',*,*,#7631,.F.);
#7689 = ORIENTED_EDGE('',*,*,#7194,.T.);
#7690 = ORIENTED_EDGE('',*,*,#7691,.F.);
#7691 = EDGE_CURVE('',#7692,#7186,#7694,.T.);
#7692 = VERTEX_POINT('',#7693);
#7693 = CARTESIAN_POINT('',(80.,58.,38.));
#7694 = LINE('',#7695,#7696);
#7695 = CARTESIAN_POINT('',(80.,58.,38.));
#7696 = VECTOR('',#7697,1.);
#7697 = DIRECTION('',(1.,0.,0.));
#7698 = ORIENTED_EDGE('',*,*,#7699,.T.);
#7699 = EDGE_CURVE('',#7692,#7700,#7702,.T.);
#7700 = VERTEX_POINT('',#7701);
#7701 = CARTESIAN_POINT('',(80.,58.,44.));
#7702 = LINE('',#7703,#7704);
#7703 = CARTESIAN_POINT('',(80.,58.,20.5));
#7704 = VECTOR('',#7705,1.);
#7705 = DIRECTION('',(0.,0.,1.));
#7706 = ORIENTED_EDGE('',*,*,#7707,.T.);
#7707 = EDGE_CURVE('',#7700,#7178,#7708,.T.);
#7708 = LINE('',#7709,#7710);
#7709 = CARTESIAN_POINT('',(80.,58.,44.));
#7710 = VECTOR('',#7711,1.);
#7711 = DIRECTION('',(1.,0.,0.));
#7712 = ORIENTED_EDGE('',*,*,#7177,.T.);
#7713 = ORIENTED_EDGE('',*,*,#7300,.F.);
#7714 = ORIENTED_EDGE('',*,*,#7715,.F.);
#7715 = EDGE_CURVE('',#7550,#7293,#7716,.T.);
#7716 = LINE('',#7717,#7718);
#7717 = CARTESIAN_POINT('',(78.,58.,-47.));
#7718 = VECTOR('',#7719,1.);
#7719 = DIRECTION('',(0.,0.,1.));
#7720 = ORIENTED_EDGE('',*,*,#7549,.T.);
#7721 = ORIENTED_EDGE('',*,*,#7722,.T.);
#7722 = EDGE_CURVE('',#7542,#7723,#7725,.T.);
#7723 = VERTEX_POINT('',#7724);
#7724 = CARTESIAN_POINT('',(83.,58.,-43.));
#7725 = LINE('',#7726,#7727);
#7726 = CARTESIAN_POINT('',(83.,58.,-47.));
#7727 = VECTOR('',#7728,1.);
#7728 = DIRECTION('',(0.,0.,1.));
#7729 = ORIENTED_EDGE('',*,*,#7730,.F.);
#7730 = EDGE_CURVE('',#7731,#7723,#7733,.T.);
#7731 = VERTEX_POINT('',#7732);
#7732 = CARTESIAN_POINT('',(80.,58.,-43.));
#7733 = LINE('',#7734,#7735);
#7734 = CARTESIAN_POINT('',(80.,58.,-43.));
#7735 = VECTOR('',#7736,1.);
#7736 = DIRECTION('',(1.,0.,0.));
#7737 = ORIENTED_EDGE('',*,*,#7738,.T.);
#7738 = EDGE_CURVE('',#7731,#7739,#7741,.T.);
#7739 = VERTEX_POINT('',#7740);
#7740 = CARTESIAN_POINT('',(80.,58.,-37.));
#7741 = LINE('',#7742,#7743);
#7742 = CARTESIAN_POINT('',(80.,58.,-20.));
#7743 = VECTOR('',#7744,1.);
#7744 = DIRECTION('',(0.,0.,1.));
#7745 = ORIENTED_EDGE('',*,*,#7746,.T.);
#7746 = EDGE_CURVE('',#7739,#7673,#7747,.T.);
#7747 = LINE('',#7748,#7749);
#7748 = CARTESIAN_POINT('',(80.,58.,-37.));
#7749 = VECTOR('',#7750,1.);
#7750 = DIRECTION('',(1.,0.,0.));
#7751 = PLANE('',#7752);
#7752 = AXIS2_PLACEMENT_3D('',#7753,#7754,#7755);
#7753 = CARTESIAN_POINT('',(81.5,58.,0.));
#7754 = DIRECTION('',(-0.,-1.,-0.));
#7755 = DIRECTION('',(0.,0.,-1.));
#7756 = ADVANCED_FACE('',(#7757),#7775,.F.);
#7757 = FACE_BOUND('',#7758,.F.);
#7758 = EDGE_LOOP('',(#7759,#7760,#7768,#7774));
#7759 = ORIENTED_EDGE('',*,*,#7658,.F.);
#7760 = ORIENTED_EDGE('',*,*,#7761,.F.);
#7761 = EDGE_CURVE('',#7762,#7650,#7764,.T.);
#7762 = VERTEX_POINT('',#7763);
#7763 = CARTESIAN_POINT('',(83.,53.,-35.));
#7764 = LINE('',#7765,#7766);
#7765 = CARTESIAN_POINT('',(83.,-26.5,-35.));
#7766 = VECTOR('',#7767,1.);
#7767 = DIRECTION('',(0.,-1.,0.));
#7768 = ORIENTED_EDGE('',*,*,#7769,.T.);
#7769 = EDGE_CURVE('',#7762,#6959,#7770,.T.);
#7770 = LINE('',#7771,#7772);
#7771 = CARTESIAN_POINT('',(79.,53.,-35.));
#7772 = VECTOR('',#7773,1.);
#7773 = DIRECTION('',(1.,0.,0.));
#7774 = ORIENTED_EDGE('',*,*,#6967,.F.);
#7775 = PLANE('',#7776);
#7776 = AXIS2_PLACEMENT_3D('',#7777,#7778,#7779);
#7777 = CARTESIAN_POINT('',(79.,-53.,-35.));
#7778 = DIRECTION('',(0.,0.,-1.));
#7779 = DIRECTION('',(1.,0.,0.));
#7780 = ADVANCED_FACE('',(#7781),#7793,.F.);
#7781 = FACE_BOUND('',#7782,.F.);
#7782 = EDGE_LOOP('',(#7783,#7784,#7785,#7792));
#7783 = ORIENTED_EDGE('',*,*,#6958,.F.);
#7784 = ORIENTED_EDGE('',*,*,#7769,.F.);
#7785 = ORIENTED_EDGE('',*,*,#7786,.T.);
#7786 = EDGE_CURVE('',#7762,#7675,#7787,.T.);
#7787 = CIRCLE('',#7788,5.);
#7788 = AXIS2_PLACEMENT_3D('',#7789,#7790,#7791);
#7789 = CARTESIAN_POINT('',(83.,53.,-30.));
#7790 = DIRECTION('',(1.,-0.,1.1E-16));
#7791 = DIRECTION('',(1.1E-16,0.,-1.));
#7792 = ORIENTED_EDGE('',*,*,#7682,.T.);
#7793 = CYLINDRICAL_SURFACE('',#7794,5.);
#7794 = AXIS2_PLACEMENT_3D('',#7795,#7796,#7797);
#7795 = CARTESIAN_POINT('',(79.,53.,-30.));
#7796 = DIRECTION('',(1.,0.,0.));
#7797 = DIRECTION('',(0.,0.,-1.));
#7798 = ADVANCED_FACE('',(#7799),#7818,.F.);
#7799 = FACE_BOUND('',#7800,.F.);
#7800 = EDGE_LOOP('',(#7801,#7802,#7810,#7817));
#7801 = ORIENTED_EDGE('',*,*,#6992,.F.);
#7802 = ORIENTED_EDGE('',*,*,#7803,.F.);
#7803 = EDGE_CURVE('',#7804,#6993,#7806,.T.);
#7804 = VERTEX_POINT('',#7805);
#7805 = CARTESIAN_POINT('',(78.,62.,42.25));
#7806 = LINE('',#7807,#7808);
#7807 = CARTESIAN_POINT('',(77.9,62.,42.25));
#7808 = VECTOR('',#7809,1.);
#7809 = DIRECTION('',(1.,0.,0.));
#7810 = ORIENTED_EDGE('',*,*,#7811,.T.);
#7811 = EDGE_CURVE('',#7804,#7804,#7812,.T.);
#7812 = CIRCLE('',#7813,1.25);
#7813 = AXIS2_PLACEMENT_3D('',#7814,#7815,#7816);
#7814 = CARTESIAN_POINT('',(78.,62.,41.));
#7815 = DIRECTION('',(1.,0.,-0.));
#7816 = DIRECTION('',(0.,0.,1.));
#7817 = ORIENTED_EDGE('',*,*,#7803,.T.);
#7818 = CYLINDRICAL_SURFACE('',#7819,1.25);
#7819 = AXIS2_PLACEMENT_3D('',#7820,#7821,#7822);
#7820 = CARTESIAN_POINT('',(77.9,62.,41.));
#7821 = DIRECTION('',(1.,0.,0.));
#7822 = DIRECTION('',(0.,0.,1.));
#7823 = ADVANCED_FACE('',(#7824),#7843,.F.);
#7824 = FACE_BOUND('',#7825,.F.);
#7825 = EDGE_LOOP('',(#7826,#7827,#7835,#7842));
#7826 = ORIENTED_EDGE('',*,*,#7003,.F.);
#7827 = ORIENTED_EDGE('',*,*,#7828,.F.);
#7828 = EDGE_CURVE('',#7829,#7004,#7831,.T.);
#7829 = VERTEX_POINT('',#7830);
#7830 = CARTESIAN_POINT('',(78.,-62.,-38.75));
#7831 = LINE('',#7832,#7833);
#7832 = CARTESIAN_POINT('',(77.9,-62.,-38.75));
#7833 = VECTOR('',#7834,1.);
#7834 = DIRECTION('',(1.,0.,0.));
#7835 = ORIENTED_EDGE('',*,*,#7836,.T.);
#7836 = EDGE_CURVE('',#7829,#7829,#7837,.T.);
#7837 = CIRCLE('',#7838,1.25);
#7838 = AXIS2_PLACEMENT_3D('',#7839,#7840,#7841);
#7839 = CARTESIAN_POINT('',(78.,-62.,-40.));
#7840 = DIRECTION('',(1.,0.,-0.));
#7841 = DIRECTION('',(0.,0.,1.));
#7842 = ORIENTED_EDGE('',*,*,#7828,.T.);
#7843 = CYLINDRICAL_SURFACE('',#7844,1.25);
#7844 = AXIS2_PLACEMENT_3D('',#7845,#7846,#7847);
#7845 = CARTESIAN_POINT('',(77.9,-62.,-40.));
#7846 = DIRECTION('',(1.,0.,0.));
#7847 = DIRECTION('',(0.,0.,1.));
#7848 = ADVANCED_FACE('',(#7849),#7868,.F.);
#7849 = FACE_BOUND('',#7850,.F.);
#7850 = EDGE_LOOP('',(#7851,#7852,#7860,#7867));
#7851 = ORIENTED_EDGE('',*,*,#7014,.F.);
#7852 = ORIENTED_EDGE('',*,*,#7853,.F.);
#7853 = EDGE_CURVE('',#7854,#7015,#7856,.T.);
#7854 = VERTEX_POINT('',#7855);
#7855 = CARTESIAN_POINT('',(78.,-62.,42.25));
#7856 = LINE('',#7857,#7858);
#7857 = CARTESIAN_POINT('',(77.9,-62.,42.25));
#7858 = VECTOR('',#7859,1.);
#7859 = DIRECTION('',(1.,0.,0.));
#7860 = ORIENTED_EDGE('',*,*,#7861,.T.);
#7861 = EDGE_CURVE('',#7854,#7854,#7862,.T.);
#7862 = CIRCLE('',#7863,1.25);
#7863 = AXIS2_PLACEMENT_3D('',#7864,#7865,#7866);
#7864 = CARTESIAN_POINT('',(78.,-62.,41.));
#7865 = DIRECTION('',(1.,0.,-0.));
#7866 = DIRECTION('',(0.,0.,1.));
#7867 = ORIENTED_EDGE('',*,*,#7853,.T.);
#7868 = CYLINDRICAL_SURFACE('',#7869,1.25);
#7869 = AXIS2_PLACEMENT_3D('',#7870,#7871,#7872);
#7870 = CARTESIAN_POINT('',(77.9,-62.,41.));
#7871 = DIRECTION('',(1.,0.,0.));
#7872 = DIRECTION('',(0.,0.,1.));
#7873 = ADVANCED_FACE('',(#7874),#7886,.T.);
#7874 = FACE_BOUND('',#7875,.T.);
#7875 = EDGE_LOOP('',(#7876,#7877,#7884,#7885));
#7876 = ORIENTED_EDGE('',*,*,#7127,.F.);
#7877 = ORIENTED_EDGE('',*,*,#7878,.T.);
#7878 = EDGE_CURVE('',#7120,#7112,#7879,.T.);
#7879 = CIRCLE('',#7880,5.);
#7880 = AXIS2_PLACEMENT_3D('',#7881,#7882,#7883);
#7881 = CARTESIAN_POINT('',(80.,-62.,41.));
#7882 = DIRECTION('',(1.,0.,-0.));
#7883 = DIRECTION('',(0.,0.,1.));
#7884 = ORIENTED_EDGE('',*,*,#7111,.T.);
#7885 = ORIENTED_EDGE('',*,*,#7161,.F.);
#7886 = CYLINDRICAL_SURFACE('',#7887,5.);
#7887 = AXIS2_PLACEMENT_3D('',#7888,#7889,#7890);
#7888 = CARTESIAN_POINT('',(80.,-62.,41.));
#7889 = DIRECTION('',(1.,0.,0.));
#7890 = DIRECTION('',(0.,0.,1.));
#7891 = ADVANCED_FACE('',(#7892),#7896,.F.);
#7892 = FACE_BOUND('',#7893,.F.);
#7893 = EDGE_LOOP('',(#7894,#7895));
#7894 = ORIENTED_EDGE('',*,*,#7119,.T.);
#7895 = ORIENTED_EDGE('',*,*,#7878,.T.);
#7896 = PLANE('',#7897);
#7897 = AXIS2_PLACEMENT_3D('',#7898,#7899,#7900);
#7898 = CARTESIAN_POINT('',(80.,-62.,41.));
#7899 = DIRECTION('',(1.,0.,0.));
#7900 = DIRECTION('',(0.,0.,1.));
#7901 = ADVANCED_FACE('',(#7902,#7908,#7911),#7914,.F.);
#7902 = FACE_BOUND('',#7903,.F.);
#7903 = EDGE_LOOP('',(#7904,#7905,#7906,#7907));
#7904 = ORIENTED_EDGE('',*,*,#7355,.F.);
#7905 = ORIENTED_EDGE('',*,*,#7534,.T.);
#7906 = ORIENTED_EDGE('',*,*,#7087,.T.);
#7907 = ORIENTED_EDGE('',*,*,#7308,.F.);
#7908 = FACE_BOUND('',#7909,.F.);
#7909 = EDGE_LOOP('',(#7910));
#7910 = ORIENTED_EDGE('',*,*,#7836,.F.);
#7911 = FACE_BOUND('',#7912,.F.);
#7912 = EDGE_LOOP('',(#7913));
#7913 = ORIENTED_EDGE('',*,*,#7861,.F.);
#7914 = PLANE('',#7915);
#7915 = AXIS2_PLACEMENT_3D('',#7916,#7917,#7918);
#7916 = CARTESIAN_POINT('',(78.,-72.,-47.));
#7917 = DIRECTION('',(1.,0.,0.));
#7918 = DIRECTION('',(0.,0.,1.));
#7919 = ADVANCED_FACE('',(#7920),#7944,.T.);
#7920 = FACE_BOUND('',#7921,.T.);
#7921 = EDGE_LOOP('',(#7922,#7923,#7924,#7931,#7932,#7933,#7934,#7935,
    #7936,#7943));
#7922 = ORIENTED_EDGE('',*,*,#7541,.F.);
#7923 = ORIENTED_EDGE('',*,*,#7071,.T.);
#7924 = ORIENTED_EDGE('',*,*,#7925,.T.);
#7925 = EDGE_CURVE('',#7064,#7040,#7926,.T.);
#7926 = CIRCLE('',#7927,5.);
#7927 = AXIS2_PLACEMENT_3D('',#7928,#7929,#7930);
#7928 = CARTESIAN_POINT('',(83.,-62.,-40.));
#7929 = DIRECTION('',(1.,0.,-0.));
#7930 = DIRECTION('',(0.,0.,1.));
#7931 = ORIENTED_EDGE('',*,*,#7039,.T.);
#7932 = ORIENTED_EDGE('',*,*,#7649,.T.);
#7933 = ORIENTED_EDGE('',*,*,#7761,.F.);
#7934 = ORIENTED_EDGE('',*,*,#7786,.T.);
#7935 = ORIENTED_EDGE('',*,*,#7672,.F.);
#7936 = ORIENTED_EDGE('',*,*,#7937,.T.);
#7937 = EDGE_CURVE('',#7673,#7723,#7938,.T.);
#7938 = CIRCLE('',#7939,5.);
#7939 = AXIS2_PLACEMENT_3D('',#7940,#7941,#7942);
#7940 = CARTESIAN_POINT('',(83.,62.,-40.));
#7941 = DIRECTION('',(1.,0.,-0.));
#7942 = DIRECTION('',(0.,0.,1.));
#7943 = ORIENTED_EDGE('',*,*,#7722,.F.);
#7944 = PLANE('',#7945);
#7945 = AXIS2_PLACEMENT_3D('',#7946,#7947,#7948);
#7946 = CARTESIAN_POINT('',(83.,0.,9.7E-16));
#7947 = DIRECTION('',(-1.,-0.,0.));
#7948 = DIRECTION('',(0.,0.,1.));
#7949 = ADVANCED_FACE('',(#7950),#7962,.T.);
#7950 = FACE_BOUND('',#7951,.T.);
#7951 = EDGE_LOOP('',(#7952,#7953,#7960,#7961));
#7952 = ORIENTED_EDGE('',*,*,#7063,.F.);
#7953 = ORIENTED_EDGE('',*,*,#7954,.T.);
#7954 = EDGE_CURVE('',#7056,#7048,#7955,.T.);
#7955 = CIRCLE('',#7956,5.);
#7956 = AXIS2_PLACEMENT_3D('',#7957,#7958,#7959);
#7957 = CARTESIAN_POINT('',(80.,-62.,-40.));
#7958 = DIRECTION('',(1.,0.,-0.));
#7959 = DIRECTION('',(0.,0.,1.));
#7960 = ORIENTED_EDGE('',*,*,#7047,.T.);
#7961 = ORIENTED_EDGE('',*,*,#7925,.F.);
#7962 = CYLINDRICAL_SURFACE('',#7963,5.);
#7963 = AXIS2_PLACEMENT_3D('',#7964,#7965,#7966);
#7964 = CARTESIAN_POINT('',(80.,-62.,-40.));
#7965 = DIRECTION('',(1.,0.,0.));
#7966 = DIRECTION('',(0.,0.,1.));
#7967 = ADVANCED_FACE('',(#7968),#7972,.F.);
#7968 = FACE_BOUND('',#7969,.F.);
#7969 = EDGE_LOOP('',(#7970,#7971));
#7970 = ORIENTED_EDGE('',*,*,#7055,.T.);
#7971 = ORIENTED_EDGE('',*,*,#7954,.T.);
#7972 = PLANE('',#7973);
#7973 = AXIS2_PLACEMENT_3D('',#7974,#7975,#7976);
#7974 = CARTESIAN_POINT('',(80.,-62.,-40.));
#7975 = DIRECTION('',(1.,0.,0.));
#7976 = DIRECTION('',(0.,0.,1.));
#7977 = ADVANCED_FACE('',(#7978),#7990,.T.);
#7978 = FACE_BOUND('',#7979,.T.);
#7979 = EDGE_LOOP('',(#7980,#7981,#7988,#7989));
#7980 = ORIENTED_EDGE('',*,*,#7707,.F.);
#7981 = ORIENTED_EDGE('',*,*,#7982,.T.);
#7982 = EDGE_CURVE('',#7700,#7692,#7983,.T.);
#7983 = CIRCLE('',#7984,5.);
#7984 = AXIS2_PLACEMENT_3D('',#7985,#7986,#7987);
#7985 = CARTESIAN_POINT('',(80.,62.,41.));
#7986 = DIRECTION('',(1.,0.,-0.));
#7987 = DIRECTION('',(0.,0.,1.));
#7988 = ORIENTED_EDGE('',*,*,#7691,.T.);
#7989 = ORIENTED_EDGE('',*,*,#7185,.F.);
#7990 = CYLINDRICAL_SURFACE('',#7991,5.);
#7991 = AXIS2_PLACEMENT_3D('',#7992,#7993,#7994);
#7992 = CARTESIAN_POINT('',(80.,62.,41.));
#7993 = DIRECTION('',(1.,0.,0.));
#7994 = DIRECTION('',(0.,0.,1.));
#7995 = ADVANCED_FACE('',(#7996),#8001,.T.);
#7996 = FACE_BOUND('',#7997,.T.);
#7997 = EDGE_LOOP('',(#7998,#7999,#8000));
#7998 = ORIENTED_EDGE('',*,*,#7348,.F.);
#7999 = ORIENTED_EDGE('',*,*,#7243,.F.);
#8000 = ORIENTED_EDGE('',*,*,#7324,.F.);
#8001 = PLANE('',#8002);
#8002 = AXIS2_PLACEMENT_3D('',#8003,#8004,#8005);
#8003 = CARTESIAN_POINT('',(83.,-72.,-47.));
#8004 = DIRECTION('',(1.,0.,0.));
#8005 = DIRECTION('',(0.,0.,1.));
#8006 = ADVANCED_FACE('',(#8007),#8012,.T.);
#8007 = FACE_BOUND('',#8008,.T.);
#8008 = EDGE_LOOP('',(#8009,#8010,#8011));
#8009 = ORIENTED_EDGE('',*,*,#7276,.F.);
#8010 = ORIENTED_EDGE('',*,*,#7416,.F.);
#8011 = ORIENTED_EDGE('',*,*,#7488,.T.);
#8012 = PLANE('',#8013);
#8013 = AXIS2_PLACEMENT_3D('',#8014,#8015,#8016);
#8014 = CARTESIAN_POINT('',(83.,58.,-47.));
#8015 = DIRECTION('',(1.,0.,0.));
#8016 = DIRECTION('',(0.,0.,1.));
#8017 = ADVANCED_FACE('',(#8018,#8024,#8027),#8030,.F.);
#8018 = FACE_BOUND('',#8019,.F.);
#8019 = EDGE_LOOP('',(#8020,#8021,#8022,#8023));
#8020 = ORIENTED_EDGE('',*,*,#7715,.F.);
#8021 = ORIENTED_EDGE('',*,*,#7557,.T.);
#8022 = ORIENTED_EDGE('',*,*,#7481,.T.);
#8023 = ORIENTED_EDGE('',*,*,#7292,.F.);
#8024 = FACE_BOUND('',#8025,.F.);
#8025 = EDGE_LOOP('',(#8026));
#8026 = ORIENTED_EDGE('',*,*,#7614,.F.);
#8027 = FACE_BOUND('',#8028,.F.);
#8028 = EDGE_LOOP('',(#8029));
#8029 = ORIENTED_EDGE('',*,*,#7811,.F.);
#8030 = PLANE('',#8031);
#8031 = AXIS2_PLACEMENT_3D('',#8032,#8033,#8034);
#8032 = CARTESIAN_POINT('',(78.,58.,-47.));
#8033 = DIRECTION('',(1.,0.,0.));
#8034 = DIRECTION('',(0.,0.,1.));
#8035 = ADVANCED_FACE('',(#8036),#8041,.T.);
#8036 = FACE_BOUND('',#8037,.T.);
#8037 = EDGE_LOOP('',(#8038,#8039,#8040));
#8038 = ORIENTED_EDGE('',*,*,#7371,.F.);
#8039 = ORIENTED_EDGE('',*,*,#7527,.T.);
#8040 = ORIENTED_EDGE('',*,*,#7434,.F.);
#8041 = PLANE('',#8042);
#8042 = AXIS2_PLACEMENT_3D('',#8043,#8044,#8045);
#8043 = CARTESIAN_POINT('',(83.,-72.,-47.));
#8044 = DIRECTION('',(1.,0.,0.));
#8045 = DIRECTION('',(0.,0.,1.));
#8046 = ADVANCED_FACE('',(#8047),#8066,.F.);
#8047 = FACE_BOUND('',#8048,.F.);
#8048 = EDGE_LOOP('',(#8049,#8057,#8064,#8065));
#8049 = ORIENTED_EDGE('',*,*,#8050,.T.);
#8050 = EDGE_CURVE('',#7380,#8051,#8053,.T.);
#8051 = VERTEX_POINT('',#8052);
#8052 = CARTESIAN_POINT('',(82.,-65.5,26.25));
#8053 = LINE('',#8054,#8055);
#8054 = CARTESIAN_POINT('',(82.,-72.1,26.25));
#8055 = VECTOR('',#8056,1.);
#8056 = DIRECTION('',(0.,1.,0.));
#8057 = ORIENTED_EDGE('',*,*,#8058,.F.);
#8058 = EDGE_CURVE('',#8051,#8051,#8059,.T.);
#8059 = CIRCLE('',#8060,1.25);
#8060 = AXIS2_PLACEMENT_3D('',#8061,#8062,#8063);
#8061 = CARTESIAN_POINT('',(82.,-65.5,25.));
#8062 = DIRECTION('',(0.,1.,0.));
#8063 = DIRECTION('',(0.,0.,1.));
#8064 = ORIENTED_EDGE('',*,*,#8050,.F.);
#8065 = ORIENTED_EDGE('',*,*,#7379,.T.);
#8066 = CYLINDRICAL_SURFACE('',#8067,1.25);
#8067 = AXIS2_PLACEMENT_3D('',#8068,#8069,#8070);
#8068 = CARTESIAN_POINT('',(82.,-72.1,25.));
#8069 = DIRECTION('',(0.,1.,0.));
#8070 = DIRECTION('',(0.,0.,1.));
#8071 = ADVANCED_FACE('',(#8072),#8091,.F.);
#8072 = FACE_BOUND('',#8073,.F.);
#8073 = EDGE_LOOP('',(#8074,#8082,#8089,#8090));
#8074 = ORIENTED_EDGE('',*,*,#8075,.T.);
#8075 = EDGE_CURVE('',#7391,#8076,#8078,.T.);
#8076 = VERTEX_POINT('',#8077);
#8077 = CARTESIAN_POINT('',(82.,-65.5,-23.75));
#8078 = LINE('',#8079,#8080);
#8079 = CARTESIAN_POINT('',(82.,-72.1,-23.75));
#8080 = VECTOR('',#8081,1.);
#8081 = DIRECTION('',(0.,1.,0.));
#8082 = ORIENTED_EDGE('',*,*,#8083,.F.);
#8083 = EDGE_CURVE('',#8076,#8076,#8084,.T.);
#8084 = CIRCLE('',#8085,1.25);
#8085 = AXIS2_PLACEMENT_3D('',#8086,#8087,#8088);
#8086 = CARTESIAN_POINT('',(82.,-65.5,-25.));
#8087 = DIRECTION('',(0.,1.,0.));
#8088 = DIRECTION('',(0.,0.,1.));
#8089 = ORIENTED_EDGE('',*,*,#8075,.F.);
#8090 = ORIENTED_EDGE('',*,*,#7390,.T.);
#8091 = CYLINDRICAL_SURFACE('',#8092,1.25);
#8092 = AXIS2_PLACEMENT_3D('',#8093,#8094,#8095);
#8093 = CARTESIAN_POINT('',(82.,-72.1,-25.));
#8094 = DIRECTION('',(0.,1.,0.));
#8095 = DIRECTION('',(0.,0.,1.));
#8096 = ADVANCED_FACE('',(#8097),#8102,.T.);
#8097 = FACE_BOUND('',#8098,.T.);
#8098 = EDGE_LOOP('',(#8099,#8100,#8101));
#8099 = ORIENTED_EDGE('',*,*,#7589,.F.);
#8100 = ORIENTED_EDGE('',*,*,#7564,.T.);
#8101 = ORIENTED_EDGE('',*,*,#7465,.T.);
#8102 = PLANE('',#8103);
#8103 = AXIS2_PLACEMENT_3D('',#8104,#8105,#8106);
#8104 = CARTESIAN_POINT('',(83.,58.,-47.));
#8105 = DIRECTION('',(1.,0.,0.));
#8106 = DIRECTION('',(0.,0.,1.));
#8107 = ADVANCED_FACE('',(#8108),#8127,.F.);
#8108 = FACE_BOUND('',#8109,.F.);
#8109 = EDGE_LOOP('',(#8110,#8118,#8125,#8126));
#8110 = ORIENTED_EDGE('',*,*,#8111,.T.);
#8111 = EDGE_CURVE('',#7499,#8112,#8114,.T.);
#8112 = VERTEX_POINT('',#8113);
#8113 = CARTESIAN_POINT('',(82.,65.5,-26.25));
#8114 = LINE('',#8115,#8116);
#8115 = CARTESIAN_POINT('',(82.,72.1,-26.25));
#8116 = VECTOR('',#8117,1.);
#8117 = DIRECTION('',(0.,-1.,0.));
#8118 = ORIENTED_EDGE('',*,*,#8119,.F.);
#8119 = EDGE_CURVE('',#8112,#8112,#8120,.T.);
#8120 = CIRCLE('',#8121,1.25);
#8121 = AXIS2_PLACEMENT_3D('',#8122,#8123,#8124);
#8122 = CARTESIAN_POINT('',(82.,65.5,-25.));
#8123 = DIRECTION('',(0.,-1.,0.));
#8124 = DIRECTION('',(0.,0.,-1.));
#8125 = ORIENTED_EDGE('',*,*,#8111,.F.);
#8126 = ORIENTED_EDGE('',*,*,#7498,.T.);
#8127 = CYLINDRICAL_SURFACE('',#8128,1.25);
#8128 = AXIS2_PLACEMENT_3D('',#8129,#8130,#8131);
#8129 = CARTESIAN_POINT('',(82.,72.1,-25.));
#8130 = DIRECTION('',(0.,-1.,0.));
#8131 = DIRECTION('',(0.,0.,-1.));
#8132 = ADVANCED_FACE('',(#8133),#8152,.F.);
#8133 = FACE_BOUND('',#8134,.F.);
#8134 = EDGE_LOOP('',(#8135,#8143,#8150,#8151));
#8135 = ORIENTED_EDGE('',*,*,#8136,.T.);
#8136 = EDGE_CURVE('',#7510,#8137,#8139,.T.);
#8137 = VERTEX_POINT('',#8138);
#8138 = CARTESIAN_POINT('',(82.,65.5,23.75));
#8139 = LINE('',#8140,#8141);
#8140 = CARTESIAN_POINT('',(82.,72.1,23.75));
#8141 = VECTOR('',#8142,1.);
#8142 = DIRECTION('',(0.,-1.,0.));
#8143 = ORIENTED_EDGE('',*,*,#8144,.F.);
#8144 = EDGE_CURVE('',#8137,#8137,#8145,.T.);
#8145 = CIRCLE('',#8146,1.25);
#8146 = AXIS2_PLACEMENT_3D('',#8147,#8148,#8149);
#8147 = CARTESIAN_POINT('',(82.,65.5,25.));
#8148 = DIRECTION('',(0.,-1.,0.));
#8149 = DIRECTION('',(0.,0.,-1.));
#8150 = ORIENTED_EDGE('',*,*,#8136,.F.);
#8151 = ORIENTED_EDGE('',*,*,#7509,.T.);
#8152 = CYLINDRICAL_SURFACE('',#8153,1.25);
#8153 = AXIS2_PLACEMENT_3D('',#8154,#8155,#8156);
#8154 = CARTESIAN_POINT('',(82.,72.1,25.));
#8155 = DIRECTION('',(0.,-1.,0.));
#8156 = DIRECTION('',(0.,0.,-1.));
#8157 = ADVANCED_FACE('',(#8158),#8170,.T.);
#8158 = FACE_BOUND('',#8159,.T.);
#8159 = EDGE_LOOP('',(#8160,#8161,#8168,#8169));
#8160 = ORIENTED_EDGE('',*,*,#7746,.F.);
#8161 = ORIENTED_EDGE('',*,*,#8162,.T.);
#8162 = EDGE_CURVE('',#7739,#7731,#8163,.T.);
#8163 = CIRCLE('',#8164,5.);
#8164 = AXIS2_PLACEMENT_3D('',#8165,#8166,#8167);
#8165 = CARTESIAN_POINT('',(80.,62.,-40.));
#8166 = DIRECTION('',(1.,0.,-0.));
#8167 = DIRECTION('',(0.,0.,1.));
#8168 = ORIENTED_EDGE('',*,*,#7730,.T.);
#8169 = ORIENTED_EDGE('',*,*,#7937,.F.);
#8170 = CYLINDRICAL_SURFACE('',#8171,5.);
#8171 = AXIS2_PLACEMENT_3D('',#8172,#8173,#8174);
#8172 = CARTESIAN_POINT('',(80.,62.,-40.));
#8173 = DIRECTION('',(1.,0.,0.));
#8174 = DIRECTION('',(0.,0.,1.));
#8175 = ADVANCED_FACE('',(#8176),#8180,.F.);
#8176 = FACE_BOUND('',#8177,.F.);
#8177 = EDGE_LOOP('',(#8178,#8179));
#8178 = ORIENTED_EDGE('',*,*,#7738,.T.);
#8179 = ORIENTED_EDGE('',*,*,#8162,.T.);
#8180 = PLANE('',#8181);
#8181 = AXIS2_PLACEMENT_3D('',#8182,#8183,#8184);
#8182 = CARTESIAN_POINT('',(80.,62.,-40.));
#8183 = DIRECTION('',(1.,0.,0.));
#8184 = DIRECTION('',(0.,0.,1.));
#8185 = ADVANCED_FACE('',(#8186),#8190,.F.);
#8186 = FACE_BOUND('',#8187,.F.);
#8187 = EDGE_LOOP('',(#8188,#8189));
#8188 = ORIENTED_EDGE('',*,*,#7699,.T.);
#8189 = ORIENTED_EDGE('',*,*,#7982,.T.);
#8190 = PLANE('',#8191);
#8191 = AXIS2_PLACEMENT_3D('',#8192,#8193,#8194);
#8192 = CARTESIAN_POINT('',(80.,62.,41.));
#8193 = DIRECTION('',(1.,0.,0.));
#8194 = DIRECTION('',(0.,0.,1.));
#8195 = ADVANCED_FACE('',(#8196),#8208,.F.);
#8196 = FACE_BOUND('',#8197,.F.);
#8197 = EDGE_LOOP('',(#8198,#8206,#8207));
#8198 = ORIENTED_EDGE('',*,*,#8199,.F.);
#8199 = EDGE_CURVE('',#8051,#8200,#8202,.T.);
#8200 = VERTEX_POINT('',#8201);
#8201 = CARTESIAN_POINT('',(82.,-64.74892422621,25.));
#8202 = LINE('',#8203,#8204);
#8203 = CARTESIAN_POINT('',(82.,-65.5,26.25));
#8204 = VECTOR('',#8205,1.);
#8205 = DIRECTION('',(2.1E-16,0.51503807491,-0.857167300702));
#8206 = ORIENTED_EDGE('',*,*,#8058,.T.);
#8207 = ORIENTED_EDGE('',*,*,#8199,.T.);
#8208 = CONICAL_SURFACE('',#8209,1.25,1.029744258677);
#8209 = AXIS2_PLACEMENT_3D('',#8210,#8211,#8212);
#8210 = CARTESIAN_POINT('',(82.,-65.5,25.));
#8211 = DIRECTION('',(-0.,-1.,-0.));
#8212 = DIRECTION('',(0.,0.,1.));
#8213 = ADVANCED_FACE('',(#8214),#8226,.F.);
#8214 = FACE_BOUND('',#8215,.F.);
#8215 = EDGE_LOOP('',(#8216,#8224,#8225));
#8216 = ORIENTED_EDGE('',*,*,#8217,.F.);
#8217 = EDGE_CURVE('',#8076,#8218,#8220,.T.);
#8218 = VERTEX_POINT('',#8219);
#8219 = CARTESIAN_POINT('',(82.,-64.74892422621,-25.));
#8220 = LINE('',#8221,#8222);
#8221 = CARTESIAN_POINT('',(82.,-65.5,-23.75));
#8222 = VECTOR('',#8223,1.);
#8223 = DIRECTION('',(2.1E-16,0.51503807491,-0.857167300702));
#8224 = ORIENTED_EDGE('',*,*,#8083,.T.);
#8225 = ORIENTED_EDGE('',*,*,#8217,.T.);
#8226 = CONICAL_SURFACE('',#8227,1.25,1.029744258677);
#8227 = AXIS2_PLACEMENT_3D('',#8228,#8229,#8230);
#8228 = CARTESIAN_POINT('',(82.,-65.5,-25.));
#8229 = DIRECTION('',(-0.,-1.,-0.));
#8230 = DIRECTION('',(0.,0.,1.));
#8231 = ADVANCED_FACE('',(#8232),#8244,.F.);
#8232 = FACE_BOUND('',#8233,.F.);
#8233 = EDGE_LOOP('',(#8234,#8242,#8243));
#8234 = ORIENTED_EDGE('',*,*,#8235,.F.);
#8235 = EDGE_CURVE('',#8112,#8236,#8238,.T.);
#8236 = VERTEX_POINT('',#8237);
#8237 = CARTESIAN_POINT('',(82.,64.748924226216,-25.));
#8238 = LINE('',#8239,#8240);
#8239 = CARTESIAN_POINT('',(82.,65.5,-26.25));
#8240 = VECTOR('',#8241,1.);
#8241 = DIRECTION('',(2.1E-16,-0.51503807491,0.857167300702));
#8242 = ORIENTED_EDGE('',*,*,#8119,.T.);
#8243 = ORIENTED_EDGE('',*,*,#8235,.T.);
#8244 = CONICAL_SURFACE('',#8245,1.25,1.029744258677);
#8245 = AXIS2_PLACEMENT_3D('',#8246,#8247,#8248);
#8246 = CARTESIAN_POINT('',(82.,65.5,-25.));
#8247 = DIRECTION('',(0.,1.,0.));
#8248 = DIRECTION('',(0.,0.,-1.));
#8249 = ADVANCED_FACE('',(#8250),#8262,.F.);
#8250 = FACE_BOUND('',#8251,.F.);
#8251 = EDGE_LOOP('',(#8252,#8260,#8261));
#8252 = ORIENTED_EDGE('',*,*,#8253,.F.);
#8253 = EDGE_CURVE('',#8137,#8254,#8256,.T.);
#8254 = VERTEX_POINT('',#8255);
#8255 = CARTESIAN_POINT('',(82.,64.748924226216,25.));
#8256 = LINE('',#8257,#8258);
#8257 = CARTESIAN_POINT('',(82.,65.5,23.75));
#8258 = VECTOR('',#8259,1.);
#8259 = DIRECTION('',(2.1E-16,-0.51503807491,0.857167300702));
#8260 = ORIENTED_EDGE('',*,*,#8144,.T.);
#8261 = ORIENTED_EDGE('',*,*,#8253,.T.);
#8262 = CONICAL_SURFACE('',#8263,1.25,1.029744258677);
#8263 = AXIS2_PLACEMENT_3D('',#8264,#8265,#8266);
#8264 = CARTESIAN_POINT('',(82.,65.5,25.));
#8265 = DIRECTION('',(0.,1.,0.));
#8266 = DIRECTION('',(0.,0.,-1.));
#8267 = MANIFOLD_SOLID_BREP('',#8268);
#8268 = CLOSED_SHELL('',(#8269,#8311,#8491,#8611,#8677,#8694,#8726,#8798
    ,#8867,#8892,#8917,#8986,#9047,#9065,#9090,#9107,#9132,#9220,#9244,
    #9262,#9287,#9312,#9337,#9355,#9365,#9383,#9413,#9431,#9441,#9459,
    #9470,#9481,#9499,#9510,#9535,#9560,#9571,#9596,#9621,#9639,#9649,
    #9659,#9677,#9695,#9713));
#8269 = ADVANCED_FACE('',(#8270),#8306,.F.);
#8270 = FACE_BOUND('',#8271,.T.);
#8271 = EDGE_LOOP('',(#8272,#8283,#8291,#8300));
#8272 = ORIENTED_EDGE('',*,*,#8273,.F.);
#8273 = EDGE_CURVE('',#8274,#8276,#8278,.T.);
#8274 = VERTEX_POINT('',#8275);
#8275 = CARTESIAN_POINT('',(-86.,-53.,35.));
#8276 = VERTEX_POINT('',#8277);
#8277 = CARTESIAN_POINT('',(-86.,-58.,30.));
#8278 = CIRCLE('',#8279,5.);
#8279 = AXIS2_PLACEMENT_3D('',#8280,#8281,#8282);
#8280 = CARTESIAN_POINT('',(-86.,-53.,30.));
#8281 = DIRECTION('',(1.,0.,-1.1E-16));
#8282 = DIRECTION('',(-1.1E-16,-0.,-1.));
#8283 = ORIENTED_EDGE('',*,*,#8284,.F.);
#8284 = EDGE_CURVE('',#8285,#8274,#8287,.T.);
#8285 = VERTEX_POINT('',#8286);
#8286 = CARTESIAN_POINT('',(-83.,-53.,35.));
#8287 = LINE('',#8288,#8289);
#8288 = CARTESIAN_POINT('',(-79.,-53.,35.));
#8289 = VECTOR('',#8290,1.);
#8290 = DIRECTION('',(-1.,-0.,2.2E-16));
#8291 = ORIENTED_EDGE('',*,*,#8292,.T.);
#8292 = EDGE_CURVE('',#8285,#8293,#8295,.T.);
#8293 = VERTEX_POINT('',#8294);
#8294 = CARTESIAN_POINT('',(-83.,-58.,30.));
#8295 = CIRCLE('',#8296,5.);
#8296 = AXIS2_PLACEMENT_3D('',#8297,#8298,#8299);
#8297 = CARTESIAN_POINT('',(-83.,-53.,30.));
#8298 = DIRECTION('',(1.,0.,-1.1E-16));
#8299 = DIRECTION('',(-1.1E-16,-0.,-1.));
#8300 = ORIENTED_EDGE('',*,*,#8301,.T.);
#8301 = EDGE_CURVE('',#8293,#8276,#8302,.T.);
#8302 = LINE('',#8303,#8304);
#8303 = CARTESIAN_POINT('',(-79.,-58.,30.));
#8304 = VECTOR('',#8305,1.);
#8305 = DIRECTION('',(-1.,-0.,2.2E-16));
#8306 = CYLINDRICAL_SURFACE('',#8307,5.);
#8307 = AXIS2_PLACEMENT_3D('',#8308,#8309,#8310);
#8308 = CARTESIAN_POINT('',(-79.,-53.,30.));
#8309 = DIRECTION('',(-1.,-0.,2.2E-16));
#8310 = DIRECTION('',(-2.2E-16,0.,-1.));
#8311 = ADVANCED_FACE('',(#8312,#8382,#8393,#8453,#8464,#8475),#8486,.T.
  );
#8312 = FACE_BOUND('',#8313,.F.);
#8313 = EDGE_LOOP('',(#8314,#8325,#8333,#8342,#8350,#8359,#8367,#8376));
#8314 = ORIENTED_EDGE('',*,*,#8315,.T.);
#8315 = EDGE_CURVE('',#8316,#8318,#8320,.T.);
#8316 = VERTEX_POINT('',#8317);
#8317 = CARTESIAN_POINT('',(-86.,-67.,47.));
#8318 = VERTEX_POINT('',#8319);
#8319 = CARTESIAN_POINT('',(-86.,-72.,42.));
#8320 = CIRCLE('',#8321,5.);
#8321 = AXIS2_PLACEMENT_3D('',#8322,#8323,#8324);
#8322 = CARTESIAN_POINT('',(-86.,-67.,42.));
#8323 = DIRECTION('',(1.,0.,-2.2E-16));
#8324 = DIRECTION('',(-2.2E-16,0.,-1.));
#8325 = ORIENTED_EDGE('',*,*,#8326,.T.);
#8326 = EDGE_CURVE('',#8318,#8327,#8329,.T.);
#8327 = VERTEX_POINT('',#8328);
#8328 = CARTESIAN_POINT('',(-86.,-72.,-42.));
#8329 = LINE('',#8330,#8331);
#8330 = CARTESIAN_POINT('',(-86.,-72.,42.));
#8331 = VECTOR('',#8332,1.);
#8332 = DIRECTION('',(-2.2E-16,0.,-1.));
#8333 = ORIENTED_EDGE('',*,*,#8334,.T.);
#8334 = EDGE_CURVE('',#8327,#8335,#8337,.T.);
#8335 = VERTEX_POINT('',#8336);
#8336 = CARTESIAN_POINT('',(-86.,-67.,-47.));
#8337 = CIRCLE('',#8338,5.);
#8338 = AXIS2_PLACEMENT_3D('',#8339,#8340,#8341);
#8339 = CARTESIAN_POINT('',(-86.,-67.,-42.));
#8340 = DIRECTION('',(1.,0.,-2.2E-16));
#8341 = DIRECTION('',(-2.2E-16,0.,-1.));
#8342 = ORIENTED_EDGE('',*,*,#8343,.T.);
#8343 = EDGE_CURVE('',#8335,#8344,#8346,.T.);
#8344 = VERTEX_POINT('',#8345);
#8345 = CARTESIAN_POINT('',(-86.,67.,-47.));
#8346 = LINE('',#8347,#8348);
#8347 = CARTESIAN_POINT('',(-86.,-67.,-47.));
#8348 = VECTOR('',#8349,1.);
#8349 = DIRECTION('',(0.,1.,0.));
#8350 = ORIENTED_EDGE('',*,*,#8351,.T.);
#8351 = EDGE_CURVE('',#8344,#8352,#8354,.T.);
#8352 = VERTEX_POINT('',#8353);
#8353 = CARTESIAN_POINT('',(-86.,72.,-42.));
#8354 = CIRCLE('',#8355,5.);
#8355 = AXIS2_PLACEMENT_3D('',#8356,#8357,#8358);
#8356 = CARTESIAN_POINT('',(-86.,67.,-42.));
#8357 = DIRECTION('',(1.,0.,-2.2E-16));
#8358 = DIRECTION('',(-2.2E-16,0.,-1.));
#8359 = ORIENTED_EDGE('',*,*,#8360,.F.);
#8360 = EDGE_CURVE('',#8361,#8352,#8363,.T.);
#8361 = VERTEX_POINT('',#8362);
#8362 = CARTESIAN_POINT('',(-86.,72.,42.));
#8363 = LINE('',#8364,#8365);
#8364 = CARTESIAN_POINT('',(-86.,72.,42.));
#8365 = VECTOR('',#8366,1.);
#8366 = DIRECTION('',(-2.2E-16,0.,-1.));
#8367 = ORIENTED_EDGE('',*,*,#8368,.T.);
#8368 = EDGE_CURVE('',#8361,#8369,#8371,.T.);
#8369 = VERTEX_POINT('',#8370);
#8370 = CARTESIAN_POINT('',(-86.,67.,47.));
#8371 = CIRCLE('',#8372,5.);
#8372 = AXIS2_PLACEMENT_3D('',#8373,#8374,#8375);
#8373 = CARTESIAN_POINT('',(-86.,67.,42.));
#8374 = DIRECTION('',(1.,0.,-2.2E-16));
#8375 = DIRECTION('',(-2.2E-16,0.,-1.));
#8376 = ORIENTED_EDGE('',*,*,#8377,.F.);
#8377 = EDGE_CURVE('',#8316,#8369,#8378,.T.);
#8378 = LINE('',#8379,#8380);
#8379 = CARTESIAN_POINT('',(-86.,-67.,47.));
#8380 = VECTOR('',#8381,1.);
#8381 = DIRECTION('',(0.,1.,0.));
#8382 = FACE_BOUND('',#8383,.F.);
#8383 = EDGE_LOOP('',(#8384));
#8384 = ORIENTED_EDGE('',*,*,#8385,.F.);
#8385 = EDGE_CURVE('',#8386,#8386,#8388,.T.);
#8386 = VERTEX_POINT('',#8387);
#8387 = CARTESIAN_POINT('',(-86.,62.,-38.75));
#8388 = CIRCLE('',#8389,1.25);
#8389 = AXIS2_PLACEMENT_3D('',#8390,#8391,#8392);
#8390 = CARTESIAN_POINT('',(-86.,62.,-40.));
#8391 = DIRECTION('',(1.,0.,-0.));
#8392 = DIRECTION('',(0.,0.,1.));
#8393 = FACE_BOUND('',#8394,.F.);
#8394 = EDGE_LOOP('',(#8395,#8396,#8404,#8413,#8421,#8430,#8438,#8447));
#8395 = ORIENTED_EDGE('',*,*,#8273,.F.);
#8396 = ORIENTED_EDGE('',*,*,#8397,.T.);
#8397 = EDGE_CURVE('',#8274,#8398,#8400,.T.);
#8398 = VERTEX_POINT('',#8399);
#8399 = CARTESIAN_POINT('',(-86.,53.,35.));
#8400 = LINE('',#8401,#8402);
#8401 = CARTESIAN_POINT('',(-86.,-26.5,35.));
#8402 = VECTOR('',#8403,1.);
#8403 = DIRECTION('',(0.,1.,0.));
#8404 = ORIENTED_EDGE('',*,*,#8405,.F.);
#8405 = EDGE_CURVE('',#8406,#8398,#8408,.T.);
#8406 = VERTEX_POINT('',#8407);
#8407 = CARTESIAN_POINT('',(-86.,58.,30.));
#8408 = CIRCLE('',#8409,5.);
#8409 = AXIS2_PLACEMENT_3D('',#8410,#8411,#8412);
#8410 = CARTESIAN_POINT('',(-86.,53.,30.));
#8411 = DIRECTION('',(1.,0.,-1.1E-16));
#8412 = DIRECTION('',(-1.1E-16,-0.,-1.));
#8413 = ORIENTED_EDGE('',*,*,#8414,.F.);
#8414 = EDGE_CURVE('',#8415,#8406,#8417,.T.);
#8415 = VERTEX_POINT('',#8416);
#8416 = CARTESIAN_POINT('',(-86.,58.,-30.));
#8417 = LINE('',#8418,#8419);
#8418 = CARTESIAN_POINT('',(-86.,58.,15.));
#8419 = VECTOR('',#8420,1.);
#8420 = DIRECTION('',(1.1E-16,0.,1.));
#8421 = ORIENTED_EDGE('',*,*,#8422,.F.);
#8422 = EDGE_CURVE('',#8423,#8415,#8425,.T.);
#8423 = VERTEX_POINT('',#8424);
#8424 = CARTESIAN_POINT('',(-86.,53.,-35.));
#8425 = CIRCLE('',#8426,5.);
#8426 = AXIS2_PLACEMENT_3D('',#8427,#8428,#8429);
#8427 = CARTESIAN_POINT('',(-86.,53.,-30.));
#8428 = DIRECTION('',(1.,0.,-1.1E-16));
#8429 = DIRECTION('',(-1.1E-16,-0.,-1.));
#8430 = ORIENTED_EDGE('',*,*,#8431,.F.);
#8431 = EDGE_CURVE('',#8432,#8423,#8434,.T.);
#8432 = VERTEX_POINT('',#8433);
#8433 = CARTESIAN_POINT('',(-86.,-53.,-35.));
#8434 = LINE('',#8435,#8436);
#8435 = CARTESIAN_POINT('',(-86.,-26.5,-35.));
#8436 = VECTOR('',#8437,1.);
#8437 = DIRECTION('',(0.,1.,0.));
#8438 = ORIENTED_EDGE('',*,*,#8439,.F.);
#8439 = EDGE_CURVE('',#8440,#8432,#8442,.T.);
#8440 = VERTEX_POINT('',#8441);
#8441 = CARTESIAN_POINT('',(-86.,-58.,-30.));
#8442 = CIRCLE('',#8443,5.);
#8443 = AXIS2_PLACEMENT_3D('',#8444,#8445,#8446);
#8444 = CARTESIAN_POINT('',(-86.,-53.,-30.));
#8445 = DIRECTION('',(1.,0.,-1.1E-16));
#8446 = DIRECTION('',(-1.1E-16,-0.,-1.));
#8447 = ORIENTED_EDGE('',*,*,#8448,.T.);
#8448 = EDGE_CURVE('',#8440,#8276,#8449,.T.);
#8449 = LINE('',#8450,#8451);
#8450 = CARTESIAN_POINT('',(-86.,-58.,15.));
#8451 = VECTOR('',#8452,1.);
#8452 = DIRECTION('',(1.1E-16,0.,1.));
#8453 = FACE_BOUND('',#8454,.F.);
#8454 = EDGE_LOOP('',(#8455));
#8455 = ORIENTED_EDGE('',*,*,#8456,.F.);
#8456 = EDGE_CURVE('',#8457,#8457,#8459,.T.);
#8457 = VERTEX_POINT('',#8458);
#8458 = CARTESIAN_POINT('',(-86.,62.,42.25));
#8459 = CIRCLE('',#8460,1.25);
#8460 = AXIS2_PLACEMENT_3D('',#8461,#8462,#8463);
#8461 = CARTESIAN_POINT('',(-86.,62.,41.));
#8462 = DIRECTION('',(1.,0.,-0.));
#8463 = DIRECTION('',(0.,0.,1.));
#8464 = FACE_BOUND('',#8465,.F.);
#8465 = EDGE_LOOP('',(#8466));
#8466 = ORIENTED_EDGE('',*,*,#8467,.F.);
#8467 = EDGE_CURVE('',#8468,#8468,#8470,.T.);
#8468 = VERTEX_POINT('',#8469);
#8469 = CARTESIAN_POINT('',(-86.,-62.,-38.75));
#8470 = CIRCLE('',#8471,1.25);
#8471 = AXIS2_PLACEMENT_3D('',#8472,#8473,#8474);
#8472 = CARTESIAN_POINT('',(-86.,-62.,-40.));
#8473 = DIRECTION('',(1.,0.,-0.));
#8474 = DIRECTION('',(0.,0.,1.));
#8475 = FACE_BOUND('',#8476,.F.);
#8476 = EDGE_LOOP('',(#8477));
#8477 = ORIENTED_EDGE('',*,*,#8478,.F.);
#8478 = EDGE_CURVE('',#8479,#8479,#8481,.T.);
#8479 = VERTEX_POINT('',#8480);
#8480 = CARTESIAN_POINT('',(-86.,-62.,42.25));
#8481 = CIRCLE('',#8482,1.25);
#8482 = AXIS2_PLACEMENT_3D('',#8483,#8484,#8485);
#8483 = CARTESIAN_POINT('',(-86.,-62.,41.));
#8484 = DIRECTION('',(1.,0.,-0.));
#8485 = DIRECTION('',(0.,0.,1.));
#8486 = PLANE('',#8487);
#8487 = AXIS2_PLACEMENT_3D('',#8488,#8489,#8490);
#8488 = CARTESIAN_POINT('',(-86.,-1.95E-15,0.));
#8489 = DIRECTION('',(-1.,-0.,-0.));
#8490 = DIRECTION('',(0.,0.,-1.));
#8491 = ADVANCED_FACE('',(#8492),#8606,.T.);
#8492 = FACE_BOUND('',#8493,.F.);
#8493 = EDGE_LOOP('',(#8494,#8502,#8510,#8518,#8526,#8534,#8542,#8550,
    #8558,#8566,#8574,#8582,#8590,#8598,#8604,#8605));
#8494 = ORIENTED_EDGE('',*,*,#8495,.F.);
#8495 = EDGE_CURVE('',#8496,#8440,#8498,.T.);
#8496 = VERTEX_POINT('',#8497);
#8497 = CARTESIAN_POINT('',(-83.,-58.,-30.));
#8498 = LINE('',#8499,#8500);
#8499 = CARTESIAN_POINT('',(-79.,-58.,-30.));
#8500 = VECTOR('',#8501,1.);
#8501 = DIRECTION('',(-1.,-0.,2.2E-16));
#8502 = ORIENTED_EDGE('',*,*,#8503,.F.);
#8503 = EDGE_CURVE('',#8504,#8496,#8506,.T.);
#8504 = VERTEX_POINT('',#8505);
#8505 = CARTESIAN_POINT('',(-83.,-58.,-37.));
#8506 = LINE('',#8507,#8508);
#8507 = CARTESIAN_POINT('',(-83.,-58.,-47.));
#8508 = VECTOR('',#8509,1.);
#8509 = DIRECTION('',(0.,0.,1.));
#8510 = ORIENTED_EDGE('',*,*,#8511,.F.);
#8511 = EDGE_CURVE('',#8512,#8504,#8514,.T.);
#8512 = VERTEX_POINT('',#8513);
#8513 = CARTESIAN_POINT('',(-80.,-58.,-37.));
#8514 = LINE('',#8515,#8516);
#8515 = CARTESIAN_POINT('',(-80.,-58.,-37.));
#8516 = VECTOR('',#8517,1.);
#8517 = DIRECTION('',(-1.,-0.,-0.));
#8518 = ORIENTED_EDGE('',*,*,#8519,.T.);
#8519 = EDGE_CURVE('',#8512,#8520,#8522,.T.);
#8520 = VERTEX_POINT('',#8521);
#8521 = CARTESIAN_POINT('',(-80.,-58.,-43.));
#8522 = LINE('',#8523,#8524);
#8523 = CARTESIAN_POINT('',(-80.,-58.,-20.));
#8524 = VECTOR('',#8525,1.);
#8525 = DIRECTION('',(-0.,-0.,-1.));
#8526 = ORIENTED_EDGE('',*,*,#8527,.T.);
#8527 = EDGE_CURVE('',#8520,#8528,#8530,.T.);
#8528 = VERTEX_POINT('',#8529);
#8529 = CARTESIAN_POINT('',(-83.,-58.,-43.));
#8530 = LINE('',#8531,#8532);
#8531 = CARTESIAN_POINT('',(-80.,-58.,-43.));
#8532 = VECTOR('',#8533,1.);
#8533 = DIRECTION('',(-1.,-0.,-0.));
#8534 = ORIENTED_EDGE('',*,*,#8535,.F.);
#8535 = EDGE_CURVE('',#8536,#8528,#8538,.T.);
#8536 = VERTEX_POINT('',#8537);
#8537 = CARTESIAN_POINT('',(-83.,-58.,-47.));
#8538 = LINE('',#8539,#8540);
#8539 = CARTESIAN_POINT('',(-83.,-58.,-47.));
#8540 = VECTOR('',#8541,1.);
#8541 = DIRECTION('',(0.,0.,1.));
#8542 = ORIENTED_EDGE('',*,*,#8543,.F.);
#8543 = EDGE_CURVE('',#8544,#8536,#8546,.T.);
#8544 = VERTEX_POINT('',#8545);
#8545 = CARTESIAN_POINT('',(-78.,-58.,-47.));
#8546 = LINE('',#8547,#8548);
#8547 = CARTESIAN_POINT('',(-78.,-58.,-47.));
#8548 = VECTOR('',#8549,1.);
#8549 = DIRECTION('',(-1.,-0.,-0.));
#8550 = ORIENTED_EDGE('',*,*,#8551,.T.);
#8551 = EDGE_CURVE('',#8544,#8552,#8554,.T.);
#8552 = VERTEX_POINT('',#8553);
#8553 = CARTESIAN_POINT('',(-78.,-58.,47.));
#8554 = LINE('',#8555,#8556);
#8555 = CARTESIAN_POINT('',(-78.,-58.,-47.));
#8556 = VECTOR('',#8557,1.);
#8557 = DIRECTION('',(0.,0.,1.));
#8558 = ORIENTED_EDGE('',*,*,#8559,.T.);
#8559 = EDGE_CURVE('',#8552,#8560,#8562,.T.);
#8560 = VERTEX_POINT('',#8561);
#8561 = CARTESIAN_POINT('',(-83.,-58.,47.));
#8562 = LINE('',#8563,#8564);
#8563 = CARTESIAN_POINT('',(-78.,-58.,47.));
#8564 = VECTOR('',#8565,1.);
#8565 = DIRECTION('',(-1.,-0.,-0.));
#8566 = ORIENTED_EDGE('',*,*,#8567,.F.);
#8567 = EDGE_CURVE('',#8568,#8560,#8570,.T.);
#8568 = VERTEX_POINT('',#8569);
#8569 = CARTESIAN_POINT('',(-83.,-58.,44.));
#8570 = LINE('',#8571,#8572);
#8571 = CARTESIAN_POINT('',(-83.,-58.,-47.));
#8572 = VECTOR('',#8573,1.);
#8573 = DIRECTION('',(0.,0.,1.));
#8574 = ORIENTED_EDGE('',*,*,#8575,.F.);
#8575 = EDGE_CURVE('',#8576,#8568,#8578,.T.);
#8576 = VERTEX_POINT('',#8577);
#8577 = CARTESIAN_POINT('',(-80.,-58.,44.));
#8578 = LINE('',#8579,#8580);
#8579 = CARTESIAN_POINT('',(-80.,-58.,44.));
#8580 = VECTOR('',#8581,1.);
#8581 = DIRECTION('',(-1.,-0.,-0.));
#8582 = ORIENTED_EDGE('',*,*,#8583,.T.);
#8583 = EDGE_CURVE('',#8576,#8584,#8586,.T.);
#8584 = VERTEX_POINT('',#8585);
#8585 = CARTESIAN_POINT('',(-80.,-58.,38.));
#8586 = LINE('',#8587,#8588);
#8587 = CARTESIAN_POINT('',(-80.,-58.,20.5));
#8588 = VECTOR('',#8589,1.);
#8589 = DIRECTION('',(-0.,-0.,-1.));
#8590 = ORIENTED_EDGE('',*,*,#8591,.T.);
#8591 = EDGE_CURVE('',#8584,#8592,#8594,.T.);
#8592 = VERTEX_POINT('',#8593);
#8593 = CARTESIAN_POINT('',(-83.,-58.,38.));
#8594 = LINE('',#8595,#8596);
#8595 = CARTESIAN_POINT('',(-80.,-58.,38.));
#8596 = VECTOR('',#8597,1.);
#8597 = DIRECTION('',(-1.,-0.,-0.));
#8598 = ORIENTED_EDGE('',*,*,#8599,.F.);
#8599 = EDGE_CURVE('',#8293,#8592,#8600,.T.);
#8600 = LINE('',#8601,#8602);
#8601 = CARTESIAN_POINT('',(-83.,-58.,-47.));
#8602 = VECTOR('',#8603,1.);
#8603 = DIRECTION('',(0.,0.,1.));
#8604 = ORIENTED_EDGE('',*,*,#8301,.T.);
#8605 = ORIENTED_EDGE('',*,*,#8448,.F.);
#8606 = PLANE('',#8607);
#8607 = AXIS2_PLACEMENT_3D('',#8608,#8609,#8610);
#8608 = CARTESIAN_POINT('',(-81.5,-58.,0.));
#8609 = DIRECTION('',(0.,1.,0.));
#8610 = DIRECTION('',(-0.,-0.,-1.));
#8611 = ADVANCED_FACE('',(#8612),#8672,.T.);
#8612 = FACE_BOUND('',#8613,.F.);
#8613 = EDGE_LOOP('',(#8614,#8622,#8623,#8624,#8631,#8632,#8640,#8648,
    #8657,#8665));
#8614 = ORIENTED_EDGE('',*,*,#8615,.T.);
#8615 = EDGE_CURVE('',#8616,#8285,#8618,.T.);
#8616 = VERTEX_POINT('',#8617);
#8617 = CARTESIAN_POINT('',(-83.,53.,35.));
#8618 = LINE('',#8619,#8620);
#8619 = CARTESIAN_POINT('',(-83.,-26.5,35.));
#8620 = VECTOR('',#8621,1.);
#8621 = DIRECTION('',(-0.,-1.,-0.));
#8622 = ORIENTED_EDGE('',*,*,#8292,.T.);
#8623 = ORIENTED_EDGE('',*,*,#8599,.T.);
#8624 = ORIENTED_EDGE('',*,*,#8625,.T.);
#8625 = EDGE_CURVE('',#8592,#8568,#8626,.T.);
#8626 = CIRCLE('',#8627,5.);
#8627 = AXIS2_PLACEMENT_3D('',#8628,#8629,#8630);
#8628 = CARTESIAN_POINT('',(-83.,-62.,41.));
#8629 = DIRECTION('',(1.,0.,-0.));
#8630 = DIRECTION('',(0.,0.,1.));
#8631 = ORIENTED_EDGE('',*,*,#8567,.T.);
#8632 = ORIENTED_EDGE('',*,*,#8633,.T.);
#8633 = EDGE_CURVE('',#8560,#8634,#8636,.T.);
#8634 = VERTEX_POINT('',#8635);
#8635 = CARTESIAN_POINT('',(-83.,58.,47.));
#8636 = LINE('',#8637,#8638);
#8637 = CARTESIAN_POINT('',(-83.,-67.,47.));
#8638 = VECTOR('',#8639,1.);
#8639 = DIRECTION('',(0.,1.,0.));
#8640 = ORIENTED_EDGE('',*,*,#8641,.F.);
#8641 = EDGE_CURVE('',#8642,#8634,#8644,.T.);
#8642 = VERTEX_POINT('',#8643);
#8643 = CARTESIAN_POINT('',(-83.,58.,44.));
#8644 = LINE('',#8645,#8646);
#8645 = CARTESIAN_POINT('',(-83.,58.,-47.));
#8646 = VECTOR('',#8647,1.);
#8647 = DIRECTION('',(0.,0.,1.));
#8648 = ORIENTED_EDGE('',*,*,#8649,.T.);
#8649 = EDGE_CURVE('',#8642,#8650,#8652,.T.);
#8650 = VERTEX_POINT('',#8651);
#8651 = CARTESIAN_POINT('',(-83.,58.,38.));
#8652 = CIRCLE('',#8653,5.);
#8653 = AXIS2_PLACEMENT_3D('',#8654,#8655,#8656);
#8654 = CARTESIAN_POINT('',(-83.,62.,41.));
#8655 = DIRECTION('',(1.,0.,-0.));
#8656 = DIRECTION('',(0.,0.,1.));
#8657 = ORIENTED_EDGE('',*,*,#8658,.F.);
#8658 = EDGE_CURVE('',#8659,#8650,#8661,.T.);
#8659 = VERTEX_POINT('',#8660);
#8660 = CARTESIAN_POINT('',(-83.,58.,30.));
#8661 = LINE('',#8662,#8663);
#8662 = CARTESIAN_POINT('',(-83.,58.,-47.));
#8663 = VECTOR('',#8664,1.);
#8664 = DIRECTION('',(0.,0.,1.));
#8665 = ORIENTED_EDGE('',*,*,#8666,.T.);
#8666 = EDGE_CURVE('',#8659,#8616,#8667,.T.);
#8667 = CIRCLE('',#8668,5.);
#8668 = AXIS2_PLACEMENT_3D('',#8669,#8670,#8671);
#8669 = CARTESIAN_POINT('',(-83.,53.,30.));
#8670 = DIRECTION('',(1.,0.,-1.1E-16));
#8671 = DIRECTION('',(-1.1E-16,-0.,-1.));
#8672 = PLANE('',#8673);
#8673 = AXIS2_PLACEMENT_3D('',#8674,#8675,#8676);
#8674 = CARTESIAN_POINT('',(-83.,0.,1.94E-14));
#8675 = DIRECTION('',(1.,0.,-2.2E-16));
#8676 = DIRECTION('',(-2.2E-16,0.,-1.));
#8677 = ADVANCED_FACE('',(#8678),#8689,.T.);
#8678 = FACE_BOUND('',#8679,.F.);
#8679 = EDGE_LOOP('',(#8680,#8681,#8682,#8688));
#8680 = ORIENTED_EDGE('',*,*,#8284,.F.);
#8681 = ORIENTED_EDGE('',*,*,#8615,.F.);
#8682 = ORIENTED_EDGE('',*,*,#8683,.T.);
#8683 = EDGE_CURVE('',#8616,#8398,#8684,.T.);
#8684 = LINE('',#8685,#8686);
#8685 = CARTESIAN_POINT('',(-79.,53.,35.));
#8686 = VECTOR('',#8687,1.);
#8687 = DIRECTION('',(-1.,-0.,2.2E-16));
#8688 = ORIENTED_EDGE('',*,*,#8397,.F.);
#8689 = PLANE('',#8690);
#8690 = AXIS2_PLACEMENT_3D('',#8691,#8692,#8693);
#8691 = CARTESIAN_POINT('',(-79.,-53.,35.));
#8692 = DIRECTION('',(-2.2E-16,0.,-1.));
#8693 = DIRECTION('',(1.,0.,-2.2E-16));
#8694 = ADVANCED_FACE('',(#8695),#8721,.T.);
#8695 = FACE_BOUND('',#8696,.F.);
#8696 = EDGE_LOOP('',(#8697,#8698,#8706,#8715));
#8697 = ORIENTED_EDGE('',*,*,#8315,.F.);
#8698 = ORIENTED_EDGE('',*,*,#8699,.F.);
#8699 = EDGE_CURVE('',#8700,#8316,#8702,.T.);
#8700 = VERTEX_POINT('',#8701);
#8701 = CARTESIAN_POINT('',(-83.,-67.,47.));
#8702 = LINE('',#8703,#8704);
#8703 = CARTESIAN_POINT('',(-83.,-67.,47.));
#8704 = VECTOR('',#8705,1.);
#8705 = DIRECTION('',(-1.,-0.,2.2E-16));
#8706 = ORIENTED_EDGE('',*,*,#8707,.T.);
#8707 = EDGE_CURVE('',#8700,#8708,#8710,.T.);
#8708 = VERTEX_POINT('',#8709);
#8709 = CARTESIAN_POINT('',(-83.,-72.,42.));
#8710 = CIRCLE('',#8711,5.);
#8711 = AXIS2_PLACEMENT_3D('',#8712,#8713,#8714);
#8712 = CARTESIAN_POINT('',(-83.,-67.,42.));
#8713 = DIRECTION('',(1.,0.,-2.2E-16));
#8714 = DIRECTION('',(-2.2E-16,0.,-1.));
#8715 = ORIENTED_EDGE('',*,*,#8716,.T.);
#8716 = EDGE_CURVE('',#8708,#8318,#8717,.T.);
#8717 = LINE('',#8718,#8719);
#8718 = CARTESIAN_POINT('',(-83.,-72.,42.));
#8719 = VECTOR('',#8720,1.);
#8720 = DIRECTION('',(-1.,-0.,2.2E-16));
#8721 = CYLINDRICAL_SURFACE('',#8722,5.);
#8722 = AXIS2_PLACEMENT_3D('',#8723,#8724,#8725);
#8723 = CARTESIAN_POINT('',(-83.,-67.,42.));
#8724 = DIRECTION('',(-1.,-0.,2.2E-16));
#8725 = DIRECTION('',(-2.2E-16,0.,-1.));
#8726 = ADVANCED_FACE('',(#8727),#8793,.T.);
#8727 = FACE_BOUND('',#8728,.F.);
#8728 = EDGE_LOOP('',(#8729,#8730,#8731,#8739,#8747,#8755,#8763,#8769,
    #8770,#8771,#8779,#8787));
#8729 = ORIENTED_EDGE('',*,*,#8699,.T.);
#8730 = ORIENTED_EDGE('',*,*,#8377,.T.);
#8731 = ORIENTED_EDGE('',*,*,#8732,.F.);
#8732 = EDGE_CURVE('',#8733,#8369,#8735,.T.);
#8733 = VERTEX_POINT('',#8734);
#8734 = CARTESIAN_POINT('',(-83.,67.,47.));
#8735 = LINE('',#8736,#8737);
#8736 = CARTESIAN_POINT('',(-83.,67.,47.));
#8737 = VECTOR('',#8738,1.);
#8738 = DIRECTION('',(-1.,-0.,2.2E-16));
#8739 = ORIENTED_EDGE('',*,*,#8740,.T.);
#8740 = EDGE_CURVE('',#8733,#8741,#8743,.T.);
#8741 = VERTEX_POINT('',#8742);
#8742 = CARTESIAN_POINT('',(-83.,72.,47.));
#8743 = LINE('',#8744,#8745);
#8744 = CARTESIAN_POINT('',(-83.,58.,47.));
#8745 = VECTOR('',#8746,1.);
#8746 = DIRECTION('',(0.,1.,0.));
#8747 = ORIENTED_EDGE('',*,*,#8748,.F.);
#8748 = EDGE_CURVE('',#8749,#8741,#8751,.T.);
#8749 = VERTEX_POINT('',#8750);
#8750 = CARTESIAN_POINT('',(-78.,72.,47.));
#8751 = LINE('',#8752,#8753);
#8752 = CARTESIAN_POINT('',(-78.,72.,47.));
#8753 = VECTOR('',#8754,1.);
#8754 = DIRECTION('',(-1.,-0.,-0.));
#8755 = ORIENTED_EDGE('',*,*,#8756,.F.);
#8756 = EDGE_CURVE('',#8757,#8749,#8759,.T.);
#8757 = VERTEX_POINT('',#8758);
#8758 = CARTESIAN_POINT('',(-78.,58.,47.));
#8759 = LINE('',#8760,#8761);
#8760 = CARTESIAN_POINT('',(-78.,58.,47.));
#8761 = VECTOR('',#8762,1.);
#8762 = DIRECTION('',(0.,1.,0.));
#8763 = ORIENTED_EDGE('',*,*,#8764,.T.);
#8764 = EDGE_CURVE('',#8757,#8634,#8765,.T.);
#8765 = LINE('',#8766,#8767);
#8766 = CARTESIAN_POINT('',(-78.,58.,47.));
#8767 = VECTOR('',#8768,1.);
#8768 = DIRECTION('',(-1.,-0.,-0.));
#8769 = ORIENTED_EDGE('',*,*,#8633,.F.);
#8770 = ORIENTED_EDGE('',*,*,#8559,.F.);
#8771 = ORIENTED_EDGE('',*,*,#8772,.F.);
#8772 = EDGE_CURVE('',#8773,#8552,#8775,.T.);
#8773 = VERTEX_POINT('',#8774);
#8774 = CARTESIAN_POINT('',(-78.,-72.,47.));
#8775 = LINE('',#8776,#8777);
#8776 = CARTESIAN_POINT('',(-78.,-72.,47.));
#8777 = VECTOR('',#8778,1.);
#8778 = DIRECTION('',(0.,1.,0.));
#8779 = ORIENTED_EDGE('',*,*,#8780,.T.);
#8780 = EDGE_CURVE('',#8773,#8781,#8783,.T.);
#8781 = VERTEX_POINT('',#8782);
#8782 = CARTESIAN_POINT('',(-83.,-72.,47.));
#8783 = LINE('',#8784,#8785);
#8784 = CARTESIAN_POINT('',(-78.,-72.,47.));
#8785 = VECTOR('',#8786,1.);
#8786 = DIRECTION('',(-1.,-0.,-0.));
#8787 = ORIENTED_EDGE('',*,*,#8788,.T.);
#8788 = EDGE_CURVE('',#8781,#8700,#8789,.T.);
#8789 = LINE('',#8790,#8791);
#8790 = CARTESIAN_POINT('',(-83.,-72.,47.));
#8791 = VECTOR('',#8792,1.);
#8792 = DIRECTION('',(0.,1.,0.));
#8793 = PLANE('',#8794);
#8794 = AXIS2_PLACEMENT_3D('',#8795,#8796,#8797);
#8795 = CARTESIAN_POINT('',(-83.70382165605,0.,47.));
#8796 = DIRECTION('',(0.,0.,1.));
#8797 = DIRECTION('',(1.,0.,0.));
#8798 = ADVANCED_FACE('',(#8799,#8840,#8851),#8862,.T.);
#8799 = FACE_BOUND('',#8800,.F.);
#8800 = EDGE_LOOP('',(#8801,#8809,#8810,#8811,#8817,#8818,#8826,#8834));
#8801 = ORIENTED_EDGE('',*,*,#8802,.T.);
#8802 = EDGE_CURVE('',#8803,#8327,#8805,.T.);
#8803 = VERTEX_POINT('',#8804);
#8804 = CARTESIAN_POINT('',(-83.,-72.,-42.));
#8805 = LINE('',#8806,#8807);
#8806 = CARTESIAN_POINT('',(-83.,-72.,-42.));
#8807 = VECTOR('',#8808,1.);
#8808 = DIRECTION('',(-1.,-0.,2.2E-16));
#8809 = ORIENTED_EDGE('',*,*,#8326,.F.);
#8810 = ORIENTED_EDGE('',*,*,#8716,.F.);
#8811 = ORIENTED_EDGE('',*,*,#8812,.T.);
#8812 = EDGE_CURVE('',#8708,#8781,#8813,.T.);
#8813 = LINE('',#8814,#8815);
#8814 = CARTESIAN_POINT('',(-83.,-72.,-47.));
#8815 = VECTOR('',#8816,1.);
#8816 = DIRECTION('',(0.,0.,1.));
#8817 = ORIENTED_EDGE('',*,*,#8780,.F.);
#8818 = ORIENTED_EDGE('',*,*,#8819,.F.);
#8819 = EDGE_CURVE('',#8820,#8773,#8822,.T.);
#8820 = VERTEX_POINT('',#8821);
#8821 = CARTESIAN_POINT('',(-78.,-72.,-47.));
#8822 = LINE('',#8823,#8824);
#8823 = CARTESIAN_POINT('',(-78.,-72.,-47.));
#8824 = VECTOR('',#8825,1.);
#8825 = DIRECTION('',(0.,0.,1.));
#8826 = ORIENTED_EDGE('',*,*,#8827,.T.);
#8827 = EDGE_CURVE('',#8820,#8828,#8830,.T.);
#8828 = VERTEX_POINT('',#8829);
#8829 = CARTESIAN_POINT('',(-83.,-72.,-47.));
#8830 = LINE('',#8831,#8832);
#8831 = CARTESIAN_POINT('',(-78.,-72.,-47.));
#8832 = VECTOR('',#8833,1.);
#8833 = DIRECTION('',(-1.,-0.,-0.));
#8834 = ORIENTED_EDGE('',*,*,#8835,.T.);
#8835 = EDGE_CURVE('',#8828,#8803,#8836,.T.);
#8836 = LINE('',#8837,#8838);
#8837 = CARTESIAN_POINT('',(-83.,-72.,-47.));
#8838 = VECTOR('',#8839,1.);
#8839 = DIRECTION('',(0.,0.,1.));
#8840 = FACE_BOUND('',#8841,.F.);
#8841 = EDGE_LOOP('',(#8842));
#8842 = ORIENTED_EDGE('',*,*,#8843,.T.);
#8843 = EDGE_CURVE('',#8844,#8844,#8846,.T.);
#8844 = VERTEX_POINT('',#8845);
#8845 = CARTESIAN_POINT('',(-82.,-72.,26.25));
#8846 = CIRCLE('',#8847,1.25);
#8847 = AXIS2_PLACEMENT_3D('',#8848,#8849,#8850);
#8848 = CARTESIAN_POINT('',(-82.,-72.,25.));
#8849 = DIRECTION('',(0.,-1.,0.));
#8850 = DIRECTION('',(0.,0.,1.));
#8851 = FACE_BOUND('',#8852,.F.);
#8852 = EDGE_LOOP('',(#8853));
#8853 = ORIENTED_EDGE('',*,*,#8854,.T.);
#8854 = EDGE_CURVE('',#8855,#8855,#8857,.T.);
#8855 = VERTEX_POINT('',#8856);
#8856 = CARTESIAN_POINT('',(-82.,-72.,-23.75));
#8857 = CIRCLE('',#8858,1.25);
#8858 = AXIS2_PLACEMENT_3D('',#8859,#8860,#8861);
#8859 = CARTESIAN_POINT('',(-82.,-72.,-25.));
#8860 = DIRECTION('',(0.,-1.,0.));
#8861 = DIRECTION('',(0.,0.,1.));
#8862 = PLANE('',#8863);
#8863 = AXIS2_PLACEMENT_3D('',#8864,#8865,#8866);
#8864 = CARTESIAN_POINT('',(-81.85294117647,-72.,0.));
#8865 = DIRECTION('',(0.,-1.,0.));
#8866 = DIRECTION('',(0.,0.,1.));
#8867 = ADVANCED_FACE('',(#8868),#8887,.T.);
#8868 = FACE_BOUND('',#8869,.F.);
#8869 = EDGE_LOOP('',(#8870,#8871,#8879,#8886));
#8870 = ORIENTED_EDGE('',*,*,#8368,.F.);
#8871 = ORIENTED_EDGE('',*,*,#8872,.F.);
#8872 = EDGE_CURVE('',#8873,#8361,#8875,.T.);
#8873 = VERTEX_POINT('',#8874);
#8874 = CARTESIAN_POINT('',(-83.,72.,42.));
#8875 = LINE('',#8876,#8877);
#8876 = CARTESIAN_POINT('',(-83.,72.,42.));
#8877 = VECTOR('',#8878,1.);
#8878 = DIRECTION('',(-1.,-0.,2.2E-16));
#8879 = ORIENTED_EDGE('',*,*,#8880,.T.);
#8880 = EDGE_CURVE('',#8873,#8733,#8881,.T.);
#8881 = CIRCLE('',#8882,5.);
#8882 = AXIS2_PLACEMENT_3D('',#8883,#8884,#8885);
#8883 = CARTESIAN_POINT('',(-83.,67.,42.));
#8884 = DIRECTION('',(1.,0.,-2.2E-16));
#8885 = DIRECTION('',(-2.2E-16,0.,-1.));
#8886 = ORIENTED_EDGE('',*,*,#8732,.T.);
#8887 = CYLINDRICAL_SURFACE('',#8888,5.);
#8888 = AXIS2_PLACEMENT_3D('',#8889,#8890,#8891);
#8889 = CARTESIAN_POINT('',(-83.,67.,42.));
#8890 = DIRECTION('',(-1.,-0.,2.2E-16));
#8891 = DIRECTION('',(-2.2E-16,0.,-1.));
#8892 = ADVANCED_FACE('',(#8893),#8912,.T.);
#8893 = FACE_BOUND('',#8894,.F.);
#8894 = EDGE_LOOP('',(#8895,#8896,#8897,#8906));
#8895 = ORIENTED_EDGE('',*,*,#8334,.F.);
#8896 = ORIENTED_EDGE('',*,*,#8802,.F.);
#8897 = ORIENTED_EDGE('',*,*,#8898,.T.);
#8898 = EDGE_CURVE('',#8803,#8899,#8901,.T.);
#8899 = VERTEX_POINT('',#8900);
#8900 = CARTESIAN_POINT('',(-83.,-67.,-47.));
#8901 = CIRCLE('',#8902,5.);
#8902 = AXIS2_PLACEMENT_3D('',#8903,#8904,#8905);
#8903 = CARTESIAN_POINT('',(-83.,-67.,-42.));
#8904 = DIRECTION('',(1.,0.,-2.2E-16));
#8905 = DIRECTION('',(-2.2E-16,0.,-1.));
#8906 = ORIENTED_EDGE('',*,*,#8907,.T.);
#8907 = EDGE_CURVE('',#8899,#8335,#8908,.T.);
#8908 = LINE('',#8909,#8910);
#8909 = CARTESIAN_POINT('',(-83.,-67.,-47.));
#8910 = VECTOR('',#8911,1.);
#8911 = DIRECTION('',(-1.,-0.,2.2E-16));
#8912 = CYLINDRICAL_SURFACE('',#8913,5.);
#8913 = AXIS2_PLACEMENT_3D('',#8914,#8915,#8916);
#8914 = CARTESIAN_POINT('',(-83.,-67.,-42.));
#8915 = DIRECTION('',(-1.,-0.,2.2E-16));
#8916 = DIRECTION('',(-2.2E-16,0.,-1.));
#8917 = ADVANCED_FACE('',(#8918,#8959,#8970),#8981,.T.);
#8918 = FACE_BOUND('',#8919,.F.);
#8919 = EDGE_LOOP('',(#8920,#8928,#8936,#8944,#8950,#8951,#8957,#8958));
#8920 = ORIENTED_EDGE('',*,*,#8921,.F.);
#8921 = EDGE_CURVE('',#8922,#8352,#8924,.T.);
#8922 = VERTEX_POINT('',#8923);
#8923 = CARTESIAN_POINT('',(-83.,72.,-42.));
#8924 = LINE('',#8925,#8926);
#8925 = CARTESIAN_POINT('',(-83.,72.,-42.));
#8926 = VECTOR('',#8927,1.);
#8927 = DIRECTION('',(-1.,-0.,2.2E-16));
#8928 = ORIENTED_EDGE('',*,*,#8929,.F.);
#8929 = EDGE_CURVE('',#8930,#8922,#8932,.T.);
#8930 = VERTEX_POINT('',#8931);
#8931 = CARTESIAN_POINT('',(-83.,72.,-47.));
#8932 = LINE('',#8933,#8934);
#8933 = CARTESIAN_POINT('',(-83.,72.,-47.));
#8934 = VECTOR('',#8935,1.);
#8935 = DIRECTION('',(0.,0.,1.));
#8936 = ORIENTED_EDGE('',*,*,#8937,.F.);
#8937 = EDGE_CURVE('',#8938,#8930,#8940,.T.);
#8938 = VERTEX_POINT('',#8939);
#8939 = CARTESIAN_POINT('',(-78.,72.,-47.));
#8940 = LINE('',#8941,#8942);
#8941 = CARTESIAN_POINT('',(-78.,72.,-47.));
#8942 = VECTOR('',#8943,1.);
#8943 = DIRECTION('',(-1.,-0.,-0.));
#8944 = ORIENTED_EDGE('',*,*,#8945,.T.);
#8945 = EDGE_CURVE('',#8938,#8749,#8946,.T.);
#8946 = LINE('',#8947,#8948);
#8947 = CARTESIAN_POINT('',(-78.,72.,-47.));
#8948 = VECTOR('',#8949,1.);
#8949 = DIRECTION('',(0.,0.,1.));
#8950 = ORIENTED_EDGE('',*,*,#8748,.T.);
#8951 = ORIENTED_EDGE('',*,*,#8952,.F.);
#8952 = EDGE_CURVE('',#8873,#8741,#8953,.T.);
#8953 = LINE('',#8954,#8955);
#8954 = CARTESIAN_POINT('',(-83.,72.,-47.));
#8955 = VECTOR('',#8956,1.);
#8956 = DIRECTION('',(0.,0.,1.));
#8957 = ORIENTED_EDGE('',*,*,#8872,.T.);
#8958 = ORIENTED_EDGE('',*,*,#8360,.T.);
#8959 = FACE_BOUND('',#8960,.F.);
#8960 = EDGE_LOOP('',(#8961));
#8961 = ORIENTED_EDGE('',*,*,#8962,.T.);
#8962 = EDGE_CURVE('',#8963,#8963,#8965,.T.);
#8963 = VERTEX_POINT('',#8964);
#8964 = CARTESIAN_POINT('',(-82.,72.,-26.25));
#8965 = CIRCLE('',#8966,1.25);
#8966 = AXIS2_PLACEMENT_3D('',#8967,#8968,#8969);
#8967 = CARTESIAN_POINT('',(-82.,72.,-25.));
#8968 = DIRECTION('',(0.,1.,0.));
#8969 = DIRECTION('',(0.,0.,-1.));
#8970 = FACE_BOUND('',#8971,.F.);
#8971 = EDGE_LOOP('',(#8972));
#8972 = ORIENTED_EDGE('',*,*,#8973,.T.);
#8973 = EDGE_CURVE('',#8974,#8974,#8976,.T.);
#8974 = VERTEX_POINT('',#8975);
#8975 = CARTESIAN_POINT('',(-82.,72.,23.75));
#8976 = CIRCLE('',#8977,1.25);
#8977 = AXIS2_PLACEMENT_3D('',#8978,#8979,#8980);
#8978 = CARTESIAN_POINT('',(-82.,72.,25.));
#8979 = DIRECTION('',(0.,1.,0.));
#8980 = DIRECTION('',(0.,0.,-1.));
#8981 = PLANE('',#8982);
#8982 = AXIS2_PLACEMENT_3D('',#8983,#8984,#8985);
#8983 = CARTESIAN_POINT('',(-81.85294117647,72.,0.));
#8984 = DIRECTION('',(0.,1.,0.));
#8985 = DIRECTION('',(-0.,-0.,-1.));
#8986 = ADVANCED_FACE('',(#8987),#9042,.T.);
#8987 = FACE_BOUND('',#8988,.F.);
#8988 = EDGE_LOOP('',(#8989,#8990,#8996,#8997,#9003,#9004,#9012,#9020,
    #9026,#9027,#9035,#9041));
#8989 = ORIENTED_EDGE('',*,*,#8907,.F.);
#8990 = ORIENTED_EDGE('',*,*,#8991,.F.);
#8991 = EDGE_CURVE('',#8828,#8899,#8992,.T.);
#8992 = LINE('',#8993,#8994);
#8993 = CARTESIAN_POINT('',(-83.,-72.,-47.));
#8994 = VECTOR('',#8995,1.);
#8995 = DIRECTION('',(0.,1.,0.));
#8996 = ORIENTED_EDGE('',*,*,#8827,.F.);
#8997 = ORIENTED_EDGE('',*,*,#8998,.T.);
#8998 = EDGE_CURVE('',#8820,#8544,#8999,.T.);
#8999 = LINE('',#9000,#9001);
#9000 = CARTESIAN_POINT('',(-78.,-72.,-47.));
#9001 = VECTOR('',#9002,1.);
#9002 = DIRECTION('',(0.,1.,0.));
#9003 = ORIENTED_EDGE('',*,*,#8543,.T.);
#9004 = ORIENTED_EDGE('',*,*,#9005,.T.);
#9005 = EDGE_CURVE('',#8536,#9006,#9008,.T.);
#9006 = VERTEX_POINT('',#9007);
#9007 = CARTESIAN_POINT('',(-83.,58.,-47.));
#9008 = LINE('',#9009,#9010);
#9009 = CARTESIAN_POINT('',(-83.,-67.,-47.));
#9010 = VECTOR('',#9011,1.);
#9011 = DIRECTION('',(0.,1.,0.));
#9012 = ORIENTED_EDGE('',*,*,#9013,.F.);
#9013 = EDGE_CURVE('',#9014,#9006,#9016,.T.);
#9014 = VERTEX_POINT('',#9015);
#9015 = CARTESIAN_POINT('',(-78.,58.,-47.));
#9016 = LINE('',#9017,#9018);
#9017 = CARTESIAN_POINT('',(-78.,58.,-47.));
#9018 = VECTOR('',#9019,1.);
#9019 = DIRECTION('',(-1.,-0.,-0.));
#9020 = ORIENTED_EDGE('',*,*,#9021,.T.);
#9021 = EDGE_CURVE('',#9014,#8938,#9022,.T.);
#9022 = LINE('',#9023,#9024);
#9023 = CARTESIAN_POINT('',(-78.,58.,-47.));
#9024 = VECTOR('',#9025,1.);
#9025 = DIRECTION('',(0.,1.,0.));
#9026 = ORIENTED_EDGE('',*,*,#8937,.T.);
#9027 = ORIENTED_EDGE('',*,*,#9028,.F.);
#9028 = EDGE_CURVE('',#9029,#8930,#9031,.T.);
#9029 = VERTEX_POINT('',#9030);
#9030 = CARTESIAN_POINT('',(-83.,67.,-47.));
#9031 = LINE('',#9032,#9033);
#9032 = CARTESIAN_POINT('',(-83.,58.,-47.));
#9033 = VECTOR('',#9034,1.);
#9034 = DIRECTION('',(0.,1.,0.));
#9035 = ORIENTED_EDGE('',*,*,#9036,.T.);
#9036 = EDGE_CURVE('',#9029,#8344,#9037,.T.);
#9037 = LINE('',#9038,#9039);
#9038 = CARTESIAN_POINT('',(-83.,67.,-47.));
#9039 = VECTOR('',#9040,1.);
#9040 = DIRECTION('',(-1.,-0.,2.2E-16));
#9041 = ORIENTED_EDGE('',*,*,#8343,.F.);
#9042 = PLANE('',#9043);
#9043 = AXIS2_PLACEMENT_3D('',#9044,#9045,#9046);
#9044 = CARTESIAN_POINT('',(-83.70382165605,0.,-47.));
#9045 = DIRECTION('',(0.,0.,-1.));
#9046 = DIRECTION('',(-1.,0.,0.));
#9047 = ADVANCED_FACE('',(#9048),#9060,.T.);
#9048 = FACE_BOUND('',#9049,.F.);
#9049 = EDGE_LOOP('',(#9050,#9051,#9052,#9059));
#9050 = ORIENTED_EDGE('',*,*,#8351,.F.);
#9051 = ORIENTED_EDGE('',*,*,#9036,.F.);
#9052 = ORIENTED_EDGE('',*,*,#9053,.T.);
#9053 = EDGE_CURVE('',#9029,#8922,#9054,.T.);
#9054 = CIRCLE('',#9055,5.);
#9055 = AXIS2_PLACEMENT_3D('',#9056,#9057,#9058);
#9056 = CARTESIAN_POINT('',(-83.,67.,-42.));
#9057 = DIRECTION('',(1.,0.,-2.2E-16));
#9058 = DIRECTION('',(-2.2E-16,0.,-1.));
#9059 = ORIENTED_EDGE('',*,*,#8921,.T.);
#9060 = CYLINDRICAL_SURFACE('',#9061,5.);
#9061 = AXIS2_PLACEMENT_3D('',#9062,#9063,#9064);
#9062 = CARTESIAN_POINT('',(-83.,67.,-42.));
#9063 = DIRECTION('',(-1.,-0.,2.2E-16));
#9064 = DIRECTION('',(-2.2E-16,0.,-1.));
#9065 = ADVANCED_FACE('',(#9066),#9085,.F.);
#9066 = FACE_BOUND('',#9067,.T.);
#9067 = EDGE_LOOP('',(#9068,#9069,#9077,#9084));
#9068 = ORIENTED_EDGE('',*,*,#8385,.F.);
#9069 = ORIENTED_EDGE('',*,*,#9070,.F.);
#9070 = EDGE_CURVE('',#9071,#8386,#9073,.T.);
#9071 = VERTEX_POINT('',#9072);
#9072 = CARTESIAN_POINT('',(-78.,62.,-38.75));
#9073 = LINE('',#9074,#9075);
#9074 = CARTESIAN_POINT('',(-77.9,62.,-38.75));
#9075 = VECTOR('',#9076,1.);
#9076 = DIRECTION('',(-1.,-0.,-0.));
#9077 = ORIENTED_EDGE('',*,*,#9078,.T.);
#9078 = EDGE_CURVE('',#9071,#9071,#9079,.T.);
#9079 = CIRCLE('',#9080,1.25);
#9080 = AXIS2_PLACEMENT_3D('',#9081,#9082,#9083);
#9081 = CARTESIAN_POINT('',(-78.,62.,-40.));
#9082 = DIRECTION('',(1.,0.,-0.));
#9083 = DIRECTION('',(0.,0.,1.));
#9084 = ORIENTED_EDGE('',*,*,#9070,.T.);
#9085 = CYLINDRICAL_SURFACE('',#9086,1.25);
#9086 = AXIS2_PLACEMENT_3D('',#9087,#9088,#9089);
#9087 = CARTESIAN_POINT('',(-77.9,62.,-40.));
#9088 = DIRECTION('',(-1.,-0.,-0.));
#9089 = DIRECTION('',(0.,0.,1.));
#9090 = ADVANCED_FACE('',(#9091),#9102,.F.);
#9091 = FACE_BOUND('',#9092,.T.);
#9092 = EDGE_LOOP('',(#9093,#9094,#9100,#9101));
#9093 = ORIENTED_EDGE('',*,*,#8405,.F.);
#9094 = ORIENTED_EDGE('',*,*,#9095,.F.);
#9095 = EDGE_CURVE('',#8659,#8406,#9096,.T.);
#9096 = LINE('',#9097,#9098);
#9097 = CARTESIAN_POINT('',(-79.,58.,30.));
#9098 = VECTOR('',#9099,1.);
#9099 = DIRECTION('',(-1.,-0.,2.2E-16));
#9100 = ORIENTED_EDGE('',*,*,#8666,.T.);
#9101 = ORIENTED_EDGE('',*,*,#8683,.T.);
#9102 = CYLINDRICAL_SURFACE('',#9103,5.);
#9103 = AXIS2_PLACEMENT_3D('',#9104,#9105,#9106);
#9104 = CARTESIAN_POINT('',(-79.,53.,30.));
#9105 = DIRECTION('',(-1.,-0.,2.2E-16));
#9106 = DIRECTION('',(-2.2E-16,0.,-1.));
#9107 = ADVANCED_FACE('',(#9108),#9127,.F.);
#9108 = FACE_BOUND('',#9109,.T.);
#9109 = EDGE_LOOP('',(#9110,#9111,#9112,#9121));
#9110 = ORIENTED_EDGE('',*,*,#8439,.F.);
#9111 = ORIENTED_EDGE('',*,*,#8495,.F.);
#9112 = ORIENTED_EDGE('',*,*,#9113,.T.);
#9113 = EDGE_CURVE('',#8496,#9114,#9116,.T.);
#9114 = VERTEX_POINT('',#9115);
#9115 = CARTESIAN_POINT('',(-83.,-53.,-35.));
#9116 = CIRCLE('',#9117,5.);
#9117 = AXIS2_PLACEMENT_3D('',#9118,#9119,#9120);
#9118 = CARTESIAN_POINT('',(-83.,-53.,-30.));
#9119 = DIRECTION('',(1.,0.,-1.1E-16));
#9120 = DIRECTION('',(-1.1E-16,-0.,-1.));
#9121 = ORIENTED_EDGE('',*,*,#9122,.T.);
#9122 = EDGE_CURVE('',#9114,#8432,#9123,.T.);
#9123 = LINE('',#9124,#9125);
#9124 = CARTESIAN_POINT('',(-79.,-53.,-35.));
#9125 = VECTOR('',#9126,1.);
#9126 = DIRECTION('',(-1.,-0.,2.2E-16));
#9127 = CYLINDRICAL_SURFACE('',#9128,5.);
#9128 = AXIS2_PLACEMENT_3D('',#9129,#9130,#9131);
#9129 = CARTESIAN_POINT('',(-79.,-53.,-30.));
#9130 = DIRECTION('',(-1.,-0.,2.2E-16));
#9131 = DIRECTION('',(-2.2E-16,0.,-1.));
#9132 = ADVANCED_FACE('',(#9133),#9215,.T.);
#9133 = FACE_BOUND('',#9134,.F.);
#9134 = EDGE_LOOP('',(#9135,#9145,#9151,#9152,#9153,#9154,#9162,#9170,
    #9176,#9177,#9178,#9184,#9185,#9193,#9201,#9209));
#9135 = ORIENTED_EDGE('',*,*,#9136,.T.);
#9136 = EDGE_CURVE('',#9137,#9139,#9141,.T.);
#9137 = VERTEX_POINT('',#9138);
#9138 = CARTESIAN_POINT('',(-83.,58.,-37.));
#9139 = VERTEX_POINT('',#9140);
#9140 = CARTESIAN_POINT('',(-83.,58.,-30.));
#9141 = LINE('',#9142,#9143);
#9142 = CARTESIAN_POINT('',(-83.,58.,-47.));
#9143 = VECTOR('',#9144,1.);
#9144 = DIRECTION('',(0.,0.,1.));
#9145 = ORIENTED_EDGE('',*,*,#9146,.T.);
#9146 = EDGE_CURVE('',#9139,#8415,#9147,.T.);
#9147 = LINE('',#9148,#9149);
#9148 = CARTESIAN_POINT('',(-79.,58.,-30.));
#9149 = VECTOR('',#9150,1.);
#9150 = DIRECTION('',(-1.,-0.,2.2E-16));
#9151 = ORIENTED_EDGE('',*,*,#8414,.T.);
#9152 = ORIENTED_EDGE('',*,*,#9095,.F.);
#9153 = ORIENTED_EDGE('',*,*,#8658,.T.);
#9154 = ORIENTED_EDGE('',*,*,#9155,.F.);
#9155 = EDGE_CURVE('',#9156,#8650,#9158,.T.);
#9156 = VERTEX_POINT('',#9157);
#9157 = CARTESIAN_POINT('',(-80.,58.,38.));
#9158 = LINE('',#9159,#9160);
#9159 = CARTESIAN_POINT('',(-80.,58.,38.));
#9160 = VECTOR('',#9161,1.);
#9161 = DIRECTION('',(-1.,-0.,-0.));
#9162 = ORIENTED_EDGE('',*,*,#9163,.T.);
#9163 = EDGE_CURVE('',#9156,#9164,#9166,.T.);
#9164 = VERTEX_POINT('',#9165);
#9165 = CARTESIAN_POINT('',(-80.,58.,44.));
#9166 = LINE('',#9167,#9168);
#9167 = CARTESIAN_POINT('',(-80.,58.,20.5));
#9168 = VECTOR('',#9169,1.);
#9169 = DIRECTION('',(0.,0.,1.));
#9170 = ORIENTED_EDGE('',*,*,#9171,.T.);
#9171 = EDGE_CURVE('',#9164,#8642,#9172,.T.);
#9172 = LINE('',#9173,#9174);
#9173 = CARTESIAN_POINT('',(-80.,58.,44.));
#9174 = VECTOR('',#9175,1.);
#9175 = DIRECTION('',(-1.,-0.,-0.));
#9176 = ORIENTED_EDGE('',*,*,#8641,.T.);
#9177 = ORIENTED_EDGE('',*,*,#8764,.F.);
#9178 = ORIENTED_EDGE('',*,*,#9179,.F.);
#9179 = EDGE_CURVE('',#9014,#8757,#9180,.T.);
#9180 = LINE('',#9181,#9182);
#9181 = CARTESIAN_POINT('',(-78.,58.,-47.));
#9182 = VECTOR('',#9183,1.);
#9183 = DIRECTION('',(0.,0.,1.));
#9184 = ORIENTED_EDGE('',*,*,#9013,.T.);
#9185 = ORIENTED_EDGE('',*,*,#9186,.T.);
#9186 = EDGE_CURVE('',#9006,#9187,#9189,.T.);
#9187 = VERTEX_POINT('',#9188);
#9188 = CARTESIAN_POINT('',(-83.,58.,-43.));
#9189 = LINE('',#9190,#9191);
#9190 = CARTESIAN_POINT('',(-83.,58.,-47.));
#9191 = VECTOR('',#9192,1.);
#9192 = DIRECTION('',(0.,0.,1.));
#9193 = ORIENTED_EDGE('',*,*,#9194,.F.);
#9194 = EDGE_CURVE('',#9195,#9187,#9197,.T.);
#9195 = VERTEX_POINT('',#9196);
#9196 = CARTESIAN_POINT('',(-80.,58.,-43.));
#9197 = LINE('',#9198,#9199);
#9198 = CARTESIAN_POINT('',(-80.,58.,-43.));
#9199 = VECTOR('',#9200,1.);
#9200 = DIRECTION('',(-1.,-0.,-0.));
#9201 = ORIENTED_EDGE('',*,*,#9202,.T.);
#9202 = EDGE_CURVE('',#9195,#9203,#9205,.T.);
#9203 = VERTEX_POINT('',#9204);
#9204 = CARTESIAN_POINT('',(-80.,58.,-37.));
#9205 = LINE('',#9206,#9207);
#9206 = CARTESIAN_POINT('',(-80.,58.,-20.));
#9207 = VECTOR('',#9208,1.);
#9208 = DIRECTION('',(0.,0.,1.));
#9209 = ORIENTED_EDGE('',*,*,#9210,.T.);
#9210 = EDGE_CURVE('',#9203,#9137,#9211,.T.);
#9211 = LINE('',#9212,#9213);
#9212 = CARTESIAN_POINT('',(-80.,58.,-37.));
#9213 = VECTOR('',#9214,1.);
#9214 = DIRECTION('',(-1.,-0.,-0.));
#9215 = PLANE('',#9216);
#9216 = AXIS2_PLACEMENT_3D('',#9217,#9218,#9219);
#9217 = CARTESIAN_POINT('',(-81.5,58.,0.));
#9218 = DIRECTION('',(0.,-1.,0.));
#9219 = DIRECTION('',(0.,0.,1.));
#9220 = ADVANCED_FACE('',(#9221),#9239,.F.);
#9221 = FACE_BOUND('',#9222,.T.);
#9222 = EDGE_LOOP('',(#9223,#9224,#9232,#9238));
#9223 = ORIENTED_EDGE('',*,*,#9122,.F.);
#9224 = ORIENTED_EDGE('',*,*,#9225,.F.);
#9225 = EDGE_CURVE('',#9226,#9114,#9228,.T.);
#9226 = VERTEX_POINT('',#9227);
#9227 = CARTESIAN_POINT('',(-83.,53.,-35.));
#9228 = LINE('',#9229,#9230);
#9229 = CARTESIAN_POINT('',(-83.,-26.5,-35.));
#9230 = VECTOR('',#9231,1.);
#9231 = DIRECTION('',(-0.,-1.,-0.));
#9232 = ORIENTED_EDGE('',*,*,#9233,.T.);
#9233 = EDGE_CURVE('',#9226,#8423,#9234,.T.);
#9234 = LINE('',#9235,#9236);
#9235 = CARTESIAN_POINT('',(-79.,53.,-35.));
#9236 = VECTOR('',#9237,1.);
#9237 = DIRECTION('',(-1.,-0.,2.2E-16));
#9238 = ORIENTED_EDGE('',*,*,#8431,.F.);
#9239 = PLANE('',#9240);
#9240 = AXIS2_PLACEMENT_3D('',#9241,#9242,#9243);
#9241 = CARTESIAN_POINT('',(-79.,-53.,-35.));
#9242 = DIRECTION('',(-2.2E-16,0.,-1.));
#9243 = DIRECTION('',(1.,0.,-2.2E-16));
#9244 = ADVANCED_FACE('',(#9245),#9257,.F.);
#9245 = FACE_BOUND('',#9246,.T.);
#9246 = EDGE_LOOP('',(#9247,#9248,#9249,#9256));
#9247 = ORIENTED_EDGE('',*,*,#8422,.F.);
#9248 = ORIENTED_EDGE('',*,*,#9233,.F.);
#9249 = ORIENTED_EDGE('',*,*,#9250,.T.);
#9250 = EDGE_CURVE('',#9226,#9139,#9251,.T.);
#9251 = CIRCLE('',#9252,5.);
#9252 = AXIS2_PLACEMENT_3D('',#9253,#9254,#9255);
#9253 = CARTESIAN_POINT('',(-83.,53.,-30.));
#9254 = DIRECTION('',(1.,0.,-1.1E-16));
#9255 = DIRECTION('',(-1.1E-16,-0.,-1.));
#9256 = ORIENTED_EDGE('',*,*,#9146,.T.);
#9257 = CYLINDRICAL_SURFACE('',#9258,5.);
#9258 = AXIS2_PLACEMENT_3D('',#9259,#9260,#9261);
#9259 = CARTESIAN_POINT('',(-79.,53.,-30.));
#9260 = DIRECTION('',(-1.,-0.,2.2E-16));
#9261 = DIRECTION('',(-2.2E-16,0.,-1.));
#9262 = ADVANCED_FACE('',(#9263),#9282,.F.);
#9263 = FACE_BOUND('',#9264,.T.);
#9264 = EDGE_LOOP('',(#9265,#9266,#9274,#9281));
#9265 = ORIENTED_EDGE('',*,*,#8456,.F.);
#9266 = ORIENTED_EDGE('',*,*,#9267,.F.);
#9267 = EDGE_CURVE('',#9268,#8457,#9270,.T.);
#9268 = VERTEX_POINT('',#9269);
#9269 = CARTESIAN_POINT('',(-78.,62.,42.25));
#9270 = LINE('',#9271,#9272);
#9271 = CARTESIAN_POINT('',(-77.9,62.,42.25));
#9272 = VECTOR('',#9273,1.);
#9273 = DIRECTION('',(-1.,-0.,-0.));
#9274 = ORIENTED_EDGE('',*,*,#9275,.T.);
#9275 = EDGE_CURVE('',#9268,#9268,#9276,.T.);
#9276 = CIRCLE('',#9277,1.25);
#9277 = AXIS2_PLACEMENT_3D('',#9278,#9279,#9280);
#9278 = CARTESIAN_POINT('',(-78.,62.,41.));
#9279 = DIRECTION('',(1.,0.,-0.));
#9280 = DIRECTION('',(0.,0.,1.));
#9281 = ORIENTED_EDGE('',*,*,#9267,.T.);
#9282 = CYLINDRICAL_SURFACE('',#9283,1.25);
#9283 = AXIS2_PLACEMENT_3D('',#9284,#9285,#9286);
#9284 = CARTESIAN_POINT('',(-77.9,62.,41.));
#9285 = DIRECTION('',(-1.,-0.,-0.));
#9286 = DIRECTION('',(0.,0.,1.));
#9287 = ADVANCED_FACE('',(#9288),#9307,.F.);
#9288 = FACE_BOUND('',#9289,.T.);
#9289 = EDGE_LOOP('',(#9290,#9291,#9299,#9306));
#9290 = ORIENTED_EDGE('',*,*,#8467,.F.);
#9291 = ORIENTED_EDGE('',*,*,#9292,.F.);
#9292 = EDGE_CURVE('',#9293,#8468,#9295,.T.);
#9293 = VERTEX_POINT('',#9294);
#9294 = CARTESIAN_POINT('',(-78.,-62.,-38.75));
#9295 = LINE('',#9296,#9297);
#9296 = CARTESIAN_POINT('',(-77.9,-62.,-38.75));
#9297 = VECTOR('',#9298,1.);
#9298 = DIRECTION('',(-1.,-0.,-0.));
#9299 = ORIENTED_EDGE('',*,*,#9300,.T.);
#9300 = EDGE_CURVE('',#9293,#9293,#9301,.T.);
#9301 = CIRCLE('',#9302,1.25);
#9302 = AXIS2_PLACEMENT_3D('',#9303,#9304,#9305);
#9303 = CARTESIAN_POINT('',(-78.,-62.,-40.));
#9304 = DIRECTION('',(1.,0.,-0.));
#9305 = DIRECTION('',(0.,0.,1.));
#9306 = ORIENTED_EDGE('',*,*,#9292,.T.);
#9307 = CYLINDRICAL_SURFACE('',#9308,1.25);
#9308 = AXIS2_PLACEMENT_3D('',#9309,#9310,#9311);
#9309 = CARTESIAN_POINT('',(-77.9,-62.,-40.));
#9310 = DIRECTION('',(-1.,-0.,-0.));
#9311 = DIRECTION('',(0.,0.,1.));
#9312 = ADVANCED_FACE('',(#9313),#9332,.F.);
#9313 = FACE_BOUND('',#9314,.T.);
#9314 = EDGE_LOOP('',(#9315,#9316,#9324,#9331));
#9315 = ORIENTED_EDGE('',*,*,#8478,.F.);
#9316 = ORIENTED_EDGE('',*,*,#9317,.F.);
#9317 = EDGE_CURVE('',#9318,#8479,#9320,.T.);
#9318 = VERTEX_POINT('',#9319);
#9319 = CARTESIAN_POINT('',(-78.,-62.,42.25));
#9320 = LINE('',#9321,#9322);
#9321 = CARTESIAN_POINT('',(-77.9,-62.,42.25));
#9322 = VECTOR('',#9323,1.);
#9323 = DIRECTION('',(-1.,-0.,-0.));
#9324 = ORIENTED_EDGE('',*,*,#9325,.T.);
#9325 = EDGE_CURVE('',#9318,#9318,#9326,.T.);
#9326 = CIRCLE('',#9327,1.25);
#9327 = AXIS2_PLACEMENT_3D('',#9328,#9329,#9330);
#9328 = CARTESIAN_POINT('',(-78.,-62.,41.));
#9329 = DIRECTION('',(1.,0.,-0.));
#9330 = DIRECTION('',(0.,0.,1.));
#9331 = ORIENTED_EDGE('',*,*,#9317,.T.);
#9332 = CYLINDRICAL_SURFACE('',#9333,1.25);
#9333 = AXIS2_PLACEMENT_3D('',#9334,#9335,#9336);
#9334 = CARTESIAN_POINT('',(-77.9,-62.,41.));
#9335 = DIRECTION('',(-1.,-0.,-0.));
#9336 = DIRECTION('',(0.,0.,1.));
#9337 = ADVANCED_FACE('',(#9338),#9350,.T.);
#9338 = FACE_BOUND('',#9339,.F.);
#9339 = EDGE_LOOP('',(#9340,#9341,#9348,#9349));
#9340 = ORIENTED_EDGE('',*,*,#8591,.F.);
#9341 = ORIENTED_EDGE('',*,*,#9342,.T.);
#9342 = EDGE_CURVE('',#8584,#8576,#9343,.T.);
#9343 = CIRCLE('',#9344,5.);
#9344 = AXIS2_PLACEMENT_3D('',#9345,#9346,#9347);
#9345 = CARTESIAN_POINT('',(-80.,-62.,41.));
#9346 = DIRECTION('',(1.,0.,-0.));
#9347 = DIRECTION('',(0.,0.,1.));
#9348 = ORIENTED_EDGE('',*,*,#8575,.T.);
#9349 = ORIENTED_EDGE('',*,*,#8625,.F.);
#9350 = CYLINDRICAL_SURFACE('',#9351,5.);
#9351 = AXIS2_PLACEMENT_3D('',#9352,#9353,#9354);
#9352 = CARTESIAN_POINT('',(-80.,-62.,41.));
#9353 = DIRECTION('',(-1.,-0.,-0.));
#9354 = DIRECTION('',(0.,0.,1.));
#9355 = ADVANCED_FACE('',(#9356),#9360,.F.);
#9356 = FACE_BOUND('',#9357,.T.);
#9357 = EDGE_LOOP('',(#9358,#9359));
#9358 = ORIENTED_EDGE('',*,*,#8583,.T.);
#9359 = ORIENTED_EDGE('',*,*,#9342,.T.);
#9360 = PLANE('',#9361);
#9361 = AXIS2_PLACEMENT_3D('',#9362,#9363,#9364);
#9362 = CARTESIAN_POINT('',(-80.,-62.,41.));
#9363 = DIRECTION('',(-1.,-0.,-0.));
#9364 = DIRECTION('',(0.,0.,-1.));
#9365 = ADVANCED_FACE('',(#9366,#9372,#9375),#9378,.F.);
#9366 = FACE_BOUND('',#9367,.T.);
#9367 = EDGE_LOOP('',(#9368,#9369,#9370,#9371));
#9368 = ORIENTED_EDGE('',*,*,#8819,.F.);
#9369 = ORIENTED_EDGE('',*,*,#8998,.T.);
#9370 = ORIENTED_EDGE('',*,*,#8551,.T.);
#9371 = ORIENTED_EDGE('',*,*,#8772,.F.);
#9372 = FACE_BOUND('',#9373,.T.);
#9373 = EDGE_LOOP('',(#9374));
#9374 = ORIENTED_EDGE('',*,*,#9300,.F.);
#9375 = FACE_BOUND('',#9376,.T.);
#9376 = EDGE_LOOP('',(#9377));
#9377 = ORIENTED_EDGE('',*,*,#9325,.F.);
#9378 = PLANE('',#9379);
#9379 = AXIS2_PLACEMENT_3D('',#9380,#9381,#9382);
#9380 = CARTESIAN_POINT('',(-78.,-72.,-47.));
#9381 = DIRECTION('',(-1.,-0.,-0.));
#9382 = DIRECTION('',(0.,0.,-1.));
#9383 = ADVANCED_FACE('',(#9384),#9408,.T.);
#9384 = FACE_BOUND('',#9385,.F.);
#9385 = EDGE_LOOP('',(#9386,#9387,#9388,#9395,#9396,#9397,#9398,#9399,
    #9400,#9407));
#9386 = ORIENTED_EDGE('',*,*,#9005,.F.);
#9387 = ORIENTED_EDGE('',*,*,#8535,.T.);
#9388 = ORIENTED_EDGE('',*,*,#9389,.T.);
#9389 = EDGE_CURVE('',#8528,#8504,#9390,.T.);
#9390 = CIRCLE('',#9391,5.);
#9391 = AXIS2_PLACEMENT_3D('',#9392,#9393,#9394);
#9392 = CARTESIAN_POINT('',(-83.,-62.,-40.));
#9393 = DIRECTION('',(1.,0.,-0.));
#9394 = DIRECTION('',(0.,0.,1.));
#9395 = ORIENTED_EDGE('',*,*,#8503,.T.);
#9396 = ORIENTED_EDGE('',*,*,#9113,.T.);
#9397 = ORIENTED_EDGE('',*,*,#9225,.F.);
#9398 = ORIENTED_EDGE('',*,*,#9250,.T.);
#9399 = ORIENTED_EDGE('',*,*,#9136,.F.);
#9400 = ORIENTED_EDGE('',*,*,#9401,.T.);
#9401 = EDGE_CURVE('',#9137,#9187,#9402,.T.);
#9402 = CIRCLE('',#9403,5.);
#9403 = AXIS2_PLACEMENT_3D('',#9404,#9405,#9406);
#9404 = CARTESIAN_POINT('',(-83.,62.,-40.));
#9405 = DIRECTION('',(1.,0.,-0.));
#9406 = DIRECTION('',(0.,0.,1.));
#9407 = ORIENTED_EDGE('',*,*,#9186,.F.);
#9408 = PLANE('',#9409);
#9409 = AXIS2_PLACEMENT_3D('',#9410,#9411,#9412);
#9410 = CARTESIAN_POINT('',(-83.,0.,1.94E-14));
#9411 = DIRECTION('',(1.,0.,-2.2E-16));
#9412 = DIRECTION('',(-2.2E-16,0.,-1.));
#9413 = ADVANCED_FACE('',(#9414),#9426,.T.);
#9414 = FACE_BOUND('',#9415,.F.);
#9415 = EDGE_LOOP('',(#9416,#9417,#9424,#9425));
#9416 = ORIENTED_EDGE('',*,*,#8527,.F.);
#9417 = ORIENTED_EDGE('',*,*,#9418,.T.);
#9418 = EDGE_CURVE('',#8520,#8512,#9419,.T.);
#9419 = CIRCLE('',#9420,5.);
#9420 = AXIS2_PLACEMENT_3D('',#9421,#9422,#9423);
#9421 = CARTESIAN_POINT('',(-80.,-62.,-40.));
#9422 = DIRECTION('',(1.,0.,-0.));
#9423 = DIRECTION('',(0.,0.,1.));
#9424 = ORIENTED_EDGE('',*,*,#8511,.T.);
#9425 = ORIENTED_EDGE('',*,*,#9389,.F.);
#9426 = CYLINDRICAL_SURFACE('',#9427,5.);
#9427 = AXIS2_PLACEMENT_3D('',#9428,#9429,#9430);
#9428 = CARTESIAN_POINT('',(-80.,-62.,-40.));
#9429 = DIRECTION('',(-1.,-0.,-0.));
#9430 = DIRECTION('',(0.,0.,1.));
#9431 = ADVANCED_FACE('',(#9432),#9436,.F.);
#9432 = FACE_BOUND('',#9433,.T.);
#9433 = EDGE_LOOP('',(#9434,#9435));
#9434 = ORIENTED_EDGE('',*,*,#8519,.T.);
#9435 = ORIENTED_EDGE('',*,*,#9418,.T.);
#9436 = PLANE('',#9437);
#9437 = AXIS2_PLACEMENT_3D('',#9438,#9439,#9440);
#9438 = CARTESIAN_POINT('',(-80.,-62.,-40.));
#9439 = DIRECTION('',(-1.,-0.,-0.));
#9440 = DIRECTION('',(0.,0.,-1.));
#9441 = ADVANCED_FACE('',(#9442),#9454,.T.);
#9442 = FACE_BOUND('',#9443,.F.);
#9443 = EDGE_LOOP('',(#9444,#9445,#9452,#9453));
#9444 = ORIENTED_EDGE('',*,*,#9171,.F.);
#9445 = ORIENTED_EDGE('',*,*,#9446,.T.);
#9446 = EDGE_CURVE('',#9164,#9156,#9447,.T.);
#9447 = CIRCLE('',#9448,5.);
#9448 = AXIS2_PLACEMENT_3D('',#9449,#9450,#9451);
#9449 = CARTESIAN_POINT('',(-80.,62.,41.));
#9450 = DIRECTION('',(1.,0.,-0.));
#9451 = DIRECTION('',(0.,0.,1.));
#9452 = ORIENTED_EDGE('',*,*,#9155,.T.);
#9453 = ORIENTED_EDGE('',*,*,#8649,.F.);
#9454 = CYLINDRICAL_SURFACE('',#9455,5.);
#9455 = AXIS2_PLACEMENT_3D('',#9456,#9457,#9458);
#9456 = CARTESIAN_POINT('',(-80.,62.,41.));
#9457 = DIRECTION('',(-1.,-0.,-0.));
#9458 = DIRECTION('',(0.,0.,1.));
#9459 = ADVANCED_FACE('',(#9460),#9465,.T.);
#9460 = FACE_BOUND('',#9461,.F.);
#9461 = EDGE_LOOP('',(#9462,#9463,#9464));
#9462 = ORIENTED_EDGE('',*,*,#8812,.F.);
#9463 = ORIENTED_EDGE('',*,*,#8707,.F.);
#9464 = ORIENTED_EDGE('',*,*,#8788,.F.);
#9465 = PLANE('',#9466);
#9466 = AXIS2_PLACEMENT_3D('',#9467,#9468,#9469);
#9467 = CARTESIAN_POINT('',(-83.,-72.,-47.));
#9468 = DIRECTION('',(-1.,-0.,-0.));
#9469 = DIRECTION('',(0.,0.,-1.));
#9470 = ADVANCED_FACE('',(#9471),#9476,.T.);
#9471 = FACE_BOUND('',#9472,.F.);
#9472 = EDGE_LOOP('',(#9473,#9474,#9475));
#9473 = ORIENTED_EDGE('',*,*,#8740,.F.);
#9474 = ORIENTED_EDGE('',*,*,#8880,.F.);
#9475 = ORIENTED_EDGE('',*,*,#8952,.T.);
#9476 = PLANE('',#9477);
#9477 = AXIS2_PLACEMENT_3D('',#9478,#9479,#9480);
#9478 = CARTESIAN_POINT('',(-83.,58.,-47.));
#9479 = DIRECTION('',(-1.,-0.,-0.));
#9480 = DIRECTION('',(0.,0.,-1.));
#9481 = ADVANCED_FACE('',(#9482,#9488,#9491),#9494,.F.);
#9482 = FACE_BOUND('',#9483,.T.);
#9483 = EDGE_LOOP('',(#9484,#9485,#9486,#9487));
#9484 = ORIENTED_EDGE('',*,*,#9179,.F.);
#9485 = ORIENTED_EDGE('',*,*,#9021,.T.);
#9486 = ORIENTED_EDGE('',*,*,#8945,.T.);
#9487 = ORIENTED_EDGE('',*,*,#8756,.F.);
#9488 = FACE_BOUND('',#9489,.T.);
#9489 = EDGE_LOOP('',(#9490));
#9490 = ORIENTED_EDGE('',*,*,#9078,.F.);
#9491 = FACE_BOUND('',#9492,.T.);
#9492 = EDGE_LOOP('',(#9493));
#9493 = ORIENTED_EDGE('',*,*,#9275,.F.);
#9494 = PLANE('',#9495);
#9495 = AXIS2_PLACEMENT_3D('',#9496,#9497,#9498);
#9496 = CARTESIAN_POINT('',(-78.,58.,-47.));
#9497 = DIRECTION('',(-1.,-0.,-0.));
#9498 = DIRECTION('',(0.,0.,-1.));
#9499 = ADVANCED_FACE('',(#9500),#9505,.T.);
#9500 = FACE_BOUND('',#9501,.F.);
#9501 = EDGE_LOOP('',(#9502,#9503,#9504));
#9502 = ORIENTED_EDGE('',*,*,#8835,.F.);
#9503 = ORIENTED_EDGE('',*,*,#8991,.T.);
#9504 = ORIENTED_EDGE('',*,*,#8898,.F.);
#9505 = PLANE('',#9506);
#9506 = AXIS2_PLACEMENT_3D('',#9507,#9508,#9509);
#9507 = CARTESIAN_POINT('',(-83.,-72.,-47.));
#9508 = DIRECTION('',(-1.,-0.,-0.));
#9509 = DIRECTION('',(0.,0.,-1.));
#9510 = ADVANCED_FACE('',(#9511),#9530,.F.);
#9511 = FACE_BOUND('',#9512,.T.);
#9512 = EDGE_LOOP('',(#9513,#9521,#9528,#9529));
#9513 = ORIENTED_EDGE('',*,*,#9514,.T.);
#9514 = EDGE_CURVE('',#8844,#9515,#9517,.T.);
#9515 = VERTEX_POINT('',#9516);
#9516 = CARTESIAN_POINT('',(-82.,-65.5,26.25));
#9517 = LINE('',#9518,#9519);
#9518 = CARTESIAN_POINT('',(-82.,-72.1,26.25));
#9519 = VECTOR('',#9520,1.);
#9520 = DIRECTION('',(0.,1.,0.));
#9521 = ORIENTED_EDGE('',*,*,#9522,.F.);
#9522 = EDGE_CURVE('',#9515,#9515,#9523,.T.);
#9523 = CIRCLE('',#9524,1.25);
#9524 = AXIS2_PLACEMENT_3D('',#9525,#9526,#9527);
#9525 = CARTESIAN_POINT('',(-82.,-65.5,25.));
#9526 = DIRECTION('',(0.,-1.,0.));
#9527 = DIRECTION('',(0.,0.,1.));
#9528 = ORIENTED_EDGE('',*,*,#9514,.F.);
#9529 = ORIENTED_EDGE('',*,*,#8843,.T.);
#9530 = CYLINDRICAL_SURFACE('',#9531,1.25);
#9531 = AXIS2_PLACEMENT_3D('',#9532,#9533,#9534);
#9532 = CARTESIAN_POINT('',(-82.,-72.1,25.));
#9533 = DIRECTION('',(0.,1.,0.));
#9534 = DIRECTION('',(0.,0.,1.));
#9535 = ADVANCED_FACE('',(#9536),#9555,.F.);
#9536 = FACE_BOUND('',#9537,.T.);
#9537 = EDGE_LOOP('',(#9538,#9546,#9553,#9554));
#9538 = ORIENTED_EDGE('',*,*,#9539,.T.);
#9539 = EDGE_CURVE('',#8855,#9540,#9542,.T.);
#9540 = VERTEX_POINT('',#9541);
#9541 = CARTESIAN_POINT('',(-82.,-65.5,-23.75));
#9542 = LINE('',#9543,#9544);
#9543 = CARTESIAN_POINT('',(-82.,-72.1,-23.75));
#9544 = VECTOR('',#9545,1.);
#9545 = DIRECTION('',(0.,1.,0.));
#9546 = ORIENTED_EDGE('',*,*,#9547,.F.);
#9547 = EDGE_CURVE('',#9540,#9540,#9548,.T.);
#9548 = CIRCLE('',#9549,1.25);
#9549 = AXIS2_PLACEMENT_3D('',#9550,#9551,#9552);
#9550 = CARTESIAN_POINT('',(-82.,-65.5,-25.));
#9551 = DIRECTION('',(0.,-1.,0.));
#9552 = DIRECTION('',(0.,0.,1.));
#9553 = ORIENTED_EDGE('',*,*,#9539,.F.);
#9554 = ORIENTED_EDGE('',*,*,#8854,.T.);
#9555 = CYLINDRICAL_SURFACE('',#9556,1.25);
#9556 = AXIS2_PLACEMENT_3D('',#9557,#9558,#9559);
#9557 = CARTESIAN_POINT('',(-82.,-72.1,-25.));
#9558 = DIRECTION('',(0.,1.,0.));
#9559 = DIRECTION('',(0.,0.,1.));
#9560 = ADVANCED_FACE('',(#9561),#9566,.T.);
#9561 = FACE_BOUND('',#9562,.F.);
#9562 = EDGE_LOOP('',(#9563,#9564,#9565));
#9563 = ORIENTED_EDGE('',*,*,#9053,.F.);
#9564 = ORIENTED_EDGE('',*,*,#9028,.T.);
#9565 = ORIENTED_EDGE('',*,*,#8929,.T.);
#9566 = PLANE('',#9567);
#9567 = AXIS2_PLACEMENT_3D('',#9568,#9569,#9570);
#9568 = CARTESIAN_POINT('',(-83.,58.,-47.));
#9569 = DIRECTION('',(-1.,-0.,-0.));
#9570 = DIRECTION('',(0.,0.,-1.));
#9571 = ADVANCED_FACE('',(#9572),#9591,.F.);
#9572 = FACE_BOUND('',#9573,.T.);
#9573 = EDGE_LOOP('',(#9574,#9582,#9589,#9590));
#9574 = ORIENTED_EDGE('',*,*,#9575,.T.);
#9575 = EDGE_CURVE('',#8963,#9576,#9578,.T.);
#9576 = VERTEX_POINT('',#9577);
#9577 = CARTESIAN_POINT('',(-82.,65.5,-26.25));
#9578 = LINE('',#9579,#9580);
#9579 = CARTESIAN_POINT('',(-82.,72.1,-26.25));
#9580 = VECTOR('',#9581,1.);
#9581 = DIRECTION('',(-0.,-1.,-0.));
#9582 = ORIENTED_EDGE('',*,*,#9583,.F.);
#9583 = EDGE_CURVE('',#9576,#9576,#9584,.T.);
#9584 = CIRCLE('',#9585,1.25);
#9585 = AXIS2_PLACEMENT_3D('',#9586,#9587,#9588);
#9586 = CARTESIAN_POINT('',(-82.,65.5,-25.));
#9587 = DIRECTION('',(0.,1.,0.));
#9588 = DIRECTION('',(0.,0.,-1.));
#9589 = ORIENTED_EDGE('',*,*,#9575,.F.);
#9590 = ORIENTED_EDGE('',*,*,#8962,.T.);
#9591 = CYLINDRICAL_SURFACE('',#9592,1.25);
#9592 = AXIS2_PLACEMENT_3D('',#9593,#9594,#9595);
#9593 = CARTESIAN_POINT('',(-82.,72.1,-25.));
#9594 = DIRECTION('',(-0.,-1.,-0.));
#9595 = DIRECTION('',(0.,0.,-1.));
#9596 = ADVANCED_FACE('',(#9597),#9616,.F.);
#9597 = FACE_BOUND('',#9598,.T.);
#9598 = EDGE_LOOP('',(#9599,#9607,#9614,#9615));
#9599 = ORIENTED_EDGE('',*,*,#9600,.T.);
#9600 = EDGE_CURVE('',#8974,#9601,#9603,.T.);
#9601 = VERTEX_POINT('',#9602);
#9602 = CARTESIAN_POINT('',(-82.,65.5,23.75));
#9603 = LINE('',#9604,#9605);
#9604 = CARTESIAN_POINT('',(-82.,72.1,23.75));
#9605 = VECTOR('',#9606,1.);
#9606 = DIRECTION('',(-0.,-1.,-0.));
#9607 = ORIENTED_EDGE('',*,*,#9608,.F.);
#9608 = EDGE_CURVE('',#9601,#9601,#9609,.T.);
#9609 = CIRCLE('',#9610,1.25);
#9610 = AXIS2_PLACEMENT_3D('',#9611,#9612,#9613);
#9611 = CARTESIAN_POINT('',(-82.,65.5,25.));
#9612 = DIRECTION('',(0.,1.,0.));
#9613 = DIRECTION('',(0.,0.,-1.));
#9614 = ORIENTED_EDGE('',*,*,#9600,.F.);
#9615 = ORIENTED_EDGE('',*,*,#8973,.T.);
#9616 = CYLINDRICAL_SURFACE('',#9617,1.25);
#9617 = AXIS2_PLACEMENT_3D('',#9618,#9619,#9620);
#9618 = CARTESIAN_POINT('',(-82.,72.1,25.));
#9619 = DIRECTION('',(-0.,-1.,-0.));
#9620 = DIRECTION('',(0.,0.,-1.));
#9621 = ADVANCED_FACE('',(#9622),#9634,.T.);
#9622 = FACE_BOUND('',#9623,.F.);
#9623 = EDGE_LOOP('',(#9624,#9625,#9632,#9633));
#9624 = ORIENTED_EDGE('',*,*,#9210,.F.);
#9625 = ORIENTED_EDGE('',*,*,#9626,.T.);
#9626 = EDGE_CURVE('',#9203,#9195,#9627,.T.);
#9627 = CIRCLE('',#9628,5.);
#9628 = AXIS2_PLACEMENT_3D('',#9629,#9630,#9631);
#9629 = CARTESIAN_POINT('',(-80.,62.,-40.));
#9630 = DIRECTION('',(1.,0.,-0.));
#9631 = DIRECTION('',(0.,0.,1.));
#9632 = ORIENTED_EDGE('',*,*,#9194,.T.);
#9633 = ORIENTED_EDGE('',*,*,#9401,.F.);
#9634 = CYLINDRICAL_SURFACE('',#9635,5.);
#9635 = AXIS2_PLACEMENT_3D('',#9636,#9637,#9638);
#9636 = CARTESIAN_POINT('',(-80.,62.,-40.));
#9637 = DIRECTION('',(-1.,-0.,-0.));
#9638 = DIRECTION('',(0.,0.,1.));
#9639 = ADVANCED_FACE('',(#9640),#9644,.F.);
#9640 = FACE_BOUND('',#9641,.T.);
#9641 = EDGE_LOOP('',(#9642,#9643));
#9642 = ORIENTED_EDGE('',*,*,#9202,.T.);
#9643 = ORIENTED_EDGE('',*,*,#9626,.T.);
#9644 = PLANE('',#9645);
#9645 = AXIS2_PLACEMENT_3D('',#9646,#9647,#9648);
#9646 = CARTESIAN_POINT('',(-80.,62.,-40.));
#9647 = DIRECTION('',(-1.,-0.,-0.));
#9648 = DIRECTION('',(0.,0.,-1.));
#9649 = ADVANCED_FACE('',(#9650),#9654,.F.);
#9650 = FACE_BOUND('',#9651,.T.);
#9651 = EDGE_LOOP('',(#9652,#9653));
#9652 = ORIENTED_EDGE('',*,*,#9163,.T.);
#9653 = ORIENTED_EDGE('',*,*,#9446,.T.);
#9654 = PLANE('',#9655);
#9655 = AXIS2_PLACEMENT_3D('',#9656,#9657,#9658);
#9656 = CARTESIAN_POINT('',(-80.,62.,41.));
#9657 = DIRECTION('',(-1.,-0.,-0.));
#9658 = DIRECTION('',(0.,0.,-1.));
#9659 = ADVANCED_FACE('',(#9660),#9672,.F.);
#9660 = FACE_BOUND('',#9661,.T.);
#9661 = EDGE_LOOP('',(#9662,#9670,#9671));
#9662 = ORIENTED_EDGE('',*,*,#9663,.F.);
#9663 = EDGE_CURVE('',#9515,#9664,#9666,.T.);
#9664 = VERTEX_POINT('',#9665);
#9665 = CARTESIAN_POINT('',(-82.,-64.74892422621,25.));
#9666 = LINE('',#9667,#9668);
#9667 = CARTESIAN_POINT('',(-82.,-65.5,26.25));
#9668 = VECTOR('',#9669,1.);
#9669 = DIRECTION('',(-2.1E-16,0.51503807491,-0.857167300702));
#9670 = ORIENTED_EDGE('',*,*,#9522,.T.);
#9671 = ORIENTED_EDGE('',*,*,#9663,.T.);
#9672 = CONICAL_SURFACE('',#9673,1.25,1.029744258677);
#9673 = AXIS2_PLACEMENT_3D('',#9674,#9675,#9676);
#9674 = CARTESIAN_POINT('',(-82.,-65.5,25.));
#9675 = DIRECTION('',(0.,-1.,0.));
#9676 = DIRECTION('',(0.,0.,1.));
#9677 = ADVANCED_FACE('',(#9678),#9690,.F.);
#9678 = FACE_BOUND('',#9679,.T.);
#9679 = EDGE_LOOP('',(#9680,#9688,#9689));
#9680 = ORIENTED_EDGE('',*,*,#9681,.F.);
#9681 = EDGE_CURVE('',#9540,#9682,#9684,.T.);
#9682 = VERTEX_POINT('',#9683);
#9683 = CARTESIAN_POINT('',(-82.,-64.74892422621,-25.));
#9684 = LINE('',#9685,#9686);
#9685 = CARTESIAN_POINT('',(-82.,-65.5,-23.75));
#9686 = VECTOR('',#9687,1.);
#9687 = DIRECTION('',(-2.1E-16,0.51503807491,-0.857167300702));
#9688 = ORIENTED_EDGE('',*,*,#9547,.T.);
#9689 = ORIENTED_EDGE('',*,*,#9681,.T.);
#9690 = CONICAL_SURFACE('',#9691,1.25,1.029744258677);
#9691 = AXIS2_PLACEMENT_3D('',#9692,#9693,#9694);
#9692 = CARTESIAN_POINT('',(-82.,-65.5,-25.));
#9693 = DIRECTION('',(0.,-1.,0.));
#9694 = DIRECTION('',(0.,0.,1.));
#9695 = ADVANCED_FACE('',(#9696),#9708,.F.);
#9696 = FACE_BOUND('',#9697,.T.);
#9697 = EDGE_LOOP('',(#9698,#9706,#9707));
#9698 = ORIENTED_EDGE('',*,*,#9699,.F.);
#9699 = EDGE_CURVE('',#9576,#9700,#9702,.T.);
#9700 = VERTEX_POINT('',#9701);
#9701 = CARTESIAN_POINT('',(-82.,64.748924226216,-25.));
#9702 = LINE('',#9703,#9704);
#9703 = CARTESIAN_POINT('',(-82.,65.5,-26.25));
#9704 = VECTOR('',#9705,1.);
#9705 = DIRECTION('',(-2.1E-16,-0.51503807491,0.857167300702));
#9706 = ORIENTED_EDGE('',*,*,#9583,.T.);
#9707 = ORIENTED_EDGE('',*,*,#9699,.T.);
#9708 = CONICAL_SURFACE('',#9709,1.25,1.029744258677);
#9709 = AXIS2_PLACEMENT_3D('',#9710,#9711,#9712);
#9710 = CARTESIAN_POINT('',(-82.,65.5,-25.));
#9711 = DIRECTION('',(0.,1.,0.));
#9712 = DIRECTION('',(0.,0.,-1.));
#9713 = ADVANCED_FACE('',(#9714),#9726,.F.);
#9714 = FACE_BOUND('',#9715,.T.);
#9715 = EDGE_LOOP('',(#9716,#9724,#9725));
#9716 = ORIENTED_EDGE('',*,*,#9717,.F.);
#9717 = EDGE_CURVE('',#9601,#9718,#9720,.T.);
#9718 = VERTEX_POINT('',#9719);
#9719 = CARTESIAN_POINT('',(-82.,64.748924226216,25.));
#9720 = LINE('',#9721,#9722);
#9721 = CARTESIAN_POINT('',(-82.,65.5,23.75));
#9722 = VECTOR('',#9723,1.);
#9723 = DIRECTION('',(-2.1E-16,-0.51503807491,0.857167300702));
#9724 = ORIENTED_EDGE('',*,*,#9608,.T.);
#9725 = ORIENTED_EDGE('',*,*,#9717,.T.);
#9726 = CONICAL_SURFACE('',#9727,1.25,1.029744258677);
#9727 = AXIS2_PLACEMENT_3D('',#9728,#9729,#9730);
#9728 = CARTESIAN_POINT('',(-82.,65.5,25.));
#9729 = DIRECTION('',(0.,1.,0.));
#9730 = DIRECTION('',(0.,0.,-1.));
#9731 = MANIFOLD_SOLID_BREP('',#9732);
#9732 = CLOSED_SHELL('',(#9733,#9766,#9786,#9806));
#9733 = ADVANCED_FACE('',(#9734),#9761,.T.);
#9734 = FACE_BOUND('',#9735,.T.);
#9735 = EDGE_LOOP('',(#9736,#9745,#9753,#9760));
#9736 = ORIENTED_EDGE('',*,*,#9737,.F.);
#9737 = EDGE_CURVE('',#9738,#9738,#9740,.T.);
#9738 = VERTEX_POINT('',#9739);
#9739 = CARTESIAN_POINT('',(-30.,72.,-25.5));
#9740 = CIRCLE('',#9741,4.5);
#9741 = AXIS2_PLACEMENT_3D('',#9742,#9743,#9744);
#9742 = CARTESIAN_POINT('',(-30.,72.,-30.));
#9743 = DIRECTION('',(0.,1.,0.));
#9744 = DIRECTION('',(0.,0.,1.));
#9745 = ORIENTED_EDGE('',*,*,#9746,.F.);
#9746 = EDGE_CURVE('',#9747,#9738,#9749,.T.);
#9747 = VERTEX_POINT('',#9748);
#9748 = CARTESIAN_POINT('',(-30.,71.2,-25.5));
#9749 = LINE('',#9750,#9751);
#9750 = CARTESIAN_POINT('',(-30.,71.2,-25.5));
#9751 = VECTOR('',#9752,1.);
#9752 = DIRECTION('',(0.,1.,0.));
#9753 = ORIENTED_EDGE('',*,*,#9754,.T.);
#9754 = EDGE_CURVE('',#9747,#9747,#9755,.T.);
#9755 = CIRCLE('',#9756,4.5);
#9756 = AXIS2_PLACEMENT_3D('',#9757,#9758,#9759);
#9757 = CARTESIAN_POINT('',(-30.,71.2,-30.));
#9758 = DIRECTION('',(0.,1.,0.));
#9759 = DIRECTION('',(0.,0.,1.));
#9760 = ORIENTED_EDGE('',*,*,#9746,.T.);
#9761 = CYLINDRICAL_SURFACE('',#9762,4.5);
#9762 = AXIS2_PLACEMENT_3D('',#9763,#9764,#9765);
#9763 = CARTESIAN_POINT('',(-30.,71.2,-30.));
#9764 = DIRECTION('',(0.,1.,0.));
#9765 = DIRECTION('',(0.,0.,1.));
#9766 = ADVANCED_FACE('',(#9767,#9770),#9781,.T.);
#9767 = FACE_BOUND('',#9768,.T.);
#9768 = EDGE_LOOP('',(#9769));
#9769 = ORIENTED_EDGE('',*,*,#9737,.T.);
#9770 = FACE_BOUND('',#9771,.T.);
#9771 = EDGE_LOOP('',(#9772));
#9772 = ORIENTED_EDGE('',*,*,#9773,.F.);
#9773 = EDGE_CURVE('',#9774,#9774,#9776,.T.);
#9774 = VERTEX_POINT('',#9775);
#9775 = CARTESIAN_POINT('',(-30.,72.,-27.85));
#9776 = CIRCLE('',#9777,2.15);
#9777 = AXIS2_PLACEMENT_3D('',#9778,#9779,#9780);
#9778 = CARTESIAN_POINT('',(-30.,72.,-30.));
#9779 = DIRECTION('',(0.,1.,0.));
#9780 = DIRECTION('',(0.,0.,1.));
#9781 = PLANE('',#9782);
#9782 = AXIS2_PLACEMENT_3D('',#9783,#9784,#9785);
#9783 = CARTESIAN_POINT('',(-30.,72.,-30.));
#9784 = DIRECTION('',(0.,1.,0.));
#9785 = DIRECTION('',(0.,0.,1.));
#9786 = ADVANCED_FACE('',(#9787,#9790),#9801,.F.);
#9787 = FACE_BOUND('',#9788,.F.);
#9788 = EDGE_LOOP('',(#9789));
#9789 = ORIENTED_EDGE('',*,*,#9754,.T.);
#9790 = FACE_BOUND('',#9791,.F.);
#9791 = EDGE_LOOP('',(#9792));
#9792 = ORIENTED_EDGE('',*,*,#9793,.F.);
#9793 = EDGE_CURVE('',#9794,#9794,#9796,.T.);
#9794 = VERTEX_POINT('',#9795);
#9795 = CARTESIAN_POINT('',(-30.,71.2,-27.85));
#9796 = CIRCLE('',#9797,2.15);
#9797 = AXIS2_PLACEMENT_3D('',#9798,#9799,#9800);
#9798 = CARTESIAN_POINT('',(-30.,71.2,-30.));
#9799 = DIRECTION('',(0.,1.,0.));
#9800 = DIRECTION('',(0.,0.,1.));
#9801 = PLANE('',#9802);
#9802 = AXIS2_PLACEMENT_3D('',#9803,#9804,#9805);
#9803 = CARTESIAN_POINT('',(-30.,71.2,-30.));
#9804 = DIRECTION('',(0.,1.,0.));
#9805 = DIRECTION('',(0.,0.,1.));
#9806 = ADVANCED_FACE('',(#9807),#9818,.F.);
#9807 = FACE_BOUND('',#9808,.F.);
#9808 = EDGE_LOOP('',(#9809,#9810,#9816,#9817));
#9809 = ORIENTED_EDGE('',*,*,#9773,.F.);
#9810 = ORIENTED_EDGE('',*,*,#9811,.F.);
#9811 = EDGE_CURVE('',#9794,#9774,#9812,.T.);
#9812 = LINE('',#9813,#9814);
#9813 = CARTESIAN_POINT('',(-30.,71.1,-27.85));
#9814 = VECTOR('',#9815,1.);
#9815 = DIRECTION('',(0.,1.,0.));
#9816 = ORIENTED_EDGE('',*,*,#9793,.T.);
#9817 = ORIENTED_EDGE('',*,*,#9811,.T.);
#9818 = CYLINDRICAL_SURFACE('',#9819,2.15);
#9819 = AXIS2_PLACEMENT_3D('',#9820,#9821,#9822);
#9820 = CARTESIAN_POINT('',(-30.,71.1,-30.));
#9821 = DIRECTION('',(0.,1.,0.));
#9822 = DIRECTION('',(0.,0.,1.));
#9823 = MANIFOLD_SOLID_BREP('',#9824);
#9824 = CLOSED_SHELL('',(#9825,#9858,#9878,#9898));
#9825 = ADVANCED_FACE('',(#9826),#9853,.T.);
#9826 = FACE_BOUND('',#9827,.F.);
#9827 = EDGE_LOOP('',(#9828,#9837,#9845,#9852));
#9828 = ORIENTED_EDGE('',*,*,#9829,.F.);
#9829 = EDGE_CURVE('',#9830,#9830,#9832,.T.);
#9830 = VERTEX_POINT('',#9831);
#9831 = CARTESIAN_POINT('',(-30.,-72.,-25.5));
#9832 = CIRCLE('',#9833,4.5);
#9833 = AXIS2_PLACEMENT_3D('',#9834,#9835,#9836);
#9834 = CARTESIAN_POINT('',(-30.,-72.,-30.));
#9835 = DIRECTION('',(0.,1.,0.));
#9836 = DIRECTION('',(0.,0.,1.));
#9837 = ORIENTED_EDGE('',*,*,#9838,.F.);
#9838 = EDGE_CURVE('',#9839,#9830,#9841,.T.);
#9839 = VERTEX_POINT('',#9840);
#9840 = CARTESIAN_POINT('',(-30.,-71.2,-25.5));
#9841 = LINE('',#9842,#9843);
#9842 = CARTESIAN_POINT('',(-30.,-71.2,-25.5));
#9843 = VECTOR('',#9844,1.);
#9844 = DIRECTION('',(-0.,-1.,-0.));
#9845 = ORIENTED_EDGE('',*,*,#9846,.T.);
#9846 = EDGE_CURVE('',#9839,#9839,#9847,.T.);
#9847 = CIRCLE('',#9848,4.5);
#9848 = AXIS2_PLACEMENT_3D('',#9849,#9850,#9851);
#9849 = CARTESIAN_POINT('',(-30.,-71.2,-30.));
#9850 = DIRECTION('',(0.,1.,0.));
#9851 = DIRECTION('',(0.,0.,1.));
#9852 = ORIENTED_EDGE('',*,*,#9838,.T.);
#9853 = CYLINDRICAL_SURFACE('',#9854,4.5);
#9854 = AXIS2_PLACEMENT_3D('',#9855,#9856,#9857);
#9855 = CARTESIAN_POINT('',(-30.,-71.2,-30.));
#9856 = DIRECTION('',(-0.,-1.,-0.));
#9857 = DIRECTION('',(0.,0.,1.));
#9858 = ADVANCED_FACE('',(#9859,#9862),#9873,.T.);
#9859 = FACE_BOUND('',#9860,.F.);
#9860 = EDGE_LOOP('',(#9861));
#9861 = ORIENTED_EDGE('',*,*,#9829,.T.);
#9862 = FACE_BOUND('',#9863,.F.);
#9863 = EDGE_LOOP('',(#9864));
#9864 = ORIENTED_EDGE('',*,*,#9865,.F.);
#9865 = EDGE_CURVE('',#9866,#9866,#9868,.T.);
#9866 = VERTEX_POINT('',#9867);
#9867 = CARTESIAN_POINT('',(-30.,-72.,-27.85));
#9868 = CIRCLE('',#9869,2.15);
#9869 = AXIS2_PLACEMENT_3D('',#9870,#9871,#9872);
#9870 = CARTESIAN_POINT('',(-30.,-72.,-30.));
#9871 = DIRECTION('',(0.,1.,0.));
#9872 = DIRECTION('',(0.,0.,1.));
#9873 = PLANE('',#9874);
#9874 = AXIS2_PLACEMENT_3D('',#9875,#9876,#9877);
#9875 = CARTESIAN_POINT('',(-30.,-72.,-30.));
#9876 = DIRECTION('',(-0.,-1.,-0.));
#9877 = DIRECTION('',(0.,0.,-1.));
#9878 = ADVANCED_FACE('',(#9879,#9882),#9893,.F.);
#9879 = FACE_BOUND('',#9880,.T.);
#9880 = EDGE_LOOP('',(#9881));
#9881 = ORIENTED_EDGE('',*,*,#9846,.T.);
#9882 = FACE_BOUND('',#9883,.T.);
#9883 = EDGE_LOOP('',(#9884));
#9884 = ORIENTED_EDGE('',*,*,#9885,.F.);
#9885 = EDGE_CURVE('',#9886,#9886,#9888,.T.);
#9886 = VERTEX_POINT('',#9887);
#9887 = CARTESIAN_POINT('',(-30.,-71.2,-27.85));
#9888 = CIRCLE('',#9889,2.15);
#9889 = AXIS2_PLACEMENT_3D('',#9890,#9891,#9892);
#9890 = CARTESIAN_POINT('',(-30.,-71.2,-30.));
#9891 = DIRECTION('',(0.,1.,0.));
#9892 = DIRECTION('',(0.,0.,1.));
#9893 = PLANE('',#9894);
#9894 = AXIS2_PLACEMENT_3D('',#9895,#9896,#9897);
#9895 = CARTESIAN_POINT('',(-30.,-71.2,-30.));
#9896 = DIRECTION('',(-0.,-1.,-0.));
#9897 = DIRECTION('',(0.,0.,-1.));
#9898 = ADVANCED_FACE('',(#9899),#9910,.F.);
#9899 = FACE_BOUND('',#9900,.T.);
#9900 = EDGE_LOOP('',(#9901,#9902,#9908,#9909));
#9901 = ORIENTED_EDGE('',*,*,#9865,.F.);
#9902 = ORIENTED_EDGE('',*,*,#9903,.F.);
#9903 = EDGE_CURVE('',#9886,#9866,#9904,.T.);
#9904 = LINE('',#9905,#9906);
#9905 = CARTESIAN_POINT('',(-30.,-71.1,-27.85));
#9906 = VECTOR('',#9907,1.);
#9907 = DIRECTION('',(-0.,-1.,-0.));
#9908 = ORIENTED_EDGE('',*,*,#9885,.T.);
#9909 = ORIENTED_EDGE('',*,*,#9903,.T.);
#9910 = CYLINDRICAL_SURFACE('',#9911,2.15);
#9911 = AXIS2_PLACEMENT_3D('',#9912,#9913,#9914);
#9912 = CARTESIAN_POINT('',(-30.,-71.1,-30.));
#9913 = DIRECTION('',(-0.,-1.,-0.));
#9914 = DIRECTION('',(0.,0.,1.));
#9915 = MANIFOLD_SOLID_BREP('',#9916);
#9916 = CLOSED_SHELL('',(#9917,#9957,#9988,#10019,#10063,#10107,#10124,
    #10141,#10153));
#9917 = ADVANCED_FACE('',(#9918),#9952,.T.);
#9918 = FACE_BOUND('',#9919,.T.);
#9919 = EDGE_LOOP('',(#9920,#9930,#9938,#9946));
#9920 = ORIENTED_EDGE('',*,*,#9921,.T.);
#9921 = EDGE_CURVE('',#9922,#9924,#9926,.T.);
#9922 = VERTEX_POINT('',#9923);
#9923 = CARTESIAN_POINT('',(-26.5,68.,-27.97927405783));
#9924 = VERTEX_POINT('',#9925);
#9925 = CARTESIAN_POINT('',(-26.5,71.2,-27.97927405783));
#9926 = LINE('',#9927,#9928);
#9927 = CARTESIAN_POINT('',(-26.5,68.,-27.97927405783));
#9928 = VECTOR('',#9929,1.);
#9929 = DIRECTION('',(0.,1.,0.));
#9930 = ORIENTED_EDGE('',*,*,#9931,.T.);
#9931 = EDGE_CURVE('',#9924,#9932,#9934,.T.);
#9932 = VERTEX_POINT('',#9933);
#9933 = CARTESIAN_POINT('',(-30.,71.2,-25.95854811567));
#9934 = LINE('',#9935,#9936);
#9935 = CARTESIAN_POINT('',(-26.5,71.2,-27.97927405783));
#9936 = VECTOR('',#9937,1.);
#9937 = DIRECTION('',(-0.866025403784,0.,0.5));
#9938 = ORIENTED_EDGE('',*,*,#9939,.F.);
#9939 = EDGE_CURVE('',#9940,#9932,#9942,.T.);
#9940 = VERTEX_POINT('',#9941);
#9941 = CARTESIAN_POINT('',(-30.,68.,-25.95854811567));
#9942 = LINE('',#9943,#9944);
#9943 = CARTESIAN_POINT('',(-30.,68.,-25.95854811567));
#9944 = VECTOR('',#9945,1.);
#9945 = DIRECTION('',(0.,1.,0.));
#9946 = ORIENTED_EDGE('',*,*,#9947,.F.);
#9947 = EDGE_CURVE('',#9922,#9940,#9948,.T.);
#9948 = LINE('',#9949,#9950);
#9949 = CARTESIAN_POINT('',(-26.5,68.,-27.97927405783));
#9950 = VECTOR('',#9951,1.);
#9951 = DIRECTION('',(-0.866025403784,0.,0.5));
#9952 = PLANE('',#9953);
#9953 = AXIS2_PLACEMENT_3D('',#9954,#9955,#9956);
#9954 = CARTESIAN_POINT('',(-26.5,68.,-27.97927405783));
#9955 = DIRECTION('',(0.5,0.,0.866025403784));
#9956 = DIRECTION('',(-0.866025403784,0.,0.5));
#9957 = ADVANCED_FACE('',(#9958),#9983,.T.);
#9958 = FACE_BOUND('',#9959,.T.);
#9959 = EDGE_LOOP('',(#9960,#9970,#9976,#9977));
#9960 = ORIENTED_EDGE('',*,*,#9961,.T.);
#9961 = EDGE_CURVE('',#9962,#9964,#9966,.T.);
#9962 = VERTEX_POINT('',#9963);
#9963 = CARTESIAN_POINT('',(-26.5,68.,-32.02072594216));
#9964 = VERTEX_POINT('',#9965);
#9965 = CARTESIAN_POINT('',(-26.5,71.2,-32.02072594216));
#9966 = LINE('',#9967,#9968);
#9967 = CARTESIAN_POINT('',(-26.5,68.,-32.02072594216));
#9968 = VECTOR('',#9969,1.);
#9969 = DIRECTION('',(0.,1.,0.));
#9970 = ORIENTED_EDGE('',*,*,#9971,.T.);
#9971 = EDGE_CURVE('',#9964,#9924,#9972,.T.);
#9972 = LINE('',#9973,#9974);
#9973 = CARTESIAN_POINT('',(-26.5,71.2,-32.02072594216));
#9974 = VECTOR('',#9975,1.);
#9975 = DIRECTION('',(0.,0.,1.));
#9976 = ORIENTED_EDGE('',*,*,#9921,.F.);
#9977 = ORIENTED_EDGE('',*,*,#9978,.F.);
#9978 = EDGE_CURVE('',#9962,#9922,#9979,.T.);
#9979 = LINE('',#9980,#9981);
#9980 = CARTESIAN_POINT('',(-26.5,68.,-32.02072594216));
#9981 = VECTOR('',#9982,1.);
#9982 = DIRECTION('',(0.,0.,1.));
#9983 = PLANE('',#9984);
#9984 = AXIS2_PLACEMENT_3D('',#9985,#9986,#9987);
#9985 = CARTESIAN_POINT('',(-26.5,68.,-32.02072594216));
#9986 = DIRECTION('',(1.,0.,0.));
#9987 = DIRECTION('',(0.,0.,1.));
#9988 = ADVANCED_FACE('',(#9989),#10014,.T.);
#9989 = FACE_BOUND('',#9990,.T.);
#9990 = EDGE_LOOP('',(#9991,#9992,#10000,#10008));
#9991 = ORIENTED_EDGE('',*,*,#9939,.T.);
#9992 = ORIENTED_EDGE('',*,*,#9993,.T.);
#9993 = EDGE_CURVE('',#9932,#9994,#9996,.T.);
#9994 = VERTEX_POINT('',#9995);
#9995 = CARTESIAN_POINT('',(-33.5,71.2,-27.97927405783));
#9996 = LINE('',#9997,#9998);
#9997 = CARTESIAN_POINT('',(-30.,71.2,-25.95854811567));
#9998 = VECTOR('',#9999,1.);
#9999 = DIRECTION('',(-0.866025403784,0.,-0.5));
#10000 = ORIENTED_EDGE('',*,*,#10001,.F.);
#10001 = EDGE_CURVE('',#10002,#9994,#10004,.T.);
#10002 = VERTEX_POINT('',#10003);
#10003 = CARTESIAN_POINT('',(-33.5,68.,-27.97927405783));
#10004 = LINE('',#10005,#10006);
#10005 = CARTESIAN_POINT('',(-33.5,68.,-27.97927405783));
#10006 = VECTOR('',#10007,1.);
#10007 = DIRECTION('',(0.,1.,0.));
#10008 = ORIENTED_EDGE('',*,*,#10009,.F.);
#10009 = EDGE_CURVE('',#9940,#10002,#10010,.T.);
#10010 = LINE('',#10011,#10012);
#10011 = CARTESIAN_POINT('',(-30.,68.,-25.95854811567));
#10012 = VECTOR('',#10013,1.);
#10013 = DIRECTION('',(-0.866025403784,0.,-0.5));
#10014 = PLANE('',#10015);
#10015 = AXIS2_PLACEMENT_3D('',#10016,#10017,#10018);
#10016 = CARTESIAN_POINT('',(-30.,68.,-25.95854811567));
#10017 = DIRECTION('',(-0.5,0.,0.866025403784));
#10018 = DIRECTION('',(-0.866025403784,0.,-0.5));
#10019 = ADVANCED_FACE('',(#10020,#10047),#10058,.T.);
#10020 = FACE_BOUND('',#10021,.T.);
#10021 = EDGE_LOOP('',(#10022,#10023,#10024,#10032,#10040,#10046));
#10022 = ORIENTED_EDGE('',*,*,#9947,.T.);
#10023 = ORIENTED_EDGE('',*,*,#10009,.T.);
#10024 = ORIENTED_EDGE('',*,*,#10025,.T.);
#10025 = EDGE_CURVE('',#10002,#10026,#10028,.T.);
#10026 = VERTEX_POINT('',#10027);
#10027 = CARTESIAN_POINT('',(-33.5,68.,-32.02072594216));
#10028 = LINE('',#10029,#10030);
#10029 = CARTESIAN_POINT('',(-33.5,68.,-27.97927405783));
#10030 = VECTOR('',#10031,1.);
#10031 = DIRECTION('',(0.,0.,-1.));
#10032 = ORIENTED_EDGE('',*,*,#10033,.T.);
#10033 = EDGE_CURVE('',#10026,#10034,#10036,.T.);
#10034 = VERTEX_POINT('',#10035);
#10035 = CARTESIAN_POINT('',(-30.,68.,-34.04145188432));
#10036 = LINE('',#10037,#10038);
#10037 = CARTESIAN_POINT('',(-33.5,68.,-32.02072594216));
#10038 = VECTOR('',#10039,1.);
#10039 = DIRECTION('',(0.866025403784,0.,-0.5));
#10040 = ORIENTED_EDGE('',*,*,#10041,.T.);
#10041 = EDGE_CURVE('',#10034,#9962,#10042,.T.);
#10042 = LINE('',#10043,#10044);
#10043 = CARTESIAN_POINT('',(-30.,68.,-34.04145188432));
#10044 = VECTOR('',#10045,1.);
#10045 = DIRECTION('',(0.866025403784,0.,0.5));
#10046 = ORIENTED_EDGE('',*,*,#9978,.T.);
#10047 = FACE_BOUND('',#10048,.T.);
#10048 = EDGE_LOOP('',(#10049));
#10049 = ORIENTED_EDGE('',*,*,#10050,.T.);
#10050 = EDGE_CURVE('',#10051,#10051,#10053,.T.);
#10051 = VERTEX_POINT('',#10052);
#10052 = CARTESIAN_POINT('',(-30.,68.,-28.));
#10053 = CIRCLE('',#10054,2.);
#10054 = AXIS2_PLACEMENT_3D('',#10055,#10056,#10057);
#10055 = CARTESIAN_POINT('',(-30.,68.,-30.));
#10056 = DIRECTION('',(0.,1.,0.));
#10057 = DIRECTION('',(0.,0.,1.));
#10058 = PLANE('',#10059);
#10059 = AXIS2_PLACEMENT_3D('',#10060,#10061,#10062);
#10060 = CARTESIAN_POINT('',(-30.,68.,-30.));
#10061 = DIRECTION('',(-0.,-1.,-0.));
#10062 = DIRECTION('',(0.,0.,-1.));
#10063 = ADVANCED_FACE('',(#10064,#10091),#10102,.F.);
#10064 = FACE_BOUND('',#10065,.F.);
#10065 = EDGE_LOOP('',(#10066,#10067,#10068,#10076,#10084,#10090));
#10066 = ORIENTED_EDGE('',*,*,#9931,.T.);
#10067 = ORIENTED_EDGE('',*,*,#9993,.T.);
#10068 = ORIENTED_EDGE('',*,*,#10069,.T.);
#10069 = EDGE_CURVE('',#9994,#10070,#10072,.T.);
#10070 = VERTEX_POINT('',#10071);
#10071 = CARTESIAN_POINT('',(-33.5,71.2,-32.02072594216));
#10072 = LINE('',#10073,#10074);
#10073 = CARTESIAN_POINT('',(-33.5,71.2,-27.97927405783));
#10074 = VECTOR('',#10075,1.);
#10075 = DIRECTION('',(0.,0.,-1.));
#10076 = ORIENTED_EDGE('',*,*,#10077,.T.);
#10077 = EDGE_CURVE('',#10070,#10078,#10080,.T.);
#10078 = VERTEX_POINT('',#10079);
#10079 = CARTESIAN_POINT('',(-30.,71.2,-34.04145188432));
#10080 = LINE('',#10081,#10082);
#10081 = CARTESIAN_POINT('',(-33.5,71.2,-32.02072594216));
#10082 = VECTOR('',#10083,1.);
#10083 = DIRECTION('',(0.866025403784,0.,-0.5));
#10084 = ORIENTED_EDGE('',*,*,#10085,.T.);
#10085 = EDGE_CURVE('',#10078,#9964,#10086,.T.);
#10086 = LINE('',#10087,#10088);
#10087 = CARTESIAN_POINT('',(-30.,71.2,-34.04145188432));
#10088 = VECTOR('',#10089,1.);
#10089 = DIRECTION('',(0.866025403784,0.,0.5));
#10090 = ORIENTED_EDGE('',*,*,#9971,.T.);
#10091 = FACE_BOUND('',#10092,.F.);
#10092 = EDGE_LOOP('',(#10093));
#10093 = ORIENTED_EDGE('',*,*,#10094,.T.);
#10094 = EDGE_CURVE('',#10095,#10095,#10097,.T.);
#10095 = VERTEX_POINT('',#10096);
#10096 = CARTESIAN_POINT('',(-30.,71.2,-28.));
#10097 = CIRCLE('',#10098,2.);
#10098 = AXIS2_PLACEMENT_3D('',#10099,#10100,#10101);
#10099 = CARTESIAN_POINT('',(-30.,71.2,-30.));
#10100 = DIRECTION('',(0.,1.,0.));
#10101 = DIRECTION('',(0.,0.,1.));
#10102 = PLANE('',#10103);
#10103 = AXIS2_PLACEMENT_3D('',#10104,#10105,#10106);
#10104 = CARTESIAN_POINT('',(-30.,71.2,-30.));
#10105 = DIRECTION('',(-0.,-1.,-0.));
#10106 = DIRECTION('',(0.,0.,-1.));
#10107 = ADVANCED_FACE('',(#10108),#10119,.T.);
#10108 = FACE_BOUND('',#10109,.T.);
#10109 = EDGE_LOOP('',(#10110,#10116,#10117,#10118));
#10110 = ORIENTED_EDGE('',*,*,#10111,.T.);
#10111 = EDGE_CURVE('',#10034,#10078,#10112,.T.);
#10112 = LINE('',#10113,#10114);
#10113 = CARTESIAN_POINT('',(-30.,68.,-34.04145188432));
#10114 = VECTOR('',#10115,1.);
#10115 = DIRECTION('',(0.,1.,0.));
#10116 = ORIENTED_EDGE('',*,*,#10085,.T.);
#10117 = ORIENTED_EDGE('',*,*,#9961,.F.);
#10118 = ORIENTED_EDGE('',*,*,#10041,.F.);
#10119 = PLANE('',#10120);
#10120 = AXIS2_PLACEMENT_3D('',#10121,#10122,#10123);
#10121 = CARTESIAN_POINT('',(-30.,68.,-34.04145188432));
#10122 = DIRECTION('',(0.5,0.,-0.866025403784));
#10123 = DIRECTION('',(0.866025403784,0.,0.5));
#10124 = ADVANCED_FACE('',(#10125),#10136,.T.);
#10125 = FACE_BOUND('',#10126,.T.);
#10126 = EDGE_LOOP('',(#10127,#10128,#10129,#10135));
#10127 = ORIENTED_EDGE('',*,*,#10001,.T.);
#10128 = ORIENTED_EDGE('',*,*,#10069,.T.);
#10129 = ORIENTED_EDGE('',*,*,#10130,.F.);
#10130 = EDGE_CURVE('',#10026,#10070,#10131,.T.);
#10131 = LINE('',#10132,#10133);
#10132 = CARTESIAN_POINT('',(-33.5,68.,-32.02072594216));
#10133 = VECTOR('',#10134,1.);
#10134 = DIRECTION('',(0.,1.,0.));
#10135 = ORIENTED_EDGE('',*,*,#10025,.F.);
#10136 = PLANE('',#10137);
#10137 = AXIS2_PLACEMENT_3D('',#10138,#10139,#10140);
#10138 = CARTESIAN_POINT('',(-33.5,68.,-27.97927405783));
#10139 = DIRECTION('',(-1.,0.,0.));
#10140 = DIRECTION('',(0.,0.,-1.));
#10141 = ADVANCED_FACE('',(#10142),#10148,.T.);
#10142 = FACE_BOUND('',#10143,.T.);
#10143 = EDGE_LOOP('',(#10144,#10145,#10146,#10147));
#10144 = ORIENTED_EDGE('',*,*,#10130,.T.);
#10145 = ORIENTED_EDGE('',*,*,#10077,.T.);
#10146 = ORIENTED_EDGE('',*,*,#10111,.F.);
#10147 = ORIENTED_EDGE('',*,*,#10033,.F.);
#10148 = PLANE('',#10149);
#10149 = AXIS2_PLACEMENT_3D('',#10150,#10151,#10152);
#10150 = CARTESIAN_POINT('',(-33.5,68.,-32.02072594216));
#10151 = DIRECTION('',(-0.5,0.,-0.866025403784));
#10152 = DIRECTION('',(0.866025403784,0.,-0.5));
#10153 = ADVANCED_FACE('',(#10154),#10165,.F.);
#10154 = FACE_BOUND('',#10155,.F.);
#10155 = EDGE_LOOP('',(#10156,#10157,#10163,#10164));
#10156 = ORIENTED_EDGE('',*,*,#10094,.F.);
#10157 = ORIENTED_EDGE('',*,*,#10158,.F.);
#10158 = EDGE_CURVE('',#10051,#10095,#10159,.T.);
#10159 = LINE('',#10160,#10161);
#10160 = CARTESIAN_POINT('',(-30.,67.9,-28.));
#10161 = VECTOR('',#10162,1.);
#10162 = DIRECTION('',(0.,1.,0.));
#10163 = ORIENTED_EDGE('',*,*,#10050,.T.);
#10164 = ORIENTED_EDGE('',*,*,#10158,.T.);
#10165 = CYLINDRICAL_SURFACE('',#10166,2.);
#10166 = AXIS2_PLACEMENT_3D('',#10167,#10168,#10169);
#10167 = CARTESIAN_POINT('',(-30.,67.9,-30.));
#10168 = DIRECTION('',(0.,1.,0.));
#10169 = DIRECTION('',(0.,0.,1.));
#10170 = MANIFOLD_SOLID_BREP('',#10171);
#10171 = CLOSED_SHELL('',(#10172,#10212,#10243,#10274,#10318,#10362,
    #10379,#10396,#10408));
#10172 = ADVANCED_FACE('',(#10173),#10207,.T.);
#10173 = FACE_BOUND('',#10174,.F.);
#10174 = EDGE_LOOP('',(#10175,#10185,#10193,#10201));
#10175 = ORIENTED_EDGE('',*,*,#10176,.T.);
#10176 = EDGE_CURVE('',#10177,#10179,#10181,.T.);
#10177 = VERTEX_POINT('',#10178);
#10178 = CARTESIAN_POINT('',(-26.5,-68.,-27.97927405783));
#10179 = VERTEX_POINT('',#10180);
#10180 = CARTESIAN_POINT('',(-26.5,-71.2,-27.97927405783));
#10181 = LINE('',#10182,#10183);
#10182 = CARTESIAN_POINT('',(-26.5,-68.,-27.97927405783));
#10183 = VECTOR('',#10184,1.);
#10184 = DIRECTION('',(-0.,-1.,-0.));
#10185 = ORIENTED_EDGE('',*,*,#10186,.T.);
#10186 = EDGE_CURVE('',#10179,#10187,#10189,.T.);
#10187 = VERTEX_POINT('',#10188);
#10188 = CARTESIAN_POINT('',(-30.,-71.2,-25.95854811567));
#10189 = LINE('',#10190,#10191);
#10190 = CARTESIAN_POINT('',(-26.5,-71.2,-27.97927405783));
#10191 = VECTOR('',#10192,1.);
#10192 = DIRECTION('',(-0.866025403784,0.,0.5));
#10193 = ORIENTED_EDGE('',*,*,#10194,.F.);
#10194 = EDGE_CURVE('',#10195,#10187,#10197,.T.);
#10195 = VERTEX_POINT('',#10196);
#10196 = CARTESIAN_POINT('',(-30.,-68.,-25.95854811567));
#10197 = LINE('',#10198,#10199);
#10198 = CARTESIAN_POINT('',(-30.,-68.,-25.95854811567));
#10199 = VECTOR('',#10200,1.);
#10200 = DIRECTION('',(-0.,-1.,-0.));
#10201 = ORIENTED_EDGE('',*,*,#10202,.F.);
#10202 = EDGE_CURVE('',#10177,#10195,#10203,.T.);
#10203 = LINE('',#10204,#10205);
#10204 = CARTESIAN_POINT('',(-26.5,-68.,-27.97927405783));
#10205 = VECTOR('',#10206,1.);
#10206 = DIRECTION('',(-0.866025403784,0.,0.5));
#10207 = PLANE('',#10208);
#10208 = AXIS2_PLACEMENT_3D('',#10209,#10210,#10211);
#10209 = CARTESIAN_POINT('',(-26.5,-68.,-27.97927405783));
#10210 = DIRECTION('',(0.5,0.,0.866025403784));
#10211 = DIRECTION('',(0.866025403784,0.,-0.5));
#10212 = ADVANCED_FACE('',(#10213),#10238,.T.);
#10213 = FACE_BOUND('',#10214,.F.);
#10214 = EDGE_LOOP('',(#10215,#10225,#10231,#10232));
#10215 = ORIENTED_EDGE('',*,*,#10216,.T.);
#10216 = EDGE_CURVE('',#10217,#10219,#10221,.T.);
#10217 = VERTEX_POINT('',#10218);
#10218 = CARTESIAN_POINT('',(-26.5,-68.,-32.02072594216));
#10219 = VERTEX_POINT('',#10220);
#10220 = CARTESIAN_POINT('',(-26.5,-71.2,-32.02072594216));
#10221 = LINE('',#10222,#10223);
#10222 = CARTESIAN_POINT('',(-26.5,-68.,-32.02072594216));
#10223 = VECTOR('',#10224,1.);
#10224 = DIRECTION('',(-0.,-1.,-0.));
#10225 = ORIENTED_EDGE('',*,*,#10226,.T.);
#10226 = EDGE_CURVE('',#10219,#10179,#10227,.T.);
#10227 = LINE('',#10228,#10229);
#10228 = CARTESIAN_POINT('',(-26.5,-71.2,-32.02072594216));
#10229 = VECTOR('',#10230,1.);
#10230 = DIRECTION('',(0.,0.,1.));
#10231 = ORIENTED_EDGE('',*,*,#10176,.F.);
#10232 = ORIENTED_EDGE('',*,*,#10233,.F.);
#10233 = EDGE_CURVE('',#10217,#10177,#10234,.T.);
#10234 = LINE('',#10235,#10236);
#10235 = CARTESIAN_POINT('',(-26.5,-68.,-32.02072594216));
#10236 = VECTOR('',#10237,1.);
#10237 = DIRECTION('',(0.,0.,1.));
#10238 = PLANE('',#10239);
#10239 = AXIS2_PLACEMENT_3D('',#10240,#10241,#10242);
#10240 = CARTESIAN_POINT('',(-26.5,-68.,-32.02072594216));
#10241 = DIRECTION('',(1.,0.,0.));
#10242 = DIRECTION('',(0.,0.,-1.));
#10243 = ADVANCED_FACE('',(#10244),#10269,.T.);
#10244 = FACE_BOUND('',#10245,.F.);
#10245 = EDGE_LOOP('',(#10246,#10247,#10255,#10263));
#10246 = ORIENTED_EDGE('',*,*,#10194,.T.);
#10247 = ORIENTED_EDGE('',*,*,#10248,.T.);
#10248 = EDGE_CURVE('',#10187,#10249,#10251,.T.);
#10249 = VERTEX_POINT('',#10250);
#10250 = CARTESIAN_POINT('',(-33.5,-71.2,-27.97927405783));
#10251 = LINE('',#10252,#10253);
#10252 = CARTESIAN_POINT('',(-30.,-71.2,-25.95854811567));
#10253 = VECTOR('',#10254,1.);
#10254 = DIRECTION('',(-0.866025403784,-0.,-0.5));
#10255 = ORIENTED_EDGE('',*,*,#10256,.F.);
#10256 = EDGE_CURVE('',#10257,#10249,#10259,.T.);
#10257 = VERTEX_POINT('',#10258);
#10258 = CARTESIAN_POINT('',(-33.5,-68.,-27.97927405783));
#10259 = LINE('',#10260,#10261);
#10260 = CARTESIAN_POINT('',(-33.5,-68.,-27.97927405783));
#10261 = VECTOR('',#10262,1.);
#10262 = DIRECTION('',(-0.,-1.,-0.));
#10263 = ORIENTED_EDGE('',*,*,#10264,.F.);
#10264 = EDGE_CURVE('',#10195,#10257,#10265,.T.);
#10265 = LINE('',#10266,#10267);
#10266 = CARTESIAN_POINT('',(-30.,-68.,-25.95854811567));
#10267 = VECTOR('',#10268,1.);
#10268 = DIRECTION('',(-0.866025403784,-0.,-0.5));
#10269 = PLANE('',#10270);
#10270 = AXIS2_PLACEMENT_3D('',#10271,#10272,#10273);
#10271 = CARTESIAN_POINT('',(-30.,-68.,-25.95854811567));
#10272 = DIRECTION('',(-0.5,0.,0.866025403784));
#10273 = DIRECTION('',(0.866025403784,0.,0.5));
#10274 = ADVANCED_FACE('',(#10275,#10302),#10313,.T.);
#10275 = FACE_BOUND('',#10276,.F.);
#10276 = EDGE_LOOP('',(#10277,#10278,#10279,#10287,#10295,#10301));
#10277 = ORIENTED_EDGE('',*,*,#10202,.T.);
#10278 = ORIENTED_EDGE('',*,*,#10264,.T.);
#10279 = ORIENTED_EDGE('',*,*,#10280,.T.);
#10280 = EDGE_CURVE('',#10257,#10281,#10283,.T.);
#10281 = VERTEX_POINT('',#10282);
#10282 = CARTESIAN_POINT('',(-33.5,-68.,-32.02072594216));
#10283 = LINE('',#10284,#10285);
#10284 = CARTESIAN_POINT('',(-33.5,-68.,-27.97927405783));
#10285 = VECTOR('',#10286,1.);
#10286 = DIRECTION('',(-0.,-0.,-1.));
#10287 = ORIENTED_EDGE('',*,*,#10288,.T.);
#10288 = EDGE_CURVE('',#10281,#10289,#10291,.T.);
#10289 = VERTEX_POINT('',#10290);
#10290 = CARTESIAN_POINT('',(-30.,-68.,-34.04145188432));
#10291 = LINE('',#10292,#10293);
#10292 = CARTESIAN_POINT('',(-33.5,-68.,-32.02072594216));
#10293 = VECTOR('',#10294,1.);
#10294 = DIRECTION('',(0.866025403784,0.,-0.5));
#10295 = ORIENTED_EDGE('',*,*,#10296,.T.);
#10296 = EDGE_CURVE('',#10289,#10217,#10297,.T.);
#10297 = LINE('',#10298,#10299);
#10298 = CARTESIAN_POINT('',(-30.,-68.,-34.04145188432));
#10299 = VECTOR('',#10300,1.);
#10300 = DIRECTION('',(0.866025403784,0.,0.5));
#10301 = ORIENTED_EDGE('',*,*,#10233,.T.);
#10302 = FACE_BOUND('',#10303,.F.);
#10303 = EDGE_LOOP('',(#10304));
#10304 = ORIENTED_EDGE('',*,*,#10305,.T.);
#10305 = EDGE_CURVE('',#10306,#10306,#10308,.T.);
#10306 = VERTEX_POINT('',#10307);
#10307 = CARTESIAN_POINT('',(-30.,-68.,-28.));
#10308 = CIRCLE('',#10309,2.);
#10309 = AXIS2_PLACEMENT_3D('',#10310,#10311,#10312);
#10310 = CARTESIAN_POINT('',(-30.,-68.,-30.));
#10311 = DIRECTION('',(0.,1.,0.));
#10312 = DIRECTION('',(0.,0.,1.));
#10313 = PLANE('',#10314);
#10314 = AXIS2_PLACEMENT_3D('',#10315,#10316,#10317);
#10315 = CARTESIAN_POINT('',(-30.,-68.,-30.));
#10316 = DIRECTION('',(0.,1.,0.));
#10317 = DIRECTION('',(0.,0.,1.));
#10318 = ADVANCED_FACE('',(#10319,#10346),#10357,.F.);
#10319 = FACE_BOUND('',#10320,.T.);
#10320 = EDGE_LOOP('',(#10321,#10322,#10323,#10331,#10339,#10345));
#10321 = ORIENTED_EDGE('',*,*,#10186,.T.);
#10322 = ORIENTED_EDGE('',*,*,#10248,.T.);
#10323 = ORIENTED_EDGE('',*,*,#10324,.T.);
#10324 = EDGE_CURVE('',#10249,#10325,#10327,.T.);
#10325 = VERTEX_POINT('',#10326);
#10326 = CARTESIAN_POINT('',(-33.5,-71.2,-32.02072594216));
#10327 = LINE('',#10328,#10329);
#10328 = CARTESIAN_POINT('',(-33.5,-71.2,-27.97927405783));
#10329 = VECTOR('',#10330,1.);
#10330 = DIRECTION('',(-0.,-0.,-1.));
#10331 = ORIENTED_EDGE('',*,*,#10332,.T.);
#10332 = EDGE_CURVE('',#10325,#10333,#10335,.T.);
#10333 = VERTEX_POINT('',#10334);
#10334 = CARTESIAN_POINT('',(-30.,-71.2,-34.04145188432));
#10335 = LINE('',#10336,#10337);
#10336 = CARTESIAN_POINT('',(-33.5,-71.2,-32.02072594216));
#10337 = VECTOR('',#10338,1.);
#10338 = DIRECTION('',(0.866025403784,0.,-0.5));
#10339 = ORIENTED_EDGE('',*,*,#10340,.T.);
#10340 = EDGE_CURVE('',#10333,#10219,#10341,.T.);
#10341 = LINE('',#10342,#10343);
#10342 = CARTESIAN_POINT('',(-30.,-71.2,-34.04145188432));
#10343 = VECTOR('',#10344,1.);
#10344 = DIRECTION('',(0.866025403784,0.,0.5));
#10345 = ORIENTED_EDGE('',*,*,#10226,.T.);
#10346 = FACE_BOUND('',#10347,.T.);
#10347 = EDGE_LOOP('',(#10348));
#10348 = ORIENTED_EDGE('',*,*,#10349,.T.);
#10349 = EDGE_CURVE('',#10350,#10350,#10352,.T.);
#10350 = VERTEX_POINT('',#10351);
#10351 = CARTESIAN_POINT('',(-30.,-71.2,-28.));
#10352 = CIRCLE('',#10353,2.);
#10353 = AXIS2_PLACEMENT_3D('',#10354,#10355,#10356);
#10354 = CARTESIAN_POINT('',(-30.,-71.2,-30.));
#10355 = DIRECTION('',(0.,1.,0.));
#10356 = DIRECTION('',(0.,0.,1.));
#10357 = PLANE('',#10358);
#10358 = AXIS2_PLACEMENT_3D('',#10359,#10360,#10361);
#10359 = CARTESIAN_POINT('',(-30.,-71.2,-30.));
#10360 = DIRECTION('',(0.,1.,0.));
#10361 = DIRECTION('',(0.,0.,1.));
#10362 = ADVANCED_FACE('',(#10363),#10374,.T.);
#10363 = FACE_BOUND('',#10364,.F.);
#10364 = EDGE_LOOP('',(#10365,#10371,#10372,#10373));
#10365 = ORIENTED_EDGE('',*,*,#10366,.T.);
#10366 = EDGE_CURVE('',#10289,#10333,#10367,.T.);
#10367 = LINE('',#10368,#10369);
#10368 = CARTESIAN_POINT('',(-30.,-68.,-34.04145188432));
#10369 = VECTOR('',#10370,1.);
#10370 = DIRECTION('',(-0.,-1.,-0.));
#10371 = ORIENTED_EDGE('',*,*,#10340,.T.);
#10372 = ORIENTED_EDGE('',*,*,#10216,.F.);
#10373 = ORIENTED_EDGE('',*,*,#10296,.F.);
#10374 = PLANE('',#10375);
#10375 = AXIS2_PLACEMENT_3D('',#10376,#10377,#10378);
#10376 = CARTESIAN_POINT('',(-30.,-68.,-34.04145188432));
#10377 = DIRECTION('',(0.5,0.,-0.866025403784));
#10378 = DIRECTION('',(-0.866025403784,0.,-0.5));
#10379 = ADVANCED_FACE('',(#10380),#10391,.T.);
#10380 = FACE_BOUND('',#10381,.F.);
#10381 = EDGE_LOOP('',(#10382,#10383,#10384,#10390));
#10382 = ORIENTED_EDGE('',*,*,#10256,.T.);
#10383 = ORIENTED_EDGE('',*,*,#10324,.T.);
#10384 = ORIENTED_EDGE('',*,*,#10385,.F.);
#10385 = EDGE_CURVE('',#10281,#10325,#10386,.T.);
#10386 = LINE('',#10387,#10388);
#10387 = CARTESIAN_POINT('',(-33.5,-68.,-32.02072594216));
#10388 = VECTOR('',#10389,1.);
#10389 = DIRECTION('',(-0.,-1.,-0.));
#10390 = ORIENTED_EDGE('',*,*,#10280,.F.);
#10391 = PLANE('',#10392);
#10392 = AXIS2_PLACEMENT_3D('',#10393,#10394,#10395);
#10393 = CARTESIAN_POINT('',(-33.5,-68.,-27.97927405783));
#10394 = DIRECTION('',(-1.,-0.,-0.));
#10395 = DIRECTION('',(0.,0.,1.));
#10396 = ADVANCED_FACE('',(#10397),#10403,.T.);
#10397 = FACE_BOUND('',#10398,.F.);
#10398 = EDGE_LOOP('',(#10399,#10400,#10401,#10402));
#10399 = ORIENTED_EDGE('',*,*,#10385,.T.);
#10400 = ORIENTED_EDGE('',*,*,#10332,.T.);
#10401 = ORIENTED_EDGE('',*,*,#10366,.F.);
#10402 = ORIENTED_EDGE('',*,*,#10288,.F.);
#10403 = PLANE('',#10404);
#10404 = AXIS2_PLACEMENT_3D('',#10405,#10406,#10407);
#10405 = CARTESIAN_POINT('',(-33.5,-68.,-32.02072594216));
#10406 = DIRECTION('',(-0.5,-0.,-0.866025403784));
#10407 = DIRECTION('',(-0.866025403784,0.,0.5));
#10408 = ADVANCED_FACE('',(#10409),#10420,.F.);
#10409 = FACE_BOUND('',#10410,.T.);
#10410 = EDGE_LOOP('',(#10411,#10412,#10418,#10419));
#10411 = ORIENTED_EDGE('',*,*,#10349,.F.);
#10412 = ORIENTED_EDGE('',*,*,#10413,.F.);
#10413 = EDGE_CURVE('',#10306,#10350,#10414,.T.);
#10414 = LINE('',#10415,#10416);
#10415 = CARTESIAN_POINT('',(-30.,-67.9,-28.));
#10416 = VECTOR('',#10417,1.);
#10417 = DIRECTION('',(-0.,-1.,-0.));
#10418 = ORIENTED_EDGE('',*,*,#10305,.T.);
#10419 = ORIENTED_EDGE('',*,*,#10413,.T.);
#10420 = CYLINDRICAL_SURFACE('',#10421,2.);
#10421 = AXIS2_PLACEMENT_3D('',#10422,#10423,#10424);
#10422 = CARTESIAN_POINT('',(-30.,-67.9,-30.));
#10423 = DIRECTION('',(-0.,-1.,-0.));
#10424 = DIRECTION('',(0.,0.,1.));
#10425 = MANIFOLD_SOLID_BREP('',#10426);
#10426 = CLOSED_SHELL('',(#10427,#10460,#10480,#10500));
#10427 = ADVANCED_FACE('',(#10428),#10455,.T.);
#10428 = FACE_BOUND('',#10429,.T.);
#10429 = EDGE_LOOP('',(#10430,#10439,#10447,#10454));
#10430 = ORIENTED_EDGE('',*,*,#10431,.F.);
#10431 = EDGE_CURVE('',#10432,#10432,#10434,.T.);
#10432 = VERTEX_POINT('',#10433);
#10433 = CARTESIAN_POINT('',(-30.,72.,34.5));
#10434 = CIRCLE('',#10435,4.5);
#10435 = AXIS2_PLACEMENT_3D('',#10436,#10437,#10438);
#10436 = CARTESIAN_POINT('',(-30.,72.,30.));
#10437 = DIRECTION('',(0.,1.,0.));
#10438 = DIRECTION('',(0.,0.,1.));
#10439 = ORIENTED_EDGE('',*,*,#10440,.F.);
#10440 = EDGE_CURVE('',#10441,#10432,#10443,.T.);
#10441 = VERTEX_POINT('',#10442);
#10442 = CARTESIAN_POINT('',(-30.,71.2,34.5));
#10443 = LINE('',#10444,#10445);
#10444 = CARTESIAN_POINT('',(-30.,71.2,34.5));
#10445 = VECTOR('',#10446,1.);
#10446 = DIRECTION('',(0.,1.,0.));
#10447 = ORIENTED_EDGE('',*,*,#10448,.T.);
#10448 = EDGE_CURVE('',#10441,#10441,#10449,.T.);
#10449 = CIRCLE('',#10450,4.5);
#10450 = AXIS2_PLACEMENT_3D('',#10451,#10452,#10453);
#10451 = CARTESIAN_POINT('',(-30.,71.2,30.));
#10452 = DIRECTION('',(0.,1.,0.));
#10453 = DIRECTION('',(0.,0.,1.));
#10454 = ORIENTED_EDGE('',*,*,#10440,.T.);
#10455 = CYLINDRICAL_SURFACE('',#10456,4.5);
#10456 = AXIS2_PLACEMENT_3D('',#10457,#10458,#10459);
#10457 = CARTESIAN_POINT('',(-30.,71.2,30.));
#10458 = DIRECTION('',(0.,1.,0.));
#10459 = DIRECTION('',(0.,0.,1.));
#10460 = ADVANCED_FACE('',(#10461,#10464),#10475,.T.);
#10461 = FACE_BOUND('',#10462,.T.);
#10462 = EDGE_LOOP('',(#10463));
#10463 = ORIENTED_EDGE('',*,*,#10431,.T.);
#10464 = FACE_BOUND('',#10465,.T.);
#10465 = EDGE_LOOP('',(#10466));
#10466 = ORIENTED_EDGE('',*,*,#10467,.F.);
#10467 = EDGE_CURVE('',#10468,#10468,#10470,.T.);
#10468 = VERTEX_POINT('',#10469);
#10469 = CARTESIAN_POINT('',(-30.,72.,32.15));
#10470 = CIRCLE('',#10471,2.15);
#10471 = AXIS2_PLACEMENT_3D('',#10472,#10473,#10474);
#10472 = CARTESIAN_POINT('',(-30.,72.,30.));
#10473 = DIRECTION('',(0.,1.,0.));
#10474 = DIRECTION('',(0.,0.,1.));
#10475 = PLANE('',#10476);
#10476 = AXIS2_PLACEMENT_3D('',#10477,#10478,#10479);
#10477 = CARTESIAN_POINT('',(-30.,72.,30.));
#10478 = DIRECTION('',(0.,1.,0.));
#10479 = DIRECTION('',(0.,0.,1.));
#10480 = ADVANCED_FACE('',(#10481,#10484),#10495,.F.);
#10481 = FACE_BOUND('',#10482,.F.);
#10482 = EDGE_LOOP('',(#10483));
#10483 = ORIENTED_EDGE('',*,*,#10448,.T.);
#10484 = FACE_BOUND('',#10485,.F.);
#10485 = EDGE_LOOP('',(#10486));
#10486 = ORIENTED_EDGE('',*,*,#10487,.F.);
#10487 = EDGE_CURVE('',#10488,#10488,#10490,.T.);
#10488 = VERTEX_POINT('',#10489);
#10489 = CARTESIAN_POINT('',(-30.,71.2,32.15));
#10490 = CIRCLE('',#10491,2.15);
#10491 = AXIS2_PLACEMENT_3D('',#10492,#10493,#10494);
#10492 = CARTESIAN_POINT('',(-30.,71.2,30.));
#10493 = DIRECTION('',(0.,1.,0.));
#10494 = DIRECTION('',(0.,0.,1.));
#10495 = PLANE('',#10496);
#10496 = AXIS2_PLACEMENT_3D('',#10497,#10498,#10499);
#10497 = CARTESIAN_POINT('',(-30.,71.2,30.));
#10498 = DIRECTION('',(0.,1.,0.));
#10499 = DIRECTION('',(0.,0.,1.));
#10500 = ADVANCED_FACE('',(#10501),#10512,.F.);
#10501 = FACE_BOUND('',#10502,.F.);
#10502 = EDGE_LOOP('',(#10503,#10504,#10510,#10511));
#10503 = ORIENTED_EDGE('',*,*,#10467,.F.);
#10504 = ORIENTED_EDGE('',*,*,#10505,.F.);
#10505 = EDGE_CURVE('',#10488,#10468,#10506,.T.);
#10506 = LINE('',#10507,#10508);
#10507 = CARTESIAN_POINT('',(-30.,71.1,32.15));
#10508 = VECTOR('',#10509,1.);
#10509 = DIRECTION('',(0.,1.,0.));
#10510 = ORIENTED_EDGE('',*,*,#10487,.T.);
#10511 = ORIENTED_EDGE('',*,*,#10505,.T.);
#10512 = CYLINDRICAL_SURFACE('',#10513,2.15);
#10513 = AXIS2_PLACEMENT_3D('',#10514,#10515,#10516);
#10514 = CARTESIAN_POINT('',(-30.,71.1,30.));
#10515 = DIRECTION('',(0.,1.,0.));
#10516 = DIRECTION('',(0.,0.,1.));
#10517 = MANIFOLD_SOLID_BREP('',#10518);
#10518 = CLOSED_SHELL('',(#10519,#10552,#10572,#10592));
#10519 = ADVANCED_FACE('',(#10520),#10547,.T.);
#10520 = FACE_BOUND('',#10521,.F.);
#10521 = EDGE_LOOP('',(#10522,#10531,#10539,#10546));
#10522 = ORIENTED_EDGE('',*,*,#10523,.F.);
#10523 = EDGE_CURVE('',#10524,#10524,#10526,.T.);
#10524 = VERTEX_POINT('',#10525);
#10525 = CARTESIAN_POINT('',(-30.,-72.,34.5));
#10526 = CIRCLE('',#10527,4.5);
#10527 = AXIS2_PLACEMENT_3D('',#10528,#10529,#10530);
#10528 = CARTESIAN_POINT('',(-30.,-72.,30.));
#10529 = DIRECTION('',(0.,1.,0.));
#10530 = DIRECTION('',(0.,0.,1.));
#10531 = ORIENTED_EDGE('',*,*,#10532,.F.);
#10532 = EDGE_CURVE('',#10533,#10524,#10535,.T.);
#10533 = VERTEX_POINT('',#10534);
#10534 = CARTESIAN_POINT('',(-30.,-71.2,34.5));
#10535 = LINE('',#10536,#10537);
#10536 = CARTESIAN_POINT('',(-30.,-71.2,34.5));
#10537 = VECTOR('',#10538,1.);
#10538 = DIRECTION('',(-0.,-1.,-0.));
#10539 = ORIENTED_EDGE('',*,*,#10540,.T.);
#10540 = EDGE_CURVE('',#10533,#10533,#10541,.T.);
#10541 = CIRCLE('',#10542,4.5);
#10542 = AXIS2_PLACEMENT_3D('',#10543,#10544,#10545);
#10543 = CARTESIAN_POINT('',(-30.,-71.2,30.));
#10544 = DIRECTION('',(0.,1.,0.));
#10545 = DIRECTION('',(0.,0.,1.));
#10546 = ORIENTED_EDGE('',*,*,#10532,.T.);
#10547 = CYLINDRICAL_SURFACE('',#10548,4.5);
#10548 = AXIS2_PLACEMENT_3D('',#10549,#10550,#10551);
#10549 = CARTESIAN_POINT('',(-30.,-71.2,30.));
#10550 = DIRECTION('',(-0.,-1.,-0.));
#10551 = DIRECTION('',(0.,0.,1.));
#10552 = ADVANCED_FACE('',(#10553,#10556),#10567,.T.);
#10553 = FACE_BOUND('',#10554,.F.);
#10554 = EDGE_LOOP('',(#10555));
#10555 = ORIENTED_EDGE('',*,*,#10523,.T.);
#10556 = FACE_BOUND('',#10557,.F.);
#10557 = EDGE_LOOP('',(#10558));
#10558 = ORIENTED_EDGE('',*,*,#10559,.F.);
#10559 = EDGE_CURVE('',#10560,#10560,#10562,.T.);
#10560 = VERTEX_POINT('',#10561);
#10561 = CARTESIAN_POINT('',(-30.,-72.,32.15));
#10562 = CIRCLE('',#10563,2.15);
#10563 = AXIS2_PLACEMENT_3D('',#10564,#10565,#10566);
#10564 = CARTESIAN_POINT('',(-30.,-72.,30.));
#10565 = DIRECTION('',(0.,1.,0.));
#10566 = DIRECTION('',(0.,0.,1.));
#10567 = PLANE('',#10568);
#10568 = AXIS2_PLACEMENT_3D('',#10569,#10570,#10571);
#10569 = CARTESIAN_POINT('',(-30.,-72.,30.));
#10570 = DIRECTION('',(-0.,-1.,-0.));
#10571 = DIRECTION('',(0.,0.,-1.));
#10572 = ADVANCED_FACE('',(#10573,#10576),#10587,.F.);
#10573 = FACE_BOUND('',#10574,.T.);
#10574 = EDGE_LOOP('',(#10575));
#10575 = ORIENTED_EDGE('',*,*,#10540,.T.);
#10576 = FACE_BOUND('',#10577,.T.);
#10577 = EDGE_LOOP('',(#10578));
#10578 = ORIENTED_EDGE('',*,*,#10579,.F.);
#10579 = EDGE_CURVE('',#10580,#10580,#10582,.T.);
#10580 = VERTEX_POINT('',#10581);
#10581 = CARTESIAN_POINT('',(-30.,-71.2,32.15));
#10582 = CIRCLE('',#10583,2.15);
#10583 = AXIS2_PLACEMENT_3D('',#10584,#10585,#10586);
#10584 = CARTESIAN_POINT('',(-30.,-71.2,30.));
#10585 = DIRECTION('',(0.,1.,0.));
#10586 = DIRECTION('',(0.,0.,1.));
#10587 = PLANE('',#10588);
#10588 = AXIS2_PLACEMENT_3D('',#10589,#10590,#10591);
#10589 = CARTESIAN_POINT('',(-30.,-71.2,30.));
#10590 = DIRECTION('',(-0.,-1.,-0.));
#10591 = DIRECTION('',(0.,0.,-1.));
#10592 = ADVANCED_FACE('',(#10593),#10604,.F.);
#10593 = FACE_BOUND('',#10594,.T.);
#10594 = EDGE_LOOP('',(#10595,#10596,#10602,#10603));
#10595 = ORIENTED_EDGE('',*,*,#10559,.F.);
#10596 = ORIENTED_EDGE('',*,*,#10597,.F.);
#10597 = EDGE_CURVE('',#10580,#10560,#10598,.T.);
#10598 = LINE('',#10599,#10600);
#10599 = CARTESIAN_POINT('',(-30.,-71.1,32.15));
#10600 = VECTOR('',#10601,1.);
#10601 = DIRECTION('',(-0.,-1.,-0.));
#10602 = ORIENTED_EDGE('',*,*,#10579,.T.);
#10603 = ORIENTED_EDGE('',*,*,#10597,.T.);
#10604 = CYLINDRICAL_SURFACE('',#10605,2.15);
#10605 = AXIS2_PLACEMENT_3D('',#10606,#10607,#10608);
#10606 = CARTESIAN_POINT('',(-30.,-71.1,30.));
#10607 = DIRECTION('',(-0.,-1.,-0.));
#10608 = DIRECTION('',(0.,0.,1.));
#10609 = MANIFOLD_SOLID_BREP('',#10610);
#10610 = CLOSED_SHELL('',(#10611,#10651,#10682,#10713,#10757,#10801,
    #10818,#10835,#10847));
#10611 = ADVANCED_FACE('',(#10612),#10646,.T.);
#10612 = FACE_BOUND('',#10613,.T.);
#10613 = EDGE_LOOP('',(#10614,#10624,#10632,#10640));
#10614 = ORIENTED_EDGE('',*,*,#10615,.T.);
#10615 = EDGE_CURVE('',#10616,#10618,#10620,.T.);
#10616 = VERTEX_POINT('',#10617);
#10617 = CARTESIAN_POINT('',(-26.5,68.,32.020725942164));
#10618 = VERTEX_POINT('',#10619);
#10619 = CARTESIAN_POINT('',(-26.5,71.2,32.020725942164));
#10620 = LINE('',#10621,#10622);
#10621 = CARTESIAN_POINT('',(-26.5,68.,32.020725942164));
#10622 = VECTOR('',#10623,1.);
#10623 = DIRECTION('',(0.,1.,0.));
#10624 = ORIENTED_EDGE('',*,*,#10625,.T.);
#10625 = EDGE_CURVE('',#10618,#10626,#10628,.T.);
#10626 = VERTEX_POINT('',#10627);
#10627 = CARTESIAN_POINT('',(-30.,71.2,34.041451884327));
#10628 = LINE('',#10629,#10630);
#10629 = CARTESIAN_POINT('',(-26.5,71.2,32.020725942164));
#10630 = VECTOR('',#10631,1.);
#10631 = DIRECTION('',(-0.866025403784,0.,0.5));
#10632 = ORIENTED_EDGE('',*,*,#10633,.F.);
#10633 = EDGE_CURVE('',#10634,#10626,#10636,.T.);
#10634 = VERTEX_POINT('',#10635);
#10635 = CARTESIAN_POINT('',(-30.,68.,34.041451884327));
#10636 = LINE('',#10637,#10638);
#10637 = CARTESIAN_POINT('',(-30.,68.,34.041451884327));
#10638 = VECTOR('',#10639,1.);
#10639 = DIRECTION('',(0.,1.,0.));
#10640 = ORIENTED_EDGE('',*,*,#10641,.F.);
#10641 = EDGE_CURVE('',#10616,#10634,#10642,.T.);
#10642 = LINE('',#10643,#10644);
#10643 = CARTESIAN_POINT('',(-26.5,68.,32.020725942164));
#10644 = VECTOR('',#10645,1.);
#10645 = DIRECTION('',(-0.866025403784,0.,0.5));
#10646 = PLANE('',#10647);
#10647 = AXIS2_PLACEMENT_3D('',#10648,#10649,#10650);
#10648 = CARTESIAN_POINT('',(-26.5,68.,32.020725942164));
#10649 = DIRECTION('',(0.5,0.,0.866025403784));
#10650 = DIRECTION('',(-0.866025403784,0.,0.5));
#10651 = ADVANCED_FACE('',(#10652),#10677,.T.);
#10652 = FACE_BOUND('',#10653,.T.);
#10653 = EDGE_LOOP('',(#10654,#10664,#10670,#10671));
#10654 = ORIENTED_EDGE('',*,*,#10655,.T.);
#10655 = EDGE_CURVE('',#10656,#10658,#10660,.T.);
#10656 = VERTEX_POINT('',#10657);
#10657 = CARTESIAN_POINT('',(-26.5,68.,27.979274057836));
#10658 = VERTEX_POINT('',#10659);
#10659 = CARTESIAN_POINT('',(-26.5,71.2,27.979274057836));
#10660 = LINE('',#10661,#10662);
#10661 = CARTESIAN_POINT('',(-26.5,68.,27.979274057836));
#10662 = VECTOR('',#10663,1.);
#10663 = DIRECTION('',(0.,1.,0.));
#10664 = ORIENTED_EDGE('',*,*,#10665,.T.);
#10665 = EDGE_CURVE('',#10658,#10618,#10666,.T.);
#10666 = LINE('',#10667,#10668);
#10667 = CARTESIAN_POINT('',(-26.5,71.2,27.979274057836));
#10668 = VECTOR('',#10669,1.);
#10669 = DIRECTION('',(0.,0.,1.));
#10670 = ORIENTED_EDGE('',*,*,#10615,.F.);
#10671 = ORIENTED_EDGE('',*,*,#10672,.F.);
#10672 = EDGE_CURVE('',#10656,#10616,#10673,.T.);
#10673 = LINE('',#10674,#10675);
#10674 = CARTESIAN_POINT('',(-26.5,68.,27.979274057836));
#10675 = VECTOR('',#10676,1.);
#10676 = DIRECTION('',(0.,0.,1.));
#10677 = PLANE('',#10678);
#10678 = AXIS2_PLACEMENT_3D('',#10679,#10680,#10681);
#10679 = CARTESIAN_POINT('',(-26.5,68.,27.979274057836));
#10680 = DIRECTION('',(1.,0.,0.));
#10681 = DIRECTION('',(0.,0.,1.));
#10682 = ADVANCED_FACE('',(#10683),#10708,.T.);
#10683 = FACE_BOUND('',#10684,.T.);
#10684 = EDGE_LOOP('',(#10685,#10686,#10694,#10702));
#10685 = ORIENTED_EDGE('',*,*,#10633,.T.);
#10686 = ORIENTED_EDGE('',*,*,#10687,.T.);
#10687 = EDGE_CURVE('',#10626,#10688,#10690,.T.);
#10688 = VERTEX_POINT('',#10689);
#10689 = CARTESIAN_POINT('',(-33.5,71.2,32.020725942164));
#10690 = LINE('',#10691,#10692);
#10691 = CARTESIAN_POINT('',(-30.,71.2,34.041451884327));
#10692 = VECTOR('',#10693,1.);
#10693 = DIRECTION('',(-0.866025403784,0.,-0.5));
#10694 = ORIENTED_EDGE('',*,*,#10695,.F.);
#10695 = EDGE_CURVE('',#10696,#10688,#10698,.T.);
#10696 = VERTEX_POINT('',#10697);
#10697 = CARTESIAN_POINT('',(-33.5,68.,32.020725942164));
#10698 = LINE('',#10699,#10700);
#10699 = CARTESIAN_POINT('',(-33.5,68.,32.020725942164));
#10700 = VECTOR('',#10701,1.);
#10701 = DIRECTION('',(0.,1.,0.));
#10702 = ORIENTED_EDGE('',*,*,#10703,.F.);
#10703 = EDGE_CURVE('',#10634,#10696,#10704,.T.);
#10704 = LINE('',#10705,#10706);
#10705 = CARTESIAN_POINT('',(-30.,68.,34.041451884327));
#10706 = VECTOR('',#10707,1.);
#10707 = DIRECTION('',(-0.866025403784,0.,-0.5));
#10708 = PLANE('',#10709);
#10709 = AXIS2_PLACEMENT_3D('',#10710,#10711,#10712);
#10710 = CARTESIAN_POINT('',(-30.,68.,34.041451884327));
#10711 = DIRECTION('',(-0.5,0.,0.866025403784));
#10712 = DIRECTION('',(-0.866025403784,0.,-0.5));
#10713 = ADVANCED_FACE('',(#10714,#10741),#10752,.T.);
#10714 = FACE_BOUND('',#10715,.T.);
#10715 = EDGE_LOOP('',(#10716,#10717,#10718,#10726,#10734,#10740));
#10716 = ORIENTED_EDGE('',*,*,#10641,.T.);
#10717 = ORIENTED_EDGE('',*,*,#10703,.T.);
#10718 = ORIENTED_EDGE('',*,*,#10719,.T.);
#10719 = EDGE_CURVE('',#10696,#10720,#10722,.T.);
#10720 = VERTEX_POINT('',#10721);
#10721 = CARTESIAN_POINT('',(-33.5,68.,27.979274057836));
#10722 = LINE('',#10723,#10724);
#10723 = CARTESIAN_POINT('',(-33.5,68.,32.020725942164));
#10724 = VECTOR('',#10725,1.);
#10725 = DIRECTION('',(0.,0.,-1.));
#10726 = ORIENTED_EDGE('',*,*,#10727,.T.);
#10727 = EDGE_CURVE('',#10720,#10728,#10730,.T.);
#10728 = VERTEX_POINT('',#10729);
#10729 = CARTESIAN_POINT('',(-30.,68.,25.958548115673));
#10730 = LINE('',#10731,#10732);
#10731 = CARTESIAN_POINT('',(-33.5,68.,27.979274057836));
#10732 = VECTOR('',#10733,1.);
#10733 = DIRECTION('',(0.866025403784,0.,-0.5));
#10734 = ORIENTED_EDGE('',*,*,#10735,.T.);
#10735 = EDGE_CURVE('',#10728,#10656,#10736,.T.);
#10736 = LINE('',#10737,#10738);
#10737 = CARTESIAN_POINT('',(-30.,68.,25.958548115673));
#10738 = VECTOR('',#10739,1.);
#10739 = DIRECTION('',(0.866025403784,0.,0.5));
#10740 = ORIENTED_EDGE('',*,*,#10672,.T.);
#10741 = FACE_BOUND('',#10742,.T.);
#10742 = EDGE_LOOP('',(#10743));
#10743 = ORIENTED_EDGE('',*,*,#10744,.T.);
#10744 = EDGE_CURVE('',#10745,#10745,#10747,.T.);
#10745 = VERTEX_POINT('',#10746);
#10746 = CARTESIAN_POINT('',(-30.,68.,32.));
#10747 = CIRCLE('',#10748,2.);
#10748 = AXIS2_PLACEMENT_3D('',#10749,#10750,#10751);
#10749 = CARTESIAN_POINT('',(-30.,68.,30.));
#10750 = DIRECTION('',(0.,1.,0.));
#10751 = DIRECTION('',(0.,0.,1.));
#10752 = PLANE('',#10753);
#10753 = AXIS2_PLACEMENT_3D('',#10754,#10755,#10756);
#10754 = CARTESIAN_POINT('',(-30.,68.,30.));
#10755 = DIRECTION('',(-0.,-1.,-0.));
#10756 = DIRECTION('',(0.,0.,-1.));
#10757 = ADVANCED_FACE('',(#10758,#10785),#10796,.F.);
#10758 = FACE_BOUND('',#10759,.F.);
#10759 = EDGE_LOOP('',(#10760,#10761,#10762,#10770,#10778,#10784));
#10760 = ORIENTED_EDGE('',*,*,#10625,.T.);
#10761 = ORIENTED_EDGE('',*,*,#10687,.T.);
#10762 = ORIENTED_EDGE('',*,*,#10763,.T.);
#10763 = EDGE_CURVE('',#10688,#10764,#10766,.T.);
#10764 = VERTEX_POINT('',#10765);
#10765 = CARTESIAN_POINT('',(-33.5,71.2,27.979274057836));
#10766 = LINE('',#10767,#10768);
#10767 = CARTESIAN_POINT('',(-33.5,71.2,32.020725942164));
#10768 = VECTOR('',#10769,1.);
#10769 = DIRECTION('',(0.,0.,-1.));
#10770 = ORIENTED_EDGE('',*,*,#10771,.T.);
#10771 = EDGE_CURVE('',#10764,#10772,#10774,.T.);
#10772 = VERTEX_POINT('',#10773);
#10773 = CARTESIAN_POINT('',(-30.,71.2,25.958548115673));
#10774 = LINE('',#10775,#10776);
#10775 = CARTESIAN_POINT('',(-33.5,71.2,27.979274057836));
#10776 = VECTOR('',#10777,1.);
#10777 = DIRECTION('',(0.866025403784,0.,-0.5));
#10778 = ORIENTED_EDGE('',*,*,#10779,.T.);
#10779 = EDGE_CURVE('',#10772,#10658,#10780,.T.);
#10780 = LINE('',#10781,#10782);
#10781 = CARTESIAN_POINT('',(-30.,71.2,25.958548115673));
#10782 = VECTOR('',#10783,1.);
#10783 = DIRECTION('',(0.866025403784,0.,0.5));
#10784 = ORIENTED_EDGE('',*,*,#10665,.T.);
#10785 = FACE_BOUND('',#10786,.F.);
#10786 = EDGE_LOOP('',(#10787));
#10787 = ORIENTED_EDGE('',*,*,#10788,.T.);
#10788 = EDGE_CURVE('',#10789,#10789,#10791,.T.);
#10789 = VERTEX_POINT('',#10790);
#10790 = CARTESIAN_POINT('',(-30.,71.2,32.));
#10791 = CIRCLE('',#10792,2.);
#10792 = AXIS2_PLACEMENT_3D('',#10793,#10794,#10795);
#10793 = CARTESIAN_POINT('',(-30.,71.2,30.));
#10794 = DIRECTION('',(0.,1.,0.));
#10795 = DIRECTION('',(0.,0.,1.));
#10796 = PLANE('',#10797);
#10797 = AXIS2_PLACEMENT_3D('',#10798,#10799,#10800);
#10798 = CARTESIAN_POINT('',(-30.,71.2,30.));
#10799 = DIRECTION('',(-0.,-1.,-0.));
#10800 = DIRECTION('',(0.,0.,-1.));
#10801 = ADVANCED_FACE('',(#10802),#10813,.T.);
#10802 = FACE_BOUND('',#10803,.T.);
#10803 = EDGE_LOOP('',(#10804,#10810,#10811,#10812));
#10804 = ORIENTED_EDGE('',*,*,#10805,.T.);
#10805 = EDGE_CURVE('',#10728,#10772,#10806,.T.);
#10806 = LINE('',#10807,#10808);
#10807 = CARTESIAN_POINT('',(-30.,68.,25.958548115673));
#10808 = VECTOR('',#10809,1.);
#10809 = DIRECTION('',(0.,1.,0.));
#10810 = ORIENTED_EDGE('',*,*,#10779,.T.);
#10811 = ORIENTED_EDGE('',*,*,#10655,.F.);
#10812 = ORIENTED_EDGE('',*,*,#10735,.F.);
#10813 = PLANE('',#10814);
#10814 = AXIS2_PLACEMENT_3D('',#10815,#10816,#10817);
#10815 = CARTESIAN_POINT('',(-30.,68.,25.958548115673));
#10816 = DIRECTION('',(0.5,0.,-0.866025403784));
#10817 = DIRECTION('',(0.866025403784,0.,0.5));
#10818 = ADVANCED_FACE('',(#10819),#10830,.T.);
#10819 = FACE_BOUND('',#10820,.T.);
#10820 = EDGE_LOOP('',(#10821,#10822,#10823,#10829));
#10821 = ORIENTED_EDGE('',*,*,#10695,.T.);
#10822 = ORIENTED_EDGE('',*,*,#10763,.T.);
#10823 = ORIENTED_EDGE('',*,*,#10824,.F.);
#10824 = EDGE_CURVE('',#10720,#10764,#10825,.T.);
#10825 = LINE('',#10826,#10827);
#10826 = CARTESIAN_POINT('',(-33.5,68.,27.979274057836));
#10827 = VECTOR('',#10828,1.);
#10828 = DIRECTION('',(0.,1.,0.));
#10829 = ORIENTED_EDGE('',*,*,#10719,.F.);
#10830 = PLANE('',#10831);
#10831 = AXIS2_PLACEMENT_3D('',#10832,#10833,#10834);
#10832 = CARTESIAN_POINT('',(-33.5,68.,32.020725942164));
#10833 = DIRECTION('',(-1.,0.,0.));
#10834 = DIRECTION('',(0.,0.,-1.));
#10835 = ADVANCED_FACE('',(#10836),#10842,.T.);
#10836 = FACE_BOUND('',#10837,.T.);
#10837 = EDGE_LOOP('',(#10838,#10839,#10840,#10841));
#10838 = ORIENTED_EDGE('',*,*,#10824,.T.);
#10839 = ORIENTED_EDGE('',*,*,#10771,.T.);
#10840 = ORIENTED_EDGE('',*,*,#10805,.F.);
#10841 = ORIENTED_EDGE('',*,*,#10727,.F.);
#10842 = PLANE('',#10843);
#10843 = AXIS2_PLACEMENT_3D('',#10844,#10845,#10846);
#10844 = CARTESIAN_POINT('',(-33.5,68.,27.979274057836));
#10845 = DIRECTION('',(-0.5,0.,-0.866025403784));
#10846 = DIRECTION('',(0.866025403784,0.,-0.5));
#10847 = ADVANCED_FACE('',(#10848),#10859,.F.);
#10848 = FACE_BOUND('',#10849,.F.);
#10849 = EDGE_LOOP('',(#10850,#10851,#10857,#10858));
#10850 = ORIENTED_EDGE('',*,*,#10788,.F.);
#10851 = ORIENTED_EDGE('',*,*,#10852,.F.);
#10852 = EDGE_CURVE('',#10745,#10789,#10853,.T.);
#10853 = LINE('',#10854,#10855);
#10854 = CARTESIAN_POINT('',(-30.,67.9,32.));
#10855 = VECTOR('',#10856,1.);
#10856 = DIRECTION('',(0.,1.,0.));
#10857 = ORIENTED_EDGE('',*,*,#10744,.T.);
#10858 = ORIENTED_EDGE('',*,*,#10852,.T.);
#10859 = CYLINDRICAL_SURFACE('',#10860,2.);
#10860 = AXIS2_PLACEMENT_3D('',#10861,#10862,#10863);
#10861 = CARTESIAN_POINT('',(-30.,67.9,30.));
#10862 = DIRECTION('',(0.,1.,0.));
#10863 = DIRECTION('',(0.,0.,1.));
#10864 = MANIFOLD_SOLID_BREP('',#10865);
#10865 = CLOSED_SHELL('',(#10866,#10906,#10937,#10968,#11012,#11056,
    #11073,#11090,#11102));
#10866 = ADVANCED_FACE('',(#10867),#10901,.T.);
#10867 = FACE_BOUND('',#10868,.F.);
#10868 = EDGE_LOOP('',(#10869,#10879,#10887,#10895));
#10869 = ORIENTED_EDGE('',*,*,#10870,.T.);
#10870 = EDGE_CURVE('',#10871,#10873,#10875,.T.);
#10871 = VERTEX_POINT('',#10872);
#10872 = CARTESIAN_POINT('',(-26.5,-68.,32.020725942164));
#10873 = VERTEX_POINT('',#10874);
#10874 = CARTESIAN_POINT('',(-26.5,-71.2,32.020725942164));
#10875 = LINE('',#10876,#10877);
#10876 = CARTESIAN_POINT('',(-26.5,-68.,32.020725942164));
#10877 = VECTOR('',#10878,1.);
#10878 = DIRECTION('',(-0.,-1.,-0.));
#10879 = ORIENTED_EDGE('',*,*,#10880,.T.);
#10880 = EDGE_CURVE('',#10873,#10881,#10883,.T.);
#10881 = VERTEX_POINT('',#10882);
#10882 = CARTESIAN_POINT('',(-30.,-71.2,34.041451884327));
#10883 = LINE('',#10884,#10885);
#10884 = CARTESIAN_POINT('',(-26.5,-71.2,32.020725942164));
#10885 = VECTOR('',#10886,1.);
#10886 = DIRECTION('',(-0.866025403784,0.,0.5));
#10887 = ORIENTED_EDGE('',*,*,#10888,.F.);
#10888 = EDGE_CURVE('',#10889,#10881,#10891,.T.);
#10889 = VERTEX_POINT('',#10890);
#10890 = CARTESIAN_POINT('',(-30.,-68.,34.041451884327));
#10891 = LINE('',#10892,#10893);
#10892 = CARTESIAN_POINT('',(-30.,-68.,34.041451884327));
#10893 = VECTOR('',#10894,1.);
#10894 = DIRECTION('',(-0.,-1.,-0.));
#10895 = ORIENTED_EDGE('',*,*,#10896,.F.);
#10896 = EDGE_CURVE('',#10871,#10889,#10897,.T.);
#10897 = LINE('',#10898,#10899);
#10898 = CARTESIAN_POINT('',(-26.5,-68.,32.020725942164));
#10899 = VECTOR('',#10900,1.);
#10900 = DIRECTION('',(-0.866025403784,0.,0.5));
#10901 = PLANE('',#10902);
#10902 = AXIS2_PLACEMENT_3D('',#10903,#10904,#10905);
#10903 = CARTESIAN_POINT('',(-26.5,-68.,32.020725942164));
#10904 = DIRECTION('',(0.5,0.,0.866025403784));
#10905 = DIRECTION('',(0.866025403784,0.,-0.5));
#10906 = ADVANCED_FACE('',(#10907),#10932,.T.);
#10907 = FACE_BOUND('',#10908,.F.);
#10908 = EDGE_LOOP('',(#10909,#10919,#10925,#10926));
#10909 = ORIENTED_EDGE('',*,*,#10910,.T.);
#10910 = EDGE_CURVE('',#10911,#10913,#10915,.T.);
#10911 = VERTEX_POINT('',#10912);
#10912 = CARTESIAN_POINT('',(-26.5,-68.,27.979274057836));
#10913 = VERTEX_POINT('',#10914);
#10914 = CARTESIAN_POINT('',(-26.5,-71.2,27.979274057836));
#10915 = LINE('',#10916,#10917);
#10916 = CARTESIAN_POINT('',(-26.5,-68.,27.979274057836));
#10917 = VECTOR('',#10918,1.);
#10918 = DIRECTION('',(-0.,-1.,-0.));
#10919 = ORIENTED_EDGE('',*,*,#10920,.T.);
#10920 = EDGE_CURVE('',#10913,#10873,#10921,.T.);
#10921 = LINE('',#10922,#10923);
#10922 = CARTESIAN_POINT('',(-26.5,-71.2,27.979274057836));
#10923 = VECTOR('',#10924,1.);
#10924 = DIRECTION('',(0.,0.,1.));
#10925 = ORIENTED_EDGE('',*,*,#10870,.F.);
#10926 = ORIENTED_EDGE('',*,*,#10927,.F.);
#10927 = EDGE_CURVE('',#10911,#10871,#10928,.T.);
#10928 = LINE('',#10929,#10930);
#10929 = CARTESIAN_POINT('',(-26.5,-68.,27.979274057836));
#10930 = VECTOR('',#10931,1.);
#10931 = DIRECTION('',(0.,0.,1.));
#10932 = PLANE('',#10933);
#10933 = AXIS2_PLACEMENT_3D('',#10934,#10935,#10936);
#10934 = CARTESIAN_POINT('',(-26.5,-68.,27.979274057836));
#10935 = DIRECTION('',(1.,0.,0.));
#10936 = DIRECTION('',(0.,0.,-1.));
#10937 = ADVANCED_FACE('',(#10938),#10963,.T.);
#10938 = FACE_BOUND('',#10939,.F.);
#10939 = EDGE_LOOP('',(#10940,#10941,#10949,#10957));
#10940 = ORIENTED_EDGE('',*,*,#10888,.T.);
#10941 = ORIENTED_EDGE('',*,*,#10942,.T.);
#10942 = EDGE_CURVE('',#10881,#10943,#10945,.T.);
#10943 = VERTEX_POINT('',#10944);
#10944 = CARTESIAN_POINT('',(-33.5,-71.2,32.020725942164));
#10945 = LINE('',#10946,#10947);
#10946 = CARTESIAN_POINT('',(-30.,-71.2,34.041451884327));
#10947 = VECTOR('',#10948,1.);
#10948 = DIRECTION('',(-0.866025403784,-0.,-0.5));
#10949 = ORIENTED_EDGE('',*,*,#10950,.F.);
#10950 = EDGE_CURVE('',#10951,#10943,#10953,.T.);
#10951 = VERTEX_POINT('',#10952);
#10952 = CARTESIAN_POINT('',(-33.5,-68.,32.020725942164));
#10953 = LINE('',#10954,#10955);
#10954 = CARTESIAN_POINT('',(-33.5,-68.,32.020725942164));
#10955 = VECTOR('',#10956,1.);
#10956 = DIRECTION('',(-0.,-1.,-0.));
#10957 = ORIENTED_EDGE('',*,*,#10958,.F.);
#10958 = EDGE_CURVE('',#10889,#10951,#10959,.T.);
#10959 = LINE('',#10960,#10961);
#10960 = CARTESIAN_POINT('',(-30.,-68.,34.041451884327));
#10961 = VECTOR('',#10962,1.);
#10962 = DIRECTION('',(-0.866025403784,-0.,-0.5));
#10963 = PLANE('',#10964);
#10964 = AXIS2_PLACEMENT_3D('',#10965,#10966,#10967);
#10965 = CARTESIAN_POINT('',(-30.,-68.,34.041451884327));
#10966 = DIRECTION('',(-0.5,0.,0.866025403784));
#10967 = DIRECTION('',(0.866025403784,0.,0.5));
#10968 = ADVANCED_FACE('',(#10969,#10996),#11007,.T.);
#10969 = FACE_BOUND('',#10970,.F.);
#10970 = EDGE_LOOP('',(#10971,#10972,#10973,#10981,#10989,#10995));
#10971 = ORIENTED_EDGE('',*,*,#10896,.T.);
#10972 = ORIENTED_EDGE('',*,*,#10958,.T.);
#10973 = ORIENTED_EDGE('',*,*,#10974,.T.);
#10974 = EDGE_CURVE('',#10951,#10975,#10977,.T.);
#10975 = VERTEX_POINT('',#10976);
#10976 = CARTESIAN_POINT('',(-33.5,-68.,27.979274057836));
#10977 = LINE('',#10978,#10979);
#10978 = CARTESIAN_POINT('',(-33.5,-68.,32.020725942164));
#10979 = VECTOR('',#10980,1.);
#10980 = DIRECTION('',(-0.,-0.,-1.));
#10981 = ORIENTED_EDGE('',*,*,#10982,.T.);
#10982 = EDGE_CURVE('',#10975,#10983,#10985,.T.);
#10983 = VERTEX_POINT('',#10984);
#10984 = CARTESIAN_POINT('',(-30.,-68.,25.958548115673));
#10985 = LINE('',#10986,#10987);
#10986 = CARTESIAN_POINT('',(-33.5,-68.,27.979274057836));
#10987 = VECTOR('',#10988,1.);
#10988 = DIRECTION('',(0.866025403784,0.,-0.5));
#10989 = ORIENTED_EDGE('',*,*,#10990,.T.);
#10990 = EDGE_CURVE('',#10983,#10911,#10991,.T.);
#10991 = LINE('',#10992,#10993);
#10992 = CARTESIAN_POINT('',(-30.,-68.,25.958548115673));
#10993 = VECTOR('',#10994,1.);
#10994 = DIRECTION('',(0.866025403784,0.,0.5));
#10995 = ORIENTED_EDGE('',*,*,#10927,.T.);
#10996 = FACE_BOUND('',#10997,.F.);
#10997 = EDGE_LOOP('',(#10998));
#10998 = ORIENTED_EDGE('',*,*,#10999,.T.);
#10999 = EDGE_CURVE('',#11000,#11000,#11002,.T.);
#11000 = VERTEX_POINT('',#11001);
#11001 = CARTESIAN_POINT('',(-30.,-68.,32.));
#11002 = CIRCLE('',#11003,2.);
#11003 = AXIS2_PLACEMENT_3D('',#11004,#11005,#11006);
#11004 = CARTESIAN_POINT('',(-30.,-68.,30.));
#11005 = DIRECTION('',(0.,1.,0.));
#11006 = DIRECTION('',(0.,0.,1.));
#11007 = PLANE('',#11008);
#11008 = AXIS2_PLACEMENT_3D('',#11009,#11010,#11011);
#11009 = CARTESIAN_POINT('',(-30.,-68.,30.));
#11010 = DIRECTION('',(0.,1.,0.));
#11011 = DIRECTION('',(0.,0.,1.));
#11012 = ADVANCED_FACE('',(#11013,#11040),#11051,.F.);
#11013 = FACE_BOUND('',#11014,.T.);
#11014 = EDGE_LOOP('',(#11015,#11016,#11017,#11025,#11033,#11039));
#11015 = ORIENTED_EDGE('',*,*,#10880,.T.);
#11016 = ORIENTED_EDGE('',*,*,#10942,.T.);
#11017 = ORIENTED_EDGE('',*,*,#11018,.T.);
#11018 = EDGE_CURVE('',#10943,#11019,#11021,.T.);
#11019 = VERTEX_POINT('',#11020);
#11020 = CARTESIAN_POINT('',(-33.5,-71.2,27.979274057836));
#11021 = LINE('',#11022,#11023);
#11022 = CARTESIAN_POINT('',(-33.5,-71.2,32.020725942164));
#11023 = VECTOR('',#11024,1.);
#11024 = DIRECTION('',(-0.,-0.,-1.));
#11025 = ORIENTED_EDGE('',*,*,#11026,.T.);
#11026 = EDGE_CURVE('',#11019,#11027,#11029,.T.);
#11027 = VERTEX_POINT('',#11028);
#11028 = CARTESIAN_POINT('',(-30.,-71.2,25.958548115673));
#11029 = LINE('',#11030,#11031);
#11030 = CARTESIAN_POINT('',(-33.5,-71.2,27.979274057836));
#11031 = VECTOR('',#11032,1.);
#11032 = DIRECTION('',(0.866025403784,0.,-0.5));
#11033 = ORIENTED_EDGE('',*,*,#11034,.T.);
#11034 = EDGE_CURVE('',#11027,#10913,#11035,.T.);
#11035 = LINE('',#11036,#11037);
#11036 = CARTESIAN_POINT('',(-30.,-71.2,25.958548115673));
#11037 = VECTOR('',#11038,1.);
#11038 = DIRECTION('',(0.866025403784,0.,0.5));
#11039 = ORIENTED_EDGE('',*,*,#10920,.T.);
#11040 = FACE_BOUND('',#11041,.T.);
#11041 = EDGE_LOOP('',(#11042));
#11042 = ORIENTED_EDGE('',*,*,#11043,.T.);
#11043 = EDGE_CURVE('',#11044,#11044,#11046,.T.);
#11044 = VERTEX_POINT('',#11045);
#11045 = CARTESIAN_POINT('',(-30.,-71.2,32.));
#11046 = CIRCLE('',#11047,2.);
#11047 = AXIS2_PLACEMENT_3D('',#11048,#11049,#11050);
#11048 = CARTESIAN_POINT('',(-30.,-71.2,30.));
#11049 = DIRECTION('',(0.,1.,0.));
#11050 = DIRECTION('',(0.,0.,1.));
#11051 = PLANE('',#11052);
#11052 = AXIS2_PLACEMENT_3D('',#11053,#11054,#11055);
#11053 = CARTESIAN_POINT('',(-30.,-71.2,30.));
#11054 = DIRECTION('',(0.,1.,0.));
#11055 = DIRECTION('',(0.,0.,1.));
#11056 = ADVANCED_FACE('',(#11057),#11068,.T.);
#11057 = FACE_BOUND('',#11058,.F.);
#11058 = EDGE_LOOP('',(#11059,#11065,#11066,#11067));
#11059 = ORIENTED_EDGE('',*,*,#11060,.T.);
#11060 = EDGE_CURVE('',#10983,#11027,#11061,.T.);
#11061 = LINE('',#11062,#11063);
#11062 = CARTESIAN_POINT('',(-30.,-68.,25.958548115673));
#11063 = VECTOR('',#11064,1.);
#11064 = DIRECTION('',(-0.,-1.,-0.));
#11065 = ORIENTED_EDGE('',*,*,#11034,.T.);
#11066 = ORIENTED_EDGE('',*,*,#10910,.F.);
#11067 = ORIENTED_EDGE('',*,*,#10990,.F.);
#11068 = PLANE('',#11069);
#11069 = AXIS2_PLACEMENT_3D('',#11070,#11071,#11072);
#11070 = CARTESIAN_POINT('',(-30.,-68.,25.958548115673));
#11071 = DIRECTION('',(0.5,0.,-0.866025403784));
#11072 = DIRECTION('',(-0.866025403784,0.,-0.5));
#11073 = ADVANCED_FACE('',(#11074),#11085,.T.);
#11074 = FACE_BOUND('',#11075,.F.);
#11075 = EDGE_LOOP('',(#11076,#11077,#11078,#11084));
#11076 = ORIENTED_EDGE('',*,*,#10950,.T.);
#11077 = ORIENTED_EDGE('',*,*,#11018,.T.);
#11078 = ORIENTED_EDGE('',*,*,#11079,.F.);
#11079 = EDGE_CURVE('',#10975,#11019,#11080,.T.);
#11080 = LINE('',#11081,#11082);
#11081 = CARTESIAN_POINT('',(-33.5,-68.,27.979274057836));
#11082 = VECTOR('',#11083,1.);
#11083 = DIRECTION('',(-0.,-1.,-0.));
#11084 = ORIENTED_EDGE('',*,*,#10974,.F.);
#11085 = PLANE('',#11086);
#11086 = AXIS2_PLACEMENT_3D('',#11087,#11088,#11089);
#11087 = CARTESIAN_POINT('',(-33.5,-68.,32.020725942164));
#11088 = DIRECTION('',(-1.,-0.,-0.));
#11089 = DIRECTION('',(0.,0.,1.));
#11090 = ADVANCED_FACE('',(#11091),#11097,.T.);
#11091 = FACE_BOUND('',#11092,.F.);
#11092 = EDGE_LOOP('',(#11093,#11094,#11095,#11096));
#11093 = ORIENTED_EDGE('',*,*,#11079,.T.);
#11094 = ORIENTED_EDGE('',*,*,#11026,.T.);
#11095 = ORIENTED_EDGE('',*,*,#11060,.F.);
#11096 = ORIENTED_EDGE('',*,*,#10982,.F.);
#11097 = PLANE('',#11098);
#11098 = AXIS2_PLACEMENT_3D('',#11099,#11100,#11101);
#11099 = CARTESIAN_POINT('',(-33.5,-68.,27.979274057836));
#11100 = DIRECTION('',(-0.5,-0.,-0.866025403784));
#11101 = DIRECTION('',(-0.866025403784,0.,0.5));
#11102 = ADVANCED_FACE('',(#11103),#11114,.F.);
#11103 = FACE_BOUND('',#11104,.T.);
#11104 = EDGE_LOOP('',(#11105,#11106,#11112,#11113));
#11105 = ORIENTED_EDGE('',*,*,#11043,.F.);
#11106 = ORIENTED_EDGE('',*,*,#11107,.F.);
#11107 = EDGE_CURVE('',#11000,#11044,#11108,.T.);
#11108 = LINE('',#11109,#11110);
#11109 = CARTESIAN_POINT('',(-30.,-67.9,32.));
#11110 = VECTOR('',#11111,1.);
#11111 = DIRECTION('',(-0.,-1.,-0.));
#11112 = ORIENTED_EDGE('',*,*,#10999,.T.);
#11113 = ORIENTED_EDGE('',*,*,#11107,.T.);
#11114 = CYLINDRICAL_SURFACE('',#11115,2.);
#11115 = AXIS2_PLACEMENT_3D('',#11116,#11117,#11118);
#11116 = CARTESIAN_POINT('',(-30.,-67.9,30.));
#11117 = DIRECTION('',(-0.,-1.,-0.));
#11118 = DIRECTION('',(0.,0.,1.));
#11119 = MANIFOLD_SOLID_BREP('',#11120);
#11120 = CLOSED_SHELL('',(#11121,#11154,#11174,#11194));
#11121 = ADVANCED_FACE('',(#11122),#11149,.T.);
#11122 = FACE_BOUND('',#11123,.T.);
#11123 = EDGE_LOOP('',(#11124,#11133,#11141,#11148));
#11124 = ORIENTED_EDGE('',*,*,#11125,.F.);
#11125 = EDGE_CURVE('',#11126,#11126,#11128,.T.);
#11126 = VERTEX_POINT('',#11127);
#11127 = CARTESIAN_POINT('',(30.,72.,-25.5));
#11128 = CIRCLE('',#11129,4.5);
#11129 = AXIS2_PLACEMENT_3D('',#11130,#11131,#11132);
#11130 = CARTESIAN_POINT('',(30.,72.,-30.));
#11131 = DIRECTION('',(0.,1.,0.));
#11132 = DIRECTION('',(0.,0.,1.));
#11133 = ORIENTED_EDGE('',*,*,#11134,.F.);
#11134 = EDGE_CURVE('',#11135,#11126,#11137,.T.);
#11135 = VERTEX_POINT('',#11136);
#11136 = CARTESIAN_POINT('',(30.,71.2,-25.5));
#11137 = LINE('',#11138,#11139);
#11138 = CARTESIAN_POINT('',(30.,71.2,-25.5));
#11139 = VECTOR('',#11140,1.);
#11140 = DIRECTION('',(0.,1.,0.));
#11141 = ORIENTED_EDGE('',*,*,#11142,.T.);
#11142 = EDGE_CURVE('',#11135,#11135,#11143,.T.);
#11143 = CIRCLE('',#11144,4.5);
#11144 = AXIS2_PLACEMENT_3D('',#11145,#11146,#11147);
#11145 = CARTESIAN_POINT('',(30.,71.2,-30.));
#11146 = DIRECTION('',(0.,1.,0.));
#11147 = DIRECTION('',(0.,0.,1.));
#11148 = ORIENTED_EDGE('',*,*,#11134,.T.);
#11149 = CYLINDRICAL_SURFACE('',#11150,4.5);
#11150 = AXIS2_PLACEMENT_3D('',#11151,#11152,#11153);
#11151 = CARTESIAN_POINT('',(30.,71.2,-30.));
#11152 = DIRECTION('',(0.,1.,0.));
#11153 = DIRECTION('',(0.,0.,1.));
#11154 = ADVANCED_FACE('',(#11155,#11158),#11169,.T.);
#11155 = FACE_BOUND('',#11156,.T.);
#11156 = EDGE_LOOP('',(#11157));
#11157 = ORIENTED_EDGE('',*,*,#11125,.T.);
#11158 = FACE_BOUND('',#11159,.T.);
#11159 = EDGE_LOOP('',(#11160));
#11160 = ORIENTED_EDGE('',*,*,#11161,.F.);
#11161 = EDGE_CURVE('',#11162,#11162,#11164,.T.);
#11162 = VERTEX_POINT('',#11163);
#11163 = CARTESIAN_POINT('',(30.,72.,-27.85));
#11164 = CIRCLE('',#11165,2.15);
#11165 = AXIS2_PLACEMENT_3D('',#11166,#11167,#11168);
#11166 = CARTESIAN_POINT('',(30.,72.,-30.));
#11167 = DIRECTION('',(0.,1.,0.));
#11168 = DIRECTION('',(0.,0.,1.));
#11169 = PLANE('',#11170);
#11170 = AXIS2_PLACEMENT_3D('',#11171,#11172,#11173);
#11171 = CARTESIAN_POINT('',(30.,72.,-30.));
#11172 = DIRECTION('',(0.,1.,0.));
#11173 = DIRECTION('',(0.,0.,1.));
#11174 = ADVANCED_FACE('',(#11175,#11178),#11189,.F.);
#11175 = FACE_BOUND('',#11176,.F.);
#11176 = EDGE_LOOP('',(#11177));
#11177 = ORIENTED_EDGE('',*,*,#11142,.T.);
#11178 = FACE_BOUND('',#11179,.F.);
#11179 = EDGE_LOOP('',(#11180));
#11180 = ORIENTED_EDGE('',*,*,#11181,.F.);
#11181 = EDGE_CURVE('',#11182,#11182,#11184,.T.);
#11182 = VERTEX_POINT('',#11183);
#11183 = CARTESIAN_POINT('',(30.,71.2,-27.85));
#11184 = CIRCLE('',#11185,2.15);
#11185 = AXIS2_PLACEMENT_3D('',#11186,#11187,#11188);
#11186 = CARTESIAN_POINT('',(30.,71.2,-30.));
#11187 = DIRECTION('',(0.,1.,0.));
#11188 = DIRECTION('',(0.,0.,1.));
#11189 = PLANE('',#11190);
#11190 = AXIS2_PLACEMENT_3D('',#11191,#11192,#11193);
#11191 = CARTESIAN_POINT('',(30.,71.2,-30.));
#11192 = DIRECTION('',(0.,1.,0.));
#11193 = DIRECTION('',(0.,0.,1.));
#11194 = ADVANCED_FACE('',(#11195),#11206,.F.);
#11195 = FACE_BOUND('',#11196,.F.);
#11196 = EDGE_LOOP('',(#11197,#11198,#11204,#11205));
#11197 = ORIENTED_EDGE('',*,*,#11161,.F.);
#11198 = ORIENTED_EDGE('',*,*,#11199,.F.);
#11199 = EDGE_CURVE('',#11182,#11162,#11200,.T.);
#11200 = LINE('',#11201,#11202);
#11201 = CARTESIAN_POINT('',(30.,71.1,-27.85));
#11202 = VECTOR('',#11203,1.);
#11203 = DIRECTION('',(0.,1.,0.));
#11204 = ORIENTED_EDGE('',*,*,#11181,.T.);
#11205 = ORIENTED_EDGE('',*,*,#11199,.T.);
#11206 = CYLINDRICAL_SURFACE('',#11207,2.15);
#11207 = AXIS2_PLACEMENT_3D('',#11208,#11209,#11210);
#11208 = CARTESIAN_POINT('',(30.,71.1,-30.));
#11209 = DIRECTION('',(0.,1.,0.));
#11210 = DIRECTION('',(0.,0.,1.));
#11211 = MANIFOLD_SOLID_BREP('',#11212);
#11212 = CLOSED_SHELL('',(#11213,#11246,#11266,#11286));
#11213 = ADVANCED_FACE('',(#11214),#11241,.T.);
#11214 = FACE_BOUND('',#11215,.F.);
#11215 = EDGE_LOOP('',(#11216,#11225,#11233,#11240));
#11216 = ORIENTED_EDGE('',*,*,#11217,.F.);
#11217 = EDGE_CURVE('',#11218,#11218,#11220,.T.);
#11218 = VERTEX_POINT('',#11219);
#11219 = CARTESIAN_POINT('',(30.,-72.,-25.5));
#11220 = CIRCLE('',#11221,4.5);
#11221 = AXIS2_PLACEMENT_3D('',#11222,#11223,#11224);
#11222 = CARTESIAN_POINT('',(30.,-72.,-30.));
#11223 = DIRECTION('',(0.,1.,0.));
#11224 = DIRECTION('',(0.,0.,1.));
#11225 = ORIENTED_EDGE('',*,*,#11226,.F.);
#11226 = EDGE_CURVE('',#11227,#11218,#11229,.T.);
#11227 = VERTEX_POINT('',#11228);
#11228 = CARTESIAN_POINT('',(30.,-71.2,-25.5));
#11229 = LINE('',#11230,#11231);
#11230 = CARTESIAN_POINT('',(30.,-71.2,-25.5));
#11231 = VECTOR('',#11232,1.);
#11232 = DIRECTION('',(-0.,-1.,-0.));
#11233 = ORIENTED_EDGE('',*,*,#11234,.T.);
#11234 = EDGE_CURVE('',#11227,#11227,#11235,.T.);
#11235 = CIRCLE('',#11236,4.5);
#11236 = AXIS2_PLACEMENT_3D('',#11237,#11238,#11239);
#11237 = CARTESIAN_POINT('',(30.,-71.2,-30.));
#11238 = DIRECTION('',(0.,1.,0.));
#11239 = DIRECTION('',(0.,0.,1.));
#11240 = ORIENTED_EDGE('',*,*,#11226,.T.);
#11241 = CYLINDRICAL_SURFACE('',#11242,4.5);
#11242 = AXIS2_PLACEMENT_3D('',#11243,#11244,#11245);
#11243 = CARTESIAN_POINT('',(30.,-71.2,-30.));
#11244 = DIRECTION('',(-0.,-1.,-0.));
#11245 = DIRECTION('',(0.,0.,1.));
#11246 = ADVANCED_FACE('',(#11247,#11250),#11261,.T.);
#11247 = FACE_BOUND('',#11248,.F.);
#11248 = EDGE_LOOP('',(#11249));
#11249 = ORIENTED_EDGE('',*,*,#11217,.T.);
#11250 = FACE_BOUND('',#11251,.F.);
#11251 = EDGE_LOOP('',(#11252));
#11252 = ORIENTED_EDGE('',*,*,#11253,.F.);
#11253 = EDGE_CURVE('',#11254,#11254,#11256,.T.);
#11254 = VERTEX_POINT('',#11255);
#11255 = CARTESIAN_POINT('',(30.,-72.,-27.85));
#11256 = CIRCLE('',#11257,2.15);
#11257 = AXIS2_PLACEMENT_3D('',#11258,#11259,#11260);
#11258 = CARTESIAN_POINT('',(30.,-72.,-30.));
#11259 = DIRECTION('',(0.,1.,0.));
#11260 = DIRECTION('',(0.,0.,1.));
#11261 = PLANE('',#11262);
#11262 = AXIS2_PLACEMENT_3D('',#11263,#11264,#11265);
#11263 = CARTESIAN_POINT('',(30.,-72.,-30.));
#11264 = DIRECTION('',(-0.,-1.,-0.));
#11265 = DIRECTION('',(0.,0.,-1.));
#11266 = ADVANCED_FACE('',(#11267,#11270),#11281,.F.);
#11267 = FACE_BOUND('',#11268,.T.);
#11268 = EDGE_LOOP('',(#11269));
#11269 = ORIENTED_EDGE('',*,*,#11234,.T.);
#11270 = FACE_BOUND('',#11271,.T.);
#11271 = EDGE_LOOP('',(#11272));
#11272 = ORIENTED_EDGE('',*,*,#11273,.F.);
#11273 = EDGE_CURVE('',#11274,#11274,#11276,.T.);
#11274 = VERTEX_POINT('',#11275);
#11275 = CARTESIAN_POINT('',(30.,-71.2,-27.85));
#11276 = CIRCLE('',#11277,2.15);
#11277 = AXIS2_PLACEMENT_3D('',#11278,#11279,#11280);
#11278 = CARTESIAN_POINT('',(30.,-71.2,-30.));
#11279 = DIRECTION('',(0.,1.,0.));
#11280 = DIRECTION('',(0.,0.,1.));
#11281 = PLANE('',#11282);
#11282 = AXIS2_PLACEMENT_3D('',#11283,#11284,#11285);
#11283 = CARTESIAN_POINT('',(30.,-71.2,-30.));
#11284 = DIRECTION('',(-0.,-1.,-0.));
#11285 = DIRECTION('',(0.,0.,-1.));
#11286 = ADVANCED_FACE('',(#11287),#11298,.F.);
#11287 = FACE_BOUND('',#11288,.T.);
#11288 = EDGE_LOOP('',(#11289,#11290,#11296,#11297));
#11289 = ORIENTED_EDGE('',*,*,#11253,.F.);
#11290 = ORIENTED_EDGE('',*,*,#11291,.F.);
#11291 = EDGE_CURVE('',#11274,#11254,#11292,.T.);
#11292 = LINE('',#11293,#11294);
#11293 = CARTESIAN_POINT('',(30.,-71.1,-27.85));
#11294 = VECTOR('',#11295,1.);
#11295 = DIRECTION('',(-0.,-1.,-0.));
#11296 = ORIENTED_EDGE('',*,*,#11273,.T.);
#11297 = ORIENTED_EDGE('',*,*,#11291,.T.);
#11298 = CYLINDRICAL_SURFACE('',#11299,2.15);
#11299 = AXIS2_PLACEMENT_3D('',#11300,#11301,#11302);
#11300 = CARTESIAN_POINT('',(30.,-71.1,-30.));
#11301 = DIRECTION('',(-0.,-1.,-0.));
#11302 = DIRECTION('',(0.,0.,1.));
#11303 = MANIFOLD_SOLID_BREP('',#11304);
#11304 = CLOSED_SHELL('',(#11305,#11345,#11376,#11407,#11451,#11495,
    #11512,#11529,#11541));
#11305 = ADVANCED_FACE('',(#11306),#11340,.T.);
#11306 = FACE_BOUND('',#11307,.T.);
#11307 = EDGE_LOOP('',(#11308,#11318,#11326,#11334));
#11308 = ORIENTED_EDGE('',*,*,#11309,.T.);
#11309 = EDGE_CURVE('',#11310,#11312,#11314,.T.);
#11310 = VERTEX_POINT('',#11311);
#11311 = CARTESIAN_POINT('',(33.5,68.,-27.97927405783));
#11312 = VERTEX_POINT('',#11313);
#11313 = CARTESIAN_POINT('',(33.5,71.2,-27.97927405783));
#11314 = LINE('',#11315,#11316);
#11315 = CARTESIAN_POINT('',(33.5,68.,-27.97927405783));
#11316 = VECTOR('',#11317,1.);
#11317 = DIRECTION('',(0.,1.,0.));
#11318 = ORIENTED_EDGE('',*,*,#11319,.T.);
#11319 = EDGE_CURVE('',#11312,#11320,#11322,.T.);
#11320 = VERTEX_POINT('',#11321);
#11321 = CARTESIAN_POINT('',(30.,71.2,-25.95854811567));
#11322 = LINE('',#11323,#11324);
#11323 = CARTESIAN_POINT('',(33.5,71.2,-27.97927405783));
#11324 = VECTOR('',#11325,1.);
#11325 = DIRECTION('',(-0.866025403784,0.,0.5));
#11326 = ORIENTED_EDGE('',*,*,#11327,.F.);
#11327 = EDGE_CURVE('',#11328,#11320,#11330,.T.);
#11328 = VERTEX_POINT('',#11329);
#11329 = CARTESIAN_POINT('',(30.,68.,-25.95854811567));
#11330 = LINE('',#11331,#11332);
#11331 = CARTESIAN_POINT('',(30.,68.,-25.95854811567));
#11332 = VECTOR('',#11333,1.);
#11333 = DIRECTION('',(0.,1.,0.));
#11334 = ORIENTED_EDGE('',*,*,#11335,.F.);
#11335 = EDGE_CURVE('',#11310,#11328,#11336,.T.);
#11336 = LINE('',#11337,#11338);
#11337 = CARTESIAN_POINT('',(33.5,68.,-27.97927405783));
#11338 = VECTOR('',#11339,1.);
#11339 = DIRECTION('',(-0.866025403784,0.,0.5));
#11340 = PLANE('',#11341);
#11341 = AXIS2_PLACEMENT_3D('',#11342,#11343,#11344);
#11342 = CARTESIAN_POINT('',(33.5,68.,-27.97927405783));
#11343 = DIRECTION('',(0.5,0.,0.866025403784));
#11344 = DIRECTION('',(-0.866025403784,0.,0.5));
#11345 = ADVANCED_FACE('',(#11346),#11371,.T.);
#11346 = FACE_BOUND('',#11347,.T.);
#11347 = EDGE_LOOP('',(#11348,#11358,#11364,#11365));
#11348 = ORIENTED_EDGE('',*,*,#11349,.T.);
#11349 = EDGE_CURVE('',#11350,#11352,#11354,.T.);
#11350 = VERTEX_POINT('',#11351);
#11351 = CARTESIAN_POINT('',(33.5,68.,-32.02072594216));
#11352 = VERTEX_POINT('',#11353);
#11353 = CARTESIAN_POINT('',(33.5,71.2,-32.02072594216));
#11354 = LINE('',#11355,#11356);
#11355 = CARTESIAN_POINT('',(33.5,68.,-32.02072594216));
#11356 = VECTOR('',#11357,1.);
#11357 = DIRECTION('',(0.,1.,0.));
#11358 = ORIENTED_EDGE('',*,*,#11359,.T.);
#11359 = EDGE_CURVE('',#11352,#11312,#11360,.T.);
#11360 = LINE('',#11361,#11362);
#11361 = CARTESIAN_POINT('',(33.5,71.2,-32.02072594216));
#11362 = VECTOR('',#11363,1.);
#11363 = DIRECTION('',(0.,0.,1.));
#11364 = ORIENTED_EDGE('',*,*,#11309,.F.);
#11365 = ORIENTED_EDGE('',*,*,#11366,.F.);
#11366 = EDGE_CURVE('',#11350,#11310,#11367,.T.);
#11367 = LINE('',#11368,#11369);
#11368 = CARTESIAN_POINT('',(33.5,68.,-32.02072594216));
#11369 = VECTOR('',#11370,1.);
#11370 = DIRECTION('',(0.,0.,1.));
#11371 = PLANE('',#11372);
#11372 = AXIS2_PLACEMENT_3D('',#11373,#11374,#11375);
#11373 = CARTESIAN_POINT('',(33.5,68.,-32.02072594216));
#11374 = DIRECTION('',(1.,0.,0.));
#11375 = DIRECTION('',(0.,0.,1.));
#11376 = ADVANCED_FACE('',(#11377),#11402,.T.);
#11377 = FACE_BOUND('',#11378,.T.);
#11378 = EDGE_LOOP('',(#11379,#11380,#11388,#11396));
#11379 = ORIENTED_EDGE('',*,*,#11327,.T.);
#11380 = ORIENTED_EDGE('',*,*,#11381,.T.);
#11381 = EDGE_CURVE('',#11320,#11382,#11384,.T.);
#11382 = VERTEX_POINT('',#11383);
#11383 = CARTESIAN_POINT('',(26.5,71.2,-27.97927405783));
#11384 = LINE('',#11385,#11386);
#11385 = CARTESIAN_POINT('',(30.,71.2,-25.95854811567));
#11386 = VECTOR('',#11387,1.);
#11387 = DIRECTION('',(-0.866025403784,0.,-0.5));
#11388 = ORIENTED_EDGE('',*,*,#11389,.F.);
#11389 = EDGE_CURVE('',#11390,#11382,#11392,.T.);
#11390 = VERTEX_POINT('',#11391);
#11391 = CARTESIAN_POINT('',(26.5,68.,-27.97927405783));
#11392 = LINE('',#11393,#11394);
#11393 = CARTESIAN_POINT('',(26.5,68.,-27.97927405783));
#11394 = VECTOR('',#11395,1.);
#11395 = DIRECTION('',(0.,1.,0.));
#11396 = ORIENTED_EDGE('',*,*,#11397,.F.);
#11397 = EDGE_CURVE('',#11328,#11390,#11398,.T.);
#11398 = LINE('',#11399,#11400);
#11399 = CARTESIAN_POINT('',(30.,68.,-25.95854811567));
#11400 = VECTOR('',#11401,1.);
#11401 = DIRECTION('',(-0.866025403784,0.,-0.5));
#11402 = PLANE('',#11403);
#11403 = AXIS2_PLACEMENT_3D('',#11404,#11405,#11406);
#11404 = CARTESIAN_POINT('',(30.,68.,-25.95854811567));
#11405 = DIRECTION('',(-0.5,0.,0.866025403784));
#11406 = DIRECTION('',(-0.866025403784,0.,-0.5));
#11407 = ADVANCED_FACE('',(#11408,#11435),#11446,.T.);
#11408 = FACE_BOUND('',#11409,.T.);
#11409 = EDGE_LOOP('',(#11410,#11411,#11412,#11420,#11428,#11434));
#11410 = ORIENTED_EDGE('',*,*,#11335,.T.);
#11411 = ORIENTED_EDGE('',*,*,#11397,.T.);
#11412 = ORIENTED_EDGE('',*,*,#11413,.T.);
#11413 = EDGE_CURVE('',#11390,#11414,#11416,.T.);
#11414 = VERTEX_POINT('',#11415);
#11415 = CARTESIAN_POINT('',(26.5,68.,-32.02072594216));
#11416 = LINE('',#11417,#11418);
#11417 = CARTESIAN_POINT('',(26.5,68.,-27.97927405783));
#11418 = VECTOR('',#11419,1.);
#11419 = DIRECTION('',(0.,0.,-1.));
#11420 = ORIENTED_EDGE('',*,*,#11421,.T.);
#11421 = EDGE_CURVE('',#11414,#11422,#11424,.T.);
#11422 = VERTEX_POINT('',#11423);
#11423 = CARTESIAN_POINT('',(30.,68.,-34.04145188432));
#11424 = LINE('',#11425,#11426);
#11425 = CARTESIAN_POINT('',(26.5,68.,-32.02072594216));
#11426 = VECTOR('',#11427,1.);
#11427 = DIRECTION('',(0.866025403784,0.,-0.5));
#11428 = ORIENTED_EDGE('',*,*,#11429,.T.);
#11429 = EDGE_CURVE('',#11422,#11350,#11430,.T.);
#11430 = LINE('',#11431,#11432);
#11431 = CARTESIAN_POINT('',(30.,68.,-34.04145188432));
#11432 = VECTOR('',#11433,1.);
#11433 = DIRECTION('',(0.866025403784,0.,0.5));
#11434 = ORIENTED_EDGE('',*,*,#11366,.T.);
#11435 = FACE_BOUND('',#11436,.T.);
#11436 = EDGE_LOOP('',(#11437));
#11437 = ORIENTED_EDGE('',*,*,#11438,.T.);
#11438 = EDGE_CURVE('',#11439,#11439,#11441,.T.);
#11439 = VERTEX_POINT('',#11440);
#11440 = CARTESIAN_POINT('',(30.,68.,-28.));
#11441 = CIRCLE('',#11442,2.);
#11442 = AXIS2_PLACEMENT_3D('',#11443,#11444,#11445);
#11443 = CARTESIAN_POINT('',(30.,68.,-30.));
#11444 = DIRECTION('',(0.,1.,0.));
#11445 = DIRECTION('',(0.,0.,1.));
#11446 = PLANE('',#11447);
#11447 = AXIS2_PLACEMENT_3D('',#11448,#11449,#11450);
#11448 = CARTESIAN_POINT('',(30.,68.,-30.));
#11449 = DIRECTION('',(-0.,-1.,-0.));
#11450 = DIRECTION('',(0.,0.,-1.));
#11451 = ADVANCED_FACE('',(#11452,#11479),#11490,.F.);
#11452 = FACE_BOUND('',#11453,.F.);
#11453 = EDGE_LOOP('',(#11454,#11455,#11456,#11464,#11472,#11478));
#11454 = ORIENTED_EDGE('',*,*,#11319,.T.);
#11455 = ORIENTED_EDGE('',*,*,#11381,.T.);
#11456 = ORIENTED_EDGE('',*,*,#11457,.T.);
#11457 = EDGE_CURVE('',#11382,#11458,#11460,.T.);
#11458 = VERTEX_POINT('',#11459);
#11459 = CARTESIAN_POINT('',(26.5,71.2,-32.02072594216));
#11460 = LINE('',#11461,#11462);
#11461 = CARTESIAN_POINT('',(26.5,71.2,-27.97927405783));
#11462 = VECTOR('',#11463,1.);
#11463 = DIRECTION('',(0.,0.,-1.));
#11464 = ORIENTED_EDGE('',*,*,#11465,.T.);
#11465 = EDGE_CURVE('',#11458,#11466,#11468,.T.);
#11466 = VERTEX_POINT('',#11467);
#11467 = CARTESIAN_POINT('',(30.,71.2,-34.04145188432));
#11468 = LINE('',#11469,#11470);
#11469 = CARTESIAN_POINT('',(26.5,71.2,-32.02072594216));
#11470 = VECTOR('',#11471,1.);
#11471 = DIRECTION('',(0.866025403784,0.,-0.5));
#11472 = ORIENTED_EDGE('',*,*,#11473,.T.);
#11473 = EDGE_CURVE('',#11466,#11352,#11474,.T.);
#11474 = LINE('',#11475,#11476);
#11475 = CARTESIAN_POINT('',(30.,71.2,-34.04145188432));
#11476 = VECTOR('',#11477,1.);
#11477 = DIRECTION('',(0.866025403784,0.,0.5));
#11478 = ORIENTED_EDGE('',*,*,#11359,.T.);
#11479 = FACE_BOUND('',#11480,.F.);
#11480 = EDGE_LOOP('',(#11481));
#11481 = ORIENTED_EDGE('',*,*,#11482,.T.);
#11482 = EDGE_CURVE('',#11483,#11483,#11485,.T.);
#11483 = VERTEX_POINT('',#11484);
#11484 = CARTESIAN_POINT('',(30.,71.2,-28.));
#11485 = CIRCLE('',#11486,2.);
#11486 = AXIS2_PLACEMENT_3D('',#11487,#11488,#11489);
#11487 = CARTESIAN_POINT('',(30.,71.2,-30.));
#11488 = DIRECTION('',(0.,1.,0.));
#11489 = DIRECTION('',(0.,0.,1.));
#11490 = PLANE('',#11491);
#11491 = AXIS2_PLACEMENT_3D('',#11492,#11493,#11494);
#11492 = CARTESIAN_POINT('',(30.,71.2,-30.));
#11493 = DIRECTION('',(-0.,-1.,-0.));
#11494 = DIRECTION('',(0.,0.,-1.));
#11495 = ADVANCED_FACE('',(#11496),#11507,.T.);
#11496 = FACE_BOUND('',#11497,.T.);
#11497 = EDGE_LOOP('',(#11498,#11504,#11505,#11506));
#11498 = ORIENTED_EDGE('',*,*,#11499,.T.);
#11499 = EDGE_CURVE('',#11422,#11466,#11500,.T.);
#11500 = LINE('',#11501,#11502);
#11501 = CARTESIAN_POINT('',(30.,68.,-34.04145188432));
#11502 = VECTOR('',#11503,1.);
#11503 = DIRECTION('',(0.,1.,0.));
#11504 = ORIENTED_EDGE('',*,*,#11473,.T.);
#11505 = ORIENTED_EDGE('',*,*,#11349,.F.);
#11506 = ORIENTED_EDGE('',*,*,#11429,.F.);
#11507 = PLANE('',#11508);
#11508 = AXIS2_PLACEMENT_3D('',#11509,#11510,#11511);
#11509 = CARTESIAN_POINT('',(30.,68.,-34.04145188432));
#11510 = DIRECTION('',(0.5,0.,-0.866025403784));
#11511 = DIRECTION('',(0.866025403784,0.,0.5));
#11512 = ADVANCED_FACE('',(#11513),#11524,.T.);
#11513 = FACE_BOUND('',#11514,.T.);
#11514 = EDGE_LOOP('',(#11515,#11516,#11517,#11523));
#11515 = ORIENTED_EDGE('',*,*,#11389,.T.);
#11516 = ORIENTED_EDGE('',*,*,#11457,.T.);
#11517 = ORIENTED_EDGE('',*,*,#11518,.F.);
#11518 = EDGE_CURVE('',#11414,#11458,#11519,.T.);
#11519 = LINE('',#11520,#11521);
#11520 = CARTESIAN_POINT('',(26.5,68.,-32.02072594216));
#11521 = VECTOR('',#11522,1.);
#11522 = DIRECTION('',(0.,1.,0.));
#11523 = ORIENTED_EDGE('',*,*,#11413,.F.);
#11524 = PLANE('',#11525);
#11525 = AXIS2_PLACEMENT_3D('',#11526,#11527,#11528);
#11526 = CARTESIAN_POINT('',(26.5,68.,-27.97927405783));
#11527 = DIRECTION('',(-1.,0.,0.));
#11528 = DIRECTION('',(0.,0.,-1.));
#11529 = ADVANCED_FACE('',(#11530),#11536,.T.);
#11530 = FACE_BOUND('',#11531,.T.);
#11531 = EDGE_LOOP('',(#11532,#11533,#11534,#11535));
#11532 = ORIENTED_EDGE('',*,*,#11518,.T.);
#11533 = ORIENTED_EDGE('',*,*,#11465,.T.);
#11534 = ORIENTED_EDGE('',*,*,#11499,.F.);
#11535 = ORIENTED_EDGE('',*,*,#11421,.F.);
#11536 = PLANE('',#11537);
#11537 = AXIS2_PLACEMENT_3D('',#11538,#11539,#11540);
#11538 = CARTESIAN_POINT('',(26.5,68.,-32.02072594216));
#11539 = DIRECTION('',(-0.5,0.,-0.866025403784));
#11540 = DIRECTION('',(0.866025403784,0.,-0.5));
#11541 = ADVANCED_FACE('',(#11542),#11553,.F.);
#11542 = FACE_BOUND('',#11543,.F.);
#11543 = EDGE_LOOP('',(#11544,#11545,#11551,#11552));
#11544 = ORIENTED_EDGE('',*,*,#11482,.F.);
#11545 = ORIENTED_EDGE('',*,*,#11546,.F.);
#11546 = EDGE_CURVE('',#11439,#11483,#11547,.T.);
#11547 = LINE('',#11548,#11549);
#11548 = CARTESIAN_POINT('',(30.,67.9,-28.));
#11549 = VECTOR('',#11550,1.);
#11550 = DIRECTION('',(0.,1.,0.));
#11551 = ORIENTED_EDGE('',*,*,#11438,.T.);
#11552 = ORIENTED_EDGE('',*,*,#11546,.T.);
#11553 = CYLINDRICAL_SURFACE('',#11554,2.);
#11554 = AXIS2_PLACEMENT_3D('',#11555,#11556,#11557);
#11555 = CARTESIAN_POINT('',(30.,67.9,-30.));
#11556 = DIRECTION('',(0.,1.,0.));
#11557 = DIRECTION('',(0.,0.,1.));
#11558 = MANIFOLD_SOLID_BREP('',#11559);
#11559 = CLOSED_SHELL('',(#11560,#11600,#11631,#11662,#11706,#11750,
    #11767,#11784,#11796));
#11560 = ADVANCED_FACE('',(#11561),#11595,.T.);
#11561 = FACE_BOUND('',#11562,.F.);
#11562 = EDGE_LOOP('',(#11563,#11573,#11581,#11589));
#11563 = ORIENTED_EDGE('',*,*,#11564,.T.);
#11564 = EDGE_CURVE('',#11565,#11567,#11569,.T.);
#11565 = VERTEX_POINT('',#11566);
#11566 = CARTESIAN_POINT('',(33.5,-68.,-27.97927405783));
#11567 = VERTEX_POINT('',#11568);
#11568 = CARTESIAN_POINT('',(33.5,-71.2,-27.97927405783));
#11569 = LINE('',#11570,#11571);
#11570 = CARTESIAN_POINT('',(33.5,-68.,-27.97927405783));
#11571 = VECTOR('',#11572,1.);
#11572 = DIRECTION('',(-0.,-1.,-0.));
#11573 = ORIENTED_EDGE('',*,*,#11574,.T.);
#11574 = EDGE_CURVE('',#11567,#11575,#11577,.T.);
#11575 = VERTEX_POINT('',#11576);
#11576 = CARTESIAN_POINT('',(30.,-71.2,-25.95854811567));
#11577 = LINE('',#11578,#11579);
#11578 = CARTESIAN_POINT('',(33.5,-71.2,-27.97927405783));
#11579 = VECTOR('',#11580,1.);
#11580 = DIRECTION('',(-0.866025403784,0.,0.5));
#11581 = ORIENTED_EDGE('',*,*,#11582,.F.);
#11582 = EDGE_CURVE('',#11583,#11575,#11585,.T.);
#11583 = VERTEX_POINT('',#11584);
#11584 = CARTESIAN_POINT('',(30.,-68.,-25.95854811567));
#11585 = LINE('',#11586,#11587);
#11586 = CARTESIAN_POINT('',(30.,-68.,-25.95854811567));
#11587 = VECTOR('',#11588,1.);
#11588 = DIRECTION('',(-0.,-1.,-0.));
#11589 = ORIENTED_EDGE('',*,*,#11590,.F.);
#11590 = EDGE_CURVE('',#11565,#11583,#11591,.T.);
#11591 = LINE('',#11592,#11593);
#11592 = CARTESIAN_POINT('',(33.5,-68.,-27.97927405783));
#11593 = VECTOR('',#11594,1.);
#11594 = DIRECTION('',(-0.866025403784,0.,0.5));
#11595 = PLANE('',#11596);
#11596 = AXIS2_PLACEMENT_3D('',#11597,#11598,#11599);
#11597 = CARTESIAN_POINT('',(33.5,-68.,-27.97927405783));
#11598 = DIRECTION('',(0.5,0.,0.866025403784));
#11599 = DIRECTION('',(0.866025403784,0.,-0.5));
#11600 = ADVANCED_FACE('',(#11601),#11626,.T.);
#11601 = FACE_BOUND('',#11602,.F.);
#11602 = EDGE_LOOP('',(#11603,#11613,#11619,#11620));
#11603 = ORIENTED_EDGE('',*,*,#11604,.T.);
#11604 = EDGE_CURVE('',#11605,#11607,#11609,.T.);
#11605 = VERTEX_POINT('',#11606);
#11606 = CARTESIAN_POINT('',(33.5,-68.,-32.02072594216));
#11607 = VERTEX_POINT('',#11608);
#11608 = CARTESIAN_POINT('',(33.5,-71.2,-32.02072594216));
#11609 = LINE('',#11610,#11611);
#11610 = CARTESIAN_POINT('',(33.5,-68.,-32.02072594216));
#11611 = VECTOR('',#11612,1.);
#11612 = DIRECTION('',(-0.,-1.,-0.));
#11613 = ORIENTED_EDGE('',*,*,#11614,.T.);
#11614 = EDGE_CURVE('',#11607,#11567,#11615,.T.);
#11615 = LINE('',#11616,#11617);
#11616 = CARTESIAN_POINT('',(33.5,-71.2,-32.02072594216));
#11617 = VECTOR('',#11618,1.);
#11618 = DIRECTION('',(0.,0.,1.));
#11619 = ORIENTED_EDGE('',*,*,#11564,.F.);
#11620 = ORIENTED_EDGE('',*,*,#11621,.F.);
#11621 = EDGE_CURVE('',#11605,#11565,#11622,.T.);
#11622 = LINE('',#11623,#11624);
#11623 = CARTESIAN_POINT('',(33.5,-68.,-32.02072594216));
#11624 = VECTOR('',#11625,1.);
#11625 = DIRECTION('',(0.,0.,1.));
#11626 = PLANE('',#11627);
#11627 = AXIS2_PLACEMENT_3D('',#11628,#11629,#11630);
#11628 = CARTESIAN_POINT('',(33.5,-68.,-32.02072594216));
#11629 = DIRECTION('',(1.,0.,0.));
#11630 = DIRECTION('',(0.,0.,-1.));
#11631 = ADVANCED_FACE('',(#11632),#11657,.T.);
#11632 = FACE_BOUND('',#11633,.F.);
#11633 = EDGE_LOOP('',(#11634,#11635,#11643,#11651));
#11634 = ORIENTED_EDGE('',*,*,#11582,.T.);
#11635 = ORIENTED_EDGE('',*,*,#11636,.T.);
#11636 = EDGE_CURVE('',#11575,#11637,#11639,.T.);
#11637 = VERTEX_POINT('',#11638);
#11638 = CARTESIAN_POINT('',(26.5,-71.2,-27.97927405783));
#11639 = LINE('',#11640,#11641);
#11640 = CARTESIAN_POINT('',(30.,-71.2,-25.95854811567));
#11641 = VECTOR('',#11642,1.);
#11642 = DIRECTION('',(-0.866025403784,-0.,-0.5));
#11643 = ORIENTED_EDGE('',*,*,#11644,.F.);
#11644 = EDGE_CURVE('',#11645,#11637,#11647,.T.);
#11645 = VERTEX_POINT('',#11646);
#11646 = CARTESIAN_POINT('',(26.5,-68.,-27.97927405783));
#11647 = LINE('',#11648,#11649);
#11648 = CARTESIAN_POINT('',(26.5,-68.,-27.97927405783));
#11649 = VECTOR('',#11650,1.);
#11650 = DIRECTION('',(-0.,-1.,-0.));
#11651 = ORIENTED_EDGE('',*,*,#11652,.F.);
#11652 = EDGE_CURVE('',#11583,#11645,#11653,.T.);
#11653 = LINE('',#11654,#11655);
#11654 = CARTESIAN_POINT('',(30.,-68.,-25.95854811567));
#11655 = VECTOR('',#11656,1.);
#11656 = DIRECTION('',(-0.866025403784,-0.,-0.5));
#11657 = PLANE('',#11658);
#11658 = AXIS2_PLACEMENT_3D('',#11659,#11660,#11661);
#11659 = CARTESIAN_POINT('',(30.,-68.,-25.95854811567));
#11660 = DIRECTION('',(-0.5,0.,0.866025403784));
#11661 = DIRECTION('',(0.866025403784,0.,0.5));
#11662 = ADVANCED_FACE('',(#11663,#11690),#11701,.T.);
#11663 = FACE_BOUND('',#11664,.F.);
#11664 = EDGE_LOOP('',(#11665,#11666,#11667,#11675,#11683,#11689));
#11665 = ORIENTED_EDGE('',*,*,#11590,.T.);
#11666 = ORIENTED_EDGE('',*,*,#11652,.T.);
#11667 = ORIENTED_EDGE('',*,*,#11668,.T.);
#11668 = EDGE_CURVE('',#11645,#11669,#11671,.T.);
#11669 = VERTEX_POINT('',#11670);
#11670 = CARTESIAN_POINT('',(26.5,-68.,-32.02072594216));
#11671 = LINE('',#11672,#11673);
#11672 = CARTESIAN_POINT('',(26.5,-68.,-27.97927405783));
#11673 = VECTOR('',#11674,1.);
#11674 = DIRECTION('',(-0.,-0.,-1.));
#11675 = ORIENTED_EDGE('',*,*,#11676,.T.);
#11676 = EDGE_CURVE('',#11669,#11677,#11679,.T.);
#11677 = VERTEX_POINT('',#11678);
#11678 = CARTESIAN_POINT('',(30.,-68.,-34.04145188432));
#11679 = LINE('',#11680,#11681);
#11680 = CARTESIAN_POINT('',(26.5,-68.,-32.02072594216));
#11681 = VECTOR('',#11682,1.);
#11682 = DIRECTION('',(0.866025403784,0.,-0.5));
#11683 = ORIENTED_EDGE('',*,*,#11684,.T.);
#11684 = EDGE_CURVE('',#11677,#11605,#11685,.T.);
#11685 = LINE('',#11686,#11687);
#11686 = CARTESIAN_POINT('',(30.,-68.,-34.04145188432));
#11687 = VECTOR('',#11688,1.);
#11688 = DIRECTION('',(0.866025403784,0.,0.5));
#11689 = ORIENTED_EDGE('',*,*,#11621,.T.);
#11690 = FACE_BOUND('',#11691,.F.);
#11691 = EDGE_LOOP('',(#11692));
#11692 = ORIENTED_EDGE('',*,*,#11693,.T.);
#11693 = EDGE_CURVE('',#11694,#11694,#11696,.T.);
#11694 = VERTEX_POINT('',#11695);
#11695 = CARTESIAN_POINT('',(30.,-68.,-28.));
#11696 = CIRCLE('',#11697,2.);
#11697 = AXIS2_PLACEMENT_3D('',#11698,#11699,#11700);
#11698 = CARTESIAN_POINT('',(30.,-68.,-30.));
#11699 = DIRECTION('',(0.,1.,0.));
#11700 = DIRECTION('',(0.,0.,1.));
#11701 = PLANE('',#11702);
#11702 = AXIS2_PLACEMENT_3D('',#11703,#11704,#11705);
#11703 = CARTESIAN_POINT('',(30.,-68.,-30.));
#11704 = DIRECTION('',(0.,1.,0.));
#11705 = DIRECTION('',(0.,0.,1.));
#11706 = ADVANCED_FACE('',(#11707,#11734),#11745,.F.);
#11707 = FACE_BOUND('',#11708,.T.);
#11708 = EDGE_LOOP('',(#11709,#11710,#11711,#11719,#11727,#11733));
#11709 = ORIENTED_EDGE('',*,*,#11574,.T.);
#11710 = ORIENTED_EDGE('',*,*,#11636,.T.);
#11711 = ORIENTED_EDGE('',*,*,#11712,.T.);
#11712 = EDGE_CURVE('',#11637,#11713,#11715,.T.);
#11713 = VERTEX_POINT('',#11714);
#11714 = CARTESIAN_POINT('',(26.5,-71.2,-32.02072594216));
#11715 = LINE('',#11716,#11717);
#11716 = CARTESIAN_POINT('',(26.5,-71.2,-27.97927405783));
#11717 = VECTOR('',#11718,1.);
#11718 = DIRECTION('',(-0.,-0.,-1.));
#11719 = ORIENTED_EDGE('',*,*,#11720,.T.);
#11720 = EDGE_CURVE('',#11713,#11721,#11723,.T.);
#11721 = VERTEX_POINT('',#11722);
#11722 = CARTESIAN_POINT('',(30.,-71.2,-34.04145188432));
#11723 = LINE('',#11724,#11725);
#11724 = CARTESIAN_POINT('',(26.5,-71.2,-32.02072594216));
#11725 = VECTOR('',#11726,1.);
#11726 = DIRECTION('',(0.866025403784,0.,-0.5));
#11727 = ORIENTED_EDGE('',*,*,#11728,.T.);
#11728 = EDGE_CURVE('',#11721,#11607,#11729,.T.);
#11729 = LINE('',#11730,#11731);
#11730 = CARTESIAN_POINT('',(30.,-71.2,-34.04145188432));
#11731 = VECTOR('',#11732,1.);
#11732 = DIRECTION('',(0.866025403784,0.,0.5));
#11733 = ORIENTED_EDGE('',*,*,#11614,.T.);
#11734 = FACE_BOUND('',#11735,.T.);
#11735 = EDGE_LOOP('',(#11736));
#11736 = ORIENTED_EDGE('',*,*,#11737,.T.);
#11737 = EDGE_CURVE('',#11738,#11738,#11740,.T.);
#11738 = VERTEX_POINT('',#11739);
#11739 = CARTESIAN_POINT('',(30.,-71.2,-28.));
#11740 = CIRCLE('',#11741,2.);
#11741 = AXIS2_PLACEMENT_3D('',#11742,#11743,#11744);
#11742 = CARTESIAN_POINT('',(30.,-71.2,-30.));
#11743 = DIRECTION('',(0.,1.,0.));
#11744 = DIRECTION('',(0.,0.,1.));
#11745 = PLANE('',#11746);
#11746 = AXIS2_PLACEMENT_3D('',#11747,#11748,#11749);
#11747 = CARTESIAN_POINT('',(30.,-71.2,-30.));
#11748 = DIRECTION('',(0.,1.,0.));
#11749 = DIRECTION('',(0.,0.,1.));
#11750 = ADVANCED_FACE('',(#11751),#11762,.T.);
#11751 = FACE_BOUND('',#11752,.F.);
#11752 = EDGE_LOOP('',(#11753,#11759,#11760,#11761));
#11753 = ORIENTED_EDGE('',*,*,#11754,.T.);
#11754 = EDGE_CURVE('',#11677,#11721,#11755,.T.);
#11755 = LINE('',#11756,#11757);
#11756 = CARTESIAN_POINT('',(30.,-68.,-34.04145188432));
#11757 = VECTOR('',#11758,1.);
#11758 = DIRECTION('',(-0.,-1.,-0.));
#11759 = ORIENTED_EDGE('',*,*,#11728,.T.);
#11760 = ORIENTED_EDGE('',*,*,#11604,.F.);
#11761 = ORIENTED_EDGE('',*,*,#11684,.F.);
#11762 = PLANE('',#11763);
#11763 = AXIS2_PLACEMENT_3D('',#11764,#11765,#11766);
#11764 = CARTESIAN_POINT('',(30.,-68.,-34.04145188432));
#11765 = DIRECTION('',(0.5,0.,-0.866025403784));
#11766 = DIRECTION('',(-0.866025403784,0.,-0.5));
#11767 = ADVANCED_FACE('',(#11768),#11779,.T.);
#11768 = FACE_BOUND('',#11769,.F.);
#11769 = EDGE_LOOP('',(#11770,#11771,#11772,#11778));
#11770 = ORIENTED_EDGE('',*,*,#11644,.T.);
#11771 = ORIENTED_EDGE('',*,*,#11712,.T.);
#11772 = ORIENTED_EDGE('',*,*,#11773,.F.);
#11773 = EDGE_CURVE('',#11669,#11713,#11774,.T.);
#11774 = LINE('',#11775,#11776);
#11775 = CARTESIAN_POINT('',(26.5,-68.,-32.02072594216));
#11776 = VECTOR('',#11777,1.);
#11777 = DIRECTION('',(-0.,-1.,-0.));
#11778 = ORIENTED_EDGE('',*,*,#11668,.F.);
#11779 = PLANE('',#11780);
#11780 = AXIS2_PLACEMENT_3D('',#11781,#11782,#11783);
#11781 = CARTESIAN_POINT('',(26.5,-68.,-27.97927405783));
#11782 = DIRECTION('',(-1.,-0.,-0.));
#11783 = DIRECTION('',(0.,0.,1.));
#11784 = ADVANCED_FACE('',(#11785),#11791,.T.);
#11785 = FACE_BOUND('',#11786,.F.);
#11786 = EDGE_LOOP('',(#11787,#11788,#11789,#11790));
#11787 = ORIENTED_EDGE('',*,*,#11773,.T.);
#11788 = ORIENTED_EDGE('',*,*,#11720,.T.);
#11789 = ORIENTED_EDGE('',*,*,#11754,.F.);
#11790 = ORIENTED_EDGE('',*,*,#11676,.F.);
#11791 = PLANE('',#11792);
#11792 = AXIS2_PLACEMENT_3D('',#11793,#11794,#11795);
#11793 = CARTESIAN_POINT('',(26.5,-68.,-32.02072594216));
#11794 = DIRECTION('',(-0.5,-0.,-0.866025403784));
#11795 = DIRECTION('',(-0.866025403784,0.,0.5));
#11796 = ADVANCED_FACE('',(#11797),#11808,.F.);
#11797 = FACE_BOUND('',#11798,.T.);
#11798 = EDGE_LOOP('',(#11799,#11800,#11806,#11807));
#11799 = ORIENTED_EDGE('',*,*,#11737,.F.);
#11800 = ORIENTED_EDGE('',*,*,#11801,.F.);
#11801 = EDGE_CURVE('',#11694,#11738,#11802,.T.);
#11802 = LINE('',#11803,#11804);
#11803 = CARTESIAN_POINT('',(30.,-67.9,-28.));
#11804 = VECTOR('',#11805,1.);
#11805 = DIRECTION('',(-0.,-1.,-0.));
#11806 = ORIENTED_EDGE('',*,*,#11693,.T.);
#11807 = ORIENTED_EDGE('',*,*,#11801,.T.);
#11808 = CYLINDRICAL_SURFACE('',#11809,2.);
#11809 = AXIS2_PLACEMENT_3D('',#11810,#11811,#11812);
#11810 = CARTESIAN_POINT('',(30.,-67.9,-30.));
#11811 = DIRECTION('',(-0.,-1.,-0.));
#11812 = DIRECTION('',(0.,0.,1.));
#11813 = MANIFOLD_SOLID_BREP('',#11814);
#11814 = CLOSED_SHELL('',(#11815,#11848,#11868,#11888));
#11815 = ADVANCED_FACE('',(#11816),#11843,.T.);
#11816 = FACE_BOUND('',#11817,.T.);
#11817 = EDGE_LOOP('',(#11818,#11827,#11835,#11842));
#11818 = ORIENTED_EDGE('',*,*,#11819,.F.);
#11819 = EDGE_CURVE('',#11820,#11820,#11822,.T.);
#11820 = VERTEX_POINT('',#11821);
#11821 = CARTESIAN_POINT('',(30.,72.,34.5));
#11822 = CIRCLE('',#11823,4.5);
#11823 = AXIS2_PLACEMENT_3D('',#11824,#11825,#11826);
#11824 = CARTESIAN_POINT('',(30.,72.,30.));
#11825 = DIRECTION('',(0.,1.,0.));
#11826 = DIRECTION('',(0.,0.,1.));
#11827 = ORIENTED_EDGE('',*,*,#11828,.F.);
#11828 = EDGE_CURVE('',#11829,#11820,#11831,.T.);
#11829 = VERTEX_POINT('',#11830);
#11830 = CARTESIAN_POINT('',(30.,71.2,34.5));
#11831 = LINE('',#11832,#11833);
#11832 = CARTESIAN_POINT('',(30.,71.2,34.5));
#11833 = VECTOR('',#11834,1.);
#11834 = DIRECTION('',(0.,1.,0.));
#11835 = ORIENTED_EDGE('',*,*,#11836,.T.);
#11836 = EDGE_CURVE('',#11829,#11829,#11837,.T.);
#11837 = CIRCLE('',#11838,4.5);
#11838 = AXIS2_PLACEMENT_3D('',#11839,#11840,#11841);
#11839 = CARTESIAN_POINT('',(30.,71.2,30.));
#11840 = DIRECTION('',(0.,1.,0.));
#11841 = DIRECTION('',(0.,0.,1.));
#11842 = ORIENTED_EDGE('',*,*,#11828,.T.);
#11843 = CYLINDRICAL_SURFACE('',#11844,4.5);
#11844 = AXIS2_PLACEMENT_3D('',#11845,#11846,#11847);
#11845 = CARTESIAN_POINT('',(30.,71.2,30.));
#11846 = DIRECTION('',(0.,1.,0.));
#11847 = DIRECTION('',(0.,0.,1.));
#11848 = ADVANCED_FACE('',(#11849,#11852),#11863,.T.);
#11849 = FACE_BOUND('',#11850,.T.);
#11850 = EDGE_LOOP('',(#11851));
#11851 = ORIENTED_EDGE('',*,*,#11819,.T.);
#11852 = FACE_BOUND('',#11853,.T.);
#11853 = EDGE_LOOP('',(#11854));
#11854 = ORIENTED_EDGE('',*,*,#11855,.F.);
#11855 = EDGE_CURVE('',#11856,#11856,#11858,.T.);
#11856 = VERTEX_POINT('',#11857);
#11857 = CARTESIAN_POINT('',(30.,72.,32.15));
#11858 = CIRCLE('',#11859,2.15);
#11859 = AXIS2_PLACEMENT_3D('',#11860,#11861,#11862);
#11860 = CARTESIAN_POINT('',(30.,72.,30.));
#11861 = DIRECTION('',(0.,1.,0.));
#11862 = DIRECTION('',(0.,0.,1.));
#11863 = PLANE('',#11864);
#11864 = AXIS2_PLACEMENT_3D('',#11865,#11866,#11867);
#11865 = CARTESIAN_POINT('',(30.,72.,30.));
#11866 = DIRECTION('',(0.,1.,0.));
#11867 = DIRECTION('',(0.,0.,1.));
#11868 = ADVANCED_FACE('',(#11869,#11872),#11883,.F.);
#11869 = FACE_BOUND('',#11870,.F.);
#11870 = EDGE_LOOP('',(#11871));
#11871 = ORIENTED_EDGE('',*,*,#11836,.T.);
#11872 = FACE_BOUND('',#11873,.F.);
#11873 = EDGE_LOOP('',(#11874));
#11874 = ORIENTED_EDGE('',*,*,#11875,.F.);
#11875 = EDGE_CURVE('',#11876,#11876,#11878,.T.);
#11876 = VERTEX_POINT('',#11877);
#11877 = CARTESIAN_POINT('',(30.,71.2,32.15));
#11878 = CIRCLE('',#11879,2.15);
#11879 = AXIS2_PLACEMENT_3D('',#11880,#11881,#11882);
#11880 = CARTESIAN_POINT('',(30.,71.2,30.));
#11881 = DIRECTION('',(0.,1.,0.));
#11882 = DIRECTION('',(0.,0.,1.));
#11883 = PLANE('',#11884);
#11884 = AXIS2_PLACEMENT_3D('',#11885,#11886,#11887);
#11885 = CARTESIAN_POINT('',(30.,71.2,30.));
#11886 = DIRECTION('',(0.,1.,0.));
#11887 = DIRECTION('',(0.,0.,1.));
#11888 = ADVANCED_FACE('',(#11889),#11900,.F.);
#11889 = FACE_BOUND('',#11890,.F.);
#11890 = EDGE_LOOP('',(#11891,#11892,#11898,#11899));
#11891 = ORIENTED_EDGE('',*,*,#11855,.F.);
#11892 = ORIENTED_EDGE('',*,*,#11893,.F.);
#11893 = EDGE_CURVE('',#11876,#11856,#11894,.T.);
#11894 = LINE('',#11895,#11896);
#11895 = CARTESIAN_POINT('',(30.,71.1,32.15));
#11896 = VECTOR('',#11897,1.);
#11897 = DIRECTION('',(0.,1.,0.));
#11898 = ORIENTED_EDGE('',*,*,#11875,.T.);
#11899 = ORIENTED_EDGE('',*,*,#11893,.T.);
#11900 = CYLINDRICAL_SURFACE('',#11901,2.15);
#11901 = AXIS2_PLACEMENT_3D('',#11902,#11903,#11904);
#11902 = CARTESIAN_POINT('',(30.,71.1,30.));
#11903 = DIRECTION('',(0.,1.,0.));
#11904 = DIRECTION('',(0.,0.,1.));
#11905 = MANIFOLD_SOLID_BREP('',#11906);
#11906 = CLOSED_SHELL('',(#11907,#11940,#11960,#11980));
#11907 = ADVANCED_FACE('',(#11908),#11935,.T.);
#11908 = FACE_BOUND('',#11909,.F.);
#11909 = EDGE_LOOP('',(#11910,#11919,#11927,#11934));
#11910 = ORIENTED_EDGE('',*,*,#11911,.F.);
#11911 = EDGE_CURVE('',#11912,#11912,#11914,.T.);
#11912 = VERTEX_POINT('',#11913);
#11913 = CARTESIAN_POINT('',(30.,-72.,34.5));
#11914 = CIRCLE('',#11915,4.5);
#11915 = AXIS2_PLACEMENT_3D('',#11916,#11917,#11918);
#11916 = CARTESIAN_POINT('',(30.,-72.,30.));
#11917 = DIRECTION('',(0.,1.,0.));
#11918 = DIRECTION('',(0.,0.,1.));
#11919 = ORIENTED_EDGE('',*,*,#11920,.F.);
#11920 = EDGE_CURVE('',#11921,#11912,#11923,.T.);
#11921 = VERTEX_POINT('',#11922);
#11922 = CARTESIAN_POINT('',(30.,-71.2,34.5));
#11923 = LINE('',#11924,#11925);
#11924 = CARTESIAN_POINT('',(30.,-71.2,34.5));
#11925 = VECTOR('',#11926,1.);
#11926 = DIRECTION('',(-0.,-1.,-0.));
#11927 = ORIENTED_EDGE('',*,*,#11928,.T.);
#11928 = EDGE_CURVE('',#11921,#11921,#11929,.T.);
#11929 = CIRCLE('',#11930,4.5);
#11930 = AXIS2_PLACEMENT_3D('',#11931,#11932,#11933);
#11931 = CARTESIAN_POINT('',(30.,-71.2,30.));
#11932 = DIRECTION('',(0.,1.,0.));
#11933 = DIRECTION('',(0.,0.,1.));
#11934 = ORIENTED_EDGE('',*,*,#11920,.T.);
#11935 = CYLINDRICAL_SURFACE('',#11936,4.5);
#11936 = AXIS2_PLACEMENT_3D('',#11937,#11938,#11939);
#11937 = CARTESIAN_POINT('',(30.,-71.2,30.));
#11938 = DIRECTION('',(-0.,-1.,-0.));
#11939 = DIRECTION('',(0.,0.,1.));
#11940 = ADVANCED_FACE('',(#11941,#11944),#11955,.T.);
#11941 = FACE_BOUND('',#11942,.F.);
#11942 = EDGE_LOOP('',(#11943));
#11943 = ORIENTED_EDGE('',*,*,#11911,.T.);
#11944 = FACE_BOUND('',#11945,.F.);
#11945 = EDGE_LOOP('',(#11946));
#11946 = ORIENTED_EDGE('',*,*,#11947,.F.);
#11947 = EDGE_CURVE('',#11948,#11948,#11950,.T.);
#11948 = VERTEX_POINT('',#11949);
#11949 = CARTESIAN_POINT('',(30.,-72.,32.15));
#11950 = CIRCLE('',#11951,2.15);
#11951 = AXIS2_PLACEMENT_3D('',#11952,#11953,#11954);
#11952 = CARTESIAN_POINT('',(30.,-72.,30.));
#11953 = DIRECTION('',(0.,1.,0.));
#11954 = DIRECTION('',(0.,0.,1.));
#11955 = PLANE('',#11956);
#11956 = AXIS2_PLACEMENT_3D('',#11957,#11958,#11959);
#11957 = CARTESIAN_POINT('',(30.,-72.,30.));
#11958 = DIRECTION('',(-0.,-1.,-0.));
#11959 = DIRECTION('',(0.,0.,-1.));
#11960 = ADVANCED_FACE('',(#11961,#11964),#11975,.F.);
#11961 = FACE_BOUND('',#11962,.T.);
#11962 = EDGE_LOOP('',(#11963));
#11963 = ORIENTED_EDGE('',*,*,#11928,.T.);
#11964 = FACE_BOUND('',#11965,.T.);
#11965 = EDGE_LOOP('',(#11966));
#11966 = ORIENTED_EDGE('',*,*,#11967,.F.);
#11967 = EDGE_CURVE('',#11968,#11968,#11970,.T.);
#11968 = VERTEX_POINT('',#11969);
#11969 = CARTESIAN_POINT('',(30.,-71.2,32.15));
#11970 = CIRCLE('',#11971,2.15);
#11971 = AXIS2_PLACEMENT_3D('',#11972,#11973,#11974);
#11972 = CARTESIAN_POINT('',(30.,-71.2,30.));
#11973 = DIRECTION('',(0.,1.,0.));
#11974 = DIRECTION('',(0.,0.,1.));
#11975 = PLANE('',#11976);
#11976 = AXIS2_PLACEMENT_3D('',#11977,#11978,#11979);
#11977 = CARTESIAN_POINT('',(30.,-71.2,30.));
#11978 = DIRECTION('',(-0.,-1.,-0.));
#11979 = DIRECTION('',(0.,0.,-1.));
#11980 = ADVANCED_FACE('',(#11981),#11992,.F.);
#11981 = FACE_BOUND('',#11982,.T.);
#11982 = EDGE_LOOP('',(#11983,#11984,#11990,#11991));
#11983 = ORIENTED_EDGE('',*,*,#11947,.F.);
#11984 = ORIENTED_EDGE('',*,*,#11985,.F.);
#11985 = EDGE_CURVE('',#11968,#11948,#11986,.T.);
#11986 = LINE('',#11987,#11988);
#11987 = CARTESIAN_POINT('',(30.,-71.1,32.15));
#11988 = VECTOR('',#11989,1.);
#11989 = DIRECTION('',(-0.,-1.,-0.));
#11990 = ORIENTED_EDGE('',*,*,#11967,.T.);
#11991 = ORIENTED_EDGE('',*,*,#11985,.T.);
#11992 = CYLINDRICAL_SURFACE('',#11993,2.15);
#11993 = AXIS2_PLACEMENT_3D('',#11994,#11995,#11996);
#11994 = CARTESIAN_POINT('',(30.,-71.1,30.));
#11995 = DIRECTION('',(-0.,-1.,-0.));
#11996 = DIRECTION('',(0.,0.,1.));
#11997 = MANIFOLD_SOLID_BREP('',#11998);
#11998 = CLOSED_SHELL('',(#11999,#12039,#12070,#12101,#12145,#12189,
    #12206,#12223,#12235));
#11999 = ADVANCED_FACE('',(#12000),#12034,.T.);
#12000 = FACE_BOUND('',#12001,.T.);
#12001 = EDGE_LOOP('',(#12002,#12012,#12020,#12028));
#12002 = ORIENTED_EDGE('',*,*,#12003,.T.);
#12003 = EDGE_CURVE('',#12004,#12006,#12008,.T.);
#12004 = VERTEX_POINT('',#12005);
#12005 = CARTESIAN_POINT('',(33.5,68.,32.020725942164));
#12006 = VERTEX_POINT('',#12007);
#12007 = CARTESIAN_POINT('',(33.5,71.2,32.020725942164));
#12008 = LINE('',#12009,#12010);
#12009 = CARTESIAN_POINT('',(33.5,68.,32.020725942164));
#12010 = VECTOR('',#12011,1.);
#12011 = DIRECTION('',(0.,1.,0.));
#12012 = ORIENTED_EDGE('',*,*,#12013,.T.);
#12013 = EDGE_CURVE('',#12006,#12014,#12016,.T.);
#12014 = VERTEX_POINT('',#12015);
#12015 = CARTESIAN_POINT('',(30.,71.2,34.041451884327));
#12016 = LINE('',#12017,#12018);
#12017 = CARTESIAN_POINT('',(33.5,71.2,32.020725942164));
#12018 = VECTOR('',#12019,1.);
#12019 = DIRECTION('',(-0.866025403784,0.,0.5));
#12020 = ORIENTED_EDGE('',*,*,#12021,.F.);
#12021 = EDGE_CURVE('',#12022,#12014,#12024,.T.);
#12022 = VERTEX_POINT('',#12023);
#12023 = CARTESIAN_POINT('',(30.,68.,34.041451884327));
#12024 = LINE('',#12025,#12026);
#12025 = CARTESIAN_POINT('',(30.,68.,34.041451884327));
#12026 = VECTOR('',#12027,1.);
#12027 = DIRECTION('',(0.,1.,0.));
#12028 = ORIENTED_EDGE('',*,*,#12029,.F.);
#12029 = EDGE_CURVE('',#12004,#12022,#12030,.T.);
#12030 = LINE('',#12031,#12032);
#12031 = CARTESIAN_POINT('',(33.5,68.,32.020725942164));
#12032 = VECTOR('',#12033,1.);
#12033 = DIRECTION('',(-0.866025403784,0.,0.5));
#12034 = PLANE('',#12035);
#12035 = AXIS2_PLACEMENT_3D('',#12036,#12037,#12038);
#12036 = CARTESIAN_POINT('',(33.5,68.,32.020725942164));
#12037 = DIRECTION('',(0.5,0.,0.866025403784));
#12038 = DIRECTION('',(-0.866025403784,0.,0.5));
#12039 = ADVANCED_FACE('',(#12040),#12065,.T.);
#12040 = FACE_BOUND('',#12041,.T.);
#12041 = EDGE_LOOP('',(#12042,#12052,#12058,#12059));
#12042 = ORIENTED_EDGE('',*,*,#12043,.T.);
#12043 = EDGE_CURVE('',#12044,#12046,#12048,.T.);
#12044 = VERTEX_POINT('',#12045);
#12045 = CARTESIAN_POINT('',(33.5,68.,27.979274057836));
#12046 = VERTEX_POINT('',#12047);
#12047 = CARTESIAN_POINT('',(33.5,71.2,27.979274057836));
#12048 = LINE('',#12049,#12050);
#12049 = CARTESIAN_POINT('',(33.5,68.,27.979274057836));
#12050 = VECTOR('',#12051,1.);
#12051 = DIRECTION('',(0.,1.,0.));
#12052 = ORIENTED_EDGE('',*,*,#12053,.T.);
#12053 = EDGE_CURVE('',#12046,#12006,#12054,.T.);
#12054 = LINE('',#12055,#12056);
#12055 = CARTESIAN_POINT('',(33.5,71.2,27.979274057836));
#12056 = VECTOR('',#12057,1.);
#12057 = DIRECTION('',(0.,0.,1.));
#12058 = ORIENTED_EDGE('',*,*,#12003,.F.);
#12059 = ORIENTED_EDGE('',*,*,#12060,.F.);
#12060 = EDGE_CURVE('',#12044,#12004,#12061,.T.);
#12061 = LINE('',#12062,#12063);
#12062 = CARTESIAN_POINT('',(33.5,68.,27.979274057836));
#12063 = VECTOR('',#12064,1.);
#12064 = DIRECTION('',(0.,0.,1.));
#12065 = PLANE('',#12066);
#12066 = AXIS2_PLACEMENT_3D('',#12067,#12068,#12069);
#12067 = CARTESIAN_POINT('',(33.5,68.,27.979274057836));
#12068 = DIRECTION('',(1.,0.,0.));
#12069 = DIRECTION('',(0.,0.,1.));
#12070 = ADVANCED_FACE('',(#12071),#12096,.T.);
#12071 = FACE_BOUND('',#12072,.T.);
#12072 = EDGE_LOOP('',(#12073,#12074,#12082,#12090));
#12073 = ORIENTED_EDGE('',*,*,#12021,.T.);
#12074 = ORIENTED_EDGE('',*,*,#12075,.T.);
#12075 = EDGE_CURVE('',#12014,#12076,#12078,.T.);
#12076 = VERTEX_POINT('',#12077);
#12077 = CARTESIAN_POINT('',(26.5,71.2,32.020725942164));
#12078 = LINE('',#12079,#12080);
#12079 = CARTESIAN_POINT('',(30.,71.2,34.041451884327));
#12080 = VECTOR('',#12081,1.);
#12081 = DIRECTION('',(-0.866025403784,0.,-0.5));
#12082 = ORIENTED_EDGE('',*,*,#12083,.F.);
#12083 = EDGE_CURVE('',#12084,#12076,#12086,.T.);
#12084 = VERTEX_POINT('',#12085);
#12085 = CARTESIAN_POINT('',(26.5,68.,32.020725942164));
#12086 = LINE('',#12087,#12088);
#12087 = CARTESIAN_POINT('',(26.5,68.,32.020725942164));
#12088 = VECTOR('',#12089,1.);
#12089 = DIRECTION('',(0.,1.,0.));
#12090 = ORIENTED_EDGE('',*,*,#12091,.F.);
#12091 = EDGE_CURVE('',#12022,#12084,#12092,.T.);
#12092 = LINE('',#12093,#12094);
#12093 = CARTESIAN_POINT('',(30.,68.,34.041451884327));
#12094 = VECTOR('',#12095,1.);
#12095 = DIRECTION('',(-0.866025403784,0.,-0.5));
#12096 = PLANE('',#12097);
#12097 = AXIS2_PLACEMENT_3D('',#12098,#12099,#12100);
#12098 = CARTESIAN_POINT('',(30.,68.,34.041451884327));
#12099 = DIRECTION('',(-0.5,0.,0.866025403784));
#12100 = DIRECTION('',(-0.866025403784,0.,-0.5));
#12101 = ADVANCED_FACE('',(#12102,#12129),#12140,.T.);
#12102 = FACE_BOUND('',#12103,.T.);
#12103 = EDGE_LOOP('',(#12104,#12105,#12106,#12114,#12122,#12128));
#12104 = ORIENTED_EDGE('',*,*,#12029,.T.);
#12105 = ORIENTED_EDGE('',*,*,#12091,.T.);
#12106 = ORIENTED_EDGE('',*,*,#12107,.T.);
#12107 = EDGE_CURVE('',#12084,#12108,#12110,.T.);
#12108 = VERTEX_POINT('',#12109);
#12109 = CARTESIAN_POINT('',(26.5,68.,27.979274057836));
#12110 = LINE('',#12111,#12112);
#12111 = CARTESIAN_POINT('',(26.5,68.,32.020725942164));
#12112 = VECTOR('',#12113,1.);
#12113 = DIRECTION('',(0.,0.,-1.));
#12114 = ORIENTED_EDGE('',*,*,#12115,.T.);
#12115 = EDGE_CURVE('',#12108,#12116,#12118,.T.);
#12116 = VERTEX_POINT('',#12117);
#12117 = CARTESIAN_POINT('',(30.,68.,25.958548115673));
#12118 = LINE('',#12119,#12120);
#12119 = CARTESIAN_POINT('',(26.5,68.,27.979274057836));
#12120 = VECTOR('',#12121,1.);
#12121 = DIRECTION('',(0.866025403784,0.,-0.5));
#12122 = ORIENTED_EDGE('',*,*,#12123,.T.);
#12123 = EDGE_CURVE('',#12116,#12044,#12124,.T.);
#12124 = LINE('',#12125,#12126);
#12125 = CARTESIAN_POINT('',(30.,68.,25.958548115673));
#12126 = VECTOR('',#12127,1.);
#12127 = DIRECTION('',(0.866025403784,0.,0.5));
#12128 = ORIENTED_EDGE('',*,*,#12060,.T.);
#12129 = FACE_BOUND('',#12130,.T.);
#12130 = EDGE_LOOP('',(#12131));
#12131 = ORIENTED_EDGE('',*,*,#12132,.T.);
#12132 = EDGE_CURVE('',#12133,#12133,#12135,.T.);
#12133 = VERTEX_POINT('',#12134);
#12134 = CARTESIAN_POINT('',(30.,68.,32.));
#12135 = CIRCLE('',#12136,2.);
#12136 = AXIS2_PLACEMENT_3D('',#12137,#12138,#12139);
#12137 = CARTESIAN_POINT('',(30.,68.,30.));
#12138 = DIRECTION('',(0.,1.,0.));
#12139 = DIRECTION('',(0.,0.,1.));
#12140 = PLANE('',#12141);
#12141 = AXIS2_PLACEMENT_3D('',#12142,#12143,#12144);
#12142 = CARTESIAN_POINT('',(30.,68.,30.));
#12143 = DIRECTION('',(-0.,-1.,-0.));
#12144 = DIRECTION('',(0.,0.,-1.));
#12145 = ADVANCED_FACE('',(#12146,#12173),#12184,.F.);
#12146 = FACE_BOUND('',#12147,.F.);
#12147 = EDGE_LOOP('',(#12148,#12149,#12150,#12158,#12166,#12172));
#12148 = ORIENTED_EDGE('',*,*,#12013,.T.);
#12149 = ORIENTED_EDGE('',*,*,#12075,.T.);
#12150 = ORIENTED_EDGE('',*,*,#12151,.T.);
#12151 = EDGE_CURVE('',#12076,#12152,#12154,.T.);
#12152 = VERTEX_POINT('',#12153);
#12153 = CARTESIAN_POINT('',(26.5,71.2,27.979274057836));
#12154 = LINE('',#12155,#12156);
#12155 = CARTESIAN_POINT('',(26.5,71.2,32.020725942164));
#12156 = VECTOR('',#12157,1.);
#12157 = DIRECTION('',(0.,0.,-1.));
#12158 = ORIENTED_EDGE('',*,*,#12159,.T.);
#12159 = EDGE_CURVE('',#12152,#12160,#12162,.T.);
#12160 = VERTEX_POINT('',#12161);
#12161 = CARTESIAN_POINT('',(30.,71.2,25.958548115673));
#12162 = LINE('',#12163,#12164);
#12163 = CARTESIAN_POINT('',(26.5,71.2,27.979274057836));
#12164 = VECTOR('',#12165,1.);
#12165 = DIRECTION('',(0.866025403784,0.,-0.5));
#12166 = ORIENTED_EDGE('',*,*,#12167,.T.);
#12167 = EDGE_CURVE('',#12160,#12046,#12168,.T.);
#12168 = LINE('',#12169,#12170);
#12169 = CARTESIAN_POINT('',(30.,71.2,25.958548115673));
#12170 = VECTOR('',#12171,1.);
#12171 = DIRECTION('',(0.866025403784,0.,0.5));
#12172 = ORIENTED_EDGE('',*,*,#12053,.T.);
#12173 = FACE_BOUND('',#12174,.F.);
#12174 = EDGE_LOOP('',(#12175));
#12175 = ORIENTED_EDGE('',*,*,#12176,.T.);
#12176 = EDGE_CURVE('',#12177,#12177,#12179,.T.);
#12177 = VERTEX_POINT('',#12178);
#12178 = CARTESIAN_POINT('',(30.,71.2,32.));
#12179 = CIRCLE('',#12180,2.);
#12180 = AXIS2_PLACEMENT_3D('',#12181,#12182,#12183);
#12181 = CARTESIAN_POINT('',(30.,71.2,30.));
#12182 = DIRECTION('',(0.,1.,0.));
#12183 = DIRECTION('',(0.,0.,1.));
#12184 = PLANE('',#12185);
#12185 = AXIS2_PLACEMENT_3D('',#12186,#12187,#12188);
#12186 = CARTESIAN_POINT('',(30.,71.2,30.));
#12187 = DIRECTION('',(-0.,-1.,-0.));
#12188 = DIRECTION('',(0.,0.,-1.));
#12189 = ADVANCED_FACE('',(#12190),#12201,.T.);
#12190 = FACE_BOUND('',#12191,.T.);
#12191 = EDGE_LOOP('',(#12192,#12198,#12199,#12200));
#12192 = ORIENTED_EDGE('',*,*,#12193,.T.);
#12193 = EDGE_CURVE('',#12116,#12160,#12194,.T.);
#12194 = LINE('',#12195,#12196);
#12195 = CARTESIAN_POINT('',(30.,68.,25.958548115673));
#12196 = VECTOR('',#12197,1.);
#12197 = DIRECTION('',(0.,1.,0.));
#12198 = ORIENTED_EDGE('',*,*,#12167,.T.);
#12199 = ORIENTED_EDGE('',*,*,#12043,.F.);
#12200 = ORIENTED_EDGE('',*,*,#12123,.F.);
#12201 = PLANE('',#12202);
#12202 = AXIS2_PLACEMENT_3D('',#12203,#12204,#12205);
#12203 = CARTESIAN_POINT('',(30.,68.,25.958548115673));
#12204 = DIRECTION('',(0.5,0.,-0.866025403784));
#12205 = DIRECTION('',(0.866025403784,0.,0.5));
#12206 = ADVANCED_FACE('',(#12207),#12218,.T.);
#12207 = FACE_BOUND('',#12208,.T.);
#12208 = EDGE_LOOP('',(#12209,#12210,#12211,#12217));
#12209 = ORIENTED_EDGE('',*,*,#12083,.T.);
#12210 = ORIENTED_EDGE('',*,*,#12151,.T.);
#12211 = ORIENTED_EDGE('',*,*,#12212,.F.);
#12212 = EDGE_CURVE('',#12108,#12152,#12213,.T.);
#12213 = LINE('',#12214,#12215);
#12214 = CARTESIAN_POINT('',(26.5,68.,27.979274057836));
#12215 = VECTOR('',#12216,1.);
#12216 = DIRECTION('',(0.,1.,0.));
#12217 = ORIENTED_EDGE('',*,*,#12107,.F.);
#12218 = PLANE('',#12219);
#12219 = AXIS2_PLACEMENT_3D('',#12220,#12221,#12222);
#12220 = CARTESIAN_POINT('',(26.5,68.,32.020725942164));
#12221 = DIRECTION('',(-1.,0.,0.));
#12222 = DIRECTION('',(0.,0.,-1.));
#12223 = ADVANCED_FACE('',(#12224),#12230,.T.);
#12224 = FACE_BOUND('',#12225,.T.);
#12225 = EDGE_LOOP('',(#12226,#12227,#12228,#12229));
#12226 = ORIENTED_EDGE('',*,*,#12212,.T.);
#12227 = ORIENTED_EDGE('',*,*,#12159,.T.);
#12228 = ORIENTED_EDGE('',*,*,#12193,.F.);
#12229 = ORIENTED_EDGE('',*,*,#12115,.F.);
#12230 = PLANE('',#12231);
#12231 = AXIS2_PLACEMENT_3D('',#12232,#12233,#12234);
#12232 = CARTESIAN_POINT('',(26.5,68.,27.979274057836));
#12233 = DIRECTION('',(-0.5,0.,-0.866025403784));
#12234 = DIRECTION('',(0.866025403784,0.,-0.5));
#12235 = ADVANCED_FACE('',(#12236),#12247,.F.);
#12236 = FACE_BOUND('',#12237,.F.);
#12237 = EDGE_LOOP('',(#12238,#12239,#12245,#12246));
#12238 = ORIENTED_EDGE('',*,*,#12176,.F.);
#12239 = ORIENTED_EDGE('',*,*,#12240,.F.);
#12240 = EDGE_CURVE('',#12133,#12177,#12241,.T.);
#12241 = LINE('',#12242,#12243);
#12242 = CARTESIAN_POINT('',(30.,67.9,32.));
#12243 = VECTOR('',#12244,1.);
#12244 = DIRECTION('',(0.,1.,0.));
#12245 = ORIENTED_EDGE('',*,*,#12132,.T.);
#12246 = ORIENTED_EDGE('',*,*,#12240,.T.);
#12247 = CYLINDRICAL_SURFACE('',#12248,2.);
#12248 = AXIS2_PLACEMENT_3D('',#12249,#12250,#12251);
#12249 = CARTESIAN_POINT('',(30.,67.9,30.));
#12250 = DIRECTION('',(0.,1.,0.));
#12251 = DIRECTION('',(0.,0.,1.));
#12252 = MANIFOLD_SOLID_BREP('',#12253);
#12253 = CLOSED_SHELL('',(#12254,#12294,#12325,#12356,#12400,#12444,
    #12461,#12478,#12490));
#12254 = ADVANCED_FACE('',(#12255),#12289,.T.);
#12255 = FACE_BOUND('',#12256,.F.);
#12256 = EDGE_LOOP('',(#12257,#12267,#12275,#12283));
#12257 = ORIENTED_EDGE('',*,*,#12258,.T.);
#12258 = EDGE_CURVE('',#12259,#12261,#12263,.T.);
#12259 = VERTEX_POINT('',#12260);
#12260 = CARTESIAN_POINT('',(33.5,-68.,32.020725942164));
#12261 = VERTEX_POINT('',#12262);
#12262 = CARTESIAN_POINT('',(33.5,-71.2,32.020725942164));
#12263 = LINE('',#12264,#12265);
#12264 = CARTESIAN_POINT('',(33.5,-68.,32.020725942164));
#12265 = VECTOR('',#12266,1.);
#12266 = DIRECTION('',(-0.,-1.,-0.));
#12267 = ORIENTED_EDGE('',*,*,#12268,.T.);
#12268 = EDGE_CURVE('',#12261,#12269,#12271,.T.);
#12269 = VERTEX_POINT('',#12270);
#12270 = CARTESIAN_POINT('',(30.,-71.2,34.041451884327));
#12271 = LINE('',#12272,#12273);
#12272 = CARTESIAN_POINT('',(33.5,-71.2,32.020725942164));
#12273 = VECTOR('',#12274,1.);
#12274 = DIRECTION('',(-0.866025403784,0.,0.5));
#12275 = ORIENTED_EDGE('',*,*,#12276,.F.);
#12276 = EDGE_CURVE('',#12277,#12269,#12279,.T.);
#12277 = VERTEX_POINT('',#12278);
#12278 = CARTESIAN_POINT('',(30.,-68.,34.041451884327));
#12279 = LINE('',#12280,#12281);
#12280 = CARTESIAN_POINT('',(30.,-68.,34.041451884327));
#12281 = VECTOR('',#12282,1.);
#12282 = DIRECTION('',(-0.,-1.,-0.));
#12283 = ORIENTED_EDGE('',*,*,#12284,.F.);
#12284 = EDGE_CURVE('',#12259,#12277,#12285,.T.);
#12285 = LINE('',#12286,#12287);
#12286 = CARTESIAN_POINT('',(33.5,-68.,32.020725942164));
#12287 = VECTOR('',#12288,1.);
#12288 = DIRECTION('',(-0.866025403784,0.,0.5));
#12289 = PLANE('',#12290);
#12290 = AXIS2_PLACEMENT_3D('',#12291,#12292,#12293);
#12291 = CARTESIAN_POINT('',(33.5,-68.,32.020725942164));
#12292 = DIRECTION('',(0.5,0.,0.866025403784));
#12293 = DIRECTION('',(0.866025403784,0.,-0.5));
#12294 = ADVANCED_FACE('',(#12295),#12320,.T.);
#12295 = FACE_BOUND('',#12296,.F.);
#12296 = EDGE_LOOP('',(#12297,#12307,#12313,#12314));
#12297 = ORIENTED_EDGE('',*,*,#12298,.T.);
#12298 = EDGE_CURVE('',#12299,#12301,#12303,.T.);
#12299 = VERTEX_POINT('',#12300);
#12300 = CARTESIAN_POINT('',(33.5,-68.,27.979274057836));
#12301 = VERTEX_POINT('',#12302);
#12302 = CARTESIAN_POINT('',(33.5,-71.2,27.979274057836));
#12303 = LINE('',#12304,#12305);
#12304 = CARTESIAN_POINT('',(33.5,-68.,27.979274057836));
#12305 = VECTOR('',#12306,1.);
#12306 = DIRECTION('',(-0.,-1.,-0.));
#12307 = ORIENTED_EDGE('',*,*,#12308,.T.);
#12308 = EDGE_CURVE('',#12301,#12261,#12309,.T.);
#12309 = LINE('',#12310,#12311);
#12310 = CARTESIAN_POINT('',(33.5,-71.2,27.979274057836));
#12311 = VECTOR('',#12312,1.);
#12312 = DIRECTION('',(0.,0.,1.));
#12313 = ORIENTED_EDGE('',*,*,#12258,.F.);
#12314 = ORIENTED_EDGE('',*,*,#12315,.F.);
#12315 = EDGE_CURVE('',#12299,#12259,#12316,.T.);
#12316 = LINE('',#12317,#12318);
#12317 = CARTESIAN_POINT('',(33.5,-68.,27.979274057836));
#12318 = VECTOR('',#12319,1.);
#12319 = DIRECTION('',(0.,0.,1.));
#12320 = PLANE('',#12321);
#12321 = AXIS2_PLACEMENT_3D('',#12322,#12323,#12324);
#12322 = CARTESIAN_POINT('',(33.5,-68.,27.979274057836));
#12323 = DIRECTION('',(1.,0.,0.));
#12324 = DIRECTION('',(0.,0.,-1.));
#12325 = ADVANCED_FACE('',(#12326),#12351,.T.);
#12326 = FACE_BOUND('',#12327,.F.);
#12327 = EDGE_LOOP('',(#12328,#12329,#12337,#12345));
#12328 = ORIENTED_EDGE('',*,*,#12276,.T.);
#12329 = ORIENTED_EDGE('',*,*,#12330,.T.);
#12330 = EDGE_CURVE('',#12269,#12331,#12333,.T.);
#12331 = VERTEX_POINT('',#12332);
#12332 = CARTESIAN_POINT('',(26.5,-71.2,32.020725942164));
#12333 = LINE('',#12334,#12335);
#12334 = CARTESIAN_POINT('',(30.,-71.2,34.041451884327));
#12335 = VECTOR('',#12336,1.);
#12336 = DIRECTION('',(-0.866025403784,-0.,-0.5));
#12337 = ORIENTED_EDGE('',*,*,#12338,.F.);
#12338 = EDGE_CURVE('',#12339,#12331,#12341,.T.);
#12339 = VERTEX_POINT('',#12340);
#12340 = CARTESIAN_POINT('',(26.5,-68.,32.020725942164));
#12341 = LINE('',#12342,#12343);
#12342 = CARTESIAN_POINT('',(26.5,-68.,32.020725942164));
#12343 = VECTOR('',#12344,1.);
#12344 = DIRECTION('',(-0.,-1.,-0.));
#12345 = ORIENTED_EDGE('',*,*,#12346,.F.);
#12346 = EDGE_CURVE('',#12277,#12339,#12347,.T.);
#12347 = LINE('',#12348,#12349);
#12348 = CARTESIAN_POINT('',(30.,-68.,34.041451884327));
#12349 = VECTOR('',#12350,1.);
#12350 = DIRECTION('',(-0.866025403784,-0.,-0.5));
#12351 = PLANE('',#12352);
#12352 = AXIS2_PLACEMENT_3D('',#12353,#12354,#12355);
#12353 = CARTESIAN_POINT('',(30.,-68.,34.041451884327));
#12354 = DIRECTION('',(-0.5,0.,0.866025403784));
#12355 = DIRECTION('',(0.866025403784,0.,0.5));
#12356 = ADVANCED_FACE('',(#12357,#12384),#12395,.T.);
#12357 = FACE_BOUND('',#12358,.F.);
#12358 = EDGE_LOOP('',(#12359,#12360,#12361,#12369,#12377,#12383));
#12359 = ORIENTED_EDGE('',*,*,#12284,.T.);
#12360 = ORIENTED_EDGE('',*,*,#12346,.T.);
#12361 = ORIENTED_EDGE('',*,*,#12362,.T.);
#12362 = EDGE_CURVE('',#12339,#12363,#12365,.T.);
#12363 = VERTEX_POINT('',#12364);
#12364 = CARTESIAN_POINT('',(26.5,-68.,27.979274057836));
#12365 = LINE('',#12366,#12367);
#12366 = CARTESIAN_POINT('',(26.5,-68.,32.020725942164));
#12367 = VECTOR('',#12368,1.);
#12368 = DIRECTION('',(-0.,-0.,-1.));
#12369 = ORIENTED_EDGE('',*,*,#12370,.T.);
#12370 = EDGE_CURVE('',#12363,#12371,#12373,.T.);
#12371 = VERTEX_POINT('',#12372);
#12372 = CARTESIAN_POINT('',(30.,-68.,25.958548115673));
#12373 = LINE('',#12374,#12375);
#12374 = CARTESIAN_POINT('',(26.5,-68.,27.979274057836));
#12375 = VECTOR('',#12376,1.);
#12376 = DIRECTION('',(0.866025403784,0.,-0.5));
#12377 = ORIENTED_EDGE('',*,*,#12378,.T.);
#12378 = EDGE_CURVE('',#12371,#12299,#12379,.T.);
#12379 = LINE('',#12380,#12381);
#12380 = CARTESIAN_POINT('',(30.,-68.,25.958548115673));
#12381 = VECTOR('',#12382,1.);
#12382 = DIRECTION('',(0.866025403784,0.,0.5));
#12383 = ORIENTED_EDGE('',*,*,#12315,.T.);
#12384 = FACE_BOUND('',#12385,.F.);
#12385 = EDGE_LOOP('',(#12386));
#12386 = ORIENTED_EDGE('',*,*,#12387,.T.);
#12387 = EDGE_CURVE('',#12388,#12388,#12390,.T.);
#12388 = VERTEX_POINT('',#12389);
#12389 = CARTESIAN_POINT('',(30.,-68.,32.));
#12390 = CIRCLE('',#12391,2.);
#12391 = AXIS2_PLACEMENT_3D('',#12392,#12393,#12394);
#12392 = CARTESIAN_POINT('',(30.,-68.,30.));
#12393 = DIRECTION('',(0.,1.,0.));
#12394 = DIRECTION('',(0.,0.,1.));
#12395 = PLANE('',#12396);
#12396 = AXIS2_PLACEMENT_3D('',#12397,#12398,#12399);
#12397 = CARTESIAN_POINT('',(30.,-68.,30.));
#12398 = DIRECTION('',(0.,1.,0.));
#12399 = DIRECTION('',(0.,0.,1.));
#12400 = ADVANCED_FACE('',(#12401,#12428),#12439,.F.);
#12401 = FACE_BOUND('',#12402,.T.);
#12402 = EDGE_LOOP('',(#12403,#12404,#12405,#12413,#12421,#12427));
#12403 = ORIENTED_EDGE('',*,*,#12268,.T.);
#12404 = ORIENTED_EDGE('',*,*,#12330,.T.);
#12405 = ORIENTED_EDGE('',*,*,#12406,.T.);
#12406 = EDGE_CURVE('',#12331,#12407,#12409,.T.);
#12407 = VERTEX_POINT('',#12408);
#12408 = CARTESIAN_POINT('',(26.5,-71.2,27.979274057836));
#12409 = LINE('',#12410,#12411);
#12410 = CARTESIAN_POINT('',(26.5,-71.2,32.020725942164));
#12411 = VECTOR('',#12412,1.);
#12412 = DIRECTION('',(-0.,-0.,-1.));
#12413 = ORIENTED_EDGE('',*,*,#12414,.T.);
#12414 = EDGE_CURVE('',#12407,#12415,#12417,.T.);
#12415 = VERTEX_POINT('',#12416);
#12416 = CARTESIAN_POINT('',(30.,-71.2,25.958548115673));
#12417 = LINE('',#12418,#12419);
#12418 = CARTESIAN_POINT('',(26.5,-71.2,27.979274057836));
#12419 = VECTOR('',#12420,1.);
#12420 = DIRECTION('',(0.866025403784,0.,-0.5));
#12421 = ORIENTED_EDGE('',*,*,#12422,.T.);
#12422 = EDGE_CURVE('',#12415,#12301,#12423,.T.);
#12423 = LINE('',#12424,#12425);
#12424 = CARTESIAN_POINT('',(30.,-71.2,25.958548115673));
#12425 = VECTOR('',#12426,1.);
#12426 = DIRECTION('',(0.866025403784,0.,0.5));
#12427 = ORIENTED_EDGE('',*,*,#12308,.T.);
#12428 = FACE_BOUND('',#12429,.T.);
#12429 = EDGE_LOOP('',(#12430));
#12430 = ORIENTED_EDGE('',*,*,#12431,.T.);
#12431 = EDGE_CURVE('',#12432,#12432,#12434,.T.);
#12432 = VERTEX_POINT('',#12433);
#12433 = CARTESIAN_POINT('',(30.,-71.2,32.));
#12434 = CIRCLE('',#12435,2.);
#12435 = AXIS2_PLACEMENT_3D('',#12436,#12437,#12438);
#12436 = CARTESIAN_POINT('',(30.,-71.2,30.));
#12437 = DIRECTION('',(0.,1.,0.));
#12438 = DIRECTION('',(0.,0.,1.));
#12439 = PLANE('',#12440);
#12440 = AXIS2_PLACEMENT_3D('',#12441,#12442,#12443);
#12441 = CARTESIAN_POINT('',(30.,-71.2,30.));
#12442 = DIRECTION('',(0.,1.,0.));
#12443 = DIRECTION('',(0.,0.,1.));
#12444 = ADVANCED_FACE('',(#12445),#12456,.T.);
#12445 = FACE_BOUND('',#12446,.F.);
#12446 = EDGE_LOOP('',(#12447,#12453,#12454,#12455));
#12447 = ORIENTED_EDGE('',*,*,#12448,.T.);
#12448 = EDGE_CURVE('',#12371,#12415,#12449,.T.);
#12449 = LINE('',#12450,#12451);
#12450 = CARTESIAN_POINT('',(30.,-68.,25.958548115673));
#12451 = VECTOR('',#12452,1.);
#12452 = DIRECTION('',(-0.,-1.,-0.));
#12453 = ORIENTED_EDGE('',*,*,#12422,.T.);
#12454 = ORIENTED_EDGE('',*,*,#12298,.F.);
#12455 = ORIENTED_EDGE('',*,*,#12378,.F.);
#12456 = PLANE('',#12457);
#12457 = AXIS2_PLACEMENT_3D('',#12458,#12459,#12460);
#12458 = CARTESIAN_POINT('',(30.,-68.,25.958548115673));
#12459 = DIRECTION('',(0.5,0.,-0.866025403784));
#12460 = DIRECTION('',(-0.866025403784,0.,-0.5));
#12461 = ADVANCED_FACE('',(#12462),#12473,.T.);
#12462 = FACE_BOUND('',#12463,.F.);
#12463 = EDGE_LOOP('',(#12464,#12465,#12466,#12472));
#12464 = ORIENTED_EDGE('',*,*,#12338,.T.);
#12465 = ORIENTED_EDGE('',*,*,#12406,.T.);
#12466 = ORIENTED_EDGE('',*,*,#12467,.F.);
#12467 = EDGE_CURVE('',#12363,#12407,#12468,.T.);
#12468 = LINE('',#12469,#12470);
#12469 = CARTESIAN_POINT('',(26.5,-68.,27.979274057836));
#12470 = VECTOR('',#12471,1.);
#12471 = DIRECTION('',(-0.,-1.,-0.));
#12472 = ORIENTED_EDGE('',*,*,#12362,.F.);
#12473 = PLANE('',#12474);
#12474 = AXIS2_PLACEMENT_3D('',#12475,#12476,#12477);
#12475 = CARTESIAN_POINT('',(26.5,-68.,32.020725942164));
#12476 = DIRECTION('',(-1.,-0.,-0.));
#12477 = DIRECTION('',(0.,0.,1.));
#12478 = ADVANCED_FACE('',(#12479),#12485,.T.);
#12479 = FACE_BOUND('',#12480,.F.);
#12480 = EDGE_LOOP('',(#12481,#12482,#12483,#12484));
#12481 = ORIENTED_EDGE('',*,*,#12467,.T.);
#12482 = ORIENTED_EDGE('',*,*,#12414,.T.);
#12483 = ORIENTED_EDGE('',*,*,#12448,.F.);
#12484 = ORIENTED_EDGE('',*,*,#12370,.F.);
#12485 = PLANE('',#12486);
#12486 = AXIS2_PLACEMENT_3D('',#12487,#12488,#12489);
#12487 = CARTESIAN_POINT('',(26.5,-68.,27.979274057836));
#12488 = DIRECTION('',(-0.5,-0.,-0.866025403784));
#12489 = DIRECTION('',(-0.866025403784,0.,0.5));
#12490 = ADVANCED_FACE('',(#12491),#12502,.F.);
#12491 = FACE_BOUND('',#12492,.T.);
#12492 = EDGE_LOOP('',(#12493,#12494,#12500,#12501));
#12493 = ORIENTED_EDGE('',*,*,#12431,.F.);
#12494 = ORIENTED_EDGE('',*,*,#12495,.F.);
#12495 = EDGE_CURVE('',#12388,#12432,#12496,.T.);
#12496 = LINE('',#12497,#12498);
#12497 = CARTESIAN_POINT('',(30.,-67.9,32.));
#12498 = VECTOR('',#12499,1.);
#12499 = DIRECTION('',(-0.,-1.,-0.));
#12500 = ORIENTED_EDGE('',*,*,#12387,.T.);
#12501 = ORIENTED_EDGE('',*,*,#12495,.T.);
#12502 = CYLINDRICAL_SURFACE('',#12503,2.);
#12503 = AXIS2_PLACEMENT_3D('',#12504,#12505,#12506);
#12504 = CARTESIAN_POINT('',(30.,-67.9,30.));
#12505 = DIRECTION('',(-0.,-1.,-0.));
#12506 = DIRECTION('',(0.,0.,1.));
#12507 = MANIFOLD_SOLID_BREP('',#12508);
#12508 = CLOSED_SHELL('',(#12509,#12542,#12567,#12576,#12601));
#12509 = ADVANCED_FACE('',(#12510),#12537,.T.);
#12510 = FACE_BOUND('',#12511,.T.);
#12511 = EDGE_LOOP('',(#12512,#12521,#12529,#12536));
#12512 = ORIENTED_EDGE('',*,*,#12513,.F.);
#12513 = EDGE_CURVE('',#12514,#12514,#12516,.T.);
#12514 = VERTEX_POINT('',#12515);
#12515 = CARTESIAN_POINT('',(-67.,-67.,-49.8));
#12516 = CIRCLE('',#12517,3.);
#12517 = AXIS2_PLACEMENT_3D('',#12518,#12519,#12520);
#12518 = CARTESIAN_POINT('',(-70.,-67.,-49.8));
#12519 = DIRECTION('',(0.,0.,1.));
#12520 = DIRECTION('',(1.,0.,0.));
#12521 = ORIENTED_EDGE('',*,*,#12522,.F.);
#12522 = EDGE_CURVE('',#12523,#12514,#12525,.T.);
#12523 = VERTEX_POINT('',#12524);
#12524 = CARTESIAN_POINT('',(-67.,-67.,-50.));
#12525 = LINE('',#12526,#12527);
#12526 = CARTESIAN_POINT('',(-67.,-67.,-50.));
#12527 = VECTOR('',#12528,1.);
#12528 = DIRECTION('',(0.,0.,1.));
#12529 = ORIENTED_EDGE('',*,*,#12530,.T.);
#12530 = EDGE_CURVE('',#12523,#12523,#12531,.T.);
#12531 = CIRCLE('',#12532,3.);
#12532 = AXIS2_PLACEMENT_3D('',#12533,#12534,#12535);
#12533 = CARTESIAN_POINT('',(-70.,-67.,-50.));
#12534 = DIRECTION('',(0.,0.,1.));
#12535 = DIRECTION('',(1.,0.,0.));
#12536 = ORIENTED_EDGE('',*,*,#12522,.T.);
#12537 = CYLINDRICAL_SURFACE('',#12538,3.);
#12538 = AXIS2_PLACEMENT_3D('',#12539,#12540,#12541);
#12539 = CARTESIAN_POINT('',(-70.,-67.,-50.));
#12540 = DIRECTION('',(0.,0.,1.));
#12541 = DIRECTION('',(1.,0.,0.));
#12542 = ADVANCED_FACE('',(#12543),#12562,.T.);
#12543 = FACE_BOUND('',#12544,.T.);
#12544 = EDGE_LOOP('',(#12545,#12554,#12560,#12561));
#12545 = ORIENTED_EDGE('',*,*,#12546,.F.);
#12546 = EDGE_CURVE('',#12547,#12547,#12549,.T.);
#12547 = VERTEX_POINT('',#12548);
#12548 = CARTESIAN_POINT('',(-68.5,-67.,-48.3));
#12549 = CIRCLE('',#12550,1.5);
#12550 = AXIS2_PLACEMENT_3D('',#12551,#12552,#12553);
#12551 = CARTESIAN_POINT('',(-70.,-67.,-48.3));
#12552 = DIRECTION('',(0.,0.,1.));
#12553 = DIRECTION('',(1.,0.,0.));
#12554 = ORIENTED_EDGE('',*,*,#12555,.F.);
#12555 = EDGE_CURVE('',#12514,#12547,#12556,.T.);
#12556 = LINE('',#12557,#12558);
#12557 = CARTESIAN_POINT('',(-67.,-67.,-49.8));
#12558 = VECTOR('',#12559,1.);
#12559 = DIRECTION('',(-0.707106781187,1.7E-16,0.707106781187));
#12560 = ORIENTED_EDGE('',*,*,#12513,.T.);
#12561 = ORIENTED_EDGE('',*,*,#12555,.T.);
#12562 = CONICAL_SURFACE('',#12563,3.,0.785398163397);
#12563 = AXIS2_PLACEMENT_3D('',#12564,#12565,#12566);
#12564 = CARTESIAN_POINT('',(-70.,-67.,-49.8));
#12565 = DIRECTION('',(-0.,-0.,-1.));
#12566 = DIRECTION('',(1.,0.,0.));
#12567 = ADVANCED_FACE('',(#12568),#12571,.F.);
#12568 = FACE_BOUND('',#12569,.T.);
#12569 = EDGE_LOOP('',(#12570));
#12570 = ORIENTED_EDGE('',*,*,#12530,.F.);
#12571 = PLANE('',#12572);
#12572 = AXIS2_PLACEMENT_3D('',#12573,#12574,#12575);
#12573 = CARTESIAN_POINT('',(-70.,-67.,-50.));
#12574 = DIRECTION('',(0.,0.,1.));
#12575 = DIRECTION('',(1.,0.,0.));
#12576 = ADVANCED_FACE('',(#12577),#12596,.T.);
#12577 = FACE_BOUND('',#12578,.T.);
#12578 = EDGE_LOOP('',(#12579,#12588,#12594,#12595));
#12579 = ORIENTED_EDGE('',*,*,#12580,.F.);
#12580 = EDGE_CURVE('',#12581,#12581,#12583,.T.);
#12581 = VERTEX_POINT('',#12582);
#12582 = CARTESIAN_POINT('',(-68.5,-67.,-47.));
#12583 = CIRCLE('',#12584,1.5);
#12584 = AXIS2_PLACEMENT_3D('',#12585,#12586,#12587);
#12585 = CARTESIAN_POINT('',(-70.,-67.,-47.));
#12586 = DIRECTION('',(0.,0.,1.));
#12587 = DIRECTION('',(1.,0.,0.));
#12588 = ORIENTED_EDGE('',*,*,#12589,.F.);
#12589 = EDGE_CURVE('',#12547,#12581,#12590,.T.);
#12590 = LINE('',#12591,#12592);
#12591 = CARTESIAN_POINT('',(-68.5,-67.,-48.3));
#12592 = VECTOR('',#12593,1.);
#12593 = DIRECTION('',(0.,0.,1.));
#12594 = ORIENTED_EDGE('',*,*,#12546,.T.);
#12595 = ORIENTED_EDGE('',*,*,#12589,.T.);
#12596 = CYLINDRICAL_SURFACE('',#12597,1.5);
#12597 = AXIS2_PLACEMENT_3D('',#12598,#12599,#12600);
#12598 = CARTESIAN_POINT('',(-70.,-67.,-48.3));
#12599 = DIRECTION('',(0.,0.,1.));
#12600 = DIRECTION('',(1.,0.,0.));
#12601 = ADVANCED_FACE('',(#12602),#12605,.T.);
#12602 = FACE_BOUND('',#12603,.T.);
#12603 = EDGE_LOOP('',(#12604));
#12604 = ORIENTED_EDGE('',*,*,#12580,.T.);
#12605 = PLANE('',#12606);
#12606 = AXIS2_PLACEMENT_3D('',#12607,#12608,#12609);
#12607 = CARTESIAN_POINT('',(-70.,-67.,-47.));
#12608 = DIRECTION('',(0.,0.,1.));
#12609 = DIRECTION('',(1.,0.,0.));
#12610 = MANIFOLD_SOLID_BREP('',#12611);
#12611 = CLOSED_SHELL('',(#12612,#12645,#12670,#12679,#12704));
#12612 = ADVANCED_FACE('',(#12613),#12640,.T.);
#12613 = FACE_BOUND('',#12614,.T.);
#12614 = EDGE_LOOP('',(#12615,#12624,#12632,#12639));
#12615 = ORIENTED_EDGE('',*,*,#12616,.F.);
#12616 = EDGE_CURVE('',#12617,#12617,#12619,.T.);
#12617 = VERTEX_POINT('',#12618);
#12618 = CARTESIAN_POINT('',(-67.,67.,-49.8));
#12619 = CIRCLE('',#12620,3.);
#12620 = AXIS2_PLACEMENT_3D('',#12621,#12622,#12623);
#12621 = CARTESIAN_POINT('',(-70.,67.,-49.8));
#12622 = DIRECTION('',(0.,0.,1.));
#12623 = DIRECTION('',(1.,0.,0.));
#12624 = ORIENTED_EDGE('',*,*,#12625,.F.);
#12625 = EDGE_CURVE('',#12626,#12617,#12628,.T.);
#12626 = VERTEX_POINT('',#12627);
#12627 = CARTESIAN_POINT('',(-67.,67.,-50.));
#12628 = LINE('',#12629,#12630);
#12629 = CARTESIAN_POINT('',(-67.,67.,-50.));
#12630 = VECTOR('',#12631,1.);
#12631 = DIRECTION('',(0.,0.,1.));
#12632 = ORIENTED_EDGE('',*,*,#12633,.T.);
#12633 = EDGE_CURVE('',#12626,#12626,#12634,.T.);
#12634 = CIRCLE('',#12635,3.);
#12635 = AXIS2_PLACEMENT_3D('',#12636,#12637,#12638);
#12636 = CARTESIAN_POINT('',(-70.,67.,-50.));
#12637 = DIRECTION('',(0.,0.,1.));
#12638 = DIRECTION('',(1.,0.,0.));
#12639 = ORIENTED_EDGE('',*,*,#12625,.T.);
#12640 = CYLINDRICAL_SURFACE('',#12641,3.);
#12641 = AXIS2_PLACEMENT_3D('',#12642,#12643,#12644);
#12642 = CARTESIAN_POINT('',(-70.,67.,-50.));
#12643 = DIRECTION('',(0.,0.,1.));
#12644 = DIRECTION('',(1.,0.,0.));
#12645 = ADVANCED_FACE('',(#12646),#12665,.T.);
#12646 = FACE_BOUND('',#12647,.T.);
#12647 = EDGE_LOOP('',(#12648,#12657,#12663,#12664));
#12648 = ORIENTED_EDGE('',*,*,#12649,.F.);
#12649 = EDGE_CURVE('',#12650,#12650,#12652,.T.);
#12650 = VERTEX_POINT('',#12651);
#12651 = CARTESIAN_POINT('',(-68.5,67.,-48.3));
#12652 = CIRCLE('',#12653,1.5);
#12653 = AXIS2_PLACEMENT_3D('',#12654,#12655,#12656);
#12654 = CARTESIAN_POINT('',(-70.,67.,-48.3));
#12655 = DIRECTION('',(0.,0.,1.));
#12656 = DIRECTION('',(1.,0.,0.));
#12657 = ORIENTED_EDGE('',*,*,#12658,.F.);
#12658 = EDGE_CURVE('',#12617,#12650,#12659,.T.);
#12659 = LINE('',#12660,#12661);
#12660 = CARTESIAN_POINT('',(-67.,67.,-49.8));
#12661 = VECTOR('',#12662,1.);
#12662 = DIRECTION('',(-0.707106781187,1.7E-16,0.707106781187));
#12663 = ORIENTED_EDGE('',*,*,#12616,.T.);
#12664 = ORIENTED_EDGE('',*,*,#12658,.T.);
#12665 = CONICAL_SURFACE('',#12666,3.,0.785398163397);
#12666 = AXIS2_PLACEMENT_3D('',#12667,#12668,#12669);
#12667 = CARTESIAN_POINT('',(-70.,67.,-49.8));
#12668 = DIRECTION('',(-0.,-0.,-1.));
#12669 = DIRECTION('',(1.,0.,0.));
#12670 = ADVANCED_FACE('',(#12671),#12674,.F.);
#12671 = FACE_BOUND('',#12672,.T.);
#12672 = EDGE_LOOP('',(#12673));
#12673 = ORIENTED_EDGE('',*,*,#12633,.F.);
#12674 = PLANE('',#12675);
#12675 = AXIS2_PLACEMENT_3D('',#12676,#12677,#12678);
#12676 = CARTESIAN_POINT('',(-70.,67.,-50.));
#12677 = DIRECTION('',(0.,0.,1.));
#12678 = DIRECTION('',(1.,0.,0.));
#12679 = ADVANCED_FACE('',(#12680),#12699,.T.);
#12680 = FACE_BOUND('',#12681,.T.);
#12681 = EDGE_LOOP('',(#12682,#12691,#12697,#12698));
#12682 = ORIENTED_EDGE('',*,*,#12683,.F.);
#12683 = EDGE_CURVE('',#12684,#12684,#12686,.T.);
#12684 = VERTEX_POINT('',#12685);
#12685 = CARTESIAN_POINT('',(-68.5,67.,-47.));
#12686 = CIRCLE('',#12687,1.5);
#12687 = AXIS2_PLACEMENT_3D('',#12688,#12689,#12690);
#12688 = CARTESIAN_POINT('',(-70.,67.,-47.));
#12689 = DIRECTION('',(0.,0.,1.));
#12690 = DIRECTION('',(1.,0.,0.));
#12691 = ORIENTED_EDGE('',*,*,#12692,.F.);
#12692 = EDGE_CURVE('',#12650,#12684,#12693,.T.);
#12693 = LINE('',#12694,#12695);
#12694 = CARTESIAN_POINT('',(-68.5,67.,-48.3));
#12695 = VECTOR('',#12696,1.);
#12696 = DIRECTION('',(0.,0.,1.));
#12697 = ORIENTED_EDGE('',*,*,#12649,.T.);
#12698 = ORIENTED_EDGE('',*,*,#12692,.T.);
#12699 = CYLINDRICAL_SURFACE('',#12700,1.5);
#12700 = AXIS2_PLACEMENT_3D('',#12701,#12702,#12703);
#12701 = CARTESIAN_POINT('',(-70.,67.,-48.3));
#12702 = DIRECTION('',(0.,0.,1.));
#12703 = DIRECTION('',(1.,0.,0.));
#12704 = ADVANCED_FACE('',(#12705),#12708,.T.);
#12705 = FACE_BOUND('',#12706,.T.);
#12706 = EDGE_LOOP('',(#12707));
#12707 = ORIENTED_EDGE('',*,*,#12683,.T.);
#12708 = PLANE('',#12709);
#12709 = AXIS2_PLACEMENT_3D('',#12710,#12711,#12712);
#12710 = CARTESIAN_POINT('',(-70.,67.,-47.));
#12711 = DIRECTION('',(0.,0.,1.));
#12712 = DIRECTION('',(1.,0.,0.));
#12713 = MANIFOLD_SOLID_BREP('',#12714);
#12714 = CLOSED_SHELL('',(#12715,#12748,#12773,#12782,#12807));
#12715 = ADVANCED_FACE('',(#12716),#12743,.T.);
#12716 = FACE_BOUND('',#12717,.T.);
#12717 = EDGE_LOOP('',(#12718,#12727,#12735,#12742));
#12718 = ORIENTED_EDGE('',*,*,#12719,.F.);
#12719 = EDGE_CURVE('',#12720,#12720,#12722,.T.);
#12720 = VERTEX_POINT('',#12721);
#12721 = CARTESIAN_POINT('',(-32.,-67.,-49.8));
#12722 = CIRCLE('',#12723,3.);
#12723 = AXIS2_PLACEMENT_3D('',#12724,#12725,#12726);
#12724 = CARTESIAN_POINT('',(-35.,-67.,-49.8));
#12725 = DIRECTION('',(0.,0.,1.));
#12726 = DIRECTION('',(1.,0.,0.));
#12727 = ORIENTED_EDGE('',*,*,#12728,.F.);
#12728 = EDGE_CURVE('',#12729,#12720,#12731,.T.);
#12729 = VERTEX_POINT('',#12730);
#12730 = CARTESIAN_POINT('',(-32.,-67.,-50.));
#12731 = LINE('',#12732,#12733);
#12732 = CARTESIAN_POINT('',(-32.,-67.,-50.));
#12733 = VECTOR('',#12734,1.);
#12734 = DIRECTION('',(0.,0.,1.));
#12735 = ORIENTED_EDGE('',*,*,#12736,.T.);
#12736 = EDGE_CURVE('',#12729,#12729,#12737,.T.);
#12737 = CIRCLE('',#12738,3.);
#12738 = AXIS2_PLACEMENT_3D('',#12739,#12740,#12741);
#12739 = CARTESIAN_POINT('',(-35.,-67.,-50.));
#12740 = DIRECTION('',(0.,0.,1.));
#12741 = DIRECTION('',(1.,0.,0.));
#12742 = ORIENTED_EDGE('',*,*,#12728,.T.);
#12743 = CYLINDRICAL_SURFACE('',#12744,3.);
#12744 = AXIS2_PLACEMENT_3D('',#12745,#12746,#12747);
#12745 = CARTESIAN_POINT('',(-35.,-67.,-50.));
#12746 = DIRECTION('',(0.,0.,1.));
#12747 = DIRECTION('',(1.,0.,0.));
#12748 = ADVANCED_FACE('',(#12749),#12768,.T.);
#12749 = FACE_BOUND('',#12750,.T.);
#12750 = EDGE_LOOP('',(#12751,#12760,#12766,#12767));
#12751 = ORIENTED_EDGE('',*,*,#12752,.F.);
#12752 = EDGE_CURVE('',#12753,#12753,#12755,.T.);
#12753 = VERTEX_POINT('',#12754);
#12754 = CARTESIAN_POINT('',(-33.5,-67.,-48.3));
#12755 = CIRCLE('',#12756,1.5);
#12756 = AXIS2_PLACEMENT_3D('',#12757,#12758,#12759);
#12757 = CARTESIAN_POINT('',(-35.,-67.,-48.3));
#12758 = DIRECTION('',(0.,0.,1.));
#12759 = DIRECTION('',(1.,0.,0.));
#12760 = ORIENTED_EDGE('',*,*,#12761,.F.);
#12761 = EDGE_CURVE('',#12720,#12753,#12762,.T.);
#12762 = LINE('',#12763,#12764);
#12763 = CARTESIAN_POINT('',(-32.,-67.,-49.8));
#12764 = VECTOR('',#12765,1.);
#12765 = DIRECTION('',(-0.707106781187,1.7E-16,0.707106781187));
#12766 = ORIENTED_EDGE('',*,*,#12719,.T.);
#12767 = ORIENTED_EDGE('',*,*,#12761,.T.);
#12768 = CONICAL_SURFACE('',#12769,3.,0.785398163397);
#12769 = AXIS2_PLACEMENT_3D('',#12770,#12771,#12772);
#12770 = CARTESIAN_POINT('',(-35.,-67.,-49.8));
#12771 = DIRECTION('',(-0.,-0.,-1.));
#12772 = DIRECTION('',(1.,0.,0.));
#12773 = ADVANCED_FACE('',(#12774),#12777,.F.);
#12774 = FACE_BOUND('',#12775,.T.);
#12775 = EDGE_LOOP('',(#12776));
#12776 = ORIENTED_EDGE('',*,*,#12736,.F.);
#12777 = PLANE('',#12778);
#12778 = AXIS2_PLACEMENT_3D('',#12779,#12780,#12781);
#12779 = CARTESIAN_POINT('',(-35.,-67.,-50.));
#12780 = DIRECTION('',(0.,0.,1.));
#12781 = DIRECTION('',(1.,0.,0.));
#12782 = ADVANCED_FACE('',(#12783),#12802,.T.);
#12783 = FACE_BOUND('',#12784,.T.);
#12784 = EDGE_LOOP('',(#12785,#12794,#12800,#12801));
#12785 = ORIENTED_EDGE('',*,*,#12786,.F.);
#12786 = EDGE_CURVE('',#12787,#12787,#12789,.T.);
#12787 = VERTEX_POINT('',#12788);
#12788 = CARTESIAN_POINT('',(-33.5,-67.,-47.));
#12789 = CIRCLE('',#12790,1.5);
#12790 = AXIS2_PLACEMENT_3D('',#12791,#12792,#12793);
#12791 = CARTESIAN_POINT('',(-35.,-67.,-47.));
#12792 = DIRECTION('',(0.,0.,1.));
#12793 = DIRECTION('',(1.,0.,0.));
#12794 = ORIENTED_EDGE('',*,*,#12795,.F.);
#12795 = EDGE_CURVE('',#12753,#12787,#12796,.T.);
#12796 = LINE('',#12797,#12798);
#12797 = CARTESIAN_POINT('',(-33.5,-67.,-48.3));
#12798 = VECTOR('',#12799,1.);
#12799 = DIRECTION('',(0.,0.,1.));
#12800 = ORIENTED_EDGE('',*,*,#12752,.T.);
#12801 = ORIENTED_EDGE('',*,*,#12795,.T.);
#12802 = CYLINDRICAL_SURFACE('',#12803,1.5);
#12803 = AXIS2_PLACEMENT_3D('',#12804,#12805,#12806);
#12804 = CARTESIAN_POINT('',(-35.,-67.,-48.3));
#12805 = DIRECTION('',(0.,0.,1.));
#12806 = DIRECTION('',(1.,0.,0.));
#12807 = ADVANCED_FACE('',(#12808),#12811,.T.);
#12808 = FACE_BOUND('',#12809,.T.);
#12809 = EDGE_LOOP('',(#12810));
#12810 = ORIENTED_EDGE('',*,*,#12786,.T.);
#12811 = PLANE('',#12812);
#12812 = AXIS2_PLACEMENT_3D('',#12813,#12814,#12815);
#12813 = CARTESIAN_POINT('',(-35.,-67.,-47.));
#12814 = DIRECTION('',(0.,0.,1.));
#12815 = DIRECTION('',(1.,0.,0.));
#12816 = MANIFOLD_SOLID_BREP('',#12817);
#12817 = CLOSED_SHELL('',(#12818,#12851,#12876,#12885,#12910));
#12818 = ADVANCED_FACE('',(#12819),#12846,.T.);
#12819 = FACE_BOUND('',#12820,.T.);
#12820 = EDGE_LOOP('',(#12821,#12830,#12838,#12845));
#12821 = ORIENTED_EDGE('',*,*,#12822,.F.);
#12822 = EDGE_CURVE('',#12823,#12823,#12825,.T.);
#12823 = VERTEX_POINT('',#12824);
#12824 = CARTESIAN_POINT('',(-32.,67.,-49.8));
#12825 = CIRCLE('',#12826,3.);
#12826 = AXIS2_PLACEMENT_3D('',#12827,#12828,#12829);
#12827 = CARTESIAN_POINT('',(-35.,67.,-49.8));
#12828 = DIRECTION('',(0.,0.,1.));
#12829 = DIRECTION('',(1.,0.,0.));
#12830 = ORIENTED_EDGE('',*,*,#12831,.F.);
#12831 = EDGE_CURVE('',#12832,#12823,#12834,.T.);
#12832 = VERTEX_POINT('',#12833);
#12833 = CARTESIAN_POINT('',(-32.,67.,-50.));
#12834 = LINE('',#12835,#12836);
#12835 = CARTESIAN_POINT('',(-32.,67.,-50.));
#12836 = VECTOR('',#12837,1.);
#12837 = DIRECTION('',(0.,0.,1.));
#12838 = ORIENTED_EDGE('',*,*,#12839,.T.);
#12839 = EDGE_CURVE('',#12832,#12832,#12840,.T.);
#12840 = CIRCLE('',#12841,3.);
#12841 = AXIS2_PLACEMENT_3D('',#12842,#12843,#12844);
#12842 = CARTESIAN_POINT('',(-35.,67.,-50.));
#12843 = DIRECTION('',(0.,0.,1.));
#12844 = DIRECTION('',(1.,0.,0.));
#12845 = ORIENTED_EDGE('',*,*,#12831,.T.);
#12846 = CYLINDRICAL_SURFACE('',#12847,3.);
#12847 = AXIS2_PLACEMENT_3D('',#12848,#12849,#12850);
#12848 = CARTESIAN_POINT('',(-35.,67.,-50.));
#12849 = DIRECTION('',(0.,0.,1.));
#12850 = DIRECTION('',(1.,0.,0.));
#12851 = ADVANCED_FACE('',(#12852),#12871,.T.);
#12852 = FACE_BOUND('',#12853,.T.);
#12853 = EDGE_LOOP('',(#12854,#12863,#12869,#12870));
#12854 = ORIENTED_EDGE('',*,*,#12855,.F.);
#12855 = EDGE_CURVE('',#12856,#12856,#12858,.T.);
#12856 = VERTEX_POINT('',#12857);
#12857 = CARTESIAN_POINT('',(-33.5,67.,-48.3));
#12858 = CIRCLE('',#12859,1.5);
#12859 = AXIS2_PLACEMENT_3D('',#12860,#12861,#12862);
#12860 = CARTESIAN_POINT('',(-35.,67.,-48.3));
#12861 = DIRECTION('',(0.,0.,1.));
#12862 = DIRECTION('',(1.,0.,0.));
#12863 = ORIENTED_EDGE('',*,*,#12864,.F.);
#12864 = EDGE_CURVE('',#12823,#12856,#12865,.T.);
#12865 = LINE('',#12866,#12867);
#12866 = CARTESIAN_POINT('',(-32.,67.,-49.8));
#12867 = VECTOR('',#12868,1.);
#12868 = DIRECTION('',(-0.707106781187,1.7E-16,0.707106781187));
#12869 = ORIENTED_EDGE('',*,*,#12822,.T.);
#12870 = ORIENTED_EDGE('',*,*,#12864,.T.);
#12871 = CONICAL_SURFACE('',#12872,3.,0.785398163397);
#12872 = AXIS2_PLACEMENT_3D('',#12873,#12874,#12875);
#12873 = CARTESIAN_POINT('',(-35.,67.,-49.8));
#12874 = DIRECTION('',(-0.,-0.,-1.));
#12875 = DIRECTION('',(1.,0.,0.));
#12876 = ADVANCED_FACE('',(#12877),#12880,.F.);
#12877 = FACE_BOUND('',#12878,.T.);
#12878 = EDGE_LOOP('',(#12879));
#12879 = ORIENTED_EDGE('',*,*,#12839,.F.);
#12880 = PLANE('',#12881);
#12881 = AXIS2_PLACEMENT_3D('',#12882,#12883,#12884);
#12882 = CARTESIAN_POINT('',(-35.,67.,-50.));
#12883 = DIRECTION('',(0.,0.,1.));
#12884 = DIRECTION('',(1.,0.,0.));
#12885 = ADVANCED_FACE('',(#12886),#12905,.T.);
#12886 = FACE_BOUND('',#12887,.T.);
#12887 = EDGE_LOOP('',(#12888,#12897,#12903,#12904));
#12888 = ORIENTED_EDGE('',*,*,#12889,.F.);
#12889 = EDGE_CURVE('',#12890,#12890,#12892,.T.);
#12890 = VERTEX_POINT('',#12891);
#12891 = CARTESIAN_POINT('',(-33.5,67.,-47.));
#12892 = CIRCLE('',#12893,1.5);
#12893 = AXIS2_PLACEMENT_3D('',#12894,#12895,#12896);
#12894 = CARTESIAN_POINT('',(-35.,67.,-47.));
#12895 = DIRECTION('',(0.,0.,1.));
#12896 = DIRECTION('',(1.,0.,0.));
#12897 = ORIENTED_EDGE('',*,*,#12898,.F.);
#12898 = EDGE_CURVE('',#12856,#12890,#12899,.T.);
#12899 = LINE('',#12900,#12901);
#12900 = CARTESIAN_POINT('',(-33.5,67.,-48.3));
#12901 = VECTOR('',#12902,1.);
#12902 = DIRECTION('',(0.,0.,1.));
#12903 = ORIENTED_EDGE('',*,*,#12855,.T.);
#12904 = ORIENTED_EDGE('',*,*,#12898,.T.);
#12905 = CYLINDRICAL_SURFACE('',#12906,1.5);
#12906 = AXIS2_PLACEMENT_3D('',#12907,#12908,#12909);
#12907 = CARTESIAN_POINT('',(-35.,67.,-48.3));
#12908 = DIRECTION('',(0.,0.,1.));
#12909 = DIRECTION('',(1.,0.,0.));
#12910 = ADVANCED_FACE('',(#12911),#12914,.T.);
#12911 = FACE_BOUND('',#12912,.T.);
#12912 = EDGE_LOOP('',(#12913));
#12913 = ORIENTED_EDGE('',*,*,#12889,.T.);
#12914 = PLANE('',#12915);
#12915 = AXIS2_PLACEMENT_3D('',#12916,#12917,#12918);
#12916 = CARTESIAN_POINT('',(-35.,67.,-47.));
#12917 = DIRECTION('',(0.,0.,1.));
#12918 = DIRECTION('',(1.,0.,0.));
#12919 = MANIFOLD_SOLID_BREP('',#12920);
#12920 = CLOSED_SHELL('',(#12921,#12954,#12979,#12988,#13013));
#12921 = ADVANCED_FACE('',(#12922),#12949,.T.);
#12922 = FACE_BOUND('',#12923,.T.);
#12923 = EDGE_LOOP('',(#12924,#12933,#12941,#12948));
#12924 = ORIENTED_EDGE('',*,*,#12925,.F.);
#12925 = EDGE_CURVE('',#12926,#12926,#12928,.T.);
#12926 = VERTEX_POINT('',#12927);
#12927 = CARTESIAN_POINT('',(38.,-67.,-49.8));
#12928 = CIRCLE('',#12929,3.);
#12929 = AXIS2_PLACEMENT_3D('',#12930,#12931,#12932);
#12930 = CARTESIAN_POINT('',(35.,-67.,-49.8));
#12931 = DIRECTION('',(0.,0.,1.));
#12932 = DIRECTION('',(1.,0.,0.));
#12933 = ORIENTED_EDGE('',*,*,#12934,.F.);
#12934 = EDGE_CURVE('',#12935,#12926,#12937,.T.);
#12935 = VERTEX_POINT('',#12936);
#12936 = CARTESIAN_POINT('',(38.,-67.,-50.));
#12937 = LINE('',#12938,#12939);
#12938 = CARTESIAN_POINT('',(38.,-67.,-50.));
#12939 = VECTOR('',#12940,1.);
#12940 = DIRECTION('',(0.,0.,1.));
#12941 = ORIENTED_EDGE('',*,*,#12942,.T.);
#12942 = EDGE_CURVE('',#12935,#12935,#12943,.T.);
#12943 = CIRCLE('',#12944,3.);
#12944 = AXIS2_PLACEMENT_3D('',#12945,#12946,#12947);
#12945 = CARTESIAN_POINT('',(35.,-67.,-50.));
#12946 = DIRECTION('',(0.,0.,1.));
#12947 = DIRECTION('',(1.,0.,0.));
#12948 = ORIENTED_EDGE('',*,*,#12934,.T.);
#12949 = CYLINDRICAL_SURFACE('',#12950,3.);
#12950 = AXIS2_PLACEMENT_3D('',#12951,#12952,#12953);
#12951 = CARTESIAN_POINT('',(35.,-67.,-50.));
#12952 = DIRECTION('',(0.,0.,1.));
#12953 = DIRECTION('',(1.,0.,0.));
#12954 = ADVANCED_FACE('',(#12955),#12974,.T.);
#12955 = FACE_BOUND('',#12956,.T.);
#12956 = EDGE_LOOP('',(#12957,#12966,#12972,#12973));
#12957 = ORIENTED_EDGE('',*,*,#12958,.F.);
#12958 = EDGE_CURVE('',#12959,#12959,#12961,.T.);
#12959 = VERTEX_POINT('',#12960);
#12960 = CARTESIAN_POINT('',(36.5,-67.,-48.3));
#12961 = CIRCLE('',#12962,1.5);
#12962 = AXIS2_PLACEMENT_3D('',#12963,#12964,#12965);
#12963 = CARTESIAN_POINT('',(35.,-67.,-48.3));
#12964 = DIRECTION('',(0.,0.,1.));
#12965 = DIRECTION('',(1.,0.,0.));
#12966 = ORIENTED_EDGE('',*,*,#12967,.F.);
#12967 = EDGE_CURVE('',#12926,#12959,#12968,.T.);
#12968 = LINE('',#12969,#12970);
#12969 = CARTESIAN_POINT('',(38.,-67.,-49.8));
#12970 = VECTOR('',#12971,1.);
#12971 = DIRECTION('',(-0.707106781187,1.7E-16,0.707106781187));
#12972 = ORIENTED_EDGE('',*,*,#12925,.T.);
#12973 = ORIENTED_EDGE('',*,*,#12967,.T.);
#12974 = CONICAL_SURFACE('',#12975,3.,0.785398163397);
#12975 = AXIS2_PLACEMENT_3D('',#12976,#12977,#12978);
#12976 = CARTESIAN_POINT('',(35.,-67.,-49.8));
#12977 = DIRECTION('',(-0.,-0.,-1.));
#12978 = DIRECTION('',(1.,0.,0.));
#12979 = ADVANCED_FACE('',(#12980),#12983,.F.);
#12980 = FACE_BOUND('',#12981,.T.);
#12981 = EDGE_LOOP('',(#12982));
#12982 = ORIENTED_EDGE('',*,*,#12942,.F.);
#12983 = PLANE('',#12984);
#12984 = AXIS2_PLACEMENT_3D('',#12985,#12986,#12987);
#12985 = CARTESIAN_POINT('',(35.,-67.,-50.));
#12986 = DIRECTION('',(0.,0.,1.));
#12987 = DIRECTION('',(1.,0.,0.));
#12988 = ADVANCED_FACE('',(#12989),#13008,.T.);
#12989 = FACE_BOUND('',#12990,.T.);
#12990 = EDGE_LOOP('',(#12991,#13000,#13006,#13007));
#12991 = ORIENTED_EDGE('',*,*,#12992,.F.);
#12992 = EDGE_CURVE('',#12993,#12993,#12995,.T.);
#12993 = VERTEX_POINT('',#12994);
#12994 = CARTESIAN_POINT('',(36.5,-67.,-47.));
#12995 = CIRCLE('',#12996,1.5);
#12996 = AXIS2_PLACEMENT_3D('',#12997,#12998,#12999);
#12997 = CARTESIAN_POINT('',(35.,-67.,-47.));
#12998 = DIRECTION('',(0.,0.,1.));
#12999 = DIRECTION('',(1.,0.,0.));
#13000 = ORIENTED_EDGE('',*,*,#13001,.F.);
#13001 = EDGE_CURVE('',#12959,#12993,#13002,.T.);
#13002 = LINE('',#13003,#13004);
#13003 = CARTESIAN_POINT('',(36.5,-67.,-48.3));
#13004 = VECTOR('',#13005,1.);
#13005 = DIRECTION('',(0.,0.,1.));
#13006 = ORIENTED_EDGE('',*,*,#12958,.T.);
#13007 = ORIENTED_EDGE('',*,*,#13001,.T.);
#13008 = CYLINDRICAL_SURFACE('',#13009,1.5);
#13009 = AXIS2_PLACEMENT_3D('',#13010,#13011,#13012);
#13010 = CARTESIAN_POINT('',(35.,-67.,-48.3));
#13011 = DIRECTION('',(0.,0.,1.));
#13012 = DIRECTION('',(1.,0.,0.));
#13013 = ADVANCED_FACE('',(#13014),#13017,.T.);
#13014 = FACE_BOUND('',#13015,.T.);
#13015 = EDGE_LOOP('',(#13016));
#13016 = ORIENTED_EDGE('',*,*,#12992,.T.);
#13017 = PLANE('',#13018);
#13018 = AXIS2_PLACEMENT_3D('',#13019,#13020,#13021);
#13019 = CARTESIAN_POINT('',(35.,-67.,-47.));
#13020 = DIRECTION('',(0.,0.,1.));
#13021 = DIRECTION('',(1.,0.,0.));
#13022 = MANIFOLD_SOLID_BREP('',#13023);
#13023 = CLOSED_SHELL('',(#13024,#13057,#13082,#13091,#13116));
#13024 = ADVANCED_FACE('',(#13025),#13052,.T.);
#13025 = FACE_BOUND('',#13026,.T.);
#13026 = EDGE_LOOP('',(#13027,#13036,#13044,#13051));
#13027 = ORIENTED_EDGE('',*,*,#13028,.F.);
#13028 = EDGE_CURVE('',#13029,#13029,#13031,.T.);
#13029 = VERTEX_POINT('',#13030);
#13030 = CARTESIAN_POINT('',(38.,67.,-49.8));
#13031 = CIRCLE('',#13032,3.);
#13032 = AXIS2_PLACEMENT_3D('',#13033,#13034,#13035);
#13033 = CARTESIAN_POINT('',(35.,67.,-49.8));
#13034 = DIRECTION('',(0.,0.,1.));
#13035 = DIRECTION('',(1.,0.,0.));
#13036 = ORIENTED_EDGE('',*,*,#13037,.F.);
#13037 = EDGE_CURVE('',#13038,#13029,#13040,.T.);
#13038 = VERTEX_POINT('',#13039);
#13039 = CARTESIAN_POINT('',(38.,67.,-50.));
#13040 = LINE('',#13041,#13042);
#13041 = CARTESIAN_POINT('',(38.,67.,-50.));
#13042 = VECTOR('',#13043,1.);
#13043 = DIRECTION('',(0.,0.,1.));
#13044 = ORIENTED_EDGE('',*,*,#13045,.T.);
#13045 = EDGE_CURVE('',#13038,#13038,#13046,.T.);
#13046 = CIRCLE('',#13047,3.);
#13047 = AXIS2_PLACEMENT_3D('',#13048,#13049,#13050);
#13048 = CARTESIAN_POINT('',(35.,67.,-50.));
#13049 = DIRECTION('',(0.,0.,1.));
#13050 = DIRECTION('',(1.,0.,0.));
#13051 = ORIENTED_EDGE('',*,*,#13037,.T.);
#13052 = CYLINDRICAL_SURFACE('',#13053,3.);
#13053 = AXIS2_PLACEMENT_3D('',#13054,#13055,#13056);
#13054 = CARTESIAN_POINT('',(35.,67.,-50.));
#13055 = DIRECTION('',(0.,0.,1.));
#13056 = DIRECTION('',(1.,0.,0.));
#13057 = ADVANCED_FACE('',(#13058),#13077,.T.);
#13058 = FACE_BOUND('',#13059,.T.);
#13059 = EDGE_LOOP('',(#13060,#13069,#13075,#13076));
#13060 = ORIENTED_EDGE('',*,*,#13061,.F.);
#13061 = EDGE_CURVE('',#13062,#13062,#13064,.T.);
#13062 = VERTEX_POINT('',#13063);
#13063 = CARTESIAN_POINT('',(36.5,67.,-48.3));
#13064 = CIRCLE('',#13065,1.5);
#13065 = AXIS2_PLACEMENT_3D('',#13066,#13067,#13068);
#13066 = CARTESIAN_POINT('',(35.,67.,-48.3));
#13067 = DIRECTION('',(0.,0.,1.));
#13068 = DIRECTION('',(1.,0.,0.));
#13069 = ORIENTED_EDGE('',*,*,#13070,.F.);
#13070 = EDGE_CURVE('',#13029,#13062,#13071,.T.);
#13071 = LINE('',#13072,#13073);
#13072 = CARTESIAN_POINT('',(38.,67.,-49.8));
#13073 = VECTOR('',#13074,1.);
#13074 = DIRECTION('',(-0.707106781187,1.7E-16,0.707106781187));
#13075 = ORIENTED_EDGE('',*,*,#13028,.T.);
#13076 = ORIENTED_EDGE('',*,*,#13070,.T.);
#13077 = CONICAL_SURFACE('',#13078,3.,0.785398163397);
#13078 = AXIS2_PLACEMENT_3D('',#13079,#13080,#13081);
#13079 = CARTESIAN_POINT('',(35.,67.,-49.8));
#13080 = DIRECTION('',(-0.,-0.,-1.));
#13081 = DIRECTION('',(1.,0.,0.));
#13082 = ADVANCED_FACE('',(#13083),#13086,.F.);
#13083 = FACE_BOUND('',#13084,.T.);
#13084 = EDGE_LOOP('',(#13085));
#13085 = ORIENTED_EDGE('',*,*,#13045,.F.);
#13086 = PLANE('',#13087);
#13087 = AXIS2_PLACEMENT_3D('',#13088,#13089,#13090);
#13088 = CARTESIAN_POINT('',(35.,67.,-50.));
#13089 = DIRECTION('',(0.,0.,1.));
#13090 = DIRECTION('',(1.,0.,0.));
#13091 = ADVANCED_FACE('',(#13092),#13111,.T.);
#13092 = FACE_BOUND('',#13093,.T.);
#13093 = EDGE_LOOP('',(#13094,#13103,#13109,#13110));
#13094 = ORIENTED_EDGE('',*,*,#13095,.F.);
#13095 = EDGE_CURVE('',#13096,#13096,#13098,.T.);
#13096 = VERTEX_POINT('',#13097);
#13097 = CARTESIAN_POINT('',(36.5,67.,-47.));
#13098 = CIRCLE('',#13099,1.5);
#13099 = AXIS2_PLACEMENT_3D('',#13100,#13101,#13102);
#13100 = CARTESIAN_POINT('',(35.,67.,-47.));
#13101 = DIRECTION('',(0.,0.,1.));
#13102 = DIRECTION('',(1.,0.,0.));
#13103 = ORIENTED_EDGE('',*,*,#13104,.F.);
#13104 = EDGE_CURVE('',#13062,#13096,#13105,.T.);
#13105 = LINE('',#13106,#13107);
#13106 = CARTESIAN_POINT('',(36.5,67.,-48.3));
#13107 = VECTOR('',#13108,1.);
#13108 = DIRECTION('',(0.,0.,1.));
#13109 = ORIENTED_EDGE('',*,*,#13061,.T.);
#13110 = ORIENTED_EDGE('',*,*,#13104,.T.);
#13111 = CYLINDRICAL_SURFACE('',#13112,1.5);
#13112 = AXIS2_PLACEMENT_3D('',#13113,#13114,#13115);
#13113 = CARTESIAN_POINT('',(35.,67.,-48.3));
#13114 = DIRECTION('',(0.,0.,1.));
#13115 = DIRECTION('',(1.,0.,0.));
#13116 = ADVANCED_FACE('',(#13117),#13120,.T.);
#13117 = FACE_BOUND('',#13118,.T.);
#13118 = EDGE_LOOP('',(#13119));
#13119 = ORIENTED_EDGE('',*,*,#13095,.T.);
#13120 = PLANE('',#13121);
#13121 = AXIS2_PLACEMENT_3D('',#13122,#13123,#13124);
#13122 = CARTESIAN_POINT('',(35.,67.,-47.));
#13123 = DIRECTION('',(0.,0.,1.));
#13124 = DIRECTION('',(1.,0.,0.));
#13125 = MANIFOLD_SOLID_BREP('',#13126);
#13126 = CLOSED_SHELL('',(#13127,#13160,#13185,#13194,#13219));
#13127 = ADVANCED_FACE('',(#13128),#13155,.T.);
#13128 = FACE_BOUND('',#13129,.T.);
#13129 = EDGE_LOOP('',(#13130,#13139,#13147,#13154));
#13130 = ORIENTED_EDGE('',*,*,#13131,.F.);
#13131 = EDGE_CURVE('',#13132,#13132,#13134,.T.);
#13132 = VERTEX_POINT('',#13133);
#13133 = CARTESIAN_POINT('',(73.,-67.,-49.8));
#13134 = CIRCLE('',#13135,3.);
#13135 = AXIS2_PLACEMENT_3D('',#13136,#13137,#13138);
#13136 = CARTESIAN_POINT('',(70.,-67.,-49.8));
#13137 = DIRECTION('',(0.,0.,1.));
#13138 = DIRECTION('',(1.,0.,0.));
#13139 = ORIENTED_EDGE('',*,*,#13140,.F.);
#13140 = EDGE_CURVE('',#13141,#13132,#13143,.T.);
#13141 = VERTEX_POINT('',#13142);
#13142 = CARTESIAN_POINT('',(73.,-67.,-50.));
#13143 = LINE('',#13144,#13145);
#13144 = CARTESIAN_POINT('',(73.,-67.,-50.));
#13145 = VECTOR('',#13146,1.);
#13146 = DIRECTION('',(0.,0.,1.));
#13147 = ORIENTED_EDGE('',*,*,#13148,.T.);
#13148 = EDGE_CURVE('',#13141,#13141,#13149,.T.);
#13149 = CIRCLE('',#13150,3.);
#13150 = AXIS2_PLACEMENT_3D('',#13151,#13152,#13153);
#13151 = CARTESIAN_POINT('',(70.,-67.,-50.));
#13152 = DIRECTION('',(0.,0.,1.));
#13153 = DIRECTION('',(1.,0.,0.));
#13154 = ORIENTED_EDGE('',*,*,#13140,.T.);
#13155 = CYLINDRICAL_SURFACE('',#13156,3.);
#13156 = AXIS2_PLACEMENT_3D('',#13157,#13158,#13159);
#13157 = CARTESIAN_POINT('',(70.,-67.,-50.));
#13158 = DIRECTION('',(0.,0.,1.));
#13159 = DIRECTION('',(1.,0.,0.));
#13160 = ADVANCED_FACE('',(#13161),#13180,.T.);
#13161 = FACE_BOUND('',#13162,.T.);
#13162 = EDGE_LOOP('',(#13163,#13172,#13178,#13179));
#13163 = ORIENTED_EDGE('',*,*,#13164,.F.);
#13164 = EDGE_CURVE('',#13165,#13165,#13167,.T.);
#13165 = VERTEX_POINT('',#13166);
#13166 = CARTESIAN_POINT('',(71.5,-67.,-48.3));
#13167 = CIRCLE('',#13168,1.5);
#13168 = AXIS2_PLACEMENT_3D('',#13169,#13170,#13171);
#13169 = CARTESIAN_POINT('',(70.,-67.,-48.3));
#13170 = DIRECTION('',(0.,0.,1.));
#13171 = DIRECTION('',(1.,0.,0.));
#13172 = ORIENTED_EDGE('',*,*,#13173,.F.);
#13173 = EDGE_CURVE('',#13132,#13165,#13174,.T.);
#13174 = LINE('',#13175,#13176);
#13175 = CARTESIAN_POINT('',(73.,-67.,-49.8));
#13176 = VECTOR('',#13177,1.);
#13177 = DIRECTION('',(-0.707106781187,1.7E-16,0.707106781187));
#13178 = ORIENTED_EDGE('',*,*,#13131,.T.);
#13179 = ORIENTED_EDGE('',*,*,#13173,.T.);
#13180 = CONICAL_SURFACE('',#13181,3.,0.785398163397);
#13181 = AXIS2_PLACEMENT_3D('',#13182,#13183,#13184);
#13182 = CARTESIAN_POINT('',(70.,-67.,-49.8));
#13183 = DIRECTION('',(-0.,-0.,-1.));
#13184 = DIRECTION('',(1.,0.,0.));
#13185 = ADVANCED_FACE('',(#13186),#13189,.F.);
#13186 = FACE_BOUND('',#13187,.T.);
#13187 = EDGE_LOOP('',(#13188));
#13188 = ORIENTED_EDGE('',*,*,#13148,.F.);
#13189 = PLANE('',#13190);
#13190 = AXIS2_PLACEMENT_3D('',#13191,#13192,#13193);
#13191 = CARTESIAN_POINT('',(70.,-67.,-50.));
#13192 = DIRECTION('',(0.,0.,1.));
#13193 = DIRECTION('',(1.,0.,0.));
#13194 = ADVANCED_FACE('',(#13195),#13214,.T.);
#13195 = FACE_BOUND('',#13196,.T.);
#13196 = EDGE_LOOP('',(#13197,#13206,#13212,#13213));
#13197 = ORIENTED_EDGE('',*,*,#13198,.F.);
#13198 = EDGE_CURVE('',#13199,#13199,#13201,.T.);
#13199 = VERTEX_POINT('',#13200);
#13200 = CARTESIAN_POINT('',(71.5,-67.,-47.));
#13201 = CIRCLE('',#13202,1.5);
#13202 = AXIS2_PLACEMENT_3D('',#13203,#13204,#13205);
#13203 = CARTESIAN_POINT('',(70.,-67.,-47.));
#13204 = DIRECTION('',(0.,0.,1.));
#13205 = DIRECTION('',(1.,0.,0.));
#13206 = ORIENTED_EDGE('',*,*,#13207,.F.);
#13207 = EDGE_CURVE('',#13165,#13199,#13208,.T.);
#13208 = LINE('',#13209,#13210);
#13209 = CARTESIAN_POINT('',(71.5,-67.,-48.3));
#13210 = VECTOR('',#13211,1.);
#13211 = DIRECTION('',(0.,0.,1.));
#13212 = ORIENTED_EDGE('',*,*,#13164,.T.);
#13213 = ORIENTED_EDGE('',*,*,#13207,.T.);
#13214 = CYLINDRICAL_SURFACE('',#13215,1.5);
#13215 = AXIS2_PLACEMENT_3D('',#13216,#13217,#13218);
#13216 = CARTESIAN_POINT('',(70.,-67.,-48.3));
#13217 = DIRECTION('',(0.,0.,1.));
#13218 = DIRECTION('',(1.,0.,0.));
#13219 = ADVANCED_FACE('',(#13220),#13223,.T.);
#13220 = FACE_BOUND('',#13221,.T.);
#13221 = EDGE_LOOP('',(#13222));
#13222 = ORIENTED_EDGE('',*,*,#13198,.T.);
#13223 = PLANE('',#13224);
#13224 = AXIS2_PLACEMENT_3D('',#13225,#13226,#13227);
#13225 = CARTESIAN_POINT('',(70.,-67.,-47.));
#13226 = DIRECTION('',(0.,0.,1.));
#13227 = DIRECTION('',(1.,0.,0.));
#13228 = MANIFOLD_SOLID_BREP('',#13229);
#13229 = CLOSED_SHELL('',(#13230,#13263,#13288,#13297,#13322));
#13230 = ADVANCED_FACE('',(#13231),#13258,.T.);
#13231 = FACE_BOUND('',#13232,.T.);
#13232 = EDGE_LOOP('',(#13233,#13242,#13250,#13257));
#13233 = ORIENTED_EDGE('',*,*,#13234,.F.);
#13234 = EDGE_CURVE('',#13235,#13235,#13237,.T.);
#13235 = VERTEX_POINT('',#13236);
#13236 = CARTESIAN_POINT('',(73.,67.,-49.8));
#13237 = CIRCLE('',#13238,3.);
#13238 = AXIS2_PLACEMENT_3D('',#13239,#13240,#13241);
#13239 = CARTESIAN_POINT('',(70.,67.,-49.8));
#13240 = DIRECTION('',(0.,0.,1.));
#13241 = DIRECTION('',(1.,0.,0.));
#13242 = ORIENTED_EDGE('',*,*,#13243,.F.);
#13243 = EDGE_CURVE('',#13244,#13235,#13246,.T.);
#13244 = VERTEX_POINT('',#13245);
#13245 = CARTESIAN_POINT('',(73.,67.,-50.));
#13246 = LINE('',#13247,#13248);
#13247 = CARTESIAN_POINT('',(73.,67.,-50.));
#13248 = VECTOR('',#13249,1.);
#13249 = DIRECTION('',(0.,0.,1.));
#13250 = ORIENTED_EDGE('',*,*,#13251,.T.);
#13251 = EDGE_CURVE('',#13244,#13244,#13252,.T.);
#13252 = CIRCLE('',#13253,3.);
#13253 = AXIS2_PLACEMENT_3D('',#13254,#13255,#13256);
#13254 = CARTESIAN_POINT('',(70.,67.,-50.));
#13255 = DIRECTION('',(0.,0.,1.));
#13256 = DIRECTION('',(1.,0.,0.));
#13257 = ORIENTED_EDGE('',*,*,#13243,.T.);
#13258 = CYLINDRICAL_SURFACE('',#13259,3.);
#13259 = AXIS2_PLACEMENT_3D('',#13260,#13261,#13262);
#13260 = CARTESIAN_POINT('',(70.,67.,-50.));
#13261 = DIRECTION('',(0.,0.,1.));
#13262 = DIRECTION('',(1.,0.,0.));
#13263 = ADVANCED_FACE('',(#13264),#13283,.T.);
#13264 = FACE_BOUND('',#13265,.T.);
#13265 = EDGE_LOOP('',(#13266,#13275,#13281,#13282));
#13266 = ORIENTED_EDGE('',*,*,#13267,.F.);
#13267 = EDGE_CURVE('',#13268,#13268,#13270,.T.);
#13268 = VERTEX_POINT('',#13269);
#13269 = CARTESIAN_POINT('',(71.5,67.,-48.3));
#13270 = CIRCLE('',#13271,1.5);
#13271 = AXIS2_PLACEMENT_3D('',#13272,#13273,#13274);
#13272 = CARTESIAN_POINT('',(70.,67.,-48.3));
#13273 = DIRECTION('',(0.,0.,1.));
#13274 = DIRECTION('',(1.,0.,0.));
#13275 = ORIENTED_EDGE('',*,*,#13276,.F.);
#13276 = EDGE_CURVE('',#13235,#13268,#13277,.T.);
#13277 = LINE('',#13278,#13279);
#13278 = CARTESIAN_POINT('',(73.,67.,-49.8));
#13279 = VECTOR('',#13280,1.);
#13280 = DIRECTION('',(-0.707106781187,1.7E-16,0.707106781187));
#13281 = ORIENTED_EDGE('',*,*,#13234,.T.);
#13282 = ORIENTED_EDGE('',*,*,#13276,.T.);
#13283 = CONICAL_SURFACE('',#13284,3.,0.785398163397);
#13284 = AXIS2_PLACEMENT_3D('',#13285,#13286,#13287);
#13285 = CARTESIAN_POINT('',(70.,67.,-49.8));
#13286 = DIRECTION('',(-0.,-0.,-1.));
#13287 = DIRECTION('',(1.,0.,0.));
#13288 = ADVANCED_FACE('',(#13289),#13292,.F.);
#13289 = FACE_BOUND('',#13290,.T.);
#13290 = EDGE_LOOP('',(#13291));
#13291 = ORIENTED_EDGE('',*,*,#13251,.F.);
#13292 = PLANE('',#13293);
#13293 = AXIS2_PLACEMENT_3D('',#13294,#13295,#13296);
#13294 = CARTESIAN_POINT('',(70.,67.,-50.));
#13295 = DIRECTION('',(0.,0.,1.));
#13296 = DIRECTION('',(1.,0.,0.));
#13297 = ADVANCED_FACE('',(#13298),#13317,.T.);
#13298 = FACE_BOUND('',#13299,.T.);
#13299 = EDGE_LOOP('',(#13300,#13309,#13315,#13316));
#13300 = ORIENTED_EDGE('',*,*,#13301,.F.);
#13301 = EDGE_CURVE('',#13302,#13302,#13304,.T.);
#13302 = VERTEX_POINT('',#13303);
#13303 = CARTESIAN_POINT('',(71.5,67.,-47.));
#13304 = CIRCLE('',#13305,1.5);
#13305 = AXIS2_PLACEMENT_3D('',#13306,#13307,#13308);
#13306 = CARTESIAN_POINT('',(70.,67.,-47.));
#13307 = DIRECTION('',(0.,0.,1.));
#13308 = DIRECTION('',(1.,0.,0.));
#13309 = ORIENTED_EDGE('',*,*,#13310,.F.);
#13310 = EDGE_CURVE('',#13268,#13302,#13311,.T.);
#13311 = LINE('',#13312,#13313);
#13312 = CARTESIAN_POINT('',(71.5,67.,-48.3));
#13313 = VECTOR('',#13314,1.);
#13314 = DIRECTION('',(0.,0.,1.));
#13315 = ORIENTED_EDGE('',*,*,#13267,.T.);
#13316 = ORIENTED_EDGE('',*,*,#13310,.T.);
#13317 = CYLINDRICAL_SURFACE('',#13318,1.5);
#13318 = AXIS2_PLACEMENT_3D('',#13319,#13320,#13321);
#13319 = CARTESIAN_POINT('',(70.,67.,-48.3));
#13320 = DIRECTION('',(0.,0.,1.));
#13321 = DIRECTION('',(1.,0.,0.));
#13322 = ADVANCED_FACE('',(#13323),#13326,.T.);
#13323 = FACE_BOUND('',#13324,.T.);
#13324 = EDGE_LOOP('',(#13325));
#13325 = ORIENTED_EDGE('',*,*,#13301,.T.);
#13326 = PLANE('',#13327);
#13327 = AXIS2_PLACEMENT_3D('',#13328,#13329,#13330);
#13328 = CARTESIAN_POINT('',(70.,67.,-47.));
#13329 = DIRECTION('',(0.,0.,1.));
#13330 = DIRECTION('',(1.,0.,0.));
#13331 = MANIFOLD_SOLID_BREP('',#13332);
#13332 = CLOSED_SHELL('',(#13333,#13366,#13391,#13400,#13425));
#13333 = ADVANCED_FACE('',(#13334),#13361,.T.);
#13334 = FACE_BOUND('',#13335,.T.);
#13335 = EDGE_LOOP('',(#13336,#13345,#13353,#13360));
#13336 = ORIENTED_EDGE('',*,*,#13337,.F.);
#13337 = EDGE_CURVE('',#13338,#13338,#13340,.T.);
#13338 = VERTEX_POINT('',#13339);
#13339 = CARTESIAN_POINT('',(-82.,-74.8,-22.));
#13340 = CIRCLE('',#13341,3.);
#13341 = AXIS2_PLACEMENT_3D('',#13342,#13343,#13344);
#13342 = CARTESIAN_POINT('',(-82.,-74.8,-25.));
#13343 = DIRECTION('',(0.,1.,0.));
#13344 = DIRECTION('',(0.,0.,1.));
#13345 = ORIENTED_EDGE('',*,*,#13346,.F.);
#13346 = EDGE_CURVE('',#13347,#13338,#13349,.T.);
#13347 = VERTEX_POINT('',#13348);
#13348 = CARTESIAN_POINT('',(-82.,-75.,-22.));
#13349 = LINE('',#13350,#13351);
#13350 = CARTESIAN_POINT('',(-82.,-75.,-22.));
#13351 = VECTOR('',#13352,1.);
#13352 = DIRECTION('',(0.,1.,0.));
#13353 = ORIENTED_EDGE('',*,*,#13354,.T.);
#13354 = EDGE_CURVE('',#13347,#13347,#13355,.T.);
#13355 = CIRCLE('',#13356,3.);
#13356 = AXIS2_PLACEMENT_3D('',#13357,#13358,#13359);
#13357 = CARTESIAN_POINT('',(-82.,-75.,-25.));
#13358 = DIRECTION('',(0.,1.,0.));
#13359 = DIRECTION('',(0.,0.,1.));
#13360 = ORIENTED_EDGE('',*,*,#13346,.T.);
#13361 = CYLINDRICAL_SURFACE('',#13362,3.);
#13362 = AXIS2_PLACEMENT_3D('',#13363,#13364,#13365);
#13363 = CARTESIAN_POINT('',(-82.,-75.,-25.));
#13364 = DIRECTION('',(0.,1.,0.));
#13365 = DIRECTION('',(0.,0.,1.));
#13366 = ADVANCED_FACE('',(#13367),#13386,.T.);
#13367 = FACE_BOUND('',#13368,.T.);
#13368 = EDGE_LOOP('',(#13369,#13378,#13384,#13385));
#13369 = ORIENTED_EDGE('',*,*,#13370,.F.);
#13370 = EDGE_CURVE('',#13371,#13371,#13373,.T.);
#13371 = VERTEX_POINT('',#13372);
#13372 = CARTESIAN_POINT('',(-82.,-73.3,-23.5));
#13373 = CIRCLE('',#13374,1.5);
#13374 = AXIS2_PLACEMENT_3D('',#13375,#13376,#13377);
#13375 = CARTESIAN_POINT('',(-82.,-73.3,-25.));
#13376 = DIRECTION('',(0.,1.,0.));
#13377 = DIRECTION('',(0.,0.,1.));
#13378 = ORIENTED_EDGE('',*,*,#13379,.F.);
#13379 = EDGE_CURVE('',#13338,#13371,#13380,.T.);
#13380 = LINE('',#13381,#13382);
#13381 = CARTESIAN_POINT('',(-82.,-74.8,-22.));
#13382 = VECTOR('',#13383,1.);
#13383 = DIRECTION('',(1.7E-16,0.707106781187,-0.707106781187));
#13384 = ORIENTED_EDGE('',*,*,#13337,.T.);
#13385 = ORIENTED_EDGE('',*,*,#13379,.T.);
#13386 = CONICAL_SURFACE('',#13387,3.,0.785398163397);
#13387 = AXIS2_PLACEMENT_3D('',#13388,#13389,#13390);
#13388 = CARTESIAN_POINT('',(-82.,-74.8,-25.));
#13389 = DIRECTION('',(-0.,-1.,-0.));
#13390 = DIRECTION('',(0.,0.,1.));
#13391 = ADVANCED_FACE('',(#13392),#13395,.F.);
#13392 = FACE_BOUND('',#13393,.T.);
#13393 = EDGE_LOOP('',(#13394));
#13394 = ORIENTED_EDGE('',*,*,#13354,.F.);
#13395 = PLANE('',#13396);
#13396 = AXIS2_PLACEMENT_3D('',#13397,#13398,#13399);
#13397 = CARTESIAN_POINT('',(-82.,-75.,-25.));
#13398 = DIRECTION('',(0.,1.,0.));
#13399 = DIRECTION('',(0.,0.,1.));
#13400 = ADVANCED_FACE('',(#13401),#13420,.T.);
#13401 = FACE_BOUND('',#13402,.T.);
#13402 = EDGE_LOOP('',(#13403,#13412,#13418,#13419));
#13403 = ORIENTED_EDGE('',*,*,#13404,.F.);
#13404 = EDGE_CURVE('',#13405,#13405,#13407,.T.);
#13405 = VERTEX_POINT('',#13406);
#13406 = CARTESIAN_POINT('',(-82.,-72.,-23.5));
#13407 = CIRCLE('',#13408,1.5);
#13408 = AXIS2_PLACEMENT_3D('',#13409,#13410,#13411);
#13409 = CARTESIAN_POINT('',(-82.,-72.,-25.));
#13410 = DIRECTION('',(0.,1.,0.));
#13411 = DIRECTION('',(0.,0.,1.));
#13412 = ORIENTED_EDGE('',*,*,#13413,.F.);
#13413 = EDGE_CURVE('',#13371,#13405,#13414,.T.);
#13414 = LINE('',#13415,#13416);
#13415 = CARTESIAN_POINT('',(-82.,-73.3,-23.5));
#13416 = VECTOR('',#13417,1.);
#13417 = DIRECTION('',(0.,1.,0.));
#13418 = ORIENTED_EDGE('',*,*,#13370,.T.);
#13419 = ORIENTED_EDGE('',*,*,#13413,.T.);
#13420 = CYLINDRICAL_SURFACE('',#13421,1.5);
#13421 = AXIS2_PLACEMENT_3D('',#13422,#13423,#13424);
#13422 = CARTESIAN_POINT('',(-82.,-73.3,-25.));
#13423 = DIRECTION('',(0.,1.,0.));
#13424 = DIRECTION('',(0.,0.,1.));
#13425 = ADVANCED_FACE('',(#13426),#13429,.T.);
#13426 = FACE_BOUND('',#13427,.T.);
#13427 = EDGE_LOOP('',(#13428));
#13428 = ORIENTED_EDGE('',*,*,#13404,.T.);
#13429 = PLANE('',#13430);
#13430 = AXIS2_PLACEMENT_3D('',#13431,#13432,#13433);
#13431 = CARTESIAN_POINT('',(-82.,-72.,-25.));
#13432 = DIRECTION('',(0.,1.,0.));
#13433 = DIRECTION('',(0.,0.,1.));
#13434 = MANIFOLD_SOLID_BREP('',#13435);
#13435 = CLOSED_SHELL('',(#13436,#13469,#13494,#13503,#13528));
#13436 = ADVANCED_FACE('',(#13437),#13464,.T.);
#13437 = FACE_BOUND('',#13438,.T.);
#13438 = EDGE_LOOP('',(#13439,#13448,#13456,#13463));
#13439 = ORIENTED_EDGE('',*,*,#13440,.F.);
#13440 = EDGE_CURVE('',#13441,#13441,#13443,.T.);
#13441 = VERTEX_POINT('',#13442);
#13442 = CARTESIAN_POINT('',(-82.,-74.8,28.));
#13443 = CIRCLE('',#13444,3.);
#13444 = AXIS2_PLACEMENT_3D('',#13445,#13446,#13447);
#13445 = CARTESIAN_POINT('',(-82.,-74.8,25.));
#13446 = DIRECTION('',(0.,1.,0.));
#13447 = DIRECTION('',(0.,0.,1.));
#13448 = ORIENTED_EDGE('',*,*,#13449,.F.);
#13449 = EDGE_CURVE('',#13450,#13441,#13452,.T.);
#13450 = VERTEX_POINT('',#13451);
#13451 = CARTESIAN_POINT('',(-82.,-75.,28.));
#13452 = LINE('',#13453,#13454);
#13453 = CARTESIAN_POINT('',(-82.,-75.,28.));
#13454 = VECTOR('',#13455,1.);
#13455 = DIRECTION('',(0.,1.,0.));
#13456 = ORIENTED_EDGE('',*,*,#13457,.T.);
#13457 = EDGE_CURVE('',#13450,#13450,#13458,.T.);
#13458 = CIRCLE('',#13459,3.);
#13459 = AXIS2_PLACEMENT_3D('',#13460,#13461,#13462);
#13460 = CARTESIAN_POINT('',(-82.,-75.,25.));
#13461 = DIRECTION('',(0.,1.,0.));
#13462 = DIRECTION('',(0.,0.,1.));
#13463 = ORIENTED_EDGE('',*,*,#13449,.T.);
#13464 = CYLINDRICAL_SURFACE('',#13465,3.);
#13465 = AXIS2_PLACEMENT_3D('',#13466,#13467,#13468);
#13466 = CARTESIAN_POINT('',(-82.,-75.,25.));
#13467 = DIRECTION('',(0.,1.,0.));
#13468 = DIRECTION('',(0.,0.,1.));
#13469 = ADVANCED_FACE('',(#13470),#13489,.T.);
#13470 = FACE_BOUND('',#13471,.T.);
#13471 = EDGE_LOOP('',(#13472,#13481,#13487,#13488));
#13472 = ORIENTED_EDGE('',*,*,#13473,.F.);
#13473 = EDGE_CURVE('',#13474,#13474,#13476,.T.);
#13474 = VERTEX_POINT('',#13475);
#13475 = CARTESIAN_POINT('',(-82.,-73.3,26.5));
#13476 = CIRCLE('',#13477,1.5);
#13477 = AXIS2_PLACEMENT_3D('',#13478,#13479,#13480);
#13478 = CARTESIAN_POINT('',(-82.,-73.3,25.));
#13479 = DIRECTION('',(0.,1.,0.));
#13480 = DIRECTION('',(0.,0.,1.));
#13481 = ORIENTED_EDGE('',*,*,#13482,.F.);
#13482 = EDGE_CURVE('',#13441,#13474,#13483,.T.);
#13483 = LINE('',#13484,#13485);
#13484 = CARTESIAN_POINT('',(-82.,-74.8,28.));
#13485 = VECTOR('',#13486,1.);
#13486 = DIRECTION('',(1.7E-16,0.707106781187,-0.707106781187));
#13487 = ORIENTED_EDGE('',*,*,#13440,.T.);
#13488 = ORIENTED_EDGE('',*,*,#13482,.T.);
#13489 = CONICAL_SURFACE('',#13490,3.,0.785398163397);
#13490 = AXIS2_PLACEMENT_3D('',#13491,#13492,#13493);
#13491 = CARTESIAN_POINT('',(-82.,-74.8,25.));
#13492 = DIRECTION('',(-0.,-1.,-0.));
#13493 = DIRECTION('',(0.,0.,1.));
#13494 = ADVANCED_FACE('',(#13495),#13498,.F.);
#13495 = FACE_BOUND('',#13496,.T.);
#13496 = EDGE_LOOP('',(#13497));
#13497 = ORIENTED_EDGE('',*,*,#13457,.F.);
#13498 = PLANE('',#13499);
#13499 = AXIS2_PLACEMENT_3D('',#13500,#13501,#13502);
#13500 = CARTESIAN_POINT('',(-82.,-75.,25.));
#13501 = DIRECTION('',(0.,1.,0.));
#13502 = DIRECTION('',(0.,0.,1.));
#13503 = ADVANCED_FACE('',(#13504),#13523,.T.);
#13504 = FACE_BOUND('',#13505,.T.);
#13505 = EDGE_LOOP('',(#13506,#13515,#13521,#13522));
#13506 = ORIENTED_EDGE('',*,*,#13507,.F.);
#13507 = EDGE_CURVE('',#13508,#13508,#13510,.T.);
#13508 = VERTEX_POINT('',#13509);
#13509 = CARTESIAN_POINT('',(-82.,-72.,26.5));
#13510 = CIRCLE('',#13511,1.5);
#13511 = AXIS2_PLACEMENT_3D('',#13512,#13513,#13514);
#13512 = CARTESIAN_POINT('',(-82.,-72.,25.));
#13513 = DIRECTION('',(0.,1.,0.));
#13514 = DIRECTION('',(0.,0.,1.));
#13515 = ORIENTED_EDGE('',*,*,#13516,.F.);
#13516 = EDGE_CURVE('',#13474,#13508,#13517,.T.);
#13517 = LINE('',#13518,#13519);
#13518 = CARTESIAN_POINT('',(-82.,-73.3,26.5));
#13519 = VECTOR('',#13520,1.);
#13520 = DIRECTION('',(0.,1.,0.));
#13521 = ORIENTED_EDGE('',*,*,#13473,.T.);
#13522 = ORIENTED_EDGE('',*,*,#13516,.T.);
#13523 = CYLINDRICAL_SURFACE('',#13524,1.5);
#13524 = AXIS2_PLACEMENT_3D('',#13525,#13526,#13527);
#13525 = CARTESIAN_POINT('',(-82.,-73.3,25.));
#13526 = DIRECTION('',(0.,1.,0.));
#13527 = DIRECTION('',(0.,0.,1.));
#13528 = ADVANCED_FACE('',(#13529),#13532,.T.);
#13529 = FACE_BOUND('',#13530,.T.);
#13530 = EDGE_LOOP('',(#13531));
#13531 = ORIENTED_EDGE('',*,*,#13507,.T.);
#13532 = PLANE('',#13533);
#13533 = AXIS2_PLACEMENT_3D('',#13534,#13535,#13536);
#13534 = CARTESIAN_POINT('',(-82.,-72.,25.));
#13535 = DIRECTION('',(0.,1.,0.));
#13536 = DIRECTION('',(0.,0.,1.));
#13537 = MANIFOLD_SOLID_BREP('',#13538);
#13538 = CLOSED_SHELL('',(#13539,#13572,#13597,#13606,#13631));
#13539 = ADVANCED_FACE('',(#13540),#13567,.T.);
#13540 = FACE_BOUND('',#13541,.T.);
#13541 = EDGE_LOOP('',(#13542,#13551,#13559,#13566));
#13542 = ORIENTED_EDGE('',*,*,#13543,.F.);
#13543 = EDGE_CURVE('',#13544,#13544,#13546,.T.);
#13544 = VERTEX_POINT('',#13545);
#13545 = CARTESIAN_POINT('',(82.,-74.8,-22.));
#13546 = CIRCLE('',#13547,3.);
#13547 = AXIS2_PLACEMENT_3D('',#13548,#13549,#13550);
#13548 = CARTESIAN_POINT('',(82.,-74.8,-25.));
#13549 = DIRECTION('',(0.,1.,0.));
#13550 = DIRECTION('',(0.,0.,1.));
#13551 = ORIENTED_EDGE('',*,*,#13552,.F.);
#13552 = EDGE_CURVE('',#13553,#13544,#13555,.T.);
#13553 = VERTEX_POINT('',#13554);
#13554 = CARTESIAN_POINT('',(82.,-75.,-22.));
#13555 = LINE('',#13556,#13557);
#13556 = CARTESIAN_POINT('',(82.,-75.,-22.));
#13557 = VECTOR('',#13558,1.);
#13558 = DIRECTION('',(0.,1.,0.));
#13559 = ORIENTED_EDGE('',*,*,#13560,.T.);
#13560 = EDGE_CURVE('',#13553,#13553,#13561,.T.);
#13561 = CIRCLE('',#13562,3.);
#13562 = AXIS2_PLACEMENT_3D('',#13563,#13564,#13565);
#13563 = CARTESIAN_POINT('',(82.,-75.,-25.));
#13564 = DIRECTION('',(0.,1.,0.));
#13565 = DIRECTION('',(0.,0.,1.));
#13566 = ORIENTED_EDGE('',*,*,#13552,.T.);
#13567 = CYLINDRICAL_SURFACE('',#13568,3.);
#13568 = AXIS2_PLACEMENT_3D('',#13569,#13570,#13571);
#13569 = CARTESIAN_POINT('',(82.,-75.,-25.));
#13570 = DIRECTION('',(0.,1.,0.));
#13571 = DIRECTION('',(0.,0.,1.));
#13572 = ADVANCED_FACE('',(#13573),#13592,.T.);
#13573 = FACE_BOUND('',#13574,.T.);
#13574 = EDGE_LOOP('',(#13575,#13584,#13590,#13591));
#13575 = ORIENTED_EDGE('',*,*,#13576,.F.);
#13576 = EDGE_CURVE('',#13577,#13577,#13579,.T.);
#13577 = VERTEX_POINT('',#13578);
#13578 = CARTESIAN_POINT('',(82.,-73.3,-23.5));
#13579 = CIRCLE('',#13580,1.5);
#13580 = AXIS2_PLACEMENT_3D('',#13581,#13582,#13583);
#13581 = CARTESIAN_POINT('',(82.,-73.3,-25.));
#13582 = DIRECTION('',(0.,1.,0.));
#13583 = DIRECTION('',(0.,0.,1.));
#13584 = ORIENTED_EDGE('',*,*,#13585,.F.);
#13585 = EDGE_CURVE('',#13544,#13577,#13586,.T.);
#13586 = LINE('',#13587,#13588);
#13587 = CARTESIAN_POINT('',(82.,-74.8,-22.));
#13588 = VECTOR('',#13589,1.);
#13589 = DIRECTION('',(1.7E-16,0.707106781187,-0.707106781187));
#13590 = ORIENTED_EDGE('',*,*,#13543,.T.);
#13591 = ORIENTED_EDGE('',*,*,#13585,.T.);
#13592 = CONICAL_SURFACE('',#13593,3.,0.785398163397);
#13593 = AXIS2_PLACEMENT_3D('',#13594,#13595,#13596);
#13594 = CARTESIAN_POINT('',(82.,-74.8,-25.));
#13595 = DIRECTION('',(-0.,-1.,-0.));
#13596 = DIRECTION('',(0.,0.,1.));
#13597 = ADVANCED_FACE('',(#13598),#13601,.F.);
#13598 = FACE_BOUND('',#13599,.T.);
#13599 = EDGE_LOOP('',(#13600));
#13600 = ORIENTED_EDGE('',*,*,#13560,.F.);
#13601 = PLANE('',#13602);
#13602 = AXIS2_PLACEMENT_3D('',#13603,#13604,#13605);
#13603 = CARTESIAN_POINT('',(82.,-75.,-25.));
#13604 = DIRECTION('',(0.,1.,0.));
#13605 = DIRECTION('',(0.,0.,1.));
#13606 = ADVANCED_FACE('',(#13607),#13626,.T.);
#13607 = FACE_BOUND('',#13608,.T.);
#13608 = EDGE_LOOP('',(#13609,#13618,#13624,#13625));
#13609 = ORIENTED_EDGE('',*,*,#13610,.F.);
#13610 = EDGE_CURVE('',#13611,#13611,#13613,.T.);
#13611 = VERTEX_POINT('',#13612);
#13612 = CARTESIAN_POINT('',(82.,-72.,-23.5));
#13613 = CIRCLE('',#13614,1.5);
#13614 = AXIS2_PLACEMENT_3D('',#13615,#13616,#13617);
#13615 = CARTESIAN_POINT('',(82.,-72.,-25.));
#13616 = DIRECTION('',(0.,1.,0.));
#13617 = DIRECTION('',(0.,0.,1.));
#13618 = ORIENTED_EDGE('',*,*,#13619,.F.);
#13619 = EDGE_CURVE('',#13577,#13611,#13620,.T.);
#13620 = LINE('',#13621,#13622);
#13621 = CARTESIAN_POINT('',(82.,-73.3,-23.5));
#13622 = VECTOR('',#13623,1.);
#13623 = DIRECTION('',(0.,1.,0.));
#13624 = ORIENTED_EDGE('',*,*,#13576,.T.);
#13625 = ORIENTED_EDGE('',*,*,#13619,.T.);
#13626 = CYLINDRICAL_SURFACE('',#13627,1.5);
#13627 = AXIS2_PLACEMENT_3D('',#13628,#13629,#13630);
#13628 = CARTESIAN_POINT('',(82.,-73.3,-25.));
#13629 = DIRECTION('',(0.,1.,0.));
#13630 = DIRECTION('',(0.,0.,1.));
#13631 = ADVANCED_FACE('',(#13632),#13635,.T.);
#13632 = FACE_BOUND('',#13633,.T.);
#13633 = EDGE_LOOP('',(#13634));
#13634 = ORIENTED_EDGE('',*,*,#13610,.T.);
#13635 = PLANE('',#13636);
#13636 = AXIS2_PLACEMENT_3D('',#13637,#13638,#13639);
#13637 = CARTESIAN_POINT('',(82.,-72.,-25.));
#13638 = DIRECTION('',(0.,1.,0.));
#13639 = DIRECTION('',(0.,0.,1.));
#13640 = MANIFOLD_SOLID_BREP('',#13641);
#13641 = CLOSED_SHELL('',(#13642,#13675,#13700,#13709,#13734));
#13642 = ADVANCED_FACE('',(#13643),#13670,.T.);
#13643 = FACE_BOUND('',#13644,.T.);
#13644 = EDGE_LOOP('',(#13645,#13654,#13662,#13669));
#13645 = ORIENTED_EDGE('',*,*,#13646,.F.);
#13646 = EDGE_CURVE('',#13647,#13647,#13649,.T.);
#13647 = VERTEX_POINT('',#13648);
#13648 = CARTESIAN_POINT('',(82.,-74.8,28.));
#13649 = CIRCLE('',#13650,3.);
#13650 = AXIS2_PLACEMENT_3D('',#13651,#13652,#13653);
#13651 = CARTESIAN_POINT('',(82.,-74.8,25.));
#13652 = DIRECTION('',(0.,1.,0.));
#13653 = DIRECTION('',(0.,0.,1.));
#13654 = ORIENTED_EDGE('',*,*,#13655,.F.);
#13655 = EDGE_CURVE('',#13656,#13647,#13658,.T.);
#13656 = VERTEX_POINT('',#13657);
#13657 = CARTESIAN_POINT('',(82.,-75.,28.));
#13658 = LINE('',#13659,#13660);
#13659 = CARTESIAN_POINT('',(82.,-75.,28.));
#13660 = VECTOR('',#13661,1.);
#13661 = DIRECTION('',(0.,1.,0.));
#13662 = ORIENTED_EDGE('',*,*,#13663,.T.);
#13663 = EDGE_CURVE('',#13656,#13656,#13664,.T.);
#13664 = CIRCLE('',#13665,3.);
#13665 = AXIS2_PLACEMENT_3D('',#13666,#13667,#13668);
#13666 = CARTESIAN_POINT('',(82.,-75.,25.));
#13667 = DIRECTION('',(0.,1.,0.));
#13668 = DIRECTION('',(0.,0.,1.));
#13669 = ORIENTED_EDGE('',*,*,#13655,.T.);
#13670 = CYLINDRICAL_SURFACE('',#13671,3.);
#13671 = AXIS2_PLACEMENT_3D('',#13672,#13673,#13674);
#13672 = CARTESIAN_POINT('',(82.,-75.,25.));
#13673 = DIRECTION('',(0.,1.,0.));
#13674 = DIRECTION('',(0.,0.,1.));
#13675 = ADVANCED_FACE('',(#13676),#13695,.T.);
#13676 = FACE_BOUND('',#13677,.T.);
#13677 = EDGE_LOOP('',(#13678,#13687,#13693,#13694));
#13678 = ORIENTED_EDGE('',*,*,#13679,.F.);
#13679 = EDGE_CURVE('',#13680,#13680,#13682,.T.);
#13680 = VERTEX_POINT('',#13681);
#13681 = CARTESIAN_POINT('',(82.,-73.3,26.5));
#13682 = CIRCLE('',#13683,1.5);
#13683 = AXIS2_PLACEMENT_3D('',#13684,#13685,#13686);
#13684 = CARTESIAN_POINT('',(82.,-73.3,25.));
#13685 = DIRECTION('',(0.,1.,0.));
#13686 = DIRECTION('',(0.,0.,1.));
#13687 = ORIENTED_EDGE('',*,*,#13688,.F.);
#13688 = EDGE_CURVE('',#13647,#13680,#13689,.T.);
#13689 = LINE('',#13690,#13691);
#13690 = CARTESIAN_POINT('',(82.,-74.8,28.));
#13691 = VECTOR('',#13692,1.);
#13692 = DIRECTION('',(1.7E-16,0.707106781187,-0.707106781187));
#13693 = ORIENTED_EDGE('',*,*,#13646,.T.);
#13694 = ORIENTED_EDGE('',*,*,#13688,.T.);
#13695 = CONICAL_SURFACE('',#13696,3.,0.785398163397);
#13696 = AXIS2_PLACEMENT_3D('',#13697,#13698,#13699);
#13697 = CARTESIAN_POINT('',(82.,-74.8,25.));
#13698 = DIRECTION('',(-0.,-1.,-0.));
#13699 = DIRECTION('',(0.,0.,1.));
#13700 = ADVANCED_FACE('',(#13701),#13704,.F.);
#13701 = FACE_BOUND('',#13702,.T.);
#13702 = EDGE_LOOP('',(#13703));
#13703 = ORIENTED_EDGE('',*,*,#13663,.F.);
#13704 = PLANE('',#13705);
#13705 = AXIS2_PLACEMENT_3D('',#13706,#13707,#13708);
#13706 = CARTESIAN_POINT('',(82.,-75.,25.));
#13707 = DIRECTION('',(0.,1.,0.));
#13708 = DIRECTION('',(0.,0.,1.));
#13709 = ADVANCED_FACE('',(#13710),#13729,.T.);
#13710 = FACE_BOUND('',#13711,.T.);
#13711 = EDGE_LOOP('',(#13712,#13721,#13727,#13728));
#13712 = ORIENTED_EDGE('',*,*,#13713,.F.);
#13713 = EDGE_CURVE('',#13714,#13714,#13716,.T.);
#13714 = VERTEX_POINT('',#13715);
#13715 = CARTESIAN_POINT('',(82.,-72.,26.5));
#13716 = CIRCLE('',#13717,1.5);
#13717 = AXIS2_PLACEMENT_3D('',#13718,#13719,#13720);
#13718 = CARTESIAN_POINT('',(82.,-72.,25.));
#13719 = DIRECTION('',(0.,1.,0.));
#13720 = DIRECTION('',(0.,0.,1.));
#13721 = ORIENTED_EDGE('',*,*,#13722,.F.);
#13722 = EDGE_CURVE('',#13680,#13714,#13723,.T.);
#13723 = LINE('',#13724,#13725);
#13724 = CARTESIAN_POINT('',(82.,-73.3,26.5));
#13725 = VECTOR('',#13726,1.);
#13726 = DIRECTION('',(0.,1.,0.));
#13727 = ORIENTED_EDGE('',*,*,#13679,.T.);
#13728 = ORIENTED_EDGE('',*,*,#13722,.T.);
#13729 = CYLINDRICAL_SURFACE('',#13730,1.5);
#13730 = AXIS2_PLACEMENT_3D('',#13731,#13732,#13733);
#13731 = CARTESIAN_POINT('',(82.,-73.3,25.));
#13732 = DIRECTION('',(0.,1.,0.));
#13733 = DIRECTION('',(0.,0.,1.));
#13734 = ADVANCED_FACE('',(#13735),#13738,.T.);
#13735 = FACE_BOUND('',#13736,.T.);
#13736 = EDGE_LOOP('',(#13737));
#13737 = ORIENTED_EDGE('',*,*,#13713,.T.);
#13738 = PLANE('',#13739);
#13739 = AXIS2_PLACEMENT_3D('',#13740,#13741,#13742);
#13740 = CARTESIAN_POINT('',(82.,-72.,25.));
#13741 = DIRECTION('',(0.,1.,0.));
#13742 = DIRECTION('',(0.,0.,1.));
#13743 = MANIFOLD_SOLID_BREP('',#13744);
#13744 = CLOSED_SHELL('',(#13745,#13778,#13803,#13812,#13837));
#13745 = ADVANCED_FACE('',(#13746),#13773,.T.);
#13746 = FACE_BOUND('',#13747,.T.);
#13747 = EDGE_LOOP('',(#13748,#13757,#13765,#13772));
#13748 = ORIENTED_EDGE('',*,*,#13749,.F.);
#13749 = EDGE_CURVE('',#13750,#13750,#13752,.T.);
#13750 = VERTEX_POINT('',#13751);
#13751 = CARTESIAN_POINT('',(-82.,74.8,-28.));
#13752 = CIRCLE('',#13753,3.);
#13753 = AXIS2_PLACEMENT_3D('',#13754,#13755,#13756);
#13754 = CARTESIAN_POINT('',(-82.,74.8,-25.));
#13755 = DIRECTION('',(0.,-1.,0.));
#13756 = DIRECTION('',(0.,0.,-1.));
#13757 = ORIENTED_EDGE('',*,*,#13758,.F.);
#13758 = EDGE_CURVE('',#13759,#13750,#13761,.T.);
#13759 = VERTEX_POINT('',#13760);
#13760 = CARTESIAN_POINT('',(-82.,75.,-28.));
#13761 = LINE('',#13762,#13763);
#13762 = CARTESIAN_POINT('',(-82.,75.,-28.));
#13763 = VECTOR('',#13764,1.);
#13764 = DIRECTION('',(0.,-1.,0.));
#13765 = ORIENTED_EDGE('',*,*,#13766,.T.);
#13766 = EDGE_CURVE('',#13759,#13759,#13767,.T.);
#13767 = CIRCLE('',#13768,3.);
#13768 = AXIS2_PLACEMENT_3D('',#13769,#13770,#13771);
#13769 = CARTESIAN_POINT('',(-82.,75.,-25.));
#13770 = DIRECTION('',(0.,-1.,0.));
#13771 = DIRECTION('',(0.,0.,-1.));
#13772 = ORIENTED_EDGE('',*,*,#13758,.T.);
#13773 = CYLINDRICAL_SURFACE('',#13774,3.);
#13774 = AXIS2_PLACEMENT_3D('',#13775,#13776,#13777);
#13775 = CARTESIAN_POINT('',(-82.,75.,-25.));
#13776 = DIRECTION('',(0.,-1.,0.));
#13777 = DIRECTION('',(0.,0.,-1.));
#13778 = ADVANCED_FACE('',(#13779),#13798,.T.);
#13779 = FACE_BOUND('',#13780,.T.);
#13780 = EDGE_LOOP('',(#13781,#13790,#13796,#13797));
#13781 = ORIENTED_EDGE('',*,*,#13782,.F.);
#13782 = EDGE_CURVE('',#13783,#13783,#13785,.T.);
#13783 = VERTEX_POINT('',#13784);
#13784 = CARTESIAN_POINT('',(-82.,73.3,-26.5));
#13785 = CIRCLE('',#13786,1.5);
#13786 = AXIS2_PLACEMENT_3D('',#13787,#13788,#13789);
#13787 = CARTESIAN_POINT('',(-82.,73.3,-25.));
#13788 = DIRECTION('',(0.,-1.,0.));
#13789 = DIRECTION('',(0.,0.,-1.));
#13790 = ORIENTED_EDGE('',*,*,#13791,.F.);
#13791 = EDGE_CURVE('',#13750,#13783,#13792,.T.);
#13792 = LINE('',#13793,#13794);
#13793 = CARTESIAN_POINT('',(-82.,74.8,-28.));
#13794 = VECTOR('',#13795,1.);
#13795 = DIRECTION('',(1.7E-16,-0.707106781187,0.707106781187));
#13796 = ORIENTED_EDGE('',*,*,#13749,.T.);
#13797 = ORIENTED_EDGE('',*,*,#13791,.T.);
#13798 = CONICAL_SURFACE('',#13799,3.,0.785398163397);
#13799 = AXIS2_PLACEMENT_3D('',#13800,#13801,#13802);
#13800 = CARTESIAN_POINT('',(-82.,74.8,-25.));
#13801 = DIRECTION('',(0.,1.,0.));
#13802 = DIRECTION('',(0.,0.,-1.));
#13803 = ADVANCED_FACE('',(#13804),#13807,.F.);
#13804 = FACE_BOUND('',#13805,.T.);
#13805 = EDGE_LOOP('',(#13806));
#13806 = ORIENTED_EDGE('',*,*,#13766,.F.);
#13807 = PLANE('',#13808);
#13808 = AXIS2_PLACEMENT_3D('',#13809,#13810,#13811);
#13809 = CARTESIAN_POINT('',(-82.,75.,-25.));
#13810 = DIRECTION('',(0.,-1.,0.));
#13811 = DIRECTION('',(0.,0.,-1.));
#13812 = ADVANCED_FACE('',(#13813),#13832,.T.);
#13813 = FACE_BOUND('',#13814,.T.);
#13814 = EDGE_LOOP('',(#13815,#13824,#13830,#13831));
#13815 = ORIENTED_EDGE('',*,*,#13816,.F.);
#13816 = EDGE_CURVE('',#13817,#13817,#13819,.T.);
#13817 = VERTEX_POINT('',#13818);
#13818 = CARTESIAN_POINT('',(-82.,72.,-26.5));
#13819 = CIRCLE('',#13820,1.5);
#13820 = AXIS2_PLACEMENT_3D('',#13821,#13822,#13823);
#13821 = CARTESIAN_POINT('',(-82.,72.,-25.));
#13822 = DIRECTION('',(0.,-1.,0.));
#13823 = DIRECTION('',(0.,0.,-1.));
#13824 = ORIENTED_EDGE('',*,*,#13825,.F.);
#13825 = EDGE_CURVE('',#13783,#13817,#13826,.T.);
#13826 = LINE('',#13827,#13828);
#13827 = CARTESIAN_POINT('',(-82.,73.3,-26.5));
#13828 = VECTOR('',#13829,1.);
#13829 = DIRECTION('',(0.,-1.,0.));
#13830 = ORIENTED_EDGE('',*,*,#13782,.T.);
#13831 = ORIENTED_EDGE('',*,*,#13825,.T.);
#13832 = CYLINDRICAL_SURFACE('',#13833,1.5);
#13833 = AXIS2_PLACEMENT_3D('',#13834,#13835,#13836);
#13834 = CARTESIAN_POINT('',(-82.,73.3,-25.));
#13835 = DIRECTION('',(0.,-1.,0.));
#13836 = DIRECTION('',(0.,0.,-1.));
#13837 = ADVANCED_FACE('',(#13838),#13841,.T.);
#13838 = FACE_BOUND('',#13839,.T.);
#13839 = EDGE_LOOP('',(#13840));
#13840 = ORIENTED_EDGE('',*,*,#13816,.T.);
#13841 = PLANE('',#13842);
#13842 = AXIS2_PLACEMENT_3D('',#13843,#13844,#13845);
#13843 = CARTESIAN_POINT('',(-82.,72.,-25.));
#13844 = DIRECTION('',(0.,-1.,0.));
#13845 = DIRECTION('',(0.,0.,-1.));
#13846 = MANIFOLD_SOLID_BREP('',#13847);
#13847 = CLOSED_SHELL('',(#13848,#13881,#13906,#13915,#13940));
#13848 = ADVANCED_FACE('',(#13849),#13876,.T.);
#13849 = FACE_BOUND('',#13850,.T.);
#13850 = EDGE_LOOP('',(#13851,#13860,#13868,#13875));
#13851 = ORIENTED_EDGE('',*,*,#13852,.F.);
#13852 = EDGE_CURVE('',#13853,#13853,#13855,.T.);
#13853 = VERTEX_POINT('',#13854);
#13854 = CARTESIAN_POINT('',(-82.,74.8,22.));
#13855 = CIRCLE('',#13856,3.);
#13856 = AXIS2_PLACEMENT_3D('',#13857,#13858,#13859);
#13857 = CARTESIAN_POINT('',(-82.,74.8,25.));
#13858 = DIRECTION('',(0.,-1.,0.));
#13859 = DIRECTION('',(0.,0.,-1.));
#13860 = ORIENTED_EDGE('',*,*,#13861,.F.);
#13861 = EDGE_CURVE('',#13862,#13853,#13864,.T.);
#13862 = VERTEX_POINT('',#13863);
#13863 = CARTESIAN_POINT('',(-82.,75.,22.));
#13864 = LINE('',#13865,#13866);
#13865 = CARTESIAN_POINT('',(-82.,75.,22.));
#13866 = VECTOR('',#13867,1.);
#13867 = DIRECTION('',(0.,-1.,0.));
#13868 = ORIENTED_EDGE('',*,*,#13869,.T.);
#13869 = EDGE_CURVE('',#13862,#13862,#13870,.T.);
#13870 = CIRCLE('',#13871,3.);
#13871 = AXIS2_PLACEMENT_3D('',#13872,#13873,#13874);
#13872 = CARTESIAN_POINT('',(-82.,75.,25.));
#13873 = DIRECTION('',(0.,-1.,0.));
#13874 = DIRECTION('',(0.,0.,-1.));
#13875 = ORIENTED_EDGE('',*,*,#13861,.T.);
#13876 = CYLINDRICAL_SURFACE('',#13877,3.);
#13877 = AXIS2_PLACEMENT_3D('',#13878,#13879,#13880);
#13878 = CARTESIAN_POINT('',(-82.,75.,25.));
#13879 = DIRECTION('',(0.,-1.,0.));
#13880 = DIRECTION('',(0.,0.,-1.));
#13881 = ADVANCED_FACE('',(#13882),#13901,.T.);
#13882 = FACE_BOUND('',#13883,.T.);
#13883 = EDGE_LOOP('',(#13884,#13893,#13899,#13900));
#13884 = ORIENTED_EDGE('',*,*,#13885,.F.);
#13885 = EDGE_CURVE('',#13886,#13886,#13888,.T.);
#13886 = VERTEX_POINT('',#13887);
#13887 = CARTESIAN_POINT('',(-82.,73.3,23.5));
#13888 = CIRCLE('',#13889,1.5);
#13889 = AXIS2_PLACEMENT_3D('',#13890,#13891,#13892);
#13890 = CARTESIAN_POINT('',(-82.,73.3,25.));
#13891 = DIRECTION('',(0.,-1.,0.));
#13892 = DIRECTION('',(0.,0.,-1.));
#13893 = ORIENTED_EDGE('',*,*,#13894,.F.);
#13894 = EDGE_CURVE('',#13853,#13886,#13895,.T.);
#13895 = LINE('',#13896,#13897);
#13896 = CARTESIAN_POINT('',(-82.,74.8,22.));
#13897 = VECTOR('',#13898,1.);
#13898 = DIRECTION('',(1.7E-16,-0.707106781187,0.707106781187));
#13899 = ORIENTED_EDGE('',*,*,#13852,.T.);
#13900 = ORIENTED_EDGE('',*,*,#13894,.T.);
#13901 = CONICAL_SURFACE('',#13902,3.,0.785398163397);
#13902 = AXIS2_PLACEMENT_3D('',#13903,#13904,#13905);
#13903 = CARTESIAN_POINT('',(-82.,74.8,25.));
#13904 = DIRECTION('',(0.,1.,0.));
#13905 = DIRECTION('',(0.,0.,-1.));
#13906 = ADVANCED_FACE('',(#13907),#13910,.F.);
#13907 = FACE_BOUND('',#13908,.T.);
#13908 = EDGE_LOOP('',(#13909));
#13909 = ORIENTED_EDGE('',*,*,#13869,.F.);
#13910 = PLANE('',#13911);
#13911 = AXIS2_PLACEMENT_3D('',#13912,#13913,#13914);
#13912 = CARTESIAN_POINT('',(-82.,75.,25.));
#13913 = DIRECTION('',(0.,-1.,0.));
#13914 = DIRECTION('',(0.,0.,-1.));
#13915 = ADVANCED_FACE('',(#13916),#13935,.T.);
#13916 = FACE_BOUND('',#13917,.T.);
#13917 = EDGE_LOOP('',(#13918,#13927,#13933,#13934));
#13918 = ORIENTED_EDGE('',*,*,#13919,.F.);
#13919 = EDGE_CURVE('',#13920,#13920,#13922,.T.);
#13920 = VERTEX_POINT('',#13921);
#13921 = CARTESIAN_POINT('',(-82.,72.,23.5));
#13922 = CIRCLE('',#13923,1.5);
#13923 = AXIS2_PLACEMENT_3D('',#13924,#13925,#13926);
#13924 = CARTESIAN_POINT('',(-82.,72.,25.));
#13925 = DIRECTION('',(0.,-1.,0.));
#13926 = DIRECTION('',(0.,0.,-1.));
#13927 = ORIENTED_EDGE('',*,*,#13928,.F.);
#13928 = EDGE_CURVE('',#13886,#13920,#13929,.T.);
#13929 = LINE('',#13930,#13931);
#13930 = CARTESIAN_POINT('',(-82.,73.3,23.5));
#13931 = VECTOR('',#13932,1.);
#13932 = DIRECTION('',(0.,-1.,0.));
#13933 = ORIENTED_EDGE('',*,*,#13885,.T.);
#13934 = ORIENTED_EDGE('',*,*,#13928,.T.);
#13935 = CYLINDRICAL_SURFACE('',#13936,1.5);
#13936 = AXIS2_PLACEMENT_3D('',#13937,#13938,#13939);
#13937 = CARTESIAN_POINT('',(-82.,73.3,25.));
#13938 = DIRECTION('',(0.,-1.,0.));
#13939 = DIRECTION('',(0.,0.,-1.));
#13940 = ADVANCED_FACE('',(#13941),#13944,.T.);
#13941 = FACE_BOUND('',#13942,.T.);
#13942 = EDGE_LOOP('',(#13943));
#13943 = ORIENTED_EDGE('',*,*,#13919,.T.);
#13944 = PLANE('',#13945);
#13945 = AXIS2_PLACEMENT_3D('',#13946,#13947,#13948);
#13946 = CARTESIAN_POINT('',(-82.,72.,25.));
#13947 = DIRECTION('',(0.,-1.,0.));
#13948 = DIRECTION('',(0.,0.,-1.));
#13949 = MANIFOLD_SOLID_BREP('',#13950);
#13950 = CLOSED_SHELL('',(#13951,#13984,#14009,#14018,#14043));
#13951 = ADVANCED_FACE('',(#13952),#13979,.T.);
#13952 = FACE_BOUND('',#13953,.T.);
#13953 = EDGE_LOOP('',(#13954,#13963,#13971,#13978));
#13954 = ORIENTED_EDGE('',*,*,#13955,.F.);
#13955 = EDGE_CURVE('',#13956,#13956,#13958,.T.);
#13956 = VERTEX_POINT('',#13957);
#13957 = CARTESIAN_POINT('',(82.,74.8,-28.));
#13958 = CIRCLE('',#13959,3.);
#13959 = AXIS2_PLACEMENT_3D('',#13960,#13961,#13962);
#13960 = CARTESIAN_POINT('',(82.,74.8,-25.));
#13961 = DIRECTION('',(0.,-1.,0.));
#13962 = DIRECTION('',(0.,0.,-1.));
#13963 = ORIENTED_EDGE('',*,*,#13964,.F.);
#13964 = EDGE_CURVE('',#13965,#13956,#13967,.T.);
#13965 = VERTEX_POINT('',#13966);
#13966 = CARTESIAN_POINT('',(82.,75.,-28.));
#13967 = LINE('',#13968,#13969);
#13968 = CARTESIAN_POINT('',(82.,75.,-28.));
#13969 = VECTOR('',#13970,1.);
#13970 = DIRECTION('',(0.,-1.,0.));
#13971 = ORIENTED_EDGE('',*,*,#13972,.T.);
#13972 = EDGE_CURVE('',#13965,#13965,#13973,.T.);
#13973 = CIRCLE('',#13974,3.);
#13974 = AXIS2_PLACEMENT_3D('',#13975,#13976,#13977);
#13975 = CARTESIAN_POINT('',(82.,75.,-25.));
#13976 = DIRECTION('',(0.,-1.,0.));
#13977 = DIRECTION('',(0.,0.,-1.));
#13978 = ORIENTED_EDGE('',*,*,#13964,.T.);
#13979 = CYLINDRICAL_SURFACE('',#13980,3.);
#13980 = AXIS2_PLACEMENT_3D('',#13981,#13982,#13983);
#13981 = CARTESIAN_POINT('',(82.,75.,-25.));
#13982 = DIRECTION('',(0.,-1.,0.));
#13983 = DIRECTION('',(0.,0.,-1.));
#13984 = ADVANCED_FACE('',(#13985),#14004,.T.);
#13985 = FACE_BOUND('',#13986,.T.);
#13986 = EDGE_LOOP('',(#13987,#13996,#14002,#14003));
#13987 = ORIENTED_EDGE('',*,*,#13988,.F.);
#13988 = EDGE_CURVE('',#13989,#13989,#13991,.T.);
#13989 = VERTEX_POINT('',#13990);
#13990 = CARTESIAN_POINT('',(82.,73.3,-26.5));
#13991 = CIRCLE('',#13992,1.5);
#13992 = AXIS2_PLACEMENT_3D('',#13993,#13994,#13995);
#13993 = CARTESIAN_POINT('',(82.,73.3,-25.));
#13994 = DIRECTION('',(0.,-1.,0.));
#13995 = DIRECTION('',(0.,0.,-1.));
#13996 = ORIENTED_EDGE('',*,*,#13997,.F.);
#13997 = EDGE_CURVE('',#13956,#13989,#13998,.T.);
#13998 = LINE('',#13999,#14000);
#13999 = CARTESIAN_POINT('',(82.,74.8,-28.));
#14000 = VECTOR('',#14001,1.);
#14001 = DIRECTION('',(1.7E-16,-0.707106781187,0.707106781187));
#14002 = ORIENTED_EDGE('',*,*,#13955,.T.);
#14003 = ORIENTED_EDGE('',*,*,#13997,.T.);
#14004 = CONICAL_SURFACE('',#14005,3.,0.785398163397);
#14005 = AXIS2_PLACEMENT_3D('',#14006,#14007,#14008);
#14006 = CARTESIAN_POINT('',(82.,74.8,-25.));
#14007 = DIRECTION('',(0.,1.,0.));
#14008 = DIRECTION('',(0.,0.,-1.));
#14009 = ADVANCED_FACE('',(#14010),#14013,.F.);
#14010 = FACE_BOUND('',#14011,.T.);
#14011 = EDGE_LOOP('',(#14012));
#14012 = ORIENTED_EDGE('',*,*,#13972,.F.);
#14013 = PLANE('',#14014);
#14014 = AXIS2_PLACEMENT_3D('',#14015,#14016,#14017);
#14015 = CARTESIAN_POINT('',(82.,75.,-25.));
#14016 = DIRECTION('',(0.,-1.,0.));
#14017 = DIRECTION('',(0.,0.,-1.));
#14018 = ADVANCED_FACE('',(#14019),#14038,.T.);
#14019 = FACE_BOUND('',#14020,.T.);
#14020 = EDGE_LOOP('',(#14021,#14030,#14036,#14037));
#14021 = ORIENTED_EDGE('',*,*,#14022,.F.);
#14022 = EDGE_CURVE('',#14023,#14023,#14025,.T.);
#14023 = VERTEX_POINT('',#14024);
#14024 = CARTESIAN_POINT('',(82.,72.,-26.5));
#14025 = CIRCLE('',#14026,1.5);
#14026 = AXIS2_PLACEMENT_3D('',#14027,#14028,#14029);
#14027 = CARTESIAN_POINT('',(82.,72.,-25.));
#14028 = DIRECTION('',(0.,-1.,0.));
#14029 = DIRECTION('',(0.,0.,-1.));
#14030 = ORIENTED_EDGE('',*,*,#14031,.F.);
#14031 = EDGE_CURVE('',#13989,#14023,#14032,.T.);
#14032 = LINE('',#14033,#14034);
#14033 = CARTESIAN_POINT('',(82.,73.3,-26.5));
#14034 = VECTOR('',#14035,1.);
#14035 = DIRECTION('',(0.,-1.,0.));
#14036 = ORIENTED_EDGE('',*,*,#13988,.T.);
#14037 = ORIENTED_EDGE('',*,*,#14031,.T.);
#14038 = CYLINDRICAL_SURFACE('',#14039,1.5);
#14039 = AXIS2_PLACEMENT_3D('',#14040,#14041,#14042);
#14040 = CARTESIAN_POINT('',(82.,73.3,-25.));
#14041 = DIRECTION('',(0.,-1.,0.));
#14042 = DIRECTION('',(0.,0.,-1.));
#14043 = ADVANCED_FACE('',(#14044),#14047,.T.);
#14044 = FACE_BOUND('',#14045,.T.);
#14045 = EDGE_LOOP('',(#14046));
#14046 = ORIENTED_EDGE('',*,*,#14022,.T.);
#14047 = PLANE('',#14048);
#14048 = AXIS2_PLACEMENT_3D('',#14049,#14050,#14051);
#14049 = CARTESIAN_POINT('',(82.,72.,-25.));
#14050 = DIRECTION('',(0.,-1.,0.));
#14051 = DIRECTION('',(0.,0.,-1.));
#14052 = MANIFOLD_SOLID_BREP('',#14053);
#14053 = CLOSED_SHELL('',(#14054,#14087,#14112,#14121,#14146));
#14054 = ADVANCED_FACE('',(#14055),#14082,.T.);
#14055 = FACE_BOUND('',#14056,.T.);
#14056 = EDGE_LOOP('',(#14057,#14066,#14074,#14081));
#14057 = ORIENTED_EDGE('',*,*,#14058,.F.);
#14058 = EDGE_CURVE('',#14059,#14059,#14061,.T.);
#14059 = VERTEX_POINT('',#14060);
#14060 = CARTESIAN_POINT('',(82.,74.8,22.));
#14061 = CIRCLE('',#14062,3.);
#14062 = AXIS2_PLACEMENT_3D('',#14063,#14064,#14065);
#14063 = CARTESIAN_POINT('',(82.,74.8,25.));
#14064 = DIRECTION('',(0.,-1.,0.));
#14065 = DIRECTION('',(0.,0.,-1.));
#14066 = ORIENTED_EDGE('',*,*,#14067,.F.);
#14067 = EDGE_CURVE('',#14068,#14059,#14070,.T.);
#14068 = VERTEX_POINT('',#14069);
#14069 = CARTESIAN_POINT('',(82.,75.,22.));
#14070 = LINE('',#14071,#14072);
#14071 = CARTESIAN_POINT('',(82.,75.,22.));
#14072 = VECTOR('',#14073,1.);
#14073 = DIRECTION('',(0.,-1.,0.));
#14074 = ORIENTED_EDGE('',*,*,#14075,.T.);
#14075 = EDGE_CURVE('',#14068,#14068,#14076,.T.);
#14076 = CIRCLE('',#14077,3.);
#14077 = AXIS2_PLACEMENT_3D('',#14078,#14079,#14080);
#14078 = CARTESIAN_POINT('',(82.,75.,25.));
#14079 = DIRECTION('',(0.,-1.,0.));
#14080 = DIRECTION('',(0.,0.,-1.));
#14081 = ORIENTED_EDGE('',*,*,#14067,.T.);
#14082 = CYLINDRICAL_SURFACE('',#14083,3.);
#14083 = AXIS2_PLACEMENT_3D('',#14084,#14085,#14086);
#14084 = CARTESIAN_POINT('',(82.,75.,25.));
#14085 = DIRECTION('',(0.,-1.,0.));
#14086 = DIRECTION('',(0.,0.,-1.));
#14087 = ADVANCED_FACE('',(#14088),#14107,.T.);
#14088 = FACE_BOUND('',#14089,.T.);
#14089 = EDGE_LOOP('',(#14090,#14099,#14105,#14106));
#14090 = ORIENTED_EDGE('',*,*,#14091,.F.);
#14091 = EDGE_CURVE('',#14092,#14092,#14094,.T.);
#14092 = VERTEX_POINT('',#14093);
#14093 = CARTESIAN_POINT('',(82.,73.3,23.5));
#14094 = CIRCLE('',#14095,1.5);
#14095 = AXIS2_PLACEMENT_3D('',#14096,#14097,#14098);
#14096 = CARTESIAN_POINT('',(82.,73.3,25.));
#14097 = DIRECTION('',(0.,-1.,0.));
#14098 = DIRECTION('',(0.,0.,-1.));
#14099 = ORIENTED_EDGE('',*,*,#14100,.F.);
#14100 = EDGE_CURVE('',#14059,#14092,#14101,.T.);
#14101 = LINE('',#14102,#14103);
#14102 = CARTESIAN_POINT('',(82.,74.8,22.));
#14103 = VECTOR('',#14104,1.);
#14104 = DIRECTION('',(1.7E-16,-0.707106781187,0.707106781187));
#14105 = ORIENTED_EDGE('',*,*,#14058,.T.);
#14106 = ORIENTED_EDGE('',*,*,#14100,.T.);
#14107 = CONICAL_SURFACE('',#14108,3.,0.785398163397);
#14108 = AXIS2_PLACEMENT_3D('',#14109,#14110,#14111);
#14109 = CARTESIAN_POINT('',(82.,74.8,25.));
#14110 = DIRECTION('',(0.,1.,0.));
#14111 = DIRECTION('',(0.,0.,-1.));
#14112 = ADVANCED_FACE('',(#14113),#14116,.F.);
#14113 = FACE_BOUND('',#14114,.T.);
#14114 = EDGE_LOOP('',(#14115));
#14115 = ORIENTED_EDGE('',*,*,#14075,.F.);
#14116 = PLANE('',#14117);
#14117 = AXIS2_PLACEMENT_3D('',#14118,#14119,#14120);
#14118 = CARTESIAN_POINT('',(82.,75.,25.));
#14119 = DIRECTION('',(0.,-1.,0.));
#14120 = DIRECTION('',(0.,0.,-1.));
#14121 = ADVANCED_FACE('',(#14122),#14141,.T.);
#14122 = FACE_BOUND('',#14123,.T.);
#14123 = EDGE_LOOP('',(#14124,#14133,#14139,#14140));
#14124 = ORIENTED_EDGE('',*,*,#14125,.F.);
#14125 = EDGE_CURVE('',#14126,#14126,#14128,.T.);
#14126 = VERTEX_POINT('',#14127);
#14127 = CARTESIAN_POINT('',(82.,72.,23.5));
#14128 = CIRCLE('',#14129,1.5);
#14129 = AXIS2_PLACEMENT_3D('',#14130,#14131,#14132);
#14130 = CARTESIAN_POINT('',(82.,72.,25.));
#14131 = DIRECTION('',(0.,-1.,0.));
#14132 = DIRECTION('',(0.,0.,-1.));
#14133 = ORIENTED_EDGE('',*,*,#14134,.F.);
#14134 = EDGE_CURVE('',#14092,#14126,#14135,.T.);
#14135 = LINE('',#14136,#14137);
#14136 = CARTESIAN_POINT('',(82.,73.3,23.5));
#14137 = VECTOR('',#14138,1.);
#14138 = DIRECTION('',(0.,-1.,0.));
#14139 = ORIENTED_EDGE('',*,*,#14091,.T.);
#14140 = ORIENTED_EDGE('',*,*,#14134,.T.);
#14141 = CYLINDRICAL_SURFACE('',#14142,1.5);
#14142 = AXIS2_PLACEMENT_3D('',#14143,#14144,#14145);
#14143 = CARTESIAN_POINT('',(82.,73.3,25.));
#14144 = DIRECTION('',(0.,-1.,0.));
#14145 = DIRECTION('',(0.,0.,-1.));
#14146 = ADVANCED_FACE('',(#14147),#14150,.T.);
#14147 = FACE_BOUND('',#14148,.T.);
#14148 = EDGE_LOOP('',(#14149));
#14149 = ORIENTED_EDGE('',*,*,#14125,.T.);
#14150 = PLANE('',#14151);
#14151 = AXIS2_PLACEMENT_3D('',#14152,#14153,#14154);
#14152 = CARTESIAN_POINT('',(82.,72.,25.));
#14153 = DIRECTION('',(0.,-1.,0.));
#14154 = DIRECTION('',(0.,0.,-1.));
#14155 = ( GEOMETRIC_REPRESENTATION_CONTEXT(3) 
GLOBAL_UNCERTAINTY_ASSIGNED_CONTEXT((#14159)) 
GLOBAL_UNIT_ASSIGNED_CONTEXT((#14156,#14157,#14158)) 
REPRESENTATION_CONTEXT('Context #1',
  '3D Context with UNIT and UNCERTAINTY') );
#14156 = ( LENGTH_UNIT() NAMED_UNIT(*) SI_UNIT(.MILLI.,.METRE.) );
#14157 = ( NAMED_UNIT(*) PLANE_ANGLE_UNIT() SI_UNIT($,.RADIAN.) );
#14158 = ( NAMED_UNIT(*) SI_UNIT($,.STERADIAN.) SOLID_ANGLE_UNIT() );
#14159 = UNCERTAINTY_MEASURE_WITH_UNIT(LENGTH_MEASURE(1.E-07),#14156,
  'distance_accuracy_value','confusion accuracy');
#14160 = PRODUCT_RELATED_PRODUCT_CATEGORY('part',$,(#7));
ENDSEC;
END-ISO-10303-21;
