ISO-10303-21;
HEADER;
FILE_DESCRIPTION(('FreeCAD Model'),'2;1');
FILE_NAME('Open CASCADE Shape Model','2026-09-28T10:39:43',('FreeCAD'),(
    'FreeCAD'),'Open CASCADE STEP processor 7.8','FreeCAD','Unknown');
FILE_SCHEMA(('AUTOMOTIVE_DESIGN { 1 0 10303 214 1 1 1 1 }'));
ENDSEC;
DATA;
#1 = APPLICATION_PROTOCOL_DEFINITION('international standard',
  'automotive_design',2000,#2);
#2 = APPLICATION_CONTEXT(
  'core data for automotive mechanical design processes');
#3 = SHAPE_DEFINITION_REPRESENTATION(#4,#10);
#4 = PRODUCT_DEFINITION_SHAPE('','',#5);
#5 = PRODUCT_DEFINITION('design','',#6,#9);
#6 = PRODUCT_DEFINITION_FORMATION('','',#7);
#7 = PRODUCT('Open CASCADE STEP translator 7.8 5',
  'Open CASCADE STEP translator 7.8 5','',(#8));
#8 = PRODUCT_CONTEXT('',#2,'mechanical');
#9 = PRODUCT_DEFINITION_CONTEXT('part definition',#2,'design');
#10 = SHAPE_REPRESENTATION('',(#11,#15,#1449,#3193,#4785,#6377,#6617,
    #6767,#6865,#6963,#7061,#7159,#7257,#7355,#7453,#7708,#7806,#8061,
    #8159,#8414,#8512,#8767,#8865,#9120,#9218,#9473,#9571,#9826,#9924),
  #10179);
#11 = AXIS2_PLACEMENT_3D('',#12,#13,#14);
#12 = CARTESIAN_POINT('',(0.,0.,0.));
#13 = DIRECTION('',(0.,0.,1.));
#14 = DIRECTION('',(1.,0.,-0.));
#15 = MANIFOLD_SOLID_BREP('',#16);
#16 = CLOSED_SHELL('',(#17,#59,#90,#121,#154,#187,#218,#249,#273,#589,
    #620,#644,#675,#699,#730,#754,#778,#802,#819,#836,#860,#877,#909,
    #933,#957,#982,#1007,#1031,#1055,#1073,#1098,#1123,#1148,#1173,#1198
    ,#1223,#1248,#1273,#1298,#1323,#1348,#1373));
#17 = ADVANCED_FACE('',(#18),#54,.T.);
#18 = FACE_BOUND('',#19,.T.);
#19 = EDGE_LOOP('',(#20,#31,#39,#48));
#20 = ORIENTED_EDGE('',*,*,#21,.F.);
#21 = EDGE_CURVE('',#22,#24,#26,.T.);
#22 = VERTEX_POINT('',#23);
#23 = CARTESIAN_POINT('',(117.,-70.,95.));
#24 = VERTEX_POINT('',#25);
#25 = CARTESIAN_POINT('',(117.,-74.,91.));
#26 = CIRCLE('',#27,4.);
#27 = AXIS2_PLACEMENT_3D('',#28,#29,#30);
#28 = CARTESIAN_POINT('',(117.,-70.,91.));
#29 = DIRECTION('',(1.,-0.,0.));
#30 = DIRECTION('',(0.,0.,-1.));
#31 = ORIENTED_EDGE('',*,*,#32,.F.);
#32 = EDGE_CURVE('',#33,#22,#35,.T.);
#33 = VERTEX_POINT('',#34);
#34 = CARTESIAN_POINT('',(114.,-70.,95.));
#35 = LINE('',#36,#37);
#36 = CARTESIAN_POINT('',(114.,-70.,95.));
#37 = VECTOR('',#38,1.);
#38 = DIRECTION('',(1.,0.,0.));
#39 = ORIENTED_EDGE('',*,*,#40,.T.);
#40 = EDGE_CURVE('',#33,#41,#43,.T.);
#41 = VERTEX_POINT('',#42);
#42 = CARTESIAN_POINT('',(114.,-74.,91.));
#43 = CIRCLE('',#44,4.);
#44 = AXIS2_PLACEMENT_3D('',#45,#46,#47);
#45 = CARTESIAN_POINT('',(114.,-70.,91.));
#46 = DIRECTION('',(1.,-0.,0.));
#47 = DIRECTION('',(0.,0.,-1.));
#48 = ORIENTED_EDGE('',*,*,#49,.T.);
#49 = EDGE_CURVE('',#41,#24,#50,.T.);
#50 = LINE('',#51,#52);
#51 = CARTESIAN_POINT('',(114.,-74.,91.));
#52 = VECTOR('',#53,1.);
#53 = DIRECTION('',(1.,0.,0.));
#54 = CYLINDRICAL_SURFACE('',#55,4.);
#55 = AXIS2_PLACEMENT_3D('',#56,#57,#58);
#56 = CARTESIAN_POINT('',(114.,-70.,91.));
#57 = DIRECTION('',(1.,0.,0.));
#58 = DIRECTION('',(0.,0.,-1.));
#59 = ADVANCED_FACE('',(#60),#85,.F.);
#60 = FACE_BOUND('',#61,.F.);
#61 = EDGE_LOOP('',(#62,#70,#71,#79));
#62 = ORIENTED_EDGE('',*,*,#63,.F.);
#63 = EDGE_CURVE('',#41,#64,#66,.T.);
#64 = VERTEX_POINT('',#65);
#65 = CARTESIAN_POINT('',(114.,-74.,-45.));
#66 = LINE('',#67,#68);
#67 = CARTESIAN_POINT('',(114.,-74.,91.));
#68 = VECTOR('',#69,1.);
#69 = DIRECTION('',(0.,0.,-1.));
#70 = ORIENTED_EDGE('',*,*,#49,.T.);
#71 = ORIENTED_EDGE('',*,*,#72,.T.);
#72 = EDGE_CURVE('',#24,#73,#75,.T.);
#73 = VERTEX_POINT('',#74);
#74 = CARTESIAN_POINT('',(117.,-74.,-45.));
#75 = LINE('',#76,#77);
#76 = CARTESIAN_POINT('',(117.,-74.,91.));
#77 = VECTOR('',#78,1.);
#78 = DIRECTION('',(0.,0.,-1.));
#79 = ORIENTED_EDGE('',*,*,#80,.F.);
#80 = EDGE_CURVE('',#64,#73,#81,.T.);
#81 = LINE('',#82,#83);
#82 = CARTESIAN_POINT('',(114.,-74.,-45.));
#83 = VECTOR('',#84,1.);
#84 = DIRECTION('',(1.,0.,0.));
#85 = PLANE('',#86);
#86 = AXIS2_PLACEMENT_3D('',#87,#88,#89);
#87 = CARTESIAN_POINT('',(114.,-74.,91.));
#88 = DIRECTION('',(0.,1.,0.));
#89 = DIRECTION('',(1.,0.,0.));
#90 = ADVANCED_FACE('',(#91),#116,.F.);
#91 = FACE_BOUND('',#92,.F.);
#92 = EDGE_LOOP('',(#93,#94,#102,#110));
#93 = ORIENTED_EDGE('',*,*,#32,.F.);
#94 = ORIENTED_EDGE('',*,*,#95,.T.);
#95 = EDGE_CURVE('',#33,#96,#98,.T.);
#96 = VERTEX_POINT('',#97);
#97 = CARTESIAN_POINT('',(114.,70.,95.));
#98 = LINE('',#99,#100);
#99 = CARTESIAN_POINT('',(114.,-70.,95.));
#100 = VECTOR('',#101,1.);
#101 = DIRECTION('',(0.,1.,0.));
#102 = ORIENTED_EDGE('',*,*,#103,.T.);
#103 = EDGE_CURVE('',#96,#104,#106,.T.);
#104 = VERTEX_POINT('',#105);
#105 = CARTESIAN_POINT('',(117.,70.,95.));
#106 = LINE('',#107,#108);
#107 = CARTESIAN_POINT('',(114.,70.,95.));
#108 = VECTOR('',#109,1.);
#109 = DIRECTION('',(1.,0.,0.));
#110 = ORIENTED_EDGE('',*,*,#111,.F.);
#111 = EDGE_CURVE('',#22,#104,#112,.T.);
#112 = LINE('',#113,#114);
#113 = CARTESIAN_POINT('',(117.,-70.,95.));
#114 = VECTOR('',#115,1.);
#115 = DIRECTION('',(0.,1.,0.));
#116 = PLANE('',#117);
#117 = AXIS2_PLACEMENT_3D('',#118,#119,#120);
#118 = CARTESIAN_POINT('',(114.,-70.,95.));
#119 = DIRECTION('',(0.,0.,-1.));
#120 = DIRECTION('',(1.,0.,0.));
#121 = ADVANCED_FACE('',(#122),#149,.T.);
#122 = FACE_BOUND('',#123,.T.);
#123 = EDGE_LOOP('',(#124,#133,#141,#148));
#124 = ORIENTED_EDGE('',*,*,#125,.F.);
#125 = EDGE_CURVE('',#126,#104,#128,.T.);
#126 = VERTEX_POINT('',#127);
#127 = CARTESIAN_POINT('',(117.,74.,91.));
#128 = CIRCLE('',#129,4.);
#129 = AXIS2_PLACEMENT_3D('',#130,#131,#132);
#130 = CARTESIAN_POINT('',(117.,70.,91.));
#131 = DIRECTION('',(1.,-0.,0.));
#132 = DIRECTION('',(0.,0.,-1.));
#133 = ORIENTED_EDGE('',*,*,#134,.F.);
#134 = EDGE_CURVE('',#135,#126,#137,.T.);
#135 = VERTEX_POINT('',#136);
#136 = CARTESIAN_POINT('',(114.,74.,91.));
#137 = LINE('',#138,#139);
#138 = CARTESIAN_POINT('',(114.,74.,91.));
#139 = VECTOR('',#140,1.);
#140 = DIRECTION('',(1.,0.,0.));
#141 = ORIENTED_EDGE('',*,*,#142,.T.);
#142 = EDGE_CURVE('',#135,#96,#143,.T.);
#143 = CIRCLE('',#144,4.);
#144 = AXIS2_PLACEMENT_3D('',#145,#146,#147);
#145 = CARTESIAN_POINT('',(114.,70.,91.));
#146 = DIRECTION('',(1.,-0.,0.));
#147 = DIRECTION('',(0.,0.,-1.));
#148 = ORIENTED_EDGE('',*,*,#103,.T.);
#149 = CYLINDRICAL_SURFACE('',#150,4.);
#150 = AXIS2_PLACEMENT_3D('',#151,#152,#153);
#151 = CARTESIAN_POINT('',(114.,70.,91.));
#152 = DIRECTION('',(1.,0.,0.));
#153 = DIRECTION('',(0.,0.,-1.));
#154 = ADVANCED_FACE('',(#155),#182,.T.);
#155 = FACE_BOUND('',#156,.T.);
#156 = EDGE_LOOP('',(#157,#166,#167,#176));
#157 = ORIENTED_EDGE('',*,*,#158,.F.);
#158 = EDGE_CURVE('',#73,#159,#161,.T.);
#159 = VERTEX_POINT('',#160);
#160 = CARTESIAN_POINT('',(117.,-70.,-49.));
#161 = CIRCLE('',#162,4.);
#162 = AXIS2_PLACEMENT_3D('',#163,#164,#165);
#163 = CARTESIAN_POINT('',(117.,-70.,-45.));
#164 = DIRECTION('',(1.,-0.,0.));
#165 = DIRECTION('',(0.,0.,-1.));
#166 = ORIENTED_EDGE('',*,*,#80,.F.);
#167 = ORIENTED_EDGE('',*,*,#168,.T.);
#168 = EDGE_CURVE('',#64,#169,#171,.T.);
#169 = VERTEX_POINT('',#170);
#170 = CARTESIAN_POINT('',(114.,-70.,-49.));
#171 = CIRCLE('',#172,4.);
#172 = AXIS2_PLACEMENT_3D('',#173,#174,#175);
#173 = CARTESIAN_POINT('',(114.,-70.,-45.));
#174 = DIRECTION('',(1.,-0.,0.));
#175 = DIRECTION('',(0.,0.,-1.));
#176 = ORIENTED_EDGE('',*,*,#177,.T.);
#177 = EDGE_CURVE('',#169,#159,#178,.T.);
#178 = LINE('',#179,#180);
#179 = CARTESIAN_POINT('',(114.,-70.,-49.));
#180 = VECTOR('',#181,1.);
#181 = DIRECTION('',(1.,0.,0.));
#182 = CYLINDRICAL_SURFACE('',#183,4.);
#183 = AXIS2_PLACEMENT_3D('',#184,#185,#186);
#184 = CARTESIAN_POINT('',(114.,-70.,-45.));
#185 = DIRECTION('',(1.,0.,0.));
#186 = DIRECTION('',(0.,0.,-1.));
#187 = ADVANCED_FACE('',(#188),#213,.T.);
#188 = FACE_BOUND('',#189,.T.);
#189 = EDGE_LOOP('',(#190,#198,#199,#207));
#190 = ORIENTED_EDGE('',*,*,#191,.F.);
#191 = EDGE_CURVE('',#135,#192,#194,.T.);
#192 = VERTEX_POINT('',#193);
#193 = CARTESIAN_POINT('',(114.,74.,-45.));
#194 = LINE('',#195,#196);
#195 = CARTESIAN_POINT('',(114.,74.,91.));
#196 = VECTOR('',#197,1.);
#197 = DIRECTION('',(0.,0.,-1.));
#198 = ORIENTED_EDGE('',*,*,#134,.T.);
#199 = ORIENTED_EDGE('',*,*,#200,.T.);
#200 = EDGE_CURVE('',#126,#201,#203,.T.);
#201 = VERTEX_POINT('',#202);
#202 = CARTESIAN_POINT('',(117.,74.,-45.));
#203 = LINE('',#204,#205);
#204 = CARTESIAN_POINT('',(117.,74.,91.));
#205 = VECTOR('',#206,1.);
#206 = DIRECTION('',(0.,0.,-1.));
#207 = ORIENTED_EDGE('',*,*,#208,.F.);
#208 = EDGE_CURVE('',#192,#201,#209,.T.);
#209 = LINE('',#210,#211);
#210 = CARTESIAN_POINT('',(114.,74.,-45.));
#211 = VECTOR('',#212,1.);
#212 = DIRECTION('',(1.,0.,0.));
#213 = PLANE('',#214);
#214 = AXIS2_PLACEMENT_3D('',#215,#216,#217);
#215 = CARTESIAN_POINT('',(114.,74.,91.));
#216 = DIRECTION('',(0.,1.,0.));
#217 = DIRECTION('',(1.,0.,0.));
#218 = ADVANCED_FACE('',(#219),#244,.T.);
#219 = FACE_BOUND('',#220,.T.);
#220 = EDGE_LOOP('',(#221,#222,#230,#238));
#221 = ORIENTED_EDGE('',*,*,#177,.F.);
#222 = ORIENTED_EDGE('',*,*,#223,.T.);
#223 = EDGE_CURVE('',#169,#224,#226,.T.);
#224 = VERTEX_POINT('',#225);
#225 = CARTESIAN_POINT('',(114.,70.,-49.));
#226 = LINE('',#227,#228);
#227 = CARTESIAN_POINT('',(114.,-70.,-49.));
#228 = VECTOR('',#229,1.);
#229 = DIRECTION('',(0.,1.,0.));
#230 = ORIENTED_EDGE('',*,*,#231,.T.);
#231 = EDGE_CURVE('',#224,#232,#234,.T.);
#232 = VERTEX_POINT('',#233);
#233 = CARTESIAN_POINT('',(117.,70.,-49.));
#234 = LINE('',#235,#236);
#235 = CARTESIAN_POINT('',(114.,70.,-49.));
#236 = VECTOR('',#237,1.);
#237 = DIRECTION('',(1.,0.,0.));
#238 = ORIENTED_EDGE('',*,*,#239,.F.);
#239 = EDGE_CURVE('',#159,#232,#240,.T.);
#240 = LINE('',#241,#242);
#241 = CARTESIAN_POINT('',(117.,-70.,-49.));
#242 = VECTOR('',#243,1.);
#243 = DIRECTION('',(0.,1.,0.));
#244 = PLANE('',#245);
#245 = AXIS2_PLACEMENT_3D('',#246,#247,#248);
#246 = CARTESIAN_POINT('',(114.,-70.,-49.));
#247 = DIRECTION('',(0.,0.,-1.));
#248 = DIRECTION('',(1.,0.,0.));
#249 = ADVANCED_FACE('',(#250),#268,.T.);
#250 = FACE_BOUND('',#251,.T.);
#251 = EDGE_LOOP('',(#252,#259,#260,#267));
#252 = ORIENTED_EDGE('',*,*,#253,.F.);
#253 = EDGE_CURVE('',#232,#201,#254,.T.);
#254 = CIRCLE('',#255,4.);
#255 = AXIS2_PLACEMENT_3D('',#256,#257,#258);
#256 = CARTESIAN_POINT('',(117.,70.,-45.));
#257 = DIRECTION('',(1.,-0.,0.));
#258 = DIRECTION('',(0.,0.,-1.));
#259 = ORIENTED_EDGE('',*,*,#231,.F.);
#260 = ORIENTED_EDGE('',*,*,#261,.T.);
#261 = EDGE_CURVE('',#224,#192,#262,.T.);
#262 = CIRCLE('',#263,4.);
#263 = AXIS2_PLACEMENT_3D('',#264,#265,#266);
#264 = CARTESIAN_POINT('',(114.,70.,-45.));
#265 = DIRECTION('',(1.,-0.,0.));
#266 = DIRECTION('',(0.,0.,-1.));
#267 = ORIENTED_EDGE('',*,*,#208,.T.);
#268 = CYLINDRICAL_SURFACE('',#269,4.);
#269 = AXIS2_PLACEMENT_3D('',#270,#271,#272);
#270 = CARTESIAN_POINT('',(114.,70.,-45.));
#271 = DIRECTION('',(1.,0.,0.));
#272 = DIRECTION('',(0.,0.,-1.));
#273 = ADVANCED_FACE('',(#274,#284,#382,#452,#463,#474,#485,#496,#507,
    #518,#529,#540,#551,#562,#573),#584,.T.);
#274 = FACE_BOUND('',#275,.T.);
#275 = EDGE_LOOP('',(#276,#277,#278,#279,#280,#281,#282,#283));
#276 = ORIENTED_EDGE('',*,*,#21,.T.);
#277 = ORIENTED_EDGE('',*,*,#72,.T.);
#278 = ORIENTED_EDGE('',*,*,#158,.T.);
#279 = ORIENTED_EDGE('',*,*,#239,.T.);
#280 = ORIENTED_EDGE('',*,*,#253,.T.);
#281 = ORIENTED_EDGE('',*,*,#200,.F.);
#282 = ORIENTED_EDGE('',*,*,#125,.T.);
#283 = ORIENTED_EDGE('',*,*,#111,.F.);
#284 = FACE_BOUND('',#285,.T.);
#285 = EDGE_LOOP('',(#286,#296,#304,#312,#320,#328,#336,#344,#352,#360,
    #368,#376));
#286 = ORIENTED_EDGE('',*,*,#287,.T.);
#287 = EDGE_CURVE('',#288,#290,#292,.T.);
#288 = VERTEX_POINT('',#289);
#289 = CARTESIAN_POINT('',(117.,-61.5,-39.5));
#290 = VERTEX_POINT('',#291);
#291 = CARTESIAN_POINT('',(117.,-61.5,31.5));
#292 = LINE('',#293,#294);
#293 = CARTESIAN_POINT('',(117.,-61.5,29.05));
#294 = VECTOR('',#295,1.);
#295 = DIRECTION('',(-1.1E-16,0.,1.));
#296 = ORIENTED_EDGE('',*,*,#297,.T.);
#297 = EDGE_CURVE('',#290,#298,#300,.T.);
#298 = VERTEX_POINT('',#299);
#299 = CARTESIAN_POINT('',(117.,-60.5,31.5));
#300 = LINE('',#301,#302);
#301 = CARTESIAN_POINT('',(117.,-61.5,31.5));
#302 = VECTOR('',#303,1.);
#303 = DIRECTION('',(0.,1.,0.));
#304 = ORIENTED_EDGE('',*,*,#305,.T.);
#305 = EDGE_CURVE('',#298,#306,#308,.T.);
#306 = VERTEX_POINT('',#307);
#307 = CARTESIAN_POINT('',(117.,-60.5,35.5));
#308 = LINE('',#309,#310);
#309 = CARTESIAN_POINT('',(117.,-60.5,31.5));
#310 = VECTOR('',#311,1.);
#311 = DIRECTION('',(0.,0.,1.));
#312 = ORIENTED_EDGE('',*,*,#313,.T.);
#313 = EDGE_CURVE('',#306,#314,#316,.T.);
#314 = VERTEX_POINT('',#315);
#315 = CARTESIAN_POINT('',(117.,60.5,35.5));
#316 = LINE('',#317,#318);
#317 = CARTESIAN_POINT('',(117.,-30.55,35.5));
#318 = VECTOR('',#319,1.);
#319 = DIRECTION('',(0.,1.,0.));
#320 = ORIENTED_EDGE('',*,*,#321,.F.);
#321 = EDGE_CURVE('',#322,#314,#324,.T.);
#322 = VERTEX_POINT('',#323);
#323 = CARTESIAN_POINT('',(117.,60.5,31.5));
#324 = LINE('',#325,#326);
#325 = CARTESIAN_POINT('',(117.,60.5,31.5));
#326 = VECTOR('',#327,1.);
#327 = DIRECTION('',(0.,0.,1.));
#328 = ORIENTED_EDGE('',*,*,#329,.T.);
#329 = EDGE_CURVE('',#322,#330,#332,.T.);
#330 = VERTEX_POINT('',#331);
#331 = CARTESIAN_POINT('',(117.,61.5,31.5));
#332 = LINE('',#333,#334);
#333 = CARTESIAN_POINT('',(117.,60.5,31.5));
#334 = VECTOR('',#335,1.);
#335 = DIRECTION('',(0.,1.,0.));
#336 = ORIENTED_EDGE('',*,*,#337,.F.);
#337 = EDGE_CURVE('',#338,#330,#340,.T.);
#338 = VERTEX_POINT('',#339);
#339 = CARTESIAN_POINT('',(117.,61.5,-39.5));
#340 = LINE('',#341,#342);
#341 = CARTESIAN_POINT('',(117.,61.5,29.05));
#342 = VECTOR('',#343,1.);
#343 = DIRECTION('',(-1.1E-16,0.,1.));
#344 = ORIENTED_EDGE('',*,*,#345,.F.);
#345 = EDGE_CURVE('',#346,#338,#348,.T.);
#346 = VERTEX_POINT('',#347);
#347 = CARTESIAN_POINT('',(117.,60.5,-39.5));
#348 = LINE('',#349,#350);
#349 = CARTESIAN_POINT('',(117.,60.5,-39.5));
#350 = VECTOR('',#351,1.);
#351 = DIRECTION('',(0.,1.,0.));
#352 = ORIENTED_EDGE('',*,*,#353,.F.);
#353 = EDGE_CURVE('',#354,#346,#356,.T.);
#354 = VERTEX_POINT('',#355);
#355 = CARTESIAN_POINT('',(117.,60.5,-43.5));
#356 = LINE('',#357,#358);
#357 = CARTESIAN_POINT('',(117.,60.5,-43.5));
#358 = VECTOR('',#359,1.);
#359 = DIRECTION('',(0.,0.,1.));
#360 = ORIENTED_EDGE('',*,*,#361,.F.);
#361 = EDGE_CURVE('',#362,#354,#364,.T.);
#362 = VERTEX_POINT('',#363);
#363 = CARTESIAN_POINT('',(117.,-60.5,-43.5));
#364 = LINE('',#365,#366);
#365 = CARTESIAN_POINT('',(117.,-30.55,-43.5));
#366 = VECTOR('',#367,1.);
#367 = DIRECTION('',(0.,1.,0.));
#368 = ORIENTED_EDGE('',*,*,#369,.T.);
#369 = EDGE_CURVE('',#362,#370,#372,.T.);
#370 = VERTEX_POINT('',#371);
#371 = CARTESIAN_POINT('',(117.,-60.5,-39.5));
#372 = LINE('',#373,#374);
#373 = CARTESIAN_POINT('',(117.,-60.5,-43.5));
#374 = VECTOR('',#375,1.);
#375 = DIRECTION('',(0.,0.,1.));
#376 = ORIENTED_EDGE('',*,*,#377,.F.);
#377 = EDGE_CURVE('',#288,#370,#378,.T.);
#378 = LINE('',#379,#380);
#379 = CARTESIAN_POINT('',(117.,-61.5,-39.5));
#380 = VECTOR('',#381,1.);
#381 = DIRECTION('',(0.,1.,0.));
#382 = FACE_BOUND('',#383,.T.);
#383 = EDGE_LOOP('',(#384,#395,#403,#412,#420,#429,#437,#446));
#384 = ORIENTED_EDGE('',*,*,#385,.F.);
#385 = EDGE_CURVE('',#386,#388,#390,.T.);
#386 = VERTEX_POINT('',#387);
#387 = CARTESIAN_POINT('',(117.,-45.,73.8));
#388 = VERTEX_POINT('',#389);
#389 = CARTESIAN_POINT('',(117.,-45.3,73.5));
#390 = CIRCLE('',#391,0.3);
#391 = AXIS2_PLACEMENT_3D('',#392,#393,#394);
#392 = CARTESIAN_POINT('',(117.,-45.,73.5));
#393 = DIRECTION('',(1.,-0.,1.1E-16));
#394 = DIRECTION('',(1.1E-16,0.,-1.));
#395 = ORIENTED_EDGE('',*,*,#396,.T.);
#396 = EDGE_CURVE('',#386,#397,#399,.T.);
#397 = VERTEX_POINT('',#398);
#398 = CARTESIAN_POINT('',(117.,45.,73.8));
#399 = LINE('',#400,#401);
#400 = CARTESIAN_POINT('',(117.,-22.5,73.8));
#401 = VECTOR('',#402,1.);
#402 = DIRECTION('',(0.,1.,0.));
#403 = ORIENTED_EDGE('',*,*,#404,.F.);
#404 = EDGE_CURVE('',#405,#397,#407,.T.);
#405 = VERTEX_POINT('',#406);
#406 = CARTESIAN_POINT('',(117.,45.3,73.5));
#407 = CIRCLE('',#408,0.3);
#408 = AXIS2_PLACEMENT_3D('',#409,#410,#411);
#409 = CARTESIAN_POINT('',(117.,45.,73.5));
#410 = DIRECTION('',(1.,-0.,1.1E-16));
#411 = DIRECTION('',(1.1E-16,0.,-1.));
#412 = ORIENTED_EDGE('',*,*,#413,.F.);
#413 = EDGE_CURVE('',#414,#405,#416,.T.);
#414 = VERTEX_POINT('',#415);
#415 = CARTESIAN_POINT('',(117.,45.3,48.5));
#416 = LINE('',#417,#418);
#417 = CARTESIAN_POINT('',(117.,45.3,48.25));
#418 = VECTOR('',#419,1.);
#419 = DIRECTION('',(-1.1E-16,0.,1.));
#420 = ORIENTED_EDGE('',*,*,#421,.F.);
#421 = EDGE_CURVE('',#422,#414,#424,.T.);
#422 = VERTEX_POINT('',#423);
#423 = CARTESIAN_POINT('',(117.,45.,48.2));
#424 = CIRCLE('',#425,0.3);
#425 = AXIS2_PLACEMENT_3D('',#426,#427,#428);
#426 = CARTESIAN_POINT('',(117.,45.,48.5));
#427 = DIRECTION('',(1.,-0.,1.1E-16));
#428 = DIRECTION('',(1.1E-16,0.,-1.));
#429 = ORIENTED_EDGE('',*,*,#430,.F.);
#430 = EDGE_CURVE('',#431,#422,#433,.T.);
#431 = VERTEX_POINT('',#432);
#432 = CARTESIAN_POINT('',(117.,-45.,48.2));
#433 = LINE('',#434,#435);
#434 = CARTESIAN_POINT('',(117.,-22.5,48.2));
#435 = VECTOR('',#436,1.);
#436 = DIRECTION('',(0.,1.,0.));
#437 = ORIENTED_EDGE('',*,*,#438,.F.);
#438 = EDGE_CURVE('',#439,#431,#441,.T.);
#439 = VERTEX_POINT('',#440);
#440 = CARTESIAN_POINT('',(117.,-45.3,48.5));
#441 = CIRCLE('',#442,0.3);
#442 = AXIS2_PLACEMENT_3D('',#443,#444,#445);
#443 = CARTESIAN_POINT('',(117.,-45.,48.5));
#444 = DIRECTION('',(1.,-0.,1.1E-16));
#445 = DIRECTION('',(1.1E-16,0.,-1.));
#446 = ORIENTED_EDGE('',*,*,#447,.T.);
#447 = EDGE_CURVE('',#439,#388,#448,.T.);
#448 = LINE('',#449,#450);
#449 = CARTESIAN_POINT('',(117.,-45.3,48.25));
#450 = VECTOR('',#451,1.);
#451 = DIRECTION('',(-1.1E-16,0.,1.));
#452 = FACE_BOUND('',#453,.T.);
#453 = EDGE_LOOP('',(#454));
#454 = ORIENTED_EDGE('',*,*,#455,.F.);
#455 = EDGE_CURVE('',#456,#456,#458,.T.);
#456 = VERTEX_POINT('',#457);
#457 = CARTESIAN_POINT('',(117.,-68.,89.7));
#458 = CIRCLE('',#459,1.7);
#459 = AXIS2_PLACEMENT_3D('',#460,#461,#462);
#460 = CARTESIAN_POINT('',(117.,-68.,88.));
#461 = DIRECTION('',(1.,0.,-0.));
#462 = DIRECTION('',(0.,0.,1.));
#463 = FACE_BOUND('',#464,.T.);
#464 = EDGE_LOOP('',(#465));
#465 = ORIENTED_EDGE('',*,*,#466,.F.);
#466 = EDGE_CURVE('',#467,#467,#469,.T.);
#467 = VERTEX_POINT('',#468);
#468 = CARTESIAN_POINT('',(117.,-50.,71.2));
#469 = CIRCLE('',#470,1.7);
#470 = AXIS2_PLACEMENT_3D('',#471,#472,#473);
#471 = CARTESIAN_POINT('',(117.,-50.,69.5));
#472 = DIRECTION('',(1.,0.,-0.));
#473 = DIRECTION('',(0.,0.,1.));
#474 = FACE_BOUND('',#475,.T.);
#475 = EDGE_LOOP('',(#476));
#476 = ORIENTED_EDGE('',*,*,#477,.F.);
#477 = EDGE_CURVE('',#478,#478,#480,.T.);
#478 = VERTEX_POINT('',#479);
#479 = CARTESIAN_POINT('',(117.,-50.,55.2));
#480 = CIRCLE('',#481,1.7);
#481 = AXIS2_PLACEMENT_3D('',#482,#483,#484);
#482 = CARTESIAN_POINT('',(117.,-50.,53.5));
#483 = DIRECTION('',(1.,0.,-0.));
#484 = DIRECTION('',(0.,0.,1.));
#485 = FACE_BOUND('',#486,.T.);
#486 = EDGE_LOOP('',(#487));
#487 = ORIENTED_EDGE('',*,*,#488,.F.);
#488 = EDGE_CURVE('',#489,#489,#491,.T.);
#489 = VERTEX_POINT('',#490);
#490 = CARTESIAN_POINT('',(117.,-67.,-32.3));
#491 = CIRCLE('',#492,1.7);
#492 = AXIS2_PLACEMENT_3D('',#493,#494,#495);
#493 = CARTESIAN_POINT('',(117.,-67.,-34.));
#494 = DIRECTION('',(1.,0.,-0.));
#495 = DIRECTION('',(0.,0.,1.));
#496 = FACE_BOUND('',#497,.T.);
#497 = EDGE_LOOP('',(#498));
#498 = ORIENTED_EDGE('',*,*,#499,.F.);
#499 = EDGE_CURVE('',#500,#500,#502,.T.);
#500 = VERTEX_POINT('',#501);
#501 = CARTESIAN_POINT('',(117.,-68.,-42.3));
#502 = CIRCLE('',#503,1.7);
#503 = AXIS2_PLACEMENT_3D('',#504,#505,#506);
#504 = CARTESIAN_POINT('',(117.,-68.,-44.));
#505 = DIRECTION('',(1.,0.,-0.));
#506 = DIRECTION('',(0.,0.,1.));
#507 = FACE_BOUND('',#508,.T.);
#508 = EDGE_LOOP('',(#509));
#509 = ORIENTED_EDGE('',*,*,#510,.F.);
#510 = EDGE_CURVE('',#511,#511,#513,.T.);
#511 = VERTEX_POINT('',#512);
#512 = CARTESIAN_POINT('',(117.,50.,71.2));
#513 = CIRCLE('',#514,1.7);
#514 = AXIS2_PLACEMENT_3D('',#515,#516,#517);
#515 = CARTESIAN_POINT('',(117.,50.,69.5));
#516 = DIRECTION('',(1.,0.,-0.));
#517 = DIRECTION('',(0.,0.,1.));
#518 = FACE_BOUND('',#519,.T.);
#519 = EDGE_LOOP('',(#520));
#520 = ORIENTED_EDGE('',*,*,#521,.F.);
#521 = EDGE_CURVE('',#522,#522,#524,.T.);
#522 = VERTEX_POINT('',#523);
#523 = CARTESIAN_POINT('',(117.,68.,89.7));
#524 = CIRCLE('',#525,1.7);
#525 = AXIS2_PLACEMENT_3D('',#526,#527,#528);
#526 = CARTESIAN_POINT('',(117.,68.,88.));
#527 = DIRECTION('',(1.,0.,-0.));
#528 = DIRECTION('',(0.,0.,1.));
#529 = FACE_BOUND('',#530,.T.);
#530 = EDGE_LOOP('',(#531));
#531 = ORIENTED_EDGE('',*,*,#532,.F.);
#532 = EDGE_CURVE('',#533,#533,#535,.T.);
#533 = VERTEX_POINT('',#534);
#534 = CARTESIAN_POINT('',(117.,50.,55.2));
#535 = CIRCLE('',#536,1.7);
#536 = AXIS2_PLACEMENT_3D('',#537,#538,#539);
#537 = CARTESIAN_POINT('',(117.,50.,53.5));
#538 = DIRECTION('',(1.,0.,-0.));
#539 = DIRECTION('',(0.,0.,1.));
#540 = FACE_BOUND('',#541,.T.);
#541 = EDGE_LOOP('',(#542));
#542 = ORIENTED_EDGE('',*,*,#543,.F.);
#543 = EDGE_CURVE('',#544,#544,#546,.T.);
#544 = VERTEX_POINT('',#545);
#545 = CARTESIAN_POINT('',(117.,67.,-32.3));
#546 = CIRCLE('',#547,1.7);
#547 = AXIS2_PLACEMENT_3D('',#548,#549,#550);
#548 = CARTESIAN_POINT('',(117.,67.,-34.));
#549 = DIRECTION('',(1.,0.,-0.));
#550 = DIRECTION('',(0.,0.,1.));
#551 = FACE_BOUND('',#552,.T.);
#552 = EDGE_LOOP('',(#553));
#553 = ORIENTED_EDGE('',*,*,#554,.F.);
#554 = EDGE_CURVE('',#555,#555,#557,.T.);
#555 = VERTEX_POINT('',#556);
#556 = CARTESIAN_POINT('',(117.,68.,-42.3));
#557 = CIRCLE('',#558,1.7);
#558 = AXIS2_PLACEMENT_3D('',#559,#560,#561);
#559 = CARTESIAN_POINT('',(117.,68.,-44.));
#560 = DIRECTION('',(1.,0.,-0.));
#561 = DIRECTION('',(0.,0.,1.));
#562 = FACE_BOUND('',#563,.T.);
#563 = EDGE_LOOP('',(#564));
#564 = ORIENTED_EDGE('',*,*,#565,.F.);
#565 = EDGE_CURVE('',#566,#566,#568,.T.);
#566 = VERTEX_POINT('',#567);
#567 = CARTESIAN_POINT('',(117.,-67.,27.7));
#568 = CIRCLE('',#569,1.7);
#569 = AXIS2_PLACEMENT_3D('',#570,#571,#572);
#570 = CARTESIAN_POINT('',(117.,-67.,26.));
#571 = DIRECTION('',(1.,0.,-0.));
#572 = DIRECTION('',(0.,0.,1.));
#573 = FACE_BOUND('',#574,.T.);
#574 = EDGE_LOOP('',(#575));
#575 = ORIENTED_EDGE('',*,*,#576,.F.);
#576 = EDGE_CURVE('',#577,#577,#579,.T.);
#577 = VERTEX_POINT('',#578);
#578 = CARTESIAN_POINT('',(117.,67.,27.7));
#579 = CIRCLE('',#580,1.7);
#580 = AXIS2_PLACEMENT_3D('',#581,#582,#583);
#581 = CARTESIAN_POINT('',(117.,67.,26.));
#582 = DIRECTION('',(1.,0.,-0.));
#583 = DIRECTION('',(0.,0.,1.));
#584 = PLANE('',#585);
#585 = AXIS2_PLACEMENT_3D('',#586,#587,#588);
#586 = CARTESIAN_POINT('',(117.,-1.58E-15,23.));
#587 = DIRECTION('',(1.,0.,0.));
#588 = DIRECTION('',(0.,0.,1.));
#589 = ADVANCED_FACE('',(#590),#615,.F.);
#590 = FACE_BOUND('',#591,.F.);
#591 = EDGE_LOOP('',(#592,#602,#608,#609));
#592 = ORIENTED_EDGE('',*,*,#593,.F.);
#593 = EDGE_CURVE('',#594,#596,#598,.T.);
#594 = VERTEX_POINT('',#595);
#595 = CARTESIAN_POINT('',(114.,61.5,31.5));
#596 = VERTEX_POINT('',#597);
#597 = CARTESIAN_POINT('',(114.,61.5,-39.5));
#598 = LINE('',#599,#600);
#599 = CARTESIAN_POINT('',(114.,61.5,29.05));
#600 = VECTOR('',#601,1.);
#601 = DIRECTION('',(1.1E-16,0.,-1.));
#602 = ORIENTED_EDGE('',*,*,#603,.T.);
#603 = EDGE_CURVE('',#594,#330,#604,.T.);
#604 = LINE('',#605,#606);
#605 = CARTESIAN_POINT('',(114.,61.5,31.5));
#606 = VECTOR('',#607,1.);
#607 = DIRECTION('',(1.,0.,0.));
#608 = ORIENTED_EDGE('',*,*,#337,.F.);
#609 = ORIENTED_EDGE('',*,*,#610,.F.);
#610 = EDGE_CURVE('',#596,#338,#611,.T.);
#611 = LINE('',#612,#613);
#612 = CARTESIAN_POINT('',(114.,61.5,-39.5));
#613 = VECTOR('',#614,1.);
#614 = DIRECTION('',(1.,0.,0.));
#615 = PLANE('',#616);
#616 = AXIS2_PLACEMENT_3D('',#617,#618,#619);
#617 = CARTESIAN_POINT('',(113.8,61.5,35.1));
#618 = DIRECTION('',(0.,1.,0.));
#619 = DIRECTION('',(1.,0.,0.));
#620 = ADVANCED_FACE('',(#621),#639,.T.);
#621 = FACE_BOUND('',#622,.T.);
#622 = EDGE_LOOP('',(#623,#631,#637,#638));
#623 = ORIENTED_EDGE('',*,*,#624,.F.);
#624 = EDGE_CURVE('',#625,#596,#627,.T.);
#625 = VERTEX_POINT('',#626);
#626 = CARTESIAN_POINT('',(114.,60.5,-39.5));
#627 = LINE('',#628,#629);
#628 = CARTESIAN_POINT('',(114.,60.5,-39.5));
#629 = VECTOR('',#630,1.);
#630 = DIRECTION('',(0.,1.,0.));
#631 = ORIENTED_EDGE('',*,*,#632,.T.);
#632 = EDGE_CURVE('',#625,#346,#633,.T.);
#633 = LINE('',#634,#635);
#634 = CARTESIAN_POINT('',(114.,60.5,-39.5));
#635 = VECTOR('',#636,1.);
#636 = DIRECTION('',(1.,0.,0.));
#637 = ORIENTED_EDGE('',*,*,#345,.T.);
#638 = ORIENTED_EDGE('',*,*,#610,.F.);
#639 = PLANE('',#640);
#640 = AXIS2_PLACEMENT_3D('',#641,#642,#643);
#641 = CARTESIAN_POINT('',(114.,60.5,-39.5));
#642 = DIRECTION('',(0.,0.,1.));
#643 = DIRECTION('',(1.,0.,0.));
#644 = ADVANCED_FACE('',(#645),#670,.F.);
#645 = FACE_BOUND('',#646,.F.);
#646 = EDGE_LOOP('',(#647,#655,#663,#669));
#647 = ORIENTED_EDGE('',*,*,#648,.F.);
#648 = EDGE_CURVE('',#649,#362,#651,.T.);
#649 = VERTEX_POINT('',#650);
#650 = CARTESIAN_POINT('',(114.,-60.5,-43.5));
#651 = LINE('',#652,#653);
#652 = CARTESIAN_POINT('',(114.,-60.5,-43.5));
#653 = VECTOR('',#654,1.);
#654 = DIRECTION('',(1.,0.,0.));
#655 = ORIENTED_EDGE('',*,*,#656,.F.);
#656 = EDGE_CURVE('',#657,#649,#659,.T.);
#657 = VERTEX_POINT('',#658);
#658 = CARTESIAN_POINT('',(114.,60.5,-43.5));
#659 = LINE('',#660,#661);
#660 = CARTESIAN_POINT('',(114.,-30.55,-43.5));
#661 = VECTOR('',#662,1.);
#662 = DIRECTION('',(0.,-1.,0.));
#663 = ORIENTED_EDGE('',*,*,#664,.T.);
#664 = EDGE_CURVE('',#657,#354,#665,.T.);
#665 = LINE('',#666,#667);
#666 = CARTESIAN_POINT('',(114.,60.5,-43.5));
#667 = VECTOR('',#668,1.);
#668 = DIRECTION('',(1.,0.,0.));
#669 = ORIENTED_EDGE('',*,*,#361,.F.);
#670 = PLANE('',#671);
#671 = AXIS2_PLACEMENT_3D('',#672,#673,#674);
#672 = CARTESIAN_POINT('',(113.8,-61.1,-43.5));
#673 = DIRECTION('',(0.,0.,-1.));
#674 = DIRECTION('',(1.,0.,0.));
#675 = ADVANCED_FACE('',(#676),#694,.T.);
#676 = FACE_BOUND('',#677,.T.);
#677 = EDGE_LOOP('',(#678,#679,#687,#693));
#678 = ORIENTED_EDGE('',*,*,#648,.F.);
#679 = ORIENTED_EDGE('',*,*,#680,.T.);
#680 = EDGE_CURVE('',#649,#681,#683,.T.);
#681 = VERTEX_POINT('',#682);
#682 = CARTESIAN_POINT('',(114.,-60.5,-39.5));
#683 = LINE('',#684,#685);
#684 = CARTESIAN_POINT('',(114.,-60.5,-43.5));
#685 = VECTOR('',#686,1.);
#686 = DIRECTION('',(0.,0.,1.));
#687 = ORIENTED_EDGE('',*,*,#688,.T.);
#688 = EDGE_CURVE('',#681,#370,#689,.T.);
#689 = LINE('',#690,#691);
#690 = CARTESIAN_POINT('',(114.,-60.5,-39.5));
#691 = VECTOR('',#692,1.);
#692 = DIRECTION('',(1.,0.,0.));
#693 = ORIENTED_EDGE('',*,*,#369,.F.);
#694 = PLANE('',#695);
#695 = AXIS2_PLACEMENT_3D('',#696,#697,#698);
#696 = CARTESIAN_POINT('',(114.,-60.5,-43.5));
#697 = DIRECTION('',(0.,1.,0.));
#698 = DIRECTION('',(0.,0.,1.));
#699 = ADVANCED_FACE('',(#700),#725,.T.);
#700 = FACE_BOUND('',#701,.T.);
#701 = EDGE_LOOP('',(#702,#710,#718,#724));
#702 = ORIENTED_EDGE('',*,*,#703,.F.);
#703 = EDGE_CURVE('',#704,#306,#706,.T.);
#704 = VERTEX_POINT('',#705);
#705 = CARTESIAN_POINT('',(114.,-60.5,35.5));
#706 = LINE('',#707,#708);
#707 = CARTESIAN_POINT('',(114.,-60.5,35.5));
#708 = VECTOR('',#709,1.);
#709 = DIRECTION('',(1.,0.,0.));
#710 = ORIENTED_EDGE('',*,*,#711,.F.);
#711 = EDGE_CURVE('',#712,#704,#714,.T.);
#712 = VERTEX_POINT('',#713);
#713 = CARTESIAN_POINT('',(114.,60.5,35.5));
#714 = LINE('',#715,#716);
#715 = CARTESIAN_POINT('',(114.,-30.55,35.5));
#716 = VECTOR('',#717,1.);
#717 = DIRECTION('',(0.,-1.,0.));
#718 = ORIENTED_EDGE('',*,*,#719,.T.);
#719 = EDGE_CURVE('',#712,#314,#720,.T.);
#720 = LINE('',#721,#722);
#721 = CARTESIAN_POINT('',(114.,60.5,35.5));
#722 = VECTOR('',#723,1.);
#723 = DIRECTION('',(1.,0.,0.));
#724 = ORIENTED_EDGE('',*,*,#313,.F.);
#725 = PLANE('',#726);
#726 = AXIS2_PLACEMENT_3D('',#727,#728,#729);
#727 = CARTESIAN_POINT('',(113.8,-61.1,35.5));
#728 = DIRECTION('',(0.,0.,-1.));
#729 = DIRECTION('',(1.,0.,0.));
#730 = ADVANCED_FACE('',(#731),#749,.T.);
#731 = FACE_BOUND('',#732,.T.);
#732 = EDGE_LOOP('',(#733,#741,#747,#748));
#733 = ORIENTED_EDGE('',*,*,#734,.F.);
#734 = EDGE_CURVE('',#735,#298,#737,.T.);
#735 = VERTEX_POINT('',#736);
#736 = CARTESIAN_POINT('',(114.,-60.5,31.5));
#737 = LINE('',#738,#739);
#738 = CARTESIAN_POINT('',(114.,-60.5,31.5));
#739 = VECTOR('',#740,1.);
#740 = DIRECTION('',(1.,0.,0.));
#741 = ORIENTED_EDGE('',*,*,#742,.T.);
#742 = EDGE_CURVE('',#735,#704,#743,.T.);
#743 = LINE('',#744,#745);
#744 = CARTESIAN_POINT('',(114.,-60.5,31.5));
#745 = VECTOR('',#746,1.);
#746 = DIRECTION('',(0.,0.,1.));
#747 = ORIENTED_EDGE('',*,*,#703,.T.);
#748 = ORIENTED_EDGE('',*,*,#305,.F.);
#749 = PLANE('',#750);
#750 = AXIS2_PLACEMENT_3D('',#751,#752,#753);
#751 = CARTESIAN_POINT('',(114.,-60.5,31.5));
#752 = DIRECTION('',(0.,1.,0.));
#753 = DIRECTION('',(0.,0.,1.));
#754 = ADVANCED_FACE('',(#755),#773,.F.);
#755 = FACE_BOUND('',#756,.F.);
#756 = EDGE_LOOP('',(#757,#765,#771,#772));
#757 = ORIENTED_EDGE('',*,*,#758,.F.);
#758 = EDGE_CURVE('',#759,#735,#761,.T.);
#759 = VERTEX_POINT('',#760);
#760 = CARTESIAN_POINT('',(114.,-61.5,31.5));
#761 = LINE('',#762,#763);
#762 = CARTESIAN_POINT('',(114.,-61.5,31.5));
#763 = VECTOR('',#764,1.);
#764 = DIRECTION('',(0.,1.,0.));
#765 = ORIENTED_EDGE('',*,*,#766,.T.);
#766 = EDGE_CURVE('',#759,#290,#767,.T.);
#767 = LINE('',#768,#769);
#768 = CARTESIAN_POINT('',(114.,-61.5,31.5));
#769 = VECTOR('',#770,1.);
#770 = DIRECTION('',(1.,0.,0.));
#771 = ORIENTED_EDGE('',*,*,#297,.T.);
#772 = ORIENTED_EDGE('',*,*,#734,.F.);
#773 = PLANE('',#774);
#774 = AXIS2_PLACEMENT_3D('',#775,#776,#777);
#775 = CARTESIAN_POINT('',(114.,-61.5,31.5));
#776 = DIRECTION('',(0.,0.,1.));
#777 = DIRECTION('',(1.,0.,0.));
#778 = ADVANCED_FACE('',(#779),#797,.T.);
#779 = FACE_BOUND('',#780,.T.);
#780 = EDGE_LOOP('',(#781,#789,#790,#791));
#781 = ORIENTED_EDGE('',*,*,#782,.F.);
#782 = EDGE_CURVE('',#759,#783,#785,.T.);
#783 = VERTEX_POINT('',#784);
#784 = CARTESIAN_POINT('',(114.,-61.5,-39.5));
#785 = LINE('',#786,#787);
#786 = CARTESIAN_POINT('',(114.,-61.5,29.05));
#787 = VECTOR('',#788,1.);
#788 = DIRECTION('',(1.1E-16,0.,-1.));
#789 = ORIENTED_EDGE('',*,*,#766,.T.);
#790 = ORIENTED_EDGE('',*,*,#287,.F.);
#791 = ORIENTED_EDGE('',*,*,#792,.F.);
#792 = EDGE_CURVE('',#783,#288,#793,.T.);
#793 = LINE('',#794,#795);
#794 = CARTESIAN_POINT('',(114.,-61.5,-39.5));
#795 = VECTOR('',#796,1.);
#796 = DIRECTION('',(1.,0.,0.));
#797 = PLANE('',#798);
#798 = AXIS2_PLACEMENT_3D('',#799,#800,#801);
#799 = CARTESIAN_POINT('',(113.8,-61.5,35.1));
#800 = DIRECTION('',(0.,1.,0.));
#801 = DIRECTION('',(1.,0.,0.));
#802 = ADVANCED_FACE('',(#803),#814,.T.);
#803 = FACE_BOUND('',#804,.T.);
#804 = EDGE_LOOP('',(#805,#811,#812,#813));
#805 = ORIENTED_EDGE('',*,*,#806,.F.);
#806 = EDGE_CURVE('',#783,#681,#807,.T.);
#807 = LINE('',#808,#809);
#808 = CARTESIAN_POINT('',(114.,-61.5,-39.5));
#809 = VECTOR('',#810,1.);
#810 = DIRECTION('',(0.,1.,0.));
#811 = ORIENTED_EDGE('',*,*,#792,.T.);
#812 = ORIENTED_EDGE('',*,*,#377,.T.);
#813 = ORIENTED_EDGE('',*,*,#688,.F.);
#814 = PLANE('',#815);
#815 = AXIS2_PLACEMENT_3D('',#816,#817,#818);
#816 = CARTESIAN_POINT('',(114.,-61.5,-39.5));
#817 = DIRECTION('',(0.,0.,1.));
#818 = DIRECTION('',(1.,0.,0.));
#819 = ADVANCED_FACE('',(#820),#831,.F.);
#820 = FACE_BOUND('',#821,.F.);
#821 = EDGE_LOOP('',(#822,#823,#829,#830));
#822 = ORIENTED_EDGE('',*,*,#664,.F.);
#823 = ORIENTED_EDGE('',*,*,#824,.T.);
#824 = EDGE_CURVE('',#657,#625,#825,.T.);
#825 = LINE('',#826,#827);
#826 = CARTESIAN_POINT('',(114.,60.5,-43.5));
#827 = VECTOR('',#828,1.);
#828 = DIRECTION('',(0.,0.,1.));
#829 = ORIENTED_EDGE('',*,*,#632,.T.);
#830 = ORIENTED_EDGE('',*,*,#353,.F.);
#831 = PLANE('',#832);
#832 = AXIS2_PLACEMENT_3D('',#833,#834,#835);
#833 = CARTESIAN_POINT('',(114.,60.5,-43.5));
#834 = DIRECTION('',(0.,1.,0.));
#835 = DIRECTION('',(0.,0.,1.));
#836 = ADVANCED_FACE('',(#837),#855,.F.);
#837 = FACE_BOUND('',#838,.F.);
#838 = EDGE_LOOP('',(#839,#847,#853,#854));
#839 = ORIENTED_EDGE('',*,*,#840,.F.);
#840 = EDGE_CURVE('',#841,#594,#843,.T.);
#841 = VERTEX_POINT('',#842);
#842 = CARTESIAN_POINT('',(114.,60.5,31.5));
#843 = LINE('',#844,#845);
#844 = CARTESIAN_POINT('',(114.,60.5,31.5));
#845 = VECTOR('',#846,1.);
#846 = DIRECTION('',(0.,1.,0.));
#847 = ORIENTED_EDGE('',*,*,#848,.T.);
#848 = EDGE_CURVE('',#841,#322,#849,.T.);
#849 = LINE('',#850,#851);
#850 = CARTESIAN_POINT('',(114.,60.5,31.5));
#851 = VECTOR('',#852,1.);
#852 = DIRECTION('',(1.,0.,0.));
#853 = ORIENTED_EDGE('',*,*,#329,.T.);
#854 = ORIENTED_EDGE('',*,*,#603,.F.);
#855 = PLANE('',#856);
#856 = AXIS2_PLACEMENT_3D('',#857,#858,#859);
#857 = CARTESIAN_POINT('',(114.,60.5,31.5));
#858 = DIRECTION('',(0.,0.,1.));
#859 = DIRECTION('',(1.,0.,0.));
#860 = ADVANCED_FACE('',(#861),#872,.F.);
#861 = FACE_BOUND('',#862,.F.);
#862 = EDGE_LOOP('',(#863,#864,#870,#871));
#863 = ORIENTED_EDGE('',*,*,#848,.F.);
#864 = ORIENTED_EDGE('',*,*,#865,.T.);
#865 = EDGE_CURVE('',#841,#712,#866,.T.);
#866 = LINE('',#867,#868);
#867 = CARTESIAN_POINT('',(114.,60.5,31.5));
#868 = VECTOR('',#869,1.);
#869 = DIRECTION('',(0.,0.,1.));
#870 = ORIENTED_EDGE('',*,*,#719,.T.);
#871 = ORIENTED_EDGE('',*,*,#321,.F.);
#872 = PLANE('',#873);
#873 = AXIS2_PLACEMENT_3D('',#874,#875,#876);
#874 = CARTESIAN_POINT('',(114.,60.5,31.5));
#875 = DIRECTION('',(0.,1.,0.));
#876 = DIRECTION('',(0.,0.,1.));
#877 = ADVANCED_FACE('',(#878),#904,.F.);
#878 = FACE_BOUND('',#879,.F.);
#879 = EDGE_LOOP('',(#880,#881,#889,#898));
#880 = ORIENTED_EDGE('',*,*,#385,.F.);
#881 = ORIENTED_EDGE('',*,*,#882,.F.);
#882 = EDGE_CURVE('',#883,#386,#885,.T.);
#883 = VERTEX_POINT('',#884);
#884 = CARTESIAN_POINT('',(114.,-45.,73.8));
#885 = LINE('',#886,#887);
#886 = CARTESIAN_POINT('',(113.8,-45.,73.8));
#887 = VECTOR('',#888,1.);
#888 = DIRECTION('',(1.,0.,0.));
#889 = ORIENTED_EDGE('',*,*,#890,.T.);
#890 = EDGE_CURVE('',#883,#891,#893,.T.);
#891 = VERTEX_POINT('',#892);
#892 = CARTESIAN_POINT('',(114.,-45.3,73.5));
#893 = CIRCLE('',#894,0.3);
#894 = AXIS2_PLACEMENT_3D('',#895,#896,#897);
#895 = CARTESIAN_POINT('',(114.,-45.,73.5));
#896 = DIRECTION('',(1.,-0.,1.1E-16));
#897 = DIRECTION('',(1.1E-16,0.,-1.));
#898 = ORIENTED_EDGE('',*,*,#899,.T.);
#899 = EDGE_CURVE('',#891,#388,#900,.T.);
#900 = LINE('',#901,#902);
#901 = CARTESIAN_POINT('',(113.8,-45.3,73.5));
#902 = VECTOR('',#903,1.);
#903 = DIRECTION('',(1.,0.,0.));
#904 = CYLINDRICAL_SURFACE('',#905,0.3);
#905 = AXIS2_PLACEMENT_3D('',#906,#907,#908);
#906 = CARTESIAN_POINT('',(113.8,-45.,73.5));
#907 = DIRECTION('',(1.,0.,0.));
#908 = DIRECTION('',(0.,0.,-1.));
#909 = ADVANCED_FACE('',(#910),#928,.T.);
#910 = FACE_BOUND('',#911,.T.);
#911 = EDGE_LOOP('',(#912,#913,#921,#927));
#912 = ORIENTED_EDGE('',*,*,#882,.F.);
#913 = ORIENTED_EDGE('',*,*,#914,.F.);
#914 = EDGE_CURVE('',#915,#883,#917,.T.);
#915 = VERTEX_POINT('',#916);
#916 = CARTESIAN_POINT('',(114.,45.,73.8));
#917 = LINE('',#918,#919);
#918 = CARTESIAN_POINT('',(114.,-22.5,73.8));
#919 = VECTOR('',#920,1.);
#920 = DIRECTION('',(0.,-1.,0.));
#921 = ORIENTED_EDGE('',*,*,#922,.T.);
#922 = EDGE_CURVE('',#915,#397,#923,.T.);
#923 = LINE('',#924,#925);
#924 = CARTESIAN_POINT('',(113.8,45.,73.8));
#925 = VECTOR('',#926,1.);
#926 = DIRECTION('',(1.,0.,0.));
#927 = ORIENTED_EDGE('',*,*,#396,.F.);
#928 = PLANE('',#929);
#929 = AXIS2_PLACEMENT_3D('',#930,#931,#932);
#930 = CARTESIAN_POINT('',(113.8,-45.,73.8));
#931 = DIRECTION('',(0.,0.,-1.));
#932 = DIRECTION('',(1.,0.,0.));
#933 = ADVANCED_FACE('',(#934),#952,.T.);
#934 = FACE_BOUND('',#935,.T.);
#935 = EDGE_LOOP('',(#936,#944,#945,#946));
#936 = ORIENTED_EDGE('',*,*,#937,.F.);
#937 = EDGE_CURVE('',#891,#938,#940,.T.);
#938 = VERTEX_POINT('',#939);
#939 = CARTESIAN_POINT('',(114.,-45.3,48.5));
#940 = LINE('',#941,#942);
#941 = CARTESIAN_POINT('',(114.,-45.3,48.25));
#942 = VECTOR('',#943,1.);
#943 = DIRECTION('',(1.1E-16,0.,-1.));
#944 = ORIENTED_EDGE('',*,*,#899,.T.);
#945 = ORIENTED_EDGE('',*,*,#447,.F.);
#946 = ORIENTED_EDGE('',*,*,#947,.F.);
#947 = EDGE_CURVE('',#938,#439,#948,.T.);
#948 = LINE('',#949,#950);
#949 = CARTESIAN_POINT('',(113.8,-45.3,48.5));
#950 = VECTOR('',#951,1.);
#951 = DIRECTION('',(1.,0.,0.));
#952 = PLANE('',#953);
#953 = AXIS2_PLACEMENT_3D('',#954,#955,#956);
#954 = CARTESIAN_POINT('',(113.8,-45.3,73.5));
#955 = DIRECTION('',(0.,1.,0.));
#956 = DIRECTION('',(1.,0.,0.));
#957 = ADVANCED_FACE('',(#958),#977,.F.);
#958 = FACE_BOUND('',#959,.F.);
#959 = EDGE_LOOP('',(#960,#961,#969,#976));
#960 = ORIENTED_EDGE('',*,*,#404,.F.);
#961 = ORIENTED_EDGE('',*,*,#962,.F.);
#962 = EDGE_CURVE('',#963,#405,#965,.T.);
#963 = VERTEX_POINT('',#964);
#964 = CARTESIAN_POINT('',(114.,45.3,73.5));
#965 = LINE('',#966,#967);
#966 = CARTESIAN_POINT('',(113.8,45.3,73.5));
#967 = VECTOR('',#968,1.);
#968 = DIRECTION('',(1.,0.,0.));
#969 = ORIENTED_EDGE('',*,*,#970,.T.);
#970 = EDGE_CURVE('',#963,#915,#971,.T.);
#971 = CIRCLE('',#972,0.3);
#972 = AXIS2_PLACEMENT_3D('',#973,#974,#975);
#973 = CARTESIAN_POINT('',(114.,45.,73.5));
#974 = DIRECTION('',(1.,-0.,1.1E-16));
#975 = DIRECTION('',(1.1E-16,0.,-1.));
#976 = ORIENTED_EDGE('',*,*,#922,.T.);
#977 = CYLINDRICAL_SURFACE('',#978,0.3);
#978 = AXIS2_PLACEMENT_3D('',#979,#980,#981);
#979 = CARTESIAN_POINT('',(113.8,45.,73.5));
#980 = DIRECTION('',(1.,0.,0.));
#981 = DIRECTION('',(0.,0.,-1.));
#982 = ADVANCED_FACE('',(#983),#1002,.F.);
#983 = FACE_BOUND('',#984,.F.);
#984 = EDGE_LOOP('',(#985,#986,#987,#996));
#985 = ORIENTED_EDGE('',*,*,#438,.F.);
#986 = ORIENTED_EDGE('',*,*,#947,.F.);
#987 = ORIENTED_EDGE('',*,*,#988,.T.);
#988 = EDGE_CURVE('',#938,#989,#991,.T.);
#989 = VERTEX_POINT('',#990);
#990 = CARTESIAN_POINT('',(114.,-45.,48.2));
#991 = CIRCLE('',#992,0.3);
#992 = AXIS2_PLACEMENT_3D('',#993,#994,#995);
#993 = CARTESIAN_POINT('',(114.,-45.,48.5));
#994 = DIRECTION('',(1.,-0.,1.1E-16));
#995 = DIRECTION('',(1.1E-16,0.,-1.));
#996 = ORIENTED_EDGE('',*,*,#997,.T.);
#997 = EDGE_CURVE('',#989,#431,#998,.T.);
#998 = LINE('',#999,#1000);
#999 = CARTESIAN_POINT('',(113.8,-45.,48.2));
#1000 = VECTOR('',#1001,1.);
#1001 = DIRECTION('',(1.,0.,0.));
#1002 = CYLINDRICAL_SURFACE('',#1003,0.3);
#1003 = AXIS2_PLACEMENT_3D('',#1004,#1005,#1006);
#1004 = CARTESIAN_POINT('',(113.8,-45.,48.5));
#1005 = DIRECTION('',(1.,0.,0.));
#1006 = DIRECTION('',(0.,0.,-1.));
#1007 = ADVANCED_FACE('',(#1008),#1026,.F.);
#1008 = FACE_BOUND('',#1009,.F.);
#1009 = EDGE_LOOP('',(#1010,#1018,#1019,#1020));
#1010 = ORIENTED_EDGE('',*,*,#1011,.F.);
#1011 = EDGE_CURVE('',#963,#1012,#1014,.T.);
#1012 = VERTEX_POINT('',#1013);
#1013 = CARTESIAN_POINT('',(114.,45.3,48.5));
#1014 = LINE('',#1015,#1016);
#1015 = CARTESIAN_POINT('',(114.,45.3,48.25));
#1016 = VECTOR('',#1017,1.);
#1017 = DIRECTION('',(1.1E-16,0.,-1.));
#1018 = ORIENTED_EDGE('',*,*,#962,.T.);
#1019 = ORIENTED_EDGE('',*,*,#413,.F.);
#1020 = ORIENTED_EDGE('',*,*,#1021,.F.);
#1021 = EDGE_CURVE('',#1012,#414,#1022,.T.);
#1022 = LINE('',#1023,#1024);
#1023 = CARTESIAN_POINT('',(113.8,45.3,48.5));
#1024 = VECTOR('',#1025,1.);
#1025 = DIRECTION('',(1.,0.,0.));
#1026 = PLANE('',#1027);
#1027 = AXIS2_PLACEMENT_3D('',#1028,#1029,#1030);
#1028 = CARTESIAN_POINT('',(113.8,45.3,73.5));
#1029 = DIRECTION('',(0.,1.,0.));
#1030 = DIRECTION('',(1.,0.,0.));
#1031 = ADVANCED_FACE('',(#1032),#1050,.F.);
#1032 = FACE_BOUND('',#1033,.F.);
#1033 = EDGE_LOOP('',(#1034,#1035,#1043,#1049));
#1034 = ORIENTED_EDGE('',*,*,#997,.F.);
#1035 = ORIENTED_EDGE('',*,*,#1036,.F.);
#1036 = EDGE_CURVE('',#1037,#989,#1039,.T.);
#1037 = VERTEX_POINT('',#1038);
#1038 = CARTESIAN_POINT('',(114.,45.,48.2));
#1039 = LINE('',#1040,#1041);
#1040 = CARTESIAN_POINT('',(114.,-22.5,48.2));
#1041 = VECTOR('',#1042,1.);
#1042 = DIRECTION('',(0.,-1.,0.));
#1043 = ORIENTED_EDGE('',*,*,#1044,.T.);
#1044 = EDGE_CURVE('',#1037,#422,#1045,.T.);
#1045 = LINE('',#1046,#1047);
#1046 = CARTESIAN_POINT('',(113.8,45.,48.2));
#1047 = VECTOR('',#1048,1.);
#1048 = DIRECTION('',(1.,0.,0.));
#1049 = ORIENTED_EDGE('',*,*,#430,.F.);
#1050 = PLANE('',#1051);
#1051 = AXIS2_PLACEMENT_3D('',#1052,#1053,#1054);
#1052 = CARTESIAN_POINT('',(113.8,-45.,48.2));
#1053 = DIRECTION('',(0.,0.,-1.));
#1054 = DIRECTION('',(1.,0.,0.));
#1055 = ADVANCED_FACE('',(#1056),#1068,.F.);
#1056 = FACE_BOUND('',#1057,.F.);
#1057 = EDGE_LOOP('',(#1058,#1059,#1060,#1067));
#1058 = ORIENTED_EDGE('',*,*,#421,.F.);
#1059 = ORIENTED_EDGE('',*,*,#1044,.F.);
#1060 = ORIENTED_EDGE('',*,*,#1061,.T.);
#1061 = EDGE_CURVE('',#1037,#1012,#1062,.T.);
#1062 = CIRCLE('',#1063,0.3);
#1063 = AXIS2_PLACEMENT_3D('',#1064,#1065,#1066);
#1064 = CARTESIAN_POINT('',(114.,45.,48.5));
#1065 = DIRECTION('',(1.,-0.,1.1E-16));
#1066 = DIRECTION('',(1.1E-16,0.,-1.));
#1067 = ORIENTED_EDGE('',*,*,#1021,.T.);
#1068 = CYLINDRICAL_SURFACE('',#1069,0.3);
#1069 = AXIS2_PLACEMENT_3D('',#1070,#1071,#1072);
#1070 = CARTESIAN_POINT('',(113.8,45.,48.5));
#1071 = DIRECTION('',(1.,0.,0.));
#1072 = DIRECTION('',(0.,0.,-1.));
#1073 = ADVANCED_FACE('',(#1074),#1093,.F.);
#1074 = FACE_BOUND('',#1075,.F.);
#1075 = EDGE_LOOP('',(#1076,#1077,#1085,#1092));
#1076 = ORIENTED_EDGE('',*,*,#455,.F.);
#1077 = ORIENTED_EDGE('',*,*,#1078,.F.);
#1078 = EDGE_CURVE('',#1079,#456,#1081,.T.);
#1079 = VERTEX_POINT('',#1080);
#1080 = CARTESIAN_POINT('',(114.,-68.,89.7));
#1081 = LINE('',#1082,#1083);
#1082 = CARTESIAN_POINT('',(113.8,-68.,89.7));
#1083 = VECTOR('',#1084,1.);
#1084 = DIRECTION('',(1.,0.,0.));
#1085 = ORIENTED_EDGE('',*,*,#1086,.T.);
#1086 = EDGE_CURVE('',#1079,#1079,#1087,.T.);
#1087 = CIRCLE('',#1088,1.7);
#1088 = AXIS2_PLACEMENT_3D('',#1089,#1090,#1091);
#1089 = CARTESIAN_POINT('',(114.,-68.,88.));
#1090 = DIRECTION('',(1.,0.,-0.));
#1091 = DIRECTION('',(0.,0.,1.));
#1092 = ORIENTED_EDGE('',*,*,#1078,.T.);
#1093 = CYLINDRICAL_SURFACE('',#1094,1.7);
#1094 = AXIS2_PLACEMENT_3D('',#1095,#1096,#1097);
#1095 = CARTESIAN_POINT('',(113.8,-68.,88.));
#1096 = DIRECTION('',(1.,0.,0.));
#1097 = DIRECTION('',(0.,0.,1.));
#1098 = ADVANCED_FACE('',(#1099),#1118,.F.);
#1099 = FACE_BOUND('',#1100,.F.);
#1100 = EDGE_LOOP('',(#1101,#1102,#1110,#1117));
#1101 = ORIENTED_EDGE('',*,*,#466,.F.);
#1102 = ORIENTED_EDGE('',*,*,#1103,.F.);
#1103 = EDGE_CURVE('',#1104,#467,#1106,.T.);
#1104 = VERTEX_POINT('',#1105);
#1105 = CARTESIAN_POINT('',(114.,-50.,71.2));
#1106 = LINE('',#1107,#1108);
#1107 = CARTESIAN_POINT('',(113.8,-50.,71.2));
#1108 = VECTOR('',#1109,1.);
#1109 = DIRECTION('',(1.,0.,0.));
#1110 = ORIENTED_EDGE('',*,*,#1111,.T.);
#1111 = EDGE_CURVE('',#1104,#1104,#1112,.T.);
#1112 = CIRCLE('',#1113,1.7);
#1113 = AXIS2_PLACEMENT_3D('',#1114,#1115,#1116);
#1114 = CARTESIAN_POINT('',(114.,-50.,69.5));
#1115 = DIRECTION('',(1.,0.,-0.));
#1116 = DIRECTION('',(0.,0.,1.));
#1117 = ORIENTED_EDGE('',*,*,#1103,.T.);
#1118 = CYLINDRICAL_SURFACE('',#1119,1.7);
#1119 = AXIS2_PLACEMENT_3D('',#1120,#1121,#1122);
#1120 = CARTESIAN_POINT('',(113.8,-50.,69.5));
#1121 = DIRECTION('',(1.,0.,0.));
#1122 = DIRECTION('',(0.,0.,1.));
#1123 = ADVANCED_FACE('',(#1124),#1143,.F.);
#1124 = FACE_BOUND('',#1125,.F.);
#1125 = EDGE_LOOP('',(#1126,#1127,#1135,#1142));
#1126 = ORIENTED_EDGE('',*,*,#477,.F.);
#1127 = ORIENTED_EDGE('',*,*,#1128,.F.);
#1128 = EDGE_CURVE('',#1129,#478,#1131,.T.);
#1129 = VERTEX_POINT('',#1130);
#1130 = CARTESIAN_POINT('',(114.,-50.,55.2));
#1131 = LINE('',#1132,#1133);
#1132 = CARTESIAN_POINT('',(113.8,-50.,55.2));
#1133 = VECTOR('',#1134,1.);
#1134 = DIRECTION('',(1.,0.,0.));
#1135 = ORIENTED_EDGE('',*,*,#1136,.T.);
#1136 = EDGE_CURVE('',#1129,#1129,#1137,.T.);
#1137 = CIRCLE('',#1138,1.7);
#1138 = AXIS2_PLACEMENT_3D('',#1139,#1140,#1141);
#1139 = CARTESIAN_POINT('',(114.,-50.,53.5));
#1140 = DIRECTION('',(1.,0.,-0.));
#1141 = DIRECTION('',(0.,0.,1.));
#1142 = ORIENTED_EDGE('',*,*,#1128,.T.);
#1143 = CYLINDRICAL_SURFACE('',#1144,1.7);
#1144 = AXIS2_PLACEMENT_3D('',#1145,#1146,#1147);
#1145 = CARTESIAN_POINT('',(113.8,-50.,53.5));
#1146 = DIRECTION('',(1.,0.,0.));
#1147 = DIRECTION('',(0.,0.,1.));
#1148 = ADVANCED_FACE('',(#1149),#1168,.F.);
#1149 = FACE_BOUND('',#1150,.F.);
#1150 = EDGE_LOOP('',(#1151,#1152,#1160,#1167));
#1151 = ORIENTED_EDGE('',*,*,#488,.F.);
#1152 = ORIENTED_EDGE('',*,*,#1153,.F.);
#1153 = EDGE_CURVE('',#1154,#489,#1156,.T.);
#1154 = VERTEX_POINT('',#1155);
#1155 = CARTESIAN_POINT('',(114.,-67.,-32.3));
#1156 = LINE('',#1157,#1158);
#1157 = CARTESIAN_POINT('',(113.8,-67.,-32.3));
#1158 = VECTOR('',#1159,1.);
#1159 = DIRECTION('',(1.,0.,0.));
#1160 = ORIENTED_EDGE('',*,*,#1161,.T.);
#1161 = EDGE_CURVE('',#1154,#1154,#1162,.T.);
#1162 = CIRCLE('',#1163,1.7);
#1163 = AXIS2_PLACEMENT_3D('',#1164,#1165,#1166);
#1164 = CARTESIAN_POINT('',(114.,-67.,-34.));
#1165 = DIRECTION('',(1.,0.,-0.));
#1166 = DIRECTION('',(0.,0.,1.));
#1167 = ORIENTED_EDGE('',*,*,#1153,.T.);
#1168 = CYLINDRICAL_SURFACE('',#1169,1.7);
#1169 = AXIS2_PLACEMENT_3D('',#1170,#1171,#1172);
#1170 = CARTESIAN_POINT('',(113.8,-67.,-34.));
#1171 = DIRECTION('',(1.,0.,0.));
#1172 = DIRECTION('',(0.,0.,1.));
#1173 = ADVANCED_FACE('',(#1174),#1193,.F.);
#1174 = FACE_BOUND('',#1175,.F.);
#1175 = EDGE_LOOP('',(#1176,#1177,#1185,#1192));
#1176 = ORIENTED_EDGE('',*,*,#499,.F.);
#1177 = ORIENTED_EDGE('',*,*,#1178,.F.);
#1178 = EDGE_CURVE('',#1179,#500,#1181,.T.);
#1179 = VERTEX_POINT('',#1180);
#1180 = CARTESIAN_POINT('',(114.,-68.,-42.3));
#1181 = LINE('',#1182,#1183);
#1182 = CARTESIAN_POINT('',(113.8,-68.,-42.3));
#1183 = VECTOR('',#1184,1.);
#1184 = DIRECTION('',(1.,0.,0.));
#1185 = ORIENTED_EDGE('',*,*,#1186,.T.);
#1186 = EDGE_CURVE('',#1179,#1179,#1187,.T.);
#1187 = CIRCLE('',#1188,1.7);
#1188 = AXIS2_PLACEMENT_3D('',#1189,#1190,#1191);
#1189 = CARTESIAN_POINT('',(114.,-68.,-44.));
#1190 = DIRECTION('',(1.,0.,-0.));
#1191 = DIRECTION('',(0.,0.,1.));
#1192 = ORIENTED_EDGE('',*,*,#1178,.T.);
#1193 = CYLINDRICAL_SURFACE('',#1194,1.7);
#1194 = AXIS2_PLACEMENT_3D('',#1195,#1196,#1197);
#1195 = CARTESIAN_POINT('',(113.8,-68.,-44.));
#1196 = DIRECTION('',(1.,0.,0.));
#1197 = DIRECTION('',(0.,0.,1.));
#1198 = ADVANCED_FACE('',(#1199),#1218,.F.);
#1199 = FACE_BOUND('',#1200,.F.);
#1200 = EDGE_LOOP('',(#1201,#1202,#1210,#1217));
#1201 = ORIENTED_EDGE('',*,*,#510,.F.);
#1202 = ORIENTED_EDGE('',*,*,#1203,.F.);
#1203 = EDGE_CURVE('',#1204,#511,#1206,.T.);
#1204 = VERTEX_POINT('',#1205);
#1205 = CARTESIAN_POINT('',(114.,50.,71.2));
#1206 = LINE('',#1207,#1208);
#1207 = CARTESIAN_POINT('',(113.8,50.,71.2));
#1208 = VECTOR('',#1209,1.);
#1209 = DIRECTION('',(1.,0.,0.));
#1210 = ORIENTED_EDGE('',*,*,#1211,.T.);
#1211 = EDGE_CURVE('',#1204,#1204,#1212,.T.);
#1212 = CIRCLE('',#1213,1.7);
#1213 = AXIS2_PLACEMENT_3D('',#1214,#1215,#1216);
#1214 = CARTESIAN_POINT('',(114.,50.,69.5));
#1215 = DIRECTION('',(1.,0.,-0.));
#1216 = DIRECTION('',(0.,0.,1.));
#1217 = ORIENTED_EDGE('',*,*,#1203,.T.);
#1218 = CYLINDRICAL_SURFACE('',#1219,1.7);
#1219 = AXIS2_PLACEMENT_3D('',#1220,#1221,#1222);
#1220 = CARTESIAN_POINT('',(113.8,50.,69.5));
#1221 = DIRECTION('',(1.,0.,0.));
#1222 = DIRECTION('',(0.,0.,1.));
#1223 = ADVANCED_FACE('',(#1224),#1243,.F.);
#1224 = FACE_BOUND('',#1225,.F.);
#1225 = EDGE_LOOP('',(#1226,#1227,#1235,#1242));
#1226 = ORIENTED_EDGE('',*,*,#521,.F.);
#1227 = ORIENTED_EDGE('',*,*,#1228,.F.);
#1228 = EDGE_CURVE('',#1229,#522,#1231,.T.);
#1229 = VERTEX_POINT('',#1230);
#1230 = CARTESIAN_POINT('',(114.,68.,89.7));
#1231 = LINE('',#1232,#1233);
#1232 = CARTESIAN_POINT('',(113.8,68.,89.7));
#1233 = VECTOR('',#1234,1.);
#1234 = DIRECTION('',(1.,0.,0.));
#1235 = ORIENTED_EDGE('',*,*,#1236,.T.);
#1236 = EDGE_CURVE('',#1229,#1229,#1237,.T.);
#1237 = CIRCLE('',#1238,1.7);
#1238 = AXIS2_PLACEMENT_3D('',#1239,#1240,#1241);
#1239 = CARTESIAN_POINT('',(114.,68.,88.));
#1240 = DIRECTION('',(1.,0.,-0.));
#1241 = DIRECTION('',(0.,0.,1.));
#1242 = ORIENTED_EDGE('',*,*,#1228,.T.);
#1243 = CYLINDRICAL_SURFACE('',#1244,1.7);
#1244 = AXIS2_PLACEMENT_3D('',#1245,#1246,#1247);
#1245 = CARTESIAN_POINT('',(113.8,68.,88.));
#1246 = DIRECTION('',(1.,0.,0.));
#1247 = DIRECTION('',(0.,0.,1.));
#1248 = ADVANCED_FACE('',(#1249),#1268,.F.);
#1249 = FACE_BOUND('',#1250,.F.);
#1250 = EDGE_LOOP('',(#1251,#1252,#1260,#1267));
#1251 = ORIENTED_EDGE('',*,*,#532,.F.);
#1252 = ORIENTED_EDGE('',*,*,#1253,.F.);
#1253 = EDGE_CURVE('',#1254,#533,#1256,.T.);
#1254 = VERTEX_POINT('',#1255);
#1255 = CARTESIAN_POINT('',(114.,50.,55.2));
#1256 = LINE('',#1257,#1258);
#1257 = CARTESIAN_POINT('',(113.8,50.,55.2));
#1258 = VECTOR('',#1259,1.);
#1259 = DIRECTION('',(1.,0.,0.));
#1260 = ORIENTED_EDGE('',*,*,#1261,.T.);
#1261 = EDGE_CURVE('',#1254,#1254,#1262,.T.);
#1262 = CIRCLE('',#1263,1.7);
#1263 = AXIS2_PLACEMENT_3D('',#1264,#1265,#1266);
#1264 = CARTESIAN_POINT('',(114.,50.,53.5));
#1265 = DIRECTION('',(1.,0.,-0.));
#1266 = DIRECTION('',(0.,0.,1.));
#1267 = ORIENTED_EDGE('',*,*,#1253,.T.);
#1268 = CYLINDRICAL_SURFACE('',#1269,1.7);
#1269 = AXIS2_PLACEMENT_3D('',#1270,#1271,#1272);
#1270 = CARTESIAN_POINT('',(113.8,50.,53.5));
#1271 = DIRECTION('',(1.,0.,0.));
#1272 = DIRECTION('',(0.,0.,1.));
#1273 = ADVANCED_FACE('',(#1274),#1293,.F.);
#1274 = FACE_BOUND('',#1275,.F.);
#1275 = EDGE_LOOP('',(#1276,#1277,#1285,#1292));
#1276 = ORIENTED_EDGE('',*,*,#543,.F.);
#1277 = ORIENTED_EDGE('',*,*,#1278,.F.);
#1278 = EDGE_CURVE('',#1279,#544,#1281,.T.);
#1279 = VERTEX_POINT('',#1280);
#1280 = CARTESIAN_POINT('',(114.,67.,-32.3));
#1281 = LINE('',#1282,#1283);
#1282 = CARTESIAN_POINT('',(113.8,67.,-32.3));
#1283 = VECTOR('',#1284,1.);
#1284 = DIRECTION('',(1.,0.,0.));
#1285 = ORIENTED_EDGE('',*,*,#1286,.T.);
#1286 = EDGE_CURVE('',#1279,#1279,#1287,.T.);
#1287 = CIRCLE('',#1288,1.7);
#1288 = AXIS2_PLACEMENT_3D('',#1289,#1290,#1291);
#1289 = CARTESIAN_POINT('',(114.,67.,-34.));
#1290 = DIRECTION('',(1.,0.,-0.));
#1291 = DIRECTION('',(0.,0.,1.));
#1292 = ORIENTED_EDGE('',*,*,#1278,.T.);
#1293 = CYLINDRICAL_SURFACE('',#1294,1.7);
#1294 = AXIS2_PLACEMENT_3D('',#1295,#1296,#1297);
#1295 = CARTESIAN_POINT('',(113.8,67.,-34.));
#1296 = DIRECTION('',(1.,0.,0.));
#1297 = DIRECTION('',(0.,0.,1.));
#1298 = ADVANCED_FACE('',(#1299),#1318,.F.);
#1299 = FACE_BOUND('',#1300,.F.);
#1300 = EDGE_LOOP('',(#1301,#1302,#1310,#1317));
#1301 = ORIENTED_EDGE('',*,*,#554,.F.);
#1302 = ORIENTED_EDGE('',*,*,#1303,.F.);
#1303 = EDGE_CURVE('',#1304,#555,#1306,.T.);
#1304 = VERTEX_POINT('',#1305);
#1305 = CARTESIAN_POINT('',(114.,68.,-42.3));
#1306 = LINE('',#1307,#1308);
#1307 = CARTESIAN_POINT('',(113.8,68.,-42.3));
#1308 = VECTOR('',#1309,1.);
#1309 = DIRECTION('',(1.,0.,0.));
#1310 = ORIENTED_EDGE('',*,*,#1311,.T.);
#1311 = EDGE_CURVE('',#1304,#1304,#1312,.T.);
#1312 = CIRCLE('',#1313,1.7);
#1313 = AXIS2_PLACEMENT_3D('',#1314,#1315,#1316);
#1314 = CARTESIAN_POINT('',(114.,68.,-44.));
#1315 = DIRECTION('',(1.,0.,-0.));
#1316 = DIRECTION('',(0.,0.,1.));
#1317 = ORIENTED_EDGE('',*,*,#1303,.T.);
#1318 = CYLINDRICAL_SURFACE('',#1319,1.7);
#1319 = AXIS2_PLACEMENT_3D('',#1320,#1321,#1322);
#1320 = CARTESIAN_POINT('',(113.8,68.,-44.));
#1321 = DIRECTION('',(1.,0.,0.));
#1322 = DIRECTION('',(0.,0.,1.));
#1323 = ADVANCED_FACE('',(#1324),#1343,.F.);
#1324 = FACE_BOUND('',#1325,.F.);
#1325 = EDGE_LOOP('',(#1326,#1327,#1335,#1342));
#1326 = ORIENTED_EDGE('',*,*,#565,.F.);
#1327 = ORIENTED_EDGE('',*,*,#1328,.F.);
#1328 = EDGE_CURVE('',#1329,#566,#1331,.T.);
#1329 = VERTEX_POINT('',#1330);
#1330 = CARTESIAN_POINT('',(114.,-67.,27.7));
#1331 = LINE('',#1332,#1333);
#1332 = CARTESIAN_POINT('',(113.8,-67.,27.7));
#1333 = VECTOR('',#1334,1.);
#1334 = DIRECTION('',(1.,0.,0.));
#1335 = ORIENTED_EDGE('',*,*,#1336,.T.);
#1336 = EDGE_CURVE('',#1329,#1329,#1337,.T.);
#1337 = CIRCLE('',#1338,1.7);
#1338 = AXIS2_PLACEMENT_3D('',#1339,#1340,#1341);
#1339 = CARTESIAN_POINT('',(114.,-67.,26.));
#1340 = DIRECTION('',(1.,0.,-0.));
#1341 = DIRECTION('',(0.,0.,1.));
#1342 = ORIENTED_EDGE('',*,*,#1328,.T.);
#1343 = CYLINDRICAL_SURFACE('',#1344,1.7);
#1344 = AXIS2_PLACEMENT_3D('',#1345,#1346,#1347);
#1345 = CARTESIAN_POINT('',(113.8,-67.,26.));
#1346 = DIRECTION('',(1.,0.,0.));
#1347 = DIRECTION('',(0.,0.,1.));
#1348 = ADVANCED_FACE('',(#1349),#1368,.F.);
#1349 = FACE_BOUND('',#1350,.F.);
#1350 = EDGE_LOOP('',(#1351,#1352,#1360,#1367));
#1351 = ORIENTED_EDGE('',*,*,#576,.F.);
#1352 = ORIENTED_EDGE('',*,*,#1353,.F.);
#1353 = EDGE_CURVE('',#1354,#577,#1356,.T.);
#1354 = VERTEX_POINT('',#1355);
#1355 = CARTESIAN_POINT('',(114.,67.,27.7));
#1356 = LINE('',#1357,#1358);
#1357 = CARTESIAN_POINT('',(113.8,67.,27.7));
#1358 = VECTOR('',#1359,1.);
#1359 = DIRECTION('',(1.,0.,0.));
#1360 = ORIENTED_EDGE('',*,*,#1361,.T.);
#1361 = EDGE_CURVE('',#1354,#1354,#1362,.T.);
#1362 = CIRCLE('',#1363,1.7);
#1363 = AXIS2_PLACEMENT_3D('',#1364,#1365,#1366);
#1364 = CARTESIAN_POINT('',(114.,67.,26.));
#1365 = DIRECTION('',(1.,0.,-0.));
#1366 = DIRECTION('',(0.,0.,1.));
#1367 = ORIENTED_EDGE('',*,*,#1353,.T.);
#1368 = CYLINDRICAL_SURFACE('',#1369,1.7);
#1369 = AXIS2_PLACEMENT_3D('',#1370,#1371,#1372);
#1370 = CARTESIAN_POINT('',(113.8,67.,26.));
#1371 = DIRECTION('',(1.,0.,0.));
#1372 = DIRECTION('',(0.,0.,1.));
#1373 = ADVANCED_FACE('',(#1374,#1384,#1398,#1408,#1411,#1414,#1417,
    #1420,#1423,#1426,#1429,#1432,#1435,#1438,#1441),#1444,.T.);
#1374 = FACE_BOUND('',#1375,.T.);
#1375 = EDGE_LOOP('',(#1376,#1377,#1378,#1379,#1380,#1381,#1382,#1383));
#1376 = ORIENTED_EDGE('',*,*,#40,.F.);
#1377 = ORIENTED_EDGE('',*,*,#95,.T.);
#1378 = ORIENTED_EDGE('',*,*,#142,.F.);
#1379 = ORIENTED_EDGE('',*,*,#191,.T.);
#1380 = ORIENTED_EDGE('',*,*,#261,.F.);
#1381 = ORIENTED_EDGE('',*,*,#223,.F.);
#1382 = ORIENTED_EDGE('',*,*,#168,.F.);
#1383 = ORIENTED_EDGE('',*,*,#63,.F.);
#1384 = FACE_BOUND('',#1385,.T.);
#1385 = EDGE_LOOP('',(#1386,#1387,#1388,#1389,#1390,#1391,#1392,#1393,
    #1394,#1395,#1396,#1397));
#1386 = ORIENTED_EDGE('',*,*,#593,.F.);
#1387 = ORIENTED_EDGE('',*,*,#840,.F.);
#1388 = ORIENTED_EDGE('',*,*,#865,.T.);
#1389 = ORIENTED_EDGE('',*,*,#711,.T.);
#1390 = ORIENTED_EDGE('',*,*,#742,.F.);
#1391 = ORIENTED_EDGE('',*,*,#758,.F.);
#1392 = ORIENTED_EDGE('',*,*,#782,.T.);
#1393 = ORIENTED_EDGE('',*,*,#806,.T.);
#1394 = ORIENTED_EDGE('',*,*,#680,.F.);
#1395 = ORIENTED_EDGE('',*,*,#656,.F.);
#1396 = ORIENTED_EDGE('',*,*,#824,.T.);
#1397 = ORIENTED_EDGE('',*,*,#624,.T.);
#1398 = FACE_BOUND('',#1399,.T.);
#1399 = EDGE_LOOP('',(#1400,#1401,#1402,#1403,#1404,#1405,#1406,#1407));
#1400 = ORIENTED_EDGE('',*,*,#914,.T.);
#1401 = ORIENTED_EDGE('',*,*,#890,.T.);
#1402 = ORIENTED_EDGE('',*,*,#937,.T.);
#1403 = ORIENTED_EDGE('',*,*,#988,.T.);
#1404 = ORIENTED_EDGE('',*,*,#1036,.F.);
#1405 = ORIENTED_EDGE('',*,*,#1061,.T.);
#1406 = ORIENTED_EDGE('',*,*,#1011,.F.);
#1407 = ORIENTED_EDGE('',*,*,#970,.T.);
#1408 = FACE_BOUND('',#1409,.T.);
#1409 = EDGE_LOOP('',(#1410));
#1410 = ORIENTED_EDGE('',*,*,#1186,.T.);
#1411 = FACE_BOUND('',#1412,.T.);
#1412 = EDGE_LOOP('',(#1413));
#1413 = ORIENTED_EDGE('',*,*,#1161,.T.);
#1414 = FACE_BOUND('',#1415,.T.);
#1415 = EDGE_LOOP('',(#1416));
#1416 = ORIENTED_EDGE('',*,*,#1136,.T.);
#1417 = FACE_BOUND('',#1418,.T.);
#1418 = EDGE_LOOP('',(#1419));
#1419 = ORIENTED_EDGE('',*,*,#1086,.T.);
#1420 = FACE_BOUND('',#1421,.T.);
#1421 = EDGE_LOOP('',(#1422));
#1422 = ORIENTED_EDGE('',*,*,#1111,.T.);
#1423 = FACE_BOUND('',#1424,.T.);
#1424 = EDGE_LOOP('',(#1425));
#1425 = ORIENTED_EDGE('',*,*,#1311,.T.);
#1426 = FACE_BOUND('',#1427,.T.);
#1427 = EDGE_LOOP('',(#1428));
#1428 = ORIENTED_EDGE('',*,*,#1286,.T.);
#1429 = FACE_BOUND('',#1430,.T.);
#1430 = EDGE_LOOP('',(#1431));
#1431 = ORIENTED_EDGE('',*,*,#1261,.T.);
#1432 = FACE_BOUND('',#1433,.T.);
#1433 = EDGE_LOOP('',(#1434));
#1434 = ORIENTED_EDGE('',*,*,#1211,.T.);
#1435 = FACE_BOUND('',#1436,.T.);
#1436 = EDGE_LOOP('',(#1437));
#1437 = ORIENTED_EDGE('',*,*,#1236,.T.);
#1438 = FACE_BOUND('',#1439,.T.);
#1439 = EDGE_LOOP('',(#1440));
#1440 = ORIENTED_EDGE('',*,*,#1336,.T.);
#1441 = FACE_BOUND('',#1442,.T.);
#1442 = EDGE_LOOP('',(#1443));
#1443 = ORIENTED_EDGE('',*,*,#1361,.T.);
#1444 = PLANE('',#1445);
#1445 = AXIS2_PLACEMENT_3D('',#1446,#1447,#1448);
#1446 = CARTESIAN_POINT('',(114.,0.,23.));
#1447 = DIRECTION('',(-1.,-0.,-0.));
#1448 = DIRECTION('',(0.,0.,-1.));
#1449 = MANIFOLD_SOLID_BREP('',#1450);
#1450 = CLOSED_SHELL('',(#1451,#1491,#1808,#1848,#1958,#1991,#2015,#2062
    ,#2086,#2117,#2141,#2158,#2205,#2238,#2255,#2286,#2310,#2334,#2358,
    #2382,#2399,#2430,#2454,#2478,#2502,#2526,#2543,#2560,#2591,#2615,
    #2639,#2663,#2687,#2704,#2721,#2752,#2776,#2800,#2824,#2848,#2865,
    #2882,#2905,#2922,#2939,#2956,#2979,#3002,#3025,#3050,#3075,#3100,
    #3125,#3142,#3159,#3176));
#1451 = ADVANCED_FACE('',(#1452),#1486,.T.);
#1452 = FACE_BOUND('',#1453,.T.);
#1453 = EDGE_LOOP('',(#1454,#1464,#1472,#1480));
#1454 = ORIENTED_EDGE('',*,*,#1455,.F.);
#1455 = EDGE_CURVE('',#1456,#1458,#1460,.T.);
#1456 = VERTEX_POINT('',#1457);
#1457 = CARTESIAN_POINT('',(85.95,-46.,66.));
#1458 = VERTEX_POINT('',#1459);
#1459 = CARTESIAN_POINT('',(85.95,46.,66.));
#1460 = LINE('',#1461,#1462);
#1461 = CARTESIAN_POINT('',(85.95,-54.,66.));
#1462 = VECTOR('',#1463,1.);
#1463 = DIRECTION('',(0.,1.,0.));
#1464 = ORIENTED_EDGE('',*,*,#1465,.F.);
#1465 = EDGE_CURVE('',#1466,#1456,#1468,.T.);
#1466 = VERTEX_POINT('',#1467);
#1467 = CARTESIAN_POINT('',(91.95,-46.,66.));
#1468 = LINE('',#1469,#1470);
#1469 = CARTESIAN_POINT('',(85.95,-46.,66.));
#1470 = VECTOR('',#1471,1.);
#1471 = DIRECTION('',(-1.,0.,0.));
#1472 = ORIENTED_EDGE('',*,*,#1473,.T.);
#1473 = EDGE_CURVE('',#1466,#1474,#1476,.T.);
#1474 = VERTEX_POINT('',#1475);
#1475 = CARTESIAN_POINT('',(91.95,46.,66.));
#1476 = LINE('',#1477,#1478);
#1477 = CARTESIAN_POINT('',(91.95,-54.,66.));
#1478 = VECTOR('',#1479,1.);
#1479 = DIRECTION('',(0.,1.,0.));
#1480 = ORIENTED_EDGE('',*,*,#1481,.T.);
#1481 = EDGE_CURVE('',#1474,#1458,#1482,.T.);
#1482 = LINE('',#1483,#1484);
#1483 = CARTESIAN_POINT('',(85.95,46.,66.));
#1484 = VECTOR('',#1485,1.);
#1485 = DIRECTION('',(-1.,0.,0.));
#1486 = PLANE('',#1487);
#1487 = AXIS2_PLACEMENT_3D('',#1488,#1489,#1490);
#1488 = CARTESIAN_POINT('',(85.95,-54.,66.));
#1489 = DIRECTION('',(0.,0.,1.));
#1490 = DIRECTION('',(1.,0.,0.));
#1491 = ADVANCED_FACE('',(#1492,#1581,#1631,#1681,#1692,#1742,#1753),
  #1803,.T.);
#1492 = FACE_BOUND('',#1493,.T.);
#1493 = EDGE_LOOP('',(#1494,#1504,#1510,#1511,#1519,#1527,#1535,#1543,
    #1551,#1559,#1567,#1575));
#1494 = ORIENTED_EDGE('',*,*,#1495,.T.);
#1495 = EDGE_CURVE('',#1496,#1498,#1500,.T.);
#1496 = VERTEX_POINT('',#1497);
#1497 = CARTESIAN_POINT('',(85.95,-54.,73.5));
#1498 = VERTEX_POINT('',#1499);
#1499 = CARTESIAN_POINT('',(85.95,-46.,73.5));
#1500 = LINE('',#1501,#1502);
#1501 = CARTESIAN_POINT('',(85.95,-54.,73.5));
#1502 = VECTOR('',#1503,1.);
#1503 = DIRECTION('',(0.,1.,0.));
#1504 = ORIENTED_EDGE('',*,*,#1505,.F.);
#1505 = EDGE_CURVE('',#1456,#1498,#1506,.T.);
#1506 = LINE('',#1507,#1508);
#1507 = CARTESIAN_POINT('',(85.95,-46.,65.5));
#1508 = VECTOR('',#1509,1.);
#1509 = DIRECTION('',(0.,0.,1.));
#1510 = ORIENTED_EDGE('',*,*,#1455,.T.);
#1511 = ORIENTED_EDGE('',*,*,#1512,.T.);
#1512 = EDGE_CURVE('',#1458,#1513,#1515,.T.);
#1513 = VERTEX_POINT('',#1514);
#1514 = CARTESIAN_POINT('',(85.95,46.,73.5));
#1515 = LINE('',#1516,#1517);
#1516 = CARTESIAN_POINT('',(85.95,46.,65.5));
#1517 = VECTOR('',#1518,1.);
#1518 = DIRECTION('',(0.,0.,1.));
#1519 = ORIENTED_EDGE('',*,*,#1520,.T.);
#1520 = EDGE_CURVE('',#1513,#1521,#1523,.T.);
#1521 = VERTEX_POINT('',#1522);
#1522 = CARTESIAN_POINT('',(85.95,54.,73.5));
#1523 = LINE('',#1524,#1525);
#1524 = CARTESIAN_POINT('',(85.95,46.,73.5));
#1525 = VECTOR('',#1526,1.);
#1526 = DIRECTION('',(0.,1.,0.));
#1527 = ORIENTED_EDGE('',*,*,#1528,.F.);
#1528 = EDGE_CURVE('',#1529,#1521,#1531,.T.);
#1529 = VERTEX_POINT('',#1530);
#1530 = CARTESIAN_POINT('',(85.95,54.,49.5));
#1531 = LINE('',#1532,#1533);
#1532 = CARTESIAN_POINT('',(85.95,54.,65.5));
#1533 = VECTOR('',#1534,1.);
#1534 = DIRECTION('',(0.,0.,1.));
#1535 = ORIENTED_EDGE('',*,*,#1536,.F.);
#1536 = EDGE_CURVE('',#1537,#1529,#1539,.T.);
#1537 = VERTEX_POINT('',#1538);
#1538 = CARTESIAN_POINT('',(85.95,46.,49.5));
#1539 = LINE('',#1540,#1541);
#1540 = CARTESIAN_POINT('',(85.95,46.,49.5));
#1541 = VECTOR('',#1542,1.);
#1542 = DIRECTION('',(0.,1.,0.));
#1543 = ORIENTED_EDGE('',*,*,#1544,.T.);
#1544 = EDGE_CURVE('',#1537,#1545,#1547,.T.);
#1545 = VERTEX_POINT('',#1546);
#1546 = CARTESIAN_POINT('',(85.95,46.,56.));
#1547 = LINE('',#1548,#1549);
#1548 = CARTESIAN_POINT('',(85.95,46.,49.5));
#1549 = VECTOR('',#1550,1.);
#1550 = DIRECTION('',(0.,0.,1.));
#1551 = ORIENTED_EDGE('',*,*,#1552,.F.);
#1552 = EDGE_CURVE('',#1553,#1545,#1555,.T.);
#1553 = VERTEX_POINT('',#1554);
#1554 = CARTESIAN_POINT('',(85.95,-46.,56.));
#1555 = LINE('',#1556,#1557);
#1556 = CARTESIAN_POINT('',(85.95,-54.,56.));
#1557 = VECTOR('',#1558,1.);
#1558 = DIRECTION('',(0.,1.,0.));
#1559 = ORIENTED_EDGE('',*,*,#1560,.F.);
#1560 = EDGE_CURVE('',#1561,#1553,#1563,.T.);
#1561 = VERTEX_POINT('',#1562);
#1562 = CARTESIAN_POINT('',(85.95,-46.,49.5));
#1563 = LINE('',#1564,#1565);
#1564 = CARTESIAN_POINT('',(85.95,-46.,49.5));
#1565 = VECTOR('',#1566,1.);
#1566 = DIRECTION('',(0.,0.,1.));
#1567 = ORIENTED_EDGE('',*,*,#1568,.F.);
#1568 = EDGE_CURVE('',#1569,#1561,#1571,.T.);
#1569 = VERTEX_POINT('',#1570);
#1570 = CARTESIAN_POINT('',(85.95,-54.,49.5));
#1571 = LINE('',#1572,#1573);
#1572 = CARTESIAN_POINT('',(85.95,-54.,49.5));
#1573 = VECTOR('',#1574,1.);
#1574 = DIRECTION('',(0.,1.,0.));
#1575 = ORIENTED_EDGE('',*,*,#1576,.T.);
#1576 = EDGE_CURVE('',#1569,#1496,#1577,.T.);
#1577 = LINE('',#1578,#1579);
#1578 = CARTESIAN_POINT('',(85.95,-54.,49.5));
#1579 = VECTOR('',#1580,1.);
#1580 = DIRECTION('',(0.,0.,1.));
#1581 = FACE_BOUND('',#1582,.T.);
#1582 = EDGE_LOOP('',(#1583,#1593,#1601,#1609,#1617,#1625));
#1583 = ORIENTED_EDGE('',*,*,#1584,.T.);
#1584 = EDGE_CURVE('',#1585,#1587,#1589,.T.);
#1585 = VERTEX_POINT('',#1586);
#1586 = CARTESIAN_POINT('',(85.95,52.9,67.82568421935));
#1587 = VERTEX_POINT('',#1588);
#1588 = CARTESIAN_POINT('',(85.95,52.9,71.17431578065));
#1589 = LINE('',#1590,#1591);
#1590 = CARTESIAN_POINT('',(85.95,52.9,64.522431150771));
#1591 = VECTOR('',#1592,1.);
#1592 = DIRECTION('',(0.,0.,1.));
#1593 = ORIENTED_EDGE('',*,*,#1594,.T.);
#1594 = EDGE_CURVE('',#1587,#1595,#1597,.T.);
#1595 = VERTEX_POINT('',#1596);
#1596 = CARTESIAN_POINT('',(85.95,50.,72.8486315613));
#1597 = LINE('',#1598,#1599);
#1598 = CARTESIAN_POINT('',(85.95,35.217850536259,81.383109533392));
#1599 = VECTOR('',#1600,1.);
#1600 = DIRECTION('',(0.,-0.866025403784,0.5));
#1601 = ORIENTED_EDGE('',*,*,#1602,.T.);
#1602 = EDGE_CURVE('',#1595,#1603,#1605,.T.);
#1603 = VERTEX_POINT('',#1604);
#1604 = CARTESIAN_POINT('',(85.95,47.1,71.17431578065));
#1605 = LINE('',#1606,#1607);
#1606 = CARTESIAN_POINT('',(85.95,28.732149463741,60.569632329106));
#1607 = VECTOR('',#1608,1.);
#1608 = DIRECTION('',(0.,-0.866025403784,-0.5));
#1609 = ORIENTED_EDGE('',*,*,#1610,.T.);
#1610 = EDGE_CURVE('',#1603,#1611,#1613,.T.);
#1611 = VERTEX_POINT('',#1612);
#1612 = CARTESIAN_POINT('',(85.95,47.1,67.82568421935));
#1613 = LINE('',#1614,#1615);
#1614 = CARTESIAN_POINT('',(85.95,47.1,66.196746931421));
#1615 = VECTOR('',#1616,1.);
#1616 = DIRECTION('',(0.,0.,-1.));
#1617 = ORIENTED_EDGE('',*,*,#1618,.T.);
#1618 = EDGE_CURVE('',#1611,#1619,#1621,.T.);
#1619 = VERTEX_POINT('',#1620);
#1620 = CARTESIAN_POINT('',(85.95,50.,66.1513684387));
#1621 = LINE('',#1622,#1623);
#1622 = CARTESIAN_POINT('',(85.95,30.867850536259,77.197320081767));
#1623 = VECTOR('',#1624,1.);
#1624 = DIRECTION('',(0.,0.866025403784,-0.5));
#1625 = ORIENTED_EDGE('',*,*,#1626,.T.);
#1626 = EDGE_CURVE('',#1619,#1585,#1627,.T.);
#1627 = LINE('',#1628,#1629);
#1628 = CARTESIAN_POINT('',(85.95,30.182149463741,54.709527096831));
#1629 = VECTOR('',#1630,1.);
#1630 = DIRECTION('',(0.,0.866025403784,0.5));
#1631 = FACE_BOUND('',#1632,.T.);
#1632 = EDGE_LOOP('',(#1633,#1643,#1651,#1659,#1667,#1675));
#1633 = ORIENTED_EDGE('',*,*,#1634,.T.);
#1634 = EDGE_CURVE('',#1635,#1637,#1639,.T.);
#1635 = VERTEX_POINT('',#1636);
#1636 = CARTESIAN_POINT('',(85.95,52.9,51.82568421935));
#1637 = VERTEX_POINT('',#1638);
#1638 = CARTESIAN_POINT('',(85.95,52.9,55.17431578065));
#1639 = LINE('',#1640,#1641);
#1640 = CARTESIAN_POINT('',(85.95,52.9,56.522431150771));
#1641 = VECTOR('',#1642,1.);
#1642 = DIRECTION('',(0.,0.,1.));
#1643 = ORIENTED_EDGE('',*,*,#1644,.T.);
#1644 = EDGE_CURVE('',#1637,#1645,#1647,.T.);
#1645 = VERTEX_POINT('',#1646);
#1646 = CARTESIAN_POINT('',(85.95,50.,56.8486315613));
#1647 = LINE('',#1648,#1649);
#1648 = CARTESIAN_POINT('',(85.95,31.753748921121,67.383109533392));
#1649 = VECTOR('',#1650,1.);
#1650 = DIRECTION('',(0.,-0.866025403784,0.5));
#1651 = ORIENTED_EDGE('',*,*,#1652,.T.);
#1652 = EDGE_CURVE('',#1645,#1653,#1655,.T.);
#1653 = VERTEX_POINT('',#1654);
#1654 = CARTESIAN_POINT('',(85.95,47.1,55.17431578065));
#1655 = LINE('',#1656,#1657);
#1656 = CARTESIAN_POINT('',(85.95,32.196251078879,46.569632329106));
#1657 = VECTOR('',#1658,1.);
#1658 = DIRECTION('',(0.,-0.866025403784,-0.5));
#1659 = ORIENTED_EDGE('',*,*,#1660,.T.);
#1660 = EDGE_CURVE('',#1653,#1661,#1663,.T.);
#1661 = VERTEX_POINT('',#1662);
#1662 = CARTESIAN_POINT('',(85.95,47.1,51.82568421935));
#1663 = LINE('',#1664,#1665);
#1664 = CARTESIAN_POINT('',(85.95,47.1,58.196746931421));
#1665 = VECTOR('',#1666,1.);
#1666 = DIRECTION('',(0.,0.,-1.));
#1667 = ORIENTED_EDGE('',*,*,#1668,.T.);
#1668 = EDGE_CURVE('',#1661,#1669,#1671,.T.);
#1669 = VERTEX_POINT('',#1670);
#1670 = CARTESIAN_POINT('',(85.95,50.,50.1513684387));
#1671 = LINE('',#1672,#1673);
#1672 = CARTESIAN_POINT('',(85.95,27.403748921121,63.197320081767));
#1673 = VECTOR('',#1674,1.);
#1674 = DIRECTION('',(0.,0.866025403784,-0.5));
#1675 = ORIENTED_EDGE('',*,*,#1676,.T.);
#1676 = EDGE_CURVE('',#1669,#1635,#1677,.T.);
#1677 = LINE('',#1678,#1679);
#1678 = CARTESIAN_POINT('',(85.95,33.646251078879,40.709527096831));
#1679 = VECTOR('',#1680,1.);
#1680 = DIRECTION('',(0.,0.866025403784,0.5));
#1681 = FACE_BOUND('',#1682,.T.);
#1682 = EDGE_LOOP('',(#1683));
#1683 = ORIENTED_EDGE('',*,*,#1684,.T.);
#1684 = EDGE_CURVE('',#1685,#1685,#1687,.T.);
#1685 = VERTEX_POINT('',#1686);
#1686 = CARTESIAN_POINT('',(85.95,22.5,62.7));
#1687 = CIRCLE('',#1688,1.7);
#1688 = AXIS2_PLACEMENT_3D('',#1689,#1690,#1691);
#1689 = CARTESIAN_POINT('',(85.95,22.5,61.));
#1690 = DIRECTION('',(1.,0.,-0.));
#1691 = DIRECTION('',(0.,0.,1.));
#1692 = FACE_BOUND('',#1693,.T.);
#1693 = EDGE_LOOP('',(#1694,#1704,#1712,#1720,#1728,#1736));
#1694 = ORIENTED_EDGE('',*,*,#1695,.T.);
#1695 = EDGE_CURVE('',#1696,#1698,#1700,.T.);
#1696 = VERTEX_POINT('',#1697);
#1697 = CARTESIAN_POINT('',(85.95,-47.1,67.82568421935));
#1698 = VERTEX_POINT('',#1699);
#1699 = CARTESIAN_POINT('',(85.95,-47.1,71.17431578065));
#1700 = LINE('',#1701,#1702);
#1701 = CARTESIAN_POINT('',(85.95,-47.1,64.522431150771));
#1702 = VECTOR('',#1703,1.);
#1703 = DIRECTION('',(0.,0.,1.));
#1704 = ORIENTED_EDGE('',*,*,#1705,.T.);
#1705 = EDGE_CURVE('',#1698,#1706,#1708,.T.);
#1706 = VERTEX_POINT('',#1707);
#1707 = CARTESIAN_POINT('',(85.95,-50.,72.8486315613));
#1708 = LINE('',#1709,#1710);
#1709 = CARTESIAN_POINT('',(85.95,-27.28214946374,59.732474438781));
#1710 = VECTOR('',#1711,1.);
#1711 = DIRECTION('',(0.,-0.866025403784,0.5));
#1712 = ORIENTED_EDGE('',*,*,#1713,.T.);
#1713 = EDGE_CURVE('',#1706,#1714,#1716,.T.);
#1714 = VERTEX_POINT('',#1715);
#1715 = CARTESIAN_POINT('',(85.95,-52.9,71.17431578065));
#1716 = LINE('',#1717,#1718);
#1717 = CARTESIAN_POINT('',(85.95,-33.76785053625,82.220267423717));
#1718 = VECTOR('',#1719,1.);
#1719 = DIRECTION('',(0.,-0.866025403784,-0.5));
#1720 = ORIENTED_EDGE('',*,*,#1721,.T.);
#1721 = EDGE_CURVE('',#1714,#1722,#1724,.T.);
#1722 = VERTEX_POINT('',#1723);
#1723 = CARTESIAN_POINT('',(85.95,-52.9,67.82568421935));
#1724 = LINE('',#1725,#1726);
#1725 = CARTESIAN_POINT('',(85.95,-52.9,66.196746931421));
#1726 = VECTOR('',#1727,1.);
#1727 = DIRECTION('',(0.,0.,-1.));
#1728 = ORIENTED_EDGE('',*,*,#1729,.T.);
#1729 = EDGE_CURVE('',#1722,#1730,#1732,.T.);
#1730 = VERTEX_POINT('',#1731);
#1731 = CARTESIAN_POINT('',(85.95,-50.,66.1513684387));
#1732 = LINE('',#1733,#1734);
#1733 = CARTESIAN_POINT('',(85.95,-31.63214946374,55.546684987156));
#1734 = VECTOR('',#1735,1.);
#1735 = DIRECTION('',(0.,0.866025403784,-0.5));
#1736 = ORIENTED_EDGE('',*,*,#1737,.T.);
#1737 = EDGE_CURVE('',#1730,#1696,#1738,.T.);
#1738 = LINE('',#1739,#1740);
#1739 = CARTESIAN_POINT('',(85.95,-32.31785053625,76.360162191442));
#1740 = VECTOR('',#1741,1.);
#1741 = DIRECTION('',(0.,0.866025403784,0.5));
#1742 = FACE_BOUND('',#1743,.T.);
#1743 = EDGE_LOOP('',(#1744));
#1744 = ORIENTED_EDGE('',*,*,#1745,.T.);
#1745 = EDGE_CURVE('',#1746,#1746,#1748,.T.);
#1746 = VERTEX_POINT('',#1747);
#1747 = CARTESIAN_POINT('',(85.95,-22.5,62.7));
#1748 = CIRCLE('',#1749,1.7);
#1749 = AXIS2_PLACEMENT_3D('',#1750,#1751,#1752);
#1750 = CARTESIAN_POINT('',(85.95,-22.5,61.));
#1751 = DIRECTION('',(1.,0.,-0.));
#1752 = DIRECTION('',(0.,0.,1.));
#1753 = FACE_BOUND('',#1754,.T.);
#1754 = EDGE_LOOP('',(#1755,#1765,#1773,#1781,#1789,#1797));
#1755 = ORIENTED_EDGE('',*,*,#1756,.T.);
#1756 = EDGE_CURVE('',#1757,#1759,#1761,.T.);
#1757 = VERTEX_POINT('',#1758);
#1758 = CARTESIAN_POINT('',(85.95,-47.1,51.82568421935));
#1759 = VERTEX_POINT('',#1760);
#1760 = CARTESIAN_POINT('',(85.95,-47.1,55.17431578065));
#1761 = LINE('',#1762,#1763);
#1762 = CARTESIAN_POINT('',(85.95,-47.1,56.522431150771));
#1763 = VECTOR('',#1764,1.);
#1764 = DIRECTION('',(0.,0.,1.));
#1765 = ORIENTED_EDGE('',*,*,#1766,.T.);
#1766 = EDGE_CURVE('',#1759,#1767,#1769,.T.);
#1767 = VERTEX_POINT('',#1768);
#1768 = CARTESIAN_POINT('',(85.95,-50.,56.8486315613));
#1769 = LINE('',#1770,#1771);
#1770 = CARTESIAN_POINT('',(85.95,-30.74625107887,45.732474438781));
#1771 = VECTOR('',#1772,1.);
#1772 = DIRECTION('',(0.,-0.866025403784,0.5));
#1773 = ORIENTED_EDGE('',*,*,#1774,.T.);
#1774 = EDGE_CURVE('',#1767,#1775,#1777,.T.);
#1775 = VERTEX_POINT('',#1776);
#1776 = CARTESIAN_POINT('',(85.95,-52.9,55.17431578065));
#1777 = LINE('',#1778,#1779);
#1778 = CARTESIAN_POINT('',(85.95,-30.30374892112,68.220267423717));
#1779 = VECTOR('',#1780,1.);
#1780 = DIRECTION('',(0.,-0.866025403784,-0.5));
#1781 = ORIENTED_EDGE('',*,*,#1782,.T.);
#1782 = EDGE_CURVE('',#1775,#1783,#1785,.T.);
#1783 = VERTEX_POINT('',#1784);
#1784 = CARTESIAN_POINT('',(85.95,-52.9,51.82568421935));
#1785 = LINE('',#1786,#1787);
#1786 = CARTESIAN_POINT('',(85.95,-52.9,58.196746931421));
#1787 = VECTOR('',#1788,1.);
#1788 = DIRECTION('',(0.,0.,-1.));
#1789 = ORIENTED_EDGE('',*,*,#1790,.T.);
#1790 = EDGE_CURVE('',#1783,#1791,#1793,.T.);
#1791 = VERTEX_POINT('',#1792);
#1792 = CARTESIAN_POINT('',(85.95,-50.,50.1513684387));
#1793 = LINE('',#1794,#1795);
#1794 = CARTESIAN_POINT('',(85.95,-35.09625107887,41.546684987156));
#1795 = VECTOR('',#1796,1.);
#1796 = DIRECTION('',(0.,0.866025403784,-0.5));
#1797 = ORIENTED_EDGE('',*,*,#1798,.T.);
#1798 = EDGE_CURVE('',#1791,#1757,#1799,.T.);
#1799 = LINE('',#1800,#1801);
#1800 = CARTESIAN_POINT('',(85.95,-28.85374892112,62.360162191442));
#1801 = VECTOR('',#1802,1.);
#1802 = DIRECTION('',(0.,0.866025403784,0.5));
#1803 = PLANE('',#1804);
#1804 = AXIS2_PLACEMENT_3D('',#1805,#1806,#1807);
#1805 = CARTESIAN_POINT('',(85.95,0.,61.219178082192));
#1806 = DIRECTION('',(-1.,-0.,-0.));
#1807 = DIRECTION('',(0.,0.,-1.));
#1808 = ADVANCED_FACE('',(#1809),#1843,.F.);
#1809 = FACE_BOUND('',#1810,.F.);
#1810 = EDGE_LOOP('',(#1811,#1821,#1827,#1828,#1829,#1837));
#1811 = ORIENTED_EDGE('',*,*,#1812,.F.);
#1812 = EDGE_CURVE('',#1813,#1815,#1817,.T.);
#1813 = VERTEX_POINT('',#1814);
#1814 = CARTESIAN_POINT('',(91.95,46.,65.5));
#1815 = VERTEX_POINT('',#1816);
#1816 = CARTESIAN_POINT('',(114.,46.,65.5));
#1817 = LINE('',#1818,#1819);
#1818 = CARTESIAN_POINT('',(85.95,46.,65.5));
#1819 = VECTOR('',#1820,1.);
#1820 = DIRECTION('',(1.,0.,0.));
#1821 = ORIENTED_EDGE('',*,*,#1822,.T.);
#1822 = EDGE_CURVE('',#1813,#1474,#1823,.T.);
#1823 = LINE('',#1824,#1825);
#1824 = CARTESIAN_POINT('',(91.95,46.,60.75));
#1825 = VECTOR('',#1826,1.);
#1826 = DIRECTION('',(0.,0.,1.));
#1827 = ORIENTED_EDGE('',*,*,#1481,.T.);
#1828 = ORIENTED_EDGE('',*,*,#1512,.T.);
#1829 = ORIENTED_EDGE('',*,*,#1830,.T.);
#1830 = EDGE_CURVE('',#1513,#1831,#1833,.T.);
#1831 = VERTEX_POINT('',#1832);
#1832 = CARTESIAN_POINT('',(114.,46.,73.5));
#1833 = LINE('',#1834,#1835);
#1834 = CARTESIAN_POINT('',(85.95,46.,73.5));
#1835 = VECTOR('',#1836,1.);
#1836 = DIRECTION('',(1.,0.,0.));
#1837 = ORIENTED_EDGE('',*,*,#1838,.F.);
#1838 = EDGE_CURVE('',#1815,#1831,#1839,.T.);
#1839 = LINE('',#1840,#1841);
#1840 = CARTESIAN_POINT('',(114.,46.,65.5));
#1841 = VECTOR('',#1842,1.);
#1842 = DIRECTION('',(0.,0.,1.));
#1843 = PLANE('',#1844);
#1844 = AXIS2_PLACEMENT_3D('',#1845,#1846,#1847);
#1845 = CARTESIAN_POINT('',(85.95,46.,65.5));
#1846 = DIRECTION('',(0.,1.,0.));
#1847 = DIRECTION('',(0.,0.,1.));
#1848 = ADVANCED_FACE('',(#1849,#1931,#1942),#1953,.T.);
#1849 = FACE_BOUND('',#1850,.T.);
#1850 = EDGE_LOOP('',(#1851,#1861,#1869,#1877,#1885,#1893,#1901,#1909,
    #1915,#1916,#1917,#1925));
#1851 = ORIENTED_EDGE('',*,*,#1852,.F.);
#1852 = EDGE_CURVE('',#1853,#1855,#1857,.T.);
#1853 = VERTEX_POINT('',#1854);
#1854 = CARTESIAN_POINT('',(91.95,-54.,57.5));
#1855 = VERTEX_POINT('',#1856);
#1856 = CARTESIAN_POINT('',(91.95,-54.,65.5));
#1857 = LINE('',#1858,#1859);
#1858 = CARTESIAN_POINT('',(91.95,-54.,56.));
#1859 = VECTOR('',#1860,1.);
#1860 = DIRECTION('',(0.,0.,1.));
#1861 = ORIENTED_EDGE('',*,*,#1862,.F.);
#1862 = EDGE_CURVE('',#1863,#1853,#1865,.T.);
#1863 = VERTEX_POINT('',#1864);
#1864 = CARTESIAN_POINT('',(91.95,-46.,57.5));
#1865 = LINE('',#1866,#1867);
#1866 = CARTESIAN_POINT('',(91.95,-54.,57.5));
#1867 = VECTOR('',#1868,1.);
#1868 = DIRECTION('',(0.,-1.,0.));
#1869 = ORIENTED_EDGE('',*,*,#1870,.F.);
#1870 = EDGE_CURVE('',#1871,#1863,#1873,.T.);
#1871 = VERTEX_POINT('',#1872);
#1872 = CARTESIAN_POINT('',(91.95,-46.,56.));
#1873 = LINE('',#1874,#1875);
#1874 = CARTESIAN_POINT('',(91.95,-46.,52.75));
#1875 = VECTOR('',#1876,1.);
#1876 = DIRECTION('',(0.,0.,1.));
#1877 = ORIENTED_EDGE('',*,*,#1878,.T.);
#1878 = EDGE_CURVE('',#1871,#1879,#1881,.T.);
#1879 = VERTEX_POINT('',#1880);
#1880 = CARTESIAN_POINT('',(91.95,46.,56.));
#1881 = LINE('',#1882,#1883);
#1882 = CARTESIAN_POINT('',(91.95,-54.,56.));
#1883 = VECTOR('',#1884,1.);
#1884 = DIRECTION('',(0.,1.,0.));
#1885 = ORIENTED_EDGE('',*,*,#1886,.T.);
#1886 = EDGE_CURVE('',#1879,#1887,#1889,.T.);
#1887 = VERTEX_POINT('',#1888);
#1888 = CARTESIAN_POINT('',(91.95,46.,57.5));
#1889 = LINE('',#1890,#1891);
#1890 = CARTESIAN_POINT('',(91.95,46.,52.75));
#1891 = VECTOR('',#1892,1.);
#1892 = DIRECTION('',(0.,0.,1.));
#1893 = ORIENTED_EDGE('',*,*,#1894,.F.);
#1894 = EDGE_CURVE('',#1895,#1887,#1897,.T.);
#1895 = VERTEX_POINT('',#1896);
#1896 = CARTESIAN_POINT('',(91.95,54.,57.5));
#1897 = LINE('',#1898,#1899);
#1898 = CARTESIAN_POINT('',(91.95,-4.,57.5));
#1899 = VECTOR('',#1900,1.);
#1900 = DIRECTION('',(0.,-1.,0.));
#1901 = ORIENTED_EDGE('',*,*,#1902,.T.);
#1902 = EDGE_CURVE('',#1895,#1903,#1905,.T.);
#1903 = VERTEX_POINT('',#1904);
#1904 = CARTESIAN_POINT('',(91.95,54.,65.5));
#1905 = LINE('',#1906,#1907);
#1906 = CARTESIAN_POINT('',(91.95,54.,56.));
#1907 = VECTOR('',#1908,1.);
#1908 = DIRECTION('',(0.,0.,1.));
#1909 = ORIENTED_EDGE('',*,*,#1910,.T.);
#1910 = EDGE_CURVE('',#1903,#1813,#1911,.T.);
#1911 = LINE('',#1912,#1913);
#1912 = CARTESIAN_POINT('',(91.95,-4.,65.5));
#1913 = VECTOR('',#1914,1.);
#1914 = DIRECTION('',(0.,-1.,0.));
#1915 = ORIENTED_EDGE('',*,*,#1822,.T.);
#1916 = ORIENTED_EDGE('',*,*,#1473,.F.);
#1917 = ORIENTED_EDGE('',*,*,#1918,.F.);
#1918 = EDGE_CURVE('',#1919,#1466,#1921,.T.);
#1919 = VERTEX_POINT('',#1920);
#1920 = CARTESIAN_POINT('',(91.95,-46.,65.5));
#1921 = LINE('',#1922,#1923);
#1922 = CARTESIAN_POINT('',(91.95,-46.,60.75));
#1923 = VECTOR('',#1924,1.);
#1924 = DIRECTION('',(0.,0.,1.));
#1925 = ORIENTED_EDGE('',*,*,#1926,.T.);
#1926 = EDGE_CURVE('',#1919,#1855,#1927,.T.);
#1927 = LINE('',#1928,#1929);
#1928 = CARTESIAN_POINT('',(91.95,-54.,65.5));
#1929 = VECTOR('',#1930,1.);
#1930 = DIRECTION('',(0.,-1.,0.));
#1931 = FACE_BOUND('',#1932,.T.);
#1932 = EDGE_LOOP('',(#1933));
#1933 = ORIENTED_EDGE('',*,*,#1934,.F.);
#1934 = EDGE_CURVE('',#1935,#1935,#1937,.T.);
#1935 = VERTEX_POINT('',#1936);
#1936 = CARTESIAN_POINT('',(91.95,22.5,62.7));
#1937 = CIRCLE('',#1938,1.7);
#1938 = AXIS2_PLACEMENT_3D('',#1939,#1940,#1941);
#1939 = CARTESIAN_POINT('',(91.95,22.5,61.));
#1940 = DIRECTION('',(1.,0.,-0.));
#1941 = DIRECTION('',(0.,0.,1.));
#1942 = FACE_BOUND('',#1943,.T.);
#1943 = EDGE_LOOP('',(#1944));
#1944 = ORIENTED_EDGE('',*,*,#1945,.F.);
#1945 = EDGE_CURVE('',#1946,#1946,#1948,.T.);
#1946 = VERTEX_POINT('',#1947);
#1947 = CARTESIAN_POINT('',(91.95,-22.5,62.7));
#1948 = CIRCLE('',#1949,1.7);
#1949 = AXIS2_PLACEMENT_3D('',#1950,#1951,#1952);
#1950 = CARTESIAN_POINT('',(91.95,-22.5,61.));
#1951 = DIRECTION('',(1.,0.,-0.));
#1952 = DIRECTION('',(0.,0.,1.));
#1953 = PLANE('',#1954);
#1954 = AXIS2_PLACEMENT_3D('',#1955,#1956,#1957);
#1955 = CARTESIAN_POINT('',(91.95,-54.,56.));
#1956 = DIRECTION('',(1.,0.,0.));
#1957 = DIRECTION('',(0.,0.,1.));
#1958 = ADVANCED_FACE('',(#1959),#1986,.T.);
#1959 = FACE_BOUND('',#1960,.T.);
#1960 = EDGE_LOOP('',(#1961,#1969,#1970,#1971,#1972,#1980));
#1961 = ORIENTED_EDGE('',*,*,#1962,.F.);
#1962 = EDGE_CURVE('',#1919,#1963,#1965,.T.);
#1963 = VERTEX_POINT('',#1964);
#1964 = CARTESIAN_POINT('',(114.,-46.,65.5));
#1965 = LINE('',#1966,#1967);
#1966 = CARTESIAN_POINT('',(85.95,-46.,65.5));
#1967 = VECTOR('',#1968,1.);
#1968 = DIRECTION('',(1.,0.,0.));
#1969 = ORIENTED_EDGE('',*,*,#1918,.T.);
#1970 = ORIENTED_EDGE('',*,*,#1465,.T.);
#1971 = ORIENTED_EDGE('',*,*,#1505,.T.);
#1972 = ORIENTED_EDGE('',*,*,#1973,.T.);
#1973 = EDGE_CURVE('',#1498,#1974,#1976,.T.);
#1974 = VERTEX_POINT('',#1975);
#1975 = CARTESIAN_POINT('',(114.,-46.,73.5));
#1976 = LINE('',#1977,#1978);
#1977 = CARTESIAN_POINT('',(85.95,-46.,73.5));
#1978 = VECTOR('',#1979,1.);
#1979 = DIRECTION('',(1.,0.,0.));
#1980 = ORIENTED_EDGE('',*,*,#1981,.F.);
#1981 = EDGE_CURVE('',#1963,#1974,#1982,.T.);
#1982 = LINE('',#1983,#1984);
#1983 = CARTESIAN_POINT('',(114.,-46.,65.5));
#1984 = VECTOR('',#1985,1.);
#1985 = DIRECTION('',(0.,0.,1.));
#1986 = PLANE('',#1987);
#1987 = AXIS2_PLACEMENT_3D('',#1988,#1989,#1990);
#1988 = CARTESIAN_POINT('',(85.95,-46.,65.5));
#1989 = DIRECTION('',(0.,1.,0.));
#1990 = DIRECTION('',(0.,0.,1.));
#1991 = ADVANCED_FACE('',(#1992),#2010,.T.);
#1992 = FACE_BOUND('',#1993,.T.);
#1993 = EDGE_LOOP('',(#1994,#1995,#2003,#2009));
#1994 = ORIENTED_EDGE('',*,*,#1495,.F.);
#1995 = ORIENTED_EDGE('',*,*,#1996,.T.);
#1996 = EDGE_CURVE('',#1496,#1997,#1999,.T.);
#1997 = VERTEX_POINT('',#1998);
#1998 = CARTESIAN_POINT('',(114.,-54.,73.5));
#1999 = LINE('',#2000,#2001);
#2000 = CARTESIAN_POINT('',(85.95,-54.,73.5));
#2001 = VECTOR('',#2002,1.);
#2002 = DIRECTION('',(1.,0.,0.));
#2003 = ORIENTED_EDGE('',*,*,#2004,.T.);
#2004 = EDGE_CURVE('',#1997,#1974,#2005,.T.);
#2005 = LINE('',#2006,#2007);
#2006 = CARTESIAN_POINT('',(114.,-54.,73.5));
#2007 = VECTOR('',#2008,1.);
#2008 = DIRECTION('',(0.,1.,0.));
#2009 = ORIENTED_EDGE('',*,*,#1973,.F.);
#2010 = PLANE('',#2011);
#2011 = AXIS2_PLACEMENT_3D('',#2012,#2013,#2014);
#2012 = CARTESIAN_POINT('',(85.95,-54.,73.5));
#2013 = DIRECTION('',(0.,0.,1.));
#2014 = DIRECTION('',(1.,0.,0.));
#2015 = ADVANCED_FACE('',(#2016),#2057,.T.);
#2016 = FACE_BOUND('',#2017,.T.);
#2017 = EDGE_LOOP('',(#2018,#2019,#2027,#2035,#2041,#2042,#2050,#2056));
#2018 = ORIENTED_EDGE('',*,*,#1576,.F.);
#2019 = ORIENTED_EDGE('',*,*,#2020,.T.);
#2020 = EDGE_CURVE('',#1569,#2021,#2023,.T.);
#2021 = VERTEX_POINT('',#2022);
#2022 = CARTESIAN_POINT('',(114.,-54.,49.5));
#2023 = LINE('',#2024,#2025);
#2024 = CARTESIAN_POINT('',(85.95,-54.,49.5));
#2025 = VECTOR('',#2026,1.);
#2026 = DIRECTION('',(1.,0.,0.));
#2027 = ORIENTED_EDGE('',*,*,#2028,.T.);
#2028 = EDGE_CURVE('',#2021,#2029,#2031,.T.);
#2029 = VERTEX_POINT('',#2030);
#2030 = CARTESIAN_POINT('',(114.,-54.,57.5));
#2031 = LINE('',#2032,#2033);
#2032 = CARTESIAN_POINT('',(114.,-54.,49.5));
#2033 = VECTOR('',#2034,1.);
#2034 = DIRECTION('',(0.,0.,1.));
#2035 = ORIENTED_EDGE('',*,*,#2036,.F.);
#2036 = EDGE_CURVE('',#1853,#2029,#2037,.T.);
#2037 = LINE('',#2038,#2039);
#2038 = CARTESIAN_POINT('',(85.95,-54.,57.5));
#2039 = VECTOR('',#2040,1.);
#2040 = DIRECTION('',(1.,0.,0.));
#2041 = ORIENTED_EDGE('',*,*,#1852,.T.);
#2042 = ORIENTED_EDGE('',*,*,#2043,.T.);
#2043 = EDGE_CURVE('',#1855,#2044,#2046,.T.);
#2044 = VERTEX_POINT('',#2045);
#2045 = CARTESIAN_POINT('',(114.,-54.,65.5));
#2046 = LINE('',#2047,#2048);
#2047 = CARTESIAN_POINT('',(85.95,-54.,65.5));
#2048 = VECTOR('',#2049,1.);
#2049 = DIRECTION('',(1.,0.,0.));
#2050 = ORIENTED_EDGE('',*,*,#2051,.T.);
#2051 = EDGE_CURVE('',#2044,#1997,#2052,.T.);
#2052 = LINE('',#2053,#2054);
#2053 = CARTESIAN_POINT('',(114.,-54.,65.5));
#2054 = VECTOR('',#2055,1.);
#2055 = DIRECTION('',(0.,0.,1.));
#2056 = ORIENTED_EDGE('',*,*,#1996,.F.);
#2057 = PLANE('',#2058);
#2058 = AXIS2_PLACEMENT_3D('',#2059,#2060,#2061);
#2059 = CARTESIAN_POINT('',(99.677429149798,-54.,61.5));
#2060 = DIRECTION('',(-0.,-1.,-0.));
#2061 = DIRECTION('',(0.,0.,-1.));
#2062 = ADVANCED_FACE('',(#2063),#2081,.F.);
#2063 = FACE_BOUND('',#2064,.F.);
#2064 = EDGE_LOOP('',(#2065,#2066,#2067,#2075));
#2065 = ORIENTED_EDGE('',*,*,#1568,.F.);
#2066 = ORIENTED_EDGE('',*,*,#2020,.T.);
#2067 = ORIENTED_EDGE('',*,*,#2068,.T.);
#2068 = EDGE_CURVE('',#2021,#2069,#2071,.T.);
#2069 = VERTEX_POINT('',#2070);
#2070 = CARTESIAN_POINT('',(114.,-46.,49.5));
#2071 = LINE('',#2072,#2073);
#2072 = CARTESIAN_POINT('',(114.,-54.,49.5));
#2073 = VECTOR('',#2074,1.);
#2074 = DIRECTION('',(0.,1.,0.));
#2075 = ORIENTED_EDGE('',*,*,#2076,.F.);
#2076 = EDGE_CURVE('',#1561,#2069,#2077,.T.);
#2077 = LINE('',#2078,#2079);
#2078 = CARTESIAN_POINT('',(85.95,-46.,49.5));
#2079 = VECTOR('',#2080,1.);
#2080 = DIRECTION('',(1.,0.,0.));
#2081 = PLANE('',#2082);
#2082 = AXIS2_PLACEMENT_3D('',#2083,#2084,#2085);
#2083 = CARTESIAN_POINT('',(85.95,-54.,49.5));
#2084 = DIRECTION('',(0.,0.,1.));
#2085 = DIRECTION('',(1.,0.,0.));
#2086 = ADVANCED_FACE('',(#2087),#2112,.T.);
#2087 = FACE_BOUND('',#2088,.T.);
#2088 = EDGE_LOOP('',(#2089,#2097,#2098,#2099,#2105,#2106));
#2089 = ORIENTED_EDGE('',*,*,#2090,.F.);
#2090 = EDGE_CURVE('',#2069,#2091,#2093,.T.);
#2091 = VERTEX_POINT('',#2092);
#2092 = CARTESIAN_POINT('',(114.,-46.,57.5));
#2093 = LINE('',#2094,#2095);
#2094 = CARTESIAN_POINT('',(114.,-46.,49.5));
#2095 = VECTOR('',#2096,1.);
#2096 = DIRECTION('',(0.,0.,1.));
#2097 = ORIENTED_EDGE('',*,*,#2076,.F.);
#2098 = ORIENTED_EDGE('',*,*,#1560,.T.);
#2099 = ORIENTED_EDGE('',*,*,#2100,.F.);
#2100 = EDGE_CURVE('',#1871,#1553,#2101,.T.);
#2101 = LINE('',#2102,#2103);
#2102 = CARTESIAN_POINT('',(85.95,-46.,56.));
#2103 = VECTOR('',#2104,1.);
#2104 = DIRECTION('',(-1.,0.,0.));
#2105 = ORIENTED_EDGE('',*,*,#1870,.T.);
#2106 = ORIENTED_EDGE('',*,*,#2107,.T.);
#2107 = EDGE_CURVE('',#1863,#2091,#2108,.T.);
#2108 = LINE('',#2109,#2110);
#2109 = CARTESIAN_POINT('',(85.95,-46.,57.5));
#2110 = VECTOR('',#2111,1.);
#2111 = DIRECTION('',(1.,0.,0.));
#2112 = PLANE('',#2113);
#2113 = AXIS2_PLACEMENT_3D('',#2114,#2115,#2116);
#2114 = CARTESIAN_POINT('',(85.95,-46.,49.5));
#2115 = DIRECTION('',(0.,1.,0.));
#2116 = DIRECTION('',(0.,0.,1.));
#2117 = ADVANCED_FACE('',(#2118),#2136,.T.);
#2118 = FACE_BOUND('',#2119,.T.);
#2119 = EDGE_LOOP('',(#2120,#2121,#2122,#2130));
#2120 = ORIENTED_EDGE('',*,*,#1520,.F.);
#2121 = ORIENTED_EDGE('',*,*,#1830,.T.);
#2122 = ORIENTED_EDGE('',*,*,#2123,.T.);
#2123 = EDGE_CURVE('',#1831,#2124,#2126,.T.);
#2124 = VERTEX_POINT('',#2125);
#2125 = CARTESIAN_POINT('',(114.,54.,73.5));
#2126 = LINE('',#2127,#2128);
#2127 = CARTESIAN_POINT('',(114.,46.,73.5));
#2128 = VECTOR('',#2129,1.);
#2129 = DIRECTION('',(0.,1.,0.));
#2130 = ORIENTED_EDGE('',*,*,#2131,.F.);
#2131 = EDGE_CURVE('',#1521,#2124,#2132,.T.);
#2132 = LINE('',#2133,#2134);
#2133 = CARTESIAN_POINT('',(85.95,54.,73.5));
#2134 = VECTOR('',#2135,1.);
#2135 = DIRECTION('',(1.,0.,0.));
#2136 = PLANE('',#2137);
#2137 = AXIS2_PLACEMENT_3D('',#2138,#2139,#2140);
#2138 = CARTESIAN_POINT('',(85.95,46.,73.5));
#2139 = DIRECTION('',(0.,0.,1.));
#2140 = DIRECTION('',(1.,0.,0.));
#2141 = ADVANCED_FACE('',(#2142),#2153,.F.);
#2142 = FACE_BOUND('',#2143,.F.);
#2143 = EDGE_LOOP('',(#2144,#2145,#2146,#2147));
#2144 = ORIENTED_EDGE('',*,*,#1552,.F.);
#2145 = ORIENTED_EDGE('',*,*,#2100,.F.);
#2146 = ORIENTED_EDGE('',*,*,#1878,.T.);
#2147 = ORIENTED_EDGE('',*,*,#2148,.T.);
#2148 = EDGE_CURVE('',#1879,#1545,#2149,.T.);
#2149 = LINE('',#2150,#2151);
#2150 = CARTESIAN_POINT('',(85.95,46.,56.));
#2151 = VECTOR('',#2152,1.);
#2152 = DIRECTION('',(-1.,0.,0.));
#2153 = PLANE('',#2154);
#2154 = AXIS2_PLACEMENT_3D('',#2155,#2156,#2157);
#2155 = CARTESIAN_POINT('',(85.95,-54.,56.));
#2156 = DIRECTION('',(0.,0.,1.));
#2157 = DIRECTION('',(1.,0.,0.));
#2158 = ADVANCED_FACE('',(#2159),#2200,.T.);
#2159 = FACE_BOUND('',#2160,.T.);
#2160 = EDGE_LOOP('',(#2161,#2162,#2170,#2178,#2184,#2185,#2186,#2194));
#2161 = ORIENTED_EDGE('',*,*,#1902,.F.);
#2162 = ORIENTED_EDGE('',*,*,#2163,.T.);
#2163 = EDGE_CURVE('',#1895,#2164,#2166,.T.);
#2164 = VERTEX_POINT('',#2165);
#2165 = CARTESIAN_POINT('',(114.,54.,57.5));
#2166 = LINE('',#2167,#2168);
#2167 = CARTESIAN_POINT('',(85.95,54.,57.5));
#2168 = VECTOR('',#2169,1.);
#2169 = DIRECTION('',(1.,0.,0.));
#2170 = ORIENTED_EDGE('',*,*,#2171,.F.);
#2171 = EDGE_CURVE('',#2172,#2164,#2174,.T.);
#2172 = VERTEX_POINT('',#2173);
#2173 = CARTESIAN_POINT('',(114.,54.,49.5));
#2174 = LINE('',#2175,#2176);
#2175 = CARTESIAN_POINT('',(114.,54.,49.5));
#2176 = VECTOR('',#2177,1.);
#2177 = DIRECTION('',(0.,0.,1.));
#2178 = ORIENTED_EDGE('',*,*,#2179,.F.);
#2179 = EDGE_CURVE('',#1529,#2172,#2180,.T.);
#2180 = LINE('',#2181,#2182);
#2181 = CARTESIAN_POINT('',(85.95,54.,49.5));
#2182 = VECTOR('',#2183,1.);
#2183 = DIRECTION('',(1.,0.,0.));
#2184 = ORIENTED_EDGE('',*,*,#1528,.T.);
#2185 = ORIENTED_EDGE('',*,*,#2131,.T.);
#2186 = ORIENTED_EDGE('',*,*,#2187,.F.);
#2187 = EDGE_CURVE('',#2188,#2124,#2190,.T.);
#2188 = VERTEX_POINT('',#2189);
#2189 = CARTESIAN_POINT('',(114.,54.,65.5));
#2190 = LINE('',#2191,#2192);
#2191 = CARTESIAN_POINT('',(114.,54.,65.5));
#2192 = VECTOR('',#2193,1.);
#2193 = DIRECTION('',(0.,0.,1.));
#2194 = ORIENTED_EDGE('',*,*,#2195,.F.);
#2195 = EDGE_CURVE('',#1903,#2188,#2196,.T.);
#2196 = LINE('',#2197,#2198);
#2197 = CARTESIAN_POINT('',(85.95,54.,65.5));
#2198 = VECTOR('',#2199,1.);
#2199 = DIRECTION('',(1.,0.,0.));
#2200 = PLANE('',#2201);
#2201 = AXIS2_PLACEMENT_3D('',#2202,#2203,#2204);
#2202 = CARTESIAN_POINT('',(99.677429149798,54.,61.5));
#2203 = DIRECTION('',(0.,1.,0.));
#2204 = DIRECTION('',(0.,0.,1.));
#2205 = ADVANCED_FACE('',(#2206),#2233,.F.);
#2206 = FACE_BOUND('',#2207,.F.);
#2207 = EDGE_LOOP('',(#2208,#2218,#2224,#2225,#2226,#2227));
#2208 = ORIENTED_EDGE('',*,*,#2209,.F.);
#2209 = EDGE_CURVE('',#2210,#2212,#2214,.T.);
#2210 = VERTEX_POINT('',#2211);
#2211 = CARTESIAN_POINT('',(114.,46.,49.5));
#2212 = VERTEX_POINT('',#2213);
#2213 = CARTESIAN_POINT('',(114.,46.,57.5));
#2214 = LINE('',#2215,#2216);
#2215 = CARTESIAN_POINT('',(114.,46.,49.5));
#2216 = VECTOR('',#2217,1.);
#2217 = DIRECTION('',(0.,0.,1.));
#2218 = ORIENTED_EDGE('',*,*,#2219,.F.);
#2219 = EDGE_CURVE('',#1537,#2210,#2220,.T.);
#2220 = LINE('',#2221,#2222);
#2221 = CARTESIAN_POINT('',(85.95,46.,49.5));
#2222 = VECTOR('',#2223,1.);
#2223 = DIRECTION('',(1.,0.,0.));
#2224 = ORIENTED_EDGE('',*,*,#1544,.T.);
#2225 = ORIENTED_EDGE('',*,*,#2148,.F.);
#2226 = ORIENTED_EDGE('',*,*,#1886,.T.);
#2227 = ORIENTED_EDGE('',*,*,#2228,.T.);
#2228 = EDGE_CURVE('',#1887,#2212,#2229,.T.);
#2229 = LINE('',#2230,#2231);
#2230 = CARTESIAN_POINT('',(85.95,46.,57.5));
#2231 = VECTOR('',#2232,1.);
#2232 = DIRECTION('',(1.,0.,0.));
#2233 = PLANE('',#2234);
#2234 = AXIS2_PLACEMENT_3D('',#2235,#2236,#2237);
#2235 = CARTESIAN_POINT('',(85.95,46.,49.5));
#2236 = DIRECTION('',(0.,1.,0.));
#2237 = DIRECTION('',(0.,0.,1.));
#2238 = ADVANCED_FACE('',(#2239),#2250,.F.);
#2239 = FACE_BOUND('',#2240,.F.);
#2240 = EDGE_LOOP('',(#2241,#2242,#2243,#2249));
#2241 = ORIENTED_EDGE('',*,*,#1536,.F.);
#2242 = ORIENTED_EDGE('',*,*,#2219,.T.);
#2243 = ORIENTED_EDGE('',*,*,#2244,.T.);
#2244 = EDGE_CURVE('',#2210,#2172,#2245,.T.);
#2245 = LINE('',#2246,#2247);
#2246 = CARTESIAN_POINT('',(114.,46.,49.5));
#2247 = VECTOR('',#2248,1.);
#2248 = DIRECTION('',(0.,1.,0.));
#2249 = ORIENTED_EDGE('',*,*,#2179,.F.);
#2250 = PLANE('',#2251);
#2251 = AXIS2_PLACEMENT_3D('',#2252,#2253,#2254);
#2252 = CARTESIAN_POINT('',(85.95,46.,49.5));
#2253 = DIRECTION('',(0.,0.,1.));
#2254 = DIRECTION('',(1.,0.,0.));
#2255 = ADVANCED_FACE('',(#2256),#2281,.T.);
#2256 = FACE_BOUND('',#2257,.T.);
#2257 = EDGE_LOOP('',(#2258,#2259,#2267,#2275));
#2258 = ORIENTED_EDGE('',*,*,#1584,.F.);
#2259 = ORIENTED_EDGE('',*,*,#2260,.T.);
#2260 = EDGE_CURVE('',#1585,#2261,#2263,.T.);
#2261 = VERTEX_POINT('',#2262);
#2262 = CARTESIAN_POINT('',(110.,52.9,67.82568421935));
#2263 = LINE('',#2264,#2265);
#2264 = CARTESIAN_POINT('',(85.85,52.9,67.82568421935));
#2265 = VECTOR('',#2266,1.);
#2266 = DIRECTION('',(1.,0.,0.));
#2267 = ORIENTED_EDGE('',*,*,#2268,.T.);
#2268 = EDGE_CURVE('',#2261,#2269,#2271,.T.);
#2269 = VERTEX_POINT('',#2270);
#2270 = CARTESIAN_POINT('',(110.,52.9,71.17431578065));
#2271 = LINE('',#2272,#2273);
#2272 = CARTESIAN_POINT('',(110.,52.9,67.82568421935));
#2273 = VECTOR('',#2274,1.);
#2274 = DIRECTION('',(0.,0.,1.));
#2275 = ORIENTED_EDGE('',*,*,#2276,.F.);
#2276 = EDGE_CURVE('',#1587,#2269,#2277,.T.);
#2277 = LINE('',#2278,#2279);
#2278 = CARTESIAN_POINT('',(85.85,52.9,71.17431578065));
#2279 = VECTOR('',#2280,1.);
#2280 = DIRECTION('',(1.,0.,0.));
#2281 = PLANE('',#2282);
#2282 = AXIS2_PLACEMENT_3D('',#2283,#2284,#2285);
#2283 = CARTESIAN_POINT('',(85.85,52.9,67.82568421935));
#2284 = DIRECTION('',(0.,-1.,0.));
#2285 = DIRECTION('',(0.,0.,1.));
#2286 = ADVANCED_FACE('',(#2287),#2305,.T.);
#2287 = FACE_BOUND('',#2288,.T.);
#2288 = EDGE_LOOP('',(#2289,#2290,#2298,#2304));
#2289 = ORIENTED_EDGE('',*,*,#1626,.F.);
#2290 = ORIENTED_EDGE('',*,*,#2291,.T.);
#2291 = EDGE_CURVE('',#1619,#2292,#2294,.T.);
#2292 = VERTEX_POINT('',#2293);
#2293 = CARTESIAN_POINT('',(110.,50.,66.1513684387));
#2294 = LINE('',#2295,#2296);
#2295 = CARTESIAN_POINT('',(85.85,50.,66.1513684387));
#2296 = VECTOR('',#2297,1.);
#2297 = DIRECTION('',(1.,0.,0.));
#2298 = ORIENTED_EDGE('',*,*,#2299,.T.);
#2299 = EDGE_CURVE('',#2292,#2261,#2300,.T.);
#2300 = LINE('',#2301,#2302);
#2301 = CARTESIAN_POINT('',(110.,50.,66.1513684387));
#2302 = VECTOR('',#2303,1.);
#2303 = DIRECTION('',(0.,0.866025403784,0.5));
#2304 = ORIENTED_EDGE('',*,*,#2260,.F.);
#2305 = PLANE('',#2306);
#2306 = AXIS2_PLACEMENT_3D('',#2307,#2308,#2309);
#2307 = CARTESIAN_POINT('',(85.85,50.,66.1513684387));
#2308 = DIRECTION('',(0.,-0.5,0.866025403784));
#2309 = DIRECTION('',(0.,0.866025403784,0.5));
#2310 = ADVANCED_FACE('',(#2311),#2329,.T.);
#2311 = FACE_BOUND('',#2312,.T.);
#2312 = EDGE_LOOP('',(#2313,#2314,#2322,#2328));
#2313 = ORIENTED_EDGE('',*,*,#1618,.F.);
#2314 = ORIENTED_EDGE('',*,*,#2315,.T.);
#2315 = EDGE_CURVE('',#1611,#2316,#2318,.T.);
#2316 = VERTEX_POINT('',#2317);
#2317 = CARTESIAN_POINT('',(110.,47.1,67.82568421935));
#2318 = LINE('',#2319,#2320);
#2319 = CARTESIAN_POINT('',(85.85,47.1,67.82568421935));
#2320 = VECTOR('',#2321,1.);
#2321 = DIRECTION('',(1.,0.,0.));
#2322 = ORIENTED_EDGE('',*,*,#2323,.T.);
#2323 = EDGE_CURVE('',#2316,#2292,#2324,.T.);
#2324 = LINE('',#2325,#2326);
#2325 = CARTESIAN_POINT('',(110.,47.1,67.82568421935));
#2326 = VECTOR('',#2327,1.);
#2327 = DIRECTION('',(0.,0.866025403784,-0.5));
#2328 = ORIENTED_EDGE('',*,*,#2291,.F.);
#2329 = PLANE('',#2330);
#2330 = AXIS2_PLACEMENT_3D('',#2331,#2332,#2333);
#2331 = CARTESIAN_POINT('',(85.85,47.1,67.82568421935));
#2332 = DIRECTION('',(0.,0.5,0.866025403784));
#2333 = DIRECTION('',(0.,0.866025403784,-0.5));
#2334 = ADVANCED_FACE('',(#2335),#2353,.T.);
#2335 = FACE_BOUND('',#2336,.T.);
#2336 = EDGE_LOOP('',(#2337,#2338,#2346,#2352));
#2337 = ORIENTED_EDGE('',*,*,#1610,.F.);
#2338 = ORIENTED_EDGE('',*,*,#2339,.T.);
#2339 = EDGE_CURVE('',#1603,#2340,#2342,.T.);
#2340 = VERTEX_POINT('',#2341);
#2341 = CARTESIAN_POINT('',(110.,47.1,71.17431578065));
#2342 = LINE('',#2343,#2344);
#2343 = CARTESIAN_POINT('',(85.85,47.1,71.17431578065));
#2344 = VECTOR('',#2345,1.);
#2345 = DIRECTION('',(1.,0.,0.));
#2346 = ORIENTED_EDGE('',*,*,#2347,.T.);
#2347 = EDGE_CURVE('',#2340,#2316,#2348,.T.);
#2348 = LINE('',#2349,#2350);
#2349 = CARTESIAN_POINT('',(110.,47.1,71.17431578065));
#2350 = VECTOR('',#2351,1.);
#2351 = DIRECTION('',(0.,0.,-1.));
#2352 = ORIENTED_EDGE('',*,*,#2315,.F.);
#2353 = PLANE('',#2354);
#2354 = AXIS2_PLACEMENT_3D('',#2355,#2356,#2357);
#2355 = CARTESIAN_POINT('',(85.85,47.1,71.17431578065));
#2356 = DIRECTION('',(0.,1.,0.));
#2357 = DIRECTION('',(0.,0.,-1.));
#2358 = ADVANCED_FACE('',(#2359),#2377,.T.);
#2359 = FACE_BOUND('',#2360,.T.);
#2360 = EDGE_LOOP('',(#2361,#2362,#2370,#2376));
#2361 = ORIENTED_EDGE('',*,*,#1602,.F.);
#2362 = ORIENTED_EDGE('',*,*,#2363,.T.);
#2363 = EDGE_CURVE('',#1595,#2364,#2366,.T.);
#2364 = VERTEX_POINT('',#2365);
#2365 = CARTESIAN_POINT('',(110.,50.,72.8486315613));
#2366 = LINE('',#2367,#2368);
#2367 = CARTESIAN_POINT('',(85.85,50.,72.8486315613));
#2368 = VECTOR('',#2369,1.);
#2369 = DIRECTION('',(1.,0.,0.));
#2370 = ORIENTED_EDGE('',*,*,#2371,.T.);
#2371 = EDGE_CURVE('',#2364,#2340,#2372,.T.);
#2372 = LINE('',#2373,#2374);
#2373 = CARTESIAN_POINT('',(110.,50.,72.8486315613));
#2374 = VECTOR('',#2375,1.);
#2375 = DIRECTION('',(0.,-0.866025403784,-0.5));
#2376 = ORIENTED_EDGE('',*,*,#2339,.F.);
#2377 = PLANE('',#2378);
#2378 = AXIS2_PLACEMENT_3D('',#2379,#2380,#2381);
#2379 = CARTESIAN_POINT('',(85.85,50.,72.8486315613));
#2380 = DIRECTION('',(0.,0.5,-0.866025403784));
#2381 = DIRECTION('',(0.,-0.866025403784,-0.5));
#2382 = ADVANCED_FACE('',(#2383),#2394,.T.);
#2383 = FACE_BOUND('',#2384,.T.);
#2384 = EDGE_LOOP('',(#2385,#2386,#2387,#2393));
#2385 = ORIENTED_EDGE('',*,*,#1594,.F.);
#2386 = ORIENTED_EDGE('',*,*,#2276,.T.);
#2387 = ORIENTED_EDGE('',*,*,#2388,.T.);
#2388 = EDGE_CURVE('',#2269,#2364,#2389,.T.);
#2389 = LINE('',#2390,#2391);
#2390 = CARTESIAN_POINT('',(110.,52.9,71.17431578065));
#2391 = VECTOR('',#2392,1.);
#2392 = DIRECTION('',(0.,-0.866025403784,0.5));
#2393 = ORIENTED_EDGE('',*,*,#2363,.F.);
#2394 = PLANE('',#2395);
#2395 = AXIS2_PLACEMENT_3D('',#2396,#2397,#2398);
#2396 = CARTESIAN_POINT('',(85.85,52.9,71.17431578065));
#2397 = DIRECTION('',(0.,-0.5,-0.866025403784));
#2398 = DIRECTION('',(0.,-0.866025403784,0.5));
#2399 = ADVANCED_FACE('',(#2400),#2425,.T.);
#2400 = FACE_BOUND('',#2401,.T.);
#2401 = EDGE_LOOP('',(#2402,#2403,#2411,#2419));
#2402 = ORIENTED_EDGE('',*,*,#1634,.F.);
#2403 = ORIENTED_EDGE('',*,*,#2404,.T.);
#2404 = EDGE_CURVE('',#1635,#2405,#2407,.T.);
#2405 = VERTEX_POINT('',#2406);
#2406 = CARTESIAN_POINT('',(110.,52.9,51.82568421935));
#2407 = LINE('',#2408,#2409);
#2408 = CARTESIAN_POINT('',(85.85,52.9,51.82568421935));
#2409 = VECTOR('',#2410,1.);
#2410 = DIRECTION('',(1.,0.,0.));
#2411 = ORIENTED_EDGE('',*,*,#2412,.T.);
#2412 = EDGE_CURVE('',#2405,#2413,#2415,.T.);
#2413 = VERTEX_POINT('',#2414);
#2414 = CARTESIAN_POINT('',(110.,52.9,55.17431578065));
#2415 = LINE('',#2416,#2417);
#2416 = CARTESIAN_POINT('',(110.,52.9,51.82568421935));
#2417 = VECTOR('',#2418,1.);
#2418 = DIRECTION('',(0.,0.,1.));
#2419 = ORIENTED_EDGE('',*,*,#2420,.F.);
#2420 = EDGE_CURVE('',#1637,#2413,#2421,.T.);
#2421 = LINE('',#2422,#2423);
#2422 = CARTESIAN_POINT('',(85.85,52.9,55.17431578065));
#2423 = VECTOR('',#2424,1.);
#2424 = DIRECTION('',(1.,0.,0.));
#2425 = PLANE('',#2426);
#2426 = AXIS2_PLACEMENT_3D('',#2427,#2428,#2429);
#2427 = CARTESIAN_POINT('',(85.85,52.9,51.82568421935));
#2428 = DIRECTION('',(0.,-1.,0.));
#2429 = DIRECTION('',(0.,0.,1.));
#2430 = ADVANCED_FACE('',(#2431),#2449,.T.);
#2431 = FACE_BOUND('',#2432,.T.);
#2432 = EDGE_LOOP('',(#2433,#2434,#2442,#2448));
#2433 = ORIENTED_EDGE('',*,*,#1676,.F.);
#2434 = ORIENTED_EDGE('',*,*,#2435,.T.);
#2435 = EDGE_CURVE('',#1669,#2436,#2438,.T.);
#2436 = VERTEX_POINT('',#2437);
#2437 = CARTESIAN_POINT('',(110.,50.,50.1513684387));
#2438 = LINE('',#2439,#2440);
#2439 = CARTESIAN_POINT('',(85.85,50.,50.1513684387));
#2440 = VECTOR('',#2441,1.);
#2441 = DIRECTION('',(1.,0.,0.));
#2442 = ORIENTED_EDGE('',*,*,#2443,.T.);
#2443 = EDGE_CURVE('',#2436,#2405,#2444,.T.);
#2444 = LINE('',#2445,#2446);
#2445 = CARTESIAN_POINT('',(110.,50.,50.1513684387));
#2446 = VECTOR('',#2447,1.);
#2447 = DIRECTION('',(0.,0.866025403784,0.5));
#2448 = ORIENTED_EDGE('',*,*,#2404,.F.);
#2449 = PLANE('',#2450);
#2450 = AXIS2_PLACEMENT_3D('',#2451,#2452,#2453);
#2451 = CARTESIAN_POINT('',(85.85,50.,50.1513684387));
#2452 = DIRECTION('',(0.,-0.5,0.866025403784));
#2453 = DIRECTION('',(0.,0.866025403784,0.5));
#2454 = ADVANCED_FACE('',(#2455),#2473,.T.);
#2455 = FACE_BOUND('',#2456,.T.);
#2456 = EDGE_LOOP('',(#2457,#2458,#2466,#2472));
#2457 = ORIENTED_EDGE('',*,*,#1668,.F.);
#2458 = ORIENTED_EDGE('',*,*,#2459,.T.);
#2459 = EDGE_CURVE('',#1661,#2460,#2462,.T.);
#2460 = VERTEX_POINT('',#2461);
#2461 = CARTESIAN_POINT('',(110.,47.1,51.82568421935));
#2462 = LINE('',#2463,#2464);
#2463 = CARTESIAN_POINT('',(85.85,47.1,51.82568421935));
#2464 = VECTOR('',#2465,1.);
#2465 = DIRECTION('',(1.,0.,0.));
#2466 = ORIENTED_EDGE('',*,*,#2467,.T.);
#2467 = EDGE_CURVE('',#2460,#2436,#2468,.T.);
#2468 = LINE('',#2469,#2470);
#2469 = CARTESIAN_POINT('',(110.,47.1,51.82568421935));
#2470 = VECTOR('',#2471,1.);
#2471 = DIRECTION('',(0.,0.866025403784,-0.5));
#2472 = ORIENTED_EDGE('',*,*,#2435,.F.);
#2473 = PLANE('',#2474);
#2474 = AXIS2_PLACEMENT_3D('',#2475,#2476,#2477);
#2475 = CARTESIAN_POINT('',(85.85,47.1,51.82568421935));
#2476 = DIRECTION('',(0.,0.5,0.866025403784));
#2477 = DIRECTION('',(0.,0.866025403784,-0.5));
#2478 = ADVANCED_FACE('',(#2479),#2497,.T.);
#2479 = FACE_BOUND('',#2480,.T.);
#2480 = EDGE_LOOP('',(#2481,#2482,#2490,#2496));
#2481 = ORIENTED_EDGE('',*,*,#1660,.F.);
#2482 = ORIENTED_EDGE('',*,*,#2483,.T.);
#2483 = EDGE_CURVE('',#1653,#2484,#2486,.T.);
#2484 = VERTEX_POINT('',#2485);
#2485 = CARTESIAN_POINT('',(110.,47.1,55.17431578065));
#2486 = LINE('',#2487,#2488);
#2487 = CARTESIAN_POINT('',(85.85,47.1,55.17431578065));
#2488 = VECTOR('',#2489,1.);
#2489 = DIRECTION('',(1.,0.,0.));
#2490 = ORIENTED_EDGE('',*,*,#2491,.T.);
#2491 = EDGE_CURVE('',#2484,#2460,#2492,.T.);
#2492 = LINE('',#2493,#2494);
#2493 = CARTESIAN_POINT('',(110.,47.1,55.17431578065));
#2494 = VECTOR('',#2495,1.);
#2495 = DIRECTION('',(0.,0.,-1.));
#2496 = ORIENTED_EDGE('',*,*,#2459,.F.);
#2497 = PLANE('',#2498);
#2498 = AXIS2_PLACEMENT_3D('',#2499,#2500,#2501);
#2499 = CARTESIAN_POINT('',(85.85,47.1,55.17431578065));
#2500 = DIRECTION('',(0.,1.,0.));
#2501 = DIRECTION('',(0.,0.,-1.));
#2502 = ADVANCED_FACE('',(#2503),#2521,.T.);
#2503 = FACE_BOUND('',#2504,.T.);
#2504 = EDGE_LOOP('',(#2505,#2506,#2514,#2520));
#2505 = ORIENTED_EDGE('',*,*,#1652,.F.);
#2506 = ORIENTED_EDGE('',*,*,#2507,.T.);
#2507 = EDGE_CURVE('',#1645,#2508,#2510,.T.);
#2508 = VERTEX_POINT('',#2509);
#2509 = CARTESIAN_POINT('',(110.,50.,56.8486315613));
#2510 = LINE('',#2511,#2512);
#2511 = CARTESIAN_POINT('',(85.85,50.,56.8486315613));
#2512 = VECTOR('',#2513,1.);
#2513 = DIRECTION('',(1.,0.,0.));
#2514 = ORIENTED_EDGE('',*,*,#2515,.T.);
#2515 = EDGE_CURVE('',#2508,#2484,#2516,.T.);
#2516 = LINE('',#2517,#2518);
#2517 = CARTESIAN_POINT('',(110.,50.,56.8486315613));
#2518 = VECTOR('',#2519,1.);
#2519 = DIRECTION('',(0.,-0.866025403784,-0.5));
#2520 = ORIENTED_EDGE('',*,*,#2483,.F.);
#2521 = PLANE('',#2522);
#2522 = AXIS2_PLACEMENT_3D('',#2523,#2524,#2525);
#2523 = CARTESIAN_POINT('',(85.85,50.,56.8486315613));
#2524 = DIRECTION('',(0.,0.5,-0.866025403784));
#2525 = DIRECTION('',(0.,-0.866025403784,-0.5));
#2526 = ADVANCED_FACE('',(#2527),#2538,.T.);
#2527 = FACE_BOUND('',#2528,.T.);
#2528 = EDGE_LOOP('',(#2529,#2530,#2531,#2537));
#2529 = ORIENTED_EDGE('',*,*,#1644,.F.);
#2530 = ORIENTED_EDGE('',*,*,#2420,.T.);
#2531 = ORIENTED_EDGE('',*,*,#2532,.T.);
#2532 = EDGE_CURVE('',#2413,#2508,#2533,.T.);
#2533 = LINE('',#2534,#2535);
#2534 = CARTESIAN_POINT('',(110.,52.9,55.17431578065));
#2535 = VECTOR('',#2536,1.);
#2536 = DIRECTION('',(0.,-0.866025403784,0.5));
#2537 = ORIENTED_EDGE('',*,*,#2507,.F.);
#2538 = PLANE('',#2539);
#2539 = AXIS2_PLACEMENT_3D('',#2540,#2541,#2542);
#2540 = CARTESIAN_POINT('',(85.85,52.9,55.17431578065));
#2541 = DIRECTION('',(0.,-0.5,-0.866025403784));
#2542 = DIRECTION('',(0.,-0.866025403784,0.5));
#2543 = ADVANCED_FACE('',(#2544),#2555,.F.);
#2544 = FACE_BOUND('',#2545,.F.);
#2545 = EDGE_LOOP('',(#2546,#2547,#2553,#2554));
#2546 = ORIENTED_EDGE('',*,*,#1934,.F.);
#2547 = ORIENTED_EDGE('',*,*,#2548,.F.);
#2548 = EDGE_CURVE('',#1685,#1935,#2549,.T.);
#2549 = LINE('',#2550,#2551);
#2550 = CARTESIAN_POINT('',(85.85,22.5,62.7));
#2551 = VECTOR('',#2552,1.);
#2552 = DIRECTION('',(1.,0.,0.));
#2553 = ORIENTED_EDGE('',*,*,#1684,.T.);
#2554 = ORIENTED_EDGE('',*,*,#2548,.T.);
#2555 = CYLINDRICAL_SURFACE('',#2556,1.7);
#2556 = AXIS2_PLACEMENT_3D('',#2557,#2558,#2559);
#2557 = CARTESIAN_POINT('',(85.85,22.5,61.));
#2558 = DIRECTION('',(1.,0.,0.));
#2559 = DIRECTION('',(0.,0.,1.));
#2560 = ADVANCED_FACE('',(#2561),#2586,.T.);
#2561 = FACE_BOUND('',#2562,.T.);
#2562 = EDGE_LOOP('',(#2563,#2564,#2572,#2580));
#2563 = ORIENTED_EDGE('',*,*,#1695,.F.);
#2564 = ORIENTED_EDGE('',*,*,#2565,.T.);
#2565 = EDGE_CURVE('',#1696,#2566,#2568,.T.);
#2566 = VERTEX_POINT('',#2567);
#2567 = CARTESIAN_POINT('',(110.,-47.1,67.82568421935));
#2568 = LINE('',#2569,#2570);
#2569 = CARTESIAN_POINT('',(85.85,-47.1,67.82568421935));
#2570 = VECTOR('',#2571,1.);
#2571 = DIRECTION('',(1.,0.,0.));
#2572 = ORIENTED_EDGE('',*,*,#2573,.T.);
#2573 = EDGE_CURVE('',#2566,#2574,#2576,.T.);
#2574 = VERTEX_POINT('',#2575);
#2575 = CARTESIAN_POINT('',(110.,-47.1,71.17431578065));
#2576 = LINE('',#2577,#2578);
#2577 = CARTESIAN_POINT('',(110.,-47.1,67.82568421935));
#2578 = VECTOR('',#2579,1.);
#2579 = DIRECTION('',(0.,0.,1.));
#2580 = ORIENTED_EDGE('',*,*,#2581,.F.);
#2581 = EDGE_CURVE('',#1698,#2574,#2582,.T.);
#2582 = LINE('',#2583,#2584);
#2583 = CARTESIAN_POINT('',(85.85,-47.1,71.17431578065));
#2584 = VECTOR('',#2585,1.);
#2585 = DIRECTION('',(1.,0.,0.));
#2586 = PLANE('',#2587);
#2587 = AXIS2_PLACEMENT_3D('',#2588,#2589,#2590);
#2588 = CARTESIAN_POINT('',(85.85,-47.1,67.82568421935));
#2589 = DIRECTION('',(0.,-1.,0.));
#2590 = DIRECTION('',(0.,0.,1.));
#2591 = ADVANCED_FACE('',(#2592),#2610,.T.);
#2592 = FACE_BOUND('',#2593,.T.);
#2593 = EDGE_LOOP('',(#2594,#2595,#2603,#2609));
#2594 = ORIENTED_EDGE('',*,*,#1737,.F.);
#2595 = ORIENTED_EDGE('',*,*,#2596,.T.);
#2596 = EDGE_CURVE('',#1730,#2597,#2599,.T.);
#2597 = VERTEX_POINT('',#2598);
#2598 = CARTESIAN_POINT('',(110.,-50.,66.1513684387));
#2599 = LINE('',#2600,#2601);
#2600 = CARTESIAN_POINT('',(85.85,-50.,66.1513684387));
#2601 = VECTOR('',#2602,1.);
#2602 = DIRECTION('',(1.,0.,0.));
#2603 = ORIENTED_EDGE('',*,*,#2604,.T.);
#2604 = EDGE_CURVE('',#2597,#2566,#2605,.T.);
#2605 = LINE('',#2606,#2607);
#2606 = CARTESIAN_POINT('',(110.,-50.,66.1513684387));
#2607 = VECTOR('',#2608,1.);
#2608 = DIRECTION('',(0.,0.866025403784,0.5));
#2609 = ORIENTED_EDGE('',*,*,#2565,.F.);
#2610 = PLANE('',#2611);
#2611 = AXIS2_PLACEMENT_3D('',#2612,#2613,#2614);
#2612 = CARTESIAN_POINT('',(85.85,-50.,66.1513684387));
#2613 = DIRECTION('',(0.,-0.5,0.866025403784));
#2614 = DIRECTION('',(0.,0.866025403784,0.5));
#2615 = ADVANCED_FACE('',(#2616),#2634,.T.);
#2616 = FACE_BOUND('',#2617,.T.);
#2617 = EDGE_LOOP('',(#2618,#2619,#2627,#2633));
#2618 = ORIENTED_EDGE('',*,*,#1729,.F.);
#2619 = ORIENTED_EDGE('',*,*,#2620,.T.);
#2620 = EDGE_CURVE('',#1722,#2621,#2623,.T.);
#2621 = VERTEX_POINT('',#2622);
#2622 = CARTESIAN_POINT('',(110.,-52.9,67.82568421935));
#2623 = LINE('',#2624,#2625);
#2624 = CARTESIAN_POINT('',(85.85,-52.9,67.82568421935));
#2625 = VECTOR('',#2626,1.);
#2626 = DIRECTION('',(1.,0.,0.));
#2627 = ORIENTED_EDGE('',*,*,#2628,.T.);
#2628 = EDGE_CURVE('',#2621,#2597,#2629,.T.);
#2629 = LINE('',#2630,#2631);
#2630 = CARTESIAN_POINT('',(110.,-52.9,67.82568421935));
#2631 = VECTOR('',#2632,1.);
#2632 = DIRECTION('',(0.,0.866025403784,-0.5));
#2633 = ORIENTED_EDGE('',*,*,#2596,.F.);
#2634 = PLANE('',#2635);
#2635 = AXIS2_PLACEMENT_3D('',#2636,#2637,#2638);
#2636 = CARTESIAN_POINT('',(85.85,-52.9,67.82568421935));
#2637 = DIRECTION('',(0.,0.5,0.866025403784));
#2638 = DIRECTION('',(0.,0.866025403784,-0.5));
#2639 = ADVANCED_FACE('',(#2640),#2658,.T.);
#2640 = FACE_BOUND('',#2641,.T.);
#2641 = EDGE_LOOP('',(#2642,#2643,#2651,#2657));
#2642 = ORIENTED_EDGE('',*,*,#1721,.F.);
#2643 = ORIENTED_EDGE('',*,*,#2644,.T.);
#2644 = EDGE_CURVE('',#1714,#2645,#2647,.T.);
#2645 = VERTEX_POINT('',#2646);
#2646 = CARTESIAN_POINT('',(110.,-52.9,71.17431578065));
#2647 = LINE('',#2648,#2649);
#2648 = CARTESIAN_POINT('',(85.85,-52.9,71.17431578065));
#2649 = VECTOR('',#2650,1.);
#2650 = DIRECTION('',(1.,0.,0.));
#2651 = ORIENTED_EDGE('',*,*,#2652,.T.);
#2652 = EDGE_CURVE('',#2645,#2621,#2653,.T.);
#2653 = LINE('',#2654,#2655);
#2654 = CARTESIAN_POINT('',(110.,-52.9,71.17431578065));
#2655 = VECTOR('',#2656,1.);
#2656 = DIRECTION('',(0.,0.,-1.));
#2657 = ORIENTED_EDGE('',*,*,#2620,.F.);
#2658 = PLANE('',#2659);
#2659 = AXIS2_PLACEMENT_3D('',#2660,#2661,#2662);
#2660 = CARTESIAN_POINT('',(85.85,-52.9,71.17431578065));
#2661 = DIRECTION('',(0.,1.,0.));
#2662 = DIRECTION('',(0.,0.,-1.));
#2663 = ADVANCED_FACE('',(#2664),#2682,.T.);
#2664 = FACE_BOUND('',#2665,.T.);
#2665 = EDGE_LOOP('',(#2666,#2667,#2675,#2681));
#2666 = ORIENTED_EDGE('',*,*,#1713,.F.);
#2667 = ORIENTED_EDGE('',*,*,#2668,.T.);
#2668 = EDGE_CURVE('',#1706,#2669,#2671,.T.);
#2669 = VERTEX_POINT('',#2670);
#2670 = CARTESIAN_POINT('',(110.,-50.,72.8486315613));
#2671 = LINE('',#2672,#2673);
#2672 = CARTESIAN_POINT('',(85.85,-50.,72.8486315613));
#2673 = VECTOR('',#2674,1.);
#2674 = DIRECTION('',(1.,0.,0.));
#2675 = ORIENTED_EDGE('',*,*,#2676,.T.);
#2676 = EDGE_CURVE('',#2669,#2645,#2677,.T.);
#2677 = LINE('',#2678,#2679);
#2678 = CARTESIAN_POINT('',(110.,-50.,72.8486315613));
#2679 = VECTOR('',#2680,1.);
#2680 = DIRECTION('',(0.,-0.866025403784,-0.5));
#2681 = ORIENTED_EDGE('',*,*,#2644,.F.);
#2682 = PLANE('',#2683);
#2683 = AXIS2_PLACEMENT_3D('',#2684,#2685,#2686);
#2684 = CARTESIAN_POINT('',(85.85,-50.,72.8486315613));
#2685 = DIRECTION('',(0.,0.5,-0.866025403784));
#2686 = DIRECTION('',(0.,-0.866025403784,-0.5));
#2687 = ADVANCED_FACE('',(#2688),#2699,.T.);
#2688 = FACE_BOUND('',#2689,.T.);
#2689 = EDGE_LOOP('',(#2690,#2691,#2692,#2698));
#2690 = ORIENTED_EDGE('',*,*,#1705,.F.);
#2691 = ORIENTED_EDGE('',*,*,#2581,.T.);
#2692 = ORIENTED_EDGE('',*,*,#2693,.T.);
#2693 = EDGE_CURVE('',#2574,#2669,#2694,.T.);
#2694 = LINE('',#2695,#2696);
#2695 = CARTESIAN_POINT('',(110.,-47.1,71.17431578065));
#2696 = VECTOR('',#2697,1.);
#2697 = DIRECTION('',(0.,-0.866025403784,0.5));
#2698 = ORIENTED_EDGE('',*,*,#2668,.F.);
#2699 = PLANE('',#2700);
#2700 = AXIS2_PLACEMENT_3D('',#2701,#2702,#2703);
#2701 = CARTESIAN_POINT('',(85.85,-47.1,71.17431578065));
#2702 = DIRECTION('',(0.,-0.5,-0.866025403784));
#2703 = DIRECTION('',(0.,-0.866025403784,0.5));
#2704 = ADVANCED_FACE('',(#2705),#2716,.F.);
#2705 = FACE_BOUND('',#2706,.F.);
#2706 = EDGE_LOOP('',(#2707,#2708,#2714,#2715));
#2707 = ORIENTED_EDGE('',*,*,#1945,.F.);
#2708 = ORIENTED_EDGE('',*,*,#2709,.F.);
#2709 = EDGE_CURVE('',#1746,#1946,#2710,.T.);
#2710 = LINE('',#2711,#2712);
#2711 = CARTESIAN_POINT('',(85.85,-22.5,62.7));
#2712 = VECTOR('',#2713,1.);
#2713 = DIRECTION('',(1.,0.,0.));
#2714 = ORIENTED_EDGE('',*,*,#1745,.T.);
#2715 = ORIENTED_EDGE('',*,*,#2709,.T.);
#2716 = CYLINDRICAL_SURFACE('',#2717,1.7);
#2717 = AXIS2_PLACEMENT_3D('',#2718,#2719,#2720);
#2718 = CARTESIAN_POINT('',(85.85,-22.5,61.));
#2719 = DIRECTION('',(1.,0.,0.));
#2720 = DIRECTION('',(0.,0.,1.));
#2721 = ADVANCED_FACE('',(#2722),#2747,.T.);
#2722 = FACE_BOUND('',#2723,.T.);
#2723 = EDGE_LOOP('',(#2724,#2725,#2733,#2741));
#2724 = ORIENTED_EDGE('',*,*,#1756,.F.);
#2725 = ORIENTED_EDGE('',*,*,#2726,.T.);
#2726 = EDGE_CURVE('',#1757,#2727,#2729,.T.);
#2727 = VERTEX_POINT('',#2728);
#2728 = CARTESIAN_POINT('',(110.,-47.1,51.82568421935));
#2729 = LINE('',#2730,#2731);
#2730 = CARTESIAN_POINT('',(85.85,-47.1,51.82568421935));
#2731 = VECTOR('',#2732,1.);
#2732 = DIRECTION('',(1.,0.,0.));
#2733 = ORIENTED_EDGE('',*,*,#2734,.T.);
#2734 = EDGE_CURVE('',#2727,#2735,#2737,.T.);
#2735 = VERTEX_POINT('',#2736);
#2736 = CARTESIAN_POINT('',(110.,-47.1,55.17431578065));
#2737 = LINE('',#2738,#2739);
#2738 = CARTESIAN_POINT('',(110.,-47.1,51.82568421935));
#2739 = VECTOR('',#2740,1.);
#2740 = DIRECTION('',(0.,0.,1.));
#2741 = ORIENTED_EDGE('',*,*,#2742,.F.);
#2742 = EDGE_CURVE('',#1759,#2735,#2743,.T.);
#2743 = LINE('',#2744,#2745);
#2744 = CARTESIAN_POINT('',(85.85,-47.1,55.17431578065));
#2745 = VECTOR('',#2746,1.);
#2746 = DIRECTION('',(1.,0.,0.));
#2747 = PLANE('',#2748);
#2748 = AXIS2_PLACEMENT_3D('',#2749,#2750,#2751);
#2749 = CARTESIAN_POINT('',(85.85,-47.1,51.82568421935));
#2750 = DIRECTION('',(0.,-1.,0.));
#2751 = DIRECTION('',(0.,0.,1.));
#2752 = ADVANCED_FACE('',(#2753),#2771,.T.);
#2753 = FACE_BOUND('',#2754,.T.);
#2754 = EDGE_LOOP('',(#2755,#2756,#2764,#2770));
#2755 = ORIENTED_EDGE('',*,*,#1798,.F.);
#2756 = ORIENTED_EDGE('',*,*,#2757,.T.);
#2757 = EDGE_CURVE('',#1791,#2758,#2760,.T.);
#2758 = VERTEX_POINT('',#2759);
#2759 = CARTESIAN_POINT('',(110.,-50.,50.1513684387));
#2760 = LINE('',#2761,#2762);
#2761 = CARTESIAN_POINT('',(85.85,-50.,50.1513684387));
#2762 = VECTOR('',#2763,1.);
#2763 = DIRECTION('',(1.,0.,0.));
#2764 = ORIENTED_EDGE('',*,*,#2765,.T.);
#2765 = EDGE_CURVE('',#2758,#2727,#2766,.T.);
#2766 = LINE('',#2767,#2768);
#2767 = CARTESIAN_POINT('',(110.,-50.,50.1513684387));
#2768 = VECTOR('',#2769,1.);
#2769 = DIRECTION('',(0.,0.866025403784,0.5));
#2770 = ORIENTED_EDGE('',*,*,#2726,.F.);
#2771 = PLANE('',#2772);
#2772 = AXIS2_PLACEMENT_3D('',#2773,#2774,#2775);
#2773 = CARTESIAN_POINT('',(85.85,-50.,50.1513684387));
#2774 = DIRECTION('',(0.,-0.5,0.866025403784));
#2775 = DIRECTION('',(0.,0.866025403784,0.5));
#2776 = ADVANCED_FACE('',(#2777),#2795,.T.);
#2777 = FACE_BOUND('',#2778,.T.);
#2778 = EDGE_LOOP('',(#2779,#2780,#2788,#2794));
#2779 = ORIENTED_EDGE('',*,*,#1790,.F.);
#2780 = ORIENTED_EDGE('',*,*,#2781,.T.);
#2781 = EDGE_CURVE('',#1783,#2782,#2784,.T.);
#2782 = VERTEX_POINT('',#2783);
#2783 = CARTESIAN_POINT('',(110.,-52.9,51.82568421935));
#2784 = LINE('',#2785,#2786);
#2785 = CARTESIAN_POINT('',(85.85,-52.9,51.82568421935));
#2786 = VECTOR('',#2787,1.);
#2787 = DIRECTION('',(1.,0.,0.));
#2788 = ORIENTED_EDGE('',*,*,#2789,.T.);
#2789 = EDGE_CURVE('',#2782,#2758,#2790,.T.);
#2790 = LINE('',#2791,#2792);
#2791 = CARTESIAN_POINT('',(110.,-52.9,51.82568421935));
#2792 = VECTOR('',#2793,1.);
#2793 = DIRECTION('',(0.,0.866025403784,-0.5));
#2794 = ORIENTED_EDGE('',*,*,#2757,.F.);
#2795 = PLANE('',#2796);
#2796 = AXIS2_PLACEMENT_3D('',#2797,#2798,#2799);
#2797 = CARTESIAN_POINT('',(85.85,-52.9,51.82568421935));
#2798 = DIRECTION('',(0.,0.5,0.866025403784));
#2799 = DIRECTION('',(0.,0.866025403784,-0.5));
#2800 = ADVANCED_FACE('',(#2801),#2819,.T.);
#2801 = FACE_BOUND('',#2802,.T.);
#2802 = EDGE_LOOP('',(#2803,#2804,#2812,#2818));
#2803 = ORIENTED_EDGE('',*,*,#1782,.F.);
#2804 = ORIENTED_EDGE('',*,*,#2805,.T.);
#2805 = EDGE_CURVE('',#1775,#2806,#2808,.T.);
#2806 = VERTEX_POINT('',#2807);
#2807 = CARTESIAN_POINT('',(110.,-52.9,55.17431578065));
#2808 = LINE('',#2809,#2810);
#2809 = CARTESIAN_POINT('',(85.85,-52.9,55.17431578065));
#2810 = VECTOR('',#2811,1.);
#2811 = DIRECTION('',(1.,0.,0.));
#2812 = ORIENTED_EDGE('',*,*,#2813,.T.);
#2813 = EDGE_CURVE('',#2806,#2782,#2814,.T.);
#2814 = LINE('',#2815,#2816);
#2815 = CARTESIAN_POINT('',(110.,-52.9,55.17431578065));
#2816 = VECTOR('',#2817,1.);
#2817 = DIRECTION('',(0.,0.,-1.));
#2818 = ORIENTED_EDGE('',*,*,#2781,.F.);
#2819 = PLANE('',#2820);
#2820 = AXIS2_PLACEMENT_3D('',#2821,#2822,#2823);
#2821 = CARTESIAN_POINT('',(85.85,-52.9,55.17431578065));
#2822 = DIRECTION('',(0.,1.,0.));
#2823 = DIRECTION('',(0.,0.,-1.));
#2824 = ADVANCED_FACE('',(#2825),#2843,.T.);
#2825 = FACE_BOUND('',#2826,.T.);
#2826 = EDGE_LOOP('',(#2827,#2828,#2836,#2842));
#2827 = ORIENTED_EDGE('',*,*,#1774,.F.);
#2828 = ORIENTED_EDGE('',*,*,#2829,.T.);
#2829 = EDGE_CURVE('',#1767,#2830,#2832,.T.);
#2830 = VERTEX_POINT('',#2831);
#2831 = CARTESIAN_POINT('',(110.,-50.,56.8486315613));
#2832 = LINE('',#2833,#2834);
#2833 = CARTESIAN_POINT('',(85.85,-50.,56.8486315613));
#2834 = VECTOR('',#2835,1.);
#2835 = DIRECTION('',(1.,0.,0.));
#2836 = ORIENTED_EDGE('',*,*,#2837,.T.);
#2837 = EDGE_CURVE('',#2830,#2806,#2838,.T.);
#2838 = LINE('',#2839,#2840);
#2839 = CARTESIAN_POINT('',(110.,-50.,56.8486315613));
#2840 = VECTOR('',#2841,1.);
#2841 = DIRECTION('',(0.,-0.866025403784,-0.5));
#2842 = ORIENTED_EDGE('',*,*,#2805,.F.);
#2843 = PLANE('',#2844);
#2844 = AXIS2_PLACEMENT_3D('',#2845,#2846,#2847);
#2845 = CARTESIAN_POINT('',(85.85,-50.,56.8486315613));
#2846 = DIRECTION('',(0.,0.5,-0.866025403784));
#2847 = DIRECTION('',(0.,-0.866025403784,-0.5));
#2848 = ADVANCED_FACE('',(#2849),#2860,.T.);
#2849 = FACE_BOUND('',#2850,.T.);
#2850 = EDGE_LOOP('',(#2851,#2852,#2853,#2859));
#2851 = ORIENTED_EDGE('',*,*,#1766,.F.);
#2852 = ORIENTED_EDGE('',*,*,#2742,.T.);
#2853 = ORIENTED_EDGE('',*,*,#2854,.T.);
#2854 = EDGE_CURVE('',#2735,#2830,#2855,.T.);
#2855 = LINE('',#2856,#2857);
#2856 = CARTESIAN_POINT('',(110.,-47.1,55.17431578065));
#2857 = VECTOR('',#2858,1.);
#2858 = DIRECTION('',(0.,-0.866025403784,0.5));
#2859 = ORIENTED_EDGE('',*,*,#2829,.F.);
#2860 = PLANE('',#2861);
#2861 = AXIS2_PLACEMENT_3D('',#2862,#2863,#2864);
#2862 = CARTESIAN_POINT('',(85.85,-47.1,55.17431578065));
#2863 = DIRECTION('',(0.,-0.5,-0.866025403784));
#2864 = DIRECTION('',(0.,-0.866025403784,0.5));
#2865 = ADVANCED_FACE('',(#2866),#2877,.F.);
#2866 = FACE_BOUND('',#2867,.F.);
#2867 = EDGE_LOOP('',(#2868,#2869,#2870,#2876));
#2868 = ORIENTED_EDGE('',*,*,#1910,.T.);
#2869 = ORIENTED_EDGE('',*,*,#1812,.T.);
#2870 = ORIENTED_EDGE('',*,*,#2871,.T.);
#2871 = EDGE_CURVE('',#1815,#2188,#2872,.T.);
#2872 = LINE('',#2873,#2874);
#2873 = CARTESIAN_POINT('',(114.,46.,65.5));
#2874 = VECTOR('',#2875,1.);
#2875 = DIRECTION('',(0.,1.,0.));
#2876 = ORIENTED_EDGE('',*,*,#2195,.F.);
#2877 = PLANE('',#2878);
#2878 = AXIS2_PLACEMENT_3D('',#2879,#2880,#2881);
#2879 = CARTESIAN_POINT('',(85.95,46.,65.5));
#2880 = DIRECTION('',(0.,0.,1.));
#2881 = DIRECTION('',(1.,0.,0.));
#2882 = ADVANCED_FACE('',(#2883,#2889),#2900,.T.);
#2883 = FACE_BOUND('',#2884,.T.);
#2884 = EDGE_LOOP('',(#2885,#2886,#2887,#2888));
#2885 = ORIENTED_EDGE('',*,*,#1838,.F.);
#2886 = ORIENTED_EDGE('',*,*,#2871,.T.);
#2887 = ORIENTED_EDGE('',*,*,#2187,.T.);
#2888 = ORIENTED_EDGE('',*,*,#2123,.F.);
#2889 = FACE_BOUND('',#2890,.T.);
#2890 = EDGE_LOOP('',(#2891));
#2891 = ORIENTED_EDGE('',*,*,#2892,.F.);
#2892 = EDGE_CURVE('',#2893,#2893,#2895,.T.);
#2893 = VERTEX_POINT('',#2894);
#2894 = CARTESIAN_POINT('',(114.,50.,71.2));
#2895 = CIRCLE('',#2896,1.7);
#2896 = AXIS2_PLACEMENT_3D('',#2897,#2898,#2899);
#2897 = CARTESIAN_POINT('',(114.,50.,69.5));
#2898 = DIRECTION('',(1.,0.,-0.));
#2899 = DIRECTION('',(0.,0.,1.));
#2900 = PLANE('',#2901);
#2901 = AXIS2_PLACEMENT_3D('',#2902,#2903,#2904);
#2902 = CARTESIAN_POINT('',(114.,46.,65.5));
#2903 = DIRECTION('',(1.,0.,0.));
#2904 = DIRECTION('',(0.,0.,1.));
#2905 = ADVANCED_FACE('',(#2906),#2917,.T.);
#2906 = FACE_BOUND('',#2907,.T.);
#2907 = EDGE_LOOP('',(#2908,#2909,#2910,#2916));
#2908 = ORIENTED_EDGE('',*,*,#1862,.T.);
#2909 = ORIENTED_EDGE('',*,*,#2036,.T.);
#2910 = ORIENTED_EDGE('',*,*,#2911,.T.);
#2911 = EDGE_CURVE('',#2029,#2091,#2912,.T.);
#2912 = LINE('',#2913,#2914);
#2913 = CARTESIAN_POINT('',(114.,-54.,57.5));
#2914 = VECTOR('',#2915,1.);
#2915 = DIRECTION('',(0.,1.,0.));
#2916 = ORIENTED_EDGE('',*,*,#2107,.F.);
#2917 = PLANE('',#2918);
#2918 = AXIS2_PLACEMENT_3D('',#2919,#2920,#2921);
#2919 = CARTESIAN_POINT('',(85.95,-54.,57.5));
#2920 = DIRECTION('',(0.,0.,1.));
#2921 = DIRECTION('',(1.,0.,0.));
#2922 = ADVANCED_FACE('',(#2923),#2934,.F.);
#2923 = FACE_BOUND('',#2924,.F.);
#2924 = EDGE_LOOP('',(#2925,#2926,#2927,#2933));
#2925 = ORIENTED_EDGE('',*,*,#1926,.T.);
#2926 = ORIENTED_EDGE('',*,*,#2043,.T.);
#2927 = ORIENTED_EDGE('',*,*,#2928,.T.);
#2928 = EDGE_CURVE('',#2044,#1963,#2929,.T.);
#2929 = LINE('',#2930,#2931);
#2930 = CARTESIAN_POINT('',(114.,-54.,65.5));
#2931 = VECTOR('',#2932,1.);
#2932 = DIRECTION('',(0.,1.,0.));
#2933 = ORIENTED_EDGE('',*,*,#1962,.F.);
#2934 = PLANE('',#2935);
#2935 = AXIS2_PLACEMENT_3D('',#2936,#2937,#2938);
#2936 = CARTESIAN_POINT('',(85.95,-54.,65.5));
#2937 = DIRECTION('',(0.,0.,1.));
#2938 = DIRECTION('',(1.,0.,0.));
#2939 = ADVANCED_FACE('',(#2940),#2951,.T.);
#2940 = FACE_BOUND('',#2941,.T.);
#2941 = EDGE_LOOP('',(#2942,#2943,#2944,#2950));
#2942 = ORIENTED_EDGE('',*,*,#1894,.T.);
#2943 = ORIENTED_EDGE('',*,*,#2228,.T.);
#2944 = ORIENTED_EDGE('',*,*,#2945,.T.);
#2945 = EDGE_CURVE('',#2212,#2164,#2946,.T.);
#2946 = LINE('',#2947,#2948);
#2947 = CARTESIAN_POINT('',(114.,46.,57.5));
#2948 = VECTOR('',#2949,1.);
#2949 = DIRECTION('',(0.,1.,0.));
#2950 = ORIENTED_EDGE('',*,*,#2163,.F.);
#2951 = PLANE('',#2952);
#2952 = AXIS2_PLACEMENT_3D('',#2953,#2954,#2955);
#2953 = CARTESIAN_POINT('',(85.95,46.,57.5));
#2954 = DIRECTION('',(0.,0.,1.));
#2955 = DIRECTION('',(1.,0.,0.));
#2956 = ADVANCED_FACE('',(#2957,#2963),#2974,.T.);
#2957 = FACE_BOUND('',#2958,.T.);
#2958 = EDGE_LOOP('',(#2959,#2960,#2961,#2962));
#2959 = ORIENTED_EDGE('',*,*,#2051,.F.);
#2960 = ORIENTED_EDGE('',*,*,#2928,.T.);
#2961 = ORIENTED_EDGE('',*,*,#1981,.T.);
#2962 = ORIENTED_EDGE('',*,*,#2004,.F.);
#2963 = FACE_BOUND('',#2964,.T.);
#2964 = EDGE_LOOP('',(#2965));
#2965 = ORIENTED_EDGE('',*,*,#2966,.F.);
#2966 = EDGE_CURVE('',#2967,#2967,#2969,.T.);
#2967 = VERTEX_POINT('',#2968);
#2968 = CARTESIAN_POINT('',(114.,-50.,71.2));
#2969 = CIRCLE('',#2970,1.7);
#2970 = AXIS2_PLACEMENT_3D('',#2971,#2972,#2973);
#2971 = CARTESIAN_POINT('',(114.,-50.,69.5));
#2972 = DIRECTION('',(1.,0.,-0.));
#2973 = DIRECTION('',(0.,0.,1.));
#2974 = PLANE('',#2975);
#2975 = AXIS2_PLACEMENT_3D('',#2976,#2977,#2978);
#2976 = CARTESIAN_POINT('',(114.,-54.,65.5));
#2977 = DIRECTION('',(1.,0.,0.));
#2978 = DIRECTION('',(0.,0.,1.));
#2979 = ADVANCED_FACE('',(#2980,#2986),#2997,.T.);
#2980 = FACE_BOUND('',#2981,.T.);
#2981 = EDGE_LOOP('',(#2982,#2983,#2984,#2985));
#2982 = ORIENTED_EDGE('',*,*,#2028,.F.);
#2983 = ORIENTED_EDGE('',*,*,#2068,.T.);
#2984 = ORIENTED_EDGE('',*,*,#2090,.T.);
#2985 = ORIENTED_EDGE('',*,*,#2911,.F.);
#2986 = FACE_BOUND('',#2987,.T.);
#2987 = EDGE_LOOP('',(#2988));
#2988 = ORIENTED_EDGE('',*,*,#2989,.F.);
#2989 = EDGE_CURVE('',#2990,#2990,#2992,.T.);
#2990 = VERTEX_POINT('',#2991);
#2991 = CARTESIAN_POINT('',(114.,-50.,55.2));
#2992 = CIRCLE('',#2993,1.7);
#2993 = AXIS2_PLACEMENT_3D('',#2994,#2995,#2996);
#2994 = CARTESIAN_POINT('',(114.,-50.,53.5));
#2995 = DIRECTION('',(1.,0.,-0.));
#2996 = DIRECTION('',(0.,0.,1.));
#2997 = PLANE('',#2998);
#2998 = AXIS2_PLACEMENT_3D('',#2999,#3000,#3001);
#2999 = CARTESIAN_POINT('',(114.,-54.,49.5));
#3000 = DIRECTION('',(1.,0.,0.));
#3001 = DIRECTION('',(0.,0.,1.));
#3002 = ADVANCED_FACE('',(#3003,#3009),#3020,.T.);
#3003 = FACE_BOUND('',#3004,.T.);
#3004 = EDGE_LOOP('',(#3005,#3006,#3007,#3008));
#3005 = ORIENTED_EDGE('',*,*,#2209,.F.);
#3006 = ORIENTED_EDGE('',*,*,#2244,.T.);
#3007 = ORIENTED_EDGE('',*,*,#2171,.T.);
#3008 = ORIENTED_EDGE('',*,*,#2945,.F.);
#3009 = FACE_BOUND('',#3010,.T.);
#3010 = EDGE_LOOP('',(#3011));
#3011 = ORIENTED_EDGE('',*,*,#3012,.F.);
#3012 = EDGE_CURVE('',#3013,#3013,#3015,.T.);
#3013 = VERTEX_POINT('',#3014);
#3014 = CARTESIAN_POINT('',(114.,50.,55.2));
#3015 = CIRCLE('',#3016,1.7);
#3016 = AXIS2_PLACEMENT_3D('',#3017,#3018,#3019);
#3017 = CARTESIAN_POINT('',(114.,50.,53.5));
#3018 = DIRECTION('',(1.,0.,-0.));
#3019 = DIRECTION('',(0.,0.,1.));
#3020 = PLANE('',#3021);
#3021 = AXIS2_PLACEMENT_3D('',#3022,#3023,#3024);
#3022 = CARTESIAN_POINT('',(114.,46.,49.5));
#3023 = DIRECTION('',(1.,0.,0.));
#3024 = DIRECTION('',(0.,0.,1.));
#3025 = ADVANCED_FACE('',(#3026,#3034),#3045,.F.);
#3026 = FACE_BOUND('',#3027,.F.);
#3027 = EDGE_LOOP('',(#3028,#3029,#3030,#3031,#3032,#3033));
#3028 = ORIENTED_EDGE('',*,*,#2388,.T.);
#3029 = ORIENTED_EDGE('',*,*,#2371,.T.);
#3030 = ORIENTED_EDGE('',*,*,#2347,.T.);
#3031 = ORIENTED_EDGE('',*,*,#2323,.T.);
#3032 = ORIENTED_EDGE('',*,*,#2299,.T.);
#3033 = ORIENTED_EDGE('',*,*,#2268,.T.);
#3034 = FACE_BOUND('',#3035,.F.);
#3035 = EDGE_LOOP('',(#3036));
#3036 = ORIENTED_EDGE('',*,*,#3037,.F.);
#3037 = EDGE_CURVE('',#3038,#3038,#3040,.T.);
#3038 = VERTEX_POINT('',#3039);
#3039 = CARTESIAN_POINT('',(110.,50.,71.2));
#3040 = CIRCLE('',#3041,1.7);
#3041 = AXIS2_PLACEMENT_3D('',#3042,#3043,#3044);
#3042 = CARTESIAN_POINT('',(110.,50.,69.5));
#3043 = DIRECTION('',(1.,0.,-0.));
#3044 = DIRECTION('',(0.,0.,1.));
#3045 = PLANE('',#3046);
#3046 = AXIS2_PLACEMENT_3D('',#3047,#3048,#3049);
#3047 = CARTESIAN_POINT('',(110.,50.,69.5));
#3048 = DIRECTION('',(1.,0.,0.));
#3049 = DIRECTION('',(0.,0.,1.));
#3050 = ADVANCED_FACE('',(#3051,#3059),#3070,.F.);
#3051 = FACE_BOUND('',#3052,.F.);
#3052 = EDGE_LOOP('',(#3053,#3054,#3055,#3056,#3057,#3058));
#3053 = ORIENTED_EDGE('',*,*,#2532,.T.);
#3054 = ORIENTED_EDGE('',*,*,#2515,.T.);
#3055 = ORIENTED_EDGE('',*,*,#2491,.T.);
#3056 = ORIENTED_EDGE('',*,*,#2467,.T.);
#3057 = ORIENTED_EDGE('',*,*,#2443,.T.);
#3058 = ORIENTED_EDGE('',*,*,#2412,.T.);
#3059 = FACE_BOUND('',#3060,.F.);
#3060 = EDGE_LOOP('',(#3061));
#3061 = ORIENTED_EDGE('',*,*,#3062,.F.);
#3062 = EDGE_CURVE('',#3063,#3063,#3065,.T.);
#3063 = VERTEX_POINT('',#3064);
#3064 = CARTESIAN_POINT('',(110.,50.,55.2));
#3065 = CIRCLE('',#3066,1.7);
#3066 = AXIS2_PLACEMENT_3D('',#3067,#3068,#3069);
#3067 = CARTESIAN_POINT('',(110.,50.,53.5));
#3068 = DIRECTION('',(1.,0.,-0.));
#3069 = DIRECTION('',(0.,0.,1.));
#3070 = PLANE('',#3071);
#3071 = AXIS2_PLACEMENT_3D('',#3072,#3073,#3074);
#3072 = CARTESIAN_POINT('',(110.,50.,53.5));
#3073 = DIRECTION('',(1.,0.,0.));
#3074 = DIRECTION('',(0.,0.,1.));
#3075 = ADVANCED_FACE('',(#3076,#3084),#3095,.F.);
#3076 = FACE_BOUND('',#3077,.F.);
#3077 = EDGE_LOOP('',(#3078,#3079,#3080,#3081,#3082,#3083));
#3078 = ORIENTED_EDGE('',*,*,#2693,.T.);
#3079 = ORIENTED_EDGE('',*,*,#2676,.T.);
#3080 = ORIENTED_EDGE('',*,*,#2652,.T.);
#3081 = ORIENTED_EDGE('',*,*,#2628,.T.);
#3082 = ORIENTED_EDGE('',*,*,#2604,.T.);
#3083 = ORIENTED_EDGE('',*,*,#2573,.T.);
#3084 = FACE_BOUND('',#3085,.F.);
#3085 = EDGE_LOOP('',(#3086));
#3086 = ORIENTED_EDGE('',*,*,#3087,.F.);
#3087 = EDGE_CURVE('',#3088,#3088,#3090,.T.);
#3088 = VERTEX_POINT('',#3089);
#3089 = CARTESIAN_POINT('',(110.,-50.,71.2));
#3090 = CIRCLE('',#3091,1.7);
#3091 = AXIS2_PLACEMENT_3D('',#3092,#3093,#3094);
#3092 = CARTESIAN_POINT('',(110.,-50.,69.5));
#3093 = DIRECTION('',(1.,0.,-0.));
#3094 = DIRECTION('',(0.,0.,1.));
#3095 = PLANE('',#3096);
#3096 = AXIS2_PLACEMENT_3D('',#3097,#3098,#3099);
#3097 = CARTESIAN_POINT('',(110.,-50.,69.5));
#3098 = DIRECTION('',(1.,0.,0.));
#3099 = DIRECTION('',(0.,0.,1.));
#3100 = ADVANCED_FACE('',(#3101,#3109),#3120,.F.);
#3101 = FACE_BOUND('',#3102,.F.);
#3102 = EDGE_LOOP('',(#3103,#3104,#3105,#3106,#3107,#3108));
#3103 = ORIENTED_EDGE('',*,*,#2854,.T.);
#3104 = ORIENTED_EDGE('',*,*,#2837,.T.);
#3105 = ORIENTED_EDGE('',*,*,#2813,.T.);
#3106 = ORIENTED_EDGE('',*,*,#2789,.T.);
#3107 = ORIENTED_EDGE('',*,*,#2765,.T.);
#3108 = ORIENTED_EDGE('',*,*,#2734,.T.);
#3109 = FACE_BOUND('',#3110,.F.);
#3110 = EDGE_LOOP('',(#3111));
#3111 = ORIENTED_EDGE('',*,*,#3112,.F.);
#3112 = EDGE_CURVE('',#3113,#3113,#3115,.T.);
#3113 = VERTEX_POINT('',#3114);
#3114 = CARTESIAN_POINT('',(110.,-50.,55.2));
#3115 = CIRCLE('',#3116,1.7);
#3116 = AXIS2_PLACEMENT_3D('',#3117,#3118,#3119);
#3117 = CARTESIAN_POINT('',(110.,-50.,53.5));
#3118 = DIRECTION('',(1.,0.,-0.));
#3119 = DIRECTION('',(0.,0.,1.));
#3120 = PLANE('',#3121);
#3121 = AXIS2_PLACEMENT_3D('',#3122,#3123,#3124);
#3122 = CARTESIAN_POINT('',(110.,-50.,53.5));
#3123 = DIRECTION('',(1.,0.,0.));
#3124 = DIRECTION('',(0.,0.,1.));
#3125 = ADVANCED_FACE('',(#3126),#3137,.F.);
#3126 = FACE_BOUND('',#3127,.F.);
#3127 = EDGE_LOOP('',(#3128,#3129,#3135,#3136));
#3128 = ORIENTED_EDGE('',*,*,#2892,.F.);
#3129 = ORIENTED_EDGE('',*,*,#3130,.F.);
#3130 = EDGE_CURVE('',#3038,#2893,#3131,.T.);
#3131 = LINE('',#3132,#3133);
#3132 = CARTESIAN_POINT('',(85.85,50.,71.2));
#3133 = VECTOR('',#3134,1.);
#3134 = DIRECTION('',(1.,0.,0.));
#3135 = ORIENTED_EDGE('',*,*,#3037,.T.);
#3136 = ORIENTED_EDGE('',*,*,#3130,.T.);
#3137 = CYLINDRICAL_SURFACE('',#3138,1.7);
#3138 = AXIS2_PLACEMENT_3D('',#3139,#3140,#3141);
#3139 = CARTESIAN_POINT('',(85.85,50.,69.5));
#3140 = DIRECTION('',(1.,0.,0.));
#3141 = DIRECTION('',(0.,0.,1.));
#3142 = ADVANCED_FACE('',(#3143),#3154,.F.);
#3143 = FACE_BOUND('',#3144,.F.);
#3144 = EDGE_LOOP('',(#3145,#3146,#3152,#3153));
#3145 = ORIENTED_EDGE('',*,*,#2966,.F.);
#3146 = ORIENTED_EDGE('',*,*,#3147,.F.);
#3147 = EDGE_CURVE('',#3088,#2967,#3148,.T.);
#3148 = LINE('',#3149,#3150);
#3149 = CARTESIAN_POINT('',(85.85,-50.,71.2));
#3150 = VECTOR('',#3151,1.);
#3151 = DIRECTION('',(1.,0.,0.));
#3152 = ORIENTED_EDGE('',*,*,#3087,.T.);
#3153 = ORIENTED_EDGE('',*,*,#3147,.T.);
#3154 = CYLINDRICAL_SURFACE('',#3155,1.7);
#3155 = AXIS2_PLACEMENT_3D('',#3156,#3157,#3158);
#3156 = CARTESIAN_POINT('',(85.85,-50.,69.5));
#3157 = DIRECTION('',(1.,0.,0.));
#3158 = DIRECTION('',(0.,0.,1.));
#3159 = ADVANCED_FACE('',(#3160),#3171,.F.);
#3160 = FACE_BOUND('',#3161,.F.);
#3161 = EDGE_LOOP('',(#3162,#3163,#3169,#3170));
#3162 = ORIENTED_EDGE('',*,*,#2989,.F.);
#3163 = ORIENTED_EDGE('',*,*,#3164,.F.);
#3164 = EDGE_CURVE('',#3113,#2990,#3165,.T.);
#3165 = LINE('',#3166,#3167);
#3166 = CARTESIAN_POINT('',(85.85,-50.,55.2));
#3167 = VECTOR('',#3168,1.);
#3168 = DIRECTION('',(1.,0.,0.));
#3169 = ORIENTED_EDGE('',*,*,#3112,.T.);
#3170 = ORIENTED_EDGE('',*,*,#3164,.T.);
#3171 = CYLINDRICAL_SURFACE('',#3172,1.7);
#3172 = AXIS2_PLACEMENT_3D('',#3173,#3174,#3175);
#3173 = CARTESIAN_POINT('',(85.85,-50.,53.5));
#3174 = DIRECTION('',(1.,0.,0.));
#3175 = DIRECTION('',(0.,0.,1.));
#3176 = ADVANCED_FACE('',(#3177),#3188,.F.);
#3177 = FACE_BOUND('',#3178,.F.);
#3178 = EDGE_LOOP('',(#3179,#3180,#3186,#3187));
#3179 = ORIENTED_EDGE('',*,*,#3012,.F.);
#3180 = ORIENTED_EDGE('',*,*,#3181,.F.);
#3181 = EDGE_CURVE('',#3063,#3013,#3182,.T.);
#3182 = LINE('',#3183,#3184);
#3183 = CARTESIAN_POINT('',(85.85,50.,55.2));
#3184 = VECTOR('',#3185,1.);
#3185 = DIRECTION('',(1.,0.,0.));
#3186 = ORIENTED_EDGE('',*,*,#3062,.T.);
#3187 = ORIENTED_EDGE('',*,*,#3181,.T.);
#3188 = CYLINDRICAL_SURFACE('',#3189,1.7);
#3189 = AXIS2_PLACEMENT_3D('',#3190,#3191,#3192);
#3190 = CARTESIAN_POINT('',(85.85,50.,53.5));
#3191 = DIRECTION('',(1.,0.,0.));
#3192 = DIRECTION('',(0.,0.,1.));
#3193 = MANIFOLD_SOLID_BREP('',#3194);
#3194 = CLOSED_SHELL('',(#3195,#3235,#3354,#3380,#3474,#3656,#3716,#3749
    ,#3761,#3794,#3833,#3890,#3907,#3939,#3987,#4011,#4055,#4088,#4105,
    #4122,#4153,#4177,#4201,#4225,#4249,#4266,#4297,#4321,#4345,#4369,
    #4393,#4410,#4427,#4460,#4492,#4517,#4529,#4553,#4570,#4587,#4621,
    #4645,#4669,#4688,#4713,#4730,#4747,#4759,#4771));
#3195 = ADVANCED_FACE('',(#3196),#3230,.F.);
#3196 = FACE_BOUND('',#3197,.F.);
#3197 = EDGE_LOOP('',(#3198,#3208,#3216,#3224));
#3198 = ORIENTED_EDGE('',*,*,#3199,.F.);
#3199 = EDGE_CURVE('',#3200,#3202,#3204,.T.);
#3200 = VERTEX_POINT('',#3201);
#3201 = CARTESIAN_POINT('',(96.5,65.,-29.41742430504));
#3202 = VERTEX_POINT('',#3203);
#3203 = CARTESIAN_POINT('',(99.,65.,-29.41742430504));
#3204 = LINE('',#3205,#3206);
#3205 = CARTESIAN_POINT('',(96.5,65.,-29.41742430504));
#3206 = VECTOR('',#3207,1.);
#3207 = DIRECTION('',(1.,0.,0.));
#3208 = ORIENTED_EDGE('',*,*,#3209,.T.);
#3209 = EDGE_CURVE('',#3200,#3210,#3212,.T.);
#3210 = VERTEX_POINT('',#3211);
#3211 = CARTESIAN_POINT('',(96.5,65.,21.417424305044));
#3212 = LINE('',#3213,#3214);
#3213 = CARTESIAN_POINT('',(96.5,65.,-34.));
#3214 = VECTOR('',#3215,1.);
#3215 = DIRECTION('',(0.,0.,1.));
#3216 = ORIENTED_EDGE('',*,*,#3217,.T.);
#3217 = EDGE_CURVE('',#3210,#3218,#3220,.T.);
#3218 = VERTEX_POINT('',#3219);
#3219 = CARTESIAN_POINT('',(99.,65.,21.417424305044));
#3220 = LINE('',#3221,#3222);
#3221 = CARTESIAN_POINT('',(96.5,65.,21.417424305044));
#3222 = VECTOR('',#3223,1.);
#3223 = DIRECTION('',(1.,0.,0.));
#3224 = ORIENTED_EDGE('',*,*,#3225,.F.);
#3225 = EDGE_CURVE('',#3202,#3218,#3226,.T.);
#3226 = LINE('',#3227,#3228);
#3227 = CARTESIAN_POINT('',(99.,65.,-34.));
#3228 = VECTOR('',#3229,1.);
#3229 = DIRECTION('',(0.,0.,1.));
#3230 = PLANE('',#3231);
#3231 = AXIS2_PLACEMENT_3D('',#3232,#3233,#3234);
#3232 = CARTESIAN_POINT('',(96.5,65.,-34.));
#3233 = DIRECTION('',(0.,1.,0.));
#3234 = DIRECTION('',(0.,0.,1.));
#3235 = ADVANCED_FACE('',(#3236),#3349,.T.);
#3236 = FACE_BOUND('',#3237,.T.);
#3237 = EDGE_LOOP('',(#3238,#3249,#3257,#3266,#3274,#3283,#3291,#3300,
    #3308,#3317,#3324,#3325,#3334,#3342));
#3238 = ORIENTED_EDGE('',*,*,#3239,.F.);
#3239 = EDGE_CURVE('',#3240,#3242,#3244,.T.);
#3240 = VERTEX_POINT('',#3241);
#3241 = CARTESIAN_POINT('',(114.,64.5,-38.33012701892));
#3242 = VERTEX_POINT('',#3243);
#3243 = CARTESIAN_POINT('',(114.,67.,-29.));
#3244 = CIRCLE('',#3245,5.);
#3245 = AXIS2_PLACEMENT_3D('',#3246,#3247,#3248);
#3246 = CARTESIAN_POINT('',(114.,67.,-34.));
#3247 = DIRECTION('',(1.,0.,-0.));
#3248 = DIRECTION('',(0.,0.,1.));
#3249 = ORIENTED_EDGE('',*,*,#3250,.F.);
#3250 = EDGE_CURVE('',#3251,#3240,#3253,.T.);
#3251 = VERTEX_POINT('',#3252);
#3252 = CARTESIAN_POINT('',(99.,64.5,-38.33012701892));
#3253 = LINE('',#3254,#3255);
#3254 = CARTESIAN_POINT('',(96.5,64.5,-38.33012701892));
#3255 = VECTOR('',#3256,1.);
#3256 = DIRECTION('',(1.,0.,0.));
#3257 = ORIENTED_EDGE('',*,*,#3258,.F.);
#3258 = EDGE_CURVE('',#3259,#3251,#3261,.T.);
#3259 = VERTEX_POINT('',#3260);
#3260 = CARTESIAN_POINT('',(99.,64.,-38.));
#3261 = CIRCLE('',#3262,5.);
#3262 = AXIS2_PLACEMENT_3D('',#3263,#3264,#3265);
#3263 = CARTESIAN_POINT('',(99.,67.,-34.));
#3264 = DIRECTION('',(1.,0.,-0.));
#3265 = DIRECTION('',(0.,0.,1.));
#3266 = ORIENTED_EDGE('',*,*,#3267,.F.);
#3267 = EDGE_CURVE('',#3268,#3259,#3270,.T.);
#3268 = VERTEX_POINT('',#3269);
#3269 = CARTESIAN_POINT('',(97.3,64.,-38.));
#3270 = LINE('',#3271,#3272);
#3271 = CARTESIAN_POINT('',(96.5,64.,-38.));
#3272 = VECTOR('',#3273,1.);
#3273 = DIRECTION('',(1.,0.,0.));
#3274 = ORIENTED_EDGE('',*,*,#3275,.T.);
#3275 = EDGE_CURVE('',#3268,#3276,#3278,.T.);
#3276 = VERTEX_POINT('',#3277);
#3277 = CARTESIAN_POINT('',(97.3,64.669207049288,-38.4235058744));
#3278 = CIRCLE('',#3279,5.);
#3279 = AXIS2_PLACEMENT_3D('',#3280,#3281,#3282);
#3280 = CARTESIAN_POINT('',(97.3,67.,-34.));
#3281 = DIRECTION('',(1.,0.,-0.));
#3282 = DIRECTION('',(0.,0.,1.));
#3283 = ORIENTED_EDGE('',*,*,#3284,.F.);
#3284 = EDGE_CURVE('',#3285,#3276,#3287,.T.);
#3285 = VERTEX_POINT('',#3286);
#3286 = CARTESIAN_POINT('',(96.5,64.669207049289,-38.4235058744));
#3287 = LINE('',#3288,#3289);
#3288 = CARTESIAN_POINT('',(96.5,64.669207049288,-38.4235058744));
#3289 = VECTOR('',#3290,1.);
#3290 = DIRECTION('',(1.,0.,0.));
#3291 = ORIENTED_EDGE('',*,*,#3292,.T.);
#3292 = EDGE_CURVE('',#3285,#3293,#3295,.T.);
#3293 = VERTEX_POINT('',#3294);
#3294 = CARTESIAN_POINT('',(96.5,69.,-29.41742430504));
#3295 = CIRCLE('',#3296,5.);
#3296 = AXIS2_PLACEMENT_3D('',#3297,#3298,#3299);
#3297 = CARTESIAN_POINT('',(96.5,67.,-34.));
#3298 = DIRECTION('',(1.,0.,-0.));
#3299 = DIRECTION('',(0.,0.,1.));
#3300 = ORIENTED_EDGE('',*,*,#3301,.T.);
#3301 = EDGE_CURVE('',#3293,#3302,#3304,.T.);
#3302 = VERTEX_POINT('',#3303);
#3303 = CARTESIAN_POINT('',(99.,69.,-29.41742430504));
#3304 = LINE('',#3305,#3306);
#3305 = CARTESIAN_POINT('',(96.5,69.,-29.41742430504));
#3306 = VECTOR('',#3307,1.);
#3307 = DIRECTION('',(1.,0.,0.));
#3308 = ORIENTED_EDGE('',*,*,#3309,.T.);
#3309 = EDGE_CURVE('',#3302,#3310,#3312,.T.);
#3310 = VERTEX_POINT('',#3311);
#3311 = CARTESIAN_POINT('',(99.,67.,-29.));
#3312 = CIRCLE('',#3313,5.);
#3313 = AXIS2_PLACEMENT_3D('',#3314,#3315,#3316);
#3314 = CARTESIAN_POINT('',(99.,67.,-34.));
#3315 = DIRECTION('',(1.,0.,-0.));
#3316 = DIRECTION('',(0.,0.,1.));
#3317 = ORIENTED_EDGE('',*,*,#3318,.T.);
#3318 = EDGE_CURVE('',#3310,#3202,#3319,.T.);
#3319 = CIRCLE('',#3320,5.);
#3320 = AXIS2_PLACEMENT_3D('',#3321,#3322,#3323);
#3321 = CARTESIAN_POINT('',(99.,67.,-34.));
#3322 = DIRECTION('',(1.,0.,-0.));
#3323 = DIRECTION('',(0.,0.,1.));
#3324 = ORIENTED_EDGE('',*,*,#3199,.F.);
#3325 = ORIENTED_EDGE('',*,*,#3326,.T.);
#3326 = EDGE_CURVE('',#3200,#3327,#3329,.T.);
#3327 = VERTEX_POINT('',#3328);
#3328 = CARTESIAN_POINT('',(96.5,64.,-30.));
#3329 = CIRCLE('',#3330,5.);
#3330 = AXIS2_PLACEMENT_3D('',#3331,#3332,#3333);
#3331 = CARTESIAN_POINT('',(96.5,67.,-34.));
#3332 = DIRECTION('',(1.,0.,-0.));
#3333 = DIRECTION('',(0.,0.,1.));
#3334 = ORIENTED_EDGE('',*,*,#3335,.T.);
#3335 = EDGE_CURVE('',#3327,#3336,#3338,.T.);
#3336 = VERTEX_POINT('',#3337);
#3337 = CARTESIAN_POINT('',(114.,64.,-30.));
#3338 = LINE('',#3339,#3340);
#3339 = CARTESIAN_POINT('',(96.5,64.,-30.));
#3340 = VECTOR('',#3341,1.);
#3341 = DIRECTION('',(1.,0.,0.));
#3342 = ORIENTED_EDGE('',*,*,#3343,.F.);
#3343 = EDGE_CURVE('',#3242,#3336,#3344,.T.);
#3344 = CIRCLE('',#3345,5.);
#3345 = AXIS2_PLACEMENT_3D('',#3346,#3347,#3348);
#3346 = CARTESIAN_POINT('',(114.,67.,-34.));
#3347 = DIRECTION('',(1.,0.,-0.));
#3348 = DIRECTION('',(0.,0.,1.));
#3349 = CYLINDRICAL_SURFACE('',#3350,5.);
#3350 = AXIS2_PLACEMENT_3D('',#3351,#3352,#3353);
#3351 = CARTESIAN_POINT('',(96.5,67.,-34.));
#3352 = DIRECTION('',(1.,0.,0.));
#3353 = DIRECTION('',(0.,0.,1.));
#3354 = ADVANCED_FACE('',(#3355),#3375,.T.);
#3355 = FACE_BOUND('',#3356,.T.);
#3356 = EDGE_LOOP('',(#3357,#3358,#3359,#3360,#3368));
#3357 = ORIENTED_EDGE('',*,*,#3225,.F.);
#3358 = ORIENTED_EDGE('',*,*,#3318,.F.);
#3359 = ORIENTED_EDGE('',*,*,#3309,.F.);
#3360 = ORIENTED_EDGE('',*,*,#3361,.T.);
#3361 = EDGE_CURVE('',#3302,#3362,#3364,.T.);
#3362 = VERTEX_POINT('',#3363);
#3363 = CARTESIAN_POINT('',(99.,69.,21.417424305044));
#3364 = LINE('',#3365,#3366);
#3365 = CARTESIAN_POINT('',(99.,69.,-34.));
#3366 = VECTOR('',#3367,1.);
#3367 = DIRECTION('',(0.,0.,1.));
#3368 = ORIENTED_EDGE('',*,*,#3369,.F.);
#3369 = EDGE_CURVE('',#3218,#3362,#3370,.T.);
#3370 = CIRCLE('',#3371,5.);
#3371 = AXIS2_PLACEMENT_3D('',#3372,#3373,#3374);
#3372 = CARTESIAN_POINT('',(99.,67.,26.));
#3373 = DIRECTION('',(1.,0.,-0.));
#3374 = DIRECTION('',(0.,0.,1.));
#3375 = PLANE('',#3376);
#3376 = AXIS2_PLACEMENT_3D('',#3377,#3378,#3379);
#3377 = CARTESIAN_POINT('',(99.,65.,-34.));
#3378 = DIRECTION('',(1.,0.,0.));
#3379 = DIRECTION('',(0.,0.,1.));
#3380 = ADVANCED_FACE('',(#3381),#3469,.T.);
#3381 = FACE_BOUND('',#3382,.T.);
#3382 = EDGE_LOOP('',(#3383,#3394,#3402,#3411,#3419,#3428,#3437,#3445,
    #3452,#3453,#3454,#3462));
#3383 = ORIENTED_EDGE('',*,*,#3384,.T.);
#3384 = EDGE_CURVE('',#3385,#3387,#3389,.T.);
#3385 = VERTEX_POINT('',#3386);
#3386 = CARTESIAN_POINT('',(96.5,67.,31.));
#3387 = VERTEX_POINT('',#3388);
#3388 = CARTESIAN_POINT('',(96.5,64.,30.));
#3389 = CIRCLE('',#3390,5.);
#3390 = AXIS2_PLACEMENT_3D('',#3391,#3392,#3393);
#3391 = CARTESIAN_POINT('',(96.5,67.,26.));
#3392 = DIRECTION('',(1.,0.,-0.));
#3393 = DIRECTION('',(0.,0.,1.));
#3394 = ORIENTED_EDGE('',*,*,#3395,.T.);
#3395 = EDGE_CURVE('',#3387,#3396,#3398,.T.);
#3396 = VERTEX_POINT('',#3397);
#3397 = CARTESIAN_POINT('',(99.,64.,30.));
#3398 = LINE('',#3399,#3400);
#3399 = CARTESIAN_POINT('',(96.5,64.,30.));
#3400 = VECTOR('',#3401,1.);
#3401 = DIRECTION('',(1.,0.,0.));
#3402 = ORIENTED_EDGE('',*,*,#3403,.F.);
#3403 = EDGE_CURVE('',#3404,#3396,#3406,.T.);
#3404 = VERTEX_POINT('',#3405);
#3405 = CARTESIAN_POINT('',(99.,64.5,30.330127018922));
#3406 = CIRCLE('',#3407,5.);
#3407 = AXIS2_PLACEMENT_3D('',#3408,#3409,#3410);
#3408 = CARTESIAN_POINT('',(99.,67.,26.));
#3409 = DIRECTION('',(1.,0.,-0.));
#3410 = DIRECTION('',(0.,0.,1.));
#3411 = ORIENTED_EDGE('',*,*,#3412,.T.);
#3412 = EDGE_CURVE('',#3404,#3413,#3415,.T.);
#3413 = VERTEX_POINT('',#3414);
#3414 = CARTESIAN_POINT('',(114.,64.5,30.330127018922));
#3415 = LINE('',#3416,#3417);
#3416 = CARTESIAN_POINT('',(96.5,64.5,30.330127018922));
#3417 = VECTOR('',#3418,1.);
#3418 = DIRECTION('',(1.,0.,0.));
#3419 = ORIENTED_EDGE('',*,*,#3420,.F.);
#3420 = EDGE_CURVE('',#3421,#3413,#3423,.T.);
#3421 = VERTEX_POINT('',#3422);
#3422 = CARTESIAN_POINT('',(114.,67.,31.));
#3423 = CIRCLE('',#3424,5.);
#3424 = AXIS2_PLACEMENT_3D('',#3425,#3426,#3427);
#3425 = CARTESIAN_POINT('',(114.,67.,26.));
#3426 = DIRECTION('',(1.,0.,-0.));
#3427 = DIRECTION('',(0.,0.,1.));
#3428 = ORIENTED_EDGE('',*,*,#3429,.F.);
#3429 = EDGE_CURVE('',#3430,#3421,#3432,.T.);
#3430 = VERTEX_POINT('',#3431);
#3431 = CARTESIAN_POINT('',(114.,64.,22.));
#3432 = CIRCLE('',#3433,5.);
#3433 = AXIS2_PLACEMENT_3D('',#3434,#3435,#3436);
#3434 = CARTESIAN_POINT('',(114.,67.,26.));
#3435 = DIRECTION('',(1.,0.,-0.));
#3436 = DIRECTION('',(0.,0.,1.));
#3437 = ORIENTED_EDGE('',*,*,#3438,.F.);
#3438 = EDGE_CURVE('',#3439,#3430,#3441,.T.);
#3439 = VERTEX_POINT('',#3440);
#3440 = CARTESIAN_POINT('',(96.5,64.,22.));
#3441 = LINE('',#3442,#3443);
#3442 = CARTESIAN_POINT('',(96.5,64.,22.));
#3443 = VECTOR('',#3444,1.);
#3444 = DIRECTION('',(1.,0.,0.));
#3445 = ORIENTED_EDGE('',*,*,#3446,.T.);
#3446 = EDGE_CURVE('',#3439,#3210,#3447,.T.);
#3447 = CIRCLE('',#3448,5.);
#3448 = AXIS2_PLACEMENT_3D('',#3449,#3450,#3451);
#3449 = CARTESIAN_POINT('',(96.5,67.,26.));
#3450 = DIRECTION('',(1.,0.,-0.));
#3451 = DIRECTION('',(0.,0.,1.));
#3452 = ORIENTED_EDGE('',*,*,#3217,.T.);
#3453 = ORIENTED_EDGE('',*,*,#3369,.T.);
#3454 = ORIENTED_EDGE('',*,*,#3455,.F.);
#3455 = EDGE_CURVE('',#3456,#3362,#3458,.T.);
#3456 = VERTEX_POINT('',#3457);
#3457 = CARTESIAN_POINT('',(96.5,69.,21.417424305044));
#3458 = LINE('',#3459,#3460);
#3459 = CARTESIAN_POINT('',(96.5,69.,21.417424305044));
#3460 = VECTOR('',#3461,1.);
#3461 = DIRECTION('',(1.,0.,0.));
#3462 = ORIENTED_EDGE('',*,*,#3463,.T.);
#3463 = EDGE_CURVE('',#3456,#3385,#3464,.T.);
#3464 = CIRCLE('',#3465,5.);
#3465 = AXIS2_PLACEMENT_3D('',#3466,#3467,#3468);
#3466 = CARTESIAN_POINT('',(96.5,67.,26.));
#3467 = DIRECTION('',(1.,0.,-0.));
#3468 = DIRECTION('',(0.,0.,1.));
#3469 = CYLINDRICAL_SURFACE('',#3470,5.);
#3470 = AXIS2_PLACEMENT_3D('',#3471,#3472,#3473);
#3471 = CARTESIAN_POINT('',(96.5,67.,26.));
#3472 = DIRECTION('',(1.,0.,0.));
#3473 = DIRECTION('',(0.,0.,1.));
#3474 = ADVANCED_FACE('',(#3475,#3551,#3601),#3651,.T.);
#3475 = FACE_BOUND('',#3476,.T.);
#3476 = EDGE_LOOP('',(#3477,#3478,#3479,#3480,#3488,#3496,#3502,#3503,
    #3504,#3510,#3511,#3520,#3529,#3537,#3545));
#3477 = ORIENTED_EDGE('',*,*,#3326,.F.);
#3478 = ORIENTED_EDGE('',*,*,#3209,.T.);
#3479 = ORIENTED_EDGE('',*,*,#3446,.F.);
#3480 = ORIENTED_EDGE('',*,*,#3481,.F.);
#3481 = EDGE_CURVE('',#3482,#3439,#3484,.T.);
#3482 = VERTEX_POINT('',#3483);
#3483 = CARTESIAN_POINT('',(96.5,56.,22.));
#3484 = LINE('',#3485,#3486);
#3485 = CARTESIAN_POINT('',(96.5,56.,22.));
#3486 = VECTOR('',#3487,1.);
#3487 = DIRECTION('',(0.,1.,0.));
#3488 = ORIENTED_EDGE('',*,*,#3489,.T.);
#3489 = EDGE_CURVE('',#3482,#3490,#3492,.T.);
#3490 = VERTEX_POINT('',#3491);
#3491 = CARTESIAN_POINT('',(96.5,56.,30.));
#3492 = LINE('',#3493,#3494);
#3493 = CARTESIAN_POINT('',(96.5,56.,22.));
#3494 = VECTOR('',#3495,1.);
#3495 = DIRECTION('',(0.,0.,1.));
#3496 = ORIENTED_EDGE('',*,*,#3497,.T.);
#3497 = EDGE_CURVE('',#3490,#3387,#3498,.T.);
#3498 = LINE('',#3499,#3500);
#3499 = CARTESIAN_POINT('',(96.5,56.,30.));
#3500 = VECTOR('',#3501,1.);
#3501 = DIRECTION('',(0.,1.,0.));
#3502 = ORIENTED_EDGE('',*,*,#3384,.F.);
#3503 = ORIENTED_EDGE('',*,*,#3463,.F.);
#3504 = ORIENTED_EDGE('',*,*,#3505,.F.);
#3505 = EDGE_CURVE('',#3293,#3456,#3506,.T.);
#3506 = LINE('',#3507,#3508);
#3507 = CARTESIAN_POINT('',(96.5,69.,-34.));
#3508 = VECTOR('',#3509,1.);
#3509 = DIRECTION('',(0.,0.,1.));
#3510 = ORIENTED_EDGE('',*,*,#3292,.F.);
#3511 = ORIENTED_EDGE('',*,*,#3512,.T.);
#3512 = EDGE_CURVE('',#3285,#3513,#3515,.T.);
#3513 = VERTEX_POINT('',#3514);
#3514 = CARTESIAN_POINT('',(96.5,62.,-36.9));
#3515 = CIRCLE('',#3516,3.1);
#3516 = AXIS2_PLACEMENT_3D('',#3517,#3518,#3519);
#3517 = CARTESIAN_POINT('',(96.5,62.,-40.));
#3518 = DIRECTION('',(1.,0.,-0.));
#3519 = DIRECTION('',(0.,0.,1.));
#3520 = ORIENTED_EDGE('',*,*,#3521,.T.);
#3521 = EDGE_CURVE('',#3513,#3522,#3524,.T.);
#3522 = VERTEX_POINT('',#3523);
#3523 = CARTESIAN_POINT('',(96.5,59.631456143534,-38.));
#3524 = CIRCLE('',#3525,3.1);
#3525 = AXIS2_PLACEMENT_3D('',#3526,#3527,#3528);
#3526 = CARTESIAN_POINT('',(96.5,62.,-40.));
#3527 = DIRECTION('',(1.,0.,-0.));
#3528 = DIRECTION('',(0.,0.,1.));
#3529 = ORIENTED_EDGE('',*,*,#3530,.F.);
#3530 = EDGE_CURVE('',#3531,#3522,#3533,.T.);
#3531 = VERTEX_POINT('',#3532);
#3532 = CARTESIAN_POINT('',(96.5,56.,-38.));
#3533 = LINE('',#3534,#3535);
#3534 = CARTESIAN_POINT('',(96.5,56.,-38.));
#3535 = VECTOR('',#3536,1.);
#3536 = DIRECTION('',(0.,1.,0.));
#3537 = ORIENTED_EDGE('',*,*,#3538,.T.);
#3538 = EDGE_CURVE('',#3531,#3539,#3541,.T.);
#3539 = VERTEX_POINT('',#3540);
#3540 = CARTESIAN_POINT('',(96.5,56.,-30.));
#3541 = LINE('',#3542,#3543);
#3542 = CARTESIAN_POINT('',(96.5,56.,-38.));
#3543 = VECTOR('',#3544,1.);
#3544 = DIRECTION('',(0.,0.,1.));
#3545 = ORIENTED_EDGE('',*,*,#3546,.T.);
#3546 = EDGE_CURVE('',#3539,#3327,#3547,.T.);
#3547 = LINE('',#3548,#3549);
#3548 = CARTESIAN_POINT('',(96.5,56.,-30.));
#3549 = VECTOR('',#3550,1.);
#3550 = DIRECTION('',(0.,1.,0.));
#3551 = FACE_BOUND('',#3552,.T.);
#3552 = EDGE_LOOP('',(#3553,#3563,#3571,#3579,#3587,#3595));
#3553 = ORIENTED_EDGE('',*,*,#3554,.T.);
#3554 = EDGE_CURVE('',#3555,#3557,#3559,.T.);
#3555 = VERTEX_POINT('',#3556);
#3556 = CARTESIAN_POINT('',(96.5,69.9,-35.67431578065));
#3557 = VERTEX_POINT('',#3558);
#3558 = CARTESIAN_POINT('',(96.5,69.9,-32.32568421935));
#3559 = LINE('',#3560,#3561);
#3560 = CARTESIAN_POINT('',(96.5,69.9,-19.79696917602));
#3561 = VECTOR('',#3562,1.);
#3562 = DIRECTION('',(0.,0.,1.));
#3563 = ORIENTED_EDGE('',*,*,#3564,.T.);
#3564 = EDGE_CURVE('',#3557,#3565,#3567,.T.);
#3565 = VERTEX_POINT('',#3566);
#3566 = CARTESIAN_POINT('',(96.5,67.,-30.6513684387));
#3567 = LINE('',#3568,#3569);
#3568 = CARTESIAN_POINT('',(96.5,61.988284751784,-27.75785329104));
#3569 = VECTOR('',#3570,1.);
#3570 = DIRECTION('',(0.,-0.866025403784,0.5));
#3571 = ORIENTED_EDGE('',*,*,#3572,.T.);
#3572 = EDGE_CURVE('',#3565,#3573,#3575,.T.);
#3573 = VERTEX_POINT('',#3574);
#3574 = CARTESIAN_POINT('',(96.5,64.1,-32.32568421935));
#3575 = LINE('',#3576,#3577);
#3576 = CARTESIAN_POINT('',(96.5,72.113470256084,-27.69910500985));
#3577 = VECTOR('',#3578,1.);
#3578 = DIRECTION('',(0.,-0.866025403784,-0.5));
#3579 = ORIENTED_EDGE('',*,*,#3580,.T.);
#3580 = EDGE_CURVE('',#3573,#3581,#3583,.T.);
#3581 = VERTEX_POINT('',#3582);
#3582 = CARTESIAN_POINT('',(96.5,64.1,-35.67431578065));
#3583 = LINE('',#3584,#3585);
#3584 = CARTESIAN_POINT('',(96.5,64.1,-18.12265339537));
#3585 = VECTOR('',#3586,1.);
#3586 = DIRECTION('',(0.,0.,-1.));
#3587 = ORIENTED_EDGE('',*,*,#3588,.T.);
#3588 = EDGE_CURVE('',#3581,#3589,#3591,.T.);
#3589 = VERTEX_POINT('',#3590);
#3590 = CARTESIAN_POINT('',(96.5,67.,-37.3486315613));
#3591 = LINE('',#3592,#3593);
#3592 = CARTESIAN_POINT('',(96.5,57.638284751784,-31.94364274266));
#3593 = VECTOR('',#3594,1.);
#3594 = DIRECTION('',(0.,0.866025403784,-0.5));
#3595 = ORIENTED_EDGE('',*,*,#3596,.T.);
#3596 = EDGE_CURVE('',#3589,#3555,#3597,.T.);
#3597 = LINE('',#3598,#3599);
#3598 = CARTESIAN_POINT('',(96.5,73.563470256084,-33.55921024213));
#3599 = VECTOR('',#3600,1.);
#3600 = DIRECTION('',(0.,0.866025403784,0.5));
#3601 = FACE_BOUND('',#3602,.T.);
#3602 = EDGE_LOOP('',(#3603,#3613,#3621,#3629,#3637,#3645));
#3603 = ORIENTED_EDGE('',*,*,#3604,.T.);
#3604 = EDGE_CURVE('',#3605,#3607,#3609,.T.);
#3605 = VERTEX_POINT('',#3606);
#3606 = CARTESIAN_POINT('',(96.5,69.9,24.32568421935));
#3607 = VERTEX_POINT('',#3608);
#3608 = CARTESIAN_POINT('',(96.5,69.9,27.67431578065));
#3609 = LINE('',#3610,#3611);
#3610 = CARTESIAN_POINT('',(96.5,69.9,10.20303082398));
#3611 = VECTOR('',#3612,1.);
#3612 = DIRECTION('',(0.,0.,1.));
#3613 = ORIENTED_EDGE('',*,*,#3614,.T.);
#3614 = EDGE_CURVE('',#3607,#3615,#3617,.T.);
#3615 = VERTEX_POINT('',#3616);
#3616 = CARTESIAN_POINT('',(96.5,67.,29.3486315613));
#3617 = LINE('',#3618,#3619);
#3618 = CARTESIAN_POINT('',(96.5,74.97866580855,24.742146708959));
#3619 = VECTOR('',#3620,1.);
#3620 = DIRECTION('',(0.,-0.866025403784,0.5));
#3621 = ORIENTED_EDGE('',*,*,#3622,.T.);
#3622 = EDGE_CURVE('',#3615,#3623,#3625,.T.);
#3623 = VERTEX_POINT('',#3624);
#3624 = CARTESIAN_POINT('',(96.5,64.1,27.67431578065));
#3625 = LINE('',#3626,#3627);
#3626 = CARTESIAN_POINT('',(96.5,59.123089199317,24.800894990143));
#3627 = VECTOR('',#3628,1.);
#3628 = DIRECTION('',(0.,-0.866025403784,-0.5));
#3629 = ORIENTED_EDGE('',*,*,#3630,.T.);
#3630 = EDGE_CURVE('',#3623,#3631,#3633,.T.);
#3631 = VERTEX_POINT('',#3632);
#3632 = CARTESIAN_POINT('',(96.5,64.1,24.32568421935));
#3633 = LINE('',#3634,#3635);
#3634 = CARTESIAN_POINT('',(96.5,64.1,11.87734660463));
#3635 = VECTOR('',#3636,1.);
#3636 = DIRECTION('',(0.,0.,-1.));
#3637 = ORIENTED_EDGE('',*,*,#3638,.T.);
#3638 = EDGE_CURVE('',#3631,#3639,#3641,.T.);
#3639 = VERTEX_POINT('',#3640);
#3640 = CARTESIAN_POINT('',(96.5,67.,22.6513684387));
#3641 = LINE('',#3642,#3643);
#3642 = CARTESIAN_POINT('',(96.5,70.62866580855,20.556357257334));
#3643 = VECTOR('',#3644,1.);
#3644 = DIRECTION('',(0.,0.866025403784,-0.5));
#3645 = ORIENTED_EDGE('',*,*,#3646,.T.);
#3646 = EDGE_CURVE('',#3639,#3605,#3647,.T.);
#3647 = LINE('',#3648,#3649);
#3648 = CARTESIAN_POINT('',(96.5,60.573089199317,18.940789757868));
#3649 = VECTOR('',#3650,1.);
#3650 = DIRECTION('',(0.,0.866025403784,0.5));
#3651 = PLANE('',#3652);
#3652 = AXIS2_PLACEMENT_3D('',#3653,#3654,#3655);
#3653 = CARTESIAN_POINT('',(96.5,65.20234001049,-3.91962257139));
#3654 = DIRECTION('',(-1.,-0.,-0.));
#3655 = DIRECTION('',(0.,0.,-1.));
#3656 = ADVANCED_FACE('',(#3657,#3700),#3711,.T.);
#3657 = FACE_BOUND('',#3658,.T.);
#3658 = EDGE_LOOP('',(#3659,#3667,#3668,#3669,#3677,#3685,#3693));
#3659 = ORIENTED_EDGE('',*,*,#3660,.T.);
#3660 = EDGE_CURVE('',#3661,#3240,#3663,.T.);
#3661 = VERTEX_POINT('',#3662);
#3662 = CARTESIAN_POINT('',(114.,64.5,-40.71518645886));
#3663 = LINE('',#3664,#3665);
#3664 = CARTESIAN_POINT('',(114.,64.5,-44.5));
#3665 = VECTOR('',#3666,1.);
#3666 = DIRECTION('',(0.,0.,1.));
#3667 = ORIENTED_EDGE('',*,*,#3239,.T.);
#3668 = ORIENTED_EDGE('',*,*,#3343,.T.);
#3669 = ORIENTED_EDGE('',*,*,#3670,.F.);
#3670 = EDGE_CURVE('',#3671,#3336,#3673,.T.);
#3671 = VERTEX_POINT('',#3672);
#3672 = CARTESIAN_POINT('',(114.,61.5,-30.));
#3673 = LINE('',#3674,#3675);
#3674 = CARTESIAN_POINT('',(114.,61.5,-30.));
#3675 = VECTOR('',#3676,1.);
#3676 = DIRECTION('',(0.,1.,0.));
#3677 = ORIENTED_EDGE('',*,*,#3678,.F.);
#3678 = EDGE_CURVE('',#3679,#3671,#3681,.T.);
#3679 = VERTEX_POINT('',#3680);
#3680 = CARTESIAN_POINT('',(114.,61.5,-44.5));
#3681 = LINE('',#3682,#3683);
#3682 = CARTESIAN_POINT('',(114.,61.5,-44.5));
#3683 = VECTOR('',#3684,1.);
#3684 = DIRECTION('',(0.,0.,1.));
#3685 = ORIENTED_EDGE('',*,*,#3686,.T.);
#3686 = EDGE_CURVE('',#3679,#3687,#3689,.T.);
#3687 = VERTEX_POINT('',#3688);
#3688 = CARTESIAN_POINT('',(114.,63.226112695088,-44.5));
#3689 = LINE('',#3690,#3691);
#3690 = CARTESIAN_POINT('',(114.,61.5,-44.5));
#3691 = VECTOR('',#3692,1.);
#3692 = DIRECTION('',(0.,1.,0.));
#3693 = ORIENTED_EDGE('',*,*,#3694,.F.);
#3694 = EDGE_CURVE('',#3661,#3687,#3695,.T.);
#3695 = CIRCLE('',#3696,4.8);
#3696 = AXIS2_PLACEMENT_3D('',#3697,#3698,#3699);
#3697 = CARTESIAN_POINT('',(114.,68.,-44.));
#3698 = DIRECTION('',(1.,0.,-0.));
#3699 = DIRECTION('',(0.,0.,1.));
#3700 = FACE_BOUND('',#3701,.T.);
#3701 = EDGE_LOOP('',(#3702));
#3702 = ORIENTED_EDGE('',*,*,#3703,.F.);
#3703 = EDGE_CURVE('',#3704,#3704,#3706,.T.);
#3704 = VERTEX_POINT('',#3705);
#3705 = CARTESIAN_POINT('',(114.,67.,-32.3));
#3706 = CIRCLE('',#3707,1.7);
#3707 = AXIS2_PLACEMENT_3D('',#3708,#3709,#3710);
#3708 = CARTESIAN_POINT('',(114.,67.,-34.));
#3709 = DIRECTION('',(1.,0.,-0.));
#3710 = DIRECTION('',(0.,0.,1.));
#3711 = PLANE('',#3712);
#3712 = AXIS2_PLACEMENT_3D('',#3713,#3714,#3715);
#3713 = CARTESIAN_POINT('',(114.,65.185024675465,-36.35467059907));
#3714 = DIRECTION('',(1.,0.,0.));
#3715 = DIRECTION('',(0.,0.,1.));
#3716 = ADVANCED_FACE('',(#3717),#3744,.T.);
#3717 = FACE_BOUND('',#3718,.T.);
#3718 = EDGE_LOOP('',(#3719,#3720,#3728,#3736,#3742,#3743));
#3719 = ORIENTED_EDGE('',*,*,#3546,.F.);
#3720 = ORIENTED_EDGE('',*,*,#3721,.T.);
#3721 = EDGE_CURVE('',#3539,#3722,#3724,.T.);
#3722 = VERTEX_POINT('',#3723);
#3723 = CARTESIAN_POINT('',(99.,56.,-30.));
#3724 = LINE('',#3725,#3726);
#3725 = CARTESIAN_POINT('',(96.5,56.,-30.));
#3726 = VECTOR('',#3727,1.);
#3727 = DIRECTION('',(1.,0.,0.));
#3728 = ORIENTED_EDGE('',*,*,#3729,.T.);
#3729 = EDGE_CURVE('',#3722,#3730,#3732,.T.);
#3730 = VERTEX_POINT('',#3731);
#3731 = CARTESIAN_POINT('',(99.,61.5,-30.));
#3732 = LINE('',#3733,#3734);
#3733 = CARTESIAN_POINT('',(99.,56.,-30.));
#3734 = VECTOR('',#3735,1.);
#3735 = DIRECTION('',(0.,1.,0.));
#3736 = ORIENTED_EDGE('',*,*,#3737,.T.);
#3737 = EDGE_CURVE('',#3730,#3671,#3738,.T.);
#3738 = LINE('',#3739,#3740);
#3739 = CARTESIAN_POINT('',(99.,61.5,-30.));
#3740 = VECTOR('',#3741,1.);
#3741 = DIRECTION('',(1.,0.,0.));
#3742 = ORIENTED_EDGE('',*,*,#3670,.T.);
#3743 = ORIENTED_EDGE('',*,*,#3335,.F.);
#3744 = PLANE('',#3745);
#3745 = AXIS2_PLACEMENT_3D('',#3746,#3747,#3748);
#3746 = CARTESIAN_POINT('',(103.63235294117,61.617647058824,-30.));
#3747 = DIRECTION('',(0.,0.,1.));
#3748 = DIRECTION('',(1.,0.,0.));
#3749 = ADVANCED_FACE('',(#3750),#3756,.T.);
#3750 = FACE_BOUND('',#3751,.T.);
#3751 = EDGE_LOOP('',(#3752,#3753,#3754,#3755));
#3752 = ORIENTED_EDGE('',*,*,#3301,.F.);
#3753 = ORIENTED_EDGE('',*,*,#3505,.T.);
#3754 = ORIENTED_EDGE('',*,*,#3455,.T.);
#3755 = ORIENTED_EDGE('',*,*,#3361,.F.);
#3756 = PLANE('',#3757);
#3757 = AXIS2_PLACEMENT_3D('',#3758,#3759,#3760);
#3758 = CARTESIAN_POINT('',(96.5,69.,-34.));
#3759 = DIRECTION('',(0.,1.,0.));
#3760 = DIRECTION('',(0.,0.,1.));
#3761 = ADVANCED_FACE('',(#3762),#3789,.F.);
#3762 = FACE_BOUND('',#3763,.F.);
#3763 = EDGE_LOOP('',(#3764,#3773,#3782,#3788));
#3764 = ORIENTED_EDGE('',*,*,#3765,.T.);
#3765 = EDGE_CURVE('',#3276,#3766,#3768,.T.);
#3766 = VERTEX_POINT('',#3767);
#3767 = CARTESIAN_POINT('',(97.3,62.,-36.9));
#3768 = CIRCLE('',#3769,3.1);
#3769 = AXIS2_PLACEMENT_3D('',#3770,#3771,#3772);
#3770 = CARTESIAN_POINT('',(97.3,62.,-40.));
#3771 = DIRECTION('',(1.,0.,-0.));
#3772 = DIRECTION('',(0.,0.,1.));
#3773 = ORIENTED_EDGE('',*,*,#3774,.T.);
#3774 = EDGE_CURVE('',#3766,#3775,#3777,.T.);
#3775 = VERTEX_POINT('',#3776);
#3776 = CARTESIAN_POINT('',(97.3,59.631456143535,-38.));
#3777 = CIRCLE('',#3778,3.1);
#3778 = AXIS2_PLACEMENT_3D('',#3779,#3780,#3781);
#3779 = CARTESIAN_POINT('',(97.3,62.,-40.));
#3780 = DIRECTION('',(1.,0.,-0.));
#3781 = DIRECTION('',(0.,0.,1.));
#3782 = ORIENTED_EDGE('',*,*,#3783,.T.);
#3783 = EDGE_CURVE('',#3775,#3268,#3784,.T.);
#3784 = LINE('',#3785,#3786);
#3785 = CARTESIAN_POINT('',(97.3,59.,-38.));
#3786 = VECTOR('',#3787,1.);
#3787 = DIRECTION('',(0.,1.,0.));
#3788 = ORIENTED_EDGE('',*,*,#3275,.T.);
#3789 = PLANE('',#3790);
#3790 = AXIS2_PLACEMENT_3D('',#3791,#3792,#3793);
#3791 = CARTESIAN_POINT('',(97.3,62.,-40.));
#3792 = DIRECTION('',(1.,0.,0.));
#3793 = DIRECTION('',(0.,0.,1.));
#3794 = ADVANCED_FACE('',(#3795),#3828,.F.);
#3795 = FACE_BOUND('',#3796,.F.);
#3796 = EDGE_LOOP('',(#3797,#3798,#3806,#3814,#3820,#3821,#3822));
#3797 = ORIENTED_EDGE('',*,*,#3530,.F.);
#3798 = ORIENTED_EDGE('',*,*,#3799,.T.);
#3799 = EDGE_CURVE('',#3531,#3800,#3802,.T.);
#3800 = VERTEX_POINT('',#3801);
#3801 = CARTESIAN_POINT('',(99.,56.,-38.));
#3802 = LINE('',#3803,#3804);
#3803 = CARTESIAN_POINT('',(96.5,56.,-38.));
#3804 = VECTOR('',#3805,1.);
#3805 = DIRECTION('',(1.,0.,0.));
#3806 = ORIENTED_EDGE('',*,*,#3807,.T.);
#3807 = EDGE_CURVE('',#3800,#3808,#3810,.T.);
#3808 = VERTEX_POINT('',#3809);
#3809 = CARTESIAN_POINT('',(99.,61.5,-38.));
#3810 = LINE('',#3811,#3812);
#3811 = CARTESIAN_POINT('',(99.,56.,-38.));
#3812 = VECTOR('',#3813,1.);
#3813 = DIRECTION('',(0.,1.,0.));
#3814 = ORIENTED_EDGE('',*,*,#3815,.T.);
#3815 = EDGE_CURVE('',#3808,#3259,#3816,.T.);
#3816 = LINE('',#3817,#3818);
#3817 = CARTESIAN_POINT('',(99.,56.,-38.));
#3818 = VECTOR('',#3819,1.);
#3819 = DIRECTION('',(0.,1.,0.));
#3820 = ORIENTED_EDGE('',*,*,#3267,.F.);
#3821 = ORIENTED_EDGE('',*,*,#3783,.F.);
#3822 = ORIENTED_EDGE('',*,*,#3823,.F.);
#3823 = EDGE_CURVE('',#3522,#3775,#3824,.T.);
#3824 = LINE('',#3825,#3826);
#3825 = CARTESIAN_POINT('',(96.3,59.631456143535,-38.));
#3826 = VECTOR('',#3827,1.);
#3827 = DIRECTION('',(1.,0.,0.));
#3828 = PLANE('',#3829);
#3829 = AXIS2_PLACEMENT_3D('',#3830,#3831,#3832);
#3830 = CARTESIAN_POINT('',(96.5,56.,-38.));
#3831 = DIRECTION('',(0.,0.,1.));
#3832 = DIRECTION('',(1.,0.,0.));
#3833 = ADVANCED_FACE('',(#3834),#3885,.T.);
#3834 = FACE_BOUND('',#3835,.T.);
#3835 = EDGE_LOOP('',(#3836,#3846,#3852,#3853,#3854,#3862,#3871,#3879));
#3836 = ORIENTED_EDGE('',*,*,#3837,.T.);
#3837 = EDGE_CURVE('',#3838,#3840,#3842,.T.);
#3838 = VERTEX_POINT('',#3839);
#3839 = CARTESIAN_POINT('',(99.,56.,-43.));
#3840 = VERTEX_POINT('',#3841);
#3841 = CARTESIAN_POINT('',(99.,61.5,-43.));
#3842 = LINE('',#3843,#3844);
#3843 = CARTESIAN_POINT('',(99.,56.,-43.));
#3844 = VECTOR('',#3845,1.);
#3845 = DIRECTION('',(0.,1.,0.));
#3846 = ORIENTED_EDGE('',*,*,#3847,.T.);
#3847 = EDGE_CURVE('',#3840,#3808,#3848,.T.);
#3848 = LINE('',#3849,#3850);
#3849 = CARTESIAN_POINT('',(99.,61.5,-44.5));
#3850 = VECTOR('',#3851,1.);
#3851 = DIRECTION('',(0.,0.,1.));
#3852 = ORIENTED_EDGE('',*,*,#3815,.T.);
#3853 = ORIENTED_EDGE('',*,*,#3258,.T.);
#3854 = ORIENTED_EDGE('',*,*,#3855,.F.);
#3855 = EDGE_CURVE('',#3856,#3251,#3858,.T.);
#3856 = VERTEX_POINT('',#3857);
#3857 = CARTESIAN_POINT('',(99.,64.5,-40.71518645886));
#3858 = LINE('',#3859,#3860);
#3859 = CARTESIAN_POINT('',(99.,64.5,-44.5));
#3860 = VECTOR('',#3861,1.);
#3861 = DIRECTION('',(0.,0.,1.));
#3862 = ORIENTED_EDGE('',*,*,#3863,.T.);
#3863 = EDGE_CURVE('',#3856,#3864,#3866,.T.);
#3864 = VERTEX_POINT('',#3865);
#3865 = CARTESIAN_POINT('',(99.,63.226112695088,-44.5));
#3866 = CIRCLE('',#3867,4.8);
#3867 = AXIS2_PLACEMENT_3D('',#3868,#3869,#3870);
#3868 = CARTESIAN_POINT('',(99.,68.,-44.));
#3869 = DIRECTION('',(1.,0.,-0.));
#3870 = DIRECTION('',(0.,0.,1.));
#3871 = ORIENTED_EDGE('',*,*,#3872,.F.);
#3872 = EDGE_CURVE('',#3873,#3864,#3875,.T.);
#3873 = VERTEX_POINT('',#3874);
#3874 = CARTESIAN_POINT('',(99.,56.,-44.5));
#3875 = LINE('',#3876,#3877);
#3876 = CARTESIAN_POINT('',(99.,61.5,-44.5));
#3877 = VECTOR('',#3878,1.);
#3878 = DIRECTION('',(0.,1.,0.));
#3879 = ORIENTED_EDGE('',*,*,#3880,.T.);
#3880 = EDGE_CURVE('',#3873,#3838,#3881,.T.);
#3881 = LINE('',#3882,#3883);
#3882 = CARTESIAN_POINT('',(99.,56.,-44.5));
#3883 = VECTOR('',#3884,1.);
#3884 = DIRECTION('',(0.,0.,1.));
#3885 = PLANE('',#3886);
#3886 = AXIS2_PLACEMENT_3D('',#3887,#3888,#3889);
#3887 = CARTESIAN_POINT('',(99.,61.139945320928,-42.20053323033));
#3888 = DIRECTION('',(-1.,-0.,-0.));
#3889 = DIRECTION('',(0.,0.,-1.));
#3890 = ADVANCED_FACE('',(#3891),#3902,.T.);
#3891 = FACE_BOUND('',#3892,.T.);
#3892 = EDGE_LOOP('',(#3893,#3899,#3900,#3901));
#3893 = ORIENTED_EDGE('',*,*,#3894,.F.);
#3894 = EDGE_CURVE('',#3856,#3661,#3895,.T.);
#3895 = LINE('',#3896,#3897);
#3896 = CARTESIAN_POINT('',(96.3,64.5,-40.71518645886));
#3897 = VECTOR('',#3898,1.);
#3898 = DIRECTION('',(1.,0.,0.));
#3899 = ORIENTED_EDGE('',*,*,#3855,.T.);
#3900 = ORIENTED_EDGE('',*,*,#3250,.T.);
#3901 = ORIENTED_EDGE('',*,*,#3660,.F.);
#3902 = PLANE('',#3903);
#3903 = AXIS2_PLACEMENT_3D('',#3904,#3905,#3906);
#3904 = CARTESIAN_POINT('',(99.,64.5,-44.5));
#3905 = DIRECTION('',(0.,1.,0.));
#3906 = DIRECTION('',(0.,0.,1.));
#3907 = ADVANCED_FACE('',(#3908),#3934,.T.);
#3908 = FACE_BOUND('',#3909,.T.);
#3909 = EDGE_LOOP('',(#3910,#3911,#3919,#3927,#3933));
#3910 = ORIENTED_EDGE('',*,*,#3497,.F.);
#3911 = ORIENTED_EDGE('',*,*,#3912,.T.);
#3912 = EDGE_CURVE('',#3490,#3913,#3915,.T.);
#3913 = VERTEX_POINT('',#3914);
#3914 = CARTESIAN_POINT('',(99.,56.,30.));
#3915 = LINE('',#3916,#3917);
#3916 = CARTESIAN_POINT('',(96.5,56.,30.));
#3917 = VECTOR('',#3918,1.);
#3918 = DIRECTION('',(1.,0.,0.));
#3919 = ORIENTED_EDGE('',*,*,#3920,.T.);
#3920 = EDGE_CURVE('',#3913,#3921,#3923,.T.);
#3921 = VERTEX_POINT('',#3922);
#3922 = CARTESIAN_POINT('',(99.,61.5,30.));
#3923 = LINE('',#3924,#3925);
#3924 = CARTESIAN_POINT('',(99.,56.,30.));
#3925 = VECTOR('',#3926,1.);
#3926 = DIRECTION('',(0.,1.,0.));
#3927 = ORIENTED_EDGE('',*,*,#3928,.T.);
#3928 = EDGE_CURVE('',#3921,#3396,#3929,.T.);
#3929 = LINE('',#3930,#3931);
#3930 = CARTESIAN_POINT('',(99.,56.,30.));
#3931 = VECTOR('',#3932,1.);
#3932 = DIRECTION('',(0.,1.,0.));
#3933 = ORIENTED_EDGE('',*,*,#3395,.F.);
#3934 = PLANE('',#3935);
#3935 = AXIS2_PLACEMENT_3D('',#3936,#3937,#3938);
#3936 = CARTESIAN_POINT('',(96.5,56.,30.));
#3937 = DIRECTION('',(0.,0.,1.));
#3938 = DIRECTION('',(1.,0.,0.));
#3939 = ADVANCED_FACE('',(#3940),#3982,.T.);
#3940 = FACE_BOUND('',#3941,.T.);
#3941 = EDGE_LOOP('',(#3942,#3950,#3958,#3966,#3974,#3980,#3981));
#3942 = ORIENTED_EDGE('',*,*,#3943,.T.);
#3943 = EDGE_CURVE('',#3921,#3944,#3946,.T.);
#3944 = VERTEX_POINT('',#3945);
#3945 = CARTESIAN_POINT('',(99.,61.5,35.5));
#3946 = LINE('',#3947,#3948);
#3947 = CARTESIAN_POINT('',(99.,61.5,22.));
#3948 = VECTOR('',#3949,1.);
#3949 = DIRECTION('',(0.,0.,1.));
#3950 = ORIENTED_EDGE('',*,*,#3951,.F.);
#3951 = EDGE_CURVE('',#3952,#3944,#3954,.T.);
#3952 = VERTEX_POINT('',#3953);
#3953 = CARTESIAN_POINT('',(99.,56.,35.5));
#3954 = LINE('',#3955,#3956);
#3955 = CARTESIAN_POINT('',(99.,56.,35.5));
#3956 = VECTOR('',#3957,1.);
#3957 = DIRECTION('',(0.,1.,0.));
#3958 = ORIENTED_EDGE('',*,*,#3959,.T.);
#3959 = EDGE_CURVE('',#3952,#3960,#3962,.T.);
#3960 = VERTEX_POINT('',#3961);
#3961 = CARTESIAN_POINT('',(99.,56.,37.));
#3962 = LINE('',#3963,#3964);
#3963 = CARTESIAN_POINT('',(99.,56.,35.5));
#3964 = VECTOR('',#3965,1.);
#3965 = DIRECTION('',(0.,0.,1.));
#3966 = ORIENTED_EDGE('',*,*,#3967,.T.);
#3967 = EDGE_CURVE('',#3960,#3968,#3970,.T.);
#3968 = VERTEX_POINT('',#3969);
#3969 = CARTESIAN_POINT('',(99.,64.5,37.));
#3970 = LINE('',#3971,#3972);
#3971 = CARTESIAN_POINT('',(99.,56.,37.));
#3972 = VECTOR('',#3973,1.);
#3973 = DIRECTION('',(0.,1.,0.));
#3974 = ORIENTED_EDGE('',*,*,#3975,.F.);
#3975 = EDGE_CURVE('',#3404,#3968,#3976,.T.);
#3976 = LINE('',#3977,#3978);
#3977 = CARTESIAN_POINT('',(99.,64.5,22.));
#3978 = VECTOR('',#3979,1.);
#3979 = DIRECTION('',(0.,0.,1.));
#3980 = ORIENTED_EDGE('',*,*,#3403,.T.);
#3981 = ORIENTED_EDGE('',*,*,#3928,.F.);
#3982 = PLANE('',#3983);
#3983 = AXIS2_PLACEMENT_3D('',#3984,#3985,#3986);
#3984 = CARTESIAN_POINT('',(99.,61.200396874071,34.510889750716));
#3985 = DIRECTION('',(-1.,-0.,-0.));
#3986 = DIRECTION('',(0.,0.,-1.));
#3987 = ADVANCED_FACE('',(#3988),#4006,.T.);
#3988 = FACE_BOUND('',#3989,.T.);
#3989 = EDGE_LOOP('',(#3990,#3998,#3999,#4000));
#3990 = ORIENTED_EDGE('',*,*,#3991,.F.);
#3991 = EDGE_CURVE('',#3413,#3992,#3994,.T.);
#3992 = VERTEX_POINT('',#3993);
#3993 = CARTESIAN_POINT('',(114.,64.5,37.));
#3994 = LINE('',#3995,#3996);
#3995 = CARTESIAN_POINT('',(114.,64.5,22.));
#3996 = VECTOR('',#3997,1.);
#3997 = DIRECTION('',(0.,0.,1.));
#3998 = ORIENTED_EDGE('',*,*,#3412,.F.);
#3999 = ORIENTED_EDGE('',*,*,#3975,.T.);
#4000 = ORIENTED_EDGE('',*,*,#4001,.T.);
#4001 = EDGE_CURVE('',#3968,#3992,#4002,.T.);
#4002 = LINE('',#4003,#4004);
#4003 = CARTESIAN_POINT('',(99.,64.5,37.));
#4004 = VECTOR('',#4005,1.);
#4005 = DIRECTION('',(1.,0.,0.));
#4006 = PLANE('',#4007);
#4007 = AXIS2_PLACEMENT_3D('',#4008,#4009,#4010);
#4008 = CARTESIAN_POINT('',(99.,64.5,22.));
#4009 = DIRECTION('',(0.,1.,0.));
#4010 = DIRECTION('',(0.,0.,1.));
#4011 = ADVANCED_FACE('',(#4012,#4039),#4050,.T.);
#4012 = FACE_BOUND('',#4013,.T.);
#4013 = EDGE_LOOP('',(#4014,#4015,#4016,#4017,#4025,#4033));
#4014 = ORIENTED_EDGE('',*,*,#3429,.T.);
#4015 = ORIENTED_EDGE('',*,*,#3420,.T.);
#4016 = ORIENTED_EDGE('',*,*,#3991,.T.);
#4017 = ORIENTED_EDGE('',*,*,#4018,.F.);
#4018 = EDGE_CURVE('',#4019,#3992,#4021,.T.);
#4019 = VERTEX_POINT('',#4020);
#4020 = CARTESIAN_POINT('',(114.,61.5,37.));
#4021 = LINE('',#4022,#4023);
#4022 = CARTESIAN_POINT('',(114.,61.5,37.));
#4023 = VECTOR('',#4024,1.);
#4024 = DIRECTION('',(0.,1.,0.));
#4025 = ORIENTED_EDGE('',*,*,#4026,.F.);
#4026 = EDGE_CURVE('',#4027,#4019,#4029,.T.);
#4027 = VERTEX_POINT('',#4028);
#4028 = CARTESIAN_POINT('',(114.,61.5,22.));
#4029 = LINE('',#4030,#4031);
#4030 = CARTESIAN_POINT('',(114.,61.5,22.));
#4031 = VECTOR('',#4032,1.);
#4032 = DIRECTION('',(0.,0.,1.));
#4033 = ORIENTED_EDGE('',*,*,#4034,.T.);
#4034 = EDGE_CURVE('',#4027,#3430,#4035,.T.);
#4035 = LINE('',#4036,#4037);
#4036 = CARTESIAN_POINT('',(114.,61.5,22.));
#4037 = VECTOR('',#4038,1.);
#4038 = DIRECTION('',(0.,1.,0.));
#4039 = FACE_BOUND('',#4040,.T.);
#4040 = EDGE_LOOP('',(#4041));
#4041 = ORIENTED_EDGE('',*,*,#4042,.F.);
#4042 = EDGE_CURVE('',#4043,#4043,#4045,.T.);
#4043 = VERTEX_POINT('',#4044);
#4044 = CARTESIAN_POINT('',(114.,67.,27.7));
#4045 = CIRCLE('',#4046,1.7);
#4046 = AXIS2_PLACEMENT_3D('',#4047,#4048,#4049);
#4047 = CARTESIAN_POINT('',(114.,67.,26.));
#4048 = DIRECTION('',(1.,0.,-0.));
#4049 = DIRECTION('',(0.,0.,1.));
#4050 = PLANE('',#4051);
#4051 = AXIS2_PLACEMENT_3D('',#4052,#4053,#4054);
#4052 = CARTESIAN_POINT('',(114.,65.129768486184,28.674093699745));
#4053 = DIRECTION('',(1.,0.,0.));
#4054 = DIRECTION('',(0.,0.,1.));
#4055 = ADVANCED_FACE('',(#4056),#4083,.T.);
#4056 = FACE_BOUND('',#4057,.T.);
#4057 = EDGE_LOOP('',(#4058,#4059,#4060,#4061,#4069,#4077));
#4058 = ORIENTED_EDGE('',*,*,#3481,.T.);
#4059 = ORIENTED_EDGE('',*,*,#3438,.T.);
#4060 = ORIENTED_EDGE('',*,*,#4034,.F.);
#4061 = ORIENTED_EDGE('',*,*,#4062,.F.);
#4062 = EDGE_CURVE('',#4063,#4027,#4065,.T.);
#4063 = VERTEX_POINT('',#4064);
#4064 = CARTESIAN_POINT('',(99.,61.5,22.));
#4065 = LINE('',#4066,#4067);
#4066 = CARTESIAN_POINT('',(99.,61.5,22.));
#4067 = VECTOR('',#4068,1.);
#4068 = DIRECTION('',(1.,0.,0.));
#4069 = ORIENTED_EDGE('',*,*,#4070,.F.);
#4070 = EDGE_CURVE('',#4071,#4063,#4073,.T.);
#4071 = VERTEX_POINT('',#4072);
#4072 = CARTESIAN_POINT('',(99.,56.,22.));
#4073 = LINE('',#4074,#4075);
#4074 = CARTESIAN_POINT('',(99.,56.,22.));
#4075 = VECTOR('',#4076,1.);
#4076 = DIRECTION('',(0.,1.,0.));
#4077 = ORIENTED_EDGE('',*,*,#4078,.F.);
#4078 = EDGE_CURVE('',#3482,#4071,#4079,.T.);
#4079 = LINE('',#4080,#4081);
#4080 = CARTESIAN_POINT('',(96.5,56.,22.));
#4081 = VECTOR('',#4082,1.);
#4082 = DIRECTION('',(1.,0.,0.));
#4083 = PLANE('',#4084);
#4084 = AXIS2_PLACEMENT_3D('',#4085,#4086,#4087);
#4085 = CARTESIAN_POINT('',(103.63235294117,61.617647058824,22.));
#4086 = DIRECTION('',(-0.,-0.,-1.));
#4087 = DIRECTION('',(-1.,0.,0.));
#4088 = ADVANCED_FACE('',(#4089),#4100,.F.);
#4089 = FACE_BOUND('',#4090,.F.);
#4090 = EDGE_LOOP('',(#4091,#4092,#4093,#4094));
#4091 = ORIENTED_EDGE('',*,*,#3799,.F.);
#4092 = ORIENTED_EDGE('',*,*,#3538,.T.);
#4093 = ORIENTED_EDGE('',*,*,#3721,.T.);
#4094 = ORIENTED_EDGE('',*,*,#4095,.F.);
#4095 = EDGE_CURVE('',#3800,#3722,#4096,.T.);
#4096 = LINE('',#4097,#4098);
#4097 = CARTESIAN_POINT('',(99.,56.,-38.));
#4098 = VECTOR('',#4099,1.);
#4099 = DIRECTION('',(0.,0.,1.));
#4100 = PLANE('',#4101);
#4101 = AXIS2_PLACEMENT_3D('',#4102,#4103,#4104);
#4102 = CARTESIAN_POINT('',(96.5,56.,-38.));
#4103 = DIRECTION('',(0.,1.,0.));
#4104 = DIRECTION('',(0.,0.,1.));
#4105 = ADVANCED_FACE('',(#4106),#4117,.F.);
#4106 = FACE_BOUND('',#4107,.F.);
#4107 = EDGE_LOOP('',(#4108,#4109,#4110,#4111));
#4108 = ORIENTED_EDGE('',*,*,#4078,.F.);
#4109 = ORIENTED_EDGE('',*,*,#3489,.T.);
#4110 = ORIENTED_EDGE('',*,*,#3912,.T.);
#4111 = ORIENTED_EDGE('',*,*,#4112,.F.);
#4112 = EDGE_CURVE('',#4071,#3913,#4113,.T.);
#4113 = LINE('',#4114,#4115);
#4114 = CARTESIAN_POINT('',(99.,56.,22.));
#4115 = VECTOR('',#4116,1.);
#4116 = DIRECTION('',(0.,0.,1.));
#4117 = PLANE('',#4118);
#4118 = AXIS2_PLACEMENT_3D('',#4119,#4120,#4121);
#4119 = CARTESIAN_POINT('',(96.5,56.,22.));
#4120 = DIRECTION('',(0.,1.,0.));
#4121 = DIRECTION('',(0.,0.,1.));
#4122 = ADVANCED_FACE('',(#4123),#4148,.T.);
#4123 = FACE_BOUND('',#4124,.T.);
#4124 = EDGE_LOOP('',(#4125,#4126,#4134,#4142));
#4125 = ORIENTED_EDGE('',*,*,#3554,.F.);
#4126 = ORIENTED_EDGE('',*,*,#4127,.T.);
#4127 = EDGE_CURVE('',#3555,#4128,#4130,.T.);
#4128 = VERTEX_POINT('',#4129);
#4129 = CARTESIAN_POINT('',(101.,69.9,-35.67431578065));
#4130 = LINE('',#4131,#4132);
#4131 = CARTESIAN_POINT('',(96.3,69.9,-35.67431578065));
#4132 = VECTOR('',#4133,1.);
#4133 = DIRECTION('',(1.,0.,0.));
#4134 = ORIENTED_EDGE('',*,*,#4135,.T.);
#4135 = EDGE_CURVE('',#4128,#4136,#4138,.T.);
#4136 = VERTEX_POINT('',#4137);
#4137 = CARTESIAN_POINT('',(101.,69.9,-32.32568421935));
#4138 = LINE('',#4139,#4140);
#4139 = CARTESIAN_POINT('',(101.,69.9,-35.67431578065));
#4140 = VECTOR('',#4141,1.);
#4141 = DIRECTION('',(0.,0.,1.));
#4142 = ORIENTED_EDGE('',*,*,#4143,.F.);
#4143 = EDGE_CURVE('',#3557,#4136,#4144,.T.);
#4144 = LINE('',#4145,#4146);
#4145 = CARTESIAN_POINT('',(96.3,69.9,-32.32568421935));
#4146 = VECTOR('',#4147,1.);
#4147 = DIRECTION('',(1.,0.,0.));
#4148 = PLANE('',#4149);
#4149 = AXIS2_PLACEMENT_3D('',#4150,#4151,#4152);
#4150 = CARTESIAN_POINT('',(96.3,69.9,-35.67431578065));
#4151 = DIRECTION('',(0.,-1.,0.));
#4152 = DIRECTION('',(0.,0.,1.));
#4153 = ADVANCED_FACE('',(#4154),#4172,.T.);
#4154 = FACE_BOUND('',#4155,.T.);
#4155 = EDGE_LOOP('',(#4156,#4157,#4165,#4171));
#4156 = ORIENTED_EDGE('',*,*,#3596,.F.);
#4157 = ORIENTED_EDGE('',*,*,#4158,.T.);
#4158 = EDGE_CURVE('',#3589,#4159,#4161,.T.);
#4159 = VERTEX_POINT('',#4160);
#4160 = CARTESIAN_POINT('',(101.,67.,-37.3486315613));
#4161 = LINE('',#4162,#4163);
#4162 = CARTESIAN_POINT('',(96.3,67.,-37.3486315613));
#4163 = VECTOR('',#4164,1.);
#4164 = DIRECTION('',(1.,0.,0.));
#4165 = ORIENTED_EDGE('',*,*,#4166,.T.);
#4166 = EDGE_CURVE('',#4159,#4128,#4167,.T.);
#4167 = LINE('',#4168,#4169);
#4168 = CARTESIAN_POINT('',(101.,67.,-37.3486315613));
#4169 = VECTOR('',#4170,1.);
#4170 = DIRECTION('',(0.,0.866025403784,0.5));
#4171 = ORIENTED_EDGE('',*,*,#4127,.F.);
#4172 = PLANE('',#4173);
#4173 = AXIS2_PLACEMENT_3D('',#4174,#4175,#4176);
#4174 = CARTESIAN_POINT('',(96.3,67.,-37.3486315613));
#4175 = DIRECTION('',(0.,-0.5,0.866025403784));
#4176 = DIRECTION('',(0.,0.866025403784,0.5));
#4177 = ADVANCED_FACE('',(#4178),#4196,.T.);
#4178 = FACE_BOUND('',#4179,.T.);
#4179 = EDGE_LOOP('',(#4180,#4181,#4189,#4195));
#4180 = ORIENTED_EDGE('',*,*,#3588,.F.);
#4181 = ORIENTED_EDGE('',*,*,#4182,.T.);
#4182 = EDGE_CURVE('',#3581,#4183,#4185,.T.);
#4183 = VERTEX_POINT('',#4184);
#4184 = CARTESIAN_POINT('',(101.,64.1,-35.67431578065));
#4185 = LINE('',#4186,#4187);
#4186 = CARTESIAN_POINT('',(96.3,64.1,-35.67431578065));
#4187 = VECTOR('',#4188,1.);
#4188 = DIRECTION('',(1.,0.,0.));
#4189 = ORIENTED_EDGE('',*,*,#4190,.T.);
#4190 = EDGE_CURVE('',#4183,#4159,#4191,.T.);
#4191 = LINE('',#4192,#4193);
#4192 = CARTESIAN_POINT('',(101.,64.1,-35.67431578065));
#4193 = VECTOR('',#4194,1.);
#4194 = DIRECTION('',(0.,0.866025403784,-0.5));
#4195 = ORIENTED_EDGE('',*,*,#4158,.F.);
#4196 = PLANE('',#4197);
#4197 = AXIS2_PLACEMENT_3D('',#4198,#4199,#4200);
#4198 = CARTESIAN_POINT('',(96.3,64.1,-35.67431578065));
#4199 = DIRECTION('',(0.,0.5,0.866025403784));
#4200 = DIRECTION('',(0.,0.866025403784,-0.5));
#4201 = ADVANCED_FACE('',(#4202),#4220,.T.);
#4202 = FACE_BOUND('',#4203,.T.);
#4203 = EDGE_LOOP('',(#4204,#4205,#4213,#4219));
#4204 = ORIENTED_EDGE('',*,*,#3580,.F.);
#4205 = ORIENTED_EDGE('',*,*,#4206,.T.);
#4206 = EDGE_CURVE('',#3573,#4207,#4209,.T.);
#4207 = VERTEX_POINT('',#4208);
#4208 = CARTESIAN_POINT('',(101.,64.1,-32.32568421935));
#4209 = LINE('',#4210,#4211);
#4210 = CARTESIAN_POINT('',(96.3,64.1,-32.32568421935));
#4211 = VECTOR('',#4212,1.);
#4212 = DIRECTION('',(1.,0.,0.));
#4213 = ORIENTED_EDGE('',*,*,#4214,.T.);
#4214 = EDGE_CURVE('',#4207,#4183,#4215,.T.);
#4215 = LINE('',#4216,#4217);
#4216 = CARTESIAN_POINT('',(101.,64.1,-32.32568421935));
#4217 = VECTOR('',#4218,1.);
#4218 = DIRECTION('',(0.,0.,-1.));
#4219 = ORIENTED_EDGE('',*,*,#4182,.F.);
#4220 = PLANE('',#4221);
#4221 = AXIS2_PLACEMENT_3D('',#4222,#4223,#4224);
#4222 = CARTESIAN_POINT('',(96.3,64.1,-32.32568421935));
#4223 = DIRECTION('',(0.,1.,0.));
#4224 = DIRECTION('',(0.,0.,-1.));
#4225 = ADVANCED_FACE('',(#4226),#4244,.T.);
#4226 = FACE_BOUND('',#4227,.T.);
#4227 = EDGE_LOOP('',(#4228,#4229,#4237,#4243));
#4228 = ORIENTED_EDGE('',*,*,#3572,.F.);
#4229 = ORIENTED_EDGE('',*,*,#4230,.T.);
#4230 = EDGE_CURVE('',#3565,#4231,#4233,.T.);
#4231 = VERTEX_POINT('',#4232);
#4232 = CARTESIAN_POINT('',(101.,67.,-30.6513684387));
#4233 = LINE('',#4234,#4235);
#4234 = CARTESIAN_POINT('',(96.3,67.,-30.6513684387));
#4235 = VECTOR('',#4236,1.);
#4236 = DIRECTION('',(1.,0.,0.));
#4237 = ORIENTED_EDGE('',*,*,#4238,.T.);
#4238 = EDGE_CURVE('',#4231,#4207,#4239,.T.);
#4239 = LINE('',#4240,#4241);
#4240 = CARTESIAN_POINT('',(101.,67.,-30.6513684387));
#4241 = VECTOR('',#4242,1.);
#4242 = DIRECTION('',(0.,-0.866025403784,-0.5));
#4243 = ORIENTED_EDGE('',*,*,#4206,.F.);
#4244 = PLANE('',#4245);
#4245 = AXIS2_PLACEMENT_3D('',#4246,#4247,#4248);
#4246 = CARTESIAN_POINT('',(96.3,67.,-30.6513684387));
#4247 = DIRECTION('',(0.,0.5,-0.866025403784));
#4248 = DIRECTION('',(0.,-0.866025403784,-0.5));
#4249 = ADVANCED_FACE('',(#4250),#4261,.T.);
#4250 = FACE_BOUND('',#4251,.T.);
#4251 = EDGE_LOOP('',(#4252,#4253,#4254,#4260));
#4252 = ORIENTED_EDGE('',*,*,#3564,.F.);
#4253 = ORIENTED_EDGE('',*,*,#4143,.T.);
#4254 = ORIENTED_EDGE('',*,*,#4255,.T.);
#4255 = EDGE_CURVE('',#4136,#4231,#4256,.T.);
#4256 = LINE('',#4257,#4258);
#4257 = CARTESIAN_POINT('',(101.,69.9,-32.32568421935));
#4258 = VECTOR('',#4259,1.);
#4259 = DIRECTION('',(0.,-0.866025403784,0.5));
#4260 = ORIENTED_EDGE('',*,*,#4230,.F.);
#4261 = PLANE('',#4262);
#4262 = AXIS2_PLACEMENT_3D('',#4263,#4264,#4265);
#4263 = CARTESIAN_POINT('',(96.3,69.9,-32.32568421935));
#4264 = DIRECTION('',(0.,-0.5,-0.866025403784));
#4265 = DIRECTION('',(0.,-0.866025403784,0.5));
#4266 = ADVANCED_FACE('',(#4267),#4292,.T.);
#4267 = FACE_BOUND('',#4268,.T.);
#4268 = EDGE_LOOP('',(#4269,#4270,#4278,#4286));
#4269 = ORIENTED_EDGE('',*,*,#3604,.F.);
#4270 = ORIENTED_EDGE('',*,*,#4271,.T.);
#4271 = EDGE_CURVE('',#3605,#4272,#4274,.T.);
#4272 = VERTEX_POINT('',#4273);
#4273 = CARTESIAN_POINT('',(101.,69.9,24.32568421935));
#4274 = LINE('',#4275,#4276);
#4275 = CARTESIAN_POINT('',(96.3,69.9,24.32568421935));
#4276 = VECTOR('',#4277,1.);
#4277 = DIRECTION('',(1.,0.,0.));
#4278 = ORIENTED_EDGE('',*,*,#4279,.T.);
#4279 = EDGE_CURVE('',#4272,#4280,#4282,.T.);
#4280 = VERTEX_POINT('',#4281);
#4281 = CARTESIAN_POINT('',(101.,69.9,27.67431578065));
#4282 = LINE('',#4283,#4284);
#4283 = CARTESIAN_POINT('',(101.,69.9,24.32568421935));
#4284 = VECTOR('',#4285,1.);
#4285 = DIRECTION('',(0.,0.,1.));
#4286 = ORIENTED_EDGE('',*,*,#4287,.F.);
#4287 = EDGE_CURVE('',#3607,#4280,#4288,.T.);
#4288 = LINE('',#4289,#4290);
#4289 = CARTESIAN_POINT('',(96.3,69.9,27.67431578065));
#4290 = VECTOR('',#4291,1.);
#4291 = DIRECTION('',(1.,0.,0.));
#4292 = PLANE('',#4293);
#4293 = AXIS2_PLACEMENT_3D('',#4294,#4295,#4296);
#4294 = CARTESIAN_POINT('',(96.3,69.9,24.32568421935));
#4295 = DIRECTION('',(0.,-1.,0.));
#4296 = DIRECTION('',(0.,0.,1.));
#4297 = ADVANCED_FACE('',(#4298),#4316,.T.);
#4298 = FACE_BOUND('',#4299,.T.);
#4299 = EDGE_LOOP('',(#4300,#4301,#4309,#4315));
#4300 = ORIENTED_EDGE('',*,*,#3646,.F.);
#4301 = ORIENTED_EDGE('',*,*,#4302,.T.);
#4302 = EDGE_CURVE('',#3639,#4303,#4305,.T.);
#4303 = VERTEX_POINT('',#4304);
#4304 = CARTESIAN_POINT('',(101.,67.,22.6513684387));
#4305 = LINE('',#4306,#4307);
#4306 = CARTESIAN_POINT('',(96.3,67.,22.6513684387));
#4307 = VECTOR('',#4308,1.);
#4308 = DIRECTION('',(1.,0.,0.));
#4309 = ORIENTED_EDGE('',*,*,#4310,.T.);
#4310 = EDGE_CURVE('',#4303,#4272,#4311,.T.);
#4311 = LINE('',#4312,#4313);
#4312 = CARTESIAN_POINT('',(101.,67.,22.6513684387));
#4313 = VECTOR('',#4314,1.);
#4314 = DIRECTION('',(0.,0.866025403784,0.5));
#4315 = ORIENTED_EDGE('',*,*,#4271,.F.);
#4316 = PLANE('',#4317);
#4317 = AXIS2_PLACEMENT_3D('',#4318,#4319,#4320);
#4318 = CARTESIAN_POINT('',(96.3,67.,22.6513684387));
#4319 = DIRECTION('',(0.,-0.5,0.866025403784));
#4320 = DIRECTION('',(0.,0.866025403784,0.5));
#4321 = ADVANCED_FACE('',(#4322),#4340,.T.);
#4322 = FACE_BOUND('',#4323,.T.);
#4323 = EDGE_LOOP('',(#4324,#4325,#4333,#4339));
#4324 = ORIENTED_EDGE('',*,*,#3638,.F.);
#4325 = ORIENTED_EDGE('',*,*,#4326,.T.);
#4326 = EDGE_CURVE('',#3631,#4327,#4329,.T.);
#4327 = VERTEX_POINT('',#4328);
#4328 = CARTESIAN_POINT('',(101.,64.1,24.32568421935));
#4329 = LINE('',#4330,#4331);
#4330 = CARTESIAN_POINT('',(96.3,64.1,24.32568421935));
#4331 = VECTOR('',#4332,1.);
#4332 = DIRECTION('',(1.,0.,0.));
#4333 = ORIENTED_EDGE('',*,*,#4334,.T.);
#4334 = EDGE_CURVE('',#4327,#4303,#4335,.T.);
#4335 = LINE('',#4336,#4337);
#4336 = CARTESIAN_POINT('',(101.,64.1,24.32568421935));
#4337 = VECTOR('',#4338,1.);
#4338 = DIRECTION('',(0.,0.866025403784,-0.5));
#4339 = ORIENTED_EDGE('',*,*,#4302,.F.);
#4340 = PLANE('',#4341);
#4341 = AXIS2_PLACEMENT_3D('',#4342,#4343,#4344);
#4342 = CARTESIAN_POINT('',(96.3,64.1,24.32568421935));
#4343 = DIRECTION('',(0.,0.5,0.866025403784));
#4344 = DIRECTION('',(0.,0.866025403784,-0.5));
#4345 = ADVANCED_FACE('',(#4346),#4364,.T.);
#4346 = FACE_BOUND('',#4347,.T.);
#4347 = EDGE_LOOP('',(#4348,#4349,#4357,#4363));
#4348 = ORIENTED_EDGE('',*,*,#3630,.F.);
#4349 = ORIENTED_EDGE('',*,*,#4350,.T.);
#4350 = EDGE_CURVE('',#3623,#4351,#4353,.T.);
#4351 = VERTEX_POINT('',#4352);
#4352 = CARTESIAN_POINT('',(101.,64.1,27.67431578065));
#4353 = LINE('',#4354,#4355);
#4354 = CARTESIAN_POINT('',(96.3,64.1,27.67431578065));
#4355 = VECTOR('',#4356,1.);
#4356 = DIRECTION('',(1.,0.,0.));
#4357 = ORIENTED_EDGE('',*,*,#4358,.T.);
#4358 = EDGE_CURVE('',#4351,#4327,#4359,.T.);
#4359 = LINE('',#4360,#4361);
#4360 = CARTESIAN_POINT('',(101.,64.1,27.67431578065));
#4361 = VECTOR('',#4362,1.);
#4362 = DIRECTION('',(0.,0.,-1.));
#4363 = ORIENTED_EDGE('',*,*,#4326,.F.);
#4364 = PLANE('',#4365);
#4365 = AXIS2_PLACEMENT_3D('',#4366,#4367,#4368);
#4366 = CARTESIAN_POINT('',(96.3,64.1,27.67431578065));
#4367 = DIRECTION('',(0.,1.,0.));
#4368 = DIRECTION('',(0.,0.,-1.));
#4369 = ADVANCED_FACE('',(#4370),#4388,.T.);
#4370 = FACE_BOUND('',#4371,.T.);
#4371 = EDGE_LOOP('',(#4372,#4373,#4381,#4387));
#4372 = ORIENTED_EDGE('',*,*,#3622,.F.);
#4373 = ORIENTED_EDGE('',*,*,#4374,.T.);
#4374 = EDGE_CURVE('',#3615,#4375,#4377,.T.);
#4375 = VERTEX_POINT('',#4376);
#4376 = CARTESIAN_POINT('',(101.,67.,29.3486315613));
#4377 = LINE('',#4378,#4379);
#4378 = CARTESIAN_POINT('',(96.3,67.,29.3486315613));
#4379 = VECTOR('',#4380,1.);
#4380 = DIRECTION('',(1.,0.,0.));
#4381 = ORIENTED_EDGE('',*,*,#4382,.T.);
#4382 = EDGE_CURVE('',#4375,#4351,#4383,.T.);
#4383 = LINE('',#4384,#4385);
#4384 = CARTESIAN_POINT('',(101.,67.,29.3486315613));
#4385 = VECTOR('',#4386,1.);
#4386 = DIRECTION('',(0.,-0.866025403784,-0.5));
#4387 = ORIENTED_EDGE('',*,*,#4350,.F.);
#4388 = PLANE('',#4389);
#4389 = AXIS2_PLACEMENT_3D('',#4390,#4391,#4392);
#4390 = CARTESIAN_POINT('',(96.3,67.,29.3486315613));
#4391 = DIRECTION('',(0.,0.5,-0.866025403784));
#4392 = DIRECTION('',(0.,-0.866025403784,-0.5));
#4393 = ADVANCED_FACE('',(#4394),#4405,.T.);
#4394 = FACE_BOUND('',#4395,.T.);
#4395 = EDGE_LOOP('',(#4396,#4397,#4398,#4404));
#4396 = ORIENTED_EDGE('',*,*,#3614,.F.);
#4397 = ORIENTED_EDGE('',*,*,#4287,.T.);
#4398 = ORIENTED_EDGE('',*,*,#4399,.T.);
#4399 = EDGE_CURVE('',#4280,#4375,#4400,.T.);
#4400 = LINE('',#4401,#4402);
#4401 = CARTESIAN_POINT('',(101.,69.9,27.67431578065));
#4402 = VECTOR('',#4403,1.);
#4403 = DIRECTION('',(0.,-0.866025403784,0.5));
#4404 = ORIENTED_EDGE('',*,*,#4374,.F.);
#4405 = PLANE('',#4406);
#4406 = AXIS2_PLACEMENT_3D('',#4407,#4408,#4409);
#4407 = CARTESIAN_POINT('',(96.3,69.9,27.67431578065));
#4408 = DIRECTION('',(0.,-0.5,-0.866025403784));
#4409 = DIRECTION('',(0.,-0.866025403784,0.5));
#4410 = ADVANCED_FACE('',(#4411),#4422,.F.);
#4411 = FACE_BOUND('',#4412,.F.);
#4412 = EDGE_LOOP('',(#4413,#4414,#4415,#4416));
#4413 = ORIENTED_EDGE('',*,*,#3694,.F.);
#4414 = ORIENTED_EDGE('',*,*,#3894,.F.);
#4415 = ORIENTED_EDGE('',*,*,#3863,.T.);
#4416 = ORIENTED_EDGE('',*,*,#4417,.T.);
#4417 = EDGE_CURVE('',#3864,#3687,#4418,.T.);
#4418 = LINE('',#4419,#4420);
#4419 = CARTESIAN_POINT('',(96.3,63.226112695088,-44.5));
#4420 = VECTOR('',#4421,1.);
#4421 = DIRECTION('',(1.,0.,0.));
#4422 = CYLINDRICAL_SURFACE('',#4423,4.8);
#4423 = AXIS2_PLACEMENT_3D('',#4424,#4425,#4426);
#4424 = CARTESIAN_POINT('',(96.3,68.,-44.));
#4425 = DIRECTION('',(1.,0.,0.));
#4426 = DIRECTION('',(0.,0.,1.));
#4427 = ADVANCED_FACE('',(#4428),#4455,.T.);
#4428 = FACE_BOUND('',#4429,.T.);
#4429 = EDGE_LOOP('',(#4430,#4431,#4432,#4433,#4441,#4449));
#4430 = ORIENTED_EDGE('',*,*,#3872,.T.);
#4431 = ORIENTED_EDGE('',*,*,#4417,.T.);
#4432 = ORIENTED_EDGE('',*,*,#3686,.F.);
#4433 = ORIENTED_EDGE('',*,*,#4434,.F.);
#4434 = EDGE_CURVE('',#4435,#3679,#4437,.T.);
#4435 = VERTEX_POINT('',#4436);
#4436 = CARTESIAN_POINT('',(113.8,61.5,-44.5));
#4437 = LINE('',#4438,#4439);
#4438 = CARTESIAN_POINT('',(99.,61.5,-44.5));
#4439 = VECTOR('',#4440,1.);
#4440 = DIRECTION('',(1.,0.,0.));
#4441 = ORIENTED_EDGE('',*,*,#4442,.F.);
#4442 = EDGE_CURVE('',#4443,#4435,#4445,.T.);
#4443 = VERTEX_POINT('',#4444);
#4444 = CARTESIAN_POINT('',(113.8,56.,-44.5));
#4445 = LINE('',#4446,#4447);
#4446 = CARTESIAN_POINT('',(113.8,56.,-44.5));
#4447 = VECTOR('',#4448,1.);
#4448 = DIRECTION('',(0.,1.,0.));
#4449 = ORIENTED_EDGE('',*,*,#4450,.F.);
#4450 = EDGE_CURVE('',#3873,#4443,#4451,.T.);
#4451 = LINE('',#4452,#4453);
#4452 = CARTESIAN_POINT('',(99.,56.,-44.5));
#4453 = VECTOR('',#4454,1.);
#4454 = DIRECTION('',(1.,0.,0.));
#4455 = PLANE('',#4456);
#4456 = AXIS2_PLACEMENT_3D('',#4457,#4458,#4459);
#4457 = CARTESIAN_POINT('',(106.47659574468,60.273404255319,-44.5));
#4458 = DIRECTION('',(-0.,-0.,-1.));
#4459 = DIRECTION('',(-1.,0.,0.));
#4460 = ADVANCED_FACE('',(#4461),#4487,.F.);
#4461 = FACE_BOUND('',#4462,.F.);
#4462 = EDGE_LOOP('',(#4463,#4464,#4472,#4478,#4479,#4485,#4486));
#4463 = ORIENTED_EDGE('',*,*,#4434,.F.);
#4464 = ORIENTED_EDGE('',*,*,#4465,.F.);
#4465 = EDGE_CURVE('',#4466,#4435,#4468,.T.);
#4466 = VERTEX_POINT('',#4467);
#4467 = CARTESIAN_POINT('',(113.8,61.5,-43.));
#4468 = LINE('',#4469,#4470);
#4469 = CARTESIAN_POINT('',(113.8,61.5,-44.5));
#4470 = VECTOR('',#4471,1.);
#4471 = DIRECTION('',(0.,0.,-1.));
#4472 = ORIENTED_EDGE('',*,*,#4473,.F.);
#4473 = EDGE_CURVE('',#3840,#4466,#4474,.T.);
#4474 = LINE('',#4475,#4476);
#4475 = CARTESIAN_POINT('',(99.,61.5,-43.));
#4476 = VECTOR('',#4477,1.);
#4477 = DIRECTION('',(1.,0.,0.));
#4478 = ORIENTED_EDGE('',*,*,#3847,.T.);
#4479 = ORIENTED_EDGE('',*,*,#4480,.T.);
#4480 = EDGE_CURVE('',#3808,#3730,#4481,.T.);
#4481 = LINE('',#4482,#4483);
#4482 = CARTESIAN_POINT('',(99.,61.5,-44.5));
#4483 = VECTOR('',#4484,1.);
#4484 = DIRECTION('',(0.,0.,1.));
#4485 = ORIENTED_EDGE('',*,*,#3737,.T.);
#4486 = ORIENTED_EDGE('',*,*,#3678,.F.);
#4487 = PLANE('',#4488);
#4488 = AXIS2_PLACEMENT_3D('',#4489,#4490,#4491);
#4489 = CARTESIAN_POINT('',(99.,61.5,-44.5));
#4490 = DIRECTION('',(0.,1.,0.));
#4491 = DIRECTION('',(0.,0.,1.));
#4492 = ADVANCED_FACE('',(#4493),#4512,.F.);
#4493 = FACE_BOUND('',#4494,.F.);
#4494 = EDGE_LOOP('',(#4495,#4496,#4504,#4511));
#4495 = ORIENTED_EDGE('',*,*,#3703,.F.);
#4496 = ORIENTED_EDGE('',*,*,#4497,.F.);
#4497 = EDGE_CURVE('',#4498,#3704,#4500,.T.);
#4498 = VERTEX_POINT('',#4499);
#4499 = CARTESIAN_POINT('',(101.,67.,-32.3));
#4500 = LINE('',#4501,#4502);
#4501 = CARTESIAN_POINT('',(96.3,67.,-32.3));
#4502 = VECTOR('',#4503,1.);
#4503 = DIRECTION('',(1.,0.,0.));
#4504 = ORIENTED_EDGE('',*,*,#4505,.T.);
#4505 = EDGE_CURVE('',#4498,#4498,#4506,.T.);
#4506 = CIRCLE('',#4507,1.7);
#4507 = AXIS2_PLACEMENT_3D('',#4508,#4509,#4510);
#4508 = CARTESIAN_POINT('',(101.,67.,-34.));
#4509 = DIRECTION('',(1.,0.,-0.));
#4510 = DIRECTION('',(0.,0.,1.));
#4511 = ORIENTED_EDGE('',*,*,#4497,.T.);
#4512 = CYLINDRICAL_SURFACE('',#4513,1.7);
#4513 = AXIS2_PLACEMENT_3D('',#4514,#4515,#4516);
#4514 = CARTESIAN_POINT('',(96.3,67.,-34.));
#4515 = DIRECTION('',(1.,0.,0.));
#4516 = DIRECTION('',(0.,0.,1.));
#4517 = ADVANCED_FACE('',(#4518),#4524,.T.);
#4518 = FACE_BOUND('',#4519,.T.);
#4519 = EDGE_LOOP('',(#4520,#4521,#4522,#4523));
#4520 = ORIENTED_EDGE('',*,*,#3729,.F.);
#4521 = ORIENTED_EDGE('',*,*,#4095,.F.);
#4522 = ORIENTED_EDGE('',*,*,#3807,.T.);
#4523 = ORIENTED_EDGE('',*,*,#4480,.T.);
#4524 = PLANE('',#4525);
#4525 = AXIS2_PLACEMENT_3D('',#4526,#4527,#4528);
#4526 = CARTESIAN_POINT('',(99.,56.,-38.));
#4527 = DIRECTION('',(1.,0.,0.));
#4528 = DIRECTION('',(0.,0.,1.));
#4529 = ADVANCED_FACE('',(#4530),#4548,.T.);
#4530 = FACE_BOUND('',#4531,.T.);
#4531 = EDGE_LOOP('',(#4532,#4533,#4541,#4547));
#4532 = ORIENTED_EDGE('',*,*,#3837,.F.);
#4533 = ORIENTED_EDGE('',*,*,#4534,.T.);
#4534 = EDGE_CURVE('',#3838,#4535,#4537,.T.);
#4535 = VERTEX_POINT('',#4536);
#4536 = CARTESIAN_POINT('',(113.8,56.,-43.));
#4537 = LINE('',#4538,#4539);
#4538 = CARTESIAN_POINT('',(99.,56.,-43.));
#4539 = VECTOR('',#4540,1.);
#4540 = DIRECTION('',(1.,0.,0.));
#4541 = ORIENTED_EDGE('',*,*,#4542,.T.);
#4542 = EDGE_CURVE('',#4535,#4466,#4543,.T.);
#4543 = LINE('',#4544,#4545);
#4544 = CARTESIAN_POINT('',(113.8,56.,-43.));
#4545 = VECTOR('',#4546,1.);
#4546 = DIRECTION('',(0.,1.,0.));
#4547 = ORIENTED_EDGE('',*,*,#4473,.F.);
#4548 = PLANE('',#4549);
#4549 = AXIS2_PLACEMENT_3D('',#4550,#4551,#4552);
#4550 = CARTESIAN_POINT('',(99.,56.,-43.));
#4551 = DIRECTION('',(0.,0.,1.));
#4552 = DIRECTION('',(1.,0.,0.));
#4553 = ADVANCED_FACE('',(#4554),#4565,.F.);
#4554 = FACE_BOUND('',#4555,.F.);
#4555 = EDGE_LOOP('',(#4556,#4557,#4558,#4559));
#4556 = ORIENTED_EDGE('',*,*,#4450,.F.);
#4557 = ORIENTED_EDGE('',*,*,#3880,.T.);
#4558 = ORIENTED_EDGE('',*,*,#4534,.T.);
#4559 = ORIENTED_EDGE('',*,*,#4560,.F.);
#4560 = EDGE_CURVE('',#4443,#4535,#4561,.T.);
#4561 = LINE('',#4562,#4563);
#4562 = CARTESIAN_POINT('',(113.8,56.,-44.5));
#4563 = VECTOR('',#4564,1.);
#4564 = DIRECTION('',(0.,0.,1.));
#4565 = PLANE('',#4566);
#4566 = AXIS2_PLACEMENT_3D('',#4567,#4568,#4569);
#4567 = CARTESIAN_POINT('',(99.,56.,-44.5));
#4568 = DIRECTION('',(0.,1.,0.));
#4569 = DIRECTION('',(0.,0.,1.));
#4570 = ADVANCED_FACE('',(#4571),#4582,.T.);
#4571 = FACE_BOUND('',#4572,.T.);
#4572 = EDGE_LOOP('',(#4573,#4574,#4575,#4576));
#4573 = ORIENTED_EDGE('',*,*,#3920,.F.);
#4574 = ORIENTED_EDGE('',*,*,#4112,.F.);
#4575 = ORIENTED_EDGE('',*,*,#4070,.T.);
#4576 = ORIENTED_EDGE('',*,*,#4577,.T.);
#4577 = EDGE_CURVE('',#4063,#3921,#4578,.T.);
#4578 = LINE('',#4579,#4580);
#4579 = CARTESIAN_POINT('',(99.,61.5,22.));
#4580 = VECTOR('',#4581,1.);
#4581 = DIRECTION('',(0.,0.,1.));
#4582 = PLANE('',#4583);
#4583 = AXIS2_PLACEMENT_3D('',#4584,#4585,#4586);
#4584 = CARTESIAN_POINT('',(99.,56.,22.));
#4585 = DIRECTION('',(1.,0.,0.));
#4586 = DIRECTION('',(0.,0.,1.));
#4587 = ADVANCED_FACE('',(#4588),#4616,.F.);
#4588 = FACE_BOUND('',#4589,.F.);
#4589 = EDGE_LOOP('',(#4590,#4591,#4592,#4593,#4601,#4609,#4615));
#4590 = ORIENTED_EDGE('',*,*,#4062,.F.);
#4591 = ORIENTED_EDGE('',*,*,#4577,.T.);
#4592 = ORIENTED_EDGE('',*,*,#3943,.T.);
#4593 = ORIENTED_EDGE('',*,*,#4594,.T.);
#4594 = EDGE_CURVE('',#3944,#4595,#4597,.T.);
#4595 = VERTEX_POINT('',#4596);
#4596 = CARTESIAN_POINT('',(113.8,61.5,35.5));
#4597 = LINE('',#4598,#4599);
#4598 = CARTESIAN_POINT('',(99.,61.5,35.5));
#4599 = VECTOR('',#4600,1.);
#4600 = DIRECTION('',(1.,0.,0.));
#4601 = ORIENTED_EDGE('',*,*,#4602,.F.);
#4602 = EDGE_CURVE('',#4603,#4595,#4605,.T.);
#4603 = VERTEX_POINT('',#4604);
#4604 = CARTESIAN_POINT('',(113.8,61.5,37.));
#4605 = LINE('',#4606,#4607);
#4606 = CARTESIAN_POINT('',(113.8,61.5,28.75));
#4607 = VECTOR('',#4608,1.);
#4608 = DIRECTION('',(0.,0.,-1.));
#4609 = ORIENTED_EDGE('',*,*,#4610,.T.);
#4610 = EDGE_CURVE('',#4603,#4019,#4611,.T.);
#4611 = LINE('',#4612,#4613);
#4612 = CARTESIAN_POINT('',(99.,61.5,37.));
#4613 = VECTOR('',#4614,1.);
#4614 = DIRECTION('',(1.,0.,0.));
#4615 = ORIENTED_EDGE('',*,*,#4026,.F.);
#4616 = PLANE('',#4617);
#4617 = AXIS2_PLACEMENT_3D('',#4618,#4619,#4620);
#4618 = CARTESIAN_POINT('',(99.,61.5,22.));
#4619 = DIRECTION('',(0.,1.,0.));
#4620 = DIRECTION('',(0.,0.,1.));
#4621 = ADVANCED_FACE('',(#4622),#4640,.F.);
#4622 = FACE_BOUND('',#4623,.F.);
#4623 = EDGE_LOOP('',(#4624,#4625,#4633,#4639));
#4624 = ORIENTED_EDGE('',*,*,#3951,.F.);
#4625 = ORIENTED_EDGE('',*,*,#4626,.T.);
#4626 = EDGE_CURVE('',#3952,#4627,#4629,.T.);
#4627 = VERTEX_POINT('',#4628);
#4628 = CARTESIAN_POINT('',(113.8,56.,35.5));
#4629 = LINE('',#4630,#4631);
#4630 = CARTESIAN_POINT('',(99.,56.,35.5));
#4631 = VECTOR('',#4632,1.);
#4632 = DIRECTION('',(1.,0.,0.));
#4633 = ORIENTED_EDGE('',*,*,#4634,.T.);
#4634 = EDGE_CURVE('',#4627,#4595,#4635,.T.);
#4635 = LINE('',#4636,#4637);
#4636 = CARTESIAN_POINT('',(113.8,56.,35.5));
#4637 = VECTOR('',#4638,1.);
#4638 = DIRECTION('',(0.,1.,0.));
#4639 = ORIENTED_EDGE('',*,*,#4594,.F.);
#4640 = PLANE('',#4641);
#4641 = AXIS2_PLACEMENT_3D('',#4642,#4643,#4644);
#4642 = CARTESIAN_POINT('',(99.,56.,35.5));
#4643 = DIRECTION('',(0.,0.,1.));
#4644 = DIRECTION('',(1.,0.,0.));
#4645 = ADVANCED_FACE('',(#4646),#4664,.F.);
#4646 = FACE_BOUND('',#4647,.F.);
#4647 = EDGE_LOOP('',(#4648,#4649,#4650,#4658));
#4648 = ORIENTED_EDGE('',*,*,#4626,.F.);
#4649 = ORIENTED_EDGE('',*,*,#3959,.T.);
#4650 = ORIENTED_EDGE('',*,*,#4651,.T.);
#4651 = EDGE_CURVE('',#3960,#4652,#4654,.T.);
#4652 = VERTEX_POINT('',#4653);
#4653 = CARTESIAN_POINT('',(113.8,56.,37.));
#4654 = LINE('',#4655,#4656);
#4655 = CARTESIAN_POINT('',(99.,56.,37.));
#4656 = VECTOR('',#4657,1.);
#4657 = DIRECTION('',(1.,0.,0.));
#4658 = ORIENTED_EDGE('',*,*,#4659,.F.);
#4659 = EDGE_CURVE('',#4627,#4652,#4660,.T.);
#4660 = LINE('',#4661,#4662);
#4661 = CARTESIAN_POINT('',(113.8,56.,35.5));
#4662 = VECTOR('',#4663,1.);
#4663 = DIRECTION('',(0.,0.,1.));
#4664 = PLANE('',#4665);
#4665 = AXIS2_PLACEMENT_3D('',#4666,#4667,#4668);
#4666 = CARTESIAN_POINT('',(99.,56.,35.5));
#4667 = DIRECTION('',(0.,1.,0.));
#4668 = DIRECTION('',(0.,0.,1.));
#4669 = ADVANCED_FACE('',(#4670),#4683,.T.);
#4670 = FACE_BOUND('',#4671,.T.);
#4671 = EDGE_LOOP('',(#4672,#4673,#4674,#4675,#4681,#4682));
#4672 = ORIENTED_EDGE('',*,*,#4001,.F.);
#4673 = ORIENTED_EDGE('',*,*,#3967,.F.);
#4674 = ORIENTED_EDGE('',*,*,#4651,.T.);
#4675 = ORIENTED_EDGE('',*,*,#4676,.T.);
#4676 = EDGE_CURVE('',#4652,#4603,#4677,.T.);
#4677 = LINE('',#4678,#4679);
#4678 = CARTESIAN_POINT('',(113.8,56.,37.));
#4679 = VECTOR('',#4680,1.);
#4680 = DIRECTION('',(0.,1.,0.));
#4681 = ORIENTED_EDGE('',*,*,#4610,.T.);
#4682 = ORIENTED_EDGE('',*,*,#4018,.T.);
#4683 = PLANE('',#4684);
#4684 = AXIS2_PLACEMENT_3D('',#4685,#4686,#4687);
#4685 = CARTESIAN_POINT('',(106.47659574468,60.273404255319,37.));
#4686 = DIRECTION('',(0.,0.,1.));
#4687 = DIRECTION('',(1.,0.,0.));
#4688 = ADVANCED_FACE('',(#4689),#4708,.F.);
#4689 = FACE_BOUND('',#4690,.F.);
#4690 = EDGE_LOOP('',(#4691,#4692,#4700,#4707));
#4691 = ORIENTED_EDGE('',*,*,#4042,.F.);
#4692 = ORIENTED_EDGE('',*,*,#4693,.F.);
#4693 = EDGE_CURVE('',#4694,#4043,#4696,.T.);
#4694 = VERTEX_POINT('',#4695);
#4695 = CARTESIAN_POINT('',(101.,67.,27.7));
#4696 = LINE('',#4697,#4698);
#4697 = CARTESIAN_POINT('',(96.3,67.,27.7));
#4698 = VECTOR('',#4699,1.);
#4699 = DIRECTION('',(1.,0.,0.));
#4700 = ORIENTED_EDGE('',*,*,#4701,.T.);
#4701 = EDGE_CURVE('',#4694,#4694,#4702,.T.);
#4702 = CIRCLE('',#4703,1.7);
#4703 = AXIS2_PLACEMENT_3D('',#4704,#4705,#4706);
#4704 = CARTESIAN_POINT('',(101.,67.,26.));
#4705 = DIRECTION('',(1.,0.,-0.));
#4706 = DIRECTION('',(0.,0.,1.));
#4707 = ORIENTED_EDGE('',*,*,#4693,.T.);
#4708 = CYLINDRICAL_SURFACE('',#4709,1.7);
#4709 = AXIS2_PLACEMENT_3D('',#4710,#4711,#4712);
#4710 = CARTESIAN_POINT('',(96.3,67.,26.));
#4711 = DIRECTION('',(1.,0.,0.));
#4712 = DIRECTION('',(0.,0.,1.));
#4713 = ADVANCED_FACE('',(#4714,#4722),#4725,.F.);
#4714 = FACE_BOUND('',#4715,.F.);
#4715 = EDGE_LOOP('',(#4716,#4717,#4718,#4719,#4720,#4721));
#4716 = ORIENTED_EDGE('',*,*,#4255,.T.);
#4717 = ORIENTED_EDGE('',*,*,#4238,.T.);
#4718 = ORIENTED_EDGE('',*,*,#4214,.T.);
#4719 = ORIENTED_EDGE('',*,*,#4190,.T.);
#4720 = ORIENTED_EDGE('',*,*,#4166,.T.);
#4721 = ORIENTED_EDGE('',*,*,#4135,.T.);
#4722 = FACE_BOUND('',#4723,.F.);
#4723 = EDGE_LOOP('',(#4724));
#4724 = ORIENTED_EDGE('',*,*,#4505,.F.);
#4725 = PLANE('',#4726);
#4726 = AXIS2_PLACEMENT_3D('',#4727,#4728,#4729);
#4727 = CARTESIAN_POINT('',(101.,67.,-34.));
#4728 = DIRECTION('',(1.,0.,0.));
#4729 = DIRECTION('',(0.,0.,1.));
#4730 = ADVANCED_FACE('',(#4731,#4739),#4742,.F.);
#4731 = FACE_BOUND('',#4732,.F.);
#4732 = EDGE_LOOP('',(#4733,#4734,#4735,#4736,#4737,#4738));
#4733 = ORIENTED_EDGE('',*,*,#4399,.T.);
#4734 = ORIENTED_EDGE('',*,*,#4382,.T.);
#4735 = ORIENTED_EDGE('',*,*,#4358,.T.);
#4736 = ORIENTED_EDGE('',*,*,#4334,.T.);
#4737 = ORIENTED_EDGE('',*,*,#4310,.T.);
#4738 = ORIENTED_EDGE('',*,*,#4279,.T.);
#4739 = FACE_BOUND('',#4740,.F.);
#4740 = EDGE_LOOP('',(#4741));
#4741 = ORIENTED_EDGE('',*,*,#4701,.F.);
#4742 = PLANE('',#4743);
#4743 = AXIS2_PLACEMENT_3D('',#4744,#4745,#4746);
#4744 = CARTESIAN_POINT('',(101.,67.,26.));
#4745 = DIRECTION('',(1.,0.,0.));
#4746 = DIRECTION('',(0.,0.,1.));
#4747 = ADVANCED_FACE('',(#4748),#4754,.T.);
#4748 = FACE_BOUND('',#4749,.T.);
#4749 = EDGE_LOOP('',(#4750,#4751,#4752,#4753));
#4750 = ORIENTED_EDGE('',*,*,#4542,.F.);
#4751 = ORIENTED_EDGE('',*,*,#4560,.F.);
#4752 = ORIENTED_EDGE('',*,*,#4442,.T.);
#4753 = ORIENTED_EDGE('',*,*,#4465,.F.);
#4754 = PLANE('',#4755);
#4755 = AXIS2_PLACEMENT_3D('',#4756,#4757,#4758);
#4756 = CARTESIAN_POINT('',(113.8,56.,-44.5));
#4757 = DIRECTION('',(1.,0.,0.));
#4758 = DIRECTION('',(0.,0.,1.));
#4759 = ADVANCED_FACE('',(#4760),#4766,.T.);
#4760 = FACE_BOUND('',#4761,.T.);
#4761 = EDGE_LOOP('',(#4762,#4763,#4764,#4765));
#4762 = ORIENTED_EDGE('',*,*,#4676,.F.);
#4763 = ORIENTED_EDGE('',*,*,#4659,.F.);
#4764 = ORIENTED_EDGE('',*,*,#4634,.T.);
#4765 = ORIENTED_EDGE('',*,*,#4602,.F.);
#4766 = PLANE('',#4767);
#4767 = AXIS2_PLACEMENT_3D('',#4768,#4769,#4770);
#4768 = CARTESIAN_POINT('',(113.8,56.,35.5));
#4769 = DIRECTION('',(1.,0.,0.));
#4770 = DIRECTION('',(0.,0.,1.));
#4771 = ADVANCED_FACE('',(#4772),#4780,.F.);
#4772 = FACE_BOUND('',#4773,.F.);
#4773 = EDGE_LOOP('',(#4774,#4775,#4776,#4777,#4778,#4779));
#4774 = ORIENTED_EDGE('',*,*,#3823,.T.);
#4775 = ORIENTED_EDGE('',*,*,#3774,.F.);
#4776 = ORIENTED_EDGE('',*,*,#3765,.F.);
#4777 = ORIENTED_EDGE('',*,*,#3284,.F.);
#4778 = ORIENTED_EDGE('',*,*,#3512,.T.);
#4779 = ORIENTED_EDGE('',*,*,#3521,.T.);
#4780 = CYLINDRICAL_SURFACE('',#4781,3.1);
#4781 = AXIS2_PLACEMENT_3D('',#4782,#4783,#4784);
#4782 = CARTESIAN_POINT('',(96.3,62.,-40.));
#4783 = DIRECTION('',(1.,0.,0.));
#4784 = DIRECTION('',(0.,0.,1.));
#4785 = MANIFOLD_SOLID_BREP('',#4786);
#4786 = CLOSED_SHELL('',(#4787,#4827,#4946,#4972,#5066,#5248,#5308,#5341
    ,#5353,#5386,#5425,#5482,#5499,#5531,#5579,#5603,#5647,#5680,#5697,
    #5714,#5745,#5769,#5793,#5817,#5841,#5858,#5889,#5913,#5937,#5961,
    #5985,#6002,#6019,#6052,#6084,#6109,#6121,#6145,#6162,#6179,#6213,
    #6237,#6261,#6280,#6305,#6322,#6339,#6351,#6363));
#4787 = ADVANCED_FACE('',(#4788),#4822,.F.);
#4788 = FACE_BOUND('',#4789,.T.);
#4789 = EDGE_LOOP('',(#4790,#4800,#4808,#4816));
#4790 = ORIENTED_EDGE('',*,*,#4791,.F.);
#4791 = EDGE_CURVE('',#4792,#4794,#4796,.T.);
#4792 = VERTEX_POINT('',#4793);
#4793 = CARTESIAN_POINT('',(96.5,-65.,-29.41742430504));
#4794 = VERTEX_POINT('',#4795);
#4795 = CARTESIAN_POINT('',(99.,-65.,-29.41742430504));
#4796 = LINE('',#4797,#4798);
#4797 = CARTESIAN_POINT('',(96.5,-65.,-29.41742430504));
#4798 = VECTOR('',#4799,1.);
#4799 = DIRECTION('',(1.,0.,0.));
#4800 = ORIENTED_EDGE('',*,*,#4801,.T.);
#4801 = EDGE_CURVE('',#4792,#4802,#4804,.T.);
#4802 = VERTEX_POINT('',#4803);
#4803 = CARTESIAN_POINT('',(96.5,-65.,21.417424305044));
#4804 = LINE('',#4805,#4806);
#4805 = CARTESIAN_POINT('',(96.5,-65.,-34.));
#4806 = VECTOR('',#4807,1.);
#4807 = DIRECTION('',(0.,0.,1.));
#4808 = ORIENTED_EDGE('',*,*,#4809,.T.);
#4809 = EDGE_CURVE('',#4802,#4810,#4812,.T.);
#4810 = VERTEX_POINT('',#4811);
#4811 = CARTESIAN_POINT('',(99.,-65.,21.417424305044));
#4812 = LINE('',#4813,#4814);
#4813 = CARTESIAN_POINT('',(96.5,-65.,21.417424305044));
#4814 = VECTOR('',#4815,1.);
#4815 = DIRECTION('',(1.,0.,0.));
#4816 = ORIENTED_EDGE('',*,*,#4817,.F.);
#4817 = EDGE_CURVE('',#4794,#4810,#4818,.T.);
#4818 = LINE('',#4819,#4820);
#4819 = CARTESIAN_POINT('',(99.,-65.,-34.));
#4820 = VECTOR('',#4821,1.);
#4821 = DIRECTION('',(0.,0.,1.));
#4822 = PLANE('',#4823);
#4823 = AXIS2_PLACEMENT_3D('',#4824,#4825,#4826);
#4824 = CARTESIAN_POINT('',(96.5,-65.,-34.));
#4825 = DIRECTION('',(-0.,-1.,-0.));
#4826 = DIRECTION('',(0.,0.,-1.));
#4827 = ADVANCED_FACE('',(#4828),#4941,.T.);
#4828 = FACE_BOUND('',#4829,.F.);
#4829 = EDGE_LOOP('',(#4830,#4841,#4849,#4858,#4866,#4875,#4883,#4892,
    #4900,#4909,#4916,#4917,#4926,#4934));
#4830 = ORIENTED_EDGE('',*,*,#4831,.F.);
#4831 = EDGE_CURVE('',#4832,#4834,#4836,.T.);
#4832 = VERTEX_POINT('',#4833);
#4833 = CARTESIAN_POINT('',(114.,-64.5,-38.33012701892));
#4834 = VERTEX_POINT('',#4835);
#4835 = CARTESIAN_POINT('',(114.,-67.,-29.));
#4836 = CIRCLE('',#4837,5.);
#4837 = AXIS2_PLACEMENT_3D('',#4838,#4839,#4840);
#4838 = CARTESIAN_POINT('',(114.,-67.,-34.));
#4839 = DIRECTION('',(-1.,0.,0.));
#4840 = DIRECTION('',(0.,0.,1.));
#4841 = ORIENTED_EDGE('',*,*,#4842,.F.);
#4842 = EDGE_CURVE('',#4843,#4832,#4845,.T.);
#4843 = VERTEX_POINT('',#4844);
#4844 = CARTESIAN_POINT('',(99.,-64.5,-38.33012701892));
#4845 = LINE('',#4846,#4847);
#4846 = CARTESIAN_POINT('',(96.5,-64.5,-38.33012701892));
#4847 = VECTOR('',#4848,1.);
#4848 = DIRECTION('',(1.,0.,0.));
#4849 = ORIENTED_EDGE('',*,*,#4850,.F.);
#4850 = EDGE_CURVE('',#4851,#4843,#4853,.T.);
#4851 = VERTEX_POINT('',#4852);
#4852 = CARTESIAN_POINT('',(99.,-64.,-38.));
#4853 = CIRCLE('',#4854,5.);
#4854 = AXIS2_PLACEMENT_3D('',#4855,#4856,#4857);
#4855 = CARTESIAN_POINT('',(99.,-67.,-34.));
#4856 = DIRECTION('',(-1.,0.,0.));
#4857 = DIRECTION('',(0.,0.,1.));
#4858 = ORIENTED_EDGE('',*,*,#4859,.F.);
#4859 = EDGE_CURVE('',#4860,#4851,#4862,.T.);
#4860 = VERTEX_POINT('',#4861);
#4861 = CARTESIAN_POINT('',(97.3,-64.,-38.));
#4862 = LINE('',#4863,#4864);
#4863 = CARTESIAN_POINT('',(96.5,-64.,-38.));
#4864 = VECTOR('',#4865,1.);
#4865 = DIRECTION('',(1.,0.,0.));
#4866 = ORIENTED_EDGE('',*,*,#4867,.T.);
#4867 = EDGE_CURVE('',#4860,#4868,#4870,.T.);
#4868 = VERTEX_POINT('',#4869);
#4869 = CARTESIAN_POINT('',(97.3,-64.66920704928,-38.4235058744));
#4870 = CIRCLE('',#4871,5.);
#4871 = AXIS2_PLACEMENT_3D('',#4872,#4873,#4874);
#4872 = CARTESIAN_POINT('',(97.3,-67.,-34.));
#4873 = DIRECTION('',(-1.,0.,0.));
#4874 = DIRECTION('',(0.,0.,1.));
#4875 = ORIENTED_EDGE('',*,*,#4876,.F.);
#4876 = EDGE_CURVE('',#4877,#4868,#4879,.T.);
#4877 = VERTEX_POINT('',#4878);
#4878 = CARTESIAN_POINT('',(96.5,-64.66920704928,-38.4235058744));
#4879 = LINE('',#4880,#4881);
#4880 = CARTESIAN_POINT('',(96.5,-64.66920704928,-38.4235058744));
#4881 = VECTOR('',#4882,1.);
#4882 = DIRECTION('',(1.,0.,0.));
#4883 = ORIENTED_EDGE('',*,*,#4884,.T.);
#4884 = EDGE_CURVE('',#4877,#4885,#4887,.T.);
#4885 = VERTEX_POINT('',#4886);
#4886 = CARTESIAN_POINT('',(96.5,-69.,-29.41742430504));
#4887 = CIRCLE('',#4888,5.);
#4888 = AXIS2_PLACEMENT_3D('',#4889,#4890,#4891);
#4889 = CARTESIAN_POINT('',(96.5,-67.,-34.));
#4890 = DIRECTION('',(-1.,0.,0.));
#4891 = DIRECTION('',(0.,0.,1.));
#4892 = ORIENTED_EDGE('',*,*,#4893,.T.);
#4893 = EDGE_CURVE('',#4885,#4894,#4896,.T.);
#4894 = VERTEX_POINT('',#4895);
#4895 = CARTESIAN_POINT('',(99.,-69.,-29.41742430504));
#4896 = LINE('',#4897,#4898);
#4897 = CARTESIAN_POINT('',(96.5,-69.,-29.41742430504));
#4898 = VECTOR('',#4899,1.);
#4899 = DIRECTION('',(1.,0.,0.));
#4900 = ORIENTED_EDGE('',*,*,#4901,.T.);
#4901 = EDGE_CURVE('',#4894,#4902,#4904,.T.);
#4902 = VERTEX_POINT('',#4903);
#4903 = CARTESIAN_POINT('',(99.,-67.,-29.));
#4904 = CIRCLE('',#4905,5.);
#4905 = AXIS2_PLACEMENT_3D('',#4906,#4907,#4908);
#4906 = CARTESIAN_POINT('',(99.,-67.,-34.));
#4907 = DIRECTION('',(-1.,0.,0.));
#4908 = DIRECTION('',(0.,0.,1.));
#4909 = ORIENTED_EDGE('',*,*,#4910,.T.);
#4910 = EDGE_CURVE('',#4902,#4794,#4911,.T.);
#4911 = CIRCLE('',#4912,5.);
#4912 = AXIS2_PLACEMENT_3D('',#4913,#4914,#4915);
#4913 = CARTESIAN_POINT('',(99.,-67.,-34.));
#4914 = DIRECTION('',(-1.,0.,0.));
#4915 = DIRECTION('',(0.,0.,1.));
#4916 = ORIENTED_EDGE('',*,*,#4791,.F.);
#4917 = ORIENTED_EDGE('',*,*,#4918,.T.);
#4918 = EDGE_CURVE('',#4792,#4919,#4921,.T.);
#4919 = VERTEX_POINT('',#4920);
#4920 = CARTESIAN_POINT('',(96.5,-64.,-30.));
#4921 = CIRCLE('',#4922,5.);
#4922 = AXIS2_PLACEMENT_3D('',#4923,#4924,#4925);
#4923 = CARTESIAN_POINT('',(96.5,-67.,-34.));
#4924 = DIRECTION('',(-1.,0.,0.));
#4925 = DIRECTION('',(0.,0.,1.));
#4926 = ORIENTED_EDGE('',*,*,#4927,.T.);
#4927 = EDGE_CURVE('',#4919,#4928,#4930,.T.);
#4928 = VERTEX_POINT('',#4929);
#4929 = CARTESIAN_POINT('',(114.,-64.,-30.));
#4930 = LINE('',#4931,#4932);
#4931 = CARTESIAN_POINT('',(96.5,-64.,-30.));
#4932 = VECTOR('',#4933,1.);
#4933 = DIRECTION('',(1.,0.,0.));
#4934 = ORIENTED_EDGE('',*,*,#4935,.F.);
#4935 = EDGE_CURVE('',#4834,#4928,#4936,.T.);
#4936 = CIRCLE('',#4937,5.);
#4937 = AXIS2_PLACEMENT_3D('',#4938,#4939,#4940);
#4938 = CARTESIAN_POINT('',(114.,-67.,-34.));
#4939 = DIRECTION('',(-1.,0.,0.));
#4940 = DIRECTION('',(0.,0.,1.));
#4941 = CYLINDRICAL_SURFACE('',#4942,5.);
#4942 = AXIS2_PLACEMENT_3D('',#4943,#4944,#4945);
#4943 = CARTESIAN_POINT('',(96.5,-67.,-34.));
#4944 = DIRECTION('',(1.,0.,0.));
#4945 = DIRECTION('',(0.,0.,1.));
#4946 = ADVANCED_FACE('',(#4947),#4967,.T.);
#4947 = FACE_BOUND('',#4948,.F.);
#4948 = EDGE_LOOP('',(#4949,#4950,#4951,#4952,#4960));
#4949 = ORIENTED_EDGE('',*,*,#4817,.F.);
#4950 = ORIENTED_EDGE('',*,*,#4910,.F.);
#4951 = ORIENTED_EDGE('',*,*,#4901,.F.);
#4952 = ORIENTED_EDGE('',*,*,#4953,.T.);
#4953 = EDGE_CURVE('',#4894,#4954,#4956,.T.);
#4954 = VERTEX_POINT('',#4955);
#4955 = CARTESIAN_POINT('',(99.,-69.,21.417424305044));
#4956 = LINE('',#4957,#4958);
#4957 = CARTESIAN_POINT('',(99.,-69.,-34.));
#4958 = VECTOR('',#4959,1.);
#4959 = DIRECTION('',(0.,0.,1.));
#4960 = ORIENTED_EDGE('',*,*,#4961,.F.);
#4961 = EDGE_CURVE('',#4810,#4954,#4962,.T.);
#4962 = CIRCLE('',#4963,5.);
#4963 = AXIS2_PLACEMENT_3D('',#4964,#4965,#4966);
#4964 = CARTESIAN_POINT('',(99.,-67.,26.));
#4965 = DIRECTION('',(-1.,0.,0.));
#4966 = DIRECTION('',(0.,0.,1.));
#4967 = PLANE('',#4968);
#4968 = AXIS2_PLACEMENT_3D('',#4969,#4970,#4971);
#4969 = CARTESIAN_POINT('',(99.,-65.,-34.));
#4970 = DIRECTION('',(1.,0.,0.));
#4971 = DIRECTION('',(0.,0.,-1.));
#4972 = ADVANCED_FACE('',(#4973),#5061,.T.);
#4973 = FACE_BOUND('',#4974,.F.);
#4974 = EDGE_LOOP('',(#4975,#4986,#4994,#5003,#5011,#5020,#5029,#5037,
    #5044,#5045,#5046,#5054));
#4975 = ORIENTED_EDGE('',*,*,#4976,.T.);
#4976 = EDGE_CURVE('',#4977,#4979,#4981,.T.);
#4977 = VERTEX_POINT('',#4978);
#4978 = CARTESIAN_POINT('',(96.5,-67.,31.));
#4979 = VERTEX_POINT('',#4980);
#4980 = CARTESIAN_POINT('',(96.5,-64.,30.));
#4981 = CIRCLE('',#4982,5.);
#4982 = AXIS2_PLACEMENT_3D('',#4983,#4984,#4985);
#4983 = CARTESIAN_POINT('',(96.5,-67.,26.));
#4984 = DIRECTION('',(-1.,0.,0.));
#4985 = DIRECTION('',(0.,0.,1.));
#4986 = ORIENTED_EDGE('',*,*,#4987,.T.);
#4987 = EDGE_CURVE('',#4979,#4988,#4990,.T.);
#4988 = VERTEX_POINT('',#4989);
#4989 = CARTESIAN_POINT('',(99.,-64.,30.));
#4990 = LINE('',#4991,#4992);
#4991 = CARTESIAN_POINT('',(96.5,-64.,30.));
#4992 = VECTOR('',#4993,1.);
#4993 = DIRECTION('',(1.,0.,0.));
#4994 = ORIENTED_EDGE('',*,*,#4995,.F.);
#4995 = EDGE_CURVE('',#4996,#4988,#4998,.T.);
#4996 = VERTEX_POINT('',#4997);
#4997 = CARTESIAN_POINT('',(99.,-64.5,30.330127018922));
#4998 = CIRCLE('',#4999,5.);
#4999 = AXIS2_PLACEMENT_3D('',#5000,#5001,#5002);
#5000 = CARTESIAN_POINT('',(99.,-67.,26.));
#5001 = DIRECTION('',(-1.,0.,0.));
#5002 = DIRECTION('',(0.,0.,1.));
#5003 = ORIENTED_EDGE('',*,*,#5004,.T.);
#5004 = EDGE_CURVE('',#4996,#5005,#5007,.T.);
#5005 = VERTEX_POINT('',#5006);
#5006 = CARTESIAN_POINT('',(114.,-64.5,30.330127018922));
#5007 = LINE('',#5008,#5009);
#5008 = CARTESIAN_POINT('',(96.5,-64.5,30.330127018922));
#5009 = VECTOR('',#5010,1.);
#5010 = DIRECTION('',(1.,0.,0.));
#5011 = ORIENTED_EDGE('',*,*,#5012,.F.);
#5012 = EDGE_CURVE('',#5013,#5005,#5015,.T.);
#5013 = VERTEX_POINT('',#5014);
#5014 = CARTESIAN_POINT('',(114.,-67.,31.));
#5015 = CIRCLE('',#5016,5.);
#5016 = AXIS2_PLACEMENT_3D('',#5017,#5018,#5019);
#5017 = CARTESIAN_POINT('',(114.,-67.,26.));
#5018 = DIRECTION('',(-1.,0.,0.));
#5019 = DIRECTION('',(0.,0.,1.));
#5020 = ORIENTED_EDGE('',*,*,#5021,.F.);
#5021 = EDGE_CURVE('',#5022,#5013,#5024,.T.);
#5022 = VERTEX_POINT('',#5023);
#5023 = CARTESIAN_POINT('',(114.,-64.,22.));
#5024 = CIRCLE('',#5025,5.);
#5025 = AXIS2_PLACEMENT_3D('',#5026,#5027,#5028);
#5026 = CARTESIAN_POINT('',(114.,-67.,26.));
#5027 = DIRECTION('',(-1.,0.,0.));
#5028 = DIRECTION('',(0.,0.,1.));
#5029 = ORIENTED_EDGE('',*,*,#5030,.F.);
#5030 = EDGE_CURVE('',#5031,#5022,#5033,.T.);
#5031 = VERTEX_POINT('',#5032);
#5032 = CARTESIAN_POINT('',(96.5,-64.,22.));
#5033 = LINE('',#5034,#5035);
#5034 = CARTESIAN_POINT('',(96.5,-64.,22.));
#5035 = VECTOR('',#5036,1.);
#5036 = DIRECTION('',(1.,0.,0.));
#5037 = ORIENTED_EDGE('',*,*,#5038,.T.);
#5038 = EDGE_CURVE('',#5031,#4802,#5039,.T.);
#5039 = CIRCLE('',#5040,5.);
#5040 = AXIS2_PLACEMENT_3D('',#5041,#5042,#5043);
#5041 = CARTESIAN_POINT('',(96.5,-67.,26.));
#5042 = DIRECTION('',(-1.,0.,0.));
#5043 = DIRECTION('',(0.,0.,1.));
#5044 = ORIENTED_EDGE('',*,*,#4809,.T.);
#5045 = ORIENTED_EDGE('',*,*,#4961,.T.);
#5046 = ORIENTED_EDGE('',*,*,#5047,.F.);
#5047 = EDGE_CURVE('',#5048,#4954,#5050,.T.);
#5048 = VERTEX_POINT('',#5049);
#5049 = CARTESIAN_POINT('',(96.5,-69.,21.417424305044));
#5050 = LINE('',#5051,#5052);
#5051 = CARTESIAN_POINT('',(96.5,-69.,21.417424305044));
#5052 = VECTOR('',#5053,1.);
#5053 = DIRECTION('',(1.,0.,0.));
#5054 = ORIENTED_EDGE('',*,*,#5055,.T.);
#5055 = EDGE_CURVE('',#5048,#4977,#5056,.T.);
#5056 = CIRCLE('',#5057,5.);
#5057 = AXIS2_PLACEMENT_3D('',#5058,#5059,#5060);
#5058 = CARTESIAN_POINT('',(96.5,-67.,26.));
#5059 = DIRECTION('',(-1.,0.,0.));
#5060 = DIRECTION('',(0.,0.,1.));
#5061 = CYLINDRICAL_SURFACE('',#5062,5.);
#5062 = AXIS2_PLACEMENT_3D('',#5063,#5064,#5065);
#5063 = CARTESIAN_POINT('',(96.5,-67.,26.));
#5064 = DIRECTION('',(1.,0.,0.));
#5065 = DIRECTION('',(0.,0.,1.));
#5066 = ADVANCED_FACE('',(#5067,#5143,#5193),#5243,.T.);
#5067 = FACE_BOUND('',#5068,.F.);
#5068 = EDGE_LOOP('',(#5069,#5070,#5071,#5072,#5080,#5088,#5094,#5095,
    #5096,#5102,#5103,#5112,#5121,#5129,#5137));
#5069 = ORIENTED_EDGE('',*,*,#4918,.F.);
#5070 = ORIENTED_EDGE('',*,*,#4801,.T.);
#5071 = ORIENTED_EDGE('',*,*,#5038,.F.);
#5072 = ORIENTED_EDGE('',*,*,#5073,.F.);
#5073 = EDGE_CURVE('',#5074,#5031,#5076,.T.);
#5074 = VERTEX_POINT('',#5075);
#5075 = CARTESIAN_POINT('',(96.5,-56.,22.));
#5076 = LINE('',#5077,#5078);
#5077 = CARTESIAN_POINT('',(96.5,-56.,22.));
#5078 = VECTOR('',#5079,1.);
#5079 = DIRECTION('',(-0.,-1.,-0.));
#5080 = ORIENTED_EDGE('',*,*,#5081,.T.);
#5081 = EDGE_CURVE('',#5074,#5082,#5084,.T.);
#5082 = VERTEX_POINT('',#5083);
#5083 = CARTESIAN_POINT('',(96.5,-56.,30.));
#5084 = LINE('',#5085,#5086);
#5085 = CARTESIAN_POINT('',(96.5,-56.,22.));
#5086 = VECTOR('',#5087,1.);
#5087 = DIRECTION('',(0.,0.,1.));
#5088 = ORIENTED_EDGE('',*,*,#5089,.T.);
#5089 = EDGE_CURVE('',#5082,#4979,#5090,.T.);
#5090 = LINE('',#5091,#5092);
#5091 = CARTESIAN_POINT('',(96.5,-56.,30.));
#5092 = VECTOR('',#5093,1.);
#5093 = DIRECTION('',(-0.,-1.,-0.));
#5094 = ORIENTED_EDGE('',*,*,#4976,.F.);
#5095 = ORIENTED_EDGE('',*,*,#5055,.F.);
#5096 = ORIENTED_EDGE('',*,*,#5097,.F.);
#5097 = EDGE_CURVE('',#4885,#5048,#5098,.T.);
#5098 = LINE('',#5099,#5100);
#5099 = CARTESIAN_POINT('',(96.5,-69.,-34.));
#5100 = VECTOR('',#5101,1.);
#5101 = DIRECTION('',(0.,0.,1.));
#5102 = ORIENTED_EDGE('',*,*,#4884,.F.);
#5103 = ORIENTED_EDGE('',*,*,#5104,.T.);
#5104 = EDGE_CURVE('',#4877,#5105,#5107,.T.);
#5105 = VERTEX_POINT('',#5106);
#5106 = CARTESIAN_POINT('',(96.5,-62.,-36.9));
#5107 = CIRCLE('',#5108,3.1);
#5108 = AXIS2_PLACEMENT_3D('',#5109,#5110,#5111);
#5109 = CARTESIAN_POINT('',(96.5,-62.,-40.));
#5110 = DIRECTION('',(-1.,0.,0.));
#5111 = DIRECTION('',(0.,0.,1.));
#5112 = ORIENTED_EDGE('',*,*,#5113,.T.);
#5113 = EDGE_CURVE('',#5105,#5114,#5116,.T.);
#5114 = VERTEX_POINT('',#5115);
#5115 = CARTESIAN_POINT('',(96.5,-59.63145614353,-38.));
#5116 = CIRCLE('',#5117,3.1);
#5117 = AXIS2_PLACEMENT_3D('',#5118,#5119,#5120);
#5118 = CARTESIAN_POINT('',(96.5,-62.,-40.));
#5119 = DIRECTION('',(-1.,0.,0.));
#5120 = DIRECTION('',(0.,0.,1.));
#5121 = ORIENTED_EDGE('',*,*,#5122,.F.);
#5122 = EDGE_CURVE('',#5123,#5114,#5125,.T.);
#5123 = VERTEX_POINT('',#5124);
#5124 = CARTESIAN_POINT('',(96.5,-56.,-38.));
#5125 = LINE('',#5126,#5127);
#5126 = CARTESIAN_POINT('',(96.5,-56.,-38.));
#5127 = VECTOR('',#5128,1.);
#5128 = DIRECTION('',(-0.,-1.,-0.));
#5129 = ORIENTED_EDGE('',*,*,#5130,.T.);
#5130 = EDGE_CURVE('',#5123,#5131,#5133,.T.);
#5131 = VERTEX_POINT('',#5132);
#5132 = CARTESIAN_POINT('',(96.5,-56.,-30.));
#5133 = LINE('',#5134,#5135);
#5134 = CARTESIAN_POINT('',(96.5,-56.,-38.));
#5135 = VECTOR('',#5136,1.);
#5136 = DIRECTION('',(0.,0.,1.));
#5137 = ORIENTED_EDGE('',*,*,#5138,.T.);
#5138 = EDGE_CURVE('',#5131,#4919,#5139,.T.);
#5139 = LINE('',#5140,#5141);
#5140 = CARTESIAN_POINT('',(96.5,-56.,-30.));
#5141 = VECTOR('',#5142,1.);
#5142 = DIRECTION('',(-0.,-1.,-0.));
#5143 = FACE_BOUND('',#5144,.F.);
#5144 = EDGE_LOOP('',(#5145,#5155,#5163,#5171,#5179,#5187));
#5145 = ORIENTED_EDGE('',*,*,#5146,.T.);
#5146 = EDGE_CURVE('',#5147,#5149,#5151,.T.);
#5147 = VERTEX_POINT('',#5148);
#5148 = CARTESIAN_POINT('',(96.5,-69.9,-35.67431578065));
#5149 = VERTEX_POINT('',#5150);
#5150 = CARTESIAN_POINT('',(96.5,-69.9,-32.32568421935));
#5151 = LINE('',#5152,#5153);
#5152 = CARTESIAN_POINT('',(96.5,-69.9,-19.79696917602));
#5153 = VECTOR('',#5154,1.);
#5154 = DIRECTION('',(0.,0.,1.));
#5155 = ORIENTED_EDGE('',*,*,#5156,.T.);
#5156 = EDGE_CURVE('',#5149,#5157,#5159,.T.);
#5157 = VERTEX_POINT('',#5158);
#5158 = CARTESIAN_POINT('',(96.5,-67.,-30.6513684387));
#5159 = LINE('',#5160,#5161);
#5160 = CARTESIAN_POINT('',(96.5,-61.98828475178,-27.75785329104));
#5161 = VECTOR('',#5162,1.);
#5162 = DIRECTION('',(0.,0.866025403784,0.5));
#5163 = ORIENTED_EDGE('',*,*,#5164,.T.);
#5164 = EDGE_CURVE('',#5157,#5165,#5167,.T.);
#5165 = VERTEX_POINT('',#5166);
#5166 = CARTESIAN_POINT('',(96.5,-64.1,-32.32568421935));
#5167 = LINE('',#5168,#5169);
#5168 = CARTESIAN_POINT('',(96.5,-72.11347025608,-27.69910500985));
#5169 = VECTOR('',#5170,1.);
#5170 = DIRECTION('',(0.,0.866025403784,-0.5));
#5171 = ORIENTED_EDGE('',*,*,#5172,.T.);
#5172 = EDGE_CURVE('',#5165,#5173,#5175,.T.);
#5173 = VERTEX_POINT('',#5174);
#5174 = CARTESIAN_POINT('',(96.5,-64.1,-35.67431578065));
#5175 = LINE('',#5176,#5177);
#5176 = CARTESIAN_POINT('',(96.5,-64.1,-18.12265339537));
#5177 = VECTOR('',#5178,1.);
#5178 = DIRECTION('',(-0.,-0.,-1.));
#5179 = ORIENTED_EDGE('',*,*,#5180,.T.);
#5180 = EDGE_CURVE('',#5173,#5181,#5183,.T.);
#5181 = VERTEX_POINT('',#5182);
#5182 = CARTESIAN_POINT('',(96.5,-67.,-37.3486315613));
#5183 = LINE('',#5184,#5185);
#5184 = CARTESIAN_POINT('',(96.5,-57.63828475178,-31.94364274266));
#5185 = VECTOR('',#5186,1.);
#5186 = DIRECTION('',(-0.,-0.866025403784,-0.5));
#5187 = ORIENTED_EDGE('',*,*,#5188,.T.);
#5188 = EDGE_CURVE('',#5181,#5147,#5189,.T.);
#5189 = LINE('',#5190,#5191);
#5190 = CARTESIAN_POINT('',(96.5,-73.56347025608,-33.55921024213));
#5191 = VECTOR('',#5192,1.);
#5192 = DIRECTION('',(0.,-0.866025403784,0.5));
#5193 = FACE_BOUND('',#5194,.F.);
#5194 = EDGE_LOOP('',(#5195,#5205,#5213,#5221,#5229,#5237));
#5195 = ORIENTED_EDGE('',*,*,#5196,.T.);
#5196 = EDGE_CURVE('',#5197,#5199,#5201,.T.);
#5197 = VERTEX_POINT('',#5198);
#5198 = CARTESIAN_POINT('',(96.5,-69.9,24.32568421935));
#5199 = VERTEX_POINT('',#5200);
#5200 = CARTESIAN_POINT('',(96.5,-69.9,27.67431578065));
#5201 = LINE('',#5202,#5203);
#5202 = CARTESIAN_POINT('',(96.5,-69.9,10.20303082398));
#5203 = VECTOR('',#5204,1.);
#5204 = DIRECTION('',(0.,0.,1.));
#5205 = ORIENTED_EDGE('',*,*,#5206,.T.);
#5206 = EDGE_CURVE('',#5199,#5207,#5209,.T.);
#5207 = VERTEX_POINT('',#5208);
#5208 = CARTESIAN_POINT('',(96.5,-67.,29.3486315613));
#5209 = LINE('',#5210,#5211);
#5210 = CARTESIAN_POINT('',(96.5,-74.97866580855,24.742146708959));
#5211 = VECTOR('',#5212,1.);
#5212 = DIRECTION('',(0.,0.866025403784,0.5));
#5213 = ORIENTED_EDGE('',*,*,#5214,.T.);
#5214 = EDGE_CURVE('',#5207,#5215,#5217,.T.);
#5215 = VERTEX_POINT('',#5216);
#5216 = CARTESIAN_POINT('',(96.5,-64.1,27.67431578065));
#5217 = LINE('',#5218,#5219);
#5218 = CARTESIAN_POINT('',(96.5,-59.12308919931,24.800894990143));
#5219 = VECTOR('',#5220,1.);
#5220 = DIRECTION('',(0.,0.866025403784,-0.5));
#5221 = ORIENTED_EDGE('',*,*,#5222,.T.);
#5222 = EDGE_CURVE('',#5215,#5223,#5225,.T.);
#5223 = VERTEX_POINT('',#5224);
#5224 = CARTESIAN_POINT('',(96.5,-64.1,24.32568421935));
#5225 = LINE('',#5226,#5227);
#5226 = CARTESIAN_POINT('',(96.5,-64.1,11.87734660463));
#5227 = VECTOR('',#5228,1.);
#5228 = DIRECTION('',(-0.,-0.,-1.));
#5229 = ORIENTED_EDGE('',*,*,#5230,.T.);
#5230 = EDGE_CURVE('',#5223,#5231,#5233,.T.);
#5231 = VERTEX_POINT('',#5232);
#5232 = CARTESIAN_POINT('',(96.5,-67.,22.6513684387));
#5233 = LINE('',#5234,#5235);
#5234 = CARTESIAN_POINT('',(96.5,-70.62866580855,20.556357257334));
#5235 = VECTOR('',#5236,1.);
#5236 = DIRECTION('',(-0.,-0.866025403784,-0.5));
#5237 = ORIENTED_EDGE('',*,*,#5238,.T.);
#5238 = EDGE_CURVE('',#5231,#5197,#5239,.T.);
#5239 = LINE('',#5240,#5241);
#5240 = CARTESIAN_POINT('',(96.5,-60.57308919931,18.940789757868));
#5241 = VECTOR('',#5242,1.);
#5242 = DIRECTION('',(0.,-0.866025403784,0.5));
#5243 = PLANE('',#5244);
#5244 = AXIS2_PLACEMENT_3D('',#5245,#5246,#5247);
#5245 = CARTESIAN_POINT('',(96.5,-65.20234001049,-3.91962257139));
#5246 = DIRECTION('',(-1.,0.,0.));
#5247 = DIRECTION('',(0.,0.,1.));
#5248 = ADVANCED_FACE('',(#5249,#5292),#5303,.T.);
#5249 = FACE_BOUND('',#5250,.F.);
#5250 = EDGE_LOOP('',(#5251,#5259,#5260,#5261,#5269,#5277,#5285));
#5251 = ORIENTED_EDGE('',*,*,#5252,.T.);
#5252 = EDGE_CURVE('',#5253,#4832,#5255,.T.);
#5253 = VERTEX_POINT('',#5254);
#5254 = CARTESIAN_POINT('',(114.,-64.5,-40.71518645886));
#5255 = LINE('',#5256,#5257);
#5256 = CARTESIAN_POINT('',(114.,-64.5,-44.5));
#5257 = VECTOR('',#5258,1.);
#5258 = DIRECTION('',(0.,0.,1.));
#5259 = ORIENTED_EDGE('',*,*,#4831,.T.);
#5260 = ORIENTED_EDGE('',*,*,#4935,.T.);
#5261 = ORIENTED_EDGE('',*,*,#5262,.F.);
#5262 = EDGE_CURVE('',#5263,#4928,#5265,.T.);
#5263 = VERTEX_POINT('',#5264);
#5264 = CARTESIAN_POINT('',(114.,-61.5,-30.));
#5265 = LINE('',#5266,#5267);
#5266 = CARTESIAN_POINT('',(114.,-61.5,-30.));
#5267 = VECTOR('',#5268,1.);
#5268 = DIRECTION('',(-0.,-1.,-0.));
#5269 = ORIENTED_EDGE('',*,*,#5270,.F.);
#5270 = EDGE_CURVE('',#5271,#5263,#5273,.T.);
#5271 = VERTEX_POINT('',#5272);
#5272 = CARTESIAN_POINT('',(114.,-61.5,-44.5));
#5273 = LINE('',#5274,#5275);
#5274 = CARTESIAN_POINT('',(114.,-61.5,-44.5));
#5275 = VECTOR('',#5276,1.);
#5276 = DIRECTION('',(0.,0.,1.));
#5277 = ORIENTED_EDGE('',*,*,#5278,.T.);
#5278 = EDGE_CURVE('',#5271,#5279,#5281,.T.);
#5279 = VERTEX_POINT('',#5280);
#5280 = CARTESIAN_POINT('',(114.,-63.22611269508,-44.5));
#5281 = LINE('',#5282,#5283);
#5282 = CARTESIAN_POINT('',(114.,-61.5,-44.5));
#5283 = VECTOR('',#5284,1.);
#5284 = DIRECTION('',(-0.,-1.,-0.));
#5285 = ORIENTED_EDGE('',*,*,#5286,.F.);
#5286 = EDGE_CURVE('',#5253,#5279,#5287,.T.);
#5287 = CIRCLE('',#5288,4.8);
#5288 = AXIS2_PLACEMENT_3D('',#5289,#5290,#5291);
#5289 = CARTESIAN_POINT('',(114.,-68.,-44.));
#5290 = DIRECTION('',(-1.,0.,0.));
#5291 = DIRECTION('',(0.,0.,1.));
#5292 = FACE_BOUND('',#5293,.F.);
#5293 = EDGE_LOOP('',(#5294));
#5294 = ORIENTED_EDGE('',*,*,#5295,.F.);
#5295 = EDGE_CURVE('',#5296,#5296,#5298,.T.);
#5296 = VERTEX_POINT('',#5297);
#5297 = CARTESIAN_POINT('',(114.,-67.,-32.3));
#5298 = CIRCLE('',#5299,1.7);
#5299 = AXIS2_PLACEMENT_3D('',#5300,#5301,#5302);
#5300 = CARTESIAN_POINT('',(114.,-67.,-34.));
#5301 = DIRECTION('',(-1.,0.,0.));
#5302 = DIRECTION('',(0.,0.,1.));
#5303 = PLANE('',#5304);
#5304 = AXIS2_PLACEMENT_3D('',#5305,#5306,#5307);
#5305 = CARTESIAN_POINT('',(114.,-65.18502467546,-36.35467059907));
#5306 = DIRECTION('',(1.,0.,0.));
#5307 = DIRECTION('',(0.,0.,-1.));
#5308 = ADVANCED_FACE('',(#5309),#5336,.T.);
#5309 = FACE_BOUND('',#5310,.F.);
#5310 = EDGE_LOOP('',(#5311,#5312,#5320,#5328,#5334,#5335));
#5311 = ORIENTED_EDGE('',*,*,#5138,.F.);
#5312 = ORIENTED_EDGE('',*,*,#5313,.T.);
#5313 = EDGE_CURVE('',#5131,#5314,#5316,.T.);
#5314 = VERTEX_POINT('',#5315);
#5315 = CARTESIAN_POINT('',(99.,-56.,-30.));
#5316 = LINE('',#5317,#5318);
#5317 = CARTESIAN_POINT('',(96.5,-56.,-30.));
#5318 = VECTOR('',#5319,1.);
#5319 = DIRECTION('',(1.,0.,0.));
#5320 = ORIENTED_EDGE('',*,*,#5321,.T.);
#5321 = EDGE_CURVE('',#5314,#5322,#5324,.T.);
#5322 = VERTEX_POINT('',#5323);
#5323 = CARTESIAN_POINT('',(99.,-61.5,-30.));
#5324 = LINE('',#5325,#5326);
#5325 = CARTESIAN_POINT('',(99.,-56.,-30.));
#5326 = VECTOR('',#5327,1.);
#5327 = DIRECTION('',(-0.,-1.,-0.));
#5328 = ORIENTED_EDGE('',*,*,#5329,.T.);
#5329 = EDGE_CURVE('',#5322,#5263,#5330,.T.);
#5330 = LINE('',#5331,#5332);
#5331 = CARTESIAN_POINT('',(99.,-61.5,-30.));
#5332 = VECTOR('',#5333,1.);
#5333 = DIRECTION('',(1.,0.,0.));
#5334 = ORIENTED_EDGE('',*,*,#5262,.T.);
#5335 = ORIENTED_EDGE('',*,*,#4927,.F.);
#5336 = PLANE('',#5337);
#5337 = AXIS2_PLACEMENT_3D('',#5338,#5339,#5340);
#5338 = CARTESIAN_POINT('',(103.63235294117,-61.61764705882,-30.));
#5339 = DIRECTION('',(0.,0.,1.));
#5340 = DIRECTION('',(-1.,-0.,-0.));
#5341 = ADVANCED_FACE('',(#5342),#5348,.T.);
#5342 = FACE_BOUND('',#5343,.F.);
#5343 = EDGE_LOOP('',(#5344,#5345,#5346,#5347));
#5344 = ORIENTED_EDGE('',*,*,#4893,.F.);
#5345 = ORIENTED_EDGE('',*,*,#5097,.T.);
#5346 = ORIENTED_EDGE('',*,*,#5047,.T.);
#5347 = ORIENTED_EDGE('',*,*,#4953,.F.);
#5348 = PLANE('',#5349);
#5349 = AXIS2_PLACEMENT_3D('',#5350,#5351,#5352);
#5350 = CARTESIAN_POINT('',(96.5,-69.,-34.));
#5351 = DIRECTION('',(-0.,-1.,-0.));
#5352 = DIRECTION('',(0.,0.,-1.));
#5353 = ADVANCED_FACE('',(#5354),#5381,.F.);
#5354 = FACE_BOUND('',#5355,.T.);
#5355 = EDGE_LOOP('',(#5356,#5365,#5374,#5380));
#5356 = ORIENTED_EDGE('',*,*,#5357,.T.);
#5357 = EDGE_CURVE('',#4868,#5358,#5360,.T.);
#5358 = VERTEX_POINT('',#5359);
#5359 = CARTESIAN_POINT('',(97.3,-62.,-36.9));
#5360 = CIRCLE('',#5361,3.1);
#5361 = AXIS2_PLACEMENT_3D('',#5362,#5363,#5364);
#5362 = CARTESIAN_POINT('',(97.3,-62.,-40.));
#5363 = DIRECTION('',(-1.,0.,0.));
#5364 = DIRECTION('',(0.,0.,1.));
#5365 = ORIENTED_EDGE('',*,*,#5366,.T.);
#5366 = EDGE_CURVE('',#5358,#5367,#5369,.T.);
#5367 = VERTEX_POINT('',#5368);
#5368 = CARTESIAN_POINT('',(97.3,-59.63145614353,-38.));
#5369 = CIRCLE('',#5370,3.1);
#5370 = AXIS2_PLACEMENT_3D('',#5371,#5372,#5373);
#5371 = CARTESIAN_POINT('',(97.3,-62.,-40.));
#5372 = DIRECTION('',(-1.,0.,0.));
#5373 = DIRECTION('',(0.,0.,1.));
#5374 = ORIENTED_EDGE('',*,*,#5375,.T.);
#5375 = EDGE_CURVE('',#5367,#4860,#5376,.T.);
#5376 = LINE('',#5377,#5378);
#5377 = CARTESIAN_POINT('',(97.3,-59.,-38.));
#5378 = VECTOR('',#5379,1.);
#5379 = DIRECTION('',(-0.,-1.,-0.));
#5380 = ORIENTED_EDGE('',*,*,#4867,.T.);
#5381 = PLANE('',#5382);
#5382 = AXIS2_PLACEMENT_3D('',#5383,#5384,#5385);
#5383 = CARTESIAN_POINT('',(97.3,-62.,-40.));
#5384 = DIRECTION('',(1.,0.,0.));
#5385 = DIRECTION('',(0.,0.,-1.));
#5386 = ADVANCED_FACE('',(#5387),#5420,.F.);
#5387 = FACE_BOUND('',#5388,.T.);
#5388 = EDGE_LOOP('',(#5389,#5390,#5398,#5406,#5412,#5413,#5414));
#5389 = ORIENTED_EDGE('',*,*,#5122,.F.);
#5390 = ORIENTED_EDGE('',*,*,#5391,.T.);
#5391 = EDGE_CURVE('',#5123,#5392,#5394,.T.);
#5392 = VERTEX_POINT('',#5393);
#5393 = CARTESIAN_POINT('',(99.,-56.,-38.));
#5394 = LINE('',#5395,#5396);
#5395 = CARTESIAN_POINT('',(96.5,-56.,-38.));
#5396 = VECTOR('',#5397,1.);
#5397 = DIRECTION('',(1.,0.,0.));
#5398 = ORIENTED_EDGE('',*,*,#5399,.T.);
#5399 = EDGE_CURVE('',#5392,#5400,#5402,.T.);
#5400 = VERTEX_POINT('',#5401);
#5401 = CARTESIAN_POINT('',(99.,-61.5,-38.));
#5402 = LINE('',#5403,#5404);
#5403 = CARTESIAN_POINT('',(99.,-56.,-38.));
#5404 = VECTOR('',#5405,1.);
#5405 = DIRECTION('',(-0.,-1.,-0.));
#5406 = ORIENTED_EDGE('',*,*,#5407,.T.);
#5407 = EDGE_CURVE('',#5400,#4851,#5408,.T.);
#5408 = LINE('',#5409,#5410);
#5409 = CARTESIAN_POINT('',(99.,-56.,-38.));
#5410 = VECTOR('',#5411,1.);
#5411 = DIRECTION('',(-0.,-1.,-0.));
#5412 = ORIENTED_EDGE('',*,*,#4859,.F.);
#5413 = ORIENTED_EDGE('',*,*,#5375,.F.);
#5414 = ORIENTED_EDGE('',*,*,#5415,.F.);
#5415 = EDGE_CURVE('',#5114,#5367,#5416,.T.);
#5416 = LINE('',#5417,#5418);
#5417 = CARTESIAN_POINT('',(96.3,-59.63145614353,-38.));
#5418 = VECTOR('',#5419,1.);
#5419 = DIRECTION('',(1.,0.,0.));
#5420 = PLANE('',#5421);
#5421 = AXIS2_PLACEMENT_3D('',#5422,#5423,#5424);
#5422 = CARTESIAN_POINT('',(96.5,-56.,-38.));
#5423 = DIRECTION('',(0.,0.,1.));
#5424 = DIRECTION('',(-1.,-0.,-0.));
#5425 = ADVANCED_FACE('',(#5426),#5477,.T.);
#5426 = FACE_BOUND('',#5427,.F.);
#5427 = EDGE_LOOP('',(#5428,#5438,#5444,#5445,#5446,#5454,#5463,#5471));
#5428 = ORIENTED_EDGE('',*,*,#5429,.T.);
#5429 = EDGE_CURVE('',#5430,#5432,#5434,.T.);
#5430 = VERTEX_POINT('',#5431);
#5431 = CARTESIAN_POINT('',(99.,-56.,-43.));
#5432 = VERTEX_POINT('',#5433);
#5433 = CARTESIAN_POINT('',(99.,-61.5,-43.));
#5434 = LINE('',#5435,#5436);
#5435 = CARTESIAN_POINT('',(99.,-56.,-43.));
#5436 = VECTOR('',#5437,1.);
#5437 = DIRECTION('',(-0.,-1.,-0.));
#5438 = ORIENTED_EDGE('',*,*,#5439,.T.);
#5439 = EDGE_CURVE('',#5432,#5400,#5440,.T.);
#5440 = LINE('',#5441,#5442);
#5441 = CARTESIAN_POINT('',(99.,-61.5,-44.5));
#5442 = VECTOR('',#5443,1.);
#5443 = DIRECTION('',(0.,0.,1.));
#5444 = ORIENTED_EDGE('',*,*,#5407,.T.);
#5445 = ORIENTED_EDGE('',*,*,#4850,.T.);
#5446 = ORIENTED_EDGE('',*,*,#5447,.F.);
#5447 = EDGE_CURVE('',#5448,#4843,#5450,.T.);
#5448 = VERTEX_POINT('',#5449);
#5449 = CARTESIAN_POINT('',(99.,-64.5,-40.71518645886));
#5450 = LINE('',#5451,#5452);
#5451 = CARTESIAN_POINT('',(99.,-64.5,-44.5));
#5452 = VECTOR('',#5453,1.);
#5453 = DIRECTION('',(0.,0.,1.));
#5454 = ORIENTED_EDGE('',*,*,#5455,.T.);
#5455 = EDGE_CURVE('',#5448,#5456,#5458,.T.);
#5456 = VERTEX_POINT('',#5457);
#5457 = CARTESIAN_POINT('',(99.,-63.22611269508,-44.5));
#5458 = CIRCLE('',#5459,4.8);
#5459 = AXIS2_PLACEMENT_3D('',#5460,#5461,#5462);
#5460 = CARTESIAN_POINT('',(99.,-68.,-44.));
#5461 = DIRECTION('',(-1.,0.,0.));
#5462 = DIRECTION('',(0.,0.,1.));
#5463 = ORIENTED_EDGE('',*,*,#5464,.F.);
#5464 = EDGE_CURVE('',#5465,#5456,#5467,.T.);
#5465 = VERTEX_POINT('',#5466);
#5466 = CARTESIAN_POINT('',(99.,-56.,-44.5));
#5467 = LINE('',#5468,#5469);
#5468 = CARTESIAN_POINT('',(99.,-61.5,-44.5));
#5469 = VECTOR('',#5470,1.);
#5470 = DIRECTION('',(-0.,-1.,-0.));
#5471 = ORIENTED_EDGE('',*,*,#5472,.T.);
#5472 = EDGE_CURVE('',#5465,#5430,#5473,.T.);
#5473 = LINE('',#5474,#5475);
#5474 = CARTESIAN_POINT('',(99.,-56.,-44.5));
#5475 = VECTOR('',#5476,1.);
#5476 = DIRECTION('',(0.,0.,1.));
#5477 = PLANE('',#5478);
#5478 = AXIS2_PLACEMENT_3D('',#5479,#5480,#5481);
#5479 = CARTESIAN_POINT('',(99.,-61.13994532092,-42.20053323033));
#5480 = DIRECTION('',(-1.,0.,0.));
#5481 = DIRECTION('',(0.,0.,1.));
#5482 = ADVANCED_FACE('',(#5483),#5494,.T.);
#5483 = FACE_BOUND('',#5484,.F.);
#5484 = EDGE_LOOP('',(#5485,#5491,#5492,#5493));
#5485 = ORIENTED_EDGE('',*,*,#5486,.F.);
#5486 = EDGE_CURVE('',#5448,#5253,#5487,.T.);
#5487 = LINE('',#5488,#5489);
#5488 = CARTESIAN_POINT('',(96.3,-64.5,-40.71518645886));
#5489 = VECTOR('',#5490,1.);
#5490 = DIRECTION('',(1.,0.,0.));
#5491 = ORIENTED_EDGE('',*,*,#5447,.T.);
#5492 = ORIENTED_EDGE('',*,*,#4842,.T.);
#5493 = ORIENTED_EDGE('',*,*,#5252,.F.);
#5494 = PLANE('',#5495);
#5495 = AXIS2_PLACEMENT_3D('',#5496,#5497,#5498);
#5496 = CARTESIAN_POINT('',(99.,-64.5,-44.5));
#5497 = DIRECTION('',(-0.,-1.,-0.));
#5498 = DIRECTION('',(0.,0.,-1.));
#5499 = ADVANCED_FACE('',(#5500),#5526,.T.);
#5500 = FACE_BOUND('',#5501,.F.);
#5501 = EDGE_LOOP('',(#5502,#5503,#5511,#5519,#5525));
#5502 = ORIENTED_EDGE('',*,*,#5089,.F.);
#5503 = ORIENTED_EDGE('',*,*,#5504,.T.);
#5504 = EDGE_CURVE('',#5082,#5505,#5507,.T.);
#5505 = VERTEX_POINT('',#5506);
#5506 = CARTESIAN_POINT('',(99.,-56.,30.));
#5507 = LINE('',#5508,#5509);
#5508 = CARTESIAN_POINT('',(96.5,-56.,30.));
#5509 = VECTOR('',#5510,1.);
#5510 = DIRECTION('',(1.,0.,0.));
#5511 = ORIENTED_EDGE('',*,*,#5512,.T.);
#5512 = EDGE_CURVE('',#5505,#5513,#5515,.T.);
#5513 = VERTEX_POINT('',#5514);
#5514 = CARTESIAN_POINT('',(99.,-61.5,30.));
#5515 = LINE('',#5516,#5517);
#5516 = CARTESIAN_POINT('',(99.,-56.,30.));
#5517 = VECTOR('',#5518,1.);
#5518 = DIRECTION('',(-0.,-1.,-0.));
#5519 = ORIENTED_EDGE('',*,*,#5520,.T.);
#5520 = EDGE_CURVE('',#5513,#4988,#5521,.T.);
#5521 = LINE('',#5522,#5523);
#5522 = CARTESIAN_POINT('',(99.,-56.,30.));
#5523 = VECTOR('',#5524,1.);
#5524 = DIRECTION('',(-0.,-1.,-0.));
#5525 = ORIENTED_EDGE('',*,*,#4987,.F.);
#5526 = PLANE('',#5527);
#5527 = AXIS2_PLACEMENT_3D('',#5528,#5529,#5530);
#5528 = CARTESIAN_POINT('',(96.5,-56.,30.));
#5529 = DIRECTION('',(0.,0.,1.));
#5530 = DIRECTION('',(-1.,-0.,-0.));
#5531 = ADVANCED_FACE('',(#5532),#5574,.T.);
#5532 = FACE_BOUND('',#5533,.F.);
#5533 = EDGE_LOOP('',(#5534,#5542,#5550,#5558,#5566,#5572,#5573));
#5534 = ORIENTED_EDGE('',*,*,#5535,.T.);
#5535 = EDGE_CURVE('',#5513,#5536,#5538,.T.);
#5536 = VERTEX_POINT('',#5537);
#5537 = CARTESIAN_POINT('',(99.,-61.5,35.5));
#5538 = LINE('',#5539,#5540);
#5539 = CARTESIAN_POINT('',(99.,-61.5,22.));
#5540 = VECTOR('',#5541,1.);
#5541 = DIRECTION('',(0.,0.,1.));
#5542 = ORIENTED_EDGE('',*,*,#5543,.F.);
#5543 = EDGE_CURVE('',#5544,#5536,#5546,.T.);
#5544 = VERTEX_POINT('',#5545);
#5545 = CARTESIAN_POINT('',(99.,-56.,35.5));
#5546 = LINE('',#5547,#5548);
#5547 = CARTESIAN_POINT('',(99.,-56.,35.5));
#5548 = VECTOR('',#5549,1.);
#5549 = DIRECTION('',(-0.,-1.,-0.));
#5550 = ORIENTED_EDGE('',*,*,#5551,.T.);
#5551 = EDGE_CURVE('',#5544,#5552,#5554,.T.);
#5552 = VERTEX_POINT('',#5553);
#5553 = CARTESIAN_POINT('',(99.,-56.,37.));
#5554 = LINE('',#5555,#5556);
#5555 = CARTESIAN_POINT('',(99.,-56.,35.5));
#5556 = VECTOR('',#5557,1.);
#5557 = DIRECTION('',(0.,0.,1.));
#5558 = ORIENTED_EDGE('',*,*,#5559,.T.);
#5559 = EDGE_CURVE('',#5552,#5560,#5562,.T.);
#5560 = VERTEX_POINT('',#5561);
#5561 = CARTESIAN_POINT('',(99.,-64.5,37.));
#5562 = LINE('',#5563,#5564);
#5563 = CARTESIAN_POINT('',(99.,-56.,37.));
#5564 = VECTOR('',#5565,1.);
#5565 = DIRECTION('',(-0.,-1.,-0.));
#5566 = ORIENTED_EDGE('',*,*,#5567,.F.);
#5567 = EDGE_CURVE('',#4996,#5560,#5568,.T.);
#5568 = LINE('',#5569,#5570);
#5569 = CARTESIAN_POINT('',(99.,-64.5,22.));
#5570 = VECTOR('',#5571,1.);
#5571 = DIRECTION('',(0.,0.,1.));
#5572 = ORIENTED_EDGE('',*,*,#4995,.T.);
#5573 = ORIENTED_EDGE('',*,*,#5520,.F.);
#5574 = PLANE('',#5575);
#5575 = AXIS2_PLACEMENT_3D('',#5576,#5577,#5578);
#5576 = CARTESIAN_POINT('',(99.,-61.20039687407,34.510889750716));
#5577 = DIRECTION('',(-1.,0.,0.));
#5578 = DIRECTION('',(0.,0.,1.));
#5579 = ADVANCED_FACE('',(#5580),#5598,.T.);
#5580 = FACE_BOUND('',#5581,.F.);
#5581 = EDGE_LOOP('',(#5582,#5590,#5591,#5592));
#5582 = ORIENTED_EDGE('',*,*,#5583,.F.);
#5583 = EDGE_CURVE('',#5005,#5584,#5586,.T.);
#5584 = VERTEX_POINT('',#5585);
#5585 = CARTESIAN_POINT('',(114.,-64.5,37.));
#5586 = LINE('',#5587,#5588);
#5587 = CARTESIAN_POINT('',(114.,-64.5,22.));
#5588 = VECTOR('',#5589,1.);
#5589 = DIRECTION('',(0.,0.,1.));
#5590 = ORIENTED_EDGE('',*,*,#5004,.F.);
#5591 = ORIENTED_EDGE('',*,*,#5567,.T.);
#5592 = ORIENTED_EDGE('',*,*,#5593,.T.);
#5593 = EDGE_CURVE('',#5560,#5584,#5594,.T.);
#5594 = LINE('',#5595,#5596);
#5595 = CARTESIAN_POINT('',(99.,-64.5,37.));
#5596 = VECTOR('',#5597,1.);
#5597 = DIRECTION('',(1.,0.,0.));
#5598 = PLANE('',#5599);
#5599 = AXIS2_PLACEMENT_3D('',#5600,#5601,#5602);
#5600 = CARTESIAN_POINT('',(99.,-64.5,22.));
#5601 = DIRECTION('',(-0.,-1.,-0.));
#5602 = DIRECTION('',(0.,0.,-1.));
#5603 = ADVANCED_FACE('',(#5604,#5631),#5642,.T.);
#5604 = FACE_BOUND('',#5605,.F.);
#5605 = EDGE_LOOP('',(#5606,#5607,#5608,#5609,#5617,#5625));
#5606 = ORIENTED_EDGE('',*,*,#5021,.T.);
#5607 = ORIENTED_EDGE('',*,*,#5012,.T.);
#5608 = ORIENTED_EDGE('',*,*,#5583,.T.);
#5609 = ORIENTED_EDGE('',*,*,#5610,.F.);
#5610 = EDGE_CURVE('',#5611,#5584,#5613,.T.);
#5611 = VERTEX_POINT('',#5612);
#5612 = CARTESIAN_POINT('',(114.,-61.5,37.));
#5613 = LINE('',#5614,#5615);
#5614 = CARTESIAN_POINT('',(114.,-61.5,37.));
#5615 = VECTOR('',#5616,1.);
#5616 = DIRECTION('',(-0.,-1.,-0.));
#5617 = ORIENTED_EDGE('',*,*,#5618,.F.);
#5618 = EDGE_CURVE('',#5619,#5611,#5621,.T.);
#5619 = VERTEX_POINT('',#5620);
#5620 = CARTESIAN_POINT('',(114.,-61.5,22.));
#5621 = LINE('',#5622,#5623);
#5622 = CARTESIAN_POINT('',(114.,-61.5,22.));
#5623 = VECTOR('',#5624,1.);
#5624 = DIRECTION('',(0.,0.,1.));
#5625 = ORIENTED_EDGE('',*,*,#5626,.T.);
#5626 = EDGE_CURVE('',#5619,#5022,#5627,.T.);
#5627 = LINE('',#5628,#5629);
#5628 = CARTESIAN_POINT('',(114.,-61.5,22.));
#5629 = VECTOR('',#5630,1.);
#5630 = DIRECTION('',(-0.,-1.,-0.));
#5631 = FACE_BOUND('',#5632,.F.);
#5632 = EDGE_LOOP('',(#5633));
#5633 = ORIENTED_EDGE('',*,*,#5634,.F.);
#5634 = EDGE_CURVE('',#5635,#5635,#5637,.T.);
#5635 = VERTEX_POINT('',#5636);
#5636 = CARTESIAN_POINT('',(114.,-67.,27.7));
#5637 = CIRCLE('',#5638,1.7);
#5638 = AXIS2_PLACEMENT_3D('',#5639,#5640,#5641);
#5639 = CARTESIAN_POINT('',(114.,-67.,26.));
#5640 = DIRECTION('',(-1.,0.,0.));
#5641 = DIRECTION('',(0.,0.,1.));
#5642 = PLANE('',#5643);
#5643 = AXIS2_PLACEMENT_3D('',#5644,#5645,#5646);
#5644 = CARTESIAN_POINT('',(114.,-65.12976848618,28.674093699745));
#5645 = DIRECTION('',(1.,0.,0.));
#5646 = DIRECTION('',(0.,0.,-1.));
#5647 = ADVANCED_FACE('',(#5648),#5675,.T.);
#5648 = FACE_BOUND('',#5649,.F.);
#5649 = EDGE_LOOP('',(#5650,#5651,#5652,#5653,#5661,#5669));
#5650 = ORIENTED_EDGE('',*,*,#5073,.T.);
#5651 = ORIENTED_EDGE('',*,*,#5030,.T.);
#5652 = ORIENTED_EDGE('',*,*,#5626,.F.);
#5653 = ORIENTED_EDGE('',*,*,#5654,.F.);
#5654 = EDGE_CURVE('',#5655,#5619,#5657,.T.);
#5655 = VERTEX_POINT('',#5656);
#5656 = CARTESIAN_POINT('',(99.,-61.5,22.));
#5657 = LINE('',#5658,#5659);
#5658 = CARTESIAN_POINT('',(99.,-61.5,22.));
#5659 = VECTOR('',#5660,1.);
#5660 = DIRECTION('',(1.,0.,0.));
#5661 = ORIENTED_EDGE('',*,*,#5662,.F.);
#5662 = EDGE_CURVE('',#5663,#5655,#5665,.T.);
#5663 = VERTEX_POINT('',#5664);
#5664 = CARTESIAN_POINT('',(99.,-56.,22.));
#5665 = LINE('',#5666,#5667);
#5666 = CARTESIAN_POINT('',(99.,-56.,22.));
#5667 = VECTOR('',#5668,1.);
#5668 = DIRECTION('',(-0.,-1.,-0.));
#5669 = ORIENTED_EDGE('',*,*,#5670,.F.);
#5670 = EDGE_CURVE('',#5074,#5663,#5671,.T.);
#5671 = LINE('',#5672,#5673);
#5672 = CARTESIAN_POINT('',(96.5,-56.,22.));
#5673 = VECTOR('',#5674,1.);
#5674 = DIRECTION('',(1.,0.,0.));
#5675 = PLANE('',#5676);
#5676 = AXIS2_PLACEMENT_3D('',#5677,#5678,#5679);
#5677 = CARTESIAN_POINT('',(103.63235294117,-61.61764705882,22.));
#5678 = DIRECTION('',(0.,0.,-1.));
#5679 = DIRECTION('',(1.,0.,0.));
#5680 = ADVANCED_FACE('',(#5681),#5692,.F.);
#5681 = FACE_BOUND('',#5682,.T.);
#5682 = EDGE_LOOP('',(#5683,#5684,#5685,#5686));
#5683 = ORIENTED_EDGE('',*,*,#5391,.F.);
#5684 = ORIENTED_EDGE('',*,*,#5130,.T.);
#5685 = ORIENTED_EDGE('',*,*,#5313,.T.);
#5686 = ORIENTED_EDGE('',*,*,#5687,.F.);
#5687 = EDGE_CURVE('',#5392,#5314,#5688,.T.);
#5688 = LINE('',#5689,#5690);
#5689 = CARTESIAN_POINT('',(99.,-56.,-38.));
#5690 = VECTOR('',#5691,1.);
#5691 = DIRECTION('',(0.,0.,1.));
#5692 = PLANE('',#5693);
#5693 = AXIS2_PLACEMENT_3D('',#5694,#5695,#5696);
#5694 = CARTESIAN_POINT('',(96.5,-56.,-38.));
#5695 = DIRECTION('',(-0.,-1.,-0.));
#5696 = DIRECTION('',(0.,0.,-1.));
#5697 = ADVANCED_FACE('',(#5698),#5709,.F.);
#5698 = FACE_BOUND('',#5699,.T.);
#5699 = EDGE_LOOP('',(#5700,#5701,#5702,#5703));
#5700 = ORIENTED_EDGE('',*,*,#5670,.F.);
#5701 = ORIENTED_EDGE('',*,*,#5081,.T.);
#5702 = ORIENTED_EDGE('',*,*,#5504,.T.);
#5703 = ORIENTED_EDGE('',*,*,#5704,.F.);
#5704 = EDGE_CURVE('',#5663,#5505,#5705,.T.);
#5705 = LINE('',#5706,#5707);
#5706 = CARTESIAN_POINT('',(99.,-56.,22.));
#5707 = VECTOR('',#5708,1.);
#5708 = DIRECTION('',(0.,0.,1.));
#5709 = PLANE('',#5710);
#5710 = AXIS2_PLACEMENT_3D('',#5711,#5712,#5713);
#5711 = CARTESIAN_POINT('',(96.5,-56.,22.));
#5712 = DIRECTION('',(-0.,-1.,-0.));
#5713 = DIRECTION('',(0.,0.,-1.));
#5714 = ADVANCED_FACE('',(#5715),#5740,.T.);
#5715 = FACE_BOUND('',#5716,.F.);
#5716 = EDGE_LOOP('',(#5717,#5718,#5726,#5734));
#5717 = ORIENTED_EDGE('',*,*,#5146,.F.);
#5718 = ORIENTED_EDGE('',*,*,#5719,.T.);
#5719 = EDGE_CURVE('',#5147,#5720,#5722,.T.);
#5720 = VERTEX_POINT('',#5721);
#5721 = CARTESIAN_POINT('',(101.,-69.9,-35.67431578065));
#5722 = LINE('',#5723,#5724);
#5723 = CARTESIAN_POINT('',(96.3,-69.9,-35.67431578065));
#5724 = VECTOR('',#5725,1.);
#5725 = DIRECTION('',(1.,0.,0.));
#5726 = ORIENTED_EDGE('',*,*,#5727,.T.);
#5727 = EDGE_CURVE('',#5720,#5728,#5730,.T.);
#5728 = VERTEX_POINT('',#5729);
#5729 = CARTESIAN_POINT('',(101.,-69.9,-32.32568421935));
#5730 = LINE('',#5731,#5732);
#5731 = CARTESIAN_POINT('',(101.,-69.9,-35.67431578065));
#5732 = VECTOR('',#5733,1.);
#5733 = DIRECTION('',(0.,0.,1.));
#5734 = ORIENTED_EDGE('',*,*,#5735,.F.);
#5735 = EDGE_CURVE('',#5149,#5728,#5736,.T.);
#5736 = LINE('',#5737,#5738);
#5737 = CARTESIAN_POINT('',(96.3,-69.9,-32.32568421935));
#5738 = VECTOR('',#5739,1.);
#5739 = DIRECTION('',(1.,0.,0.));
#5740 = PLANE('',#5741);
#5741 = AXIS2_PLACEMENT_3D('',#5742,#5743,#5744);
#5742 = CARTESIAN_POINT('',(96.3,-69.9,-35.67431578065));
#5743 = DIRECTION('',(0.,1.,0.));
#5744 = DIRECTION('',(-0.,-0.,-1.));
#5745 = ADVANCED_FACE('',(#5746),#5764,.T.);
#5746 = FACE_BOUND('',#5747,.F.);
#5747 = EDGE_LOOP('',(#5748,#5749,#5757,#5763));
#5748 = ORIENTED_EDGE('',*,*,#5188,.F.);
#5749 = ORIENTED_EDGE('',*,*,#5750,.T.);
#5750 = EDGE_CURVE('',#5181,#5751,#5753,.T.);
#5751 = VERTEX_POINT('',#5752);
#5752 = CARTESIAN_POINT('',(101.,-67.,-37.3486315613));
#5753 = LINE('',#5754,#5755);
#5754 = CARTESIAN_POINT('',(96.3,-67.,-37.3486315613));
#5755 = VECTOR('',#5756,1.);
#5756 = DIRECTION('',(1.,0.,0.));
#5757 = ORIENTED_EDGE('',*,*,#5758,.T.);
#5758 = EDGE_CURVE('',#5751,#5720,#5759,.T.);
#5759 = LINE('',#5760,#5761);
#5760 = CARTESIAN_POINT('',(101.,-67.,-37.3486315613));
#5761 = VECTOR('',#5762,1.);
#5762 = DIRECTION('',(0.,-0.866025403784,0.5));
#5763 = ORIENTED_EDGE('',*,*,#5719,.F.);
#5764 = PLANE('',#5765);
#5765 = AXIS2_PLACEMENT_3D('',#5766,#5767,#5768);
#5766 = CARTESIAN_POINT('',(96.3,-67.,-37.3486315613));
#5767 = DIRECTION('',(0.,0.5,0.866025403784));
#5768 = DIRECTION('',(0.,0.866025403784,-0.5));
#5769 = ADVANCED_FACE('',(#5770),#5788,.T.);
#5770 = FACE_BOUND('',#5771,.F.);
#5771 = EDGE_LOOP('',(#5772,#5773,#5781,#5787));
#5772 = ORIENTED_EDGE('',*,*,#5180,.F.);
#5773 = ORIENTED_EDGE('',*,*,#5774,.T.);
#5774 = EDGE_CURVE('',#5173,#5775,#5777,.T.);
#5775 = VERTEX_POINT('',#5776);
#5776 = CARTESIAN_POINT('',(101.,-64.1,-35.67431578065));
#5777 = LINE('',#5778,#5779);
#5778 = CARTESIAN_POINT('',(96.3,-64.1,-35.67431578065));
#5779 = VECTOR('',#5780,1.);
#5780 = DIRECTION('',(1.,0.,0.));
#5781 = ORIENTED_EDGE('',*,*,#5782,.T.);
#5782 = EDGE_CURVE('',#5775,#5751,#5783,.T.);
#5783 = LINE('',#5784,#5785);
#5784 = CARTESIAN_POINT('',(101.,-64.1,-35.67431578065));
#5785 = VECTOR('',#5786,1.);
#5786 = DIRECTION('',(-0.,-0.866025403784,-0.5));
#5787 = ORIENTED_EDGE('',*,*,#5750,.F.);
#5788 = PLANE('',#5789);
#5789 = AXIS2_PLACEMENT_3D('',#5790,#5791,#5792);
#5790 = CARTESIAN_POINT('',(96.3,-64.1,-35.67431578065));
#5791 = DIRECTION('',(0.,-0.5,0.866025403784));
#5792 = DIRECTION('',(0.,0.866025403784,0.5));
#5793 = ADVANCED_FACE('',(#5794),#5812,.T.);
#5794 = FACE_BOUND('',#5795,.F.);
#5795 = EDGE_LOOP('',(#5796,#5797,#5805,#5811));
#5796 = ORIENTED_EDGE('',*,*,#5172,.F.);
#5797 = ORIENTED_EDGE('',*,*,#5798,.T.);
#5798 = EDGE_CURVE('',#5165,#5799,#5801,.T.);
#5799 = VERTEX_POINT('',#5800);
#5800 = CARTESIAN_POINT('',(101.,-64.1,-32.32568421935));
#5801 = LINE('',#5802,#5803);
#5802 = CARTESIAN_POINT('',(96.3,-64.1,-32.32568421935));
#5803 = VECTOR('',#5804,1.);
#5804 = DIRECTION('',(1.,0.,0.));
#5805 = ORIENTED_EDGE('',*,*,#5806,.T.);
#5806 = EDGE_CURVE('',#5799,#5775,#5807,.T.);
#5807 = LINE('',#5808,#5809);
#5808 = CARTESIAN_POINT('',(101.,-64.1,-32.32568421935));
#5809 = VECTOR('',#5810,1.);
#5810 = DIRECTION('',(-0.,-0.,-1.));
#5811 = ORIENTED_EDGE('',*,*,#5774,.F.);
#5812 = PLANE('',#5813);
#5813 = AXIS2_PLACEMENT_3D('',#5814,#5815,#5816);
#5814 = CARTESIAN_POINT('',(96.3,-64.1,-32.32568421935));
#5815 = DIRECTION('',(-0.,-1.,-0.));
#5816 = DIRECTION('',(0.,0.,1.));
#5817 = ADVANCED_FACE('',(#5818),#5836,.T.);
#5818 = FACE_BOUND('',#5819,.F.);
#5819 = EDGE_LOOP('',(#5820,#5821,#5829,#5835));
#5820 = ORIENTED_EDGE('',*,*,#5164,.F.);
#5821 = ORIENTED_EDGE('',*,*,#5822,.T.);
#5822 = EDGE_CURVE('',#5157,#5823,#5825,.T.);
#5823 = VERTEX_POINT('',#5824);
#5824 = CARTESIAN_POINT('',(101.,-67.,-30.6513684387));
#5825 = LINE('',#5826,#5827);
#5826 = CARTESIAN_POINT('',(96.3,-67.,-30.6513684387));
#5827 = VECTOR('',#5828,1.);
#5828 = DIRECTION('',(1.,0.,0.));
#5829 = ORIENTED_EDGE('',*,*,#5830,.T.);
#5830 = EDGE_CURVE('',#5823,#5799,#5831,.T.);
#5831 = LINE('',#5832,#5833);
#5832 = CARTESIAN_POINT('',(101.,-67.,-30.6513684387));
#5833 = VECTOR('',#5834,1.);
#5834 = DIRECTION('',(0.,0.866025403784,-0.5));
#5835 = ORIENTED_EDGE('',*,*,#5798,.F.);
#5836 = PLANE('',#5837);
#5837 = AXIS2_PLACEMENT_3D('',#5838,#5839,#5840);
#5838 = CARTESIAN_POINT('',(96.3,-67.,-30.6513684387));
#5839 = DIRECTION('',(-0.,-0.5,-0.866025403784));
#5840 = DIRECTION('',(0.,-0.866025403784,0.5));
#5841 = ADVANCED_FACE('',(#5842),#5853,.T.);
#5842 = FACE_BOUND('',#5843,.F.);
#5843 = EDGE_LOOP('',(#5844,#5845,#5846,#5852));
#5844 = ORIENTED_EDGE('',*,*,#5156,.F.);
#5845 = ORIENTED_EDGE('',*,*,#5735,.T.);
#5846 = ORIENTED_EDGE('',*,*,#5847,.T.);
#5847 = EDGE_CURVE('',#5728,#5823,#5848,.T.);
#5848 = LINE('',#5849,#5850);
#5849 = CARTESIAN_POINT('',(101.,-69.9,-32.32568421935));
#5850 = VECTOR('',#5851,1.);
#5851 = DIRECTION('',(0.,0.866025403784,0.5));
#5852 = ORIENTED_EDGE('',*,*,#5822,.F.);
#5853 = PLANE('',#5854);
#5854 = AXIS2_PLACEMENT_3D('',#5855,#5856,#5857);
#5855 = CARTESIAN_POINT('',(96.3,-69.9,-32.32568421935));
#5856 = DIRECTION('',(0.,0.5,-0.866025403784));
#5857 = DIRECTION('',(-0.,-0.866025403784,-0.5));
#5858 = ADVANCED_FACE('',(#5859),#5884,.T.);
#5859 = FACE_BOUND('',#5860,.F.);
#5860 = EDGE_LOOP('',(#5861,#5862,#5870,#5878));
#5861 = ORIENTED_EDGE('',*,*,#5196,.F.);
#5862 = ORIENTED_EDGE('',*,*,#5863,.T.);
#5863 = EDGE_CURVE('',#5197,#5864,#5866,.T.);
#5864 = VERTEX_POINT('',#5865);
#5865 = CARTESIAN_POINT('',(101.,-69.9,24.32568421935));
#5866 = LINE('',#5867,#5868);
#5867 = CARTESIAN_POINT('',(96.3,-69.9,24.32568421935));
#5868 = VECTOR('',#5869,1.);
#5869 = DIRECTION('',(1.,0.,0.));
#5870 = ORIENTED_EDGE('',*,*,#5871,.T.);
#5871 = EDGE_CURVE('',#5864,#5872,#5874,.T.);
#5872 = VERTEX_POINT('',#5873);
#5873 = CARTESIAN_POINT('',(101.,-69.9,27.67431578065));
#5874 = LINE('',#5875,#5876);
#5875 = CARTESIAN_POINT('',(101.,-69.9,24.32568421935));
#5876 = VECTOR('',#5877,1.);
#5877 = DIRECTION('',(0.,0.,1.));
#5878 = ORIENTED_EDGE('',*,*,#5879,.F.);
#5879 = EDGE_CURVE('',#5199,#5872,#5880,.T.);
#5880 = LINE('',#5881,#5882);
#5881 = CARTESIAN_POINT('',(96.3,-69.9,27.67431578065));
#5882 = VECTOR('',#5883,1.);
#5883 = DIRECTION('',(1.,0.,0.));
#5884 = PLANE('',#5885);
#5885 = AXIS2_PLACEMENT_3D('',#5886,#5887,#5888);
#5886 = CARTESIAN_POINT('',(96.3,-69.9,24.32568421935));
#5887 = DIRECTION('',(0.,1.,0.));
#5888 = DIRECTION('',(-0.,-0.,-1.));
#5889 = ADVANCED_FACE('',(#5890),#5908,.T.);
#5890 = FACE_BOUND('',#5891,.F.);
#5891 = EDGE_LOOP('',(#5892,#5893,#5901,#5907));
#5892 = ORIENTED_EDGE('',*,*,#5238,.F.);
#5893 = ORIENTED_EDGE('',*,*,#5894,.T.);
#5894 = EDGE_CURVE('',#5231,#5895,#5897,.T.);
#5895 = VERTEX_POINT('',#5896);
#5896 = CARTESIAN_POINT('',(101.,-67.,22.6513684387));
#5897 = LINE('',#5898,#5899);
#5898 = CARTESIAN_POINT('',(96.3,-67.,22.6513684387));
#5899 = VECTOR('',#5900,1.);
#5900 = DIRECTION('',(1.,0.,0.));
#5901 = ORIENTED_EDGE('',*,*,#5902,.T.);
#5902 = EDGE_CURVE('',#5895,#5864,#5903,.T.);
#5903 = LINE('',#5904,#5905);
#5904 = CARTESIAN_POINT('',(101.,-67.,22.6513684387));
#5905 = VECTOR('',#5906,1.);
#5906 = DIRECTION('',(0.,-0.866025403784,0.5));
#5907 = ORIENTED_EDGE('',*,*,#5863,.F.);
#5908 = PLANE('',#5909);
#5909 = AXIS2_PLACEMENT_3D('',#5910,#5911,#5912);
#5910 = CARTESIAN_POINT('',(96.3,-67.,22.6513684387));
#5911 = DIRECTION('',(0.,0.5,0.866025403784));
#5912 = DIRECTION('',(0.,0.866025403784,-0.5));
#5913 = ADVANCED_FACE('',(#5914),#5932,.T.);
#5914 = FACE_BOUND('',#5915,.F.);
#5915 = EDGE_LOOP('',(#5916,#5917,#5925,#5931));
#5916 = ORIENTED_EDGE('',*,*,#5230,.F.);
#5917 = ORIENTED_EDGE('',*,*,#5918,.T.);
#5918 = EDGE_CURVE('',#5223,#5919,#5921,.T.);
#5919 = VERTEX_POINT('',#5920);
#5920 = CARTESIAN_POINT('',(101.,-64.1,24.32568421935));
#5921 = LINE('',#5922,#5923);
#5922 = CARTESIAN_POINT('',(96.3,-64.1,24.32568421935));
#5923 = VECTOR('',#5924,1.);
#5924 = DIRECTION('',(1.,0.,0.));
#5925 = ORIENTED_EDGE('',*,*,#5926,.T.);
#5926 = EDGE_CURVE('',#5919,#5895,#5927,.T.);
#5927 = LINE('',#5928,#5929);
#5928 = CARTESIAN_POINT('',(101.,-64.1,24.32568421935));
#5929 = VECTOR('',#5930,1.);
#5930 = DIRECTION('',(-0.,-0.866025403784,-0.5));
#5931 = ORIENTED_EDGE('',*,*,#5894,.F.);
#5932 = PLANE('',#5933);
#5933 = AXIS2_PLACEMENT_3D('',#5934,#5935,#5936);
#5934 = CARTESIAN_POINT('',(96.3,-64.1,24.32568421935));
#5935 = DIRECTION('',(0.,-0.5,0.866025403784));
#5936 = DIRECTION('',(0.,0.866025403784,0.5));
#5937 = ADVANCED_FACE('',(#5938),#5956,.T.);
#5938 = FACE_BOUND('',#5939,.F.);
#5939 = EDGE_LOOP('',(#5940,#5941,#5949,#5955));
#5940 = ORIENTED_EDGE('',*,*,#5222,.F.);
#5941 = ORIENTED_EDGE('',*,*,#5942,.T.);
#5942 = EDGE_CURVE('',#5215,#5943,#5945,.T.);
#5943 = VERTEX_POINT('',#5944);
#5944 = CARTESIAN_POINT('',(101.,-64.1,27.67431578065));
#5945 = LINE('',#5946,#5947);
#5946 = CARTESIAN_POINT('',(96.3,-64.1,27.67431578065));
#5947 = VECTOR('',#5948,1.);
#5948 = DIRECTION('',(1.,0.,0.));
#5949 = ORIENTED_EDGE('',*,*,#5950,.T.);
#5950 = EDGE_CURVE('',#5943,#5919,#5951,.T.);
#5951 = LINE('',#5952,#5953);
#5952 = CARTESIAN_POINT('',(101.,-64.1,27.67431578065));
#5953 = VECTOR('',#5954,1.);
#5954 = DIRECTION('',(-0.,-0.,-1.));
#5955 = ORIENTED_EDGE('',*,*,#5918,.F.);
#5956 = PLANE('',#5957);
#5957 = AXIS2_PLACEMENT_3D('',#5958,#5959,#5960);
#5958 = CARTESIAN_POINT('',(96.3,-64.1,27.67431578065));
#5959 = DIRECTION('',(-0.,-1.,-0.));
#5960 = DIRECTION('',(0.,0.,1.));
#5961 = ADVANCED_FACE('',(#5962),#5980,.T.);
#5962 = FACE_BOUND('',#5963,.F.);
#5963 = EDGE_LOOP('',(#5964,#5965,#5973,#5979));
#5964 = ORIENTED_EDGE('',*,*,#5214,.F.);
#5965 = ORIENTED_EDGE('',*,*,#5966,.T.);
#5966 = EDGE_CURVE('',#5207,#5967,#5969,.T.);
#5967 = VERTEX_POINT('',#5968);
#5968 = CARTESIAN_POINT('',(101.,-67.,29.3486315613));
#5969 = LINE('',#5970,#5971);
#5970 = CARTESIAN_POINT('',(96.3,-67.,29.3486315613));
#5971 = VECTOR('',#5972,1.);
#5972 = DIRECTION('',(1.,0.,0.));
#5973 = ORIENTED_EDGE('',*,*,#5974,.T.);
#5974 = EDGE_CURVE('',#5967,#5943,#5975,.T.);
#5975 = LINE('',#5976,#5977);
#5976 = CARTESIAN_POINT('',(101.,-67.,29.3486315613));
#5977 = VECTOR('',#5978,1.);
#5978 = DIRECTION('',(0.,0.866025403784,-0.5));
#5979 = ORIENTED_EDGE('',*,*,#5942,.F.);
#5980 = PLANE('',#5981);
#5981 = AXIS2_PLACEMENT_3D('',#5982,#5983,#5984);
#5982 = CARTESIAN_POINT('',(96.3,-67.,29.3486315613));
#5983 = DIRECTION('',(-0.,-0.5,-0.866025403784));
#5984 = DIRECTION('',(0.,-0.866025403784,0.5));
#5985 = ADVANCED_FACE('',(#5986),#5997,.T.);
#5986 = FACE_BOUND('',#5987,.F.);
#5987 = EDGE_LOOP('',(#5988,#5989,#5990,#5996));
#5988 = ORIENTED_EDGE('',*,*,#5206,.F.);
#5989 = ORIENTED_EDGE('',*,*,#5879,.T.);
#5990 = ORIENTED_EDGE('',*,*,#5991,.T.);
#5991 = EDGE_CURVE('',#5872,#5967,#5992,.T.);
#5992 = LINE('',#5993,#5994);
#5993 = CARTESIAN_POINT('',(101.,-69.9,27.67431578065));
#5994 = VECTOR('',#5995,1.);
#5995 = DIRECTION('',(0.,0.866025403784,0.5));
#5996 = ORIENTED_EDGE('',*,*,#5966,.F.);
#5997 = PLANE('',#5998);
#5998 = AXIS2_PLACEMENT_3D('',#5999,#6000,#6001);
#5999 = CARTESIAN_POINT('',(96.3,-69.9,27.67431578065));
#6000 = DIRECTION('',(0.,0.5,-0.866025403784));
#6001 = DIRECTION('',(-0.,-0.866025403784,-0.5));
#6002 = ADVANCED_FACE('',(#6003),#6014,.F.);
#6003 = FACE_BOUND('',#6004,.T.);
#6004 = EDGE_LOOP('',(#6005,#6006,#6007,#6008));
#6005 = ORIENTED_EDGE('',*,*,#5286,.F.);
#6006 = ORIENTED_EDGE('',*,*,#5486,.F.);
#6007 = ORIENTED_EDGE('',*,*,#5455,.T.);
#6008 = ORIENTED_EDGE('',*,*,#6009,.T.);
#6009 = EDGE_CURVE('',#5456,#5279,#6010,.T.);
#6010 = LINE('',#6011,#6012);
#6011 = CARTESIAN_POINT('',(96.3,-63.22611269508,-44.5));
#6012 = VECTOR('',#6013,1.);
#6013 = DIRECTION('',(1.,0.,0.));
#6014 = CYLINDRICAL_SURFACE('',#6015,4.8);
#6015 = AXIS2_PLACEMENT_3D('',#6016,#6017,#6018);
#6016 = CARTESIAN_POINT('',(96.3,-68.,-44.));
#6017 = DIRECTION('',(1.,0.,0.));
#6018 = DIRECTION('',(0.,0.,1.));
#6019 = ADVANCED_FACE('',(#6020),#6047,.T.);
#6020 = FACE_BOUND('',#6021,.F.);
#6021 = EDGE_LOOP('',(#6022,#6023,#6024,#6025,#6033,#6041));
#6022 = ORIENTED_EDGE('',*,*,#5464,.T.);
#6023 = ORIENTED_EDGE('',*,*,#6009,.T.);
#6024 = ORIENTED_EDGE('',*,*,#5278,.F.);
#6025 = ORIENTED_EDGE('',*,*,#6026,.F.);
#6026 = EDGE_CURVE('',#6027,#5271,#6029,.T.);
#6027 = VERTEX_POINT('',#6028);
#6028 = CARTESIAN_POINT('',(113.8,-61.5,-44.5));
#6029 = LINE('',#6030,#6031);
#6030 = CARTESIAN_POINT('',(99.,-61.5,-44.5));
#6031 = VECTOR('',#6032,1.);
#6032 = DIRECTION('',(1.,0.,0.));
#6033 = ORIENTED_EDGE('',*,*,#6034,.F.);
#6034 = EDGE_CURVE('',#6035,#6027,#6037,.T.);
#6035 = VERTEX_POINT('',#6036);
#6036 = CARTESIAN_POINT('',(113.8,-56.,-44.5));
#6037 = LINE('',#6038,#6039);
#6038 = CARTESIAN_POINT('',(113.8,-56.,-44.5));
#6039 = VECTOR('',#6040,1.);
#6040 = DIRECTION('',(-0.,-1.,-0.));
#6041 = ORIENTED_EDGE('',*,*,#6042,.F.);
#6042 = EDGE_CURVE('',#5465,#6035,#6043,.T.);
#6043 = LINE('',#6044,#6045);
#6044 = CARTESIAN_POINT('',(99.,-56.,-44.5));
#6045 = VECTOR('',#6046,1.);
#6046 = DIRECTION('',(1.,0.,0.));
#6047 = PLANE('',#6048);
#6048 = AXIS2_PLACEMENT_3D('',#6049,#6050,#6051);
#6049 = CARTESIAN_POINT('',(106.47659574468,-60.27340425531,-44.5));
#6050 = DIRECTION('',(0.,0.,-1.));
#6051 = DIRECTION('',(1.,0.,0.));
#6052 = ADVANCED_FACE('',(#6053),#6079,.F.);
#6053 = FACE_BOUND('',#6054,.T.);
#6054 = EDGE_LOOP('',(#6055,#6056,#6064,#6070,#6071,#6077,#6078));
#6055 = ORIENTED_EDGE('',*,*,#6026,.F.);
#6056 = ORIENTED_EDGE('',*,*,#6057,.F.);
#6057 = EDGE_CURVE('',#6058,#6027,#6060,.T.);
#6058 = VERTEX_POINT('',#6059);
#6059 = CARTESIAN_POINT('',(113.8,-61.5,-43.));
#6060 = LINE('',#6061,#6062);
#6061 = CARTESIAN_POINT('',(113.8,-61.5,-44.5));
#6062 = VECTOR('',#6063,1.);
#6063 = DIRECTION('',(-0.,-0.,-1.));
#6064 = ORIENTED_EDGE('',*,*,#6065,.F.);
#6065 = EDGE_CURVE('',#5432,#6058,#6066,.T.);
#6066 = LINE('',#6067,#6068);
#6067 = CARTESIAN_POINT('',(99.,-61.5,-43.));
#6068 = VECTOR('',#6069,1.);
#6069 = DIRECTION('',(1.,0.,0.));
#6070 = ORIENTED_EDGE('',*,*,#5439,.T.);
#6071 = ORIENTED_EDGE('',*,*,#6072,.T.);
#6072 = EDGE_CURVE('',#5400,#5322,#6073,.T.);
#6073 = LINE('',#6074,#6075);
#6074 = CARTESIAN_POINT('',(99.,-61.5,-44.5));
#6075 = VECTOR('',#6076,1.);
#6076 = DIRECTION('',(0.,0.,1.));
#6077 = ORIENTED_EDGE('',*,*,#5329,.T.);
#6078 = ORIENTED_EDGE('',*,*,#5270,.F.);
#6079 = PLANE('',#6080);
#6080 = AXIS2_PLACEMENT_3D('',#6081,#6082,#6083);
#6081 = CARTESIAN_POINT('',(99.,-61.5,-44.5));
#6082 = DIRECTION('',(-0.,-1.,-0.));
#6083 = DIRECTION('',(0.,0.,-1.));
#6084 = ADVANCED_FACE('',(#6085),#6104,.F.);
#6085 = FACE_BOUND('',#6086,.T.);
#6086 = EDGE_LOOP('',(#6087,#6088,#6096,#6103));
#6087 = ORIENTED_EDGE('',*,*,#5295,.F.);
#6088 = ORIENTED_EDGE('',*,*,#6089,.F.);
#6089 = EDGE_CURVE('',#6090,#5296,#6092,.T.);
#6090 = VERTEX_POINT('',#6091);
#6091 = CARTESIAN_POINT('',(101.,-67.,-32.3));
#6092 = LINE('',#6093,#6094);
#6093 = CARTESIAN_POINT('',(96.3,-67.,-32.3));
#6094 = VECTOR('',#6095,1.);
#6095 = DIRECTION('',(1.,0.,0.));
#6096 = ORIENTED_EDGE('',*,*,#6097,.T.);
#6097 = EDGE_CURVE('',#6090,#6090,#6098,.T.);
#6098 = CIRCLE('',#6099,1.7);
#6099 = AXIS2_PLACEMENT_3D('',#6100,#6101,#6102);
#6100 = CARTESIAN_POINT('',(101.,-67.,-34.));
#6101 = DIRECTION('',(-1.,0.,0.));
#6102 = DIRECTION('',(0.,0.,1.));
#6103 = ORIENTED_EDGE('',*,*,#6089,.T.);
#6104 = CYLINDRICAL_SURFACE('',#6105,1.7);
#6105 = AXIS2_PLACEMENT_3D('',#6106,#6107,#6108);
#6106 = CARTESIAN_POINT('',(96.3,-67.,-34.));
#6107 = DIRECTION('',(1.,0.,0.));
#6108 = DIRECTION('',(0.,0.,1.));
#6109 = ADVANCED_FACE('',(#6110),#6116,.T.);
#6110 = FACE_BOUND('',#6111,.F.);
#6111 = EDGE_LOOP('',(#6112,#6113,#6114,#6115));
#6112 = ORIENTED_EDGE('',*,*,#5321,.F.);
#6113 = ORIENTED_EDGE('',*,*,#5687,.F.);
#6114 = ORIENTED_EDGE('',*,*,#5399,.T.);
#6115 = ORIENTED_EDGE('',*,*,#6072,.T.);
#6116 = PLANE('',#6117);
#6117 = AXIS2_PLACEMENT_3D('',#6118,#6119,#6120);
#6118 = CARTESIAN_POINT('',(99.,-56.,-38.));
#6119 = DIRECTION('',(1.,0.,0.));
#6120 = DIRECTION('',(0.,0.,-1.));
#6121 = ADVANCED_FACE('',(#6122),#6140,.T.);
#6122 = FACE_BOUND('',#6123,.F.);
#6123 = EDGE_LOOP('',(#6124,#6125,#6133,#6139));
#6124 = ORIENTED_EDGE('',*,*,#5429,.F.);
#6125 = ORIENTED_EDGE('',*,*,#6126,.T.);
#6126 = EDGE_CURVE('',#5430,#6127,#6129,.T.);
#6127 = VERTEX_POINT('',#6128);
#6128 = CARTESIAN_POINT('',(113.8,-56.,-43.));
#6129 = LINE('',#6130,#6131);
#6130 = CARTESIAN_POINT('',(99.,-56.,-43.));
#6131 = VECTOR('',#6132,1.);
#6132 = DIRECTION('',(1.,0.,0.));
#6133 = ORIENTED_EDGE('',*,*,#6134,.T.);
#6134 = EDGE_CURVE('',#6127,#6058,#6135,.T.);
#6135 = LINE('',#6136,#6137);
#6136 = CARTESIAN_POINT('',(113.8,-56.,-43.));
#6137 = VECTOR('',#6138,1.);
#6138 = DIRECTION('',(-0.,-1.,-0.));
#6139 = ORIENTED_EDGE('',*,*,#6065,.F.);
#6140 = PLANE('',#6141);
#6141 = AXIS2_PLACEMENT_3D('',#6142,#6143,#6144);
#6142 = CARTESIAN_POINT('',(99.,-56.,-43.));
#6143 = DIRECTION('',(0.,0.,1.));
#6144 = DIRECTION('',(-1.,-0.,-0.));
#6145 = ADVANCED_FACE('',(#6146),#6157,.F.);
#6146 = FACE_BOUND('',#6147,.T.);
#6147 = EDGE_LOOP('',(#6148,#6149,#6150,#6151));
#6148 = ORIENTED_EDGE('',*,*,#6042,.F.);
#6149 = ORIENTED_EDGE('',*,*,#5472,.T.);
#6150 = ORIENTED_EDGE('',*,*,#6126,.T.);
#6151 = ORIENTED_EDGE('',*,*,#6152,.F.);
#6152 = EDGE_CURVE('',#6035,#6127,#6153,.T.);
#6153 = LINE('',#6154,#6155);
#6154 = CARTESIAN_POINT('',(113.8,-56.,-44.5));
#6155 = VECTOR('',#6156,1.);
#6156 = DIRECTION('',(0.,0.,1.));
#6157 = PLANE('',#6158);
#6158 = AXIS2_PLACEMENT_3D('',#6159,#6160,#6161);
#6159 = CARTESIAN_POINT('',(99.,-56.,-44.5));
#6160 = DIRECTION('',(-0.,-1.,-0.));
#6161 = DIRECTION('',(0.,0.,-1.));
#6162 = ADVANCED_FACE('',(#6163),#6174,.T.);
#6163 = FACE_BOUND('',#6164,.F.);
#6164 = EDGE_LOOP('',(#6165,#6166,#6167,#6168));
#6165 = ORIENTED_EDGE('',*,*,#5512,.F.);
#6166 = ORIENTED_EDGE('',*,*,#5704,.F.);
#6167 = ORIENTED_EDGE('',*,*,#5662,.T.);
#6168 = ORIENTED_EDGE('',*,*,#6169,.T.);
#6169 = EDGE_CURVE('',#5655,#5513,#6170,.T.);
#6170 = LINE('',#6171,#6172);
#6171 = CARTESIAN_POINT('',(99.,-61.5,22.));
#6172 = VECTOR('',#6173,1.);
#6173 = DIRECTION('',(0.,0.,1.));
#6174 = PLANE('',#6175);
#6175 = AXIS2_PLACEMENT_3D('',#6176,#6177,#6178);
#6176 = CARTESIAN_POINT('',(99.,-56.,22.));
#6177 = DIRECTION('',(1.,0.,0.));
#6178 = DIRECTION('',(0.,0.,-1.));
#6179 = ADVANCED_FACE('',(#6180),#6208,.F.);
#6180 = FACE_BOUND('',#6181,.T.);
#6181 = EDGE_LOOP('',(#6182,#6183,#6184,#6185,#6193,#6201,#6207));
#6182 = ORIENTED_EDGE('',*,*,#5654,.F.);
#6183 = ORIENTED_EDGE('',*,*,#6169,.T.);
#6184 = ORIENTED_EDGE('',*,*,#5535,.T.);
#6185 = ORIENTED_EDGE('',*,*,#6186,.T.);
#6186 = EDGE_CURVE('',#5536,#6187,#6189,.T.);
#6187 = VERTEX_POINT('',#6188);
#6188 = CARTESIAN_POINT('',(113.8,-61.5,35.5));
#6189 = LINE('',#6190,#6191);
#6190 = CARTESIAN_POINT('',(99.,-61.5,35.5));
#6191 = VECTOR('',#6192,1.);
#6192 = DIRECTION('',(1.,0.,0.));
#6193 = ORIENTED_EDGE('',*,*,#6194,.F.);
#6194 = EDGE_CURVE('',#6195,#6187,#6197,.T.);
#6195 = VERTEX_POINT('',#6196);
#6196 = CARTESIAN_POINT('',(113.8,-61.5,37.));
#6197 = LINE('',#6198,#6199);
#6198 = CARTESIAN_POINT('',(113.8,-61.5,28.75));
#6199 = VECTOR('',#6200,1.);
#6200 = DIRECTION('',(-0.,-0.,-1.));
#6201 = ORIENTED_EDGE('',*,*,#6202,.T.);
#6202 = EDGE_CURVE('',#6195,#5611,#6203,.T.);
#6203 = LINE('',#6204,#6205);
#6204 = CARTESIAN_POINT('',(99.,-61.5,37.));
#6205 = VECTOR('',#6206,1.);
#6206 = DIRECTION('',(1.,0.,0.));
#6207 = ORIENTED_EDGE('',*,*,#5618,.F.);
#6208 = PLANE('',#6209);
#6209 = AXIS2_PLACEMENT_3D('',#6210,#6211,#6212);
#6210 = CARTESIAN_POINT('',(99.,-61.5,22.));
#6211 = DIRECTION('',(-0.,-1.,-0.));
#6212 = DIRECTION('',(0.,0.,-1.));
#6213 = ADVANCED_FACE('',(#6214),#6232,.F.);
#6214 = FACE_BOUND('',#6215,.T.);
#6215 = EDGE_LOOP('',(#6216,#6217,#6225,#6231));
#6216 = ORIENTED_EDGE('',*,*,#5543,.F.);
#6217 = ORIENTED_EDGE('',*,*,#6218,.T.);
#6218 = EDGE_CURVE('',#5544,#6219,#6221,.T.);
#6219 = VERTEX_POINT('',#6220);
#6220 = CARTESIAN_POINT('',(113.8,-56.,35.5));
#6221 = LINE('',#6222,#6223);
#6222 = CARTESIAN_POINT('',(99.,-56.,35.5));
#6223 = VECTOR('',#6224,1.);
#6224 = DIRECTION('',(1.,0.,0.));
#6225 = ORIENTED_EDGE('',*,*,#6226,.T.);
#6226 = EDGE_CURVE('',#6219,#6187,#6227,.T.);
#6227 = LINE('',#6228,#6229);
#6228 = CARTESIAN_POINT('',(113.8,-56.,35.5));
#6229 = VECTOR('',#6230,1.);
#6230 = DIRECTION('',(-0.,-1.,-0.));
#6231 = ORIENTED_EDGE('',*,*,#6186,.F.);
#6232 = PLANE('',#6233);
#6233 = AXIS2_PLACEMENT_3D('',#6234,#6235,#6236);
#6234 = CARTESIAN_POINT('',(99.,-56.,35.5));
#6235 = DIRECTION('',(0.,0.,1.));
#6236 = DIRECTION('',(-1.,-0.,-0.));
#6237 = ADVANCED_FACE('',(#6238),#6256,.F.);
#6238 = FACE_BOUND('',#6239,.T.);
#6239 = EDGE_LOOP('',(#6240,#6241,#6242,#6250));
#6240 = ORIENTED_EDGE('',*,*,#6218,.F.);
#6241 = ORIENTED_EDGE('',*,*,#5551,.T.);
#6242 = ORIENTED_EDGE('',*,*,#6243,.T.);
#6243 = EDGE_CURVE('',#5552,#6244,#6246,.T.);
#6244 = VERTEX_POINT('',#6245);
#6245 = CARTESIAN_POINT('',(113.8,-56.,37.));
#6246 = LINE('',#6247,#6248);
#6247 = CARTESIAN_POINT('',(99.,-56.,37.));
#6248 = VECTOR('',#6249,1.);
#6249 = DIRECTION('',(1.,0.,0.));
#6250 = ORIENTED_EDGE('',*,*,#6251,.F.);
#6251 = EDGE_CURVE('',#6219,#6244,#6252,.T.);
#6252 = LINE('',#6253,#6254);
#6253 = CARTESIAN_POINT('',(113.8,-56.,35.5));
#6254 = VECTOR('',#6255,1.);
#6255 = DIRECTION('',(0.,0.,1.));
#6256 = PLANE('',#6257);
#6257 = AXIS2_PLACEMENT_3D('',#6258,#6259,#6260);
#6258 = CARTESIAN_POINT('',(99.,-56.,35.5));
#6259 = DIRECTION('',(-0.,-1.,-0.));
#6260 = DIRECTION('',(0.,0.,-1.));
#6261 = ADVANCED_FACE('',(#6262),#6275,.T.);
#6262 = FACE_BOUND('',#6263,.F.);
#6263 = EDGE_LOOP('',(#6264,#6265,#6266,#6267,#6273,#6274));
#6264 = ORIENTED_EDGE('',*,*,#5593,.F.);
#6265 = ORIENTED_EDGE('',*,*,#5559,.F.);
#6266 = ORIENTED_EDGE('',*,*,#6243,.T.);
#6267 = ORIENTED_EDGE('',*,*,#6268,.T.);
#6268 = EDGE_CURVE('',#6244,#6195,#6269,.T.);
#6269 = LINE('',#6270,#6271);
#6270 = CARTESIAN_POINT('',(113.8,-56.,37.));
#6271 = VECTOR('',#6272,1.);
#6272 = DIRECTION('',(-0.,-1.,-0.));
#6273 = ORIENTED_EDGE('',*,*,#6202,.T.);
#6274 = ORIENTED_EDGE('',*,*,#5610,.T.);
#6275 = PLANE('',#6276);
#6276 = AXIS2_PLACEMENT_3D('',#6277,#6278,#6279);
#6277 = CARTESIAN_POINT('',(106.47659574468,-60.27340425531,37.));
#6278 = DIRECTION('',(0.,0.,1.));
#6279 = DIRECTION('',(-1.,-0.,-0.));
#6280 = ADVANCED_FACE('',(#6281),#6300,.F.);
#6281 = FACE_BOUND('',#6282,.T.);
#6282 = EDGE_LOOP('',(#6283,#6284,#6292,#6299));
#6283 = ORIENTED_EDGE('',*,*,#5634,.F.);
#6284 = ORIENTED_EDGE('',*,*,#6285,.F.);
#6285 = EDGE_CURVE('',#6286,#5635,#6288,.T.);
#6286 = VERTEX_POINT('',#6287);
#6287 = CARTESIAN_POINT('',(101.,-67.,27.7));
#6288 = LINE('',#6289,#6290);
#6289 = CARTESIAN_POINT('',(96.3,-67.,27.7));
#6290 = VECTOR('',#6291,1.);
#6291 = DIRECTION('',(1.,0.,0.));
#6292 = ORIENTED_EDGE('',*,*,#6293,.T.);
#6293 = EDGE_CURVE('',#6286,#6286,#6294,.T.);
#6294 = CIRCLE('',#6295,1.7);
#6295 = AXIS2_PLACEMENT_3D('',#6296,#6297,#6298);
#6296 = CARTESIAN_POINT('',(101.,-67.,26.));
#6297 = DIRECTION('',(-1.,0.,0.));
#6298 = DIRECTION('',(0.,0.,1.));
#6299 = ORIENTED_EDGE('',*,*,#6285,.T.);
#6300 = CYLINDRICAL_SURFACE('',#6301,1.7);
#6301 = AXIS2_PLACEMENT_3D('',#6302,#6303,#6304);
#6302 = CARTESIAN_POINT('',(96.3,-67.,26.));
#6303 = DIRECTION('',(1.,0.,0.));
#6304 = DIRECTION('',(0.,0.,1.));
#6305 = ADVANCED_FACE('',(#6306,#6314),#6317,.F.);
#6306 = FACE_BOUND('',#6307,.T.);
#6307 = EDGE_LOOP('',(#6308,#6309,#6310,#6311,#6312,#6313));
#6308 = ORIENTED_EDGE('',*,*,#5847,.T.);
#6309 = ORIENTED_EDGE('',*,*,#5830,.T.);
#6310 = ORIENTED_EDGE('',*,*,#5806,.T.);
#6311 = ORIENTED_EDGE('',*,*,#5782,.T.);
#6312 = ORIENTED_EDGE('',*,*,#5758,.T.);
#6313 = ORIENTED_EDGE('',*,*,#5727,.T.);
#6314 = FACE_BOUND('',#6315,.T.);
#6315 = EDGE_LOOP('',(#6316));
#6316 = ORIENTED_EDGE('',*,*,#6097,.F.);
#6317 = PLANE('',#6318);
#6318 = AXIS2_PLACEMENT_3D('',#6319,#6320,#6321);
#6319 = CARTESIAN_POINT('',(101.,-67.,-34.));
#6320 = DIRECTION('',(1.,0.,0.));
#6321 = DIRECTION('',(0.,0.,-1.));
#6322 = ADVANCED_FACE('',(#6323,#6331),#6334,.F.);
#6323 = FACE_BOUND('',#6324,.T.);
#6324 = EDGE_LOOP('',(#6325,#6326,#6327,#6328,#6329,#6330));
#6325 = ORIENTED_EDGE('',*,*,#5991,.T.);
#6326 = ORIENTED_EDGE('',*,*,#5974,.T.);
#6327 = ORIENTED_EDGE('',*,*,#5950,.T.);
#6328 = ORIENTED_EDGE('',*,*,#5926,.T.);
#6329 = ORIENTED_EDGE('',*,*,#5902,.T.);
#6330 = ORIENTED_EDGE('',*,*,#5871,.T.);
#6331 = FACE_BOUND('',#6332,.T.);
#6332 = EDGE_LOOP('',(#6333));
#6333 = ORIENTED_EDGE('',*,*,#6293,.F.);
#6334 = PLANE('',#6335);
#6335 = AXIS2_PLACEMENT_3D('',#6336,#6337,#6338);
#6336 = CARTESIAN_POINT('',(101.,-67.,26.));
#6337 = DIRECTION('',(1.,0.,0.));
#6338 = DIRECTION('',(0.,0.,-1.));
#6339 = ADVANCED_FACE('',(#6340),#6346,.T.);
#6340 = FACE_BOUND('',#6341,.F.);
#6341 = EDGE_LOOP('',(#6342,#6343,#6344,#6345));
#6342 = ORIENTED_EDGE('',*,*,#6134,.F.);
#6343 = ORIENTED_EDGE('',*,*,#6152,.F.);
#6344 = ORIENTED_EDGE('',*,*,#6034,.T.);
#6345 = ORIENTED_EDGE('',*,*,#6057,.F.);
#6346 = PLANE('',#6347);
#6347 = AXIS2_PLACEMENT_3D('',#6348,#6349,#6350);
#6348 = CARTESIAN_POINT('',(113.8,-56.,-44.5));
#6349 = DIRECTION('',(1.,0.,0.));
#6350 = DIRECTION('',(0.,0.,-1.));
#6351 = ADVANCED_FACE('',(#6352),#6358,.T.);
#6352 = FACE_BOUND('',#6353,.F.);
#6353 = EDGE_LOOP('',(#6354,#6355,#6356,#6357));
#6354 = ORIENTED_EDGE('',*,*,#6268,.F.);
#6355 = ORIENTED_EDGE('',*,*,#6251,.F.);
#6356 = ORIENTED_EDGE('',*,*,#6226,.T.);
#6357 = ORIENTED_EDGE('',*,*,#6194,.F.);
#6358 = PLANE('',#6359);
#6359 = AXIS2_PLACEMENT_3D('',#6360,#6361,#6362);
#6360 = CARTESIAN_POINT('',(113.8,-56.,35.5));
#6361 = DIRECTION('',(1.,0.,0.));
#6362 = DIRECTION('',(0.,0.,-1.));
#6363 = ADVANCED_FACE('',(#6364),#6372,.F.);
#6364 = FACE_BOUND('',#6365,.T.);
#6365 = EDGE_LOOP('',(#6366,#6367,#6368,#6369,#6370,#6371));
#6366 = ORIENTED_EDGE('',*,*,#5415,.T.);
#6367 = ORIENTED_EDGE('',*,*,#5366,.F.);
#6368 = ORIENTED_EDGE('',*,*,#5357,.F.);
#6369 = ORIENTED_EDGE('',*,*,#4876,.F.);
#6370 = ORIENTED_EDGE('',*,*,#5104,.T.);
#6371 = ORIENTED_EDGE('',*,*,#5113,.T.);
#6372 = CYLINDRICAL_SURFACE('',#6373,3.1);
#6373 = AXIS2_PLACEMENT_3D('',#6374,#6375,#6376);
#6374 = CARTESIAN_POINT('',(96.3,-62.,-40.));
#6375 = DIRECTION('',(1.,0.,0.));
#6376 = DIRECTION('',(0.,0.,1.));
#6377 = MANIFOLD_SOLID_BREP('',#6378);
#6378 = CLOSED_SHELL('',(#6379,#6441,#6472,#6496,#6520,#6537,#6562,#6587
    ,#6599,#6608));
#6379 = ADVANCED_FACE('',(#6380,#6414,#6425),#6436,.F.);
#6380 = FACE_BOUND('',#6381,.F.);
#6381 = EDGE_LOOP('',(#6382,#6392,#6400,#6408));
#6382 = ORIENTED_EDGE('',*,*,#6383,.F.);
#6383 = EDGE_CURVE('',#6384,#6386,#6388,.T.);
#6384 = VERTEX_POINT('',#6385);
#6385 = CARTESIAN_POINT('',(91.95,-45.075,48.425));
#6386 = VERTEX_POINT('',#6387);
#6387 = CARTESIAN_POINT('',(91.95,-45.075,73.575));
#6388 = LINE('',#6389,#6390);
#6389 = CARTESIAN_POINT('',(91.95,-45.075,48.425));
#6390 = VECTOR('',#6391,1.);
#6391 = DIRECTION('',(0.,0.,1.));
#6392 = ORIENTED_EDGE('',*,*,#6393,.T.);
#6393 = EDGE_CURVE('',#6384,#6394,#6396,.T.);
#6394 = VERTEX_POINT('',#6395);
#6395 = CARTESIAN_POINT('',(91.95,45.075,48.425));
#6396 = LINE('',#6397,#6398);
#6397 = CARTESIAN_POINT('',(91.95,-45.075,48.425));
#6398 = VECTOR('',#6399,1.);
#6399 = DIRECTION('',(0.,1.,0.));
#6400 = ORIENTED_EDGE('',*,*,#6401,.T.);
#6401 = EDGE_CURVE('',#6394,#6402,#6404,.T.);
#6402 = VERTEX_POINT('',#6403);
#6403 = CARTESIAN_POINT('',(91.95,45.075,73.575));
#6404 = LINE('',#6405,#6406);
#6405 = CARTESIAN_POINT('',(91.95,45.075,48.425));
#6406 = VECTOR('',#6407,1.);
#6407 = DIRECTION('',(0.,0.,1.));
#6408 = ORIENTED_EDGE('',*,*,#6409,.F.);
#6409 = EDGE_CURVE('',#6386,#6402,#6410,.T.);
#6410 = LINE('',#6411,#6412);
#6411 = CARTESIAN_POINT('',(91.95,-45.075,73.575));
#6412 = VECTOR('',#6413,1.);
#6413 = DIRECTION('',(0.,1.,0.));
#6414 = FACE_BOUND('',#6415,.F.);
#6415 = EDGE_LOOP('',(#6416));
#6416 = ORIENTED_EDGE('',*,*,#6417,.F.);
#6417 = EDGE_CURVE('',#6418,#6418,#6420,.T.);
#6418 = VERTEX_POINT('',#6419);
#6419 = CARTESIAN_POINT('',(91.95,22.5,62.6));
#6420 = CIRCLE('',#6421,1.6);
#6421 = AXIS2_PLACEMENT_3D('',#6422,#6423,#6424);
#6422 = CARTESIAN_POINT('',(91.95,22.5,61.));
#6423 = DIRECTION('',(1.,0.,-0.));
#6424 = DIRECTION('',(0.,0.,1.));
#6425 = FACE_BOUND('',#6426,.F.);
#6426 = EDGE_LOOP('',(#6427));
#6427 = ORIENTED_EDGE('',*,*,#6428,.F.);
#6428 = EDGE_CURVE('',#6429,#6429,#6431,.T.);
#6429 = VERTEX_POINT('',#6430);
#6430 = CARTESIAN_POINT('',(91.95,-22.5,62.6));
#6431 = CIRCLE('',#6432,1.6);
#6432 = AXIS2_PLACEMENT_3D('',#6433,#6434,#6435);
#6433 = CARTESIAN_POINT('',(91.95,-22.5,61.));
#6434 = DIRECTION('',(1.,0.,-0.));
#6435 = DIRECTION('',(0.,0.,1.));
#6436 = PLANE('',#6437);
#6437 = AXIS2_PLACEMENT_3D('',#6438,#6439,#6440);
#6438 = CARTESIAN_POINT('',(91.95,-45.075,48.425));
#6439 = DIRECTION('',(1.,0.,0.));
#6440 = DIRECTION('',(0.,0.,1.));
#6441 = ADVANCED_FACE('',(#6442),#6467,.F.);
#6442 = FACE_BOUND('',#6443,.F.);
#6443 = EDGE_LOOP('',(#6444,#6452,#6453,#6461));
#6444 = ORIENTED_EDGE('',*,*,#6445,.F.);
#6445 = EDGE_CURVE('',#6384,#6446,#6448,.T.);
#6446 = VERTEX_POINT('',#6447);
#6447 = CARTESIAN_POINT('',(117.,-45.075,48.425));
#6448 = LINE('',#6449,#6450);
#6449 = CARTESIAN_POINT('',(91.95,-45.075,48.425));
#6450 = VECTOR('',#6451,1.);
#6451 = DIRECTION('',(1.,0.,0.));
#6452 = ORIENTED_EDGE('',*,*,#6383,.T.);
#6453 = ORIENTED_EDGE('',*,*,#6454,.T.);
#6454 = EDGE_CURVE('',#6386,#6455,#6457,.T.);
#6455 = VERTEX_POINT('',#6456);
#6456 = CARTESIAN_POINT('',(117.,-45.075,73.575));
#6457 = LINE('',#6458,#6459);
#6458 = CARTESIAN_POINT('',(91.95,-45.075,73.575));
#6459 = VECTOR('',#6460,1.);
#6460 = DIRECTION('',(1.,0.,0.));
#6461 = ORIENTED_EDGE('',*,*,#6462,.F.);
#6462 = EDGE_CURVE('',#6446,#6455,#6463,.T.);
#6463 = LINE('',#6464,#6465);
#6464 = CARTESIAN_POINT('',(117.,-45.075,48.425));
#6465 = VECTOR('',#6466,1.);
#6466 = DIRECTION('',(0.,0.,1.));
#6467 = PLANE('',#6468);
#6468 = AXIS2_PLACEMENT_3D('',#6469,#6470,#6471);
#6469 = CARTESIAN_POINT('',(91.95,-45.075,48.425));
#6470 = DIRECTION('',(0.,1.,0.));
#6471 = DIRECTION('',(0.,0.,1.));
#6472 = ADVANCED_FACE('',(#6473),#6491,.T.);
#6473 = FACE_BOUND('',#6474,.T.);
#6474 = EDGE_LOOP('',(#6475,#6476,#6477,#6485));
#6475 = ORIENTED_EDGE('',*,*,#6409,.F.);
#6476 = ORIENTED_EDGE('',*,*,#6454,.T.);
#6477 = ORIENTED_EDGE('',*,*,#6478,.T.);
#6478 = EDGE_CURVE('',#6455,#6479,#6481,.T.);
#6479 = VERTEX_POINT('',#6480);
#6480 = CARTESIAN_POINT('',(117.,45.075,73.575));
#6481 = LINE('',#6482,#6483);
#6482 = CARTESIAN_POINT('',(117.,-45.075,73.575));
#6483 = VECTOR('',#6484,1.);
#6484 = DIRECTION('',(0.,1.,0.));
#6485 = ORIENTED_EDGE('',*,*,#6486,.F.);
#6486 = EDGE_CURVE('',#6402,#6479,#6487,.T.);
#6487 = LINE('',#6488,#6489);
#6488 = CARTESIAN_POINT('',(91.95,45.075,73.575));
#6489 = VECTOR('',#6490,1.);
#6490 = DIRECTION('',(1.,0.,0.));
#6491 = PLANE('',#6492);
#6492 = AXIS2_PLACEMENT_3D('',#6493,#6494,#6495);
#6493 = CARTESIAN_POINT('',(91.95,-45.075,73.575));
#6494 = DIRECTION('',(0.,0.,1.));
#6495 = DIRECTION('',(1.,0.,0.));
#6496 = ADVANCED_FACE('',(#6497),#6515,.F.);
#6497 = FACE_BOUND('',#6498,.F.);
#6498 = EDGE_LOOP('',(#6499,#6500,#6501,#6509));
#6499 = ORIENTED_EDGE('',*,*,#6393,.F.);
#6500 = ORIENTED_EDGE('',*,*,#6445,.T.);
#6501 = ORIENTED_EDGE('',*,*,#6502,.T.);
#6502 = EDGE_CURVE('',#6446,#6503,#6505,.T.);
#6503 = VERTEX_POINT('',#6504);
#6504 = CARTESIAN_POINT('',(117.,45.075,48.425));
#6505 = LINE('',#6506,#6507);
#6506 = CARTESIAN_POINT('',(117.,-45.075,48.425));
#6507 = VECTOR('',#6508,1.);
#6508 = DIRECTION('',(0.,1.,0.));
#6509 = ORIENTED_EDGE('',*,*,#6510,.F.);
#6510 = EDGE_CURVE('',#6394,#6503,#6511,.T.);
#6511 = LINE('',#6512,#6513);
#6512 = CARTESIAN_POINT('',(91.95,45.075,48.425));
#6513 = VECTOR('',#6514,1.);
#6514 = DIRECTION('',(1.,0.,0.));
#6515 = PLANE('',#6516);
#6516 = AXIS2_PLACEMENT_3D('',#6517,#6518,#6519);
#6517 = CARTESIAN_POINT('',(91.95,-45.075,48.425));
#6518 = DIRECTION('',(0.,0.,1.));
#6519 = DIRECTION('',(1.,0.,0.));
#6520 = ADVANCED_FACE('',(#6521),#6532,.T.);
#6521 = FACE_BOUND('',#6522,.T.);
#6522 = EDGE_LOOP('',(#6523,#6524,#6525,#6526));
#6523 = ORIENTED_EDGE('',*,*,#6510,.F.);
#6524 = ORIENTED_EDGE('',*,*,#6401,.T.);
#6525 = ORIENTED_EDGE('',*,*,#6486,.T.);
#6526 = ORIENTED_EDGE('',*,*,#6527,.F.);
#6527 = EDGE_CURVE('',#6503,#6479,#6528,.T.);
#6528 = LINE('',#6529,#6530);
#6529 = CARTESIAN_POINT('',(117.,45.075,48.425));
#6530 = VECTOR('',#6531,1.);
#6531 = DIRECTION('',(0.,0.,1.));
#6532 = PLANE('',#6533);
#6533 = AXIS2_PLACEMENT_3D('',#6534,#6535,#6536);
#6534 = CARTESIAN_POINT('',(91.95,45.075,48.425));
#6535 = DIRECTION('',(0.,1.,0.));
#6536 = DIRECTION('',(0.,0.,1.));
#6537 = ADVANCED_FACE('',(#6538),#6557,.F.);
#6538 = FACE_BOUND('',#6539,.F.);
#6539 = EDGE_LOOP('',(#6540,#6548,#6555,#6556));
#6540 = ORIENTED_EDGE('',*,*,#6541,.T.);
#6541 = EDGE_CURVE('',#6418,#6542,#6544,.T.);
#6542 = VERTEX_POINT('',#6543);
#6543 = CARTESIAN_POINT('',(94.95,22.5,62.6));
#6544 = LINE('',#6545,#6546);
#6545 = CARTESIAN_POINT('',(91.85,22.5,62.6));
#6546 = VECTOR('',#6547,1.);
#6547 = DIRECTION('',(1.,0.,0.));
#6548 = ORIENTED_EDGE('',*,*,#6549,.F.);
#6549 = EDGE_CURVE('',#6542,#6542,#6550,.T.);
#6550 = CIRCLE('',#6551,1.6);
#6551 = AXIS2_PLACEMENT_3D('',#6552,#6553,#6554);
#6552 = CARTESIAN_POINT('',(94.95,22.5,61.));
#6553 = DIRECTION('',(1.,0.,-0.));
#6554 = DIRECTION('',(0.,0.,1.));
#6555 = ORIENTED_EDGE('',*,*,#6541,.F.);
#6556 = ORIENTED_EDGE('',*,*,#6417,.T.);
#6557 = CYLINDRICAL_SURFACE('',#6558,1.6);
#6558 = AXIS2_PLACEMENT_3D('',#6559,#6560,#6561);
#6559 = CARTESIAN_POINT('',(91.85,22.5,61.));
#6560 = DIRECTION('',(1.,0.,0.));
#6561 = DIRECTION('',(0.,0.,1.));
#6562 = ADVANCED_FACE('',(#6563),#6582,.F.);
#6563 = FACE_BOUND('',#6564,.F.);
#6564 = EDGE_LOOP('',(#6565,#6573,#6580,#6581));
#6565 = ORIENTED_EDGE('',*,*,#6566,.T.);
#6566 = EDGE_CURVE('',#6429,#6567,#6569,.T.);
#6567 = VERTEX_POINT('',#6568);
#6568 = CARTESIAN_POINT('',(94.95,-22.5,62.6));
#6569 = LINE('',#6570,#6571);
#6570 = CARTESIAN_POINT('',(91.85,-22.5,62.6));
#6571 = VECTOR('',#6572,1.);
#6572 = DIRECTION('',(1.,0.,0.));
#6573 = ORIENTED_EDGE('',*,*,#6574,.F.);
#6574 = EDGE_CURVE('',#6567,#6567,#6575,.T.);
#6575 = CIRCLE('',#6576,1.6);
#6576 = AXIS2_PLACEMENT_3D('',#6577,#6578,#6579);
#6577 = CARTESIAN_POINT('',(94.95,-22.5,61.));
#6578 = DIRECTION('',(1.,0.,-0.));
#6579 = DIRECTION('',(0.,0.,1.));
#6580 = ORIENTED_EDGE('',*,*,#6566,.F.);
#6581 = ORIENTED_EDGE('',*,*,#6428,.T.);
#6582 = CYLINDRICAL_SURFACE('',#6583,1.6);
#6583 = AXIS2_PLACEMENT_3D('',#6584,#6585,#6586);
#6584 = CARTESIAN_POINT('',(91.85,-22.5,61.));
#6585 = DIRECTION('',(1.,0.,0.));
#6586 = DIRECTION('',(0.,0.,1.));
#6587 = ADVANCED_FACE('',(#6588),#6594,.T.);
#6588 = FACE_BOUND('',#6589,.T.);
#6589 = EDGE_LOOP('',(#6590,#6591,#6592,#6593));
#6590 = ORIENTED_EDGE('',*,*,#6462,.F.);
#6591 = ORIENTED_EDGE('',*,*,#6502,.T.);
#6592 = ORIENTED_EDGE('',*,*,#6527,.T.);
#6593 = ORIENTED_EDGE('',*,*,#6478,.F.);
#6594 = PLANE('',#6595);
#6595 = AXIS2_PLACEMENT_3D('',#6596,#6597,#6598);
#6596 = CARTESIAN_POINT('',(117.,-45.075,48.425));
#6597 = DIRECTION('',(1.,0.,0.));
#6598 = DIRECTION('',(0.,0.,1.));
#6599 = ADVANCED_FACE('',(#6600),#6603,.F.);
#6600 = FACE_BOUND('',#6601,.F.);
#6601 = EDGE_LOOP('',(#6602));
#6602 = ORIENTED_EDGE('',*,*,#6549,.T.);
#6603 = PLANE('',#6604);
#6604 = AXIS2_PLACEMENT_3D('',#6605,#6606,#6607);
#6605 = CARTESIAN_POINT('',(94.95,22.5,61.));
#6606 = DIRECTION('',(1.,0.,0.));
#6607 = DIRECTION('',(0.,0.,1.));
#6608 = ADVANCED_FACE('',(#6609),#6612,.F.);
#6609 = FACE_BOUND('',#6610,.F.);
#6610 = EDGE_LOOP('',(#6611));
#6611 = ORIENTED_EDGE('',*,*,#6574,.T.);
#6612 = PLANE('',#6613);
#6613 = AXIS2_PLACEMENT_3D('',#6614,#6615,#6616);
#6614 = CARTESIAN_POINT('',(94.95,-22.5,61.));
#6615 = DIRECTION('',(1.,0.,0.));
#6616 = DIRECTION('',(0.,0.,1.));
#6617 = MANIFOLD_SOLID_BREP('',#6618);
#6618 = CLOSED_SHELL('',(#6619,#6659,#6699,#6721,#6743,#6755));
#6619 = ADVANCED_FACE('',(#6620),#6654,.F.);
#6620 = FACE_BOUND('',#6621,.F.);
#6621 = EDGE_LOOP('',(#6622,#6632,#6640,#6648));
#6622 = ORIENTED_EDGE('',*,*,#6623,.F.);
#6623 = EDGE_CURVE('',#6624,#6626,#6628,.T.);
#6624 = VERTEX_POINT('',#6625);
#6625 = CARTESIAN_POINT('',(99.5,-61.,-43.));
#6626 = VERTEX_POINT('',#6627);
#6627 = CARTESIAN_POINT('',(99.5,-61.,35.));
#6628 = LINE('',#6629,#6630);
#6629 = CARTESIAN_POINT('',(99.5,-61.,-43.));
#6630 = VECTOR('',#6631,1.);
#6631 = DIRECTION('',(0.,0.,1.));
#6632 = ORIENTED_EDGE('',*,*,#6633,.T.);
#6633 = EDGE_CURVE('',#6624,#6634,#6636,.T.);
#6634 = VERTEX_POINT('',#6635);
#6635 = CARTESIAN_POINT('',(99.5,61.,-43.));
#6636 = LINE('',#6637,#6638);
#6637 = CARTESIAN_POINT('',(99.5,-61.,-43.));
#6638 = VECTOR('',#6639,1.);
#6639 = DIRECTION('',(0.,1.,0.));
#6640 = ORIENTED_EDGE('',*,*,#6641,.T.);
#6641 = EDGE_CURVE('',#6634,#6642,#6644,.T.);
#6642 = VERTEX_POINT('',#6643);
#6643 = CARTESIAN_POINT('',(99.5,61.,35.));
#6644 = LINE('',#6645,#6646);
#6645 = CARTESIAN_POINT('',(99.5,61.,-43.));
#6646 = VECTOR('',#6647,1.);
#6647 = DIRECTION('',(0.,0.,1.));
#6648 = ORIENTED_EDGE('',*,*,#6649,.F.);
#6649 = EDGE_CURVE('',#6626,#6642,#6650,.T.);
#6650 = LINE('',#6651,#6652);
#6651 = CARTESIAN_POINT('',(99.5,-61.,35.));
#6652 = VECTOR('',#6653,1.);
#6653 = DIRECTION('',(0.,1.,0.));
#6654 = PLANE('',#6655);
#6655 = AXIS2_PLACEMENT_3D('',#6656,#6657,#6658);
#6656 = CARTESIAN_POINT('',(99.5,-61.,-43.));
#6657 = DIRECTION('',(1.,0.,0.));
#6658 = DIRECTION('',(0.,0.,1.));
#6659 = ADVANCED_FACE('',(#6660),#6694,.T.);
#6660 = FACE_BOUND('',#6661,.T.);
#6661 = EDGE_LOOP('',(#6662,#6672,#6680,#6688));
#6662 = ORIENTED_EDGE('',*,*,#6663,.F.);
#6663 = EDGE_CURVE('',#6664,#6666,#6668,.T.);
#6664 = VERTEX_POINT('',#6665);
#6665 = CARTESIAN_POINT('',(114.,-61.,-43.));
#6666 = VERTEX_POINT('',#6667);
#6667 = CARTESIAN_POINT('',(114.,-61.,35.));
#6668 = LINE('',#6669,#6670);
#6669 = CARTESIAN_POINT('',(114.,-61.,-43.));
#6670 = VECTOR('',#6671,1.);
#6671 = DIRECTION('',(0.,0.,1.));
#6672 = ORIENTED_EDGE('',*,*,#6673,.T.);
#6673 = EDGE_CURVE('',#6664,#6674,#6676,.T.);
#6674 = VERTEX_POINT('',#6675);
#6675 = CARTESIAN_POINT('',(114.,61.,-43.));
#6676 = LINE('',#6677,#6678);
#6677 = CARTESIAN_POINT('',(114.,-61.,-43.));
#6678 = VECTOR('',#6679,1.);
#6679 = DIRECTION('',(0.,1.,0.));
#6680 = ORIENTED_EDGE('',*,*,#6681,.T.);
#6681 = EDGE_CURVE('',#6674,#6682,#6684,.T.);
#6682 = VERTEX_POINT('',#6683);
#6683 = CARTESIAN_POINT('',(114.,61.,35.));
#6684 = LINE('',#6685,#6686);
#6685 = CARTESIAN_POINT('',(114.,61.,-43.));
#6686 = VECTOR('',#6687,1.);
#6687 = DIRECTION('',(0.,0.,1.));
#6688 = ORIENTED_EDGE('',*,*,#6689,.F.);
#6689 = EDGE_CURVE('',#6666,#6682,#6690,.T.);
#6690 = LINE('',#6691,#6692);
#6691 = CARTESIAN_POINT('',(114.,-61.,35.));
#6692 = VECTOR('',#6693,1.);
#6693 = DIRECTION('',(0.,1.,0.));
#6694 = PLANE('',#6695);
#6695 = AXIS2_PLACEMENT_3D('',#6696,#6697,#6698);
#6696 = CARTESIAN_POINT('',(114.,-61.,-43.));
#6697 = DIRECTION('',(1.,0.,0.));
#6698 = DIRECTION('',(0.,0.,1.));
#6699 = ADVANCED_FACE('',(#6700),#6716,.F.);
#6700 = FACE_BOUND('',#6701,.F.);
#6701 = EDGE_LOOP('',(#6702,#6708,#6709,#6715));
#6702 = ORIENTED_EDGE('',*,*,#6703,.F.);
#6703 = EDGE_CURVE('',#6624,#6664,#6704,.T.);
#6704 = LINE('',#6705,#6706);
#6705 = CARTESIAN_POINT('',(99.5,-61.,-43.));
#6706 = VECTOR('',#6707,1.);
#6707 = DIRECTION('',(1.,0.,0.));
#6708 = ORIENTED_EDGE('',*,*,#6623,.T.);
#6709 = ORIENTED_EDGE('',*,*,#6710,.T.);
#6710 = EDGE_CURVE('',#6626,#6666,#6711,.T.);
#6711 = LINE('',#6712,#6713);
#6712 = CARTESIAN_POINT('',(99.5,-61.,35.));
#6713 = VECTOR('',#6714,1.);
#6714 = DIRECTION('',(1.,0.,0.));
#6715 = ORIENTED_EDGE('',*,*,#6663,.F.);
#6716 = PLANE('',#6717);
#6717 = AXIS2_PLACEMENT_3D('',#6718,#6719,#6720);
#6718 = CARTESIAN_POINT('',(99.5,-61.,-43.));
#6719 = DIRECTION('',(0.,1.,0.));
#6720 = DIRECTION('',(0.,0.,1.));
#6721 = ADVANCED_FACE('',(#6722),#6738,.T.);
#6722 = FACE_BOUND('',#6723,.T.);
#6723 = EDGE_LOOP('',(#6724,#6730,#6731,#6737));
#6724 = ORIENTED_EDGE('',*,*,#6725,.F.);
#6725 = EDGE_CURVE('',#6634,#6674,#6726,.T.);
#6726 = LINE('',#6727,#6728);
#6727 = CARTESIAN_POINT('',(99.5,61.,-43.));
#6728 = VECTOR('',#6729,1.);
#6729 = DIRECTION('',(1.,0.,0.));
#6730 = ORIENTED_EDGE('',*,*,#6641,.T.);
#6731 = ORIENTED_EDGE('',*,*,#6732,.T.);
#6732 = EDGE_CURVE('',#6642,#6682,#6733,.T.);
#6733 = LINE('',#6734,#6735);
#6734 = CARTESIAN_POINT('',(99.5,61.,35.));
#6735 = VECTOR('',#6736,1.);
#6736 = DIRECTION('',(1.,0.,0.));
#6737 = ORIENTED_EDGE('',*,*,#6681,.F.);
#6738 = PLANE('',#6739);
#6739 = AXIS2_PLACEMENT_3D('',#6740,#6741,#6742);
#6740 = CARTESIAN_POINT('',(99.5,61.,-43.));
#6741 = DIRECTION('',(0.,1.,0.));
#6742 = DIRECTION('',(0.,0.,1.));
#6743 = ADVANCED_FACE('',(#6744),#6750,.F.);
#6744 = FACE_BOUND('',#6745,.F.);
#6745 = EDGE_LOOP('',(#6746,#6747,#6748,#6749));
#6746 = ORIENTED_EDGE('',*,*,#6633,.F.);
#6747 = ORIENTED_EDGE('',*,*,#6703,.T.);
#6748 = ORIENTED_EDGE('',*,*,#6673,.T.);
#6749 = ORIENTED_EDGE('',*,*,#6725,.F.);
#6750 = PLANE('',#6751);
#6751 = AXIS2_PLACEMENT_3D('',#6752,#6753,#6754);
#6752 = CARTESIAN_POINT('',(99.5,-61.,-43.));
#6753 = DIRECTION('',(0.,0.,1.));
#6754 = DIRECTION('',(1.,0.,0.));
#6755 = ADVANCED_FACE('',(#6756),#6762,.T.);
#6756 = FACE_BOUND('',#6757,.T.);
#6757 = EDGE_LOOP('',(#6758,#6759,#6760,#6761));
#6758 = ORIENTED_EDGE('',*,*,#6649,.F.);
#6759 = ORIENTED_EDGE('',*,*,#6710,.T.);
#6760 = ORIENTED_EDGE('',*,*,#6689,.T.);
#6761 = ORIENTED_EDGE('',*,*,#6732,.F.);
#6762 = PLANE('',#6763);
#6763 = AXIS2_PLACEMENT_3D('',#6764,#6765,#6766);
#6764 = CARTESIAN_POINT('',(99.5,-61.,35.));
#6765 = DIRECTION('',(0.,0.,1.));
#6766 = DIRECTION('',(1.,0.,0.));
#6767 = MANIFOLD_SOLID_BREP('',#6768);
#6768 = CLOSED_SHELL('',(#6769,#6802,#6822,#6831,#6856));
#6769 = ADVANCED_FACE('',(#6770),#6797,.T.);
#6770 = FACE_BOUND('',#6771,.T.);
#6771 = EDGE_LOOP('',(#6772,#6781,#6789,#6796));
#6772 = ORIENTED_EDGE('',*,*,#6773,.F.);
#6773 = EDGE_CURVE('',#6774,#6774,#6776,.T.);
#6774 = VERTEX_POINT('',#6775);
#6775 = CARTESIAN_POINT('',(117.,-68.,-42.5));
#6776 = CIRCLE('',#6777,1.5);
#6777 = AXIS2_PLACEMENT_3D('',#6778,#6779,#6780);
#6778 = CARTESIAN_POINT('',(117.,-68.,-44.));
#6779 = DIRECTION('',(1.,0.,-0.));
#6780 = DIRECTION('',(0.,0.,1.));
#6781 = ORIENTED_EDGE('',*,*,#6782,.F.);
#6782 = EDGE_CURVE('',#6783,#6774,#6785,.T.);
#6783 = VERTEX_POINT('',#6784);
#6784 = CARTESIAN_POINT('',(105.,-68.,-42.5));
#6785 = LINE('',#6786,#6787);
#6786 = CARTESIAN_POINT('',(105.,-68.,-42.5));
#6787 = VECTOR('',#6788,1.);
#6788 = DIRECTION('',(1.,0.,0.));
#6789 = ORIENTED_EDGE('',*,*,#6790,.T.);
#6790 = EDGE_CURVE('',#6783,#6783,#6791,.T.);
#6791 = CIRCLE('',#6792,1.5);
#6792 = AXIS2_PLACEMENT_3D('',#6793,#6794,#6795);
#6793 = CARTESIAN_POINT('',(105.,-68.,-44.));
#6794 = DIRECTION('',(1.,0.,-0.));
#6795 = DIRECTION('',(0.,0.,1.));
#6796 = ORIENTED_EDGE('',*,*,#6782,.T.);
#6797 = CYLINDRICAL_SURFACE('',#6798,1.5);
#6798 = AXIS2_PLACEMENT_3D('',#6799,#6800,#6801);
#6799 = CARTESIAN_POINT('',(105.,-68.,-44.));
#6800 = DIRECTION('',(1.,0.,0.));
#6801 = DIRECTION('',(0.,0.,1.));
#6802 = ADVANCED_FACE('',(#6803,#6814),#6817,.F.);
#6803 = FACE_BOUND('',#6804,.F.);
#6804 = EDGE_LOOP('',(#6805));
#6805 = ORIENTED_EDGE('',*,*,#6806,.T.);
#6806 = EDGE_CURVE('',#6807,#6807,#6809,.T.);
#6807 = VERTEX_POINT('',#6808);
#6808 = CARTESIAN_POINT('',(117.,-68.,-41.25));
#6809 = CIRCLE('',#6810,2.75);
#6810 = AXIS2_PLACEMENT_3D('',#6811,#6812,#6813);
#6811 = CARTESIAN_POINT('',(117.,-68.,-44.));
#6812 = DIRECTION('',(1.,0.,-0.));
#6813 = DIRECTION('',(0.,0.,1.));
#6814 = FACE_BOUND('',#6815,.F.);
#6815 = EDGE_LOOP('',(#6816));
#6816 = ORIENTED_EDGE('',*,*,#6773,.F.);
#6817 = PLANE('',#6818);
#6818 = AXIS2_PLACEMENT_3D('',#6819,#6820,#6821);
#6819 = CARTESIAN_POINT('',(117.,-68.,-44.));
#6820 = DIRECTION('',(1.,0.,0.));
#6821 = DIRECTION('',(0.,0.,1.));
#6822 = ADVANCED_FACE('',(#6823),#6826,.F.);
#6823 = FACE_BOUND('',#6824,.T.);
#6824 = EDGE_LOOP('',(#6825));
#6825 = ORIENTED_EDGE('',*,*,#6790,.F.);
#6826 = PLANE('',#6827);
#6827 = AXIS2_PLACEMENT_3D('',#6828,#6829,#6830);
#6828 = CARTESIAN_POINT('',(105.,-68.,-44.));
#6829 = DIRECTION('',(1.,0.,0.));
#6830 = DIRECTION('',(0.,0.,1.));
#6831 = ADVANCED_FACE('',(#6832),#6851,.T.);
#6832 = FACE_BOUND('',#6833,.T.);
#6833 = EDGE_LOOP('',(#6834,#6843,#6849,#6850));
#6834 = ORIENTED_EDGE('',*,*,#6835,.F.);
#6835 = EDGE_CURVE('',#6836,#6836,#6838,.T.);
#6836 = VERTEX_POINT('',#6837);
#6837 = CARTESIAN_POINT('',(120.,-68.,-41.25));
#6838 = CIRCLE('',#6839,2.75);
#6839 = AXIS2_PLACEMENT_3D('',#6840,#6841,#6842);
#6840 = CARTESIAN_POINT('',(120.,-68.,-44.));
#6841 = DIRECTION('',(1.,0.,-0.));
#6842 = DIRECTION('',(0.,0.,1.));
#6843 = ORIENTED_EDGE('',*,*,#6844,.F.);
#6844 = EDGE_CURVE('',#6807,#6836,#6845,.T.);
#6845 = LINE('',#6846,#6847);
#6846 = CARTESIAN_POINT('',(117.,-68.,-41.25));
#6847 = VECTOR('',#6848,1.);
#6848 = DIRECTION('',(1.,0.,0.));
#6849 = ORIENTED_EDGE('',*,*,#6806,.T.);
#6850 = ORIENTED_EDGE('',*,*,#6844,.T.);
#6851 = CYLINDRICAL_SURFACE('',#6852,2.75);
#6852 = AXIS2_PLACEMENT_3D('',#6853,#6854,#6855);
#6853 = CARTESIAN_POINT('',(117.,-68.,-44.));
#6854 = DIRECTION('',(1.,0.,0.));
#6855 = DIRECTION('',(0.,0.,1.));
#6856 = ADVANCED_FACE('',(#6857),#6860,.T.);
#6857 = FACE_BOUND('',#6858,.T.);
#6858 = EDGE_LOOP('',(#6859));
#6859 = ORIENTED_EDGE('',*,*,#6835,.T.);
#6860 = PLANE('',#6861);
#6861 = AXIS2_PLACEMENT_3D('',#6862,#6863,#6864);
#6862 = CARTESIAN_POINT('',(120.,-68.,-44.));
#6863 = DIRECTION('',(1.,0.,0.));
#6864 = DIRECTION('',(0.,0.,1.));
#6865 = MANIFOLD_SOLID_BREP('',#6866);
#6866 = CLOSED_SHELL('',(#6867,#6900,#6920,#6929,#6954));
#6867 = ADVANCED_FACE('',(#6868),#6895,.T.);
#6868 = FACE_BOUND('',#6869,.T.);
#6869 = EDGE_LOOP('',(#6870,#6879,#6887,#6894));
#6870 = ORIENTED_EDGE('',*,*,#6871,.F.);
#6871 = EDGE_CURVE('',#6872,#6872,#6874,.T.);
#6872 = VERTEX_POINT('',#6873);
#6873 = CARTESIAN_POINT('',(117.,-68.,89.5));
#6874 = CIRCLE('',#6875,1.5);
#6875 = AXIS2_PLACEMENT_3D('',#6876,#6877,#6878);
#6876 = CARTESIAN_POINT('',(117.,-68.,88.));
#6877 = DIRECTION('',(1.,0.,-0.));
#6878 = DIRECTION('',(0.,0.,1.));
#6879 = ORIENTED_EDGE('',*,*,#6880,.F.);
#6880 = EDGE_CURVE('',#6881,#6872,#6883,.T.);
#6881 = VERTEX_POINT('',#6882);
#6882 = CARTESIAN_POINT('',(105.,-68.,89.5));
#6883 = LINE('',#6884,#6885);
#6884 = CARTESIAN_POINT('',(105.,-68.,89.5));
#6885 = VECTOR('',#6886,1.);
#6886 = DIRECTION('',(1.,0.,0.));
#6887 = ORIENTED_EDGE('',*,*,#6888,.T.);
#6888 = EDGE_CURVE('',#6881,#6881,#6889,.T.);
#6889 = CIRCLE('',#6890,1.5);
#6890 = AXIS2_PLACEMENT_3D('',#6891,#6892,#6893);
#6891 = CARTESIAN_POINT('',(105.,-68.,88.));
#6892 = DIRECTION('',(1.,0.,-0.));
#6893 = DIRECTION('',(0.,0.,1.));
#6894 = ORIENTED_EDGE('',*,*,#6880,.T.);
#6895 = CYLINDRICAL_SURFACE('',#6896,1.5);
#6896 = AXIS2_PLACEMENT_3D('',#6897,#6898,#6899);
#6897 = CARTESIAN_POINT('',(105.,-68.,88.));
#6898 = DIRECTION('',(1.,0.,0.));
#6899 = DIRECTION('',(0.,0.,1.));
#6900 = ADVANCED_FACE('',(#6901,#6912),#6915,.F.);
#6901 = FACE_BOUND('',#6902,.F.);
#6902 = EDGE_LOOP('',(#6903));
#6903 = ORIENTED_EDGE('',*,*,#6904,.T.);
#6904 = EDGE_CURVE('',#6905,#6905,#6907,.T.);
#6905 = VERTEX_POINT('',#6906);
#6906 = CARTESIAN_POINT('',(117.,-68.,90.75));
#6907 = CIRCLE('',#6908,2.75);
#6908 = AXIS2_PLACEMENT_3D('',#6909,#6910,#6911);
#6909 = CARTESIAN_POINT('',(117.,-68.,88.));
#6910 = DIRECTION('',(1.,0.,-0.));
#6911 = DIRECTION('',(0.,0.,1.));
#6912 = FACE_BOUND('',#6913,.F.);
#6913 = EDGE_LOOP('',(#6914));
#6914 = ORIENTED_EDGE('',*,*,#6871,.F.);
#6915 = PLANE('',#6916);
#6916 = AXIS2_PLACEMENT_3D('',#6917,#6918,#6919);
#6917 = CARTESIAN_POINT('',(117.,-68.,88.));
#6918 = DIRECTION('',(1.,0.,0.));
#6919 = DIRECTION('',(0.,0.,1.));
#6920 = ADVANCED_FACE('',(#6921),#6924,.F.);
#6921 = FACE_BOUND('',#6922,.T.);
#6922 = EDGE_LOOP('',(#6923));
#6923 = ORIENTED_EDGE('',*,*,#6888,.F.);
#6924 = PLANE('',#6925);
#6925 = AXIS2_PLACEMENT_3D('',#6926,#6927,#6928);
#6926 = CARTESIAN_POINT('',(105.,-68.,88.));
#6927 = DIRECTION('',(1.,0.,0.));
#6928 = DIRECTION('',(0.,0.,1.));
#6929 = ADVANCED_FACE('',(#6930),#6949,.T.);
#6930 = FACE_BOUND('',#6931,.T.);
#6931 = EDGE_LOOP('',(#6932,#6941,#6947,#6948));
#6932 = ORIENTED_EDGE('',*,*,#6933,.F.);
#6933 = EDGE_CURVE('',#6934,#6934,#6936,.T.);
#6934 = VERTEX_POINT('',#6935);
#6935 = CARTESIAN_POINT('',(120.,-68.,90.75));
#6936 = CIRCLE('',#6937,2.75);
#6937 = AXIS2_PLACEMENT_3D('',#6938,#6939,#6940);
#6938 = CARTESIAN_POINT('',(120.,-68.,88.));
#6939 = DIRECTION('',(1.,0.,-0.));
#6940 = DIRECTION('',(0.,0.,1.));
#6941 = ORIENTED_EDGE('',*,*,#6942,.F.);
#6942 = EDGE_CURVE('',#6905,#6934,#6943,.T.);
#6943 = LINE('',#6944,#6945);
#6944 = CARTESIAN_POINT('',(117.,-68.,90.75));
#6945 = VECTOR('',#6946,1.);
#6946 = DIRECTION('',(1.,0.,0.));
#6947 = ORIENTED_EDGE('',*,*,#6904,.T.);
#6948 = ORIENTED_EDGE('',*,*,#6942,.T.);
#6949 = CYLINDRICAL_SURFACE('',#6950,2.75);
#6950 = AXIS2_PLACEMENT_3D('',#6951,#6952,#6953);
#6951 = CARTESIAN_POINT('',(117.,-68.,88.));
#6952 = DIRECTION('',(1.,0.,0.));
#6953 = DIRECTION('',(0.,0.,1.));
#6954 = ADVANCED_FACE('',(#6955),#6958,.T.);
#6955 = FACE_BOUND('',#6956,.T.);
#6956 = EDGE_LOOP('',(#6957));
#6957 = ORIENTED_EDGE('',*,*,#6933,.T.);
#6958 = PLANE('',#6959);
#6959 = AXIS2_PLACEMENT_3D('',#6960,#6961,#6962);
#6960 = CARTESIAN_POINT('',(120.,-68.,88.));
#6961 = DIRECTION('',(1.,0.,0.));
#6962 = DIRECTION('',(0.,0.,1.));
#6963 = MANIFOLD_SOLID_BREP('',#6964);
#6964 = CLOSED_SHELL('',(#6965,#6998,#7018,#7027,#7052));
#6965 = ADVANCED_FACE('',(#6966),#6993,.T.);
#6966 = FACE_BOUND('',#6967,.T.);
#6967 = EDGE_LOOP('',(#6968,#6977,#6985,#6992));
#6968 = ORIENTED_EDGE('',*,*,#6969,.F.);
#6969 = EDGE_CURVE('',#6970,#6970,#6972,.T.);
#6970 = VERTEX_POINT('',#6971);
#6971 = CARTESIAN_POINT('',(117.,68.,-42.5));
#6972 = CIRCLE('',#6973,1.5);
#6973 = AXIS2_PLACEMENT_3D('',#6974,#6975,#6976);
#6974 = CARTESIAN_POINT('',(117.,68.,-44.));
#6975 = DIRECTION('',(1.,0.,-0.));
#6976 = DIRECTION('',(0.,0.,1.));
#6977 = ORIENTED_EDGE('',*,*,#6978,.F.);
#6978 = EDGE_CURVE('',#6979,#6970,#6981,.T.);
#6979 = VERTEX_POINT('',#6980);
#6980 = CARTESIAN_POINT('',(105.,68.,-42.5));
#6981 = LINE('',#6982,#6983);
#6982 = CARTESIAN_POINT('',(105.,68.,-42.5));
#6983 = VECTOR('',#6984,1.);
#6984 = DIRECTION('',(1.,0.,0.));
#6985 = ORIENTED_EDGE('',*,*,#6986,.T.);
#6986 = EDGE_CURVE('',#6979,#6979,#6987,.T.);
#6987 = CIRCLE('',#6988,1.5);
#6988 = AXIS2_PLACEMENT_3D('',#6989,#6990,#6991);
#6989 = CARTESIAN_POINT('',(105.,68.,-44.));
#6990 = DIRECTION('',(1.,0.,-0.));
#6991 = DIRECTION('',(0.,0.,1.));
#6992 = ORIENTED_EDGE('',*,*,#6978,.T.);
#6993 = CYLINDRICAL_SURFACE('',#6994,1.5);
#6994 = AXIS2_PLACEMENT_3D('',#6995,#6996,#6997);
#6995 = CARTESIAN_POINT('',(105.,68.,-44.));
#6996 = DIRECTION('',(1.,0.,0.));
#6997 = DIRECTION('',(0.,0.,1.));
#6998 = ADVANCED_FACE('',(#6999,#7010),#7013,.F.);
#6999 = FACE_BOUND('',#7000,.F.);
#7000 = EDGE_LOOP('',(#7001));
#7001 = ORIENTED_EDGE('',*,*,#7002,.T.);
#7002 = EDGE_CURVE('',#7003,#7003,#7005,.T.);
#7003 = VERTEX_POINT('',#7004);
#7004 = CARTESIAN_POINT('',(117.,68.,-41.25));
#7005 = CIRCLE('',#7006,2.75);
#7006 = AXIS2_PLACEMENT_3D('',#7007,#7008,#7009);
#7007 = CARTESIAN_POINT('',(117.,68.,-44.));
#7008 = DIRECTION('',(1.,0.,-0.));
#7009 = DIRECTION('',(0.,0.,1.));
#7010 = FACE_BOUND('',#7011,.F.);
#7011 = EDGE_LOOP('',(#7012));
#7012 = ORIENTED_EDGE('',*,*,#6969,.F.);
#7013 = PLANE('',#7014);
#7014 = AXIS2_PLACEMENT_3D('',#7015,#7016,#7017);
#7015 = CARTESIAN_POINT('',(117.,68.,-44.));
#7016 = DIRECTION('',(1.,0.,0.));
#7017 = DIRECTION('',(0.,0.,1.));
#7018 = ADVANCED_FACE('',(#7019),#7022,.F.);
#7019 = FACE_BOUND('',#7020,.T.);
#7020 = EDGE_LOOP('',(#7021));
#7021 = ORIENTED_EDGE('',*,*,#6986,.F.);
#7022 = PLANE('',#7023);
#7023 = AXIS2_PLACEMENT_3D('',#7024,#7025,#7026);
#7024 = CARTESIAN_POINT('',(105.,68.,-44.));
#7025 = DIRECTION('',(1.,0.,0.));
#7026 = DIRECTION('',(0.,0.,1.));
#7027 = ADVANCED_FACE('',(#7028),#7047,.T.);
#7028 = FACE_BOUND('',#7029,.T.);
#7029 = EDGE_LOOP('',(#7030,#7039,#7045,#7046));
#7030 = ORIENTED_EDGE('',*,*,#7031,.F.);
#7031 = EDGE_CURVE('',#7032,#7032,#7034,.T.);
#7032 = VERTEX_POINT('',#7033);
#7033 = CARTESIAN_POINT('',(120.,68.,-41.25));
#7034 = CIRCLE('',#7035,2.75);
#7035 = AXIS2_PLACEMENT_3D('',#7036,#7037,#7038);
#7036 = CARTESIAN_POINT('',(120.,68.,-44.));
#7037 = DIRECTION('',(1.,0.,-0.));
#7038 = DIRECTION('',(0.,0.,1.));
#7039 = ORIENTED_EDGE('',*,*,#7040,.F.);
#7040 = EDGE_CURVE('',#7003,#7032,#7041,.T.);
#7041 = LINE('',#7042,#7043);
#7042 = CARTESIAN_POINT('',(117.,68.,-41.25));
#7043 = VECTOR('',#7044,1.);
#7044 = DIRECTION('',(1.,0.,0.));
#7045 = ORIENTED_EDGE('',*,*,#7002,.T.);
#7046 = ORIENTED_EDGE('',*,*,#7040,.T.);
#7047 = CYLINDRICAL_SURFACE('',#7048,2.75);
#7048 = AXIS2_PLACEMENT_3D('',#7049,#7050,#7051);
#7049 = CARTESIAN_POINT('',(117.,68.,-44.));
#7050 = DIRECTION('',(1.,0.,0.));
#7051 = DIRECTION('',(0.,0.,1.));
#7052 = ADVANCED_FACE('',(#7053),#7056,.T.);
#7053 = FACE_BOUND('',#7054,.T.);
#7054 = EDGE_LOOP('',(#7055));
#7055 = ORIENTED_EDGE('',*,*,#7031,.T.);
#7056 = PLANE('',#7057);
#7057 = AXIS2_PLACEMENT_3D('',#7058,#7059,#7060);
#7058 = CARTESIAN_POINT('',(120.,68.,-44.));
#7059 = DIRECTION('',(1.,0.,0.));
#7060 = DIRECTION('',(0.,0.,1.));
#7061 = MANIFOLD_SOLID_BREP('',#7062);
#7062 = CLOSED_SHELL('',(#7063,#7096,#7116,#7125,#7150));
#7063 = ADVANCED_FACE('',(#7064),#7091,.T.);
#7064 = FACE_BOUND('',#7065,.T.);
#7065 = EDGE_LOOP('',(#7066,#7075,#7083,#7090));
#7066 = ORIENTED_EDGE('',*,*,#7067,.F.);
#7067 = EDGE_CURVE('',#7068,#7068,#7070,.T.);
#7068 = VERTEX_POINT('',#7069);
#7069 = CARTESIAN_POINT('',(117.,68.,89.5));
#7070 = CIRCLE('',#7071,1.5);
#7071 = AXIS2_PLACEMENT_3D('',#7072,#7073,#7074);
#7072 = CARTESIAN_POINT('',(117.,68.,88.));
#7073 = DIRECTION('',(1.,0.,-0.));
#7074 = DIRECTION('',(0.,0.,1.));
#7075 = ORIENTED_EDGE('',*,*,#7076,.F.);
#7076 = EDGE_CURVE('',#7077,#7068,#7079,.T.);
#7077 = VERTEX_POINT('',#7078);
#7078 = CARTESIAN_POINT('',(105.,68.,89.5));
#7079 = LINE('',#7080,#7081);
#7080 = CARTESIAN_POINT('',(105.,68.,89.5));
#7081 = VECTOR('',#7082,1.);
#7082 = DIRECTION('',(1.,0.,0.));
#7083 = ORIENTED_EDGE('',*,*,#7084,.T.);
#7084 = EDGE_CURVE('',#7077,#7077,#7085,.T.);
#7085 = CIRCLE('',#7086,1.5);
#7086 = AXIS2_PLACEMENT_3D('',#7087,#7088,#7089);
#7087 = CARTESIAN_POINT('',(105.,68.,88.));
#7088 = DIRECTION('',(1.,0.,-0.));
#7089 = DIRECTION('',(0.,0.,1.));
#7090 = ORIENTED_EDGE('',*,*,#7076,.T.);
#7091 = CYLINDRICAL_SURFACE('',#7092,1.5);
#7092 = AXIS2_PLACEMENT_3D('',#7093,#7094,#7095);
#7093 = CARTESIAN_POINT('',(105.,68.,88.));
#7094 = DIRECTION('',(1.,0.,0.));
#7095 = DIRECTION('',(0.,0.,1.));
#7096 = ADVANCED_FACE('',(#7097,#7108),#7111,.F.);
#7097 = FACE_BOUND('',#7098,.F.);
#7098 = EDGE_LOOP('',(#7099));
#7099 = ORIENTED_EDGE('',*,*,#7100,.T.);
#7100 = EDGE_CURVE('',#7101,#7101,#7103,.T.);
#7101 = VERTEX_POINT('',#7102);
#7102 = CARTESIAN_POINT('',(117.,68.,90.75));
#7103 = CIRCLE('',#7104,2.75);
#7104 = AXIS2_PLACEMENT_3D('',#7105,#7106,#7107);
#7105 = CARTESIAN_POINT('',(117.,68.,88.));
#7106 = DIRECTION('',(1.,0.,-0.));
#7107 = DIRECTION('',(0.,0.,1.));
#7108 = FACE_BOUND('',#7109,.F.);
#7109 = EDGE_LOOP('',(#7110));
#7110 = ORIENTED_EDGE('',*,*,#7067,.F.);
#7111 = PLANE('',#7112);
#7112 = AXIS2_PLACEMENT_3D('',#7113,#7114,#7115);
#7113 = CARTESIAN_POINT('',(117.,68.,88.));
#7114 = DIRECTION('',(1.,0.,0.));
#7115 = DIRECTION('',(0.,0.,1.));
#7116 = ADVANCED_FACE('',(#7117),#7120,.F.);
#7117 = FACE_BOUND('',#7118,.T.);
#7118 = EDGE_LOOP('',(#7119));
#7119 = ORIENTED_EDGE('',*,*,#7084,.F.);
#7120 = PLANE('',#7121);
#7121 = AXIS2_PLACEMENT_3D('',#7122,#7123,#7124);
#7122 = CARTESIAN_POINT('',(105.,68.,88.));
#7123 = DIRECTION('',(1.,0.,0.));
#7124 = DIRECTION('',(0.,0.,1.));
#7125 = ADVANCED_FACE('',(#7126),#7145,.T.);
#7126 = FACE_BOUND('',#7127,.T.);
#7127 = EDGE_LOOP('',(#7128,#7137,#7143,#7144));
#7128 = ORIENTED_EDGE('',*,*,#7129,.F.);
#7129 = EDGE_CURVE('',#7130,#7130,#7132,.T.);
#7130 = VERTEX_POINT('',#7131);
#7131 = CARTESIAN_POINT('',(120.,68.,90.75));
#7132 = CIRCLE('',#7133,2.75);
#7133 = AXIS2_PLACEMENT_3D('',#7134,#7135,#7136);
#7134 = CARTESIAN_POINT('',(120.,68.,88.));
#7135 = DIRECTION('',(1.,0.,-0.));
#7136 = DIRECTION('',(0.,0.,1.));
#7137 = ORIENTED_EDGE('',*,*,#7138,.F.);
#7138 = EDGE_CURVE('',#7101,#7130,#7139,.T.);
#7139 = LINE('',#7140,#7141);
#7140 = CARTESIAN_POINT('',(117.,68.,90.75));
#7141 = VECTOR('',#7142,1.);
#7142 = DIRECTION('',(1.,0.,0.));
#7143 = ORIENTED_EDGE('',*,*,#7100,.T.);
#7144 = ORIENTED_EDGE('',*,*,#7138,.T.);
#7145 = CYLINDRICAL_SURFACE('',#7146,2.75);
#7146 = AXIS2_PLACEMENT_3D('',#7147,#7148,#7149);
#7147 = CARTESIAN_POINT('',(117.,68.,88.));
#7148 = DIRECTION('',(1.,0.,0.));
#7149 = DIRECTION('',(0.,0.,1.));
#7150 = ADVANCED_FACE('',(#7151),#7154,.T.);
#7151 = FACE_BOUND('',#7152,.T.);
#7152 = EDGE_LOOP('',(#7153));
#7153 = ORIENTED_EDGE('',*,*,#7129,.T.);
#7154 = PLANE('',#7155);
#7155 = AXIS2_PLACEMENT_3D('',#7156,#7157,#7158);
#7156 = CARTESIAN_POINT('',(120.,68.,88.));
#7157 = DIRECTION('',(1.,0.,0.));
#7158 = DIRECTION('',(0.,0.,1.));
#7159 = MANIFOLD_SOLID_BREP('',#7160);
#7160 = CLOSED_SHELL('',(#7161,#7194,#7203,#7223,#7248));
#7161 = ADVANCED_FACE('',(#7162),#7189,.T.);
#7162 = FACE_BOUND('',#7163,.T.);
#7163 = EDGE_LOOP('',(#7164,#7173,#7181,#7188));
#7164 = ORIENTED_EDGE('',*,*,#7165,.F.);
#7165 = EDGE_CURVE('',#7166,#7166,#7168,.T.);
#7166 = VERTEX_POINT('',#7167);
#7167 = CARTESIAN_POINT('',(93.95,-22.5,62.5));
#7168 = CIRCLE('',#7169,1.5);
#7169 = AXIS2_PLACEMENT_3D('',#7170,#7171,#7172);
#7170 = CARTESIAN_POINT('',(93.95,-22.5,61.));
#7171 = DIRECTION('',(1.,0.,-0.));
#7172 = DIRECTION('',(0.,0.,1.));
#7173 = ORIENTED_EDGE('',*,*,#7174,.F.);
#7174 = EDGE_CURVE('',#7175,#7166,#7177,.T.);
#7175 = VERTEX_POINT('',#7176);
#7176 = CARTESIAN_POINT('',(85.95,-22.5,62.5));
#7177 = LINE('',#7178,#7179);
#7178 = CARTESIAN_POINT('',(85.95,-22.5,62.5));
#7179 = VECTOR('',#7180,1.);
#7180 = DIRECTION('',(1.,0.,0.));
#7181 = ORIENTED_EDGE('',*,*,#7182,.T.);
#7182 = EDGE_CURVE('',#7175,#7175,#7183,.T.);
#7183 = CIRCLE('',#7184,1.5);
#7184 = AXIS2_PLACEMENT_3D('',#7185,#7186,#7187);
#7185 = CARTESIAN_POINT('',(85.95,-22.5,61.));
#7186 = DIRECTION('',(1.,0.,-0.));
#7187 = DIRECTION('',(0.,0.,1.));
#7188 = ORIENTED_EDGE('',*,*,#7174,.T.);
#7189 = CYLINDRICAL_SURFACE('',#7190,1.5);
#7190 = AXIS2_PLACEMENT_3D('',#7191,#7192,#7193);
#7191 = CARTESIAN_POINT('',(85.95,-22.5,61.));
#7192 = DIRECTION('',(1.,0.,0.));
#7193 = DIRECTION('',(0.,0.,1.));
#7194 = ADVANCED_FACE('',(#7195),#7198,.T.);
#7195 = FACE_BOUND('',#7196,.T.);
#7196 = EDGE_LOOP('',(#7197));
#7197 = ORIENTED_EDGE('',*,*,#7165,.T.);
#7198 = PLANE('',#7199);
#7199 = AXIS2_PLACEMENT_3D('',#7200,#7201,#7202);
#7200 = CARTESIAN_POINT('',(93.95,-22.5,61.));
#7201 = DIRECTION('',(1.,0.,0.));
#7202 = DIRECTION('',(0.,0.,1.));
#7203 = ADVANCED_FACE('',(#7204,#7215),#7218,.T.);
#7204 = FACE_BOUND('',#7205,.T.);
#7205 = EDGE_LOOP('',(#7206));
#7206 = ORIENTED_EDGE('',*,*,#7207,.T.);
#7207 = EDGE_CURVE('',#7208,#7208,#7210,.T.);
#7208 = VERTEX_POINT('',#7209);
#7209 = CARTESIAN_POINT('',(85.95,-22.5,63.75));
#7210 = CIRCLE('',#7211,2.75);
#7211 = AXIS2_PLACEMENT_3D('',#7212,#7213,#7214);
#7212 = CARTESIAN_POINT('',(85.95,-22.5,61.));
#7213 = DIRECTION('',(1.,0.,-0.));
#7214 = DIRECTION('',(0.,0.,1.));
#7215 = FACE_BOUND('',#7216,.T.);
#7216 = EDGE_LOOP('',(#7217));
#7217 = ORIENTED_EDGE('',*,*,#7182,.F.);
#7218 = PLANE('',#7219);
#7219 = AXIS2_PLACEMENT_3D('',#7220,#7221,#7222);
#7220 = CARTESIAN_POINT('',(85.95,-22.5,61.));
#7221 = DIRECTION('',(1.,0.,0.));
#7222 = DIRECTION('',(0.,0.,1.));
#7223 = ADVANCED_FACE('',(#7224),#7243,.T.);
#7224 = FACE_BOUND('',#7225,.T.);
#7225 = EDGE_LOOP('',(#7226,#7227,#7235,#7242));
#7226 = ORIENTED_EDGE('',*,*,#7207,.F.);
#7227 = ORIENTED_EDGE('',*,*,#7228,.F.);
#7228 = EDGE_CURVE('',#7229,#7208,#7231,.T.);
#7229 = VERTEX_POINT('',#7230);
#7230 = CARTESIAN_POINT('',(82.95,-22.5,63.75));
#7231 = LINE('',#7232,#7233);
#7232 = CARTESIAN_POINT('',(82.95,-22.5,63.75));
#7233 = VECTOR('',#7234,1.);
#7234 = DIRECTION('',(1.,0.,0.));
#7235 = ORIENTED_EDGE('',*,*,#7236,.T.);
#7236 = EDGE_CURVE('',#7229,#7229,#7237,.T.);
#7237 = CIRCLE('',#7238,2.75);
#7238 = AXIS2_PLACEMENT_3D('',#7239,#7240,#7241);
#7239 = CARTESIAN_POINT('',(82.95,-22.5,61.));
#7240 = DIRECTION('',(1.,0.,-0.));
#7241 = DIRECTION('',(0.,0.,1.));
#7242 = ORIENTED_EDGE('',*,*,#7228,.T.);
#7243 = CYLINDRICAL_SURFACE('',#7244,2.75);
#7244 = AXIS2_PLACEMENT_3D('',#7245,#7246,#7247);
#7245 = CARTESIAN_POINT('',(82.95,-22.5,61.));
#7246 = DIRECTION('',(1.,0.,0.));
#7247 = DIRECTION('',(0.,0.,1.));
#7248 = ADVANCED_FACE('',(#7249),#7252,.F.);
#7249 = FACE_BOUND('',#7250,.T.);
#7250 = EDGE_LOOP('',(#7251));
#7251 = ORIENTED_EDGE('',*,*,#7236,.F.);
#7252 = PLANE('',#7253);
#7253 = AXIS2_PLACEMENT_3D('',#7254,#7255,#7256);
#7254 = CARTESIAN_POINT('',(82.95,-22.5,61.));
#7255 = DIRECTION('',(1.,0.,0.));
#7256 = DIRECTION('',(0.,0.,1.));
#7257 = MANIFOLD_SOLID_BREP('',#7258);
#7258 = CLOSED_SHELL('',(#7259,#7292,#7301,#7321,#7346));
#7259 = ADVANCED_FACE('',(#7260),#7287,.T.);
#7260 = FACE_BOUND('',#7261,.T.);
#7261 = EDGE_LOOP('',(#7262,#7271,#7279,#7286));
#7262 = ORIENTED_EDGE('',*,*,#7263,.F.);
#7263 = EDGE_CURVE('',#7264,#7264,#7266,.T.);
#7264 = VERTEX_POINT('',#7265);
#7265 = CARTESIAN_POINT('',(93.95,22.5,62.5));
#7266 = CIRCLE('',#7267,1.5);
#7267 = AXIS2_PLACEMENT_3D('',#7268,#7269,#7270);
#7268 = CARTESIAN_POINT('',(93.95,22.5,61.));
#7269 = DIRECTION('',(1.,0.,-0.));
#7270 = DIRECTION('',(0.,0.,1.));
#7271 = ORIENTED_EDGE('',*,*,#7272,.F.);
#7272 = EDGE_CURVE('',#7273,#7264,#7275,.T.);
#7273 = VERTEX_POINT('',#7274);
#7274 = CARTESIAN_POINT('',(85.95,22.5,62.5));
#7275 = LINE('',#7276,#7277);
#7276 = CARTESIAN_POINT('',(85.95,22.5,62.5));
#7277 = VECTOR('',#7278,1.);
#7278 = DIRECTION('',(1.,0.,0.));
#7279 = ORIENTED_EDGE('',*,*,#7280,.T.);
#7280 = EDGE_CURVE('',#7273,#7273,#7281,.T.);
#7281 = CIRCLE('',#7282,1.5);
#7282 = AXIS2_PLACEMENT_3D('',#7283,#7284,#7285);
#7283 = CARTESIAN_POINT('',(85.95,22.5,61.));
#7284 = DIRECTION('',(1.,0.,-0.));
#7285 = DIRECTION('',(0.,0.,1.));
#7286 = ORIENTED_EDGE('',*,*,#7272,.T.);
#7287 = CYLINDRICAL_SURFACE('',#7288,1.5);
#7288 = AXIS2_PLACEMENT_3D('',#7289,#7290,#7291);
#7289 = CARTESIAN_POINT('',(85.95,22.5,61.));
#7290 = DIRECTION('',(1.,0.,0.));
#7291 = DIRECTION('',(0.,0.,1.));
#7292 = ADVANCED_FACE('',(#7293),#7296,.T.);
#7293 = FACE_BOUND('',#7294,.T.);
#7294 = EDGE_LOOP('',(#7295));
#7295 = ORIENTED_EDGE('',*,*,#7263,.T.);
#7296 = PLANE('',#7297);
#7297 = AXIS2_PLACEMENT_3D('',#7298,#7299,#7300);
#7298 = CARTESIAN_POINT('',(93.95,22.5,61.));
#7299 = DIRECTION('',(1.,0.,0.));
#7300 = DIRECTION('',(0.,0.,1.));
#7301 = ADVANCED_FACE('',(#7302,#7313),#7316,.T.);
#7302 = FACE_BOUND('',#7303,.T.);
#7303 = EDGE_LOOP('',(#7304));
#7304 = ORIENTED_EDGE('',*,*,#7305,.T.);
#7305 = EDGE_CURVE('',#7306,#7306,#7308,.T.);
#7306 = VERTEX_POINT('',#7307);
#7307 = CARTESIAN_POINT('',(85.95,22.5,63.75));
#7308 = CIRCLE('',#7309,2.75);
#7309 = AXIS2_PLACEMENT_3D('',#7310,#7311,#7312);
#7310 = CARTESIAN_POINT('',(85.95,22.5,61.));
#7311 = DIRECTION('',(1.,0.,-0.));
#7312 = DIRECTION('',(0.,0.,1.));
#7313 = FACE_BOUND('',#7314,.T.);
#7314 = EDGE_LOOP('',(#7315));
#7315 = ORIENTED_EDGE('',*,*,#7280,.F.);
#7316 = PLANE('',#7317);
#7317 = AXIS2_PLACEMENT_3D('',#7318,#7319,#7320);
#7318 = CARTESIAN_POINT('',(85.95,22.5,61.));
#7319 = DIRECTION('',(1.,0.,0.));
#7320 = DIRECTION('',(0.,0.,1.));
#7321 = ADVANCED_FACE('',(#7322),#7341,.T.);
#7322 = FACE_BOUND('',#7323,.T.);
#7323 = EDGE_LOOP('',(#7324,#7325,#7333,#7340));
#7324 = ORIENTED_EDGE('',*,*,#7305,.F.);
#7325 = ORIENTED_EDGE('',*,*,#7326,.F.);
#7326 = EDGE_CURVE('',#7327,#7306,#7329,.T.);
#7327 = VERTEX_POINT('',#7328);
#7328 = CARTESIAN_POINT('',(82.95,22.5,63.75));
#7329 = LINE('',#7330,#7331);
#7330 = CARTESIAN_POINT('',(82.95,22.5,63.75));
#7331 = VECTOR('',#7332,1.);
#7332 = DIRECTION('',(1.,0.,0.));
#7333 = ORIENTED_EDGE('',*,*,#7334,.T.);
#7334 = EDGE_CURVE('',#7327,#7327,#7335,.T.);
#7335 = CIRCLE('',#7336,2.75);
#7336 = AXIS2_PLACEMENT_3D('',#7337,#7338,#7339);
#7337 = CARTESIAN_POINT('',(82.95,22.5,61.));
#7338 = DIRECTION('',(1.,0.,-0.));
#7339 = DIRECTION('',(0.,0.,1.));
#7340 = ORIENTED_EDGE('',*,*,#7326,.T.);
#7341 = CYLINDRICAL_SURFACE('',#7342,2.75);
#7342 = AXIS2_PLACEMENT_3D('',#7343,#7344,#7345);
#7343 = CARTESIAN_POINT('',(82.95,22.5,61.));
#7344 = DIRECTION('',(1.,0.,0.));
#7345 = DIRECTION('',(0.,0.,1.));
#7346 = ADVANCED_FACE('',(#7347),#7350,.F.);
#7347 = FACE_BOUND('',#7348,.T.);
#7348 = EDGE_LOOP('',(#7349));
#7349 = ORIENTED_EDGE('',*,*,#7334,.F.);
#7350 = PLANE('',#7351);
#7351 = AXIS2_PLACEMENT_3D('',#7352,#7353,#7354);
#7352 = CARTESIAN_POINT('',(82.95,22.5,61.));
#7353 = DIRECTION('',(1.,0.,0.));
#7354 = DIRECTION('',(0.,0.,1.));
#7355 = MANIFOLD_SOLID_BREP('',#7356);
#7356 = CLOSED_SHELL('',(#7357,#7390,#7410,#7419,#7444));
#7357 = ADVANCED_FACE('',(#7358),#7385,.T.);
#7358 = FACE_BOUND('',#7359,.T.);
#7359 = EDGE_LOOP('',(#7360,#7369,#7377,#7384));
#7360 = ORIENTED_EDGE('',*,*,#7361,.F.);
#7361 = EDGE_CURVE('',#7362,#7362,#7364,.T.);
#7362 = VERTEX_POINT('',#7363);
#7363 = CARTESIAN_POINT('',(117.,-50.,55.));
#7364 = CIRCLE('',#7365,1.5);
#7365 = AXIS2_PLACEMENT_3D('',#7366,#7367,#7368);
#7366 = CARTESIAN_POINT('',(117.,-50.,53.5));
#7367 = DIRECTION('',(1.,0.,-0.));
#7368 = DIRECTION('',(0.,0.,1.));
#7369 = ORIENTED_EDGE('',*,*,#7370,.F.);
#7370 = EDGE_CURVE('',#7371,#7362,#7373,.T.);
#7371 = VERTEX_POINT('',#7372);
#7372 = CARTESIAN_POINT('',(107.,-50.,55.));
#7373 = LINE('',#7374,#7375);
#7374 = CARTESIAN_POINT('',(107.,-50.,55.));
#7375 = VECTOR('',#7376,1.);
#7376 = DIRECTION('',(1.,0.,0.));
#7377 = ORIENTED_EDGE('',*,*,#7378,.T.);
#7378 = EDGE_CURVE('',#7371,#7371,#7379,.T.);
#7379 = CIRCLE('',#7380,1.5);
#7380 = AXIS2_PLACEMENT_3D('',#7381,#7382,#7383);
#7381 = CARTESIAN_POINT('',(107.,-50.,53.5));
#7382 = DIRECTION('',(1.,0.,-0.));
#7383 = DIRECTION('',(0.,0.,1.));
#7384 = ORIENTED_EDGE('',*,*,#7370,.T.);
#7385 = CYLINDRICAL_SURFACE('',#7386,1.5);
#7386 = AXIS2_PLACEMENT_3D('',#7387,#7388,#7389);
#7387 = CARTESIAN_POINT('',(107.,-50.,53.5));
#7388 = DIRECTION('',(1.,0.,0.));
#7389 = DIRECTION('',(0.,0.,1.));
#7390 = ADVANCED_FACE('',(#7391,#7402),#7405,.F.);
#7391 = FACE_BOUND('',#7392,.F.);
#7392 = EDGE_LOOP('',(#7393));
#7393 = ORIENTED_EDGE('',*,*,#7394,.T.);
#7394 = EDGE_CURVE('',#7395,#7395,#7397,.T.);
#7395 = VERTEX_POINT('',#7396);
#7396 = CARTESIAN_POINT('',(117.,-50.,56.25));
#7397 = CIRCLE('',#7398,2.75);
#7398 = AXIS2_PLACEMENT_3D('',#7399,#7400,#7401);
#7399 = CARTESIAN_POINT('',(117.,-50.,53.5));
#7400 = DIRECTION('',(1.,0.,-0.));
#7401 = DIRECTION('',(0.,0.,1.));
#7402 = FACE_BOUND('',#7403,.F.);
#7403 = EDGE_LOOP('',(#7404));
#7404 = ORIENTED_EDGE('',*,*,#7361,.F.);
#7405 = PLANE('',#7406);
#7406 = AXIS2_PLACEMENT_3D('',#7407,#7408,#7409);
#7407 = CARTESIAN_POINT('',(117.,-50.,53.5));
#7408 = DIRECTION('',(1.,0.,0.));
#7409 = DIRECTION('',(0.,0.,1.));
#7410 = ADVANCED_FACE('',(#7411),#7414,.F.);
#7411 = FACE_BOUND('',#7412,.T.);
#7412 = EDGE_LOOP('',(#7413));
#7413 = ORIENTED_EDGE('',*,*,#7378,.F.);
#7414 = PLANE('',#7415);
#7415 = AXIS2_PLACEMENT_3D('',#7416,#7417,#7418);
#7416 = CARTESIAN_POINT('',(107.,-50.,53.5));
#7417 = DIRECTION('',(1.,0.,0.));
#7418 = DIRECTION('',(0.,0.,1.));
#7419 = ADVANCED_FACE('',(#7420),#7439,.T.);
#7420 = FACE_BOUND('',#7421,.T.);
#7421 = EDGE_LOOP('',(#7422,#7431,#7437,#7438));
#7422 = ORIENTED_EDGE('',*,*,#7423,.F.);
#7423 = EDGE_CURVE('',#7424,#7424,#7426,.T.);
#7424 = VERTEX_POINT('',#7425);
#7425 = CARTESIAN_POINT('',(120.,-50.,56.25));
#7426 = CIRCLE('',#7427,2.75);
#7427 = AXIS2_PLACEMENT_3D('',#7428,#7429,#7430);
#7428 = CARTESIAN_POINT('',(120.,-50.,53.5));
#7429 = DIRECTION('',(1.,0.,-0.));
#7430 = DIRECTION('',(0.,0.,1.));
#7431 = ORIENTED_EDGE('',*,*,#7432,.F.);
#7432 = EDGE_CURVE('',#7395,#7424,#7433,.T.);
#7433 = LINE('',#7434,#7435);
#7434 = CARTESIAN_POINT('',(117.,-50.,56.25));
#7435 = VECTOR('',#7436,1.);
#7436 = DIRECTION('',(1.,0.,0.));
#7437 = ORIENTED_EDGE('',*,*,#7394,.T.);
#7438 = ORIENTED_EDGE('',*,*,#7432,.T.);
#7439 = CYLINDRICAL_SURFACE('',#7440,2.75);
#7440 = AXIS2_PLACEMENT_3D('',#7441,#7442,#7443);
#7441 = CARTESIAN_POINT('',(117.,-50.,53.5));
#7442 = DIRECTION('',(1.,0.,0.));
#7443 = DIRECTION('',(0.,0.,1.));
#7444 = ADVANCED_FACE('',(#7445),#7448,.T.);
#7445 = FACE_BOUND('',#7446,.T.);
#7446 = EDGE_LOOP('',(#7447));
#7447 = ORIENTED_EDGE('',*,*,#7423,.T.);
#7448 = PLANE('',#7449);
#7449 = AXIS2_PLACEMENT_3D('',#7450,#7451,#7452);
#7450 = CARTESIAN_POINT('',(120.,-50.,53.5));
#7451 = DIRECTION('',(1.,0.,0.));
#7452 = DIRECTION('',(0.,0.,1.));
#7453 = MANIFOLD_SOLID_BREP('',#7454);
#7454 = CLOSED_SHELL('',(#7455,#7495,#7526,#7557,#7601,#7645,#7662,#7679
    ,#7691));
#7455 = ADVANCED_FACE('',(#7456),#7490,.F.);
#7456 = FACE_BOUND('',#7457,.F.);
#7457 = EDGE_LOOP('',(#7458,#7468,#7476,#7484));
#7458 = ORIENTED_EDGE('',*,*,#7459,.T.);
#7459 = EDGE_CURVE('',#7460,#7462,#7464,.T.);
#7460 = VERTEX_POINT('',#7461);
#7461 = CARTESIAN_POINT('',(107.6,-47.25,55.087713240271));
#7462 = VERTEX_POINT('',#7463);
#7463 = CARTESIAN_POINT('',(110.,-47.25,55.087713240271));
#7464 = LINE('',#7465,#7466);
#7465 = CARTESIAN_POINT('',(107.6,-47.25,55.087713240271));
#7466 = VECTOR('',#7467,1.);
#7467 = DIRECTION('',(1.,0.,0.));
#7468 = ORIENTED_EDGE('',*,*,#7469,.T.);
#7469 = EDGE_CURVE('',#7462,#7470,#7472,.T.);
#7470 = VERTEX_POINT('',#7471);
#7471 = CARTESIAN_POINT('',(110.,-50.,56.675426480543));
#7472 = LINE('',#7473,#7474);
#7473 = CARTESIAN_POINT('',(110.,-47.25,55.087713240271));
#7474 = VECTOR('',#7475,1.);
#7475 = DIRECTION('',(0.,-0.866025403784,0.5));
#7476 = ORIENTED_EDGE('',*,*,#7477,.F.);
#7477 = EDGE_CURVE('',#7478,#7470,#7480,.T.);
#7478 = VERTEX_POINT('',#7479);
#7479 = CARTESIAN_POINT('',(107.6,-50.,56.675426480543));
#7480 = LINE('',#7481,#7482);
#7481 = CARTESIAN_POINT('',(107.6,-50.,56.675426480543));
#7482 = VECTOR('',#7483,1.);
#7483 = DIRECTION('',(1.,0.,0.));
#7484 = ORIENTED_EDGE('',*,*,#7485,.F.);
#7485 = EDGE_CURVE('',#7460,#7478,#7486,.T.);
#7486 = LINE('',#7487,#7488);
#7487 = CARTESIAN_POINT('',(107.6,-47.25,55.087713240271));
#7488 = VECTOR('',#7489,1.);
#7489 = DIRECTION('',(0.,-0.866025403784,0.5));
#7490 = PLANE('',#7491);
#7491 = AXIS2_PLACEMENT_3D('',#7492,#7493,#7494);
#7492 = CARTESIAN_POINT('',(107.6,-47.25,55.087713240271));
#7493 = DIRECTION('',(0.,-0.5,-0.866025403784));
#7494 = DIRECTION('',(0.,-0.866025403784,0.5));
#7495 = ADVANCED_FACE('',(#7496),#7521,.F.);
#7496 = FACE_BOUND('',#7497,.F.);
#7497 = EDGE_LOOP('',(#7498,#7508,#7514,#7515));
#7498 = ORIENTED_EDGE('',*,*,#7499,.T.);
#7499 = EDGE_CURVE('',#7500,#7502,#7504,.T.);
#7500 = VERTEX_POINT('',#7501);
#7501 = CARTESIAN_POINT('',(107.6,-47.25,51.912286759729));
#7502 = VERTEX_POINT('',#7503);
#7503 = CARTESIAN_POINT('',(110.,-47.25,51.912286759729));
#7504 = LINE('',#7505,#7506);
#7505 = CARTESIAN_POINT('',(107.6,-47.25,51.912286759729));
#7506 = VECTOR('',#7507,1.);
#7507 = DIRECTION('',(1.,0.,0.));
#7508 = ORIENTED_EDGE('',*,*,#7509,.T.);
#7509 = EDGE_CURVE('',#7502,#7462,#7510,.T.);
#7510 = LINE('',#7511,#7512);
#7511 = CARTESIAN_POINT('',(110.,-47.25,51.912286759729));
#7512 = VECTOR('',#7513,1.);
#7513 = DIRECTION('',(0.,0.,1.));
#7514 = ORIENTED_EDGE('',*,*,#7459,.F.);
#7515 = ORIENTED_EDGE('',*,*,#7516,.F.);
#7516 = EDGE_CURVE('',#7500,#7460,#7517,.T.);
#7517 = LINE('',#7518,#7519);
#7518 = CARTESIAN_POINT('',(107.6,-47.25,51.912286759729));
#7519 = VECTOR('',#7520,1.);
#7520 = DIRECTION('',(0.,0.,1.));
#7521 = PLANE('',#7522);
#7522 = AXIS2_PLACEMENT_3D('',#7523,#7524,#7525);
#7523 = CARTESIAN_POINT('',(107.6,-47.25,51.912286759729));
#7524 = DIRECTION('',(0.,-1.,0.));
#7525 = DIRECTION('',(0.,0.,1.));
#7526 = ADVANCED_FACE('',(#7527),#7552,.F.);
#7527 = FACE_BOUND('',#7528,.F.);
#7528 = EDGE_LOOP('',(#7529,#7530,#7538,#7546));
#7529 = ORIENTED_EDGE('',*,*,#7477,.T.);
#7530 = ORIENTED_EDGE('',*,*,#7531,.T.);
#7531 = EDGE_CURVE('',#7470,#7532,#7534,.T.);
#7532 = VERTEX_POINT('',#7533);
#7533 = CARTESIAN_POINT('',(110.,-52.75,55.087713240271));
#7534 = LINE('',#7535,#7536);
#7535 = CARTESIAN_POINT('',(110.,-50.,56.675426480543));
#7536 = VECTOR('',#7537,1.);
#7537 = DIRECTION('',(0.,-0.866025403784,-0.5));
#7538 = ORIENTED_EDGE('',*,*,#7539,.F.);
#7539 = EDGE_CURVE('',#7540,#7532,#7542,.T.);
#7540 = VERTEX_POINT('',#7541);
#7541 = CARTESIAN_POINT('',(107.6,-52.75,55.087713240271));
#7542 = LINE('',#7543,#7544);
#7543 = CARTESIAN_POINT('',(107.6,-52.75,55.087713240271));
#7544 = VECTOR('',#7545,1.);
#7545 = DIRECTION('',(1.,0.,0.));
#7546 = ORIENTED_EDGE('',*,*,#7547,.F.);
#7547 = EDGE_CURVE('',#7478,#7540,#7548,.T.);
#7548 = LINE('',#7549,#7550);
#7549 = CARTESIAN_POINT('',(107.6,-50.,56.675426480543));
#7550 = VECTOR('',#7551,1.);
#7551 = DIRECTION('',(0.,-0.866025403784,-0.5));
#7552 = PLANE('',#7553);
#7553 = AXIS2_PLACEMENT_3D('',#7554,#7555,#7556);
#7554 = CARTESIAN_POINT('',(107.6,-50.,56.675426480543));
#7555 = DIRECTION('',(0.,0.5,-0.866025403784));
#7556 = DIRECTION('',(0.,-0.866025403784,-0.5));
#7557 = ADVANCED_FACE('',(#7558,#7585),#7596,.F.);
#7558 = FACE_BOUND('',#7559,.F.);
#7559 = EDGE_LOOP('',(#7560,#7561,#7562,#7570,#7578,#7584));
#7560 = ORIENTED_EDGE('',*,*,#7485,.T.);
#7561 = ORIENTED_EDGE('',*,*,#7547,.T.);
#7562 = ORIENTED_EDGE('',*,*,#7563,.T.);
#7563 = EDGE_CURVE('',#7540,#7564,#7566,.T.);
#7564 = VERTEX_POINT('',#7565);
#7565 = CARTESIAN_POINT('',(107.6,-52.75,51.912286759729));
#7566 = LINE('',#7567,#7568);
#7567 = CARTESIAN_POINT('',(107.6,-52.75,55.087713240271));
#7568 = VECTOR('',#7569,1.);
#7569 = DIRECTION('',(0.,0.,-1.));
#7570 = ORIENTED_EDGE('',*,*,#7571,.T.);
#7571 = EDGE_CURVE('',#7564,#7572,#7574,.T.);
#7572 = VERTEX_POINT('',#7573);
#7573 = CARTESIAN_POINT('',(107.6,-50.,50.324573519457));
#7574 = LINE('',#7575,#7576);
#7575 = CARTESIAN_POINT('',(107.6,-52.75,51.912286759729));
#7576 = VECTOR('',#7577,1.);
#7577 = DIRECTION('',(0.,0.866025403784,-0.5));
#7578 = ORIENTED_EDGE('',*,*,#7579,.T.);
#7579 = EDGE_CURVE('',#7572,#7500,#7580,.T.);
#7580 = LINE('',#7581,#7582);
#7581 = CARTESIAN_POINT('',(107.6,-50.,50.324573519457));
#7582 = VECTOR('',#7583,1.);
#7583 = DIRECTION('',(0.,0.866025403784,0.5));
#7584 = ORIENTED_EDGE('',*,*,#7516,.T.);
#7585 = FACE_BOUND('',#7586,.F.);
#7586 = EDGE_LOOP('',(#7587));
#7587 = ORIENTED_EDGE('',*,*,#7588,.F.);
#7588 = EDGE_CURVE('',#7589,#7589,#7591,.T.);
#7589 = VERTEX_POINT('',#7590);
#7590 = CARTESIAN_POINT('',(107.6,-50.,55.));
#7591 = CIRCLE('',#7592,1.5);
#7592 = AXIS2_PLACEMENT_3D('',#7593,#7594,#7595);
#7593 = CARTESIAN_POINT('',(107.6,-50.,53.5));
#7594 = DIRECTION('',(1.,0.,-0.));
#7595 = DIRECTION('',(0.,0.,1.));
#7596 = PLANE('',#7597);
#7597 = AXIS2_PLACEMENT_3D('',#7598,#7599,#7600);
#7598 = CARTESIAN_POINT('',(107.6,-50.,53.5));
#7599 = DIRECTION('',(1.,0.,0.));
#7600 = DIRECTION('',(0.,0.,1.));
#7601 = ADVANCED_FACE('',(#7602,#7629),#7640,.T.);
#7602 = FACE_BOUND('',#7603,.T.);
#7603 = EDGE_LOOP('',(#7604,#7605,#7606,#7614,#7622,#7628));
#7604 = ORIENTED_EDGE('',*,*,#7469,.T.);
#7605 = ORIENTED_EDGE('',*,*,#7531,.T.);
#7606 = ORIENTED_EDGE('',*,*,#7607,.T.);
#7607 = EDGE_CURVE('',#7532,#7608,#7610,.T.);
#7608 = VERTEX_POINT('',#7609);
#7609 = CARTESIAN_POINT('',(110.,-52.75,51.912286759729));
#7610 = LINE('',#7611,#7612);
#7611 = CARTESIAN_POINT('',(110.,-52.75,55.087713240271));
#7612 = VECTOR('',#7613,1.);
#7613 = DIRECTION('',(0.,0.,-1.));
#7614 = ORIENTED_EDGE('',*,*,#7615,.T.);
#7615 = EDGE_CURVE('',#7608,#7616,#7618,.T.);
#7616 = VERTEX_POINT('',#7617);
#7617 = CARTESIAN_POINT('',(110.,-50.,50.324573519457));
#7618 = LINE('',#7619,#7620);
#7619 = CARTESIAN_POINT('',(110.,-52.75,51.912286759729));
#7620 = VECTOR('',#7621,1.);
#7621 = DIRECTION('',(0.,0.866025403784,-0.5));
#7622 = ORIENTED_EDGE('',*,*,#7623,.T.);
#7623 = EDGE_CURVE('',#7616,#7502,#7624,.T.);
#7624 = LINE('',#7625,#7626);
#7625 = CARTESIAN_POINT('',(110.,-50.,50.324573519457));
#7626 = VECTOR('',#7627,1.);
#7627 = DIRECTION('',(0.,0.866025403784,0.5));
#7628 = ORIENTED_EDGE('',*,*,#7509,.T.);
#7629 = FACE_BOUND('',#7630,.T.);
#7630 = EDGE_LOOP('',(#7631));
#7631 = ORIENTED_EDGE('',*,*,#7632,.F.);
#7632 = EDGE_CURVE('',#7633,#7633,#7635,.T.);
#7633 = VERTEX_POINT('',#7634);
#7634 = CARTESIAN_POINT('',(110.,-50.,55.));
#7635 = CIRCLE('',#7636,1.5);
#7636 = AXIS2_PLACEMENT_3D('',#7637,#7638,#7639);
#7637 = CARTESIAN_POINT('',(110.,-50.,53.5));
#7638 = DIRECTION('',(1.,0.,-0.));
#7639 = DIRECTION('',(0.,0.,1.));
#7640 = PLANE('',#7641);
#7641 = AXIS2_PLACEMENT_3D('',#7642,#7643,#7644);
#7642 = CARTESIAN_POINT('',(110.,-50.,53.5));
#7643 = DIRECTION('',(1.,0.,0.));
#7644 = DIRECTION('',(0.,0.,1.));
#7645 = ADVANCED_FACE('',(#7646),#7657,.F.);
#7646 = FACE_BOUND('',#7647,.F.);
#7647 = EDGE_LOOP('',(#7648,#7654,#7655,#7656));
#7648 = ORIENTED_EDGE('',*,*,#7649,.T.);
#7649 = EDGE_CURVE('',#7572,#7616,#7650,.T.);
#7650 = LINE('',#7651,#7652);
#7651 = CARTESIAN_POINT('',(107.6,-50.,50.324573519457));
#7652 = VECTOR('',#7653,1.);
#7653 = DIRECTION('',(1.,0.,0.));
#7654 = ORIENTED_EDGE('',*,*,#7623,.T.);
#7655 = ORIENTED_EDGE('',*,*,#7499,.F.);
#7656 = ORIENTED_EDGE('',*,*,#7579,.F.);
#7657 = PLANE('',#7658);
#7658 = AXIS2_PLACEMENT_3D('',#7659,#7660,#7661);
#7659 = CARTESIAN_POINT('',(107.6,-50.,50.324573519457));
#7660 = DIRECTION('',(0.,-0.5,0.866025403784));
#7661 = DIRECTION('',(0.,0.866025403784,0.5));
#7662 = ADVANCED_FACE('',(#7663),#7674,.F.);
#7663 = FACE_BOUND('',#7664,.F.);
#7664 = EDGE_LOOP('',(#7665,#7666,#7667,#7673));
#7665 = ORIENTED_EDGE('',*,*,#7539,.T.);
#7666 = ORIENTED_EDGE('',*,*,#7607,.T.);
#7667 = ORIENTED_EDGE('',*,*,#7668,.F.);
#7668 = EDGE_CURVE('',#7564,#7608,#7669,.T.);
#7669 = LINE('',#7670,#7671);
#7670 = CARTESIAN_POINT('',(107.6,-52.75,51.912286759729));
#7671 = VECTOR('',#7672,1.);
#7672 = DIRECTION('',(1.,0.,0.));
#7673 = ORIENTED_EDGE('',*,*,#7563,.F.);
#7674 = PLANE('',#7675);
#7675 = AXIS2_PLACEMENT_3D('',#7676,#7677,#7678);
#7676 = CARTESIAN_POINT('',(107.6,-52.75,55.087713240271));
#7677 = DIRECTION('',(0.,1.,0.));
#7678 = DIRECTION('',(0.,0.,-1.));
#7679 = ADVANCED_FACE('',(#7680),#7686,.F.);
#7680 = FACE_BOUND('',#7681,.F.);
#7681 = EDGE_LOOP('',(#7682,#7683,#7684,#7685));
#7682 = ORIENTED_EDGE('',*,*,#7668,.T.);
#7683 = ORIENTED_EDGE('',*,*,#7615,.T.);
#7684 = ORIENTED_EDGE('',*,*,#7649,.F.);
#7685 = ORIENTED_EDGE('',*,*,#7571,.F.);
#7686 = PLANE('',#7687);
#7687 = AXIS2_PLACEMENT_3D('',#7688,#7689,#7690);
#7688 = CARTESIAN_POINT('',(107.6,-52.75,51.912286759729));
#7689 = DIRECTION('',(0.,0.5,0.866025403784));
#7690 = DIRECTION('',(0.,0.866025403784,-0.5));
#7691 = ADVANCED_FACE('',(#7692),#7703,.F.);
#7692 = FACE_BOUND('',#7693,.F.);
#7693 = EDGE_LOOP('',(#7694,#7695,#7701,#7702));
#7694 = ORIENTED_EDGE('',*,*,#7632,.F.);
#7695 = ORIENTED_EDGE('',*,*,#7696,.F.);
#7696 = EDGE_CURVE('',#7589,#7633,#7697,.T.);
#7697 = LINE('',#7698,#7699);
#7698 = CARTESIAN_POINT('',(107.5,-50.,55.));
#7699 = VECTOR('',#7700,1.);
#7700 = DIRECTION('',(1.,0.,0.));
#7701 = ORIENTED_EDGE('',*,*,#7588,.T.);
#7702 = ORIENTED_EDGE('',*,*,#7696,.T.);
#7703 = CYLINDRICAL_SURFACE('',#7704,1.5);
#7704 = AXIS2_PLACEMENT_3D('',#7705,#7706,#7707);
#7705 = CARTESIAN_POINT('',(107.5,-50.,53.5));
#7706 = DIRECTION('',(1.,0.,0.));
#7707 = DIRECTION('',(0.,0.,1.));
#7708 = MANIFOLD_SOLID_BREP('',#7709);
#7709 = CLOSED_SHELL('',(#7710,#7743,#7763,#7772,#7797));
#7710 = ADVANCED_FACE('',(#7711),#7738,.T.);
#7711 = FACE_BOUND('',#7712,.T.);
#7712 = EDGE_LOOP('',(#7713,#7722,#7730,#7737));
#7713 = ORIENTED_EDGE('',*,*,#7714,.F.);
#7714 = EDGE_CURVE('',#7715,#7715,#7717,.T.);
#7715 = VERTEX_POINT('',#7716);
#7716 = CARTESIAN_POINT('',(117.,-50.,71.));
#7717 = CIRCLE('',#7718,1.5);
#7718 = AXIS2_PLACEMENT_3D('',#7719,#7720,#7721);
#7719 = CARTESIAN_POINT('',(117.,-50.,69.5));
#7720 = DIRECTION('',(1.,0.,-0.));
#7721 = DIRECTION('',(0.,0.,1.));
#7722 = ORIENTED_EDGE('',*,*,#7723,.F.);
#7723 = EDGE_CURVE('',#7724,#7715,#7726,.T.);
#7724 = VERTEX_POINT('',#7725);
#7725 = CARTESIAN_POINT('',(107.,-50.,71.));
#7726 = LINE('',#7727,#7728);
#7727 = CARTESIAN_POINT('',(107.,-50.,71.));
#7728 = VECTOR('',#7729,1.);
#7729 = DIRECTION('',(1.,0.,0.));
#7730 = ORIENTED_EDGE('',*,*,#7731,.T.);
#7731 = EDGE_CURVE('',#7724,#7724,#7732,.T.);
#7732 = CIRCLE('',#7733,1.5);
#7733 = AXIS2_PLACEMENT_3D('',#7734,#7735,#7736);
#7734 = CARTESIAN_POINT('',(107.,-50.,69.5));
#7735 = DIRECTION('',(1.,0.,-0.));
#7736 = DIRECTION('',(0.,0.,1.));
#7737 = ORIENTED_EDGE('',*,*,#7723,.T.);
#7738 = CYLINDRICAL_SURFACE('',#7739,1.5);
#7739 = AXIS2_PLACEMENT_3D('',#7740,#7741,#7742);
#7740 = CARTESIAN_POINT('',(107.,-50.,69.5));
#7741 = DIRECTION('',(1.,0.,0.));
#7742 = DIRECTION('',(0.,0.,1.));
#7743 = ADVANCED_FACE('',(#7744,#7755),#7758,.F.);
#7744 = FACE_BOUND('',#7745,.F.);
#7745 = EDGE_LOOP('',(#7746));
#7746 = ORIENTED_EDGE('',*,*,#7747,.T.);
#7747 = EDGE_CURVE('',#7748,#7748,#7750,.T.);
#7748 = VERTEX_POINT('',#7749);
#7749 = CARTESIAN_POINT('',(117.,-50.,72.25));
#7750 = CIRCLE('',#7751,2.75);
#7751 = AXIS2_PLACEMENT_3D('',#7752,#7753,#7754);
#7752 = CARTESIAN_POINT('',(117.,-50.,69.5));
#7753 = DIRECTION('',(1.,0.,-0.));
#7754 = DIRECTION('',(0.,0.,1.));
#7755 = FACE_BOUND('',#7756,.F.);
#7756 = EDGE_LOOP('',(#7757));
#7757 = ORIENTED_EDGE('',*,*,#7714,.F.);
#7758 = PLANE('',#7759);
#7759 = AXIS2_PLACEMENT_3D('',#7760,#7761,#7762);
#7760 = CARTESIAN_POINT('',(117.,-50.,69.5));
#7761 = DIRECTION('',(1.,0.,0.));
#7762 = DIRECTION('',(0.,0.,1.));
#7763 = ADVANCED_FACE('',(#7764),#7767,.F.);
#7764 = FACE_BOUND('',#7765,.T.);
#7765 = EDGE_LOOP('',(#7766));
#7766 = ORIENTED_EDGE('',*,*,#7731,.F.);
#7767 = PLANE('',#7768);
#7768 = AXIS2_PLACEMENT_3D('',#7769,#7770,#7771);
#7769 = CARTESIAN_POINT('',(107.,-50.,69.5));
#7770 = DIRECTION('',(1.,0.,0.));
#7771 = DIRECTION('',(0.,0.,1.));
#7772 = ADVANCED_FACE('',(#7773),#7792,.T.);
#7773 = FACE_BOUND('',#7774,.T.);
#7774 = EDGE_LOOP('',(#7775,#7784,#7790,#7791));
#7775 = ORIENTED_EDGE('',*,*,#7776,.F.);
#7776 = EDGE_CURVE('',#7777,#7777,#7779,.T.);
#7777 = VERTEX_POINT('',#7778);
#7778 = CARTESIAN_POINT('',(120.,-50.,72.25));
#7779 = CIRCLE('',#7780,2.75);
#7780 = AXIS2_PLACEMENT_3D('',#7781,#7782,#7783);
#7781 = CARTESIAN_POINT('',(120.,-50.,69.5));
#7782 = DIRECTION('',(1.,0.,-0.));
#7783 = DIRECTION('',(0.,0.,1.));
#7784 = ORIENTED_EDGE('',*,*,#7785,.F.);
#7785 = EDGE_CURVE('',#7748,#7777,#7786,.T.);
#7786 = LINE('',#7787,#7788);
#7787 = CARTESIAN_POINT('',(117.,-50.,72.25));
#7788 = VECTOR('',#7789,1.);
#7789 = DIRECTION('',(1.,0.,0.));
#7790 = ORIENTED_EDGE('',*,*,#7747,.T.);
#7791 = ORIENTED_EDGE('',*,*,#7785,.T.);
#7792 = CYLINDRICAL_SURFACE('',#7793,2.75);
#7793 = AXIS2_PLACEMENT_3D('',#7794,#7795,#7796);
#7794 = CARTESIAN_POINT('',(117.,-50.,69.5));
#7795 = DIRECTION('',(1.,0.,0.));
#7796 = DIRECTION('',(0.,0.,1.));
#7797 = ADVANCED_FACE('',(#7798),#7801,.T.);
#7798 = FACE_BOUND('',#7799,.T.);
#7799 = EDGE_LOOP('',(#7800));
#7800 = ORIENTED_EDGE('',*,*,#7776,.T.);
#7801 = PLANE('',#7802);
#7802 = AXIS2_PLACEMENT_3D('',#7803,#7804,#7805);
#7803 = CARTESIAN_POINT('',(120.,-50.,69.5));
#7804 = DIRECTION('',(1.,0.,0.));
#7805 = DIRECTION('',(0.,0.,1.));
#7806 = MANIFOLD_SOLID_BREP('',#7807);
#7807 = CLOSED_SHELL('',(#7808,#7848,#7879,#7910,#7954,#7998,#8015,#8032
    ,#8044));
#7808 = ADVANCED_FACE('',(#7809),#7843,.F.);
#7809 = FACE_BOUND('',#7810,.F.);
#7810 = EDGE_LOOP('',(#7811,#7821,#7829,#7837));
#7811 = ORIENTED_EDGE('',*,*,#7812,.T.);
#7812 = EDGE_CURVE('',#7813,#7815,#7817,.T.);
#7813 = VERTEX_POINT('',#7814);
#7814 = CARTESIAN_POINT('',(107.6,-47.25,71.087713240271));
#7815 = VERTEX_POINT('',#7816);
#7816 = CARTESIAN_POINT('',(110.,-47.25,71.087713240271));
#7817 = LINE('',#7818,#7819);
#7818 = CARTESIAN_POINT('',(107.6,-47.25,71.087713240271));
#7819 = VECTOR('',#7820,1.);
#7820 = DIRECTION('',(1.,0.,0.));
#7821 = ORIENTED_EDGE('',*,*,#7822,.T.);
#7822 = EDGE_CURVE('',#7815,#7823,#7825,.T.);
#7823 = VERTEX_POINT('',#7824);
#7824 = CARTESIAN_POINT('',(110.,-50.,72.675426480543));
#7825 = LINE('',#7826,#7827);
#7826 = CARTESIAN_POINT('',(110.,-47.25,71.087713240271));
#7827 = VECTOR('',#7828,1.);
#7828 = DIRECTION('',(0.,-0.866025403784,0.5));
#7829 = ORIENTED_EDGE('',*,*,#7830,.F.);
#7830 = EDGE_CURVE('',#7831,#7823,#7833,.T.);
#7831 = VERTEX_POINT('',#7832);
#7832 = CARTESIAN_POINT('',(107.6,-50.,72.675426480543));
#7833 = LINE('',#7834,#7835);
#7834 = CARTESIAN_POINT('',(107.6,-50.,72.675426480543));
#7835 = VECTOR('',#7836,1.);
#7836 = DIRECTION('',(1.,0.,0.));
#7837 = ORIENTED_EDGE('',*,*,#7838,.F.);
#7838 = EDGE_CURVE('',#7813,#7831,#7839,.T.);
#7839 = LINE('',#7840,#7841);
#7840 = CARTESIAN_POINT('',(107.6,-47.25,71.087713240271));
#7841 = VECTOR('',#7842,1.);
#7842 = DIRECTION('',(0.,-0.866025403784,0.5));
#7843 = PLANE('',#7844);
#7844 = AXIS2_PLACEMENT_3D('',#7845,#7846,#7847);
#7845 = CARTESIAN_POINT('',(107.6,-47.25,71.087713240271));
#7846 = DIRECTION('',(0.,-0.5,-0.866025403784));
#7847 = DIRECTION('',(0.,-0.866025403784,0.5));
#7848 = ADVANCED_FACE('',(#7849),#7874,.F.);
#7849 = FACE_BOUND('',#7850,.F.);
#7850 = EDGE_LOOP('',(#7851,#7861,#7867,#7868));
#7851 = ORIENTED_EDGE('',*,*,#7852,.T.);
#7852 = EDGE_CURVE('',#7853,#7855,#7857,.T.);
#7853 = VERTEX_POINT('',#7854);
#7854 = CARTESIAN_POINT('',(107.6,-47.25,67.912286759729));
#7855 = VERTEX_POINT('',#7856);
#7856 = CARTESIAN_POINT('',(110.,-47.25,67.912286759729));
#7857 = LINE('',#7858,#7859);
#7858 = CARTESIAN_POINT('',(107.6,-47.25,67.912286759729));
#7859 = VECTOR('',#7860,1.);
#7860 = DIRECTION('',(1.,0.,0.));
#7861 = ORIENTED_EDGE('',*,*,#7862,.T.);
#7862 = EDGE_CURVE('',#7855,#7815,#7863,.T.);
#7863 = LINE('',#7864,#7865);
#7864 = CARTESIAN_POINT('',(110.,-47.25,67.912286759729));
#7865 = VECTOR('',#7866,1.);
#7866 = DIRECTION('',(0.,0.,1.));
#7867 = ORIENTED_EDGE('',*,*,#7812,.F.);
#7868 = ORIENTED_EDGE('',*,*,#7869,.F.);
#7869 = EDGE_CURVE('',#7853,#7813,#7870,.T.);
#7870 = LINE('',#7871,#7872);
#7871 = CARTESIAN_POINT('',(107.6,-47.25,67.912286759729));
#7872 = VECTOR('',#7873,1.);
#7873 = DIRECTION('',(0.,0.,1.));
#7874 = PLANE('',#7875);
#7875 = AXIS2_PLACEMENT_3D('',#7876,#7877,#7878);
#7876 = CARTESIAN_POINT('',(107.6,-47.25,67.912286759729));
#7877 = DIRECTION('',(0.,-1.,0.));
#7878 = DIRECTION('',(0.,0.,1.));
#7879 = ADVANCED_FACE('',(#7880),#7905,.F.);
#7880 = FACE_BOUND('',#7881,.F.);
#7881 = EDGE_LOOP('',(#7882,#7883,#7891,#7899));
#7882 = ORIENTED_EDGE('',*,*,#7830,.T.);
#7883 = ORIENTED_EDGE('',*,*,#7884,.T.);
#7884 = EDGE_CURVE('',#7823,#7885,#7887,.T.);
#7885 = VERTEX_POINT('',#7886);
#7886 = CARTESIAN_POINT('',(110.,-52.75,71.087713240271));
#7887 = LINE('',#7888,#7889);
#7888 = CARTESIAN_POINT('',(110.,-50.,72.675426480543));
#7889 = VECTOR('',#7890,1.);
#7890 = DIRECTION('',(0.,-0.866025403784,-0.5));
#7891 = ORIENTED_EDGE('',*,*,#7892,.F.);
#7892 = EDGE_CURVE('',#7893,#7885,#7895,.T.);
#7893 = VERTEX_POINT('',#7894);
#7894 = CARTESIAN_POINT('',(107.6,-52.75,71.087713240271));
#7895 = LINE('',#7896,#7897);
#7896 = CARTESIAN_POINT('',(107.6,-52.75,71.087713240271));
#7897 = VECTOR('',#7898,1.);
#7898 = DIRECTION('',(1.,0.,0.));
#7899 = ORIENTED_EDGE('',*,*,#7900,.F.);
#7900 = EDGE_CURVE('',#7831,#7893,#7901,.T.);
#7901 = LINE('',#7902,#7903);
#7902 = CARTESIAN_POINT('',(107.6,-50.,72.675426480543));
#7903 = VECTOR('',#7904,1.);
#7904 = DIRECTION('',(0.,-0.866025403784,-0.5));
#7905 = PLANE('',#7906);
#7906 = AXIS2_PLACEMENT_3D('',#7907,#7908,#7909);
#7907 = CARTESIAN_POINT('',(107.6,-50.,72.675426480543));
#7908 = DIRECTION('',(0.,0.5,-0.866025403784));
#7909 = DIRECTION('',(0.,-0.866025403784,-0.5));
#7910 = ADVANCED_FACE('',(#7911,#7938),#7949,.F.);
#7911 = FACE_BOUND('',#7912,.F.);
#7912 = EDGE_LOOP('',(#7913,#7914,#7915,#7923,#7931,#7937));
#7913 = ORIENTED_EDGE('',*,*,#7838,.T.);
#7914 = ORIENTED_EDGE('',*,*,#7900,.T.);
#7915 = ORIENTED_EDGE('',*,*,#7916,.T.);
#7916 = EDGE_CURVE('',#7893,#7917,#7919,.T.);
#7917 = VERTEX_POINT('',#7918);
#7918 = CARTESIAN_POINT('',(107.6,-52.75,67.912286759729));
#7919 = LINE('',#7920,#7921);
#7920 = CARTESIAN_POINT('',(107.6,-52.75,71.087713240271));
#7921 = VECTOR('',#7922,1.);
#7922 = DIRECTION('',(0.,0.,-1.));
#7923 = ORIENTED_EDGE('',*,*,#7924,.T.);
#7924 = EDGE_CURVE('',#7917,#7925,#7927,.T.);
#7925 = VERTEX_POINT('',#7926);
#7926 = CARTESIAN_POINT('',(107.6,-50.,66.324573519457));
#7927 = LINE('',#7928,#7929);
#7928 = CARTESIAN_POINT('',(107.6,-52.75,67.912286759729));
#7929 = VECTOR('',#7930,1.);
#7930 = DIRECTION('',(0.,0.866025403784,-0.5));
#7931 = ORIENTED_EDGE('',*,*,#7932,.T.);
#7932 = EDGE_CURVE('',#7925,#7853,#7933,.T.);
#7933 = LINE('',#7934,#7935);
#7934 = CARTESIAN_POINT('',(107.6,-50.,66.324573519457));
#7935 = VECTOR('',#7936,1.);
#7936 = DIRECTION('',(0.,0.866025403784,0.5));
#7937 = ORIENTED_EDGE('',*,*,#7869,.T.);
#7938 = FACE_BOUND('',#7939,.F.);
#7939 = EDGE_LOOP('',(#7940));
#7940 = ORIENTED_EDGE('',*,*,#7941,.F.);
#7941 = EDGE_CURVE('',#7942,#7942,#7944,.T.);
#7942 = VERTEX_POINT('',#7943);
#7943 = CARTESIAN_POINT('',(107.6,-50.,71.));
#7944 = CIRCLE('',#7945,1.5);
#7945 = AXIS2_PLACEMENT_3D('',#7946,#7947,#7948);
#7946 = CARTESIAN_POINT('',(107.6,-50.,69.5));
#7947 = DIRECTION('',(1.,0.,-0.));
#7948 = DIRECTION('',(0.,0.,1.));
#7949 = PLANE('',#7950);
#7950 = AXIS2_PLACEMENT_3D('',#7951,#7952,#7953);
#7951 = CARTESIAN_POINT('',(107.6,-50.,69.5));
#7952 = DIRECTION('',(1.,0.,0.));
#7953 = DIRECTION('',(0.,0.,1.));
#7954 = ADVANCED_FACE('',(#7955,#7982),#7993,.T.);
#7955 = FACE_BOUND('',#7956,.T.);
#7956 = EDGE_LOOP('',(#7957,#7958,#7959,#7967,#7975,#7981));
#7957 = ORIENTED_EDGE('',*,*,#7822,.T.);
#7958 = ORIENTED_EDGE('',*,*,#7884,.T.);
#7959 = ORIENTED_EDGE('',*,*,#7960,.T.);
#7960 = EDGE_CURVE('',#7885,#7961,#7963,.T.);
#7961 = VERTEX_POINT('',#7962);
#7962 = CARTESIAN_POINT('',(110.,-52.75,67.912286759729));
#7963 = LINE('',#7964,#7965);
#7964 = CARTESIAN_POINT('',(110.,-52.75,71.087713240271));
#7965 = VECTOR('',#7966,1.);
#7966 = DIRECTION('',(0.,0.,-1.));
#7967 = ORIENTED_EDGE('',*,*,#7968,.T.);
#7968 = EDGE_CURVE('',#7961,#7969,#7971,.T.);
#7969 = VERTEX_POINT('',#7970);
#7970 = CARTESIAN_POINT('',(110.,-50.,66.324573519457));
#7971 = LINE('',#7972,#7973);
#7972 = CARTESIAN_POINT('',(110.,-52.75,67.912286759729));
#7973 = VECTOR('',#7974,1.);
#7974 = DIRECTION('',(0.,0.866025403784,-0.5));
#7975 = ORIENTED_EDGE('',*,*,#7976,.T.);
#7976 = EDGE_CURVE('',#7969,#7855,#7977,.T.);
#7977 = LINE('',#7978,#7979);
#7978 = CARTESIAN_POINT('',(110.,-50.,66.324573519457));
#7979 = VECTOR('',#7980,1.);
#7980 = DIRECTION('',(0.,0.866025403784,0.5));
#7981 = ORIENTED_EDGE('',*,*,#7862,.T.);
#7982 = FACE_BOUND('',#7983,.T.);
#7983 = EDGE_LOOP('',(#7984));
#7984 = ORIENTED_EDGE('',*,*,#7985,.F.);
#7985 = EDGE_CURVE('',#7986,#7986,#7988,.T.);
#7986 = VERTEX_POINT('',#7987);
#7987 = CARTESIAN_POINT('',(110.,-50.,71.));
#7988 = CIRCLE('',#7989,1.5);
#7989 = AXIS2_PLACEMENT_3D('',#7990,#7991,#7992);
#7990 = CARTESIAN_POINT('',(110.,-50.,69.5));
#7991 = DIRECTION('',(1.,0.,-0.));
#7992 = DIRECTION('',(0.,0.,1.));
#7993 = PLANE('',#7994);
#7994 = AXIS2_PLACEMENT_3D('',#7995,#7996,#7997);
#7995 = CARTESIAN_POINT('',(110.,-50.,69.5));
#7996 = DIRECTION('',(1.,0.,0.));
#7997 = DIRECTION('',(0.,0.,1.));
#7998 = ADVANCED_FACE('',(#7999),#8010,.F.);
#7999 = FACE_BOUND('',#8000,.F.);
#8000 = EDGE_LOOP('',(#8001,#8007,#8008,#8009));
#8001 = ORIENTED_EDGE('',*,*,#8002,.T.);
#8002 = EDGE_CURVE('',#7925,#7969,#8003,.T.);
#8003 = LINE('',#8004,#8005);
#8004 = CARTESIAN_POINT('',(107.6,-50.,66.324573519457));
#8005 = VECTOR('',#8006,1.);
#8006 = DIRECTION('',(1.,0.,0.));
#8007 = ORIENTED_EDGE('',*,*,#7976,.T.);
#8008 = ORIENTED_EDGE('',*,*,#7852,.F.);
#8009 = ORIENTED_EDGE('',*,*,#7932,.F.);
#8010 = PLANE('',#8011);
#8011 = AXIS2_PLACEMENT_3D('',#8012,#8013,#8014);
#8012 = CARTESIAN_POINT('',(107.6,-50.,66.324573519457));
#8013 = DIRECTION('',(0.,-0.5,0.866025403784));
#8014 = DIRECTION('',(0.,0.866025403784,0.5));
#8015 = ADVANCED_FACE('',(#8016),#8027,.F.);
#8016 = FACE_BOUND('',#8017,.F.);
#8017 = EDGE_LOOP('',(#8018,#8019,#8020,#8026));
#8018 = ORIENTED_EDGE('',*,*,#7892,.T.);
#8019 = ORIENTED_EDGE('',*,*,#7960,.T.);
#8020 = ORIENTED_EDGE('',*,*,#8021,.F.);
#8021 = EDGE_CURVE('',#7917,#7961,#8022,.T.);
#8022 = LINE('',#8023,#8024);
#8023 = CARTESIAN_POINT('',(107.6,-52.75,67.912286759729));
#8024 = VECTOR('',#8025,1.);
#8025 = DIRECTION('',(1.,0.,0.));
#8026 = ORIENTED_EDGE('',*,*,#7916,.F.);
#8027 = PLANE('',#8028);
#8028 = AXIS2_PLACEMENT_3D('',#8029,#8030,#8031);
#8029 = CARTESIAN_POINT('',(107.6,-52.75,71.087713240271));
#8030 = DIRECTION('',(0.,1.,0.));
#8031 = DIRECTION('',(0.,0.,-1.));
#8032 = ADVANCED_FACE('',(#8033),#8039,.F.);
#8033 = FACE_BOUND('',#8034,.F.);
#8034 = EDGE_LOOP('',(#8035,#8036,#8037,#8038));
#8035 = ORIENTED_EDGE('',*,*,#8021,.T.);
#8036 = ORIENTED_EDGE('',*,*,#7968,.T.);
#8037 = ORIENTED_EDGE('',*,*,#8002,.F.);
#8038 = ORIENTED_EDGE('',*,*,#7924,.F.);
#8039 = PLANE('',#8040);
#8040 = AXIS2_PLACEMENT_3D('',#8041,#8042,#8043);
#8041 = CARTESIAN_POINT('',(107.6,-52.75,67.912286759729));
#8042 = DIRECTION('',(0.,0.5,0.866025403784));
#8043 = DIRECTION('',(0.,0.866025403784,-0.5));
#8044 = ADVANCED_FACE('',(#8045),#8056,.F.);
#8045 = FACE_BOUND('',#8046,.F.);
#8046 = EDGE_LOOP('',(#8047,#8048,#8054,#8055));
#8047 = ORIENTED_EDGE('',*,*,#7985,.F.);
#8048 = ORIENTED_EDGE('',*,*,#8049,.F.);
#8049 = EDGE_CURVE('',#7942,#7986,#8050,.T.);
#8050 = LINE('',#8051,#8052);
#8051 = CARTESIAN_POINT('',(107.5,-50.,71.));
#8052 = VECTOR('',#8053,1.);
#8053 = DIRECTION('',(1.,0.,0.));
#8054 = ORIENTED_EDGE('',*,*,#7941,.T.);
#8055 = ORIENTED_EDGE('',*,*,#8049,.T.);
#8056 = CYLINDRICAL_SURFACE('',#8057,1.5);
#8057 = AXIS2_PLACEMENT_3D('',#8058,#8059,#8060);
#8058 = CARTESIAN_POINT('',(107.5,-50.,69.5));
#8059 = DIRECTION('',(1.,0.,0.));
#8060 = DIRECTION('',(0.,0.,1.));
#8061 = MANIFOLD_SOLID_BREP('',#8062);
#8062 = CLOSED_SHELL('',(#8063,#8096,#8116,#8125,#8150));
#8063 = ADVANCED_FACE('',(#8064),#8091,.T.);
#8064 = FACE_BOUND('',#8065,.T.);
#8065 = EDGE_LOOP('',(#8066,#8075,#8083,#8090));
#8066 = ORIENTED_EDGE('',*,*,#8067,.F.);
#8067 = EDGE_CURVE('',#8068,#8068,#8070,.T.);
#8068 = VERTEX_POINT('',#8069);
#8069 = CARTESIAN_POINT('',(117.,50.,55.));
#8070 = CIRCLE('',#8071,1.5);
#8071 = AXIS2_PLACEMENT_3D('',#8072,#8073,#8074);
#8072 = CARTESIAN_POINT('',(117.,50.,53.5));
#8073 = DIRECTION('',(1.,0.,-0.));
#8074 = DIRECTION('',(0.,0.,1.));
#8075 = ORIENTED_EDGE('',*,*,#8076,.F.);
#8076 = EDGE_CURVE('',#8077,#8068,#8079,.T.);
#8077 = VERTEX_POINT('',#8078);
#8078 = CARTESIAN_POINT('',(107.,50.,55.));
#8079 = LINE('',#8080,#8081);
#8080 = CARTESIAN_POINT('',(107.,50.,55.));
#8081 = VECTOR('',#8082,1.);
#8082 = DIRECTION('',(1.,0.,0.));
#8083 = ORIENTED_EDGE('',*,*,#8084,.T.);
#8084 = EDGE_CURVE('',#8077,#8077,#8085,.T.);
#8085 = CIRCLE('',#8086,1.5);
#8086 = AXIS2_PLACEMENT_3D('',#8087,#8088,#8089);
#8087 = CARTESIAN_POINT('',(107.,50.,53.5));
#8088 = DIRECTION('',(1.,0.,-0.));
#8089 = DIRECTION('',(0.,0.,1.));
#8090 = ORIENTED_EDGE('',*,*,#8076,.T.);
#8091 = CYLINDRICAL_SURFACE('',#8092,1.5);
#8092 = AXIS2_PLACEMENT_3D('',#8093,#8094,#8095);
#8093 = CARTESIAN_POINT('',(107.,50.,53.5));
#8094 = DIRECTION('',(1.,0.,0.));
#8095 = DIRECTION('',(0.,0.,1.));
#8096 = ADVANCED_FACE('',(#8097,#8108),#8111,.F.);
#8097 = FACE_BOUND('',#8098,.F.);
#8098 = EDGE_LOOP('',(#8099));
#8099 = ORIENTED_EDGE('',*,*,#8100,.T.);
#8100 = EDGE_CURVE('',#8101,#8101,#8103,.T.);
#8101 = VERTEX_POINT('',#8102);
#8102 = CARTESIAN_POINT('',(117.,50.,56.25));
#8103 = CIRCLE('',#8104,2.75);
#8104 = AXIS2_PLACEMENT_3D('',#8105,#8106,#8107);
#8105 = CARTESIAN_POINT('',(117.,50.,53.5));
#8106 = DIRECTION('',(1.,0.,-0.));
#8107 = DIRECTION('',(0.,0.,1.));
#8108 = FACE_BOUND('',#8109,.F.);
#8109 = EDGE_LOOP('',(#8110));
#8110 = ORIENTED_EDGE('',*,*,#8067,.F.);
#8111 = PLANE('',#8112);
#8112 = AXIS2_PLACEMENT_3D('',#8113,#8114,#8115);
#8113 = CARTESIAN_POINT('',(117.,50.,53.5));
#8114 = DIRECTION('',(1.,0.,0.));
#8115 = DIRECTION('',(0.,0.,1.));
#8116 = ADVANCED_FACE('',(#8117),#8120,.F.);
#8117 = FACE_BOUND('',#8118,.T.);
#8118 = EDGE_LOOP('',(#8119));
#8119 = ORIENTED_EDGE('',*,*,#8084,.F.);
#8120 = PLANE('',#8121);
#8121 = AXIS2_PLACEMENT_3D('',#8122,#8123,#8124);
#8122 = CARTESIAN_POINT('',(107.,50.,53.5));
#8123 = DIRECTION('',(1.,0.,0.));
#8124 = DIRECTION('',(0.,0.,1.));
#8125 = ADVANCED_FACE('',(#8126),#8145,.T.);
#8126 = FACE_BOUND('',#8127,.T.);
#8127 = EDGE_LOOP('',(#8128,#8137,#8143,#8144));
#8128 = ORIENTED_EDGE('',*,*,#8129,.F.);
#8129 = EDGE_CURVE('',#8130,#8130,#8132,.T.);
#8130 = VERTEX_POINT('',#8131);
#8131 = CARTESIAN_POINT('',(120.,50.,56.25));
#8132 = CIRCLE('',#8133,2.75);
#8133 = AXIS2_PLACEMENT_3D('',#8134,#8135,#8136);
#8134 = CARTESIAN_POINT('',(120.,50.,53.5));
#8135 = DIRECTION('',(1.,0.,-0.));
#8136 = DIRECTION('',(0.,0.,1.));
#8137 = ORIENTED_EDGE('',*,*,#8138,.F.);
#8138 = EDGE_CURVE('',#8101,#8130,#8139,.T.);
#8139 = LINE('',#8140,#8141);
#8140 = CARTESIAN_POINT('',(117.,50.,56.25));
#8141 = VECTOR('',#8142,1.);
#8142 = DIRECTION('',(1.,0.,0.));
#8143 = ORIENTED_EDGE('',*,*,#8100,.T.);
#8144 = ORIENTED_EDGE('',*,*,#8138,.T.);
#8145 = CYLINDRICAL_SURFACE('',#8146,2.75);
#8146 = AXIS2_PLACEMENT_3D('',#8147,#8148,#8149);
#8147 = CARTESIAN_POINT('',(117.,50.,53.5));
#8148 = DIRECTION('',(1.,0.,0.));
#8149 = DIRECTION('',(0.,0.,1.));
#8150 = ADVANCED_FACE('',(#8151),#8154,.T.);
#8151 = FACE_BOUND('',#8152,.T.);
#8152 = EDGE_LOOP('',(#8153));
#8153 = ORIENTED_EDGE('',*,*,#8129,.T.);
#8154 = PLANE('',#8155);
#8155 = AXIS2_PLACEMENT_3D('',#8156,#8157,#8158);
#8156 = CARTESIAN_POINT('',(120.,50.,53.5));
#8157 = DIRECTION('',(1.,0.,0.));
#8158 = DIRECTION('',(0.,0.,1.));
#8159 = MANIFOLD_SOLID_BREP('',#8160);
#8160 = CLOSED_SHELL('',(#8161,#8201,#8232,#8263,#8307,#8351,#8368,#8385
    ,#8397));
#8161 = ADVANCED_FACE('',(#8162),#8196,.F.);
#8162 = FACE_BOUND('',#8163,.F.);
#8163 = EDGE_LOOP('',(#8164,#8174,#8182,#8190));
#8164 = ORIENTED_EDGE('',*,*,#8165,.T.);
#8165 = EDGE_CURVE('',#8166,#8168,#8170,.T.);
#8166 = VERTEX_POINT('',#8167);
#8167 = CARTESIAN_POINT('',(107.6,52.75,55.087713240271));
#8168 = VERTEX_POINT('',#8169);
#8169 = CARTESIAN_POINT('',(110.,52.75,55.087713240271));
#8170 = LINE('',#8171,#8172);
#8171 = CARTESIAN_POINT('',(107.6,52.75,55.087713240271));
#8172 = VECTOR('',#8173,1.);
#8173 = DIRECTION('',(1.,0.,0.));
#8174 = ORIENTED_EDGE('',*,*,#8175,.T.);
#8175 = EDGE_CURVE('',#8168,#8176,#8178,.T.);
#8176 = VERTEX_POINT('',#8177);
#8177 = CARTESIAN_POINT('',(110.,50.,56.675426480543));
#8178 = LINE('',#8179,#8180);
#8179 = CARTESIAN_POINT('',(110.,52.75,55.087713240271));
#8180 = VECTOR('',#8181,1.);
#8181 = DIRECTION('',(0.,-0.866025403784,0.5));
#8182 = ORIENTED_EDGE('',*,*,#8183,.F.);
#8183 = EDGE_CURVE('',#8184,#8176,#8186,.T.);
#8184 = VERTEX_POINT('',#8185);
#8185 = CARTESIAN_POINT('',(107.6,50.,56.675426480543));
#8186 = LINE('',#8187,#8188);
#8187 = CARTESIAN_POINT('',(107.6,50.,56.675426480543));
#8188 = VECTOR('',#8189,1.);
#8189 = DIRECTION('',(1.,0.,0.));
#8190 = ORIENTED_EDGE('',*,*,#8191,.F.);
#8191 = EDGE_CURVE('',#8166,#8184,#8192,.T.);
#8192 = LINE('',#8193,#8194);
#8193 = CARTESIAN_POINT('',(107.6,52.75,55.087713240271));
#8194 = VECTOR('',#8195,1.);
#8195 = DIRECTION('',(0.,-0.866025403784,0.5));
#8196 = PLANE('',#8197);
#8197 = AXIS2_PLACEMENT_3D('',#8198,#8199,#8200);
#8198 = CARTESIAN_POINT('',(107.6,52.75,55.087713240271));
#8199 = DIRECTION('',(0.,-0.5,-0.866025403784));
#8200 = DIRECTION('',(0.,-0.866025403784,0.5));
#8201 = ADVANCED_FACE('',(#8202),#8227,.F.);
#8202 = FACE_BOUND('',#8203,.F.);
#8203 = EDGE_LOOP('',(#8204,#8214,#8220,#8221));
#8204 = ORIENTED_EDGE('',*,*,#8205,.T.);
#8205 = EDGE_CURVE('',#8206,#8208,#8210,.T.);
#8206 = VERTEX_POINT('',#8207);
#8207 = CARTESIAN_POINT('',(107.6,52.75,51.912286759729));
#8208 = VERTEX_POINT('',#8209);
#8209 = CARTESIAN_POINT('',(110.,52.75,51.912286759729));
#8210 = LINE('',#8211,#8212);
#8211 = CARTESIAN_POINT('',(107.6,52.75,51.912286759729));
#8212 = VECTOR('',#8213,1.);
#8213 = DIRECTION('',(1.,0.,0.));
#8214 = ORIENTED_EDGE('',*,*,#8215,.T.);
#8215 = EDGE_CURVE('',#8208,#8168,#8216,.T.);
#8216 = LINE('',#8217,#8218);
#8217 = CARTESIAN_POINT('',(110.,52.75,51.912286759729));
#8218 = VECTOR('',#8219,1.);
#8219 = DIRECTION('',(0.,0.,1.));
#8220 = ORIENTED_EDGE('',*,*,#8165,.F.);
#8221 = ORIENTED_EDGE('',*,*,#8222,.F.);
#8222 = EDGE_CURVE('',#8206,#8166,#8223,.T.);
#8223 = LINE('',#8224,#8225);
#8224 = CARTESIAN_POINT('',(107.6,52.75,51.912286759729));
#8225 = VECTOR('',#8226,1.);
#8226 = DIRECTION('',(0.,0.,1.));
#8227 = PLANE('',#8228);
#8228 = AXIS2_PLACEMENT_3D('',#8229,#8230,#8231);
#8229 = CARTESIAN_POINT('',(107.6,52.75,51.912286759729));
#8230 = DIRECTION('',(0.,-1.,0.));
#8231 = DIRECTION('',(0.,0.,1.));
#8232 = ADVANCED_FACE('',(#8233),#8258,.F.);
#8233 = FACE_BOUND('',#8234,.F.);
#8234 = EDGE_LOOP('',(#8235,#8236,#8244,#8252));
#8235 = ORIENTED_EDGE('',*,*,#8183,.T.);
#8236 = ORIENTED_EDGE('',*,*,#8237,.T.);
#8237 = EDGE_CURVE('',#8176,#8238,#8240,.T.);
#8238 = VERTEX_POINT('',#8239);
#8239 = CARTESIAN_POINT('',(110.,47.25,55.087713240271));
#8240 = LINE('',#8241,#8242);
#8241 = CARTESIAN_POINT('',(110.,50.,56.675426480543));
#8242 = VECTOR('',#8243,1.);
#8243 = DIRECTION('',(0.,-0.866025403784,-0.5));
#8244 = ORIENTED_EDGE('',*,*,#8245,.F.);
#8245 = EDGE_CURVE('',#8246,#8238,#8248,.T.);
#8246 = VERTEX_POINT('',#8247);
#8247 = CARTESIAN_POINT('',(107.6,47.25,55.087713240271));
#8248 = LINE('',#8249,#8250);
#8249 = CARTESIAN_POINT('',(107.6,47.25,55.087713240271));
#8250 = VECTOR('',#8251,1.);
#8251 = DIRECTION('',(1.,0.,0.));
#8252 = ORIENTED_EDGE('',*,*,#8253,.F.);
#8253 = EDGE_CURVE('',#8184,#8246,#8254,.T.);
#8254 = LINE('',#8255,#8256);
#8255 = CARTESIAN_POINT('',(107.6,50.,56.675426480543));
#8256 = VECTOR('',#8257,1.);
#8257 = DIRECTION('',(0.,-0.866025403784,-0.5));
#8258 = PLANE('',#8259);
#8259 = AXIS2_PLACEMENT_3D('',#8260,#8261,#8262);
#8260 = CARTESIAN_POINT('',(107.6,50.,56.675426480543));
#8261 = DIRECTION('',(0.,0.5,-0.866025403784));
#8262 = DIRECTION('',(0.,-0.866025403784,-0.5));
#8263 = ADVANCED_FACE('',(#8264,#8291),#8302,.F.);
#8264 = FACE_BOUND('',#8265,.F.);
#8265 = EDGE_LOOP('',(#8266,#8267,#8268,#8276,#8284,#8290));
#8266 = ORIENTED_EDGE('',*,*,#8191,.T.);
#8267 = ORIENTED_EDGE('',*,*,#8253,.T.);
#8268 = ORIENTED_EDGE('',*,*,#8269,.T.);
#8269 = EDGE_CURVE('',#8246,#8270,#8272,.T.);
#8270 = VERTEX_POINT('',#8271);
#8271 = CARTESIAN_POINT('',(107.6,47.25,51.912286759729));
#8272 = LINE('',#8273,#8274);
#8273 = CARTESIAN_POINT('',(107.6,47.25,55.087713240271));
#8274 = VECTOR('',#8275,1.);
#8275 = DIRECTION('',(0.,0.,-1.));
#8276 = ORIENTED_EDGE('',*,*,#8277,.T.);
#8277 = EDGE_CURVE('',#8270,#8278,#8280,.T.);
#8278 = VERTEX_POINT('',#8279);
#8279 = CARTESIAN_POINT('',(107.6,50.,50.324573519457));
#8280 = LINE('',#8281,#8282);
#8281 = CARTESIAN_POINT('',(107.6,47.25,51.912286759729));
#8282 = VECTOR('',#8283,1.);
#8283 = DIRECTION('',(0.,0.866025403784,-0.5));
#8284 = ORIENTED_EDGE('',*,*,#8285,.T.);
#8285 = EDGE_CURVE('',#8278,#8206,#8286,.T.);
#8286 = LINE('',#8287,#8288);
#8287 = CARTESIAN_POINT('',(107.6,50.,50.324573519457));
#8288 = VECTOR('',#8289,1.);
#8289 = DIRECTION('',(0.,0.866025403784,0.5));
#8290 = ORIENTED_EDGE('',*,*,#8222,.T.);
#8291 = FACE_BOUND('',#8292,.F.);
#8292 = EDGE_LOOP('',(#8293));
#8293 = ORIENTED_EDGE('',*,*,#8294,.F.);
#8294 = EDGE_CURVE('',#8295,#8295,#8297,.T.);
#8295 = VERTEX_POINT('',#8296);
#8296 = CARTESIAN_POINT('',(107.6,50.,55.));
#8297 = CIRCLE('',#8298,1.5);
#8298 = AXIS2_PLACEMENT_3D('',#8299,#8300,#8301);
#8299 = CARTESIAN_POINT('',(107.6,50.,53.5));
#8300 = DIRECTION('',(1.,0.,-0.));
#8301 = DIRECTION('',(0.,0.,1.));
#8302 = PLANE('',#8303);
#8303 = AXIS2_PLACEMENT_3D('',#8304,#8305,#8306);
#8304 = CARTESIAN_POINT('',(107.6,50.,53.5));
#8305 = DIRECTION('',(1.,0.,0.));
#8306 = DIRECTION('',(0.,0.,1.));
#8307 = ADVANCED_FACE('',(#8308,#8335),#8346,.T.);
#8308 = FACE_BOUND('',#8309,.T.);
#8309 = EDGE_LOOP('',(#8310,#8311,#8312,#8320,#8328,#8334));
#8310 = ORIENTED_EDGE('',*,*,#8175,.T.);
#8311 = ORIENTED_EDGE('',*,*,#8237,.T.);
#8312 = ORIENTED_EDGE('',*,*,#8313,.T.);
#8313 = EDGE_CURVE('',#8238,#8314,#8316,.T.);
#8314 = VERTEX_POINT('',#8315);
#8315 = CARTESIAN_POINT('',(110.,47.25,51.912286759729));
#8316 = LINE('',#8317,#8318);
#8317 = CARTESIAN_POINT('',(110.,47.25,55.087713240271));
#8318 = VECTOR('',#8319,1.);
#8319 = DIRECTION('',(0.,0.,-1.));
#8320 = ORIENTED_EDGE('',*,*,#8321,.T.);
#8321 = EDGE_CURVE('',#8314,#8322,#8324,.T.);
#8322 = VERTEX_POINT('',#8323);
#8323 = CARTESIAN_POINT('',(110.,50.,50.324573519457));
#8324 = LINE('',#8325,#8326);
#8325 = CARTESIAN_POINT('',(110.,47.25,51.912286759729));
#8326 = VECTOR('',#8327,1.);
#8327 = DIRECTION('',(0.,0.866025403784,-0.5));
#8328 = ORIENTED_EDGE('',*,*,#8329,.T.);
#8329 = EDGE_CURVE('',#8322,#8208,#8330,.T.);
#8330 = LINE('',#8331,#8332);
#8331 = CARTESIAN_POINT('',(110.,50.,50.324573519457));
#8332 = VECTOR('',#8333,1.);
#8333 = DIRECTION('',(0.,0.866025403784,0.5));
#8334 = ORIENTED_EDGE('',*,*,#8215,.T.);
#8335 = FACE_BOUND('',#8336,.T.);
#8336 = EDGE_LOOP('',(#8337));
#8337 = ORIENTED_EDGE('',*,*,#8338,.F.);
#8338 = EDGE_CURVE('',#8339,#8339,#8341,.T.);
#8339 = VERTEX_POINT('',#8340);
#8340 = CARTESIAN_POINT('',(110.,50.,55.));
#8341 = CIRCLE('',#8342,1.5);
#8342 = AXIS2_PLACEMENT_3D('',#8343,#8344,#8345);
#8343 = CARTESIAN_POINT('',(110.,50.,53.5));
#8344 = DIRECTION('',(1.,0.,-0.));
#8345 = DIRECTION('',(0.,0.,1.));
#8346 = PLANE('',#8347);
#8347 = AXIS2_PLACEMENT_3D('',#8348,#8349,#8350);
#8348 = CARTESIAN_POINT('',(110.,50.,53.5));
#8349 = DIRECTION('',(1.,0.,0.));
#8350 = DIRECTION('',(0.,0.,1.));
#8351 = ADVANCED_FACE('',(#8352),#8363,.F.);
#8352 = FACE_BOUND('',#8353,.F.);
#8353 = EDGE_LOOP('',(#8354,#8360,#8361,#8362));
#8354 = ORIENTED_EDGE('',*,*,#8355,.T.);
#8355 = EDGE_CURVE('',#8278,#8322,#8356,.T.);
#8356 = LINE('',#8357,#8358);
#8357 = CARTESIAN_POINT('',(107.6,50.,50.324573519457));
#8358 = VECTOR('',#8359,1.);
#8359 = DIRECTION('',(1.,0.,0.));
#8360 = ORIENTED_EDGE('',*,*,#8329,.T.);
#8361 = ORIENTED_EDGE('',*,*,#8205,.F.);
#8362 = ORIENTED_EDGE('',*,*,#8285,.F.);
#8363 = PLANE('',#8364);
#8364 = AXIS2_PLACEMENT_3D('',#8365,#8366,#8367);
#8365 = CARTESIAN_POINT('',(107.6,50.,50.324573519457));
#8366 = DIRECTION('',(0.,-0.5,0.866025403784));
#8367 = DIRECTION('',(0.,0.866025403784,0.5));
#8368 = ADVANCED_FACE('',(#8369),#8380,.F.);
#8369 = FACE_BOUND('',#8370,.F.);
#8370 = EDGE_LOOP('',(#8371,#8372,#8373,#8379));
#8371 = ORIENTED_EDGE('',*,*,#8245,.T.);
#8372 = ORIENTED_EDGE('',*,*,#8313,.T.);
#8373 = ORIENTED_EDGE('',*,*,#8374,.F.);
#8374 = EDGE_CURVE('',#8270,#8314,#8375,.T.);
#8375 = LINE('',#8376,#8377);
#8376 = CARTESIAN_POINT('',(107.6,47.25,51.912286759729));
#8377 = VECTOR('',#8378,1.);
#8378 = DIRECTION('',(1.,0.,0.));
#8379 = ORIENTED_EDGE('',*,*,#8269,.F.);
#8380 = PLANE('',#8381);
#8381 = AXIS2_PLACEMENT_3D('',#8382,#8383,#8384);
#8382 = CARTESIAN_POINT('',(107.6,47.25,55.087713240271));
#8383 = DIRECTION('',(0.,1.,0.));
#8384 = DIRECTION('',(0.,0.,-1.));
#8385 = ADVANCED_FACE('',(#8386),#8392,.F.);
#8386 = FACE_BOUND('',#8387,.F.);
#8387 = EDGE_LOOP('',(#8388,#8389,#8390,#8391));
#8388 = ORIENTED_EDGE('',*,*,#8374,.T.);
#8389 = ORIENTED_EDGE('',*,*,#8321,.T.);
#8390 = ORIENTED_EDGE('',*,*,#8355,.F.);
#8391 = ORIENTED_EDGE('',*,*,#8277,.F.);
#8392 = PLANE('',#8393);
#8393 = AXIS2_PLACEMENT_3D('',#8394,#8395,#8396);
#8394 = CARTESIAN_POINT('',(107.6,47.25,51.912286759729));
#8395 = DIRECTION('',(0.,0.5,0.866025403784));
#8396 = DIRECTION('',(0.,0.866025403784,-0.5));
#8397 = ADVANCED_FACE('',(#8398),#8409,.F.);
#8398 = FACE_BOUND('',#8399,.F.);
#8399 = EDGE_LOOP('',(#8400,#8401,#8407,#8408));
#8400 = ORIENTED_EDGE('',*,*,#8338,.F.);
#8401 = ORIENTED_EDGE('',*,*,#8402,.F.);
#8402 = EDGE_CURVE('',#8295,#8339,#8403,.T.);
#8403 = LINE('',#8404,#8405);
#8404 = CARTESIAN_POINT('',(107.5,50.,55.));
#8405 = VECTOR('',#8406,1.);
#8406 = DIRECTION('',(1.,0.,0.));
#8407 = ORIENTED_EDGE('',*,*,#8294,.T.);
#8408 = ORIENTED_EDGE('',*,*,#8402,.T.);
#8409 = CYLINDRICAL_SURFACE('',#8410,1.5);
#8410 = AXIS2_PLACEMENT_3D('',#8411,#8412,#8413);
#8411 = CARTESIAN_POINT('',(107.5,50.,53.5));
#8412 = DIRECTION('',(1.,0.,0.));
#8413 = DIRECTION('',(0.,0.,1.));
#8414 = MANIFOLD_SOLID_BREP('',#8415);
#8415 = CLOSED_SHELL('',(#8416,#8449,#8469,#8478,#8503));
#8416 = ADVANCED_FACE('',(#8417),#8444,.T.);
#8417 = FACE_BOUND('',#8418,.T.);
#8418 = EDGE_LOOP('',(#8419,#8428,#8436,#8443));
#8419 = ORIENTED_EDGE('',*,*,#8420,.F.);
#8420 = EDGE_CURVE('',#8421,#8421,#8423,.T.);
#8421 = VERTEX_POINT('',#8422);
#8422 = CARTESIAN_POINT('',(117.,50.,71.));
#8423 = CIRCLE('',#8424,1.5);
#8424 = AXIS2_PLACEMENT_3D('',#8425,#8426,#8427);
#8425 = CARTESIAN_POINT('',(117.,50.,69.5));
#8426 = DIRECTION('',(1.,0.,-0.));
#8427 = DIRECTION('',(0.,0.,1.));
#8428 = ORIENTED_EDGE('',*,*,#8429,.F.);
#8429 = EDGE_CURVE('',#8430,#8421,#8432,.T.);
#8430 = VERTEX_POINT('',#8431);
#8431 = CARTESIAN_POINT('',(107.,50.,71.));
#8432 = LINE('',#8433,#8434);
#8433 = CARTESIAN_POINT('',(107.,50.,71.));
#8434 = VECTOR('',#8435,1.);
#8435 = DIRECTION('',(1.,0.,0.));
#8436 = ORIENTED_EDGE('',*,*,#8437,.T.);
#8437 = EDGE_CURVE('',#8430,#8430,#8438,.T.);
#8438 = CIRCLE('',#8439,1.5);
#8439 = AXIS2_PLACEMENT_3D('',#8440,#8441,#8442);
#8440 = CARTESIAN_POINT('',(107.,50.,69.5));
#8441 = DIRECTION('',(1.,0.,-0.));
#8442 = DIRECTION('',(0.,0.,1.));
#8443 = ORIENTED_EDGE('',*,*,#8429,.T.);
#8444 = CYLINDRICAL_SURFACE('',#8445,1.5);
#8445 = AXIS2_PLACEMENT_3D('',#8446,#8447,#8448);
#8446 = CARTESIAN_POINT('',(107.,50.,69.5));
#8447 = DIRECTION('',(1.,0.,0.));
#8448 = DIRECTION('',(0.,0.,1.));
#8449 = ADVANCED_FACE('',(#8450,#8461),#8464,.F.);
#8450 = FACE_BOUND('',#8451,.F.);
#8451 = EDGE_LOOP('',(#8452));
#8452 = ORIENTED_EDGE('',*,*,#8453,.T.);
#8453 = EDGE_CURVE('',#8454,#8454,#8456,.T.);
#8454 = VERTEX_POINT('',#8455);
#8455 = CARTESIAN_POINT('',(117.,50.,72.25));
#8456 = CIRCLE('',#8457,2.75);
#8457 = AXIS2_PLACEMENT_3D('',#8458,#8459,#8460);
#8458 = CARTESIAN_POINT('',(117.,50.,69.5));
#8459 = DIRECTION('',(1.,0.,-0.));
#8460 = DIRECTION('',(0.,0.,1.));
#8461 = FACE_BOUND('',#8462,.F.);
#8462 = EDGE_LOOP('',(#8463));
#8463 = ORIENTED_EDGE('',*,*,#8420,.F.);
#8464 = PLANE('',#8465);
#8465 = AXIS2_PLACEMENT_3D('',#8466,#8467,#8468);
#8466 = CARTESIAN_POINT('',(117.,50.,69.5));
#8467 = DIRECTION('',(1.,0.,0.));
#8468 = DIRECTION('',(0.,0.,1.));
#8469 = ADVANCED_FACE('',(#8470),#8473,.F.);
#8470 = FACE_BOUND('',#8471,.T.);
#8471 = EDGE_LOOP('',(#8472));
#8472 = ORIENTED_EDGE('',*,*,#8437,.F.);
#8473 = PLANE('',#8474);
#8474 = AXIS2_PLACEMENT_3D('',#8475,#8476,#8477);
#8475 = CARTESIAN_POINT('',(107.,50.,69.5));
#8476 = DIRECTION('',(1.,0.,0.));
#8477 = DIRECTION('',(0.,0.,1.));
#8478 = ADVANCED_FACE('',(#8479),#8498,.T.);
#8479 = FACE_BOUND('',#8480,.T.);
#8480 = EDGE_LOOP('',(#8481,#8490,#8496,#8497));
#8481 = ORIENTED_EDGE('',*,*,#8482,.F.);
#8482 = EDGE_CURVE('',#8483,#8483,#8485,.T.);
#8483 = VERTEX_POINT('',#8484);
#8484 = CARTESIAN_POINT('',(120.,50.,72.25));
#8485 = CIRCLE('',#8486,2.75);
#8486 = AXIS2_PLACEMENT_3D('',#8487,#8488,#8489);
#8487 = CARTESIAN_POINT('',(120.,50.,69.5));
#8488 = DIRECTION('',(1.,0.,-0.));
#8489 = DIRECTION('',(0.,0.,1.));
#8490 = ORIENTED_EDGE('',*,*,#8491,.F.);
#8491 = EDGE_CURVE('',#8454,#8483,#8492,.T.);
#8492 = LINE('',#8493,#8494);
#8493 = CARTESIAN_POINT('',(117.,50.,72.25));
#8494 = VECTOR('',#8495,1.);
#8495 = DIRECTION('',(1.,0.,0.));
#8496 = ORIENTED_EDGE('',*,*,#8453,.T.);
#8497 = ORIENTED_EDGE('',*,*,#8491,.T.);
#8498 = CYLINDRICAL_SURFACE('',#8499,2.75);
#8499 = AXIS2_PLACEMENT_3D('',#8500,#8501,#8502);
#8500 = CARTESIAN_POINT('',(117.,50.,69.5));
#8501 = DIRECTION('',(1.,0.,0.));
#8502 = DIRECTION('',(0.,0.,1.));
#8503 = ADVANCED_FACE('',(#8504),#8507,.T.);
#8504 = FACE_BOUND('',#8505,.T.);
#8505 = EDGE_LOOP('',(#8506));
#8506 = ORIENTED_EDGE('',*,*,#8482,.T.);
#8507 = PLANE('',#8508);
#8508 = AXIS2_PLACEMENT_3D('',#8509,#8510,#8511);
#8509 = CARTESIAN_POINT('',(120.,50.,69.5));
#8510 = DIRECTION('',(1.,0.,0.));
#8511 = DIRECTION('',(0.,0.,1.));
#8512 = MANIFOLD_SOLID_BREP('',#8513);
#8513 = CLOSED_SHELL('',(#8514,#8554,#8585,#8616,#8660,#8704,#8721,#8738
    ,#8750));
#8514 = ADVANCED_FACE('',(#8515),#8549,.F.);
#8515 = FACE_BOUND('',#8516,.F.);
#8516 = EDGE_LOOP('',(#8517,#8527,#8535,#8543));
#8517 = ORIENTED_EDGE('',*,*,#8518,.T.);
#8518 = EDGE_CURVE('',#8519,#8521,#8523,.T.);
#8519 = VERTEX_POINT('',#8520);
#8520 = CARTESIAN_POINT('',(107.6,52.75,71.087713240271));
#8521 = VERTEX_POINT('',#8522);
#8522 = CARTESIAN_POINT('',(110.,52.75,71.087713240271));
#8523 = LINE('',#8524,#8525);
#8524 = CARTESIAN_POINT('',(107.6,52.75,71.087713240271));
#8525 = VECTOR('',#8526,1.);
#8526 = DIRECTION('',(1.,0.,0.));
#8527 = ORIENTED_EDGE('',*,*,#8528,.T.);
#8528 = EDGE_CURVE('',#8521,#8529,#8531,.T.);
#8529 = VERTEX_POINT('',#8530);
#8530 = CARTESIAN_POINT('',(110.,50.,72.675426480543));
#8531 = LINE('',#8532,#8533);
#8532 = CARTESIAN_POINT('',(110.,52.75,71.087713240271));
#8533 = VECTOR('',#8534,1.);
#8534 = DIRECTION('',(0.,-0.866025403784,0.5));
#8535 = ORIENTED_EDGE('',*,*,#8536,.F.);
#8536 = EDGE_CURVE('',#8537,#8529,#8539,.T.);
#8537 = VERTEX_POINT('',#8538);
#8538 = CARTESIAN_POINT('',(107.6,50.,72.675426480543));
#8539 = LINE('',#8540,#8541);
#8540 = CARTESIAN_POINT('',(107.6,50.,72.675426480543));
#8541 = VECTOR('',#8542,1.);
#8542 = DIRECTION('',(1.,0.,0.));
#8543 = ORIENTED_EDGE('',*,*,#8544,.F.);
#8544 = EDGE_CURVE('',#8519,#8537,#8545,.T.);
#8545 = LINE('',#8546,#8547);
#8546 = CARTESIAN_POINT('',(107.6,52.75,71.087713240271));
#8547 = VECTOR('',#8548,1.);
#8548 = DIRECTION('',(0.,-0.866025403784,0.5));
#8549 = PLANE('',#8550);
#8550 = AXIS2_PLACEMENT_3D('',#8551,#8552,#8553);
#8551 = CARTESIAN_POINT('',(107.6,52.75,71.087713240271));
#8552 = DIRECTION('',(0.,-0.5,-0.866025403784));
#8553 = DIRECTION('',(0.,-0.866025403784,0.5));
#8554 = ADVANCED_FACE('',(#8555),#8580,.F.);
#8555 = FACE_BOUND('',#8556,.F.);
#8556 = EDGE_LOOP('',(#8557,#8567,#8573,#8574));
#8557 = ORIENTED_EDGE('',*,*,#8558,.T.);
#8558 = EDGE_CURVE('',#8559,#8561,#8563,.T.);
#8559 = VERTEX_POINT('',#8560);
#8560 = CARTESIAN_POINT('',(107.6,52.75,67.912286759729));
#8561 = VERTEX_POINT('',#8562);
#8562 = CARTESIAN_POINT('',(110.,52.75,67.912286759729));
#8563 = LINE('',#8564,#8565);
#8564 = CARTESIAN_POINT('',(107.6,52.75,67.912286759729));
#8565 = VECTOR('',#8566,1.);
#8566 = DIRECTION('',(1.,0.,0.));
#8567 = ORIENTED_EDGE('',*,*,#8568,.T.);
#8568 = EDGE_CURVE('',#8561,#8521,#8569,.T.);
#8569 = LINE('',#8570,#8571);
#8570 = CARTESIAN_POINT('',(110.,52.75,67.912286759729));
#8571 = VECTOR('',#8572,1.);
#8572 = DIRECTION('',(0.,0.,1.));
#8573 = ORIENTED_EDGE('',*,*,#8518,.F.);
#8574 = ORIENTED_EDGE('',*,*,#8575,.F.);
#8575 = EDGE_CURVE('',#8559,#8519,#8576,.T.);
#8576 = LINE('',#8577,#8578);
#8577 = CARTESIAN_POINT('',(107.6,52.75,67.912286759729));
#8578 = VECTOR('',#8579,1.);
#8579 = DIRECTION('',(0.,0.,1.));
#8580 = PLANE('',#8581);
#8581 = AXIS2_PLACEMENT_3D('',#8582,#8583,#8584);
#8582 = CARTESIAN_POINT('',(107.6,52.75,67.912286759729));
#8583 = DIRECTION('',(0.,-1.,0.));
#8584 = DIRECTION('',(0.,0.,1.));
#8585 = ADVANCED_FACE('',(#8586),#8611,.F.);
#8586 = FACE_BOUND('',#8587,.F.);
#8587 = EDGE_LOOP('',(#8588,#8589,#8597,#8605));
#8588 = ORIENTED_EDGE('',*,*,#8536,.T.);
#8589 = ORIENTED_EDGE('',*,*,#8590,.T.);
#8590 = EDGE_CURVE('',#8529,#8591,#8593,.T.);
#8591 = VERTEX_POINT('',#8592);
#8592 = CARTESIAN_POINT('',(110.,47.25,71.087713240271));
#8593 = LINE('',#8594,#8595);
#8594 = CARTESIAN_POINT('',(110.,50.,72.675426480543));
#8595 = VECTOR('',#8596,1.);
#8596 = DIRECTION('',(0.,-0.866025403784,-0.5));
#8597 = ORIENTED_EDGE('',*,*,#8598,.F.);
#8598 = EDGE_CURVE('',#8599,#8591,#8601,.T.);
#8599 = VERTEX_POINT('',#8600);
#8600 = CARTESIAN_POINT('',(107.6,47.25,71.087713240271));
#8601 = LINE('',#8602,#8603);
#8602 = CARTESIAN_POINT('',(107.6,47.25,71.087713240271));
#8603 = VECTOR('',#8604,1.);
#8604 = DIRECTION('',(1.,0.,0.));
#8605 = ORIENTED_EDGE('',*,*,#8606,.F.);
#8606 = EDGE_CURVE('',#8537,#8599,#8607,.T.);
#8607 = LINE('',#8608,#8609);
#8608 = CARTESIAN_POINT('',(107.6,50.,72.675426480543));
#8609 = VECTOR('',#8610,1.);
#8610 = DIRECTION('',(0.,-0.866025403784,-0.5));
#8611 = PLANE('',#8612);
#8612 = AXIS2_PLACEMENT_3D('',#8613,#8614,#8615);
#8613 = CARTESIAN_POINT('',(107.6,50.,72.675426480543));
#8614 = DIRECTION('',(0.,0.5,-0.866025403784));
#8615 = DIRECTION('',(0.,-0.866025403784,-0.5));
#8616 = ADVANCED_FACE('',(#8617,#8644),#8655,.F.);
#8617 = FACE_BOUND('',#8618,.F.);
#8618 = EDGE_LOOP('',(#8619,#8620,#8621,#8629,#8637,#8643));
#8619 = ORIENTED_EDGE('',*,*,#8544,.T.);
#8620 = ORIENTED_EDGE('',*,*,#8606,.T.);
#8621 = ORIENTED_EDGE('',*,*,#8622,.T.);
#8622 = EDGE_CURVE('',#8599,#8623,#8625,.T.);
#8623 = VERTEX_POINT('',#8624);
#8624 = CARTESIAN_POINT('',(107.6,47.25,67.912286759729));
#8625 = LINE('',#8626,#8627);
#8626 = CARTESIAN_POINT('',(107.6,47.25,71.087713240271));
#8627 = VECTOR('',#8628,1.);
#8628 = DIRECTION('',(0.,0.,-1.));
#8629 = ORIENTED_EDGE('',*,*,#8630,.T.);
#8630 = EDGE_CURVE('',#8623,#8631,#8633,.T.);
#8631 = VERTEX_POINT('',#8632);
#8632 = CARTESIAN_POINT('',(107.6,50.,66.324573519457));
#8633 = LINE('',#8634,#8635);
#8634 = CARTESIAN_POINT('',(107.6,47.25,67.912286759729));
#8635 = VECTOR('',#8636,1.);
#8636 = DIRECTION('',(0.,0.866025403784,-0.5));
#8637 = ORIENTED_EDGE('',*,*,#8638,.T.);
#8638 = EDGE_CURVE('',#8631,#8559,#8639,.T.);
#8639 = LINE('',#8640,#8641);
#8640 = CARTESIAN_POINT('',(107.6,50.,66.324573519457));
#8641 = VECTOR('',#8642,1.);
#8642 = DIRECTION('',(0.,0.866025403784,0.5));
#8643 = ORIENTED_EDGE('',*,*,#8575,.T.);
#8644 = FACE_BOUND('',#8645,.F.);
#8645 = EDGE_LOOP('',(#8646));
#8646 = ORIENTED_EDGE('',*,*,#8647,.F.);
#8647 = EDGE_CURVE('',#8648,#8648,#8650,.T.);
#8648 = VERTEX_POINT('',#8649);
#8649 = CARTESIAN_POINT('',(107.6,50.,71.));
#8650 = CIRCLE('',#8651,1.5);
#8651 = AXIS2_PLACEMENT_3D('',#8652,#8653,#8654);
#8652 = CARTESIAN_POINT('',(107.6,50.,69.5));
#8653 = DIRECTION('',(1.,0.,-0.));
#8654 = DIRECTION('',(0.,0.,1.));
#8655 = PLANE('',#8656);
#8656 = AXIS2_PLACEMENT_3D('',#8657,#8658,#8659);
#8657 = CARTESIAN_POINT('',(107.6,50.,69.5));
#8658 = DIRECTION('',(1.,0.,0.));
#8659 = DIRECTION('',(0.,0.,1.));
#8660 = ADVANCED_FACE('',(#8661,#8688),#8699,.T.);
#8661 = FACE_BOUND('',#8662,.T.);
#8662 = EDGE_LOOP('',(#8663,#8664,#8665,#8673,#8681,#8687));
#8663 = ORIENTED_EDGE('',*,*,#8528,.T.);
#8664 = ORIENTED_EDGE('',*,*,#8590,.T.);
#8665 = ORIENTED_EDGE('',*,*,#8666,.T.);
#8666 = EDGE_CURVE('',#8591,#8667,#8669,.T.);
#8667 = VERTEX_POINT('',#8668);
#8668 = CARTESIAN_POINT('',(110.,47.25,67.912286759729));
#8669 = LINE('',#8670,#8671);
#8670 = CARTESIAN_POINT('',(110.,47.25,71.087713240271));
#8671 = VECTOR('',#8672,1.);
#8672 = DIRECTION('',(0.,0.,-1.));
#8673 = ORIENTED_EDGE('',*,*,#8674,.T.);
#8674 = EDGE_CURVE('',#8667,#8675,#8677,.T.);
#8675 = VERTEX_POINT('',#8676);
#8676 = CARTESIAN_POINT('',(110.,50.,66.324573519457));
#8677 = LINE('',#8678,#8679);
#8678 = CARTESIAN_POINT('',(110.,47.25,67.912286759729));
#8679 = VECTOR('',#8680,1.);
#8680 = DIRECTION('',(0.,0.866025403784,-0.5));
#8681 = ORIENTED_EDGE('',*,*,#8682,.T.);
#8682 = EDGE_CURVE('',#8675,#8561,#8683,.T.);
#8683 = LINE('',#8684,#8685);
#8684 = CARTESIAN_POINT('',(110.,50.,66.324573519457));
#8685 = VECTOR('',#8686,1.);
#8686 = DIRECTION('',(0.,0.866025403784,0.5));
#8687 = ORIENTED_EDGE('',*,*,#8568,.T.);
#8688 = FACE_BOUND('',#8689,.T.);
#8689 = EDGE_LOOP('',(#8690));
#8690 = ORIENTED_EDGE('',*,*,#8691,.F.);
#8691 = EDGE_CURVE('',#8692,#8692,#8694,.T.);
#8692 = VERTEX_POINT('',#8693);
#8693 = CARTESIAN_POINT('',(110.,50.,71.));
#8694 = CIRCLE('',#8695,1.5);
#8695 = AXIS2_PLACEMENT_3D('',#8696,#8697,#8698);
#8696 = CARTESIAN_POINT('',(110.,50.,69.5));
#8697 = DIRECTION('',(1.,0.,-0.));
#8698 = DIRECTION('',(0.,0.,1.));
#8699 = PLANE('',#8700);
#8700 = AXIS2_PLACEMENT_3D('',#8701,#8702,#8703);
#8701 = CARTESIAN_POINT('',(110.,50.,69.5));
#8702 = DIRECTION('',(1.,0.,0.));
#8703 = DIRECTION('',(0.,0.,1.));
#8704 = ADVANCED_FACE('',(#8705),#8716,.F.);
#8705 = FACE_BOUND('',#8706,.F.);
#8706 = EDGE_LOOP('',(#8707,#8713,#8714,#8715));
#8707 = ORIENTED_EDGE('',*,*,#8708,.T.);
#8708 = EDGE_CURVE('',#8631,#8675,#8709,.T.);
#8709 = LINE('',#8710,#8711);
#8710 = CARTESIAN_POINT('',(107.6,50.,66.324573519457));
#8711 = VECTOR('',#8712,1.);
#8712 = DIRECTION('',(1.,0.,0.));
#8713 = ORIENTED_EDGE('',*,*,#8682,.T.);
#8714 = ORIENTED_EDGE('',*,*,#8558,.F.);
#8715 = ORIENTED_EDGE('',*,*,#8638,.F.);
#8716 = PLANE('',#8717);
#8717 = AXIS2_PLACEMENT_3D('',#8718,#8719,#8720);
#8718 = CARTESIAN_POINT('',(107.6,50.,66.324573519457));
#8719 = DIRECTION('',(0.,-0.5,0.866025403784));
#8720 = DIRECTION('',(0.,0.866025403784,0.5));
#8721 = ADVANCED_FACE('',(#8722),#8733,.F.);
#8722 = FACE_BOUND('',#8723,.F.);
#8723 = EDGE_LOOP('',(#8724,#8725,#8726,#8732));
#8724 = ORIENTED_EDGE('',*,*,#8598,.T.);
#8725 = ORIENTED_EDGE('',*,*,#8666,.T.);
#8726 = ORIENTED_EDGE('',*,*,#8727,.F.);
#8727 = EDGE_CURVE('',#8623,#8667,#8728,.T.);
#8728 = LINE('',#8729,#8730);
#8729 = CARTESIAN_POINT('',(107.6,47.25,67.912286759729));
#8730 = VECTOR('',#8731,1.);
#8731 = DIRECTION('',(1.,0.,0.));
#8732 = ORIENTED_EDGE('',*,*,#8622,.F.);
#8733 = PLANE('',#8734);
#8734 = AXIS2_PLACEMENT_3D('',#8735,#8736,#8737);
#8735 = CARTESIAN_POINT('',(107.6,47.25,71.087713240271));
#8736 = DIRECTION('',(0.,1.,0.));
#8737 = DIRECTION('',(0.,0.,-1.));
#8738 = ADVANCED_FACE('',(#8739),#8745,.F.);
#8739 = FACE_BOUND('',#8740,.F.);
#8740 = EDGE_LOOP('',(#8741,#8742,#8743,#8744));
#8741 = ORIENTED_EDGE('',*,*,#8727,.T.);
#8742 = ORIENTED_EDGE('',*,*,#8674,.T.);
#8743 = ORIENTED_EDGE('',*,*,#8708,.F.);
#8744 = ORIENTED_EDGE('',*,*,#8630,.F.);
#8745 = PLANE('',#8746);
#8746 = AXIS2_PLACEMENT_3D('',#8747,#8748,#8749);
#8747 = CARTESIAN_POINT('',(107.6,47.25,67.912286759729));
#8748 = DIRECTION('',(0.,0.5,0.866025403784));
#8749 = DIRECTION('',(0.,0.866025403784,-0.5));
#8750 = ADVANCED_FACE('',(#8751),#8762,.F.);
#8751 = FACE_BOUND('',#8752,.F.);
#8752 = EDGE_LOOP('',(#8753,#8754,#8760,#8761));
#8753 = ORIENTED_EDGE('',*,*,#8691,.F.);
#8754 = ORIENTED_EDGE('',*,*,#8755,.F.);
#8755 = EDGE_CURVE('',#8648,#8692,#8756,.T.);
#8756 = LINE('',#8757,#8758);
#8757 = CARTESIAN_POINT('',(107.5,50.,71.));
#8758 = VECTOR('',#8759,1.);
#8759 = DIRECTION('',(1.,0.,0.));
#8760 = ORIENTED_EDGE('',*,*,#8647,.T.);
#8761 = ORIENTED_EDGE('',*,*,#8755,.T.);
#8762 = CYLINDRICAL_SURFACE('',#8763,1.5);
#8763 = AXIS2_PLACEMENT_3D('',#8764,#8765,#8766);
#8764 = CARTESIAN_POINT('',(107.5,50.,69.5));
#8765 = DIRECTION('',(1.,0.,0.));
#8766 = DIRECTION('',(0.,0.,1.));
#8767 = MANIFOLD_SOLID_BREP('',#8768);
#8768 = CLOSED_SHELL('',(#8769,#8802,#8822,#8831,#8856));
#8769 = ADVANCED_FACE('',(#8770),#8797,.T.);
#8770 = FACE_BOUND('',#8771,.T.);
#8771 = EDGE_LOOP('',(#8772,#8781,#8789,#8796));
#8772 = ORIENTED_EDGE('',*,*,#8773,.F.);
#8773 = EDGE_CURVE('',#8774,#8774,#8776,.T.);
#8774 = VERTEX_POINT('',#8775);
#8775 = CARTESIAN_POINT('',(117.,-67.,-32.5));
#8776 = CIRCLE('',#8777,1.5);
#8777 = AXIS2_PLACEMENT_3D('',#8778,#8779,#8780);
#8778 = CARTESIAN_POINT('',(117.,-67.,-34.));
#8779 = DIRECTION('',(1.,0.,-0.));
#8780 = DIRECTION('',(0.,0.,1.));
#8781 = ORIENTED_EDGE('',*,*,#8782,.F.);
#8782 = EDGE_CURVE('',#8783,#8774,#8785,.T.);
#8783 = VERTEX_POINT('',#8784);
#8784 = CARTESIAN_POINT('',(97.,-67.,-32.5));
#8785 = LINE('',#8786,#8787);
#8786 = CARTESIAN_POINT('',(97.,-67.,-32.5));
#8787 = VECTOR('',#8788,1.);
#8788 = DIRECTION('',(1.,0.,0.));
#8789 = ORIENTED_EDGE('',*,*,#8790,.T.);
#8790 = EDGE_CURVE('',#8783,#8783,#8791,.T.);
#8791 = CIRCLE('',#8792,1.5);
#8792 = AXIS2_PLACEMENT_3D('',#8793,#8794,#8795);
#8793 = CARTESIAN_POINT('',(97.,-67.,-34.));
#8794 = DIRECTION('',(1.,0.,-0.));
#8795 = DIRECTION('',(0.,0.,1.));
#8796 = ORIENTED_EDGE('',*,*,#8782,.T.);
#8797 = CYLINDRICAL_SURFACE('',#8798,1.5);
#8798 = AXIS2_PLACEMENT_3D('',#8799,#8800,#8801);
#8799 = CARTESIAN_POINT('',(97.,-67.,-34.));
#8800 = DIRECTION('',(1.,0.,0.));
#8801 = DIRECTION('',(0.,0.,1.));
#8802 = ADVANCED_FACE('',(#8803,#8814),#8817,.F.);
#8803 = FACE_BOUND('',#8804,.F.);
#8804 = EDGE_LOOP('',(#8805));
#8805 = ORIENTED_EDGE('',*,*,#8806,.T.);
#8806 = EDGE_CURVE('',#8807,#8807,#8809,.T.);
#8807 = VERTEX_POINT('',#8808);
#8808 = CARTESIAN_POINT('',(117.,-67.,-31.25));
#8809 = CIRCLE('',#8810,2.75);
#8810 = AXIS2_PLACEMENT_3D('',#8811,#8812,#8813);
#8811 = CARTESIAN_POINT('',(117.,-67.,-34.));
#8812 = DIRECTION('',(1.,0.,-0.));
#8813 = DIRECTION('',(0.,0.,1.));
#8814 = FACE_BOUND('',#8815,.F.);
#8815 = EDGE_LOOP('',(#8816));
#8816 = ORIENTED_EDGE('',*,*,#8773,.F.);
#8817 = PLANE('',#8818);
#8818 = AXIS2_PLACEMENT_3D('',#8819,#8820,#8821);
#8819 = CARTESIAN_POINT('',(117.,-67.,-34.));
#8820 = DIRECTION('',(1.,0.,0.));
#8821 = DIRECTION('',(0.,0.,1.));
#8822 = ADVANCED_FACE('',(#8823),#8826,.F.);
#8823 = FACE_BOUND('',#8824,.T.);
#8824 = EDGE_LOOP('',(#8825));
#8825 = ORIENTED_EDGE('',*,*,#8790,.F.);
#8826 = PLANE('',#8827);
#8827 = AXIS2_PLACEMENT_3D('',#8828,#8829,#8830);
#8828 = CARTESIAN_POINT('',(97.,-67.,-34.));
#8829 = DIRECTION('',(1.,0.,0.));
#8830 = DIRECTION('',(0.,0.,1.));
#8831 = ADVANCED_FACE('',(#8832),#8851,.T.);
#8832 = FACE_BOUND('',#8833,.T.);
#8833 = EDGE_LOOP('',(#8834,#8843,#8849,#8850));
#8834 = ORIENTED_EDGE('',*,*,#8835,.F.);
#8835 = EDGE_CURVE('',#8836,#8836,#8838,.T.);
#8836 = VERTEX_POINT('',#8837);
#8837 = CARTESIAN_POINT('',(120.,-67.,-31.25));
#8838 = CIRCLE('',#8839,2.75);
#8839 = AXIS2_PLACEMENT_3D('',#8840,#8841,#8842);
#8840 = CARTESIAN_POINT('',(120.,-67.,-34.));
#8841 = DIRECTION('',(1.,0.,-0.));
#8842 = DIRECTION('',(0.,0.,1.));
#8843 = ORIENTED_EDGE('',*,*,#8844,.F.);
#8844 = EDGE_CURVE('',#8807,#8836,#8845,.T.);
#8845 = LINE('',#8846,#8847);
#8846 = CARTESIAN_POINT('',(117.,-67.,-31.25));
#8847 = VECTOR('',#8848,1.);
#8848 = DIRECTION('',(1.,0.,0.));
#8849 = ORIENTED_EDGE('',*,*,#8806,.T.);
#8850 = ORIENTED_EDGE('',*,*,#8844,.T.);
#8851 = CYLINDRICAL_SURFACE('',#8852,2.75);
#8852 = AXIS2_PLACEMENT_3D('',#8853,#8854,#8855);
#8853 = CARTESIAN_POINT('',(117.,-67.,-34.));
#8854 = DIRECTION('',(1.,0.,0.));
#8855 = DIRECTION('',(0.,0.,1.));
#8856 = ADVANCED_FACE('',(#8857),#8860,.T.);
#8857 = FACE_BOUND('',#8858,.T.);
#8858 = EDGE_LOOP('',(#8859));
#8859 = ORIENTED_EDGE('',*,*,#8835,.T.);
#8860 = PLANE('',#8861);
#8861 = AXIS2_PLACEMENT_3D('',#8862,#8863,#8864);
#8862 = CARTESIAN_POINT('',(120.,-67.,-34.));
#8863 = DIRECTION('',(1.,0.,0.));
#8864 = DIRECTION('',(0.,0.,1.));
#8865 = MANIFOLD_SOLID_BREP('',#8866);
#8866 = CLOSED_SHELL('',(#8867,#8907,#8938,#8969,#9013,#9057,#9074,#9091
    ,#9103));
#8867 = ADVANCED_FACE('',(#8868),#8902,.F.);
#8868 = FACE_BOUND('',#8869,.F.);
#8869 = EDGE_LOOP('',(#8870,#8880,#8888,#8896));
#8870 = ORIENTED_EDGE('',*,*,#8871,.T.);
#8871 = EDGE_CURVE('',#8872,#8874,#8876,.T.);
#8872 = VERTEX_POINT('',#8873);
#8873 = CARTESIAN_POINT('',(98.6,-64.25,-32.41228675972));
#8874 = VERTEX_POINT('',#8875);
#8875 = CARTESIAN_POINT('',(101.,-64.25,-32.41228675972));
#8876 = LINE('',#8877,#8878);
#8877 = CARTESIAN_POINT('',(98.6,-64.25,-32.41228675972));
#8878 = VECTOR('',#8879,1.);
#8879 = DIRECTION('',(1.,0.,0.));
#8880 = ORIENTED_EDGE('',*,*,#8881,.T.);
#8881 = EDGE_CURVE('',#8874,#8882,#8884,.T.);
#8882 = VERTEX_POINT('',#8883);
#8883 = CARTESIAN_POINT('',(101.,-67.,-30.82457351945));
#8884 = LINE('',#8885,#8886);
#8885 = CARTESIAN_POINT('',(101.,-64.25,-32.41228675972));
#8886 = VECTOR('',#8887,1.);
#8887 = DIRECTION('',(0.,-0.866025403784,0.5));
#8888 = ORIENTED_EDGE('',*,*,#8889,.F.);
#8889 = EDGE_CURVE('',#8890,#8882,#8892,.T.);
#8890 = VERTEX_POINT('',#8891);
#8891 = CARTESIAN_POINT('',(98.6,-67.,-30.82457351945));
#8892 = LINE('',#8893,#8894);
#8893 = CARTESIAN_POINT('',(98.6,-67.,-30.82457351945));
#8894 = VECTOR('',#8895,1.);
#8895 = DIRECTION('',(1.,0.,0.));
#8896 = ORIENTED_EDGE('',*,*,#8897,.F.);
#8897 = EDGE_CURVE('',#8872,#8890,#8898,.T.);
#8898 = LINE('',#8899,#8900);
#8899 = CARTESIAN_POINT('',(98.6,-64.25,-32.41228675972));
#8900 = VECTOR('',#8901,1.);
#8901 = DIRECTION('',(0.,-0.866025403784,0.5));
#8902 = PLANE('',#8903);
#8903 = AXIS2_PLACEMENT_3D('',#8904,#8905,#8906);
#8904 = CARTESIAN_POINT('',(98.6,-64.25,-32.41228675972));
#8905 = DIRECTION('',(0.,-0.5,-0.866025403784));
#8906 = DIRECTION('',(0.,-0.866025403784,0.5));
#8907 = ADVANCED_FACE('',(#8908),#8933,.F.);
#8908 = FACE_BOUND('',#8909,.F.);
#8909 = EDGE_LOOP('',(#8910,#8920,#8926,#8927));
#8910 = ORIENTED_EDGE('',*,*,#8911,.T.);
#8911 = EDGE_CURVE('',#8912,#8914,#8916,.T.);
#8912 = VERTEX_POINT('',#8913);
#8913 = CARTESIAN_POINT('',(98.6,-64.25,-35.58771324027));
#8914 = VERTEX_POINT('',#8915);
#8915 = CARTESIAN_POINT('',(101.,-64.25,-35.58771324027));
#8916 = LINE('',#8917,#8918);
#8917 = CARTESIAN_POINT('',(98.6,-64.25,-35.58771324027));
#8918 = VECTOR('',#8919,1.);
#8919 = DIRECTION('',(1.,0.,0.));
#8920 = ORIENTED_EDGE('',*,*,#8921,.T.);
#8921 = EDGE_CURVE('',#8914,#8874,#8922,.T.);
#8922 = LINE('',#8923,#8924);
#8923 = CARTESIAN_POINT('',(101.,-64.25,-35.58771324027));
#8924 = VECTOR('',#8925,1.);
#8925 = DIRECTION('',(0.,0.,1.));
#8926 = ORIENTED_EDGE('',*,*,#8871,.F.);
#8927 = ORIENTED_EDGE('',*,*,#8928,.F.);
#8928 = EDGE_CURVE('',#8912,#8872,#8929,.T.);
#8929 = LINE('',#8930,#8931);
#8930 = CARTESIAN_POINT('',(98.6,-64.25,-35.58771324027));
#8931 = VECTOR('',#8932,1.);
#8932 = DIRECTION('',(0.,0.,1.));
#8933 = PLANE('',#8934);
#8934 = AXIS2_PLACEMENT_3D('',#8935,#8936,#8937);
#8935 = CARTESIAN_POINT('',(98.6,-64.25,-35.58771324027));
#8936 = DIRECTION('',(0.,-1.,0.));
#8937 = DIRECTION('',(0.,0.,1.));
#8938 = ADVANCED_FACE('',(#8939),#8964,.F.);
#8939 = FACE_BOUND('',#8940,.F.);
#8940 = EDGE_LOOP('',(#8941,#8942,#8950,#8958));
#8941 = ORIENTED_EDGE('',*,*,#8889,.T.);
#8942 = ORIENTED_EDGE('',*,*,#8943,.T.);
#8943 = EDGE_CURVE('',#8882,#8944,#8946,.T.);
#8944 = VERTEX_POINT('',#8945);
#8945 = CARTESIAN_POINT('',(101.,-69.75,-32.41228675972));
#8946 = LINE('',#8947,#8948);
#8947 = CARTESIAN_POINT('',(101.,-67.,-30.82457351945));
#8948 = VECTOR('',#8949,1.);
#8949 = DIRECTION('',(0.,-0.866025403784,-0.5));
#8950 = ORIENTED_EDGE('',*,*,#8951,.F.);
#8951 = EDGE_CURVE('',#8952,#8944,#8954,.T.);
#8952 = VERTEX_POINT('',#8953);
#8953 = CARTESIAN_POINT('',(98.6,-69.75,-32.41228675972));
#8954 = LINE('',#8955,#8956);
#8955 = CARTESIAN_POINT('',(98.6,-69.75,-32.41228675972));
#8956 = VECTOR('',#8957,1.);
#8957 = DIRECTION('',(1.,0.,0.));
#8958 = ORIENTED_EDGE('',*,*,#8959,.F.);
#8959 = EDGE_CURVE('',#8890,#8952,#8960,.T.);
#8960 = LINE('',#8961,#8962);
#8961 = CARTESIAN_POINT('',(98.6,-67.,-30.82457351945));
#8962 = VECTOR('',#8963,1.);
#8963 = DIRECTION('',(0.,-0.866025403784,-0.5));
#8964 = PLANE('',#8965);
#8965 = AXIS2_PLACEMENT_3D('',#8966,#8967,#8968);
#8966 = CARTESIAN_POINT('',(98.6,-67.,-30.82457351945));
#8967 = DIRECTION('',(0.,0.5,-0.866025403784));
#8968 = DIRECTION('',(0.,-0.866025403784,-0.5));
#8969 = ADVANCED_FACE('',(#8970,#8997),#9008,.F.);
#8970 = FACE_BOUND('',#8971,.F.);
#8971 = EDGE_LOOP('',(#8972,#8973,#8974,#8982,#8990,#8996));
#8972 = ORIENTED_EDGE('',*,*,#8897,.T.);
#8973 = ORIENTED_EDGE('',*,*,#8959,.T.);
#8974 = ORIENTED_EDGE('',*,*,#8975,.T.);
#8975 = EDGE_CURVE('',#8952,#8976,#8978,.T.);
#8976 = VERTEX_POINT('',#8977);
#8977 = CARTESIAN_POINT('',(98.6,-69.75,-35.58771324027));
#8978 = LINE('',#8979,#8980);
#8979 = CARTESIAN_POINT('',(98.6,-69.75,-32.41228675972));
#8980 = VECTOR('',#8981,1.);
#8981 = DIRECTION('',(0.,0.,-1.));
#8982 = ORIENTED_EDGE('',*,*,#8983,.T.);
#8983 = EDGE_CURVE('',#8976,#8984,#8986,.T.);
#8984 = VERTEX_POINT('',#8985);
#8985 = CARTESIAN_POINT('',(98.6,-67.,-37.17542648054));
#8986 = LINE('',#8987,#8988);
#8987 = CARTESIAN_POINT('',(98.6,-69.75,-35.58771324027));
#8988 = VECTOR('',#8989,1.);
#8989 = DIRECTION('',(0.,0.866025403784,-0.5));
#8990 = ORIENTED_EDGE('',*,*,#8991,.T.);
#8991 = EDGE_CURVE('',#8984,#8912,#8992,.T.);
#8992 = LINE('',#8993,#8994);
#8993 = CARTESIAN_POINT('',(98.6,-67.,-37.17542648054));
#8994 = VECTOR('',#8995,1.);
#8995 = DIRECTION('',(0.,0.866025403784,0.5));
#8996 = ORIENTED_EDGE('',*,*,#8928,.T.);
#8997 = FACE_BOUND('',#8998,.F.);
#8998 = EDGE_LOOP('',(#8999));
#8999 = ORIENTED_EDGE('',*,*,#9000,.F.);
#9000 = EDGE_CURVE('',#9001,#9001,#9003,.T.);
#9001 = VERTEX_POINT('',#9002);
#9002 = CARTESIAN_POINT('',(98.6,-67.,-32.5));
#9003 = CIRCLE('',#9004,1.5);
#9004 = AXIS2_PLACEMENT_3D('',#9005,#9006,#9007);
#9005 = CARTESIAN_POINT('',(98.6,-67.,-34.));
#9006 = DIRECTION('',(1.,0.,-0.));
#9007 = DIRECTION('',(0.,0.,1.));
#9008 = PLANE('',#9009);
#9009 = AXIS2_PLACEMENT_3D('',#9010,#9011,#9012);
#9010 = CARTESIAN_POINT('',(98.6,-67.,-34.));
#9011 = DIRECTION('',(1.,0.,0.));
#9012 = DIRECTION('',(0.,0.,1.));
#9013 = ADVANCED_FACE('',(#9014,#9041),#9052,.T.);
#9014 = FACE_BOUND('',#9015,.T.);
#9015 = EDGE_LOOP('',(#9016,#9017,#9018,#9026,#9034,#9040));
#9016 = ORIENTED_EDGE('',*,*,#8881,.T.);
#9017 = ORIENTED_EDGE('',*,*,#8943,.T.);
#9018 = ORIENTED_EDGE('',*,*,#9019,.T.);
#9019 = EDGE_CURVE('',#8944,#9020,#9022,.T.);
#9020 = VERTEX_POINT('',#9021);
#9021 = CARTESIAN_POINT('',(101.,-69.75,-35.58771324027));
#9022 = LINE('',#9023,#9024);
#9023 = CARTESIAN_POINT('',(101.,-69.75,-32.41228675972));
#9024 = VECTOR('',#9025,1.);
#9025 = DIRECTION('',(0.,0.,-1.));
#9026 = ORIENTED_EDGE('',*,*,#9027,.T.);
#9027 = EDGE_CURVE('',#9020,#9028,#9030,.T.);
#9028 = VERTEX_POINT('',#9029);
#9029 = CARTESIAN_POINT('',(101.,-67.,-37.17542648054));
#9030 = LINE('',#9031,#9032);
#9031 = CARTESIAN_POINT('',(101.,-69.75,-35.58771324027));
#9032 = VECTOR('',#9033,1.);
#9033 = DIRECTION('',(0.,0.866025403784,-0.5));
#9034 = ORIENTED_EDGE('',*,*,#9035,.T.);
#9035 = EDGE_CURVE('',#9028,#8914,#9036,.T.);
#9036 = LINE('',#9037,#9038);
#9037 = CARTESIAN_POINT('',(101.,-67.,-37.17542648054));
#9038 = VECTOR('',#9039,1.);
#9039 = DIRECTION('',(0.,0.866025403784,0.5));
#9040 = ORIENTED_EDGE('',*,*,#8921,.T.);
#9041 = FACE_BOUND('',#9042,.T.);
#9042 = EDGE_LOOP('',(#9043));
#9043 = ORIENTED_EDGE('',*,*,#9044,.F.);
#9044 = EDGE_CURVE('',#9045,#9045,#9047,.T.);
#9045 = VERTEX_POINT('',#9046);
#9046 = CARTESIAN_POINT('',(101.,-67.,-32.5));
#9047 = CIRCLE('',#9048,1.5);
#9048 = AXIS2_PLACEMENT_3D('',#9049,#9050,#9051);
#9049 = CARTESIAN_POINT('',(101.,-67.,-34.));
#9050 = DIRECTION('',(1.,0.,-0.));
#9051 = DIRECTION('',(0.,0.,1.));
#9052 = PLANE('',#9053);
#9053 = AXIS2_PLACEMENT_3D('',#9054,#9055,#9056);
#9054 = CARTESIAN_POINT('',(101.,-67.,-34.));
#9055 = DIRECTION('',(1.,0.,0.));
#9056 = DIRECTION('',(0.,0.,1.));
#9057 = ADVANCED_FACE('',(#9058),#9069,.F.);
#9058 = FACE_BOUND('',#9059,.F.);
#9059 = EDGE_LOOP('',(#9060,#9066,#9067,#9068));
#9060 = ORIENTED_EDGE('',*,*,#9061,.T.);
#9061 = EDGE_CURVE('',#8984,#9028,#9062,.T.);
#9062 = LINE('',#9063,#9064);
#9063 = CARTESIAN_POINT('',(98.6,-67.,-37.17542648054));
#9064 = VECTOR('',#9065,1.);
#9065 = DIRECTION('',(1.,0.,0.));
#9066 = ORIENTED_EDGE('',*,*,#9035,.T.);
#9067 = ORIENTED_EDGE('',*,*,#8911,.F.);
#9068 = ORIENTED_EDGE('',*,*,#8991,.F.);
#9069 = PLANE('',#9070);
#9070 = AXIS2_PLACEMENT_3D('',#9071,#9072,#9073);
#9071 = CARTESIAN_POINT('',(98.6,-67.,-37.17542648054));
#9072 = DIRECTION('',(0.,-0.5,0.866025403784));
#9073 = DIRECTION('',(0.,0.866025403784,0.5));
#9074 = ADVANCED_FACE('',(#9075),#9086,.F.);
#9075 = FACE_BOUND('',#9076,.F.);
#9076 = EDGE_LOOP('',(#9077,#9078,#9079,#9085));
#9077 = ORIENTED_EDGE('',*,*,#8951,.T.);
#9078 = ORIENTED_EDGE('',*,*,#9019,.T.);
#9079 = ORIENTED_EDGE('',*,*,#9080,.F.);
#9080 = EDGE_CURVE('',#8976,#9020,#9081,.T.);
#9081 = LINE('',#9082,#9083);
#9082 = CARTESIAN_POINT('',(98.6,-69.75,-35.58771324027));
#9083 = VECTOR('',#9084,1.);
#9084 = DIRECTION('',(1.,0.,0.));
#9085 = ORIENTED_EDGE('',*,*,#8975,.F.);
#9086 = PLANE('',#9087);
#9087 = AXIS2_PLACEMENT_3D('',#9088,#9089,#9090);
#9088 = CARTESIAN_POINT('',(98.6,-69.75,-32.41228675972));
#9089 = DIRECTION('',(0.,1.,0.));
#9090 = DIRECTION('',(0.,0.,-1.));
#9091 = ADVANCED_FACE('',(#9092),#9098,.F.);
#9092 = FACE_BOUND('',#9093,.F.);
#9093 = EDGE_LOOP('',(#9094,#9095,#9096,#9097));
#9094 = ORIENTED_EDGE('',*,*,#9080,.T.);
#9095 = ORIENTED_EDGE('',*,*,#9027,.T.);
#9096 = ORIENTED_EDGE('',*,*,#9061,.F.);
#9097 = ORIENTED_EDGE('',*,*,#8983,.F.);
#9098 = PLANE('',#9099);
#9099 = AXIS2_PLACEMENT_3D('',#9100,#9101,#9102);
#9100 = CARTESIAN_POINT('',(98.6,-69.75,-35.58771324027));
#9101 = DIRECTION('',(0.,0.5,0.866025403784));
#9102 = DIRECTION('',(0.,0.866025403784,-0.5));
#9103 = ADVANCED_FACE('',(#9104),#9115,.F.);
#9104 = FACE_BOUND('',#9105,.F.);
#9105 = EDGE_LOOP('',(#9106,#9107,#9113,#9114));
#9106 = ORIENTED_EDGE('',*,*,#9044,.F.);
#9107 = ORIENTED_EDGE('',*,*,#9108,.F.);
#9108 = EDGE_CURVE('',#9001,#9045,#9109,.T.);
#9109 = LINE('',#9110,#9111);
#9110 = CARTESIAN_POINT('',(98.5,-67.,-32.5));
#9111 = VECTOR('',#9112,1.);
#9112 = DIRECTION('',(1.,0.,0.));
#9113 = ORIENTED_EDGE('',*,*,#9000,.T.);
#9114 = ORIENTED_EDGE('',*,*,#9108,.T.);
#9115 = CYLINDRICAL_SURFACE('',#9116,1.5);
#9116 = AXIS2_PLACEMENT_3D('',#9117,#9118,#9119);
#9117 = CARTESIAN_POINT('',(98.5,-67.,-34.));
#9118 = DIRECTION('',(1.,0.,0.));
#9119 = DIRECTION('',(0.,0.,1.));
#9120 = MANIFOLD_SOLID_BREP('',#9121);
#9121 = CLOSED_SHELL('',(#9122,#9155,#9175,#9184,#9209));
#9122 = ADVANCED_FACE('',(#9123),#9150,.T.);
#9123 = FACE_BOUND('',#9124,.T.);
#9124 = EDGE_LOOP('',(#9125,#9134,#9142,#9149));
#9125 = ORIENTED_EDGE('',*,*,#9126,.F.);
#9126 = EDGE_CURVE('',#9127,#9127,#9129,.T.);
#9127 = VERTEX_POINT('',#9128);
#9128 = CARTESIAN_POINT('',(117.,-67.,27.5));
#9129 = CIRCLE('',#9130,1.5);
#9130 = AXIS2_PLACEMENT_3D('',#9131,#9132,#9133);
#9131 = CARTESIAN_POINT('',(117.,-67.,26.));
#9132 = DIRECTION('',(1.,0.,-0.));
#9133 = DIRECTION('',(0.,0.,1.));
#9134 = ORIENTED_EDGE('',*,*,#9135,.F.);
#9135 = EDGE_CURVE('',#9136,#9127,#9138,.T.);
#9136 = VERTEX_POINT('',#9137);
#9137 = CARTESIAN_POINT('',(97.,-67.,27.5));
#9138 = LINE('',#9139,#9140);
#9139 = CARTESIAN_POINT('',(97.,-67.,27.5));
#9140 = VECTOR('',#9141,1.);
#9141 = DIRECTION('',(1.,0.,0.));
#9142 = ORIENTED_EDGE('',*,*,#9143,.T.);
#9143 = EDGE_CURVE('',#9136,#9136,#9144,.T.);
#9144 = CIRCLE('',#9145,1.5);
#9145 = AXIS2_PLACEMENT_3D('',#9146,#9147,#9148);
#9146 = CARTESIAN_POINT('',(97.,-67.,26.));
#9147 = DIRECTION('',(1.,0.,-0.));
#9148 = DIRECTION('',(0.,0.,1.));
#9149 = ORIENTED_EDGE('',*,*,#9135,.T.);
#9150 = CYLINDRICAL_SURFACE('',#9151,1.5);
#9151 = AXIS2_PLACEMENT_3D('',#9152,#9153,#9154);
#9152 = CARTESIAN_POINT('',(97.,-67.,26.));
#9153 = DIRECTION('',(1.,0.,0.));
#9154 = DIRECTION('',(0.,0.,1.));
#9155 = ADVANCED_FACE('',(#9156,#9167),#9170,.F.);
#9156 = FACE_BOUND('',#9157,.F.);
#9157 = EDGE_LOOP('',(#9158));
#9158 = ORIENTED_EDGE('',*,*,#9159,.T.);
#9159 = EDGE_CURVE('',#9160,#9160,#9162,.T.);
#9160 = VERTEX_POINT('',#9161);
#9161 = CARTESIAN_POINT('',(117.,-67.,28.75));
#9162 = CIRCLE('',#9163,2.75);
#9163 = AXIS2_PLACEMENT_3D('',#9164,#9165,#9166);
#9164 = CARTESIAN_POINT('',(117.,-67.,26.));
#9165 = DIRECTION('',(1.,0.,-0.));
#9166 = DIRECTION('',(0.,0.,1.));
#9167 = FACE_BOUND('',#9168,.F.);
#9168 = EDGE_LOOP('',(#9169));
#9169 = ORIENTED_EDGE('',*,*,#9126,.F.);
#9170 = PLANE('',#9171);
#9171 = AXIS2_PLACEMENT_3D('',#9172,#9173,#9174);
#9172 = CARTESIAN_POINT('',(117.,-67.,26.));
#9173 = DIRECTION('',(1.,0.,0.));
#9174 = DIRECTION('',(0.,0.,1.));
#9175 = ADVANCED_FACE('',(#9176),#9179,.F.);
#9176 = FACE_BOUND('',#9177,.T.);
#9177 = EDGE_LOOP('',(#9178));
#9178 = ORIENTED_EDGE('',*,*,#9143,.F.);
#9179 = PLANE('',#9180);
#9180 = AXIS2_PLACEMENT_3D('',#9181,#9182,#9183);
#9181 = CARTESIAN_POINT('',(97.,-67.,26.));
#9182 = DIRECTION('',(1.,0.,0.));
#9183 = DIRECTION('',(0.,0.,1.));
#9184 = ADVANCED_FACE('',(#9185),#9204,.T.);
#9185 = FACE_BOUND('',#9186,.T.);
#9186 = EDGE_LOOP('',(#9187,#9196,#9202,#9203));
#9187 = ORIENTED_EDGE('',*,*,#9188,.F.);
#9188 = EDGE_CURVE('',#9189,#9189,#9191,.T.);
#9189 = VERTEX_POINT('',#9190);
#9190 = CARTESIAN_POINT('',(120.,-67.,28.75));
#9191 = CIRCLE('',#9192,2.75);
#9192 = AXIS2_PLACEMENT_3D('',#9193,#9194,#9195);
#9193 = CARTESIAN_POINT('',(120.,-67.,26.));
#9194 = DIRECTION('',(1.,0.,-0.));
#9195 = DIRECTION('',(0.,0.,1.));
#9196 = ORIENTED_EDGE('',*,*,#9197,.F.);
#9197 = EDGE_CURVE('',#9160,#9189,#9198,.T.);
#9198 = LINE('',#9199,#9200);
#9199 = CARTESIAN_POINT('',(117.,-67.,28.75));
#9200 = VECTOR('',#9201,1.);
#9201 = DIRECTION('',(1.,0.,0.));
#9202 = ORIENTED_EDGE('',*,*,#9159,.T.);
#9203 = ORIENTED_EDGE('',*,*,#9197,.T.);
#9204 = CYLINDRICAL_SURFACE('',#9205,2.75);
#9205 = AXIS2_PLACEMENT_3D('',#9206,#9207,#9208);
#9206 = CARTESIAN_POINT('',(117.,-67.,26.));
#9207 = DIRECTION('',(1.,0.,0.));
#9208 = DIRECTION('',(0.,0.,1.));
#9209 = ADVANCED_FACE('',(#9210),#9213,.T.);
#9210 = FACE_BOUND('',#9211,.T.);
#9211 = EDGE_LOOP('',(#9212));
#9212 = ORIENTED_EDGE('',*,*,#9188,.T.);
#9213 = PLANE('',#9214);
#9214 = AXIS2_PLACEMENT_3D('',#9215,#9216,#9217);
#9215 = CARTESIAN_POINT('',(120.,-67.,26.));
#9216 = DIRECTION('',(1.,0.,0.));
#9217 = DIRECTION('',(0.,0.,1.));
#9218 = MANIFOLD_SOLID_BREP('',#9219);
#9219 = CLOSED_SHELL('',(#9220,#9260,#9291,#9322,#9366,#9410,#9427,#9444
    ,#9456));
#9220 = ADVANCED_FACE('',(#9221),#9255,.F.);
#9221 = FACE_BOUND('',#9222,.F.);
#9222 = EDGE_LOOP('',(#9223,#9233,#9241,#9249));
#9223 = ORIENTED_EDGE('',*,*,#9224,.T.);
#9224 = EDGE_CURVE('',#9225,#9227,#9229,.T.);
#9225 = VERTEX_POINT('',#9226);
#9226 = CARTESIAN_POINT('',(98.6,-64.25,27.587713240271));
#9227 = VERTEX_POINT('',#9228);
#9228 = CARTESIAN_POINT('',(101.,-64.25,27.587713240271));
#9229 = LINE('',#9230,#9231);
#9230 = CARTESIAN_POINT('',(98.6,-64.25,27.587713240271));
#9231 = VECTOR('',#9232,1.);
#9232 = DIRECTION('',(1.,0.,0.));
#9233 = ORIENTED_EDGE('',*,*,#9234,.T.);
#9234 = EDGE_CURVE('',#9227,#9235,#9237,.T.);
#9235 = VERTEX_POINT('',#9236);
#9236 = CARTESIAN_POINT('',(101.,-67.,29.175426480543));
#9237 = LINE('',#9238,#9239);
#9238 = CARTESIAN_POINT('',(101.,-64.25,27.587713240271));
#9239 = VECTOR('',#9240,1.);
#9240 = DIRECTION('',(0.,-0.866025403784,0.5));
#9241 = ORIENTED_EDGE('',*,*,#9242,.F.);
#9242 = EDGE_CURVE('',#9243,#9235,#9245,.T.);
#9243 = VERTEX_POINT('',#9244);
#9244 = CARTESIAN_POINT('',(98.6,-67.,29.175426480543));
#9245 = LINE('',#9246,#9247);
#9246 = CARTESIAN_POINT('',(98.6,-67.,29.175426480543));
#9247 = VECTOR('',#9248,1.);
#9248 = DIRECTION('',(1.,0.,0.));
#9249 = ORIENTED_EDGE('',*,*,#9250,.F.);
#9250 = EDGE_CURVE('',#9225,#9243,#9251,.T.);
#9251 = LINE('',#9252,#9253);
#9252 = CARTESIAN_POINT('',(98.6,-64.25,27.587713240271));
#9253 = VECTOR('',#9254,1.);
#9254 = DIRECTION('',(0.,-0.866025403784,0.5));
#9255 = PLANE('',#9256);
#9256 = AXIS2_PLACEMENT_3D('',#9257,#9258,#9259);
#9257 = CARTESIAN_POINT('',(98.6,-64.25,27.587713240271));
#9258 = DIRECTION('',(0.,-0.5,-0.866025403784));
#9259 = DIRECTION('',(0.,-0.866025403784,0.5));
#9260 = ADVANCED_FACE('',(#9261),#9286,.F.);
#9261 = FACE_BOUND('',#9262,.F.);
#9262 = EDGE_LOOP('',(#9263,#9273,#9279,#9280));
#9263 = ORIENTED_EDGE('',*,*,#9264,.T.);
#9264 = EDGE_CURVE('',#9265,#9267,#9269,.T.);
#9265 = VERTEX_POINT('',#9266);
#9266 = CARTESIAN_POINT('',(98.6,-64.25,24.412286759729));
#9267 = VERTEX_POINT('',#9268);
#9268 = CARTESIAN_POINT('',(101.,-64.25,24.412286759729));
#9269 = LINE('',#9270,#9271);
#9270 = CARTESIAN_POINT('',(98.6,-64.25,24.412286759729));
#9271 = VECTOR('',#9272,1.);
#9272 = DIRECTION('',(1.,0.,0.));
#9273 = ORIENTED_EDGE('',*,*,#9274,.T.);
#9274 = EDGE_CURVE('',#9267,#9227,#9275,.T.);
#9275 = LINE('',#9276,#9277);
#9276 = CARTESIAN_POINT('',(101.,-64.25,24.412286759729));
#9277 = VECTOR('',#9278,1.);
#9278 = DIRECTION('',(0.,0.,1.));
#9279 = ORIENTED_EDGE('',*,*,#9224,.F.);
#9280 = ORIENTED_EDGE('',*,*,#9281,.F.);
#9281 = EDGE_CURVE('',#9265,#9225,#9282,.T.);
#9282 = LINE('',#9283,#9284);
#9283 = CARTESIAN_POINT('',(98.6,-64.25,24.412286759729));
#9284 = VECTOR('',#9285,1.);
#9285 = DIRECTION('',(0.,0.,1.));
#9286 = PLANE('',#9287);
#9287 = AXIS2_PLACEMENT_3D('',#9288,#9289,#9290);
#9288 = CARTESIAN_POINT('',(98.6,-64.25,24.412286759729));
#9289 = DIRECTION('',(0.,-1.,0.));
#9290 = DIRECTION('',(0.,0.,1.));
#9291 = ADVANCED_FACE('',(#9292),#9317,.F.);
#9292 = FACE_BOUND('',#9293,.F.);
#9293 = EDGE_LOOP('',(#9294,#9295,#9303,#9311));
#9294 = ORIENTED_EDGE('',*,*,#9242,.T.);
#9295 = ORIENTED_EDGE('',*,*,#9296,.T.);
#9296 = EDGE_CURVE('',#9235,#9297,#9299,.T.);
#9297 = VERTEX_POINT('',#9298);
#9298 = CARTESIAN_POINT('',(101.,-69.75,27.587713240271));
#9299 = LINE('',#9300,#9301);
#9300 = CARTESIAN_POINT('',(101.,-67.,29.175426480543));
#9301 = VECTOR('',#9302,1.);
#9302 = DIRECTION('',(0.,-0.866025403784,-0.5));
#9303 = ORIENTED_EDGE('',*,*,#9304,.F.);
#9304 = EDGE_CURVE('',#9305,#9297,#9307,.T.);
#9305 = VERTEX_POINT('',#9306);
#9306 = CARTESIAN_POINT('',(98.6,-69.75,27.587713240271));
#9307 = LINE('',#9308,#9309);
#9308 = CARTESIAN_POINT('',(98.6,-69.75,27.587713240271));
#9309 = VECTOR('',#9310,1.);
#9310 = DIRECTION('',(1.,0.,0.));
#9311 = ORIENTED_EDGE('',*,*,#9312,.F.);
#9312 = EDGE_CURVE('',#9243,#9305,#9313,.T.);
#9313 = LINE('',#9314,#9315);
#9314 = CARTESIAN_POINT('',(98.6,-67.,29.175426480543));
#9315 = VECTOR('',#9316,1.);
#9316 = DIRECTION('',(0.,-0.866025403784,-0.5));
#9317 = PLANE('',#9318);
#9318 = AXIS2_PLACEMENT_3D('',#9319,#9320,#9321);
#9319 = CARTESIAN_POINT('',(98.6,-67.,29.175426480543));
#9320 = DIRECTION('',(0.,0.5,-0.866025403784));
#9321 = DIRECTION('',(0.,-0.866025403784,-0.5));
#9322 = ADVANCED_FACE('',(#9323,#9350),#9361,.F.);
#9323 = FACE_BOUND('',#9324,.F.);
#9324 = EDGE_LOOP('',(#9325,#9326,#9327,#9335,#9343,#9349));
#9325 = ORIENTED_EDGE('',*,*,#9250,.T.);
#9326 = ORIENTED_EDGE('',*,*,#9312,.T.);
#9327 = ORIENTED_EDGE('',*,*,#9328,.T.);
#9328 = EDGE_CURVE('',#9305,#9329,#9331,.T.);
#9329 = VERTEX_POINT('',#9330);
#9330 = CARTESIAN_POINT('',(98.6,-69.75,24.412286759729));
#9331 = LINE('',#9332,#9333);
#9332 = CARTESIAN_POINT('',(98.6,-69.75,27.587713240271));
#9333 = VECTOR('',#9334,1.);
#9334 = DIRECTION('',(0.,0.,-1.));
#9335 = ORIENTED_EDGE('',*,*,#9336,.T.);
#9336 = EDGE_CURVE('',#9329,#9337,#9339,.T.);
#9337 = VERTEX_POINT('',#9338);
#9338 = CARTESIAN_POINT('',(98.6,-67.,22.824573519457));
#9339 = LINE('',#9340,#9341);
#9340 = CARTESIAN_POINT('',(98.6,-69.75,24.412286759729));
#9341 = VECTOR('',#9342,1.);
#9342 = DIRECTION('',(0.,0.866025403784,-0.5));
#9343 = ORIENTED_EDGE('',*,*,#9344,.T.);
#9344 = EDGE_CURVE('',#9337,#9265,#9345,.T.);
#9345 = LINE('',#9346,#9347);
#9346 = CARTESIAN_POINT('',(98.6,-67.,22.824573519457));
#9347 = VECTOR('',#9348,1.);
#9348 = DIRECTION('',(0.,0.866025403784,0.5));
#9349 = ORIENTED_EDGE('',*,*,#9281,.T.);
#9350 = FACE_BOUND('',#9351,.F.);
#9351 = EDGE_LOOP('',(#9352));
#9352 = ORIENTED_EDGE('',*,*,#9353,.F.);
#9353 = EDGE_CURVE('',#9354,#9354,#9356,.T.);
#9354 = VERTEX_POINT('',#9355);
#9355 = CARTESIAN_POINT('',(98.6,-67.,27.5));
#9356 = CIRCLE('',#9357,1.5);
#9357 = AXIS2_PLACEMENT_3D('',#9358,#9359,#9360);
#9358 = CARTESIAN_POINT('',(98.6,-67.,26.));
#9359 = DIRECTION('',(1.,0.,-0.));
#9360 = DIRECTION('',(0.,0.,1.));
#9361 = PLANE('',#9362);
#9362 = AXIS2_PLACEMENT_3D('',#9363,#9364,#9365);
#9363 = CARTESIAN_POINT('',(98.6,-67.,26.));
#9364 = DIRECTION('',(1.,0.,0.));
#9365 = DIRECTION('',(0.,0.,1.));
#9366 = ADVANCED_FACE('',(#9367,#9394),#9405,.T.);
#9367 = FACE_BOUND('',#9368,.T.);
#9368 = EDGE_LOOP('',(#9369,#9370,#9371,#9379,#9387,#9393));
#9369 = ORIENTED_EDGE('',*,*,#9234,.T.);
#9370 = ORIENTED_EDGE('',*,*,#9296,.T.);
#9371 = ORIENTED_EDGE('',*,*,#9372,.T.);
#9372 = EDGE_CURVE('',#9297,#9373,#9375,.T.);
#9373 = VERTEX_POINT('',#9374);
#9374 = CARTESIAN_POINT('',(101.,-69.75,24.412286759729));
#9375 = LINE('',#9376,#9377);
#9376 = CARTESIAN_POINT('',(101.,-69.75,27.587713240271));
#9377 = VECTOR('',#9378,1.);
#9378 = DIRECTION('',(0.,0.,-1.));
#9379 = ORIENTED_EDGE('',*,*,#9380,.T.);
#9380 = EDGE_CURVE('',#9373,#9381,#9383,.T.);
#9381 = VERTEX_POINT('',#9382);
#9382 = CARTESIAN_POINT('',(101.,-67.,22.824573519457));
#9383 = LINE('',#9384,#9385);
#9384 = CARTESIAN_POINT('',(101.,-69.75,24.412286759729));
#9385 = VECTOR('',#9386,1.);
#9386 = DIRECTION('',(0.,0.866025403784,-0.5));
#9387 = ORIENTED_EDGE('',*,*,#9388,.T.);
#9388 = EDGE_CURVE('',#9381,#9267,#9389,.T.);
#9389 = LINE('',#9390,#9391);
#9390 = CARTESIAN_POINT('',(101.,-67.,22.824573519457));
#9391 = VECTOR('',#9392,1.);
#9392 = DIRECTION('',(0.,0.866025403784,0.5));
#9393 = ORIENTED_EDGE('',*,*,#9274,.T.);
#9394 = FACE_BOUND('',#9395,.T.);
#9395 = EDGE_LOOP('',(#9396));
#9396 = ORIENTED_EDGE('',*,*,#9397,.F.);
#9397 = EDGE_CURVE('',#9398,#9398,#9400,.T.);
#9398 = VERTEX_POINT('',#9399);
#9399 = CARTESIAN_POINT('',(101.,-67.,27.5));
#9400 = CIRCLE('',#9401,1.5);
#9401 = AXIS2_PLACEMENT_3D('',#9402,#9403,#9404);
#9402 = CARTESIAN_POINT('',(101.,-67.,26.));
#9403 = DIRECTION('',(1.,0.,-0.));
#9404 = DIRECTION('',(0.,0.,1.));
#9405 = PLANE('',#9406);
#9406 = AXIS2_PLACEMENT_3D('',#9407,#9408,#9409);
#9407 = CARTESIAN_POINT('',(101.,-67.,26.));
#9408 = DIRECTION('',(1.,0.,0.));
#9409 = DIRECTION('',(0.,0.,1.));
#9410 = ADVANCED_FACE('',(#9411),#9422,.F.);
#9411 = FACE_BOUND('',#9412,.F.);
#9412 = EDGE_LOOP('',(#9413,#9419,#9420,#9421));
#9413 = ORIENTED_EDGE('',*,*,#9414,.T.);
#9414 = EDGE_CURVE('',#9337,#9381,#9415,.T.);
#9415 = LINE('',#9416,#9417);
#9416 = CARTESIAN_POINT('',(98.6,-67.,22.824573519457));
#9417 = VECTOR('',#9418,1.);
#9418 = DIRECTION('',(1.,0.,0.));
#9419 = ORIENTED_EDGE('',*,*,#9388,.T.);
#9420 = ORIENTED_EDGE('',*,*,#9264,.F.);
#9421 = ORIENTED_EDGE('',*,*,#9344,.F.);
#9422 = PLANE('',#9423);
#9423 = AXIS2_PLACEMENT_3D('',#9424,#9425,#9426);
#9424 = CARTESIAN_POINT('',(98.6,-67.,22.824573519457));
#9425 = DIRECTION('',(0.,-0.5,0.866025403784));
#9426 = DIRECTION('',(0.,0.866025403784,0.5));
#9427 = ADVANCED_FACE('',(#9428),#9439,.F.);
#9428 = FACE_BOUND('',#9429,.F.);
#9429 = EDGE_LOOP('',(#9430,#9431,#9432,#9438));
#9430 = ORIENTED_EDGE('',*,*,#9304,.T.);
#9431 = ORIENTED_EDGE('',*,*,#9372,.T.);
#9432 = ORIENTED_EDGE('',*,*,#9433,.F.);
#9433 = EDGE_CURVE('',#9329,#9373,#9434,.T.);
#9434 = LINE('',#9435,#9436);
#9435 = CARTESIAN_POINT('',(98.6,-69.75,24.412286759729));
#9436 = VECTOR('',#9437,1.);
#9437 = DIRECTION('',(1.,0.,0.));
#9438 = ORIENTED_EDGE('',*,*,#9328,.F.);
#9439 = PLANE('',#9440);
#9440 = AXIS2_PLACEMENT_3D('',#9441,#9442,#9443);
#9441 = CARTESIAN_POINT('',(98.6,-69.75,27.587713240271));
#9442 = DIRECTION('',(0.,1.,0.));
#9443 = DIRECTION('',(0.,0.,-1.));
#9444 = ADVANCED_FACE('',(#9445),#9451,.F.);
#9445 = FACE_BOUND('',#9446,.F.);
#9446 = EDGE_LOOP('',(#9447,#9448,#9449,#9450));
#9447 = ORIENTED_EDGE('',*,*,#9433,.T.);
#9448 = ORIENTED_EDGE('',*,*,#9380,.T.);
#9449 = ORIENTED_EDGE('',*,*,#9414,.F.);
#9450 = ORIENTED_EDGE('',*,*,#9336,.F.);
#9451 = PLANE('',#9452);
#9452 = AXIS2_PLACEMENT_3D('',#9453,#9454,#9455);
#9453 = CARTESIAN_POINT('',(98.6,-69.75,24.412286759729));
#9454 = DIRECTION('',(0.,0.5,0.866025403784));
#9455 = DIRECTION('',(0.,0.866025403784,-0.5));
#9456 = ADVANCED_FACE('',(#9457),#9468,.F.);
#9457 = FACE_BOUND('',#9458,.F.);
#9458 = EDGE_LOOP('',(#9459,#9460,#9466,#9467));
#9459 = ORIENTED_EDGE('',*,*,#9397,.F.);
#9460 = ORIENTED_EDGE('',*,*,#9461,.F.);
#9461 = EDGE_CURVE('',#9354,#9398,#9462,.T.);
#9462 = LINE('',#9463,#9464);
#9463 = CARTESIAN_POINT('',(98.5,-67.,27.5));
#9464 = VECTOR('',#9465,1.);
#9465 = DIRECTION('',(1.,0.,0.));
#9466 = ORIENTED_EDGE('',*,*,#9353,.T.);
#9467 = ORIENTED_EDGE('',*,*,#9461,.T.);
#9468 = CYLINDRICAL_SURFACE('',#9469,1.5);
#9469 = AXIS2_PLACEMENT_3D('',#9470,#9471,#9472);
#9470 = CARTESIAN_POINT('',(98.5,-67.,26.));
#9471 = DIRECTION('',(1.,0.,0.));
#9472 = DIRECTION('',(0.,0.,1.));
#9473 = MANIFOLD_SOLID_BREP('',#9474);
#9474 = CLOSED_SHELL('',(#9475,#9508,#9528,#9537,#9562));
#9475 = ADVANCED_FACE('',(#9476),#9503,.T.);
#9476 = FACE_BOUND('',#9477,.T.);
#9477 = EDGE_LOOP('',(#9478,#9487,#9495,#9502));
#9478 = ORIENTED_EDGE('',*,*,#9479,.F.);
#9479 = EDGE_CURVE('',#9480,#9480,#9482,.T.);
#9480 = VERTEX_POINT('',#9481);
#9481 = CARTESIAN_POINT('',(117.,67.,-32.5));
#9482 = CIRCLE('',#9483,1.5);
#9483 = AXIS2_PLACEMENT_3D('',#9484,#9485,#9486);
#9484 = CARTESIAN_POINT('',(117.,67.,-34.));
#9485 = DIRECTION('',(1.,0.,-0.));
#9486 = DIRECTION('',(0.,0.,1.));
#9487 = ORIENTED_EDGE('',*,*,#9488,.F.);
#9488 = EDGE_CURVE('',#9489,#9480,#9491,.T.);
#9489 = VERTEX_POINT('',#9490);
#9490 = CARTESIAN_POINT('',(97.,67.,-32.5));
#9491 = LINE('',#9492,#9493);
#9492 = CARTESIAN_POINT('',(97.,67.,-32.5));
#9493 = VECTOR('',#9494,1.);
#9494 = DIRECTION('',(1.,0.,0.));
#9495 = ORIENTED_EDGE('',*,*,#9496,.T.);
#9496 = EDGE_CURVE('',#9489,#9489,#9497,.T.);
#9497 = CIRCLE('',#9498,1.5);
#9498 = AXIS2_PLACEMENT_3D('',#9499,#9500,#9501);
#9499 = CARTESIAN_POINT('',(97.,67.,-34.));
#9500 = DIRECTION('',(1.,0.,-0.));
#9501 = DIRECTION('',(0.,0.,1.));
#9502 = ORIENTED_EDGE('',*,*,#9488,.T.);
#9503 = CYLINDRICAL_SURFACE('',#9504,1.5);
#9504 = AXIS2_PLACEMENT_3D('',#9505,#9506,#9507);
#9505 = CARTESIAN_POINT('',(97.,67.,-34.));
#9506 = DIRECTION('',(1.,0.,0.));
#9507 = DIRECTION('',(0.,0.,1.));
#9508 = ADVANCED_FACE('',(#9509,#9520),#9523,.F.);
#9509 = FACE_BOUND('',#9510,.F.);
#9510 = EDGE_LOOP('',(#9511));
#9511 = ORIENTED_EDGE('',*,*,#9512,.T.);
#9512 = EDGE_CURVE('',#9513,#9513,#9515,.T.);
#9513 = VERTEX_POINT('',#9514);
#9514 = CARTESIAN_POINT('',(117.,67.,-31.25));
#9515 = CIRCLE('',#9516,2.75);
#9516 = AXIS2_PLACEMENT_3D('',#9517,#9518,#9519);
#9517 = CARTESIAN_POINT('',(117.,67.,-34.));
#9518 = DIRECTION('',(1.,0.,-0.));
#9519 = DIRECTION('',(0.,0.,1.));
#9520 = FACE_BOUND('',#9521,.F.);
#9521 = EDGE_LOOP('',(#9522));
#9522 = ORIENTED_EDGE('',*,*,#9479,.F.);
#9523 = PLANE('',#9524);
#9524 = AXIS2_PLACEMENT_3D('',#9525,#9526,#9527);
#9525 = CARTESIAN_POINT('',(117.,67.,-34.));
#9526 = DIRECTION('',(1.,0.,0.));
#9527 = DIRECTION('',(0.,0.,1.));
#9528 = ADVANCED_FACE('',(#9529),#9532,.F.);
#9529 = FACE_BOUND('',#9530,.T.);
#9530 = EDGE_LOOP('',(#9531));
#9531 = ORIENTED_EDGE('',*,*,#9496,.F.);
#9532 = PLANE('',#9533);
#9533 = AXIS2_PLACEMENT_3D('',#9534,#9535,#9536);
#9534 = CARTESIAN_POINT('',(97.,67.,-34.));
#9535 = DIRECTION('',(1.,0.,0.));
#9536 = DIRECTION('',(0.,0.,1.));
#9537 = ADVANCED_FACE('',(#9538),#9557,.T.);
#9538 = FACE_BOUND('',#9539,.T.);
#9539 = EDGE_LOOP('',(#9540,#9549,#9555,#9556));
#9540 = ORIENTED_EDGE('',*,*,#9541,.F.);
#9541 = EDGE_CURVE('',#9542,#9542,#9544,.T.);
#9542 = VERTEX_POINT('',#9543);
#9543 = CARTESIAN_POINT('',(120.,67.,-31.25));
#9544 = CIRCLE('',#9545,2.75);
#9545 = AXIS2_PLACEMENT_3D('',#9546,#9547,#9548);
#9546 = CARTESIAN_POINT('',(120.,67.,-34.));
#9547 = DIRECTION('',(1.,0.,-0.));
#9548 = DIRECTION('',(0.,0.,1.));
#9549 = ORIENTED_EDGE('',*,*,#9550,.F.);
#9550 = EDGE_CURVE('',#9513,#9542,#9551,.T.);
#9551 = LINE('',#9552,#9553);
#9552 = CARTESIAN_POINT('',(117.,67.,-31.25));
#9553 = VECTOR('',#9554,1.);
#9554 = DIRECTION('',(1.,0.,0.));
#9555 = ORIENTED_EDGE('',*,*,#9512,.T.);
#9556 = ORIENTED_EDGE('',*,*,#9550,.T.);
#9557 = CYLINDRICAL_SURFACE('',#9558,2.75);
#9558 = AXIS2_PLACEMENT_3D('',#9559,#9560,#9561);
#9559 = CARTESIAN_POINT('',(117.,67.,-34.));
#9560 = DIRECTION('',(1.,0.,0.));
#9561 = DIRECTION('',(0.,0.,1.));
#9562 = ADVANCED_FACE('',(#9563),#9566,.T.);
#9563 = FACE_BOUND('',#9564,.T.);
#9564 = EDGE_LOOP('',(#9565));
#9565 = ORIENTED_EDGE('',*,*,#9541,.T.);
#9566 = PLANE('',#9567);
#9567 = AXIS2_PLACEMENT_3D('',#9568,#9569,#9570);
#9568 = CARTESIAN_POINT('',(120.,67.,-34.));
#9569 = DIRECTION('',(1.,0.,0.));
#9570 = DIRECTION('',(0.,0.,1.));
#9571 = MANIFOLD_SOLID_BREP('',#9572);
#9572 = CLOSED_SHELL('',(#9573,#9613,#9644,#9675,#9719,#9763,#9780,#9797
    ,#9809));
#9573 = ADVANCED_FACE('',(#9574),#9608,.F.);
#9574 = FACE_BOUND('',#9575,.F.);
#9575 = EDGE_LOOP('',(#9576,#9586,#9594,#9602));
#9576 = ORIENTED_EDGE('',*,*,#9577,.T.);
#9577 = EDGE_CURVE('',#9578,#9580,#9582,.T.);
#9578 = VERTEX_POINT('',#9579);
#9579 = CARTESIAN_POINT('',(98.6,69.75,-32.41228675972));
#9580 = VERTEX_POINT('',#9581);
#9581 = CARTESIAN_POINT('',(101.,69.75,-32.41228675972));
#9582 = LINE('',#9583,#9584);
#9583 = CARTESIAN_POINT('',(98.6,69.75,-32.41228675972));
#9584 = VECTOR('',#9585,1.);
#9585 = DIRECTION('',(1.,0.,0.));
#9586 = ORIENTED_EDGE('',*,*,#9587,.T.);
#9587 = EDGE_CURVE('',#9580,#9588,#9590,.T.);
#9588 = VERTEX_POINT('',#9589);
#9589 = CARTESIAN_POINT('',(101.,67.,-30.82457351945));
#9590 = LINE('',#9591,#9592);
#9591 = CARTESIAN_POINT('',(101.,69.75,-32.41228675972));
#9592 = VECTOR('',#9593,1.);
#9593 = DIRECTION('',(0.,-0.866025403784,0.5));
#9594 = ORIENTED_EDGE('',*,*,#9595,.F.);
#9595 = EDGE_CURVE('',#9596,#9588,#9598,.T.);
#9596 = VERTEX_POINT('',#9597);
#9597 = CARTESIAN_POINT('',(98.6,67.,-30.82457351945));
#9598 = LINE('',#9599,#9600);
#9599 = CARTESIAN_POINT('',(98.6,67.,-30.82457351945));
#9600 = VECTOR('',#9601,1.);
#9601 = DIRECTION('',(1.,0.,0.));
#9602 = ORIENTED_EDGE('',*,*,#9603,.F.);
#9603 = EDGE_CURVE('',#9578,#9596,#9604,.T.);
#9604 = LINE('',#9605,#9606);
#9605 = CARTESIAN_POINT('',(98.6,69.75,-32.41228675972));
#9606 = VECTOR('',#9607,1.);
#9607 = DIRECTION('',(0.,-0.866025403784,0.5));
#9608 = PLANE('',#9609);
#9609 = AXIS2_PLACEMENT_3D('',#9610,#9611,#9612);
#9610 = CARTESIAN_POINT('',(98.6,69.75,-32.41228675972));
#9611 = DIRECTION('',(0.,-0.5,-0.866025403784));
#9612 = DIRECTION('',(0.,-0.866025403784,0.5));
#9613 = ADVANCED_FACE('',(#9614),#9639,.F.);
#9614 = FACE_BOUND('',#9615,.F.);
#9615 = EDGE_LOOP('',(#9616,#9626,#9632,#9633));
#9616 = ORIENTED_EDGE('',*,*,#9617,.T.);
#9617 = EDGE_CURVE('',#9618,#9620,#9622,.T.);
#9618 = VERTEX_POINT('',#9619);
#9619 = CARTESIAN_POINT('',(98.6,69.75,-35.58771324027));
#9620 = VERTEX_POINT('',#9621);
#9621 = CARTESIAN_POINT('',(101.,69.75,-35.58771324027));
#9622 = LINE('',#9623,#9624);
#9623 = CARTESIAN_POINT('',(98.6,69.75,-35.58771324027));
#9624 = VECTOR('',#9625,1.);
#9625 = DIRECTION('',(1.,0.,0.));
#9626 = ORIENTED_EDGE('',*,*,#9627,.T.);
#9627 = EDGE_CURVE('',#9620,#9580,#9628,.T.);
#9628 = LINE('',#9629,#9630);
#9629 = CARTESIAN_POINT('',(101.,69.75,-35.58771324027));
#9630 = VECTOR('',#9631,1.);
#9631 = DIRECTION('',(0.,0.,1.));
#9632 = ORIENTED_EDGE('',*,*,#9577,.F.);
#9633 = ORIENTED_EDGE('',*,*,#9634,.F.);
#9634 = EDGE_CURVE('',#9618,#9578,#9635,.T.);
#9635 = LINE('',#9636,#9637);
#9636 = CARTESIAN_POINT('',(98.6,69.75,-35.58771324027));
#9637 = VECTOR('',#9638,1.);
#9638 = DIRECTION('',(0.,0.,1.));
#9639 = PLANE('',#9640);
#9640 = AXIS2_PLACEMENT_3D('',#9641,#9642,#9643);
#9641 = CARTESIAN_POINT('',(98.6,69.75,-35.58771324027));
#9642 = DIRECTION('',(0.,-1.,0.));
#9643 = DIRECTION('',(0.,0.,1.));
#9644 = ADVANCED_FACE('',(#9645),#9670,.F.);
#9645 = FACE_BOUND('',#9646,.F.);
#9646 = EDGE_LOOP('',(#9647,#9648,#9656,#9664));
#9647 = ORIENTED_EDGE('',*,*,#9595,.T.);
#9648 = ORIENTED_EDGE('',*,*,#9649,.T.);
#9649 = EDGE_CURVE('',#9588,#9650,#9652,.T.);
#9650 = VERTEX_POINT('',#9651);
#9651 = CARTESIAN_POINT('',(101.,64.25,-32.41228675972));
#9652 = LINE('',#9653,#9654);
#9653 = CARTESIAN_POINT('',(101.,67.,-30.82457351945));
#9654 = VECTOR('',#9655,1.);
#9655 = DIRECTION('',(0.,-0.866025403784,-0.5));
#9656 = ORIENTED_EDGE('',*,*,#9657,.F.);
#9657 = EDGE_CURVE('',#9658,#9650,#9660,.T.);
#9658 = VERTEX_POINT('',#9659);
#9659 = CARTESIAN_POINT('',(98.6,64.25,-32.41228675972));
#9660 = LINE('',#9661,#9662);
#9661 = CARTESIAN_POINT('',(98.6,64.25,-32.41228675972));
#9662 = VECTOR('',#9663,1.);
#9663 = DIRECTION('',(1.,0.,0.));
#9664 = ORIENTED_EDGE('',*,*,#9665,.F.);
#9665 = EDGE_CURVE('',#9596,#9658,#9666,.T.);
#9666 = LINE('',#9667,#9668);
#9667 = CARTESIAN_POINT('',(98.6,67.,-30.82457351945));
#9668 = VECTOR('',#9669,1.);
#9669 = DIRECTION('',(0.,-0.866025403784,-0.5));
#9670 = PLANE('',#9671);
#9671 = AXIS2_PLACEMENT_3D('',#9672,#9673,#9674);
#9672 = CARTESIAN_POINT('',(98.6,67.,-30.82457351945));
#9673 = DIRECTION('',(0.,0.5,-0.866025403784));
#9674 = DIRECTION('',(0.,-0.866025403784,-0.5));
#9675 = ADVANCED_FACE('',(#9676,#9703),#9714,.F.);
#9676 = FACE_BOUND('',#9677,.F.);
#9677 = EDGE_LOOP('',(#9678,#9679,#9680,#9688,#9696,#9702));
#9678 = ORIENTED_EDGE('',*,*,#9603,.T.);
#9679 = ORIENTED_EDGE('',*,*,#9665,.T.);
#9680 = ORIENTED_EDGE('',*,*,#9681,.T.);
#9681 = EDGE_CURVE('',#9658,#9682,#9684,.T.);
#9682 = VERTEX_POINT('',#9683);
#9683 = CARTESIAN_POINT('',(98.6,64.25,-35.58771324027));
#9684 = LINE('',#9685,#9686);
#9685 = CARTESIAN_POINT('',(98.6,64.25,-32.41228675972));
#9686 = VECTOR('',#9687,1.);
#9687 = DIRECTION('',(0.,0.,-1.));
#9688 = ORIENTED_EDGE('',*,*,#9689,.T.);
#9689 = EDGE_CURVE('',#9682,#9690,#9692,.T.);
#9690 = VERTEX_POINT('',#9691);
#9691 = CARTESIAN_POINT('',(98.6,67.,-37.17542648054));
#9692 = LINE('',#9693,#9694);
#9693 = CARTESIAN_POINT('',(98.6,64.25,-35.58771324027));
#9694 = VECTOR('',#9695,1.);
#9695 = DIRECTION('',(0.,0.866025403784,-0.5));
#9696 = ORIENTED_EDGE('',*,*,#9697,.T.);
#9697 = EDGE_CURVE('',#9690,#9618,#9698,.T.);
#9698 = LINE('',#9699,#9700);
#9699 = CARTESIAN_POINT('',(98.6,67.,-37.17542648054));
#9700 = VECTOR('',#9701,1.);
#9701 = DIRECTION('',(0.,0.866025403784,0.5));
#9702 = ORIENTED_EDGE('',*,*,#9634,.T.);
#9703 = FACE_BOUND('',#9704,.F.);
#9704 = EDGE_LOOP('',(#9705));
#9705 = ORIENTED_EDGE('',*,*,#9706,.F.);
#9706 = EDGE_CURVE('',#9707,#9707,#9709,.T.);
#9707 = VERTEX_POINT('',#9708);
#9708 = CARTESIAN_POINT('',(98.6,67.,-32.5));
#9709 = CIRCLE('',#9710,1.5);
#9710 = AXIS2_PLACEMENT_3D('',#9711,#9712,#9713);
#9711 = CARTESIAN_POINT('',(98.6,67.,-34.));
#9712 = DIRECTION('',(1.,0.,-0.));
#9713 = DIRECTION('',(0.,0.,1.));
#9714 = PLANE('',#9715);
#9715 = AXIS2_PLACEMENT_3D('',#9716,#9717,#9718);
#9716 = CARTESIAN_POINT('',(98.6,67.,-34.));
#9717 = DIRECTION('',(1.,0.,0.));
#9718 = DIRECTION('',(0.,0.,1.));
#9719 = ADVANCED_FACE('',(#9720,#9747),#9758,.T.);
#9720 = FACE_BOUND('',#9721,.T.);
#9721 = EDGE_LOOP('',(#9722,#9723,#9724,#9732,#9740,#9746));
#9722 = ORIENTED_EDGE('',*,*,#9587,.T.);
#9723 = ORIENTED_EDGE('',*,*,#9649,.T.);
#9724 = ORIENTED_EDGE('',*,*,#9725,.T.);
#9725 = EDGE_CURVE('',#9650,#9726,#9728,.T.);
#9726 = VERTEX_POINT('',#9727);
#9727 = CARTESIAN_POINT('',(101.,64.25,-35.58771324027));
#9728 = LINE('',#9729,#9730);
#9729 = CARTESIAN_POINT('',(101.,64.25,-32.41228675972));
#9730 = VECTOR('',#9731,1.);
#9731 = DIRECTION('',(0.,0.,-1.));
#9732 = ORIENTED_EDGE('',*,*,#9733,.T.);
#9733 = EDGE_CURVE('',#9726,#9734,#9736,.T.);
#9734 = VERTEX_POINT('',#9735);
#9735 = CARTESIAN_POINT('',(101.,67.,-37.17542648054));
#9736 = LINE('',#9737,#9738);
#9737 = CARTESIAN_POINT('',(101.,64.25,-35.58771324027));
#9738 = VECTOR('',#9739,1.);
#9739 = DIRECTION('',(0.,0.866025403784,-0.5));
#9740 = ORIENTED_EDGE('',*,*,#9741,.T.);
#9741 = EDGE_CURVE('',#9734,#9620,#9742,.T.);
#9742 = LINE('',#9743,#9744);
#9743 = CARTESIAN_POINT('',(101.,67.,-37.17542648054));
#9744 = VECTOR('',#9745,1.);
#9745 = DIRECTION('',(0.,0.866025403784,0.5));
#9746 = ORIENTED_EDGE('',*,*,#9627,.T.);
#9747 = FACE_BOUND('',#9748,.T.);
#9748 = EDGE_LOOP('',(#9749));
#9749 = ORIENTED_EDGE('',*,*,#9750,.F.);
#9750 = EDGE_CURVE('',#9751,#9751,#9753,.T.);
#9751 = VERTEX_POINT('',#9752);
#9752 = CARTESIAN_POINT('',(101.,67.,-32.5));
#9753 = CIRCLE('',#9754,1.5);
#9754 = AXIS2_PLACEMENT_3D('',#9755,#9756,#9757);
#9755 = CARTESIAN_POINT('',(101.,67.,-34.));
#9756 = DIRECTION('',(1.,0.,-0.));
#9757 = DIRECTION('',(0.,0.,1.));
#9758 = PLANE('',#9759);
#9759 = AXIS2_PLACEMENT_3D('',#9760,#9761,#9762);
#9760 = CARTESIAN_POINT('',(101.,67.,-34.));
#9761 = DIRECTION('',(1.,0.,0.));
#9762 = DIRECTION('',(0.,0.,1.));
#9763 = ADVANCED_FACE('',(#9764),#9775,.F.);
#9764 = FACE_BOUND('',#9765,.F.);
#9765 = EDGE_LOOP('',(#9766,#9772,#9773,#9774));
#9766 = ORIENTED_EDGE('',*,*,#9767,.T.);
#9767 = EDGE_CURVE('',#9690,#9734,#9768,.T.);
#9768 = LINE('',#9769,#9770);
#9769 = CARTESIAN_POINT('',(98.6,67.,-37.17542648054));
#9770 = VECTOR('',#9771,1.);
#9771 = DIRECTION('',(1.,0.,0.));
#9772 = ORIENTED_EDGE('',*,*,#9741,.T.);
#9773 = ORIENTED_EDGE('',*,*,#9617,.F.);
#9774 = ORIENTED_EDGE('',*,*,#9697,.F.);
#9775 = PLANE('',#9776);
#9776 = AXIS2_PLACEMENT_3D('',#9777,#9778,#9779);
#9777 = CARTESIAN_POINT('',(98.6,67.,-37.17542648054));
#9778 = DIRECTION('',(0.,-0.5,0.866025403784));
#9779 = DIRECTION('',(0.,0.866025403784,0.5));
#9780 = ADVANCED_FACE('',(#9781),#9792,.F.);
#9781 = FACE_BOUND('',#9782,.F.);
#9782 = EDGE_LOOP('',(#9783,#9784,#9785,#9791));
#9783 = ORIENTED_EDGE('',*,*,#9657,.T.);
#9784 = ORIENTED_EDGE('',*,*,#9725,.T.);
#9785 = ORIENTED_EDGE('',*,*,#9786,.F.);
#9786 = EDGE_CURVE('',#9682,#9726,#9787,.T.);
#9787 = LINE('',#9788,#9789);
#9788 = CARTESIAN_POINT('',(98.6,64.25,-35.58771324027));
#9789 = VECTOR('',#9790,1.);
#9790 = DIRECTION('',(1.,0.,0.));
#9791 = ORIENTED_EDGE('',*,*,#9681,.F.);
#9792 = PLANE('',#9793);
#9793 = AXIS2_PLACEMENT_3D('',#9794,#9795,#9796);
#9794 = CARTESIAN_POINT('',(98.6,64.25,-32.41228675972));
#9795 = DIRECTION('',(0.,1.,0.));
#9796 = DIRECTION('',(0.,0.,-1.));
#9797 = ADVANCED_FACE('',(#9798),#9804,.F.);
#9798 = FACE_BOUND('',#9799,.F.);
#9799 = EDGE_LOOP('',(#9800,#9801,#9802,#9803));
#9800 = ORIENTED_EDGE('',*,*,#9786,.T.);
#9801 = ORIENTED_EDGE('',*,*,#9733,.T.);
#9802 = ORIENTED_EDGE('',*,*,#9767,.F.);
#9803 = ORIENTED_EDGE('',*,*,#9689,.F.);
#9804 = PLANE('',#9805);
#9805 = AXIS2_PLACEMENT_3D('',#9806,#9807,#9808);
#9806 = CARTESIAN_POINT('',(98.6,64.25,-35.58771324027));
#9807 = DIRECTION('',(0.,0.5,0.866025403784));
#9808 = DIRECTION('',(0.,0.866025403784,-0.5));
#9809 = ADVANCED_FACE('',(#9810),#9821,.F.);
#9810 = FACE_BOUND('',#9811,.F.);
#9811 = EDGE_LOOP('',(#9812,#9813,#9819,#9820));
#9812 = ORIENTED_EDGE('',*,*,#9750,.F.);
#9813 = ORIENTED_EDGE('',*,*,#9814,.F.);
#9814 = EDGE_CURVE('',#9707,#9751,#9815,.T.);
#9815 = LINE('',#9816,#9817);
#9816 = CARTESIAN_POINT('',(98.5,67.,-32.5));
#9817 = VECTOR('',#9818,1.);
#9818 = DIRECTION('',(1.,0.,0.));
#9819 = ORIENTED_EDGE('',*,*,#9706,.T.);
#9820 = ORIENTED_EDGE('',*,*,#9814,.T.);
#9821 = CYLINDRICAL_SURFACE('',#9822,1.5);
#9822 = AXIS2_PLACEMENT_3D('',#9823,#9824,#9825);
#9823 = CARTESIAN_POINT('',(98.5,67.,-34.));
#9824 = DIRECTION('',(1.,0.,0.));
#9825 = DIRECTION('',(0.,0.,1.));
#9826 = MANIFOLD_SOLID_BREP('',#9827);
#9827 = CLOSED_SHELL('',(#9828,#9861,#9881,#9890,#9915));
#9828 = ADVANCED_FACE('',(#9829),#9856,.T.);
#9829 = FACE_BOUND('',#9830,.T.);
#9830 = EDGE_LOOP('',(#9831,#9840,#9848,#9855));
#9831 = ORIENTED_EDGE('',*,*,#9832,.F.);
#9832 = EDGE_CURVE('',#9833,#9833,#9835,.T.);
#9833 = VERTEX_POINT('',#9834);
#9834 = CARTESIAN_POINT('',(117.,67.,27.5));
#9835 = CIRCLE('',#9836,1.5);
#9836 = AXIS2_PLACEMENT_3D('',#9837,#9838,#9839);
#9837 = CARTESIAN_POINT('',(117.,67.,26.));
#9838 = DIRECTION('',(1.,0.,-0.));
#9839 = DIRECTION('',(0.,0.,1.));
#9840 = ORIENTED_EDGE('',*,*,#9841,.F.);
#9841 = EDGE_CURVE('',#9842,#9833,#9844,.T.);
#9842 = VERTEX_POINT('',#9843);
#9843 = CARTESIAN_POINT('',(97.,67.,27.5));
#9844 = LINE('',#9845,#9846);
#9845 = CARTESIAN_POINT('',(97.,67.,27.5));
#9846 = VECTOR('',#9847,1.);
#9847 = DIRECTION('',(1.,0.,0.));
#9848 = ORIENTED_EDGE('',*,*,#9849,.T.);
#9849 = EDGE_CURVE('',#9842,#9842,#9850,.T.);
#9850 = CIRCLE('',#9851,1.5);
#9851 = AXIS2_PLACEMENT_3D('',#9852,#9853,#9854);
#9852 = CARTESIAN_POINT('',(97.,67.,26.));
#9853 = DIRECTION('',(1.,0.,-0.));
#9854 = DIRECTION('',(0.,0.,1.));
#9855 = ORIENTED_EDGE('',*,*,#9841,.T.);
#9856 = CYLINDRICAL_SURFACE('',#9857,1.5);
#9857 = AXIS2_PLACEMENT_3D('',#9858,#9859,#9860);
#9858 = CARTESIAN_POINT('',(97.,67.,26.));
#9859 = DIRECTION('',(1.,0.,0.));
#9860 = DIRECTION('',(0.,0.,1.));
#9861 = ADVANCED_FACE('',(#9862,#9873),#9876,.F.);
#9862 = FACE_BOUND('',#9863,.F.);
#9863 = EDGE_LOOP('',(#9864));
#9864 = ORIENTED_EDGE('',*,*,#9865,.T.);
#9865 = EDGE_CURVE('',#9866,#9866,#9868,.T.);
#9866 = VERTEX_POINT('',#9867);
#9867 = CARTESIAN_POINT('',(117.,67.,28.75));
#9868 = CIRCLE('',#9869,2.75);
#9869 = AXIS2_PLACEMENT_3D('',#9870,#9871,#9872);
#9870 = CARTESIAN_POINT('',(117.,67.,26.));
#9871 = DIRECTION('',(1.,0.,-0.));
#9872 = DIRECTION('',(0.,0.,1.));
#9873 = FACE_BOUND('',#9874,.F.);
#9874 = EDGE_LOOP('',(#9875));
#9875 = ORIENTED_EDGE('',*,*,#9832,.F.);
#9876 = PLANE('',#9877);
#9877 = AXIS2_PLACEMENT_3D('',#9878,#9879,#9880);
#9878 = CARTESIAN_POINT('',(117.,67.,26.));
#9879 = DIRECTION('',(1.,0.,0.));
#9880 = DIRECTION('',(0.,0.,1.));
#9881 = ADVANCED_FACE('',(#9882),#9885,.F.);
#9882 = FACE_BOUND('',#9883,.T.);
#9883 = EDGE_LOOP('',(#9884));
#9884 = ORIENTED_EDGE('',*,*,#9849,.F.);
#9885 = PLANE('',#9886);
#9886 = AXIS2_PLACEMENT_3D('',#9887,#9888,#9889);
#9887 = CARTESIAN_POINT('',(97.,67.,26.));
#9888 = DIRECTION('',(1.,0.,0.));
#9889 = DIRECTION('',(0.,0.,1.));
#9890 = ADVANCED_FACE('',(#9891),#9910,.T.);
#9891 = FACE_BOUND('',#9892,.T.);
#9892 = EDGE_LOOP('',(#9893,#9902,#9908,#9909));
#9893 = ORIENTED_EDGE('',*,*,#9894,.F.);
#9894 = EDGE_CURVE('',#9895,#9895,#9897,.T.);
#9895 = VERTEX_POINT('',#9896);
#9896 = CARTESIAN_POINT('',(120.,67.,28.75));
#9897 = CIRCLE('',#9898,2.75);
#9898 = AXIS2_PLACEMENT_3D('',#9899,#9900,#9901);
#9899 = CARTESIAN_POINT('',(120.,67.,26.));
#9900 = DIRECTION('',(1.,0.,-0.));
#9901 = DIRECTION('',(0.,0.,1.));
#9902 = ORIENTED_EDGE('',*,*,#9903,.F.);
#9903 = EDGE_CURVE('',#9866,#9895,#9904,.T.);
#9904 = LINE('',#9905,#9906);
#9905 = CARTESIAN_POINT('',(117.,67.,28.75));
#9906 = VECTOR('',#9907,1.);
#9907 = DIRECTION('',(1.,0.,0.));
#9908 = ORIENTED_EDGE('',*,*,#9865,.T.);
#9909 = ORIENTED_EDGE('',*,*,#9903,.T.);
#9910 = CYLINDRICAL_SURFACE('',#9911,2.75);
#9911 = AXIS2_PLACEMENT_3D('',#9912,#9913,#9914);
#9912 = CARTESIAN_POINT('',(117.,67.,26.));
#9913 = DIRECTION('',(1.,0.,0.));
#9914 = DIRECTION('',(0.,0.,1.));
#9915 = ADVANCED_FACE('',(#9916),#9919,.T.);
#9916 = FACE_BOUND('',#9917,.T.);
#9917 = EDGE_LOOP('',(#9918));
#9918 = ORIENTED_EDGE('',*,*,#9894,.T.);
#9919 = PLANE('',#9920);
#9920 = AXIS2_PLACEMENT_3D('',#9921,#9922,#9923);
#9921 = CARTESIAN_POINT('',(120.,67.,26.));
#9922 = DIRECTION('',(1.,0.,0.));
#9923 = DIRECTION('',(0.,0.,1.));
#9924 = MANIFOLD_SOLID_BREP('',#9925);
#9925 = CLOSED_SHELL('',(#9926,#9966,#9997,#10028,#10072,#10116,#10133,
    #10150,#10162));
#9926 = ADVANCED_FACE('',(#9927),#9961,.F.);
#9927 = FACE_BOUND('',#9928,.F.);
#9928 = EDGE_LOOP('',(#9929,#9939,#9947,#9955));
#9929 = ORIENTED_EDGE('',*,*,#9930,.T.);
#9930 = EDGE_CURVE('',#9931,#9933,#9935,.T.);
#9931 = VERTEX_POINT('',#9932);
#9932 = CARTESIAN_POINT('',(98.6,69.75,27.587713240271));
#9933 = VERTEX_POINT('',#9934);
#9934 = CARTESIAN_POINT('',(101.,69.75,27.587713240271));
#9935 = LINE('',#9936,#9937);
#9936 = CARTESIAN_POINT('',(98.6,69.75,27.587713240271));
#9937 = VECTOR('',#9938,1.);
#9938 = DIRECTION('',(1.,0.,0.));
#9939 = ORIENTED_EDGE('',*,*,#9940,.T.);
#9940 = EDGE_CURVE('',#9933,#9941,#9943,.T.);
#9941 = VERTEX_POINT('',#9942);
#9942 = CARTESIAN_POINT('',(101.,67.,29.175426480543));
#9943 = LINE('',#9944,#9945);
#9944 = CARTESIAN_POINT('',(101.,69.75,27.587713240271));
#9945 = VECTOR('',#9946,1.);
#9946 = DIRECTION('',(0.,-0.866025403784,0.5));
#9947 = ORIENTED_EDGE('',*,*,#9948,.F.);
#9948 = EDGE_CURVE('',#9949,#9941,#9951,.T.);
#9949 = VERTEX_POINT('',#9950);
#9950 = CARTESIAN_POINT('',(98.6,67.,29.175426480543));
#9951 = LINE('',#9952,#9953);
#9952 = CARTESIAN_POINT('',(98.6,67.,29.175426480543));
#9953 = VECTOR('',#9954,1.);
#9954 = DIRECTION('',(1.,0.,0.));
#9955 = ORIENTED_EDGE('',*,*,#9956,.F.);
#9956 = EDGE_CURVE('',#9931,#9949,#9957,.T.);
#9957 = LINE('',#9958,#9959);
#9958 = CARTESIAN_POINT('',(98.6,69.75,27.587713240271));
#9959 = VECTOR('',#9960,1.);
#9960 = DIRECTION('',(0.,-0.866025403784,0.5));
#9961 = PLANE('',#9962);
#9962 = AXIS2_PLACEMENT_3D('',#9963,#9964,#9965);
#9963 = CARTESIAN_POINT('',(98.6,69.75,27.587713240271));
#9964 = DIRECTION('',(0.,-0.5,-0.866025403784));
#9965 = DIRECTION('',(0.,-0.866025403784,0.5));
#9966 = ADVANCED_FACE('',(#9967),#9992,.F.);
#9967 = FACE_BOUND('',#9968,.F.);
#9968 = EDGE_LOOP('',(#9969,#9979,#9985,#9986));
#9969 = ORIENTED_EDGE('',*,*,#9970,.T.);
#9970 = EDGE_CURVE('',#9971,#9973,#9975,.T.);
#9971 = VERTEX_POINT('',#9972);
#9972 = CARTESIAN_POINT('',(98.6,69.75,24.412286759729));
#9973 = VERTEX_POINT('',#9974);
#9974 = CARTESIAN_POINT('',(101.,69.75,24.412286759729));
#9975 = LINE('',#9976,#9977);
#9976 = CARTESIAN_POINT('',(98.6,69.75,24.412286759729));
#9977 = VECTOR('',#9978,1.);
#9978 = DIRECTION('',(1.,0.,0.));
#9979 = ORIENTED_EDGE('',*,*,#9980,.T.);
#9980 = EDGE_CURVE('',#9973,#9933,#9981,.T.);
#9981 = LINE('',#9982,#9983);
#9982 = CARTESIAN_POINT('',(101.,69.75,24.412286759729));
#9983 = VECTOR('',#9984,1.);
#9984 = DIRECTION('',(0.,0.,1.));
#9985 = ORIENTED_EDGE('',*,*,#9930,.F.);
#9986 = ORIENTED_EDGE('',*,*,#9987,.F.);
#9987 = EDGE_CURVE('',#9971,#9931,#9988,.T.);
#9988 = LINE('',#9989,#9990);
#9989 = CARTESIAN_POINT('',(98.6,69.75,24.412286759729));
#9990 = VECTOR('',#9991,1.);
#9991 = DIRECTION('',(0.,0.,1.));
#9992 = PLANE('',#9993);
#9993 = AXIS2_PLACEMENT_3D('',#9994,#9995,#9996);
#9994 = CARTESIAN_POINT('',(98.6,69.75,24.412286759729));
#9995 = DIRECTION('',(0.,-1.,0.));
#9996 = DIRECTION('',(0.,0.,1.));
#9997 = ADVANCED_FACE('',(#9998),#10023,.F.);
#9998 = FACE_BOUND('',#9999,.F.);
#9999 = EDGE_LOOP('',(#10000,#10001,#10009,#10017));
#10000 = ORIENTED_EDGE('',*,*,#9948,.T.);
#10001 = ORIENTED_EDGE('',*,*,#10002,.T.);
#10002 = EDGE_CURVE('',#9941,#10003,#10005,.T.);
#10003 = VERTEX_POINT('',#10004);
#10004 = CARTESIAN_POINT('',(101.,64.25,27.587713240271));
#10005 = LINE('',#10006,#10007);
#10006 = CARTESIAN_POINT('',(101.,67.,29.175426480543));
#10007 = VECTOR('',#10008,1.);
#10008 = DIRECTION('',(0.,-0.866025403784,-0.5));
#10009 = ORIENTED_EDGE('',*,*,#10010,.F.);
#10010 = EDGE_CURVE('',#10011,#10003,#10013,.T.);
#10011 = VERTEX_POINT('',#10012);
#10012 = CARTESIAN_POINT('',(98.6,64.25,27.587713240271));
#10013 = LINE('',#10014,#10015);
#10014 = CARTESIAN_POINT('',(98.6,64.25,27.587713240271));
#10015 = VECTOR('',#10016,1.);
#10016 = DIRECTION('',(1.,0.,0.));
#10017 = ORIENTED_EDGE('',*,*,#10018,.F.);
#10018 = EDGE_CURVE('',#9949,#10011,#10019,.T.);
#10019 = LINE('',#10020,#10021);
#10020 = CARTESIAN_POINT('',(98.6,67.,29.175426480543));
#10021 = VECTOR('',#10022,1.);
#10022 = DIRECTION('',(0.,-0.866025403784,-0.5));
#10023 = PLANE('',#10024);
#10024 = AXIS2_PLACEMENT_3D('',#10025,#10026,#10027);
#10025 = CARTESIAN_POINT('',(98.6,67.,29.175426480543));
#10026 = DIRECTION('',(0.,0.5,-0.866025403784));
#10027 = DIRECTION('',(0.,-0.866025403784,-0.5));
#10028 = ADVANCED_FACE('',(#10029,#10056),#10067,.F.);
#10029 = FACE_BOUND('',#10030,.F.);
#10030 = EDGE_LOOP('',(#10031,#10032,#10033,#10041,#10049,#10055));
#10031 = ORIENTED_EDGE('',*,*,#9956,.T.);
#10032 = ORIENTED_EDGE('',*,*,#10018,.T.);
#10033 = ORIENTED_EDGE('',*,*,#10034,.T.);
#10034 = EDGE_CURVE('',#10011,#10035,#10037,.T.);
#10035 = VERTEX_POINT('',#10036);
#10036 = CARTESIAN_POINT('',(98.6,64.25,24.412286759729));
#10037 = LINE('',#10038,#10039);
#10038 = CARTESIAN_POINT('',(98.6,64.25,27.587713240271));
#10039 = VECTOR('',#10040,1.);
#10040 = DIRECTION('',(0.,0.,-1.));
#10041 = ORIENTED_EDGE('',*,*,#10042,.T.);
#10042 = EDGE_CURVE('',#10035,#10043,#10045,.T.);
#10043 = VERTEX_POINT('',#10044);
#10044 = CARTESIAN_POINT('',(98.6,67.,22.824573519457));
#10045 = LINE('',#10046,#10047);
#10046 = CARTESIAN_POINT('',(98.6,64.25,24.412286759729));
#10047 = VECTOR('',#10048,1.);
#10048 = DIRECTION('',(0.,0.866025403784,-0.5));
#10049 = ORIENTED_EDGE('',*,*,#10050,.T.);
#10050 = EDGE_CURVE('',#10043,#9971,#10051,.T.);
#10051 = LINE('',#10052,#10053);
#10052 = CARTESIAN_POINT('',(98.6,67.,22.824573519457));
#10053 = VECTOR('',#10054,1.);
#10054 = DIRECTION('',(0.,0.866025403784,0.5));
#10055 = ORIENTED_EDGE('',*,*,#9987,.T.);
#10056 = FACE_BOUND('',#10057,.F.);
#10057 = EDGE_LOOP('',(#10058));
#10058 = ORIENTED_EDGE('',*,*,#10059,.F.);
#10059 = EDGE_CURVE('',#10060,#10060,#10062,.T.);
#10060 = VERTEX_POINT('',#10061);
#10061 = CARTESIAN_POINT('',(98.6,67.,27.5));
#10062 = CIRCLE('',#10063,1.5);
#10063 = AXIS2_PLACEMENT_3D('',#10064,#10065,#10066);
#10064 = CARTESIAN_POINT('',(98.6,67.,26.));
#10065 = DIRECTION('',(1.,0.,-0.));
#10066 = DIRECTION('',(0.,0.,1.));
#10067 = PLANE('',#10068);
#10068 = AXIS2_PLACEMENT_3D('',#10069,#10070,#10071);
#10069 = CARTESIAN_POINT('',(98.6,67.,26.));
#10070 = DIRECTION('',(1.,0.,0.));
#10071 = DIRECTION('',(0.,0.,1.));
#10072 = ADVANCED_FACE('',(#10073,#10100),#10111,.T.);
#10073 = FACE_BOUND('',#10074,.T.);
#10074 = EDGE_LOOP('',(#10075,#10076,#10077,#10085,#10093,#10099));
#10075 = ORIENTED_EDGE('',*,*,#9940,.T.);
#10076 = ORIENTED_EDGE('',*,*,#10002,.T.);
#10077 = ORIENTED_EDGE('',*,*,#10078,.T.);
#10078 = EDGE_CURVE('',#10003,#10079,#10081,.T.);
#10079 = VERTEX_POINT('',#10080);
#10080 = CARTESIAN_POINT('',(101.,64.25,24.412286759729));
#10081 = LINE('',#10082,#10083);
#10082 = CARTESIAN_POINT('',(101.,64.25,27.587713240271));
#10083 = VECTOR('',#10084,1.);
#10084 = DIRECTION('',(0.,0.,-1.));
#10085 = ORIENTED_EDGE('',*,*,#10086,.T.);
#10086 = EDGE_CURVE('',#10079,#10087,#10089,.T.);
#10087 = VERTEX_POINT('',#10088);
#10088 = CARTESIAN_POINT('',(101.,67.,22.824573519457));
#10089 = LINE('',#10090,#10091);
#10090 = CARTESIAN_POINT('',(101.,64.25,24.412286759729));
#10091 = VECTOR('',#10092,1.);
#10092 = DIRECTION('',(0.,0.866025403784,-0.5));
#10093 = ORIENTED_EDGE('',*,*,#10094,.T.);
#10094 = EDGE_CURVE('',#10087,#9973,#10095,.T.);
#10095 = LINE('',#10096,#10097);
#10096 = CARTESIAN_POINT('',(101.,67.,22.824573519457));
#10097 = VECTOR('',#10098,1.);
#10098 = DIRECTION('',(0.,0.866025403784,0.5));
#10099 = ORIENTED_EDGE('',*,*,#9980,.T.);
#10100 = FACE_BOUND('',#10101,.T.);
#10101 = EDGE_LOOP('',(#10102));
#10102 = ORIENTED_EDGE('',*,*,#10103,.F.);
#10103 = EDGE_CURVE('',#10104,#10104,#10106,.T.);
#10104 = VERTEX_POINT('',#10105);
#10105 = CARTESIAN_POINT('',(101.,67.,27.5));
#10106 = CIRCLE('',#10107,1.5);
#10107 = AXIS2_PLACEMENT_3D('',#10108,#10109,#10110);
#10108 = CARTESIAN_POINT('',(101.,67.,26.));
#10109 = DIRECTION('',(1.,0.,-0.));
#10110 = DIRECTION('',(0.,0.,1.));
#10111 = PLANE('',#10112);
#10112 = AXIS2_PLACEMENT_3D('',#10113,#10114,#10115);
#10113 = CARTESIAN_POINT('',(101.,67.,26.));
#10114 = DIRECTION('',(1.,0.,0.));
#10115 = DIRECTION('',(0.,0.,1.));
#10116 = ADVANCED_FACE('',(#10117),#10128,.F.);
#10117 = FACE_BOUND('',#10118,.F.);
#10118 = EDGE_LOOP('',(#10119,#10125,#10126,#10127));
#10119 = ORIENTED_EDGE('',*,*,#10120,.T.);
#10120 = EDGE_CURVE('',#10043,#10087,#10121,.T.);
#10121 = LINE('',#10122,#10123);
#10122 = CARTESIAN_POINT('',(98.6,67.,22.824573519457));
#10123 = VECTOR('',#10124,1.);
#10124 = DIRECTION('',(1.,0.,0.));
#10125 = ORIENTED_EDGE('',*,*,#10094,.T.);
#10126 = ORIENTED_EDGE('',*,*,#9970,.F.);
#10127 = ORIENTED_EDGE('',*,*,#10050,.F.);
#10128 = PLANE('',#10129);
#10129 = AXIS2_PLACEMENT_3D('',#10130,#10131,#10132);
#10130 = CARTESIAN_POINT('',(98.6,67.,22.824573519457));
#10131 = DIRECTION('',(0.,-0.5,0.866025403784));
#10132 = DIRECTION('',(0.,0.866025403784,0.5));
#10133 = ADVANCED_FACE('',(#10134),#10145,.F.);
#10134 = FACE_BOUND('',#10135,.F.);
#10135 = EDGE_LOOP('',(#10136,#10137,#10138,#10144));
#10136 = ORIENTED_EDGE('',*,*,#10010,.T.);
#10137 = ORIENTED_EDGE('',*,*,#10078,.T.);
#10138 = ORIENTED_EDGE('',*,*,#10139,.F.);
#10139 = EDGE_CURVE('',#10035,#10079,#10140,.T.);
#10140 = LINE('',#10141,#10142);
#10141 = CARTESIAN_POINT('',(98.6,64.25,24.412286759729));
#10142 = VECTOR('',#10143,1.);
#10143 = DIRECTION('',(1.,0.,0.));
#10144 = ORIENTED_EDGE('',*,*,#10034,.F.);
#10145 = PLANE('',#10146);
#10146 = AXIS2_PLACEMENT_3D('',#10147,#10148,#10149);
#10147 = CARTESIAN_POINT('',(98.6,64.25,27.587713240271));
#10148 = DIRECTION('',(0.,1.,0.));
#10149 = DIRECTION('',(0.,0.,-1.));
#10150 = ADVANCED_FACE('',(#10151),#10157,.F.);
#10151 = FACE_BOUND('',#10152,.F.);
#10152 = EDGE_LOOP('',(#10153,#10154,#10155,#10156));
#10153 = ORIENTED_EDGE('',*,*,#10139,.T.);
#10154 = ORIENTED_EDGE('',*,*,#10086,.T.);
#10155 = ORIENTED_EDGE('',*,*,#10120,.F.);
#10156 = ORIENTED_EDGE('',*,*,#10042,.F.);
#10157 = PLANE('',#10158);
#10158 = AXIS2_PLACEMENT_3D('',#10159,#10160,#10161);
#10159 = CARTESIAN_POINT('',(98.6,64.25,24.412286759729));
#10160 = DIRECTION('',(0.,0.5,0.866025403784));
#10161 = DIRECTION('',(0.,0.866025403784,-0.5));
#10162 = ADVANCED_FACE('',(#10163),#10174,.F.);
#10163 = FACE_BOUND('',#10164,.F.);
#10164 = EDGE_LOOP('',(#10165,#10166,#10172,#10173));
#10165 = ORIENTED_EDGE('',*,*,#10103,.F.);
#10166 = ORIENTED_EDGE('',*,*,#10167,.F.);
#10167 = EDGE_CURVE('',#10060,#10104,#10168,.T.);
#10168 = LINE('',#10169,#10170);
#10169 = CARTESIAN_POINT('',(98.5,67.,27.5));
#10170 = VECTOR('',#10171,1.);
#10171 = DIRECTION('',(1.,0.,0.));
#10172 = ORIENTED_EDGE('',*,*,#10059,.T.);
#10173 = ORIENTED_EDGE('',*,*,#10167,.T.);
#10174 = CYLINDRICAL_SURFACE('',#10175,1.5);
#10175 = AXIS2_PLACEMENT_3D('',#10176,#10177,#10178);
#10176 = CARTESIAN_POINT('',(98.5,67.,26.));
#10177 = DIRECTION('',(1.,0.,0.));
#10178 = DIRECTION('',(0.,0.,1.));
#10179 = ( GEOMETRIC_REPRESENTATION_CONTEXT(3) 
GLOBAL_UNCERTAINTY_ASSIGNED_CONTEXT((#10183)) 
GLOBAL_UNIT_ASSIGNED_CONTEXT((#10180,#10181,#10182)) 
REPRESENTATION_CONTEXT('Context #1',
  '3D Context with UNIT and UNCERTAINTY') );
#10180 = ( LENGTH_UNIT() NAMED_UNIT(*) SI_UNIT(.MILLI.,.METRE.) );
#10181 = ( NAMED_UNIT(*) PLANE_ANGLE_UNIT() SI_UNIT($,.RADIAN.) );
#10182 = ( NAMED_UNIT(*) SI_UNIT($,.STERADIAN.) SOLID_ANGLE_UNIT() );
#10183 = UNCERTAINTY_MEASURE_WITH_UNIT(LENGTH_MEASURE(1.E-07),#10180,
  'distance_accuracy_value','confusion accuracy');
#10184 = PRODUCT_RELATED_PRODUCT_CATEGORY('part',$,(#7));
ENDSEC;
END-ISO-10303-21;
