ISO-10303-21;
HEADER;
FILE_DESCRIPTION(('FreeCAD Model'),'2;1');
FILE_NAME('Open CASCADE Shape Model','2026-09-28T10:39:43',('FreeCAD'),(
    'FreeCAD'),'Open CASCADE STEP processor 7.8','FreeCAD','Unknown');
FILE_SCHEMA(('AUTOMOTIVE_DESIGN { 1 0 10303 214 1 1 1 1 }'));
ENDSEC;
DATA;
#1 = APPLICATION_PROTOCOL_DEFINITION('international standard',
  'automotive_design',2000,#2);
#2 = APPLICATION_CONTEXT(
  'core data for automotive mechanical design processes');
#3 = SHAPE_DEFINITION_REPRESENTATION(#4,#10);
#4 = PRODUCT_DEFINITION_SHAPE('','',#5);
#5 = PRODUCT_DEFINITION('design','',#6,#9);
#6 = PRODUCT_DEFINITION_FORMATION('','',#7);
#7 = PRODUCT('Open CASCADE STEP translator 7.8 6',
  'Open CASCADE STEP translator 7.8 6','',(#8));
#8 = PRODUCT_CONTEXT('',#2,'mechanical');
#9 = PRODUCT_DEFINITION_CONTEXT('part definition',#2,'design');
#10 = SHAPE_REPRESENTATION('',(#11,#15,#8250,#14667,#16009,#17351,#17449
    ,#17547,#17645,#17743,#17841,#17939,#18037,#18135,#18233,#18331,
    #18429,#18527,#18782,#19037,#19292),#19547);
#11 = AXIS2_PLACEMENT_3D('',#12,#13,#14);
#12 = CARTESIAN_POINT('',(0.,0.,0.));
#13 = DIRECTION('',(0.,0.,1.));
#14 = DIRECTION('',(1.,0.,-0.));
#15 = MANIFOLD_SOLID_BREP('',#16);
#16 = CLOSED_SHELL('',(#17,#175,#223,#247,#272,#296,#321,#345,#370,#394,
    #419,#443,#468,#492,#517,#541,#582,#650,#701,#769,#809,#849,#919,
    #959,#992,#1008,#1042,#1066,#1337,#1361,#1372,#1471,#1495,#1506,
    #1784,#1800,#1834,#1851,#1884,#1924,#1941,#2287,#2485,#2817,#2850,
    #2883,#2900,#2918,#2951,#3033,#3058,#3080,#3097,#3114,#3131,#3148,
    #3165,#3182,#3194,#3216,#3233,#3250,#3267,#3284,#3301,#3318,#3330,
    #3352,#3369,#3386,#3403,#3420,#3437,#3454,#3466,#3484,#3546,#3579,
    #3603,#3628,#3652,#3677,#3701,#3727,#3750,#3775,#3797,#3814,#3831,
    #3848,#3865,#3882,#3899,#3911,#3933,#3950,#3967,#3984,#4001,#4018,
    #4035,#4047,#4069,#4086,#4103,#4120,#4137,#4154,#4171,#4183,#4201,
    #4226,#4340,#4371,#4406,#4441,#4458,#4517,#4548,#4583,#4618,#4635,
    #4652,#4868,#4917,#4941,#4966,#4990,#5015,#5039,#5089,#5113,#5163,
    #5187,#5212,#5236,#5261,#5285,#5327,#5344,#5375,#5410,#5445,#5462,
    #5521,#5552,#5587,#5622,#5639,#5657,#5668,#5884,#5916,#5941,#5965,
    #5990,#6015,#6035,#6046,#6063,#6143,#6163,#6195,#6219,#6243,#6268,
    #6292,#6317,#6341,#6365,#6390,#6402,#6419,#6463,#6487,#6512,#6529,
    #6541,#6558,#6580,#6597,#6614,#6626,#6648,#6665,#6682,#6694,#6716,
    #6733,#6750,#6762,#6784,#6801,#6818,#6830,#6852,#6869,#6886,#6898,
    #6920,#6937,#6954,#6966,#7025,#7084,#7143,#7202,#7214,#7231,#7275,
    #7299,#7324,#7341,#7353,#7370,#7404,#7421,#7446,#7471,#7496,#7521,
    #7538,#7550,#7581,#7605,#7629,#7653,#7677,#7694,#7725,#7749,#7773,
    #7797,#7821,#7838,#7869,#7893,#7917,#7941,#7965,#7982,#8013,#8037,
    #8061,#8085,#8109,#8126,#8138,#8155,#8172,#8189,#8206,#8228));
#17 = ADVANCED_FACE('',(#18),#170,.F.);
#18 = FACE_BOUND('',#19,.F.);
#19 = EDGE_LOOP('',(#20,#30,#38,#46,#54,#62,#70,#79,#87,#96,#104,#113,
    #121,#130,#138,#147,#155,#164));
#20 = ORIENTED_EDGE('',*,*,#21,.F.);
#21 = EDGE_CURVE('',#22,#24,#26,.T.);
#22 = VERTEX_POINT('',#23);
#23 = CARTESIAN_POINT('',(-20.,-77.,-55.));
#24 = VERTEX_POINT('',#25);
#25 = CARTESIAN_POINT('',(-20.,-70.,-55.));
#26 = LINE('',#27,#28);
#27 = CARTESIAN_POINT('',(-20.,-86.,-55.));
#28 = VECTOR('',#29,1.);
#29 = DIRECTION('',(0.,1.,0.));
#30 = ORIENTED_EDGE('',*,*,#31,.T.);
#31 = EDGE_CURVE('',#22,#32,#34,.T.);
#32 = VERTEX_POINT('',#33);
#33 = CARTESIAN_POINT('',(112.,-77.,-55.));
#34 = LINE('',#35,#36);
#35 = CARTESIAN_POINT('',(-94.,-77.,-55.));
#36 = VECTOR('',#37,1.);
#37 = DIRECTION('',(1.,0.,0.));
#38 = ORIENTED_EDGE('',*,*,#39,.T.);
#39 = EDGE_CURVE('',#32,#40,#42,.T.);
#40 = VERTEX_POINT('',#41);
#41 = CARTESIAN_POINT('',(112.,77.,-55.));
#42 = LINE('',#43,#44);
#43 = CARTESIAN_POINT('',(112.,-82.,-55.));
#44 = VECTOR('',#45,1.);
#45 = DIRECTION('',(0.,1.,0.));
#46 = ORIENTED_EDGE('',*,*,#47,.F.);
#47 = EDGE_CURVE('',#48,#40,#50,.T.);
#48 = VERTEX_POINT('',#49);
#49 = CARTESIAN_POINT('',(-20.,77.,-55.));
#50 = LINE('',#51,#52);
#51 = CARTESIAN_POINT('',(-94.,77.,-55.));
#52 = VECTOR('',#53,1.);
#53 = DIRECTION('',(1.,0.,0.));
#54 = ORIENTED_EDGE('',*,*,#55,.F.);
#55 = EDGE_CURVE('',#56,#48,#58,.T.);
#56 = VERTEX_POINT('',#57);
#57 = CARTESIAN_POINT('',(-20.,70.,-55.));
#58 = LINE('',#59,#60);
#59 = CARTESIAN_POINT('',(-20.,-86.,-55.));
#60 = VECTOR('',#61,1.);
#61 = DIRECTION('',(0.,1.,0.));
#62 = ORIENTED_EDGE('',*,*,#63,.F.);
#63 = EDGE_CURVE('',#64,#56,#66,.T.);
#64 = VERTEX_POINT('',#65);
#65 = CARTESIAN_POINT('',(32.354248688935,70.,-55.));
#66 = LINE('',#67,#68);
#67 = CARTESIAN_POINT('',(-86.5,70.,-55.));
#68 = VECTOR('',#69,1.);
#69 = DIRECTION('',(-1.,0.,0.));
#70 = ORIENTED_EDGE('',*,*,#71,.F.);
#71 = EDGE_CURVE('',#72,#64,#74,.T.);
#72 = VERTEX_POINT('',#73);
#73 = CARTESIAN_POINT('',(37.645751311065,70.,-55.));
#74 = CIRCLE('',#75,4.);
#75 = AXIS2_PLACEMENT_3D('',#76,#77,#78);
#76 = CARTESIAN_POINT('',(35.,67.,-55.));
#77 = DIRECTION('',(0.,0.,1.));
#78 = DIRECTION('',(1.,0.,0.));
#79 = ORIENTED_EDGE('',*,*,#80,.F.);
#80 = EDGE_CURVE('',#81,#72,#83,.T.);
#81 = VERTEX_POINT('',#82);
#82 = CARTESIAN_POINT('',(67.354248688935,70.,-55.));
#83 = LINE('',#84,#85);
#84 = CARTESIAN_POINT('',(-86.5,70.,-55.));
#85 = VECTOR('',#86,1.);
#86 = DIRECTION('',(-1.,0.,0.));
#87 = ORIENTED_EDGE('',*,*,#88,.F.);
#88 = EDGE_CURVE('',#89,#81,#91,.T.);
#89 = VERTEX_POINT('',#90);
#90 = CARTESIAN_POINT('',(72.645751311065,70.,-55.));
#91 = CIRCLE('',#92,4.);
#92 = AXIS2_PLACEMENT_3D('',#93,#94,#95);
#93 = CARTESIAN_POINT('',(70.,67.,-55.));
#94 = DIRECTION('',(0.,0.,1.));
#95 = DIRECTION('',(1.,0.,0.));
#96 = ORIENTED_EDGE('',*,*,#97,.F.);
#97 = EDGE_CURVE('',#98,#89,#100,.T.);
#98 = VERTEX_POINT('',#99);
#99 = CARTESIAN_POINT('',(79.,70.,-55.));
#100 = LINE('',#101,#102);
#101 = CARTESIAN_POINT('',(-86.5,70.,-55.));
#102 = VECTOR('',#103,1.);
#103 = DIRECTION('',(-1.,0.,0.));
#104 = ORIENTED_EDGE('',*,*,#105,.F.);
#105 = EDGE_CURVE('',#106,#98,#108,.T.);
#106 = VERTEX_POINT('',#107);
#107 = CARTESIAN_POINT('',(85.,64.,-55.));
#108 = CIRCLE('',#109,6.);
#109 = AXIS2_PLACEMENT_3D('',#110,#111,#112);
#110 = CARTESIAN_POINT('',(79.,64.,-55.));
#111 = DIRECTION('',(0.,0.,1.));
#112 = DIRECTION('',(1.,0.,0.));
#113 = ORIENTED_EDGE('',*,*,#114,.F.);
#114 = EDGE_CURVE('',#115,#106,#117,.T.);
#115 = VERTEX_POINT('',#116);
#116 = CARTESIAN_POINT('',(85.,-64.,-55.));
#117 = LINE('',#118,#119);
#118 = CARTESIAN_POINT('',(85.,-73.,-55.));
#119 = VECTOR('',#120,1.);
#120 = DIRECTION('',(0.,1.,0.));
#121 = ORIENTED_EDGE('',*,*,#122,.F.);
#122 = EDGE_CURVE('',#123,#115,#125,.T.);
#123 = VERTEX_POINT('',#124);
#124 = CARTESIAN_POINT('',(79.,-70.,-55.));
#125 = CIRCLE('',#126,6.);
#126 = AXIS2_PLACEMENT_3D('',#127,#128,#129);
#127 = CARTESIAN_POINT('',(79.,-64.,-55.));
#128 = DIRECTION('',(0.,0.,1.));
#129 = DIRECTION('',(1.,0.,0.));
#130 = ORIENTED_EDGE('',*,*,#131,.T.);
#131 = EDGE_CURVE('',#123,#132,#134,.T.);
#132 = VERTEX_POINT('',#133);
#133 = CARTESIAN_POINT('',(72.645751311065,-70.,-55.));
#134 = LINE('',#135,#136);
#135 = CARTESIAN_POINT('',(-86.5,-70.,-55.));
#136 = VECTOR('',#137,1.);
#137 = DIRECTION('',(-1.,0.,0.));
#138 = ORIENTED_EDGE('',*,*,#139,.F.);
#139 = EDGE_CURVE('',#140,#132,#142,.T.);
#140 = VERTEX_POINT('',#141);
#141 = CARTESIAN_POINT('',(67.354248688935,-70.,-55.));
#142 = CIRCLE('',#143,4.);
#143 = AXIS2_PLACEMENT_3D('',#144,#145,#146);
#144 = CARTESIAN_POINT('',(70.,-67.,-55.));
#145 = DIRECTION('',(0.,0.,1.));
#146 = DIRECTION('',(1.,0.,0.));
#147 = ORIENTED_EDGE('',*,*,#148,.T.);
#148 = EDGE_CURVE('',#140,#149,#151,.T.);
#149 = VERTEX_POINT('',#150);
#150 = CARTESIAN_POINT('',(37.645751311065,-70.,-55.));
#151 = LINE('',#152,#153);
#152 = CARTESIAN_POINT('',(-86.5,-70.,-55.));
#153 = VECTOR('',#154,1.);
#154 = DIRECTION('',(-1.,0.,0.));
#155 = ORIENTED_EDGE('',*,*,#156,.F.);
#156 = EDGE_CURVE('',#157,#149,#159,.T.);
#157 = VERTEX_POINT('',#158);
#158 = CARTESIAN_POINT('',(32.354248688935,-70.,-55.));
#159 = CIRCLE('',#160,4.);
#160 = AXIS2_PLACEMENT_3D('',#161,#162,#163);
#161 = CARTESIAN_POINT('',(35.,-67.,-55.));
#162 = DIRECTION('',(0.,0.,1.));
#163 = DIRECTION('',(1.,0.,0.));
#164 = ORIENTED_EDGE('',*,*,#165,.T.);
#165 = EDGE_CURVE('',#157,#24,#166,.T.);
#166 = LINE('',#167,#168);
#167 = CARTESIAN_POINT('',(-86.5,-70.,-55.));
#168 = VECTOR('',#169,1.);
#169 = DIRECTION('',(-1.,0.,0.));
#170 = PLANE('',#171);
#171 = AXIS2_PLACEMENT_3D('',#172,#173,#174);
#172 = CARTESIAN_POINT('',(-94.,-82.,-55.));
#173 = DIRECTION('',(0.,0.,1.));
#174 = DIRECTION('',(1.,0.,0.));
#175 = ADVANCED_FACE('',(#176),#218,.F.);
#176 = FACE_BOUND('',#177,.F.);
#177 = EDGE_LOOP('',(#178,#188,#195,#196,#204,#212));
#178 = ORIENTED_EDGE('',*,*,#179,.T.);
#179 = EDGE_CURVE('',#180,#182,#184,.T.);
#180 = VERTEX_POINT('',#181);
#181 = CARTESIAN_POINT('',(-20.,-77.,-54.8));
#182 = VERTEX_POINT('',#183);
#183 = CARTESIAN_POINT('',(-20.,-78.4,-54.8));
#184 = LINE('',#185,#186);
#185 = CARTESIAN_POINT('',(-20.,-90.,-54.8));
#186 = VECTOR('',#187,1.);
#187 = DIRECTION('',(0.,-1.,0.));
#188 = ORIENTED_EDGE('',*,*,#189,.T.);
#189 = EDGE_CURVE('',#182,#22,#190,.T.);
#190 = CIRCLE('',#191,5.);
#191 = AXIS2_PLACEMENT_3D('',#192,#193,#194);
#192 = CARTESIAN_POINT('',(-20.,-77.,-50.));
#193 = DIRECTION('',(1.,0.,0.));
#194 = DIRECTION('',(0.,-1.,0.));
#195 = ORIENTED_EDGE('',*,*,#21,.T.);
#196 = ORIENTED_EDGE('',*,*,#197,.F.);
#197 = EDGE_CURVE('',#198,#24,#200,.T.);
#198 = VERTEX_POINT('',#199);
#199 = CARTESIAN_POINT('',(-20.,-70.,-50.));
#200 = LINE('',#201,#202);
#201 = CARTESIAN_POINT('',(-20.,-70.,-58.));
#202 = VECTOR('',#203,1.);
#203 = DIRECTION('',(0.,0.,-1.));
#204 = ORIENTED_EDGE('',*,*,#205,.F.);
#205 = EDGE_CURVE('',#206,#198,#208,.T.);
#206 = VERTEX_POINT('',#207);
#207 = CARTESIAN_POINT('',(-20.,-77.,-50.));
#208 = LINE('',#209,#210);
#209 = CARTESIAN_POINT('',(-20.,-90.,-50.));
#210 = VECTOR('',#211,1.);
#211 = DIRECTION('',(0.,1.,0.));
#212 = ORIENTED_EDGE('',*,*,#213,.F.);
#213 = EDGE_CURVE('',#180,#206,#214,.T.);
#214 = LINE('',#215,#216);
#215 = CARTESIAN_POINT('',(-20.,-77.,-58.5));
#216 = VECTOR('',#217,1.);
#217 = DIRECTION('',(0.,0.,1.));
#218 = PLANE('',#219);
#219 = AXIS2_PLACEMENT_3D('',#220,#221,#222);
#220 = CARTESIAN_POINT('',(-20.,-90.,-60.));
#221 = DIRECTION('',(1.,0.,0.));
#222 = DIRECTION('',(0.,0.,1.));
#223 = ADVANCED_FACE('',(#224),#242,.T.);
#224 = FACE_BOUND('',#225,.T.);
#225 = EDGE_LOOP('',(#226,#234,#235,#236));
#226 = ORIENTED_EDGE('',*,*,#227,.F.);
#227 = EDGE_CURVE('',#157,#228,#230,.T.);
#228 = VERTEX_POINT('',#229);
#229 = CARTESIAN_POINT('',(32.354248688935,-70.,-50.));
#230 = LINE('',#231,#232);
#231 = CARTESIAN_POINT('',(32.354248688935,-70.,-55.5));
#232 = VECTOR('',#233,1.);
#233 = DIRECTION('',(0.,0.,1.));
#234 = ORIENTED_EDGE('',*,*,#165,.T.);
#235 = ORIENTED_EDGE('',*,*,#197,.F.);
#236 = ORIENTED_EDGE('',*,*,#237,.F.);
#237 = EDGE_CURVE('',#228,#198,#238,.T.);
#238 = LINE('',#239,#240);
#239 = CARTESIAN_POINT('',(-89.5,-70.,-50.));
#240 = VECTOR('',#241,1.);
#241 = DIRECTION('',(-1.,0.,0.));
#242 = PLANE('',#243);
#243 = AXIS2_PLACEMENT_3D('',#244,#245,#246);
#244 = CARTESIAN_POINT('',(-79.,-70.,-56.));
#245 = DIRECTION('',(0.,1.,0.));
#246 = DIRECTION('',(0.,0.,1.));
#247 = ADVANCED_FACE('',(#248),#267,.F.);
#248 = FACE_BOUND('',#249,.F.);
#249 = EDGE_LOOP('',(#250,#251,#252,#260));
#250 = ORIENTED_EDGE('',*,*,#227,.F.);
#251 = ORIENTED_EDGE('',*,*,#156,.T.);
#252 = ORIENTED_EDGE('',*,*,#253,.T.);
#253 = EDGE_CURVE('',#149,#254,#256,.T.);
#254 = VERTEX_POINT('',#255);
#255 = CARTESIAN_POINT('',(37.645751311065,-70.,-50.));
#256 = LINE('',#257,#258);
#257 = CARTESIAN_POINT('',(37.645751311065,-70.,-55.5));
#258 = VECTOR('',#259,1.);
#259 = DIRECTION('',(0.,0.,1.));
#260 = ORIENTED_EDGE('',*,*,#261,.F.);
#261 = EDGE_CURVE('',#228,#254,#262,.T.);
#262 = CIRCLE('',#263,4.);
#263 = AXIS2_PLACEMENT_3D('',#264,#265,#266);
#264 = CARTESIAN_POINT('',(35.,-67.,-50.));
#265 = DIRECTION('',(0.,0.,1.));
#266 = DIRECTION('',(1.,0.,0.));
#267 = CYLINDRICAL_SURFACE('',#268,4.);
#268 = AXIS2_PLACEMENT_3D('',#269,#270,#271);
#269 = CARTESIAN_POINT('',(35.,-67.,-55.5));
#270 = DIRECTION('',(0.,0.,1.));
#271 = DIRECTION('',(1.,0.,0.));
#272 = ADVANCED_FACE('',(#273),#291,.T.);
#273 = FACE_BOUND('',#274,.T.);
#274 = EDGE_LOOP('',(#275,#283,#284,#285));
#275 = ORIENTED_EDGE('',*,*,#276,.F.);
#276 = EDGE_CURVE('',#140,#277,#279,.T.);
#277 = VERTEX_POINT('',#278);
#278 = CARTESIAN_POINT('',(67.354248688935,-70.,-50.));
#279 = LINE('',#280,#281);
#280 = CARTESIAN_POINT('',(67.354248688935,-70.,-55.5));
#281 = VECTOR('',#282,1.);
#282 = DIRECTION('',(0.,0.,1.));
#283 = ORIENTED_EDGE('',*,*,#148,.T.);
#284 = ORIENTED_EDGE('',*,*,#253,.T.);
#285 = ORIENTED_EDGE('',*,*,#286,.F.);
#286 = EDGE_CURVE('',#277,#254,#287,.T.);
#287 = LINE('',#288,#289);
#288 = CARTESIAN_POINT('',(-89.5,-70.,-50.));
#289 = VECTOR('',#290,1.);
#290 = DIRECTION('',(-1.,0.,0.));
#291 = PLANE('',#292);
#292 = AXIS2_PLACEMENT_3D('',#293,#294,#295);
#293 = CARTESIAN_POINT('',(-79.,-70.,-56.));
#294 = DIRECTION('',(0.,1.,0.));
#295 = DIRECTION('',(0.,0.,1.));
#296 = ADVANCED_FACE('',(#297),#316,.F.);
#297 = FACE_BOUND('',#298,.F.);
#298 = EDGE_LOOP('',(#299,#300,#301,#309));
#299 = ORIENTED_EDGE('',*,*,#276,.F.);
#300 = ORIENTED_EDGE('',*,*,#139,.T.);
#301 = ORIENTED_EDGE('',*,*,#302,.T.);
#302 = EDGE_CURVE('',#132,#303,#305,.T.);
#303 = VERTEX_POINT('',#304);
#304 = CARTESIAN_POINT('',(72.645751311065,-70.,-50.));
#305 = LINE('',#306,#307);
#306 = CARTESIAN_POINT('',(72.645751311065,-70.,-55.5));
#307 = VECTOR('',#308,1.);
#308 = DIRECTION('',(0.,0.,1.));
#309 = ORIENTED_EDGE('',*,*,#310,.F.);
#310 = EDGE_CURVE('',#277,#303,#311,.T.);
#311 = CIRCLE('',#312,4.);
#312 = AXIS2_PLACEMENT_3D('',#313,#314,#315);
#313 = CARTESIAN_POINT('',(70.,-67.,-50.));
#314 = DIRECTION('',(0.,0.,1.));
#315 = DIRECTION('',(1.,0.,0.));
#316 = CYLINDRICAL_SURFACE('',#317,4.);
#317 = AXIS2_PLACEMENT_3D('',#318,#319,#320);
#318 = CARTESIAN_POINT('',(70.,-67.,-55.5));
#319 = DIRECTION('',(0.,0.,1.));
#320 = DIRECTION('',(1.,0.,0.));
#321 = ADVANCED_FACE('',(#322),#340,.T.);
#322 = FACE_BOUND('',#323,.T.);
#323 = EDGE_LOOP('',(#324,#332,#333,#334));
#324 = ORIENTED_EDGE('',*,*,#325,.F.);
#325 = EDGE_CURVE('',#123,#326,#328,.T.);
#326 = VERTEX_POINT('',#327);
#327 = CARTESIAN_POINT('',(79.,-70.,-50.));
#328 = LINE('',#329,#330);
#329 = CARTESIAN_POINT('',(79.,-70.,-56.));
#330 = VECTOR('',#331,1.);
#331 = DIRECTION('',(0.,0.,1.));
#332 = ORIENTED_EDGE('',*,*,#131,.T.);
#333 = ORIENTED_EDGE('',*,*,#302,.T.);
#334 = ORIENTED_EDGE('',*,*,#335,.F.);
#335 = EDGE_CURVE('',#326,#303,#336,.T.);
#336 = LINE('',#337,#338);
#337 = CARTESIAN_POINT('',(-89.5,-70.,-50.));
#338 = VECTOR('',#339,1.);
#339 = DIRECTION('',(-1.,0.,0.));
#340 = PLANE('',#341);
#341 = AXIS2_PLACEMENT_3D('',#342,#343,#344);
#342 = CARTESIAN_POINT('',(-79.,-70.,-56.));
#343 = DIRECTION('',(0.,1.,0.));
#344 = DIRECTION('',(0.,0.,1.));
#345 = ADVANCED_FACE('',(#346),#365,.F.);
#346 = FACE_BOUND('',#347,.F.);
#347 = EDGE_LOOP('',(#348,#357,#358,#359));
#348 = ORIENTED_EDGE('',*,*,#349,.F.);
#349 = EDGE_CURVE('',#326,#350,#352,.T.);
#350 = VERTEX_POINT('',#351);
#351 = CARTESIAN_POINT('',(85.,-64.,-50.));
#352 = CIRCLE('',#353,6.);
#353 = AXIS2_PLACEMENT_3D('',#354,#355,#356);
#354 = CARTESIAN_POINT('',(79.,-64.,-50.));
#355 = DIRECTION('',(0.,0.,1.));
#356 = DIRECTION('',(1.,0.,0.));
#357 = ORIENTED_EDGE('',*,*,#325,.F.);
#358 = ORIENTED_EDGE('',*,*,#122,.T.);
#359 = ORIENTED_EDGE('',*,*,#360,.T.);
#360 = EDGE_CURVE('',#115,#350,#361,.T.);
#361 = LINE('',#362,#363);
#362 = CARTESIAN_POINT('',(85.,-64.,-56.));
#363 = VECTOR('',#364,1.);
#364 = DIRECTION('',(0.,0.,1.));
#365 = CYLINDRICAL_SURFACE('',#366,6.);
#366 = AXIS2_PLACEMENT_3D('',#367,#368,#369);
#367 = CARTESIAN_POINT('',(79.,-64.,-56.));
#368 = DIRECTION('',(0.,0.,1.));
#369 = DIRECTION('',(1.,0.,0.));
#370 = ADVANCED_FACE('',(#371),#389,.F.);
#371 = FACE_BOUND('',#372,.F.);
#372 = EDGE_LOOP('',(#373,#374,#375,#383));
#373 = ORIENTED_EDGE('',*,*,#360,.F.);
#374 = ORIENTED_EDGE('',*,*,#114,.T.);
#375 = ORIENTED_EDGE('',*,*,#376,.T.);
#376 = EDGE_CURVE('',#106,#377,#379,.T.);
#377 = VERTEX_POINT('',#378);
#378 = CARTESIAN_POINT('',(85.,64.,-50.));
#379 = LINE('',#380,#381);
#380 = CARTESIAN_POINT('',(85.,64.,-56.));
#381 = VECTOR('',#382,1.);
#382 = DIRECTION('',(0.,0.,1.));
#383 = ORIENTED_EDGE('',*,*,#384,.F.);
#384 = EDGE_CURVE('',#350,#377,#385,.T.);
#385 = LINE('',#386,#387);
#386 = CARTESIAN_POINT('',(85.,-77.,-50.));
#387 = VECTOR('',#388,1.);
#388 = DIRECTION('',(0.,1.,0.));
#389 = PLANE('',#390);
#390 = AXIS2_PLACEMENT_3D('',#391,#392,#393);
#391 = CARTESIAN_POINT('',(85.,-64.,-56.));
#392 = DIRECTION('',(1.,0.,0.));
#393 = DIRECTION('',(0.,0.,1.));
#394 = ADVANCED_FACE('',(#395),#414,.F.);
#395 = FACE_BOUND('',#396,.F.);
#396 = EDGE_LOOP('',(#397,#406,#407,#408));
#397 = ORIENTED_EDGE('',*,*,#398,.F.);
#398 = EDGE_CURVE('',#377,#399,#401,.T.);
#399 = VERTEX_POINT('',#400);
#400 = CARTESIAN_POINT('',(79.,70.,-50.));
#401 = CIRCLE('',#402,6.);
#402 = AXIS2_PLACEMENT_3D('',#403,#404,#405);
#403 = CARTESIAN_POINT('',(79.,64.,-50.));
#404 = DIRECTION('',(0.,0.,1.));
#405 = DIRECTION('',(1.,0.,0.));
#406 = ORIENTED_EDGE('',*,*,#376,.F.);
#407 = ORIENTED_EDGE('',*,*,#105,.T.);
#408 = ORIENTED_EDGE('',*,*,#409,.T.);
#409 = EDGE_CURVE('',#98,#399,#410,.T.);
#410 = LINE('',#411,#412);
#411 = CARTESIAN_POINT('',(79.,70.,-56.));
#412 = VECTOR('',#413,1.);
#413 = DIRECTION('',(0.,0.,1.));
#414 = CYLINDRICAL_SURFACE('',#415,6.);
#415 = AXIS2_PLACEMENT_3D('',#416,#417,#418);
#416 = CARTESIAN_POINT('',(79.,64.,-56.));
#417 = DIRECTION('',(0.,0.,1.));
#418 = DIRECTION('',(1.,0.,0.));
#419 = ADVANCED_FACE('',(#420),#438,.F.);
#420 = FACE_BOUND('',#421,.F.);
#421 = EDGE_LOOP('',(#422,#423,#424,#432));
#422 = ORIENTED_EDGE('',*,*,#409,.F.);
#423 = ORIENTED_EDGE('',*,*,#97,.T.);
#424 = ORIENTED_EDGE('',*,*,#425,.T.);
#425 = EDGE_CURVE('',#89,#426,#428,.T.);
#426 = VERTEX_POINT('',#427);
#427 = CARTESIAN_POINT('',(72.645751311065,70.,-50.));
#428 = LINE('',#429,#430);
#429 = CARTESIAN_POINT('',(72.645751311065,70.,-55.5));
#430 = VECTOR('',#431,1.);
#431 = DIRECTION('',(0.,0.,1.));
#432 = ORIENTED_EDGE('',*,*,#433,.F.);
#433 = EDGE_CURVE('',#399,#426,#434,.T.);
#434 = LINE('',#435,#436);
#435 = CARTESIAN_POINT('',(-89.5,70.,-50.));
#436 = VECTOR('',#437,1.);
#437 = DIRECTION('',(-1.,0.,0.));
#438 = PLANE('',#439);
#439 = AXIS2_PLACEMENT_3D('',#440,#441,#442);
#440 = CARTESIAN_POINT('',(-79.,70.,-56.));
#441 = DIRECTION('',(0.,1.,0.));
#442 = DIRECTION('',(0.,0.,1.));
#443 = ADVANCED_FACE('',(#444),#463,.F.);
#444 = FACE_BOUND('',#445,.F.);
#445 = EDGE_LOOP('',(#446,#447,#448,#456));
#446 = ORIENTED_EDGE('',*,*,#425,.F.);
#447 = ORIENTED_EDGE('',*,*,#88,.T.);
#448 = ORIENTED_EDGE('',*,*,#449,.T.);
#449 = EDGE_CURVE('',#81,#450,#452,.T.);
#450 = VERTEX_POINT('',#451);
#451 = CARTESIAN_POINT('',(67.354248688935,70.,-50.));
#452 = LINE('',#453,#454);
#453 = CARTESIAN_POINT('',(67.354248688935,70.,-55.5));
#454 = VECTOR('',#455,1.);
#455 = DIRECTION('',(0.,0.,1.));
#456 = ORIENTED_EDGE('',*,*,#457,.F.);
#457 = EDGE_CURVE('',#426,#450,#458,.T.);
#458 = CIRCLE('',#459,4.);
#459 = AXIS2_PLACEMENT_3D('',#460,#461,#462);
#460 = CARTESIAN_POINT('',(70.,67.,-50.));
#461 = DIRECTION('',(0.,0.,1.));
#462 = DIRECTION('',(1.,0.,0.));
#463 = CYLINDRICAL_SURFACE('',#464,4.);
#464 = AXIS2_PLACEMENT_3D('',#465,#466,#467);
#465 = CARTESIAN_POINT('',(70.,67.,-55.5));
#466 = DIRECTION('',(0.,0.,1.));
#467 = DIRECTION('',(1.,0.,0.));
#468 = ADVANCED_FACE('',(#469),#487,.F.);
#469 = FACE_BOUND('',#470,.F.);
#470 = EDGE_LOOP('',(#471,#472,#473,#481));
#471 = ORIENTED_EDGE('',*,*,#449,.F.);
#472 = ORIENTED_EDGE('',*,*,#80,.T.);
#473 = ORIENTED_EDGE('',*,*,#474,.T.);
#474 = EDGE_CURVE('',#72,#475,#477,.T.);
#475 = VERTEX_POINT('',#476);
#476 = CARTESIAN_POINT('',(37.645751311065,70.,-50.));
#477 = LINE('',#478,#479);
#478 = CARTESIAN_POINT('',(37.645751311065,70.,-55.5));
#479 = VECTOR('',#480,1.);
#480 = DIRECTION('',(0.,0.,1.));
#481 = ORIENTED_EDGE('',*,*,#482,.F.);
#482 = EDGE_CURVE('',#450,#475,#483,.T.);
#483 = LINE('',#484,#485);
#484 = CARTESIAN_POINT('',(-89.5,70.,-50.));
#485 = VECTOR('',#486,1.);
#486 = DIRECTION('',(-1.,0.,0.));
#487 = PLANE('',#488);
#488 = AXIS2_PLACEMENT_3D('',#489,#490,#491);
#489 = CARTESIAN_POINT('',(-79.,70.,-56.));
#490 = DIRECTION('',(0.,1.,0.));
#491 = DIRECTION('',(0.,0.,1.));
#492 = ADVANCED_FACE('',(#493),#512,.F.);
#493 = FACE_BOUND('',#494,.F.);
#494 = EDGE_LOOP('',(#495,#496,#497,#505));
#495 = ORIENTED_EDGE('',*,*,#474,.F.);
#496 = ORIENTED_EDGE('',*,*,#71,.T.);
#497 = ORIENTED_EDGE('',*,*,#498,.T.);
#498 = EDGE_CURVE('',#64,#499,#501,.T.);
#499 = VERTEX_POINT('',#500);
#500 = CARTESIAN_POINT('',(32.354248688935,70.,-50.));
#501 = LINE('',#502,#503);
#502 = CARTESIAN_POINT('',(32.354248688935,70.,-55.5));
#503 = VECTOR('',#504,1.);
#504 = DIRECTION('',(0.,0.,1.));
#505 = ORIENTED_EDGE('',*,*,#506,.F.);
#506 = EDGE_CURVE('',#475,#499,#507,.T.);
#507 = CIRCLE('',#508,4.);
#508 = AXIS2_PLACEMENT_3D('',#509,#510,#511);
#509 = CARTESIAN_POINT('',(35.,67.,-50.));
#510 = DIRECTION('',(0.,0.,1.));
#511 = DIRECTION('',(1.,0.,0.));
#512 = CYLINDRICAL_SURFACE('',#513,4.);
#513 = AXIS2_PLACEMENT_3D('',#514,#515,#516);
#514 = CARTESIAN_POINT('',(35.,67.,-55.5));
#515 = DIRECTION('',(0.,0.,1.));
#516 = DIRECTION('',(1.,0.,0.));
#517 = ADVANCED_FACE('',(#518),#536,.F.);
#518 = FACE_BOUND('',#519,.F.);
#519 = EDGE_LOOP('',(#520,#521,#522,#530));
#520 = ORIENTED_EDGE('',*,*,#498,.F.);
#521 = ORIENTED_EDGE('',*,*,#63,.T.);
#522 = ORIENTED_EDGE('',*,*,#523,.F.);
#523 = EDGE_CURVE('',#524,#56,#526,.T.);
#524 = VERTEX_POINT('',#525);
#525 = CARTESIAN_POINT('',(-20.,70.,-50.));
#526 = LINE('',#527,#528);
#527 = CARTESIAN_POINT('',(-20.,70.,-58.));
#528 = VECTOR('',#529,1.);
#529 = DIRECTION('',(0.,0.,-1.));
#530 = ORIENTED_EDGE('',*,*,#531,.F.);
#531 = EDGE_CURVE('',#499,#524,#532,.T.);
#532 = LINE('',#533,#534);
#533 = CARTESIAN_POINT('',(-89.5,70.,-50.));
#534 = VECTOR('',#535,1.);
#535 = DIRECTION('',(-1.,0.,0.));
#536 = PLANE('',#537);
#537 = AXIS2_PLACEMENT_3D('',#538,#539,#540);
#538 = CARTESIAN_POINT('',(-79.,70.,-56.));
#539 = DIRECTION('',(0.,1.,0.));
#540 = DIRECTION('',(0.,0.,1.));
#541 = ADVANCED_FACE('',(#542),#577,.F.);
#542 = FACE_BOUND('',#543,.F.);
#543 = EDGE_LOOP('',(#544,#552,#553,#554,#563,#571));
#544 = ORIENTED_EDGE('',*,*,#545,.F.);
#545 = EDGE_CURVE('',#524,#546,#548,.T.);
#546 = VERTEX_POINT('',#547);
#547 = CARTESIAN_POINT('',(-20.,77.,-50.));
#548 = LINE('',#549,#550);
#549 = CARTESIAN_POINT('',(-20.,-90.,-50.));
#550 = VECTOR('',#551,1.);
#551 = DIRECTION('',(0.,1.,0.));
#552 = ORIENTED_EDGE('',*,*,#523,.T.);
#553 = ORIENTED_EDGE('',*,*,#55,.T.);
#554 = ORIENTED_EDGE('',*,*,#555,.T.);
#555 = EDGE_CURVE('',#48,#556,#558,.T.);
#556 = VERTEX_POINT('',#557);
#557 = CARTESIAN_POINT('',(-20.,78.4,-54.8));
#558 = CIRCLE('',#559,5.);
#559 = AXIS2_PLACEMENT_3D('',#560,#561,#562);
#560 = CARTESIAN_POINT('',(-20.,77.,-50.));
#561 = DIRECTION('',(1.,0.,0.));
#562 = DIRECTION('',(0.,1.,0.));
#563 = ORIENTED_EDGE('',*,*,#564,.T.);
#564 = EDGE_CURVE('',#556,#565,#567,.T.);
#565 = VERTEX_POINT('',#566);
#566 = CARTESIAN_POINT('',(-20.,77.,-54.8));
#567 = LINE('',#568,#569);
#568 = CARTESIAN_POINT('',(-20.,-90.,-54.8));
#569 = VECTOR('',#570,1.);
#570 = DIRECTION('',(0.,-1.,0.));
#571 = ORIENTED_EDGE('',*,*,#572,.T.);
#572 = EDGE_CURVE('',#565,#546,#573,.T.);
#573 = LINE('',#574,#575);
#574 = CARTESIAN_POINT('',(-20.,77.,-58.5));
#575 = VECTOR('',#576,1.);
#576 = DIRECTION('',(0.,0.,1.));
#577 = PLANE('',#578);
#578 = AXIS2_PLACEMENT_3D('',#579,#580,#581);
#579 = CARTESIAN_POINT('',(-20.,-90.,-60.));
#580 = DIRECTION('',(1.,0.,0.));
#581 = DIRECTION('',(0.,0.,1.));
#582 = ADVANCED_FACE('',(#583),#645,.T.);
#583 = FACE_BOUND('',#584,.F.);
#584 = EDGE_LOOP('',(#585,#586,#587,#596,#605,#613,#622,#630,#639));
#585 = ORIENTED_EDGE('',*,*,#555,.F.);
#586 = ORIENTED_EDGE('',*,*,#47,.T.);
#587 = ORIENTED_EDGE('',*,*,#588,.T.);
#588 = EDGE_CURVE('',#40,#589,#591,.T.);
#589 = VERTEX_POINT('',#590);
#590 = CARTESIAN_POINT('',(112.,79.,-54.58257569495));
#591 = CIRCLE('',#592,5.);
#592 = AXIS2_PLACEMENT_3D('',#593,#594,#595);
#593 = CARTESIAN_POINT('',(112.,77.,-50.));
#594 = DIRECTION('',(1.,-6.E-17,0.));
#595 = DIRECTION('',(6.E-17,1.,0.));
#596 = ORIENTED_EDGE('',*,*,#597,.T.);
#597 = EDGE_CURVE('',#589,#598,#600,.T.);
#598 = VERTEX_POINT('',#599);
#599 = CARTESIAN_POINT('',(112.,82.,-50.));
#600 = CIRCLE('',#601,5.);
#601 = AXIS2_PLACEMENT_3D('',#602,#603,#604);
#602 = CARTESIAN_POINT('',(112.,77.,-50.));
#603 = DIRECTION('',(1.,-6.E-17,0.));
#604 = DIRECTION('',(6.E-17,1.,0.));
#605 = ORIENTED_EDGE('',*,*,#606,.F.);
#606 = EDGE_CURVE('',#607,#598,#609,.T.);
#607 = VERTEX_POINT('',#608);
#608 = CARTESIAN_POINT('',(-20.,82.,-50.));
#609 = LINE('',#610,#611);
#610 = CARTESIAN_POINT('',(-94.,82.,-50.));
#611 = VECTOR('',#612,1.);
#612 = DIRECTION('',(1.,0.,0.));
#613 = ORIENTED_EDGE('',*,*,#614,.F.);
#614 = EDGE_CURVE('',#615,#607,#617,.T.);
#615 = VERTEX_POINT('',#616);
#616 = CARTESIAN_POINT('',(-20.,79.2,-54.48998886412));
#617 = CIRCLE('',#618,5.);
#618 = AXIS2_PLACEMENT_3D('',#619,#620,#621);
#619 = CARTESIAN_POINT('',(-20.,77.,-50.));
#620 = DIRECTION('',(1.,0.,0.));
#621 = DIRECTION('',(0.,1.,0.));
#622 = ORIENTED_EDGE('',*,*,#623,.T.);
#623 = EDGE_CURVE('',#615,#624,#626,.T.);
#624 = VERTEX_POINT('',#625);
#625 = CARTESIAN_POINT('',(-19.5,79.2,-54.48998886412));
#626 = LINE('',#627,#628);
#627 = CARTESIAN_POINT('',(-94.,79.2,-54.48998886412));
#628 = VECTOR('',#629,1.);
#629 = DIRECTION('',(1.,0.,0.));
#630 = ORIENTED_EDGE('',*,*,#631,.F.);
#631 = EDGE_CURVE('',#632,#624,#634,.T.);
#632 = VERTEX_POINT('',#633);
#633 = CARTESIAN_POINT('',(-19.5,78.4,-54.8));
#634 = CIRCLE('',#635,5.);
#635 = AXIS2_PLACEMENT_3D('',#636,#637,#638);
#636 = CARTESIAN_POINT('',(-19.5,77.,-50.));
#637 = DIRECTION('',(1.,0.,0.));
#638 = DIRECTION('',(0.,1.,0.));
#639 = ORIENTED_EDGE('',*,*,#640,.F.);
#640 = EDGE_CURVE('',#556,#632,#641,.T.);
#641 = LINE('',#642,#643);
#642 = CARTESIAN_POINT('',(-94.,78.4,-54.8));
#643 = VECTOR('',#644,1.);
#644 = DIRECTION('',(1.,0.,0.));
#645 = CYLINDRICAL_SURFACE('',#646,5.);
#646 = AXIS2_PLACEMENT_3D('',#647,#648,#649);
#647 = CARTESIAN_POINT('',(-94.,77.,-50.));
#648 = DIRECTION('',(1.,0.,0.));
#649 = DIRECTION('',(0.,1.,0.));
#650 = ADVANCED_FACE('',(#651),#696,.T.);
#651 = FACE_BOUND('',#652,.T.);
#652 = EDGE_LOOP('',(#653,#664,#672,#681,#688,#689));
#653 = ORIENTED_EDGE('',*,*,#654,.T.);
#654 = EDGE_CURVE('',#655,#657,#659,.T.);
#655 = VERTEX_POINT('',#656);
#656 = CARTESIAN_POINT('',(114.,77.,-54.58257569495));
#657 = VERTEX_POINT('',#658);
#658 = CARTESIAN_POINT('',(117.,77.,-50.));
#659 = CIRCLE('',#660,5.);
#660 = AXIS2_PLACEMENT_3D('',#661,#662,#663);
#661 = CARTESIAN_POINT('',(112.,77.,-50.));
#662 = DIRECTION('',(0.,-1.,0.));
#663 = DIRECTION('',(1.,0.,0.));
#664 = ORIENTED_EDGE('',*,*,#665,.F.);
#665 = EDGE_CURVE('',#666,#657,#668,.T.);
#666 = VERTEX_POINT('',#667);
#667 = CARTESIAN_POINT('',(117.,-77.,-50.));
#668 = LINE('',#669,#670);
#669 = CARTESIAN_POINT('',(117.,-82.,-50.));
#670 = VECTOR('',#671,1.);
#671 = DIRECTION('',(0.,1.,0.));
#672 = ORIENTED_EDGE('',*,*,#673,.F.);
#673 = EDGE_CURVE('',#674,#666,#676,.T.);
#674 = VERTEX_POINT('',#675);
#675 = CARTESIAN_POINT('',(114.,-77.,-54.58257569495));
#676 = CIRCLE('',#677,5.);
#677 = AXIS2_PLACEMENT_3D('',#678,#679,#680);
#678 = CARTESIAN_POINT('',(112.,-77.,-50.));
#679 = DIRECTION('',(0.,-1.,0.));
#680 = DIRECTION('',(1.,0.,0.));
#681 = ORIENTED_EDGE('',*,*,#682,.F.);
#682 = EDGE_CURVE('',#32,#674,#683,.T.);
#683 = CIRCLE('',#684,5.);
#684 = AXIS2_PLACEMENT_3D('',#685,#686,#687);
#685 = CARTESIAN_POINT('',(112.,-77.,-50.));
#686 = DIRECTION('',(0.,-1.,0.));
#687 = DIRECTION('',(1.,0.,0.));
#688 = ORIENTED_EDGE('',*,*,#39,.T.);
#689 = ORIENTED_EDGE('',*,*,#690,.T.);
#690 = EDGE_CURVE('',#40,#655,#691,.T.);
#691 = CIRCLE('',#692,5.);
#692 = AXIS2_PLACEMENT_3D('',#693,#694,#695);
#693 = CARTESIAN_POINT('',(112.,77.,-50.));
#694 = DIRECTION('',(0.,-1.,0.));
#695 = DIRECTION('',(1.,0.,0.));
#696 = CYLINDRICAL_SURFACE('',#697,5.);
#697 = AXIS2_PLACEMENT_3D('',#698,#699,#700);
#698 = CARTESIAN_POINT('',(112.,-82.,-50.));
#699 = DIRECTION('',(0.,1.,0.));
#700 = DIRECTION('',(1.,0.,0.));
#701 = ADVANCED_FACE('',(#702),#764,.T.);
#702 = FACE_BOUND('',#703,.T.);
#703 = EDGE_LOOP('',(#704,#714,#723,#731,#740,#746,#747,#748,#757));
#704 = ORIENTED_EDGE('',*,*,#705,.F.);
#705 = EDGE_CURVE('',#706,#708,#710,.T.);
#706 = VERTEX_POINT('',#707);
#707 = CARTESIAN_POINT('',(-20.,-82.,-50.));
#708 = VERTEX_POINT('',#709);
#709 = CARTESIAN_POINT('',(112.,-82.,-50.));
#710 = LINE('',#711,#712);
#711 = CARTESIAN_POINT('',(-94.,-82.,-50.));
#712 = VECTOR('',#713,1.);
#713 = DIRECTION('',(1.,0.,0.));
#714 = ORIENTED_EDGE('',*,*,#715,.T.);
#715 = EDGE_CURVE('',#706,#716,#718,.T.);
#716 = VERTEX_POINT('',#717);
#717 = CARTESIAN_POINT('',(-20.,-79.2,-54.48998886412));
#718 = CIRCLE('',#719,5.);
#719 = AXIS2_PLACEMENT_3D('',#720,#721,#722);
#720 = CARTESIAN_POINT('',(-20.,-77.,-50.));
#721 = DIRECTION('',(1.,0.,0.));
#722 = DIRECTION('',(0.,-1.,0.));
#723 = ORIENTED_EDGE('',*,*,#724,.T.);
#724 = EDGE_CURVE('',#716,#725,#727,.T.);
#725 = VERTEX_POINT('',#726);
#726 = CARTESIAN_POINT('',(-19.5,-79.2,-54.48998886412));
#727 = LINE('',#728,#729);
#728 = CARTESIAN_POINT('',(-94.,-79.2,-54.48998886412));
#729 = VECTOR('',#730,1.);
#730 = DIRECTION('',(1.,0.,0.));
#731 = ORIENTED_EDGE('',*,*,#732,.T.);
#732 = EDGE_CURVE('',#725,#733,#735,.T.);
#733 = VERTEX_POINT('',#734);
#734 = CARTESIAN_POINT('',(-19.5,-78.4,-54.8));
#735 = CIRCLE('',#736,5.);
#736 = AXIS2_PLACEMENT_3D('',#737,#738,#739);
#737 = CARTESIAN_POINT('',(-19.5,-77.,-50.));
#738 = DIRECTION('',(1.,0.,0.));
#739 = DIRECTION('',(0.,-1.,0.));
#740 = ORIENTED_EDGE('',*,*,#741,.F.);
#741 = EDGE_CURVE('',#182,#733,#742,.T.);
#742 = LINE('',#743,#744);
#743 = CARTESIAN_POINT('',(-94.,-78.4,-54.8));
#744 = VECTOR('',#745,1.);
#745 = DIRECTION('',(1.,0.,0.));
#746 = ORIENTED_EDGE('',*,*,#189,.T.);
#747 = ORIENTED_EDGE('',*,*,#31,.T.);
#748 = ORIENTED_EDGE('',*,*,#749,.T.);
#749 = EDGE_CURVE('',#32,#750,#752,.T.);
#750 = VERTEX_POINT('',#751);
#751 = CARTESIAN_POINT('',(112.,-79.,-54.58257569495));
#752 = CIRCLE('',#753,5.);
#753 = AXIS2_PLACEMENT_3D('',#754,#755,#756);
#754 = CARTESIAN_POINT('',(112.,-77.,-50.));
#755 = DIRECTION('',(-1.,-6.E-17,0.));
#756 = DIRECTION('',(6.E-17,-1.,0.));
#757 = ORIENTED_EDGE('',*,*,#758,.T.);
#758 = EDGE_CURVE('',#750,#708,#759,.T.);
#759 = CIRCLE('',#760,5.);
#760 = AXIS2_PLACEMENT_3D('',#761,#762,#763);
#761 = CARTESIAN_POINT('',(112.,-77.,-50.));
#762 = DIRECTION('',(-1.,-6.E-17,0.));
#763 = DIRECTION('',(6.E-17,-1.,0.));
#764 = CYLINDRICAL_SURFACE('',#765,5.);
#765 = AXIS2_PLACEMENT_3D('',#766,#767,#768);
#766 = CARTESIAN_POINT('',(-94.,-77.,-50.));
#767 = DIRECTION('',(1.,0.,0.));
#768 = DIRECTION('',(0.,-1.,0.));
#769 = ADVANCED_FACE('',(#770),#804,.F.);
#770 = FACE_BOUND('',#771,.F.);
#771 = EDGE_LOOP('',(#772,#782,#790,#796,#797,#798));
#772 = ORIENTED_EDGE('',*,*,#773,.F.);
#773 = EDGE_CURVE('',#774,#776,#778,.T.);
#774 = VERTEX_POINT('',#775);
#775 = CARTESIAN_POINT('',(-24.,-79.2,-54.8));
#776 = VERTEX_POINT('',#777);
#777 = CARTESIAN_POINT('',(-24.,-77.,-54.8));
#778 = LINE('',#779,#780);
#779 = CARTESIAN_POINT('',(-24.,-90.,-54.8));
#780 = VECTOR('',#781,1.);
#781 = DIRECTION('',(0.,1.,0.));
#782 = ORIENTED_EDGE('',*,*,#783,.T.);
#783 = EDGE_CURVE('',#774,#784,#786,.T.);
#784 = VERTEX_POINT('',#785);
#785 = CARTESIAN_POINT('',(-19.5,-79.2,-54.8));
#786 = LINE('',#787,#788);
#787 = CARTESIAN_POINT('',(-91.2,-79.2,-54.8));
#788 = VECTOR('',#789,1.);
#789 = DIRECTION('',(1.,0.,0.));
#790 = ORIENTED_EDGE('',*,*,#791,.T.);
#791 = EDGE_CURVE('',#784,#733,#792,.T.);
#792 = LINE('',#793,#794);
#793 = CARTESIAN_POINT('',(-19.5,-90.,-54.8));
#794 = VECTOR('',#795,1.);
#795 = DIRECTION('',(0.,1.,0.));
#796 = ORIENTED_EDGE('',*,*,#741,.F.);
#797 = ORIENTED_EDGE('',*,*,#179,.F.);
#798 = ORIENTED_EDGE('',*,*,#799,.F.);
#799 = EDGE_CURVE('',#776,#180,#800,.T.);
#800 = LINE('',#801,#802);
#801 = CARTESIAN_POINT('',(-56.5,-77.,-54.8));
#802 = VECTOR('',#803,1.);
#803 = DIRECTION('',(1.,0.,0.));
#804 = PLANE('',#805);
#805 = AXIS2_PLACEMENT_3D('',#806,#807,#808);
#806 = CARTESIAN_POINT('',(-24.,-90.,-54.8));
#807 = DIRECTION('',(0.,0.,1.));
#808 = DIRECTION('',(1.,0.,0.));
#809 = ADVANCED_FACE('',(#810),#844,.T.);
#810 = FACE_BOUND('',#811,.T.);
#811 = EDGE_LOOP('',(#812,#820,#828,#836,#842,#843));
#812 = ORIENTED_EDGE('',*,*,#813,.F.);
#813 = EDGE_CURVE('',#814,#776,#816,.T.);
#814 = VERTEX_POINT('',#815);
#815 = CARTESIAN_POINT('',(-24.,-77.,-39.5));
#816 = LINE('',#817,#818);
#817 = CARTESIAN_POINT('',(-24.,-77.,-55.9));
#818 = VECTOR('',#819,1.);
#819 = DIRECTION('',(0.,0.,-1.));
#820 = ORIENTED_EDGE('',*,*,#821,.F.);
#821 = EDGE_CURVE('',#822,#814,#824,.T.);
#822 = VERTEX_POINT('',#823);
#823 = CARTESIAN_POINT('',(-19.5,-77.,-39.5));
#824 = LINE('',#825,#826);
#825 = CARTESIAN_POINT('',(-63.75,-77.,-39.5));
#826 = VECTOR('',#827,1.);
#827 = DIRECTION('',(-1.,0.,0.));
#828 = ORIENTED_EDGE('',*,*,#829,.T.);
#829 = EDGE_CURVE('',#822,#830,#832,.T.);
#830 = VERTEX_POINT('',#831);
#831 = CARTESIAN_POINT('',(-19.5,-77.,-50.));
#832 = LINE('',#833,#834);
#833 = CARTESIAN_POINT('',(-19.5,-77.,-55.9));
#834 = VECTOR('',#835,1.);
#835 = DIRECTION('',(0.,0.,-1.));
#836 = ORIENTED_EDGE('',*,*,#837,.T.);
#837 = EDGE_CURVE('',#830,#206,#838,.T.);
#838 = LINE('',#839,#840);
#839 = CARTESIAN_POINT('',(-94.5,-77.,-50.));
#840 = VECTOR('',#841,1.);
#841 = DIRECTION('',(-1.,0.,0.));
#842 = ORIENTED_EDGE('',*,*,#213,.F.);
#843 = ORIENTED_EDGE('',*,*,#799,.F.);
#844 = PLANE('',#845);
#845 = AXIS2_PLACEMENT_3D('',#846,#847,#848);
#846 = CARTESIAN_POINT('',(-89.,-77.,-57.));
#847 = DIRECTION('',(0.,1.,0.));
#848 = DIRECTION('',(0.,0.,1.));
#849 = ADVANCED_FACE('',(#850),#914,.T.);
#850 = FACE_BOUND('',#851,.T.);
#851 = EDGE_LOOP('',(#852,#862,#870,#876,#877,#878,#879,#880,#881,#882,
    #883,#884,#885,#886,#887,#888,#889,#890,#891,#892,#900,#908));
#852 = ORIENTED_EDGE('',*,*,#853,.F.);
#853 = EDGE_CURVE('',#854,#856,#858,.T.);
#854 = VERTEX_POINT('',#855);
#855 = CARTESIAN_POINT('',(-19.5,79.,-50.));
#856 = VERTEX_POINT('',#857);
#857 = CARTESIAN_POINT('',(111.,79.,-50.));
#858 = LINE('',#859,#860);
#859 = CARTESIAN_POINT('',(-95.5,79.,-50.));
#860 = VECTOR('',#861,1.);
#861 = DIRECTION('',(1.,0.,0.));
#862 = ORIENTED_EDGE('',*,*,#863,.F.);
#863 = EDGE_CURVE('',#864,#854,#866,.T.);
#864 = VERTEX_POINT('',#865);
#865 = CARTESIAN_POINT('',(-19.5,77.,-50.));
#866 = LINE('',#867,#868);
#867 = CARTESIAN_POINT('',(-19.5,-90.,-50.));
#868 = VECTOR('',#869,1.);
#869 = DIRECTION('',(0.,1.,0.));
#870 = ORIENTED_EDGE('',*,*,#871,.T.);
#871 = EDGE_CURVE('',#864,#546,#872,.T.);
#872 = LINE('',#873,#874);
#873 = CARTESIAN_POINT('',(-94.5,77.,-50.));
#874 = VECTOR('',#875,1.);
#875 = DIRECTION('',(-1.,0.,0.));
#876 = ORIENTED_EDGE('',*,*,#545,.F.);
#877 = ORIENTED_EDGE('',*,*,#531,.F.);
#878 = ORIENTED_EDGE('',*,*,#506,.F.);
#879 = ORIENTED_EDGE('',*,*,#482,.F.);
#880 = ORIENTED_EDGE('',*,*,#457,.F.);
#881 = ORIENTED_EDGE('',*,*,#433,.F.);
#882 = ORIENTED_EDGE('',*,*,#398,.F.);
#883 = ORIENTED_EDGE('',*,*,#384,.F.);
#884 = ORIENTED_EDGE('',*,*,#349,.F.);
#885 = ORIENTED_EDGE('',*,*,#335,.T.);
#886 = ORIENTED_EDGE('',*,*,#310,.F.);
#887 = ORIENTED_EDGE('',*,*,#286,.T.);
#888 = ORIENTED_EDGE('',*,*,#261,.F.);
#889 = ORIENTED_EDGE('',*,*,#237,.T.);
#890 = ORIENTED_EDGE('',*,*,#205,.F.);
#891 = ORIENTED_EDGE('',*,*,#837,.F.);
#892 = ORIENTED_EDGE('',*,*,#893,.F.);
#893 = EDGE_CURVE('',#894,#830,#896,.T.);
#894 = VERTEX_POINT('',#895);
#895 = CARTESIAN_POINT('',(-19.5,-79.,-50.));
#896 = LINE('',#897,#898);
#897 = CARTESIAN_POINT('',(-19.5,-90.,-50.));
#898 = VECTOR('',#899,1.);
#899 = DIRECTION('',(0.,1.,0.));
#900 = ORIENTED_EDGE('',*,*,#901,.T.);
#901 = EDGE_CURVE('',#894,#902,#904,.T.);
#902 = VERTEX_POINT('',#903);
#903 = CARTESIAN_POINT('',(111.,-79.,-50.));
#904 = LINE('',#905,#906);
#905 = CARTESIAN_POINT('',(-95.5,-79.,-50.));
#906 = VECTOR('',#907,1.);
#907 = DIRECTION('',(1.,0.,0.));
#908 = ORIENTED_EDGE('',*,*,#909,.F.);
#909 = EDGE_CURVE('',#856,#902,#910,.T.);
#910 = LINE('',#911,#912);
#911 = CARTESIAN_POINT('',(111.,-45.,-50.));
#912 = VECTOR('',#913,1.);
#913 = DIRECTION('',(0.,-1.,0.));
#914 = PLANE('',#915);
#915 = AXIS2_PLACEMENT_3D('',#916,#917,#918);
#916 = CARTESIAN_POINT('',(-100.,-90.,-50.));
#917 = DIRECTION('',(0.,0.,1.));
#918 = DIRECTION('',(1.,0.,0.));
#919 = ADVANCED_FACE('',(#920),#954,.F.);
#920 = FACE_BOUND('',#921,.F.);
#921 = EDGE_LOOP('',(#922,#932,#940,#946,#947,#948));
#922 = ORIENTED_EDGE('',*,*,#923,.F.);
#923 = EDGE_CURVE('',#924,#926,#928,.T.);
#924 = VERTEX_POINT('',#925);
#925 = CARTESIAN_POINT('',(-24.,77.,-39.5));
#926 = VERTEX_POINT('',#927);
#927 = CARTESIAN_POINT('',(-24.,77.,-54.8));
#928 = LINE('',#929,#930);
#929 = CARTESIAN_POINT('',(-24.,77.,-55.9));
#930 = VECTOR('',#931,1.);
#931 = DIRECTION('',(0.,0.,-1.));
#932 = ORIENTED_EDGE('',*,*,#933,.T.);
#933 = EDGE_CURVE('',#924,#934,#936,.T.);
#934 = VERTEX_POINT('',#935);
#935 = CARTESIAN_POINT('',(-19.5,77.,-39.5));
#936 = LINE('',#937,#938);
#937 = CARTESIAN_POINT('',(-63.75,77.,-39.5));
#938 = VECTOR('',#939,1.);
#939 = DIRECTION('',(1.,0.,0.));
#940 = ORIENTED_EDGE('',*,*,#941,.T.);
#941 = EDGE_CURVE('',#934,#864,#942,.T.);
#942 = LINE('',#943,#944);
#943 = CARTESIAN_POINT('',(-19.5,77.,-55.9));
#944 = VECTOR('',#945,1.);
#945 = DIRECTION('',(0.,0.,-1.));
#946 = ORIENTED_EDGE('',*,*,#871,.T.);
#947 = ORIENTED_EDGE('',*,*,#572,.F.);
#948 = ORIENTED_EDGE('',*,*,#949,.F.);
#949 = EDGE_CURVE('',#926,#565,#950,.T.);
#950 = LINE('',#951,#952);
#951 = CARTESIAN_POINT('',(-56.5,77.,-54.8));
#952 = VECTOR('',#953,1.);
#953 = DIRECTION('',(1.,0.,0.));
#954 = PLANE('',#955);
#955 = AXIS2_PLACEMENT_3D('',#956,#957,#958);
#956 = CARTESIAN_POINT('',(-89.,77.,-57.));
#957 = DIRECTION('',(0.,1.,0.));
#958 = DIRECTION('',(0.,0.,1.));
#959 = ADVANCED_FACE('',(#960),#987,.F.);
#960 = FACE_BOUND('',#961,.F.);
#961 = EDGE_LOOP('',(#962,#970,#971,#972,#973,#981));
#962 = ORIENTED_EDGE('',*,*,#963,.F.);
#963 = EDGE_CURVE('',#926,#964,#966,.T.);
#964 = VERTEX_POINT('',#965);
#965 = CARTESIAN_POINT('',(-24.,79.2,-54.8));
#966 = LINE('',#967,#968);
#967 = CARTESIAN_POINT('',(-24.,-90.,-54.8));
#968 = VECTOR('',#969,1.);
#969 = DIRECTION('',(0.,1.,0.));
#970 = ORIENTED_EDGE('',*,*,#949,.T.);
#971 = ORIENTED_EDGE('',*,*,#564,.F.);
#972 = ORIENTED_EDGE('',*,*,#640,.T.);
#973 = ORIENTED_EDGE('',*,*,#974,.T.);
#974 = EDGE_CURVE('',#632,#975,#977,.T.);
#975 = VERTEX_POINT('',#976);
#976 = CARTESIAN_POINT('',(-19.5,79.2,-54.8));
#977 = LINE('',#978,#979);
#978 = CARTESIAN_POINT('',(-19.5,-90.,-54.8));
#979 = VECTOR('',#980,1.);
#980 = DIRECTION('',(0.,1.,0.));
#981 = ORIENTED_EDGE('',*,*,#982,.F.);
#982 = EDGE_CURVE('',#964,#975,#983,.T.);
#983 = LINE('',#984,#985);
#984 = CARTESIAN_POINT('',(-91.2,79.2,-54.8));
#985 = VECTOR('',#986,1.);
#986 = DIRECTION('',(1.,0.,0.));
#987 = PLANE('',#988);
#988 = AXIS2_PLACEMENT_3D('',#989,#990,#991);
#989 = CARTESIAN_POINT('',(-24.,-90.,-54.8));
#990 = DIRECTION('',(0.,0.,1.));
#991 = DIRECTION('',(1.,0.,0.));
#992 = ADVANCED_FACE('',(#993),#1003,.T.);
#993 = FACE_BOUND('',#994,.T.);
#994 = EDGE_LOOP('',(#995,#1001,#1002));
#995 = ORIENTED_EDGE('',*,*,#996,.F.);
#996 = EDGE_CURVE('',#624,#975,#997,.T.);
#997 = LINE('',#998,#999);
#998 = CARTESIAN_POINT('',(-19.5,79.2,-55.9));
#999 = VECTOR('',#1000,1.);
#1000 = DIRECTION('',(0.,0.,-1.));
#1001 = ORIENTED_EDGE('',*,*,#631,.F.);
#1002 = ORIENTED_EDGE('',*,*,#974,.T.);
#1003 = PLANE('',#1004);
#1004 = AXIS2_PLACEMENT_3D('',#1005,#1006,#1007);
#1005 = CARTESIAN_POINT('',(-19.5,-90.,-54.8));
#1006 = DIRECTION('',(1.,0.,0.));
#1007 = DIRECTION('',(0.,0.,1.));
#1008 = ADVANCED_FACE('',(#1009),#1037,.T.);
#1009 = FACE_BOUND('',#1010,.T.);
#1010 = EDGE_LOOP('',(#1011,#1012,#1020,#1029,#1035,#1036));
#1011 = ORIENTED_EDGE('',*,*,#982,.F.);
#1012 = ORIENTED_EDGE('',*,*,#1013,.F.);
#1013 = EDGE_CURVE('',#1014,#964,#1016,.T.);
#1014 = VERTEX_POINT('',#1015);
#1015 = CARTESIAN_POINT('',(-24.,79.2,-27.10055349988));
#1016 = LINE('',#1017,#1018);
#1017 = CARTESIAN_POINT('',(-24.,79.2,-55.9));
#1018 = VECTOR('',#1019,1.);
#1019 = DIRECTION('',(0.,0.,-1.));
#1020 = ORIENTED_EDGE('',*,*,#1021,.F.);
#1021 = EDGE_CURVE('',#1022,#1014,#1024,.T.);
#1022 = VERTEX_POINT('',#1023);
#1023 = CARTESIAN_POINT('',(-20.,79.2,-30.17349830563));
#1024 = CIRCLE('',#1025,36.2);
#1025 = AXIS2_PLACEMENT_3D('',#1026,#1027,#1028);
#1026 = CARTESIAN_POINT('',(0.,79.2,0.));
#1027 = DIRECTION('',(0.,1.,0.));
#1028 = DIRECTION('',(0.,0.,1.));
#1029 = ORIENTED_EDGE('',*,*,#1030,.F.);
#1030 = EDGE_CURVE('',#615,#1022,#1031,.T.);
#1031 = LINE('',#1032,#1033);
#1032 = CARTESIAN_POINT('',(-20.,79.2,-58.5));
#1033 = VECTOR('',#1034,1.);
#1034 = DIRECTION('',(0.,0.,1.));
#1035 = ORIENTED_EDGE('',*,*,#623,.T.);
#1036 = ORIENTED_EDGE('',*,*,#996,.T.);
#1037 = PLANE('',#1038);
#1038 = AXIS2_PLACEMENT_3D('',#1039,#1040,#1041);
#1039 = CARTESIAN_POINT('',(-91.2,79.2,-57.));
#1040 = DIRECTION('',(0.,1.,0.));
#1041 = DIRECTION('',(0.,0.,1.));
#1042 = ADVANCED_FACE('',(#1043),#1061,.F.);
#1043 = FACE_BOUND('',#1044,.F.);
#1044 = EDGE_LOOP('',(#1045,#1046,#1047,#1055));
#1045 = ORIENTED_EDGE('',*,*,#1030,.F.);
#1046 = ORIENTED_EDGE('',*,*,#614,.T.);
#1047 = ORIENTED_EDGE('',*,*,#1048,.F.);
#1048 = EDGE_CURVE('',#1049,#607,#1051,.T.);
#1049 = VERTEX_POINT('',#1050);
#1050 = CARTESIAN_POINT('',(-20.,82.,-30.17349830563));
#1051 = LINE('',#1052,#1053);
#1052 = CARTESIAN_POINT('',(-20.,82.,-57.5));
#1053 = VECTOR('',#1054,1.);
#1054 = DIRECTION('',(0.,0.,-1.));
#1055 = ORIENTED_EDGE('',*,*,#1056,.F.);
#1056 = EDGE_CURVE('',#1022,#1049,#1057,.T.);
#1057 = LINE('',#1058,#1059);
#1058 = CARTESIAN_POINT('',(-20.,60.,-30.17349830563));
#1059 = VECTOR('',#1060,1.);
#1060 = DIRECTION('',(0.,1.,0.));
#1061 = PLANE('',#1062);
#1062 = AXIS2_PLACEMENT_3D('',#1063,#1064,#1065);
#1063 = CARTESIAN_POINT('',(-20.,-90.,-60.));
#1064 = DIRECTION('',(1.,0.,0.));
#1065 = DIRECTION('',(0.,0.,1.));
#1066 = ADVANCED_FACE('',(#1067,#1111,#1122,#1192,#1262),#1332,.T.);
#1067 = FACE_BOUND('',#1068,.T.);
#1068 = EDGE_LOOP('',(#1069,#1070,#1071,#1080,#1089,#1097,#1105));
#1069 = ORIENTED_EDGE('',*,*,#606,.F.);
#1070 = ORIENTED_EDGE('',*,*,#1048,.F.);
#1071 = ORIENTED_EDGE('',*,*,#1072,.F.);
#1072 = EDGE_CURVE('',#1073,#1049,#1075,.T.);
#1073 = VERTEX_POINT('',#1074);
#1074 = CARTESIAN_POINT('',(-9.E-15,82.,36.2));
#1075 = CIRCLE('',#1076,36.2);
#1076 = AXIS2_PLACEMENT_3D('',#1077,#1078,#1079);
#1077 = CARTESIAN_POINT('',(0.,82.,0.));
#1078 = DIRECTION('',(0.,1.,0.));
#1079 = DIRECTION('',(0.,0.,1.));
#1080 = ORIENTED_EDGE('',*,*,#1081,.F.);
#1081 = EDGE_CURVE('',#1082,#1073,#1084,.T.);
#1082 = VERTEX_POINT('',#1083);
#1083 = CARTESIAN_POINT('',(-20.,82.,30.173498305632));
#1084 = CIRCLE('',#1085,36.2);
#1085 = AXIS2_PLACEMENT_3D('',#1086,#1087,#1088);
#1086 = CARTESIAN_POINT('',(0.,82.,0.));
#1087 = DIRECTION('',(0.,1.,0.));
#1088 = DIRECTION('',(0.,0.,1.));
#1089 = ORIENTED_EDGE('',*,*,#1090,.F.);
#1090 = EDGE_CURVE('',#1091,#1082,#1093,.T.);
#1091 = VERTEX_POINT('',#1092);
#1092 = CARTESIAN_POINT('',(-20.,82.,95.));
#1093 = LINE('',#1094,#1095);
#1094 = CARTESIAN_POINT('',(-20.,82.,-57.5));
#1095 = VECTOR('',#1096,1.);
#1096 = DIRECTION('',(0.,0.,-1.));
#1097 = ORIENTED_EDGE('',*,*,#1098,.T.);
#1098 = EDGE_CURVE('',#1091,#1099,#1101,.T.);
#1099 = VERTEX_POINT('',#1100);
#1100 = CARTESIAN_POINT('',(112.,82.,95.));
#1101 = LINE('',#1102,#1103);
#1102 = CARTESIAN_POINT('',(-94.,82.,95.));
#1103 = VECTOR('',#1104,1.);
#1104 = DIRECTION('',(1.,0.,0.));
#1105 = ORIENTED_EDGE('',*,*,#1106,.F.);
#1106 = EDGE_CURVE('',#598,#1099,#1107,.T.);
#1107 = LINE('',#1108,#1109);
#1108 = CARTESIAN_POINT('',(112.,82.,-55.));
#1109 = VECTOR('',#1110,1.);
#1110 = DIRECTION('',(0.,0.,1.));
#1111 = FACE_BOUND('',#1112,.T.);
#1112 = EDGE_LOOP('',(#1113));
#1113 = ORIENTED_EDGE('',*,*,#1114,.F.);
#1114 = EDGE_CURVE('',#1115,#1115,#1117,.T.);
#1115 = VERTEX_POINT('',#1116);
#1116 = CARTESIAN_POINT('',(45.,82.,43.));
#1117 = CIRCLE('',#1118,8.);
#1118 = AXIS2_PLACEMENT_3D('',#1119,#1120,#1121);
#1119 = CARTESIAN_POINT('',(45.,82.,35.));
#1120 = DIRECTION('',(0.,1.,0.));
#1121 = DIRECTION('',(0.,0.,1.));
#1122 = FACE_BOUND('',#1123,.T.);
#1123 = EDGE_LOOP('',(#1124,#1134,#1143,#1151,#1160,#1168,#1177,#1185));
#1124 = ORIENTED_EDGE('',*,*,#1125,.T.);
#1125 = EDGE_CURVE('',#1126,#1128,#1130,.T.);
#1126 = VERTEX_POINT('',#1127);
#1127 = CARTESIAN_POINT('',(-6.,82.,57.2));
#1128 = VERTEX_POINT('',#1129);
#1129 = CARTESIAN_POINT('',(-6.,82.,56.8));
#1130 = LINE('',#1131,#1132);
#1131 = CARTESIAN_POINT('',(-6.,82.,0.9));
#1132 = VECTOR('',#1133,1.);
#1133 = DIRECTION('',(0.,0.,-1.));
#1134 = ORIENTED_EDGE('',*,*,#1135,.T.);
#1135 = EDGE_CURVE('',#1128,#1136,#1138,.T.);
#1136 = VERTEX_POINT('',#1137);
#1137 = CARTESIAN_POINT('',(-4.5,82.,55.3));
#1138 = CIRCLE('',#1139,1.5);
#1139 = AXIS2_PLACEMENT_3D('',#1140,#1141,#1142);
#1140 = CARTESIAN_POINT('',(-4.5,82.,56.8));
#1141 = DIRECTION('',(0.,-1.,1.1E-16));
#1142 = DIRECTION('',(1.,0.,0.));
#1143 = ORIENTED_EDGE('',*,*,#1144,.T.);
#1144 = EDGE_CURVE('',#1136,#1145,#1147,.T.);
#1145 = VERTEX_POINT('',#1146);
#1146 = CARTESIAN_POINT('',(60.5,82.,55.3));
#1147 = LINE('',#1148,#1149);
#1148 = CARTESIAN_POINT('',(-49.25,82.,55.3));
#1149 = VECTOR('',#1150,1.);
#1150 = DIRECTION('',(1.,0.,0.));
#1151 = ORIENTED_EDGE('',*,*,#1152,.T.);
#1152 = EDGE_CURVE('',#1145,#1153,#1155,.T.);
#1153 = VERTEX_POINT('',#1154);
#1154 = CARTESIAN_POINT('',(62.,82.,56.8));
#1155 = CIRCLE('',#1156,1.5);
#1156 = AXIS2_PLACEMENT_3D('',#1157,#1158,#1159);
#1157 = CARTESIAN_POINT('',(60.5,82.,56.8));
#1158 = DIRECTION('',(0.,-1.,1.1E-16));
#1159 = DIRECTION('',(1.,0.,0.));
#1160 = ORIENTED_EDGE('',*,*,#1161,.F.);
#1161 = EDGE_CURVE('',#1162,#1153,#1164,.T.);
#1162 = VERTEX_POINT('',#1163);
#1163 = CARTESIAN_POINT('',(62.,82.,57.2));
#1164 = LINE('',#1165,#1166);
#1165 = CARTESIAN_POINT('',(62.,82.,0.9));
#1166 = VECTOR('',#1167,1.);
#1167 = DIRECTION('',(0.,0.,-1.));
#1168 = ORIENTED_EDGE('',*,*,#1169,.T.);
#1169 = EDGE_CURVE('',#1162,#1170,#1172,.T.);
#1170 = VERTEX_POINT('',#1171);
#1171 = CARTESIAN_POINT('',(60.5,82.,58.7));
#1172 = CIRCLE('',#1173,1.5);
#1173 = AXIS2_PLACEMENT_3D('',#1174,#1175,#1176);
#1174 = CARTESIAN_POINT('',(60.5,82.,57.2));
#1175 = DIRECTION('',(0.,-1.,1.1E-16));
#1176 = DIRECTION('',(1.,0.,0.));
#1177 = ORIENTED_EDGE('',*,*,#1178,.F.);
#1178 = EDGE_CURVE('',#1179,#1170,#1181,.T.);
#1179 = VERTEX_POINT('',#1180);
#1180 = CARTESIAN_POINT('',(-4.5,82.,58.7));
#1181 = LINE('',#1182,#1183);
#1182 = CARTESIAN_POINT('',(-49.25,82.,58.7));
#1183 = VECTOR('',#1184,1.);
#1184 = DIRECTION('',(1.,0.,0.));
#1185 = ORIENTED_EDGE('',*,*,#1186,.T.);
#1186 = EDGE_CURVE('',#1179,#1126,#1187,.T.);
#1187 = CIRCLE('',#1188,1.5);
#1188 = AXIS2_PLACEMENT_3D('',#1189,#1190,#1191);
#1189 = CARTESIAN_POINT('',(-4.5,82.,57.2));
#1190 = DIRECTION('',(0.,-1.,1.1E-16));
#1191 = DIRECTION('',(1.,0.,0.));
#1192 = FACE_BOUND('',#1193,.T.);
#1193 = EDGE_LOOP('',(#1194,#1204,#1213,#1221,#1230,#1238,#1247,#1255));
#1194 = ORIENTED_EDGE('',*,*,#1195,.T.);
#1195 = EDGE_CURVE('',#1196,#1198,#1200,.T.);
#1196 = VERTEX_POINT('',#1197);
#1197 = CARTESIAN_POINT('',(-6.,82.,66.2));
#1198 = VERTEX_POINT('',#1199);
#1199 = CARTESIAN_POINT('',(-6.,82.,65.8));
#1200 = LINE('',#1201,#1202);
#1201 = CARTESIAN_POINT('',(-6.,82.,5.4));
#1202 = VECTOR('',#1203,1.);
#1203 = DIRECTION('',(0.,0.,-1.));
#1204 = ORIENTED_EDGE('',*,*,#1205,.T.);
#1205 = EDGE_CURVE('',#1198,#1206,#1208,.T.);
#1206 = VERTEX_POINT('',#1207);
#1207 = CARTESIAN_POINT('',(-4.5,82.,64.3));
#1208 = CIRCLE('',#1209,1.5);
#1209 = AXIS2_PLACEMENT_3D('',#1210,#1211,#1212);
#1210 = CARTESIAN_POINT('',(-4.5,82.,65.8));
#1211 = DIRECTION('',(0.,-1.,1.1E-16));
#1212 = DIRECTION('',(1.,0.,0.));
#1213 = ORIENTED_EDGE('',*,*,#1214,.T.);
#1214 = EDGE_CURVE('',#1206,#1215,#1217,.T.);
#1215 = VERTEX_POINT('',#1216);
#1216 = CARTESIAN_POINT('',(60.5,82.,64.3));
#1217 = LINE('',#1218,#1219);
#1218 = CARTESIAN_POINT('',(-49.25,82.,64.3));
#1219 = VECTOR('',#1220,1.);
#1220 = DIRECTION('',(1.,0.,0.));
#1221 = ORIENTED_EDGE('',*,*,#1222,.T.);
#1222 = EDGE_CURVE('',#1215,#1223,#1225,.T.);
#1223 = VERTEX_POINT('',#1224);
#1224 = CARTESIAN_POINT('',(62.,82.,65.8));
#1225 = CIRCLE('',#1226,1.5);
#1226 = AXIS2_PLACEMENT_3D('',#1227,#1228,#1229);
#1227 = CARTESIAN_POINT('',(60.5,82.,65.8));
#1228 = DIRECTION('',(0.,-1.,1.1E-16));
#1229 = DIRECTION('',(1.,0.,0.));
#1230 = ORIENTED_EDGE('',*,*,#1231,.F.);
#1231 = EDGE_CURVE('',#1232,#1223,#1234,.T.);
#1232 = VERTEX_POINT('',#1233);
#1233 = CARTESIAN_POINT('',(62.,82.,66.2));
#1234 = LINE('',#1235,#1236);
#1235 = CARTESIAN_POINT('',(62.,82.,5.4));
#1236 = VECTOR('',#1237,1.);
#1237 = DIRECTION('',(0.,0.,-1.));
#1238 = ORIENTED_EDGE('',*,*,#1239,.T.);
#1239 = EDGE_CURVE('',#1232,#1240,#1242,.T.);
#1240 = VERTEX_POINT('',#1241);
#1241 = CARTESIAN_POINT('',(60.5,82.,67.7));
#1242 = CIRCLE('',#1243,1.5);
#1243 = AXIS2_PLACEMENT_3D('',#1244,#1245,#1246);
#1244 = CARTESIAN_POINT('',(60.5,82.,66.2));
#1245 = DIRECTION('',(0.,-1.,1.1E-16));
#1246 = DIRECTION('',(1.,0.,0.));
#1247 = ORIENTED_EDGE('',*,*,#1248,.F.);
#1248 = EDGE_CURVE('',#1249,#1240,#1251,.T.);
#1249 = VERTEX_POINT('',#1250);
#1250 = CARTESIAN_POINT('',(-4.5,82.,67.7));
#1251 = LINE('',#1252,#1253);
#1252 = CARTESIAN_POINT('',(-49.25,82.,67.7));
#1253 = VECTOR('',#1254,1.);
#1254 = DIRECTION('',(1.,0.,0.));
#1255 = ORIENTED_EDGE('',*,*,#1256,.T.);
#1256 = EDGE_CURVE('',#1249,#1196,#1257,.T.);
#1257 = CIRCLE('',#1258,1.5);
#1258 = AXIS2_PLACEMENT_3D('',#1259,#1260,#1261);
#1259 = CARTESIAN_POINT('',(-4.5,82.,66.2));
#1260 = DIRECTION('',(0.,-1.,1.1E-16));
#1261 = DIRECTION('',(1.,0.,0.));
#1262 = FACE_BOUND('',#1263,.T.);
#1263 = EDGE_LOOP('',(#1264,#1274,#1283,#1291,#1300,#1308,#1317,#1325));
#1264 = ORIENTED_EDGE('',*,*,#1265,.T.);
#1265 = EDGE_CURVE('',#1266,#1268,#1270,.T.);
#1266 = VERTEX_POINT('',#1267);
#1267 = CARTESIAN_POINT('',(-6.,82.,75.2));
#1268 = VERTEX_POINT('',#1269);
#1269 = CARTESIAN_POINT('',(-6.,82.,74.8));
#1270 = LINE('',#1271,#1272);
#1271 = CARTESIAN_POINT('',(-6.,82.,9.9));
#1272 = VECTOR('',#1273,1.);
#1273 = DIRECTION('',(0.,0.,-1.));
#1274 = ORIENTED_EDGE('',*,*,#1275,.T.);
#1275 = EDGE_CURVE('',#1268,#1276,#1278,.T.);
#1276 = VERTEX_POINT('',#1277);
#1277 = CARTESIAN_POINT('',(-4.5,82.,73.3));
#1278 = CIRCLE('',#1279,1.5);
#1279 = AXIS2_PLACEMENT_3D('',#1280,#1281,#1282);
#1280 = CARTESIAN_POINT('',(-4.5,82.,74.8));
#1281 = DIRECTION('',(0.,-1.,1.1E-16));
#1282 = DIRECTION('',(1.,0.,0.));
#1283 = ORIENTED_EDGE('',*,*,#1284,.T.);
#1284 = EDGE_CURVE('',#1276,#1285,#1287,.T.);
#1285 = VERTEX_POINT('',#1286);
#1286 = CARTESIAN_POINT('',(60.5,82.,73.3));
#1287 = LINE('',#1288,#1289);
#1288 = CARTESIAN_POINT('',(-49.25,82.,73.3));
#1289 = VECTOR('',#1290,1.);
#1290 = DIRECTION('',(1.,0.,0.));
#1291 = ORIENTED_EDGE('',*,*,#1292,.T.);
#1292 = EDGE_CURVE('',#1285,#1293,#1295,.T.);
#1293 = VERTEX_POINT('',#1294);
#1294 = CARTESIAN_POINT('',(62.,82.,74.8));
#1295 = CIRCLE('',#1296,1.5);
#1296 = AXIS2_PLACEMENT_3D('',#1297,#1298,#1299);
#1297 = CARTESIAN_POINT('',(60.5,82.,74.8));
#1298 = DIRECTION('',(0.,-1.,1.1E-16));
#1299 = DIRECTION('',(1.,0.,0.));
#1300 = ORIENTED_EDGE('',*,*,#1301,.F.);
#1301 = EDGE_CURVE('',#1302,#1293,#1304,.T.);
#1302 = VERTEX_POINT('',#1303);
#1303 = CARTESIAN_POINT('',(62.,82.,75.2));
#1304 = LINE('',#1305,#1306);
#1305 = CARTESIAN_POINT('',(62.,82.,9.9));
#1306 = VECTOR('',#1307,1.);
#1307 = DIRECTION('',(0.,0.,-1.));
#1308 = ORIENTED_EDGE('',*,*,#1309,.T.);
#1309 = EDGE_CURVE('',#1302,#1310,#1312,.T.);
#1310 = VERTEX_POINT('',#1311);
#1311 = CARTESIAN_POINT('',(60.5,82.,76.7));
#1312 = CIRCLE('',#1313,1.5);
#1313 = AXIS2_PLACEMENT_3D('',#1314,#1315,#1316);
#1314 = CARTESIAN_POINT('',(60.5,82.,75.2));
#1315 = DIRECTION('',(0.,-1.,1.1E-16));
#1316 = DIRECTION('',(1.,0.,0.));
#1317 = ORIENTED_EDGE('',*,*,#1318,.F.);
#1318 = EDGE_CURVE('',#1319,#1310,#1321,.T.);
#1319 = VERTEX_POINT('',#1320);
#1320 = CARTESIAN_POINT('',(-4.5,82.,76.7));
#1321 = LINE('',#1322,#1323);
#1322 = CARTESIAN_POINT('',(-49.25,82.,76.7));
#1323 = VECTOR('',#1324,1.);
#1324 = DIRECTION('',(1.,0.,0.));
#1325 = ORIENTED_EDGE('',*,*,#1326,.T.);
#1326 = EDGE_CURVE('',#1319,#1266,#1327,.T.);
#1327 = CIRCLE('',#1328,1.5);
#1328 = AXIS2_PLACEMENT_3D('',#1329,#1330,#1331);
#1329 = CARTESIAN_POINT('',(-4.5,82.,75.2));
#1330 = DIRECTION('',(0.,-1.,1.1E-16));
#1331 = DIRECTION('',(1.,0.,0.));
#1332 = PLANE('',#1333);
#1333 = AXIS2_PLACEMENT_3D('',#1334,#1335,#1336);
#1334 = CARTESIAN_POINT('',(-94.,82.,-55.));
#1335 = DIRECTION('',(0.,1.,0.));
#1336 = DIRECTION('',(0.,0.,1.));
#1337 = ADVANCED_FACE('',(#1338),#1356,.T.);
#1338 = FACE_BOUND('',#1339,.T.);
#1339 = EDGE_LOOP('',(#1340,#1341,#1348,#1349));
#1340 = ORIENTED_EDGE('',*,*,#654,.F.);
#1341 = ORIENTED_EDGE('',*,*,#1342,.T.);
#1342 = EDGE_CURVE('',#655,#589,#1343,.T.);
#1343 = CIRCLE('',#1344,2.);
#1344 = AXIS2_PLACEMENT_3D('',#1345,#1346,#1347);
#1345 = CARTESIAN_POINT('',(112.,77.,-54.58257569495));
#1346 = DIRECTION('',(-0.,0.,1.));
#1347 = DIRECTION('',(0.,-1.,0.));
#1348 = ORIENTED_EDGE('',*,*,#597,.T.);
#1349 = ORIENTED_EDGE('',*,*,#1350,.F.);
#1350 = EDGE_CURVE('',#657,#598,#1351,.T.);
#1351 = CIRCLE('',#1352,5.);
#1352 = AXIS2_PLACEMENT_3D('',#1353,#1354,#1355);
#1353 = CARTESIAN_POINT('',(112.,77.,-50.));
#1354 = DIRECTION('',(0.,0.,1.));
#1355 = DIRECTION('',(1.,0.,0.));
#1356 = SPHERICAL_SURFACE('',#1357,5.);
#1357 = AXIS2_PLACEMENT_3D('',#1358,#1359,#1360);
#1358 = CARTESIAN_POINT('',(112.,77.,-50.));
#1359 = DIRECTION('',(0.,0.,1.));
#1360 = DIRECTION('',(1.,0.,0.));
#1361 = ADVANCED_FACE('',(#1362),#1367,.T.);
#1362 = FACE_BOUND('',#1363,.T.);
#1363 = EDGE_LOOP('',(#1364,#1365,#1366));
#1364 = ORIENTED_EDGE('',*,*,#690,.F.);
#1365 = ORIENTED_EDGE('',*,*,#588,.T.);
#1366 = ORIENTED_EDGE('',*,*,#1342,.F.);
#1367 = SPHERICAL_SURFACE('',#1368,5.);
#1368 = AXIS2_PLACEMENT_3D('',#1369,#1370,#1371);
#1369 = CARTESIAN_POINT('',(112.,77.,-50.));
#1370 = DIRECTION('',(0.,0.,1.));
#1371 = DIRECTION('',(1.,0.,0.));
#1372 = ADVANCED_FACE('',(#1373),#1466,.T.);
#1373 = FACE_BOUND('',#1374,.T.);
#1374 = EDGE_LOOP('',(#1375,#1383,#1384,#1392,#1400,#1409,#1417,#1426,
    #1434,#1443,#1451,#1460));
#1375 = ORIENTED_EDGE('',*,*,#1376,.F.);
#1376 = EDGE_CURVE('',#666,#1377,#1379,.T.);
#1377 = VERTEX_POINT('',#1378);
#1378 = CARTESIAN_POINT('',(117.,-77.,95.));
#1379 = LINE('',#1380,#1381);
#1380 = CARTESIAN_POINT('',(117.,-77.,-55.));
#1381 = VECTOR('',#1382,1.);
#1382 = DIRECTION('',(0.,0.,1.));
#1383 = ORIENTED_EDGE('',*,*,#665,.T.);
#1384 = ORIENTED_EDGE('',*,*,#1385,.T.);
#1385 = EDGE_CURVE('',#657,#1386,#1388,.T.);
#1386 = VERTEX_POINT('',#1387);
#1387 = CARTESIAN_POINT('',(117.,77.,95.));
#1388 = LINE('',#1389,#1390);
#1389 = CARTESIAN_POINT('',(117.,77.,-55.));
#1390 = VECTOR('',#1391,1.);
#1391 = DIRECTION('',(0.,0.,1.));
#1392 = ORIENTED_EDGE('',*,*,#1393,.F.);
#1393 = EDGE_CURVE('',#1394,#1386,#1396,.T.);
#1394 = VERTEX_POINT('',#1395);
#1395 = CARTESIAN_POINT('',(117.,71.280624847485,95.));
#1396 = LINE('',#1397,#1398);
#1397 = CARTESIAN_POINT('',(117.,-82.,95.));
#1398 = VECTOR('',#1399,1.);
#1399 = DIRECTION('',(0.,1.,0.));
#1400 = ORIENTED_EDGE('',*,*,#1401,.F.);
#1401 = EDGE_CURVE('',#1402,#1394,#1404,.T.);
#1402 = VERTEX_POINT('',#1403);
#1403 = CARTESIAN_POINT('',(117.,74.2,91.));
#1404 = CIRCLE('',#1405,4.2);
#1405 = AXIS2_PLACEMENT_3D('',#1406,#1407,#1408);
#1406 = CARTESIAN_POINT('',(117.,70.,91.));
#1407 = DIRECTION('',(1.,-0.,1.1E-16));
#1408 = DIRECTION('',(1.1E-16,0.,-1.));
#1409 = ORIENTED_EDGE('',*,*,#1410,.F.);
#1410 = EDGE_CURVE('',#1411,#1402,#1413,.T.);
#1411 = VERTEX_POINT('',#1412);
#1412 = CARTESIAN_POINT('',(117.,74.2,-45.));
#1413 = LINE('',#1414,#1415);
#1414 = CARTESIAN_POINT('',(117.,74.2,18.));
#1415 = VECTOR('',#1416,1.);
#1416 = DIRECTION('',(0.,0.,1.));
#1417 = ORIENTED_EDGE('',*,*,#1418,.F.);
#1418 = EDGE_CURVE('',#1419,#1411,#1421,.T.);
#1419 = VERTEX_POINT('',#1420);
#1420 = CARTESIAN_POINT('',(117.,70.,-49.2));
#1421 = CIRCLE('',#1422,4.2);
#1422 = AXIS2_PLACEMENT_3D('',#1423,#1424,#1425);
#1423 = CARTESIAN_POINT('',(117.,70.,-45.));
#1424 = DIRECTION('',(1.,-0.,1.1E-16));
#1425 = DIRECTION('',(1.1E-16,0.,-1.));
#1426 = ORIENTED_EDGE('',*,*,#1427,.F.);
#1427 = EDGE_CURVE('',#1428,#1419,#1430,.T.);
#1428 = VERTEX_POINT('',#1429);
#1429 = CARTESIAN_POINT('',(117.,-70.,-49.2));
#1430 = LINE('',#1431,#1432);
#1431 = CARTESIAN_POINT('',(117.,-76.,-49.2));
#1432 = VECTOR('',#1433,1.);
#1433 = DIRECTION('',(0.,1.,0.));
#1434 = ORIENTED_EDGE('',*,*,#1435,.F.);
#1435 = EDGE_CURVE('',#1436,#1428,#1438,.T.);
#1436 = VERTEX_POINT('',#1437);
#1437 = CARTESIAN_POINT('',(117.,-74.2,-45.));
#1438 = CIRCLE('',#1439,4.2);
#1439 = AXIS2_PLACEMENT_3D('',#1440,#1441,#1442);
#1440 = CARTESIAN_POINT('',(117.,-70.,-45.));
#1441 = DIRECTION('',(1.,-0.,1.1E-16));
#1442 = DIRECTION('',(1.1E-16,0.,-1.));
#1443 = ORIENTED_EDGE('',*,*,#1444,.T.);
#1444 = EDGE_CURVE('',#1436,#1445,#1447,.T.);
#1445 = VERTEX_POINT('',#1446);
#1446 = CARTESIAN_POINT('',(117.,-74.2,91.));
#1447 = LINE('',#1448,#1449);
#1448 = CARTESIAN_POINT('',(117.,-74.2,18.));
#1449 = VECTOR('',#1450,1.);
#1450 = DIRECTION('',(0.,0.,1.));
#1451 = ORIENTED_EDGE('',*,*,#1452,.F.);
#1452 = EDGE_CURVE('',#1453,#1445,#1455,.T.);
#1453 = VERTEX_POINT('',#1454);
#1454 = CARTESIAN_POINT('',(117.,-71.28062484748,95.));
#1455 = CIRCLE('',#1456,4.2);
#1456 = AXIS2_PLACEMENT_3D('',#1457,#1458,#1459);
#1457 = CARTESIAN_POINT('',(117.,-70.,91.));
#1458 = DIRECTION('',(1.,-0.,1.1E-16));
#1459 = DIRECTION('',(1.1E-16,0.,-1.));
#1460 = ORIENTED_EDGE('',*,*,#1461,.F.);
#1461 = EDGE_CURVE('',#1377,#1453,#1462,.T.);
#1462 = LINE('',#1463,#1464);
#1463 = CARTESIAN_POINT('',(117.,-82.,95.));
#1464 = VECTOR('',#1465,1.);
#1465 = DIRECTION('',(0.,1.,0.));
#1466 = PLANE('',#1467);
#1467 = AXIS2_PLACEMENT_3D('',#1468,#1469,#1470);
#1468 = CARTESIAN_POINT('',(117.,-82.,-55.));
#1469 = DIRECTION('',(1.,0.,0.));
#1470 = DIRECTION('',(0.,0.,1.));
#1471 = ADVANCED_FACE('',(#1472),#1490,.T.);
#1472 = FACE_BOUND('',#1473,.F.);
#1473 = EDGE_LOOP('',(#1474,#1475,#1482,#1483));
#1474 = ORIENTED_EDGE('',*,*,#673,.F.);
#1475 = ORIENTED_EDGE('',*,*,#1476,.F.);
#1476 = EDGE_CURVE('',#750,#674,#1477,.T.);
#1477 = CIRCLE('',#1478,2.);
#1478 = AXIS2_PLACEMENT_3D('',#1479,#1480,#1481);
#1479 = CARTESIAN_POINT('',(112.,-77.,-54.58257569495));
#1480 = DIRECTION('',(-0.,0.,1.));
#1481 = DIRECTION('',(0.,-1.,0.));
#1482 = ORIENTED_EDGE('',*,*,#758,.T.);
#1483 = ORIENTED_EDGE('',*,*,#1484,.F.);
#1484 = EDGE_CURVE('',#666,#708,#1485,.T.);
#1485 = CIRCLE('',#1486,5.);
#1486 = AXIS2_PLACEMENT_3D('',#1487,#1488,#1489);
#1487 = CARTESIAN_POINT('',(112.,-77.,-50.));
#1488 = DIRECTION('',(0.,0.,-1.));
#1489 = DIRECTION('',(1.,0.,0.));
#1490 = SPHERICAL_SURFACE('',#1491,5.);
#1491 = AXIS2_PLACEMENT_3D('',#1492,#1493,#1494);
#1492 = CARTESIAN_POINT('',(112.,-77.,-50.));
#1493 = DIRECTION('',(0.,0.,1.));
#1494 = DIRECTION('',(1.,0.,0.));
#1495 = ADVANCED_FACE('',(#1496),#1501,.T.);
#1496 = FACE_BOUND('',#1497,.F.);
#1497 = EDGE_LOOP('',(#1498,#1499,#1500));
#1498 = ORIENTED_EDGE('',*,*,#682,.F.);
#1499 = ORIENTED_EDGE('',*,*,#749,.T.);
#1500 = ORIENTED_EDGE('',*,*,#1476,.T.);
#1501 = SPHERICAL_SURFACE('',#1502,5.);
#1502 = AXIS2_PLACEMENT_3D('',#1503,#1504,#1505);
#1503 = CARTESIAN_POINT('',(112.,-77.,-50.));
#1504 = DIRECTION('',(0.,0.,1.));
#1505 = DIRECTION('',(1.,0.,0.));
#1506 = ADVANCED_FACE('',(#1507,#1558,#1569,#1639,#1709),#1779,.F.);
#1507 = FACE_BOUND('',#1508,.F.);
#1508 = EDGE_LOOP('',(#1509,#1510,#1518,#1527,#1536,#1544,#1552));
#1509 = ORIENTED_EDGE('',*,*,#705,.F.);
#1510 = ORIENTED_EDGE('',*,*,#1511,.F.);
#1511 = EDGE_CURVE('',#1512,#706,#1514,.T.);
#1512 = VERTEX_POINT('',#1513);
#1513 = CARTESIAN_POINT('',(-20.,-82.,-30.17349830563));
#1514 = LINE('',#1515,#1516);
#1515 = CARTESIAN_POINT('',(-20.,-82.,-57.5));
#1516 = VECTOR('',#1517,1.);
#1517 = DIRECTION('',(0.,0.,-1.));
#1518 = ORIENTED_EDGE('',*,*,#1519,.T.);
#1519 = EDGE_CURVE('',#1512,#1520,#1522,.T.);
#1520 = VERTEX_POINT('',#1521);
#1521 = CARTESIAN_POINT('',(-9.E-15,-82.,-36.2));
#1522 = CIRCLE('',#1523,36.2);
#1523 = AXIS2_PLACEMENT_3D('',#1524,#1525,#1526);
#1524 = CARTESIAN_POINT('',(0.,-82.,0.));
#1525 = DIRECTION('',(0.,-1.,0.));
#1526 = DIRECTION('',(0.,0.,-1.));
#1527 = ORIENTED_EDGE('',*,*,#1528,.T.);
#1528 = EDGE_CURVE('',#1520,#1529,#1531,.T.);
#1529 = VERTEX_POINT('',#1530);
#1530 = CARTESIAN_POINT('',(-20.,-82.,30.173498305632));
#1531 = CIRCLE('',#1532,36.2);
#1532 = AXIS2_PLACEMENT_3D('',#1533,#1534,#1535);
#1533 = CARTESIAN_POINT('',(0.,-82.,0.));
#1534 = DIRECTION('',(0.,-1.,0.));
#1535 = DIRECTION('',(0.,0.,-1.));
#1536 = ORIENTED_EDGE('',*,*,#1537,.F.);
#1537 = EDGE_CURVE('',#1538,#1529,#1540,.T.);
#1538 = VERTEX_POINT('',#1539);
#1539 = CARTESIAN_POINT('',(-20.,-82.,95.));
#1540 = LINE('',#1541,#1542);
#1541 = CARTESIAN_POINT('',(-20.,-82.,-57.5));
#1542 = VECTOR('',#1543,1.);
#1543 = DIRECTION('',(0.,0.,-1.));
#1544 = ORIENTED_EDGE('',*,*,#1545,.T.);
#1545 = EDGE_CURVE('',#1538,#1546,#1548,.T.);
#1546 = VERTEX_POINT('',#1547);
#1547 = CARTESIAN_POINT('',(112.,-82.,95.));
#1548 = LINE('',#1549,#1550);
#1549 = CARTESIAN_POINT('',(-94.,-82.,95.));
#1550 = VECTOR('',#1551,1.);
#1551 = DIRECTION('',(1.,0.,0.));
#1552 = ORIENTED_EDGE('',*,*,#1553,.F.);
#1553 = EDGE_CURVE('',#708,#1546,#1554,.T.);
#1554 = LINE('',#1555,#1556);
#1555 = CARTESIAN_POINT('',(112.,-82.,-55.));
#1556 = VECTOR('',#1557,1.);
#1557 = DIRECTION('',(0.,0.,1.));
#1558 = FACE_BOUND('',#1559,.F.);
#1559 = EDGE_LOOP('',(#1560));
#1560 = ORIENTED_EDGE('',*,*,#1561,.T.);
#1561 = EDGE_CURVE('',#1562,#1562,#1564,.T.);
#1562 = VERTEX_POINT('',#1563);
#1563 = CARTESIAN_POINT('',(45.,-82.,27.));
#1564 = CIRCLE('',#1565,8.);
#1565 = AXIS2_PLACEMENT_3D('',#1566,#1567,#1568);
#1566 = CARTESIAN_POINT('',(45.,-82.,35.));
#1567 = DIRECTION('',(0.,-1.,0.));
#1568 = DIRECTION('',(0.,0.,-1.));
#1569 = FACE_BOUND('',#1570,.F.);
#1570 = EDGE_LOOP('',(#1571,#1581,#1590,#1598,#1607,#1615,#1624,#1632));
#1571 = ORIENTED_EDGE('',*,*,#1572,.T.);
#1572 = EDGE_CURVE('',#1573,#1575,#1577,.T.);
#1573 = VERTEX_POINT('',#1574);
#1574 = CARTESIAN_POINT('',(-6.,-82.,57.2));
#1575 = VERTEX_POINT('',#1576);
#1576 = CARTESIAN_POINT('',(-6.,-82.,56.8));
#1577 = LINE('',#1578,#1579);
#1578 = CARTESIAN_POINT('',(-6.,-82.,0.9));
#1579 = VECTOR('',#1580,1.);
#1580 = DIRECTION('',(0.,0.,-1.));
#1581 = ORIENTED_EDGE('',*,*,#1582,.T.);
#1582 = EDGE_CURVE('',#1575,#1583,#1585,.T.);
#1583 = VERTEX_POINT('',#1584);
#1584 = CARTESIAN_POINT('',(-4.5,-82.,55.3));
#1585 = CIRCLE('',#1586,1.5);
#1586 = AXIS2_PLACEMENT_3D('',#1587,#1588,#1589);
#1587 = CARTESIAN_POINT('',(-4.5,-82.,56.8));
#1588 = DIRECTION('',(0.,-1.,1.1E-16));
#1589 = DIRECTION('',(1.,0.,0.));
#1590 = ORIENTED_EDGE('',*,*,#1591,.T.);
#1591 = EDGE_CURVE('',#1583,#1592,#1594,.T.);
#1592 = VERTEX_POINT('',#1593);
#1593 = CARTESIAN_POINT('',(60.5,-82.,55.3));
#1594 = LINE('',#1595,#1596);
#1595 = CARTESIAN_POINT('',(-49.25,-82.,55.3));
#1596 = VECTOR('',#1597,1.);
#1597 = DIRECTION('',(1.,0.,0.));
#1598 = ORIENTED_EDGE('',*,*,#1599,.T.);
#1599 = EDGE_CURVE('',#1592,#1600,#1602,.T.);
#1600 = VERTEX_POINT('',#1601);
#1601 = CARTESIAN_POINT('',(62.,-82.,56.8));
#1602 = CIRCLE('',#1603,1.5);
#1603 = AXIS2_PLACEMENT_3D('',#1604,#1605,#1606);
#1604 = CARTESIAN_POINT('',(60.5,-82.,56.8));
#1605 = DIRECTION('',(0.,-1.,1.1E-16));
#1606 = DIRECTION('',(1.,0.,0.));
#1607 = ORIENTED_EDGE('',*,*,#1608,.F.);
#1608 = EDGE_CURVE('',#1609,#1600,#1611,.T.);
#1609 = VERTEX_POINT('',#1610);
#1610 = CARTESIAN_POINT('',(62.,-82.,57.2));
#1611 = LINE('',#1612,#1613);
#1612 = CARTESIAN_POINT('',(62.,-82.,0.9));
#1613 = VECTOR('',#1614,1.);
#1614 = DIRECTION('',(0.,0.,-1.));
#1615 = ORIENTED_EDGE('',*,*,#1616,.T.);
#1616 = EDGE_CURVE('',#1609,#1617,#1619,.T.);
#1617 = VERTEX_POINT('',#1618);
#1618 = CARTESIAN_POINT('',(60.5,-82.,58.7));
#1619 = CIRCLE('',#1620,1.5);
#1620 = AXIS2_PLACEMENT_3D('',#1621,#1622,#1623);
#1621 = CARTESIAN_POINT('',(60.5,-82.,57.2));
#1622 = DIRECTION('',(0.,-1.,1.1E-16));
#1623 = DIRECTION('',(1.,0.,0.));
#1624 = ORIENTED_EDGE('',*,*,#1625,.F.);
#1625 = EDGE_CURVE('',#1626,#1617,#1628,.T.);
#1626 = VERTEX_POINT('',#1627);
#1627 = CARTESIAN_POINT('',(-4.5,-82.,58.7));
#1628 = LINE('',#1629,#1630);
#1629 = CARTESIAN_POINT('',(-49.25,-82.,58.7));
#1630 = VECTOR('',#1631,1.);
#1631 = DIRECTION('',(1.,0.,0.));
#1632 = ORIENTED_EDGE('',*,*,#1633,.T.);
#1633 = EDGE_CURVE('',#1626,#1573,#1634,.T.);
#1634 = CIRCLE('',#1635,1.5);
#1635 = AXIS2_PLACEMENT_3D('',#1636,#1637,#1638);
#1636 = CARTESIAN_POINT('',(-4.5,-82.,57.2));
#1637 = DIRECTION('',(0.,-1.,1.1E-16));
#1638 = DIRECTION('',(1.,0.,0.));
#1639 = FACE_BOUND('',#1640,.F.);
#1640 = EDGE_LOOP('',(#1641,#1651,#1660,#1668,#1677,#1685,#1694,#1702));
#1641 = ORIENTED_EDGE('',*,*,#1642,.T.);
#1642 = EDGE_CURVE('',#1643,#1645,#1647,.T.);
#1643 = VERTEX_POINT('',#1644);
#1644 = CARTESIAN_POINT('',(-6.,-82.,66.2));
#1645 = VERTEX_POINT('',#1646);
#1646 = CARTESIAN_POINT('',(-6.,-82.,65.8));
#1647 = LINE('',#1648,#1649);
#1648 = CARTESIAN_POINT('',(-6.,-82.,5.4));
#1649 = VECTOR('',#1650,1.);
#1650 = DIRECTION('',(0.,0.,-1.));
#1651 = ORIENTED_EDGE('',*,*,#1652,.T.);
#1652 = EDGE_CURVE('',#1645,#1653,#1655,.T.);
#1653 = VERTEX_POINT('',#1654);
#1654 = CARTESIAN_POINT('',(-4.5,-82.,64.3));
#1655 = CIRCLE('',#1656,1.5);
#1656 = AXIS2_PLACEMENT_3D('',#1657,#1658,#1659);
#1657 = CARTESIAN_POINT('',(-4.5,-82.,65.8));
#1658 = DIRECTION('',(0.,-1.,1.1E-16));
#1659 = DIRECTION('',(1.,0.,0.));
#1660 = ORIENTED_EDGE('',*,*,#1661,.T.);
#1661 = EDGE_CURVE('',#1653,#1662,#1664,.T.);
#1662 = VERTEX_POINT('',#1663);
#1663 = CARTESIAN_POINT('',(60.5,-82.,64.3));
#1664 = LINE('',#1665,#1666);
#1665 = CARTESIAN_POINT('',(-49.25,-82.,64.3));
#1666 = VECTOR('',#1667,1.);
#1667 = DIRECTION('',(1.,0.,0.));
#1668 = ORIENTED_EDGE('',*,*,#1669,.T.);
#1669 = EDGE_CURVE('',#1662,#1670,#1672,.T.);
#1670 = VERTEX_POINT('',#1671);
#1671 = CARTESIAN_POINT('',(62.,-82.,65.8));
#1672 = CIRCLE('',#1673,1.5);
#1673 = AXIS2_PLACEMENT_3D('',#1674,#1675,#1676);
#1674 = CARTESIAN_POINT('',(60.5,-82.,65.8));
#1675 = DIRECTION('',(0.,-1.,1.1E-16));
#1676 = DIRECTION('',(1.,0.,0.));
#1677 = ORIENTED_EDGE('',*,*,#1678,.F.);
#1678 = EDGE_CURVE('',#1679,#1670,#1681,.T.);
#1679 = VERTEX_POINT('',#1680);
#1680 = CARTESIAN_POINT('',(62.,-82.,66.2));
#1681 = LINE('',#1682,#1683);
#1682 = CARTESIAN_POINT('',(62.,-82.,5.4));
#1683 = VECTOR('',#1684,1.);
#1684 = DIRECTION('',(0.,0.,-1.));
#1685 = ORIENTED_EDGE('',*,*,#1686,.T.);
#1686 = EDGE_CURVE('',#1679,#1687,#1689,.T.);
#1687 = VERTEX_POINT('',#1688);
#1688 = CARTESIAN_POINT('',(60.5,-82.,67.7));
#1689 = CIRCLE('',#1690,1.5);
#1690 = AXIS2_PLACEMENT_3D('',#1691,#1692,#1693);
#1691 = CARTESIAN_POINT('',(60.5,-82.,66.2));
#1692 = DIRECTION('',(0.,-1.,1.1E-16));
#1693 = DIRECTION('',(1.,0.,0.));
#1694 = ORIENTED_EDGE('',*,*,#1695,.F.);
#1695 = EDGE_CURVE('',#1696,#1687,#1698,.T.);
#1696 = VERTEX_POINT('',#1697);
#1697 = CARTESIAN_POINT('',(-4.5,-82.,67.7));
#1698 = LINE('',#1699,#1700);
#1699 = CARTESIAN_POINT('',(-49.25,-82.,67.7));
#1700 = VECTOR('',#1701,1.);
#1701 = DIRECTION('',(1.,0.,0.));
#1702 = ORIENTED_EDGE('',*,*,#1703,.T.);
#1703 = EDGE_CURVE('',#1696,#1643,#1704,.T.);
#1704 = CIRCLE('',#1705,1.5);
#1705 = AXIS2_PLACEMENT_3D('',#1706,#1707,#1708);
#1706 = CARTESIAN_POINT('',(-4.5,-82.,66.2));
#1707 = DIRECTION('',(0.,-1.,1.1E-16));
#1708 = DIRECTION('',(1.,0.,0.));
#1709 = FACE_BOUND('',#1710,.F.);
#1710 = EDGE_LOOP('',(#1711,#1721,#1730,#1738,#1747,#1755,#1764,#1772));
#1711 = ORIENTED_EDGE('',*,*,#1712,.T.);
#1712 = EDGE_CURVE('',#1713,#1715,#1717,.T.);
#1713 = VERTEX_POINT('',#1714);
#1714 = CARTESIAN_POINT('',(-6.,-82.,75.2));
#1715 = VERTEX_POINT('',#1716);
#1716 = CARTESIAN_POINT('',(-6.,-82.,74.8));
#1717 = LINE('',#1718,#1719);
#1718 = CARTESIAN_POINT('',(-6.,-82.,9.9));
#1719 = VECTOR('',#1720,1.);
#1720 = DIRECTION('',(0.,0.,-1.));
#1721 = ORIENTED_EDGE('',*,*,#1722,.T.);
#1722 = EDGE_CURVE('',#1715,#1723,#1725,.T.);
#1723 = VERTEX_POINT('',#1724);
#1724 = CARTESIAN_POINT('',(-4.5,-82.,73.3));
#1725 = CIRCLE('',#1726,1.5);
#1726 = AXIS2_PLACEMENT_3D('',#1727,#1728,#1729);
#1727 = CARTESIAN_POINT('',(-4.5,-82.,74.8));
#1728 = DIRECTION('',(0.,-1.,1.1E-16));
#1729 = DIRECTION('',(1.,0.,0.));
#1730 = ORIENTED_EDGE('',*,*,#1731,.T.);
#1731 = EDGE_CURVE('',#1723,#1732,#1734,.T.);
#1732 = VERTEX_POINT('',#1733);
#1733 = CARTESIAN_POINT('',(60.5,-82.,73.3));
#1734 = LINE('',#1735,#1736);
#1735 = CARTESIAN_POINT('',(-49.25,-82.,73.3));
#1736 = VECTOR('',#1737,1.);
#1737 = DIRECTION('',(1.,0.,0.));
#1738 = ORIENTED_EDGE('',*,*,#1739,.T.);
#1739 = EDGE_CURVE('',#1732,#1740,#1742,.T.);
#1740 = VERTEX_POINT('',#1741);
#1741 = CARTESIAN_POINT('',(62.,-82.,74.8));
#1742 = CIRCLE('',#1743,1.5);
#1743 = AXIS2_PLACEMENT_3D('',#1744,#1745,#1746);
#1744 = CARTESIAN_POINT('',(60.5,-82.,74.8));
#1745 = DIRECTION('',(0.,-1.,1.1E-16));
#1746 = DIRECTION('',(1.,0.,0.));
#1747 = ORIENTED_EDGE('',*,*,#1748,.F.);
#1748 = EDGE_CURVE('',#1749,#1740,#1751,.T.);
#1749 = VERTEX_POINT('',#1750);
#1750 = CARTESIAN_POINT('',(62.,-82.,75.2));
#1751 = LINE('',#1752,#1753);
#1752 = CARTESIAN_POINT('',(62.,-82.,9.9));
#1753 = VECTOR('',#1754,1.);
#1754 = DIRECTION('',(0.,0.,-1.));
#1755 = ORIENTED_EDGE('',*,*,#1756,.T.);
#1756 = EDGE_CURVE('',#1749,#1757,#1759,.T.);
#1757 = VERTEX_POINT('',#1758);
#1758 = CARTESIAN_POINT('',(60.5,-82.,76.7));
#1759 = CIRCLE('',#1760,1.5);
#1760 = AXIS2_PLACEMENT_3D('',#1761,#1762,#1763);
#1761 = CARTESIAN_POINT('',(60.5,-82.,75.2));
#1762 = DIRECTION('',(0.,-1.,1.1E-16));
#1763 = DIRECTION('',(1.,0.,0.));
#1764 = ORIENTED_EDGE('',*,*,#1765,.F.);
#1765 = EDGE_CURVE('',#1766,#1757,#1768,.T.);
#1766 = VERTEX_POINT('',#1767);
#1767 = CARTESIAN_POINT('',(-4.5,-82.,76.7));
#1768 = LINE('',#1769,#1770);
#1769 = CARTESIAN_POINT('',(-49.25,-82.,76.7));
#1770 = VECTOR('',#1771,1.);
#1771 = DIRECTION('',(1.,0.,0.));
#1772 = ORIENTED_EDGE('',*,*,#1773,.T.);
#1773 = EDGE_CURVE('',#1766,#1713,#1774,.T.);
#1774 = CIRCLE('',#1775,1.5);
#1775 = AXIS2_PLACEMENT_3D('',#1776,#1777,#1778);
#1776 = CARTESIAN_POINT('',(-4.5,-82.,75.2));
#1777 = DIRECTION('',(0.,-1.,1.1E-16));
#1778 = DIRECTION('',(1.,0.,0.));
#1779 = PLANE('',#1780);
#1780 = AXIS2_PLACEMENT_3D('',#1781,#1782,#1783);
#1781 = CARTESIAN_POINT('',(-94.,-82.,-55.));
#1782 = DIRECTION('',(0.,1.,0.));
#1783 = DIRECTION('',(0.,0.,1.));
#1784 = ADVANCED_FACE('',(#1785),#1795,.T.);
#1785 = FACE_BOUND('',#1786,.T.);
#1786 = EDGE_LOOP('',(#1787,#1788,#1794));
#1787 = ORIENTED_EDGE('',*,*,#732,.F.);
#1788 = ORIENTED_EDGE('',*,*,#1789,.T.);
#1789 = EDGE_CURVE('',#725,#784,#1790,.T.);
#1790 = LINE('',#1791,#1792);
#1791 = CARTESIAN_POINT('',(-19.5,-79.2,-55.9));
#1792 = VECTOR('',#1793,1.);
#1793 = DIRECTION('',(0.,0.,-1.));
#1794 = ORIENTED_EDGE('',*,*,#791,.T.);
#1795 = PLANE('',#1796);
#1796 = AXIS2_PLACEMENT_3D('',#1797,#1798,#1799);
#1797 = CARTESIAN_POINT('',(-19.5,-90.,-54.8));
#1798 = DIRECTION('',(1.,0.,0.));
#1799 = DIRECTION('',(0.,0.,1.));
#1800 = ADVANCED_FACE('',(#1801),#1829,.F.);
#1801 = FACE_BOUND('',#1802,.F.);
#1802 = EDGE_LOOP('',(#1803,#1804,#1812,#1821,#1827,#1828));
#1803 = ORIENTED_EDGE('',*,*,#783,.F.);
#1804 = ORIENTED_EDGE('',*,*,#1805,.F.);
#1805 = EDGE_CURVE('',#1806,#774,#1808,.T.);
#1806 = VERTEX_POINT('',#1807);
#1807 = CARTESIAN_POINT('',(-24.,-79.2,-27.10055349988));
#1808 = LINE('',#1809,#1810);
#1809 = CARTESIAN_POINT('',(-24.,-79.2,-55.9));
#1810 = VECTOR('',#1811,1.);
#1811 = DIRECTION('',(0.,0.,-1.));
#1812 = ORIENTED_EDGE('',*,*,#1813,.T.);
#1813 = EDGE_CURVE('',#1806,#1814,#1816,.T.);
#1814 = VERTEX_POINT('',#1815);
#1815 = CARTESIAN_POINT('',(-20.,-79.2,-30.17349830563));
#1816 = CIRCLE('',#1817,36.2);
#1817 = AXIS2_PLACEMENT_3D('',#1818,#1819,#1820);
#1818 = CARTESIAN_POINT('',(0.,-79.2,0.));
#1819 = DIRECTION('',(0.,-1.,0.));
#1820 = DIRECTION('',(0.,0.,-1.));
#1821 = ORIENTED_EDGE('',*,*,#1822,.F.);
#1822 = EDGE_CURVE('',#716,#1814,#1823,.T.);
#1823 = LINE('',#1824,#1825);
#1824 = CARTESIAN_POINT('',(-20.,-79.2,-58.5));
#1825 = VECTOR('',#1826,1.);
#1826 = DIRECTION('',(0.,0.,1.));
#1827 = ORIENTED_EDGE('',*,*,#724,.T.);
#1828 = ORIENTED_EDGE('',*,*,#1789,.T.);
#1829 = PLANE('',#1830);
#1830 = AXIS2_PLACEMENT_3D('',#1831,#1832,#1833);
#1831 = CARTESIAN_POINT('',(-91.2,-79.2,-57.));
#1832 = DIRECTION('',(0.,1.,0.));
#1833 = DIRECTION('',(0.,0.,1.));
#1834 = ADVANCED_FACE('',(#1835),#1846,.F.);
#1835 = FACE_BOUND('',#1836,.F.);
#1836 = EDGE_LOOP('',(#1837,#1838,#1839,#1840));
#1837 = ORIENTED_EDGE('',*,*,#1511,.T.);
#1838 = ORIENTED_EDGE('',*,*,#715,.T.);
#1839 = ORIENTED_EDGE('',*,*,#1822,.T.);
#1840 = ORIENTED_EDGE('',*,*,#1841,.T.);
#1841 = EDGE_CURVE('',#1814,#1512,#1842,.T.);
#1842 = LINE('',#1843,#1844);
#1843 = CARTESIAN_POINT('',(-20.,-60.,-30.17349830563));
#1844 = VECTOR('',#1845,1.);
#1845 = DIRECTION('',(0.,-1.,0.));
#1846 = PLANE('',#1847);
#1847 = AXIS2_PLACEMENT_3D('',#1848,#1849,#1850);
#1848 = CARTESIAN_POINT('',(-20.,-90.,-60.));
#1849 = DIRECTION('',(1.,0.,0.));
#1850 = DIRECTION('',(0.,0.,1.));
#1851 = ADVANCED_FACE('',(#1852),#1879,.F.);
#1852 = FACE_BOUND('',#1853,.F.);
#1853 = EDGE_LOOP('',(#1854,#1862,#1863,#1864,#1865,#1873));
#1854 = ORIENTED_EDGE('',*,*,#1855,.T.);
#1855 = EDGE_CURVE('',#1856,#1806,#1858,.T.);
#1856 = VERTEX_POINT('',#1857);
#1857 = CARTESIAN_POINT('',(-24.,-78.5,-27.10055349988));
#1858 = LINE('',#1859,#1860);
#1859 = CARTESIAN_POINT('',(-24.,-60.,-27.10055349988));
#1860 = VECTOR('',#1861,1.);
#1861 = DIRECTION('',(0.,-1.,0.));
#1862 = ORIENTED_EDGE('',*,*,#1805,.T.);
#1863 = ORIENTED_EDGE('',*,*,#773,.T.);
#1864 = ORIENTED_EDGE('',*,*,#813,.F.);
#1865 = ORIENTED_EDGE('',*,*,#1866,.F.);
#1866 = EDGE_CURVE('',#1867,#814,#1869,.T.);
#1867 = VERTEX_POINT('',#1868);
#1868 = CARTESIAN_POINT('',(-24.,-78.5,-39.5));
#1869 = LINE('',#1870,#1871);
#1870 = CARTESIAN_POINT('',(-24.,-84.25,-39.5));
#1871 = VECTOR('',#1872,1.);
#1872 = DIRECTION('',(0.,1.,1.1E-16));
#1873 = ORIENTED_EDGE('',*,*,#1874,.T.);
#1874 = EDGE_CURVE('',#1867,#1856,#1875,.T.);
#1875 = LINE('',#1876,#1877);
#1876 = CARTESIAN_POINT('',(-24.,-78.5,-27.4));
#1877 = VECTOR('',#1878,1.);
#1878 = DIRECTION('',(0.,-1.1E-16,1.));
#1879 = PLANE('',#1880);
#1880 = AXIS2_PLACEMENT_3D('',#1881,#1882,#1883);
#1881 = CARTESIAN_POINT('',(-24.,-90.,-54.8));
#1882 = DIRECTION('',(1.,0.,0.));
#1883 = DIRECTION('',(0.,0.,1.));
#1884 = ADVANCED_FACE('',(#1885),#1919,.T.);
#1885 = FACE_BOUND('',#1886,.T.);
#1886 = EDGE_LOOP('',(#1887,#1897,#1905,#1911,#1912,#1913));
#1887 = ORIENTED_EDGE('',*,*,#1888,.T.);
#1888 = EDGE_CURVE('',#1889,#1891,#1893,.T.);
#1889 = VERTEX_POINT('',#1890);
#1890 = CARTESIAN_POINT('',(-19.5,-78.5,-39.5));
#1891 = VERTEX_POINT('',#1892);
#1892 = CARTESIAN_POINT('',(-19.5,-78.5,-30.49901637758));
#1893 = LINE('',#1894,#1895);
#1894 = CARTESIAN_POINT('',(-19.5,-78.5,-27.4));
#1895 = VECTOR('',#1896,1.);
#1896 = DIRECTION('',(0.,-1.1E-16,1.));
#1897 = ORIENTED_EDGE('',*,*,#1898,.T.);
#1898 = EDGE_CURVE('',#1891,#1899,#1901,.T.);
#1899 = VERTEX_POINT('',#1900);
#1900 = CARTESIAN_POINT('',(-19.49999999999,-79.,-30.49901637758));
#1901 = LINE('',#1902,#1903);
#1902 = CARTESIAN_POINT('',(-19.5,-60.,-30.49901637758));
#1903 = VECTOR('',#1904,1.);
#1904 = DIRECTION('',(0.,-1.,0.));
#1905 = ORIENTED_EDGE('',*,*,#1906,.T.);
#1906 = EDGE_CURVE('',#1899,#894,#1907,.T.);
#1907 = LINE('',#1908,#1909);
#1908 = CARTESIAN_POINT('',(-19.5,-79.,-55.9));
#1909 = VECTOR('',#1910,1.);
#1910 = DIRECTION('',(0.,0.,-1.));
#1911 = ORIENTED_EDGE('',*,*,#893,.T.);
#1912 = ORIENTED_EDGE('',*,*,#829,.F.);
#1913 = ORIENTED_EDGE('',*,*,#1914,.F.);
#1914 = EDGE_CURVE('',#1889,#822,#1915,.T.);
#1915 = LINE('',#1916,#1917);
#1916 = CARTESIAN_POINT('',(-19.5,-84.25,-39.5));
#1917 = VECTOR('',#1918,1.);
#1918 = DIRECTION('',(0.,1.,1.1E-16));
#1919 = PLANE('',#1920);
#1920 = AXIS2_PLACEMENT_3D('',#1921,#1922,#1923);
#1921 = CARTESIAN_POINT('',(-19.5,-90.,-54.8));
#1922 = DIRECTION('',(1.,0.,0.));
#1923 = DIRECTION('',(0.,0.,1.));
#1924 = ADVANCED_FACE('',(#1925),#1936,.T.);
#1925 = FACE_BOUND('',#1926,.F.);
#1926 = EDGE_LOOP('',(#1927,#1933,#1934,#1935));
#1927 = ORIENTED_EDGE('',*,*,#1928,.F.);
#1928 = EDGE_CURVE('',#1867,#1889,#1929,.T.);
#1929 = LINE('',#1930,#1931);
#1930 = CARTESIAN_POINT('',(-38.5,-78.5,-39.5));
#1931 = VECTOR('',#1932,1.);
#1932 = DIRECTION('',(1.,0.,0.));
#1933 = ORIENTED_EDGE('',*,*,#1866,.T.);
#1934 = ORIENTED_EDGE('',*,*,#821,.F.);
#1935 = ORIENTED_EDGE('',*,*,#1914,.F.);
#1936 = PLANE('',#1937);
#1937 = AXIS2_PLACEMENT_3D('',#1938,#1939,#1940);
#1938 = CARTESIAN_POINT('',(-38.5,-78.5,-39.5));
#1939 = DIRECTION('',(0.,-2.2E-16,1.));
#1940 = DIRECTION('',(0.,-1.,-2.2E-16));
#1941 = ADVANCED_FACE('',(#1942,#1993,#2063,#2133,#2203,#2237,#2248),
  #2282,.F.);
#1942 = FACE_BOUND('',#1943,.F.);
#1943 = EDGE_LOOP('',(#1944,#1945,#1953,#1962,#1971,#1979,#1987));
#1944 = ORIENTED_EDGE('',*,*,#853,.F.);
#1945 = ORIENTED_EDGE('',*,*,#1946,.F.);
#1946 = EDGE_CURVE('',#1947,#854,#1949,.T.);
#1947 = VERTEX_POINT('',#1948);
#1948 = CARTESIAN_POINT('',(-19.5,79.,-30.49901637758));
#1949 = LINE('',#1950,#1951);
#1950 = CARTESIAN_POINT('',(-19.5,79.,-55.9));
#1951 = VECTOR('',#1952,1.);
#1952 = DIRECTION('',(0.,0.,-1.));
#1953 = ORIENTED_EDGE('',*,*,#1954,.F.);
#1954 = EDGE_CURVE('',#1955,#1947,#1957,.T.);
#1955 = VERTEX_POINT('',#1956);
#1956 = CARTESIAN_POINT('',(-9.E-15,79.,36.2));
#1957 = CIRCLE('',#1958,36.2);
#1958 = AXIS2_PLACEMENT_3D('',#1959,#1960,#1961);
#1959 = CARTESIAN_POINT('',(0.,79.,0.));
#1960 = DIRECTION('',(0.,1.,0.));
#1961 = DIRECTION('',(0.,0.,1.));
#1962 = ORIENTED_EDGE('',*,*,#1963,.F.);
#1963 = EDGE_CURVE('',#1964,#1955,#1966,.T.);
#1964 = VERTEX_POINT('',#1965);
#1965 = CARTESIAN_POINT('',(-19.49999999999,79.,30.499016377582));
#1966 = CIRCLE('',#1967,36.2);
#1967 = AXIS2_PLACEMENT_3D('',#1968,#1969,#1970);
#1968 = CARTESIAN_POINT('',(0.,79.,0.));
#1969 = DIRECTION('',(0.,1.,0.));
#1970 = DIRECTION('',(0.,0.,1.));
#1971 = ORIENTED_EDGE('',*,*,#1972,.F.);
#1972 = EDGE_CURVE('',#1973,#1964,#1975,.T.);
#1973 = VERTEX_POINT('',#1974);
#1974 = CARTESIAN_POINT('',(-19.5,79.,95.));
#1975 = LINE('',#1976,#1977);
#1976 = CARTESIAN_POINT('',(-19.5,79.,-55.9));
#1977 = VECTOR('',#1978,1.);
#1978 = DIRECTION('',(0.,0.,-1.));
#1979 = ORIENTED_EDGE('',*,*,#1980,.T.);
#1980 = EDGE_CURVE('',#1973,#1981,#1983,.T.);
#1981 = VERTEX_POINT('',#1982);
#1982 = CARTESIAN_POINT('',(111.,79.,95.));
#1983 = LINE('',#1984,#1985);
#1984 = CARTESIAN_POINT('',(-91.,79.,95.));
#1985 = VECTOR('',#1986,1.);
#1986 = DIRECTION('',(1.,0.,0.));
#1987 = ORIENTED_EDGE('',*,*,#1988,.F.);
#1988 = EDGE_CURVE('',#856,#1981,#1989,.T.);
#1989 = LINE('',#1990,#1991);
#1990 = CARTESIAN_POINT('',(111.,79.,-17.25));
#1991 = VECTOR('',#1992,1.);
#1992 = DIRECTION('',(-1.1E-16,0.,1.));
#1993 = FACE_BOUND('',#1994,.F.);
#1994 = EDGE_LOOP('',(#1995,#2005,#2014,#2022,#2031,#2039,#2048,#2056));
#1995 = ORIENTED_EDGE('',*,*,#1996,.T.);
#1996 = EDGE_CURVE('',#1997,#1999,#2001,.T.);
#1997 = VERTEX_POINT('',#1998);
#1998 = CARTESIAN_POINT('',(-6.,79.,57.2));
#1999 = VERTEX_POINT('',#2000);
#2000 = CARTESIAN_POINT('',(-6.,79.,56.8));
#2001 = LINE('',#2002,#2003);
#2002 = CARTESIAN_POINT('',(-6.,79.,-0.1));
#2003 = VECTOR('',#2004,1.);
#2004 = DIRECTION('',(0.,0.,-1.));
#2005 = ORIENTED_EDGE('',*,*,#2006,.T.);
#2006 = EDGE_CURVE('',#1999,#2007,#2009,.T.);
#2007 = VERTEX_POINT('',#2008);
#2008 = CARTESIAN_POINT('',(-4.5,79.,55.3));
#2009 = CIRCLE('',#2010,1.5);
#2010 = AXIS2_PLACEMENT_3D('',#2011,#2012,#2013);
#2011 = CARTESIAN_POINT('',(-4.5,79.,56.8));
#2012 = DIRECTION('',(0.,-1.,1.1E-16));
#2013 = DIRECTION('',(1.,0.,0.));
#2014 = ORIENTED_EDGE('',*,*,#2015,.T.);
#2015 = EDGE_CURVE('',#2007,#2016,#2018,.T.);
#2016 = VERTEX_POINT('',#2017);
#2017 = CARTESIAN_POINT('',(60.5,79.,55.3));
#2018 = LINE('',#2019,#2020);
#2019 = CARTESIAN_POINT('',(-47.75,79.,55.3));
#2020 = VECTOR('',#2021,1.);
#2021 = DIRECTION('',(1.,0.,0.));
#2022 = ORIENTED_EDGE('',*,*,#2023,.T.);
#2023 = EDGE_CURVE('',#2016,#2024,#2026,.T.);
#2024 = VERTEX_POINT('',#2025);
#2025 = CARTESIAN_POINT('',(62.,79.,56.8));
#2026 = CIRCLE('',#2027,1.5);
#2027 = AXIS2_PLACEMENT_3D('',#2028,#2029,#2030);
#2028 = CARTESIAN_POINT('',(60.5,79.,56.8));
#2029 = DIRECTION('',(0.,-1.,1.1E-16));
#2030 = DIRECTION('',(1.,0.,0.));
#2031 = ORIENTED_EDGE('',*,*,#2032,.F.);
#2032 = EDGE_CURVE('',#2033,#2024,#2035,.T.);
#2033 = VERTEX_POINT('',#2034);
#2034 = CARTESIAN_POINT('',(62.,79.,57.2));
#2035 = LINE('',#2036,#2037);
#2036 = CARTESIAN_POINT('',(62.,79.,-0.1));
#2037 = VECTOR('',#2038,1.);
#2038 = DIRECTION('',(0.,0.,-1.));
#2039 = ORIENTED_EDGE('',*,*,#2040,.T.);
#2040 = EDGE_CURVE('',#2033,#2041,#2043,.T.);
#2041 = VERTEX_POINT('',#2042);
#2042 = CARTESIAN_POINT('',(60.5,79.,58.7));
#2043 = CIRCLE('',#2044,1.5);
#2044 = AXIS2_PLACEMENT_3D('',#2045,#2046,#2047);
#2045 = CARTESIAN_POINT('',(60.5,79.,57.2));
#2046 = DIRECTION('',(0.,-1.,1.1E-16));
#2047 = DIRECTION('',(1.,0.,0.));
#2048 = ORIENTED_EDGE('',*,*,#2049,.F.);
#2049 = EDGE_CURVE('',#2050,#2041,#2052,.T.);
#2050 = VERTEX_POINT('',#2051);
#2051 = CARTESIAN_POINT('',(-4.5,79.,58.7));
#2052 = LINE('',#2053,#2054);
#2053 = CARTESIAN_POINT('',(-47.75,79.,58.7));
#2054 = VECTOR('',#2055,1.);
#2055 = DIRECTION('',(1.,0.,0.));
#2056 = ORIENTED_EDGE('',*,*,#2057,.T.);
#2057 = EDGE_CURVE('',#2050,#1997,#2058,.T.);
#2058 = CIRCLE('',#2059,1.5);
#2059 = AXIS2_PLACEMENT_3D('',#2060,#2061,#2062);
#2060 = CARTESIAN_POINT('',(-4.5,79.,57.2));
#2061 = DIRECTION('',(0.,-1.,1.1E-16));
#2062 = DIRECTION('',(1.,0.,0.));
#2063 = FACE_BOUND('',#2064,.F.);
#2064 = EDGE_LOOP('',(#2065,#2075,#2084,#2092,#2101,#2109,#2118,#2126));
#2065 = ORIENTED_EDGE('',*,*,#2066,.T.);
#2066 = EDGE_CURVE('',#2067,#2069,#2071,.T.);
#2067 = VERTEX_POINT('',#2068);
#2068 = CARTESIAN_POINT('',(-6.,79.,66.2));
#2069 = VERTEX_POINT('',#2070);
#2070 = CARTESIAN_POINT('',(-6.,79.,65.8));
#2071 = LINE('',#2072,#2073);
#2072 = CARTESIAN_POINT('',(-6.,79.,4.4));
#2073 = VECTOR('',#2074,1.);
#2074 = DIRECTION('',(0.,0.,-1.));
#2075 = ORIENTED_EDGE('',*,*,#2076,.T.);
#2076 = EDGE_CURVE('',#2069,#2077,#2079,.T.);
#2077 = VERTEX_POINT('',#2078);
#2078 = CARTESIAN_POINT('',(-4.5,79.,64.3));
#2079 = CIRCLE('',#2080,1.5);
#2080 = AXIS2_PLACEMENT_3D('',#2081,#2082,#2083);
#2081 = CARTESIAN_POINT('',(-4.5,79.,65.8));
#2082 = DIRECTION('',(0.,-1.,1.1E-16));
#2083 = DIRECTION('',(1.,0.,0.));
#2084 = ORIENTED_EDGE('',*,*,#2085,.T.);
#2085 = EDGE_CURVE('',#2077,#2086,#2088,.T.);
#2086 = VERTEX_POINT('',#2087);
#2087 = CARTESIAN_POINT('',(60.5,79.,64.3));
#2088 = LINE('',#2089,#2090);
#2089 = CARTESIAN_POINT('',(-47.75,79.,64.3));
#2090 = VECTOR('',#2091,1.);
#2091 = DIRECTION('',(1.,0.,0.));
#2092 = ORIENTED_EDGE('',*,*,#2093,.T.);
#2093 = EDGE_CURVE('',#2086,#2094,#2096,.T.);
#2094 = VERTEX_POINT('',#2095);
#2095 = CARTESIAN_POINT('',(62.,79.,65.8));
#2096 = CIRCLE('',#2097,1.5);
#2097 = AXIS2_PLACEMENT_3D('',#2098,#2099,#2100);
#2098 = CARTESIAN_POINT('',(60.5,79.,65.8));
#2099 = DIRECTION('',(0.,-1.,1.1E-16));
#2100 = DIRECTION('',(1.,0.,0.));
#2101 = ORIENTED_EDGE('',*,*,#2102,.F.);
#2102 = EDGE_CURVE('',#2103,#2094,#2105,.T.);
#2103 = VERTEX_POINT('',#2104);
#2104 = CARTESIAN_POINT('',(62.,79.,66.2));
#2105 = LINE('',#2106,#2107);
#2106 = CARTESIAN_POINT('',(62.,79.,4.4));
#2107 = VECTOR('',#2108,1.);
#2108 = DIRECTION('',(0.,0.,-1.));
#2109 = ORIENTED_EDGE('',*,*,#2110,.T.);
#2110 = EDGE_CURVE('',#2103,#2111,#2113,.T.);
#2111 = VERTEX_POINT('',#2112);
#2112 = CARTESIAN_POINT('',(60.5,79.,67.7));
#2113 = CIRCLE('',#2114,1.5);
#2114 = AXIS2_PLACEMENT_3D('',#2115,#2116,#2117);
#2115 = CARTESIAN_POINT('',(60.5,79.,66.2));
#2116 = DIRECTION('',(0.,-1.,1.1E-16));
#2117 = DIRECTION('',(1.,0.,0.));
#2118 = ORIENTED_EDGE('',*,*,#2119,.F.);
#2119 = EDGE_CURVE('',#2120,#2111,#2122,.T.);
#2120 = VERTEX_POINT('',#2121);
#2121 = CARTESIAN_POINT('',(-4.5,79.,67.7));
#2122 = LINE('',#2123,#2124);
#2123 = CARTESIAN_POINT('',(-47.75,79.,67.7));
#2124 = VECTOR('',#2125,1.);
#2125 = DIRECTION('',(1.,0.,0.));
#2126 = ORIENTED_EDGE('',*,*,#2127,.T.);
#2127 = EDGE_CURVE('',#2120,#2067,#2128,.T.);
#2128 = CIRCLE('',#2129,1.5);
#2129 = AXIS2_PLACEMENT_3D('',#2130,#2131,#2132);
#2130 = CARTESIAN_POINT('',(-4.5,79.,66.2));
#2131 = DIRECTION('',(0.,-1.,1.1E-16));
#2132 = DIRECTION('',(1.,0.,0.));
#2133 = FACE_BOUND('',#2134,.F.);
#2134 = EDGE_LOOP('',(#2135,#2145,#2154,#2162,#2171,#2179,#2188,#2196));
#2135 = ORIENTED_EDGE('',*,*,#2136,.T.);
#2136 = EDGE_CURVE('',#2137,#2139,#2141,.T.);
#2137 = VERTEX_POINT('',#2138);
#2138 = CARTESIAN_POINT('',(-6.,79.,75.2));
#2139 = VERTEX_POINT('',#2140);
#2140 = CARTESIAN_POINT('',(-6.,79.,74.8));
#2141 = LINE('',#2142,#2143);
#2142 = CARTESIAN_POINT('',(-6.,79.,8.9));
#2143 = VECTOR('',#2144,1.);
#2144 = DIRECTION('',(0.,0.,-1.));
#2145 = ORIENTED_EDGE('',*,*,#2146,.T.);
#2146 = EDGE_CURVE('',#2139,#2147,#2149,.T.);
#2147 = VERTEX_POINT('',#2148);
#2148 = CARTESIAN_POINT('',(-4.5,79.,73.3));
#2149 = CIRCLE('',#2150,1.5);
#2150 = AXIS2_PLACEMENT_3D('',#2151,#2152,#2153);
#2151 = CARTESIAN_POINT('',(-4.5,79.,74.8));
#2152 = DIRECTION('',(0.,-1.,1.1E-16));
#2153 = DIRECTION('',(1.,0.,0.));
#2154 = ORIENTED_EDGE('',*,*,#2155,.T.);
#2155 = EDGE_CURVE('',#2147,#2156,#2158,.T.);
#2156 = VERTEX_POINT('',#2157);
#2157 = CARTESIAN_POINT('',(60.5,79.,73.3));
#2158 = LINE('',#2159,#2160);
#2159 = CARTESIAN_POINT('',(-47.75,79.,73.3));
#2160 = VECTOR('',#2161,1.);
#2161 = DIRECTION('',(1.,0.,0.));
#2162 = ORIENTED_EDGE('',*,*,#2163,.T.);
#2163 = EDGE_CURVE('',#2156,#2164,#2166,.T.);
#2164 = VERTEX_POINT('',#2165);
#2165 = CARTESIAN_POINT('',(62.,79.,74.8));
#2166 = CIRCLE('',#2167,1.5);
#2167 = AXIS2_PLACEMENT_3D('',#2168,#2169,#2170);
#2168 = CARTESIAN_POINT('',(60.5,79.,74.8));
#2169 = DIRECTION('',(0.,-1.,1.1E-16));
#2170 = DIRECTION('',(1.,0.,0.));
#2171 = ORIENTED_EDGE('',*,*,#2172,.F.);
#2172 = EDGE_CURVE('',#2173,#2164,#2175,.T.);
#2173 = VERTEX_POINT('',#2174);
#2174 = CARTESIAN_POINT('',(62.,79.,75.2));
#2175 = LINE('',#2176,#2177);
#2176 = CARTESIAN_POINT('',(62.,79.,8.9));
#2177 = VECTOR('',#2178,1.);
#2178 = DIRECTION('',(0.,0.,-1.));
#2179 = ORIENTED_EDGE('',*,*,#2180,.T.);
#2180 = EDGE_CURVE('',#2173,#2181,#2183,.T.);
#2181 = VERTEX_POINT('',#2182);
#2182 = CARTESIAN_POINT('',(60.5,79.,76.7));
#2183 = CIRCLE('',#2184,1.5);
#2184 = AXIS2_PLACEMENT_3D('',#2185,#2186,#2187);
#2185 = CARTESIAN_POINT('',(60.5,79.,75.2));
#2186 = DIRECTION('',(0.,-1.,1.1E-16));
#2187 = DIRECTION('',(1.,0.,0.));
#2188 = ORIENTED_EDGE('',*,*,#2189,.F.);
#2189 = EDGE_CURVE('',#2190,#2181,#2192,.T.);
#2190 = VERTEX_POINT('',#2191);
#2191 = CARTESIAN_POINT('',(-4.5,79.,76.7));
#2192 = LINE('',#2193,#2194);
#2193 = CARTESIAN_POINT('',(-47.75,79.,76.7));
#2194 = VECTOR('',#2195,1.);
#2195 = DIRECTION('',(1.,0.,0.));
#2196 = ORIENTED_EDGE('',*,*,#2197,.T.);
#2197 = EDGE_CURVE('',#2190,#2137,#2198,.T.);
#2198 = CIRCLE('',#2199,1.5);
#2199 = AXIS2_PLACEMENT_3D('',#2200,#2201,#2202);
#2200 = CARTESIAN_POINT('',(-4.5,79.,75.2));
#2201 = DIRECTION('',(0.,-1.,1.1E-16));
#2202 = DIRECTION('',(1.,0.,0.));
#2203 = FACE_BOUND('',#2204,.F.);
#2204 = EDGE_LOOP('',(#2205,#2215,#2223,#2231));
#2205 = ORIENTED_EDGE('',*,*,#2206,.F.);
#2206 = EDGE_CURVE('',#2207,#2209,#2211,.T.);
#2207 = VERTEX_POINT('',#2208);
#2208 = CARTESIAN_POINT('',(86.,79.,-35.));
#2209 = VERTEX_POINT('',#2210);
#2210 = CARTESIAN_POINT('',(92.,79.,-35.));
#2211 = LINE('',#2212,#2213);
#2212 = CARTESIAN_POINT('',(-2.5,79.,-35.));
#2213 = VECTOR('',#2214,1.);
#2214 = DIRECTION('',(1.,0.,0.));
#2215 = ORIENTED_EDGE('',*,*,#2216,.T.);
#2216 = EDGE_CURVE('',#2207,#2217,#2219,.T.);
#2217 = VERTEX_POINT('',#2218);
#2218 = CARTESIAN_POINT('',(86.,79.,-45.));
#2219 = LINE('',#2220,#2221);
#2220 = CARTESIAN_POINT('',(86.,79.,-51.));
#2221 = VECTOR('',#2222,1.);
#2222 = DIRECTION('',(0.,0.,-1.));
#2223 = ORIENTED_EDGE('',*,*,#2224,.T.);
#2224 = EDGE_CURVE('',#2217,#2225,#2227,.T.);
#2225 = VERTEX_POINT('',#2226);
#2226 = CARTESIAN_POINT('',(92.,79.,-45.));
#2227 = LINE('',#2228,#2229);
#2228 = CARTESIAN_POINT('',(-2.5,79.,-45.));
#2229 = VECTOR('',#2230,1.);
#2230 = DIRECTION('',(1.,0.,0.));
#2231 = ORIENTED_EDGE('',*,*,#2232,.F.);
#2232 = EDGE_CURVE('',#2209,#2225,#2233,.T.);
#2233 = LINE('',#2234,#2235);
#2234 = CARTESIAN_POINT('',(92.,79.,-51.));
#2235 = VECTOR('',#2236,1.);
#2236 = DIRECTION('',(0.,0.,-1.));
#2237 = FACE_BOUND('',#2238,.F.);
#2238 = EDGE_LOOP('',(#2239));
#2239 = ORIENTED_EDGE('',*,*,#2240,.F.);
#2240 = EDGE_CURVE('',#2241,#2241,#2243,.T.);
#2241 = VERTEX_POINT('',#2242);
#2242 = CARTESIAN_POINT('',(45.,79.,43.));
#2243 = CIRCLE('',#2244,8.);
#2244 = AXIS2_PLACEMENT_3D('',#2245,#2246,#2247);
#2245 = CARTESIAN_POINT('',(45.,79.,35.));
#2246 = DIRECTION('',(0.,1.,0.));
#2247 = DIRECTION('',(0.,0.,1.));
#2248 = FACE_BOUND('',#2249,.F.);
#2249 = EDGE_LOOP('',(#2250,#2260,#2268,#2276));
#2250 = ORIENTED_EDGE('',*,*,#2251,.F.);
#2251 = EDGE_CURVE('',#2252,#2254,#2256,.T.);
#2252 = VERTEX_POINT('',#2253);
#2253 = CARTESIAN_POINT('',(86.,79.,46.));
#2254 = VERTEX_POINT('',#2255);
#2255 = CARTESIAN_POINT('',(92.,79.,46.));
#2256 = LINE('',#2257,#2258);
#2257 = CARTESIAN_POINT('',(-2.5,79.,46.));
#2258 = VECTOR('',#2259,1.);
#2259 = DIRECTION('',(1.,0.,0.));
#2260 = ORIENTED_EDGE('',*,*,#2261,.T.);
#2261 = EDGE_CURVE('',#2252,#2262,#2264,.T.);
#2262 = VERTEX_POINT('',#2263);
#2263 = CARTESIAN_POINT('',(86.,79.,36.));
#2264 = LINE('',#2265,#2266);
#2265 = CARTESIAN_POINT('',(86.,79.,-10.5));
#2266 = VECTOR('',#2267,1.);
#2267 = DIRECTION('',(0.,0.,-1.));
#2268 = ORIENTED_EDGE('',*,*,#2269,.T.);
#2269 = EDGE_CURVE('',#2262,#2270,#2272,.T.);
#2270 = VERTEX_POINT('',#2271);
#2271 = CARTESIAN_POINT('',(92.,79.,36.));
#2272 = LINE('',#2273,#2274);
#2273 = CARTESIAN_POINT('',(-2.5,79.,36.));
#2274 = VECTOR('',#2275,1.);
#2275 = DIRECTION('',(1.,0.,0.));
#2276 = ORIENTED_EDGE('',*,*,#2277,.F.);
#2277 = EDGE_CURVE('',#2254,#2270,#2278,.T.);
#2278 = LINE('',#2279,#2280);
#2279 = CARTESIAN_POINT('',(92.,79.,-10.5));
#2280 = VECTOR('',#2281,1.);
#2281 = DIRECTION('',(0.,0.,-1.));
#2282 = PLANE('',#2283);
#2283 = AXIS2_PLACEMENT_3D('',#2284,#2285,#2286);
#2284 = CARTESIAN_POINT('',(-91.,79.,-57.));
#2285 = DIRECTION('',(0.,1.,0.));
#2286 = DIRECTION('',(0.,0.,1.));
#2287 = ADVANCED_FACE('',(#2288,#2324),#2480,.T.);
#2288 = FACE_BOUND('',#2289,.T.);
#2289 = EDGE_LOOP('',(#2290,#2291,#2299,#2308,#2316,#2323));
#2290 = ORIENTED_EDGE('',*,*,#909,.T.);
#2291 = ORIENTED_EDGE('',*,*,#2292,.T.);
#2292 = EDGE_CURVE('',#902,#2293,#2295,.T.);
#2293 = VERTEX_POINT('',#2294);
#2294 = CARTESIAN_POINT('',(111.,-79.,95.));
#2295 = LINE('',#2296,#2297);
#2296 = CARTESIAN_POINT('',(111.,-79.,-17.25));
#2297 = VECTOR('',#2298,1.);
#2298 = DIRECTION('',(-1.1E-16,0.,1.));
#2299 = ORIENTED_EDGE('',*,*,#2300,.F.);
#2300 = EDGE_CURVE('',#2301,#2293,#2303,.T.);
#2301 = VERTEX_POINT('',#2302);
#2302 = CARTESIAN_POINT('',(111.,-77.,97.));
#2303 = CIRCLE('',#2304,2.);
#2304 = AXIS2_PLACEMENT_3D('',#2305,#2306,#2307);
#2305 = CARTESIAN_POINT('',(111.,-77.,95.));
#2306 = DIRECTION('',(1.,0.,0.));
#2307 = DIRECTION('',(0.,-1.,0.));
#2308 = ORIENTED_EDGE('',*,*,#2309,.F.);
#2309 = EDGE_CURVE('',#2310,#2301,#2312,.T.);
#2310 = VERTEX_POINT('',#2311);
#2311 = CARTESIAN_POINT('',(111.,77.,97.));
#2312 = LINE('',#2313,#2314);
#2313 = CARTESIAN_POINT('',(111.,-39.5,97.));
#2314 = VECTOR('',#2315,1.);
#2315 = DIRECTION('',(0.,-1.,0.));
#2316 = ORIENTED_EDGE('',*,*,#2317,.F.);
#2317 = EDGE_CURVE('',#1981,#2310,#2318,.T.);
#2318 = CIRCLE('',#2319,2.);
#2319 = AXIS2_PLACEMENT_3D('',#2320,#2321,#2322);
#2320 = CARTESIAN_POINT('',(111.,77.,95.));
#2321 = DIRECTION('',(1.,0.,0.));
#2322 = DIRECTION('',(0.,1.,0.));
#2323 = ORIENTED_EDGE('',*,*,#1988,.F.);
#2324 = FACE_BOUND('',#2325,.T.);
#2325 = EDGE_LOOP('',(#2326,#2337,#2345,#2354,#2363,#2371,#2380,#2388,
    #2397,#2405,#2414,#2422,#2431,#2439,#2448,#2456,#2465,#2473));
#2326 = ORIENTED_EDGE('',*,*,#2327,.T.);
#2327 = EDGE_CURVE('',#2328,#2330,#2332,.T.);
#2328 = VERTEX_POINT('',#2329);
#2329 = CARTESIAN_POINT('',(111.,68.,92.5));
#2330 = VERTEX_POINT('',#2331);
#2331 = CARTESIAN_POINT('',(111.,65.938447187191,92.));
#2332 = CIRCLE('',#2333,4.5);
#2333 = AXIS2_PLACEMENT_3D('',#2334,#2335,#2336);
#2334 = CARTESIAN_POINT('',(111.,68.,88.));
#2335 = DIRECTION('',(1.,0.,-0.));
#2336 = DIRECTION('',(0.,0.,1.));
#2337 = ORIENTED_EDGE('',*,*,#2338,.T.);
#2338 = EDGE_CURVE('',#2330,#2339,#2341,.T.);
#2339 = VERTEX_POINT('',#2340);
#2340 = CARTESIAN_POINT('',(111.,-65.93844718719,92.));
#2341 = LINE('',#2342,#2343);
#2342 = CARTESIAN_POINT('',(111.,-34.,92.));
#2343 = VECTOR('',#2344,1.);
#2344 = DIRECTION('',(0.,-1.,0.));
#2345 = ORIENTED_EDGE('',*,*,#2346,.T.);
#2346 = EDGE_CURVE('',#2339,#2347,#2349,.T.);
#2347 = VERTEX_POINT('',#2348);
#2348 = CARTESIAN_POINT('',(111.,-68.,92.5));
#2349 = CIRCLE('',#2350,4.5);
#2350 = AXIS2_PLACEMENT_3D('',#2351,#2352,#2353);
#2351 = CARTESIAN_POINT('',(111.,-68.,88.));
#2352 = DIRECTION('',(1.,0.,-0.));
#2353 = DIRECTION('',(0.,0.,1.));
#2354 = ORIENTED_EDGE('',*,*,#2355,.T.);
#2355 = EDGE_CURVE('',#2347,#2356,#2358,.T.);
#2356 = VERTEX_POINT('',#2357);
#2357 = CARTESIAN_POINT('',(111.,-71.,84.64589803375));
#2358 = CIRCLE('',#2359,4.5);
#2359 = AXIS2_PLACEMENT_3D('',#2360,#2361,#2362);
#2360 = CARTESIAN_POINT('',(111.,-68.,88.));
#2361 = DIRECTION('',(1.,0.,-0.));
#2362 = DIRECTION('',(0.,0.,1.));
#2363 = ORIENTED_EDGE('',*,*,#2364,.T.);
#2364 = EDGE_CURVE('',#2356,#2365,#2367,.T.);
#2365 = VERTEX_POINT('',#2366);
#2366 = CARTESIAN_POINT('',(111.,-71.,29.477067730143));
#2367 = LINE('',#2368,#2369);
#2368 = CARTESIAN_POINT('',(111.,-71.,55.75));
#2369 = VECTOR('',#2370,1.);
#2370 = DIRECTION('',(1.1E-16,0.,-1.));
#2371 = ORIENTED_EDGE('',*,*,#2372,.T.);
#2372 = EDGE_CURVE('',#2365,#2373,#2375,.T.);
#2373 = VERTEX_POINT('',#2374);
#2374 = CARTESIAN_POINT('',(111.,-71.,22.522932269857));
#2375 = CIRCLE('',#2376,5.3);
#2376 = AXIS2_PLACEMENT_3D('',#2377,#2378,#2379);
#2377 = CARTESIAN_POINT('',(111.,-67.,26.));
#2378 = DIRECTION('',(1.,0.,-0.));
#2379 = DIRECTION('',(0.,0.,1.));
#2380 = ORIENTED_EDGE('',*,*,#2381,.T.);
#2381 = EDGE_CURVE('',#2373,#2382,#2384,.T.);
#2382 = VERTEX_POINT('',#2383);
#2383 = CARTESIAN_POINT('',(111.,-71.,-30.52293226985));
#2384 = LINE('',#2385,#2386);
#2385 = CARTESIAN_POINT('',(111.,-71.,55.75));
#2386 = VECTOR('',#2387,1.);
#2387 = DIRECTION('',(1.1E-16,0.,-1.));
#2388 = ORIENTED_EDGE('',*,*,#2389,.T.);
#2389 = EDGE_CURVE('',#2382,#2390,#2392,.T.);
#2390 = VERTEX_POINT('',#2391);
#2391 = CARTESIAN_POINT('',(111.,-71.,-37.47706773014));
#2392 = CIRCLE('',#2393,5.3);
#2393 = AXIS2_PLACEMENT_3D('',#2394,#2395,#2396);
#2394 = CARTESIAN_POINT('',(111.,-67.,-34.));
#2395 = DIRECTION('',(1.,0.,-0.));
#2396 = DIRECTION('',(0.,0.,1.));
#2397 = ORIENTED_EDGE('',*,*,#2398,.T.);
#2398 = EDGE_CURVE('',#2390,#2399,#2401,.T.);
#2399 = VERTEX_POINT('',#2400);
#2400 = CARTESIAN_POINT('',(111.,-71.,-40.64589803375));
#2401 = LINE('',#2402,#2403);
#2402 = CARTESIAN_POINT('',(111.,-71.,55.75));
#2403 = VECTOR('',#2404,1.);
#2404 = DIRECTION('',(1.1E-16,0.,-1.));
#2405 = ORIENTED_EDGE('',*,*,#2406,.T.);
#2406 = EDGE_CURVE('',#2399,#2407,#2409,.T.);
#2407 = VERTEX_POINT('',#2408);
#2408 = CARTESIAN_POINT('',(111.,-63.96887112585,-46.));
#2409 = CIRCLE('',#2410,4.5);
#2410 = AXIS2_PLACEMENT_3D('',#2411,#2412,#2413);
#2411 = CARTESIAN_POINT('',(111.,-68.,-44.));
#2412 = DIRECTION('',(1.,0.,-0.));
#2413 = DIRECTION('',(0.,0.,1.));
#2414 = ORIENTED_EDGE('',*,*,#2415,.F.);
#2415 = EDGE_CURVE('',#2416,#2407,#2418,.T.);
#2416 = VERTEX_POINT('',#2417);
#2417 = CARTESIAN_POINT('',(111.,63.968871125851,-46.));
#2418 = LINE('',#2419,#2420);
#2419 = CARTESIAN_POINT('',(111.,-34.,-46.));
#2420 = VECTOR('',#2421,1.);
#2421 = DIRECTION('',(0.,-1.,0.));
#2422 = ORIENTED_EDGE('',*,*,#2423,.T.);
#2423 = EDGE_CURVE('',#2416,#2424,#2426,.T.);
#2424 = VERTEX_POINT('',#2425);
#2425 = CARTESIAN_POINT('',(111.,71.,-40.64589803375));
#2426 = CIRCLE('',#2427,4.5);
#2427 = AXIS2_PLACEMENT_3D('',#2428,#2429,#2430);
#2428 = CARTESIAN_POINT('',(111.,68.,-44.));
#2429 = DIRECTION('',(1.,0.,-0.));
#2430 = DIRECTION('',(0.,0.,1.));
#2431 = ORIENTED_EDGE('',*,*,#2432,.F.);
#2432 = EDGE_CURVE('',#2433,#2424,#2435,.T.);
#2433 = VERTEX_POINT('',#2434);
#2434 = CARTESIAN_POINT('',(111.,71.,-37.47706773014));
#2435 = LINE('',#2436,#2437);
#2436 = CARTESIAN_POINT('',(111.,71.,55.75));
#2437 = VECTOR('',#2438,1.);
#2438 = DIRECTION('',(1.1E-16,0.,-1.));
#2439 = ORIENTED_EDGE('',*,*,#2440,.T.);
#2440 = EDGE_CURVE('',#2433,#2441,#2443,.T.);
#2441 = VERTEX_POINT('',#2442);
#2442 = CARTESIAN_POINT('',(111.,71.,-30.52293226985));
#2443 = CIRCLE('',#2444,5.3);
#2444 = AXIS2_PLACEMENT_3D('',#2445,#2446,#2447);
#2445 = CARTESIAN_POINT('',(111.,67.,-34.));
#2446 = DIRECTION('',(1.,0.,-0.));
#2447 = DIRECTION('',(0.,0.,1.));
#2448 = ORIENTED_EDGE('',*,*,#2449,.F.);
#2449 = EDGE_CURVE('',#2450,#2441,#2452,.T.);
#2450 = VERTEX_POINT('',#2451);
#2451 = CARTESIAN_POINT('',(111.,71.,22.522932269857));
#2452 = LINE('',#2453,#2454);
#2453 = CARTESIAN_POINT('',(111.,71.,55.75));
#2454 = VECTOR('',#2455,1.);
#2455 = DIRECTION('',(1.1E-16,0.,-1.));
#2456 = ORIENTED_EDGE('',*,*,#2457,.T.);
#2457 = EDGE_CURVE('',#2450,#2458,#2460,.T.);
#2458 = VERTEX_POINT('',#2459);
#2459 = CARTESIAN_POINT('',(111.,71.,29.477067730143));
#2460 = CIRCLE('',#2461,5.3);
#2461 = AXIS2_PLACEMENT_3D('',#2462,#2463,#2464);
#2462 = CARTESIAN_POINT('',(111.,67.,26.));
#2463 = DIRECTION('',(1.,0.,-0.));
#2464 = DIRECTION('',(0.,0.,1.));
#2465 = ORIENTED_EDGE('',*,*,#2466,.F.);
#2466 = EDGE_CURVE('',#2467,#2458,#2469,.T.);
#2467 = VERTEX_POINT('',#2468);
#2468 = CARTESIAN_POINT('',(111.,71.,84.64589803375));
#2469 = LINE('',#2470,#2471);
#2470 = CARTESIAN_POINT('',(111.,71.,55.75));
#2471 = VECTOR('',#2472,1.);
#2472 = DIRECTION('',(1.1E-16,0.,-1.));
#2473 = ORIENTED_EDGE('',*,*,#2474,.T.);
#2474 = EDGE_CURVE('',#2467,#2328,#2475,.T.);
#2475 = CIRCLE('',#2476,4.5);
#2476 = AXIS2_PLACEMENT_3D('',#2477,#2478,#2479);
#2477 = CARTESIAN_POINT('',(111.,68.,88.));
#2478 = DIRECTION('',(1.,0.,-0.));
#2479 = DIRECTION('',(0.,0.,1.));
#2480 = PLANE('',#2481);
#2481 = AXIS2_PLACEMENT_3D('',#2482,#2483,#2484);
#2482 = CARTESIAN_POINT('',(111.,0.,22.5));
#2483 = DIRECTION('',(-1.,-0.,0.));
#2484 = DIRECTION('',(0.,0.,1.));
#2485 = ADVANCED_FACE('',(#2486,#2523,#2593,#2663,#2733,#2767,#2778),
  #2812,.T.);
#2486 = FACE_BOUND('',#2487,.T.);
#2487 = EDGE_LOOP('',(#2488,#2489,#2490,#2499,#2508,#2516,#2522));
#2488 = ORIENTED_EDGE('',*,*,#901,.F.);
#2489 = ORIENTED_EDGE('',*,*,#1906,.F.);
#2490 = ORIENTED_EDGE('',*,*,#2491,.T.);
#2491 = EDGE_CURVE('',#1899,#2492,#2494,.T.);
#2492 = VERTEX_POINT('',#2493);
#2493 = CARTESIAN_POINT('',(-9.E-15,-79.,-36.2));
#2494 = CIRCLE('',#2495,36.2);
#2495 = AXIS2_PLACEMENT_3D('',#2496,#2497,#2498);
#2496 = CARTESIAN_POINT('',(0.,-79.,0.));
#2497 = DIRECTION('',(0.,-1.,0.));
#2498 = DIRECTION('',(0.,0.,-1.));
#2499 = ORIENTED_EDGE('',*,*,#2500,.T.);
#2500 = EDGE_CURVE('',#2492,#2501,#2503,.T.);
#2501 = VERTEX_POINT('',#2502);
#2502 = CARTESIAN_POINT('',(-19.5,-79.,30.499016377581));
#2503 = CIRCLE('',#2504,36.2);
#2504 = AXIS2_PLACEMENT_3D('',#2505,#2506,#2507);
#2505 = CARTESIAN_POINT('',(0.,-79.,0.));
#2506 = DIRECTION('',(0.,-1.,0.));
#2507 = DIRECTION('',(0.,0.,-1.));
#2508 = ORIENTED_EDGE('',*,*,#2509,.F.);
#2509 = EDGE_CURVE('',#2510,#2501,#2512,.T.);
#2510 = VERTEX_POINT('',#2511);
#2511 = CARTESIAN_POINT('',(-19.5,-79.,95.));
#2512 = LINE('',#2513,#2514);
#2513 = CARTESIAN_POINT('',(-19.5,-79.,-55.9));
#2514 = VECTOR('',#2515,1.);
#2515 = DIRECTION('',(0.,0.,-1.));
#2516 = ORIENTED_EDGE('',*,*,#2517,.T.);
#2517 = EDGE_CURVE('',#2510,#2293,#2518,.T.);
#2518 = LINE('',#2519,#2520);
#2519 = CARTESIAN_POINT('',(-91.,-79.,95.));
#2520 = VECTOR('',#2521,1.);
#2521 = DIRECTION('',(1.,0.,0.));
#2522 = ORIENTED_EDGE('',*,*,#2292,.F.);
#2523 = FACE_BOUND('',#2524,.T.);
#2524 = EDGE_LOOP('',(#2525,#2535,#2544,#2552,#2561,#2569,#2578,#2586));
#2525 = ORIENTED_EDGE('',*,*,#2526,.T.);
#2526 = EDGE_CURVE('',#2527,#2529,#2531,.T.);
#2527 = VERTEX_POINT('',#2528);
#2528 = CARTESIAN_POINT('',(-6.,-79.,57.2));
#2529 = VERTEX_POINT('',#2530);
#2530 = CARTESIAN_POINT('',(-6.,-79.,56.8));
#2531 = LINE('',#2532,#2533);
#2532 = CARTESIAN_POINT('',(-6.,-79.,-0.1));
#2533 = VECTOR('',#2534,1.);
#2534 = DIRECTION('',(0.,0.,-1.));
#2535 = ORIENTED_EDGE('',*,*,#2536,.T.);
#2536 = EDGE_CURVE('',#2529,#2537,#2539,.T.);
#2537 = VERTEX_POINT('',#2538);
#2538 = CARTESIAN_POINT('',(-4.5,-79.,55.3));
#2539 = CIRCLE('',#2540,1.5);
#2540 = AXIS2_PLACEMENT_3D('',#2541,#2542,#2543);
#2541 = CARTESIAN_POINT('',(-4.5,-79.,56.8));
#2542 = DIRECTION('',(0.,-1.,1.1E-16));
#2543 = DIRECTION('',(1.,0.,0.));
#2544 = ORIENTED_EDGE('',*,*,#2545,.T.);
#2545 = EDGE_CURVE('',#2537,#2546,#2548,.T.);
#2546 = VERTEX_POINT('',#2547);
#2547 = CARTESIAN_POINT('',(60.5,-79.,55.3));
#2548 = LINE('',#2549,#2550);
#2549 = CARTESIAN_POINT('',(-47.75,-79.,55.3));
#2550 = VECTOR('',#2551,1.);
#2551 = DIRECTION('',(1.,0.,0.));
#2552 = ORIENTED_EDGE('',*,*,#2553,.T.);
#2553 = EDGE_CURVE('',#2546,#2554,#2556,.T.);
#2554 = VERTEX_POINT('',#2555);
#2555 = CARTESIAN_POINT('',(62.,-79.,56.8));
#2556 = CIRCLE('',#2557,1.5);
#2557 = AXIS2_PLACEMENT_3D('',#2558,#2559,#2560);
#2558 = CARTESIAN_POINT('',(60.5,-79.,56.8));
#2559 = DIRECTION('',(0.,-1.,1.1E-16));
#2560 = DIRECTION('',(1.,0.,0.));
#2561 = ORIENTED_EDGE('',*,*,#2562,.F.);
#2562 = EDGE_CURVE('',#2563,#2554,#2565,.T.);
#2563 = VERTEX_POINT('',#2564);
#2564 = CARTESIAN_POINT('',(62.,-79.,57.2));
#2565 = LINE('',#2566,#2567);
#2566 = CARTESIAN_POINT('',(62.,-79.,-0.1));
#2567 = VECTOR('',#2568,1.);
#2568 = DIRECTION('',(0.,0.,-1.));
#2569 = ORIENTED_EDGE('',*,*,#2570,.T.);
#2570 = EDGE_CURVE('',#2563,#2571,#2573,.T.);
#2571 = VERTEX_POINT('',#2572);
#2572 = CARTESIAN_POINT('',(60.5,-79.,58.7));
#2573 = CIRCLE('',#2574,1.5);
#2574 = AXIS2_PLACEMENT_3D('',#2575,#2576,#2577);
#2575 = CARTESIAN_POINT('',(60.5,-79.,57.2));
#2576 = DIRECTION('',(0.,-1.,1.1E-16));
#2577 = DIRECTION('',(1.,0.,0.));
#2578 = ORIENTED_EDGE('',*,*,#2579,.F.);
#2579 = EDGE_CURVE('',#2580,#2571,#2582,.T.);
#2580 = VERTEX_POINT('',#2581);
#2581 = CARTESIAN_POINT('',(-4.5,-79.,58.7));
#2582 = LINE('',#2583,#2584);
#2583 = CARTESIAN_POINT('',(-47.75,-79.,58.7));
#2584 = VECTOR('',#2585,1.);
#2585 = DIRECTION('',(1.,0.,0.));
#2586 = ORIENTED_EDGE('',*,*,#2587,.T.);
#2587 = EDGE_CURVE('',#2580,#2527,#2588,.T.);
#2588 = CIRCLE('',#2589,1.5);
#2589 = AXIS2_PLACEMENT_3D('',#2590,#2591,#2592);
#2590 = CARTESIAN_POINT('',(-4.5,-79.,57.2));
#2591 = DIRECTION('',(0.,-1.,1.1E-16));
#2592 = DIRECTION('',(1.,0.,0.));
#2593 = FACE_BOUND('',#2594,.T.);
#2594 = EDGE_LOOP('',(#2595,#2605,#2614,#2622,#2631,#2639,#2648,#2656));
#2595 = ORIENTED_EDGE('',*,*,#2596,.T.);
#2596 = EDGE_CURVE('',#2597,#2599,#2601,.T.);
#2597 = VERTEX_POINT('',#2598);
#2598 = CARTESIAN_POINT('',(-6.,-79.,66.2));
#2599 = VERTEX_POINT('',#2600);
#2600 = CARTESIAN_POINT('',(-6.,-79.,65.8));
#2601 = LINE('',#2602,#2603);
#2602 = CARTESIAN_POINT('',(-6.,-79.,4.4));
#2603 = VECTOR('',#2604,1.);
#2604 = DIRECTION('',(0.,0.,-1.));
#2605 = ORIENTED_EDGE('',*,*,#2606,.T.);
#2606 = EDGE_CURVE('',#2599,#2607,#2609,.T.);
#2607 = VERTEX_POINT('',#2608);
#2608 = CARTESIAN_POINT('',(-4.5,-79.,64.3));
#2609 = CIRCLE('',#2610,1.5);
#2610 = AXIS2_PLACEMENT_3D('',#2611,#2612,#2613);
#2611 = CARTESIAN_POINT('',(-4.5,-79.,65.8));
#2612 = DIRECTION('',(0.,-1.,1.1E-16));
#2613 = DIRECTION('',(1.,0.,0.));
#2614 = ORIENTED_EDGE('',*,*,#2615,.T.);
#2615 = EDGE_CURVE('',#2607,#2616,#2618,.T.);
#2616 = VERTEX_POINT('',#2617);
#2617 = CARTESIAN_POINT('',(60.5,-79.,64.3));
#2618 = LINE('',#2619,#2620);
#2619 = CARTESIAN_POINT('',(-47.75,-79.,64.3));
#2620 = VECTOR('',#2621,1.);
#2621 = DIRECTION('',(1.,0.,0.));
#2622 = ORIENTED_EDGE('',*,*,#2623,.T.);
#2623 = EDGE_CURVE('',#2616,#2624,#2626,.T.);
#2624 = VERTEX_POINT('',#2625);
#2625 = CARTESIAN_POINT('',(62.,-79.,65.8));
#2626 = CIRCLE('',#2627,1.5);
#2627 = AXIS2_PLACEMENT_3D('',#2628,#2629,#2630);
#2628 = CARTESIAN_POINT('',(60.5,-79.,65.8));
#2629 = DIRECTION('',(0.,-1.,1.1E-16));
#2630 = DIRECTION('',(1.,0.,0.));
#2631 = ORIENTED_EDGE('',*,*,#2632,.F.);
#2632 = EDGE_CURVE('',#2633,#2624,#2635,.T.);
#2633 = VERTEX_POINT('',#2634);
#2634 = CARTESIAN_POINT('',(62.,-79.,66.2));
#2635 = LINE('',#2636,#2637);
#2636 = CARTESIAN_POINT('',(62.,-79.,4.4));
#2637 = VECTOR('',#2638,1.);
#2638 = DIRECTION('',(0.,0.,-1.));
#2639 = ORIENTED_EDGE('',*,*,#2640,.T.);
#2640 = EDGE_CURVE('',#2633,#2641,#2643,.T.);
#2641 = VERTEX_POINT('',#2642);
#2642 = CARTESIAN_POINT('',(60.5,-79.,67.7));
#2643 = CIRCLE('',#2644,1.5);
#2644 = AXIS2_PLACEMENT_3D('',#2645,#2646,#2647);
#2645 = CARTESIAN_POINT('',(60.5,-79.,66.2));
#2646 = DIRECTION('',(0.,-1.,1.1E-16));
#2647 = DIRECTION('',(1.,0.,0.));
#2648 = ORIENTED_EDGE('',*,*,#2649,.F.);
#2649 = EDGE_CURVE('',#2650,#2641,#2652,.T.);
#2650 = VERTEX_POINT('',#2651);
#2651 = CARTESIAN_POINT('',(-4.5,-79.,67.7));
#2652 = LINE('',#2653,#2654);
#2653 = CARTESIAN_POINT('',(-47.75,-79.,67.7));
#2654 = VECTOR('',#2655,1.);
#2655 = DIRECTION('',(1.,0.,0.));
#2656 = ORIENTED_EDGE('',*,*,#2657,.T.);
#2657 = EDGE_CURVE('',#2650,#2597,#2658,.T.);
#2658 = CIRCLE('',#2659,1.5);
#2659 = AXIS2_PLACEMENT_3D('',#2660,#2661,#2662);
#2660 = CARTESIAN_POINT('',(-4.5,-79.,66.2));
#2661 = DIRECTION('',(0.,-1.,1.1E-16));
#2662 = DIRECTION('',(1.,0.,0.));
#2663 = FACE_BOUND('',#2664,.T.);
#2664 = EDGE_LOOP('',(#2665,#2675,#2684,#2692,#2701,#2709,#2718,#2726));
#2665 = ORIENTED_EDGE('',*,*,#2666,.T.);
#2666 = EDGE_CURVE('',#2667,#2669,#2671,.T.);
#2667 = VERTEX_POINT('',#2668);
#2668 = CARTESIAN_POINT('',(-6.,-79.,75.2));
#2669 = VERTEX_POINT('',#2670);
#2670 = CARTESIAN_POINT('',(-6.,-79.,74.8));
#2671 = LINE('',#2672,#2673);
#2672 = CARTESIAN_POINT('',(-6.,-79.,8.9));
#2673 = VECTOR('',#2674,1.);
#2674 = DIRECTION('',(0.,0.,-1.));
#2675 = ORIENTED_EDGE('',*,*,#2676,.T.);
#2676 = EDGE_CURVE('',#2669,#2677,#2679,.T.);
#2677 = VERTEX_POINT('',#2678);
#2678 = CARTESIAN_POINT('',(-4.5,-79.,73.3));
#2679 = CIRCLE('',#2680,1.5);
#2680 = AXIS2_PLACEMENT_3D('',#2681,#2682,#2683);
#2681 = CARTESIAN_POINT('',(-4.5,-79.,74.8));
#2682 = DIRECTION('',(0.,-1.,1.1E-16));
#2683 = DIRECTION('',(1.,0.,0.));
#2684 = ORIENTED_EDGE('',*,*,#2685,.T.);
#2685 = EDGE_CURVE('',#2677,#2686,#2688,.T.);
#2686 = VERTEX_POINT('',#2687);
#2687 = CARTESIAN_POINT('',(60.5,-79.,73.3));
#2688 = LINE('',#2689,#2690);
#2689 = CARTESIAN_POINT('',(-47.75,-79.,73.3));
#2690 = VECTOR('',#2691,1.);
#2691 = DIRECTION('',(1.,0.,0.));
#2692 = ORIENTED_EDGE('',*,*,#2693,.T.);
#2693 = EDGE_CURVE('',#2686,#2694,#2696,.T.);
#2694 = VERTEX_POINT('',#2695);
#2695 = CARTESIAN_POINT('',(62.,-79.,74.8));
#2696 = CIRCLE('',#2697,1.5);
#2697 = AXIS2_PLACEMENT_3D('',#2698,#2699,#2700);
#2698 = CARTESIAN_POINT('',(60.5,-79.,74.8));
#2699 = DIRECTION('',(0.,-1.,1.1E-16));
#2700 = DIRECTION('',(1.,0.,0.));
#2701 = ORIENTED_EDGE('',*,*,#2702,.F.);
#2702 = EDGE_CURVE('',#2703,#2694,#2705,.T.);
#2703 = VERTEX_POINT('',#2704);
#2704 = CARTESIAN_POINT('',(62.,-79.,75.2));
#2705 = LINE('',#2706,#2707);
#2706 = CARTESIAN_POINT('',(62.,-79.,8.9));
#2707 = VECTOR('',#2708,1.);
#2708 = DIRECTION('',(0.,0.,-1.));
#2709 = ORIENTED_EDGE('',*,*,#2710,.T.);
#2710 = EDGE_CURVE('',#2703,#2711,#2713,.T.);
#2711 = VERTEX_POINT('',#2712);
#2712 = CARTESIAN_POINT('',(60.5,-79.,76.7));
#2713 = CIRCLE('',#2714,1.5);
#2714 = AXIS2_PLACEMENT_3D('',#2715,#2716,#2717);
#2715 = CARTESIAN_POINT('',(60.5,-79.,75.2));
#2716 = DIRECTION('',(0.,-1.,1.1E-16));
#2717 = DIRECTION('',(1.,0.,0.));
#2718 = ORIENTED_EDGE('',*,*,#2719,.F.);
#2719 = EDGE_CURVE('',#2720,#2711,#2722,.T.);
#2720 = VERTEX_POINT('',#2721);
#2721 = CARTESIAN_POINT('',(-4.5,-79.,76.7));
#2722 = LINE('',#2723,#2724);
#2723 = CARTESIAN_POINT('',(-47.75,-79.,76.7));
#2724 = VECTOR('',#2725,1.);
#2725 = DIRECTION('',(1.,0.,0.));
#2726 = ORIENTED_EDGE('',*,*,#2727,.T.);
#2727 = EDGE_CURVE('',#2720,#2667,#2728,.T.);
#2728 = CIRCLE('',#2729,1.5);
#2729 = AXIS2_PLACEMENT_3D('',#2730,#2731,#2732);
#2730 = CARTESIAN_POINT('',(-4.5,-79.,75.2));
#2731 = DIRECTION('',(0.,-1.,1.1E-16));
#2732 = DIRECTION('',(1.,0.,0.));
#2733 = FACE_BOUND('',#2734,.T.);
#2734 = EDGE_LOOP('',(#2735,#2745,#2753,#2761));
#2735 = ORIENTED_EDGE('',*,*,#2736,.F.);
#2736 = EDGE_CURVE('',#2737,#2739,#2741,.T.);
#2737 = VERTEX_POINT('',#2738);
#2738 = CARTESIAN_POINT('',(86.,-79.,-35.));
#2739 = VERTEX_POINT('',#2740);
#2740 = CARTESIAN_POINT('',(92.,-79.,-35.));
#2741 = LINE('',#2742,#2743);
#2742 = CARTESIAN_POINT('',(-2.5,-79.,-35.));
#2743 = VECTOR('',#2744,1.);
#2744 = DIRECTION('',(1.,0.,0.));
#2745 = ORIENTED_EDGE('',*,*,#2746,.T.);
#2746 = EDGE_CURVE('',#2737,#2747,#2749,.T.);
#2747 = VERTEX_POINT('',#2748);
#2748 = CARTESIAN_POINT('',(86.,-79.,-45.));
#2749 = LINE('',#2750,#2751);
#2750 = CARTESIAN_POINT('',(86.,-79.,-51.));
#2751 = VECTOR('',#2752,1.);
#2752 = DIRECTION('',(0.,0.,-1.));
#2753 = ORIENTED_EDGE('',*,*,#2754,.T.);
#2754 = EDGE_CURVE('',#2747,#2755,#2757,.T.);
#2755 = VERTEX_POINT('',#2756);
#2756 = CARTESIAN_POINT('',(92.,-79.,-45.));
#2757 = LINE('',#2758,#2759);
#2758 = CARTESIAN_POINT('',(-2.5,-79.,-45.));
#2759 = VECTOR('',#2760,1.);
#2760 = DIRECTION('',(1.,0.,0.));
#2761 = ORIENTED_EDGE('',*,*,#2762,.F.);
#2762 = EDGE_CURVE('',#2739,#2755,#2763,.T.);
#2763 = LINE('',#2764,#2765);
#2764 = CARTESIAN_POINT('',(92.,-79.,-51.));
#2765 = VECTOR('',#2766,1.);
#2766 = DIRECTION('',(0.,0.,-1.));
#2767 = FACE_BOUND('',#2768,.T.);
#2768 = EDGE_LOOP('',(#2769));
#2769 = ORIENTED_EDGE('',*,*,#2770,.T.);
#2770 = EDGE_CURVE('',#2771,#2771,#2773,.T.);
#2771 = VERTEX_POINT('',#2772);
#2772 = CARTESIAN_POINT('',(45.,-79.,27.));
#2773 = CIRCLE('',#2774,8.);
#2774 = AXIS2_PLACEMENT_3D('',#2775,#2776,#2777);
#2775 = CARTESIAN_POINT('',(45.,-79.,35.));
#2776 = DIRECTION('',(0.,-1.,0.));
#2777 = DIRECTION('',(0.,0.,-1.));
#2778 = FACE_BOUND('',#2779,.T.);
#2779 = EDGE_LOOP('',(#2780,#2790,#2798,#2806));
#2780 = ORIENTED_EDGE('',*,*,#2781,.F.);
#2781 = EDGE_CURVE('',#2782,#2784,#2786,.T.);
#2782 = VERTEX_POINT('',#2783);
#2783 = CARTESIAN_POINT('',(86.,-79.,46.));
#2784 = VERTEX_POINT('',#2785);
#2785 = CARTESIAN_POINT('',(92.,-79.,46.));
#2786 = LINE('',#2787,#2788);
#2787 = CARTESIAN_POINT('',(-2.5,-79.,46.));
#2788 = VECTOR('',#2789,1.);
#2789 = DIRECTION('',(1.,0.,0.));
#2790 = ORIENTED_EDGE('',*,*,#2791,.T.);
#2791 = EDGE_CURVE('',#2782,#2792,#2794,.T.);
#2792 = VERTEX_POINT('',#2793);
#2793 = CARTESIAN_POINT('',(86.,-79.,36.));
#2794 = LINE('',#2795,#2796);
#2795 = CARTESIAN_POINT('',(86.,-79.,-10.5));
#2796 = VECTOR('',#2797,1.);
#2797 = DIRECTION('',(0.,0.,-1.));
#2798 = ORIENTED_EDGE('',*,*,#2799,.T.);
#2799 = EDGE_CURVE('',#2792,#2800,#2802,.T.);
#2800 = VERTEX_POINT('',#2801);
#2801 = CARTESIAN_POINT('',(92.,-79.,36.));
#2802 = LINE('',#2803,#2804);
#2803 = CARTESIAN_POINT('',(-2.5,-79.,36.));
#2804 = VECTOR('',#2805,1.);
#2805 = DIRECTION('',(1.,0.,0.));
#2806 = ORIENTED_EDGE('',*,*,#2807,.F.);
#2807 = EDGE_CURVE('',#2784,#2800,#2808,.T.);
#2808 = LINE('',#2809,#2810);
#2809 = CARTESIAN_POINT('',(92.,-79.,-10.5));
#2810 = VECTOR('',#2811,1.);
#2811 = DIRECTION('',(0.,0.,-1.));
#2812 = PLANE('',#2813);
#2813 = AXIS2_PLACEMENT_3D('',#2814,#2815,#2816);
#2814 = CARTESIAN_POINT('',(-91.,-79.,-57.));
#2815 = DIRECTION('',(0.,1.,0.));
#2816 = DIRECTION('',(0.,0.,1.));
#2817 = ADVANCED_FACE('',(#2818),#2845,.T.);
#2818 = FACE_BOUND('',#2819,.T.);
#2819 = EDGE_LOOP('',(#2820,#2821,#2829,#2837,#2843,#2844));
#2820 = ORIENTED_EDGE('',*,*,#1946,.F.);
#2821 = ORIENTED_EDGE('',*,*,#2822,.F.);
#2822 = EDGE_CURVE('',#2823,#1947,#2825,.T.);
#2823 = VERTEX_POINT('',#2824);
#2824 = CARTESIAN_POINT('',(-19.5,78.5,-30.49901637758));
#2825 = LINE('',#2826,#2827);
#2826 = CARTESIAN_POINT('',(-19.5,60.,-30.49901637758));
#2827 = VECTOR('',#2828,1.);
#2828 = DIRECTION('',(0.,1.,0.));
#2829 = ORIENTED_EDGE('',*,*,#2830,.F.);
#2830 = EDGE_CURVE('',#2831,#2823,#2833,.T.);
#2831 = VERTEX_POINT('',#2832);
#2832 = CARTESIAN_POINT('',(-19.5,78.5,-39.5));
#2833 = LINE('',#2834,#2835);
#2834 = CARTESIAN_POINT('',(-19.5,78.5,-27.4));
#2835 = VECTOR('',#2836,1.);
#2836 = DIRECTION('',(0.,1.1E-16,1.));
#2837 = ORIENTED_EDGE('',*,*,#2838,.T.);
#2838 = EDGE_CURVE('',#2831,#934,#2839,.T.);
#2839 = LINE('',#2840,#2841);
#2840 = CARTESIAN_POINT('',(-19.5,-5.75,-39.5));
#2841 = VECTOR('',#2842,1.);
#2842 = DIRECTION('',(0.,-1.,1.1E-16));
#2843 = ORIENTED_EDGE('',*,*,#941,.T.);
#2844 = ORIENTED_EDGE('',*,*,#863,.T.);
#2845 = PLANE('',#2846);
#2846 = AXIS2_PLACEMENT_3D('',#2847,#2848,#2849);
#2847 = CARTESIAN_POINT('',(-19.5,-90.,-54.8));
#2848 = DIRECTION('',(1.,0.,0.));
#2849 = DIRECTION('',(0.,0.,1.));
#2850 = ADVANCED_FACE('',(#2851),#2878,.F.);
#2851 = FACE_BOUND('',#2852,.F.);
#2852 = EDGE_LOOP('',(#2853,#2854,#2862,#2870,#2876,#2877));
#2853 = ORIENTED_EDGE('',*,*,#1013,.F.);
#2854 = ORIENTED_EDGE('',*,*,#2855,.F.);
#2855 = EDGE_CURVE('',#2856,#1014,#2858,.T.);
#2856 = VERTEX_POINT('',#2857);
#2857 = CARTESIAN_POINT('',(-24.,78.5,-27.10055349988));
#2858 = LINE('',#2859,#2860);
#2859 = CARTESIAN_POINT('',(-24.,60.,-27.10055349988));
#2860 = VECTOR('',#2861,1.);
#2861 = DIRECTION('',(0.,1.,0.));
#2862 = ORIENTED_EDGE('',*,*,#2863,.F.);
#2863 = EDGE_CURVE('',#2864,#2856,#2866,.T.);
#2864 = VERTEX_POINT('',#2865);
#2865 = CARTESIAN_POINT('',(-24.,78.5,-39.5));
#2866 = LINE('',#2867,#2868);
#2867 = CARTESIAN_POINT('',(-24.,78.5,-27.4));
#2868 = VECTOR('',#2869,1.);
#2869 = DIRECTION('',(0.,1.1E-16,1.));
#2870 = ORIENTED_EDGE('',*,*,#2871,.T.);
#2871 = EDGE_CURVE('',#2864,#924,#2872,.T.);
#2872 = LINE('',#2873,#2874);
#2873 = CARTESIAN_POINT('',(-24.,-5.75,-39.5));
#2874 = VECTOR('',#2875,1.);
#2875 = DIRECTION('',(0.,-1.,1.1E-16));
#2876 = ORIENTED_EDGE('',*,*,#923,.T.);
#2877 = ORIENTED_EDGE('',*,*,#963,.T.);
#2878 = PLANE('',#2879);
#2879 = AXIS2_PLACEMENT_3D('',#2880,#2881,#2882);
#2880 = CARTESIAN_POINT('',(-24.,-90.,-54.8));
#2881 = DIRECTION('',(1.,0.,0.));
#2882 = DIRECTION('',(0.,0.,1.));
#2883 = ADVANCED_FACE('',(#2884),#2895,.T.);
#2884 = FACE_BOUND('',#2885,.T.);
#2885 = EDGE_LOOP('',(#2886,#2892,#2893,#2894));
#2886 = ORIENTED_EDGE('',*,*,#2887,.F.);
#2887 = EDGE_CURVE('',#2864,#2831,#2888,.T.);
#2888 = LINE('',#2889,#2890);
#2889 = CARTESIAN_POINT('',(-38.5,78.5,-39.5));
#2890 = VECTOR('',#2891,1.);
#2891 = DIRECTION('',(1.,0.,0.));
#2892 = ORIENTED_EDGE('',*,*,#2871,.T.);
#2893 = ORIENTED_EDGE('',*,*,#933,.T.);
#2894 = ORIENTED_EDGE('',*,*,#2838,.F.);
#2895 = PLANE('',#2896);
#2896 = AXIS2_PLACEMENT_3D('',#2897,#2898,#2899);
#2897 = CARTESIAN_POINT('',(-38.5,78.5,-39.5));
#2898 = DIRECTION('',(0.,0.,1.));
#2899 = DIRECTION('',(0.,-1.,0.));
#2900 = ADVANCED_FACE('',(#2901),#2913,.T.);
#2901 = FACE_BOUND('',#2902,.T.);
#2902 = EDGE_LOOP('',(#2903,#2904,#2905,#2906));
#2903 = ORIENTED_EDGE('',*,*,#1385,.F.);
#2904 = ORIENTED_EDGE('',*,*,#1350,.T.);
#2905 = ORIENTED_EDGE('',*,*,#1106,.T.);
#2906 = ORIENTED_EDGE('',*,*,#2907,.T.);
#2907 = EDGE_CURVE('',#1099,#1386,#2908,.T.);
#2908 = CIRCLE('',#2909,5.);
#2909 = AXIS2_PLACEMENT_3D('',#2910,#2911,#2912);
#2910 = CARTESIAN_POINT('',(112.,77.,95.));
#2911 = DIRECTION('',(0.,0.,-1.));
#2912 = DIRECTION('',(1.,0.,0.));
#2913 = CYLINDRICAL_SURFACE('',#2914,5.);
#2914 = AXIS2_PLACEMENT_3D('',#2915,#2916,#2917);
#2915 = CARTESIAN_POINT('',(112.,77.,-55.));
#2916 = DIRECTION('',(0.,0.,1.));
#2917 = DIRECTION('',(1.,0.,0.));
#2918 = ADVANCED_FACE('',(#2919),#2946,.T.);
#2919 = FACE_BOUND('',#2920,.T.);
#2920 = EDGE_LOOP('',(#2921,#2922,#2931,#2939));
#2921 = ORIENTED_EDGE('',*,*,#1098,.F.);
#2922 = ORIENTED_EDGE('',*,*,#2923,.T.);
#2923 = EDGE_CURVE('',#1091,#2924,#2926,.T.);
#2924 = VERTEX_POINT('',#2925);
#2925 = CARTESIAN_POINT('',(-20.,77.,100.));
#2926 = CIRCLE('',#2927,5.);
#2927 = AXIS2_PLACEMENT_3D('',#2928,#2929,#2930);
#2928 = CARTESIAN_POINT('',(-20.,77.,95.));
#2929 = DIRECTION('',(1.,0.,0.));
#2930 = DIRECTION('',(0.,1.,0.));
#2931 = ORIENTED_EDGE('',*,*,#2932,.T.);
#2932 = EDGE_CURVE('',#2924,#2933,#2935,.T.);
#2933 = VERTEX_POINT('',#2934);
#2934 = CARTESIAN_POINT('',(112.,77.,100.));
#2935 = LINE('',#2936,#2937);
#2936 = CARTESIAN_POINT('',(-94.,77.,100.));
#2937 = VECTOR('',#2938,1.);
#2938 = DIRECTION('',(1.,0.,0.));
#2939 = ORIENTED_EDGE('',*,*,#2940,.F.);
#2940 = EDGE_CURVE('',#1099,#2933,#2941,.T.);
#2941 = CIRCLE('',#2942,5.);
#2942 = AXIS2_PLACEMENT_3D('',#2943,#2944,#2945);
#2943 = CARTESIAN_POINT('',(112.,77.,95.));
#2944 = DIRECTION('',(1.,0.,-6.E-17));
#2945 = DIRECTION('',(6.E-17,0.,1.));
#2946 = CYLINDRICAL_SURFACE('',#2947,5.);
#2947 = AXIS2_PLACEMENT_3D('',#2948,#2949,#2950);
#2948 = CARTESIAN_POINT('',(-94.,77.,95.));
#2949 = DIRECTION('',(1.,0.,0.));
#2950 = DIRECTION('',(0.,1.,0.));
#2951 = ADVANCED_FACE('',(#2952),#3028,.F.);
#2952 = FACE_BOUND('',#2953,.F.);
#2953 = EDGE_LOOP('',(#2954,#2962,#2969,#2970,#2978,#2986,#2995,#3003,
    #3012,#3020,#3026,#3027));
#2954 = ORIENTED_EDGE('',*,*,#2955,.F.);
#2955 = EDGE_CURVE('',#2956,#2924,#2958,.T.);
#2956 = VERTEX_POINT('',#2957);
#2957 = CARTESIAN_POINT('',(-20.,-77.,100.));
#2958 = LINE('',#2959,#2960);
#2959 = CARTESIAN_POINT('',(-20.,-86.,100.));
#2960 = VECTOR('',#2961,1.);
#2961 = DIRECTION('',(0.,1.,0.));
#2962 = ORIENTED_EDGE('',*,*,#2963,.T.);
#2963 = EDGE_CURVE('',#2956,#1538,#2964,.T.);
#2964 = CIRCLE('',#2965,5.);
#2965 = AXIS2_PLACEMENT_3D('',#2966,#2967,#2968);
#2966 = CARTESIAN_POINT('',(-20.,-77.,95.));
#2967 = DIRECTION('',(1.,0.,0.));
#2968 = DIRECTION('',(0.,-1.,0.));
#2969 = ORIENTED_EDGE('',*,*,#1537,.T.);
#2970 = ORIENTED_EDGE('',*,*,#2971,.F.);
#2971 = EDGE_CURVE('',#2972,#1529,#2974,.T.);
#2972 = VERTEX_POINT('',#2973);
#2973 = CARTESIAN_POINT('',(-20.,-79.2,30.173498305632));
#2974 = LINE('',#2975,#2976);
#2975 = CARTESIAN_POINT('',(-20.,-60.,30.173498305632));
#2976 = VECTOR('',#2977,1.);
#2977 = DIRECTION('',(0.,-1.,0.));
#2978 = ORIENTED_EDGE('',*,*,#2979,.T.);
#2979 = EDGE_CURVE('',#2972,#2980,#2982,.T.);
#2980 = VERTEX_POINT('',#2981);
#2981 = CARTESIAN_POINT('',(-20.,-79.2,95.));
#2982 = LINE('',#2983,#2984);
#2983 = CARTESIAN_POINT('',(-20.,-79.2,-58.5));
#2984 = VECTOR('',#2985,1.);
#2985 = DIRECTION('',(0.,0.,1.));
#2986 = ORIENTED_EDGE('',*,*,#2987,.F.);
#2987 = EDGE_CURVE('',#2988,#2980,#2990,.T.);
#2988 = VERTEX_POINT('',#2989);
#2989 = CARTESIAN_POINT('',(-20.,-77.,97.2));
#2990 = CIRCLE('',#2991,2.2);
#2991 = AXIS2_PLACEMENT_3D('',#2992,#2993,#2994);
#2992 = CARTESIAN_POINT('',(-20.,-77.,95.));
#2993 = DIRECTION('',(1.,0.,0.));
#2994 = DIRECTION('',(0.,-1.,0.));
#2995 = ORIENTED_EDGE('',*,*,#2996,.F.);
#2996 = EDGE_CURVE('',#2997,#2988,#2999,.T.);
#2997 = VERTEX_POINT('',#2998);
#2998 = CARTESIAN_POINT('',(-20.,77.,97.2));
#2999 = LINE('',#3000,#3001);
#3000 = CARTESIAN_POINT('',(-20.,-84.6,97.2));
#3001 = VECTOR('',#3002,1.);
#3002 = DIRECTION('',(0.,-1.,0.));
#3003 = ORIENTED_EDGE('',*,*,#3004,.F.);
#3004 = EDGE_CURVE('',#3005,#2997,#3007,.T.);
#3005 = VERTEX_POINT('',#3006);
#3006 = CARTESIAN_POINT('',(-20.,79.2,95.));
#3007 = CIRCLE('',#3008,2.2);
#3008 = AXIS2_PLACEMENT_3D('',#3009,#3010,#3011);
#3009 = CARTESIAN_POINT('',(-20.,77.,95.));
#3010 = DIRECTION('',(1.,0.,0.));
#3011 = DIRECTION('',(0.,1.,0.));
#3012 = ORIENTED_EDGE('',*,*,#3013,.F.);
#3013 = EDGE_CURVE('',#3014,#3005,#3016,.T.);
#3014 = VERTEX_POINT('',#3015);
#3015 = CARTESIAN_POINT('',(-20.,79.2,30.173498305632));
#3016 = LINE('',#3017,#3018);
#3017 = CARTESIAN_POINT('',(-20.,79.2,-58.5));
#3018 = VECTOR('',#3019,1.);
#3019 = DIRECTION('',(0.,0.,1.));
#3020 = ORIENTED_EDGE('',*,*,#3021,.T.);
#3021 = EDGE_CURVE('',#3014,#1082,#3022,.T.);
#3022 = LINE('',#3023,#3024);
#3023 = CARTESIAN_POINT('',(-20.,60.,30.173498305632));
#3024 = VECTOR('',#3025,1.);
#3025 = DIRECTION('',(0.,1.,0.));
#3026 = ORIENTED_EDGE('',*,*,#1090,.F.);
#3027 = ORIENTED_EDGE('',*,*,#2923,.T.);
#3028 = PLANE('',#3029);
#3029 = AXIS2_PLACEMENT_3D('',#3030,#3031,#3032);
#3030 = CARTESIAN_POINT('',(-20.,-90.,-60.));
#3031 = DIRECTION('',(1.,0.,0.));
#3032 = DIRECTION('',(0.,0.,1.));
#3033 = ADVANCED_FACE('',(#3034),#3053,.T.);
#3034 = FACE_BOUND('',#3035,.T.);
#3035 = EDGE_LOOP('',(#3036,#3044,#3051,#3052));
#3036 = ORIENTED_EDGE('',*,*,#3037,.T.);
#3037 = EDGE_CURVE('',#1115,#3038,#3040,.T.);
#3038 = VERTEX_POINT('',#3039);
#3039 = CARTESIAN_POINT('',(45.,86.,43.));
#3040 = LINE('',#3041,#3042);
#3041 = CARTESIAN_POINT('',(45.,75.,43.));
#3042 = VECTOR('',#3043,1.);
#3043 = DIRECTION('',(0.,1.,0.));
#3044 = ORIENTED_EDGE('',*,*,#3045,.F.);
#3045 = EDGE_CURVE('',#3038,#3038,#3046,.T.);
#3046 = CIRCLE('',#3047,8.);
#3047 = AXIS2_PLACEMENT_3D('',#3048,#3049,#3050);
#3048 = CARTESIAN_POINT('',(45.,86.,35.));
#3049 = DIRECTION('',(0.,1.,0.));
#3050 = DIRECTION('',(0.,0.,1.));
#3051 = ORIENTED_EDGE('',*,*,#3037,.F.);
#3052 = ORIENTED_EDGE('',*,*,#1114,.T.);
#3053 = CYLINDRICAL_SURFACE('',#3054,8.);
#3054 = AXIS2_PLACEMENT_3D('',#3055,#3056,#3057);
#3055 = CARTESIAN_POINT('',(45.,75.,35.));
#3056 = DIRECTION('',(0.,1.,0.));
#3057 = DIRECTION('',(0.,0.,1.));
#3058 = ADVANCED_FACE('',(#3059),#3075,.T.);
#3059 = FACE_BOUND('',#3060,.T.);
#3060 = EDGE_LOOP('',(#3061,#3067,#3068,#3074));
#3061 = ORIENTED_EDGE('',*,*,#3062,.F.);
#3062 = EDGE_CURVE('',#1128,#1999,#3063,.T.);
#3063 = LINE('',#3064,#3065);
#3064 = CARTESIAN_POINT('',(-6.,82.2,56.8));
#3065 = VECTOR('',#3066,1.);
#3066 = DIRECTION('',(0.,-1.,0.));
#3067 = ORIENTED_EDGE('',*,*,#1125,.F.);
#3068 = ORIENTED_EDGE('',*,*,#3069,.T.);
#3069 = EDGE_CURVE('',#1126,#1997,#3070,.T.);
#3070 = LINE('',#3071,#3072);
#3071 = CARTESIAN_POINT('',(-6.,82.2,57.2));
#3072 = VECTOR('',#3073,1.);
#3073 = DIRECTION('',(0.,-1.,0.));
#3074 = ORIENTED_EDGE('',*,*,#1996,.T.);
#3075 = PLANE('',#3076);
#3076 = AXIS2_PLACEMENT_3D('',#3077,#3078,#3079);
#3077 = CARTESIAN_POINT('',(-6.,82.2,56.8));
#3078 = DIRECTION('',(1.,0.,0.));
#3079 = DIRECTION('',(0.,-1.,0.));
#3080 = ADVANCED_FACE('',(#3081),#3092,.F.);
#3081 = FACE_BOUND('',#3082,.F.);
#3082 = EDGE_LOOP('',(#3083,#3084,#3090,#3091));
#3083 = ORIENTED_EDGE('',*,*,#2057,.F.);
#3084 = ORIENTED_EDGE('',*,*,#3085,.F.);
#3085 = EDGE_CURVE('',#1179,#2050,#3086,.T.);
#3086 = LINE('',#3087,#3088);
#3087 = CARTESIAN_POINT('',(-4.5,82.2,58.7));
#3088 = VECTOR('',#3089,1.);
#3089 = DIRECTION('',(0.,-1.,0.));
#3090 = ORIENTED_EDGE('',*,*,#1186,.T.);
#3091 = ORIENTED_EDGE('',*,*,#3069,.T.);
#3092 = CYLINDRICAL_SURFACE('',#3093,1.5);
#3093 = AXIS2_PLACEMENT_3D('',#3094,#3095,#3096);
#3094 = CARTESIAN_POINT('',(-4.5,82.2,57.2));
#3095 = DIRECTION('',(0.,-1.,0.));
#3096 = DIRECTION('',(1.,0.,0.));
#3097 = ADVANCED_FACE('',(#3098),#3109,.F.);
#3098 = FACE_BOUND('',#3099,.F.);
#3099 = EDGE_LOOP('',(#3100,#3101,#3102,#3103));
#3100 = ORIENTED_EDGE('',*,*,#2006,.F.);
#3101 = ORIENTED_EDGE('',*,*,#3062,.F.);
#3102 = ORIENTED_EDGE('',*,*,#1135,.T.);
#3103 = ORIENTED_EDGE('',*,*,#3104,.T.);
#3104 = EDGE_CURVE('',#1136,#2007,#3105,.T.);
#3105 = LINE('',#3106,#3107);
#3106 = CARTESIAN_POINT('',(-4.5,82.2,55.3));
#3107 = VECTOR('',#3108,1.);
#3108 = DIRECTION('',(0.,-1.,0.));
#3109 = CYLINDRICAL_SURFACE('',#3110,1.5);
#3110 = AXIS2_PLACEMENT_3D('',#3111,#3112,#3113);
#3111 = CARTESIAN_POINT('',(-4.5,82.2,56.8));
#3112 = DIRECTION('',(0.,-1.,0.));
#3113 = DIRECTION('',(1.,0.,0.));
#3114 = ADVANCED_FACE('',(#3115),#3126,.F.);
#3115 = FACE_BOUND('',#3116,.F.);
#3116 = EDGE_LOOP('',(#3117,#3118,#3119,#3120));
#3117 = ORIENTED_EDGE('',*,*,#1178,.F.);
#3118 = ORIENTED_EDGE('',*,*,#3085,.T.);
#3119 = ORIENTED_EDGE('',*,*,#2049,.T.);
#3120 = ORIENTED_EDGE('',*,*,#3121,.F.);
#3121 = EDGE_CURVE('',#1170,#2041,#3122,.T.);
#3122 = LINE('',#3123,#3124);
#3123 = CARTESIAN_POINT('',(60.5,82.2,58.7));
#3124 = VECTOR('',#3125,1.);
#3125 = DIRECTION('',(0.,-1.,0.));
#3126 = PLANE('',#3127);
#3127 = AXIS2_PLACEMENT_3D('',#3128,#3129,#3130);
#3128 = CARTESIAN_POINT('',(-4.5,82.2,58.7));
#3129 = DIRECTION('',(0.,0.,1.));
#3130 = DIRECTION('',(0.,-1.,0.));
#3131 = ADVANCED_FACE('',(#3132),#3143,.T.);
#3132 = FACE_BOUND('',#3133,.T.);
#3133 = EDGE_LOOP('',(#3134,#3135,#3136,#3137));
#3134 = ORIENTED_EDGE('',*,*,#1144,.F.);
#3135 = ORIENTED_EDGE('',*,*,#3104,.T.);
#3136 = ORIENTED_EDGE('',*,*,#2015,.T.);
#3137 = ORIENTED_EDGE('',*,*,#3138,.F.);
#3138 = EDGE_CURVE('',#1145,#2016,#3139,.T.);
#3139 = LINE('',#3140,#3141);
#3140 = CARTESIAN_POINT('',(60.5,82.2,55.3));
#3141 = VECTOR('',#3142,1.);
#3142 = DIRECTION('',(0.,-1.,0.));
#3143 = PLANE('',#3144);
#3144 = AXIS2_PLACEMENT_3D('',#3145,#3146,#3147);
#3145 = CARTESIAN_POINT('',(-4.5,82.2,55.3));
#3146 = DIRECTION('',(0.,0.,1.));
#3147 = DIRECTION('',(0.,-1.,0.));
#3148 = ADVANCED_FACE('',(#3149),#3160,.F.);
#3149 = FACE_BOUND('',#3150,.F.);
#3150 = EDGE_LOOP('',(#3151,#3152,#3158,#3159));
#3151 = ORIENTED_EDGE('',*,*,#2040,.F.);
#3152 = ORIENTED_EDGE('',*,*,#3153,.F.);
#3153 = EDGE_CURVE('',#1162,#2033,#3154,.T.);
#3154 = LINE('',#3155,#3156);
#3155 = CARTESIAN_POINT('',(62.,82.2,57.2));
#3156 = VECTOR('',#3157,1.);
#3157 = DIRECTION('',(0.,-1.,0.));
#3158 = ORIENTED_EDGE('',*,*,#1169,.T.);
#3159 = ORIENTED_EDGE('',*,*,#3121,.T.);
#3160 = CYLINDRICAL_SURFACE('',#3161,1.5);
#3161 = AXIS2_PLACEMENT_3D('',#3162,#3163,#3164);
#3162 = CARTESIAN_POINT('',(60.5,82.2,57.2));
#3163 = DIRECTION('',(0.,-1.,0.));
#3164 = DIRECTION('',(1.,0.,0.));
#3165 = ADVANCED_FACE('',(#3166),#3177,.F.);
#3166 = FACE_BOUND('',#3167,.F.);
#3167 = EDGE_LOOP('',(#3168,#3169,#3170,#3171));
#3168 = ORIENTED_EDGE('',*,*,#2023,.F.);
#3169 = ORIENTED_EDGE('',*,*,#3138,.F.);
#3170 = ORIENTED_EDGE('',*,*,#1152,.T.);
#3171 = ORIENTED_EDGE('',*,*,#3172,.T.);
#3172 = EDGE_CURVE('',#1153,#2024,#3173,.T.);
#3173 = LINE('',#3174,#3175);
#3174 = CARTESIAN_POINT('',(62.,82.2,56.8));
#3175 = VECTOR('',#3176,1.);
#3176 = DIRECTION('',(0.,-1.,0.));
#3177 = CYLINDRICAL_SURFACE('',#3178,1.5);
#3178 = AXIS2_PLACEMENT_3D('',#3179,#3180,#3181);
#3179 = CARTESIAN_POINT('',(60.5,82.2,56.8));
#3180 = DIRECTION('',(0.,-1.,0.));
#3181 = DIRECTION('',(1.,0.,0.));
#3182 = ADVANCED_FACE('',(#3183),#3189,.F.);
#3183 = FACE_BOUND('',#3184,.F.);
#3184 = EDGE_LOOP('',(#3185,#3186,#3187,#3188));
#3185 = ORIENTED_EDGE('',*,*,#3172,.F.);
#3186 = ORIENTED_EDGE('',*,*,#1161,.F.);
#3187 = ORIENTED_EDGE('',*,*,#3153,.T.);
#3188 = ORIENTED_EDGE('',*,*,#2032,.T.);
#3189 = PLANE('',#3190);
#3190 = AXIS2_PLACEMENT_3D('',#3191,#3192,#3193);
#3191 = CARTESIAN_POINT('',(62.,82.2,56.8));
#3192 = DIRECTION('',(1.,0.,0.));
#3193 = DIRECTION('',(0.,-1.,0.));
#3194 = ADVANCED_FACE('',(#3195),#3211,.T.);
#3195 = FACE_BOUND('',#3196,.T.);
#3196 = EDGE_LOOP('',(#3197,#3203,#3204,#3210));
#3197 = ORIENTED_EDGE('',*,*,#3198,.F.);
#3198 = EDGE_CURVE('',#1198,#2069,#3199,.T.);
#3199 = LINE('',#3200,#3201);
#3200 = CARTESIAN_POINT('',(-6.,82.2,65.8));
#3201 = VECTOR('',#3202,1.);
#3202 = DIRECTION('',(0.,-1.,0.));
#3203 = ORIENTED_EDGE('',*,*,#1195,.F.);
#3204 = ORIENTED_EDGE('',*,*,#3205,.T.);
#3205 = EDGE_CURVE('',#1196,#2067,#3206,.T.);
#3206 = LINE('',#3207,#3208);
#3207 = CARTESIAN_POINT('',(-6.,82.2,66.2));
#3208 = VECTOR('',#3209,1.);
#3209 = DIRECTION('',(0.,-1.,0.));
#3210 = ORIENTED_EDGE('',*,*,#2066,.T.);
#3211 = PLANE('',#3212);
#3212 = AXIS2_PLACEMENT_3D('',#3213,#3214,#3215);
#3213 = CARTESIAN_POINT('',(-6.,82.2,65.8));
#3214 = DIRECTION('',(1.,0.,0.));
#3215 = DIRECTION('',(0.,-1.,0.));
#3216 = ADVANCED_FACE('',(#3217),#3228,.F.);
#3217 = FACE_BOUND('',#3218,.F.);
#3218 = EDGE_LOOP('',(#3219,#3220,#3226,#3227));
#3219 = ORIENTED_EDGE('',*,*,#2127,.F.);
#3220 = ORIENTED_EDGE('',*,*,#3221,.F.);
#3221 = EDGE_CURVE('',#1249,#2120,#3222,.T.);
#3222 = LINE('',#3223,#3224);
#3223 = CARTESIAN_POINT('',(-4.5,82.2,67.7));
#3224 = VECTOR('',#3225,1.);
#3225 = DIRECTION('',(0.,-1.,0.));
#3226 = ORIENTED_EDGE('',*,*,#1256,.T.);
#3227 = ORIENTED_EDGE('',*,*,#3205,.T.);
#3228 = CYLINDRICAL_SURFACE('',#3229,1.5);
#3229 = AXIS2_PLACEMENT_3D('',#3230,#3231,#3232);
#3230 = CARTESIAN_POINT('',(-4.5,82.2,66.2));
#3231 = DIRECTION('',(0.,-1.,0.));
#3232 = DIRECTION('',(1.,0.,0.));
#3233 = ADVANCED_FACE('',(#3234),#3245,.F.);
#3234 = FACE_BOUND('',#3235,.F.);
#3235 = EDGE_LOOP('',(#3236,#3237,#3238,#3239));
#3236 = ORIENTED_EDGE('',*,*,#2076,.F.);
#3237 = ORIENTED_EDGE('',*,*,#3198,.F.);
#3238 = ORIENTED_EDGE('',*,*,#1205,.T.);
#3239 = ORIENTED_EDGE('',*,*,#3240,.T.);
#3240 = EDGE_CURVE('',#1206,#2077,#3241,.T.);
#3241 = LINE('',#3242,#3243);
#3242 = CARTESIAN_POINT('',(-4.5,82.2,64.3));
#3243 = VECTOR('',#3244,1.);
#3244 = DIRECTION('',(0.,-1.,0.));
#3245 = CYLINDRICAL_SURFACE('',#3246,1.5);
#3246 = AXIS2_PLACEMENT_3D('',#3247,#3248,#3249);
#3247 = CARTESIAN_POINT('',(-4.5,82.2,65.8));
#3248 = DIRECTION('',(0.,-1.,0.));
#3249 = DIRECTION('',(1.,0.,0.));
#3250 = ADVANCED_FACE('',(#3251),#3262,.F.);
#3251 = FACE_BOUND('',#3252,.F.);
#3252 = EDGE_LOOP('',(#3253,#3254,#3255,#3256));
#3253 = ORIENTED_EDGE('',*,*,#1248,.F.);
#3254 = ORIENTED_EDGE('',*,*,#3221,.T.);
#3255 = ORIENTED_EDGE('',*,*,#2119,.T.);
#3256 = ORIENTED_EDGE('',*,*,#3257,.F.);
#3257 = EDGE_CURVE('',#1240,#2111,#3258,.T.);
#3258 = LINE('',#3259,#3260);
#3259 = CARTESIAN_POINT('',(60.5,82.2,67.7));
#3260 = VECTOR('',#3261,1.);
#3261 = DIRECTION('',(0.,-1.,0.));
#3262 = PLANE('',#3263);
#3263 = AXIS2_PLACEMENT_3D('',#3264,#3265,#3266);
#3264 = CARTESIAN_POINT('',(-4.5,82.2,67.7));
#3265 = DIRECTION('',(0.,0.,1.));
#3266 = DIRECTION('',(0.,-1.,0.));
#3267 = ADVANCED_FACE('',(#3268),#3279,.T.);
#3268 = FACE_BOUND('',#3269,.T.);
#3269 = EDGE_LOOP('',(#3270,#3271,#3272,#3273));
#3270 = ORIENTED_EDGE('',*,*,#1214,.F.);
#3271 = ORIENTED_EDGE('',*,*,#3240,.T.);
#3272 = ORIENTED_EDGE('',*,*,#2085,.T.);
#3273 = ORIENTED_EDGE('',*,*,#3274,.F.);
#3274 = EDGE_CURVE('',#1215,#2086,#3275,.T.);
#3275 = LINE('',#3276,#3277);
#3276 = CARTESIAN_POINT('',(60.5,82.2,64.3));
#3277 = VECTOR('',#3278,1.);
#3278 = DIRECTION('',(0.,-1.,0.));
#3279 = PLANE('',#3280);
#3280 = AXIS2_PLACEMENT_3D('',#3281,#3282,#3283);
#3281 = CARTESIAN_POINT('',(-4.5,82.2,64.3));
#3282 = DIRECTION('',(0.,0.,1.));
#3283 = DIRECTION('',(0.,-1.,0.));
#3284 = ADVANCED_FACE('',(#3285),#3296,.F.);
#3285 = FACE_BOUND('',#3286,.F.);
#3286 = EDGE_LOOP('',(#3287,#3288,#3294,#3295));
#3287 = ORIENTED_EDGE('',*,*,#2110,.F.);
#3288 = ORIENTED_EDGE('',*,*,#3289,.F.);
#3289 = EDGE_CURVE('',#1232,#2103,#3290,.T.);
#3290 = LINE('',#3291,#3292);
#3291 = CARTESIAN_POINT('',(62.,82.2,66.2));
#3292 = VECTOR('',#3293,1.);
#3293 = DIRECTION('',(0.,-1.,0.));
#3294 = ORIENTED_EDGE('',*,*,#1239,.T.);
#3295 = ORIENTED_EDGE('',*,*,#3257,.T.);
#3296 = CYLINDRICAL_SURFACE('',#3297,1.5);
#3297 = AXIS2_PLACEMENT_3D('',#3298,#3299,#3300);
#3298 = CARTESIAN_POINT('',(60.5,82.2,66.2));
#3299 = DIRECTION('',(0.,-1.,0.));
#3300 = DIRECTION('',(1.,0.,0.));
#3301 = ADVANCED_FACE('',(#3302),#3313,.F.);
#3302 = FACE_BOUND('',#3303,.F.);
#3303 = EDGE_LOOP('',(#3304,#3305,#3306,#3307));
#3304 = ORIENTED_EDGE('',*,*,#2093,.F.);
#3305 = ORIENTED_EDGE('',*,*,#3274,.F.);
#3306 = ORIENTED_EDGE('',*,*,#1222,.T.);
#3307 = ORIENTED_EDGE('',*,*,#3308,.T.);
#3308 = EDGE_CURVE('',#1223,#2094,#3309,.T.);
#3309 = LINE('',#3310,#3311);
#3310 = CARTESIAN_POINT('',(62.,82.2,65.8));
#3311 = VECTOR('',#3312,1.);
#3312 = DIRECTION('',(0.,-1.,0.));
#3313 = CYLINDRICAL_SURFACE('',#3314,1.5);
#3314 = AXIS2_PLACEMENT_3D('',#3315,#3316,#3317);
#3315 = CARTESIAN_POINT('',(60.5,82.2,65.8));
#3316 = DIRECTION('',(0.,-1.,0.));
#3317 = DIRECTION('',(1.,0.,0.));
#3318 = ADVANCED_FACE('',(#3319),#3325,.F.);
#3319 = FACE_BOUND('',#3320,.F.);
#3320 = EDGE_LOOP('',(#3321,#3322,#3323,#3324));
#3321 = ORIENTED_EDGE('',*,*,#3308,.F.);
#3322 = ORIENTED_EDGE('',*,*,#1231,.F.);
#3323 = ORIENTED_EDGE('',*,*,#3289,.T.);
#3324 = ORIENTED_EDGE('',*,*,#2102,.T.);
#3325 = PLANE('',#3326);
#3326 = AXIS2_PLACEMENT_3D('',#3327,#3328,#3329);
#3327 = CARTESIAN_POINT('',(62.,82.2,65.8));
#3328 = DIRECTION('',(1.,0.,0.));
#3329 = DIRECTION('',(0.,-1.,0.));
#3330 = ADVANCED_FACE('',(#3331),#3347,.T.);
#3331 = FACE_BOUND('',#3332,.T.);
#3332 = EDGE_LOOP('',(#3333,#3339,#3340,#3346));
#3333 = ORIENTED_EDGE('',*,*,#3334,.F.);
#3334 = EDGE_CURVE('',#1268,#2139,#3335,.T.);
#3335 = LINE('',#3336,#3337);
#3336 = CARTESIAN_POINT('',(-6.,82.2,74.8));
#3337 = VECTOR('',#3338,1.);
#3338 = DIRECTION('',(0.,-1.,0.));
#3339 = ORIENTED_EDGE('',*,*,#1265,.F.);
#3340 = ORIENTED_EDGE('',*,*,#3341,.T.);
#3341 = EDGE_CURVE('',#1266,#2137,#3342,.T.);
#3342 = LINE('',#3343,#3344);
#3343 = CARTESIAN_POINT('',(-6.,82.2,75.2));
#3344 = VECTOR('',#3345,1.);
#3345 = DIRECTION('',(0.,-1.,0.));
#3346 = ORIENTED_EDGE('',*,*,#2136,.T.);
#3347 = PLANE('',#3348);
#3348 = AXIS2_PLACEMENT_3D('',#3349,#3350,#3351);
#3349 = CARTESIAN_POINT('',(-6.,82.2,74.8));
#3350 = DIRECTION('',(1.,0.,0.));
#3351 = DIRECTION('',(0.,-1.,0.));
#3352 = ADVANCED_FACE('',(#3353),#3364,.F.);
#3353 = FACE_BOUND('',#3354,.F.);
#3354 = EDGE_LOOP('',(#3355,#3356,#3362,#3363));
#3355 = ORIENTED_EDGE('',*,*,#2197,.F.);
#3356 = ORIENTED_EDGE('',*,*,#3357,.F.);
#3357 = EDGE_CURVE('',#1319,#2190,#3358,.T.);
#3358 = LINE('',#3359,#3360);
#3359 = CARTESIAN_POINT('',(-4.5,82.2,76.7));
#3360 = VECTOR('',#3361,1.);
#3361 = DIRECTION('',(0.,-1.,0.));
#3362 = ORIENTED_EDGE('',*,*,#1326,.T.);
#3363 = ORIENTED_EDGE('',*,*,#3341,.T.);
#3364 = CYLINDRICAL_SURFACE('',#3365,1.5);
#3365 = AXIS2_PLACEMENT_3D('',#3366,#3367,#3368);
#3366 = CARTESIAN_POINT('',(-4.5,82.2,75.2));
#3367 = DIRECTION('',(0.,-1.,0.));
#3368 = DIRECTION('',(1.,0.,0.));
#3369 = ADVANCED_FACE('',(#3370),#3381,.F.);
#3370 = FACE_BOUND('',#3371,.F.);
#3371 = EDGE_LOOP('',(#3372,#3373,#3374,#3375));
#3372 = ORIENTED_EDGE('',*,*,#2146,.F.);
#3373 = ORIENTED_EDGE('',*,*,#3334,.F.);
#3374 = ORIENTED_EDGE('',*,*,#1275,.T.);
#3375 = ORIENTED_EDGE('',*,*,#3376,.T.);
#3376 = EDGE_CURVE('',#1276,#2147,#3377,.T.);
#3377 = LINE('',#3378,#3379);
#3378 = CARTESIAN_POINT('',(-4.5,82.2,73.3));
#3379 = VECTOR('',#3380,1.);
#3380 = DIRECTION('',(0.,-1.,0.));
#3381 = CYLINDRICAL_SURFACE('',#3382,1.5);
#3382 = AXIS2_PLACEMENT_3D('',#3383,#3384,#3385);
#3383 = CARTESIAN_POINT('',(-4.5,82.2,74.8));
#3384 = DIRECTION('',(0.,-1.,0.));
#3385 = DIRECTION('',(1.,0.,0.));
#3386 = ADVANCED_FACE('',(#3387),#3398,.F.);
#3387 = FACE_BOUND('',#3388,.F.);
#3388 = EDGE_LOOP('',(#3389,#3390,#3391,#3392));
#3389 = ORIENTED_EDGE('',*,*,#1318,.F.);
#3390 = ORIENTED_EDGE('',*,*,#3357,.T.);
#3391 = ORIENTED_EDGE('',*,*,#2189,.T.);
#3392 = ORIENTED_EDGE('',*,*,#3393,.F.);
#3393 = EDGE_CURVE('',#1310,#2181,#3394,.T.);
#3394 = LINE('',#3395,#3396);
#3395 = CARTESIAN_POINT('',(60.5,82.2,76.7));
#3396 = VECTOR('',#3397,1.);
#3397 = DIRECTION('',(0.,-1.,0.));
#3398 = PLANE('',#3399);
#3399 = AXIS2_PLACEMENT_3D('',#3400,#3401,#3402);
#3400 = CARTESIAN_POINT('',(-4.5,82.2,76.7));
#3401 = DIRECTION('',(0.,0.,1.));
#3402 = DIRECTION('',(0.,-1.,0.));
#3403 = ADVANCED_FACE('',(#3404),#3415,.T.);
#3404 = FACE_BOUND('',#3405,.T.);
#3405 = EDGE_LOOP('',(#3406,#3407,#3408,#3409));
#3406 = ORIENTED_EDGE('',*,*,#1284,.F.);
#3407 = ORIENTED_EDGE('',*,*,#3376,.T.);
#3408 = ORIENTED_EDGE('',*,*,#2155,.T.);
#3409 = ORIENTED_EDGE('',*,*,#3410,.F.);
#3410 = EDGE_CURVE('',#1285,#2156,#3411,.T.);
#3411 = LINE('',#3412,#3413);
#3412 = CARTESIAN_POINT('',(60.5,82.2,73.3));
#3413 = VECTOR('',#3414,1.);
#3414 = DIRECTION('',(0.,-1.,0.));
#3415 = PLANE('',#3416);
#3416 = AXIS2_PLACEMENT_3D('',#3417,#3418,#3419);
#3417 = CARTESIAN_POINT('',(-4.5,82.2,73.3));
#3418 = DIRECTION('',(0.,0.,1.));
#3419 = DIRECTION('',(0.,-1.,0.));
#3420 = ADVANCED_FACE('',(#3421),#3432,.F.);
#3421 = FACE_BOUND('',#3422,.F.);
#3422 = EDGE_LOOP('',(#3423,#3424,#3430,#3431));
#3423 = ORIENTED_EDGE('',*,*,#2180,.F.);
#3424 = ORIENTED_EDGE('',*,*,#3425,.F.);
#3425 = EDGE_CURVE('',#1302,#2173,#3426,.T.);
#3426 = LINE('',#3427,#3428);
#3427 = CARTESIAN_POINT('',(62.,82.2,75.2));
#3428 = VECTOR('',#3429,1.);
#3429 = DIRECTION('',(0.,-1.,0.));
#3430 = ORIENTED_EDGE('',*,*,#1309,.T.);
#3431 = ORIENTED_EDGE('',*,*,#3393,.T.);
#3432 = CYLINDRICAL_SURFACE('',#3433,1.5);
#3433 = AXIS2_PLACEMENT_3D('',#3434,#3435,#3436);
#3434 = CARTESIAN_POINT('',(60.5,82.2,75.2));
#3435 = DIRECTION('',(0.,-1.,0.));
#3436 = DIRECTION('',(1.,0.,0.));
#3437 = ADVANCED_FACE('',(#3438),#3449,.F.);
#3438 = FACE_BOUND('',#3439,.F.);
#3439 = EDGE_LOOP('',(#3440,#3441,#3442,#3443));
#3440 = ORIENTED_EDGE('',*,*,#2163,.F.);
#3441 = ORIENTED_EDGE('',*,*,#3410,.F.);
#3442 = ORIENTED_EDGE('',*,*,#1292,.T.);
#3443 = ORIENTED_EDGE('',*,*,#3444,.T.);
#3444 = EDGE_CURVE('',#1293,#2164,#3445,.T.);
#3445 = LINE('',#3446,#3447);
#3446 = CARTESIAN_POINT('',(62.,82.2,74.8));
#3447 = VECTOR('',#3448,1.);
#3448 = DIRECTION('',(0.,-1.,0.));
#3449 = CYLINDRICAL_SURFACE('',#3450,1.5);
#3450 = AXIS2_PLACEMENT_3D('',#3451,#3452,#3453);
#3451 = CARTESIAN_POINT('',(60.5,82.2,74.8));
#3452 = DIRECTION('',(0.,-1.,0.));
#3453 = DIRECTION('',(1.,0.,0.));
#3454 = ADVANCED_FACE('',(#3455),#3461,.F.);
#3455 = FACE_BOUND('',#3456,.F.);
#3456 = EDGE_LOOP('',(#3457,#3458,#3459,#3460));
#3457 = ORIENTED_EDGE('',*,*,#3444,.F.);
#3458 = ORIENTED_EDGE('',*,*,#1301,.F.);
#3459 = ORIENTED_EDGE('',*,*,#3425,.T.);
#3460 = ORIENTED_EDGE('',*,*,#2172,.T.);
#3461 = PLANE('',#3462);
#3462 = AXIS2_PLACEMENT_3D('',#3463,#3464,#3465);
#3463 = CARTESIAN_POINT('',(62.,82.2,74.8));
#3464 = DIRECTION('',(1.,0.,0.));
#3465 = DIRECTION('',(0.,-1.,0.));
#3466 = ADVANCED_FACE('',(#3467),#3479,.T.);
#3467 = FACE_BOUND('',#3468,.F.);
#3468 = EDGE_LOOP('',(#3469,#3470,#3471,#3472));
#3469 = ORIENTED_EDGE('',*,*,#1376,.F.);
#3470 = ORIENTED_EDGE('',*,*,#1484,.T.);
#3471 = ORIENTED_EDGE('',*,*,#1553,.T.);
#3472 = ORIENTED_EDGE('',*,*,#3473,.F.);
#3473 = EDGE_CURVE('',#1377,#1546,#3474,.T.);
#3474 = CIRCLE('',#3475,5.);
#3475 = AXIS2_PLACEMENT_3D('',#3476,#3477,#3478);
#3476 = CARTESIAN_POINT('',(112.,-77.,95.));
#3477 = DIRECTION('',(0.,0.,-1.));
#3478 = DIRECTION('',(1.,0.,0.));
#3479 = CYLINDRICAL_SURFACE('',#3480,5.);
#3480 = AXIS2_PLACEMENT_3D('',#3481,#3482,#3483);
#3481 = CARTESIAN_POINT('',(112.,-77.,-55.));
#3482 = DIRECTION('',(0.,0.,1.));
#3483 = DIRECTION('',(1.,0.,0.));
#3484 = ADVANCED_FACE('',(#3485),#3541,.T.);
#3485 = FACE_BOUND('',#3486,.F.);
#3486 = EDGE_LOOP('',(#3487,#3496,#3502,#3509,#3510,#3522,#3530,#3540));
#3487 = ORIENTED_EDGE('',*,*,#3488,.F.);
#3488 = EDGE_CURVE('',#3489,#1377,#3491,.T.);
#3489 = VERTEX_POINT('',#3490);
#3490 = CARTESIAN_POINT('',(112.,-77.,100.));
#3491 = CIRCLE('',#3492,5.);
#3492 = AXIS2_PLACEMENT_3D('',#3493,#3494,#3495);
#3493 = CARTESIAN_POINT('',(112.,-77.,95.));
#3494 = DIRECTION('',(-0.,1.,0.));
#3495 = DIRECTION('',(1.,0.,0.));
#3496 = ORIENTED_EDGE('',*,*,#3497,.T.);
#3497 = EDGE_CURVE('',#3489,#2933,#3498,.T.);
#3498 = LINE('',#3499,#3500);
#3499 = CARTESIAN_POINT('',(112.,-82.,100.));
#3500 = VECTOR('',#3501,1.);
#3501 = DIRECTION('',(0.,1.,0.));
#3502 = ORIENTED_EDGE('',*,*,#3503,.F.);
#3503 = EDGE_CURVE('',#1386,#2933,#3504,.T.);
#3504 = CIRCLE('',#3505,5.);
#3505 = AXIS2_PLACEMENT_3D('',#3506,#3507,#3508);
#3506 = CARTESIAN_POINT('',(112.,77.,95.));
#3507 = DIRECTION('',(0.,-1.,0.));
#3508 = DIRECTION('',(1.,0.,0.));
#3509 = ORIENTED_EDGE('',*,*,#1393,.F.);
#3510 = ORIENTED_EDGE('',*,*,#3511,.T.);
#3511 = EDGE_CURVE('',#1394,#3512,#3514,.T.);
#3512 = VERTEX_POINT('',#3513);
#3513 = CARTESIAN_POINT('',(116.99599839871,70.,95.2));
#3514 = B_SPLINE_CURVE_WITH_KNOTS('',6,(#3515,#3516,#3517,#3518,#3519,
    #3520,#3521),.UNSPECIFIED.,.F.,.F.,(7,7),(0.,1.),
  .PIECEWISE_BEZIER_KNOTS.);
#3515 = CARTESIAN_POINT('',(117.,71.280624847487,95.));
#3516 = CARTESIAN_POINT('',(117.,71.070989376073,95.067116098402));
#3517 = CARTESIAN_POINT('',(116.99891894024,70.858993166624,
    95.120452534065));
#3518 = CARTESIAN_POINT('',(116.99758890383,70.645327561842,
    95.160271560718));
#3519 = CARTESIAN_POINT('',(116.99652854984,70.430583742564,
    95.1867561488));
#3520 = CARTESIAN_POINT('',(116.99599839871,70.215298519814,95.2));
#3521 = CARTESIAN_POINT('',(116.99599839871,70.,95.2));
#3522 = ORIENTED_EDGE('',*,*,#3523,.F.);
#3523 = EDGE_CURVE('',#3524,#3512,#3526,.T.);
#3524 = VERTEX_POINT('',#3525);
#3525 = CARTESIAN_POINT('',(116.99599839871,-70.,95.2));
#3526 = LINE('',#3527,#3528);
#3527 = CARTESIAN_POINT('',(116.99599839871,-82.,95.2));
#3528 = VECTOR('',#3529,1.);
#3529 = DIRECTION('',(0.,1.,0.));
#3530 = ORIENTED_EDGE('',*,*,#3531,.T.);
#3531 = EDGE_CURVE('',#3524,#1453,#3532,.T.);
#3532 = B_SPLINE_CURVE_WITH_KNOTS('',6,(#3533,#3534,#3535,#3536,#3537,
    #3538,#3539),.UNSPECIFIED.,.F.,.F.,(7,7),(0.,1.),
  .PIECEWISE_BEZIER_KNOTS.);
#3533 = CARTESIAN_POINT('',(116.99599839871,-70.,95.2));
#3534 = CARTESIAN_POINT('',(116.99599839871,-70.21529851967,95.2));
#3535 = CARTESIAN_POINT('',(116.99652854984,-70.4305837428,
    95.186756148816));
#3536 = CARTESIAN_POINT('',(116.99758890383,-70.64532756222,
    95.160271560653));
#3537 = CARTESIAN_POINT('',(116.99891894024,-70.8589931667,
    95.120452533993));
#3538 = CARTESIAN_POINT('',(117.,-71.07098937573,95.067116098512));
#3539 = CARTESIAN_POINT('',(117.,-71.28062484748,95.));
#3540 = ORIENTED_EDGE('',*,*,#1461,.F.);
#3541 = CYLINDRICAL_SURFACE('',#3542,5.);
#3542 = AXIS2_PLACEMENT_3D('',#3543,#3544,#3545);
#3543 = CARTESIAN_POINT('',(112.,-82.,95.));
#3544 = DIRECTION('',(0.,1.,0.));
#3545 = DIRECTION('',(1.,0.,0.));
#3546 = ADVANCED_FACE('',(#3547),#3574,.F.);
#3547 = FACE_BOUND('',#3548,.F.);
#3548 = EDGE_LOOP('',(#3549,#3550,#3558,#3567,#3573));
#3549 = ORIENTED_EDGE('',*,*,#3531,.F.);
#3550 = ORIENTED_EDGE('',*,*,#3551,.F.);
#3551 = EDGE_CURVE('',#3552,#3524,#3554,.T.);
#3552 = VERTEX_POINT('',#3553);
#3553 = CARTESIAN_POINT('',(114.,-70.,95.2));
#3554 = LINE('',#3555,#3556);
#3555 = CARTESIAN_POINT('',(114.,-70.,95.2));
#3556 = VECTOR('',#3557,1.);
#3557 = DIRECTION('',(1.,0.,0.));
#3558 = ORIENTED_EDGE('',*,*,#3559,.T.);
#3559 = EDGE_CURVE('',#3552,#3560,#3562,.T.);
#3560 = VERTEX_POINT('',#3561);
#3561 = CARTESIAN_POINT('',(114.,-74.2,91.));
#3562 = CIRCLE('',#3563,4.2);
#3563 = AXIS2_PLACEMENT_3D('',#3564,#3565,#3566);
#3564 = CARTESIAN_POINT('',(114.,-70.,91.));
#3565 = DIRECTION('',(1.,-0.,0.));
#3566 = DIRECTION('',(0.,0.,-1.));
#3567 = ORIENTED_EDGE('',*,*,#3568,.T.);
#3568 = EDGE_CURVE('',#3560,#1445,#3569,.T.);
#3569 = LINE('',#3570,#3571);
#3570 = CARTESIAN_POINT('',(114.,-74.2,91.));
#3571 = VECTOR('',#3572,1.);
#3572 = DIRECTION('',(1.,0.,0.));
#3573 = ORIENTED_EDGE('',*,*,#1452,.F.);
#3574 = CYLINDRICAL_SURFACE('',#3575,4.2);
#3575 = AXIS2_PLACEMENT_3D('',#3576,#3577,#3578);
#3576 = CARTESIAN_POINT('',(114.,-70.,91.));
#3577 = DIRECTION('',(1.,0.,0.));
#3578 = DIRECTION('',(0.,0.,-1.));
#3579 = ADVANCED_FACE('',(#3580),#3598,.T.);
#3580 = FACE_BOUND('',#3581,.T.);
#3581 = EDGE_LOOP('',(#3582,#3590,#3591,#3592));
#3582 = ORIENTED_EDGE('',*,*,#3583,.F.);
#3583 = EDGE_CURVE('',#3560,#3584,#3586,.T.);
#3584 = VERTEX_POINT('',#3585);
#3585 = CARTESIAN_POINT('',(114.,-74.2,-45.));
#3586 = LINE('',#3587,#3588);
#3587 = CARTESIAN_POINT('',(114.,-74.2,91.));
#3588 = VECTOR('',#3589,1.);
#3589 = DIRECTION('',(0.,0.,-1.));
#3590 = ORIENTED_EDGE('',*,*,#3568,.T.);
#3591 = ORIENTED_EDGE('',*,*,#1444,.F.);
#3592 = ORIENTED_EDGE('',*,*,#3593,.F.);
#3593 = EDGE_CURVE('',#3584,#1436,#3594,.T.);
#3594 = LINE('',#3595,#3596);
#3595 = CARTESIAN_POINT('',(114.,-74.2,-45.));
#3596 = VECTOR('',#3597,1.);
#3597 = DIRECTION('',(1.,0.,0.));
#3598 = PLANE('',#3599);
#3599 = AXIS2_PLACEMENT_3D('',#3600,#3601,#3602);
#3600 = CARTESIAN_POINT('',(114.,-74.2,91.));
#3601 = DIRECTION('',(0.,1.,0.));
#3602 = DIRECTION('',(1.,0.,0.));
#3603 = ADVANCED_FACE('',(#3604),#3623,.F.);
#3604 = FACE_BOUND('',#3605,.F.);
#3605 = EDGE_LOOP('',(#3606,#3615,#3621,#3622));
#3606 = ORIENTED_EDGE('',*,*,#3607,.T.);
#3607 = EDGE_CURVE('',#3584,#3608,#3610,.T.);
#3608 = VERTEX_POINT('',#3609);
#3609 = CARTESIAN_POINT('',(114.,-70.,-49.2));
#3610 = CIRCLE('',#3611,4.2);
#3611 = AXIS2_PLACEMENT_3D('',#3612,#3613,#3614);
#3612 = CARTESIAN_POINT('',(114.,-70.,-45.));
#3613 = DIRECTION('',(1.,-0.,0.));
#3614 = DIRECTION('',(0.,0.,-1.));
#3615 = ORIENTED_EDGE('',*,*,#3616,.T.);
#3616 = EDGE_CURVE('',#3608,#1428,#3617,.T.);
#3617 = LINE('',#3618,#3619);
#3618 = CARTESIAN_POINT('',(114.,-70.,-49.2));
#3619 = VECTOR('',#3620,1.);
#3620 = DIRECTION('',(1.,0.,0.));
#3621 = ORIENTED_EDGE('',*,*,#1435,.F.);
#3622 = ORIENTED_EDGE('',*,*,#3593,.F.);
#3623 = CYLINDRICAL_SURFACE('',#3624,4.2);
#3624 = AXIS2_PLACEMENT_3D('',#3625,#3626,#3627);
#3625 = CARTESIAN_POINT('',(114.,-70.,-45.));
#3626 = DIRECTION('',(1.,0.,0.));
#3627 = DIRECTION('',(0.,0.,-1.));
#3628 = ADVANCED_FACE('',(#3629),#3647,.F.);
#3629 = FACE_BOUND('',#3630,.F.);
#3630 = EDGE_LOOP('',(#3631,#3632,#3640,#3646));
#3631 = ORIENTED_EDGE('',*,*,#3616,.F.);
#3632 = ORIENTED_EDGE('',*,*,#3633,.T.);
#3633 = EDGE_CURVE('',#3608,#3634,#3636,.T.);
#3634 = VERTEX_POINT('',#3635);
#3635 = CARTESIAN_POINT('',(114.,70.,-49.2));
#3636 = LINE('',#3637,#3638);
#3637 = CARTESIAN_POINT('',(114.,-70.,-49.2));
#3638 = VECTOR('',#3639,1.);
#3639 = DIRECTION('',(0.,1.,0.));
#3640 = ORIENTED_EDGE('',*,*,#3641,.T.);
#3641 = EDGE_CURVE('',#3634,#1419,#3642,.T.);
#3642 = LINE('',#3643,#3644);
#3643 = CARTESIAN_POINT('',(114.,70.,-49.2));
#3644 = VECTOR('',#3645,1.);
#3645 = DIRECTION('',(1.,0.,0.));
#3646 = ORIENTED_EDGE('',*,*,#1427,.F.);
#3647 = PLANE('',#3648);
#3648 = AXIS2_PLACEMENT_3D('',#3649,#3650,#3651);
#3649 = CARTESIAN_POINT('',(114.,-70.,-49.2));
#3650 = DIRECTION('',(0.,0.,-1.));
#3651 = DIRECTION('',(1.,0.,0.));
#3652 = ADVANCED_FACE('',(#3653),#3672,.F.);
#3653 = FACE_BOUND('',#3654,.F.);
#3654 = EDGE_LOOP('',(#3655,#3656,#3657,#3666));
#3655 = ORIENTED_EDGE('',*,*,#1418,.F.);
#3656 = ORIENTED_EDGE('',*,*,#3641,.F.);
#3657 = ORIENTED_EDGE('',*,*,#3658,.T.);
#3658 = EDGE_CURVE('',#3634,#3659,#3661,.T.);
#3659 = VERTEX_POINT('',#3660);
#3660 = CARTESIAN_POINT('',(114.,74.2,-45.));
#3661 = CIRCLE('',#3662,4.2);
#3662 = AXIS2_PLACEMENT_3D('',#3663,#3664,#3665);
#3663 = CARTESIAN_POINT('',(114.,70.,-45.));
#3664 = DIRECTION('',(1.,-0.,0.));
#3665 = DIRECTION('',(0.,0.,-1.));
#3666 = ORIENTED_EDGE('',*,*,#3667,.T.);
#3667 = EDGE_CURVE('',#3659,#1411,#3668,.T.);
#3668 = LINE('',#3669,#3670);
#3669 = CARTESIAN_POINT('',(114.,74.2,-45.));
#3670 = VECTOR('',#3671,1.);
#3671 = DIRECTION('',(1.,0.,0.));
#3672 = CYLINDRICAL_SURFACE('',#3673,4.2);
#3673 = AXIS2_PLACEMENT_3D('',#3674,#3675,#3676);
#3674 = CARTESIAN_POINT('',(114.,70.,-45.));
#3675 = DIRECTION('',(1.,0.,0.));
#3676 = DIRECTION('',(0.,0.,-1.));
#3677 = ADVANCED_FACE('',(#3678),#3696,.F.);
#3678 = FACE_BOUND('',#3679,.F.);
#3679 = EDGE_LOOP('',(#3680,#3688,#3694,#3695));
#3680 = ORIENTED_EDGE('',*,*,#3681,.F.);
#3681 = EDGE_CURVE('',#3682,#3659,#3684,.T.);
#3682 = VERTEX_POINT('',#3683);
#3683 = CARTESIAN_POINT('',(114.,74.2,91.));
#3684 = LINE('',#3685,#3686);
#3685 = CARTESIAN_POINT('',(114.,74.2,91.));
#3686 = VECTOR('',#3687,1.);
#3687 = DIRECTION('',(0.,0.,-1.));
#3688 = ORIENTED_EDGE('',*,*,#3689,.T.);
#3689 = EDGE_CURVE('',#3682,#1402,#3690,.T.);
#3690 = LINE('',#3691,#3692);
#3691 = CARTESIAN_POINT('',(114.,74.2,91.));
#3692 = VECTOR('',#3693,1.);
#3693 = DIRECTION('',(1.,0.,0.));
#3694 = ORIENTED_EDGE('',*,*,#1410,.F.);
#3695 = ORIENTED_EDGE('',*,*,#3667,.F.);
#3696 = PLANE('',#3697);
#3697 = AXIS2_PLACEMENT_3D('',#3698,#3699,#3700);
#3698 = CARTESIAN_POINT('',(114.,74.2,91.));
#3699 = DIRECTION('',(0.,1.,0.));
#3700 = DIRECTION('',(1.,0.,0.));
#3701 = ADVANCED_FACE('',(#3702),#3722,.F.);
#3702 = FACE_BOUND('',#3703,.F.);
#3703 = EDGE_LOOP('',(#3704,#3705,#3706,#3715,#3721));
#3704 = ORIENTED_EDGE('',*,*,#1401,.F.);
#3705 = ORIENTED_EDGE('',*,*,#3689,.F.);
#3706 = ORIENTED_EDGE('',*,*,#3707,.T.);
#3707 = EDGE_CURVE('',#3682,#3708,#3710,.T.);
#3708 = VERTEX_POINT('',#3709);
#3709 = CARTESIAN_POINT('',(114.,70.,95.2));
#3710 = CIRCLE('',#3711,4.2);
#3711 = AXIS2_PLACEMENT_3D('',#3712,#3713,#3714);
#3712 = CARTESIAN_POINT('',(114.,70.,91.));
#3713 = DIRECTION('',(1.,-0.,0.));
#3714 = DIRECTION('',(0.,0.,-1.));
#3715 = ORIENTED_EDGE('',*,*,#3716,.T.);
#3716 = EDGE_CURVE('',#3708,#3512,#3717,.T.);
#3717 = LINE('',#3718,#3719);
#3718 = CARTESIAN_POINT('',(114.,70.,95.2));
#3719 = VECTOR('',#3720,1.);
#3720 = DIRECTION('',(1.,0.,0.));
#3721 = ORIENTED_EDGE('',*,*,#3511,.F.);
#3722 = CYLINDRICAL_SURFACE('',#3723,4.2);
#3723 = AXIS2_PLACEMENT_3D('',#3724,#3725,#3726);
#3724 = CARTESIAN_POINT('',(114.,70.,91.));
#3725 = DIRECTION('',(1.,0.,0.));
#3726 = DIRECTION('',(0.,0.,-1.));
#3727 = ADVANCED_FACE('',(#3728),#3745,.T.);
#3728 = FACE_BOUND('',#3729,.F.);
#3729 = EDGE_LOOP('',(#3730,#3731,#3737,#3744));
#3730 = ORIENTED_EDGE('',*,*,#2963,.F.);
#3731 = ORIENTED_EDGE('',*,*,#3732,.T.);
#3732 = EDGE_CURVE('',#2956,#3489,#3733,.T.);
#3733 = LINE('',#3734,#3735);
#3734 = CARTESIAN_POINT('',(-94.,-77.,100.));
#3735 = VECTOR('',#3736,1.);
#3736 = DIRECTION('',(1.,0.,0.));
#3737 = ORIENTED_EDGE('',*,*,#3738,.T.);
#3738 = EDGE_CURVE('',#3489,#1546,#3739,.T.);
#3739 = CIRCLE('',#3740,5.);
#3740 = AXIS2_PLACEMENT_3D('',#3741,#3742,#3743);
#3741 = CARTESIAN_POINT('',(112.,-77.,95.));
#3742 = DIRECTION('',(1.,6.E-17,0.));
#3743 = DIRECTION('',(6.E-17,-1.,0.));
#3744 = ORIENTED_EDGE('',*,*,#1545,.F.);
#3745 = CYLINDRICAL_SURFACE('',#3746,5.);
#3746 = AXIS2_PLACEMENT_3D('',#3747,#3748,#3749);
#3747 = CARTESIAN_POINT('',(-94.,-77.,95.));
#3748 = DIRECTION('',(1.,0.,0.));
#3749 = DIRECTION('',(0.,-1.,0.));
#3750 = ADVANCED_FACE('',(#3751),#3770,.T.);
#3751 = FACE_BOUND('',#3752,.T.);
#3752 = EDGE_LOOP('',(#3753,#3761,#3768,#3769));
#3753 = ORIENTED_EDGE('',*,*,#3754,.T.);
#3754 = EDGE_CURVE('',#1562,#3755,#3757,.T.);
#3755 = VERTEX_POINT('',#3756);
#3756 = CARTESIAN_POINT('',(45.,-86.,27.));
#3757 = LINE('',#3758,#3759);
#3758 = CARTESIAN_POINT('',(45.,-75.,27.));
#3759 = VECTOR('',#3760,1.);
#3760 = DIRECTION('',(0.,-1.,0.));
#3761 = ORIENTED_EDGE('',*,*,#3762,.F.);
#3762 = EDGE_CURVE('',#3755,#3755,#3763,.T.);
#3763 = CIRCLE('',#3764,8.);
#3764 = AXIS2_PLACEMENT_3D('',#3765,#3766,#3767);
#3765 = CARTESIAN_POINT('',(45.,-86.,35.));
#3766 = DIRECTION('',(0.,-1.,0.));
#3767 = DIRECTION('',(0.,0.,-1.));
#3768 = ORIENTED_EDGE('',*,*,#3754,.F.);
#3769 = ORIENTED_EDGE('',*,*,#1561,.T.);
#3770 = CYLINDRICAL_SURFACE('',#3771,8.);
#3771 = AXIS2_PLACEMENT_3D('',#3772,#3773,#3774);
#3772 = CARTESIAN_POINT('',(45.,-75.,35.));
#3773 = DIRECTION('',(0.,-1.,0.));
#3774 = DIRECTION('',(0.,0.,-1.));
#3775 = ADVANCED_FACE('',(#3776),#3792,.T.);
#3776 = FACE_BOUND('',#3777,.T.);
#3777 = EDGE_LOOP('',(#3778,#3784,#3785,#3791));
#3778 = ORIENTED_EDGE('',*,*,#3779,.F.);
#3779 = EDGE_CURVE('',#2529,#1575,#3780,.T.);
#3780 = LINE('',#3781,#3782);
#3781 = CARTESIAN_POINT('',(-6.,-78.8,56.8));
#3782 = VECTOR('',#3783,1.);
#3783 = DIRECTION('',(0.,-1.,0.));
#3784 = ORIENTED_EDGE('',*,*,#2526,.F.);
#3785 = ORIENTED_EDGE('',*,*,#3786,.T.);
#3786 = EDGE_CURVE('',#2527,#1573,#3787,.T.);
#3787 = LINE('',#3788,#3789);
#3788 = CARTESIAN_POINT('',(-6.,-78.8,57.2));
#3789 = VECTOR('',#3790,1.);
#3790 = DIRECTION('',(0.,-1.,0.));
#3791 = ORIENTED_EDGE('',*,*,#1572,.T.);
#3792 = PLANE('',#3793);
#3793 = AXIS2_PLACEMENT_3D('',#3794,#3795,#3796);
#3794 = CARTESIAN_POINT('',(-6.,-78.8,56.8));
#3795 = DIRECTION('',(1.,0.,0.));
#3796 = DIRECTION('',(0.,-1.,0.));
#3797 = ADVANCED_FACE('',(#3798),#3809,.F.);
#3798 = FACE_BOUND('',#3799,.F.);
#3799 = EDGE_LOOP('',(#3800,#3801,#3807,#3808));
#3800 = ORIENTED_EDGE('',*,*,#1633,.F.);
#3801 = ORIENTED_EDGE('',*,*,#3802,.F.);
#3802 = EDGE_CURVE('',#2580,#1626,#3803,.T.);
#3803 = LINE('',#3804,#3805);
#3804 = CARTESIAN_POINT('',(-4.5,-78.8,58.7));
#3805 = VECTOR('',#3806,1.);
#3806 = DIRECTION('',(0.,-1.,0.));
#3807 = ORIENTED_EDGE('',*,*,#2587,.T.);
#3808 = ORIENTED_EDGE('',*,*,#3786,.T.);
#3809 = CYLINDRICAL_SURFACE('',#3810,1.5);
#3810 = AXIS2_PLACEMENT_3D('',#3811,#3812,#3813);
#3811 = CARTESIAN_POINT('',(-4.5,-78.8,57.2));
#3812 = DIRECTION('',(0.,-1.,0.));
#3813 = DIRECTION('',(1.,0.,0.));
#3814 = ADVANCED_FACE('',(#3815),#3826,.F.);
#3815 = FACE_BOUND('',#3816,.F.);
#3816 = EDGE_LOOP('',(#3817,#3818,#3819,#3820));
#3817 = ORIENTED_EDGE('',*,*,#1582,.F.);
#3818 = ORIENTED_EDGE('',*,*,#3779,.F.);
#3819 = ORIENTED_EDGE('',*,*,#2536,.T.);
#3820 = ORIENTED_EDGE('',*,*,#3821,.T.);
#3821 = EDGE_CURVE('',#2537,#1583,#3822,.T.);
#3822 = LINE('',#3823,#3824);
#3823 = CARTESIAN_POINT('',(-4.5,-78.8,55.3));
#3824 = VECTOR('',#3825,1.);
#3825 = DIRECTION('',(0.,-1.,0.));
#3826 = CYLINDRICAL_SURFACE('',#3827,1.5);
#3827 = AXIS2_PLACEMENT_3D('',#3828,#3829,#3830);
#3828 = CARTESIAN_POINT('',(-4.5,-78.8,56.8));
#3829 = DIRECTION('',(0.,-1.,0.));
#3830 = DIRECTION('',(1.,0.,0.));
#3831 = ADVANCED_FACE('',(#3832),#3843,.F.);
#3832 = FACE_BOUND('',#3833,.F.);
#3833 = EDGE_LOOP('',(#3834,#3835,#3836,#3837));
#3834 = ORIENTED_EDGE('',*,*,#2579,.F.);
#3835 = ORIENTED_EDGE('',*,*,#3802,.T.);
#3836 = ORIENTED_EDGE('',*,*,#1625,.T.);
#3837 = ORIENTED_EDGE('',*,*,#3838,.F.);
#3838 = EDGE_CURVE('',#2571,#1617,#3839,.T.);
#3839 = LINE('',#3840,#3841);
#3840 = CARTESIAN_POINT('',(60.5,-78.8,58.7));
#3841 = VECTOR('',#3842,1.);
#3842 = DIRECTION('',(0.,-1.,0.));
#3843 = PLANE('',#3844);
#3844 = AXIS2_PLACEMENT_3D('',#3845,#3846,#3847);
#3845 = CARTESIAN_POINT('',(-4.5,-78.8,58.7));
#3846 = DIRECTION('',(0.,0.,1.));
#3847 = DIRECTION('',(0.,-1.,0.));
#3848 = ADVANCED_FACE('',(#3849),#3860,.T.);
#3849 = FACE_BOUND('',#3850,.T.);
#3850 = EDGE_LOOP('',(#3851,#3852,#3853,#3854));
#3851 = ORIENTED_EDGE('',*,*,#2545,.F.);
#3852 = ORIENTED_EDGE('',*,*,#3821,.T.);
#3853 = ORIENTED_EDGE('',*,*,#1591,.T.);
#3854 = ORIENTED_EDGE('',*,*,#3855,.F.);
#3855 = EDGE_CURVE('',#2546,#1592,#3856,.T.);
#3856 = LINE('',#3857,#3858);
#3857 = CARTESIAN_POINT('',(60.5,-78.8,55.3));
#3858 = VECTOR('',#3859,1.);
#3859 = DIRECTION('',(0.,-1.,0.));
#3860 = PLANE('',#3861);
#3861 = AXIS2_PLACEMENT_3D('',#3862,#3863,#3864);
#3862 = CARTESIAN_POINT('',(-4.5,-78.8,55.3));
#3863 = DIRECTION('',(0.,0.,1.));
#3864 = DIRECTION('',(0.,-1.,0.));
#3865 = ADVANCED_FACE('',(#3866),#3877,.F.);
#3866 = FACE_BOUND('',#3867,.F.);
#3867 = EDGE_LOOP('',(#3868,#3869,#3875,#3876));
#3868 = ORIENTED_EDGE('',*,*,#1616,.F.);
#3869 = ORIENTED_EDGE('',*,*,#3870,.F.);
#3870 = EDGE_CURVE('',#2563,#1609,#3871,.T.);
#3871 = LINE('',#3872,#3873);
#3872 = CARTESIAN_POINT('',(62.,-78.8,57.2));
#3873 = VECTOR('',#3874,1.);
#3874 = DIRECTION('',(0.,-1.,0.));
#3875 = ORIENTED_EDGE('',*,*,#2570,.T.);
#3876 = ORIENTED_EDGE('',*,*,#3838,.T.);
#3877 = CYLINDRICAL_SURFACE('',#3878,1.5);
#3878 = AXIS2_PLACEMENT_3D('',#3879,#3880,#3881);
#3879 = CARTESIAN_POINT('',(60.5,-78.8,57.2));
#3880 = DIRECTION('',(0.,-1.,0.));
#3881 = DIRECTION('',(1.,0.,0.));
#3882 = ADVANCED_FACE('',(#3883),#3894,.F.);
#3883 = FACE_BOUND('',#3884,.F.);
#3884 = EDGE_LOOP('',(#3885,#3886,#3887,#3888));
#3885 = ORIENTED_EDGE('',*,*,#1599,.F.);
#3886 = ORIENTED_EDGE('',*,*,#3855,.F.);
#3887 = ORIENTED_EDGE('',*,*,#2553,.T.);
#3888 = ORIENTED_EDGE('',*,*,#3889,.T.);
#3889 = EDGE_CURVE('',#2554,#1600,#3890,.T.);
#3890 = LINE('',#3891,#3892);
#3891 = CARTESIAN_POINT('',(62.,-78.8,56.8));
#3892 = VECTOR('',#3893,1.);
#3893 = DIRECTION('',(0.,-1.,0.));
#3894 = CYLINDRICAL_SURFACE('',#3895,1.5);
#3895 = AXIS2_PLACEMENT_3D('',#3896,#3897,#3898);
#3896 = CARTESIAN_POINT('',(60.5,-78.8,56.8));
#3897 = DIRECTION('',(0.,-1.,0.));
#3898 = DIRECTION('',(1.,0.,0.));
#3899 = ADVANCED_FACE('',(#3900),#3906,.F.);
#3900 = FACE_BOUND('',#3901,.F.);
#3901 = EDGE_LOOP('',(#3902,#3903,#3904,#3905));
#3902 = ORIENTED_EDGE('',*,*,#3889,.F.);
#3903 = ORIENTED_EDGE('',*,*,#2562,.F.);
#3904 = ORIENTED_EDGE('',*,*,#3870,.T.);
#3905 = ORIENTED_EDGE('',*,*,#1608,.T.);
#3906 = PLANE('',#3907);
#3907 = AXIS2_PLACEMENT_3D('',#3908,#3909,#3910);
#3908 = CARTESIAN_POINT('',(62.,-78.8,56.8));
#3909 = DIRECTION('',(1.,0.,0.));
#3910 = DIRECTION('',(0.,-1.,0.));
#3911 = ADVANCED_FACE('',(#3912),#3928,.T.);
#3912 = FACE_BOUND('',#3913,.T.);
#3913 = EDGE_LOOP('',(#3914,#3920,#3921,#3927));
#3914 = ORIENTED_EDGE('',*,*,#3915,.F.);
#3915 = EDGE_CURVE('',#2599,#1645,#3916,.T.);
#3916 = LINE('',#3917,#3918);
#3917 = CARTESIAN_POINT('',(-6.,-78.8,65.8));
#3918 = VECTOR('',#3919,1.);
#3919 = DIRECTION('',(0.,-1.,0.));
#3920 = ORIENTED_EDGE('',*,*,#2596,.F.);
#3921 = ORIENTED_EDGE('',*,*,#3922,.T.);
#3922 = EDGE_CURVE('',#2597,#1643,#3923,.T.);
#3923 = LINE('',#3924,#3925);
#3924 = CARTESIAN_POINT('',(-6.,-78.8,66.2));
#3925 = VECTOR('',#3926,1.);
#3926 = DIRECTION('',(0.,-1.,0.));
#3927 = ORIENTED_EDGE('',*,*,#1642,.T.);
#3928 = PLANE('',#3929);
#3929 = AXIS2_PLACEMENT_3D('',#3930,#3931,#3932);
#3930 = CARTESIAN_POINT('',(-6.,-78.8,65.8));
#3931 = DIRECTION('',(1.,0.,0.));
#3932 = DIRECTION('',(0.,-1.,0.));
#3933 = ADVANCED_FACE('',(#3934),#3945,.F.);
#3934 = FACE_BOUND('',#3935,.F.);
#3935 = EDGE_LOOP('',(#3936,#3937,#3943,#3944));
#3936 = ORIENTED_EDGE('',*,*,#1703,.F.);
#3937 = ORIENTED_EDGE('',*,*,#3938,.F.);
#3938 = EDGE_CURVE('',#2650,#1696,#3939,.T.);
#3939 = LINE('',#3940,#3941);
#3940 = CARTESIAN_POINT('',(-4.5,-78.8,67.7));
#3941 = VECTOR('',#3942,1.);
#3942 = DIRECTION('',(0.,-1.,0.));
#3943 = ORIENTED_EDGE('',*,*,#2657,.T.);
#3944 = ORIENTED_EDGE('',*,*,#3922,.T.);
#3945 = CYLINDRICAL_SURFACE('',#3946,1.5);
#3946 = AXIS2_PLACEMENT_3D('',#3947,#3948,#3949);
#3947 = CARTESIAN_POINT('',(-4.5,-78.8,66.2));
#3948 = DIRECTION('',(0.,-1.,0.));
#3949 = DIRECTION('',(1.,0.,0.));
#3950 = ADVANCED_FACE('',(#3951),#3962,.F.);
#3951 = FACE_BOUND('',#3952,.F.);
#3952 = EDGE_LOOP('',(#3953,#3954,#3955,#3956));
#3953 = ORIENTED_EDGE('',*,*,#1652,.F.);
#3954 = ORIENTED_EDGE('',*,*,#3915,.F.);
#3955 = ORIENTED_EDGE('',*,*,#2606,.T.);
#3956 = ORIENTED_EDGE('',*,*,#3957,.T.);
#3957 = EDGE_CURVE('',#2607,#1653,#3958,.T.);
#3958 = LINE('',#3959,#3960);
#3959 = CARTESIAN_POINT('',(-4.5,-78.8,64.3));
#3960 = VECTOR('',#3961,1.);
#3961 = DIRECTION('',(0.,-1.,0.));
#3962 = CYLINDRICAL_SURFACE('',#3963,1.5);
#3963 = AXIS2_PLACEMENT_3D('',#3964,#3965,#3966);
#3964 = CARTESIAN_POINT('',(-4.5,-78.8,65.8));
#3965 = DIRECTION('',(0.,-1.,0.));
#3966 = DIRECTION('',(1.,0.,0.));
#3967 = ADVANCED_FACE('',(#3968),#3979,.F.);
#3968 = FACE_BOUND('',#3969,.F.);
#3969 = EDGE_LOOP('',(#3970,#3971,#3972,#3973));
#3970 = ORIENTED_EDGE('',*,*,#2649,.F.);
#3971 = ORIENTED_EDGE('',*,*,#3938,.T.);
#3972 = ORIENTED_EDGE('',*,*,#1695,.T.);
#3973 = ORIENTED_EDGE('',*,*,#3974,.F.);
#3974 = EDGE_CURVE('',#2641,#1687,#3975,.T.);
#3975 = LINE('',#3976,#3977);
#3976 = CARTESIAN_POINT('',(60.5,-78.8,67.7));
#3977 = VECTOR('',#3978,1.);
#3978 = DIRECTION('',(0.,-1.,0.));
#3979 = PLANE('',#3980);
#3980 = AXIS2_PLACEMENT_3D('',#3981,#3982,#3983);
#3981 = CARTESIAN_POINT('',(-4.5,-78.8,67.7));
#3982 = DIRECTION('',(0.,0.,1.));
#3983 = DIRECTION('',(0.,-1.,0.));
#3984 = ADVANCED_FACE('',(#3985),#3996,.T.);
#3985 = FACE_BOUND('',#3986,.T.);
#3986 = EDGE_LOOP('',(#3987,#3988,#3989,#3990));
#3987 = ORIENTED_EDGE('',*,*,#2615,.F.);
#3988 = ORIENTED_EDGE('',*,*,#3957,.T.);
#3989 = ORIENTED_EDGE('',*,*,#1661,.T.);
#3990 = ORIENTED_EDGE('',*,*,#3991,.F.);
#3991 = EDGE_CURVE('',#2616,#1662,#3992,.T.);
#3992 = LINE('',#3993,#3994);
#3993 = CARTESIAN_POINT('',(60.5,-78.8,64.3));
#3994 = VECTOR('',#3995,1.);
#3995 = DIRECTION('',(0.,-1.,0.));
#3996 = PLANE('',#3997);
#3997 = AXIS2_PLACEMENT_3D('',#3998,#3999,#4000);
#3998 = CARTESIAN_POINT('',(-4.5,-78.8,64.3));
#3999 = DIRECTION('',(0.,0.,1.));
#4000 = DIRECTION('',(0.,-1.,0.));
#4001 = ADVANCED_FACE('',(#4002),#4013,.F.);
#4002 = FACE_BOUND('',#4003,.F.);
#4003 = EDGE_LOOP('',(#4004,#4005,#4011,#4012));
#4004 = ORIENTED_EDGE('',*,*,#1686,.F.);
#4005 = ORIENTED_EDGE('',*,*,#4006,.F.);
#4006 = EDGE_CURVE('',#2633,#1679,#4007,.T.);
#4007 = LINE('',#4008,#4009);
#4008 = CARTESIAN_POINT('',(62.,-78.8,66.2));
#4009 = VECTOR('',#4010,1.);
#4010 = DIRECTION('',(0.,-1.,0.));
#4011 = ORIENTED_EDGE('',*,*,#2640,.T.);
#4012 = ORIENTED_EDGE('',*,*,#3974,.T.);
#4013 = CYLINDRICAL_SURFACE('',#4014,1.5);
#4014 = AXIS2_PLACEMENT_3D('',#4015,#4016,#4017);
#4015 = CARTESIAN_POINT('',(60.5,-78.8,66.2));
#4016 = DIRECTION('',(0.,-1.,0.));
#4017 = DIRECTION('',(1.,0.,0.));
#4018 = ADVANCED_FACE('',(#4019),#4030,.F.);
#4019 = FACE_BOUND('',#4020,.F.);
#4020 = EDGE_LOOP('',(#4021,#4022,#4023,#4024));
#4021 = ORIENTED_EDGE('',*,*,#1669,.F.);
#4022 = ORIENTED_EDGE('',*,*,#3991,.F.);
#4023 = ORIENTED_EDGE('',*,*,#2623,.T.);
#4024 = ORIENTED_EDGE('',*,*,#4025,.T.);
#4025 = EDGE_CURVE('',#2624,#1670,#4026,.T.);
#4026 = LINE('',#4027,#4028);
#4027 = CARTESIAN_POINT('',(62.,-78.8,65.8));
#4028 = VECTOR('',#4029,1.);
#4029 = DIRECTION('',(0.,-1.,0.));
#4030 = CYLINDRICAL_SURFACE('',#4031,1.5);
#4031 = AXIS2_PLACEMENT_3D('',#4032,#4033,#4034);
#4032 = CARTESIAN_POINT('',(60.5,-78.8,65.8));
#4033 = DIRECTION('',(0.,-1.,0.));
#4034 = DIRECTION('',(1.,0.,0.));
#4035 = ADVANCED_FACE('',(#4036),#4042,.F.);
#4036 = FACE_BOUND('',#4037,.F.);
#4037 = EDGE_LOOP('',(#4038,#4039,#4040,#4041));
#4038 = ORIENTED_EDGE('',*,*,#4025,.F.);
#4039 = ORIENTED_EDGE('',*,*,#2632,.F.);
#4040 = ORIENTED_EDGE('',*,*,#4006,.T.);
#4041 = ORIENTED_EDGE('',*,*,#1678,.T.);
#4042 = PLANE('',#4043);
#4043 = AXIS2_PLACEMENT_3D('',#4044,#4045,#4046);
#4044 = CARTESIAN_POINT('',(62.,-78.8,65.8));
#4045 = DIRECTION('',(1.,0.,0.));
#4046 = DIRECTION('',(0.,-1.,0.));
#4047 = ADVANCED_FACE('',(#4048),#4064,.T.);
#4048 = FACE_BOUND('',#4049,.T.);
#4049 = EDGE_LOOP('',(#4050,#4056,#4057,#4063));
#4050 = ORIENTED_EDGE('',*,*,#4051,.F.);
#4051 = EDGE_CURVE('',#2669,#1715,#4052,.T.);
#4052 = LINE('',#4053,#4054);
#4053 = CARTESIAN_POINT('',(-6.,-78.8,74.8));
#4054 = VECTOR('',#4055,1.);
#4055 = DIRECTION('',(0.,-1.,0.));
#4056 = ORIENTED_EDGE('',*,*,#2666,.F.);
#4057 = ORIENTED_EDGE('',*,*,#4058,.T.);
#4058 = EDGE_CURVE('',#2667,#1713,#4059,.T.);
#4059 = LINE('',#4060,#4061);
#4060 = CARTESIAN_POINT('',(-6.,-78.8,75.2));
#4061 = VECTOR('',#4062,1.);
#4062 = DIRECTION('',(0.,-1.,0.));
#4063 = ORIENTED_EDGE('',*,*,#1712,.T.);
#4064 = PLANE('',#4065);
#4065 = AXIS2_PLACEMENT_3D('',#4066,#4067,#4068);
#4066 = CARTESIAN_POINT('',(-6.,-78.8,74.8));
#4067 = DIRECTION('',(1.,0.,0.));
#4068 = DIRECTION('',(0.,-1.,0.));
#4069 = ADVANCED_FACE('',(#4070),#4081,.F.);
#4070 = FACE_BOUND('',#4071,.F.);
#4071 = EDGE_LOOP('',(#4072,#4073,#4079,#4080));
#4072 = ORIENTED_EDGE('',*,*,#1773,.F.);
#4073 = ORIENTED_EDGE('',*,*,#4074,.F.);
#4074 = EDGE_CURVE('',#2720,#1766,#4075,.T.);
#4075 = LINE('',#4076,#4077);
#4076 = CARTESIAN_POINT('',(-4.5,-78.8,76.7));
#4077 = VECTOR('',#4078,1.);
#4078 = DIRECTION('',(0.,-1.,0.));
#4079 = ORIENTED_EDGE('',*,*,#2727,.T.);
#4080 = ORIENTED_EDGE('',*,*,#4058,.T.);
#4081 = CYLINDRICAL_SURFACE('',#4082,1.5);
#4082 = AXIS2_PLACEMENT_3D('',#4083,#4084,#4085);
#4083 = CARTESIAN_POINT('',(-4.5,-78.8,75.2));
#4084 = DIRECTION('',(0.,-1.,0.));
#4085 = DIRECTION('',(1.,0.,0.));
#4086 = ADVANCED_FACE('',(#4087),#4098,.F.);
#4087 = FACE_BOUND('',#4088,.F.);
#4088 = EDGE_LOOP('',(#4089,#4090,#4091,#4092));
#4089 = ORIENTED_EDGE('',*,*,#1722,.F.);
#4090 = ORIENTED_EDGE('',*,*,#4051,.F.);
#4091 = ORIENTED_EDGE('',*,*,#2676,.T.);
#4092 = ORIENTED_EDGE('',*,*,#4093,.T.);
#4093 = EDGE_CURVE('',#2677,#1723,#4094,.T.);
#4094 = LINE('',#4095,#4096);
#4095 = CARTESIAN_POINT('',(-4.5,-78.8,73.3));
#4096 = VECTOR('',#4097,1.);
#4097 = DIRECTION('',(0.,-1.,0.));
#4098 = CYLINDRICAL_SURFACE('',#4099,1.5);
#4099 = AXIS2_PLACEMENT_3D('',#4100,#4101,#4102);
#4100 = CARTESIAN_POINT('',(-4.5,-78.8,74.8));
#4101 = DIRECTION('',(0.,-1.,0.));
#4102 = DIRECTION('',(1.,0.,0.));
#4103 = ADVANCED_FACE('',(#4104),#4115,.F.);
#4104 = FACE_BOUND('',#4105,.F.);
#4105 = EDGE_LOOP('',(#4106,#4107,#4108,#4109));
#4106 = ORIENTED_EDGE('',*,*,#2719,.F.);
#4107 = ORIENTED_EDGE('',*,*,#4074,.T.);
#4108 = ORIENTED_EDGE('',*,*,#1765,.T.);
#4109 = ORIENTED_EDGE('',*,*,#4110,.F.);
#4110 = EDGE_CURVE('',#2711,#1757,#4111,.T.);
#4111 = LINE('',#4112,#4113);
#4112 = CARTESIAN_POINT('',(60.5,-78.8,76.7));
#4113 = VECTOR('',#4114,1.);
#4114 = DIRECTION('',(0.,-1.,0.));
#4115 = PLANE('',#4116);
#4116 = AXIS2_PLACEMENT_3D('',#4117,#4118,#4119);
#4117 = CARTESIAN_POINT('',(-4.5,-78.8,76.7));
#4118 = DIRECTION('',(0.,0.,1.));
#4119 = DIRECTION('',(0.,-1.,0.));
#4120 = ADVANCED_FACE('',(#4121),#4132,.T.);
#4121 = FACE_BOUND('',#4122,.T.);
#4122 = EDGE_LOOP('',(#4123,#4124,#4125,#4126));
#4123 = ORIENTED_EDGE('',*,*,#2685,.F.);
#4124 = ORIENTED_EDGE('',*,*,#4093,.T.);
#4125 = ORIENTED_EDGE('',*,*,#1731,.T.);
#4126 = ORIENTED_EDGE('',*,*,#4127,.F.);
#4127 = EDGE_CURVE('',#2686,#1732,#4128,.T.);
#4128 = LINE('',#4129,#4130);
#4129 = CARTESIAN_POINT('',(60.5,-78.8,73.3));
#4130 = VECTOR('',#4131,1.);
#4131 = DIRECTION('',(0.,-1.,0.));
#4132 = PLANE('',#4133);
#4133 = AXIS2_PLACEMENT_3D('',#4134,#4135,#4136);
#4134 = CARTESIAN_POINT('',(-4.5,-78.8,73.3));
#4135 = DIRECTION('',(0.,0.,1.));
#4136 = DIRECTION('',(0.,-1.,0.));
#4137 = ADVANCED_FACE('',(#4138),#4149,.F.);
#4138 = FACE_BOUND('',#4139,.F.);
#4139 = EDGE_LOOP('',(#4140,#4141,#4147,#4148));
#4140 = ORIENTED_EDGE('',*,*,#1756,.F.);
#4141 = ORIENTED_EDGE('',*,*,#4142,.F.);
#4142 = EDGE_CURVE('',#2703,#1749,#4143,.T.);
#4143 = LINE('',#4144,#4145);
#4144 = CARTESIAN_POINT('',(62.,-78.8,75.2));
#4145 = VECTOR('',#4146,1.);
#4146 = DIRECTION('',(0.,-1.,0.));
#4147 = ORIENTED_EDGE('',*,*,#2710,.T.);
#4148 = ORIENTED_EDGE('',*,*,#4110,.T.);
#4149 = CYLINDRICAL_SURFACE('',#4150,1.5);
#4150 = AXIS2_PLACEMENT_3D('',#4151,#4152,#4153);
#4151 = CARTESIAN_POINT('',(60.5,-78.8,75.2));
#4152 = DIRECTION('',(0.,-1.,0.));
#4153 = DIRECTION('',(1.,0.,0.));
#4154 = ADVANCED_FACE('',(#4155),#4166,.F.);
#4155 = FACE_BOUND('',#4156,.F.);
#4156 = EDGE_LOOP('',(#4157,#4158,#4159,#4160));
#4157 = ORIENTED_EDGE('',*,*,#1739,.F.);
#4158 = ORIENTED_EDGE('',*,*,#4127,.F.);
#4159 = ORIENTED_EDGE('',*,*,#2693,.T.);
#4160 = ORIENTED_EDGE('',*,*,#4161,.T.);
#4161 = EDGE_CURVE('',#2694,#1740,#4162,.T.);
#4162 = LINE('',#4163,#4164);
#4163 = CARTESIAN_POINT('',(62.,-78.8,74.8));
#4164 = VECTOR('',#4165,1.);
#4165 = DIRECTION('',(0.,-1.,0.));
#4166 = CYLINDRICAL_SURFACE('',#4167,1.5);
#4167 = AXIS2_PLACEMENT_3D('',#4168,#4169,#4170);
#4168 = CARTESIAN_POINT('',(60.5,-78.8,74.8));
#4169 = DIRECTION('',(0.,-1.,0.));
#4170 = DIRECTION('',(1.,0.,0.));
#4171 = ADVANCED_FACE('',(#4172),#4178,.F.);
#4172 = FACE_BOUND('',#4173,.F.);
#4173 = EDGE_LOOP('',(#4174,#4175,#4176,#4177));
#4174 = ORIENTED_EDGE('',*,*,#4161,.F.);
#4175 = ORIENTED_EDGE('',*,*,#2702,.F.);
#4176 = ORIENTED_EDGE('',*,*,#4142,.T.);
#4177 = ORIENTED_EDGE('',*,*,#1748,.T.);
#4178 = PLANE('',#4179);
#4179 = AXIS2_PLACEMENT_3D('',#4180,#4181,#4182);
#4180 = CARTESIAN_POINT('',(62.,-78.8,74.8));
#4181 = DIRECTION('',(1.,0.,0.));
#4182 = DIRECTION('',(0.,-1.,0.));
#4183 = ADVANCED_FACE('',(#4184),#4196,.F.);
#4184 = FACE_BOUND('',#4185,.T.);
#4185 = EDGE_LOOP('',(#4186,#4187,#4188,#4195));
#4186 = ORIENTED_EDGE('',*,*,#1928,.F.);
#4187 = ORIENTED_EDGE('',*,*,#1874,.T.);
#4188 = ORIENTED_EDGE('',*,*,#4189,.T.);
#4189 = EDGE_CURVE('',#1856,#1891,#4190,.T.);
#4190 = CIRCLE('',#4191,36.2);
#4191 = AXIS2_PLACEMENT_3D('',#4192,#4193,#4194);
#4192 = CARTESIAN_POINT('',(0.,-78.5,0.));
#4193 = DIRECTION('',(0.,-1.,0.));
#4194 = DIRECTION('',(0.,0.,-1.));
#4195 = ORIENTED_EDGE('',*,*,#1888,.F.);
#4196 = PLANE('',#4197);
#4197 = AXIS2_PLACEMENT_3D('',#4198,#4199,#4200);
#4198 = CARTESIAN_POINT('',(-2.17E-15,-78.5,-1.743E-14));
#4199 = DIRECTION('',(0.,-1.,-2.2E-16));
#4200 = DIRECTION('',(1.,0.,0.));
#4201 = ADVANCED_FACE('',(#4202),#4221,.F.);
#4202 = FACE_BOUND('',#4203,.F.);
#4203 = EDGE_LOOP('',(#4204,#4205,#4214,#4220));
#4204 = ORIENTED_EDGE('',*,*,#1980,.F.);
#4205 = ORIENTED_EDGE('',*,*,#4206,.T.);
#4206 = EDGE_CURVE('',#1973,#4207,#4209,.T.);
#4207 = VERTEX_POINT('',#4208);
#4208 = CARTESIAN_POINT('',(-19.5,77.,97.));
#4209 = CIRCLE('',#4210,2.);
#4210 = AXIS2_PLACEMENT_3D('',#4211,#4212,#4213);
#4211 = CARTESIAN_POINT('',(-19.5,77.,95.));
#4212 = DIRECTION('',(1.,0.,0.));
#4213 = DIRECTION('',(0.,1.,0.));
#4214 = ORIENTED_EDGE('',*,*,#4215,.T.);
#4215 = EDGE_CURVE('',#4207,#2310,#4216,.T.);
#4216 = LINE('',#4217,#4218);
#4217 = CARTESIAN_POINT('',(-91.,77.,97.));
#4218 = VECTOR('',#4219,1.);
#4219 = DIRECTION('',(1.,0.,0.));
#4220 = ORIENTED_EDGE('',*,*,#2317,.F.);
#4221 = CYLINDRICAL_SURFACE('',#4222,2.);
#4222 = AXIS2_PLACEMENT_3D('',#4223,#4224,#4225);
#4223 = CARTESIAN_POINT('',(-91.,77.,95.));
#4224 = DIRECTION('',(1.,0.,0.));
#4225 = DIRECTION('',(0.,1.,0.));
#4226 = ADVANCED_FACE('',(#4227),#4335,.T.);
#4227 = FACE_BOUND('',#4228,.T.);
#4228 = EDGE_LOOP('',(#4229,#4230,#4238,#4246,#4254,#4262,#4271,#4279,
    #4288,#4296,#4304,#4312,#4318,#4319,#4320,#4328));
#4229 = ORIENTED_EDGE('',*,*,#2509,.T.);
#4230 = ORIENTED_EDGE('',*,*,#4231,.F.);
#4231 = EDGE_CURVE('',#4232,#2501,#4234,.T.);
#4232 = VERTEX_POINT('',#4233);
#4233 = CARTESIAN_POINT('',(-19.5,-78.5,30.499016377582));
#4234 = LINE('',#4235,#4236);
#4235 = CARTESIAN_POINT('',(-19.5,-60.,30.499016377582));
#4236 = VECTOR('',#4237,1.);
#4237 = DIRECTION('',(0.,-1.,0.));
#4238 = ORIENTED_EDGE('',*,*,#4239,.T.);
#4239 = EDGE_CURVE('',#4232,#4240,#4242,.T.);
#4240 = VERTEX_POINT('',#4241);
#4241 = CARTESIAN_POINT('',(-19.5,-78.5,39.5));
#4242 = LINE('',#4243,#4244);
#4243 = CARTESIAN_POINT('',(-19.5,-78.5,-27.4));
#4244 = VECTOR('',#4245,1.);
#4245 = DIRECTION('',(0.,-1.1E-16,1.));
#4246 = ORIENTED_EDGE('',*,*,#4247,.T.);
#4247 = EDGE_CURVE('',#4240,#4248,#4250,.T.);
#4248 = VERTEX_POINT('',#4249);
#4249 = CARTESIAN_POINT('',(-19.5,-77.,39.5));
#4250 = LINE('',#4251,#4252);
#4251 = CARTESIAN_POINT('',(-19.5,-84.25,39.5));
#4252 = VECTOR('',#4253,1.);
#4253 = DIRECTION('',(0.,1.,1.1E-16));
#4254 = ORIENTED_EDGE('',*,*,#4255,.F.);
#4255 = EDGE_CURVE('',#4256,#4248,#4258,.T.);
#4256 = VERTEX_POINT('',#4257);
#4257 = CARTESIAN_POINT('',(-19.5,-77.,94.5));
#4258 = LINE('',#4259,#4260);
#4259 = CARTESIAN_POINT('',(-19.5,-77.,-55.9));
#4260 = VECTOR('',#4261,1.);
#4261 = DIRECTION('',(0.,0.,-1.));
#4262 = ORIENTED_EDGE('',*,*,#4263,.F.);
#4263 = EDGE_CURVE('',#4264,#4256,#4266,.T.);
#4264 = VERTEX_POINT('',#4265);
#4265 = CARTESIAN_POINT('',(-19.5,-76.5,95.));
#4266 = CIRCLE('',#4267,0.5);
#4267 = AXIS2_PLACEMENT_3D('',#4268,#4269,#4270);
#4268 = CARTESIAN_POINT('',(-19.5,-76.5,94.5));
#4269 = DIRECTION('',(1.,0.,0.));
#4270 = DIRECTION('',(0.,-1.,0.));
#4271 = ORIENTED_EDGE('',*,*,#4272,.T.);
#4272 = EDGE_CURVE('',#4264,#4273,#4275,.T.);
#4273 = VERTEX_POINT('',#4274);
#4274 = CARTESIAN_POINT('',(-19.5,76.5,95.));
#4275 = LINE('',#4276,#4277);
#4276 = CARTESIAN_POINT('',(-19.5,-83.5,95.));
#4277 = VECTOR('',#4278,1.);
#4278 = DIRECTION('',(0.,1.,0.));
#4279 = ORIENTED_EDGE('',*,*,#4280,.F.);
#4280 = EDGE_CURVE('',#4281,#4273,#4283,.T.);
#4281 = VERTEX_POINT('',#4282);
#4282 = CARTESIAN_POINT('',(-19.5,77.,94.5));
#4283 = CIRCLE('',#4284,0.5);
#4284 = AXIS2_PLACEMENT_3D('',#4285,#4286,#4287);
#4285 = CARTESIAN_POINT('',(-19.5,76.5,94.5));
#4286 = DIRECTION('',(1.,0.,0.));
#4287 = DIRECTION('',(0.,1.,0.));
#4288 = ORIENTED_EDGE('',*,*,#4289,.T.);
#4289 = EDGE_CURVE('',#4281,#4290,#4292,.T.);
#4290 = VERTEX_POINT('',#4291);
#4291 = CARTESIAN_POINT('',(-19.5,77.,39.5));
#4292 = LINE('',#4293,#4294);
#4293 = CARTESIAN_POINT('',(-19.5,77.,-55.9));
#4294 = VECTOR('',#4295,1.);
#4295 = DIRECTION('',(0.,0.,-1.));
#4296 = ORIENTED_EDGE('',*,*,#4297,.F.);
#4297 = EDGE_CURVE('',#4298,#4290,#4300,.T.);
#4298 = VERTEX_POINT('',#4299);
#4299 = CARTESIAN_POINT('',(-19.5,78.5,39.5));
#4300 = LINE('',#4301,#4302);
#4301 = CARTESIAN_POINT('',(-19.5,-5.75,39.5));
#4302 = VECTOR('',#4303,1.);
#4303 = DIRECTION('',(0.,-1.,1.1E-16));
#4304 = ORIENTED_EDGE('',*,*,#4305,.F.);
#4305 = EDGE_CURVE('',#4306,#4298,#4308,.T.);
#4306 = VERTEX_POINT('',#4307);
#4307 = CARTESIAN_POINT('',(-19.5,78.5,30.499016377582));
#4308 = LINE('',#4309,#4310);
#4309 = CARTESIAN_POINT('',(-19.5,78.5,-27.4));
#4310 = VECTOR('',#4311,1.);
#4311 = DIRECTION('',(0.,1.1E-16,1.));
#4312 = ORIENTED_EDGE('',*,*,#4313,.T.);
#4313 = EDGE_CURVE('',#4306,#1964,#4314,.T.);
#4314 = LINE('',#4315,#4316);
#4315 = CARTESIAN_POINT('',(-19.5,60.,30.499016377582));
#4316 = VECTOR('',#4317,1.);
#4317 = DIRECTION('',(0.,1.,0.));
#4318 = ORIENTED_EDGE('',*,*,#1972,.F.);
#4319 = ORIENTED_EDGE('',*,*,#4206,.T.);
#4320 = ORIENTED_EDGE('',*,*,#4321,.F.);
#4321 = EDGE_CURVE('',#4322,#4207,#4324,.T.);
#4322 = VERTEX_POINT('',#4323);
#4323 = CARTESIAN_POINT('',(-19.5,-77.,97.));
#4324 = LINE('',#4325,#4326);
#4325 = CARTESIAN_POINT('',(-19.5,-84.5,97.));
#4326 = VECTOR('',#4327,1.);
#4327 = DIRECTION('',(0.,1.,0.));
#4328 = ORIENTED_EDGE('',*,*,#4329,.T.);
#4329 = EDGE_CURVE('',#4322,#2510,#4330,.T.);
#4330 = CIRCLE('',#4331,2.);
#4331 = AXIS2_PLACEMENT_3D('',#4332,#4333,#4334);
#4332 = CARTESIAN_POINT('',(-19.5,-77.,95.));
#4333 = DIRECTION('',(1.,0.,0.));
#4334 = DIRECTION('',(0.,-1.,0.));
#4335 = PLANE('',#4336);
#4336 = AXIS2_PLACEMENT_3D('',#4337,#4338,#4339);
#4337 = CARTESIAN_POINT('',(-19.5,-90.,-54.8));
#4338 = DIRECTION('',(1.,0.,0.));
#4339 = DIRECTION('',(0.,0.,1.));
#4340 = ADVANCED_FACE('',(#4341),#4366,.T.);
#4341 = FACE_BOUND('',#4342,.T.);
#4342 = EDGE_LOOP('',(#4343,#4351,#4359,#4365));
#4343 = ORIENTED_EDGE('',*,*,#4344,.F.);
#4344 = EDGE_CURVE('',#4345,#2207,#4347,.T.);
#4345 = VERTEX_POINT('',#4346);
#4346 = CARTESIAN_POINT('',(86.,57.,-35.));
#4347 = LINE('',#4348,#4349);
#4348 = CARTESIAN_POINT('',(86.,57.,-35.));
#4349 = VECTOR('',#4350,1.);
#4350 = DIRECTION('',(0.,1.,0.));
#4351 = ORIENTED_EDGE('',*,*,#4352,.T.);
#4352 = EDGE_CURVE('',#4345,#4353,#4355,.T.);
#4353 = VERTEX_POINT('',#4354);
#4354 = CARTESIAN_POINT('',(92.,57.,-35.));
#4355 = LINE('',#4356,#4357);
#4356 = CARTESIAN_POINT('',(86.,57.,-35.));
#4357 = VECTOR('',#4358,1.);
#4358 = DIRECTION('',(1.,0.,0.));
#4359 = ORIENTED_EDGE('',*,*,#4360,.T.);
#4360 = EDGE_CURVE('',#4353,#2209,#4361,.T.);
#4361 = LINE('',#4362,#4363);
#4362 = CARTESIAN_POINT('',(92.,57.,-35.));
#4363 = VECTOR('',#4364,1.);
#4364 = DIRECTION('',(0.,1.,0.));
#4365 = ORIENTED_EDGE('',*,*,#2206,.F.);
#4366 = PLANE('',#4367);
#4367 = AXIS2_PLACEMENT_3D('',#4368,#4369,#4370);
#4368 = CARTESIAN_POINT('',(86.,57.,-35.));
#4369 = DIRECTION('',(0.,0.,1.));
#4370 = DIRECTION('',(1.,0.,0.));
#4371 = ADVANCED_FACE('',(#4372,#4390),#4401,.F.);
#4372 = FACE_BOUND('',#4373,.F.);
#4373 = EDGE_LOOP('',(#4374,#4375,#4383,#4389));
#4374 = ORIENTED_EDGE('',*,*,#4344,.F.);
#4375 = ORIENTED_EDGE('',*,*,#4376,.F.);
#4376 = EDGE_CURVE('',#4377,#4345,#4379,.T.);
#4377 = VERTEX_POINT('',#4378);
#4378 = CARTESIAN_POINT('',(86.,57.,-45.));
#4379 = LINE('',#4380,#4381);
#4380 = CARTESIAN_POINT('',(86.,57.,-45.));
#4381 = VECTOR('',#4382,1.);
#4382 = DIRECTION('',(0.,0.,1.));
#4383 = ORIENTED_EDGE('',*,*,#4384,.T.);
#4384 = EDGE_CURVE('',#4377,#2217,#4385,.T.);
#4385 = LINE('',#4386,#4387);
#4386 = CARTESIAN_POINT('',(86.,57.,-45.));
#4387 = VECTOR('',#4388,1.);
#4388 = DIRECTION('',(0.,1.,0.));
#4389 = ORIENTED_EDGE('',*,*,#2216,.F.);
#4390 = FACE_BOUND('',#4391,.F.);
#4391 = EDGE_LOOP('',(#4392));
#4392 = ORIENTED_EDGE('',*,*,#4393,.F.);
#4393 = EDGE_CURVE('',#4394,#4394,#4396,.T.);
#4394 = VERTEX_POINT('',#4395);
#4395 = CARTESIAN_POINT('',(86.,62.,-38.3));
#4396 = CIRCLE('',#4397,1.7);
#4397 = AXIS2_PLACEMENT_3D('',#4398,#4399,#4400);
#4398 = CARTESIAN_POINT('',(86.,62.,-40.));
#4399 = DIRECTION('',(1.,0.,-0.));
#4400 = DIRECTION('',(0.,0.,1.));
#4401 = PLANE('',#4402);
#4402 = AXIS2_PLACEMENT_3D('',#4403,#4404,#4405);
#4403 = CARTESIAN_POINT('',(86.,57.,-45.));
#4404 = DIRECTION('',(1.,0.,0.));
#4405 = DIRECTION('',(0.,0.,1.));
#4406 = ADVANCED_FACE('',(#4407,#4425),#4436,.T.);
#4407 = FACE_BOUND('',#4408,.T.);
#4408 = EDGE_LOOP('',(#4409,#4410,#4418,#4424));
#4409 = ORIENTED_EDGE('',*,*,#4360,.F.);
#4410 = ORIENTED_EDGE('',*,*,#4411,.F.);
#4411 = EDGE_CURVE('',#4412,#4353,#4414,.T.);
#4412 = VERTEX_POINT('',#4413);
#4413 = CARTESIAN_POINT('',(92.,57.,-45.));
#4414 = LINE('',#4415,#4416);
#4415 = CARTESIAN_POINT('',(92.,57.,-45.));
#4416 = VECTOR('',#4417,1.);
#4417 = DIRECTION('',(0.,0.,1.));
#4418 = ORIENTED_EDGE('',*,*,#4419,.T.);
#4419 = EDGE_CURVE('',#4412,#2225,#4420,.T.);
#4420 = LINE('',#4421,#4422);
#4421 = CARTESIAN_POINT('',(92.,57.,-45.));
#4422 = VECTOR('',#4423,1.);
#4423 = DIRECTION('',(0.,1.,0.));
#4424 = ORIENTED_EDGE('',*,*,#2232,.F.);
#4425 = FACE_BOUND('',#4426,.T.);
#4426 = EDGE_LOOP('',(#4427));
#4427 = ORIENTED_EDGE('',*,*,#4428,.F.);
#4428 = EDGE_CURVE('',#4429,#4429,#4431,.T.);
#4429 = VERTEX_POINT('',#4430);
#4430 = CARTESIAN_POINT('',(92.,62.,-38.3));
#4431 = CIRCLE('',#4432,1.7);
#4432 = AXIS2_PLACEMENT_3D('',#4433,#4434,#4435);
#4433 = CARTESIAN_POINT('',(92.,62.,-40.));
#4434 = DIRECTION('',(1.,0.,-0.));
#4435 = DIRECTION('',(0.,0.,1.));
#4436 = PLANE('',#4437);
#4437 = AXIS2_PLACEMENT_3D('',#4438,#4439,#4440);
#4438 = CARTESIAN_POINT('',(92.,57.,-45.));
#4439 = DIRECTION('',(1.,0.,0.));
#4440 = DIRECTION('',(0.,0.,1.));
#4441 = ADVANCED_FACE('',(#4442),#4453,.F.);
#4442 = FACE_BOUND('',#4443,.T.);
#4443 = EDGE_LOOP('',(#4444,#4445,#4446,#4452));
#4444 = ORIENTED_EDGE('',*,*,#2224,.T.);
#4445 = ORIENTED_EDGE('',*,*,#4419,.F.);
#4446 = ORIENTED_EDGE('',*,*,#4447,.F.);
#4447 = EDGE_CURVE('',#4377,#4412,#4448,.T.);
#4448 = LINE('',#4449,#4450);
#4449 = CARTESIAN_POINT('',(86.,57.,-45.));
#4450 = VECTOR('',#4451,1.);
#4451 = DIRECTION('',(1.,0.,0.));
#4452 = ORIENTED_EDGE('',*,*,#4384,.T.);
#4453 = PLANE('',#4454);
#4454 = AXIS2_PLACEMENT_3D('',#4455,#4456,#4457);
#4455 = CARTESIAN_POINT('',(86.,57.,-45.));
#4456 = DIRECTION('',(0.,0.,1.));
#4457 = DIRECTION('',(1.,0.,0.));
#4458 = ADVANCED_FACE('',(#4459),#4512,.T.);
#4459 = FACE_BOUND('',#4460,.T.);
#4460 = EDGE_LOOP('',(#4461,#4469,#4470,#4471,#4480,#4488,#4497,#4505));
#4461 = ORIENTED_EDGE('',*,*,#4462,.T.);
#4462 = EDGE_CURVE('',#4463,#2241,#4465,.T.);
#4463 = VERTEX_POINT('',#4464);
#4464 = CARTESIAN_POINT('',(45.,75.,43.));
#4465 = LINE('',#4466,#4467);
#4466 = CARTESIAN_POINT('',(45.,75.,43.));
#4467 = VECTOR('',#4468,1.);
#4468 = DIRECTION('',(0.,1.,0.));
#4469 = ORIENTED_EDGE('',*,*,#2240,.F.);
#4470 = ORIENTED_EDGE('',*,*,#4462,.F.);
#4471 = ORIENTED_EDGE('',*,*,#4472,.T.);
#4472 = EDGE_CURVE('',#4463,#4473,#4475,.T.);
#4473 = VERTEX_POINT('',#4474);
#4474 = CARTESIAN_POINT('',(39.5,75.,29.190524980689));
#4475 = CIRCLE('',#4476,8.);
#4476 = AXIS2_PLACEMENT_3D('',#4477,#4478,#4479);
#4477 = CARTESIAN_POINT('',(45.,75.,35.));
#4478 = DIRECTION('',(0.,1.,0.));
#4479 = DIRECTION('',(0.,0.,1.));
#4480 = ORIENTED_EDGE('',*,*,#4481,.T.);
#4481 = EDGE_CURVE('',#4473,#4482,#4484,.T.);
#4482 = VERTEX_POINT('',#4483);
#4483 = CARTESIAN_POINT('',(39.5,78.5,29.190524980689));
#4484 = LINE('',#4485,#4486);
#4485 = CARTESIAN_POINT('',(39.5,75.,29.190524980689));
#4486 = VECTOR('',#4487,1.);
#4487 = DIRECTION('',(0.,1.,0.));
#4488 = ORIENTED_EDGE('',*,*,#4489,.T.);
#4489 = EDGE_CURVE('',#4482,#4490,#4492,.T.);
#4490 = VERTEX_POINT('',#4491);
#4491 = CARTESIAN_POINT('',(38.385621722339,78.5,39.5));
#4492 = CIRCLE('',#4493,8.);
#4493 = AXIS2_PLACEMENT_3D('',#4494,#4495,#4496);
#4494 = CARTESIAN_POINT('',(45.,78.5,35.));
#4495 = DIRECTION('',(0.,1.,0.));
#4496 = DIRECTION('',(0.,0.,1.));
#4497 = ORIENTED_EDGE('',*,*,#4498,.F.);
#4498 = EDGE_CURVE('',#4499,#4490,#4501,.T.);
#4499 = VERTEX_POINT('',#4500);
#4500 = CARTESIAN_POINT('',(38.385621722339,75.,39.5));
#4501 = LINE('',#4502,#4503);
#4502 = CARTESIAN_POINT('',(38.385621722339,75.,39.5));
#4503 = VECTOR('',#4504,1.);
#4504 = DIRECTION('',(0.,1.,0.));
#4505 = ORIENTED_EDGE('',*,*,#4506,.T.);
#4506 = EDGE_CURVE('',#4499,#4463,#4507,.T.);
#4507 = CIRCLE('',#4508,8.);
#4508 = AXIS2_PLACEMENT_3D('',#4509,#4510,#4511);
#4509 = CARTESIAN_POINT('',(45.,75.,35.));
#4510 = DIRECTION('',(0.,1.,0.));
#4511 = DIRECTION('',(0.,0.,1.));
#4512 = CYLINDRICAL_SURFACE('',#4513,8.);
#4513 = AXIS2_PLACEMENT_3D('',#4514,#4515,#4516);
#4514 = CARTESIAN_POINT('',(45.,75.,35.));
#4515 = DIRECTION('',(0.,1.,0.));
#4516 = DIRECTION('',(0.,0.,1.));
#4517 = ADVANCED_FACE('',(#4518),#4543,.T.);
#4518 = FACE_BOUND('',#4519,.T.);
#4519 = EDGE_LOOP('',(#4520,#4528,#4536,#4542));
#4520 = ORIENTED_EDGE('',*,*,#4521,.F.);
#4521 = EDGE_CURVE('',#4522,#2252,#4524,.T.);
#4522 = VERTEX_POINT('',#4523);
#4523 = CARTESIAN_POINT('',(86.,57.,46.));
#4524 = LINE('',#4525,#4526);
#4525 = CARTESIAN_POINT('',(86.,57.,46.));
#4526 = VECTOR('',#4527,1.);
#4527 = DIRECTION('',(0.,1.,0.));
#4528 = ORIENTED_EDGE('',*,*,#4529,.T.);
#4529 = EDGE_CURVE('',#4522,#4530,#4532,.T.);
#4530 = VERTEX_POINT('',#4531);
#4531 = CARTESIAN_POINT('',(92.,57.,46.));
#4532 = LINE('',#4533,#4534);
#4533 = CARTESIAN_POINT('',(86.,57.,46.));
#4534 = VECTOR('',#4535,1.);
#4535 = DIRECTION('',(1.,0.,0.));
#4536 = ORIENTED_EDGE('',*,*,#4537,.T.);
#4537 = EDGE_CURVE('',#4530,#2254,#4538,.T.);
#4538 = LINE('',#4539,#4540);
#4539 = CARTESIAN_POINT('',(92.,57.,46.));
#4540 = VECTOR('',#4541,1.);
#4541 = DIRECTION('',(0.,1.,0.));
#4542 = ORIENTED_EDGE('',*,*,#2251,.F.);
#4543 = PLANE('',#4544);
#4544 = AXIS2_PLACEMENT_3D('',#4545,#4546,#4547);
#4545 = CARTESIAN_POINT('',(86.,57.,46.));
#4546 = DIRECTION('',(0.,0.,1.));
#4547 = DIRECTION('',(1.,0.,0.));
#4548 = ADVANCED_FACE('',(#4549,#4567),#4578,.F.);
#4549 = FACE_BOUND('',#4550,.F.);
#4550 = EDGE_LOOP('',(#4551,#4552,#4553,#4561));
#4551 = ORIENTED_EDGE('',*,*,#2261,.F.);
#4552 = ORIENTED_EDGE('',*,*,#4521,.F.);
#4553 = ORIENTED_EDGE('',*,*,#4554,.F.);
#4554 = EDGE_CURVE('',#4555,#4522,#4557,.T.);
#4555 = VERTEX_POINT('',#4556);
#4556 = CARTESIAN_POINT('',(86.,57.,36.));
#4557 = LINE('',#4558,#4559);
#4558 = CARTESIAN_POINT('',(86.,57.,36.));
#4559 = VECTOR('',#4560,1.);
#4560 = DIRECTION('',(0.,0.,1.));
#4561 = ORIENTED_EDGE('',*,*,#4562,.T.);
#4562 = EDGE_CURVE('',#4555,#2262,#4563,.T.);
#4563 = LINE('',#4564,#4565);
#4564 = CARTESIAN_POINT('',(86.,57.,36.));
#4565 = VECTOR('',#4566,1.);
#4566 = DIRECTION('',(0.,1.,0.));
#4567 = FACE_BOUND('',#4568,.F.);
#4568 = EDGE_LOOP('',(#4569));
#4569 = ORIENTED_EDGE('',*,*,#4570,.F.);
#4570 = EDGE_CURVE('',#4571,#4571,#4573,.T.);
#4571 = VERTEX_POINT('',#4572);
#4572 = CARTESIAN_POINT('',(86.,62.,42.7));
#4573 = CIRCLE('',#4574,1.7);
#4574 = AXIS2_PLACEMENT_3D('',#4575,#4576,#4577);
#4575 = CARTESIAN_POINT('',(86.,62.,41.));
#4576 = DIRECTION('',(1.,0.,-0.));
#4577 = DIRECTION('',(0.,0.,1.));
#4578 = PLANE('',#4579);
#4579 = AXIS2_PLACEMENT_3D('',#4580,#4581,#4582);
#4580 = CARTESIAN_POINT('',(86.,57.,36.));
#4581 = DIRECTION('',(1.,0.,0.));
#4582 = DIRECTION('',(0.,0.,1.));
#4583 = ADVANCED_FACE('',(#4584,#4602),#4613,.T.);
#4584 = FACE_BOUND('',#4585,.T.);
#4585 = EDGE_LOOP('',(#4586,#4587,#4595,#4601));
#4586 = ORIENTED_EDGE('',*,*,#4537,.F.);
#4587 = ORIENTED_EDGE('',*,*,#4588,.F.);
#4588 = EDGE_CURVE('',#4589,#4530,#4591,.T.);
#4589 = VERTEX_POINT('',#4590);
#4590 = CARTESIAN_POINT('',(92.,57.,36.));
#4591 = LINE('',#4592,#4593);
#4592 = CARTESIAN_POINT('',(92.,57.,36.));
#4593 = VECTOR('',#4594,1.);
#4594 = DIRECTION('',(0.,0.,1.));
#4595 = ORIENTED_EDGE('',*,*,#4596,.T.);
#4596 = EDGE_CURVE('',#4589,#2270,#4597,.T.);
#4597 = LINE('',#4598,#4599);
#4598 = CARTESIAN_POINT('',(92.,57.,36.));
#4599 = VECTOR('',#4600,1.);
#4600 = DIRECTION('',(0.,1.,0.));
#4601 = ORIENTED_EDGE('',*,*,#2277,.F.);
#4602 = FACE_BOUND('',#4603,.T.);
#4603 = EDGE_LOOP('',(#4604));
#4604 = ORIENTED_EDGE('',*,*,#4605,.F.);
#4605 = EDGE_CURVE('',#4606,#4606,#4608,.T.);
#4606 = VERTEX_POINT('',#4607);
#4607 = CARTESIAN_POINT('',(92.,62.,42.7));
#4608 = CIRCLE('',#4609,1.7);
#4609 = AXIS2_PLACEMENT_3D('',#4610,#4611,#4612);
#4610 = CARTESIAN_POINT('',(92.,62.,41.));
#4611 = DIRECTION('',(1.,0.,-0.));
#4612 = DIRECTION('',(0.,0.,1.));
#4613 = PLANE('',#4614);
#4614 = AXIS2_PLACEMENT_3D('',#4615,#4616,#4617);
#4615 = CARTESIAN_POINT('',(92.,57.,36.));
#4616 = DIRECTION('',(1.,0.,0.));
#4617 = DIRECTION('',(0.,0.,1.));
#4618 = ADVANCED_FACE('',(#4619),#4630,.F.);
#4619 = FACE_BOUND('',#4620,.T.);
#4620 = EDGE_LOOP('',(#4621,#4622,#4623,#4624));
#4621 = ORIENTED_EDGE('',*,*,#4562,.T.);
#4622 = ORIENTED_EDGE('',*,*,#2269,.T.);
#4623 = ORIENTED_EDGE('',*,*,#4596,.F.);
#4624 = ORIENTED_EDGE('',*,*,#4625,.F.);
#4625 = EDGE_CURVE('',#4555,#4589,#4626,.T.);
#4626 = LINE('',#4627,#4628);
#4627 = CARTESIAN_POINT('',(86.,57.,36.));
#4628 = VECTOR('',#4629,1.);
#4629 = DIRECTION('',(1.,0.,0.));
#4630 = PLANE('',#4631);
#4631 = AXIS2_PLACEMENT_3D('',#4632,#4633,#4634);
#4632 = CARTESIAN_POINT('',(86.,57.,36.));
#4633 = DIRECTION('',(0.,0.,1.));
#4634 = DIRECTION('',(1.,0.,0.));
#4635 = ADVANCED_FACE('',(#4636),#4647,.F.);
#4636 = FACE_BOUND('',#4637,.T.);
#4637 = EDGE_LOOP('',(#4638,#4639,#4645,#4646));
#4638 = ORIENTED_EDGE('',*,*,#4329,.F.);
#4639 = ORIENTED_EDGE('',*,*,#4640,.T.);
#4640 = EDGE_CURVE('',#4322,#2301,#4641,.T.);
#4641 = LINE('',#4642,#4643);
#4642 = CARTESIAN_POINT('',(-91.,-77.,97.));
#4643 = VECTOR('',#4644,1.);
#4644 = DIRECTION('',(1.,0.,0.));
#4645 = ORIENTED_EDGE('',*,*,#2300,.T.);
#4646 = ORIENTED_EDGE('',*,*,#2517,.F.);
#4647 = CYLINDRICAL_SURFACE('',#4648,2.);
#4648 = AXIS2_PLACEMENT_3D('',#4649,#4650,#4651);
#4649 = CARTESIAN_POINT('',(-91.,-77.,95.));
#4650 = DIRECTION('',(1.,0.,0.));
#4651 = DIRECTION('',(0.,-1.,0.));
#4652 = ADVANCED_FACE('',(#4653,#4659,#4693,#4727,#4761,#4795,#4829),
  #4863,.F.);
#4653 = FACE_BOUND('',#4654,.F.);
#4654 = EDGE_LOOP('',(#4655,#4656,#4657,#4658));
#4655 = ORIENTED_EDGE('',*,*,#4321,.F.);
#4656 = ORIENTED_EDGE('',*,*,#4640,.T.);
#4657 = ORIENTED_EDGE('',*,*,#2309,.F.);
#4658 = ORIENTED_EDGE('',*,*,#4215,.F.);
#4659 = FACE_BOUND('',#4660,.F.);
#4660 = EDGE_LOOP('',(#4661,#4671,#4679,#4687));
#4661 = ORIENTED_EDGE('',*,*,#4662,.T.);
#4662 = EDGE_CURVE('',#4663,#4665,#4667,.T.);
#4663 = VERTEX_POINT('',#4664);
#4664 = CARTESIAN_POINT('',(44.,-48.,97.));
#4665 = VERTEX_POINT('',#4666);
#4666 = CARTESIAN_POINT('',(40.,-48.,97.));
#4667 = LINE('',#4668,#4669);
#4668 = CARTESIAN_POINT('',(-25.5,-48.,97.));
#4669 = VECTOR('',#4670,1.);
#4670 = DIRECTION('',(-1.,0.,0.));
#4671 = ORIENTED_EDGE('',*,*,#4672,.T.);
#4672 = EDGE_CURVE('',#4665,#4673,#4675,.T.);
#4673 = VERTEX_POINT('',#4674);
#4674 = CARTESIAN_POINT('',(40.,-22.,97.));
#4675 = LINE('',#4676,#4677);
#4676 = CARTESIAN_POINT('',(40.,-63.5,97.));
#4677 = VECTOR('',#4678,1.);
#4678 = DIRECTION('',(0.,1.,0.));
#4679 = ORIENTED_EDGE('',*,*,#4680,.F.);
#4680 = EDGE_CURVE('',#4681,#4673,#4683,.T.);
#4681 = VERTEX_POINT('',#4682);
#4682 = CARTESIAN_POINT('',(44.,-22.,97.));
#4683 = LINE('',#4684,#4685);
#4684 = CARTESIAN_POINT('',(-25.5,-22.,97.));
#4685 = VECTOR('',#4686,1.);
#4686 = DIRECTION('',(-1.,0.,0.));
#4687 = ORIENTED_EDGE('',*,*,#4688,.F.);
#4688 = EDGE_CURVE('',#4663,#4681,#4689,.T.);
#4689 = LINE('',#4690,#4691);
#4690 = CARTESIAN_POINT('',(44.,-63.5,97.));
#4691 = VECTOR('',#4692,1.);
#4692 = DIRECTION('',(0.,1.,0.));
#4693 = FACE_BOUND('',#4694,.F.);
#4694 = EDGE_LOOP('',(#4695,#4705,#4713,#4721));
#4695 = ORIENTED_EDGE('',*,*,#4696,.T.);
#4696 = EDGE_CURVE('',#4697,#4699,#4701,.T.);
#4697 = VERTEX_POINT('',#4698);
#4698 = CARTESIAN_POINT('',(56.,-48.,97.));
#4699 = VERTEX_POINT('',#4700);
#4700 = CARTESIAN_POINT('',(52.,-48.,97.));
#4701 = LINE('',#4702,#4703);
#4702 = CARTESIAN_POINT('',(-19.5,-48.,97.));
#4703 = VECTOR('',#4704,1.);
#4704 = DIRECTION('',(-1.,0.,0.));
#4705 = ORIENTED_EDGE('',*,*,#4706,.T.);
#4706 = EDGE_CURVE('',#4699,#4707,#4709,.T.);
#4707 = VERTEX_POINT('',#4708);
#4708 = CARTESIAN_POINT('',(52.,-22.,97.));
#4709 = LINE('',#4710,#4711);
#4710 = CARTESIAN_POINT('',(52.,-63.5,97.));
#4711 = VECTOR('',#4712,1.);
#4712 = DIRECTION('',(0.,1.,0.));
#4713 = ORIENTED_EDGE('',*,*,#4714,.F.);
#4714 = EDGE_CURVE('',#4715,#4707,#4717,.T.);
#4715 = VERTEX_POINT('',#4716);
#4716 = CARTESIAN_POINT('',(56.,-22.,97.));
#4717 = LINE('',#4718,#4719);
#4718 = CARTESIAN_POINT('',(-19.5,-22.,97.));
#4719 = VECTOR('',#4720,1.);
#4720 = DIRECTION('',(-1.,0.,0.));
#4721 = ORIENTED_EDGE('',*,*,#4722,.F.);
#4722 = EDGE_CURVE('',#4697,#4715,#4723,.T.);
#4723 = LINE('',#4724,#4725);
#4724 = CARTESIAN_POINT('',(56.,-63.5,97.));
#4725 = VECTOR('',#4726,1.);
#4726 = DIRECTION('',(0.,1.,0.));
#4727 = FACE_BOUND('',#4728,.F.);
#4728 = EDGE_LOOP('',(#4729,#4739,#4747,#4755));
#4729 = ORIENTED_EDGE('',*,*,#4730,.T.);
#4730 = EDGE_CURVE('',#4731,#4733,#4735,.T.);
#4731 = VERTEX_POINT('',#4732);
#4732 = CARTESIAN_POINT('',(68.,-48.,97.));
#4733 = VERTEX_POINT('',#4734);
#4734 = CARTESIAN_POINT('',(64.,-48.,97.));
#4735 = LINE('',#4736,#4737);
#4736 = CARTESIAN_POINT('',(-13.5,-48.,97.));
#4737 = VECTOR('',#4738,1.);
#4738 = DIRECTION('',(-1.,0.,0.));
#4739 = ORIENTED_EDGE('',*,*,#4740,.T.);
#4740 = EDGE_CURVE('',#4733,#4741,#4743,.T.);
#4741 = VERTEX_POINT('',#4742);
#4742 = CARTESIAN_POINT('',(64.,-22.,97.));
#4743 = LINE('',#4744,#4745);
#4744 = CARTESIAN_POINT('',(64.,-63.5,97.));
#4745 = VECTOR('',#4746,1.);
#4746 = DIRECTION('',(0.,1.,0.));
#4747 = ORIENTED_EDGE('',*,*,#4748,.F.);
#4748 = EDGE_CURVE('',#4749,#4741,#4751,.T.);
#4749 = VERTEX_POINT('',#4750);
#4750 = CARTESIAN_POINT('',(68.,-22.,97.));
#4751 = LINE('',#4752,#4753);
#4752 = CARTESIAN_POINT('',(-13.5,-22.,97.));
#4753 = VECTOR('',#4754,1.);
#4754 = DIRECTION('',(-1.,0.,0.));
#4755 = ORIENTED_EDGE('',*,*,#4756,.F.);
#4756 = EDGE_CURVE('',#4731,#4749,#4757,.T.);
#4757 = LINE('',#4758,#4759);
#4758 = CARTESIAN_POINT('',(68.,-63.5,97.));
#4759 = VECTOR('',#4760,1.);
#4760 = DIRECTION('',(0.,1.,0.));
#4761 = FACE_BOUND('',#4762,.F.);
#4762 = EDGE_LOOP('',(#4763,#4773,#4781,#4789));
#4763 = ORIENTED_EDGE('',*,*,#4764,.T.);
#4764 = EDGE_CURVE('',#4765,#4767,#4769,.T.);
#4765 = VERTEX_POINT('',#4766);
#4766 = CARTESIAN_POINT('',(44.,22.,97.));
#4767 = VERTEX_POINT('',#4768);
#4768 = CARTESIAN_POINT('',(40.,22.,97.));
#4769 = LINE('',#4770,#4771);
#4770 = CARTESIAN_POINT('',(-25.5,22.,97.));
#4771 = VECTOR('',#4772,1.);
#4772 = DIRECTION('',(-1.,0.,0.));
#4773 = ORIENTED_EDGE('',*,*,#4774,.T.);
#4774 = EDGE_CURVE('',#4767,#4775,#4777,.T.);
#4775 = VERTEX_POINT('',#4776);
#4776 = CARTESIAN_POINT('',(40.,48.,97.));
#4777 = LINE('',#4778,#4779);
#4778 = CARTESIAN_POINT('',(40.,-28.5,97.));
#4779 = VECTOR('',#4780,1.);
#4780 = DIRECTION('',(0.,1.,0.));
#4781 = ORIENTED_EDGE('',*,*,#4782,.F.);
#4782 = EDGE_CURVE('',#4783,#4775,#4785,.T.);
#4783 = VERTEX_POINT('',#4784);
#4784 = CARTESIAN_POINT('',(44.,48.,97.));
#4785 = LINE('',#4786,#4787);
#4786 = CARTESIAN_POINT('',(-25.5,48.,97.));
#4787 = VECTOR('',#4788,1.);
#4788 = DIRECTION('',(-1.,0.,0.));
#4789 = ORIENTED_EDGE('',*,*,#4790,.F.);
#4790 = EDGE_CURVE('',#4765,#4783,#4791,.T.);
#4791 = LINE('',#4792,#4793);
#4792 = CARTESIAN_POINT('',(44.,-28.5,97.));
#4793 = VECTOR('',#4794,1.);
#4794 = DIRECTION('',(0.,1.,0.));
#4795 = FACE_BOUND('',#4796,.F.);
#4796 = EDGE_LOOP('',(#4797,#4807,#4815,#4823));
#4797 = ORIENTED_EDGE('',*,*,#4798,.T.);
#4798 = EDGE_CURVE('',#4799,#4801,#4803,.T.);
#4799 = VERTEX_POINT('',#4800);
#4800 = CARTESIAN_POINT('',(56.,22.,97.));
#4801 = VERTEX_POINT('',#4802);
#4802 = CARTESIAN_POINT('',(52.,22.,97.));
#4803 = LINE('',#4804,#4805);
#4804 = CARTESIAN_POINT('',(-19.5,22.,97.));
#4805 = VECTOR('',#4806,1.);
#4806 = DIRECTION('',(-1.,0.,0.));
#4807 = ORIENTED_EDGE('',*,*,#4808,.T.);
#4808 = EDGE_CURVE('',#4801,#4809,#4811,.T.);
#4809 = VERTEX_POINT('',#4810);
#4810 = CARTESIAN_POINT('',(52.,48.,97.));
#4811 = LINE('',#4812,#4813);
#4812 = CARTESIAN_POINT('',(52.,-28.5,97.));
#4813 = VECTOR('',#4814,1.);
#4814 = DIRECTION('',(0.,1.,0.));
#4815 = ORIENTED_EDGE('',*,*,#4816,.F.);
#4816 = EDGE_CURVE('',#4817,#4809,#4819,.T.);
#4817 = VERTEX_POINT('',#4818);
#4818 = CARTESIAN_POINT('',(56.,48.,97.));
#4819 = LINE('',#4820,#4821);
#4820 = CARTESIAN_POINT('',(-19.5,48.,97.));
#4821 = VECTOR('',#4822,1.);
#4822 = DIRECTION('',(-1.,0.,0.));
#4823 = ORIENTED_EDGE('',*,*,#4824,.F.);
#4824 = EDGE_CURVE('',#4799,#4817,#4825,.T.);
#4825 = LINE('',#4826,#4827);
#4826 = CARTESIAN_POINT('',(56.,-28.5,97.));
#4827 = VECTOR('',#4828,1.);
#4828 = DIRECTION('',(0.,1.,0.));
#4829 = FACE_BOUND('',#4830,.F.);
#4830 = EDGE_LOOP('',(#4831,#4841,#4849,#4857));
#4831 = ORIENTED_EDGE('',*,*,#4832,.T.);
#4832 = EDGE_CURVE('',#4833,#4835,#4837,.T.);
#4833 = VERTEX_POINT('',#4834);
#4834 = CARTESIAN_POINT('',(68.,22.,97.));
#4835 = VERTEX_POINT('',#4836);
#4836 = CARTESIAN_POINT('',(64.,22.,97.));
#4837 = LINE('',#4838,#4839);
#4838 = CARTESIAN_POINT('',(-13.5,22.,97.));
#4839 = VECTOR('',#4840,1.);
#4840 = DIRECTION('',(-1.,0.,0.));
#4841 = ORIENTED_EDGE('',*,*,#4842,.T.);
#4842 = EDGE_CURVE('',#4835,#4843,#4845,.T.);
#4843 = VERTEX_POINT('',#4844);
#4844 = CARTESIAN_POINT('',(64.,48.,97.));
#4845 = LINE('',#4846,#4847);
#4846 = CARTESIAN_POINT('',(64.,-28.5,97.));
#4847 = VECTOR('',#4848,1.);
#4848 = DIRECTION('',(0.,1.,0.));
#4849 = ORIENTED_EDGE('',*,*,#4850,.F.);
#4850 = EDGE_CURVE('',#4851,#4843,#4853,.T.);
#4851 = VERTEX_POINT('',#4852);
#4852 = CARTESIAN_POINT('',(68.,48.,97.));
#4853 = LINE('',#4854,#4855);
#4854 = CARTESIAN_POINT('',(-13.5,48.,97.));
#4855 = VECTOR('',#4856,1.);
#4856 = DIRECTION('',(-1.,0.,0.));
#4857 = ORIENTED_EDGE('',*,*,#4858,.F.);
#4858 = EDGE_CURVE('',#4833,#4851,#4859,.T.);
#4859 = LINE('',#4860,#4861);
#4860 = CARTESIAN_POINT('',(68.,-28.5,97.));
#4861 = VECTOR('',#4862,1.);
#4862 = DIRECTION('',(0.,1.,0.));
#4863 = PLANE('',#4864);
#4864 = AXIS2_PLACEMENT_3D('',#4865,#4866,#4867);
#4865 = CARTESIAN_POINT('',(-91.,-79.,97.));
#4866 = DIRECTION('',(0.,0.,1.));
#4867 = DIRECTION('',(1.,0.,0.));
#4868 = ADVANCED_FACE('',(#4869),#4912,.T.);
#4869 = FACE_BOUND('',#4870,.T.);
#4870 = EDGE_LOOP('',(#4871,#4882,#4888,#4889,#4897,#4904,#4905,#4906));
#4871 = ORIENTED_EDGE('',*,*,#4872,.F.);
#4872 = EDGE_CURVE('',#4873,#4875,#4877,.T.);
#4873 = VERTEX_POINT('',#4874);
#4874 = CARTESIAN_POINT('',(114.,65.938447187191,92.));
#4875 = VERTEX_POINT('',#4876);
#4876 = CARTESIAN_POINT('',(114.,71.,84.64589803375));
#4877 = CIRCLE('',#4878,4.5);
#4878 = AXIS2_PLACEMENT_3D('',#4879,#4880,#4881);
#4879 = CARTESIAN_POINT('',(114.,68.,88.));
#4880 = DIRECTION('',(1.,0.,-0.));
#4881 = DIRECTION('',(0.,0.,1.));
#4882 = ORIENTED_EDGE('',*,*,#4883,.F.);
#4883 = EDGE_CURVE('',#2330,#4873,#4884,.T.);
#4884 = LINE('',#4885,#4886);
#4885 = CARTESIAN_POINT('',(107.,65.938447187191,92.));
#4886 = VECTOR('',#4887,1.);
#4887 = DIRECTION('',(1.,0.,0.));
#4888 = ORIENTED_EDGE('',*,*,#2327,.F.);
#4889 = ORIENTED_EDGE('',*,*,#4890,.F.);
#4890 = EDGE_CURVE('',#4891,#2328,#4893,.T.);
#4891 = VERTEX_POINT('',#4892);
#4892 = CARTESIAN_POINT('',(107.,68.,92.5));
#4893 = LINE('',#4894,#4895);
#4894 = CARTESIAN_POINT('',(107.,68.,92.5));
#4895 = VECTOR('',#4896,1.);
#4896 = DIRECTION('',(1.,0.,0.));
#4897 = ORIENTED_EDGE('',*,*,#4898,.T.);
#4898 = EDGE_CURVE('',#4891,#4891,#4899,.T.);
#4899 = CIRCLE('',#4900,4.5);
#4900 = AXIS2_PLACEMENT_3D('',#4901,#4902,#4903);
#4901 = CARTESIAN_POINT('',(107.,68.,88.));
#4902 = DIRECTION('',(1.,0.,-0.));
#4903 = DIRECTION('',(0.,0.,1.));
#4904 = ORIENTED_EDGE('',*,*,#4890,.T.);
#4905 = ORIENTED_EDGE('',*,*,#2474,.F.);
#4906 = ORIENTED_EDGE('',*,*,#4907,.T.);
#4907 = EDGE_CURVE('',#2467,#4875,#4908,.T.);
#4908 = LINE('',#4909,#4910);
#4909 = CARTESIAN_POINT('',(107.,71.,84.64589803375));
#4910 = VECTOR('',#4911,1.);
#4911 = DIRECTION('',(1.,0.,0.));
#4912 = CYLINDRICAL_SURFACE('',#4913,4.5);
#4913 = AXIS2_PLACEMENT_3D('',#4914,#4915,#4916);
#4914 = CARTESIAN_POINT('',(107.,68.,88.));
#4915 = DIRECTION('',(1.,0.,0.));
#4916 = DIRECTION('',(0.,0.,1.));
#4917 = ADVANCED_FACE('',(#4918),#4936,.F.);
#4918 = FACE_BOUND('',#4919,.F.);
#4919 = EDGE_LOOP('',(#4920,#4921,#4922,#4930));
#4920 = ORIENTED_EDGE('',*,*,#2466,.F.);
#4921 = ORIENTED_EDGE('',*,*,#4907,.T.);
#4922 = ORIENTED_EDGE('',*,*,#4923,.T.);
#4923 = EDGE_CURVE('',#4875,#4924,#4926,.T.);
#4924 = VERTEX_POINT('',#4925);
#4925 = CARTESIAN_POINT('',(114.,71.,29.477067730143));
#4926 = LINE('',#4927,#4928);
#4927 = CARTESIAN_POINT('',(114.,71.,56.));
#4928 = VECTOR('',#4929,1.);
#4929 = DIRECTION('',(1.1E-16,0.,-1.));
#4930 = ORIENTED_EDGE('',*,*,#4931,.F.);
#4931 = EDGE_CURVE('',#2458,#4924,#4932,.T.);
#4932 = LINE('',#4933,#4934);
#4933 = CARTESIAN_POINT('',(110.8,71.,29.477067730143));
#4934 = VECTOR('',#4935,1.);
#4935 = DIRECTION('',(1.,0.,0.));
#4936 = PLANE('',#4937);
#4937 = AXIS2_PLACEMENT_3D('',#4938,#4939,#4940);
#4938 = CARTESIAN_POINT('',(110.8,71.,89.));
#4939 = DIRECTION('',(0.,1.,0.));
#4940 = DIRECTION('',(1.,0.,0.));
#4941 = ADVANCED_FACE('',(#4942),#4961,.F.);
#4942 = FACE_BOUND('',#4943,.F.);
#4943 = EDGE_LOOP('',(#4944,#4953,#4959,#4960));
#4944 = ORIENTED_EDGE('',*,*,#4945,.F.);
#4945 = EDGE_CURVE('',#4946,#4924,#4948,.T.);
#4946 = VERTEX_POINT('',#4947);
#4947 = CARTESIAN_POINT('',(114.,71.,22.522932269857));
#4948 = CIRCLE('',#4949,5.3);
#4949 = AXIS2_PLACEMENT_3D('',#4950,#4951,#4952);
#4950 = CARTESIAN_POINT('',(114.,67.,26.));
#4951 = DIRECTION('',(1.,0.,-0.));
#4952 = DIRECTION('',(0.,0.,1.));
#4953 = ORIENTED_EDGE('',*,*,#4954,.F.);
#4954 = EDGE_CURVE('',#2450,#4946,#4955,.T.);
#4955 = LINE('',#4956,#4957);
#4956 = CARTESIAN_POINT('',(110.8,71.,22.522932269857));
#4957 = VECTOR('',#4958,1.);
#4958 = DIRECTION('',(1.,0.,0.));
#4959 = ORIENTED_EDGE('',*,*,#2457,.T.);
#4960 = ORIENTED_EDGE('',*,*,#4931,.T.);
#4961 = CYLINDRICAL_SURFACE('',#4962,5.3);
#4962 = AXIS2_PLACEMENT_3D('',#4963,#4964,#4965);
#4963 = CARTESIAN_POINT('',(110.8,67.,26.));
#4964 = DIRECTION('',(1.,0.,0.));
#4965 = DIRECTION('',(0.,0.,1.));
#4966 = ADVANCED_FACE('',(#4967),#4985,.F.);
#4967 = FACE_BOUND('',#4968,.F.);
#4968 = EDGE_LOOP('',(#4969,#4970,#4971,#4979));
#4969 = ORIENTED_EDGE('',*,*,#2449,.F.);
#4970 = ORIENTED_EDGE('',*,*,#4954,.T.);
#4971 = ORIENTED_EDGE('',*,*,#4972,.T.);
#4972 = EDGE_CURVE('',#4946,#4973,#4975,.T.);
#4973 = VERTEX_POINT('',#4974);
#4974 = CARTESIAN_POINT('',(114.,71.,-30.52293226985));
#4975 = LINE('',#4976,#4977);
#4976 = CARTESIAN_POINT('',(114.,71.,56.));
#4977 = VECTOR('',#4978,1.);
#4978 = DIRECTION('',(1.1E-16,0.,-1.));
#4979 = ORIENTED_EDGE('',*,*,#4980,.F.);
#4980 = EDGE_CURVE('',#2441,#4973,#4981,.T.);
#4981 = LINE('',#4982,#4983);
#4982 = CARTESIAN_POINT('',(110.8,71.,-30.52293226985));
#4983 = VECTOR('',#4984,1.);
#4984 = DIRECTION('',(1.,0.,0.));
#4985 = PLANE('',#4986);
#4986 = AXIS2_PLACEMENT_3D('',#4987,#4988,#4989);
#4987 = CARTESIAN_POINT('',(110.8,71.,89.));
#4988 = DIRECTION('',(0.,1.,0.));
#4989 = DIRECTION('',(1.,0.,0.));
#4990 = ADVANCED_FACE('',(#4991),#5010,.F.);
#4991 = FACE_BOUND('',#4992,.F.);
#4992 = EDGE_LOOP('',(#4993,#5002,#5008,#5009));
#4993 = ORIENTED_EDGE('',*,*,#4994,.F.);
#4994 = EDGE_CURVE('',#4995,#4973,#4997,.T.);
#4995 = VERTEX_POINT('',#4996);
#4996 = CARTESIAN_POINT('',(114.,71.,-37.47706773014));
#4997 = CIRCLE('',#4998,5.3);
#4998 = AXIS2_PLACEMENT_3D('',#4999,#5000,#5001);
#4999 = CARTESIAN_POINT('',(114.,67.,-34.));
#5000 = DIRECTION('',(1.,0.,-0.));
#5001 = DIRECTION('',(0.,0.,1.));
#5002 = ORIENTED_EDGE('',*,*,#5003,.F.);
#5003 = EDGE_CURVE('',#2433,#4995,#5004,.T.);
#5004 = LINE('',#5005,#5006);
#5005 = CARTESIAN_POINT('',(110.8,71.,-37.47706773014));
#5006 = VECTOR('',#5007,1.);
#5007 = DIRECTION('',(1.,0.,0.));
#5008 = ORIENTED_EDGE('',*,*,#2440,.T.);
#5009 = ORIENTED_EDGE('',*,*,#4980,.T.);
#5010 = CYLINDRICAL_SURFACE('',#5011,5.3);
#5011 = AXIS2_PLACEMENT_3D('',#5012,#5013,#5014);
#5012 = CARTESIAN_POINT('',(110.8,67.,-34.));
#5013 = DIRECTION('',(1.,0.,0.));
#5014 = DIRECTION('',(0.,0.,1.));
#5015 = ADVANCED_FACE('',(#5016),#5034,.F.);
#5016 = FACE_BOUND('',#5017,.F.);
#5017 = EDGE_LOOP('',(#5018,#5019,#5020,#5028));
#5018 = ORIENTED_EDGE('',*,*,#2432,.F.);
#5019 = ORIENTED_EDGE('',*,*,#5003,.T.);
#5020 = ORIENTED_EDGE('',*,*,#5021,.T.);
#5021 = EDGE_CURVE('',#4995,#5022,#5024,.T.);
#5022 = VERTEX_POINT('',#5023);
#5023 = CARTESIAN_POINT('',(114.,71.,-40.64589803375));
#5024 = LINE('',#5025,#5026);
#5025 = CARTESIAN_POINT('',(114.,71.,56.));
#5026 = VECTOR('',#5027,1.);
#5027 = DIRECTION('',(1.1E-16,0.,-1.));
#5028 = ORIENTED_EDGE('',*,*,#5029,.F.);
#5029 = EDGE_CURVE('',#2424,#5022,#5030,.T.);
#5030 = LINE('',#5031,#5032);
#5031 = CARTESIAN_POINT('',(107.,71.,-40.64589803375));
#5032 = VECTOR('',#5033,1.);
#5033 = DIRECTION('',(1.,0.,0.));
#5034 = PLANE('',#5035);
#5035 = AXIS2_PLACEMENT_3D('',#5036,#5037,#5038);
#5036 = CARTESIAN_POINT('',(110.8,71.,89.));
#5037 = DIRECTION('',(0.,1.,0.));
#5038 = DIRECTION('',(1.,0.,0.));
#5039 = ADVANCED_FACE('',(#5040),#5084,.T.);
#5040 = FACE_BOUND('',#5041,.T.);
#5041 = EDGE_LOOP('',(#5042,#5052,#5059,#5060,#5061,#5069,#5076,#5077));
#5042 = ORIENTED_EDGE('',*,*,#5043,.T.);
#5043 = EDGE_CURVE('',#5044,#5046,#5048,.T.);
#5044 = VERTEX_POINT('',#5045);
#5045 = CARTESIAN_POINT('',(107.,68.,-39.5));
#5046 = VERTEX_POINT('',#5047);
#5047 = CARTESIAN_POINT('',(114.,68.,-39.5));
#5048 = LINE('',#5049,#5050);
#5049 = CARTESIAN_POINT('',(107.,68.,-39.5));
#5050 = VECTOR('',#5051,1.);
#5051 = DIRECTION('',(1.,0.,0.));
#5052 = ORIENTED_EDGE('',*,*,#5053,.F.);
#5053 = EDGE_CURVE('',#5022,#5046,#5054,.T.);
#5054 = CIRCLE('',#5055,4.5);
#5055 = AXIS2_PLACEMENT_3D('',#5056,#5057,#5058);
#5056 = CARTESIAN_POINT('',(114.,68.,-44.));
#5057 = DIRECTION('',(1.,0.,-0.));
#5058 = DIRECTION('',(0.,0.,1.));
#5059 = ORIENTED_EDGE('',*,*,#5029,.F.);
#5060 = ORIENTED_EDGE('',*,*,#2423,.F.);
#5061 = ORIENTED_EDGE('',*,*,#5062,.T.);
#5062 = EDGE_CURVE('',#2416,#5063,#5065,.T.);
#5063 = VERTEX_POINT('',#5064);
#5064 = CARTESIAN_POINT('',(114.,63.968871125851,-46.));
#5065 = LINE('',#5066,#5067);
#5066 = CARTESIAN_POINT('',(107.,63.968871125851,-46.));
#5067 = VECTOR('',#5068,1.);
#5068 = DIRECTION('',(1.,0.,0.));
#5069 = ORIENTED_EDGE('',*,*,#5070,.F.);
#5070 = EDGE_CURVE('',#5046,#5063,#5071,.T.);
#5071 = CIRCLE('',#5072,4.5);
#5072 = AXIS2_PLACEMENT_3D('',#5073,#5074,#5075);
#5073 = CARTESIAN_POINT('',(114.,68.,-44.));
#5074 = DIRECTION('',(1.,0.,-0.));
#5075 = DIRECTION('',(0.,0.,1.));
#5076 = ORIENTED_EDGE('',*,*,#5043,.F.);
#5077 = ORIENTED_EDGE('',*,*,#5078,.T.);
#5078 = EDGE_CURVE('',#5044,#5044,#5079,.T.);
#5079 = CIRCLE('',#5080,4.5);
#5080 = AXIS2_PLACEMENT_3D('',#5081,#5082,#5083);
#5081 = CARTESIAN_POINT('',(107.,68.,-44.));
#5082 = DIRECTION('',(1.,0.,-0.));
#5083 = DIRECTION('',(0.,0.,1.));
#5084 = CYLINDRICAL_SURFACE('',#5085,4.5);
#5085 = AXIS2_PLACEMENT_3D('',#5086,#5087,#5088);
#5086 = CARTESIAN_POINT('',(107.,68.,-44.));
#5087 = DIRECTION('',(1.,0.,0.));
#5088 = DIRECTION('',(0.,0.,1.));
#5089 = ADVANCED_FACE('',(#5090),#5108,.F.);
#5090 = FACE_BOUND('',#5091,.F.);
#5091 = EDGE_LOOP('',(#5092,#5100,#5101,#5102));
#5092 = ORIENTED_EDGE('',*,*,#5093,.F.);
#5093 = EDGE_CURVE('',#2407,#5094,#5096,.T.);
#5094 = VERTEX_POINT('',#5095);
#5095 = CARTESIAN_POINT('',(114.,-63.96887112585,-46.));
#5096 = LINE('',#5097,#5098);
#5097 = CARTESIAN_POINT('',(107.,-63.96887112585,-46.));
#5098 = VECTOR('',#5099,1.);
#5099 = DIRECTION('',(1.,0.,0.));
#5100 = ORIENTED_EDGE('',*,*,#2415,.F.);
#5101 = ORIENTED_EDGE('',*,*,#5062,.T.);
#5102 = ORIENTED_EDGE('',*,*,#5103,.T.);
#5103 = EDGE_CURVE('',#5063,#5094,#5104,.T.);
#5104 = LINE('',#5105,#5106);
#5105 = CARTESIAN_POINT('',(114.,-34.,-46.));
#5106 = VECTOR('',#5107,1.);
#5107 = DIRECTION('',(0.,-1.,0.));
#5108 = PLANE('',#5109);
#5109 = AXIS2_PLACEMENT_3D('',#5110,#5111,#5112);
#5110 = CARTESIAN_POINT('',(110.8,-68.,-46.));
#5111 = DIRECTION('',(0.,0.,-1.));
#5112 = DIRECTION('',(1.,0.,0.));
#5113 = ADVANCED_FACE('',(#5114),#5158,.T.);
#5114 = FACE_BOUND('',#5115,.T.);
#5115 = EDGE_LOOP('',(#5116,#5126,#5133,#5134,#5135,#5143,#5150,#5151));
#5116 = ORIENTED_EDGE('',*,*,#5117,.T.);
#5117 = EDGE_CURVE('',#5118,#5120,#5122,.T.);
#5118 = VERTEX_POINT('',#5119);
#5119 = CARTESIAN_POINT('',(107.,-68.,-39.5));
#5120 = VERTEX_POINT('',#5121);
#5121 = CARTESIAN_POINT('',(114.,-68.,-39.5));
#5122 = LINE('',#5123,#5124);
#5123 = CARTESIAN_POINT('',(107.,-68.,-39.5));
#5124 = VECTOR('',#5125,1.);
#5125 = DIRECTION('',(1.,0.,0.));
#5126 = ORIENTED_EDGE('',*,*,#5127,.F.);
#5127 = EDGE_CURVE('',#5094,#5120,#5128,.T.);
#5128 = CIRCLE('',#5129,4.5);
#5129 = AXIS2_PLACEMENT_3D('',#5130,#5131,#5132);
#5130 = CARTESIAN_POINT('',(114.,-68.,-44.));
#5131 = DIRECTION('',(1.,0.,-0.));
#5132 = DIRECTION('',(0.,0.,1.));
#5133 = ORIENTED_EDGE('',*,*,#5093,.F.);
#5134 = ORIENTED_EDGE('',*,*,#2406,.F.);
#5135 = ORIENTED_EDGE('',*,*,#5136,.T.);
#5136 = EDGE_CURVE('',#2399,#5137,#5139,.T.);
#5137 = VERTEX_POINT('',#5138);
#5138 = CARTESIAN_POINT('',(114.,-71.,-40.64589803375));
#5139 = LINE('',#5140,#5141);
#5140 = CARTESIAN_POINT('',(107.,-71.,-40.64589803375));
#5141 = VECTOR('',#5142,1.);
#5142 = DIRECTION('',(1.,0.,0.));
#5143 = ORIENTED_EDGE('',*,*,#5144,.F.);
#5144 = EDGE_CURVE('',#5120,#5137,#5145,.T.);
#5145 = CIRCLE('',#5146,4.5);
#5146 = AXIS2_PLACEMENT_3D('',#5147,#5148,#5149);
#5147 = CARTESIAN_POINT('',(114.,-68.,-44.));
#5148 = DIRECTION('',(1.,0.,-0.));
#5149 = DIRECTION('',(0.,0.,1.));
#5150 = ORIENTED_EDGE('',*,*,#5117,.F.);
#5151 = ORIENTED_EDGE('',*,*,#5152,.T.);
#5152 = EDGE_CURVE('',#5118,#5118,#5153,.T.);
#5153 = CIRCLE('',#5154,4.5);
#5154 = AXIS2_PLACEMENT_3D('',#5155,#5156,#5157);
#5155 = CARTESIAN_POINT('',(107.,-68.,-44.));
#5156 = DIRECTION('',(1.,0.,-0.));
#5157 = DIRECTION('',(0.,0.,1.));
#5158 = CYLINDRICAL_SURFACE('',#5159,4.5);
#5159 = AXIS2_PLACEMENT_3D('',#5160,#5161,#5162);
#5160 = CARTESIAN_POINT('',(107.,-68.,-44.));
#5161 = DIRECTION('',(1.,0.,0.));
#5162 = DIRECTION('',(0.,0.,1.));
#5163 = ADVANCED_FACE('',(#5164),#5182,.T.);
#5164 = FACE_BOUND('',#5165,.T.);
#5165 = EDGE_LOOP('',(#5166,#5167,#5175,#5181));
#5166 = ORIENTED_EDGE('',*,*,#2398,.F.);
#5167 = ORIENTED_EDGE('',*,*,#5168,.T.);
#5168 = EDGE_CURVE('',#2390,#5169,#5171,.T.);
#5169 = VERTEX_POINT('',#5170);
#5170 = CARTESIAN_POINT('',(114.,-71.,-37.47706773014));
#5171 = LINE('',#5172,#5173);
#5172 = CARTESIAN_POINT('',(110.8,-71.,-37.47706773014));
#5173 = VECTOR('',#5174,1.);
#5174 = DIRECTION('',(1.,0.,0.));
#5175 = ORIENTED_EDGE('',*,*,#5176,.T.);
#5176 = EDGE_CURVE('',#5169,#5137,#5177,.T.);
#5177 = LINE('',#5178,#5179);
#5178 = CARTESIAN_POINT('',(114.,-71.,56.));
#5179 = VECTOR('',#5180,1.);
#5180 = DIRECTION('',(1.1E-16,0.,-1.));
#5181 = ORIENTED_EDGE('',*,*,#5136,.F.);
#5182 = PLANE('',#5183);
#5183 = AXIS2_PLACEMENT_3D('',#5184,#5185,#5186);
#5184 = CARTESIAN_POINT('',(110.8,-71.,89.));
#5185 = DIRECTION('',(0.,1.,0.));
#5186 = DIRECTION('',(1.,0.,0.));
#5187 = ADVANCED_FACE('',(#5188),#5207,.F.);
#5188 = FACE_BOUND('',#5189,.F.);
#5189 = EDGE_LOOP('',(#5190,#5199,#5205,#5206));
#5190 = ORIENTED_EDGE('',*,*,#5191,.F.);
#5191 = EDGE_CURVE('',#5192,#5169,#5194,.T.);
#5192 = VERTEX_POINT('',#5193);
#5193 = CARTESIAN_POINT('',(114.,-71.,-30.52293226985));
#5194 = CIRCLE('',#5195,5.3);
#5195 = AXIS2_PLACEMENT_3D('',#5196,#5197,#5198);
#5196 = CARTESIAN_POINT('',(114.,-67.,-34.));
#5197 = DIRECTION('',(1.,0.,-0.));
#5198 = DIRECTION('',(0.,0.,1.));
#5199 = ORIENTED_EDGE('',*,*,#5200,.F.);
#5200 = EDGE_CURVE('',#2382,#5192,#5201,.T.);
#5201 = LINE('',#5202,#5203);
#5202 = CARTESIAN_POINT('',(110.8,-71.,-30.52293226985));
#5203 = VECTOR('',#5204,1.);
#5204 = DIRECTION('',(1.,0.,0.));
#5205 = ORIENTED_EDGE('',*,*,#2389,.T.);
#5206 = ORIENTED_EDGE('',*,*,#5168,.T.);
#5207 = CYLINDRICAL_SURFACE('',#5208,5.3);
#5208 = AXIS2_PLACEMENT_3D('',#5209,#5210,#5211);
#5209 = CARTESIAN_POINT('',(110.8,-67.,-34.));
#5210 = DIRECTION('',(1.,0.,0.));
#5211 = DIRECTION('',(0.,0.,1.));
#5212 = ADVANCED_FACE('',(#5213),#5231,.T.);
#5213 = FACE_BOUND('',#5214,.T.);
#5214 = EDGE_LOOP('',(#5215,#5216,#5224,#5230));
#5215 = ORIENTED_EDGE('',*,*,#2381,.F.);
#5216 = ORIENTED_EDGE('',*,*,#5217,.T.);
#5217 = EDGE_CURVE('',#2373,#5218,#5220,.T.);
#5218 = VERTEX_POINT('',#5219);
#5219 = CARTESIAN_POINT('',(114.,-71.,22.522932269857));
#5220 = LINE('',#5221,#5222);
#5221 = CARTESIAN_POINT('',(110.8,-71.,22.522932269857));
#5222 = VECTOR('',#5223,1.);
#5223 = DIRECTION('',(1.,0.,0.));
#5224 = ORIENTED_EDGE('',*,*,#5225,.T.);
#5225 = EDGE_CURVE('',#5218,#5192,#5226,.T.);
#5226 = LINE('',#5227,#5228);
#5227 = CARTESIAN_POINT('',(114.,-71.,56.));
#5228 = VECTOR('',#5229,1.);
#5229 = DIRECTION('',(1.1E-16,0.,-1.));
#5230 = ORIENTED_EDGE('',*,*,#5200,.F.);
#5231 = PLANE('',#5232);
#5232 = AXIS2_PLACEMENT_3D('',#5233,#5234,#5235);
#5233 = CARTESIAN_POINT('',(110.8,-71.,89.));
#5234 = DIRECTION('',(0.,1.,0.));
#5235 = DIRECTION('',(1.,0.,0.));
#5236 = ADVANCED_FACE('',(#5237),#5256,.F.);
#5237 = FACE_BOUND('',#5238,.F.);
#5238 = EDGE_LOOP('',(#5239,#5248,#5254,#5255));
#5239 = ORIENTED_EDGE('',*,*,#5240,.F.);
#5240 = EDGE_CURVE('',#5241,#5218,#5243,.T.);
#5241 = VERTEX_POINT('',#5242);
#5242 = CARTESIAN_POINT('',(114.,-71.,29.477067730143));
#5243 = CIRCLE('',#5244,5.3);
#5244 = AXIS2_PLACEMENT_3D('',#5245,#5246,#5247);
#5245 = CARTESIAN_POINT('',(114.,-67.,26.));
#5246 = DIRECTION('',(1.,0.,-0.));
#5247 = DIRECTION('',(0.,0.,1.));
#5248 = ORIENTED_EDGE('',*,*,#5249,.F.);
#5249 = EDGE_CURVE('',#2365,#5241,#5250,.T.);
#5250 = LINE('',#5251,#5252);
#5251 = CARTESIAN_POINT('',(110.8,-71.,29.477067730143));
#5252 = VECTOR('',#5253,1.);
#5253 = DIRECTION('',(1.,0.,0.));
#5254 = ORIENTED_EDGE('',*,*,#2372,.T.);
#5255 = ORIENTED_EDGE('',*,*,#5217,.T.);
#5256 = CYLINDRICAL_SURFACE('',#5257,5.3);
#5257 = AXIS2_PLACEMENT_3D('',#5258,#5259,#5260);
#5258 = CARTESIAN_POINT('',(110.8,-67.,26.));
#5259 = DIRECTION('',(1.,0.,0.));
#5260 = DIRECTION('',(0.,0.,1.));
#5261 = ADVANCED_FACE('',(#5262),#5280,.T.);
#5262 = FACE_BOUND('',#5263,.T.);
#5263 = EDGE_LOOP('',(#5264,#5265,#5273,#5279));
#5264 = ORIENTED_EDGE('',*,*,#2364,.F.);
#5265 = ORIENTED_EDGE('',*,*,#5266,.T.);
#5266 = EDGE_CURVE('',#2356,#5267,#5269,.T.);
#5267 = VERTEX_POINT('',#5268);
#5268 = CARTESIAN_POINT('',(114.,-71.,84.64589803375));
#5269 = LINE('',#5270,#5271);
#5270 = CARTESIAN_POINT('',(107.,-71.,84.64589803375));
#5271 = VECTOR('',#5272,1.);
#5272 = DIRECTION('',(1.,0.,0.));
#5273 = ORIENTED_EDGE('',*,*,#5274,.T.);
#5274 = EDGE_CURVE('',#5267,#5241,#5275,.T.);
#5275 = LINE('',#5276,#5277);
#5276 = CARTESIAN_POINT('',(114.,-71.,56.));
#5277 = VECTOR('',#5278,1.);
#5278 = DIRECTION('',(1.1E-16,0.,-1.));
#5279 = ORIENTED_EDGE('',*,*,#5249,.F.);
#5280 = PLANE('',#5281);
#5281 = AXIS2_PLACEMENT_3D('',#5282,#5283,#5284);
#5282 = CARTESIAN_POINT('',(110.8,-71.,89.));
#5283 = DIRECTION('',(0.,1.,0.));
#5284 = DIRECTION('',(1.,0.,0.));
#5285 = ADVANCED_FACE('',(#5286),#5322,.T.);
#5286 = FACE_BOUND('',#5287,.T.);
#5287 = EDGE_LOOP('',(#5288,#5297,#5298,#5299,#5307,#5314,#5315,#5316));
#5288 = ORIENTED_EDGE('',*,*,#5289,.F.);
#5289 = EDGE_CURVE('',#5267,#5290,#5292,.T.);
#5290 = VERTEX_POINT('',#5291);
#5291 = CARTESIAN_POINT('',(114.,-65.93844718719,92.));
#5292 = CIRCLE('',#5293,4.5);
#5293 = AXIS2_PLACEMENT_3D('',#5294,#5295,#5296);
#5294 = CARTESIAN_POINT('',(114.,-68.,88.));
#5295 = DIRECTION('',(1.,0.,-0.));
#5296 = DIRECTION('',(0.,0.,1.));
#5297 = ORIENTED_EDGE('',*,*,#5266,.F.);
#5298 = ORIENTED_EDGE('',*,*,#2355,.F.);
#5299 = ORIENTED_EDGE('',*,*,#5300,.F.);
#5300 = EDGE_CURVE('',#5301,#2347,#5303,.T.);
#5301 = VERTEX_POINT('',#5302);
#5302 = CARTESIAN_POINT('',(107.,-68.,92.5));
#5303 = LINE('',#5304,#5305);
#5304 = CARTESIAN_POINT('',(107.,-68.,92.5));
#5305 = VECTOR('',#5306,1.);
#5306 = DIRECTION('',(1.,0.,0.));
#5307 = ORIENTED_EDGE('',*,*,#5308,.T.);
#5308 = EDGE_CURVE('',#5301,#5301,#5309,.T.);
#5309 = CIRCLE('',#5310,4.5);
#5310 = AXIS2_PLACEMENT_3D('',#5311,#5312,#5313);
#5311 = CARTESIAN_POINT('',(107.,-68.,88.));
#5312 = DIRECTION('',(1.,0.,-0.));
#5313 = DIRECTION('',(0.,0.,1.));
#5314 = ORIENTED_EDGE('',*,*,#5300,.T.);
#5315 = ORIENTED_EDGE('',*,*,#2346,.F.);
#5316 = ORIENTED_EDGE('',*,*,#5317,.T.);
#5317 = EDGE_CURVE('',#2339,#5290,#5318,.T.);
#5318 = LINE('',#5319,#5320);
#5319 = CARTESIAN_POINT('',(107.,-65.93844718719,92.));
#5320 = VECTOR('',#5321,1.);
#5321 = DIRECTION('',(1.,0.,0.));
#5322 = CYLINDRICAL_SURFACE('',#5323,4.5);
#5323 = AXIS2_PLACEMENT_3D('',#5324,#5325,#5326);
#5324 = CARTESIAN_POINT('',(107.,-68.,88.));
#5325 = DIRECTION('',(1.,0.,0.));
#5326 = DIRECTION('',(0.,0.,1.));
#5327 = ADVANCED_FACE('',(#5328),#5339,.T.);
#5328 = FACE_BOUND('',#5329,.T.);
#5329 = EDGE_LOOP('',(#5330,#5331,#5332,#5333));
#5330 = ORIENTED_EDGE('',*,*,#5317,.F.);
#5331 = ORIENTED_EDGE('',*,*,#2338,.F.);
#5332 = ORIENTED_EDGE('',*,*,#4883,.T.);
#5333 = ORIENTED_EDGE('',*,*,#5334,.T.);
#5334 = EDGE_CURVE('',#4873,#5290,#5335,.T.);
#5335 = LINE('',#5336,#5337);
#5336 = CARTESIAN_POINT('',(114.,-34.,92.));
#5337 = VECTOR('',#5338,1.);
#5338 = DIRECTION('',(0.,-1.,0.));
#5339 = PLANE('',#5340);
#5340 = AXIS2_PLACEMENT_3D('',#5341,#5342,#5343);
#5341 = CARTESIAN_POINT('',(110.8,-68.,92.));
#5342 = DIRECTION('',(0.,0.,-1.));
#5343 = DIRECTION('',(1.,0.,0.));
#5344 = ADVANCED_FACE('',(#5345),#5370,.T.);
#5345 = FACE_BOUND('',#5346,.T.);
#5346 = EDGE_LOOP('',(#5347,#5355,#5363,#5369));
#5347 = ORIENTED_EDGE('',*,*,#5348,.T.);
#5348 = EDGE_CURVE('',#2739,#5349,#5351,.T.);
#5349 = VERTEX_POINT('',#5350);
#5350 = CARTESIAN_POINT('',(92.,-57.,-35.));
#5351 = LINE('',#5352,#5353);
#5352 = CARTESIAN_POINT('',(92.,-80.,-35.));
#5353 = VECTOR('',#5354,1.);
#5354 = DIRECTION('',(0.,1.,0.));
#5355 = ORIENTED_EDGE('',*,*,#5356,.F.);
#5356 = EDGE_CURVE('',#5357,#5349,#5359,.T.);
#5357 = VERTEX_POINT('',#5358);
#5358 = CARTESIAN_POINT('',(86.,-57.,-35.));
#5359 = LINE('',#5360,#5361);
#5360 = CARTESIAN_POINT('',(86.,-57.,-35.));
#5361 = VECTOR('',#5362,1.);
#5362 = DIRECTION('',(1.,0.,0.));
#5363 = ORIENTED_EDGE('',*,*,#5364,.F.);
#5364 = EDGE_CURVE('',#2737,#5357,#5365,.T.);
#5365 = LINE('',#5366,#5367);
#5366 = CARTESIAN_POINT('',(86.,-80.,-35.));
#5367 = VECTOR('',#5368,1.);
#5368 = DIRECTION('',(0.,1.,0.));
#5369 = ORIENTED_EDGE('',*,*,#2736,.T.);
#5370 = PLANE('',#5371);
#5371 = AXIS2_PLACEMENT_3D('',#5372,#5373,#5374);
#5372 = CARTESIAN_POINT('',(86.,-80.,-35.));
#5373 = DIRECTION('',(0.,0.,1.));
#5374 = DIRECTION('',(1.,0.,0.));
#5375 = ADVANCED_FACE('',(#5376,#5394),#5405,.F.);
#5376 = FACE_BOUND('',#5377,.F.);
#5377 = EDGE_LOOP('',(#5378,#5379,#5380,#5388));
#5378 = ORIENTED_EDGE('',*,*,#5364,.F.);
#5379 = ORIENTED_EDGE('',*,*,#2746,.T.);
#5380 = ORIENTED_EDGE('',*,*,#5381,.T.);
#5381 = EDGE_CURVE('',#2747,#5382,#5384,.T.);
#5382 = VERTEX_POINT('',#5383);
#5383 = CARTESIAN_POINT('',(86.,-57.,-45.));
#5384 = LINE('',#5385,#5386);
#5385 = CARTESIAN_POINT('',(86.,-80.,-45.));
#5386 = VECTOR('',#5387,1.);
#5387 = DIRECTION('',(0.,1.,0.));
#5388 = ORIENTED_EDGE('',*,*,#5389,.T.);
#5389 = EDGE_CURVE('',#5382,#5357,#5390,.T.);
#5390 = LINE('',#5391,#5392);
#5391 = CARTESIAN_POINT('',(86.,-57.,-45.));
#5392 = VECTOR('',#5393,1.);
#5393 = DIRECTION('',(0.,0.,1.));
#5394 = FACE_BOUND('',#5395,.F.);
#5395 = EDGE_LOOP('',(#5396));
#5396 = ORIENTED_EDGE('',*,*,#5397,.F.);
#5397 = EDGE_CURVE('',#5398,#5398,#5400,.T.);
#5398 = VERTEX_POINT('',#5399);
#5399 = CARTESIAN_POINT('',(86.,-62.,-38.3));
#5400 = CIRCLE('',#5401,1.7);
#5401 = AXIS2_PLACEMENT_3D('',#5402,#5403,#5404);
#5402 = CARTESIAN_POINT('',(86.,-62.,-40.));
#5403 = DIRECTION('',(1.,0.,-0.));
#5404 = DIRECTION('',(0.,0.,1.));
#5405 = PLANE('',#5406);
#5406 = AXIS2_PLACEMENT_3D('',#5407,#5408,#5409);
#5407 = CARTESIAN_POINT('',(86.,-80.,-45.));
#5408 = DIRECTION('',(1.,0.,0.));
#5409 = DIRECTION('',(0.,0.,1.));
#5410 = ADVANCED_FACE('',(#5411,#5429),#5440,.T.);
#5411 = FACE_BOUND('',#5412,.T.);
#5412 = EDGE_LOOP('',(#5413,#5414,#5415,#5423));
#5413 = ORIENTED_EDGE('',*,*,#5348,.F.);
#5414 = ORIENTED_EDGE('',*,*,#2762,.T.);
#5415 = ORIENTED_EDGE('',*,*,#5416,.T.);
#5416 = EDGE_CURVE('',#2755,#5417,#5419,.T.);
#5417 = VERTEX_POINT('',#5418);
#5418 = CARTESIAN_POINT('',(92.,-57.,-45.));
#5419 = LINE('',#5420,#5421);
#5420 = CARTESIAN_POINT('',(92.,-80.,-45.));
#5421 = VECTOR('',#5422,1.);
#5422 = DIRECTION('',(0.,1.,0.));
#5423 = ORIENTED_EDGE('',*,*,#5424,.T.);
#5424 = EDGE_CURVE('',#5417,#5349,#5425,.T.);
#5425 = LINE('',#5426,#5427);
#5426 = CARTESIAN_POINT('',(92.,-57.,-45.));
#5427 = VECTOR('',#5428,1.);
#5428 = DIRECTION('',(0.,0.,1.));
#5429 = FACE_BOUND('',#5430,.T.);
#5430 = EDGE_LOOP('',(#5431));
#5431 = ORIENTED_EDGE('',*,*,#5432,.F.);
#5432 = EDGE_CURVE('',#5433,#5433,#5435,.T.);
#5433 = VERTEX_POINT('',#5434);
#5434 = CARTESIAN_POINT('',(92.,-62.,-38.3));
#5435 = CIRCLE('',#5436,1.7);
#5436 = AXIS2_PLACEMENT_3D('',#5437,#5438,#5439);
#5437 = CARTESIAN_POINT('',(92.,-62.,-40.));
#5438 = DIRECTION('',(1.,0.,-0.));
#5439 = DIRECTION('',(0.,0.,1.));
#5440 = PLANE('',#5441);
#5441 = AXIS2_PLACEMENT_3D('',#5442,#5443,#5444);
#5442 = CARTESIAN_POINT('',(92.,-80.,-45.));
#5443 = DIRECTION('',(1.,0.,0.));
#5444 = DIRECTION('',(0.,0.,1.));
#5445 = ADVANCED_FACE('',(#5446),#5457,.F.);
#5446 = FACE_BOUND('',#5447,.T.);
#5447 = EDGE_LOOP('',(#5448,#5449,#5450,#5451));
#5448 = ORIENTED_EDGE('',*,*,#5416,.F.);
#5449 = ORIENTED_EDGE('',*,*,#2754,.F.);
#5450 = ORIENTED_EDGE('',*,*,#5381,.T.);
#5451 = ORIENTED_EDGE('',*,*,#5452,.T.);
#5452 = EDGE_CURVE('',#5382,#5417,#5453,.T.);
#5453 = LINE('',#5454,#5455);
#5454 = CARTESIAN_POINT('',(86.,-57.,-45.));
#5455 = VECTOR('',#5456,1.);
#5456 = DIRECTION('',(1.,0.,0.));
#5457 = PLANE('',#5458);
#5458 = AXIS2_PLACEMENT_3D('',#5459,#5460,#5461);
#5459 = CARTESIAN_POINT('',(86.,-80.,-45.));
#5460 = DIRECTION('',(0.,0.,1.));
#5461 = DIRECTION('',(1.,0.,0.));
#5462 = ADVANCED_FACE('',(#5463),#5516,.T.);
#5463 = FACE_BOUND('',#5464,.T.);
#5464 = EDGE_LOOP('',(#5465,#5473,#5474,#5475,#5484,#5492,#5501,#5509));
#5465 = ORIENTED_EDGE('',*,*,#5466,.T.);
#5466 = EDGE_CURVE('',#5467,#2771,#5469,.T.);
#5467 = VERTEX_POINT('',#5468);
#5468 = CARTESIAN_POINT('',(45.,-75.,27.));
#5469 = LINE('',#5470,#5471);
#5470 = CARTESIAN_POINT('',(45.,-75.,27.));
#5471 = VECTOR('',#5472,1.);
#5472 = DIRECTION('',(0.,-1.,0.));
#5473 = ORIENTED_EDGE('',*,*,#2770,.F.);
#5474 = ORIENTED_EDGE('',*,*,#5466,.F.);
#5475 = ORIENTED_EDGE('',*,*,#5476,.T.);
#5476 = EDGE_CURVE('',#5467,#5477,#5479,.T.);
#5477 = VERTEX_POINT('',#5478);
#5478 = CARTESIAN_POINT('',(38.385621722339,-75.,39.5));
#5479 = CIRCLE('',#5480,8.);
#5480 = AXIS2_PLACEMENT_3D('',#5481,#5482,#5483);
#5481 = CARTESIAN_POINT('',(45.,-75.,35.));
#5482 = DIRECTION('',(0.,-1.,0.));
#5483 = DIRECTION('',(0.,0.,-1.));
#5484 = ORIENTED_EDGE('',*,*,#5485,.T.);
#5485 = EDGE_CURVE('',#5477,#5486,#5488,.T.);
#5486 = VERTEX_POINT('',#5487);
#5487 = CARTESIAN_POINT('',(38.385621722339,-78.5,39.5));
#5488 = LINE('',#5489,#5490);
#5489 = CARTESIAN_POINT('',(38.385621722339,-75.,39.5));
#5490 = VECTOR('',#5491,1.);
#5491 = DIRECTION('',(0.,-1.,0.));
#5492 = ORIENTED_EDGE('',*,*,#5493,.T.);
#5493 = EDGE_CURVE('',#5486,#5494,#5496,.T.);
#5494 = VERTEX_POINT('',#5495);
#5495 = CARTESIAN_POINT('',(39.5,-78.5,29.190524980689));
#5496 = CIRCLE('',#5497,8.);
#5497 = AXIS2_PLACEMENT_3D('',#5498,#5499,#5500);
#5498 = CARTESIAN_POINT('',(45.,-78.5,35.));
#5499 = DIRECTION('',(0.,-1.,0.));
#5500 = DIRECTION('',(0.,0.,-1.));
#5501 = ORIENTED_EDGE('',*,*,#5502,.F.);
#5502 = EDGE_CURVE('',#5503,#5494,#5505,.T.);
#5503 = VERTEX_POINT('',#5504);
#5504 = CARTESIAN_POINT('',(39.5,-75.,29.190524980689));
#5505 = LINE('',#5506,#5507);
#5506 = CARTESIAN_POINT('',(39.5,-75.,29.190524980689));
#5507 = VECTOR('',#5508,1.);
#5508 = DIRECTION('',(0.,-1.,0.));
#5509 = ORIENTED_EDGE('',*,*,#5510,.T.);
#5510 = EDGE_CURVE('',#5503,#5467,#5511,.T.);
#5511 = CIRCLE('',#5512,8.);
#5512 = AXIS2_PLACEMENT_3D('',#5513,#5514,#5515);
#5513 = CARTESIAN_POINT('',(45.,-75.,35.));
#5514 = DIRECTION('',(0.,-1.,0.));
#5515 = DIRECTION('',(0.,0.,-1.));
#5516 = CYLINDRICAL_SURFACE('',#5517,8.);
#5517 = AXIS2_PLACEMENT_3D('',#5518,#5519,#5520);
#5518 = CARTESIAN_POINT('',(45.,-75.,35.));
#5519 = DIRECTION('',(0.,-1.,0.));
#5520 = DIRECTION('',(0.,0.,-1.));
#5521 = ADVANCED_FACE('',(#5522),#5547,.T.);
#5522 = FACE_BOUND('',#5523,.T.);
#5523 = EDGE_LOOP('',(#5524,#5532,#5540,#5546));
#5524 = ORIENTED_EDGE('',*,*,#5525,.T.);
#5525 = EDGE_CURVE('',#2784,#5526,#5528,.T.);
#5526 = VERTEX_POINT('',#5527);
#5527 = CARTESIAN_POINT('',(92.,-57.,46.));
#5528 = LINE('',#5529,#5530);
#5529 = CARTESIAN_POINT('',(92.,-80.,46.));
#5530 = VECTOR('',#5531,1.);
#5531 = DIRECTION('',(0.,1.,0.));
#5532 = ORIENTED_EDGE('',*,*,#5533,.F.);
#5533 = EDGE_CURVE('',#5534,#5526,#5536,.T.);
#5534 = VERTEX_POINT('',#5535);
#5535 = CARTESIAN_POINT('',(86.,-57.,46.));
#5536 = LINE('',#5537,#5538);
#5537 = CARTESIAN_POINT('',(86.,-57.,46.));
#5538 = VECTOR('',#5539,1.);
#5539 = DIRECTION('',(1.,0.,0.));
#5540 = ORIENTED_EDGE('',*,*,#5541,.F.);
#5541 = EDGE_CURVE('',#2782,#5534,#5542,.T.);
#5542 = LINE('',#5543,#5544);
#5543 = CARTESIAN_POINT('',(86.,-80.,46.));
#5544 = VECTOR('',#5545,1.);
#5545 = DIRECTION('',(0.,1.,0.));
#5546 = ORIENTED_EDGE('',*,*,#2781,.T.);
#5547 = PLANE('',#5548);
#5548 = AXIS2_PLACEMENT_3D('',#5549,#5550,#5551);
#5549 = CARTESIAN_POINT('',(86.,-80.,46.));
#5550 = DIRECTION('',(0.,0.,1.));
#5551 = DIRECTION('',(1.,0.,0.));
#5552 = ADVANCED_FACE('',(#5553,#5571),#5582,.F.);
#5553 = FACE_BOUND('',#5554,.F.);
#5554 = EDGE_LOOP('',(#5555,#5556,#5557,#5565));
#5555 = ORIENTED_EDGE('',*,*,#5541,.F.);
#5556 = ORIENTED_EDGE('',*,*,#2791,.T.);
#5557 = ORIENTED_EDGE('',*,*,#5558,.T.);
#5558 = EDGE_CURVE('',#2792,#5559,#5561,.T.);
#5559 = VERTEX_POINT('',#5560);
#5560 = CARTESIAN_POINT('',(86.,-57.,36.));
#5561 = LINE('',#5562,#5563);
#5562 = CARTESIAN_POINT('',(86.,-80.,36.));
#5563 = VECTOR('',#5564,1.);
#5564 = DIRECTION('',(0.,1.,0.));
#5565 = ORIENTED_EDGE('',*,*,#5566,.T.);
#5566 = EDGE_CURVE('',#5559,#5534,#5567,.T.);
#5567 = LINE('',#5568,#5569);
#5568 = CARTESIAN_POINT('',(86.,-57.,36.));
#5569 = VECTOR('',#5570,1.);
#5570 = DIRECTION('',(0.,0.,1.));
#5571 = FACE_BOUND('',#5572,.F.);
#5572 = EDGE_LOOP('',(#5573));
#5573 = ORIENTED_EDGE('',*,*,#5574,.F.);
#5574 = EDGE_CURVE('',#5575,#5575,#5577,.T.);
#5575 = VERTEX_POINT('',#5576);
#5576 = CARTESIAN_POINT('',(86.,-62.,42.7));
#5577 = CIRCLE('',#5578,1.7);
#5578 = AXIS2_PLACEMENT_3D('',#5579,#5580,#5581);
#5579 = CARTESIAN_POINT('',(86.,-62.,41.));
#5580 = DIRECTION('',(1.,0.,-0.));
#5581 = DIRECTION('',(0.,0.,1.));
#5582 = PLANE('',#5583);
#5583 = AXIS2_PLACEMENT_3D('',#5584,#5585,#5586);
#5584 = CARTESIAN_POINT('',(86.,-80.,36.));
#5585 = DIRECTION('',(1.,0.,0.));
#5586 = DIRECTION('',(0.,0.,1.));
#5587 = ADVANCED_FACE('',(#5588,#5606),#5617,.T.);
#5588 = FACE_BOUND('',#5589,.T.);
#5589 = EDGE_LOOP('',(#5590,#5591,#5599,#5605));
#5590 = ORIENTED_EDGE('',*,*,#2807,.T.);
#5591 = ORIENTED_EDGE('',*,*,#5592,.T.);
#5592 = EDGE_CURVE('',#2800,#5593,#5595,.T.);
#5593 = VERTEX_POINT('',#5594);
#5594 = CARTESIAN_POINT('',(92.,-57.,36.));
#5595 = LINE('',#5596,#5597);
#5596 = CARTESIAN_POINT('',(92.,-80.,36.));
#5597 = VECTOR('',#5598,1.);
#5598 = DIRECTION('',(0.,1.,0.));
#5599 = ORIENTED_EDGE('',*,*,#5600,.T.);
#5600 = EDGE_CURVE('',#5593,#5526,#5601,.T.);
#5601 = LINE('',#5602,#5603);
#5602 = CARTESIAN_POINT('',(92.,-57.,36.));
#5603 = VECTOR('',#5604,1.);
#5604 = DIRECTION('',(0.,0.,1.));
#5605 = ORIENTED_EDGE('',*,*,#5525,.F.);
#5606 = FACE_BOUND('',#5607,.T.);
#5607 = EDGE_LOOP('',(#5608));
#5608 = ORIENTED_EDGE('',*,*,#5609,.F.);
#5609 = EDGE_CURVE('',#5610,#5610,#5612,.T.);
#5610 = VERTEX_POINT('',#5611);
#5611 = CARTESIAN_POINT('',(92.,-62.,42.7));
#5612 = CIRCLE('',#5613,1.7);
#5613 = AXIS2_PLACEMENT_3D('',#5614,#5615,#5616);
#5614 = CARTESIAN_POINT('',(92.,-62.,41.));
#5615 = DIRECTION('',(1.,0.,-0.));
#5616 = DIRECTION('',(0.,0.,1.));
#5617 = PLANE('',#5618);
#5618 = AXIS2_PLACEMENT_3D('',#5619,#5620,#5621);
#5619 = CARTESIAN_POINT('',(92.,-80.,36.));
#5620 = DIRECTION('',(1.,0.,0.));
#5621 = DIRECTION('',(0.,0.,1.));
#5622 = ADVANCED_FACE('',(#5623),#5634,.F.);
#5623 = FACE_BOUND('',#5624,.T.);
#5624 = EDGE_LOOP('',(#5625,#5626,#5627,#5628));
#5625 = ORIENTED_EDGE('',*,*,#5592,.F.);
#5626 = ORIENTED_EDGE('',*,*,#2799,.F.);
#5627 = ORIENTED_EDGE('',*,*,#5558,.T.);
#5628 = ORIENTED_EDGE('',*,*,#5629,.T.);
#5629 = EDGE_CURVE('',#5559,#5593,#5630,.T.);
#5630 = LINE('',#5631,#5632);
#5631 = CARTESIAN_POINT('',(86.,-57.,36.));
#5632 = VECTOR('',#5633,1.);
#5633 = DIRECTION('',(1.,0.,0.));
#5634 = PLANE('',#5635);
#5635 = AXIS2_PLACEMENT_3D('',#5636,#5637,#5638);
#5636 = CARTESIAN_POINT('',(86.,-80.,36.));
#5637 = DIRECTION('',(0.,0.,1.));
#5638 = DIRECTION('',(1.,0.,0.));
#5639 = ADVANCED_FACE('',(#5640),#5652,.F.);
#5640 = FACE_BOUND('',#5641,.F.);
#5641 = EDGE_LOOP('',(#5642,#5643,#5644,#5651));
#5642 = ORIENTED_EDGE('',*,*,#2887,.F.);
#5643 = ORIENTED_EDGE('',*,*,#2863,.T.);
#5644 = ORIENTED_EDGE('',*,*,#5645,.F.);
#5645 = EDGE_CURVE('',#2823,#2856,#5646,.T.);
#5646 = CIRCLE('',#5647,36.2);
#5647 = AXIS2_PLACEMENT_3D('',#5648,#5649,#5650);
#5648 = CARTESIAN_POINT('',(0.,78.5,0.));
#5649 = DIRECTION('',(0.,1.,0.));
#5650 = DIRECTION('',(0.,0.,1.));
#5651 = ORIENTED_EDGE('',*,*,#2830,.F.);
#5652 = PLANE('',#5653);
#5653 = AXIS2_PLACEMENT_3D('',#5654,#5655,#5656);
#5654 = CARTESIAN_POINT('',(-2.17E-15,78.5,0.));
#5655 = DIRECTION('',(-0.,1.,-0.));
#5656 = DIRECTION('',(-1.,0.,0.));
#5657 = ADVANCED_FACE('',(#5658),#5663,.T.);
#5658 = FACE_BOUND('',#5659,.T.);
#5659 = EDGE_LOOP('',(#5660,#5661,#5662));
#5660 = ORIENTED_EDGE('',*,*,#2907,.F.);
#5661 = ORIENTED_EDGE('',*,*,#2940,.T.);
#5662 = ORIENTED_EDGE('',*,*,#3503,.F.);
#5663 = SPHERICAL_SURFACE('',#5664,5.);
#5664 = AXIS2_PLACEMENT_3D('',#5665,#5666,#5667);
#5665 = CARTESIAN_POINT('',(112.,77.,95.));
#5666 = DIRECTION('',(0.,-1.,0.));
#5667 = DIRECTION('',(1.,0.,0.));
#5668 = ADVANCED_FACE('',(#5669,#5675,#5709,#5743,#5777,#5811,#5845),
  #5879,.T.);
#5669 = FACE_BOUND('',#5670,.T.);
#5670 = EDGE_LOOP('',(#5671,#5672,#5673,#5674));
#5671 = ORIENTED_EDGE('',*,*,#2955,.F.);
#5672 = ORIENTED_EDGE('',*,*,#3732,.T.);
#5673 = ORIENTED_EDGE('',*,*,#3497,.T.);
#5674 = ORIENTED_EDGE('',*,*,#2932,.F.);
#5675 = FACE_BOUND('',#5676,.T.);
#5676 = EDGE_LOOP('',(#5677,#5687,#5695,#5703));
#5677 = ORIENTED_EDGE('',*,*,#5678,.T.);
#5678 = EDGE_CURVE('',#5679,#5681,#5683,.T.);
#5679 = VERTEX_POINT('',#5680);
#5680 = CARTESIAN_POINT('',(44.,-48.,100.));
#5681 = VERTEX_POINT('',#5682);
#5682 = CARTESIAN_POINT('',(40.,-48.,100.));
#5683 = LINE('',#5684,#5685);
#5684 = CARTESIAN_POINT('',(-27.,-48.,100.));
#5685 = VECTOR('',#5686,1.);
#5686 = DIRECTION('',(-1.,0.,0.));
#5687 = ORIENTED_EDGE('',*,*,#5688,.T.);
#5688 = EDGE_CURVE('',#5681,#5689,#5691,.T.);
#5689 = VERTEX_POINT('',#5690);
#5690 = CARTESIAN_POINT('',(40.,-22.,100.));
#5691 = LINE('',#5692,#5693);
#5692 = CARTESIAN_POINT('',(40.,-65.,100.));
#5693 = VECTOR('',#5694,1.);
#5694 = DIRECTION('',(0.,1.,0.));
#5695 = ORIENTED_EDGE('',*,*,#5696,.F.);
#5696 = EDGE_CURVE('',#5697,#5689,#5699,.T.);
#5697 = VERTEX_POINT('',#5698);
#5698 = CARTESIAN_POINT('',(44.,-22.,100.));
#5699 = LINE('',#5700,#5701);
#5700 = CARTESIAN_POINT('',(-27.,-22.,100.));
#5701 = VECTOR('',#5702,1.);
#5702 = DIRECTION('',(-1.,0.,0.));
#5703 = ORIENTED_EDGE('',*,*,#5704,.F.);
#5704 = EDGE_CURVE('',#5679,#5697,#5705,.T.);
#5705 = LINE('',#5706,#5707);
#5706 = CARTESIAN_POINT('',(44.,-65.,100.));
#5707 = VECTOR('',#5708,1.);
#5708 = DIRECTION('',(0.,1.,0.));
#5709 = FACE_BOUND('',#5710,.T.);
#5710 = EDGE_LOOP('',(#5711,#5721,#5729,#5737));
#5711 = ORIENTED_EDGE('',*,*,#5712,.T.);
#5712 = EDGE_CURVE('',#5713,#5715,#5717,.T.);
#5713 = VERTEX_POINT('',#5714);
#5714 = CARTESIAN_POINT('',(56.,-48.,100.));
#5715 = VERTEX_POINT('',#5716);
#5716 = CARTESIAN_POINT('',(52.,-48.,100.));
#5717 = LINE('',#5718,#5719);
#5718 = CARTESIAN_POINT('',(-21.,-48.,100.));
#5719 = VECTOR('',#5720,1.);
#5720 = DIRECTION('',(-1.,0.,0.));
#5721 = ORIENTED_EDGE('',*,*,#5722,.T.);
#5722 = EDGE_CURVE('',#5715,#5723,#5725,.T.);
#5723 = VERTEX_POINT('',#5724);
#5724 = CARTESIAN_POINT('',(52.,-22.,100.));
#5725 = LINE('',#5726,#5727);
#5726 = CARTESIAN_POINT('',(52.,-65.,100.));
#5727 = VECTOR('',#5728,1.);
#5728 = DIRECTION('',(0.,1.,0.));
#5729 = ORIENTED_EDGE('',*,*,#5730,.F.);
#5730 = EDGE_CURVE('',#5731,#5723,#5733,.T.);
#5731 = VERTEX_POINT('',#5732);
#5732 = CARTESIAN_POINT('',(56.,-22.,100.));
#5733 = LINE('',#5734,#5735);
#5734 = CARTESIAN_POINT('',(-21.,-22.,100.));
#5735 = VECTOR('',#5736,1.);
#5736 = DIRECTION('',(-1.,0.,0.));
#5737 = ORIENTED_EDGE('',*,*,#5738,.F.);
#5738 = EDGE_CURVE('',#5713,#5731,#5739,.T.);
#5739 = LINE('',#5740,#5741);
#5740 = CARTESIAN_POINT('',(56.,-65.,100.));
#5741 = VECTOR('',#5742,1.);
#5742 = DIRECTION('',(0.,1.,0.));
#5743 = FACE_BOUND('',#5744,.T.);
#5744 = EDGE_LOOP('',(#5745,#5755,#5763,#5771));
#5745 = ORIENTED_EDGE('',*,*,#5746,.T.);
#5746 = EDGE_CURVE('',#5747,#5749,#5751,.T.);
#5747 = VERTEX_POINT('',#5748);
#5748 = CARTESIAN_POINT('',(68.,-48.,100.));
#5749 = VERTEX_POINT('',#5750);
#5750 = CARTESIAN_POINT('',(64.,-48.,100.));
#5751 = LINE('',#5752,#5753);
#5752 = CARTESIAN_POINT('',(-15.,-48.,100.));
#5753 = VECTOR('',#5754,1.);
#5754 = DIRECTION('',(-1.,0.,0.));
#5755 = ORIENTED_EDGE('',*,*,#5756,.T.);
#5756 = EDGE_CURVE('',#5749,#5757,#5759,.T.);
#5757 = VERTEX_POINT('',#5758);
#5758 = CARTESIAN_POINT('',(64.,-22.,100.));
#5759 = LINE('',#5760,#5761);
#5760 = CARTESIAN_POINT('',(64.,-65.,100.));
#5761 = VECTOR('',#5762,1.);
#5762 = DIRECTION('',(0.,1.,0.));
#5763 = ORIENTED_EDGE('',*,*,#5764,.F.);
#5764 = EDGE_CURVE('',#5765,#5757,#5767,.T.);
#5765 = VERTEX_POINT('',#5766);
#5766 = CARTESIAN_POINT('',(68.,-22.,100.));
#5767 = LINE('',#5768,#5769);
#5768 = CARTESIAN_POINT('',(-15.,-22.,100.));
#5769 = VECTOR('',#5770,1.);
#5770 = DIRECTION('',(-1.,0.,0.));
#5771 = ORIENTED_EDGE('',*,*,#5772,.F.);
#5772 = EDGE_CURVE('',#5747,#5765,#5773,.T.);
#5773 = LINE('',#5774,#5775);
#5774 = CARTESIAN_POINT('',(68.,-65.,100.));
#5775 = VECTOR('',#5776,1.);
#5776 = DIRECTION('',(0.,1.,0.));
#5777 = FACE_BOUND('',#5778,.T.);
#5778 = EDGE_LOOP('',(#5779,#5789,#5797,#5805));
#5779 = ORIENTED_EDGE('',*,*,#5780,.T.);
#5780 = EDGE_CURVE('',#5781,#5783,#5785,.T.);
#5781 = VERTEX_POINT('',#5782);
#5782 = CARTESIAN_POINT('',(44.,22.,100.));
#5783 = VERTEX_POINT('',#5784);
#5784 = CARTESIAN_POINT('',(40.,22.,100.));
#5785 = LINE('',#5786,#5787);
#5786 = CARTESIAN_POINT('',(-27.,22.,100.));
#5787 = VECTOR('',#5788,1.);
#5788 = DIRECTION('',(-1.,0.,0.));
#5789 = ORIENTED_EDGE('',*,*,#5790,.T.);
#5790 = EDGE_CURVE('',#5783,#5791,#5793,.T.);
#5791 = VERTEX_POINT('',#5792);
#5792 = CARTESIAN_POINT('',(40.,48.,100.));
#5793 = LINE('',#5794,#5795);
#5794 = CARTESIAN_POINT('',(40.,-30.,100.));
#5795 = VECTOR('',#5796,1.);
#5796 = DIRECTION('',(0.,1.,0.));
#5797 = ORIENTED_EDGE('',*,*,#5798,.F.);
#5798 = EDGE_CURVE('',#5799,#5791,#5801,.T.);
#5799 = VERTEX_POINT('',#5800);
#5800 = CARTESIAN_POINT('',(44.,48.,100.));
#5801 = LINE('',#5802,#5803);
#5802 = CARTESIAN_POINT('',(-27.,48.,100.));
#5803 = VECTOR('',#5804,1.);
#5804 = DIRECTION('',(-1.,0.,0.));
#5805 = ORIENTED_EDGE('',*,*,#5806,.F.);
#5806 = EDGE_CURVE('',#5781,#5799,#5807,.T.);
#5807 = LINE('',#5808,#5809);
#5808 = CARTESIAN_POINT('',(44.,-30.,100.));
#5809 = VECTOR('',#5810,1.);
#5810 = DIRECTION('',(0.,1.,0.));
#5811 = FACE_BOUND('',#5812,.T.);
#5812 = EDGE_LOOP('',(#5813,#5823,#5831,#5839));
#5813 = ORIENTED_EDGE('',*,*,#5814,.T.);
#5814 = EDGE_CURVE('',#5815,#5817,#5819,.T.);
#5815 = VERTEX_POINT('',#5816);
#5816 = CARTESIAN_POINT('',(56.,22.,100.));
#5817 = VERTEX_POINT('',#5818);
#5818 = CARTESIAN_POINT('',(52.,22.,100.));
#5819 = LINE('',#5820,#5821);
#5820 = CARTESIAN_POINT('',(-21.,22.,100.));
#5821 = VECTOR('',#5822,1.);
#5822 = DIRECTION('',(-1.,0.,0.));
#5823 = ORIENTED_EDGE('',*,*,#5824,.T.);
#5824 = EDGE_CURVE('',#5817,#5825,#5827,.T.);
#5825 = VERTEX_POINT('',#5826);
#5826 = CARTESIAN_POINT('',(52.,48.,100.));
#5827 = LINE('',#5828,#5829);
#5828 = CARTESIAN_POINT('',(52.,-30.,100.));
#5829 = VECTOR('',#5830,1.);
#5830 = DIRECTION('',(0.,1.,0.));
#5831 = ORIENTED_EDGE('',*,*,#5832,.F.);
#5832 = EDGE_CURVE('',#5833,#5825,#5835,.T.);
#5833 = VERTEX_POINT('',#5834);
#5834 = CARTESIAN_POINT('',(56.,48.,100.));
#5835 = LINE('',#5836,#5837);
#5836 = CARTESIAN_POINT('',(-21.,48.,100.));
#5837 = VECTOR('',#5838,1.);
#5838 = DIRECTION('',(-1.,0.,0.));
#5839 = ORIENTED_EDGE('',*,*,#5840,.F.);
#5840 = EDGE_CURVE('',#5815,#5833,#5841,.T.);
#5841 = LINE('',#5842,#5843);
#5842 = CARTESIAN_POINT('',(56.,-30.,100.));
#5843 = VECTOR('',#5844,1.);
#5844 = DIRECTION('',(0.,1.,0.));
#5845 = FACE_BOUND('',#5846,.T.);
#5846 = EDGE_LOOP('',(#5847,#5857,#5865,#5873));
#5847 = ORIENTED_EDGE('',*,*,#5848,.T.);
#5848 = EDGE_CURVE('',#5849,#5851,#5853,.T.);
#5849 = VERTEX_POINT('',#5850);
#5850 = CARTESIAN_POINT('',(68.,22.,100.));
#5851 = VERTEX_POINT('',#5852);
#5852 = CARTESIAN_POINT('',(64.,22.,100.));
#5853 = LINE('',#5854,#5855);
#5854 = CARTESIAN_POINT('',(-15.,22.,100.));
#5855 = VECTOR('',#5856,1.);
#5856 = DIRECTION('',(-1.,0.,0.));
#5857 = ORIENTED_EDGE('',*,*,#5858,.T.);
#5858 = EDGE_CURVE('',#5851,#5859,#5861,.T.);
#5859 = VERTEX_POINT('',#5860);
#5860 = CARTESIAN_POINT('',(64.,48.,100.));
#5861 = LINE('',#5862,#5863);
#5862 = CARTESIAN_POINT('',(64.,-30.,100.));
#5863 = VECTOR('',#5864,1.);
#5864 = DIRECTION('',(0.,1.,0.));
#5865 = ORIENTED_EDGE('',*,*,#5866,.F.);
#5866 = EDGE_CURVE('',#5867,#5859,#5869,.T.);
#5867 = VERTEX_POINT('',#5868);
#5868 = CARTESIAN_POINT('',(68.,48.,100.));
#5869 = LINE('',#5870,#5871);
#5870 = CARTESIAN_POINT('',(-15.,48.,100.));
#5871 = VECTOR('',#5872,1.);
#5872 = DIRECTION('',(-1.,0.,0.));
#5873 = ORIENTED_EDGE('',*,*,#5874,.F.);
#5874 = EDGE_CURVE('',#5849,#5867,#5875,.T.);
#5875 = LINE('',#5876,#5877);
#5876 = CARTESIAN_POINT('',(68.,-30.,100.));
#5877 = VECTOR('',#5878,1.);
#5878 = DIRECTION('',(0.,1.,0.));
#5879 = PLANE('',#5880);
#5880 = AXIS2_PLACEMENT_3D('',#5881,#5882,#5883);
#5881 = CARTESIAN_POINT('',(-94.,-82.,100.));
#5882 = DIRECTION('',(0.,0.,1.));
#5883 = DIRECTION('',(1.,0.,0.));
#5884 = ADVANCED_FACE('',(#5885),#5911,.T.);
#5885 = FACE_BOUND('',#5886,.T.);
#5886 = EDGE_LOOP('',(#5887,#5896,#5904,#5910));
#5887 = ORIENTED_EDGE('',*,*,#5888,.F.);
#5888 = EDGE_CURVE('',#5889,#3014,#5891,.T.);
#5889 = VERTEX_POINT('',#5890);
#5890 = CARTESIAN_POINT('',(-24.,79.2,27.100553499883));
#5891 = CIRCLE('',#5892,36.2);
#5892 = AXIS2_PLACEMENT_3D('',#5893,#5894,#5895);
#5893 = CARTESIAN_POINT('',(0.,79.2,0.));
#5894 = DIRECTION('',(0.,1.,0.));
#5895 = DIRECTION('',(0.,0.,1.));
#5896 = ORIENTED_EDGE('',*,*,#5897,.F.);
#5897 = EDGE_CURVE('',#5898,#5889,#5900,.T.);
#5898 = VERTEX_POINT('',#5899);
#5899 = CARTESIAN_POINT('',(-24.,79.2,95.));
#5900 = LINE('',#5901,#5902);
#5901 = CARTESIAN_POINT('',(-24.,79.2,-55.9));
#5902 = VECTOR('',#5903,1.);
#5903 = DIRECTION('',(0.,0.,-1.));
#5904 = ORIENTED_EDGE('',*,*,#5905,.T.);
#5905 = EDGE_CURVE('',#5898,#3005,#5906,.T.);
#5906 = LINE('',#5907,#5908);
#5907 = CARTESIAN_POINT('',(-91.2,79.2,95.));
#5908 = VECTOR('',#5909,1.);
#5909 = DIRECTION('',(1.,0.,0.));
#5910 = ORIENTED_EDGE('',*,*,#3013,.F.);
#5911 = PLANE('',#5912);
#5912 = AXIS2_PLACEMENT_3D('',#5913,#5914,#5915);
#5913 = CARTESIAN_POINT('',(-91.2,79.2,-57.));
#5914 = DIRECTION('',(0.,1.,0.));
#5915 = DIRECTION('',(0.,0.,1.));
#5916 = ADVANCED_FACE('',(#5917),#5936,.T.);
#5917 = FACE_BOUND('',#5918,.T.);
#5918 = EDGE_LOOP('',(#5919,#5920,#5929,#5935));
#5919 = ORIENTED_EDGE('',*,*,#5905,.F.);
#5920 = ORIENTED_EDGE('',*,*,#5921,.T.);
#5921 = EDGE_CURVE('',#5898,#5922,#5924,.T.);
#5922 = VERTEX_POINT('',#5923);
#5923 = CARTESIAN_POINT('',(-24.,77.,97.2));
#5924 = CIRCLE('',#5925,2.2);
#5925 = AXIS2_PLACEMENT_3D('',#5926,#5927,#5928);
#5926 = CARTESIAN_POINT('',(-24.,77.,95.));
#5927 = DIRECTION('',(1.,0.,0.));
#5928 = DIRECTION('',(0.,1.,0.));
#5929 = ORIENTED_EDGE('',*,*,#5930,.T.);
#5930 = EDGE_CURVE('',#5922,#2997,#5931,.T.);
#5931 = LINE('',#5932,#5933);
#5932 = CARTESIAN_POINT('',(-91.2,77.,97.2));
#5933 = VECTOR('',#5934,1.);
#5934 = DIRECTION('',(1.,0.,0.));
#5935 = ORIENTED_EDGE('',*,*,#3004,.F.);
#5936 = CYLINDRICAL_SURFACE('',#5937,2.2);
#5937 = AXIS2_PLACEMENT_3D('',#5938,#5939,#5940);
#5938 = CARTESIAN_POINT('',(-91.2,77.,95.));
#5939 = DIRECTION('',(1.,0.,0.));
#5940 = DIRECTION('',(0.,1.,0.));
#5941 = ADVANCED_FACE('',(#5942),#5960,.T.);
#5942 = FACE_BOUND('',#5943,.T.);
#5943 = EDGE_LOOP('',(#5944,#5952,#5958,#5959));
#5944 = ORIENTED_EDGE('',*,*,#5945,.F.);
#5945 = EDGE_CURVE('',#5946,#5922,#5948,.T.);
#5946 = VERTEX_POINT('',#5947);
#5947 = CARTESIAN_POINT('',(-24.,-77.,97.2));
#5948 = LINE('',#5949,#5950);
#5949 = CARTESIAN_POINT('',(-24.,-84.6,97.2));
#5950 = VECTOR('',#5951,1.);
#5951 = DIRECTION('',(0.,1.,0.));
#5952 = ORIENTED_EDGE('',*,*,#5953,.T.);
#5953 = EDGE_CURVE('',#5946,#2988,#5954,.T.);
#5954 = LINE('',#5955,#5956);
#5955 = CARTESIAN_POINT('',(-91.2,-77.,97.2));
#5956 = VECTOR('',#5957,1.);
#5957 = DIRECTION('',(1.,0.,0.));
#5958 = ORIENTED_EDGE('',*,*,#2996,.F.);
#5959 = ORIENTED_EDGE('',*,*,#5930,.F.);
#5960 = PLANE('',#5961);
#5961 = AXIS2_PLACEMENT_3D('',#5962,#5963,#5964);
#5962 = CARTESIAN_POINT('',(-91.2,-79.2,97.2));
#5963 = DIRECTION('',(0.,0.,1.));
#5964 = DIRECTION('',(1.,0.,0.));
#5965 = ADVANCED_FACE('',(#5966),#5985,.T.);
#5966 = FACE_BOUND('',#5967,.F.);
#5967 = EDGE_LOOP('',(#5968,#5977,#5978,#5979));
#5968 = ORIENTED_EDGE('',*,*,#5969,.F.);
#5969 = EDGE_CURVE('',#5946,#5970,#5972,.T.);
#5970 = VERTEX_POINT('',#5971);
#5971 = CARTESIAN_POINT('',(-24.,-79.2,95.));
#5972 = CIRCLE('',#5973,2.2);
#5973 = AXIS2_PLACEMENT_3D('',#5974,#5975,#5976);
#5974 = CARTESIAN_POINT('',(-24.,-77.,95.));
#5975 = DIRECTION('',(1.,0.,0.));
#5976 = DIRECTION('',(0.,-1.,0.));
#5977 = ORIENTED_EDGE('',*,*,#5953,.T.);
#5978 = ORIENTED_EDGE('',*,*,#2987,.T.);
#5979 = ORIENTED_EDGE('',*,*,#5980,.F.);
#5980 = EDGE_CURVE('',#5970,#2980,#5981,.T.);
#5981 = LINE('',#5982,#5983);
#5982 = CARTESIAN_POINT('',(-91.2,-79.2,95.));
#5983 = VECTOR('',#5984,1.);
#5984 = DIRECTION('',(1.,0.,0.));
#5985 = CYLINDRICAL_SURFACE('',#5986,2.2);
#5986 = AXIS2_PLACEMENT_3D('',#5987,#5988,#5989);
#5987 = CARTESIAN_POINT('',(-91.2,-77.,95.));
#5988 = DIRECTION('',(1.,0.,0.));
#5989 = DIRECTION('',(0.,-1.,0.));
#5990 = ADVANCED_FACE('',(#5991),#6010,.F.);
#5991 = FACE_BOUND('',#5992,.F.);
#5992 = EDGE_LOOP('',(#5993,#5994,#6003,#6009));
#5993 = ORIENTED_EDGE('',*,*,#2979,.F.);
#5994 = ORIENTED_EDGE('',*,*,#5995,.T.);
#5995 = EDGE_CURVE('',#2972,#5996,#5998,.T.);
#5996 = VERTEX_POINT('',#5997);
#5997 = CARTESIAN_POINT('',(-24.,-79.2,27.100553499883));
#5998 = CIRCLE('',#5999,36.2);
#5999 = AXIS2_PLACEMENT_3D('',#6000,#6001,#6002);
#6000 = CARTESIAN_POINT('',(0.,-79.2,0.));
#6001 = DIRECTION('',(0.,-1.,0.));
#6002 = DIRECTION('',(0.,0.,-1.));
#6003 = ORIENTED_EDGE('',*,*,#6004,.F.);
#6004 = EDGE_CURVE('',#5970,#5996,#6005,.T.);
#6005 = LINE('',#6006,#6007);
#6006 = CARTESIAN_POINT('',(-24.,-79.2,-55.9));
#6007 = VECTOR('',#6008,1.);
#6008 = DIRECTION('',(0.,0.,-1.));
#6009 = ORIENTED_EDGE('',*,*,#5980,.T.);
#6010 = PLANE('',#6011);
#6011 = AXIS2_PLACEMENT_3D('',#6012,#6013,#6014);
#6012 = CARTESIAN_POINT('',(-91.2,-79.2,-57.));
#6013 = DIRECTION('',(0.,1.,0.));
#6014 = DIRECTION('',(0.,0.,1.));
#6015 = ADVANCED_FACE('',(#6016,#6019),#6030,.T.);
#6016 = FACE_BOUND('',#6017,.T.);
#6017 = EDGE_LOOP('',(#6018));
#6018 = ORIENTED_EDGE('',*,*,#3045,.T.);
#6019 = FACE_BOUND('',#6020,.T.);
#6020 = EDGE_LOOP('',(#6021));
#6021 = ORIENTED_EDGE('',*,*,#6022,.F.);
#6022 = EDGE_CURVE('',#6023,#6023,#6025,.T.);
#6023 = VERTEX_POINT('',#6024);
#6024 = CARTESIAN_POINT('',(45.,86.,36.7));
#6025 = CIRCLE('',#6026,1.7);
#6026 = AXIS2_PLACEMENT_3D('',#6027,#6028,#6029);
#6027 = CARTESIAN_POINT('',(45.,86.,35.));
#6028 = DIRECTION('',(0.,1.,0.));
#6029 = DIRECTION('',(0.,0.,1.));
#6030 = PLANE('',#6031);
#6031 = AXIS2_PLACEMENT_3D('',#6032,#6033,#6034);
#6032 = CARTESIAN_POINT('',(45.,86.,35.));
#6033 = DIRECTION('',(0.,1.,0.));
#6034 = DIRECTION('',(0.,0.,1.));
#6035 = ADVANCED_FACE('',(#6036),#6041,.T.);
#6036 = FACE_BOUND('',#6037,.T.);
#6037 = EDGE_LOOP('',(#6038,#6039,#6040));
#6038 = ORIENTED_EDGE('',*,*,#3488,.F.);
#6039 = ORIENTED_EDGE('',*,*,#3738,.T.);
#6040 = ORIENTED_EDGE('',*,*,#3473,.F.);
#6041 = SPHERICAL_SURFACE('',#6042,5.);
#6042 = AXIS2_PLACEMENT_3D('',#6043,#6044,#6045);
#6043 = CARTESIAN_POINT('',(112.,-77.,95.));
#6044 = DIRECTION('',(-0.,-0.,-1.));
#6045 = DIRECTION('',(1.,0.,0.));
#6046 = ADVANCED_FACE('',(#6047),#6058,.T.);
#6047 = FACE_BOUND('',#6048,.T.);
#6048 = EDGE_LOOP('',(#6049,#6050,#6056,#6057));
#6049 = ORIENTED_EDGE('',*,*,#3551,.F.);
#6050 = ORIENTED_EDGE('',*,*,#6051,.T.);
#6051 = EDGE_CURVE('',#3552,#3708,#6052,.T.);
#6052 = LINE('',#6053,#6054);
#6053 = CARTESIAN_POINT('',(114.,-70.,95.2));
#6054 = VECTOR('',#6055,1.);
#6055 = DIRECTION('',(0.,1.,0.));
#6056 = ORIENTED_EDGE('',*,*,#3716,.T.);
#6057 = ORIENTED_EDGE('',*,*,#3523,.F.);
#6058 = PLANE('',#6059);
#6059 = AXIS2_PLACEMENT_3D('',#6060,#6061,#6062);
#6060 = CARTESIAN_POINT('',(114.,-70.,95.2));
#6061 = DIRECTION('',(0.,0.,-1.));
#6062 = DIRECTION('',(1.,0.,0.));
#6063 = ADVANCED_FACE('',(#6064,#6074,#6085,#6096,#6107,#6127),#6138,.T.
  );
#6064 = FACE_BOUND('',#6065,.T.);
#6065 = EDGE_LOOP('',(#6066,#6067,#6068,#6069,#6070,#6071,#6072,#6073));
#6066 = ORIENTED_EDGE('',*,*,#3559,.T.);
#6067 = ORIENTED_EDGE('',*,*,#3583,.T.);
#6068 = ORIENTED_EDGE('',*,*,#3607,.T.);
#6069 = ORIENTED_EDGE('',*,*,#3633,.T.);
#6070 = ORIENTED_EDGE('',*,*,#3658,.T.);
#6071 = ORIENTED_EDGE('',*,*,#3681,.F.);
#6072 = ORIENTED_EDGE('',*,*,#3707,.T.);
#6073 = ORIENTED_EDGE('',*,*,#6051,.F.);
#6074 = FACE_BOUND('',#6075,.T.);
#6075 = EDGE_LOOP('',(#6076));
#6076 = ORIENTED_EDGE('',*,*,#6077,.F.);
#6077 = EDGE_CURVE('',#6078,#6078,#6080,.T.);
#6078 = VERTEX_POINT('',#6079);
#6079 = CARTESIAN_POINT('',(114.,68.,-42.3));
#6080 = CIRCLE('',#6081,1.7);
#6081 = AXIS2_PLACEMENT_3D('',#6082,#6083,#6084);
#6082 = CARTESIAN_POINT('',(114.,68.,-44.));
#6083 = DIRECTION('',(1.,0.,-0.));
#6084 = DIRECTION('',(0.,0.,1.));
#6085 = FACE_BOUND('',#6086,.T.);
#6086 = EDGE_LOOP('',(#6087));
#6087 = ORIENTED_EDGE('',*,*,#6088,.F.);
#6088 = EDGE_CURVE('',#6089,#6089,#6091,.T.);
#6089 = VERTEX_POINT('',#6090);
#6090 = CARTESIAN_POINT('',(114.,68.,89.7));
#6091 = CIRCLE('',#6092,1.7);
#6092 = AXIS2_PLACEMENT_3D('',#6093,#6094,#6095);
#6093 = CARTESIAN_POINT('',(114.,68.,88.));
#6094 = DIRECTION('',(1.,0.,-0.));
#6095 = DIRECTION('',(0.,0.,1.));
#6096 = FACE_BOUND('',#6097,.T.);
#6097 = EDGE_LOOP('',(#6098));
#6098 = ORIENTED_EDGE('',*,*,#6099,.F.);
#6099 = EDGE_CURVE('',#6100,#6100,#6102,.T.);
#6100 = VERTEX_POINT('',#6101);
#6101 = CARTESIAN_POINT('',(114.,-68.,-42.3));
#6102 = CIRCLE('',#6103,1.7);
#6103 = AXIS2_PLACEMENT_3D('',#6104,#6105,#6106);
#6104 = CARTESIAN_POINT('',(114.,-68.,-44.));
#6105 = DIRECTION('',(1.,0.,-0.));
#6106 = DIRECTION('',(0.,0.,1.));
#6107 = FACE_BOUND('',#6108,.T.);
#6108 = EDGE_LOOP('',(#6109,#6110,#6111,#6112,#6113,#6114,#6115,#6116,
    #6117,#6118,#6119,#6120,#6121,#6122,#6123,#6124,#6125,#6126));
#6109 = ORIENTED_EDGE('',*,*,#4923,.T.);
#6110 = ORIENTED_EDGE('',*,*,#4945,.F.);
#6111 = ORIENTED_EDGE('',*,*,#4972,.T.);
#6112 = ORIENTED_EDGE('',*,*,#4994,.F.);
#6113 = ORIENTED_EDGE('',*,*,#5021,.T.);
#6114 = ORIENTED_EDGE('',*,*,#5053,.T.);
#6115 = ORIENTED_EDGE('',*,*,#5070,.T.);
#6116 = ORIENTED_EDGE('',*,*,#5103,.T.);
#6117 = ORIENTED_EDGE('',*,*,#5127,.T.);
#6118 = ORIENTED_EDGE('',*,*,#5144,.T.);
#6119 = ORIENTED_EDGE('',*,*,#5176,.F.);
#6120 = ORIENTED_EDGE('',*,*,#5191,.F.);
#6121 = ORIENTED_EDGE('',*,*,#5225,.F.);
#6122 = ORIENTED_EDGE('',*,*,#5240,.F.);
#6123 = ORIENTED_EDGE('',*,*,#5274,.F.);
#6124 = ORIENTED_EDGE('',*,*,#5289,.T.);
#6125 = ORIENTED_EDGE('',*,*,#5334,.F.);
#6126 = ORIENTED_EDGE('',*,*,#4872,.T.);
#6127 = FACE_BOUND('',#6128,.T.);
#6128 = EDGE_LOOP('',(#6129));
#6129 = ORIENTED_EDGE('',*,*,#6130,.F.);
#6130 = EDGE_CURVE('',#6131,#6131,#6133,.T.);
#6131 = VERTEX_POINT('',#6132);
#6132 = CARTESIAN_POINT('',(114.,-68.,89.7));
#6133 = CIRCLE('',#6134,1.7);
#6134 = AXIS2_PLACEMENT_3D('',#6135,#6136,#6137);
#6135 = CARTESIAN_POINT('',(114.,-68.,88.));
#6136 = DIRECTION('',(1.,0.,-0.));
#6137 = DIRECTION('',(0.,0.,1.));
#6138 = PLANE('',#6139);
#6139 = AXIS2_PLACEMENT_3D('',#6140,#6141,#6142);
#6140 = CARTESIAN_POINT('',(114.,1.57E-15,23.));
#6141 = DIRECTION('',(1.,0.,0.));
#6142 = DIRECTION('',(0.,0.,1.));
#6143 = ADVANCED_FACE('',(#6144,#6147),#6158,.T.);
#6144 = FACE_BOUND('',#6145,.T.);
#6145 = EDGE_LOOP('',(#6146));
#6146 = ORIENTED_EDGE('',*,*,#3762,.T.);
#6147 = FACE_BOUND('',#6148,.T.);
#6148 = EDGE_LOOP('',(#6149));
#6149 = ORIENTED_EDGE('',*,*,#6150,.F.);
#6150 = EDGE_CURVE('',#6151,#6151,#6153,.T.);
#6151 = VERTEX_POINT('',#6152);
#6152 = CARTESIAN_POINT('',(45.,-86.,33.3));
#6153 = CIRCLE('',#6154,1.7);
#6154 = AXIS2_PLACEMENT_3D('',#6155,#6156,#6157);
#6155 = CARTESIAN_POINT('',(45.,-86.,35.));
#6156 = DIRECTION('',(0.,-1.,0.));
#6157 = DIRECTION('',(0.,0.,-1.));
#6158 = PLANE('',#6159);
#6159 = AXIS2_PLACEMENT_3D('',#6160,#6161,#6162);
#6160 = CARTESIAN_POINT('',(45.,-86.,35.));
#6161 = DIRECTION('',(0.,-1.,0.));
#6162 = DIRECTION('',(0.,0.,-1.));
#6163 = ADVANCED_FACE('',(#6164),#6190,.F.);
#6164 = FACE_BOUND('',#6165,.F.);
#6165 = EDGE_LOOP('',(#6166,#6176,#6182,#6183));
#6166 = ORIENTED_EDGE('',*,*,#6167,.T.);
#6167 = EDGE_CURVE('',#6168,#6170,#6172,.T.);
#6168 = VERTEX_POINT('',#6169);
#6169 = CARTESIAN_POINT('',(-24.,78.5,27.100553499883));
#6170 = VERTEX_POINT('',#6171);
#6171 = CARTESIAN_POINT('',(-24.,78.5,39.5));
#6172 = LINE('',#6173,#6174);
#6173 = CARTESIAN_POINT('',(-24.,78.5,-27.4));
#6174 = VECTOR('',#6175,1.);
#6175 = DIRECTION('',(0.,1.1E-16,1.));
#6176 = ORIENTED_EDGE('',*,*,#6177,.T.);
#6177 = EDGE_CURVE('',#6170,#4298,#6178,.T.);
#6178 = LINE('',#6179,#6180);
#6179 = CARTESIAN_POINT('',(-38.5,78.5,39.5));
#6180 = VECTOR('',#6181,1.);
#6181 = DIRECTION('',(1.,0.,0.));
#6182 = ORIENTED_EDGE('',*,*,#4305,.F.);
#6183 = ORIENTED_EDGE('',*,*,#6184,.F.);
#6184 = EDGE_CURVE('',#6168,#4306,#6185,.T.);
#6185 = CIRCLE('',#6186,36.2);
#6186 = AXIS2_PLACEMENT_3D('',#6187,#6188,#6189);
#6187 = CARTESIAN_POINT('',(0.,78.5,0.));
#6188 = DIRECTION('',(0.,1.,0.));
#6189 = DIRECTION('',(0.,0.,1.));
#6190 = PLANE('',#6191);
#6191 = AXIS2_PLACEMENT_3D('',#6192,#6193,#6194);
#6192 = CARTESIAN_POINT('',(-2.17E-15,78.5,0.));
#6193 = DIRECTION('',(-0.,1.,-0.));
#6194 = DIRECTION('',(-1.,0.,0.));
#6195 = ADVANCED_FACE('',(#6196),#6214,.F.);
#6196 = FACE_BOUND('',#6197,.F.);
#6197 = EDGE_LOOP('',(#6198,#6199,#6207,#6213));
#6198 = ORIENTED_EDGE('',*,*,#6177,.F.);
#6199 = ORIENTED_EDGE('',*,*,#6200,.T.);
#6200 = EDGE_CURVE('',#6170,#6201,#6203,.T.);
#6201 = VERTEX_POINT('',#6202);
#6202 = CARTESIAN_POINT('',(-24.,77.,39.5));
#6203 = LINE('',#6204,#6205);
#6204 = CARTESIAN_POINT('',(-24.,-5.75,39.5));
#6205 = VECTOR('',#6206,1.);
#6206 = DIRECTION('',(0.,-1.,1.1E-16));
#6207 = ORIENTED_EDGE('',*,*,#6208,.T.);
#6208 = EDGE_CURVE('',#6201,#4290,#6209,.T.);
#6209 = LINE('',#6210,#6211);
#6210 = CARTESIAN_POINT('',(-63.75,77.,39.5));
#6211 = VECTOR('',#6212,1.);
#6212 = DIRECTION('',(1.,0.,0.));
#6213 = ORIENTED_EDGE('',*,*,#4297,.F.);
#6214 = PLANE('',#6215);
#6215 = AXIS2_PLACEMENT_3D('',#6216,#6217,#6218);
#6216 = CARTESIAN_POINT('',(-38.5,78.5,39.5));
#6217 = DIRECTION('',(0.,0.,1.));
#6218 = DIRECTION('',(0.,-1.,0.));
#6219 = ADVANCED_FACE('',(#6220),#6238,.F.);
#6220 = FACE_BOUND('',#6221,.F.);
#6221 = EDGE_LOOP('',(#6222,#6230,#6236,#6237));
#6222 = ORIENTED_EDGE('',*,*,#6223,.F.);
#6223 = EDGE_CURVE('',#6224,#6201,#6226,.T.);
#6224 = VERTEX_POINT('',#6225);
#6225 = CARTESIAN_POINT('',(-24.,77.,94.5));
#6226 = LINE('',#6227,#6228);
#6227 = CARTESIAN_POINT('',(-24.,77.,-55.9));
#6228 = VECTOR('',#6229,1.);
#6229 = DIRECTION('',(0.,0.,-1.));
#6230 = ORIENTED_EDGE('',*,*,#6231,.T.);
#6231 = EDGE_CURVE('',#6224,#4281,#6232,.T.);
#6232 = LINE('',#6233,#6234);
#6233 = CARTESIAN_POINT('',(-89.,77.,94.5));
#6234 = VECTOR('',#6235,1.);
#6235 = DIRECTION('',(1.,0.,0.));
#6236 = ORIENTED_EDGE('',*,*,#4289,.T.);
#6237 = ORIENTED_EDGE('',*,*,#6208,.F.);
#6238 = PLANE('',#6239);
#6239 = AXIS2_PLACEMENT_3D('',#6240,#6241,#6242);
#6240 = CARTESIAN_POINT('',(-89.,77.,-57.));
#6241 = DIRECTION('',(0.,1.,0.));
#6242 = DIRECTION('',(0.,0.,1.));
#6243 = ADVANCED_FACE('',(#6244),#6263,.F.);
#6244 = FACE_BOUND('',#6245,.F.);
#6245 = EDGE_LOOP('',(#6246,#6247,#6256,#6262));
#6246 = ORIENTED_EDGE('',*,*,#6231,.F.);
#6247 = ORIENTED_EDGE('',*,*,#6248,.T.);
#6248 = EDGE_CURVE('',#6224,#6249,#6251,.T.);
#6249 = VERTEX_POINT('',#6250);
#6250 = CARTESIAN_POINT('',(-24.,76.5,95.));
#6251 = CIRCLE('',#6252,0.5);
#6252 = AXIS2_PLACEMENT_3D('',#6253,#6254,#6255);
#6253 = CARTESIAN_POINT('',(-24.,76.5,94.5));
#6254 = DIRECTION('',(1.,0.,0.));
#6255 = DIRECTION('',(0.,1.,0.));
#6256 = ORIENTED_EDGE('',*,*,#6257,.T.);
#6257 = EDGE_CURVE('',#6249,#4273,#6258,.T.);
#6258 = LINE('',#6259,#6260);
#6259 = CARTESIAN_POINT('',(-89.,76.5,95.));
#6260 = VECTOR('',#6261,1.);
#6261 = DIRECTION('',(1.,0.,0.));
#6262 = ORIENTED_EDGE('',*,*,#4280,.F.);
#6263 = CYLINDRICAL_SURFACE('',#6264,0.5);
#6264 = AXIS2_PLACEMENT_3D('',#6265,#6266,#6267);
#6265 = CARTESIAN_POINT('',(-89.,76.5,94.5));
#6266 = DIRECTION('',(1.,0.,0.));
#6267 = DIRECTION('',(0.,1.,0.));
#6268 = ADVANCED_FACE('',(#6269),#6287,.F.);
#6269 = FACE_BOUND('',#6270,.F.);
#6270 = EDGE_LOOP('',(#6271,#6279,#6285,#6286));
#6271 = ORIENTED_EDGE('',*,*,#6272,.F.);
#6272 = EDGE_CURVE('',#6273,#6249,#6275,.T.);
#6273 = VERTEX_POINT('',#6274);
#6274 = CARTESIAN_POINT('',(-24.,-76.5,95.));
#6275 = LINE('',#6276,#6277);
#6276 = CARTESIAN_POINT('',(-24.,-83.5,95.));
#6277 = VECTOR('',#6278,1.);
#6278 = DIRECTION('',(0.,1.,0.));
#6279 = ORIENTED_EDGE('',*,*,#6280,.T.);
#6280 = EDGE_CURVE('',#6273,#4264,#6281,.T.);
#6281 = LINE('',#6282,#6283);
#6282 = CARTESIAN_POINT('',(-89.,-76.5,95.));
#6283 = VECTOR('',#6284,1.);
#6284 = DIRECTION('',(1.,0.,0.));
#6285 = ORIENTED_EDGE('',*,*,#4272,.T.);
#6286 = ORIENTED_EDGE('',*,*,#6257,.F.);
#6287 = PLANE('',#6288);
#6288 = AXIS2_PLACEMENT_3D('',#6289,#6290,#6291);
#6289 = CARTESIAN_POINT('',(-89.,-77.,95.));
#6290 = DIRECTION('',(0.,0.,1.));
#6291 = DIRECTION('',(1.,0.,0.));
#6292 = ADVANCED_FACE('',(#6293),#6312,.F.);
#6293 = FACE_BOUND('',#6294,.T.);
#6294 = EDGE_LOOP('',(#6295,#6304,#6305,#6306));
#6295 = ORIENTED_EDGE('',*,*,#6296,.F.);
#6296 = EDGE_CURVE('',#6273,#6297,#6299,.T.);
#6297 = VERTEX_POINT('',#6298);
#6298 = CARTESIAN_POINT('',(-24.,-77.,94.5));
#6299 = CIRCLE('',#6300,0.5);
#6300 = AXIS2_PLACEMENT_3D('',#6301,#6302,#6303);
#6301 = CARTESIAN_POINT('',(-24.,-76.5,94.5));
#6302 = DIRECTION('',(1.,0.,0.));
#6303 = DIRECTION('',(0.,-1.,0.));
#6304 = ORIENTED_EDGE('',*,*,#6280,.T.);
#6305 = ORIENTED_EDGE('',*,*,#4263,.T.);
#6306 = ORIENTED_EDGE('',*,*,#6307,.F.);
#6307 = EDGE_CURVE('',#6297,#4256,#6308,.T.);
#6308 = LINE('',#6309,#6310);
#6309 = CARTESIAN_POINT('',(-89.,-77.,94.5));
#6310 = VECTOR('',#6311,1.);
#6311 = DIRECTION('',(1.,0.,0.));
#6312 = CYLINDRICAL_SURFACE('',#6313,0.5);
#6313 = AXIS2_PLACEMENT_3D('',#6314,#6315,#6316);
#6314 = CARTESIAN_POINT('',(-89.,-76.5,94.5));
#6315 = DIRECTION('',(1.,0.,0.));
#6316 = DIRECTION('',(0.,-1.,0.));
#6317 = ADVANCED_FACE('',(#6318),#6336,.T.);
#6318 = FACE_BOUND('',#6319,.T.);
#6319 = EDGE_LOOP('',(#6320,#6328,#6329,#6330));
#6320 = ORIENTED_EDGE('',*,*,#6321,.F.);
#6321 = EDGE_CURVE('',#6297,#6322,#6324,.T.);
#6322 = VERTEX_POINT('',#6323);
#6323 = CARTESIAN_POINT('',(-24.,-77.,39.5));
#6324 = LINE('',#6325,#6326);
#6325 = CARTESIAN_POINT('',(-24.,-77.,-55.9));
#6326 = VECTOR('',#6327,1.);
#6327 = DIRECTION('',(0.,0.,-1.));
#6328 = ORIENTED_EDGE('',*,*,#6307,.T.);
#6329 = ORIENTED_EDGE('',*,*,#4255,.T.);
#6330 = ORIENTED_EDGE('',*,*,#6331,.T.);
#6331 = EDGE_CURVE('',#4248,#6322,#6332,.T.);
#6332 = LINE('',#6333,#6334);
#6333 = CARTESIAN_POINT('',(-63.75,-77.,39.5));
#6334 = VECTOR('',#6335,1.);
#6335 = DIRECTION('',(-1.,0.,0.));
#6336 = PLANE('',#6337);
#6337 = AXIS2_PLACEMENT_3D('',#6338,#6339,#6340);
#6338 = CARTESIAN_POINT('',(-89.,-77.,-57.));
#6339 = DIRECTION('',(0.,1.,0.));
#6340 = DIRECTION('',(0.,0.,1.));
#6341 = ADVANCED_FACE('',(#6342),#6360,.F.);
#6342 = FACE_BOUND('',#6343,.T.);
#6343 = EDGE_LOOP('',(#6344,#6352,#6358,#6359));
#6344 = ORIENTED_EDGE('',*,*,#6345,.F.);
#6345 = EDGE_CURVE('',#6346,#4240,#6348,.T.);
#6346 = VERTEX_POINT('',#6347);
#6347 = CARTESIAN_POINT('',(-24.,-78.5,39.5));
#6348 = LINE('',#6349,#6350);
#6349 = CARTESIAN_POINT('',(-38.5,-78.5,39.5));
#6350 = VECTOR('',#6351,1.);
#6351 = DIRECTION('',(1.,0.,0.));
#6352 = ORIENTED_EDGE('',*,*,#6353,.T.);
#6353 = EDGE_CURVE('',#6346,#6322,#6354,.T.);
#6354 = LINE('',#6355,#6356);
#6355 = CARTESIAN_POINT('',(-24.,-84.25,39.5));
#6356 = VECTOR('',#6357,1.);
#6357 = DIRECTION('',(0.,1.,1.1E-16));
#6358 = ORIENTED_EDGE('',*,*,#6331,.F.);
#6359 = ORIENTED_EDGE('',*,*,#4247,.F.);
#6360 = PLANE('',#6361);
#6361 = AXIS2_PLACEMENT_3D('',#6362,#6363,#6364);
#6362 = CARTESIAN_POINT('',(-38.5,-78.5,39.5));
#6363 = DIRECTION('',(0.,-2.2E-16,1.));
#6364 = DIRECTION('',(0.,-1.,-2.2E-16));
#6365 = ADVANCED_FACE('',(#6366),#6385,.F.);
#6366 = FACE_BOUND('',#6367,.T.);
#6367 = EDGE_LOOP('',(#6368,#6376,#6377,#6378));
#6368 = ORIENTED_EDGE('',*,*,#6369,.T.);
#6369 = EDGE_CURVE('',#6370,#6346,#6372,.T.);
#6370 = VERTEX_POINT('',#6371);
#6371 = CARTESIAN_POINT('',(-24.,-78.5,27.100553499882));
#6372 = LINE('',#6373,#6374);
#6373 = CARTESIAN_POINT('',(-24.,-78.5,-27.4));
#6374 = VECTOR('',#6375,1.);
#6375 = DIRECTION('',(0.,-1.1E-16,1.));
#6376 = ORIENTED_EDGE('',*,*,#6345,.T.);
#6377 = ORIENTED_EDGE('',*,*,#4239,.F.);
#6378 = ORIENTED_EDGE('',*,*,#6379,.T.);
#6379 = EDGE_CURVE('',#4232,#6370,#6380,.T.);
#6380 = CIRCLE('',#6381,36.2);
#6381 = AXIS2_PLACEMENT_3D('',#6382,#6383,#6384);
#6382 = CARTESIAN_POINT('',(0.,-78.5,0.));
#6383 = DIRECTION('',(0.,-1.,0.));
#6384 = DIRECTION('',(0.,0.,-1.));
#6385 = PLANE('',#6386);
#6386 = AXIS2_PLACEMENT_3D('',#6387,#6388,#6389);
#6387 = CARTESIAN_POINT('',(-2.17E-15,-78.5,-1.743E-14));
#6388 = DIRECTION('',(0.,-1.,-2.2E-16));
#6389 = DIRECTION('',(1.,0.,0.));
#6390 = ADVANCED_FACE('',(#6391),#6397,.F.);
#6391 = FACE_BOUND('',#6392,.T.);
#6392 = EDGE_LOOP('',(#6393,#6394,#6395,#6396));
#6393 = ORIENTED_EDGE('',*,*,#4411,.T.);
#6394 = ORIENTED_EDGE('',*,*,#4352,.F.);
#6395 = ORIENTED_EDGE('',*,*,#4376,.F.);
#6396 = ORIENTED_EDGE('',*,*,#4447,.T.);
#6397 = PLANE('',#6398);
#6398 = AXIS2_PLACEMENT_3D('',#6399,#6400,#6401);
#6399 = CARTESIAN_POINT('',(86.,57.,-45.));
#6400 = DIRECTION('',(0.,1.,0.));
#6401 = DIRECTION('',(0.,0.,1.));
#6402 = ADVANCED_FACE('',(#6403),#6414,.F.);
#6403 = FACE_BOUND('',#6404,.F.);
#6404 = EDGE_LOOP('',(#6405,#6406,#6412,#6413));
#6405 = ORIENTED_EDGE('',*,*,#4428,.F.);
#6406 = ORIENTED_EDGE('',*,*,#6407,.F.);
#6407 = EDGE_CURVE('',#4394,#4429,#6408,.T.);
#6408 = LINE('',#6409,#6410);
#6409 = CARTESIAN_POINT('',(85.8,62.,-38.3));
#6410 = VECTOR('',#6411,1.);
#6411 = DIRECTION('',(1.,0.,0.));
#6412 = ORIENTED_EDGE('',*,*,#4393,.T.);
#6413 = ORIENTED_EDGE('',*,*,#6407,.T.);
#6414 = CYLINDRICAL_SURFACE('',#6415,1.7);
#6415 = AXIS2_PLACEMENT_3D('',#6416,#6417,#6418);
#6416 = CARTESIAN_POINT('',(85.8,62.,-40.));
#6417 = DIRECTION('',(1.,0.,0.));
#6418 = DIRECTION('',(0.,0.,1.));
#6419 = ADVANCED_FACE('',(#6420,#6447),#6458,.F.);
#6420 = FACE_BOUND('',#6421,.F.);
#6421 = EDGE_LOOP('',(#6422,#6423,#6424,#6432,#6441));
#6422 = ORIENTED_EDGE('',*,*,#4506,.T.);
#6423 = ORIENTED_EDGE('',*,*,#4472,.T.);
#6424 = ORIENTED_EDGE('',*,*,#6425,.F.);
#6425 = EDGE_CURVE('',#6426,#4473,#6428,.T.);
#6426 = VERTEX_POINT('',#6427);
#6427 = CARTESIAN_POINT('',(39.5,75.,38.5));
#6428 = LINE('',#6429,#6430);
#6429 = CARTESIAN_POINT('',(39.5,75.,-1.75));
#6430 = VECTOR('',#6431,1.);
#6431 = DIRECTION('',(0.,0.,-1.));
#6432 = ORIENTED_EDGE('',*,*,#6433,.T.);
#6433 = EDGE_CURVE('',#6426,#6434,#6436,.T.);
#6434 = VERTEX_POINT('',#6435);
#6435 = CARTESIAN_POINT('',(38.5,75.,39.5));
#6436 = CIRCLE('',#6437,1.);
#6437 = AXIS2_PLACEMENT_3D('',#6438,#6439,#6440);
#6438 = CARTESIAN_POINT('',(38.5,75.,38.5));
#6439 = DIRECTION('',(0.,-1.,1.1E-16));
#6440 = DIRECTION('',(1.,0.,0.));
#6441 = ORIENTED_EDGE('',*,*,#6442,.F.);
#6442 = EDGE_CURVE('',#4499,#6434,#6443,.T.);
#6443 = LINE('',#6444,#6445);
#6444 = CARTESIAN_POINT('',(3.25,75.,39.5));
#6445 = VECTOR('',#6446,1.);
#6446 = DIRECTION('',(1.,0.,0.));
#6447 = FACE_BOUND('',#6448,.F.);
#6448 = EDGE_LOOP('',(#6449));
#6449 = ORIENTED_EDGE('',*,*,#6450,.F.);
#6450 = EDGE_CURVE('',#6451,#6451,#6453,.T.);
#6451 = VERTEX_POINT('',#6452);
#6452 = CARTESIAN_POINT('',(45.,75.,36.7));
#6453 = CIRCLE('',#6454,1.7);
#6454 = AXIS2_PLACEMENT_3D('',#6455,#6456,#6457);
#6455 = CARTESIAN_POINT('',(45.,75.,35.));
#6456 = DIRECTION('',(0.,1.,0.));
#6457 = DIRECTION('',(0.,0.,1.));
#6458 = PLANE('',#6459);
#6459 = AXIS2_PLACEMENT_3D('',#6460,#6461,#6462);
#6460 = CARTESIAN_POINT('',(45.,75.,35.));
#6461 = DIRECTION('',(0.,1.,0.));
#6462 = DIRECTION('',(0.,0.,1.));
#6463 = ADVANCED_FACE('',(#6464),#6482,.F.);
#6464 = FACE_BOUND('',#6465,.F.);
#6465 = EDGE_LOOP('',(#6466,#6474,#6475,#6476));
#6466 = ORIENTED_EDGE('',*,*,#6467,.F.);
#6467 = EDGE_CURVE('',#4490,#6468,#6470,.T.);
#6468 = VERTEX_POINT('',#6469);
#6469 = CARTESIAN_POINT('',(38.5,78.5,39.5));
#6470 = LINE('',#6471,#6472);
#6471 = CARTESIAN_POINT('',(-38.5,78.5,39.5));
#6472 = VECTOR('',#6473,1.);
#6473 = DIRECTION('',(1.,0.,0.));
#6474 = ORIENTED_EDGE('',*,*,#4498,.F.);
#6475 = ORIENTED_EDGE('',*,*,#6442,.T.);
#6476 = ORIENTED_EDGE('',*,*,#6477,.F.);
#6477 = EDGE_CURVE('',#6468,#6434,#6478,.T.);
#6478 = LINE('',#6479,#6480);
#6479 = CARTESIAN_POINT('',(38.5,78.5,39.5));
#6480 = VECTOR('',#6481,1.);
#6481 = DIRECTION('',(0.,-1.,0.));
#6482 = PLANE('',#6483);
#6483 = AXIS2_PLACEMENT_3D('',#6484,#6485,#6486);
#6484 = CARTESIAN_POINT('',(-38.5,78.5,39.5));
#6485 = DIRECTION('',(0.,0.,1.));
#6486 = DIRECTION('',(0.,-1.,0.));
#6487 = ADVANCED_FACE('',(#6488),#6507,.F.);
#6488 = FACE_BOUND('',#6489,.F.);
#6489 = EDGE_LOOP('',(#6490,#6491,#6492,#6501));
#6490 = ORIENTED_EDGE('',*,*,#4489,.T.);
#6491 = ORIENTED_EDGE('',*,*,#6467,.T.);
#6492 = ORIENTED_EDGE('',*,*,#6493,.F.);
#6493 = EDGE_CURVE('',#6494,#6468,#6496,.T.);
#6494 = VERTEX_POINT('',#6495);
#6495 = CARTESIAN_POINT('',(39.5,78.5,38.5));
#6496 = CIRCLE('',#6497,1.);
#6497 = AXIS2_PLACEMENT_3D('',#6498,#6499,#6500);
#6498 = CARTESIAN_POINT('',(38.5,78.5,38.5));
#6499 = DIRECTION('',(0.,-1.,0.));
#6500 = DIRECTION('',(1.,0.,0.));
#6501 = ORIENTED_EDGE('',*,*,#6502,.F.);
#6502 = EDGE_CURVE('',#4482,#6494,#6503,.T.);
#6503 = LINE('',#6504,#6505);
#6504 = CARTESIAN_POINT('',(39.5,78.5,-38.5));
#6505 = VECTOR('',#6506,1.);
#6506 = DIRECTION('',(0.,0.,1.));
#6507 = PLANE('',#6508);
#6508 = AXIS2_PLACEMENT_3D('',#6509,#6510,#6511);
#6509 = CARTESIAN_POINT('',(-2.17E-15,78.5,0.));
#6510 = DIRECTION('',(-0.,1.,-0.));
#6511 = DIRECTION('',(-1.,0.,0.));
#6512 = ADVANCED_FACE('',(#6513),#6524,.F.);
#6513 = FACE_BOUND('',#6514,.F.);
#6514 = EDGE_LOOP('',(#6515,#6516,#6517,#6523));
#6515 = ORIENTED_EDGE('',*,*,#4481,.T.);
#6516 = ORIENTED_EDGE('',*,*,#6502,.T.);
#6517 = ORIENTED_EDGE('',*,*,#6518,.T.);
#6518 = EDGE_CURVE('',#6494,#6426,#6519,.T.);
#6519 = LINE('',#6520,#6521);
#6520 = CARTESIAN_POINT('',(39.5,78.5,38.5));
#6521 = VECTOR('',#6522,1.);
#6522 = DIRECTION('',(0.,-1.,0.));
#6523 = ORIENTED_EDGE('',*,*,#6425,.T.);
#6524 = PLANE('',#6525);
#6525 = AXIS2_PLACEMENT_3D('',#6526,#6527,#6528);
#6526 = CARTESIAN_POINT('',(39.5,78.5,-38.5));
#6527 = DIRECTION('',(1.,0.,0.));
#6528 = DIRECTION('',(0.,-1.,0.));
#6529 = ADVANCED_FACE('',(#6530),#6536,.F.);
#6530 = FACE_BOUND('',#6531,.T.);
#6531 = EDGE_LOOP('',(#6532,#6533,#6534,#6535));
#6532 = ORIENTED_EDGE('',*,*,#4588,.T.);
#6533 = ORIENTED_EDGE('',*,*,#4529,.F.);
#6534 = ORIENTED_EDGE('',*,*,#4554,.F.);
#6535 = ORIENTED_EDGE('',*,*,#4625,.T.);
#6536 = PLANE('',#6537);
#6537 = AXIS2_PLACEMENT_3D('',#6538,#6539,#6540);
#6538 = CARTESIAN_POINT('',(86.,57.,36.));
#6539 = DIRECTION('',(0.,1.,0.));
#6540 = DIRECTION('',(0.,0.,1.));
#6541 = ADVANCED_FACE('',(#6542),#6553,.F.);
#6542 = FACE_BOUND('',#6543,.F.);
#6543 = EDGE_LOOP('',(#6544,#6545,#6551,#6552));
#6544 = ORIENTED_EDGE('',*,*,#4605,.F.);
#6545 = ORIENTED_EDGE('',*,*,#6546,.F.);
#6546 = EDGE_CURVE('',#4571,#4606,#6547,.T.);
#6547 = LINE('',#6548,#6549);
#6548 = CARTESIAN_POINT('',(85.8,62.,42.7));
#6549 = VECTOR('',#6550,1.);
#6550 = DIRECTION('',(1.,0.,0.));
#6551 = ORIENTED_EDGE('',*,*,#4570,.T.);
#6552 = ORIENTED_EDGE('',*,*,#6546,.T.);
#6553 = CYLINDRICAL_SURFACE('',#6554,1.7);
#6554 = AXIS2_PLACEMENT_3D('',#6555,#6556,#6557);
#6555 = CARTESIAN_POINT('',(85.8,62.,41.));
#6556 = DIRECTION('',(1.,0.,0.));
#6557 = DIRECTION('',(0.,0.,1.));
#6558 = ADVANCED_FACE('',(#6559),#6575,.T.);
#6559 = FACE_BOUND('',#6560,.T.);
#6560 = EDGE_LOOP('',(#6561,#6567,#6568,#6574));
#6561 = ORIENTED_EDGE('',*,*,#6562,.F.);
#6562 = EDGE_CURVE('',#4663,#5679,#6563,.T.);
#6563 = LINE('',#6564,#6565);
#6564 = CARTESIAN_POINT('',(44.,-48.,96.8));
#6565 = VECTOR('',#6566,1.);
#6566 = DIRECTION('',(0.,0.,1.));
#6567 = ORIENTED_EDGE('',*,*,#4662,.T.);
#6568 = ORIENTED_EDGE('',*,*,#6569,.T.);
#6569 = EDGE_CURVE('',#4665,#5681,#6570,.T.);
#6570 = LINE('',#6571,#6572);
#6571 = CARTESIAN_POINT('',(40.,-48.,96.8));
#6572 = VECTOR('',#6573,1.);
#6573 = DIRECTION('',(0.,0.,1.));
#6574 = ORIENTED_EDGE('',*,*,#5678,.F.);
#6575 = PLANE('',#6576);
#6576 = AXIS2_PLACEMENT_3D('',#6577,#6578,#6579);
#6577 = CARTESIAN_POINT('',(40.,-48.,96.8));
#6578 = DIRECTION('',(0.,1.,0.));
#6579 = DIRECTION('',(0.,0.,1.));
#6580 = ADVANCED_FACE('',(#6581),#6592,.F.);
#6581 = FACE_BOUND('',#6582,.F.);
#6582 = EDGE_LOOP('',(#6583,#6584,#6585,#6591));
#6583 = ORIENTED_EDGE('',*,*,#6562,.F.);
#6584 = ORIENTED_EDGE('',*,*,#4688,.T.);
#6585 = ORIENTED_EDGE('',*,*,#6586,.T.);
#6586 = EDGE_CURVE('',#4681,#5697,#6587,.T.);
#6587 = LINE('',#6588,#6589);
#6588 = CARTESIAN_POINT('',(44.,-22.,96.8));
#6589 = VECTOR('',#6590,1.);
#6590 = DIRECTION('',(0.,0.,1.));
#6591 = ORIENTED_EDGE('',*,*,#5704,.F.);
#6592 = PLANE('',#6593);
#6593 = AXIS2_PLACEMENT_3D('',#6594,#6595,#6596);
#6594 = CARTESIAN_POINT('',(44.,-48.,96.8));
#6595 = DIRECTION('',(1.,0.,0.));
#6596 = DIRECTION('',(0.,0.,1.));
#6597 = ADVANCED_FACE('',(#6598),#6609,.T.);
#6598 = FACE_BOUND('',#6599,.T.);
#6599 = EDGE_LOOP('',(#6600,#6601,#6602,#6608));
#6600 = ORIENTED_EDGE('',*,*,#6569,.F.);
#6601 = ORIENTED_EDGE('',*,*,#4672,.T.);
#6602 = ORIENTED_EDGE('',*,*,#6603,.T.);
#6603 = EDGE_CURVE('',#4673,#5689,#6604,.T.);
#6604 = LINE('',#6605,#6606);
#6605 = CARTESIAN_POINT('',(40.,-22.,96.8));
#6606 = VECTOR('',#6607,1.);
#6607 = DIRECTION('',(0.,0.,1.));
#6608 = ORIENTED_EDGE('',*,*,#5688,.F.);
#6609 = PLANE('',#6610);
#6610 = AXIS2_PLACEMENT_3D('',#6611,#6612,#6613);
#6611 = CARTESIAN_POINT('',(40.,-48.,96.8));
#6612 = DIRECTION('',(1.,0.,0.));
#6613 = DIRECTION('',(0.,0.,1.));
#6614 = ADVANCED_FACE('',(#6615),#6621,.F.);
#6615 = FACE_BOUND('',#6616,.F.);
#6616 = EDGE_LOOP('',(#6617,#6618,#6619,#6620));
#6617 = ORIENTED_EDGE('',*,*,#6586,.F.);
#6618 = ORIENTED_EDGE('',*,*,#4680,.T.);
#6619 = ORIENTED_EDGE('',*,*,#6603,.T.);
#6620 = ORIENTED_EDGE('',*,*,#5696,.F.);
#6621 = PLANE('',#6622);
#6622 = AXIS2_PLACEMENT_3D('',#6623,#6624,#6625);
#6623 = CARTESIAN_POINT('',(40.,-22.,96.8));
#6624 = DIRECTION('',(0.,1.,0.));
#6625 = DIRECTION('',(0.,0.,1.));
#6626 = ADVANCED_FACE('',(#6627),#6643,.T.);
#6627 = FACE_BOUND('',#6628,.T.);
#6628 = EDGE_LOOP('',(#6629,#6635,#6636,#6642));
#6629 = ORIENTED_EDGE('',*,*,#6630,.F.);
#6630 = EDGE_CURVE('',#4697,#5713,#6631,.T.);
#6631 = LINE('',#6632,#6633);
#6632 = CARTESIAN_POINT('',(56.,-48.,96.8));
#6633 = VECTOR('',#6634,1.);
#6634 = DIRECTION('',(0.,0.,1.));
#6635 = ORIENTED_EDGE('',*,*,#4696,.T.);
#6636 = ORIENTED_EDGE('',*,*,#6637,.T.);
#6637 = EDGE_CURVE('',#4699,#5715,#6638,.T.);
#6638 = LINE('',#6639,#6640);
#6639 = CARTESIAN_POINT('',(52.,-48.,96.8));
#6640 = VECTOR('',#6641,1.);
#6641 = DIRECTION('',(0.,0.,1.));
#6642 = ORIENTED_EDGE('',*,*,#5712,.F.);
#6643 = PLANE('',#6644);
#6644 = AXIS2_PLACEMENT_3D('',#6645,#6646,#6647);
#6645 = CARTESIAN_POINT('',(52.,-48.,96.8));
#6646 = DIRECTION('',(0.,1.,0.));
#6647 = DIRECTION('',(0.,0.,1.));
#6648 = ADVANCED_FACE('',(#6649),#6660,.F.);
#6649 = FACE_BOUND('',#6650,.F.);
#6650 = EDGE_LOOP('',(#6651,#6652,#6653,#6659));
#6651 = ORIENTED_EDGE('',*,*,#6630,.F.);
#6652 = ORIENTED_EDGE('',*,*,#4722,.T.);
#6653 = ORIENTED_EDGE('',*,*,#6654,.T.);
#6654 = EDGE_CURVE('',#4715,#5731,#6655,.T.);
#6655 = LINE('',#6656,#6657);
#6656 = CARTESIAN_POINT('',(56.,-22.,96.8));
#6657 = VECTOR('',#6658,1.);
#6658 = DIRECTION('',(0.,0.,1.));
#6659 = ORIENTED_EDGE('',*,*,#5738,.F.);
#6660 = PLANE('',#6661);
#6661 = AXIS2_PLACEMENT_3D('',#6662,#6663,#6664);
#6662 = CARTESIAN_POINT('',(56.,-48.,96.8));
#6663 = DIRECTION('',(1.,0.,0.));
#6664 = DIRECTION('',(0.,0.,1.));
#6665 = ADVANCED_FACE('',(#6666),#6677,.T.);
#6666 = FACE_BOUND('',#6667,.T.);
#6667 = EDGE_LOOP('',(#6668,#6669,#6670,#6676));
#6668 = ORIENTED_EDGE('',*,*,#6637,.F.);
#6669 = ORIENTED_EDGE('',*,*,#4706,.T.);
#6670 = ORIENTED_EDGE('',*,*,#6671,.T.);
#6671 = EDGE_CURVE('',#4707,#5723,#6672,.T.);
#6672 = LINE('',#6673,#6674);
#6673 = CARTESIAN_POINT('',(52.,-22.,96.8));
#6674 = VECTOR('',#6675,1.);
#6675 = DIRECTION('',(0.,0.,1.));
#6676 = ORIENTED_EDGE('',*,*,#5722,.F.);
#6677 = PLANE('',#6678);
#6678 = AXIS2_PLACEMENT_3D('',#6679,#6680,#6681);
#6679 = CARTESIAN_POINT('',(52.,-48.,96.8));
#6680 = DIRECTION('',(1.,0.,0.));
#6681 = DIRECTION('',(0.,0.,1.));
#6682 = ADVANCED_FACE('',(#6683),#6689,.F.);
#6683 = FACE_BOUND('',#6684,.F.);
#6684 = EDGE_LOOP('',(#6685,#6686,#6687,#6688));
#6685 = ORIENTED_EDGE('',*,*,#6654,.F.);
#6686 = ORIENTED_EDGE('',*,*,#4714,.T.);
#6687 = ORIENTED_EDGE('',*,*,#6671,.T.);
#6688 = ORIENTED_EDGE('',*,*,#5730,.F.);
#6689 = PLANE('',#6690);
#6690 = AXIS2_PLACEMENT_3D('',#6691,#6692,#6693);
#6691 = CARTESIAN_POINT('',(52.,-22.,96.8));
#6692 = DIRECTION('',(0.,1.,0.));
#6693 = DIRECTION('',(0.,0.,1.));
#6694 = ADVANCED_FACE('',(#6695),#6711,.T.);
#6695 = FACE_BOUND('',#6696,.T.);
#6696 = EDGE_LOOP('',(#6697,#6703,#6704,#6710));
#6697 = ORIENTED_EDGE('',*,*,#6698,.F.);
#6698 = EDGE_CURVE('',#4731,#5747,#6699,.T.);
#6699 = LINE('',#6700,#6701);
#6700 = CARTESIAN_POINT('',(68.,-48.,96.8));
#6701 = VECTOR('',#6702,1.);
#6702 = DIRECTION('',(0.,0.,1.));
#6703 = ORIENTED_EDGE('',*,*,#4730,.T.);
#6704 = ORIENTED_EDGE('',*,*,#6705,.T.);
#6705 = EDGE_CURVE('',#4733,#5749,#6706,.T.);
#6706 = LINE('',#6707,#6708);
#6707 = CARTESIAN_POINT('',(64.,-48.,96.8));
#6708 = VECTOR('',#6709,1.);
#6709 = DIRECTION('',(0.,0.,1.));
#6710 = ORIENTED_EDGE('',*,*,#5746,.F.);
#6711 = PLANE('',#6712);
#6712 = AXIS2_PLACEMENT_3D('',#6713,#6714,#6715);
#6713 = CARTESIAN_POINT('',(64.,-48.,96.8));
#6714 = DIRECTION('',(0.,1.,0.));
#6715 = DIRECTION('',(0.,0.,1.));
#6716 = ADVANCED_FACE('',(#6717),#6728,.F.);
#6717 = FACE_BOUND('',#6718,.F.);
#6718 = EDGE_LOOP('',(#6719,#6720,#6721,#6727));
#6719 = ORIENTED_EDGE('',*,*,#6698,.F.);
#6720 = ORIENTED_EDGE('',*,*,#4756,.T.);
#6721 = ORIENTED_EDGE('',*,*,#6722,.T.);
#6722 = EDGE_CURVE('',#4749,#5765,#6723,.T.);
#6723 = LINE('',#6724,#6725);
#6724 = CARTESIAN_POINT('',(68.,-22.,96.8));
#6725 = VECTOR('',#6726,1.);
#6726 = DIRECTION('',(0.,0.,1.));
#6727 = ORIENTED_EDGE('',*,*,#5772,.F.);
#6728 = PLANE('',#6729);
#6729 = AXIS2_PLACEMENT_3D('',#6730,#6731,#6732);
#6730 = CARTESIAN_POINT('',(68.,-48.,96.8));
#6731 = DIRECTION('',(1.,0.,0.));
#6732 = DIRECTION('',(0.,0.,1.));
#6733 = ADVANCED_FACE('',(#6734),#6745,.T.);
#6734 = FACE_BOUND('',#6735,.T.);
#6735 = EDGE_LOOP('',(#6736,#6737,#6738,#6744));
#6736 = ORIENTED_EDGE('',*,*,#6705,.F.);
#6737 = ORIENTED_EDGE('',*,*,#4740,.T.);
#6738 = ORIENTED_EDGE('',*,*,#6739,.T.);
#6739 = EDGE_CURVE('',#4741,#5757,#6740,.T.);
#6740 = LINE('',#6741,#6742);
#6741 = CARTESIAN_POINT('',(64.,-22.,96.8));
#6742 = VECTOR('',#6743,1.);
#6743 = DIRECTION('',(0.,0.,1.));
#6744 = ORIENTED_EDGE('',*,*,#5756,.F.);
#6745 = PLANE('',#6746);
#6746 = AXIS2_PLACEMENT_3D('',#6747,#6748,#6749);
#6747 = CARTESIAN_POINT('',(64.,-48.,96.8));
#6748 = DIRECTION('',(1.,0.,0.));
#6749 = DIRECTION('',(0.,0.,1.));
#6750 = ADVANCED_FACE('',(#6751),#6757,.F.);
#6751 = FACE_BOUND('',#6752,.F.);
#6752 = EDGE_LOOP('',(#6753,#6754,#6755,#6756));
#6753 = ORIENTED_EDGE('',*,*,#6722,.F.);
#6754 = ORIENTED_EDGE('',*,*,#4748,.T.);
#6755 = ORIENTED_EDGE('',*,*,#6739,.T.);
#6756 = ORIENTED_EDGE('',*,*,#5764,.F.);
#6757 = PLANE('',#6758);
#6758 = AXIS2_PLACEMENT_3D('',#6759,#6760,#6761);
#6759 = CARTESIAN_POINT('',(64.,-22.,96.8));
#6760 = DIRECTION('',(0.,1.,0.));
#6761 = DIRECTION('',(0.,0.,1.));
#6762 = ADVANCED_FACE('',(#6763),#6779,.T.);
#6763 = FACE_BOUND('',#6764,.T.);
#6764 = EDGE_LOOP('',(#6765,#6771,#6772,#6778));
#6765 = ORIENTED_EDGE('',*,*,#6766,.F.);
#6766 = EDGE_CURVE('',#4765,#5781,#6767,.T.);
#6767 = LINE('',#6768,#6769);
#6768 = CARTESIAN_POINT('',(44.,22.,96.8));
#6769 = VECTOR('',#6770,1.);
#6770 = DIRECTION('',(0.,0.,1.));
#6771 = ORIENTED_EDGE('',*,*,#4764,.T.);
#6772 = ORIENTED_EDGE('',*,*,#6773,.T.);
#6773 = EDGE_CURVE('',#4767,#5783,#6774,.T.);
#6774 = LINE('',#6775,#6776);
#6775 = CARTESIAN_POINT('',(40.,22.,96.8));
#6776 = VECTOR('',#6777,1.);
#6777 = DIRECTION('',(0.,0.,1.));
#6778 = ORIENTED_EDGE('',*,*,#5780,.F.);
#6779 = PLANE('',#6780);
#6780 = AXIS2_PLACEMENT_3D('',#6781,#6782,#6783);
#6781 = CARTESIAN_POINT('',(40.,22.,96.8));
#6782 = DIRECTION('',(0.,1.,0.));
#6783 = DIRECTION('',(0.,0.,1.));
#6784 = ADVANCED_FACE('',(#6785),#6796,.F.);
#6785 = FACE_BOUND('',#6786,.F.);
#6786 = EDGE_LOOP('',(#6787,#6788,#6789,#6795));
#6787 = ORIENTED_EDGE('',*,*,#6766,.F.);
#6788 = ORIENTED_EDGE('',*,*,#4790,.T.);
#6789 = ORIENTED_EDGE('',*,*,#6790,.T.);
#6790 = EDGE_CURVE('',#4783,#5799,#6791,.T.);
#6791 = LINE('',#6792,#6793);
#6792 = CARTESIAN_POINT('',(44.,48.,96.8));
#6793 = VECTOR('',#6794,1.);
#6794 = DIRECTION('',(0.,0.,1.));
#6795 = ORIENTED_EDGE('',*,*,#5806,.F.);
#6796 = PLANE('',#6797);
#6797 = AXIS2_PLACEMENT_3D('',#6798,#6799,#6800);
#6798 = CARTESIAN_POINT('',(44.,22.,96.8));
#6799 = DIRECTION('',(1.,0.,0.));
#6800 = DIRECTION('',(0.,0.,1.));
#6801 = ADVANCED_FACE('',(#6802),#6813,.T.);
#6802 = FACE_BOUND('',#6803,.T.);
#6803 = EDGE_LOOP('',(#6804,#6805,#6806,#6812));
#6804 = ORIENTED_EDGE('',*,*,#6773,.F.);
#6805 = ORIENTED_EDGE('',*,*,#4774,.T.);
#6806 = ORIENTED_EDGE('',*,*,#6807,.T.);
#6807 = EDGE_CURVE('',#4775,#5791,#6808,.T.);
#6808 = LINE('',#6809,#6810);
#6809 = CARTESIAN_POINT('',(40.,48.,96.8));
#6810 = VECTOR('',#6811,1.);
#6811 = DIRECTION('',(0.,0.,1.));
#6812 = ORIENTED_EDGE('',*,*,#5790,.F.);
#6813 = PLANE('',#6814);
#6814 = AXIS2_PLACEMENT_3D('',#6815,#6816,#6817);
#6815 = CARTESIAN_POINT('',(40.,22.,96.8));
#6816 = DIRECTION('',(1.,0.,0.));
#6817 = DIRECTION('',(0.,0.,1.));
#6818 = ADVANCED_FACE('',(#6819),#6825,.F.);
#6819 = FACE_BOUND('',#6820,.F.);
#6820 = EDGE_LOOP('',(#6821,#6822,#6823,#6824));
#6821 = ORIENTED_EDGE('',*,*,#6790,.F.);
#6822 = ORIENTED_EDGE('',*,*,#4782,.T.);
#6823 = ORIENTED_EDGE('',*,*,#6807,.T.);
#6824 = ORIENTED_EDGE('',*,*,#5798,.F.);
#6825 = PLANE('',#6826);
#6826 = AXIS2_PLACEMENT_3D('',#6827,#6828,#6829);
#6827 = CARTESIAN_POINT('',(40.,48.,96.8));
#6828 = DIRECTION('',(0.,1.,0.));
#6829 = DIRECTION('',(0.,0.,1.));
#6830 = ADVANCED_FACE('',(#6831),#6847,.T.);
#6831 = FACE_BOUND('',#6832,.T.);
#6832 = EDGE_LOOP('',(#6833,#6839,#6840,#6846));
#6833 = ORIENTED_EDGE('',*,*,#6834,.F.);
#6834 = EDGE_CURVE('',#4799,#5815,#6835,.T.);
#6835 = LINE('',#6836,#6837);
#6836 = CARTESIAN_POINT('',(56.,22.,96.8));
#6837 = VECTOR('',#6838,1.);
#6838 = DIRECTION('',(0.,0.,1.));
#6839 = ORIENTED_EDGE('',*,*,#4798,.T.);
#6840 = ORIENTED_EDGE('',*,*,#6841,.T.);
#6841 = EDGE_CURVE('',#4801,#5817,#6842,.T.);
#6842 = LINE('',#6843,#6844);
#6843 = CARTESIAN_POINT('',(52.,22.,96.8));
#6844 = VECTOR('',#6845,1.);
#6845 = DIRECTION('',(0.,0.,1.));
#6846 = ORIENTED_EDGE('',*,*,#5814,.F.);
#6847 = PLANE('',#6848);
#6848 = AXIS2_PLACEMENT_3D('',#6849,#6850,#6851);
#6849 = CARTESIAN_POINT('',(52.,22.,96.8));
#6850 = DIRECTION('',(0.,1.,0.));
#6851 = DIRECTION('',(0.,0.,1.));
#6852 = ADVANCED_FACE('',(#6853),#6864,.F.);
#6853 = FACE_BOUND('',#6854,.F.);
#6854 = EDGE_LOOP('',(#6855,#6856,#6857,#6863));
#6855 = ORIENTED_EDGE('',*,*,#6834,.F.);
#6856 = ORIENTED_EDGE('',*,*,#4824,.T.);
#6857 = ORIENTED_EDGE('',*,*,#6858,.T.);
#6858 = EDGE_CURVE('',#4817,#5833,#6859,.T.);
#6859 = LINE('',#6860,#6861);
#6860 = CARTESIAN_POINT('',(56.,48.,96.8));
#6861 = VECTOR('',#6862,1.);
#6862 = DIRECTION('',(0.,0.,1.));
#6863 = ORIENTED_EDGE('',*,*,#5840,.F.);
#6864 = PLANE('',#6865);
#6865 = AXIS2_PLACEMENT_3D('',#6866,#6867,#6868);
#6866 = CARTESIAN_POINT('',(56.,22.,96.8));
#6867 = DIRECTION('',(1.,0.,0.));
#6868 = DIRECTION('',(0.,0.,1.));
#6869 = ADVANCED_FACE('',(#6870),#6881,.T.);
#6870 = FACE_BOUND('',#6871,.T.);
#6871 = EDGE_LOOP('',(#6872,#6873,#6874,#6880));
#6872 = ORIENTED_EDGE('',*,*,#6841,.F.);
#6873 = ORIENTED_EDGE('',*,*,#4808,.T.);
#6874 = ORIENTED_EDGE('',*,*,#6875,.T.);
#6875 = EDGE_CURVE('',#4809,#5825,#6876,.T.);
#6876 = LINE('',#6877,#6878);
#6877 = CARTESIAN_POINT('',(52.,48.,96.8));
#6878 = VECTOR('',#6879,1.);
#6879 = DIRECTION('',(0.,0.,1.));
#6880 = ORIENTED_EDGE('',*,*,#5824,.F.);
#6881 = PLANE('',#6882);
#6882 = AXIS2_PLACEMENT_3D('',#6883,#6884,#6885);
#6883 = CARTESIAN_POINT('',(52.,22.,96.8));
#6884 = DIRECTION('',(1.,0.,0.));
#6885 = DIRECTION('',(0.,0.,1.));
#6886 = ADVANCED_FACE('',(#6887),#6893,.F.);
#6887 = FACE_BOUND('',#6888,.F.);
#6888 = EDGE_LOOP('',(#6889,#6890,#6891,#6892));
#6889 = ORIENTED_EDGE('',*,*,#6858,.F.);
#6890 = ORIENTED_EDGE('',*,*,#4816,.T.);
#6891 = ORIENTED_EDGE('',*,*,#6875,.T.);
#6892 = ORIENTED_EDGE('',*,*,#5832,.F.);
#6893 = PLANE('',#6894);
#6894 = AXIS2_PLACEMENT_3D('',#6895,#6896,#6897);
#6895 = CARTESIAN_POINT('',(52.,48.,96.8));
#6896 = DIRECTION('',(0.,1.,0.));
#6897 = DIRECTION('',(0.,0.,1.));
#6898 = ADVANCED_FACE('',(#6899),#6915,.T.);
#6899 = FACE_BOUND('',#6900,.T.);
#6900 = EDGE_LOOP('',(#6901,#6907,#6908,#6914));
#6901 = ORIENTED_EDGE('',*,*,#6902,.F.);
#6902 = EDGE_CURVE('',#4833,#5849,#6903,.T.);
#6903 = LINE('',#6904,#6905);
#6904 = CARTESIAN_POINT('',(68.,22.,96.8));
#6905 = VECTOR('',#6906,1.);
#6906 = DIRECTION('',(0.,0.,1.));
#6907 = ORIENTED_EDGE('',*,*,#4832,.T.);
#6908 = ORIENTED_EDGE('',*,*,#6909,.T.);
#6909 = EDGE_CURVE('',#4835,#5851,#6910,.T.);
#6910 = LINE('',#6911,#6912);
#6911 = CARTESIAN_POINT('',(64.,22.,96.8));
#6912 = VECTOR('',#6913,1.);
#6913 = DIRECTION('',(0.,0.,1.));
#6914 = ORIENTED_EDGE('',*,*,#5848,.F.);
#6915 = PLANE('',#6916);
#6916 = AXIS2_PLACEMENT_3D('',#6917,#6918,#6919);
#6917 = CARTESIAN_POINT('',(64.,22.,96.8));
#6918 = DIRECTION('',(0.,1.,0.));
#6919 = DIRECTION('',(0.,0.,1.));
#6920 = ADVANCED_FACE('',(#6921),#6932,.F.);
#6921 = FACE_BOUND('',#6922,.F.);
#6922 = EDGE_LOOP('',(#6923,#6924,#6925,#6931));
#6923 = ORIENTED_EDGE('',*,*,#6902,.F.);
#6924 = ORIENTED_EDGE('',*,*,#4858,.T.);
#6925 = ORIENTED_EDGE('',*,*,#6926,.T.);
#6926 = EDGE_CURVE('',#4851,#5867,#6927,.T.);
#6927 = LINE('',#6928,#6929);
#6928 = CARTESIAN_POINT('',(68.,48.,96.8));
#6929 = VECTOR('',#6930,1.);
#6930 = DIRECTION('',(0.,0.,1.));
#6931 = ORIENTED_EDGE('',*,*,#5874,.F.);
#6932 = PLANE('',#6933);
#6933 = AXIS2_PLACEMENT_3D('',#6934,#6935,#6936);
#6934 = CARTESIAN_POINT('',(68.,22.,96.8));
#6935 = DIRECTION('',(1.,0.,0.));
#6936 = DIRECTION('',(0.,0.,1.));
#6937 = ADVANCED_FACE('',(#6938),#6949,.T.);
#6938 = FACE_BOUND('',#6939,.T.);
#6939 = EDGE_LOOP('',(#6940,#6941,#6942,#6948));
#6940 = ORIENTED_EDGE('',*,*,#6909,.F.);
#6941 = ORIENTED_EDGE('',*,*,#4842,.T.);
#6942 = ORIENTED_EDGE('',*,*,#6943,.T.);
#6943 = EDGE_CURVE('',#4843,#5859,#6944,.T.);
#6944 = LINE('',#6945,#6946);
#6945 = CARTESIAN_POINT('',(64.,48.,96.8));
#6946 = VECTOR('',#6947,1.);
#6947 = DIRECTION('',(0.,0.,1.));
#6948 = ORIENTED_EDGE('',*,*,#5858,.F.);
#6949 = PLANE('',#6950);
#6950 = AXIS2_PLACEMENT_3D('',#6951,#6952,#6953);
#6951 = CARTESIAN_POINT('',(64.,22.,96.8));
#6952 = DIRECTION('',(1.,0.,0.));
#6953 = DIRECTION('',(0.,0.,1.));
#6954 = ADVANCED_FACE('',(#6955),#6961,.F.);
#6955 = FACE_BOUND('',#6956,.F.);
#6956 = EDGE_LOOP('',(#6957,#6958,#6959,#6960));
#6957 = ORIENTED_EDGE('',*,*,#6926,.F.);
#6958 = ORIENTED_EDGE('',*,*,#4850,.T.);
#6959 = ORIENTED_EDGE('',*,*,#6943,.T.);
#6960 = ORIENTED_EDGE('',*,*,#5866,.F.);
#6961 = PLANE('',#6962);
#6962 = AXIS2_PLACEMENT_3D('',#6963,#6964,#6965);
#6963 = CARTESIAN_POINT('',(64.,48.,96.8));
#6964 = DIRECTION('',(0.,1.,0.));
#6965 = DIRECTION('',(0.,0.,1.));
#6966 = ADVANCED_FACE('',(#6967,#6970),#7020,.F.);
#6967 = FACE_BOUND('',#6968,.F.);
#6968 = EDGE_LOOP('',(#6969));
#6969 = ORIENTED_EDGE('',*,*,#4898,.T.);
#6970 = FACE_BOUND('',#6971,.F.);
#6971 = EDGE_LOOP('',(#6972,#6982,#6990,#6998,#7006,#7014));
#6972 = ORIENTED_EDGE('',*,*,#6973,.T.);
#6973 = EDGE_CURVE('',#6974,#6976,#6978,.T.);
#6974 = VERTEX_POINT('',#6975);
#6975 = CARTESIAN_POINT('',(107.,65.1,89.67431578065));
#6976 = VERTEX_POINT('',#6977);
#6977 = CARTESIAN_POINT('',(107.,68.,91.3486315613));
#6978 = LINE('',#6979,#6980);
#6979 = CARTESIAN_POINT('',(107.,67.275,90.930052616137));
#6980 = VECTOR('',#6981,1.);
#6981 = DIRECTION('',(0.,0.866025403784,0.5));
#6982 = ORIENTED_EDGE('',*,*,#6983,.T.);
#6983 = EDGE_CURVE('',#6976,#6984,#6986,.T.);
#6984 = VERTEX_POINT('',#6985);
#6985 = CARTESIAN_POINT('',(107.,70.9,89.67431578065));
#6986 = LINE('',#6987,#6988);
#6987 = CARTESIAN_POINT('',(107.,70.175,90.092894725812));
#6988 = VECTOR('',#6989,1.);
#6989 = DIRECTION('',(0.,0.866025403784,-0.5));
#6990 = ORIENTED_EDGE('',*,*,#6991,.T.);
#6991 = EDGE_CURVE('',#6984,#6992,#6994,.T.);
#6992 = VERTEX_POINT('',#6993);
#6993 = CARTESIAN_POINT('',(107.,70.9,86.32568421935));
#6994 = LINE('',#6995,#6996);
#6995 = CARTESIAN_POINT('',(107.,70.9,87.162842109675));
#6996 = VECTOR('',#6997,1.);
#6997 = DIRECTION('',(0.,0.,-1.));
#6998 = ORIENTED_EDGE('',*,*,#6999,.T.);
#6999 = EDGE_CURVE('',#6992,#7000,#7002,.T.);
#7000 = VERTEX_POINT('',#7001);
#7001 = CARTESIAN_POINT('',(107.,68.,84.6513684387));
#7002 = LINE('',#7003,#7004);
#7003 = CARTESIAN_POINT('',(107.,68.725,85.069947383863));
#7004 = VECTOR('',#7005,1.);
#7005 = DIRECTION('',(0.,-0.866025403784,-0.5));
#7006 = ORIENTED_EDGE('',*,*,#7007,.T.);
#7007 = EDGE_CURVE('',#7000,#7008,#7010,.T.);
#7008 = VERTEX_POINT('',#7009);
#7009 = CARTESIAN_POINT('',(107.,65.1,86.32568421935));
#7010 = LINE('',#7011,#7012);
#7011 = CARTESIAN_POINT('',(107.,65.825,85.907105274188));
#7012 = VECTOR('',#7013,1.);
#7013 = DIRECTION('',(0.,-0.866025403784,0.5));
#7014 = ORIENTED_EDGE('',*,*,#7015,.T.);
#7015 = EDGE_CURVE('',#7008,#6974,#7016,.T.);
#7016 = LINE('',#7017,#7018);
#7017 = CARTESIAN_POINT('',(107.,65.1,88.837157890325));
#7018 = VECTOR('',#7019,1.);
#7019 = DIRECTION('',(0.,0.,1.));
#7020 = PLANE('',#7021);
#7021 = AXIS2_PLACEMENT_3D('',#7022,#7023,#7024);
#7022 = CARTESIAN_POINT('',(107.,68.,88.));
#7023 = DIRECTION('',(1.,0.,0.));
#7024 = DIRECTION('',(0.,0.,1.));
#7025 = ADVANCED_FACE('',(#7026,#7029),#7079,.F.);
#7026 = FACE_BOUND('',#7027,.F.);
#7027 = EDGE_LOOP('',(#7028));
#7028 = ORIENTED_EDGE('',*,*,#5078,.T.);
#7029 = FACE_BOUND('',#7030,.F.);
#7030 = EDGE_LOOP('',(#7031,#7041,#7049,#7057,#7065,#7073));
#7031 = ORIENTED_EDGE('',*,*,#7032,.T.);
#7032 = EDGE_CURVE('',#7033,#7035,#7037,.T.);
#7033 = VERTEX_POINT('',#7034);
#7034 = CARTESIAN_POINT('',(107.,65.1,-42.32568421935));
#7035 = VERTEX_POINT('',#7036);
#7036 = CARTESIAN_POINT('',(107.,68.,-40.6513684387));
#7037 = LINE('',#7038,#7039);
#7038 = CARTESIAN_POINT('',(107.,67.275,-41.06994738386));
#7039 = VECTOR('',#7040,1.);
#7040 = DIRECTION('',(0.,0.866025403784,0.5));
#7041 = ORIENTED_EDGE('',*,*,#7042,.T.);
#7042 = EDGE_CURVE('',#7035,#7043,#7045,.T.);
#7043 = VERTEX_POINT('',#7044);
#7044 = CARTESIAN_POINT('',(107.,70.9,-42.32568421935));
#7045 = LINE('',#7046,#7047);
#7046 = CARTESIAN_POINT('',(107.,70.175,-41.90710527418));
#7047 = VECTOR('',#7048,1.);
#7048 = DIRECTION('',(0.,0.866025403784,-0.5));
#7049 = ORIENTED_EDGE('',*,*,#7050,.T.);
#7050 = EDGE_CURVE('',#7043,#7051,#7053,.T.);
#7051 = VERTEX_POINT('',#7052);
#7052 = CARTESIAN_POINT('',(107.,70.9,-45.67431578065));
#7053 = LINE('',#7054,#7055);
#7054 = CARTESIAN_POINT('',(107.,70.9,-44.83715789032));
#7055 = VECTOR('',#7056,1.);
#7056 = DIRECTION('',(0.,0.,-1.));
#7057 = ORIENTED_EDGE('',*,*,#7058,.T.);
#7058 = EDGE_CURVE('',#7051,#7059,#7061,.T.);
#7059 = VERTEX_POINT('',#7060);
#7060 = CARTESIAN_POINT('',(107.,68.,-47.3486315613));
#7061 = LINE('',#7062,#7063);
#7062 = CARTESIAN_POINT('',(107.,68.725,-46.93005261613));
#7063 = VECTOR('',#7064,1.);
#7064 = DIRECTION('',(0.,-0.866025403784,-0.5));
#7065 = ORIENTED_EDGE('',*,*,#7066,.T.);
#7066 = EDGE_CURVE('',#7059,#7067,#7069,.T.);
#7067 = VERTEX_POINT('',#7068);
#7068 = CARTESIAN_POINT('',(107.,65.1,-45.67431578065));
#7069 = LINE('',#7070,#7071);
#7070 = CARTESIAN_POINT('',(107.,65.825,-46.09289472581));
#7071 = VECTOR('',#7072,1.);
#7072 = DIRECTION('',(0.,-0.866025403784,0.5));
#7073 = ORIENTED_EDGE('',*,*,#7074,.T.);
#7074 = EDGE_CURVE('',#7067,#7033,#7075,.T.);
#7075 = LINE('',#7076,#7077);
#7076 = CARTESIAN_POINT('',(107.,65.1,-43.16284210967));
#7077 = VECTOR('',#7078,1.);
#7078 = DIRECTION('',(0.,0.,1.));
#7079 = PLANE('',#7080);
#7080 = AXIS2_PLACEMENT_3D('',#7081,#7082,#7083);
#7081 = CARTESIAN_POINT('',(107.,68.,-44.));
#7082 = DIRECTION('',(1.,0.,0.));
#7083 = DIRECTION('',(0.,0.,1.));
#7084 = ADVANCED_FACE('',(#7085,#7088),#7138,.F.);
#7085 = FACE_BOUND('',#7086,.F.);
#7086 = EDGE_LOOP('',(#7087));
#7087 = ORIENTED_EDGE('',*,*,#5152,.T.);
#7088 = FACE_BOUND('',#7089,.F.);
#7089 = EDGE_LOOP('',(#7090,#7100,#7108,#7116,#7124,#7132));
#7090 = ORIENTED_EDGE('',*,*,#7091,.T.);
#7091 = EDGE_CURVE('',#7092,#7094,#7096,.T.);
#7092 = VERTEX_POINT('',#7093);
#7093 = CARTESIAN_POINT('',(107.,-70.9,-42.32568421935));
#7094 = VERTEX_POINT('',#7095);
#7095 = CARTESIAN_POINT('',(107.,-68.,-40.6513684387));
#7096 = LINE('',#7097,#7098);
#7097 = CARTESIAN_POINT('',(107.,-68.725,-41.06994738386));
#7098 = VECTOR('',#7099,1.);
#7099 = DIRECTION('',(0.,0.866025403784,0.5));
#7100 = ORIENTED_EDGE('',*,*,#7101,.T.);
#7101 = EDGE_CURVE('',#7094,#7102,#7104,.T.);
#7102 = VERTEX_POINT('',#7103);
#7103 = CARTESIAN_POINT('',(107.,-65.1,-42.32568421935));
#7104 = LINE('',#7105,#7106);
#7105 = CARTESIAN_POINT('',(107.,-65.825,-41.90710527418));
#7106 = VECTOR('',#7107,1.);
#7107 = DIRECTION('',(0.,0.866025403784,-0.5));
#7108 = ORIENTED_EDGE('',*,*,#7109,.T.);
#7109 = EDGE_CURVE('',#7102,#7110,#7112,.T.);
#7110 = VERTEX_POINT('',#7111);
#7111 = CARTESIAN_POINT('',(107.,-65.1,-45.67431578065));
#7112 = LINE('',#7113,#7114);
#7113 = CARTESIAN_POINT('',(107.,-65.1,-44.83715789032));
#7114 = VECTOR('',#7115,1.);
#7115 = DIRECTION('',(0.,0.,-1.));
#7116 = ORIENTED_EDGE('',*,*,#7117,.T.);
#7117 = EDGE_CURVE('',#7110,#7118,#7120,.T.);
#7118 = VERTEX_POINT('',#7119);
#7119 = CARTESIAN_POINT('',(107.,-68.,-47.3486315613));
#7120 = LINE('',#7121,#7122);
#7121 = CARTESIAN_POINT('',(107.,-67.275,-46.93005261613));
#7122 = VECTOR('',#7123,1.);
#7123 = DIRECTION('',(0.,-0.866025403784,-0.5));
#7124 = ORIENTED_EDGE('',*,*,#7125,.T.);
#7125 = EDGE_CURVE('',#7118,#7126,#7128,.T.);
#7126 = VERTEX_POINT('',#7127);
#7127 = CARTESIAN_POINT('',(107.,-70.9,-45.67431578065));
#7128 = LINE('',#7129,#7130);
#7129 = CARTESIAN_POINT('',(107.,-70.175,-46.09289472581));
#7130 = VECTOR('',#7131,1.);
#7131 = DIRECTION('',(0.,-0.866025403784,0.5));
#7132 = ORIENTED_EDGE('',*,*,#7133,.T.);
#7133 = EDGE_CURVE('',#7126,#7092,#7134,.T.);
#7134 = LINE('',#7135,#7136);
#7135 = CARTESIAN_POINT('',(107.,-70.9,-43.16284210967));
#7136 = VECTOR('',#7137,1.);
#7137 = DIRECTION('',(0.,0.,1.));
#7138 = PLANE('',#7139);
#7139 = AXIS2_PLACEMENT_3D('',#7140,#7141,#7142);
#7140 = CARTESIAN_POINT('',(107.,-68.,-44.));
#7141 = DIRECTION('',(1.,0.,0.));
#7142 = DIRECTION('',(0.,0.,1.));
#7143 = ADVANCED_FACE('',(#7144,#7147),#7197,.F.);
#7144 = FACE_BOUND('',#7145,.F.);
#7145 = EDGE_LOOP('',(#7146));
#7146 = ORIENTED_EDGE('',*,*,#5308,.T.);
#7147 = FACE_BOUND('',#7148,.F.);
#7148 = EDGE_LOOP('',(#7149,#7159,#7167,#7175,#7183,#7191));
#7149 = ORIENTED_EDGE('',*,*,#7150,.T.);
#7150 = EDGE_CURVE('',#7151,#7153,#7155,.T.);
#7151 = VERTEX_POINT('',#7152);
#7152 = CARTESIAN_POINT('',(107.,-70.9,89.67431578065));
#7153 = VERTEX_POINT('',#7154);
#7154 = CARTESIAN_POINT('',(107.,-68.,91.3486315613));
#7155 = LINE('',#7156,#7157);
#7156 = CARTESIAN_POINT('',(107.,-68.725,90.930052616137));
#7157 = VECTOR('',#7158,1.);
#7158 = DIRECTION('',(0.,0.866025403784,0.5));
#7159 = ORIENTED_EDGE('',*,*,#7160,.T.);
#7160 = EDGE_CURVE('',#7153,#7161,#7163,.T.);
#7161 = VERTEX_POINT('',#7162);
#7162 = CARTESIAN_POINT('',(107.,-65.1,89.67431578065));
#7163 = LINE('',#7164,#7165);
#7164 = CARTESIAN_POINT('',(107.,-65.825,90.092894725812));
#7165 = VECTOR('',#7166,1.);
#7166 = DIRECTION('',(0.,0.866025403784,-0.5));
#7167 = ORIENTED_EDGE('',*,*,#7168,.T.);
#7168 = EDGE_CURVE('',#7161,#7169,#7171,.T.);
#7169 = VERTEX_POINT('',#7170);
#7170 = CARTESIAN_POINT('',(107.,-65.1,86.32568421935));
#7171 = LINE('',#7172,#7173);
#7172 = CARTESIAN_POINT('',(107.,-65.1,87.162842109675));
#7173 = VECTOR('',#7174,1.);
#7174 = DIRECTION('',(0.,0.,-1.));
#7175 = ORIENTED_EDGE('',*,*,#7176,.T.);
#7176 = EDGE_CURVE('',#7169,#7177,#7179,.T.);
#7177 = VERTEX_POINT('',#7178);
#7178 = CARTESIAN_POINT('',(107.,-68.,84.6513684387));
#7179 = LINE('',#7180,#7181);
#7180 = CARTESIAN_POINT('',(107.,-67.275,85.069947383863));
#7181 = VECTOR('',#7182,1.);
#7182 = DIRECTION('',(0.,-0.866025403784,-0.5));
#7183 = ORIENTED_EDGE('',*,*,#7184,.T.);
#7184 = EDGE_CURVE('',#7177,#7185,#7187,.T.);
#7185 = VERTEX_POINT('',#7186);
#7186 = CARTESIAN_POINT('',(107.,-70.9,86.32568421935));
#7187 = LINE('',#7188,#7189);
#7188 = CARTESIAN_POINT('',(107.,-70.175,85.907105274188));
#7189 = VECTOR('',#7190,1.);
#7190 = DIRECTION('',(0.,-0.866025403784,0.5));
#7191 = ORIENTED_EDGE('',*,*,#7192,.T.);
#7192 = EDGE_CURVE('',#7185,#7151,#7193,.T.);
#7193 = LINE('',#7194,#7195);
#7194 = CARTESIAN_POINT('',(107.,-70.9,88.837157890325));
#7195 = VECTOR('',#7196,1.);
#7196 = DIRECTION('',(0.,0.,1.));
#7197 = PLANE('',#7198);
#7198 = AXIS2_PLACEMENT_3D('',#7199,#7200,#7201);
#7199 = CARTESIAN_POINT('',(107.,-68.,88.));
#7200 = DIRECTION('',(1.,0.,0.));
#7201 = DIRECTION('',(0.,0.,1.));
#7202 = ADVANCED_FACE('',(#7203),#7209,.T.);
#7203 = FACE_BOUND('',#7204,.T.);
#7204 = EDGE_LOOP('',(#7205,#7206,#7207,#7208));
#7205 = ORIENTED_EDGE('',*,*,#5424,.F.);
#7206 = ORIENTED_EDGE('',*,*,#5452,.F.);
#7207 = ORIENTED_EDGE('',*,*,#5389,.T.);
#7208 = ORIENTED_EDGE('',*,*,#5356,.T.);
#7209 = PLANE('',#7210);
#7210 = AXIS2_PLACEMENT_3D('',#7211,#7212,#7213);
#7211 = CARTESIAN_POINT('',(86.,-57.,-45.));
#7212 = DIRECTION('',(0.,1.,0.));
#7213 = DIRECTION('',(0.,0.,1.));
#7214 = ADVANCED_FACE('',(#7215),#7226,.F.);
#7215 = FACE_BOUND('',#7216,.F.);
#7216 = EDGE_LOOP('',(#7217,#7218,#7224,#7225));
#7217 = ORIENTED_EDGE('',*,*,#5432,.F.);
#7218 = ORIENTED_EDGE('',*,*,#7219,.F.);
#7219 = EDGE_CURVE('',#5398,#5433,#7220,.T.);
#7220 = LINE('',#7221,#7222);
#7221 = CARTESIAN_POINT('',(85.8,-62.,-38.3));
#7222 = VECTOR('',#7223,1.);
#7223 = DIRECTION('',(1.,0.,0.));
#7224 = ORIENTED_EDGE('',*,*,#5397,.T.);
#7225 = ORIENTED_EDGE('',*,*,#7219,.T.);
#7226 = CYLINDRICAL_SURFACE('',#7227,1.7);
#7227 = AXIS2_PLACEMENT_3D('',#7228,#7229,#7230);
#7228 = CARTESIAN_POINT('',(85.8,-62.,-40.));
#7229 = DIRECTION('',(1.,0.,0.));
#7230 = DIRECTION('',(0.,0.,1.));
#7231 = ADVANCED_FACE('',(#7232,#7259),#7270,.F.);
#7232 = FACE_BOUND('',#7233,.F.);
#7233 = EDGE_LOOP('',(#7234,#7235,#7236,#7244,#7253));
#7234 = ORIENTED_EDGE('',*,*,#5510,.T.);
#7235 = ORIENTED_EDGE('',*,*,#5476,.T.);
#7236 = ORIENTED_EDGE('',*,*,#7237,.T.);
#7237 = EDGE_CURVE('',#5477,#7238,#7240,.T.);
#7238 = VERTEX_POINT('',#7239);
#7239 = CARTESIAN_POINT('',(38.5,-75.,39.5));
#7240 = LINE('',#7241,#7242);
#7241 = CARTESIAN_POINT('',(3.25,-75.,39.5));
#7242 = VECTOR('',#7243,1.);
#7243 = DIRECTION('',(1.,0.,0.));
#7244 = ORIENTED_EDGE('',*,*,#7245,.T.);
#7245 = EDGE_CURVE('',#7238,#7246,#7248,.T.);
#7246 = VERTEX_POINT('',#7247);
#7247 = CARTESIAN_POINT('',(39.5,-75.,38.5));
#7248 = CIRCLE('',#7249,1.);
#7249 = AXIS2_PLACEMENT_3D('',#7250,#7251,#7252);
#7250 = CARTESIAN_POINT('',(38.5,-75.,38.5));
#7251 = DIRECTION('',(-0.,1.,1.1E-16));
#7252 = DIRECTION('',(1.,0.,0.));
#7253 = ORIENTED_EDGE('',*,*,#7254,.T.);
#7254 = EDGE_CURVE('',#7246,#5503,#7255,.T.);
#7255 = LINE('',#7256,#7257);
#7256 = CARTESIAN_POINT('',(39.5,-75.,-1.75));
#7257 = VECTOR('',#7258,1.);
#7258 = DIRECTION('',(0.,0.,-1.));
#7259 = FACE_BOUND('',#7260,.F.);
#7260 = EDGE_LOOP('',(#7261));
#7261 = ORIENTED_EDGE('',*,*,#7262,.F.);
#7262 = EDGE_CURVE('',#7263,#7263,#7265,.T.);
#7263 = VERTEX_POINT('',#7264);
#7264 = CARTESIAN_POINT('',(45.,-75.,33.3));
#7265 = CIRCLE('',#7266,1.7);
#7266 = AXIS2_PLACEMENT_3D('',#7267,#7268,#7269);
#7267 = CARTESIAN_POINT('',(45.,-75.,35.));
#7268 = DIRECTION('',(0.,-1.,0.));
#7269 = DIRECTION('',(0.,0.,-1.));
#7270 = PLANE('',#7271);
#7271 = AXIS2_PLACEMENT_3D('',#7272,#7273,#7274);
#7272 = CARTESIAN_POINT('',(45.,-75.,35.));
#7273 = DIRECTION('',(0.,-1.,0.));
#7274 = DIRECTION('',(0.,0.,-1.));
#7275 = ADVANCED_FACE('',(#7276),#7294,.F.);
#7276 = FACE_BOUND('',#7277,.T.);
#7277 = EDGE_LOOP('',(#7278,#7279,#7287,#7293));
#7278 = ORIENTED_EDGE('',*,*,#5502,.T.);
#7279 = ORIENTED_EDGE('',*,*,#7280,.T.);
#7280 = EDGE_CURVE('',#5494,#7281,#7283,.T.);
#7281 = VERTEX_POINT('',#7282);
#7282 = CARTESIAN_POINT('',(39.5,-78.5,38.5));
#7283 = LINE('',#7284,#7285);
#7284 = CARTESIAN_POINT('',(39.5,-78.5,-38.5));
#7285 = VECTOR('',#7286,1.);
#7286 = DIRECTION('',(0.,-2.2E-16,1.));
#7287 = ORIENTED_EDGE('',*,*,#7288,.T.);
#7288 = EDGE_CURVE('',#7281,#7246,#7289,.T.);
#7289 = LINE('',#7290,#7291);
#7290 = CARTESIAN_POINT('',(39.5,-78.5,38.5));
#7291 = VECTOR('',#7292,1.);
#7292 = DIRECTION('',(0.,1.,2.2E-16));
#7293 = ORIENTED_EDGE('',*,*,#7254,.T.);
#7294 = PLANE('',#7295);
#7295 = AXIS2_PLACEMENT_3D('',#7296,#7297,#7298);
#7296 = CARTESIAN_POINT('',(39.5,-78.5,-38.5));
#7297 = DIRECTION('',(1.,0.,0.));
#7298 = DIRECTION('',(0.,-1.,-2.2E-16));
#7299 = ADVANCED_FACE('',(#7300),#7319,.F.);
#7300 = FACE_BOUND('',#7301,.T.);
#7301 = EDGE_LOOP('',(#7302,#7303,#7311,#7318));
#7302 = ORIENTED_EDGE('',*,*,#5493,.F.);
#7303 = ORIENTED_EDGE('',*,*,#7304,.T.);
#7304 = EDGE_CURVE('',#5486,#7305,#7307,.T.);
#7305 = VERTEX_POINT('',#7306);
#7306 = CARTESIAN_POINT('',(38.5,-78.5,39.5));
#7307 = LINE('',#7308,#7309);
#7308 = CARTESIAN_POINT('',(-38.5,-78.5,39.5));
#7309 = VECTOR('',#7310,1.);
#7310 = DIRECTION('',(1.,0.,0.));
#7311 = ORIENTED_EDGE('',*,*,#7312,.F.);
#7312 = EDGE_CURVE('',#7281,#7305,#7313,.T.);
#7313 = CIRCLE('',#7314,1.);
#7314 = AXIS2_PLACEMENT_3D('',#7315,#7316,#7317);
#7315 = CARTESIAN_POINT('',(38.5,-78.5,38.5));
#7316 = DIRECTION('',(0.,-1.,-2.2E-16));
#7317 = DIRECTION('',(1.,0.,0.));
#7318 = ORIENTED_EDGE('',*,*,#7280,.F.);
#7319 = PLANE('',#7320);
#7320 = AXIS2_PLACEMENT_3D('',#7321,#7322,#7323);
#7321 = CARTESIAN_POINT('',(-2.17E-15,-78.5,-1.743E-14));
#7322 = DIRECTION('',(0.,-1.,-2.2E-16));
#7323 = DIRECTION('',(1.,0.,0.));
#7324 = ADVANCED_FACE('',(#7325),#7336,.F.);
#7325 = FACE_BOUND('',#7326,.T.);
#7326 = EDGE_LOOP('',(#7327,#7328,#7329,#7330));
#7327 = ORIENTED_EDGE('',*,*,#7304,.F.);
#7328 = ORIENTED_EDGE('',*,*,#5485,.F.);
#7329 = ORIENTED_EDGE('',*,*,#7237,.T.);
#7330 = ORIENTED_EDGE('',*,*,#7331,.F.);
#7331 = EDGE_CURVE('',#7305,#7238,#7332,.T.);
#7332 = LINE('',#7333,#7334);
#7333 = CARTESIAN_POINT('',(38.5,-78.5,39.5));
#7334 = VECTOR('',#7335,1.);
#7335 = DIRECTION('',(0.,1.,2.2E-16));
#7336 = PLANE('',#7337);
#7337 = AXIS2_PLACEMENT_3D('',#7338,#7339,#7340);
#7338 = CARTESIAN_POINT('',(-38.5,-78.5,39.5));
#7339 = DIRECTION('',(0.,-2.2E-16,1.));
#7340 = DIRECTION('',(0.,-1.,-2.2E-16));
#7341 = ADVANCED_FACE('',(#7342),#7348,.T.);
#7342 = FACE_BOUND('',#7343,.T.);
#7343 = EDGE_LOOP('',(#7344,#7345,#7346,#7347));
#7344 = ORIENTED_EDGE('',*,*,#5600,.F.);
#7345 = ORIENTED_EDGE('',*,*,#5629,.F.);
#7346 = ORIENTED_EDGE('',*,*,#5566,.T.);
#7347 = ORIENTED_EDGE('',*,*,#5533,.T.);
#7348 = PLANE('',#7349);
#7349 = AXIS2_PLACEMENT_3D('',#7350,#7351,#7352);
#7350 = CARTESIAN_POINT('',(86.,-57.,36.));
#7351 = DIRECTION('',(0.,1.,0.));
#7352 = DIRECTION('',(0.,0.,1.));
#7353 = ADVANCED_FACE('',(#7354),#7365,.F.);
#7354 = FACE_BOUND('',#7355,.F.);
#7355 = EDGE_LOOP('',(#7356,#7357,#7363,#7364));
#7356 = ORIENTED_EDGE('',*,*,#5609,.F.);
#7357 = ORIENTED_EDGE('',*,*,#7358,.F.);
#7358 = EDGE_CURVE('',#5575,#5610,#7359,.T.);
#7359 = LINE('',#7360,#7361);
#7360 = CARTESIAN_POINT('',(85.8,-62.,42.7));
#7361 = VECTOR('',#7362,1.);
#7362 = DIRECTION('',(1.,0.,0.));
#7363 = ORIENTED_EDGE('',*,*,#5574,.T.);
#7364 = ORIENTED_EDGE('',*,*,#7358,.T.);
#7365 = CYLINDRICAL_SURFACE('',#7366,1.7);
#7366 = AXIS2_PLACEMENT_3D('',#7367,#7368,#7369);
#7367 = CARTESIAN_POINT('',(85.8,-62.,41.));
#7368 = DIRECTION('',(1.,0.,0.));
#7369 = DIRECTION('',(0.,0.,1.));
#7370 = ADVANCED_FACE('',(#7371),#7399,.F.);
#7371 = FACE_BOUND('',#7372,.F.);
#7372 = EDGE_LOOP('',(#7373,#7374,#7375,#7381,#7382,#7383,#7384,#7385,
    #7386,#7387,#7388,#7389,#7390,#7396,#7397,#7398));
#7373 = ORIENTED_EDGE('',*,*,#5969,.T.);
#7374 = ORIENTED_EDGE('',*,*,#6004,.T.);
#7375 = ORIENTED_EDGE('',*,*,#7376,.F.);
#7376 = EDGE_CURVE('',#6370,#5996,#7377,.T.);
#7377 = LINE('',#7378,#7379);
#7378 = CARTESIAN_POINT('',(-24.,-60.,27.100553499883));
#7379 = VECTOR('',#7380,1.);
#7380 = DIRECTION('',(0.,-1.,0.));
#7381 = ORIENTED_EDGE('',*,*,#6369,.T.);
#7382 = ORIENTED_EDGE('',*,*,#6353,.T.);
#7383 = ORIENTED_EDGE('',*,*,#6321,.F.);
#7384 = ORIENTED_EDGE('',*,*,#6296,.F.);
#7385 = ORIENTED_EDGE('',*,*,#6272,.T.);
#7386 = ORIENTED_EDGE('',*,*,#6248,.F.);
#7387 = ORIENTED_EDGE('',*,*,#6223,.T.);
#7388 = ORIENTED_EDGE('',*,*,#6200,.F.);
#7389 = ORIENTED_EDGE('',*,*,#6167,.F.);
#7390 = ORIENTED_EDGE('',*,*,#7391,.T.);
#7391 = EDGE_CURVE('',#6168,#5889,#7392,.T.);
#7392 = LINE('',#7393,#7394);
#7393 = CARTESIAN_POINT('',(-24.,60.,27.100553499883));
#7394 = VECTOR('',#7395,1.);
#7395 = DIRECTION('',(0.,1.,0.));
#7396 = ORIENTED_EDGE('',*,*,#5897,.F.);
#7397 = ORIENTED_EDGE('',*,*,#5921,.T.);
#7398 = ORIENTED_EDGE('',*,*,#5945,.F.);
#7399 = PLANE('',#7400);
#7400 = AXIS2_PLACEMENT_3D('',#7401,#7402,#7403);
#7401 = CARTESIAN_POINT('',(-24.,-90.,-54.8));
#7402 = DIRECTION('',(1.,0.,0.));
#7403 = DIRECTION('',(0.,0.,1.));
#7404 = ADVANCED_FACE('',(#7405),#7416,.F.);
#7405 = FACE_BOUND('',#7406,.F.);
#7406 = EDGE_LOOP('',(#7407,#7408,#7414,#7415));
#7407 = ORIENTED_EDGE('',*,*,#6022,.F.);
#7408 = ORIENTED_EDGE('',*,*,#7409,.F.);
#7409 = EDGE_CURVE('',#6451,#6023,#7410,.T.);
#7410 = LINE('',#7411,#7412);
#7411 = CARTESIAN_POINT('',(45.,74.9,36.7));
#7412 = VECTOR('',#7413,1.);
#7413 = DIRECTION('',(0.,1.,0.));
#7414 = ORIENTED_EDGE('',*,*,#6450,.T.);
#7415 = ORIENTED_EDGE('',*,*,#7409,.T.);
#7416 = CYLINDRICAL_SURFACE('',#7417,1.7);
#7417 = AXIS2_PLACEMENT_3D('',#7418,#7419,#7420);
#7418 = CARTESIAN_POINT('',(45.,74.9,35.));
#7419 = DIRECTION('',(0.,1.,0.));
#7420 = DIRECTION('',(0.,0.,1.));
#7421 = ADVANCED_FACE('',(#7422),#7441,.F.);
#7422 = FACE_BOUND('',#7423,.F.);
#7423 = EDGE_LOOP('',(#7424,#7425,#7433,#7440));
#7424 = ORIENTED_EDGE('',*,*,#6077,.F.);
#7425 = ORIENTED_EDGE('',*,*,#7426,.F.);
#7426 = EDGE_CURVE('',#7427,#6078,#7429,.T.);
#7427 = VERTEX_POINT('',#7428);
#7428 = CARTESIAN_POINT('',(109.6,68.,-42.3));
#7429 = LINE('',#7430,#7431);
#7430 = CARTESIAN_POINT('',(106.8,68.,-42.3));
#7431 = VECTOR('',#7432,1.);
#7432 = DIRECTION('',(1.,0.,0.));
#7433 = ORIENTED_EDGE('',*,*,#7434,.T.);
#7434 = EDGE_CURVE('',#7427,#7427,#7435,.T.);
#7435 = CIRCLE('',#7436,1.7);
#7436 = AXIS2_PLACEMENT_3D('',#7437,#7438,#7439);
#7437 = CARTESIAN_POINT('',(109.6,68.,-44.));
#7438 = DIRECTION('',(1.,0.,-0.));
#7439 = DIRECTION('',(0.,0.,1.));
#7440 = ORIENTED_EDGE('',*,*,#7426,.T.);
#7441 = CYLINDRICAL_SURFACE('',#7442,1.7);
#7442 = AXIS2_PLACEMENT_3D('',#7443,#7444,#7445);
#7443 = CARTESIAN_POINT('',(106.8,68.,-44.));
#7444 = DIRECTION('',(1.,0.,0.));
#7445 = DIRECTION('',(0.,0.,1.));
#7446 = ADVANCED_FACE('',(#7447),#7466,.F.);
#7447 = FACE_BOUND('',#7448,.F.);
#7448 = EDGE_LOOP('',(#7449,#7450,#7458,#7465));
#7449 = ORIENTED_EDGE('',*,*,#6088,.F.);
#7450 = ORIENTED_EDGE('',*,*,#7451,.F.);
#7451 = EDGE_CURVE('',#7452,#6089,#7454,.T.);
#7452 = VERTEX_POINT('',#7453);
#7453 = CARTESIAN_POINT('',(109.6,68.,89.7));
#7454 = LINE('',#7455,#7456);
#7455 = CARTESIAN_POINT('',(106.8,68.,89.7));
#7456 = VECTOR('',#7457,1.);
#7457 = DIRECTION('',(1.,0.,0.));
#7458 = ORIENTED_EDGE('',*,*,#7459,.T.);
#7459 = EDGE_CURVE('',#7452,#7452,#7460,.T.);
#7460 = CIRCLE('',#7461,1.7);
#7461 = AXIS2_PLACEMENT_3D('',#7462,#7463,#7464);
#7462 = CARTESIAN_POINT('',(109.6,68.,88.));
#7463 = DIRECTION('',(1.,0.,-0.));
#7464 = DIRECTION('',(0.,0.,1.));
#7465 = ORIENTED_EDGE('',*,*,#7451,.T.);
#7466 = CYLINDRICAL_SURFACE('',#7467,1.7);
#7467 = AXIS2_PLACEMENT_3D('',#7468,#7469,#7470);
#7468 = CARTESIAN_POINT('',(106.8,68.,88.));
#7469 = DIRECTION('',(1.,0.,0.));
#7470 = DIRECTION('',(0.,0.,1.));
#7471 = ADVANCED_FACE('',(#7472),#7491,.F.);
#7472 = FACE_BOUND('',#7473,.F.);
#7473 = EDGE_LOOP('',(#7474,#7475,#7483,#7490));
#7474 = ORIENTED_EDGE('',*,*,#6099,.F.);
#7475 = ORIENTED_EDGE('',*,*,#7476,.F.);
#7476 = EDGE_CURVE('',#7477,#6100,#7479,.T.);
#7477 = VERTEX_POINT('',#7478);
#7478 = CARTESIAN_POINT('',(109.6,-68.,-42.3));
#7479 = LINE('',#7480,#7481);
#7480 = CARTESIAN_POINT('',(106.8,-68.,-42.3));
#7481 = VECTOR('',#7482,1.);
#7482 = DIRECTION('',(1.,0.,0.));
#7483 = ORIENTED_EDGE('',*,*,#7484,.T.);
#7484 = EDGE_CURVE('',#7477,#7477,#7485,.T.);
#7485 = CIRCLE('',#7486,1.7);
#7486 = AXIS2_PLACEMENT_3D('',#7487,#7488,#7489);
#7487 = CARTESIAN_POINT('',(109.6,-68.,-44.));
#7488 = DIRECTION('',(1.,0.,-0.));
#7489 = DIRECTION('',(0.,0.,1.));
#7490 = ORIENTED_EDGE('',*,*,#7476,.T.);
#7491 = CYLINDRICAL_SURFACE('',#7492,1.7);
#7492 = AXIS2_PLACEMENT_3D('',#7493,#7494,#7495);
#7493 = CARTESIAN_POINT('',(106.8,-68.,-44.));
#7494 = DIRECTION('',(1.,0.,0.));
#7495 = DIRECTION('',(0.,0.,1.));
#7496 = ADVANCED_FACE('',(#7497),#7516,.F.);
#7497 = FACE_BOUND('',#7498,.F.);
#7498 = EDGE_LOOP('',(#7499,#7500,#7508,#7515));
#7499 = ORIENTED_EDGE('',*,*,#6130,.F.);
#7500 = ORIENTED_EDGE('',*,*,#7501,.F.);
#7501 = EDGE_CURVE('',#7502,#6131,#7504,.T.);
#7502 = VERTEX_POINT('',#7503);
#7503 = CARTESIAN_POINT('',(109.6,-68.,89.7));
#7504 = LINE('',#7505,#7506);
#7505 = CARTESIAN_POINT('',(106.8,-68.,89.7));
#7506 = VECTOR('',#7507,1.);
#7507 = DIRECTION('',(1.,0.,0.));
#7508 = ORIENTED_EDGE('',*,*,#7509,.T.);
#7509 = EDGE_CURVE('',#7502,#7502,#7510,.T.);
#7510 = CIRCLE('',#7511,1.7);
#7511 = AXIS2_PLACEMENT_3D('',#7512,#7513,#7514);
#7512 = CARTESIAN_POINT('',(109.6,-68.,88.));
#7513 = DIRECTION('',(1.,0.,-0.));
#7514 = DIRECTION('',(0.,0.,1.));
#7515 = ORIENTED_EDGE('',*,*,#7501,.T.);
#7516 = CYLINDRICAL_SURFACE('',#7517,1.7);
#7517 = AXIS2_PLACEMENT_3D('',#7518,#7519,#7520);
#7518 = CARTESIAN_POINT('',(106.8,-68.,88.));
#7519 = DIRECTION('',(1.,0.,0.));
#7520 = DIRECTION('',(0.,0.,1.));
#7521 = ADVANCED_FACE('',(#7522),#7533,.F.);
#7522 = FACE_BOUND('',#7523,.F.);
#7523 = EDGE_LOOP('',(#7524,#7525,#7531,#7532));
#7524 = ORIENTED_EDGE('',*,*,#6150,.F.);
#7525 = ORIENTED_EDGE('',*,*,#7526,.F.);
#7526 = EDGE_CURVE('',#7263,#6151,#7527,.T.);
#7527 = LINE('',#7528,#7529);
#7528 = CARTESIAN_POINT('',(45.,-74.9,33.3));
#7529 = VECTOR('',#7530,1.);
#7530 = DIRECTION('',(0.,-1.,0.));
#7531 = ORIENTED_EDGE('',*,*,#7262,.T.);
#7532 = ORIENTED_EDGE('',*,*,#7526,.T.);
#7533 = CYLINDRICAL_SURFACE('',#7534,1.7);
#7534 = AXIS2_PLACEMENT_3D('',#7535,#7536,#7537);
#7535 = CARTESIAN_POINT('',(45.,-74.9,35.));
#7536 = DIRECTION('',(0.,-1.,0.));
#7537 = DIRECTION('',(0.,0.,-1.));
#7538 = ADVANCED_FACE('',(#7539),#7545,.F.);
#7539 = FACE_BOUND('',#7540,.F.);
#7540 = EDGE_LOOP('',(#7541,#7542,#7543,#7544));
#7541 = ORIENTED_EDGE('',*,*,#6433,.F.);
#7542 = ORIENTED_EDGE('',*,*,#6518,.F.);
#7543 = ORIENTED_EDGE('',*,*,#6493,.T.);
#7544 = ORIENTED_EDGE('',*,*,#6477,.T.);
#7545 = CYLINDRICAL_SURFACE('',#7546,1.);
#7546 = AXIS2_PLACEMENT_3D('',#7547,#7548,#7549);
#7547 = CARTESIAN_POINT('',(38.5,78.5,38.5));
#7548 = DIRECTION('',(0.,-1.,0.));
#7549 = DIRECTION('',(1.,0.,0.));
#7550 = ADVANCED_FACE('',(#7551),#7576,.T.);
#7551 = FACE_BOUND('',#7552,.T.);
#7552 = EDGE_LOOP('',(#7553,#7554,#7562,#7570));
#7553 = ORIENTED_EDGE('',*,*,#6973,.T.);
#7554 = ORIENTED_EDGE('',*,*,#7555,.T.);
#7555 = EDGE_CURVE('',#6976,#7556,#7558,.T.);
#7556 = VERTEX_POINT('',#7557);
#7557 = CARTESIAN_POINT('',(109.6,68.,91.3486315613));
#7558 = LINE('',#7559,#7560);
#7559 = CARTESIAN_POINT('',(106.8,68.,91.3486315613));
#7560 = VECTOR('',#7561,1.);
#7561 = DIRECTION('',(1.,0.,0.));
#7562 = ORIENTED_EDGE('',*,*,#7563,.T.);
#7563 = EDGE_CURVE('',#7556,#7564,#7566,.T.);
#7564 = VERTEX_POINT('',#7565);
#7565 = CARTESIAN_POINT('',(109.6,65.1,89.67431578065));
#7566 = LINE('',#7567,#7568);
#7567 = CARTESIAN_POINT('',(109.6,68.,91.3486315613));
#7568 = VECTOR('',#7569,1.);
#7569 = DIRECTION('',(0.,-0.866025403784,-0.5));
#7570 = ORIENTED_EDGE('',*,*,#7571,.F.);
#7571 = EDGE_CURVE('',#6974,#7564,#7572,.T.);
#7572 = LINE('',#7573,#7574);
#7573 = CARTESIAN_POINT('',(106.8,65.1,89.67431578065));
#7574 = VECTOR('',#7575,1.);
#7575 = DIRECTION('',(1.,0.,0.));
#7576 = PLANE('',#7577);
#7577 = AXIS2_PLACEMENT_3D('',#7578,#7579,#7580);
#7578 = CARTESIAN_POINT('',(106.8,68.,91.3486315613));
#7579 = DIRECTION('',(0.,0.5,-0.866025403784));
#7580 = DIRECTION('',(0.,-0.866025403784,-0.5));
#7581 = ADVANCED_FACE('',(#7582),#7600,.T.);
#7582 = FACE_BOUND('',#7583,.T.);
#7583 = EDGE_LOOP('',(#7584,#7585,#7586,#7594));
#7584 = ORIENTED_EDGE('',*,*,#7015,.T.);
#7585 = ORIENTED_EDGE('',*,*,#7571,.T.);
#7586 = ORIENTED_EDGE('',*,*,#7587,.T.);
#7587 = EDGE_CURVE('',#7564,#7588,#7590,.T.);
#7588 = VERTEX_POINT('',#7589);
#7589 = CARTESIAN_POINT('',(109.6,65.1,86.32568421935));
#7590 = LINE('',#7591,#7592);
#7591 = CARTESIAN_POINT('',(109.6,65.1,89.67431578065));
#7592 = VECTOR('',#7593,1.);
#7593 = DIRECTION('',(0.,0.,-1.));
#7594 = ORIENTED_EDGE('',*,*,#7595,.F.);
#7595 = EDGE_CURVE('',#7008,#7588,#7596,.T.);
#7596 = LINE('',#7597,#7598);
#7597 = CARTESIAN_POINT('',(106.8,65.1,86.32568421935));
#7598 = VECTOR('',#7599,1.);
#7599 = DIRECTION('',(1.,0.,0.));
#7600 = PLANE('',#7601);
#7601 = AXIS2_PLACEMENT_3D('',#7602,#7603,#7604);
#7602 = CARTESIAN_POINT('',(106.8,65.1,89.67431578065));
#7603 = DIRECTION('',(0.,1.,0.));
#7604 = DIRECTION('',(0.,0.,-1.));
#7605 = ADVANCED_FACE('',(#7606),#7624,.T.);
#7606 = FACE_BOUND('',#7607,.T.);
#7607 = EDGE_LOOP('',(#7608,#7609,#7610,#7618));
#7608 = ORIENTED_EDGE('',*,*,#7007,.T.);
#7609 = ORIENTED_EDGE('',*,*,#7595,.T.);
#7610 = ORIENTED_EDGE('',*,*,#7611,.T.);
#7611 = EDGE_CURVE('',#7588,#7612,#7614,.T.);
#7612 = VERTEX_POINT('',#7613);
#7613 = CARTESIAN_POINT('',(109.6,68.,84.6513684387));
#7614 = LINE('',#7615,#7616);
#7615 = CARTESIAN_POINT('',(109.6,65.1,86.32568421935));
#7616 = VECTOR('',#7617,1.);
#7617 = DIRECTION('',(0.,0.866025403784,-0.5));
#7618 = ORIENTED_EDGE('',*,*,#7619,.F.);
#7619 = EDGE_CURVE('',#7000,#7612,#7620,.T.);
#7620 = LINE('',#7621,#7622);
#7621 = CARTESIAN_POINT('',(106.8,68.,84.6513684387));
#7622 = VECTOR('',#7623,1.);
#7623 = DIRECTION('',(1.,0.,0.));
#7624 = PLANE('',#7625);
#7625 = AXIS2_PLACEMENT_3D('',#7626,#7627,#7628);
#7626 = CARTESIAN_POINT('',(106.8,65.1,86.32568421935));
#7627 = DIRECTION('',(0.,0.5,0.866025403784));
#7628 = DIRECTION('',(0.,0.866025403784,-0.5));
#7629 = ADVANCED_FACE('',(#7630),#7648,.T.);
#7630 = FACE_BOUND('',#7631,.T.);
#7631 = EDGE_LOOP('',(#7632,#7633,#7634,#7642));
#7632 = ORIENTED_EDGE('',*,*,#6999,.T.);
#7633 = ORIENTED_EDGE('',*,*,#7619,.T.);
#7634 = ORIENTED_EDGE('',*,*,#7635,.T.);
#7635 = EDGE_CURVE('',#7612,#7636,#7638,.T.);
#7636 = VERTEX_POINT('',#7637);
#7637 = CARTESIAN_POINT('',(109.6,70.9,86.32568421935));
#7638 = LINE('',#7639,#7640);
#7639 = CARTESIAN_POINT('',(109.6,68.,84.6513684387));
#7640 = VECTOR('',#7641,1.);
#7641 = DIRECTION('',(0.,0.866025403784,0.5));
#7642 = ORIENTED_EDGE('',*,*,#7643,.F.);
#7643 = EDGE_CURVE('',#6992,#7636,#7644,.T.);
#7644 = LINE('',#7645,#7646);
#7645 = CARTESIAN_POINT('',(106.8,70.9,86.32568421935));
#7646 = VECTOR('',#7647,1.);
#7647 = DIRECTION('',(1.,0.,0.));
#7648 = PLANE('',#7649);
#7649 = AXIS2_PLACEMENT_3D('',#7650,#7651,#7652);
#7650 = CARTESIAN_POINT('',(106.8,68.,84.6513684387));
#7651 = DIRECTION('',(0.,-0.5,0.866025403784));
#7652 = DIRECTION('',(0.,0.866025403784,0.5));
#7653 = ADVANCED_FACE('',(#7654),#7672,.T.);
#7654 = FACE_BOUND('',#7655,.T.);
#7655 = EDGE_LOOP('',(#7656,#7657,#7658,#7666));
#7656 = ORIENTED_EDGE('',*,*,#6991,.T.);
#7657 = ORIENTED_EDGE('',*,*,#7643,.T.);
#7658 = ORIENTED_EDGE('',*,*,#7659,.T.);
#7659 = EDGE_CURVE('',#7636,#7660,#7662,.T.);
#7660 = VERTEX_POINT('',#7661);
#7661 = CARTESIAN_POINT('',(109.6,70.9,89.67431578065));
#7662 = LINE('',#7663,#7664);
#7663 = CARTESIAN_POINT('',(109.6,70.9,86.32568421935));
#7664 = VECTOR('',#7665,1.);
#7665 = DIRECTION('',(0.,0.,1.));
#7666 = ORIENTED_EDGE('',*,*,#7667,.F.);
#7667 = EDGE_CURVE('',#6984,#7660,#7668,.T.);
#7668 = LINE('',#7669,#7670);
#7669 = CARTESIAN_POINT('',(106.8,70.9,89.67431578065));
#7670 = VECTOR('',#7671,1.);
#7671 = DIRECTION('',(1.,0.,0.));
#7672 = PLANE('',#7673);
#7673 = AXIS2_PLACEMENT_3D('',#7674,#7675,#7676);
#7674 = CARTESIAN_POINT('',(106.8,70.9,86.32568421935));
#7675 = DIRECTION('',(0.,-1.,0.));
#7676 = DIRECTION('',(0.,0.,1.));
#7677 = ADVANCED_FACE('',(#7678),#7689,.T.);
#7678 = FACE_BOUND('',#7679,.T.);
#7679 = EDGE_LOOP('',(#7680,#7681,#7682,#7688));
#7680 = ORIENTED_EDGE('',*,*,#6983,.T.);
#7681 = ORIENTED_EDGE('',*,*,#7667,.T.);
#7682 = ORIENTED_EDGE('',*,*,#7683,.T.);
#7683 = EDGE_CURVE('',#7660,#7556,#7684,.T.);
#7684 = LINE('',#7685,#7686);
#7685 = CARTESIAN_POINT('',(109.6,70.9,89.67431578065));
#7686 = VECTOR('',#7687,1.);
#7687 = DIRECTION('',(0.,-0.866025403784,0.5));
#7688 = ORIENTED_EDGE('',*,*,#7555,.F.);
#7689 = PLANE('',#7690);
#7690 = AXIS2_PLACEMENT_3D('',#7691,#7692,#7693);
#7691 = CARTESIAN_POINT('',(106.8,70.9,89.67431578065));
#7692 = DIRECTION('',(0.,-0.5,-0.866025403784));
#7693 = DIRECTION('',(0.,-0.866025403784,0.5));
#7694 = ADVANCED_FACE('',(#7695),#7720,.T.);
#7695 = FACE_BOUND('',#7696,.T.);
#7696 = EDGE_LOOP('',(#7697,#7698,#7706,#7714));
#7697 = ORIENTED_EDGE('',*,*,#7032,.T.);
#7698 = ORIENTED_EDGE('',*,*,#7699,.T.);
#7699 = EDGE_CURVE('',#7035,#7700,#7702,.T.);
#7700 = VERTEX_POINT('',#7701);
#7701 = CARTESIAN_POINT('',(109.6,68.,-40.6513684387));
#7702 = LINE('',#7703,#7704);
#7703 = CARTESIAN_POINT('',(106.8,68.,-40.6513684387));
#7704 = VECTOR('',#7705,1.);
#7705 = DIRECTION('',(1.,0.,0.));
#7706 = ORIENTED_EDGE('',*,*,#7707,.T.);
#7707 = EDGE_CURVE('',#7700,#7708,#7710,.T.);
#7708 = VERTEX_POINT('',#7709);
#7709 = CARTESIAN_POINT('',(109.6,65.1,-42.32568421935));
#7710 = LINE('',#7711,#7712);
#7711 = CARTESIAN_POINT('',(109.6,68.,-40.6513684387));
#7712 = VECTOR('',#7713,1.);
#7713 = DIRECTION('',(0.,-0.866025403784,-0.5));
#7714 = ORIENTED_EDGE('',*,*,#7715,.F.);
#7715 = EDGE_CURVE('',#7033,#7708,#7716,.T.);
#7716 = LINE('',#7717,#7718);
#7717 = CARTESIAN_POINT('',(106.8,65.1,-42.32568421935));
#7718 = VECTOR('',#7719,1.);
#7719 = DIRECTION('',(1.,0.,0.));
#7720 = PLANE('',#7721);
#7721 = AXIS2_PLACEMENT_3D('',#7722,#7723,#7724);
#7722 = CARTESIAN_POINT('',(106.8,68.,-40.6513684387));
#7723 = DIRECTION('',(0.,0.5,-0.866025403784));
#7724 = DIRECTION('',(0.,-0.866025403784,-0.5));
#7725 = ADVANCED_FACE('',(#7726),#7744,.T.);
#7726 = FACE_BOUND('',#7727,.T.);
#7727 = EDGE_LOOP('',(#7728,#7729,#7730,#7738));
#7728 = ORIENTED_EDGE('',*,*,#7074,.T.);
#7729 = ORIENTED_EDGE('',*,*,#7715,.T.);
#7730 = ORIENTED_EDGE('',*,*,#7731,.T.);
#7731 = EDGE_CURVE('',#7708,#7732,#7734,.T.);
#7732 = VERTEX_POINT('',#7733);
#7733 = CARTESIAN_POINT('',(109.6,65.1,-45.67431578065));
#7734 = LINE('',#7735,#7736);
#7735 = CARTESIAN_POINT('',(109.6,65.1,-42.32568421935));
#7736 = VECTOR('',#7737,1.);
#7737 = DIRECTION('',(0.,0.,-1.));
#7738 = ORIENTED_EDGE('',*,*,#7739,.F.);
#7739 = EDGE_CURVE('',#7067,#7732,#7740,.T.);
#7740 = LINE('',#7741,#7742);
#7741 = CARTESIAN_POINT('',(106.8,65.1,-45.67431578065));
#7742 = VECTOR('',#7743,1.);
#7743 = DIRECTION('',(1.,0.,0.));
#7744 = PLANE('',#7745);
#7745 = AXIS2_PLACEMENT_3D('',#7746,#7747,#7748);
#7746 = CARTESIAN_POINT('',(106.8,65.1,-42.32568421935));
#7747 = DIRECTION('',(0.,1.,0.));
#7748 = DIRECTION('',(0.,0.,-1.));
#7749 = ADVANCED_FACE('',(#7750),#7768,.T.);
#7750 = FACE_BOUND('',#7751,.T.);
#7751 = EDGE_LOOP('',(#7752,#7753,#7754,#7762));
#7752 = ORIENTED_EDGE('',*,*,#7066,.T.);
#7753 = ORIENTED_EDGE('',*,*,#7739,.T.);
#7754 = ORIENTED_EDGE('',*,*,#7755,.T.);
#7755 = EDGE_CURVE('',#7732,#7756,#7758,.T.);
#7756 = VERTEX_POINT('',#7757);
#7757 = CARTESIAN_POINT('',(109.6,68.,-47.3486315613));
#7758 = LINE('',#7759,#7760);
#7759 = CARTESIAN_POINT('',(109.6,65.1,-45.67431578065));
#7760 = VECTOR('',#7761,1.);
#7761 = DIRECTION('',(0.,0.866025403784,-0.5));
#7762 = ORIENTED_EDGE('',*,*,#7763,.F.);
#7763 = EDGE_CURVE('',#7059,#7756,#7764,.T.);
#7764 = LINE('',#7765,#7766);
#7765 = CARTESIAN_POINT('',(106.8,68.,-47.3486315613));
#7766 = VECTOR('',#7767,1.);
#7767 = DIRECTION('',(1.,0.,0.));
#7768 = PLANE('',#7769);
#7769 = AXIS2_PLACEMENT_3D('',#7770,#7771,#7772);
#7770 = CARTESIAN_POINT('',(106.8,65.1,-45.67431578065));
#7771 = DIRECTION('',(0.,0.5,0.866025403784));
#7772 = DIRECTION('',(0.,0.866025403784,-0.5));
#7773 = ADVANCED_FACE('',(#7774),#7792,.T.);
#7774 = FACE_BOUND('',#7775,.T.);
#7775 = EDGE_LOOP('',(#7776,#7777,#7778,#7786));
#7776 = ORIENTED_EDGE('',*,*,#7058,.T.);
#7777 = ORIENTED_EDGE('',*,*,#7763,.T.);
#7778 = ORIENTED_EDGE('',*,*,#7779,.T.);
#7779 = EDGE_CURVE('',#7756,#7780,#7782,.T.);
#7780 = VERTEX_POINT('',#7781);
#7781 = CARTESIAN_POINT('',(109.6,70.9,-45.67431578065));
#7782 = LINE('',#7783,#7784);
#7783 = CARTESIAN_POINT('',(109.6,68.,-47.3486315613));
#7784 = VECTOR('',#7785,1.);
#7785 = DIRECTION('',(0.,0.866025403784,0.5));
#7786 = ORIENTED_EDGE('',*,*,#7787,.F.);
#7787 = EDGE_CURVE('',#7051,#7780,#7788,.T.);
#7788 = LINE('',#7789,#7790);
#7789 = CARTESIAN_POINT('',(106.8,70.9,-45.67431578065));
#7790 = VECTOR('',#7791,1.);
#7791 = DIRECTION('',(1.,0.,0.));
#7792 = PLANE('',#7793);
#7793 = AXIS2_PLACEMENT_3D('',#7794,#7795,#7796);
#7794 = CARTESIAN_POINT('',(106.8,68.,-47.3486315613));
#7795 = DIRECTION('',(0.,-0.5,0.866025403784));
#7796 = DIRECTION('',(0.,0.866025403784,0.5));
#7797 = ADVANCED_FACE('',(#7798),#7816,.T.);
#7798 = FACE_BOUND('',#7799,.T.);
#7799 = EDGE_LOOP('',(#7800,#7801,#7802,#7810));
#7800 = ORIENTED_EDGE('',*,*,#7050,.T.);
#7801 = ORIENTED_EDGE('',*,*,#7787,.T.);
#7802 = ORIENTED_EDGE('',*,*,#7803,.T.);
#7803 = EDGE_CURVE('',#7780,#7804,#7806,.T.);
#7804 = VERTEX_POINT('',#7805);
#7805 = CARTESIAN_POINT('',(109.6,70.9,-42.32568421935));
#7806 = LINE('',#7807,#7808);
#7807 = CARTESIAN_POINT('',(109.6,70.9,-45.67431578065));
#7808 = VECTOR('',#7809,1.);
#7809 = DIRECTION('',(0.,0.,1.));
#7810 = ORIENTED_EDGE('',*,*,#7811,.F.);
#7811 = EDGE_CURVE('',#7043,#7804,#7812,.T.);
#7812 = LINE('',#7813,#7814);
#7813 = CARTESIAN_POINT('',(106.8,70.9,-42.32568421935));
#7814 = VECTOR('',#7815,1.);
#7815 = DIRECTION('',(1.,0.,0.));
#7816 = PLANE('',#7817);
#7817 = AXIS2_PLACEMENT_3D('',#7818,#7819,#7820);
#7818 = CARTESIAN_POINT('',(106.8,70.9,-45.67431578065));
#7819 = DIRECTION('',(0.,-1.,0.));
#7820 = DIRECTION('',(0.,0.,1.));
#7821 = ADVANCED_FACE('',(#7822),#7833,.T.);
#7822 = FACE_BOUND('',#7823,.T.);
#7823 = EDGE_LOOP('',(#7824,#7825,#7826,#7832));
#7824 = ORIENTED_EDGE('',*,*,#7042,.T.);
#7825 = ORIENTED_EDGE('',*,*,#7811,.T.);
#7826 = ORIENTED_EDGE('',*,*,#7827,.T.);
#7827 = EDGE_CURVE('',#7804,#7700,#7828,.T.);
#7828 = LINE('',#7829,#7830);
#7829 = CARTESIAN_POINT('',(109.6,70.9,-42.32568421935));
#7830 = VECTOR('',#7831,1.);
#7831 = DIRECTION('',(0.,-0.866025403784,0.5));
#7832 = ORIENTED_EDGE('',*,*,#7699,.F.);
#7833 = PLANE('',#7834);
#7834 = AXIS2_PLACEMENT_3D('',#7835,#7836,#7837);
#7835 = CARTESIAN_POINT('',(106.8,70.9,-42.32568421935));
#7836 = DIRECTION('',(0.,-0.5,-0.866025403784));
#7837 = DIRECTION('',(0.,-0.866025403784,0.5));
#7838 = ADVANCED_FACE('',(#7839),#7864,.T.);
#7839 = FACE_BOUND('',#7840,.T.);
#7840 = EDGE_LOOP('',(#7841,#7842,#7850,#7858));
#7841 = ORIENTED_EDGE('',*,*,#7091,.T.);
#7842 = ORIENTED_EDGE('',*,*,#7843,.T.);
#7843 = EDGE_CURVE('',#7094,#7844,#7846,.T.);
#7844 = VERTEX_POINT('',#7845);
#7845 = CARTESIAN_POINT('',(109.6,-68.,-40.6513684387));
#7846 = LINE('',#7847,#7848);
#7847 = CARTESIAN_POINT('',(106.8,-68.,-40.6513684387));
#7848 = VECTOR('',#7849,1.);
#7849 = DIRECTION('',(1.,0.,0.));
#7850 = ORIENTED_EDGE('',*,*,#7851,.T.);
#7851 = EDGE_CURVE('',#7844,#7852,#7854,.T.);
#7852 = VERTEX_POINT('',#7853);
#7853 = CARTESIAN_POINT('',(109.6,-70.9,-42.32568421935));
#7854 = LINE('',#7855,#7856);
#7855 = CARTESIAN_POINT('',(109.6,-68.,-40.6513684387));
#7856 = VECTOR('',#7857,1.);
#7857 = DIRECTION('',(0.,-0.866025403784,-0.5));
#7858 = ORIENTED_EDGE('',*,*,#7859,.F.);
#7859 = EDGE_CURVE('',#7092,#7852,#7860,.T.);
#7860 = LINE('',#7861,#7862);
#7861 = CARTESIAN_POINT('',(106.8,-70.9,-42.32568421935));
#7862 = VECTOR('',#7863,1.);
#7863 = DIRECTION('',(1.,0.,0.));
#7864 = PLANE('',#7865);
#7865 = AXIS2_PLACEMENT_3D('',#7866,#7867,#7868);
#7866 = CARTESIAN_POINT('',(106.8,-68.,-40.6513684387));
#7867 = DIRECTION('',(0.,0.5,-0.866025403784));
#7868 = DIRECTION('',(0.,-0.866025403784,-0.5));
#7869 = ADVANCED_FACE('',(#7870),#7888,.T.);
#7870 = FACE_BOUND('',#7871,.T.);
#7871 = EDGE_LOOP('',(#7872,#7873,#7874,#7882));
#7872 = ORIENTED_EDGE('',*,*,#7133,.T.);
#7873 = ORIENTED_EDGE('',*,*,#7859,.T.);
#7874 = ORIENTED_EDGE('',*,*,#7875,.T.);
#7875 = EDGE_CURVE('',#7852,#7876,#7878,.T.);
#7876 = VERTEX_POINT('',#7877);
#7877 = CARTESIAN_POINT('',(109.6,-70.9,-45.67431578065));
#7878 = LINE('',#7879,#7880);
#7879 = CARTESIAN_POINT('',(109.6,-70.9,-42.32568421935));
#7880 = VECTOR('',#7881,1.);
#7881 = DIRECTION('',(0.,0.,-1.));
#7882 = ORIENTED_EDGE('',*,*,#7883,.F.);
#7883 = EDGE_CURVE('',#7126,#7876,#7884,.T.);
#7884 = LINE('',#7885,#7886);
#7885 = CARTESIAN_POINT('',(106.8,-70.9,-45.67431578065));
#7886 = VECTOR('',#7887,1.);
#7887 = DIRECTION('',(1.,0.,0.));
#7888 = PLANE('',#7889);
#7889 = AXIS2_PLACEMENT_3D('',#7890,#7891,#7892);
#7890 = CARTESIAN_POINT('',(106.8,-70.9,-42.32568421935));
#7891 = DIRECTION('',(0.,1.,0.));
#7892 = DIRECTION('',(0.,0.,-1.));
#7893 = ADVANCED_FACE('',(#7894),#7912,.T.);
#7894 = FACE_BOUND('',#7895,.T.);
#7895 = EDGE_LOOP('',(#7896,#7897,#7898,#7906));
#7896 = ORIENTED_EDGE('',*,*,#7125,.T.);
#7897 = ORIENTED_EDGE('',*,*,#7883,.T.);
#7898 = ORIENTED_EDGE('',*,*,#7899,.T.);
#7899 = EDGE_CURVE('',#7876,#7900,#7902,.T.);
#7900 = VERTEX_POINT('',#7901);
#7901 = CARTESIAN_POINT('',(109.6,-68.,-47.3486315613));
#7902 = LINE('',#7903,#7904);
#7903 = CARTESIAN_POINT('',(109.6,-70.9,-45.67431578065));
#7904 = VECTOR('',#7905,1.);
#7905 = DIRECTION('',(0.,0.866025403784,-0.5));
#7906 = ORIENTED_EDGE('',*,*,#7907,.F.);
#7907 = EDGE_CURVE('',#7118,#7900,#7908,.T.);
#7908 = LINE('',#7909,#7910);
#7909 = CARTESIAN_POINT('',(106.8,-68.,-47.3486315613));
#7910 = VECTOR('',#7911,1.);
#7911 = DIRECTION('',(1.,0.,0.));
#7912 = PLANE('',#7913);
#7913 = AXIS2_PLACEMENT_3D('',#7914,#7915,#7916);
#7914 = CARTESIAN_POINT('',(106.8,-70.9,-45.67431578065));
#7915 = DIRECTION('',(0.,0.5,0.866025403784));
#7916 = DIRECTION('',(0.,0.866025403784,-0.5));
#7917 = ADVANCED_FACE('',(#7918),#7936,.T.);
#7918 = FACE_BOUND('',#7919,.T.);
#7919 = EDGE_LOOP('',(#7920,#7921,#7922,#7930));
#7920 = ORIENTED_EDGE('',*,*,#7117,.T.);
#7921 = ORIENTED_EDGE('',*,*,#7907,.T.);
#7922 = ORIENTED_EDGE('',*,*,#7923,.T.);
#7923 = EDGE_CURVE('',#7900,#7924,#7926,.T.);
#7924 = VERTEX_POINT('',#7925);
#7925 = CARTESIAN_POINT('',(109.6,-65.1,-45.67431578065));
#7926 = LINE('',#7927,#7928);
#7927 = CARTESIAN_POINT('',(109.6,-68.,-47.3486315613));
#7928 = VECTOR('',#7929,1.);
#7929 = DIRECTION('',(0.,0.866025403784,0.5));
#7930 = ORIENTED_EDGE('',*,*,#7931,.F.);
#7931 = EDGE_CURVE('',#7110,#7924,#7932,.T.);
#7932 = LINE('',#7933,#7934);
#7933 = CARTESIAN_POINT('',(106.8,-65.1,-45.67431578065));
#7934 = VECTOR('',#7935,1.);
#7935 = DIRECTION('',(1.,0.,0.));
#7936 = PLANE('',#7937);
#7937 = AXIS2_PLACEMENT_3D('',#7938,#7939,#7940);
#7938 = CARTESIAN_POINT('',(106.8,-68.,-47.3486315613));
#7939 = DIRECTION('',(0.,-0.5,0.866025403784));
#7940 = DIRECTION('',(0.,0.866025403784,0.5));
#7941 = ADVANCED_FACE('',(#7942),#7960,.T.);
#7942 = FACE_BOUND('',#7943,.T.);
#7943 = EDGE_LOOP('',(#7944,#7945,#7946,#7954));
#7944 = ORIENTED_EDGE('',*,*,#7109,.T.);
#7945 = ORIENTED_EDGE('',*,*,#7931,.T.);
#7946 = ORIENTED_EDGE('',*,*,#7947,.T.);
#7947 = EDGE_CURVE('',#7924,#7948,#7950,.T.);
#7948 = VERTEX_POINT('',#7949);
#7949 = CARTESIAN_POINT('',(109.6,-65.1,-42.32568421935));
#7950 = LINE('',#7951,#7952);
#7951 = CARTESIAN_POINT('',(109.6,-65.1,-45.67431578065));
#7952 = VECTOR('',#7953,1.);
#7953 = DIRECTION('',(0.,0.,1.));
#7954 = ORIENTED_EDGE('',*,*,#7955,.F.);
#7955 = EDGE_CURVE('',#7102,#7948,#7956,.T.);
#7956 = LINE('',#7957,#7958);
#7957 = CARTESIAN_POINT('',(106.8,-65.1,-42.32568421935));
#7958 = VECTOR('',#7959,1.);
#7959 = DIRECTION('',(1.,0.,0.));
#7960 = PLANE('',#7961);
#7961 = AXIS2_PLACEMENT_3D('',#7962,#7963,#7964);
#7962 = CARTESIAN_POINT('',(106.8,-65.1,-45.67431578065));
#7963 = DIRECTION('',(0.,-1.,0.));
#7964 = DIRECTION('',(0.,0.,1.));
#7965 = ADVANCED_FACE('',(#7966),#7977,.T.);
#7966 = FACE_BOUND('',#7967,.T.);
#7967 = EDGE_LOOP('',(#7968,#7969,#7970,#7976));
#7968 = ORIENTED_EDGE('',*,*,#7101,.T.);
#7969 = ORIENTED_EDGE('',*,*,#7955,.T.);
#7970 = ORIENTED_EDGE('',*,*,#7971,.T.);
#7971 = EDGE_CURVE('',#7948,#7844,#7972,.T.);
#7972 = LINE('',#7973,#7974);
#7973 = CARTESIAN_POINT('',(109.6,-65.1,-42.32568421935));
#7974 = VECTOR('',#7975,1.);
#7975 = DIRECTION('',(0.,-0.866025403784,0.5));
#7976 = ORIENTED_EDGE('',*,*,#7843,.F.);
#7977 = PLANE('',#7978);
#7978 = AXIS2_PLACEMENT_3D('',#7979,#7980,#7981);
#7979 = CARTESIAN_POINT('',(106.8,-65.1,-42.32568421935));
#7980 = DIRECTION('',(0.,-0.5,-0.866025403784));
#7981 = DIRECTION('',(0.,-0.866025403784,0.5));
#7982 = ADVANCED_FACE('',(#7983),#8008,.T.);
#7983 = FACE_BOUND('',#7984,.T.);
#7984 = EDGE_LOOP('',(#7985,#7986,#7994,#8002));
#7985 = ORIENTED_EDGE('',*,*,#7150,.T.);
#7986 = ORIENTED_EDGE('',*,*,#7987,.T.);
#7987 = EDGE_CURVE('',#7153,#7988,#7990,.T.);
#7988 = VERTEX_POINT('',#7989);
#7989 = CARTESIAN_POINT('',(109.6,-68.,91.3486315613));
#7990 = LINE('',#7991,#7992);
#7991 = CARTESIAN_POINT('',(106.8,-68.,91.3486315613));
#7992 = VECTOR('',#7993,1.);
#7993 = DIRECTION('',(1.,0.,0.));
#7994 = ORIENTED_EDGE('',*,*,#7995,.T.);
#7995 = EDGE_CURVE('',#7988,#7996,#7998,.T.);
#7996 = VERTEX_POINT('',#7997);
#7997 = CARTESIAN_POINT('',(109.6,-70.9,89.67431578065));
#7998 = LINE('',#7999,#8000);
#7999 = CARTESIAN_POINT('',(109.6,-68.,91.3486315613));
#8000 = VECTOR('',#8001,1.);
#8001 = DIRECTION('',(0.,-0.866025403784,-0.5));
#8002 = ORIENTED_EDGE('',*,*,#8003,.F.);
#8003 = EDGE_CURVE('',#7151,#7996,#8004,.T.);
#8004 = LINE('',#8005,#8006);
#8005 = CARTESIAN_POINT('',(106.8,-70.9,89.67431578065));
#8006 = VECTOR('',#8007,1.);
#8007 = DIRECTION('',(1.,0.,0.));
#8008 = PLANE('',#8009);
#8009 = AXIS2_PLACEMENT_3D('',#8010,#8011,#8012);
#8010 = CARTESIAN_POINT('',(106.8,-68.,91.3486315613));
#8011 = DIRECTION('',(0.,0.5,-0.866025403784));
#8012 = DIRECTION('',(0.,-0.866025403784,-0.5));
#8013 = ADVANCED_FACE('',(#8014),#8032,.T.);
#8014 = FACE_BOUND('',#8015,.T.);
#8015 = EDGE_LOOP('',(#8016,#8017,#8018,#8026));
#8016 = ORIENTED_EDGE('',*,*,#7192,.T.);
#8017 = ORIENTED_EDGE('',*,*,#8003,.T.);
#8018 = ORIENTED_EDGE('',*,*,#8019,.T.);
#8019 = EDGE_CURVE('',#7996,#8020,#8022,.T.);
#8020 = VERTEX_POINT('',#8021);
#8021 = CARTESIAN_POINT('',(109.6,-70.9,86.32568421935));
#8022 = LINE('',#8023,#8024);
#8023 = CARTESIAN_POINT('',(109.6,-70.9,89.67431578065));
#8024 = VECTOR('',#8025,1.);
#8025 = DIRECTION('',(0.,0.,-1.));
#8026 = ORIENTED_EDGE('',*,*,#8027,.F.);
#8027 = EDGE_CURVE('',#7185,#8020,#8028,.T.);
#8028 = LINE('',#8029,#8030);
#8029 = CARTESIAN_POINT('',(106.8,-70.9,86.32568421935));
#8030 = VECTOR('',#8031,1.);
#8031 = DIRECTION('',(1.,0.,0.));
#8032 = PLANE('',#8033);
#8033 = AXIS2_PLACEMENT_3D('',#8034,#8035,#8036);
#8034 = CARTESIAN_POINT('',(106.8,-70.9,89.67431578065));
#8035 = DIRECTION('',(0.,1.,0.));
#8036 = DIRECTION('',(0.,0.,-1.));
#8037 = ADVANCED_FACE('',(#8038),#8056,.T.);
#8038 = FACE_BOUND('',#8039,.T.);
#8039 = EDGE_LOOP('',(#8040,#8041,#8042,#8050));
#8040 = ORIENTED_EDGE('',*,*,#7184,.T.);
#8041 = ORIENTED_EDGE('',*,*,#8027,.T.);
#8042 = ORIENTED_EDGE('',*,*,#8043,.T.);
#8043 = EDGE_CURVE('',#8020,#8044,#8046,.T.);
#8044 = VERTEX_POINT('',#8045);
#8045 = CARTESIAN_POINT('',(109.6,-68.,84.6513684387));
#8046 = LINE('',#8047,#8048);
#8047 = CARTESIAN_POINT('',(109.6,-70.9,86.32568421935));
#8048 = VECTOR('',#8049,1.);
#8049 = DIRECTION('',(0.,0.866025403784,-0.5));
#8050 = ORIENTED_EDGE('',*,*,#8051,.F.);
#8051 = EDGE_CURVE('',#7177,#8044,#8052,.T.);
#8052 = LINE('',#8053,#8054);
#8053 = CARTESIAN_POINT('',(106.8,-68.,84.6513684387));
#8054 = VECTOR('',#8055,1.);
#8055 = DIRECTION('',(1.,0.,0.));
#8056 = PLANE('',#8057);
#8057 = AXIS2_PLACEMENT_3D('',#8058,#8059,#8060);
#8058 = CARTESIAN_POINT('',(106.8,-70.9,86.32568421935));
#8059 = DIRECTION('',(0.,0.5,0.866025403784));
#8060 = DIRECTION('',(0.,0.866025403784,-0.5));
#8061 = ADVANCED_FACE('',(#8062),#8080,.T.);
#8062 = FACE_BOUND('',#8063,.T.);
#8063 = EDGE_LOOP('',(#8064,#8065,#8066,#8074));
#8064 = ORIENTED_EDGE('',*,*,#7176,.T.);
#8065 = ORIENTED_EDGE('',*,*,#8051,.T.);
#8066 = ORIENTED_EDGE('',*,*,#8067,.T.);
#8067 = EDGE_CURVE('',#8044,#8068,#8070,.T.);
#8068 = VERTEX_POINT('',#8069);
#8069 = CARTESIAN_POINT('',(109.6,-65.1,86.32568421935));
#8070 = LINE('',#8071,#8072);
#8071 = CARTESIAN_POINT('',(109.6,-68.,84.6513684387));
#8072 = VECTOR('',#8073,1.);
#8073 = DIRECTION('',(0.,0.866025403784,0.5));
#8074 = ORIENTED_EDGE('',*,*,#8075,.F.);
#8075 = EDGE_CURVE('',#7169,#8068,#8076,.T.);
#8076 = LINE('',#8077,#8078);
#8077 = CARTESIAN_POINT('',(106.8,-65.1,86.32568421935));
#8078 = VECTOR('',#8079,1.);
#8079 = DIRECTION('',(1.,0.,0.));
#8080 = PLANE('',#8081);
#8081 = AXIS2_PLACEMENT_3D('',#8082,#8083,#8084);
#8082 = CARTESIAN_POINT('',(106.8,-68.,84.6513684387));
#8083 = DIRECTION('',(0.,-0.5,0.866025403784));
#8084 = DIRECTION('',(0.,0.866025403784,0.5));
#8085 = ADVANCED_FACE('',(#8086),#8104,.T.);
#8086 = FACE_BOUND('',#8087,.T.);
#8087 = EDGE_LOOP('',(#8088,#8089,#8090,#8098));
#8088 = ORIENTED_EDGE('',*,*,#7168,.T.);
#8089 = ORIENTED_EDGE('',*,*,#8075,.T.);
#8090 = ORIENTED_EDGE('',*,*,#8091,.T.);
#8091 = EDGE_CURVE('',#8068,#8092,#8094,.T.);
#8092 = VERTEX_POINT('',#8093);
#8093 = CARTESIAN_POINT('',(109.6,-65.1,89.67431578065));
#8094 = LINE('',#8095,#8096);
#8095 = CARTESIAN_POINT('',(109.6,-65.1,86.32568421935));
#8096 = VECTOR('',#8097,1.);
#8097 = DIRECTION('',(0.,0.,1.));
#8098 = ORIENTED_EDGE('',*,*,#8099,.F.);
#8099 = EDGE_CURVE('',#7161,#8092,#8100,.T.);
#8100 = LINE('',#8101,#8102);
#8101 = CARTESIAN_POINT('',(106.8,-65.1,89.67431578065));
#8102 = VECTOR('',#8103,1.);
#8103 = DIRECTION('',(1.,0.,0.));
#8104 = PLANE('',#8105);
#8105 = AXIS2_PLACEMENT_3D('',#8106,#8107,#8108);
#8106 = CARTESIAN_POINT('',(106.8,-65.1,86.32568421935));
#8107 = DIRECTION('',(0.,-1.,0.));
#8108 = DIRECTION('',(0.,0.,1.));
#8109 = ADVANCED_FACE('',(#8110),#8121,.T.);
#8110 = FACE_BOUND('',#8111,.T.);
#8111 = EDGE_LOOP('',(#8112,#8113,#8114,#8120));
#8112 = ORIENTED_EDGE('',*,*,#7160,.T.);
#8113 = ORIENTED_EDGE('',*,*,#8099,.T.);
#8114 = ORIENTED_EDGE('',*,*,#8115,.T.);
#8115 = EDGE_CURVE('',#8092,#7988,#8116,.T.);
#8116 = LINE('',#8117,#8118);
#8117 = CARTESIAN_POINT('',(109.6,-65.1,89.67431578065));
#8118 = VECTOR('',#8119,1.);
#8119 = DIRECTION('',(0.,-0.866025403784,0.5));
#8120 = ORIENTED_EDGE('',*,*,#7987,.F.);
#8121 = PLANE('',#8122);
#8122 = AXIS2_PLACEMENT_3D('',#8123,#8124,#8125);
#8123 = CARTESIAN_POINT('',(106.8,-65.1,89.67431578065));
#8124 = DIRECTION('',(0.,-0.5,-0.866025403784));
#8125 = DIRECTION('',(0.,-0.866025403784,0.5));
#8126 = ADVANCED_FACE('',(#8127),#8133,.F.);
#8127 = FACE_BOUND('',#8128,.T.);
#8128 = EDGE_LOOP('',(#8129,#8130,#8131,#8132));
#8129 = ORIENTED_EDGE('',*,*,#7245,.T.);
#8130 = ORIENTED_EDGE('',*,*,#7288,.F.);
#8131 = ORIENTED_EDGE('',*,*,#7312,.T.);
#8132 = ORIENTED_EDGE('',*,*,#7331,.T.);
#8133 = CYLINDRICAL_SURFACE('',#8134,1.);
#8134 = AXIS2_PLACEMENT_3D('',#8135,#8136,#8137);
#8135 = CARTESIAN_POINT('',(38.5,-78.5,38.5));
#8136 = DIRECTION('',(0.,1.,2.2E-16));
#8137 = DIRECTION('',(1.,0.,0.));
#8138 = ADVANCED_FACE('',(#8139,#8147),#8150,.F.);
#8139 = FACE_BOUND('',#8140,.F.);
#8140 = EDGE_LOOP('',(#8141,#8142,#8143,#8144,#8145,#8146));
#8141 = ORIENTED_EDGE('',*,*,#7827,.T.);
#8142 = ORIENTED_EDGE('',*,*,#7707,.T.);
#8143 = ORIENTED_EDGE('',*,*,#7731,.T.);
#8144 = ORIENTED_EDGE('',*,*,#7755,.T.);
#8145 = ORIENTED_EDGE('',*,*,#7779,.T.);
#8146 = ORIENTED_EDGE('',*,*,#7803,.T.);
#8147 = FACE_BOUND('',#8148,.F.);
#8148 = EDGE_LOOP('',(#8149));
#8149 = ORIENTED_EDGE('',*,*,#7434,.F.);
#8150 = PLANE('',#8151);
#8151 = AXIS2_PLACEMENT_3D('',#8152,#8153,#8154);
#8152 = CARTESIAN_POINT('',(109.6,68.,-44.));
#8153 = DIRECTION('',(1.,0.,0.));
#8154 = DIRECTION('',(0.,0.,1.));
#8155 = ADVANCED_FACE('',(#8156,#8164),#8167,.F.);
#8156 = FACE_BOUND('',#8157,.F.);
#8157 = EDGE_LOOP('',(#8158,#8159,#8160,#8161,#8162,#8163));
#8158 = ORIENTED_EDGE('',*,*,#7683,.T.);
#8159 = ORIENTED_EDGE('',*,*,#7563,.T.);
#8160 = ORIENTED_EDGE('',*,*,#7587,.T.);
#8161 = ORIENTED_EDGE('',*,*,#7611,.T.);
#8162 = ORIENTED_EDGE('',*,*,#7635,.T.);
#8163 = ORIENTED_EDGE('',*,*,#7659,.T.);
#8164 = FACE_BOUND('',#8165,.F.);
#8165 = EDGE_LOOP('',(#8166));
#8166 = ORIENTED_EDGE('',*,*,#7459,.F.);
#8167 = PLANE('',#8168);
#8168 = AXIS2_PLACEMENT_3D('',#8169,#8170,#8171);
#8169 = CARTESIAN_POINT('',(109.6,68.,88.));
#8170 = DIRECTION('',(1.,0.,0.));
#8171 = DIRECTION('',(0.,0.,1.));
#8172 = ADVANCED_FACE('',(#8173,#8181),#8184,.F.);
#8173 = FACE_BOUND('',#8174,.F.);
#8174 = EDGE_LOOP('',(#8175,#8176,#8177,#8178,#8179,#8180));
#8175 = ORIENTED_EDGE('',*,*,#7971,.T.);
#8176 = ORIENTED_EDGE('',*,*,#7851,.T.);
#8177 = ORIENTED_EDGE('',*,*,#7875,.T.);
#8178 = ORIENTED_EDGE('',*,*,#7899,.T.);
#8179 = ORIENTED_EDGE('',*,*,#7923,.T.);
#8180 = ORIENTED_EDGE('',*,*,#7947,.T.);
#8181 = FACE_BOUND('',#8182,.F.);
#8182 = EDGE_LOOP('',(#8183));
#8183 = ORIENTED_EDGE('',*,*,#7484,.F.);
#8184 = PLANE('',#8185);
#8185 = AXIS2_PLACEMENT_3D('',#8186,#8187,#8188);
#8186 = CARTESIAN_POINT('',(109.6,-68.,-44.));
#8187 = DIRECTION('',(1.,0.,0.));
#8188 = DIRECTION('',(0.,0.,1.));
#8189 = ADVANCED_FACE('',(#8190,#8198),#8201,.F.);
#8190 = FACE_BOUND('',#8191,.F.);
#8191 = EDGE_LOOP('',(#8192,#8193,#8194,#8195,#8196,#8197));
#8192 = ORIENTED_EDGE('',*,*,#8115,.T.);
#8193 = ORIENTED_EDGE('',*,*,#7995,.T.);
#8194 = ORIENTED_EDGE('',*,*,#8019,.T.);
#8195 = ORIENTED_EDGE('',*,*,#8043,.T.);
#8196 = ORIENTED_EDGE('',*,*,#8067,.T.);
#8197 = ORIENTED_EDGE('',*,*,#8091,.T.);
#8198 = FACE_BOUND('',#8199,.F.);
#8199 = EDGE_LOOP('',(#8200));
#8200 = ORIENTED_EDGE('',*,*,#7509,.F.);
#8201 = PLANE('',#8202);
#8202 = AXIS2_PLACEMENT_3D('',#8203,#8204,#8205);
#8203 = CARTESIAN_POINT('',(109.6,-68.,88.));
#8204 = DIRECTION('',(1.,0.,0.));
#8205 = DIRECTION('',(0.,0.,1.));
#8206 = ADVANCED_FACE('',(#8207),#8223,.F.);
#8207 = FACE_BOUND('',#8208,.F.);
#8208 = EDGE_LOOP('',(#8209,#8210,#8211,#8212,#8213,#8214,#8215,#8216,
    #8217,#8218,#8219,#8220,#8221,#8222));
#8209 = ORIENTED_EDGE('',*,*,#4313,.T.);
#8210 = ORIENTED_EDGE('',*,*,#1963,.T.);
#8211 = ORIENTED_EDGE('',*,*,#1954,.T.);
#8212 = ORIENTED_EDGE('',*,*,#2822,.F.);
#8213 = ORIENTED_EDGE('',*,*,#5645,.T.);
#8214 = ORIENTED_EDGE('',*,*,#2855,.T.);
#8215 = ORIENTED_EDGE('',*,*,#1021,.F.);
#8216 = ORIENTED_EDGE('',*,*,#1056,.T.);
#8217 = ORIENTED_EDGE('',*,*,#1072,.F.);
#8218 = ORIENTED_EDGE('',*,*,#1081,.F.);
#8219 = ORIENTED_EDGE('',*,*,#3021,.F.);
#8220 = ORIENTED_EDGE('',*,*,#5888,.F.);
#8221 = ORIENTED_EDGE('',*,*,#7391,.F.);
#8222 = ORIENTED_EDGE('',*,*,#6184,.T.);
#8223 = CYLINDRICAL_SURFACE('',#8224,36.2);
#8224 = AXIS2_PLACEMENT_3D('',#8225,#8226,#8227);
#8225 = CARTESIAN_POINT('',(0.,60.,0.));
#8226 = DIRECTION('',(0.,1.,0.));
#8227 = DIRECTION('',(0.,0.,1.));
#8228 = ADVANCED_FACE('',(#8229),#8245,.F.);
#8229 = FACE_BOUND('',#8230,.F.);
#8230 = EDGE_LOOP('',(#8231,#8232,#8233,#8234,#8235,#8236,#8237,#8238,
    #8239,#8240,#8241,#8242,#8243,#8244));
#8231 = ORIENTED_EDGE('',*,*,#1898,.T.);
#8232 = ORIENTED_EDGE('',*,*,#2491,.T.);
#8233 = ORIENTED_EDGE('',*,*,#2500,.T.);
#8234 = ORIENTED_EDGE('',*,*,#4231,.F.);
#8235 = ORIENTED_EDGE('',*,*,#6379,.T.);
#8236 = ORIENTED_EDGE('',*,*,#7376,.T.);
#8237 = ORIENTED_EDGE('',*,*,#5995,.F.);
#8238 = ORIENTED_EDGE('',*,*,#2971,.T.);
#8239 = ORIENTED_EDGE('',*,*,#1528,.F.);
#8240 = ORIENTED_EDGE('',*,*,#1519,.F.);
#8241 = ORIENTED_EDGE('',*,*,#1841,.F.);
#8242 = ORIENTED_EDGE('',*,*,#1813,.F.);
#8243 = ORIENTED_EDGE('',*,*,#1855,.F.);
#8244 = ORIENTED_EDGE('',*,*,#4189,.T.);
#8245 = CYLINDRICAL_SURFACE('',#8246,36.2);
#8246 = AXIS2_PLACEMENT_3D('',#8247,#8248,#8249);
#8247 = CARTESIAN_POINT('',(0.,-60.,0.));
#8248 = DIRECTION('',(0.,-1.,0.));
#8249 = DIRECTION('',(0.,0.,-1.));
#8250 = MANIFOLD_SOLID_BREP('',#8251);
#8251 = CLOSED_SHELL('',(#8252,#8410,#8461,#8520,#8568,#8592,#8617,#8641
    ,#8666,#8690,#8715,#8739,#8764,#8788,#8813,#8837,#8862,#8886,#8935,
    #8986,#9003,#9021,#9376,#9400,#9411,#9680,#9704,#9722,#9785,#10047,
    #10083,#10108,#10167,#10421,#10680,#10692,#10710,#10743,#10761,
    #10786,#10811,#10836,#10868,#10892,#10916,#10941,#10966,#10990,
    #11014,#11032,#11064,#11088,#11112,#11137,#11162,#11186,#11210,
    #11228,#11260,#11284,#11308,#11333,#11358,#11382,#11406,#11424,
    #11456,#11480,#11504,#11529,#11554,#11578,#11602,#11620,#11645,
    #11721,#11744,#11769,#11791,#11808,#11825,#11842,#11859,#11876,
    #11893,#11905,#11927,#11944,#11961,#11978,#11995,#12012,#12029,
    #12041,#12063,#12080,#12097,#12114,#12131,#12148,#12165,#12177,
    #12202,#12310,#12328,#12404,#12429,#12488,#12505,#12522,#12547,
    #12606,#12628,#12645,#12662,#12679,#12696,#12713,#12730,#12742,
    #12764,#12781,#12798,#12815,#12832,#12849,#12866,#12878,#12900,
    #12917,#12934,#12951,#12968,#12985,#13002,#13014,#13037,#13062,
    #13073,#13289,#13300,#13320,#13340,#13360,#13380,#13397,#13414,
    #13426,#13446,#13463,#13486,#13511,#13536,#13561,#13586,#13597,
    #13813,#13857,#13881,#13906,#13923,#13967,#13991,#14016,#14033,
    #14053,#14075,#14092,#14109,#14121,#14143,#14160,#14177,#14189,
    #14211,#14228,#14245,#14257,#14279,#14296,#14313,#14325,#14347,
    #14364,#14381,#14393,#14415,#14432,#14449,#14461,#14486,#14511,
    #14536,#14561,#14578,#14590,#14602,#14614,#14626,#14638,#14650));
#8252 = ADVANCED_FACE('',(#8253),#8405,.F.);
#8253 = FACE_BOUND('',#8254,.F.);
#8254 = EDGE_LOOP('',(#8255,#8265,#8273,#8281,#8289,#8298,#8306,#8315,
    #8323,#8332,#8340,#8349,#8357,#8366,#8374,#8383,#8391,#8399));
#8255 = ORIENTED_EDGE('',*,*,#8256,.F.);
#8256 = EDGE_CURVE('',#8257,#8259,#8261,.T.);
#8257 = VERTEX_POINT('',#8258);
#8258 = CARTESIAN_POINT('',(-89.,-77.,-55.));
#8259 = VERTEX_POINT('',#8260);
#8260 = CARTESIAN_POINT('',(-89.,77.,-55.));
#8261 = LINE('',#8262,#8263);
#8262 = CARTESIAN_POINT('',(-89.,-82.,-55.));
#8263 = VECTOR('',#8264,1.);
#8264 = DIRECTION('',(0.,1.,0.));
#8265 = ORIENTED_EDGE('',*,*,#8266,.T.);
#8266 = EDGE_CURVE('',#8257,#8267,#8269,.T.);
#8267 = VERTEX_POINT('',#8268);
#8268 = CARTESIAN_POINT('',(-24.3,-77.,-55.));
#8269 = LINE('',#8270,#8271);
#8270 = CARTESIAN_POINT('',(-94.,-77.,-55.));
#8271 = VECTOR('',#8272,1.);
#8272 = DIRECTION('',(1.,0.,0.));
#8273 = ORIENTED_EDGE('',*,*,#8274,.T.);
#8274 = EDGE_CURVE('',#8267,#8275,#8277,.T.);
#8275 = VERTEX_POINT('',#8276);
#8276 = CARTESIAN_POINT('',(-24.3,-70.,-55.));
#8277 = LINE('',#8278,#8279);
#8278 = CARTESIAN_POINT('',(-24.3,-86.,-55.));
#8279 = VECTOR('',#8280,1.);
#8280 = DIRECTION('',(0.,1.,0.));
#8281 = ORIENTED_EDGE('',*,*,#8282,.T.);
#8282 = EDGE_CURVE('',#8275,#8283,#8285,.T.);
#8283 = VERTEX_POINT('',#8284);
#8284 = CARTESIAN_POINT('',(-32.35424868893,-70.,-55.));
#8285 = LINE('',#8286,#8287);
#8286 = CARTESIAN_POINT('',(-86.5,-70.,-55.));
#8287 = VECTOR('',#8288,1.);
#8288 = DIRECTION('',(-1.,0.,0.));
#8289 = ORIENTED_EDGE('',*,*,#8290,.F.);
#8290 = EDGE_CURVE('',#8291,#8283,#8293,.T.);
#8291 = VERTEX_POINT('',#8292);
#8292 = CARTESIAN_POINT('',(-37.64575131106,-70.,-55.));
#8293 = CIRCLE('',#8294,4.);
#8294 = AXIS2_PLACEMENT_3D('',#8295,#8296,#8297);
#8295 = CARTESIAN_POINT('',(-35.,-67.,-55.));
#8296 = DIRECTION('',(0.,0.,1.));
#8297 = DIRECTION('',(1.,0.,0.));
#8298 = ORIENTED_EDGE('',*,*,#8299,.T.);
#8299 = EDGE_CURVE('',#8291,#8300,#8302,.T.);
#8300 = VERTEX_POINT('',#8301);
#8301 = CARTESIAN_POINT('',(-67.35424868893,-70.,-55.));
#8302 = LINE('',#8303,#8304);
#8303 = CARTESIAN_POINT('',(-86.5,-70.,-55.));
#8304 = VECTOR('',#8305,1.);
#8305 = DIRECTION('',(-1.,0.,0.));
#8306 = ORIENTED_EDGE('',*,*,#8307,.F.);
#8307 = EDGE_CURVE('',#8308,#8300,#8310,.T.);
#8308 = VERTEX_POINT('',#8309);
#8309 = CARTESIAN_POINT('',(-72.64575131106,-70.,-55.));
#8310 = CIRCLE('',#8311,4.);
#8311 = AXIS2_PLACEMENT_3D('',#8312,#8313,#8314);
#8312 = CARTESIAN_POINT('',(-70.,-67.,-55.));
#8313 = DIRECTION('',(0.,0.,1.));
#8314 = DIRECTION('',(1.,0.,0.));
#8315 = ORIENTED_EDGE('',*,*,#8316,.T.);
#8316 = EDGE_CURVE('',#8308,#8317,#8319,.T.);
#8317 = VERTEX_POINT('',#8318);
#8318 = CARTESIAN_POINT('',(-79.,-70.,-55.));
#8319 = LINE('',#8320,#8321);
#8320 = CARTESIAN_POINT('',(-86.5,-70.,-55.));
#8321 = VECTOR('',#8322,1.);
#8322 = DIRECTION('',(-1.,0.,0.));
#8323 = ORIENTED_EDGE('',*,*,#8324,.F.);
#8324 = EDGE_CURVE('',#8325,#8317,#8327,.T.);
#8325 = VERTEX_POINT('',#8326);
#8326 = CARTESIAN_POINT('',(-85.,-64.,-55.));
#8327 = CIRCLE('',#8328,6.);
#8328 = AXIS2_PLACEMENT_3D('',#8329,#8330,#8331);
#8329 = CARTESIAN_POINT('',(-79.,-64.,-55.));
#8330 = DIRECTION('',(0.,0.,1.));
#8331 = DIRECTION('',(1.,0.,0.));
#8332 = ORIENTED_EDGE('',*,*,#8333,.T.);
#8333 = EDGE_CURVE('',#8325,#8334,#8336,.T.);
#8334 = VERTEX_POINT('',#8335);
#8335 = CARTESIAN_POINT('',(-85.,64.,-55.));
#8336 = LINE('',#8337,#8338);
#8337 = CARTESIAN_POINT('',(-85.,-73.,-55.));
#8338 = VECTOR('',#8339,1.);
#8339 = DIRECTION('',(0.,1.,0.));
#8340 = ORIENTED_EDGE('',*,*,#8341,.F.);
#8341 = EDGE_CURVE('',#8342,#8334,#8344,.T.);
#8342 = VERTEX_POINT('',#8343);
#8343 = CARTESIAN_POINT('',(-79.,70.,-55.));
#8344 = CIRCLE('',#8345,6.);
#8345 = AXIS2_PLACEMENT_3D('',#8346,#8347,#8348);
#8346 = CARTESIAN_POINT('',(-79.,64.,-55.));
#8347 = DIRECTION('',(0.,0.,1.));
#8348 = DIRECTION('',(1.,0.,0.));
#8349 = ORIENTED_EDGE('',*,*,#8350,.F.);
#8350 = EDGE_CURVE('',#8351,#8342,#8353,.T.);
#8351 = VERTEX_POINT('',#8352);
#8352 = CARTESIAN_POINT('',(-72.64575131106,70.,-55.));
#8353 = LINE('',#8354,#8355);
#8354 = CARTESIAN_POINT('',(-86.5,70.,-55.));
#8355 = VECTOR('',#8356,1.);
#8356 = DIRECTION('',(-1.,0.,0.));
#8357 = ORIENTED_EDGE('',*,*,#8358,.F.);
#8358 = EDGE_CURVE('',#8359,#8351,#8361,.T.);
#8359 = VERTEX_POINT('',#8360);
#8360 = CARTESIAN_POINT('',(-67.35424868893,70.,-55.));
#8361 = CIRCLE('',#8362,4.);
#8362 = AXIS2_PLACEMENT_3D('',#8363,#8364,#8365);
#8363 = CARTESIAN_POINT('',(-70.,67.,-55.));
#8364 = DIRECTION('',(0.,0.,1.));
#8365 = DIRECTION('',(1.,0.,0.));
#8366 = ORIENTED_EDGE('',*,*,#8367,.F.);
#8367 = EDGE_CURVE('',#8368,#8359,#8370,.T.);
#8368 = VERTEX_POINT('',#8369);
#8369 = CARTESIAN_POINT('',(-37.64575131106,70.,-55.));
#8370 = LINE('',#8371,#8372);
#8371 = CARTESIAN_POINT('',(-86.5,70.,-55.));
#8372 = VECTOR('',#8373,1.);
#8373 = DIRECTION('',(-1.,0.,0.));
#8374 = ORIENTED_EDGE('',*,*,#8375,.F.);
#8375 = EDGE_CURVE('',#8376,#8368,#8378,.T.);
#8376 = VERTEX_POINT('',#8377);
#8377 = CARTESIAN_POINT('',(-32.35424868893,70.,-55.));
#8378 = CIRCLE('',#8379,4.);
#8379 = AXIS2_PLACEMENT_3D('',#8380,#8381,#8382);
#8380 = CARTESIAN_POINT('',(-35.,67.,-55.));
#8381 = DIRECTION('',(0.,0.,1.));
#8382 = DIRECTION('',(1.,0.,0.));
#8383 = ORIENTED_EDGE('',*,*,#8384,.F.);
#8384 = EDGE_CURVE('',#8385,#8376,#8387,.T.);
#8385 = VERTEX_POINT('',#8386);
#8386 = CARTESIAN_POINT('',(-24.3,70.,-55.));
#8387 = LINE('',#8388,#8389);
#8388 = CARTESIAN_POINT('',(-86.5,70.,-55.));
#8389 = VECTOR('',#8390,1.);
#8390 = DIRECTION('',(-1.,0.,0.));
#8391 = ORIENTED_EDGE('',*,*,#8392,.T.);
#8392 = EDGE_CURVE('',#8385,#8393,#8395,.T.);
#8393 = VERTEX_POINT('',#8394);
#8394 = CARTESIAN_POINT('',(-24.3,77.,-55.));
#8395 = LINE('',#8396,#8397);
#8396 = CARTESIAN_POINT('',(-24.3,-86.,-55.));
#8397 = VECTOR('',#8398,1.);
#8398 = DIRECTION('',(0.,1.,0.));
#8399 = ORIENTED_EDGE('',*,*,#8400,.F.);
#8400 = EDGE_CURVE('',#8259,#8393,#8401,.T.);
#8401 = LINE('',#8402,#8403);
#8402 = CARTESIAN_POINT('',(-94.,77.,-55.));
#8403 = VECTOR('',#8404,1.);
#8404 = DIRECTION('',(1.,0.,0.));
#8405 = PLANE('',#8406);
#8406 = AXIS2_PLACEMENT_3D('',#8407,#8408,#8409);
#8407 = CARTESIAN_POINT('',(-94.,-82.,-55.));
#8408 = DIRECTION('',(0.,0.,1.));
#8409 = DIRECTION('',(1.,0.,0.));
#8410 = ADVANCED_FACE('',(#8411),#8456,.T.);
#8411 = FACE_BOUND('',#8412,.T.);
#8412 = EDGE_LOOP('',(#8413,#8414,#8423,#8432,#8440,#8449));
#8413 = ORIENTED_EDGE('',*,*,#8256,.F.);
#8414 = ORIENTED_EDGE('',*,*,#8415,.T.);
#8415 = EDGE_CURVE('',#8257,#8416,#8418,.T.);
#8416 = VERTEX_POINT('',#8417);
#8417 = CARTESIAN_POINT('',(-91.,-77.,-54.58257569495));
#8418 = CIRCLE('',#8419,5.);
#8419 = AXIS2_PLACEMENT_3D('',#8420,#8421,#8422);
#8420 = CARTESIAN_POINT('',(-89.,-77.,-50.));
#8421 = DIRECTION('',(0.,1.,-0.));
#8422 = DIRECTION('',(-1.,0.,0.));
#8423 = ORIENTED_EDGE('',*,*,#8424,.T.);
#8424 = EDGE_CURVE('',#8416,#8425,#8427,.T.);
#8425 = VERTEX_POINT('',#8426);
#8426 = CARTESIAN_POINT('',(-94.,-77.,-50.));
#8427 = CIRCLE('',#8428,5.);
#8428 = AXIS2_PLACEMENT_3D('',#8429,#8430,#8431);
#8429 = CARTESIAN_POINT('',(-89.,-77.,-50.));
#8430 = DIRECTION('',(0.,1.,-0.));
#8431 = DIRECTION('',(-1.,0.,0.));
#8432 = ORIENTED_EDGE('',*,*,#8433,.T.);
#8433 = EDGE_CURVE('',#8425,#8434,#8436,.T.);
#8434 = VERTEX_POINT('',#8435);
#8435 = CARTESIAN_POINT('',(-94.,77.,-50.));
#8436 = LINE('',#8437,#8438);
#8437 = CARTESIAN_POINT('',(-94.,-82.,-50.));
#8438 = VECTOR('',#8439,1.);
#8439 = DIRECTION('',(0.,1.,0.));
#8440 = ORIENTED_EDGE('',*,*,#8441,.F.);
#8441 = EDGE_CURVE('',#8442,#8434,#8444,.T.);
#8442 = VERTEX_POINT('',#8443);
#8443 = CARTESIAN_POINT('',(-91.,77.,-54.58257569495));
#8444 = CIRCLE('',#8445,5.);
#8445 = AXIS2_PLACEMENT_3D('',#8446,#8447,#8448);
#8446 = CARTESIAN_POINT('',(-89.,77.,-50.));
#8447 = DIRECTION('',(0.,1.,-0.));
#8448 = DIRECTION('',(-1.,0.,0.));
#8449 = ORIENTED_EDGE('',*,*,#8450,.F.);
#8450 = EDGE_CURVE('',#8259,#8442,#8451,.T.);
#8451 = CIRCLE('',#8452,5.);
#8452 = AXIS2_PLACEMENT_3D('',#8453,#8454,#8455);
#8453 = CARTESIAN_POINT('',(-89.,77.,-50.));
#8454 = DIRECTION('',(0.,1.,-0.));
#8455 = DIRECTION('',(-1.,0.,0.));
#8456 = CYLINDRICAL_SURFACE('',#8457,5.);
#8457 = AXIS2_PLACEMENT_3D('',#8458,#8459,#8460);
#8458 = CARTESIAN_POINT('',(-89.,-82.,-50.));
#8459 = DIRECTION('',(0.,1.,0.));
#8460 = DIRECTION('',(-1.,0.,0.));
#8461 = ADVANCED_FACE('',(#8462),#8515,.T.);
#8462 = FACE_BOUND('',#8463,.F.);
#8463 = EDGE_LOOP('',(#8464,#8473,#8474,#8483,#8491,#8500,#8508));
#8464 = ORIENTED_EDGE('',*,*,#8465,.F.);
#8465 = EDGE_CURVE('',#8259,#8466,#8468,.T.);
#8466 = VERTEX_POINT('',#8467);
#8467 = CARTESIAN_POINT('',(-89.,79.,-54.58257569495));
#8468 = CIRCLE('',#8469,5.);
#8469 = AXIS2_PLACEMENT_3D('',#8470,#8471,#8472);
#8470 = CARTESIAN_POINT('',(-89.,77.,-50.));
#8471 = DIRECTION('',(1.,6.E-17,-0.));
#8472 = DIRECTION('',(-6.E-17,1.,0.));
#8473 = ORIENTED_EDGE('',*,*,#8400,.T.);
#8474 = ORIENTED_EDGE('',*,*,#8475,.T.);
#8475 = EDGE_CURVE('',#8393,#8476,#8478,.T.);
#8476 = VERTEX_POINT('',#8477);
#8477 = CARTESIAN_POINT('',(-24.3,79.5,-54.33012701892));
#8478 = CIRCLE('',#8479,5.);
#8479 = AXIS2_PLACEMENT_3D('',#8480,#8481,#8482);
#8480 = CARTESIAN_POINT('',(-24.3,77.,-50.));
#8481 = DIRECTION('',(1.,0.,0.));
#8482 = DIRECTION('',(0.,1.,0.));
#8483 = ORIENTED_EDGE('',*,*,#8484,.T.);
#8484 = EDGE_CURVE('',#8476,#8485,#8487,.T.);
#8485 = VERTEX_POINT('',#8486);
#8486 = CARTESIAN_POINT('',(-20.,79.5,-54.33012701892));
#8487 = LINE('',#8488,#8489);
#8488 = CARTESIAN_POINT('',(-94.,79.5,-54.33012701892));
#8489 = VECTOR('',#8490,1.);
#8490 = DIRECTION('',(1.,0.,0.));
#8491 = ORIENTED_EDGE('',*,*,#8492,.T.);
#8492 = EDGE_CURVE('',#8485,#8493,#8495,.T.);
#8493 = VERTEX_POINT('',#8494);
#8494 = CARTESIAN_POINT('',(-20.,82.,-50.));
#8495 = CIRCLE('',#8496,5.);
#8496 = AXIS2_PLACEMENT_3D('',#8497,#8498,#8499);
#8497 = CARTESIAN_POINT('',(-20.,77.,-50.));
#8498 = DIRECTION('',(1.,0.,0.));
#8499 = DIRECTION('',(0.,1.,0.));
#8500 = ORIENTED_EDGE('',*,*,#8501,.F.);
#8501 = EDGE_CURVE('',#8502,#8493,#8504,.T.);
#8502 = VERTEX_POINT('',#8503);
#8503 = CARTESIAN_POINT('',(-89.,82.,-50.));
#8504 = LINE('',#8505,#8506);
#8505 = CARTESIAN_POINT('',(-94.,82.,-50.));
#8506 = VECTOR('',#8507,1.);
#8507 = DIRECTION('',(1.,0.,0.));
#8508 = ORIENTED_EDGE('',*,*,#8509,.F.);
#8509 = EDGE_CURVE('',#8466,#8502,#8510,.T.);
#8510 = CIRCLE('',#8511,5.);
#8511 = AXIS2_PLACEMENT_3D('',#8512,#8513,#8514);
#8512 = CARTESIAN_POINT('',(-89.,77.,-50.));
#8513 = DIRECTION('',(1.,6.E-17,-0.));
#8514 = DIRECTION('',(-6.E-17,1.,0.));
#8515 = CYLINDRICAL_SURFACE('',#8516,5.);
#8516 = AXIS2_PLACEMENT_3D('',#8517,#8518,#8519);
#8517 = CARTESIAN_POINT('',(-94.,77.,-50.));
#8518 = DIRECTION('',(1.,0.,0.));
#8519 = DIRECTION('',(0.,1.,0.));
#8520 = ADVANCED_FACE('',(#8521),#8563,.T.);
#8521 = FACE_BOUND('',#8522,.T.);
#8522 = EDGE_LOOP('',(#8523,#8524,#8532,#8540,#8548,#8556,#8562));
#8523 = ORIENTED_EDGE('',*,*,#8475,.T.);
#8524 = ORIENTED_EDGE('',*,*,#8525,.F.);
#8525 = EDGE_CURVE('',#8526,#8476,#8528,.T.);
#8526 = VERTEX_POINT('',#8527);
#8527 = CARTESIAN_POINT('',(-24.3,79.5,-26.83188401883));
#8528 = LINE('',#8529,#8530);
#8529 = CARTESIAN_POINT('',(-24.3,79.5,-56.1));
#8530 = VECTOR('',#8531,1.);
#8531 = DIRECTION('',(0.,0.,-1.));
#8532 = ORIENTED_EDGE('',*,*,#8533,.F.);
#8533 = EDGE_CURVE('',#8534,#8526,#8536,.T.);
#8534 = VERTEX_POINT('',#8535);
#8535 = CARTESIAN_POINT('',(-24.3,79.,-26.83188401883));
#8536 = LINE('',#8537,#8538);
#8537 = CARTESIAN_POINT('',(-24.3,60.,-26.83188401883));
#8538 = VECTOR('',#8539,1.);
#8539 = DIRECTION('',(0.,1.,0.));
#8540 = ORIENTED_EDGE('',*,*,#8541,.T.);
#8541 = EDGE_CURVE('',#8534,#8542,#8544,.T.);
#8542 = VERTEX_POINT('',#8543);
#8543 = CARTESIAN_POINT('',(-24.3,79.,-50.));
#8544 = LINE('',#8545,#8546);
#8545 = CARTESIAN_POINT('',(-24.3,79.,-56.1));
#8546 = VECTOR('',#8547,1.);
#8547 = DIRECTION('',(0.,0.,-1.));
#8548 = ORIENTED_EDGE('',*,*,#8549,.F.);
#8549 = EDGE_CURVE('',#8550,#8542,#8552,.T.);
#8550 = VERTEX_POINT('',#8551);
#8551 = CARTESIAN_POINT('',(-24.3,70.,-50.));
#8552 = LINE('',#8553,#8554);
#8553 = CARTESIAN_POINT('',(-24.3,-90.,-50.));
#8554 = VECTOR('',#8555,1.);
#8555 = DIRECTION('',(0.,1.,0.));
#8556 = ORIENTED_EDGE('',*,*,#8557,.T.);
#8557 = EDGE_CURVE('',#8550,#8385,#8558,.T.);
#8558 = LINE('',#8559,#8560);
#8559 = CARTESIAN_POINT('',(-24.3,70.,-55.6));
#8560 = VECTOR('',#8561,1.);
#8561 = DIRECTION('',(0.,0.,-1.));
#8562 = ORIENTED_EDGE('',*,*,#8392,.T.);
#8563 = PLANE('',#8564);
#8564 = AXIS2_PLACEMENT_3D('',#8565,#8566,#8567);
#8565 = CARTESIAN_POINT('',(-24.3,-90.,-55.2));
#8566 = DIRECTION('',(1.,0.,0.));
#8567 = DIRECTION('',(0.,0.,1.));
#8568 = ADVANCED_FACE('',(#8569),#8587,.F.);
#8569 = FACE_BOUND('',#8570,.F.);
#8570 = EDGE_LOOP('',(#8571,#8579,#8580,#8581));
#8571 = ORIENTED_EDGE('',*,*,#8572,.F.);
#8572 = EDGE_CURVE('',#8550,#8573,#8575,.T.);
#8573 = VERTEX_POINT('',#8574);
#8574 = CARTESIAN_POINT('',(-32.35424868893,70.,-50.));
#8575 = LINE('',#8576,#8577);
#8576 = CARTESIAN_POINT('',(-89.5,70.,-50.));
#8577 = VECTOR('',#8578,1.);
#8578 = DIRECTION('',(-1.,0.,0.));
#8579 = ORIENTED_EDGE('',*,*,#8557,.T.);
#8580 = ORIENTED_EDGE('',*,*,#8384,.T.);
#8581 = ORIENTED_EDGE('',*,*,#8582,.T.);
#8582 = EDGE_CURVE('',#8376,#8573,#8583,.T.);
#8583 = LINE('',#8584,#8585);
#8584 = CARTESIAN_POINT('',(-32.35424868893,70.,-55.5));
#8585 = VECTOR('',#8586,1.);
#8586 = DIRECTION('',(0.,0.,1.));
#8587 = PLANE('',#8588);
#8588 = AXIS2_PLACEMENT_3D('',#8589,#8590,#8591);
#8589 = CARTESIAN_POINT('',(-79.,70.,-56.));
#8590 = DIRECTION('',(0.,1.,0.));
#8591 = DIRECTION('',(0.,0.,1.));
#8592 = ADVANCED_FACE('',(#8593),#8612,.F.);
#8593 = FACE_BOUND('',#8594,.F.);
#8594 = EDGE_LOOP('',(#8595,#8596,#8597,#8605));
#8595 = ORIENTED_EDGE('',*,*,#8582,.F.);
#8596 = ORIENTED_EDGE('',*,*,#8375,.T.);
#8597 = ORIENTED_EDGE('',*,*,#8598,.T.);
#8598 = EDGE_CURVE('',#8368,#8599,#8601,.T.);
#8599 = VERTEX_POINT('',#8600);
#8600 = CARTESIAN_POINT('',(-37.64575131106,70.,-50.));
#8601 = LINE('',#8602,#8603);
#8602 = CARTESIAN_POINT('',(-37.64575131106,70.,-55.5));
#8603 = VECTOR('',#8604,1.);
#8604 = DIRECTION('',(0.,0.,1.));
#8605 = ORIENTED_EDGE('',*,*,#8606,.F.);
#8606 = EDGE_CURVE('',#8573,#8599,#8607,.T.);
#8607 = CIRCLE('',#8608,4.);
#8608 = AXIS2_PLACEMENT_3D('',#8609,#8610,#8611);
#8609 = CARTESIAN_POINT('',(-35.,67.,-50.));
#8610 = DIRECTION('',(0.,0.,1.));
#8611 = DIRECTION('',(1.,0.,0.));
#8612 = CYLINDRICAL_SURFACE('',#8613,4.);
#8613 = AXIS2_PLACEMENT_3D('',#8614,#8615,#8616);
#8614 = CARTESIAN_POINT('',(-35.,67.,-55.5));
#8615 = DIRECTION('',(0.,0.,1.));
#8616 = DIRECTION('',(1.,0.,0.));
#8617 = ADVANCED_FACE('',(#8618),#8636,.F.);
#8618 = FACE_BOUND('',#8619,.F.);
#8619 = EDGE_LOOP('',(#8620,#8621,#8622,#8630));
#8620 = ORIENTED_EDGE('',*,*,#8598,.F.);
#8621 = ORIENTED_EDGE('',*,*,#8367,.T.);
#8622 = ORIENTED_EDGE('',*,*,#8623,.T.);
#8623 = EDGE_CURVE('',#8359,#8624,#8626,.T.);
#8624 = VERTEX_POINT('',#8625);
#8625 = CARTESIAN_POINT('',(-67.35424868893,70.,-50.));
#8626 = LINE('',#8627,#8628);
#8627 = CARTESIAN_POINT('',(-67.35424868893,70.,-55.5));
#8628 = VECTOR('',#8629,1.);
#8629 = DIRECTION('',(0.,0.,1.));
#8630 = ORIENTED_EDGE('',*,*,#8631,.F.);
#8631 = EDGE_CURVE('',#8599,#8624,#8632,.T.);
#8632 = LINE('',#8633,#8634);
#8633 = CARTESIAN_POINT('',(-89.5,70.,-50.));
#8634 = VECTOR('',#8635,1.);
#8635 = DIRECTION('',(-1.,0.,0.));
#8636 = PLANE('',#8637);
#8637 = AXIS2_PLACEMENT_3D('',#8638,#8639,#8640);
#8638 = CARTESIAN_POINT('',(-79.,70.,-56.));
#8639 = DIRECTION('',(0.,1.,0.));
#8640 = DIRECTION('',(0.,0.,1.));
#8641 = ADVANCED_FACE('',(#8642),#8661,.F.);
#8642 = FACE_BOUND('',#8643,.F.);
#8643 = EDGE_LOOP('',(#8644,#8645,#8646,#8654));
#8644 = ORIENTED_EDGE('',*,*,#8623,.F.);
#8645 = ORIENTED_EDGE('',*,*,#8358,.T.);
#8646 = ORIENTED_EDGE('',*,*,#8647,.T.);
#8647 = EDGE_CURVE('',#8351,#8648,#8650,.T.);
#8648 = VERTEX_POINT('',#8649);
#8649 = CARTESIAN_POINT('',(-72.64575131106,70.,-50.));
#8650 = LINE('',#8651,#8652);
#8651 = CARTESIAN_POINT('',(-72.64575131106,70.,-55.5));
#8652 = VECTOR('',#8653,1.);
#8653 = DIRECTION('',(0.,0.,1.));
#8654 = ORIENTED_EDGE('',*,*,#8655,.F.);
#8655 = EDGE_CURVE('',#8624,#8648,#8656,.T.);
#8656 = CIRCLE('',#8657,4.);
#8657 = AXIS2_PLACEMENT_3D('',#8658,#8659,#8660);
#8658 = CARTESIAN_POINT('',(-70.,67.,-50.));
#8659 = DIRECTION('',(0.,0.,1.));
#8660 = DIRECTION('',(1.,0.,0.));
#8661 = CYLINDRICAL_SURFACE('',#8662,4.);
#8662 = AXIS2_PLACEMENT_3D('',#8663,#8664,#8665);
#8663 = CARTESIAN_POINT('',(-70.,67.,-55.5));
#8664 = DIRECTION('',(0.,0.,1.));
#8665 = DIRECTION('',(1.,0.,0.));
#8666 = ADVANCED_FACE('',(#8667),#8685,.F.);
#8667 = FACE_BOUND('',#8668,.F.);
#8668 = EDGE_LOOP('',(#8669,#8670,#8671,#8679));
#8669 = ORIENTED_EDGE('',*,*,#8647,.F.);
#8670 = ORIENTED_EDGE('',*,*,#8350,.T.);
#8671 = ORIENTED_EDGE('',*,*,#8672,.T.);
#8672 = EDGE_CURVE('',#8342,#8673,#8675,.T.);
#8673 = VERTEX_POINT('',#8674);
#8674 = CARTESIAN_POINT('',(-79.,70.,-50.));
#8675 = LINE('',#8676,#8677);
#8676 = CARTESIAN_POINT('',(-79.,70.,-56.));
#8677 = VECTOR('',#8678,1.);
#8678 = DIRECTION('',(0.,0.,1.));
#8679 = ORIENTED_EDGE('',*,*,#8680,.F.);
#8680 = EDGE_CURVE('',#8648,#8673,#8681,.T.);
#8681 = LINE('',#8682,#8683);
#8682 = CARTESIAN_POINT('',(-89.5,70.,-50.));
#8683 = VECTOR('',#8684,1.);
#8684 = DIRECTION('',(-1.,0.,0.));
#8685 = PLANE('',#8686);
#8686 = AXIS2_PLACEMENT_3D('',#8687,#8688,#8689);
#8687 = CARTESIAN_POINT('',(-79.,70.,-56.));
#8688 = DIRECTION('',(0.,1.,0.));
#8689 = DIRECTION('',(0.,0.,1.));
#8690 = ADVANCED_FACE('',(#8691),#8710,.F.);
#8691 = FACE_BOUND('',#8692,.F.);
#8692 = EDGE_LOOP('',(#8693,#8702,#8703,#8704));
#8693 = ORIENTED_EDGE('',*,*,#8694,.F.);
#8694 = EDGE_CURVE('',#8673,#8695,#8697,.T.);
#8695 = VERTEX_POINT('',#8696);
#8696 = CARTESIAN_POINT('',(-85.,64.,-50.));
#8697 = CIRCLE('',#8698,6.);
#8698 = AXIS2_PLACEMENT_3D('',#8699,#8700,#8701);
#8699 = CARTESIAN_POINT('',(-79.,64.,-50.));
#8700 = DIRECTION('',(0.,0.,1.));
#8701 = DIRECTION('',(1.,0.,0.));
#8702 = ORIENTED_EDGE('',*,*,#8672,.F.);
#8703 = ORIENTED_EDGE('',*,*,#8341,.T.);
#8704 = ORIENTED_EDGE('',*,*,#8705,.T.);
#8705 = EDGE_CURVE('',#8334,#8695,#8706,.T.);
#8706 = LINE('',#8707,#8708);
#8707 = CARTESIAN_POINT('',(-85.,64.,-56.));
#8708 = VECTOR('',#8709,1.);
#8709 = DIRECTION('',(0.,0.,1.));
#8710 = CYLINDRICAL_SURFACE('',#8711,6.);
#8711 = AXIS2_PLACEMENT_3D('',#8712,#8713,#8714);
#8712 = CARTESIAN_POINT('',(-79.,64.,-56.));
#8713 = DIRECTION('',(0.,0.,1.));
#8714 = DIRECTION('',(1.,0.,0.));
#8715 = ADVANCED_FACE('',(#8716),#8734,.T.);
#8716 = FACE_BOUND('',#8717,.T.);
#8717 = EDGE_LOOP('',(#8718,#8726,#8727,#8728));
#8718 = ORIENTED_EDGE('',*,*,#8719,.F.);
#8719 = EDGE_CURVE('',#8325,#8720,#8722,.T.);
#8720 = VERTEX_POINT('',#8721);
#8721 = CARTESIAN_POINT('',(-85.,-64.,-50.));
#8722 = LINE('',#8723,#8724);
#8723 = CARTESIAN_POINT('',(-85.,-64.,-56.));
#8724 = VECTOR('',#8725,1.);
#8725 = DIRECTION('',(0.,0.,1.));
#8726 = ORIENTED_EDGE('',*,*,#8333,.T.);
#8727 = ORIENTED_EDGE('',*,*,#8705,.T.);
#8728 = ORIENTED_EDGE('',*,*,#8729,.F.);
#8729 = EDGE_CURVE('',#8720,#8695,#8730,.T.);
#8730 = LINE('',#8731,#8732);
#8731 = CARTESIAN_POINT('',(-85.,-77.,-50.));
#8732 = VECTOR('',#8733,1.);
#8733 = DIRECTION('',(0.,1.,0.));
#8734 = PLANE('',#8735);
#8735 = AXIS2_PLACEMENT_3D('',#8736,#8737,#8738);
#8736 = CARTESIAN_POINT('',(-85.,-64.,-56.));
#8737 = DIRECTION('',(1.,0.,0.));
#8738 = DIRECTION('',(0.,0.,1.));
#8739 = ADVANCED_FACE('',(#8740),#8759,.F.);
#8740 = FACE_BOUND('',#8741,.F.);
#8741 = EDGE_LOOP('',(#8742,#8751,#8752,#8753));
#8742 = ORIENTED_EDGE('',*,*,#8743,.F.);
#8743 = EDGE_CURVE('',#8720,#8744,#8746,.T.);
#8744 = VERTEX_POINT('',#8745);
#8745 = CARTESIAN_POINT('',(-79.,-70.,-50.));
#8746 = CIRCLE('',#8747,6.);
#8747 = AXIS2_PLACEMENT_3D('',#8748,#8749,#8750);
#8748 = CARTESIAN_POINT('',(-79.,-64.,-50.));
#8749 = DIRECTION('',(0.,0.,1.));
#8750 = DIRECTION('',(1.,0.,0.));
#8751 = ORIENTED_EDGE('',*,*,#8719,.F.);
#8752 = ORIENTED_EDGE('',*,*,#8324,.T.);
#8753 = ORIENTED_EDGE('',*,*,#8754,.T.);
#8754 = EDGE_CURVE('',#8317,#8744,#8755,.T.);
#8755 = LINE('',#8756,#8757);
#8756 = CARTESIAN_POINT('',(-79.,-70.,-56.));
#8757 = VECTOR('',#8758,1.);
#8758 = DIRECTION('',(0.,0.,1.));
#8759 = CYLINDRICAL_SURFACE('',#8760,6.);
#8760 = AXIS2_PLACEMENT_3D('',#8761,#8762,#8763);
#8761 = CARTESIAN_POINT('',(-79.,-64.,-56.));
#8762 = DIRECTION('',(0.,0.,1.));
#8763 = DIRECTION('',(1.,0.,0.));
#8764 = ADVANCED_FACE('',(#8765),#8783,.T.);
#8765 = FACE_BOUND('',#8766,.T.);
#8766 = EDGE_LOOP('',(#8767,#8775,#8776,#8777));
#8767 = ORIENTED_EDGE('',*,*,#8768,.F.);
#8768 = EDGE_CURVE('',#8308,#8769,#8771,.T.);
#8769 = VERTEX_POINT('',#8770);
#8770 = CARTESIAN_POINT('',(-72.64575131106,-70.,-50.));
#8771 = LINE('',#8772,#8773);
#8772 = CARTESIAN_POINT('',(-72.64575131106,-70.,-55.5));
#8773 = VECTOR('',#8774,1.);
#8774 = DIRECTION('',(0.,0.,1.));
#8775 = ORIENTED_EDGE('',*,*,#8316,.T.);
#8776 = ORIENTED_EDGE('',*,*,#8754,.T.);
#8777 = ORIENTED_EDGE('',*,*,#8778,.F.);
#8778 = EDGE_CURVE('',#8769,#8744,#8779,.T.);
#8779 = LINE('',#8780,#8781);
#8780 = CARTESIAN_POINT('',(-89.5,-70.,-50.));
#8781 = VECTOR('',#8782,1.);
#8782 = DIRECTION('',(-1.,0.,0.));
#8783 = PLANE('',#8784);
#8784 = AXIS2_PLACEMENT_3D('',#8785,#8786,#8787);
#8785 = CARTESIAN_POINT('',(-79.,-70.,-56.));
#8786 = DIRECTION('',(0.,1.,0.));
#8787 = DIRECTION('',(0.,0.,1.));
#8788 = ADVANCED_FACE('',(#8789),#8808,.F.);
#8789 = FACE_BOUND('',#8790,.F.);
#8790 = EDGE_LOOP('',(#8791,#8792,#8793,#8801));
#8791 = ORIENTED_EDGE('',*,*,#8768,.F.);
#8792 = ORIENTED_EDGE('',*,*,#8307,.T.);
#8793 = ORIENTED_EDGE('',*,*,#8794,.T.);
#8794 = EDGE_CURVE('',#8300,#8795,#8797,.T.);
#8795 = VERTEX_POINT('',#8796);
#8796 = CARTESIAN_POINT('',(-67.35424868893,-70.,-50.));
#8797 = LINE('',#8798,#8799);
#8798 = CARTESIAN_POINT('',(-67.35424868893,-70.,-55.5));
#8799 = VECTOR('',#8800,1.);
#8800 = DIRECTION('',(0.,0.,1.));
#8801 = ORIENTED_EDGE('',*,*,#8802,.F.);
#8802 = EDGE_CURVE('',#8769,#8795,#8803,.T.);
#8803 = CIRCLE('',#8804,4.);
#8804 = AXIS2_PLACEMENT_3D('',#8805,#8806,#8807);
#8805 = CARTESIAN_POINT('',(-70.,-67.,-50.));
#8806 = DIRECTION('',(0.,0.,1.));
#8807 = DIRECTION('',(1.,0.,0.));
#8808 = CYLINDRICAL_SURFACE('',#8809,4.);
#8809 = AXIS2_PLACEMENT_3D('',#8810,#8811,#8812);
#8810 = CARTESIAN_POINT('',(-70.,-67.,-55.5));
#8811 = DIRECTION('',(0.,0.,1.));
#8812 = DIRECTION('',(1.,0.,0.));
#8813 = ADVANCED_FACE('',(#8814),#8832,.T.);
#8814 = FACE_BOUND('',#8815,.T.);
#8815 = EDGE_LOOP('',(#8816,#8824,#8825,#8826));
#8816 = ORIENTED_EDGE('',*,*,#8817,.F.);
#8817 = EDGE_CURVE('',#8291,#8818,#8820,.T.);
#8818 = VERTEX_POINT('',#8819);
#8819 = CARTESIAN_POINT('',(-37.64575131106,-70.,-50.));
#8820 = LINE('',#8821,#8822);
#8821 = CARTESIAN_POINT('',(-37.64575131106,-70.,-55.5));
#8822 = VECTOR('',#8823,1.);
#8823 = DIRECTION('',(0.,0.,1.));
#8824 = ORIENTED_EDGE('',*,*,#8299,.T.);
#8825 = ORIENTED_EDGE('',*,*,#8794,.T.);
#8826 = ORIENTED_EDGE('',*,*,#8827,.F.);
#8827 = EDGE_CURVE('',#8818,#8795,#8828,.T.);
#8828 = LINE('',#8829,#8830);
#8829 = CARTESIAN_POINT('',(-89.5,-70.,-50.));
#8830 = VECTOR('',#8831,1.);
#8831 = DIRECTION('',(-1.,0.,0.));
#8832 = PLANE('',#8833);
#8833 = AXIS2_PLACEMENT_3D('',#8834,#8835,#8836);
#8834 = CARTESIAN_POINT('',(-79.,-70.,-56.));
#8835 = DIRECTION('',(0.,1.,0.));
#8836 = DIRECTION('',(0.,0.,1.));
#8837 = ADVANCED_FACE('',(#8838),#8857,.F.);
#8838 = FACE_BOUND('',#8839,.F.);
#8839 = EDGE_LOOP('',(#8840,#8841,#8842,#8850));
#8840 = ORIENTED_EDGE('',*,*,#8817,.F.);
#8841 = ORIENTED_EDGE('',*,*,#8290,.T.);
#8842 = ORIENTED_EDGE('',*,*,#8843,.T.);
#8843 = EDGE_CURVE('',#8283,#8844,#8846,.T.);
#8844 = VERTEX_POINT('',#8845);
#8845 = CARTESIAN_POINT('',(-32.35424868893,-70.,-50.));
#8846 = LINE('',#8847,#8848);
#8847 = CARTESIAN_POINT('',(-32.35424868893,-70.,-55.5));
#8848 = VECTOR('',#8849,1.);
#8849 = DIRECTION('',(0.,0.,1.));
#8850 = ORIENTED_EDGE('',*,*,#8851,.F.);
#8851 = EDGE_CURVE('',#8818,#8844,#8852,.T.);
#8852 = CIRCLE('',#8853,4.);
#8853 = AXIS2_PLACEMENT_3D('',#8854,#8855,#8856);
#8854 = CARTESIAN_POINT('',(-35.,-67.,-50.));
#8855 = DIRECTION('',(0.,0.,1.));
#8856 = DIRECTION('',(1.,0.,0.));
#8857 = CYLINDRICAL_SURFACE('',#8858,4.);
#8858 = AXIS2_PLACEMENT_3D('',#8859,#8860,#8861);
#8859 = CARTESIAN_POINT('',(-35.,-67.,-55.5));
#8860 = DIRECTION('',(0.,0.,1.));
#8861 = DIRECTION('',(1.,0.,0.));
#8862 = ADVANCED_FACE('',(#8863),#8881,.T.);
#8863 = FACE_BOUND('',#8864,.T.);
#8864 = EDGE_LOOP('',(#8865,#8873,#8879,#8880));
#8865 = ORIENTED_EDGE('',*,*,#8866,.F.);
#8866 = EDGE_CURVE('',#8867,#8844,#8869,.T.);
#8867 = VERTEX_POINT('',#8868);
#8868 = CARTESIAN_POINT('',(-24.3,-70.,-50.));
#8869 = LINE('',#8870,#8871);
#8870 = CARTESIAN_POINT('',(-89.5,-70.,-50.));
#8871 = VECTOR('',#8872,1.);
#8872 = DIRECTION('',(-1.,0.,0.));
#8873 = ORIENTED_EDGE('',*,*,#8874,.T.);
#8874 = EDGE_CURVE('',#8867,#8275,#8875,.T.);
#8875 = LINE('',#8876,#8877);
#8876 = CARTESIAN_POINT('',(-24.3,-70.,-55.6));
#8877 = VECTOR('',#8878,1.);
#8878 = DIRECTION('',(0.,0.,-1.));
#8879 = ORIENTED_EDGE('',*,*,#8282,.T.);
#8880 = ORIENTED_EDGE('',*,*,#8843,.T.);
#8881 = PLANE('',#8882);
#8882 = AXIS2_PLACEMENT_3D('',#8883,#8884,#8885);
#8883 = CARTESIAN_POINT('',(-79.,-70.,-56.));
#8884 = DIRECTION('',(0.,1.,0.));
#8885 = DIRECTION('',(0.,0.,1.));
#8886 = ADVANCED_FACE('',(#8887),#8930,.T.);
#8887 = FACE_BOUND('',#8888,.T.);
#8888 = EDGE_LOOP('',(#8889,#8899,#8906,#8907,#8908,#8916,#8924));
#8889 = ORIENTED_EDGE('',*,*,#8890,.T.);
#8890 = EDGE_CURVE('',#8891,#8893,#8895,.T.);
#8891 = VERTEX_POINT('',#8892);
#8892 = CARTESIAN_POINT('',(-24.3,-79.5,-26.83188401883));
#8893 = VERTEX_POINT('',#8894);
#8894 = CARTESIAN_POINT('',(-24.3,-79.5,-54.33012701892));
#8895 = LINE('',#8896,#8897);
#8896 = CARTESIAN_POINT('',(-24.3,-79.5,-56.1));
#8897 = VECTOR('',#8898,1.);
#8898 = DIRECTION('',(0.,0.,-1.));
#8899 = ORIENTED_EDGE('',*,*,#8900,.T.);
#8900 = EDGE_CURVE('',#8893,#8267,#8901,.T.);
#8901 = CIRCLE('',#8902,5.);
#8902 = AXIS2_PLACEMENT_3D('',#8903,#8904,#8905);
#8903 = CARTESIAN_POINT('',(-24.3,-77.,-50.));
#8904 = DIRECTION('',(1.,0.,0.));
#8905 = DIRECTION('',(0.,-1.,0.));
#8906 = ORIENTED_EDGE('',*,*,#8274,.T.);
#8907 = ORIENTED_EDGE('',*,*,#8874,.F.);
#8908 = ORIENTED_EDGE('',*,*,#8909,.F.);
#8909 = EDGE_CURVE('',#8910,#8867,#8912,.T.);
#8910 = VERTEX_POINT('',#8911);
#8911 = CARTESIAN_POINT('',(-24.3,-79.,-50.));
#8912 = LINE('',#8913,#8914);
#8913 = CARTESIAN_POINT('',(-24.3,-90.,-50.));
#8914 = VECTOR('',#8915,1.);
#8915 = DIRECTION('',(0.,1.,0.));
#8916 = ORIENTED_EDGE('',*,*,#8917,.F.);
#8917 = EDGE_CURVE('',#8918,#8910,#8920,.T.);
#8918 = VERTEX_POINT('',#8919);
#8919 = CARTESIAN_POINT('',(-24.3,-79.,-26.83188401883));
#8920 = LINE('',#8921,#8922);
#8921 = CARTESIAN_POINT('',(-24.3,-79.,-56.1));
#8922 = VECTOR('',#8923,1.);
#8923 = DIRECTION('',(0.,0.,-1.));
#8924 = ORIENTED_EDGE('',*,*,#8925,.T.);
#8925 = EDGE_CURVE('',#8918,#8891,#8926,.T.);
#8926 = LINE('',#8927,#8928);
#8927 = CARTESIAN_POINT('',(-24.3,-60.,-26.83188401883));
#8928 = VECTOR('',#8929,1.);
#8929 = DIRECTION('',(0.,-1.,0.));
#8930 = PLANE('',#8931);
#8931 = AXIS2_PLACEMENT_3D('',#8932,#8933,#8934);
#8932 = CARTESIAN_POINT('',(-24.3,-90.,-55.2));
#8933 = DIRECTION('',(1.,0.,0.));
#8934 = DIRECTION('',(0.,0.,1.));
#8935 = ADVANCED_FACE('',(#8936),#8981,.T.);
#8936 = FACE_BOUND('',#8937,.T.);
#8937 = EDGE_LOOP('',(#8938,#8947,#8948,#8949,#8957,#8966,#8974));
#8938 = ORIENTED_EDGE('',*,*,#8939,.F.);
#8939 = EDGE_CURVE('',#8257,#8940,#8942,.T.);
#8940 = VERTEX_POINT('',#8941);
#8941 = CARTESIAN_POINT('',(-89.,-79.,-54.58257569495));
#8942 = CIRCLE('',#8943,5.);
#8943 = AXIS2_PLACEMENT_3D('',#8944,#8945,#8946);
#8944 = CARTESIAN_POINT('',(-89.,-77.,-50.));
#8945 = DIRECTION('',(-1.,6.E-17,0.));
#8946 = DIRECTION('',(-6.E-17,-1.,0.));
#8947 = ORIENTED_EDGE('',*,*,#8266,.T.);
#8948 = ORIENTED_EDGE('',*,*,#8900,.F.);
#8949 = ORIENTED_EDGE('',*,*,#8950,.T.);
#8950 = EDGE_CURVE('',#8893,#8951,#8953,.T.);
#8951 = VERTEX_POINT('',#8952);
#8952 = CARTESIAN_POINT('',(-20.,-79.5,-54.33012701892));
#8953 = LINE('',#8954,#8955);
#8954 = CARTESIAN_POINT('',(-94.,-79.5,-54.33012701892));
#8955 = VECTOR('',#8956,1.);
#8956 = DIRECTION('',(1.,0.,0.));
#8957 = ORIENTED_EDGE('',*,*,#8958,.F.);
#8958 = EDGE_CURVE('',#8959,#8951,#8961,.T.);
#8959 = VERTEX_POINT('',#8960);
#8960 = CARTESIAN_POINT('',(-20.,-82.,-50.));
#8961 = CIRCLE('',#8962,5.);
#8962 = AXIS2_PLACEMENT_3D('',#8963,#8964,#8965);
#8963 = CARTESIAN_POINT('',(-20.,-77.,-50.));
#8964 = DIRECTION('',(1.,0.,0.));
#8965 = DIRECTION('',(0.,-1.,0.));
#8966 = ORIENTED_EDGE('',*,*,#8967,.F.);
#8967 = EDGE_CURVE('',#8968,#8959,#8970,.T.);
#8968 = VERTEX_POINT('',#8969);
#8969 = CARTESIAN_POINT('',(-89.,-82.,-50.));
#8970 = LINE('',#8971,#8972);
#8971 = CARTESIAN_POINT('',(-94.,-82.,-50.));
#8972 = VECTOR('',#8973,1.);
#8973 = DIRECTION('',(1.,0.,0.));
#8974 = ORIENTED_EDGE('',*,*,#8975,.F.);
#8975 = EDGE_CURVE('',#8940,#8968,#8976,.T.);
#8976 = CIRCLE('',#8977,5.);
#8977 = AXIS2_PLACEMENT_3D('',#8978,#8979,#8980);
#8978 = CARTESIAN_POINT('',(-89.,-77.,-50.));
#8979 = DIRECTION('',(-1.,6.E-17,0.));
#8980 = DIRECTION('',(-6.E-17,-1.,0.));
#8981 = CYLINDRICAL_SURFACE('',#8982,5.);
#8982 = AXIS2_PLACEMENT_3D('',#8983,#8984,#8985);
#8983 = CARTESIAN_POINT('',(-94.,-77.,-50.));
#8984 = DIRECTION('',(1.,0.,0.));
#8985 = DIRECTION('',(0.,-1.,0.));
#8986 = ADVANCED_FACE('',(#8987),#8998,.T.);
#8987 = FACE_BOUND('',#8988,.T.);
#8988 = EDGE_LOOP('',(#8989,#8990,#8991));
#8989 = ORIENTED_EDGE('',*,*,#8415,.F.);
#8990 = ORIENTED_EDGE('',*,*,#8939,.T.);
#8991 = ORIENTED_EDGE('',*,*,#8992,.F.);
#8992 = EDGE_CURVE('',#8416,#8940,#8993,.T.);
#8993 = CIRCLE('',#8994,2.);
#8994 = AXIS2_PLACEMENT_3D('',#8995,#8996,#8997);
#8995 = CARTESIAN_POINT('',(-89.,-77.,-54.58257569495));
#8996 = DIRECTION('',(-0.,0.,1.));
#8997 = DIRECTION('',(0.,-1.,0.));
#8998 = SPHERICAL_SURFACE('',#8999,5.);
#8999 = AXIS2_PLACEMENT_3D('',#9000,#9001,#9002);
#9000 = CARTESIAN_POINT('',(-89.,-77.,-50.));
#9001 = DIRECTION('',(0.,0.,1.));
#9002 = DIRECTION('',(-1.,0.,0.));
#9003 = ADVANCED_FACE('',(#9004),#9016,.T.);
#9004 = FACE_BOUND('',#9005,.T.);
#9005 = EDGE_LOOP('',(#9006,#9007,#9008,#9009));
#9006 = ORIENTED_EDGE('',*,*,#8424,.F.);
#9007 = ORIENTED_EDGE('',*,*,#8992,.T.);
#9008 = ORIENTED_EDGE('',*,*,#8975,.T.);
#9009 = ORIENTED_EDGE('',*,*,#9010,.F.);
#9010 = EDGE_CURVE('',#8425,#8968,#9011,.T.);
#9011 = CIRCLE('',#9012,5.);
#9012 = AXIS2_PLACEMENT_3D('',#9013,#9014,#9015);
#9013 = CARTESIAN_POINT('',(-89.,-77.,-50.));
#9014 = DIRECTION('',(0.,0.,1.));
#9015 = DIRECTION('',(-1.,0.,0.));
#9016 = SPHERICAL_SURFACE('',#9017,5.);
#9017 = AXIS2_PLACEMENT_3D('',#9018,#9019,#9020);
#9018 = CARTESIAN_POINT('',(-89.,-77.,-50.));
#9019 = DIRECTION('',(0.,0.,1.));
#9020 = DIRECTION('',(-1.,0.,0.));
#9021 = ADVANCED_FACE('',(#9022,#9047,#9058,#9069,#9080,#9150,#9220,
    #9290,#9360),#9371,.F.);
#9022 = FACE_BOUND('',#9023,.F.);
#9023 = EDGE_LOOP('',(#9024,#9032,#9033,#9041));
#9024 = ORIENTED_EDGE('',*,*,#9025,.F.);
#9025 = EDGE_CURVE('',#8425,#9026,#9028,.T.);
#9026 = VERTEX_POINT('',#9027);
#9027 = CARTESIAN_POINT('',(-94.,-77.,95.));
#9028 = LINE('',#9029,#9030);
#9029 = CARTESIAN_POINT('',(-94.,-77.,-55.));
#9030 = VECTOR('',#9031,1.);
#9031 = DIRECTION('',(0.,0.,1.));
#9032 = ORIENTED_EDGE('',*,*,#8433,.T.);
#9033 = ORIENTED_EDGE('',*,*,#9034,.T.);
#9034 = EDGE_CURVE('',#8434,#9035,#9037,.T.);
#9035 = VERTEX_POINT('',#9036);
#9036 = CARTESIAN_POINT('',(-94.,77.,95.));
#9037 = LINE('',#9038,#9039);
#9038 = CARTESIAN_POINT('',(-94.,77.,-55.));
#9039 = VECTOR('',#9040,1.);
#9040 = DIRECTION('',(0.,0.,1.));
#9041 = ORIENTED_EDGE('',*,*,#9042,.F.);
#9042 = EDGE_CURVE('',#9026,#9035,#9043,.T.);
#9043 = LINE('',#9044,#9045);
#9044 = CARTESIAN_POINT('',(-94.,-82.,95.));
#9045 = VECTOR('',#9046,1.);
#9046 = DIRECTION('',(0.,1.,0.));
#9047 = FACE_BOUND('',#9048,.F.);
#9048 = EDGE_LOOP('',(#9049));
#9049 = ORIENTED_EDGE('',*,*,#9050,.F.);
#9050 = EDGE_CURVE('',#9051,#9051,#9053,.T.);
#9051 = VERTEX_POINT('',#9052);
#9052 = CARTESIAN_POINT('',(-94.,62.,-36.8));
#9053 = CIRCLE('',#9054,3.2);
#9054 = AXIS2_PLACEMENT_3D('',#9055,#9056,#9057);
#9055 = CARTESIAN_POINT('',(-94.,62.,-40.));
#9056 = DIRECTION('',(1.,0.,-0.));
#9057 = DIRECTION('',(0.,0.,1.));
#9058 = FACE_BOUND('',#9059,.F.);
#9059 = EDGE_LOOP('',(#9060));
#9060 = ORIENTED_EDGE('',*,*,#9061,.F.);
#9061 = EDGE_CURVE('',#9062,#9062,#9064,.T.);
#9062 = VERTEX_POINT('',#9063);
#9063 = CARTESIAN_POINT('',(-94.,62.,44.2));
#9064 = CIRCLE('',#9065,3.2);
#9065 = AXIS2_PLACEMENT_3D('',#9066,#9067,#9068);
#9066 = CARTESIAN_POINT('',(-94.,62.,41.));
#9067 = DIRECTION('',(1.,0.,-0.));
#9068 = DIRECTION('',(0.,0.,1.));
#9069 = FACE_BOUND('',#9070,.F.);
#9070 = EDGE_LOOP('',(#9071));
#9071 = ORIENTED_EDGE('',*,*,#9072,.F.);
#9072 = EDGE_CURVE('',#9073,#9073,#9075,.T.);
#9073 = VERTEX_POINT('',#9074);
#9074 = CARTESIAN_POINT('',(-94.,-62.,-36.8));
#9075 = CIRCLE('',#9076,3.2);
#9076 = AXIS2_PLACEMENT_3D('',#9077,#9078,#9079);
#9077 = CARTESIAN_POINT('',(-94.,-62.,-40.));
#9078 = DIRECTION('',(1.,0.,-0.));
#9079 = DIRECTION('',(0.,0.,1.));
#9080 = FACE_BOUND('',#9081,.F.);
#9081 = EDGE_LOOP('',(#9082,#9093,#9101,#9110,#9118,#9127,#9135,#9144));
#9082 = ORIENTED_EDGE('',*,*,#9083,.F.);
#9083 = EDGE_CURVE('',#9084,#9086,#9088,.T.);
#9084 = VERTEX_POINT('',#9085);
#9085 = CARTESIAN_POINT('',(-94.,-47.2,57.));
#9086 = VERTEX_POINT('',#9087);
#9087 = CARTESIAN_POINT('',(-94.,-49.,55.2));
#9088 = CIRCLE('',#9089,1.8);
#9089 = AXIS2_PLACEMENT_3D('',#9090,#9091,#9092);
#9090 = CARTESIAN_POINT('',(-94.,-47.2,55.2));
#9091 = DIRECTION('',(1.,-0.,1.1E-16));
#9092 = DIRECTION('',(1.1E-16,0.,-1.));
#9093 = ORIENTED_EDGE('',*,*,#9094,.T.);
#9094 = EDGE_CURVE('',#9084,#9095,#9097,.T.);
#9095 = VERTEX_POINT('',#9096);
#9096 = CARTESIAN_POINT('',(-94.,47.2,57.));
#9097 = LINE('',#9098,#9099);
#9098 = CARTESIAN_POINT('',(-94.,-64.6,57.));
#9099 = VECTOR('',#9100,1.);
#9100 = DIRECTION('',(0.,1.,0.));
#9101 = ORIENTED_EDGE('',*,*,#9102,.F.);
#9102 = EDGE_CURVE('',#9103,#9095,#9105,.T.);
#9103 = VERTEX_POINT('',#9104);
#9104 = CARTESIAN_POINT('',(-94.,49.,55.2));
#9105 = CIRCLE('',#9106,1.8);
#9106 = AXIS2_PLACEMENT_3D('',#9107,#9108,#9109);
#9107 = CARTESIAN_POINT('',(-94.,47.2,55.2));
#9108 = DIRECTION('',(1.,-0.,1.1E-16));
#9109 = DIRECTION('',(1.1E-16,0.,-1.));
#9110 = ORIENTED_EDGE('',*,*,#9111,.F.);
#9111 = EDGE_CURVE('',#9112,#9103,#9114,.T.);
#9112 = VERTEX_POINT('',#9113);
#9113 = CARTESIAN_POINT('',(-94.,49.,54.8));
#9114 = LINE('',#9115,#9116);
#9115 = CARTESIAN_POINT('',(-94.,49.,0.1));
#9116 = VECTOR('',#9117,1.);
#9117 = DIRECTION('',(0.,0.,1.));
#9118 = ORIENTED_EDGE('',*,*,#9119,.F.);
#9119 = EDGE_CURVE('',#9120,#9112,#9122,.T.);
#9120 = VERTEX_POINT('',#9121);
#9121 = CARTESIAN_POINT('',(-94.,47.2,53.));
#9122 = CIRCLE('',#9123,1.8);
#9123 = AXIS2_PLACEMENT_3D('',#9124,#9125,#9126);
#9124 = CARTESIAN_POINT('',(-94.,47.2,54.8));
#9125 = DIRECTION('',(1.,-0.,1.1E-16));
#9126 = DIRECTION('',(1.1E-16,0.,-1.));
#9127 = ORIENTED_EDGE('',*,*,#9128,.F.);
#9128 = EDGE_CURVE('',#9129,#9120,#9131,.T.);
#9129 = VERTEX_POINT('',#9130);
#9130 = CARTESIAN_POINT('',(-94.,-47.2,53.));
#9131 = LINE('',#9132,#9133);
#9132 = CARTESIAN_POINT('',(-94.,-64.6,53.));
#9133 = VECTOR('',#9134,1.);
#9134 = DIRECTION('',(0.,1.,0.));
#9135 = ORIENTED_EDGE('',*,*,#9136,.F.);
#9136 = EDGE_CURVE('',#9137,#9129,#9139,.T.);
#9137 = VERTEX_POINT('',#9138);
#9138 = CARTESIAN_POINT('',(-94.,-49.,54.8));
#9139 = CIRCLE('',#9140,1.8);
#9140 = AXIS2_PLACEMENT_3D('',#9141,#9142,#9143);
#9141 = CARTESIAN_POINT('',(-94.,-47.2,54.8));
#9142 = DIRECTION('',(1.,-0.,1.1E-16));
#9143 = DIRECTION('',(1.1E-16,0.,-1.));
#9144 = ORIENTED_EDGE('',*,*,#9145,.T.);
#9145 = EDGE_CURVE('',#9137,#9086,#9146,.T.);
#9146 = LINE('',#9147,#9148);
#9147 = CARTESIAN_POINT('',(-94.,-49.,0.1));
#9148 = VECTOR('',#9149,1.);
#9149 = DIRECTION('',(0.,0.,1.));
#9150 = FACE_BOUND('',#9151,.F.);
#9151 = EDGE_LOOP('',(#9152,#9163,#9171,#9180,#9188,#9197,#9205,#9214));
#9152 = ORIENTED_EDGE('',*,*,#9153,.F.);
#9153 = EDGE_CURVE('',#9154,#9156,#9158,.T.);
#9154 = VERTEX_POINT('',#9155);
#9155 = CARTESIAN_POINT('',(-94.,-47.2,66.));
#9156 = VERTEX_POINT('',#9157);
#9157 = CARTESIAN_POINT('',(-94.,-49.,64.2));
#9158 = CIRCLE('',#9159,1.8);
#9159 = AXIS2_PLACEMENT_3D('',#9160,#9161,#9162);
#9160 = CARTESIAN_POINT('',(-94.,-47.2,64.2));
#9161 = DIRECTION('',(1.,-0.,1.1E-16));
#9162 = DIRECTION('',(1.1E-16,0.,-1.));
#9163 = ORIENTED_EDGE('',*,*,#9164,.T.);
#9164 = EDGE_CURVE('',#9154,#9165,#9167,.T.);
#9165 = VERTEX_POINT('',#9166);
#9166 = CARTESIAN_POINT('',(-94.,47.2,66.));
#9167 = LINE('',#9168,#9169);
#9168 = CARTESIAN_POINT('',(-94.,-64.6,66.));
#9169 = VECTOR('',#9170,1.);
#9170 = DIRECTION('',(0.,1.,0.));
#9171 = ORIENTED_EDGE('',*,*,#9172,.F.);
#9172 = EDGE_CURVE('',#9173,#9165,#9175,.T.);
#9173 = VERTEX_POINT('',#9174);
#9174 = CARTESIAN_POINT('',(-94.,49.,64.2));
#9175 = CIRCLE('',#9176,1.8);
#9176 = AXIS2_PLACEMENT_3D('',#9177,#9178,#9179);
#9177 = CARTESIAN_POINT('',(-94.,47.2,64.2));
#9178 = DIRECTION('',(1.,-0.,1.1E-16));
#9179 = DIRECTION('',(1.1E-16,0.,-1.));
#9180 = ORIENTED_EDGE('',*,*,#9181,.F.);
#9181 = EDGE_CURVE('',#9182,#9173,#9184,.T.);
#9182 = VERTEX_POINT('',#9183);
#9183 = CARTESIAN_POINT('',(-94.,49.,63.8));
#9184 = LINE('',#9185,#9186);
#9185 = CARTESIAN_POINT('',(-94.,49.,4.6));
#9186 = VECTOR('',#9187,1.);
#9187 = DIRECTION('',(0.,0.,1.));
#9188 = ORIENTED_EDGE('',*,*,#9189,.F.);
#9189 = EDGE_CURVE('',#9190,#9182,#9192,.T.);
#9190 = VERTEX_POINT('',#9191);
#9191 = CARTESIAN_POINT('',(-94.,47.2,62.));
#9192 = CIRCLE('',#9193,1.8);
#9193 = AXIS2_PLACEMENT_3D('',#9194,#9195,#9196);
#9194 = CARTESIAN_POINT('',(-94.,47.2,63.8));
#9195 = DIRECTION('',(1.,-0.,1.1E-16));
#9196 = DIRECTION('',(1.1E-16,0.,-1.));
#9197 = ORIENTED_EDGE('',*,*,#9198,.F.);
#9198 = EDGE_CURVE('',#9199,#9190,#9201,.T.);
#9199 = VERTEX_POINT('',#9200);
#9200 = CARTESIAN_POINT('',(-94.,-47.2,62.));
#9201 = LINE('',#9202,#9203);
#9202 = CARTESIAN_POINT('',(-94.,-64.6,62.));
#9203 = VECTOR('',#9204,1.);
#9204 = DIRECTION('',(0.,1.,0.));
#9205 = ORIENTED_EDGE('',*,*,#9206,.F.);
#9206 = EDGE_CURVE('',#9207,#9199,#9209,.T.);
#9207 = VERTEX_POINT('',#9208);
#9208 = CARTESIAN_POINT('',(-94.,-49.,63.8));
#9209 = CIRCLE('',#9210,1.8);
#9210 = AXIS2_PLACEMENT_3D('',#9211,#9212,#9213);
#9211 = CARTESIAN_POINT('',(-94.,-47.2,63.8));
#9212 = DIRECTION('',(1.,-0.,1.1E-16));
#9213 = DIRECTION('',(1.1E-16,0.,-1.));
#9214 = ORIENTED_EDGE('',*,*,#9215,.T.);
#9215 = EDGE_CURVE('',#9207,#9156,#9216,.T.);
#9216 = LINE('',#9217,#9218);
#9217 = CARTESIAN_POINT('',(-94.,-49.,4.6));
#9218 = VECTOR('',#9219,1.);
#9219 = DIRECTION('',(0.,0.,1.));
#9220 = FACE_BOUND('',#9221,.F.);
#9221 = EDGE_LOOP('',(#9222,#9233,#9241,#9250,#9258,#9267,#9275,#9284));
#9222 = ORIENTED_EDGE('',*,*,#9223,.F.);
#9223 = EDGE_CURVE('',#9224,#9226,#9228,.T.);
#9224 = VERTEX_POINT('',#9225);
#9225 = CARTESIAN_POINT('',(-94.,-47.2,75.));
#9226 = VERTEX_POINT('',#9227);
#9227 = CARTESIAN_POINT('',(-94.,-49.,73.2));
#9228 = CIRCLE('',#9229,1.8);
#9229 = AXIS2_PLACEMENT_3D('',#9230,#9231,#9232);
#9230 = CARTESIAN_POINT('',(-94.,-47.2,73.2));
#9231 = DIRECTION('',(1.,-0.,1.1E-16));
#9232 = DIRECTION('',(1.1E-16,0.,-1.));
#9233 = ORIENTED_EDGE('',*,*,#9234,.T.);
#9234 = EDGE_CURVE('',#9224,#9235,#9237,.T.);
#9235 = VERTEX_POINT('',#9236);
#9236 = CARTESIAN_POINT('',(-94.,47.2,75.));
#9237 = LINE('',#9238,#9239);
#9238 = CARTESIAN_POINT('',(-94.,-64.6,75.));
#9239 = VECTOR('',#9240,1.);
#9240 = DIRECTION('',(0.,1.,0.));
#9241 = ORIENTED_EDGE('',*,*,#9242,.F.);
#9242 = EDGE_CURVE('',#9243,#9235,#9245,.T.);
#9243 = VERTEX_POINT('',#9244);
#9244 = CARTESIAN_POINT('',(-94.,49.,73.2));
#9245 = CIRCLE('',#9246,1.8);
#9246 = AXIS2_PLACEMENT_3D('',#9247,#9248,#9249);
#9247 = CARTESIAN_POINT('',(-94.,47.2,73.2));
#9248 = DIRECTION('',(1.,-0.,1.1E-16));
#9249 = DIRECTION('',(1.1E-16,0.,-1.));
#9250 = ORIENTED_EDGE('',*,*,#9251,.F.);
#9251 = EDGE_CURVE('',#9252,#9243,#9254,.T.);
#9252 = VERTEX_POINT('',#9253);
#9253 = CARTESIAN_POINT('',(-94.,49.,72.8));
#9254 = LINE('',#9255,#9256);
#9255 = CARTESIAN_POINT('',(-94.,49.,9.1));
#9256 = VECTOR('',#9257,1.);
#9257 = DIRECTION('',(0.,0.,1.));
#9258 = ORIENTED_EDGE('',*,*,#9259,.F.);
#9259 = EDGE_CURVE('',#9260,#9252,#9262,.T.);
#9260 = VERTEX_POINT('',#9261);
#9261 = CARTESIAN_POINT('',(-94.,47.2,71.));
#9262 = CIRCLE('',#9263,1.8);
#9263 = AXIS2_PLACEMENT_3D('',#9264,#9265,#9266);
#9264 = CARTESIAN_POINT('',(-94.,47.2,72.8));
#9265 = DIRECTION('',(1.,-0.,1.1E-16));
#9266 = DIRECTION('',(1.1E-16,0.,-1.));
#9267 = ORIENTED_EDGE('',*,*,#9268,.F.);
#9268 = EDGE_CURVE('',#9269,#9260,#9271,.T.);
#9269 = VERTEX_POINT('',#9270);
#9270 = CARTESIAN_POINT('',(-94.,-47.2,71.));
#9271 = LINE('',#9272,#9273);
#9272 = CARTESIAN_POINT('',(-94.,-64.6,71.));
#9273 = VECTOR('',#9274,1.);
#9274 = DIRECTION('',(0.,1.,0.));
#9275 = ORIENTED_EDGE('',*,*,#9276,.F.);
#9276 = EDGE_CURVE('',#9277,#9269,#9279,.T.);
#9277 = VERTEX_POINT('',#9278);
#9278 = CARTESIAN_POINT('',(-94.,-49.,72.8));
#9279 = CIRCLE('',#9280,1.8);
#9280 = AXIS2_PLACEMENT_3D('',#9281,#9282,#9283);
#9281 = CARTESIAN_POINT('',(-94.,-47.2,72.8));
#9282 = DIRECTION('',(1.,-0.,1.1E-16));
#9283 = DIRECTION('',(1.1E-16,0.,-1.));
#9284 = ORIENTED_EDGE('',*,*,#9285,.T.);
#9285 = EDGE_CURVE('',#9277,#9226,#9286,.T.);
#9286 = LINE('',#9287,#9288);
#9287 = CARTESIAN_POINT('',(-94.,-49.,9.1));
#9288 = VECTOR('',#9289,1.);
#9289 = DIRECTION('',(0.,0.,1.));
#9290 = FACE_BOUND('',#9291,.F.);
#9291 = EDGE_LOOP('',(#9292,#9303,#9311,#9320,#9328,#9337,#9345,#9354));
#9292 = ORIENTED_EDGE('',*,*,#9293,.F.);
#9293 = EDGE_CURVE('',#9294,#9296,#9298,.T.);
#9294 = VERTEX_POINT('',#9295);
#9295 = CARTESIAN_POINT('',(-94.,-47.2,84.));
#9296 = VERTEX_POINT('',#9297);
#9297 = CARTESIAN_POINT('',(-94.,-49.,82.2));
#9298 = CIRCLE('',#9299,1.8);
#9299 = AXIS2_PLACEMENT_3D('',#9300,#9301,#9302);
#9300 = CARTESIAN_POINT('',(-94.,-47.2,82.2));
#9301 = DIRECTION('',(1.,-0.,1.1E-16));
#9302 = DIRECTION('',(1.1E-16,0.,-1.));
#9303 = ORIENTED_EDGE('',*,*,#9304,.T.);
#9304 = EDGE_CURVE('',#9294,#9305,#9307,.T.);
#9305 = VERTEX_POINT('',#9306);
#9306 = CARTESIAN_POINT('',(-94.,47.2,84.));
#9307 = LINE('',#9308,#9309);
#9308 = CARTESIAN_POINT('',(-94.,-64.6,84.));
#9309 = VECTOR('',#9310,1.);
#9310 = DIRECTION('',(0.,1.,0.));
#9311 = ORIENTED_EDGE('',*,*,#9312,.F.);
#9312 = EDGE_CURVE('',#9313,#9305,#9315,.T.);
#9313 = VERTEX_POINT('',#9314);
#9314 = CARTESIAN_POINT('',(-94.,49.,82.2));
#9315 = CIRCLE('',#9316,1.8);
#9316 = AXIS2_PLACEMENT_3D('',#9317,#9318,#9319);
#9317 = CARTESIAN_POINT('',(-94.,47.2,82.2));
#9318 = DIRECTION('',(1.,-0.,1.1E-16));
#9319 = DIRECTION('',(1.1E-16,0.,-1.));
#9320 = ORIENTED_EDGE('',*,*,#9321,.F.);
#9321 = EDGE_CURVE('',#9322,#9313,#9324,.T.);
#9322 = VERTEX_POINT('',#9323);
#9323 = CARTESIAN_POINT('',(-94.,49.,81.8));
#9324 = LINE('',#9325,#9326);
#9325 = CARTESIAN_POINT('',(-94.,49.,13.6));
#9326 = VECTOR('',#9327,1.);
#9327 = DIRECTION('',(0.,0.,1.));
#9328 = ORIENTED_EDGE('',*,*,#9329,.F.);
#9329 = EDGE_CURVE('',#9330,#9322,#9332,.T.);
#9330 = VERTEX_POINT('',#9331);
#9331 = CARTESIAN_POINT('',(-94.,47.2,80.));
#9332 = CIRCLE('',#9333,1.8);
#9333 = AXIS2_PLACEMENT_3D('',#9334,#9335,#9336);
#9334 = CARTESIAN_POINT('',(-94.,47.2,81.8));
#9335 = DIRECTION('',(1.,-0.,1.1E-16));
#9336 = DIRECTION('',(1.1E-16,0.,-1.));
#9337 = ORIENTED_EDGE('',*,*,#9338,.F.);
#9338 = EDGE_CURVE('',#9339,#9330,#9341,.T.);
#9339 = VERTEX_POINT('',#9340);
#9340 = CARTESIAN_POINT('',(-94.,-47.2,80.));
#9341 = LINE('',#9342,#9343);
#9342 = CARTESIAN_POINT('',(-94.,-64.6,80.));
#9343 = VECTOR('',#9344,1.);
#9344 = DIRECTION('',(0.,1.,0.));
#9345 = ORIENTED_EDGE('',*,*,#9346,.F.);
#9346 = EDGE_CURVE('',#9347,#9339,#9349,.T.);
#9347 = VERTEX_POINT('',#9348);
#9348 = CARTESIAN_POINT('',(-94.,-49.,81.8));
#9349 = CIRCLE('',#9350,1.8);
#9350 = AXIS2_PLACEMENT_3D('',#9351,#9352,#9353);
#9351 = CARTESIAN_POINT('',(-94.,-47.2,81.8));
#9352 = DIRECTION('',(1.,-0.,1.1E-16));
#9353 = DIRECTION('',(1.1E-16,0.,-1.));
#9354 = ORIENTED_EDGE('',*,*,#9355,.T.);
#9355 = EDGE_CURVE('',#9347,#9296,#9356,.T.);
#9356 = LINE('',#9357,#9358);
#9357 = CARTESIAN_POINT('',(-94.,-49.,13.6));
#9358 = VECTOR('',#9359,1.);
#9359 = DIRECTION('',(0.,0.,1.));
#9360 = FACE_BOUND('',#9361,.F.);
#9361 = EDGE_LOOP('',(#9362));
#9362 = ORIENTED_EDGE('',*,*,#9363,.F.);
#9363 = EDGE_CURVE('',#9364,#9364,#9366,.T.);
#9364 = VERTEX_POINT('',#9365);
#9365 = CARTESIAN_POINT('',(-94.,-62.,44.2));
#9366 = CIRCLE('',#9367,3.2);
#9367 = AXIS2_PLACEMENT_3D('',#9368,#9369,#9370);
#9368 = CARTESIAN_POINT('',(-94.,-62.,41.));
#9369 = DIRECTION('',(1.,0.,-0.));
#9370 = DIRECTION('',(0.,0.,1.));
#9371 = PLANE('',#9372);
#9372 = AXIS2_PLACEMENT_3D('',#9373,#9374,#9375);
#9373 = CARTESIAN_POINT('',(-94.,-82.,-55.));
#9374 = DIRECTION('',(1.,0.,0.));
#9375 = DIRECTION('',(0.,0.,1.));
#9376 = ADVANCED_FACE('',(#9377),#9395,.T.);
#9377 = FACE_BOUND('',#9378,.F.);
#9378 = EDGE_LOOP('',(#9379,#9380,#9387,#9388));
#9379 = ORIENTED_EDGE('',*,*,#8441,.F.);
#9380 = ORIENTED_EDGE('',*,*,#9381,.F.);
#9381 = EDGE_CURVE('',#8466,#8442,#9382,.T.);
#9382 = CIRCLE('',#9383,2.);
#9383 = AXIS2_PLACEMENT_3D('',#9384,#9385,#9386);
#9384 = CARTESIAN_POINT('',(-89.,77.,-54.58257569495));
#9385 = DIRECTION('',(-0.,0.,1.));
#9386 = DIRECTION('',(0.,-1.,0.));
#9387 = ORIENTED_EDGE('',*,*,#8509,.T.);
#9388 = ORIENTED_EDGE('',*,*,#9389,.F.);
#9389 = EDGE_CURVE('',#8434,#8502,#9390,.T.);
#9390 = CIRCLE('',#9391,5.);
#9391 = AXIS2_PLACEMENT_3D('',#9392,#9393,#9394);
#9392 = CARTESIAN_POINT('',(-89.,77.,-50.));
#9393 = DIRECTION('',(0.,0.,-1.));
#9394 = DIRECTION('',(-1.,0.,0.));
#9395 = SPHERICAL_SURFACE('',#9396,5.);
#9396 = AXIS2_PLACEMENT_3D('',#9397,#9398,#9399);
#9397 = CARTESIAN_POINT('',(-89.,77.,-50.));
#9398 = DIRECTION('',(0.,0.,1.));
#9399 = DIRECTION('',(-1.,0.,0.));
#9400 = ADVANCED_FACE('',(#9401),#9406,.T.);
#9401 = FACE_BOUND('',#9402,.F.);
#9402 = EDGE_LOOP('',(#9403,#9404,#9405));
#9403 = ORIENTED_EDGE('',*,*,#8450,.F.);
#9404 = ORIENTED_EDGE('',*,*,#8465,.T.);
#9405 = ORIENTED_EDGE('',*,*,#9381,.T.);
#9406 = SPHERICAL_SURFACE('',#9407,5.);
#9407 = AXIS2_PLACEMENT_3D('',#9408,#9409,#9410);
#9408 = CARTESIAN_POINT('',(-89.,77.,-50.));
#9409 = DIRECTION('',(0.,0.,1.));
#9410 = DIRECTION('',(-1.,0.,0.));
#9411 = ADVANCED_FACE('',(#9412,#9454,#9465,#9535,#9605),#9675,.T.);
#9412 = FACE_BOUND('',#9413,.T.);
#9413 = EDGE_LOOP('',(#9414,#9415,#9423,#9431,#9439,#9448));
#9414 = ORIENTED_EDGE('',*,*,#8501,.F.);
#9415 = ORIENTED_EDGE('',*,*,#9416,.T.);
#9416 = EDGE_CURVE('',#8502,#9417,#9419,.T.);
#9417 = VERTEX_POINT('',#9418);
#9418 = CARTESIAN_POINT('',(-89.,82.,95.));
#9419 = LINE('',#9420,#9421);
#9420 = CARTESIAN_POINT('',(-89.,82.,-55.));
#9421 = VECTOR('',#9422,1.);
#9422 = DIRECTION('',(0.,0.,1.));
#9423 = ORIENTED_EDGE('',*,*,#9424,.T.);
#9424 = EDGE_CURVE('',#9417,#9425,#9427,.T.);
#9425 = VERTEX_POINT('',#9426);
#9426 = CARTESIAN_POINT('',(-20.,82.,95.));
#9427 = LINE('',#9428,#9429);
#9428 = CARTESIAN_POINT('',(-94.,82.,95.));
#9429 = VECTOR('',#9430,1.);
#9430 = DIRECTION('',(1.,0.,0.));
#9431 = ORIENTED_EDGE('',*,*,#9432,.T.);
#9432 = EDGE_CURVE('',#9425,#9433,#9435,.T.);
#9433 = VERTEX_POINT('',#9434);
#9434 = CARTESIAN_POINT('',(-20.,82.,30.173498305632));
#9435 = LINE('',#9436,#9437);
#9436 = CARTESIAN_POINT('',(-20.,82.,-57.5));
#9437 = VECTOR('',#9438,1.);
#9438 = DIRECTION('',(0.,0.,-1.));
#9439 = ORIENTED_EDGE('',*,*,#9440,.F.);
#9440 = EDGE_CURVE('',#9441,#9433,#9443,.T.);
#9441 = VERTEX_POINT('',#9442);
#9442 = CARTESIAN_POINT('',(-20.,82.,-30.17349830563));
#9443 = CIRCLE('',#9444,36.2);
#9444 = AXIS2_PLACEMENT_3D('',#9445,#9446,#9447);
#9445 = CARTESIAN_POINT('',(0.,82.,0.));
#9446 = DIRECTION('',(0.,1.,0.));
#9447 = DIRECTION('',(0.,0.,1.));
#9448 = ORIENTED_EDGE('',*,*,#9449,.T.);
#9449 = EDGE_CURVE('',#9441,#8493,#9450,.T.);
#9450 = LINE('',#9451,#9452);
#9451 = CARTESIAN_POINT('',(-20.,82.,-57.5));
#9452 = VECTOR('',#9453,1.);
#9453 = DIRECTION('',(0.,0.,-1.));
#9454 = FACE_BOUND('',#9455,.T.);
#9455 = EDGE_LOOP('',(#9456));
#9456 = ORIENTED_EDGE('',*,*,#9457,.F.);
#9457 = EDGE_CURVE('',#9458,#9458,#9460,.T.);
#9458 = VERTEX_POINT('',#9459);
#9459 = CARTESIAN_POINT('',(-45.,82.,43.));
#9460 = CIRCLE('',#9461,8.);
#9461 = AXIS2_PLACEMENT_3D('',#9462,#9463,#9464);
#9462 = CARTESIAN_POINT('',(-45.,82.,35.));
#9463 = DIRECTION('',(0.,1.,0.));
#9464 = DIRECTION('',(0.,0.,1.));
#9465 = FACE_BOUND('',#9466,.T.);
#9466 = EDGE_LOOP('',(#9467,#9477,#9486,#9494,#9503,#9511,#9520,#9528));
#9467 = ORIENTED_EDGE('',*,*,#9468,.T.);
#9468 = EDGE_CURVE('',#9469,#9471,#9473,.T.);
#9469 = VERTEX_POINT('',#9470);
#9470 = CARTESIAN_POINT('',(-78.,82.,57.2));
#9471 = VERTEX_POINT('',#9472);
#9472 = CARTESIAN_POINT('',(-78.,82.,56.8));
#9473 = LINE('',#9474,#9475);
#9474 = CARTESIAN_POINT('',(-78.,82.,0.9));
#9475 = VECTOR('',#9476,1.);
#9476 = DIRECTION('',(0.,0.,-1.));
#9477 = ORIENTED_EDGE('',*,*,#9478,.T.);
#9478 = EDGE_CURVE('',#9471,#9479,#9481,.T.);
#9479 = VERTEX_POINT('',#9480);
#9480 = CARTESIAN_POINT('',(-76.5,82.,55.3));
#9481 = CIRCLE('',#9482,1.5);
#9482 = AXIS2_PLACEMENT_3D('',#9483,#9484,#9485);
#9483 = CARTESIAN_POINT('',(-76.5,82.,56.8));
#9484 = DIRECTION('',(0.,-1.,1.1E-16));
#9485 = DIRECTION('',(1.,0.,0.));
#9486 = ORIENTED_EDGE('',*,*,#9487,.T.);
#9487 = EDGE_CURVE('',#9479,#9488,#9490,.T.);
#9488 = VERTEX_POINT('',#9489);
#9489 = CARTESIAN_POINT('',(-33.5,82.,55.3));
#9490 = LINE('',#9491,#9492);
#9491 = CARTESIAN_POINT('',(-85.25,82.,55.3));
#9492 = VECTOR('',#9493,1.);
#9493 = DIRECTION('',(1.,0.,0.));
#9494 = ORIENTED_EDGE('',*,*,#9495,.T.);
#9495 = EDGE_CURVE('',#9488,#9496,#9498,.T.);
#9496 = VERTEX_POINT('',#9497);
#9497 = CARTESIAN_POINT('',(-32.,82.,56.8));
#9498 = CIRCLE('',#9499,1.5);
#9499 = AXIS2_PLACEMENT_3D('',#9500,#9501,#9502);
#9500 = CARTESIAN_POINT('',(-33.5,82.,56.8));
#9501 = DIRECTION('',(0.,-1.,1.1E-16));
#9502 = DIRECTION('',(1.,0.,0.));
#9503 = ORIENTED_EDGE('',*,*,#9504,.F.);
#9504 = EDGE_CURVE('',#9505,#9496,#9507,.T.);
#9505 = VERTEX_POINT('',#9506);
#9506 = CARTESIAN_POINT('',(-32.,82.,57.2));
#9507 = LINE('',#9508,#9509);
#9508 = CARTESIAN_POINT('',(-32.,82.,0.9));
#9509 = VECTOR('',#9510,1.);
#9510 = DIRECTION('',(0.,0.,-1.));
#9511 = ORIENTED_EDGE('',*,*,#9512,.T.);
#9512 = EDGE_CURVE('',#9505,#9513,#9515,.T.);
#9513 = VERTEX_POINT('',#9514);
#9514 = CARTESIAN_POINT('',(-33.5,82.,58.7));
#9515 = CIRCLE('',#9516,1.5);
#9516 = AXIS2_PLACEMENT_3D('',#9517,#9518,#9519);
#9517 = CARTESIAN_POINT('',(-33.5,82.,57.2));
#9518 = DIRECTION('',(0.,-1.,1.1E-16));
#9519 = DIRECTION('',(1.,0.,0.));
#9520 = ORIENTED_EDGE('',*,*,#9521,.F.);
#9521 = EDGE_CURVE('',#9522,#9513,#9524,.T.);
#9522 = VERTEX_POINT('',#9523);
#9523 = CARTESIAN_POINT('',(-76.5,82.,58.7));
#9524 = LINE('',#9525,#9526);
#9525 = CARTESIAN_POINT('',(-85.25,82.,58.7));
#9526 = VECTOR('',#9527,1.);
#9527 = DIRECTION('',(1.,0.,0.));
#9528 = ORIENTED_EDGE('',*,*,#9529,.T.);
#9529 = EDGE_CURVE('',#9522,#9469,#9530,.T.);
#9530 = CIRCLE('',#9531,1.5);
#9531 = AXIS2_PLACEMENT_3D('',#9532,#9533,#9534);
#9532 = CARTESIAN_POINT('',(-76.5,82.,57.2));
#9533 = DIRECTION('',(0.,-1.,1.1E-16));
#9534 = DIRECTION('',(1.,0.,0.));
#9535 = FACE_BOUND('',#9536,.T.);
#9536 = EDGE_LOOP('',(#9537,#9547,#9556,#9564,#9573,#9581,#9590,#9598));
#9537 = ORIENTED_EDGE('',*,*,#9538,.T.);
#9538 = EDGE_CURVE('',#9539,#9541,#9543,.T.);
#9539 = VERTEX_POINT('',#9540);
#9540 = CARTESIAN_POINT('',(-78.,82.,66.2));
#9541 = VERTEX_POINT('',#9542);
#9542 = CARTESIAN_POINT('',(-78.,82.,65.8));
#9543 = LINE('',#9544,#9545);
#9544 = CARTESIAN_POINT('',(-78.,82.,5.4));
#9545 = VECTOR('',#9546,1.);
#9546 = DIRECTION('',(0.,0.,-1.));
#9547 = ORIENTED_EDGE('',*,*,#9548,.T.);
#9548 = EDGE_CURVE('',#9541,#9549,#9551,.T.);
#9549 = VERTEX_POINT('',#9550);
#9550 = CARTESIAN_POINT('',(-76.5,82.,64.3));
#9551 = CIRCLE('',#9552,1.5);
#9552 = AXIS2_PLACEMENT_3D('',#9553,#9554,#9555);
#9553 = CARTESIAN_POINT('',(-76.5,82.,65.8));
#9554 = DIRECTION('',(0.,-1.,1.1E-16));
#9555 = DIRECTION('',(1.,0.,0.));
#9556 = ORIENTED_EDGE('',*,*,#9557,.T.);
#9557 = EDGE_CURVE('',#9549,#9558,#9560,.T.);
#9558 = VERTEX_POINT('',#9559);
#9559 = CARTESIAN_POINT('',(-33.5,82.,64.3));
#9560 = LINE('',#9561,#9562);
#9561 = CARTESIAN_POINT('',(-85.25,82.,64.3));
#9562 = VECTOR('',#9563,1.);
#9563 = DIRECTION('',(1.,0.,0.));
#9564 = ORIENTED_EDGE('',*,*,#9565,.T.);
#9565 = EDGE_CURVE('',#9558,#9566,#9568,.T.);
#9566 = VERTEX_POINT('',#9567);
#9567 = CARTESIAN_POINT('',(-32.,82.,65.8));
#9568 = CIRCLE('',#9569,1.5);
#9569 = AXIS2_PLACEMENT_3D('',#9570,#9571,#9572);
#9570 = CARTESIAN_POINT('',(-33.5,82.,65.8));
#9571 = DIRECTION('',(0.,-1.,1.1E-16));
#9572 = DIRECTION('',(1.,0.,0.));
#9573 = ORIENTED_EDGE('',*,*,#9574,.F.);
#9574 = EDGE_CURVE('',#9575,#9566,#9577,.T.);
#9575 = VERTEX_POINT('',#9576);
#9576 = CARTESIAN_POINT('',(-32.,82.,66.2));
#9577 = LINE('',#9578,#9579);
#9578 = CARTESIAN_POINT('',(-32.,82.,5.4));
#9579 = VECTOR('',#9580,1.);
#9580 = DIRECTION('',(0.,0.,-1.));
#9581 = ORIENTED_EDGE('',*,*,#9582,.T.);
#9582 = EDGE_CURVE('',#9575,#9583,#9585,.T.);
#9583 = VERTEX_POINT('',#9584);
#9584 = CARTESIAN_POINT('',(-33.5,82.,67.7));
#9585 = CIRCLE('',#9586,1.5);
#9586 = AXIS2_PLACEMENT_3D('',#9587,#9588,#9589);
#9587 = CARTESIAN_POINT('',(-33.5,82.,66.2));
#9588 = DIRECTION('',(0.,-1.,1.1E-16));
#9589 = DIRECTION('',(1.,0.,0.));
#9590 = ORIENTED_EDGE('',*,*,#9591,.F.);
#9591 = EDGE_CURVE('',#9592,#9583,#9594,.T.);
#9592 = VERTEX_POINT('',#9593);
#9593 = CARTESIAN_POINT('',(-76.5,82.,67.7));
#9594 = LINE('',#9595,#9596);
#9595 = CARTESIAN_POINT('',(-85.25,82.,67.7));
#9596 = VECTOR('',#9597,1.);
#9597 = DIRECTION('',(1.,0.,0.));
#9598 = ORIENTED_EDGE('',*,*,#9599,.T.);
#9599 = EDGE_CURVE('',#9592,#9539,#9600,.T.);
#9600 = CIRCLE('',#9601,1.5);
#9601 = AXIS2_PLACEMENT_3D('',#9602,#9603,#9604);
#9602 = CARTESIAN_POINT('',(-76.5,82.,66.2));
#9603 = DIRECTION('',(0.,-1.,1.1E-16));
#9604 = DIRECTION('',(1.,0.,0.));
#9605 = FACE_BOUND('',#9606,.T.);
#9606 = EDGE_LOOP('',(#9607,#9617,#9626,#9634,#9643,#9651,#9660,#9668));
#9607 = ORIENTED_EDGE('',*,*,#9608,.T.);
#9608 = EDGE_CURVE('',#9609,#9611,#9613,.T.);
#9609 = VERTEX_POINT('',#9610);
#9610 = CARTESIAN_POINT('',(-78.,82.,75.2));
#9611 = VERTEX_POINT('',#9612);
#9612 = CARTESIAN_POINT('',(-78.,82.,74.8));
#9613 = LINE('',#9614,#9615);
#9614 = CARTESIAN_POINT('',(-78.,82.,9.9));
#9615 = VECTOR('',#9616,1.);
#9616 = DIRECTION('',(0.,0.,-1.));
#9617 = ORIENTED_EDGE('',*,*,#9618,.T.);
#9618 = EDGE_CURVE('',#9611,#9619,#9621,.T.);
#9619 = VERTEX_POINT('',#9620);
#9620 = CARTESIAN_POINT('',(-76.5,82.,73.3));
#9621 = CIRCLE('',#9622,1.5);
#9622 = AXIS2_PLACEMENT_3D('',#9623,#9624,#9625);
#9623 = CARTESIAN_POINT('',(-76.5,82.,74.8));
#9624 = DIRECTION('',(0.,-1.,1.1E-16));
#9625 = DIRECTION('',(1.,0.,0.));
#9626 = ORIENTED_EDGE('',*,*,#9627,.T.);
#9627 = EDGE_CURVE('',#9619,#9628,#9630,.T.);
#9628 = VERTEX_POINT('',#9629);
#9629 = CARTESIAN_POINT('',(-33.5,82.,73.3));
#9630 = LINE('',#9631,#9632);
#9631 = CARTESIAN_POINT('',(-85.25,82.,73.3));
#9632 = VECTOR('',#9633,1.);
#9633 = DIRECTION('',(1.,0.,0.));
#9634 = ORIENTED_EDGE('',*,*,#9635,.T.);
#9635 = EDGE_CURVE('',#9628,#9636,#9638,.T.);
#9636 = VERTEX_POINT('',#9637);
#9637 = CARTESIAN_POINT('',(-32.,82.,74.8));
#9638 = CIRCLE('',#9639,1.5);
#9639 = AXIS2_PLACEMENT_3D('',#9640,#9641,#9642);
#9640 = CARTESIAN_POINT('',(-33.5,82.,74.8));
#9641 = DIRECTION('',(0.,-1.,1.1E-16));
#9642 = DIRECTION('',(1.,0.,0.));
#9643 = ORIENTED_EDGE('',*,*,#9644,.F.);
#9644 = EDGE_CURVE('',#9645,#9636,#9647,.T.);
#9645 = VERTEX_POINT('',#9646);
#9646 = CARTESIAN_POINT('',(-32.,82.,75.2));
#9647 = LINE('',#9648,#9649);
#9648 = CARTESIAN_POINT('',(-32.,82.,9.9));
#9649 = VECTOR('',#9650,1.);
#9650 = DIRECTION('',(0.,0.,-1.));
#9651 = ORIENTED_EDGE('',*,*,#9652,.T.);
#9652 = EDGE_CURVE('',#9645,#9653,#9655,.T.);
#9653 = VERTEX_POINT('',#9654);
#9654 = CARTESIAN_POINT('',(-33.5,82.,76.7));
#9655 = CIRCLE('',#9656,1.5);
#9656 = AXIS2_PLACEMENT_3D('',#9657,#9658,#9659);
#9657 = CARTESIAN_POINT('',(-33.5,82.,75.2));
#9658 = DIRECTION('',(0.,-1.,1.1E-16));
#9659 = DIRECTION('',(1.,0.,0.));
#9660 = ORIENTED_EDGE('',*,*,#9661,.F.);
#9661 = EDGE_CURVE('',#9662,#9653,#9664,.T.);
#9662 = VERTEX_POINT('',#9663);
#9663 = CARTESIAN_POINT('',(-76.5,82.,76.7));
#9664 = LINE('',#9665,#9666);
#9665 = CARTESIAN_POINT('',(-85.25,82.,76.7));
#9666 = VECTOR('',#9667,1.);
#9667 = DIRECTION('',(1.,0.,0.));
#9668 = ORIENTED_EDGE('',*,*,#9669,.T.);
#9669 = EDGE_CURVE('',#9662,#9609,#9670,.T.);
#9670 = CIRCLE('',#9671,1.5);
#9671 = AXIS2_PLACEMENT_3D('',#9672,#9673,#9674);
#9672 = CARTESIAN_POINT('',(-76.5,82.,75.2));
#9673 = DIRECTION('',(0.,-1.,1.1E-16));
#9674 = DIRECTION('',(1.,0.,0.));
#9675 = PLANE('',#9676);
#9676 = AXIS2_PLACEMENT_3D('',#9677,#9678,#9679);
#9677 = CARTESIAN_POINT('',(-94.,82.,-55.));
#9678 = DIRECTION('',(0.,1.,0.));
#9679 = DIRECTION('',(0.,0.,1.));
#9680 = ADVANCED_FACE('',(#9681),#9699,.T.);
#9681 = FACE_BOUND('',#9682,.T.);
#9682 = EDGE_LOOP('',(#9683,#9691,#9692,#9693));
#9683 = ORIENTED_EDGE('',*,*,#9684,.F.);
#9684 = EDGE_CURVE('',#8485,#9685,#9687,.T.);
#9685 = VERTEX_POINT('',#9686);
#9686 = CARTESIAN_POINT('',(-20.,79.5,-30.17349830563));
#9687 = LINE('',#9688,#9689);
#9688 = CARTESIAN_POINT('',(-20.,79.5,-58.5));
#9689 = VECTOR('',#9690,1.);
#9690 = DIRECTION('',(0.,0.,1.));
#9691 = ORIENTED_EDGE('',*,*,#8492,.T.);
#9692 = ORIENTED_EDGE('',*,*,#9449,.F.);
#9693 = ORIENTED_EDGE('',*,*,#9694,.F.);
#9694 = EDGE_CURVE('',#9685,#9441,#9695,.T.);
#9695 = LINE('',#9696,#9697);
#9696 = CARTESIAN_POINT('',(-20.,60.,-30.17349830563));
#9697 = VECTOR('',#9698,1.);
#9698 = DIRECTION('',(0.,1.,0.));
#9699 = PLANE('',#9700);
#9700 = AXIS2_PLACEMENT_3D('',#9701,#9702,#9703);
#9701 = CARTESIAN_POINT('',(-20.,-90.,-60.));
#9702 = DIRECTION('',(1.,0.,0.));
#9703 = DIRECTION('',(0.,0.,1.));
#9704 = ADVANCED_FACE('',(#9705),#9717,.F.);
#9705 = FACE_BOUND('',#9706,.F.);
#9706 = EDGE_LOOP('',(#9707,#9708,#9709,#9716));
#9707 = ORIENTED_EDGE('',*,*,#8484,.F.);
#9708 = ORIENTED_EDGE('',*,*,#8525,.F.);
#9709 = ORIENTED_EDGE('',*,*,#9710,.F.);
#9710 = EDGE_CURVE('',#9685,#8526,#9711,.T.);
#9711 = CIRCLE('',#9712,36.2);
#9712 = AXIS2_PLACEMENT_3D('',#9713,#9714,#9715);
#9713 = CARTESIAN_POINT('',(0.,79.5,0.));
#9714 = DIRECTION('',(0.,1.,0.));
#9715 = DIRECTION('',(0.,0.,1.));
#9716 = ORIENTED_EDGE('',*,*,#9684,.F.);
#9717 = PLANE('',#9718);
#9718 = AXIS2_PLACEMENT_3D('',#9719,#9720,#9721);
#9719 = CARTESIAN_POINT('',(-91.5,79.5,-57.));
#9720 = DIRECTION('',(0.,1.,0.));
#9721 = DIRECTION('',(0.,0.,1.));
#9722 = ADVANCED_FACE('',(#9723),#9780,.T.);
#9723 = FACE_BOUND('',#9724,.T.);
#9724 = EDGE_LOOP('',(#9725,#9733,#9742,#9750,#9759,#9765,#9766,#9767,
    #9768,#9769,#9770,#9771,#9772,#9773,#9774,#9775,#9776,#9777,#9778,
    #9779));
#9725 = ORIENTED_EDGE('',*,*,#9726,.F.);
#9726 = EDGE_CURVE('',#9727,#8542,#9729,.T.);
#9727 = VERTEX_POINT('',#9728);
#9728 = CARTESIAN_POINT('',(-89.,79.,-50.));
#9729 = LINE('',#9730,#9731);
#9730 = CARTESIAN_POINT('',(-95.5,79.,-50.));
#9731 = VECTOR('',#9732,1.);
#9732 = DIRECTION('',(1.,0.,0.));
#9733 = ORIENTED_EDGE('',*,*,#9734,.T.);
#9734 = EDGE_CURVE('',#9727,#9735,#9737,.T.);
#9735 = VERTEX_POINT('',#9736);
#9736 = CARTESIAN_POINT('',(-91.,77.,-50.));
#9737 = CIRCLE('',#9738,2.);
#9738 = AXIS2_PLACEMENT_3D('',#9739,#9740,#9741);
#9739 = CARTESIAN_POINT('',(-89.,77.,-50.));
#9740 = DIRECTION('',(0.,0.,1.));
#9741 = DIRECTION('',(-1.,0.,0.));
#9742 = ORIENTED_EDGE('',*,*,#9743,.T.);
#9743 = EDGE_CURVE('',#9735,#9744,#9746,.T.);
#9744 = VERTEX_POINT('',#9745);
#9745 = CARTESIAN_POINT('',(-91.,-77.,-50.));
#9746 = LINE('',#9747,#9748);
#9747 = CARTESIAN_POINT('',(-91.,-84.5,-50.));
#9748 = VECTOR('',#9749,1.);
#9749 = DIRECTION('',(0.,-1.,0.));
#9750 = ORIENTED_EDGE('',*,*,#9751,.T.);
#9751 = EDGE_CURVE('',#9744,#9752,#9754,.T.);
#9752 = VERTEX_POINT('',#9753);
#9753 = CARTESIAN_POINT('',(-89.,-79.,-50.));
#9754 = CIRCLE('',#9755,2.);
#9755 = AXIS2_PLACEMENT_3D('',#9756,#9757,#9758);
#9756 = CARTESIAN_POINT('',(-89.,-77.,-50.));
#9757 = DIRECTION('',(0.,0.,1.));
#9758 = DIRECTION('',(-1.,0.,0.));
#9759 = ORIENTED_EDGE('',*,*,#9760,.T.);
#9760 = EDGE_CURVE('',#9752,#8910,#9761,.T.);
#9761 = LINE('',#9762,#9763);
#9762 = CARTESIAN_POINT('',(-95.5,-79.,-50.));
#9763 = VECTOR('',#9764,1.);
#9764 = DIRECTION('',(1.,0.,0.));
#9765 = ORIENTED_EDGE('',*,*,#8909,.T.);
#9766 = ORIENTED_EDGE('',*,*,#8866,.T.);
#9767 = ORIENTED_EDGE('',*,*,#8851,.F.);
#9768 = ORIENTED_EDGE('',*,*,#8827,.T.);
#9769 = ORIENTED_EDGE('',*,*,#8802,.F.);
#9770 = ORIENTED_EDGE('',*,*,#8778,.T.);
#9771 = ORIENTED_EDGE('',*,*,#8743,.F.);
#9772 = ORIENTED_EDGE('',*,*,#8729,.T.);
#9773 = ORIENTED_EDGE('',*,*,#8694,.F.);
#9774 = ORIENTED_EDGE('',*,*,#8680,.F.);
#9775 = ORIENTED_EDGE('',*,*,#8655,.F.);
#9776 = ORIENTED_EDGE('',*,*,#8631,.F.);
#9777 = ORIENTED_EDGE('',*,*,#8606,.F.);
#9778 = ORIENTED_EDGE('',*,*,#8572,.F.);
#9779 = ORIENTED_EDGE('',*,*,#8549,.T.);
#9780 = PLANE('',#9781);
#9781 = AXIS2_PLACEMENT_3D('',#9782,#9783,#9784);
#9782 = CARTESIAN_POINT('',(-100.,-90.,-50.));
#9783 = DIRECTION('',(0.,0.,1.));
#9784 = DIRECTION('',(1.,0.,0.));
#9785 = ADVANCED_FACE('',(#9786,#9821,#9832,#9902,#9972),#10042,.F.);
#9786 = FACE_BOUND('',#9787,.F.);
#9787 = EDGE_LOOP('',(#9788,#9789,#9797,#9805,#9813,#9820));
#9788 = ORIENTED_EDGE('',*,*,#9726,.F.);
#9789 = ORIENTED_EDGE('',*,*,#9790,.T.);
#9790 = EDGE_CURVE('',#9727,#9791,#9793,.T.);
#9791 = VERTEX_POINT('',#9792);
#9792 = CARTESIAN_POINT('',(-89.,79.,95.));
#9793 = LINE('',#9794,#9795);
#9794 = CARTESIAN_POINT('',(-89.,79.,-57.));
#9795 = VECTOR('',#9796,1.);
#9796 = DIRECTION('',(0.,0.,1.));
#9797 = ORIENTED_EDGE('',*,*,#9798,.T.);
#9798 = EDGE_CURVE('',#9791,#9799,#9801,.T.);
#9799 = VERTEX_POINT('',#9800);
#9800 = CARTESIAN_POINT('',(-24.3,79.,95.));
#9801 = LINE('',#9802,#9803);
#9802 = CARTESIAN_POINT('',(-91.,79.,95.));
#9803 = VECTOR('',#9804,1.);
#9804 = DIRECTION('',(1.,0.,0.));
#9805 = ORIENTED_EDGE('',*,*,#9806,.T.);
#9806 = EDGE_CURVE('',#9799,#9807,#9809,.T.);
#9807 = VERTEX_POINT('',#9808);
#9808 = CARTESIAN_POINT('',(-24.3,79.,26.831884018831));
#9809 = LINE('',#9810,#9811);
#9810 = CARTESIAN_POINT('',(-24.3,79.,-56.1));
#9811 = VECTOR('',#9812,1.);
#9812 = DIRECTION('',(0.,0.,-1.));
#9813 = ORIENTED_EDGE('',*,*,#9814,.F.);
#9814 = EDGE_CURVE('',#8534,#9807,#9815,.T.);
#9815 = CIRCLE('',#9816,36.2);
#9816 = AXIS2_PLACEMENT_3D('',#9817,#9818,#9819);
#9817 = CARTESIAN_POINT('',(0.,79.,0.));
#9818 = DIRECTION('',(0.,1.,0.));
#9819 = DIRECTION('',(0.,0.,1.));
#9820 = ORIENTED_EDGE('',*,*,#8541,.T.);
#9821 = FACE_BOUND('',#9822,.F.);
#9822 = EDGE_LOOP('',(#9823));
#9823 = ORIENTED_EDGE('',*,*,#9824,.F.);
#9824 = EDGE_CURVE('',#9825,#9825,#9827,.T.);
#9825 = VERTEX_POINT('',#9826);
#9826 = CARTESIAN_POINT('',(-45.,79.,43.));
#9827 = CIRCLE('',#9828,8.);
#9828 = AXIS2_PLACEMENT_3D('',#9829,#9830,#9831);
#9829 = CARTESIAN_POINT('',(-45.,79.,35.));
#9830 = DIRECTION('',(0.,1.,0.));
#9831 = DIRECTION('',(0.,0.,1.));
#9832 = FACE_BOUND('',#9833,.F.);
#9833 = EDGE_LOOP('',(#9834,#9844,#9853,#9861,#9870,#9878,#9887,#9895));
#9834 = ORIENTED_EDGE('',*,*,#9835,.T.);
#9835 = EDGE_CURVE('',#9836,#9838,#9840,.T.);
#9836 = VERTEX_POINT('',#9837);
#9837 = CARTESIAN_POINT('',(-78.,79.,57.2));
#9838 = VERTEX_POINT('',#9839);
#9839 = CARTESIAN_POINT('',(-78.,79.,56.8));
#9840 = LINE('',#9841,#9842);
#9841 = CARTESIAN_POINT('',(-78.,79.,-0.1));
#9842 = VECTOR('',#9843,1.);
#9843 = DIRECTION('',(0.,0.,-1.));
#9844 = ORIENTED_EDGE('',*,*,#9845,.T.);
#9845 = EDGE_CURVE('',#9838,#9846,#9848,.T.);
#9846 = VERTEX_POINT('',#9847);
#9847 = CARTESIAN_POINT('',(-76.5,79.,55.3));
#9848 = CIRCLE('',#9849,1.5);
#9849 = AXIS2_PLACEMENT_3D('',#9850,#9851,#9852);
#9850 = CARTESIAN_POINT('',(-76.5,79.,56.8));
#9851 = DIRECTION('',(0.,-1.,1.1E-16));
#9852 = DIRECTION('',(1.,0.,0.));
#9853 = ORIENTED_EDGE('',*,*,#9854,.T.);
#9854 = EDGE_CURVE('',#9846,#9855,#9857,.T.);
#9855 = VERTEX_POINT('',#9856);
#9856 = CARTESIAN_POINT('',(-33.5,79.,55.3));
#9857 = LINE('',#9858,#9859);
#9858 = CARTESIAN_POINT('',(-83.75,79.,55.3));
#9859 = VECTOR('',#9860,1.);
#9860 = DIRECTION('',(1.,0.,0.));
#9861 = ORIENTED_EDGE('',*,*,#9862,.T.);
#9862 = EDGE_CURVE('',#9855,#9863,#9865,.T.);
#9863 = VERTEX_POINT('',#9864);
#9864 = CARTESIAN_POINT('',(-32.,79.,56.8));
#9865 = CIRCLE('',#9866,1.5);
#9866 = AXIS2_PLACEMENT_3D('',#9867,#9868,#9869);
#9867 = CARTESIAN_POINT('',(-33.5,79.,56.8));
#9868 = DIRECTION('',(0.,-1.,1.1E-16));
#9869 = DIRECTION('',(1.,0.,0.));
#9870 = ORIENTED_EDGE('',*,*,#9871,.F.);
#9871 = EDGE_CURVE('',#9872,#9863,#9874,.T.);
#9872 = VERTEX_POINT('',#9873);
#9873 = CARTESIAN_POINT('',(-32.,79.,57.2));
#9874 = LINE('',#9875,#9876);
#9875 = CARTESIAN_POINT('',(-32.,79.,-0.1));
#9876 = VECTOR('',#9877,1.);
#9877 = DIRECTION('',(0.,0.,-1.));
#9878 = ORIENTED_EDGE('',*,*,#9879,.T.);
#9879 = EDGE_CURVE('',#9872,#9880,#9882,.T.);
#9880 = VERTEX_POINT('',#9881);
#9881 = CARTESIAN_POINT('',(-33.5,79.,58.7));
#9882 = CIRCLE('',#9883,1.5);
#9883 = AXIS2_PLACEMENT_3D('',#9884,#9885,#9886);
#9884 = CARTESIAN_POINT('',(-33.5,79.,57.2));
#9885 = DIRECTION('',(0.,-1.,1.1E-16));
#9886 = DIRECTION('',(1.,0.,0.));
#9887 = ORIENTED_EDGE('',*,*,#9888,.F.);
#9888 = EDGE_CURVE('',#9889,#9880,#9891,.T.);
#9889 = VERTEX_POINT('',#9890);
#9890 = CARTESIAN_POINT('',(-76.5,79.,58.7));
#9891 = LINE('',#9892,#9893);
#9892 = CARTESIAN_POINT('',(-83.75,79.,58.7));
#9893 = VECTOR('',#9894,1.);
#9894 = DIRECTION('',(1.,0.,0.));
#9895 = ORIENTED_EDGE('',*,*,#9896,.T.);
#9896 = EDGE_CURVE('',#9889,#9836,#9897,.T.);
#9897 = CIRCLE('',#9898,1.5);
#9898 = AXIS2_PLACEMENT_3D('',#9899,#9900,#9901);
#9899 = CARTESIAN_POINT('',(-76.5,79.,57.2));
#9900 = DIRECTION('',(0.,-1.,1.1E-16));
#9901 = DIRECTION('',(1.,0.,0.));
#9902 = FACE_BOUND('',#9903,.F.);
#9903 = EDGE_LOOP('',(#9904,#9914,#9923,#9931,#9940,#9948,#9957,#9965));
#9904 = ORIENTED_EDGE('',*,*,#9905,.T.);
#9905 = EDGE_CURVE('',#9906,#9908,#9910,.T.);
#9906 = VERTEX_POINT('',#9907);
#9907 = CARTESIAN_POINT('',(-78.,79.,66.2));
#9908 = VERTEX_POINT('',#9909);
#9909 = CARTESIAN_POINT('',(-78.,79.,65.8));
#9910 = LINE('',#9911,#9912);
#9911 = CARTESIAN_POINT('',(-78.,79.,4.4));
#9912 = VECTOR('',#9913,1.);
#9913 = DIRECTION('',(0.,0.,-1.));
#9914 = ORIENTED_EDGE('',*,*,#9915,.T.);
#9915 = EDGE_CURVE('',#9908,#9916,#9918,.T.);
#9916 = VERTEX_POINT('',#9917);
#9917 = CARTESIAN_POINT('',(-76.5,79.,64.3));
#9918 = CIRCLE('',#9919,1.5);
#9919 = AXIS2_PLACEMENT_3D('',#9920,#9921,#9922);
#9920 = CARTESIAN_POINT('',(-76.5,79.,65.8));
#9921 = DIRECTION('',(0.,-1.,1.1E-16));
#9922 = DIRECTION('',(1.,0.,0.));
#9923 = ORIENTED_EDGE('',*,*,#9924,.T.);
#9924 = EDGE_CURVE('',#9916,#9925,#9927,.T.);
#9925 = VERTEX_POINT('',#9926);
#9926 = CARTESIAN_POINT('',(-33.5,79.,64.3));
#9927 = LINE('',#9928,#9929);
#9928 = CARTESIAN_POINT('',(-83.75,79.,64.3));
#9929 = VECTOR('',#9930,1.);
#9930 = DIRECTION('',(1.,0.,0.));
#9931 = ORIENTED_EDGE('',*,*,#9932,.T.);
#9932 = EDGE_CURVE('',#9925,#9933,#9935,.T.);
#9933 = VERTEX_POINT('',#9934);
#9934 = CARTESIAN_POINT('',(-32.,79.,65.8));
#9935 = CIRCLE('',#9936,1.5);
#9936 = AXIS2_PLACEMENT_3D('',#9937,#9938,#9939);
#9937 = CARTESIAN_POINT('',(-33.5,79.,65.8));
#9938 = DIRECTION('',(0.,-1.,1.1E-16));
#9939 = DIRECTION('',(1.,0.,0.));
#9940 = ORIENTED_EDGE('',*,*,#9941,.F.);
#9941 = EDGE_CURVE('',#9942,#9933,#9944,.T.);
#9942 = VERTEX_POINT('',#9943);
#9943 = CARTESIAN_POINT('',(-32.,79.,66.2));
#9944 = LINE('',#9945,#9946);
#9945 = CARTESIAN_POINT('',(-32.,79.,4.4));
#9946 = VECTOR('',#9947,1.);
#9947 = DIRECTION('',(0.,0.,-1.));
#9948 = ORIENTED_EDGE('',*,*,#9949,.T.);
#9949 = EDGE_CURVE('',#9942,#9950,#9952,.T.);
#9950 = VERTEX_POINT('',#9951);
#9951 = CARTESIAN_POINT('',(-33.5,79.,67.7));
#9952 = CIRCLE('',#9953,1.5);
#9953 = AXIS2_PLACEMENT_3D('',#9954,#9955,#9956);
#9954 = CARTESIAN_POINT('',(-33.5,79.,66.2));
#9955 = DIRECTION('',(0.,-1.,1.1E-16));
#9956 = DIRECTION('',(1.,0.,0.));
#9957 = ORIENTED_EDGE('',*,*,#9958,.F.);
#9958 = EDGE_CURVE('',#9959,#9950,#9961,.T.);
#9959 = VERTEX_POINT('',#9960);
#9960 = CARTESIAN_POINT('',(-76.5,79.,67.7));
#9961 = LINE('',#9962,#9963);
#9962 = CARTESIAN_POINT('',(-83.75,79.,67.7));
#9963 = VECTOR('',#9964,1.);
#9964 = DIRECTION('',(1.,0.,0.));
#9965 = ORIENTED_EDGE('',*,*,#9966,.T.);
#9966 = EDGE_CURVE('',#9959,#9906,#9967,.T.);
#9967 = CIRCLE('',#9968,1.5);
#9968 = AXIS2_PLACEMENT_3D('',#9969,#9970,#9971);
#9969 = CARTESIAN_POINT('',(-76.5,79.,66.2));
#9970 = DIRECTION('',(0.,-1.,1.1E-16));
#9971 = DIRECTION('',(1.,0.,0.));
#9972 = FACE_BOUND('',#9973,.F.);
#9973 = EDGE_LOOP('',(#9974,#9984,#9993,#10001,#10010,#10018,#10027,
    #10035));
#9974 = ORIENTED_EDGE('',*,*,#9975,.T.);
#9975 = EDGE_CURVE('',#9976,#9978,#9980,.T.);
#9976 = VERTEX_POINT('',#9977);
#9977 = CARTESIAN_POINT('',(-78.,79.,75.2));
#9978 = VERTEX_POINT('',#9979);
#9979 = CARTESIAN_POINT('',(-78.,79.,74.8));
#9980 = LINE('',#9981,#9982);
#9981 = CARTESIAN_POINT('',(-78.,79.,8.9));
#9982 = VECTOR('',#9983,1.);
#9983 = DIRECTION('',(0.,0.,-1.));
#9984 = ORIENTED_EDGE('',*,*,#9985,.T.);
#9985 = EDGE_CURVE('',#9978,#9986,#9988,.T.);
#9986 = VERTEX_POINT('',#9987);
#9987 = CARTESIAN_POINT('',(-76.5,79.,73.3));
#9988 = CIRCLE('',#9989,1.5);
#9989 = AXIS2_PLACEMENT_3D('',#9990,#9991,#9992);
#9990 = CARTESIAN_POINT('',(-76.5,79.,74.8));
#9991 = DIRECTION('',(0.,-1.,1.1E-16));
#9992 = DIRECTION('',(1.,0.,0.));
#9993 = ORIENTED_EDGE('',*,*,#9994,.T.);
#9994 = EDGE_CURVE('',#9986,#9995,#9997,.T.);
#9995 = VERTEX_POINT('',#9996);
#9996 = CARTESIAN_POINT('',(-33.5,79.,73.3));
#9997 = LINE('',#9998,#9999);
#9998 = CARTESIAN_POINT('',(-83.75,79.,73.3));
#9999 = VECTOR('',#10000,1.);
#10000 = DIRECTION('',(1.,0.,0.));
#10001 = ORIENTED_EDGE('',*,*,#10002,.T.);
#10002 = EDGE_CURVE('',#9995,#10003,#10005,.T.);
#10003 = VERTEX_POINT('',#10004);
#10004 = CARTESIAN_POINT('',(-32.,79.,74.8));
#10005 = CIRCLE('',#10006,1.5);
#10006 = AXIS2_PLACEMENT_3D('',#10007,#10008,#10009);
#10007 = CARTESIAN_POINT('',(-33.5,79.,74.8));
#10008 = DIRECTION('',(0.,-1.,1.1E-16));
#10009 = DIRECTION('',(1.,0.,0.));
#10010 = ORIENTED_EDGE('',*,*,#10011,.F.);
#10011 = EDGE_CURVE('',#10012,#10003,#10014,.T.);
#10012 = VERTEX_POINT('',#10013);
#10013 = CARTESIAN_POINT('',(-32.,79.,75.2));
#10014 = LINE('',#10015,#10016);
#10015 = CARTESIAN_POINT('',(-32.,79.,8.9));
#10016 = VECTOR('',#10017,1.);
#10017 = DIRECTION('',(0.,0.,-1.));
#10018 = ORIENTED_EDGE('',*,*,#10019,.T.);
#10019 = EDGE_CURVE('',#10012,#10020,#10022,.T.);
#10020 = VERTEX_POINT('',#10021);
#10021 = CARTESIAN_POINT('',(-33.5,79.,76.7));
#10022 = CIRCLE('',#10023,1.5);
#10023 = AXIS2_PLACEMENT_3D('',#10024,#10025,#10026);
#10024 = CARTESIAN_POINT('',(-33.5,79.,75.2));
#10025 = DIRECTION('',(0.,-1.,1.1E-16));
#10026 = DIRECTION('',(1.,0.,0.));
#10027 = ORIENTED_EDGE('',*,*,#10028,.F.);
#10028 = EDGE_CURVE('',#10029,#10020,#10031,.T.);
#10029 = VERTEX_POINT('',#10030);
#10030 = CARTESIAN_POINT('',(-76.5,79.,76.7));
#10031 = LINE('',#10032,#10033);
#10032 = CARTESIAN_POINT('',(-83.75,79.,76.7));
#10033 = VECTOR('',#10034,1.);
#10034 = DIRECTION('',(1.,0.,0.));
#10035 = ORIENTED_EDGE('',*,*,#10036,.T.);
#10036 = EDGE_CURVE('',#10029,#9976,#10037,.T.);
#10037 = CIRCLE('',#10038,1.5);
#10038 = AXIS2_PLACEMENT_3D('',#10039,#10040,#10041);
#10039 = CARTESIAN_POINT('',(-76.5,79.,75.2));
#10040 = DIRECTION('',(0.,-1.,1.1E-16));
#10041 = DIRECTION('',(1.,0.,0.));
#10042 = PLANE('',#10043);
#10043 = AXIS2_PLACEMENT_3D('',#10044,#10045,#10046);
#10044 = CARTESIAN_POINT('',(-91.,79.,-57.));
#10045 = DIRECTION('',(0.,1.,0.));
#10046 = DIRECTION('',(0.,0.,1.));
#10047 = ADVANCED_FACE('',(#10048),#10078,.F.);
#10048 = FACE_BOUND('',#10049,.F.);
#10049 = EDGE_LOOP('',(#10050,#10051,#10052,#10053,#10054,#10055,#10063,
    #10072));
#10050 = ORIENTED_EDGE('',*,*,#9440,.F.);
#10051 = ORIENTED_EDGE('',*,*,#9694,.F.);
#10052 = ORIENTED_EDGE('',*,*,#9710,.T.);
#10053 = ORIENTED_EDGE('',*,*,#8533,.F.);
#10054 = ORIENTED_EDGE('',*,*,#9814,.T.);
#10055 = ORIENTED_EDGE('',*,*,#10056,.T.);
#10056 = EDGE_CURVE('',#9807,#10057,#10059,.T.);
#10057 = VERTEX_POINT('',#10058);
#10058 = CARTESIAN_POINT('',(-24.3,79.5,26.831884018831));
#10059 = LINE('',#10060,#10061);
#10060 = CARTESIAN_POINT('',(-24.3,60.,26.831884018831));
#10061 = VECTOR('',#10062,1.);
#10062 = DIRECTION('',(0.,1.,0.));
#10063 = ORIENTED_EDGE('',*,*,#10064,.T.);
#10064 = EDGE_CURVE('',#10057,#10065,#10067,.T.);
#10065 = VERTEX_POINT('',#10066);
#10066 = CARTESIAN_POINT('',(-20.,79.5,30.173498305632));
#10067 = CIRCLE('',#10068,36.2);
#10068 = AXIS2_PLACEMENT_3D('',#10069,#10070,#10071);
#10069 = CARTESIAN_POINT('',(0.,79.5,0.));
#10070 = DIRECTION('',(0.,1.,0.));
#10071 = DIRECTION('',(0.,0.,1.));
#10072 = ORIENTED_EDGE('',*,*,#10073,.T.);
#10073 = EDGE_CURVE('',#10065,#9433,#10074,.T.);
#10074 = LINE('',#10075,#10076);
#10075 = CARTESIAN_POINT('',(-20.,60.,30.173498305632));
#10076 = VECTOR('',#10077,1.);
#10077 = DIRECTION('',(0.,1.,0.));
#10078 = CYLINDRICAL_SURFACE('',#10079,36.2);
#10079 = AXIS2_PLACEMENT_3D('',#10080,#10081,#10082);
#10080 = CARTESIAN_POINT('',(0.,60.,0.));
#10081 = DIRECTION('',(0.,1.,0.));
#10082 = DIRECTION('',(0.,0.,1.));
#10083 = ADVANCED_FACE('',(#10084),#10103,.T.);
#10084 = FACE_BOUND('',#10085,.T.);
#10085 = EDGE_LOOP('',(#10086,#10087,#10088,#10097));
#10086 = ORIENTED_EDGE('',*,*,#8950,.F.);
#10087 = ORIENTED_EDGE('',*,*,#8890,.F.);
#10088 = ORIENTED_EDGE('',*,*,#10089,.T.);
#10089 = EDGE_CURVE('',#8891,#10090,#10092,.T.);
#10090 = VERTEX_POINT('',#10091);
#10091 = CARTESIAN_POINT('',(-20.,-79.5,-30.17349830563));
#10092 = CIRCLE('',#10093,36.2);
#10093 = AXIS2_PLACEMENT_3D('',#10094,#10095,#10096);
#10094 = CARTESIAN_POINT('',(0.,-79.5,0.));
#10095 = DIRECTION('',(0.,-1.,0.));
#10096 = DIRECTION('',(0.,0.,-1.));
#10097 = ORIENTED_EDGE('',*,*,#10098,.F.);
#10098 = EDGE_CURVE('',#8951,#10090,#10099,.T.);
#10099 = LINE('',#10100,#10101);
#10100 = CARTESIAN_POINT('',(-20.,-79.5,-58.5));
#10101 = VECTOR('',#10102,1.);
#10102 = DIRECTION('',(0.,0.,1.));
#10103 = PLANE('',#10104);
#10104 = AXIS2_PLACEMENT_3D('',#10105,#10106,#10107);
#10105 = CARTESIAN_POINT('',(-91.5,-79.5,-57.));
#10106 = DIRECTION('',(0.,1.,0.));
#10107 = DIRECTION('',(0.,0.,1.));
#10108 = ADVANCED_FACE('',(#10109),#10162,.F.);
#10109 = FACE_BOUND('',#10110,.F.);
#10110 = EDGE_LOOP('',(#10111,#10122,#10130,#10139,#10147,#10154,#10155,
    #10156));
#10111 = ORIENTED_EDGE('',*,*,#10112,.F.);
#10112 = EDGE_CURVE('',#10113,#10115,#10117,.T.);
#10113 = VERTEX_POINT('',#10114);
#10114 = CARTESIAN_POINT('',(-20.,-82.,30.173498305632));
#10115 = VERTEX_POINT('',#10116);
#10116 = CARTESIAN_POINT('',(-20.,-82.,-30.17349830563));
#10117 = CIRCLE('',#10118,36.2);
#10118 = AXIS2_PLACEMENT_3D('',#10119,#10120,#10121);
#10119 = CARTESIAN_POINT('',(0.,-82.,0.));
#10120 = DIRECTION('',(0.,-1.,0.));
#10121 = DIRECTION('',(0.,0.,-1.));
#10122 = ORIENTED_EDGE('',*,*,#10123,.F.);
#10123 = EDGE_CURVE('',#10124,#10113,#10126,.T.);
#10124 = VERTEX_POINT('',#10125);
#10125 = CARTESIAN_POINT('',(-20.,-79.5,30.173498305632));
#10126 = LINE('',#10127,#10128);
#10127 = CARTESIAN_POINT('',(-20.,-60.,30.173498305632));
#10128 = VECTOR('',#10129,1.);
#10129 = DIRECTION('',(0.,-1.,0.));
#10130 = ORIENTED_EDGE('',*,*,#10131,.T.);
#10131 = EDGE_CURVE('',#10124,#10132,#10134,.T.);
#10132 = VERTEX_POINT('',#10133);
#10133 = CARTESIAN_POINT('',(-24.3,-79.5,26.831884018831));
#10134 = CIRCLE('',#10135,36.2);
#10135 = AXIS2_PLACEMENT_3D('',#10136,#10137,#10138);
#10136 = CARTESIAN_POINT('',(0.,-79.5,0.));
#10137 = DIRECTION('',(0.,-1.,0.));
#10138 = DIRECTION('',(0.,0.,-1.));
#10139 = ORIENTED_EDGE('',*,*,#10140,.F.);
#10140 = EDGE_CURVE('',#10141,#10132,#10143,.T.);
#10141 = VERTEX_POINT('',#10142);
#10142 = CARTESIAN_POINT('',(-24.3,-79.,26.831884018831));
#10143 = LINE('',#10144,#10145);
#10144 = CARTESIAN_POINT('',(-24.3,-60.,26.831884018831));
#10145 = VECTOR('',#10146,1.);
#10146 = DIRECTION('',(0.,-1.,0.));
#10147 = ORIENTED_EDGE('',*,*,#10148,.T.);
#10148 = EDGE_CURVE('',#10141,#8918,#10149,.T.);
#10149 = CIRCLE('',#10150,36.2);
#10150 = AXIS2_PLACEMENT_3D('',#10151,#10152,#10153);
#10151 = CARTESIAN_POINT('',(0.,-79.,0.));
#10152 = DIRECTION('',(0.,-1.,0.));
#10153 = DIRECTION('',(0.,0.,-1.));
#10154 = ORIENTED_EDGE('',*,*,#8925,.T.);
#10155 = ORIENTED_EDGE('',*,*,#10089,.T.);
#10156 = ORIENTED_EDGE('',*,*,#10157,.T.);
#10157 = EDGE_CURVE('',#10090,#10115,#10158,.T.);
#10158 = LINE('',#10159,#10160);
#10159 = CARTESIAN_POINT('',(-20.,-60.,-30.17349830563));
#10160 = VECTOR('',#10161,1.);
#10161 = DIRECTION('',(0.,-1.,0.));
#10162 = CYLINDRICAL_SURFACE('',#10163,36.2);
#10163 = AXIS2_PLACEMENT_3D('',#10164,#10165,#10166);
#10164 = CARTESIAN_POINT('',(0.,-60.,0.));
#10165 = DIRECTION('',(0.,-1.,0.));
#10166 = DIRECTION('',(0.,0.,-1.));
#10167 = ADVANCED_FACE('',(#10168,#10195,#10206,#10276,#10346),#10416,
  .T.);
#10168 = FACE_BOUND('',#10169,.T.);
#10169 = EDGE_LOOP('',(#10170,#10171,#10179,#10187,#10193,#10194));
#10170 = ORIENTED_EDGE('',*,*,#9760,.F.);
#10171 = ORIENTED_EDGE('',*,*,#10172,.T.);
#10172 = EDGE_CURVE('',#9752,#10173,#10175,.T.);
#10173 = VERTEX_POINT('',#10174);
#10174 = CARTESIAN_POINT('',(-89.,-79.,95.));
#10175 = LINE('',#10176,#10177);
#10176 = CARTESIAN_POINT('',(-89.,-79.,-57.));
#10177 = VECTOR('',#10178,1.);
#10178 = DIRECTION('',(0.,0.,1.));
#10179 = ORIENTED_EDGE('',*,*,#10180,.T.);
#10180 = EDGE_CURVE('',#10173,#10181,#10183,.T.);
#10181 = VERTEX_POINT('',#10182);
#10182 = CARTESIAN_POINT('',(-24.3,-79.,95.));
#10183 = LINE('',#10184,#10185);
#10184 = CARTESIAN_POINT('',(-91.,-79.,95.));
#10185 = VECTOR('',#10186,1.);
#10186 = DIRECTION('',(1.,0.,0.));
#10187 = ORIENTED_EDGE('',*,*,#10188,.T.);
#10188 = EDGE_CURVE('',#10181,#10141,#10189,.T.);
#10189 = LINE('',#10190,#10191);
#10190 = CARTESIAN_POINT('',(-24.3,-79.,-56.1));
#10191 = VECTOR('',#10192,1.);
#10192 = DIRECTION('',(0.,0.,-1.));
#10193 = ORIENTED_EDGE('',*,*,#10148,.T.);
#10194 = ORIENTED_EDGE('',*,*,#8917,.T.);
#10195 = FACE_BOUND('',#10196,.T.);
#10196 = EDGE_LOOP('',(#10197));
#10197 = ORIENTED_EDGE('',*,*,#10198,.T.);
#10198 = EDGE_CURVE('',#10199,#10199,#10201,.T.);
#10199 = VERTEX_POINT('',#10200);
#10200 = CARTESIAN_POINT('',(-45.,-79.,27.));
#10201 = CIRCLE('',#10202,8.);
#10202 = AXIS2_PLACEMENT_3D('',#10203,#10204,#10205);
#10203 = CARTESIAN_POINT('',(-45.,-79.,35.));
#10204 = DIRECTION('',(0.,-1.,0.));
#10205 = DIRECTION('',(0.,0.,-1.));
#10206 = FACE_BOUND('',#10207,.T.);
#10207 = EDGE_LOOP('',(#10208,#10218,#10227,#10235,#10244,#10252,#10261,
    #10269));
#10208 = ORIENTED_EDGE('',*,*,#10209,.T.);
#10209 = EDGE_CURVE('',#10210,#10212,#10214,.T.);
#10210 = VERTEX_POINT('',#10211);
#10211 = CARTESIAN_POINT('',(-78.,-79.,57.2));
#10212 = VERTEX_POINT('',#10213);
#10213 = CARTESIAN_POINT('',(-78.,-79.,56.8));
#10214 = LINE('',#10215,#10216);
#10215 = CARTESIAN_POINT('',(-78.,-79.,-0.1));
#10216 = VECTOR('',#10217,1.);
#10217 = DIRECTION('',(0.,0.,-1.));
#10218 = ORIENTED_EDGE('',*,*,#10219,.T.);
#10219 = EDGE_CURVE('',#10212,#10220,#10222,.T.);
#10220 = VERTEX_POINT('',#10221);
#10221 = CARTESIAN_POINT('',(-76.5,-79.,55.3));
#10222 = CIRCLE('',#10223,1.5);
#10223 = AXIS2_PLACEMENT_3D('',#10224,#10225,#10226);
#10224 = CARTESIAN_POINT('',(-76.5,-79.,56.8));
#10225 = DIRECTION('',(0.,-1.,1.1E-16));
#10226 = DIRECTION('',(1.,0.,0.));
#10227 = ORIENTED_EDGE('',*,*,#10228,.T.);
#10228 = EDGE_CURVE('',#10220,#10229,#10231,.T.);
#10229 = VERTEX_POINT('',#10230);
#10230 = CARTESIAN_POINT('',(-33.5,-79.,55.3));
#10231 = LINE('',#10232,#10233);
#10232 = CARTESIAN_POINT('',(-83.75,-79.,55.3));
#10233 = VECTOR('',#10234,1.);
#10234 = DIRECTION('',(1.,0.,0.));
#10235 = ORIENTED_EDGE('',*,*,#10236,.T.);
#10236 = EDGE_CURVE('',#10229,#10237,#10239,.T.);
#10237 = VERTEX_POINT('',#10238);
#10238 = CARTESIAN_POINT('',(-32.,-79.,56.8));
#10239 = CIRCLE('',#10240,1.5);
#10240 = AXIS2_PLACEMENT_3D('',#10241,#10242,#10243);
#10241 = CARTESIAN_POINT('',(-33.5,-79.,56.8));
#10242 = DIRECTION('',(0.,-1.,1.1E-16));
#10243 = DIRECTION('',(1.,0.,0.));
#10244 = ORIENTED_EDGE('',*,*,#10245,.F.);
#10245 = EDGE_CURVE('',#10246,#10237,#10248,.T.);
#10246 = VERTEX_POINT('',#10247);
#10247 = CARTESIAN_POINT('',(-32.,-79.,57.2));
#10248 = LINE('',#10249,#10250);
#10249 = CARTESIAN_POINT('',(-32.,-79.,-0.1));
#10250 = VECTOR('',#10251,1.);
#10251 = DIRECTION('',(0.,0.,-1.));
#10252 = ORIENTED_EDGE('',*,*,#10253,.T.);
#10253 = EDGE_CURVE('',#10246,#10254,#10256,.T.);
#10254 = VERTEX_POINT('',#10255);
#10255 = CARTESIAN_POINT('',(-33.5,-79.,58.7));
#10256 = CIRCLE('',#10257,1.5);
#10257 = AXIS2_PLACEMENT_3D('',#10258,#10259,#10260);
#10258 = CARTESIAN_POINT('',(-33.5,-79.,57.2));
#10259 = DIRECTION('',(0.,-1.,1.1E-16));
#10260 = DIRECTION('',(1.,0.,0.));
#10261 = ORIENTED_EDGE('',*,*,#10262,.F.);
#10262 = EDGE_CURVE('',#10263,#10254,#10265,.T.);
#10263 = VERTEX_POINT('',#10264);
#10264 = CARTESIAN_POINT('',(-76.5,-79.,58.7));
#10265 = LINE('',#10266,#10267);
#10266 = CARTESIAN_POINT('',(-83.75,-79.,58.7));
#10267 = VECTOR('',#10268,1.);
#10268 = DIRECTION('',(1.,0.,0.));
#10269 = ORIENTED_EDGE('',*,*,#10270,.T.);
#10270 = EDGE_CURVE('',#10263,#10210,#10271,.T.);
#10271 = CIRCLE('',#10272,1.5);
#10272 = AXIS2_PLACEMENT_3D('',#10273,#10274,#10275);
#10273 = CARTESIAN_POINT('',(-76.5,-79.,57.2));
#10274 = DIRECTION('',(0.,-1.,1.1E-16));
#10275 = DIRECTION('',(1.,0.,0.));
#10276 = FACE_BOUND('',#10277,.T.);
#10277 = EDGE_LOOP('',(#10278,#10288,#10297,#10305,#10314,#10322,#10331,
    #10339));
#10278 = ORIENTED_EDGE('',*,*,#10279,.T.);
#10279 = EDGE_CURVE('',#10280,#10282,#10284,.T.);
#10280 = VERTEX_POINT('',#10281);
#10281 = CARTESIAN_POINT('',(-78.,-79.,66.2));
#10282 = VERTEX_POINT('',#10283);
#10283 = CARTESIAN_POINT('',(-78.,-79.,65.8));
#10284 = LINE('',#10285,#10286);
#10285 = CARTESIAN_POINT('',(-78.,-79.,4.4));
#10286 = VECTOR('',#10287,1.);
#10287 = DIRECTION('',(0.,0.,-1.));
#10288 = ORIENTED_EDGE('',*,*,#10289,.T.);
#10289 = EDGE_CURVE('',#10282,#10290,#10292,.T.);
#10290 = VERTEX_POINT('',#10291);
#10291 = CARTESIAN_POINT('',(-76.5,-79.,64.3));
#10292 = CIRCLE('',#10293,1.5);
#10293 = AXIS2_PLACEMENT_3D('',#10294,#10295,#10296);
#10294 = CARTESIAN_POINT('',(-76.5,-79.,65.8));
#10295 = DIRECTION('',(0.,-1.,1.1E-16));
#10296 = DIRECTION('',(1.,0.,0.));
#10297 = ORIENTED_EDGE('',*,*,#10298,.T.);
#10298 = EDGE_CURVE('',#10290,#10299,#10301,.T.);
#10299 = VERTEX_POINT('',#10300);
#10300 = CARTESIAN_POINT('',(-33.5,-79.,64.3));
#10301 = LINE('',#10302,#10303);
#10302 = CARTESIAN_POINT('',(-83.75,-79.,64.3));
#10303 = VECTOR('',#10304,1.);
#10304 = DIRECTION('',(1.,0.,0.));
#10305 = ORIENTED_EDGE('',*,*,#10306,.T.);
#10306 = EDGE_CURVE('',#10299,#10307,#10309,.T.);
#10307 = VERTEX_POINT('',#10308);
#10308 = CARTESIAN_POINT('',(-32.,-79.,65.8));
#10309 = CIRCLE('',#10310,1.5);
#10310 = AXIS2_PLACEMENT_3D('',#10311,#10312,#10313);
#10311 = CARTESIAN_POINT('',(-33.5,-79.,65.8));
#10312 = DIRECTION('',(0.,-1.,1.1E-16));
#10313 = DIRECTION('',(1.,0.,0.));
#10314 = ORIENTED_EDGE('',*,*,#10315,.F.);
#10315 = EDGE_CURVE('',#10316,#10307,#10318,.T.);
#10316 = VERTEX_POINT('',#10317);
#10317 = CARTESIAN_POINT('',(-32.,-79.,66.2));
#10318 = LINE('',#10319,#10320);
#10319 = CARTESIAN_POINT('',(-32.,-79.,4.4));
#10320 = VECTOR('',#10321,1.);
#10321 = DIRECTION('',(0.,0.,-1.));
#10322 = ORIENTED_EDGE('',*,*,#10323,.T.);
#10323 = EDGE_CURVE('',#10316,#10324,#10326,.T.);
#10324 = VERTEX_POINT('',#10325);
#10325 = CARTESIAN_POINT('',(-33.5,-79.,67.7));
#10326 = CIRCLE('',#10327,1.5);
#10327 = AXIS2_PLACEMENT_3D('',#10328,#10329,#10330);
#10328 = CARTESIAN_POINT('',(-33.5,-79.,66.2));
#10329 = DIRECTION('',(0.,-1.,1.1E-16));
#10330 = DIRECTION('',(1.,0.,0.));
#10331 = ORIENTED_EDGE('',*,*,#10332,.F.);
#10332 = EDGE_CURVE('',#10333,#10324,#10335,.T.);
#10333 = VERTEX_POINT('',#10334);
#10334 = CARTESIAN_POINT('',(-76.5,-79.,67.7));
#10335 = LINE('',#10336,#10337);
#10336 = CARTESIAN_POINT('',(-83.75,-79.,67.7));
#10337 = VECTOR('',#10338,1.);
#10338 = DIRECTION('',(1.,0.,0.));
#10339 = ORIENTED_EDGE('',*,*,#10340,.T.);
#10340 = EDGE_CURVE('',#10333,#10280,#10341,.T.);
#10341 = CIRCLE('',#10342,1.5);
#10342 = AXIS2_PLACEMENT_3D('',#10343,#10344,#10345);
#10343 = CARTESIAN_POINT('',(-76.5,-79.,66.2));
#10344 = DIRECTION('',(0.,-1.,1.1E-16));
#10345 = DIRECTION('',(1.,0.,0.));
#10346 = FACE_BOUND('',#10347,.T.);
#10347 = EDGE_LOOP('',(#10348,#10358,#10367,#10375,#10384,#10392,#10401,
    #10409));
#10348 = ORIENTED_EDGE('',*,*,#10349,.T.);
#10349 = EDGE_CURVE('',#10350,#10352,#10354,.T.);
#10350 = VERTEX_POINT('',#10351);
#10351 = CARTESIAN_POINT('',(-78.,-79.,75.2));
#10352 = VERTEX_POINT('',#10353);
#10353 = CARTESIAN_POINT('',(-78.,-79.,74.8));
#10354 = LINE('',#10355,#10356);
#10355 = CARTESIAN_POINT('',(-78.,-79.,8.9));
#10356 = VECTOR('',#10357,1.);
#10357 = DIRECTION('',(0.,0.,-1.));
#10358 = ORIENTED_EDGE('',*,*,#10359,.T.);
#10359 = EDGE_CURVE('',#10352,#10360,#10362,.T.);
#10360 = VERTEX_POINT('',#10361);
#10361 = CARTESIAN_POINT('',(-76.5,-79.,73.3));
#10362 = CIRCLE('',#10363,1.5);
#10363 = AXIS2_PLACEMENT_3D('',#10364,#10365,#10366);
#10364 = CARTESIAN_POINT('',(-76.5,-79.,74.8));
#10365 = DIRECTION('',(0.,-1.,1.1E-16));
#10366 = DIRECTION('',(1.,0.,0.));
#10367 = ORIENTED_EDGE('',*,*,#10368,.T.);
#10368 = EDGE_CURVE('',#10360,#10369,#10371,.T.);
#10369 = VERTEX_POINT('',#10370);
#10370 = CARTESIAN_POINT('',(-33.5,-79.,73.3));
#10371 = LINE('',#10372,#10373);
#10372 = CARTESIAN_POINT('',(-83.75,-79.,73.3));
#10373 = VECTOR('',#10374,1.);
#10374 = DIRECTION('',(1.,0.,0.));
#10375 = ORIENTED_EDGE('',*,*,#10376,.T.);
#10376 = EDGE_CURVE('',#10369,#10377,#10379,.T.);
#10377 = VERTEX_POINT('',#10378);
#10378 = CARTESIAN_POINT('',(-32.,-79.,74.8));
#10379 = CIRCLE('',#10380,1.5);
#10380 = AXIS2_PLACEMENT_3D('',#10381,#10382,#10383);
#10381 = CARTESIAN_POINT('',(-33.5,-79.,74.8));
#10382 = DIRECTION('',(0.,-1.,1.1E-16));
#10383 = DIRECTION('',(1.,0.,0.));
#10384 = ORIENTED_EDGE('',*,*,#10385,.F.);
#10385 = EDGE_CURVE('',#10386,#10377,#10388,.T.);
#10386 = VERTEX_POINT('',#10387);
#10387 = CARTESIAN_POINT('',(-32.,-79.,75.2));
#10388 = LINE('',#10389,#10390);
#10389 = CARTESIAN_POINT('',(-32.,-79.,8.9));
#10390 = VECTOR('',#10391,1.);
#10391 = DIRECTION('',(0.,0.,-1.));
#10392 = ORIENTED_EDGE('',*,*,#10393,.T.);
#10393 = EDGE_CURVE('',#10386,#10394,#10396,.T.);
#10394 = VERTEX_POINT('',#10395);
#10395 = CARTESIAN_POINT('',(-33.5,-79.,76.7));
#10396 = CIRCLE('',#10397,1.5);
#10397 = AXIS2_PLACEMENT_3D('',#10398,#10399,#10400);
#10398 = CARTESIAN_POINT('',(-33.5,-79.,75.2));
#10399 = DIRECTION('',(0.,-1.,1.1E-16));
#10400 = DIRECTION('',(1.,0.,0.));
#10401 = ORIENTED_EDGE('',*,*,#10402,.F.);
#10402 = EDGE_CURVE('',#10403,#10394,#10405,.T.);
#10403 = VERTEX_POINT('',#10404);
#10404 = CARTESIAN_POINT('',(-76.5,-79.,76.7));
#10405 = LINE('',#10406,#10407);
#10406 = CARTESIAN_POINT('',(-83.75,-79.,76.7));
#10407 = VECTOR('',#10408,1.);
#10408 = DIRECTION('',(1.,0.,0.));
#10409 = ORIENTED_EDGE('',*,*,#10410,.T.);
#10410 = EDGE_CURVE('',#10403,#10350,#10411,.T.);
#10411 = CIRCLE('',#10412,1.5);
#10412 = AXIS2_PLACEMENT_3D('',#10413,#10414,#10415);
#10413 = CARTESIAN_POINT('',(-76.5,-79.,75.2));
#10414 = DIRECTION('',(0.,-1.,1.1E-16));
#10415 = DIRECTION('',(1.,0.,0.));
#10416 = PLANE('',#10417);
#10417 = AXIS2_PLACEMENT_3D('',#10418,#10419,#10420);
#10418 = CARTESIAN_POINT('',(-91.,-79.,-57.));
#10419 = DIRECTION('',(0.,1.,0.));
#10420 = DIRECTION('',(0.,0.,1.));
#10421 = ADVANCED_FACE('',(#10422,#10454,#10465,#10535,#10605),#10675,
  .F.);
#10422 = FACE_BOUND('',#10423,.F.);
#10423 = EDGE_LOOP('',(#10424,#10425,#10433,#10441,#10447,#10448));
#10424 = ORIENTED_EDGE('',*,*,#8967,.F.);
#10425 = ORIENTED_EDGE('',*,*,#10426,.T.);
#10426 = EDGE_CURVE('',#8968,#10427,#10429,.T.);
#10427 = VERTEX_POINT('',#10428);
#10428 = CARTESIAN_POINT('',(-89.,-82.,95.));
#10429 = LINE('',#10430,#10431);
#10430 = CARTESIAN_POINT('',(-89.,-82.,-55.));
#10431 = VECTOR('',#10432,1.);
#10432 = DIRECTION('',(0.,0.,1.));
#10433 = ORIENTED_EDGE('',*,*,#10434,.T.);
#10434 = EDGE_CURVE('',#10427,#10435,#10437,.T.);
#10435 = VERTEX_POINT('',#10436);
#10436 = CARTESIAN_POINT('',(-20.,-82.,95.));
#10437 = LINE('',#10438,#10439);
#10438 = CARTESIAN_POINT('',(-94.,-82.,95.));
#10439 = VECTOR('',#10440,1.);
#10440 = DIRECTION('',(1.,0.,0.));
#10441 = ORIENTED_EDGE('',*,*,#10442,.T.);
#10442 = EDGE_CURVE('',#10435,#10113,#10443,.T.);
#10443 = LINE('',#10444,#10445);
#10444 = CARTESIAN_POINT('',(-20.,-82.,-57.5));
#10445 = VECTOR('',#10446,1.);
#10446 = DIRECTION('',(0.,0.,-1.));
#10447 = ORIENTED_EDGE('',*,*,#10112,.T.);
#10448 = ORIENTED_EDGE('',*,*,#10449,.T.);
#10449 = EDGE_CURVE('',#10115,#8959,#10450,.T.);
#10450 = LINE('',#10451,#10452);
#10451 = CARTESIAN_POINT('',(-20.,-82.,-57.5));
#10452 = VECTOR('',#10453,1.);
#10453 = DIRECTION('',(0.,0.,-1.));
#10454 = FACE_BOUND('',#10455,.F.);
#10455 = EDGE_LOOP('',(#10456));
#10456 = ORIENTED_EDGE('',*,*,#10457,.T.);
#10457 = EDGE_CURVE('',#10458,#10458,#10460,.T.);
#10458 = VERTEX_POINT('',#10459);
#10459 = CARTESIAN_POINT('',(-45.,-82.,27.));
#10460 = CIRCLE('',#10461,8.);
#10461 = AXIS2_PLACEMENT_3D('',#10462,#10463,#10464);
#10462 = CARTESIAN_POINT('',(-45.,-82.,35.));
#10463 = DIRECTION('',(0.,-1.,0.));
#10464 = DIRECTION('',(0.,0.,-1.));
#10465 = FACE_BOUND('',#10466,.F.);
#10466 = EDGE_LOOP('',(#10467,#10477,#10486,#10494,#10503,#10511,#10520,
    #10528));
#10467 = ORIENTED_EDGE('',*,*,#10468,.T.);
#10468 = EDGE_CURVE('',#10469,#10471,#10473,.T.);
#10469 = VERTEX_POINT('',#10470);
#10470 = CARTESIAN_POINT('',(-78.,-82.,57.2));
#10471 = VERTEX_POINT('',#10472);
#10472 = CARTESIAN_POINT('',(-78.,-82.,56.8));
#10473 = LINE('',#10474,#10475);
#10474 = CARTESIAN_POINT('',(-78.,-82.,0.9));
#10475 = VECTOR('',#10476,1.);
#10476 = DIRECTION('',(0.,0.,-1.));
#10477 = ORIENTED_EDGE('',*,*,#10478,.T.);
#10478 = EDGE_CURVE('',#10471,#10479,#10481,.T.);
#10479 = VERTEX_POINT('',#10480);
#10480 = CARTESIAN_POINT('',(-76.5,-82.,55.3));
#10481 = CIRCLE('',#10482,1.5);
#10482 = AXIS2_PLACEMENT_3D('',#10483,#10484,#10485);
#10483 = CARTESIAN_POINT('',(-76.5,-82.,56.8));
#10484 = DIRECTION('',(0.,-1.,1.1E-16));
#10485 = DIRECTION('',(1.,0.,0.));
#10486 = ORIENTED_EDGE('',*,*,#10487,.T.);
#10487 = EDGE_CURVE('',#10479,#10488,#10490,.T.);
#10488 = VERTEX_POINT('',#10489);
#10489 = CARTESIAN_POINT('',(-33.5,-82.,55.3));
#10490 = LINE('',#10491,#10492);
#10491 = CARTESIAN_POINT('',(-85.25,-82.,55.3));
#10492 = VECTOR('',#10493,1.);
#10493 = DIRECTION('',(1.,0.,0.));
#10494 = ORIENTED_EDGE('',*,*,#10495,.T.);
#10495 = EDGE_CURVE('',#10488,#10496,#10498,.T.);
#10496 = VERTEX_POINT('',#10497);
#10497 = CARTESIAN_POINT('',(-32.,-82.,56.8));
#10498 = CIRCLE('',#10499,1.5);
#10499 = AXIS2_PLACEMENT_3D('',#10500,#10501,#10502);
#10500 = CARTESIAN_POINT('',(-33.5,-82.,56.8));
#10501 = DIRECTION('',(0.,-1.,1.1E-16));
#10502 = DIRECTION('',(1.,0.,0.));
#10503 = ORIENTED_EDGE('',*,*,#10504,.F.);
#10504 = EDGE_CURVE('',#10505,#10496,#10507,.T.);
#10505 = VERTEX_POINT('',#10506);
#10506 = CARTESIAN_POINT('',(-32.,-82.,57.2));
#10507 = LINE('',#10508,#10509);
#10508 = CARTESIAN_POINT('',(-32.,-82.,0.9));
#10509 = VECTOR('',#10510,1.);
#10510 = DIRECTION('',(0.,0.,-1.));
#10511 = ORIENTED_EDGE('',*,*,#10512,.T.);
#10512 = EDGE_CURVE('',#10505,#10513,#10515,.T.);
#10513 = VERTEX_POINT('',#10514);
#10514 = CARTESIAN_POINT('',(-33.5,-82.,58.7));
#10515 = CIRCLE('',#10516,1.5);
#10516 = AXIS2_PLACEMENT_3D('',#10517,#10518,#10519);
#10517 = CARTESIAN_POINT('',(-33.5,-82.,57.2));
#10518 = DIRECTION('',(0.,-1.,1.1E-16));
#10519 = DIRECTION('',(1.,0.,0.));
#10520 = ORIENTED_EDGE('',*,*,#10521,.F.);
#10521 = EDGE_CURVE('',#10522,#10513,#10524,.T.);
#10522 = VERTEX_POINT('',#10523);
#10523 = CARTESIAN_POINT('',(-76.5,-82.,58.7));
#10524 = LINE('',#10525,#10526);
#10525 = CARTESIAN_POINT('',(-85.25,-82.,58.7));
#10526 = VECTOR('',#10527,1.);
#10527 = DIRECTION('',(1.,0.,0.));
#10528 = ORIENTED_EDGE('',*,*,#10529,.T.);
#10529 = EDGE_CURVE('',#10522,#10469,#10530,.T.);
#10530 = CIRCLE('',#10531,1.5);
#10531 = AXIS2_PLACEMENT_3D('',#10532,#10533,#10534);
#10532 = CARTESIAN_POINT('',(-76.5,-82.,57.2));
#10533 = DIRECTION('',(0.,-1.,1.1E-16));
#10534 = DIRECTION('',(1.,0.,0.));
#10535 = FACE_BOUND('',#10536,.F.);
#10536 = EDGE_LOOP('',(#10537,#10547,#10556,#10564,#10573,#10581,#10590,
    #10598));
#10537 = ORIENTED_EDGE('',*,*,#10538,.T.);
#10538 = EDGE_CURVE('',#10539,#10541,#10543,.T.);
#10539 = VERTEX_POINT('',#10540);
#10540 = CARTESIAN_POINT('',(-78.,-82.,66.2));
#10541 = VERTEX_POINT('',#10542);
#10542 = CARTESIAN_POINT('',(-78.,-82.,65.8));
#10543 = LINE('',#10544,#10545);
#10544 = CARTESIAN_POINT('',(-78.,-82.,5.4));
#10545 = VECTOR('',#10546,1.);
#10546 = DIRECTION('',(0.,0.,-1.));
#10547 = ORIENTED_EDGE('',*,*,#10548,.T.);
#10548 = EDGE_CURVE('',#10541,#10549,#10551,.T.);
#10549 = VERTEX_POINT('',#10550);
#10550 = CARTESIAN_POINT('',(-76.5,-82.,64.3));
#10551 = CIRCLE('',#10552,1.5);
#10552 = AXIS2_PLACEMENT_3D('',#10553,#10554,#10555);
#10553 = CARTESIAN_POINT('',(-76.5,-82.,65.8));
#10554 = DIRECTION('',(0.,-1.,1.1E-16));
#10555 = DIRECTION('',(1.,0.,0.));
#10556 = ORIENTED_EDGE('',*,*,#10557,.T.);
#10557 = EDGE_CURVE('',#10549,#10558,#10560,.T.);
#10558 = VERTEX_POINT('',#10559);
#10559 = CARTESIAN_POINT('',(-33.5,-82.,64.3));
#10560 = LINE('',#10561,#10562);
#10561 = CARTESIAN_POINT('',(-85.25,-82.,64.3));
#10562 = VECTOR('',#10563,1.);
#10563 = DIRECTION('',(1.,0.,0.));
#10564 = ORIENTED_EDGE('',*,*,#10565,.T.);
#10565 = EDGE_CURVE('',#10558,#10566,#10568,.T.);
#10566 = VERTEX_POINT('',#10567);
#10567 = CARTESIAN_POINT('',(-32.,-82.,65.8));
#10568 = CIRCLE('',#10569,1.5);
#10569 = AXIS2_PLACEMENT_3D('',#10570,#10571,#10572);
#10570 = CARTESIAN_POINT('',(-33.5,-82.,65.8));
#10571 = DIRECTION('',(0.,-1.,1.1E-16));
#10572 = DIRECTION('',(1.,0.,0.));
#10573 = ORIENTED_EDGE('',*,*,#10574,.F.);
#10574 = EDGE_CURVE('',#10575,#10566,#10577,.T.);
#10575 = VERTEX_POINT('',#10576);
#10576 = CARTESIAN_POINT('',(-32.,-82.,66.2));
#10577 = LINE('',#10578,#10579);
#10578 = CARTESIAN_POINT('',(-32.,-82.,5.4));
#10579 = VECTOR('',#10580,1.);
#10580 = DIRECTION('',(0.,0.,-1.));
#10581 = ORIENTED_EDGE('',*,*,#10582,.T.);
#10582 = EDGE_CURVE('',#10575,#10583,#10585,.T.);
#10583 = VERTEX_POINT('',#10584);
#10584 = CARTESIAN_POINT('',(-33.5,-82.,67.7));
#10585 = CIRCLE('',#10586,1.5);
#10586 = AXIS2_PLACEMENT_3D('',#10587,#10588,#10589);
#10587 = CARTESIAN_POINT('',(-33.5,-82.,66.2));
#10588 = DIRECTION('',(0.,-1.,1.1E-16));
#10589 = DIRECTION('',(1.,0.,0.));
#10590 = ORIENTED_EDGE('',*,*,#10591,.F.);
#10591 = EDGE_CURVE('',#10592,#10583,#10594,.T.);
#10592 = VERTEX_POINT('',#10593);
#10593 = CARTESIAN_POINT('',(-76.5,-82.,67.7));
#10594 = LINE('',#10595,#10596);
#10595 = CARTESIAN_POINT('',(-85.25,-82.,67.7));
#10596 = VECTOR('',#10597,1.);
#10597 = DIRECTION('',(1.,0.,0.));
#10598 = ORIENTED_EDGE('',*,*,#10599,.T.);
#10599 = EDGE_CURVE('',#10592,#10539,#10600,.T.);
#10600 = CIRCLE('',#10601,1.5);
#10601 = AXIS2_PLACEMENT_3D('',#10602,#10603,#10604);
#10602 = CARTESIAN_POINT('',(-76.5,-82.,66.2));
#10603 = DIRECTION('',(0.,-1.,1.1E-16));
#10604 = DIRECTION('',(1.,0.,0.));
#10605 = FACE_BOUND('',#10606,.F.);
#10606 = EDGE_LOOP('',(#10607,#10617,#10626,#10634,#10643,#10651,#10660,
    #10668));
#10607 = ORIENTED_EDGE('',*,*,#10608,.T.);
#10608 = EDGE_CURVE('',#10609,#10611,#10613,.T.);
#10609 = VERTEX_POINT('',#10610);
#10610 = CARTESIAN_POINT('',(-78.,-82.,75.2));
#10611 = VERTEX_POINT('',#10612);
#10612 = CARTESIAN_POINT('',(-78.,-82.,74.8));
#10613 = LINE('',#10614,#10615);
#10614 = CARTESIAN_POINT('',(-78.,-82.,9.9));
#10615 = VECTOR('',#10616,1.);
#10616 = DIRECTION('',(0.,0.,-1.));
#10617 = ORIENTED_EDGE('',*,*,#10618,.T.);
#10618 = EDGE_CURVE('',#10611,#10619,#10621,.T.);
#10619 = VERTEX_POINT('',#10620);
#10620 = CARTESIAN_POINT('',(-76.5,-82.,73.3));
#10621 = CIRCLE('',#10622,1.5);
#10622 = AXIS2_PLACEMENT_3D('',#10623,#10624,#10625);
#10623 = CARTESIAN_POINT('',(-76.5,-82.,74.8));
#10624 = DIRECTION('',(0.,-1.,1.1E-16));
#10625 = DIRECTION('',(1.,0.,0.));
#10626 = ORIENTED_EDGE('',*,*,#10627,.T.);
#10627 = EDGE_CURVE('',#10619,#10628,#10630,.T.);
#10628 = VERTEX_POINT('',#10629);
#10629 = CARTESIAN_POINT('',(-33.5,-82.,73.3));
#10630 = LINE('',#10631,#10632);
#10631 = CARTESIAN_POINT('',(-85.25,-82.,73.3));
#10632 = VECTOR('',#10633,1.);
#10633 = DIRECTION('',(1.,0.,0.));
#10634 = ORIENTED_EDGE('',*,*,#10635,.T.);
#10635 = EDGE_CURVE('',#10628,#10636,#10638,.T.);
#10636 = VERTEX_POINT('',#10637);
#10637 = CARTESIAN_POINT('',(-32.,-82.,74.8));
#10638 = CIRCLE('',#10639,1.5);
#10639 = AXIS2_PLACEMENT_3D('',#10640,#10641,#10642);
#10640 = CARTESIAN_POINT('',(-33.5,-82.,74.8));
#10641 = DIRECTION('',(0.,-1.,1.1E-16));
#10642 = DIRECTION('',(1.,0.,0.));
#10643 = ORIENTED_EDGE('',*,*,#10644,.F.);
#10644 = EDGE_CURVE('',#10645,#10636,#10647,.T.);
#10645 = VERTEX_POINT('',#10646);
#10646 = CARTESIAN_POINT('',(-32.,-82.,75.2));
#10647 = LINE('',#10648,#10649);
#10648 = CARTESIAN_POINT('',(-32.,-82.,9.9));
#10649 = VECTOR('',#10650,1.);
#10650 = DIRECTION('',(0.,0.,-1.));
#10651 = ORIENTED_EDGE('',*,*,#10652,.T.);
#10652 = EDGE_CURVE('',#10645,#10653,#10655,.T.);
#10653 = VERTEX_POINT('',#10654);
#10654 = CARTESIAN_POINT('',(-33.5,-82.,76.7));
#10655 = CIRCLE('',#10656,1.5);
#10656 = AXIS2_PLACEMENT_3D('',#10657,#10658,#10659);
#10657 = CARTESIAN_POINT('',(-33.5,-82.,75.2));
#10658 = DIRECTION('',(0.,-1.,1.1E-16));
#10659 = DIRECTION('',(1.,0.,0.));
#10660 = ORIENTED_EDGE('',*,*,#10661,.F.);
#10661 = EDGE_CURVE('',#10662,#10653,#10664,.T.);
#10662 = VERTEX_POINT('',#10663);
#10663 = CARTESIAN_POINT('',(-76.5,-82.,76.7));
#10664 = LINE('',#10665,#10666);
#10665 = CARTESIAN_POINT('',(-85.25,-82.,76.7));
#10666 = VECTOR('',#10667,1.);
#10667 = DIRECTION('',(1.,0.,0.));
#10668 = ORIENTED_EDGE('',*,*,#10669,.T.);
#10669 = EDGE_CURVE('',#10662,#10609,#10670,.T.);
#10670 = CIRCLE('',#10671,1.5);
#10671 = AXIS2_PLACEMENT_3D('',#10672,#10673,#10674);
#10672 = CARTESIAN_POINT('',(-76.5,-82.,75.2));
#10673 = DIRECTION('',(0.,-1.,1.1E-16));
#10674 = DIRECTION('',(1.,0.,0.));
#10675 = PLANE('',#10676);
#10676 = AXIS2_PLACEMENT_3D('',#10677,#10678,#10679);
#10677 = CARTESIAN_POINT('',(-94.,-82.,-55.));
#10678 = DIRECTION('',(0.,1.,0.));
#10679 = DIRECTION('',(0.,0.,1.));
#10680 = ADVANCED_FACE('',(#10681),#10687,.T.);
#10681 = FACE_BOUND('',#10682,.T.);
#10682 = EDGE_LOOP('',(#10683,#10684,#10685,#10686));
#10683 = ORIENTED_EDGE('',*,*,#10449,.T.);
#10684 = ORIENTED_EDGE('',*,*,#8958,.T.);
#10685 = ORIENTED_EDGE('',*,*,#10098,.T.);
#10686 = ORIENTED_EDGE('',*,*,#10157,.T.);
#10687 = PLANE('',#10688);
#10688 = AXIS2_PLACEMENT_3D('',#10689,#10690,#10691);
#10689 = CARTESIAN_POINT('',(-20.,-90.,-60.));
#10690 = DIRECTION('',(1.,0.,0.));
#10691 = DIRECTION('',(0.,0.,1.));
#10692 = ADVANCED_FACE('',(#10693),#10705,.T.);
#10693 = FACE_BOUND('',#10694,.T.);
#10694 = EDGE_LOOP('',(#10695,#10696,#10697,#10698));
#10695 = ORIENTED_EDGE('',*,*,#9025,.F.);
#10696 = ORIENTED_EDGE('',*,*,#9010,.T.);
#10697 = ORIENTED_EDGE('',*,*,#10426,.T.);
#10698 = ORIENTED_EDGE('',*,*,#10699,.F.);
#10699 = EDGE_CURVE('',#9026,#10427,#10700,.T.);
#10700 = CIRCLE('',#10701,5.);
#10701 = AXIS2_PLACEMENT_3D('',#10702,#10703,#10704);
#10702 = CARTESIAN_POINT('',(-89.,-77.,95.));
#10703 = DIRECTION('',(0.,0.,1.));
#10704 = DIRECTION('',(-1.,0.,0.));
#10705 = CYLINDRICAL_SURFACE('',#10706,5.);
#10706 = AXIS2_PLACEMENT_3D('',#10707,#10708,#10709);
#10707 = CARTESIAN_POINT('',(-89.,-77.,-55.));
#10708 = DIRECTION('',(0.,0.,1.));
#10709 = DIRECTION('',(-1.,0.,0.));
#10710 = ADVANCED_FACE('',(#10711),#10738,.T.);
#10711 = FACE_BOUND('',#10712,.T.);
#10712 = EDGE_LOOP('',(#10713,#10722,#10730,#10737));
#10713 = ORIENTED_EDGE('',*,*,#10714,.F.);
#10714 = EDGE_CURVE('',#10715,#9026,#10717,.T.);
#10715 = VERTEX_POINT('',#10716);
#10716 = CARTESIAN_POINT('',(-89.,-77.,100.));
#10717 = CIRCLE('',#10718,5.);
#10718 = AXIS2_PLACEMENT_3D('',#10719,#10720,#10721);
#10719 = CARTESIAN_POINT('',(-89.,-77.,95.));
#10720 = DIRECTION('',(0.,-1.,0.));
#10721 = DIRECTION('',(-1.,0.,0.));
#10722 = ORIENTED_EDGE('',*,*,#10723,.T.);
#10723 = EDGE_CURVE('',#10715,#10724,#10726,.T.);
#10724 = VERTEX_POINT('',#10725);
#10725 = CARTESIAN_POINT('',(-89.,77.,100.));
#10726 = LINE('',#10727,#10728);
#10727 = CARTESIAN_POINT('',(-89.,-82.,100.));
#10728 = VECTOR('',#10729,1.);
#10729 = DIRECTION('',(0.,1.,0.));
#10730 = ORIENTED_EDGE('',*,*,#10731,.F.);
#10731 = EDGE_CURVE('',#9035,#10724,#10732,.T.);
#10732 = CIRCLE('',#10733,5.);
#10733 = AXIS2_PLACEMENT_3D('',#10734,#10735,#10736);
#10734 = CARTESIAN_POINT('',(-89.,77.,95.));
#10735 = DIRECTION('',(0.,1.,-0.));
#10736 = DIRECTION('',(-1.,0.,0.));
#10737 = ORIENTED_EDGE('',*,*,#9042,.F.);
#10738 = CYLINDRICAL_SURFACE('',#10739,5.);
#10739 = AXIS2_PLACEMENT_3D('',#10740,#10741,#10742);
#10740 = CARTESIAN_POINT('',(-89.,-82.,95.));
#10741 = DIRECTION('',(0.,1.,0.));
#10742 = DIRECTION('',(-1.,0.,0.));
#10743 = ADVANCED_FACE('',(#10744),#10756,.T.);
#10744 = FACE_BOUND('',#10745,.F.);
#10745 = EDGE_LOOP('',(#10746,#10747,#10748,#10749));
#10746 = ORIENTED_EDGE('',*,*,#9034,.F.);
#10747 = ORIENTED_EDGE('',*,*,#9389,.T.);
#10748 = ORIENTED_EDGE('',*,*,#9416,.T.);
#10749 = ORIENTED_EDGE('',*,*,#10750,.T.);
#10750 = EDGE_CURVE('',#9417,#9035,#10751,.T.);
#10751 = CIRCLE('',#10752,5.);
#10752 = AXIS2_PLACEMENT_3D('',#10753,#10754,#10755);
#10753 = CARTESIAN_POINT('',(-89.,77.,95.));
#10754 = DIRECTION('',(0.,0.,1.));
#10755 = DIRECTION('',(-1.,0.,0.));
#10756 = CYLINDRICAL_SURFACE('',#10757,5.);
#10757 = AXIS2_PLACEMENT_3D('',#10758,#10759,#10760);
#10758 = CARTESIAN_POINT('',(-89.,77.,-55.));
#10759 = DIRECTION('',(0.,0.,1.));
#10760 = DIRECTION('',(-1.,0.,0.));
#10761 = ADVANCED_FACE('',(#10762),#10781,.F.);
#10762 = FACE_BOUND('',#10763,.F.);
#10763 = EDGE_LOOP('',(#10764,#10772,#10779,#10780));
#10764 = ORIENTED_EDGE('',*,*,#10765,.T.);
#10765 = EDGE_CURVE('',#9051,#10766,#10768,.T.);
#10766 = VERTEX_POINT('',#10767);
#10767 = CARTESIAN_POINT('',(-92.,62.,-36.8));
#10768 = LINE('',#10769,#10770);
#10769 = CARTESIAN_POINT('',(-94.2,62.,-36.8));
#10770 = VECTOR('',#10771,1.);
#10771 = DIRECTION('',(1.,0.,0.));
#10772 = ORIENTED_EDGE('',*,*,#10773,.F.);
#10773 = EDGE_CURVE('',#10766,#10766,#10774,.T.);
#10774 = CIRCLE('',#10775,3.2);
#10775 = AXIS2_PLACEMENT_3D('',#10776,#10777,#10778);
#10776 = CARTESIAN_POINT('',(-92.,62.,-40.));
#10777 = DIRECTION('',(1.,0.,-0.));
#10778 = DIRECTION('',(0.,0.,1.));
#10779 = ORIENTED_EDGE('',*,*,#10765,.F.);
#10780 = ORIENTED_EDGE('',*,*,#9050,.T.);
#10781 = CYLINDRICAL_SURFACE('',#10782,3.2);
#10782 = AXIS2_PLACEMENT_3D('',#10783,#10784,#10785);
#10783 = CARTESIAN_POINT('',(-94.2,62.,-40.));
#10784 = DIRECTION('',(1.,0.,0.));
#10785 = DIRECTION('',(0.,0.,1.));
#10786 = ADVANCED_FACE('',(#10787),#10806,.F.);
#10787 = FACE_BOUND('',#10788,.F.);
#10788 = EDGE_LOOP('',(#10789,#10797,#10804,#10805));
#10789 = ORIENTED_EDGE('',*,*,#10790,.T.);
#10790 = EDGE_CURVE('',#9062,#10791,#10793,.T.);
#10791 = VERTEX_POINT('',#10792);
#10792 = CARTESIAN_POINT('',(-92.,62.,44.2));
#10793 = LINE('',#10794,#10795);
#10794 = CARTESIAN_POINT('',(-94.2,62.,44.2));
#10795 = VECTOR('',#10796,1.);
#10796 = DIRECTION('',(1.,0.,0.));
#10797 = ORIENTED_EDGE('',*,*,#10798,.F.);
#10798 = EDGE_CURVE('',#10791,#10791,#10799,.T.);
#10799 = CIRCLE('',#10800,3.2);
#10800 = AXIS2_PLACEMENT_3D('',#10801,#10802,#10803);
#10801 = CARTESIAN_POINT('',(-92.,62.,41.));
#10802 = DIRECTION('',(1.,0.,-0.));
#10803 = DIRECTION('',(0.,0.,1.));
#10804 = ORIENTED_EDGE('',*,*,#10790,.F.);
#10805 = ORIENTED_EDGE('',*,*,#9061,.T.);
#10806 = CYLINDRICAL_SURFACE('',#10807,3.2);
#10807 = AXIS2_PLACEMENT_3D('',#10808,#10809,#10810);
#10808 = CARTESIAN_POINT('',(-94.2,62.,41.));
#10809 = DIRECTION('',(1.,0.,0.));
#10810 = DIRECTION('',(0.,0.,1.));
#10811 = ADVANCED_FACE('',(#10812),#10831,.F.);
#10812 = FACE_BOUND('',#10813,.F.);
#10813 = EDGE_LOOP('',(#10814,#10822,#10829,#10830));
#10814 = ORIENTED_EDGE('',*,*,#10815,.T.);
#10815 = EDGE_CURVE('',#9073,#10816,#10818,.T.);
#10816 = VERTEX_POINT('',#10817);
#10817 = CARTESIAN_POINT('',(-92.,-62.,-36.8));
#10818 = LINE('',#10819,#10820);
#10819 = CARTESIAN_POINT('',(-94.2,-62.,-36.8));
#10820 = VECTOR('',#10821,1.);
#10821 = DIRECTION('',(1.,0.,0.));
#10822 = ORIENTED_EDGE('',*,*,#10823,.F.);
#10823 = EDGE_CURVE('',#10816,#10816,#10824,.T.);
#10824 = CIRCLE('',#10825,3.2);
#10825 = AXIS2_PLACEMENT_3D('',#10826,#10827,#10828);
#10826 = CARTESIAN_POINT('',(-92.,-62.,-40.));
#10827 = DIRECTION('',(1.,0.,-0.));
#10828 = DIRECTION('',(0.,0.,1.));
#10829 = ORIENTED_EDGE('',*,*,#10815,.F.);
#10830 = ORIENTED_EDGE('',*,*,#9072,.T.);
#10831 = CYLINDRICAL_SURFACE('',#10832,3.2);
#10832 = AXIS2_PLACEMENT_3D('',#10833,#10834,#10835);
#10833 = CARTESIAN_POINT('',(-94.2,-62.,-40.));
#10834 = DIRECTION('',(1.,0.,0.));
#10835 = DIRECTION('',(0.,0.,1.));
#10836 = ADVANCED_FACE('',(#10837),#10863,.F.);
#10837 = FACE_BOUND('',#10838,.F.);
#10838 = EDGE_LOOP('',(#10839,#10850,#10856,#10857));
#10839 = ORIENTED_EDGE('',*,*,#10840,.F.);
#10840 = EDGE_CURVE('',#10841,#10843,#10845,.T.);
#10841 = VERTEX_POINT('',#10842);
#10842 = CARTESIAN_POINT('',(-91.,-47.2,57.));
#10843 = VERTEX_POINT('',#10844);
#10844 = CARTESIAN_POINT('',(-91.,-49.,55.2));
#10845 = CIRCLE('',#10846,1.8);
#10846 = AXIS2_PLACEMENT_3D('',#10847,#10848,#10849);
#10847 = CARTESIAN_POINT('',(-91.,-47.2,55.2));
#10848 = DIRECTION('',(1.,-0.,1.1E-16));
#10849 = DIRECTION('',(1.1E-16,0.,-1.));
#10850 = ORIENTED_EDGE('',*,*,#10851,.F.);
#10851 = EDGE_CURVE('',#9084,#10841,#10852,.T.);
#10852 = LINE('',#10853,#10854);
#10853 = CARTESIAN_POINT('',(-94.2,-47.2,57.));
#10854 = VECTOR('',#10855,1.);
#10855 = DIRECTION('',(1.,0.,0.));
#10856 = ORIENTED_EDGE('',*,*,#9083,.T.);
#10857 = ORIENTED_EDGE('',*,*,#10858,.T.);
#10858 = EDGE_CURVE('',#9086,#10843,#10859,.T.);
#10859 = LINE('',#10860,#10861);
#10860 = CARTESIAN_POINT('',(-94.2,-49.,55.2));
#10861 = VECTOR('',#10862,1.);
#10862 = DIRECTION('',(1.,0.,0.));
#10863 = CYLINDRICAL_SURFACE('',#10864,1.8);
#10864 = AXIS2_PLACEMENT_3D('',#10865,#10866,#10867);
#10865 = CARTESIAN_POINT('',(-94.2,-47.2,55.2));
#10866 = DIRECTION('',(1.,0.,0.));
#10867 = DIRECTION('',(0.,0.,-1.));
#10868 = ADVANCED_FACE('',(#10869),#10887,.T.);
#10869 = FACE_BOUND('',#10870,.T.);
#10870 = EDGE_LOOP('',(#10871,#10872,#10873,#10881));
#10871 = ORIENTED_EDGE('',*,*,#10851,.F.);
#10872 = ORIENTED_EDGE('',*,*,#9094,.T.);
#10873 = ORIENTED_EDGE('',*,*,#10874,.T.);
#10874 = EDGE_CURVE('',#9095,#10875,#10877,.T.);
#10875 = VERTEX_POINT('',#10876);
#10876 = CARTESIAN_POINT('',(-91.,47.2,57.));
#10877 = LINE('',#10878,#10879);
#10878 = CARTESIAN_POINT('',(-94.2,47.2,57.));
#10879 = VECTOR('',#10880,1.);
#10880 = DIRECTION('',(1.,0.,0.));
#10881 = ORIENTED_EDGE('',*,*,#10882,.F.);
#10882 = EDGE_CURVE('',#10841,#10875,#10883,.T.);
#10883 = LINE('',#10884,#10885);
#10884 = CARTESIAN_POINT('',(-91.,-63.1,57.));
#10885 = VECTOR('',#10886,1.);
#10886 = DIRECTION('',(0.,1.,0.));
#10887 = PLANE('',#10888);
#10888 = AXIS2_PLACEMENT_3D('',#10889,#10890,#10891);
#10889 = CARTESIAN_POINT('',(-94.2,-47.2,57.));
#10890 = DIRECTION('',(0.,0.,-1.));
#10891 = DIRECTION('',(1.,0.,0.));
#10892 = ADVANCED_FACE('',(#10893),#10911,.T.);
#10893 = FACE_BOUND('',#10894,.T.);
#10894 = EDGE_LOOP('',(#10895,#10896,#10897,#10905));
#10895 = ORIENTED_EDGE('',*,*,#9145,.T.);
#10896 = ORIENTED_EDGE('',*,*,#10858,.T.);
#10897 = ORIENTED_EDGE('',*,*,#10898,.F.);
#10898 = EDGE_CURVE('',#10899,#10843,#10901,.T.);
#10899 = VERTEX_POINT('',#10900);
#10900 = CARTESIAN_POINT('',(-91.,-49.,54.8));
#10901 = LINE('',#10902,#10903);
#10902 = CARTESIAN_POINT('',(-91.,-49.,-0.9));
#10903 = VECTOR('',#10904,1.);
#10904 = DIRECTION('',(0.,0.,1.));
#10905 = ORIENTED_EDGE('',*,*,#10906,.F.);
#10906 = EDGE_CURVE('',#9137,#10899,#10907,.T.);
#10907 = LINE('',#10908,#10909);
#10908 = CARTESIAN_POINT('',(-94.2,-49.,54.8));
#10909 = VECTOR('',#10910,1.);
#10910 = DIRECTION('',(1.,0.,0.));
#10911 = PLANE('',#10912);
#10912 = AXIS2_PLACEMENT_3D('',#10913,#10914,#10915);
#10913 = CARTESIAN_POINT('',(-94.2,-49.,55.2));
#10914 = DIRECTION('',(0.,1.,0.));
#10915 = DIRECTION('',(1.,0.,0.));
#10916 = ADVANCED_FACE('',(#10917),#10936,.F.);
#10917 = FACE_BOUND('',#10918,.F.);
#10918 = EDGE_LOOP('',(#10919,#10928,#10934,#10935));
#10919 = ORIENTED_EDGE('',*,*,#10920,.F.);
#10920 = EDGE_CURVE('',#10921,#10875,#10923,.T.);
#10921 = VERTEX_POINT('',#10922);
#10922 = CARTESIAN_POINT('',(-91.,49.,55.2));
#10923 = CIRCLE('',#10924,1.8);
#10924 = AXIS2_PLACEMENT_3D('',#10925,#10926,#10927);
#10925 = CARTESIAN_POINT('',(-91.,47.2,55.2));
#10926 = DIRECTION('',(1.,-0.,1.1E-16));
#10927 = DIRECTION('',(1.1E-16,0.,-1.));
#10928 = ORIENTED_EDGE('',*,*,#10929,.F.);
#10929 = EDGE_CURVE('',#9103,#10921,#10930,.T.);
#10930 = LINE('',#10931,#10932);
#10931 = CARTESIAN_POINT('',(-94.2,49.,55.2));
#10932 = VECTOR('',#10933,1.);
#10933 = DIRECTION('',(1.,0.,0.));
#10934 = ORIENTED_EDGE('',*,*,#9102,.T.);
#10935 = ORIENTED_EDGE('',*,*,#10874,.T.);
#10936 = CYLINDRICAL_SURFACE('',#10937,1.8);
#10937 = AXIS2_PLACEMENT_3D('',#10938,#10939,#10940);
#10938 = CARTESIAN_POINT('',(-94.2,47.2,55.2));
#10939 = DIRECTION('',(1.,0.,0.));
#10940 = DIRECTION('',(0.,0.,-1.));
#10941 = ADVANCED_FACE('',(#10942),#10961,.F.);
#10942 = FACE_BOUND('',#10943,.F.);
#10943 = EDGE_LOOP('',(#10944,#10953,#10954,#10955));
#10944 = ORIENTED_EDGE('',*,*,#10945,.F.);
#10945 = EDGE_CURVE('',#10899,#10946,#10948,.T.);
#10946 = VERTEX_POINT('',#10947);
#10947 = CARTESIAN_POINT('',(-91.,-47.2,53.));
#10948 = CIRCLE('',#10949,1.8);
#10949 = AXIS2_PLACEMENT_3D('',#10950,#10951,#10952);
#10950 = CARTESIAN_POINT('',(-91.,-47.2,54.8));
#10951 = DIRECTION('',(1.,-0.,1.1E-16));
#10952 = DIRECTION('',(1.1E-16,0.,-1.));
#10953 = ORIENTED_EDGE('',*,*,#10906,.F.);
#10954 = ORIENTED_EDGE('',*,*,#9136,.T.);
#10955 = ORIENTED_EDGE('',*,*,#10956,.T.);
#10956 = EDGE_CURVE('',#9129,#10946,#10957,.T.);
#10957 = LINE('',#10958,#10959);
#10958 = CARTESIAN_POINT('',(-94.2,-47.2,53.));
#10959 = VECTOR('',#10960,1.);
#10960 = DIRECTION('',(1.,0.,0.));
#10961 = CYLINDRICAL_SURFACE('',#10962,1.8);
#10962 = AXIS2_PLACEMENT_3D('',#10963,#10964,#10965);
#10963 = CARTESIAN_POINT('',(-94.2,-47.2,54.8));
#10964 = DIRECTION('',(1.,0.,0.));
#10965 = DIRECTION('',(0.,0.,-1.));
#10966 = ADVANCED_FACE('',(#10967),#10985,.F.);
#10967 = FACE_BOUND('',#10968,.F.);
#10968 = EDGE_LOOP('',(#10969,#10970,#10971,#10979));
#10969 = ORIENTED_EDGE('',*,*,#9111,.T.);
#10970 = ORIENTED_EDGE('',*,*,#10929,.T.);
#10971 = ORIENTED_EDGE('',*,*,#10972,.F.);
#10972 = EDGE_CURVE('',#10973,#10921,#10975,.T.);
#10973 = VERTEX_POINT('',#10974);
#10974 = CARTESIAN_POINT('',(-91.,49.,54.8));
#10975 = LINE('',#10976,#10977);
#10976 = CARTESIAN_POINT('',(-91.,49.,-0.9));
#10977 = VECTOR('',#10978,1.);
#10978 = DIRECTION('',(0.,0.,1.));
#10979 = ORIENTED_EDGE('',*,*,#10980,.F.);
#10980 = EDGE_CURVE('',#9112,#10973,#10981,.T.);
#10981 = LINE('',#10982,#10983);
#10982 = CARTESIAN_POINT('',(-94.2,49.,54.8));
#10983 = VECTOR('',#10984,1.);
#10984 = DIRECTION('',(1.,0.,0.));
#10985 = PLANE('',#10986);
#10986 = AXIS2_PLACEMENT_3D('',#10987,#10988,#10989);
#10987 = CARTESIAN_POINT('',(-94.2,49.,55.2));
#10988 = DIRECTION('',(0.,1.,0.));
#10989 = DIRECTION('',(1.,0.,0.));
#10990 = ADVANCED_FACE('',(#10991),#11009,.F.);
#10991 = FACE_BOUND('',#10992,.F.);
#10992 = EDGE_LOOP('',(#10993,#10994,#10995,#11003));
#10993 = ORIENTED_EDGE('',*,*,#10956,.F.);
#10994 = ORIENTED_EDGE('',*,*,#9128,.T.);
#10995 = ORIENTED_EDGE('',*,*,#10996,.T.);
#10996 = EDGE_CURVE('',#9120,#10997,#10999,.T.);
#10997 = VERTEX_POINT('',#10998);
#10998 = CARTESIAN_POINT('',(-91.,47.2,53.));
#10999 = LINE('',#11000,#11001);
#11000 = CARTESIAN_POINT('',(-94.2,47.2,53.));
#11001 = VECTOR('',#11002,1.);
#11002 = DIRECTION('',(1.,0.,0.));
#11003 = ORIENTED_EDGE('',*,*,#11004,.F.);
#11004 = EDGE_CURVE('',#10946,#10997,#11005,.T.);
#11005 = LINE('',#11006,#11007);
#11006 = CARTESIAN_POINT('',(-91.,-63.1,53.));
#11007 = VECTOR('',#11008,1.);
#11008 = DIRECTION('',(0.,1.,0.));
#11009 = PLANE('',#11010);
#11010 = AXIS2_PLACEMENT_3D('',#11011,#11012,#11013);
#11011 = CARTESIAN_POINT('',(-94.2,-47.2,53.));
#11012 = DIRECTION('',(0.,0.,-1.));
#11013 = DIRECTION('',(1.,0.,0.));
#11014 = ADVANCED_FACE('',(#11015),#11027,.F.);
#11015 = FACE_BOUND('',#11016,.F.);
#11016 = EDGE_LOOP('',(#11017,#11024,#11025,#11026));
#11017 = ORIENTED_EDGE('',*,*,#11018,.F.);
#11018 = EDGE_CURVE('',#10997,#10973,#11019,.T.);
#11019 = CIRCLE('',#11020,1.8);
#11020 = AXIS2_PLACEMENT_3D('',#11021,#11022,#11023);
#11021 = CARTESIAN_POINT('',(-91.,47.2,54.8));
#11022 = DIRECTION('',(1.,-0.,1.1E-16));
#11023 = DIRECTION('',(1.1E-16,0.,-1.));
#11024 = ORIENTED_EDGE('',*,*,#10996,.F.);
#11025 = ORIENTED_EDGE('',*,*,#9119,.T.);
#11026 = ORIENTED_EDGE('',*,*,#10980,.T.);
#11027 = CYLINDRICAL_SURFACE('',#11028,1.8);
#11028 = AXIS2_PLACEMENT_3D('',#11029,#11030,#11031);
#11029 = CARTESIAN_POINT('',(-94.2,47.2,54.8));
#11030 = DIRECTION('',(1.,0.,0.));
#11031 = DIRECTION('',(0.,0.,-1.));
#11032 = ADVANCED_FACE('',(#11033),#11059,.F.);
#11033 = FACE_BOUND('',#11034,.F.);
#11034 = EDGE_LOOP('',(#11035,#11046,#11052,#11053));
#11035 = ORIENTED_EDGE('',*,*,#11036,.F.);
#11036 = EDGE_CURVE('',#11037,#11039,#11041,.T.);
#11037 = VERTEX_POINT('',#11038);
#11038 = CARTESIAN_POINT('',(-91.,-47.2,66.));
#11039 = VERTEX_POINT('',#11040);
#11040 = CARTESIAN_POINT('',(-91.,-49.,64.2));
#11041 = CIRCLE('',#11042,1.8);
#11042 = AXIS2_PLACEMENT_3D('',#11043,#11044,#11045);
#11043 = CARTESIAN_POINT('',(-91.,-47.2,64.2));
#11044 = DIRECTION('',(1.,-0.,1.1E-16));
#11045 = DIRECTION('',(1.1E-16,0.,-1.));
#11046 = ORIENTED_EDGE('',*,*,#11047,.F.);
#11047 = EDGE_CURVE('',#9154,#11037,#11048,.T.);
#11048 = LINE('',#11049,#11050);
#11049 = CARTESIAN_POINT('',(-94.2,-47.2,66.));
#11050 = VECTOR('',#11051,1.);
#11051 = DIRECTION('',(1.,0.,0.));
#11052 = ORIENTED_EDGE('',*,*,#9153,.T.);
#11053 = ORIENTED_EDGE('',*,*,#11054,.T.);
#11054 = EDGE_CURVE('',#9156,#11039,#11055,.T.);
#11055 = LINE('',#11056,#11057);
#11056 = CARTESIAN_POINT('',(-94.2,-49.,64.2));
#11057 = VECTOR('',#11058,1.);
#11058 = DIRECTION('',(1.,0.,0.));
#11059 = CYLINDRICAL_SURFACE('',#11060,1.8);
#11060 = AXIS2_PLACEMENT_3D('',#11061,#11062,#11063);
#11061 = CARTESIAN_POINT('',(-94.2,-47.2,64.2));
#11062 = DIRECTION('',(1.,0.,0.));
#11063 = DIRECTION('',(0.,0.,-1.));
#11064 = ADVANCED_FACE('',(#11065),#11083,.T.);
#11065 = FACE_BOUND('',#11066,.T.);
#11066 = EDGE_LOOP('',(#11067,#11068,#11069,#11077));
#11067 = ORIENTED_EDGE('',*,*,#11047,.F.);
#11068 = ORIENTED_EDGE('',*,*,#9164,.T.);
#11069 = ORIENTED_EDGE('',*,*,#11070,.T.);
#11070 = EDGE_CURVE('',#9165,#11071,#11073,.T.);
#11071 = VERTEX_POINT('',#11072);
#11072 = CARTESIAN_POINT('',(-91.,47.2,66.));
#11073 = LINE('',#11074,#11075);
#11074 = CARTESIAN_POINT('',(-94.2,47.2,66.));
#11075 = VECTOR('',#11076,1.);
#11076 = DIRECTION('',(1.,0.,0.));
#11077 = ORIENTED_EDGE('',*,*,#11078,.F.);
#11078 = EDGE_CURVE('',#11037,#11071,#11079,.T.);
#11079 = LINE('',#11080,#11081);
#11080 = CARTESIAN_POINT('',(-91.,-63.1,66.));
#11081 = VECTOR('',#11082,1.);
#11082 = DIRECTION('',(0.,1.,0.));
#11083 = PLANE('',#11084);
#11084 = AXIS2_PLACEMENT_3D('',#11085,#11086,#11087);
#11085 = CARTESIAN_POINT('',(-94.2,-47.2,66.));
#11086 = DIRECTION('',(0.,0.,-1.));
#11087 = DIRECTION('',(1.,0.,0.));
#11088 = ADVANCED_FACE('',(#11089),#11107,.T.);
#11089 = FACE_BOUND('',#11090,.T.);
#11090 = EDGE_LOOP('',(#11091,#11092,#11093,#11101));
#11091 = ORIENTED_EDGE('',*,*,#9215,.T.);
#11092 = ORIENTED_EDGE('',*,*,#11054,.T.);
#11093 = ORIENTED_EDGE('',*,*,#11094,.F.);
#11094 = EDGE_CURVE('',#11095,#11039,#11097,.T.);
#11095 = VERTEX_POINT('',#11096);
#11096 = CARTESIAN_POINT('',(-91.,-49.,63.8));
#11097 = LINE('',#11098,#11099);
#11098 = CARTESIAN_POINT('',(-91.,-49.,3.6));
#11099 = VECTOR('',#11100,1.);
#11100 = DIRECTION('',(0.,0.,1.));
#11101 = ORIENTED_EDGE('',*,*,#11102,.F.);
#11102 = EDGE_CURVE('',#9207,#11095,#11103,.T.);
#11103 = LINE('',#11104,#11105);
#11104 = CARTESIAN_POINT('',(-94.2,-49.,63.8));
#11105 = VECTOR('',#11106,1.);
#11106 = DIRECTION('',(1.,0.,0.));
#11107 = PLANE('',#11108);
#11108 = AXIS2_PLACEMENT_3D('',#11109,#11110,#11111);
#11109 = CARTESIAN_POINT('',(-94.2,-49.,64.2));
#11110 = DIRECTION('',(0.,1.,0.));
#11111 = DIRECTION('',(1.,0.,0.));
#11112 = ADVANCED_FACE('',(#11113),#11132,.F.);
#11113 = FACE_BOUND('',#11114,.F.);
#11114 = EDGE_LOOP('',(#11115,#11124,#11130,#11131));
#11115 = ORIENTED_EDGE('',*,*,#11116,.F.);
#11116 = EDGE_CURVE('',#11117,#11071,#11119,.T.);
#11117 = VERTEX_POINT('',#11118);
#11118 = CARTESIAN_POINT('',(-91.,49.,64.2));
#11119 = CIRCLE('',#11120,1.8);
#11120 = AXIS2_PLACEMENT_3D('',#11121,#11122,#11123);
#11121 = CARTESIAN_POINT('',(-91.,47.2,64.2));
#11122 = DIRECTION('',(1.,-0.,1.1E-16));
#11123 = DIRECTION('',(1.1E-16,0.,-1.));
#11124 = ORIENTED_EDGE('',*,*,#11125,.F.);
#11125 = EDGE_CURVE('',#9173,#11117,#11126,.T.);
#11126 = LINE('',#11127,#11128);
#11127 = CARTESIAN_POINT('',(-94.2,49.,64.2));
#11128 = VECTOR('',#11129,1.);
#11129 = DIRECTION('',(1.,0.,0.));
#11130 = ORIENTED_EDGE('',*,*,#9172,.T.);
#11131 = ORIENTED_EDGE('',*,*,#11070,.T.);
#11132 = CYLINDRICAL_SURFACE('',#11133,1.8);
#11133 = AXIS2_PLACEMENT_3D('',#11134,#11135,#11136);
#11134 = CARTESIAN_POINT('',(-94.2,47.2,64.2));
#11135 = DIRECTION('',(1.,0.,0.));
#11136 = DIRECTION('',(0.,0.,-1.));
#11137 = ADVANCED_FACE('',(#11138),#11157,.F.);
#11138 = FACE_BOUND('',#11139,.F.);
#11139 = EDGE_LOOP('',(#11140,#11149,#11150,#11151));
#11140 = ORIENTED_EDGE('',*,*,#11141,.F.);
#11141 = EDGE_CURVE('',#11095,#11142,#11144,.T.);
#11142 = VERTEX_POINT('',#11143);
#11143 = CARTESIAN_POINT('',(-91.,-47.2,62.));
#11144 = CIRCLE('',#11145,1.8);
#11145 = AXIS2_PLACEMENT_3D('',#11146,#11147,#11148);
#11146 = CARTESIAN_POINT('',(-91.,-47.2,63.8));
#11147 = DIRECTION('',(1.,-0.,1.1E-16));
#11148 = DIRECTION('',(1.1E-16,0.,-1.));
#11149 = ORIENTED_EDGE('',*,*,#11102,.F.);
#11150 = ORIENTED_EDGE('',*,*,#9206,.T.);
#11151 = ORIENTED_EDGE('',*,*,#11152,.T.);
#11152 = EDGE_CURVE('',#9199,#11142,#11153,.T.);
#11153 = LINE('',#11154,#11155);
#11154 = CARTESIAN_POINT('',(-94.2,-47.2,62.));
#11155 = VECTOR('',#11156,1.);
#11156 = DIRECTION('',(1.,0.,0.));
#11157 = CYLINDRICAL_SURFACE('',#11158,1.8);
#11158 = AXIS2_PLACEMENT_3D('',#11159,#11160,#11161);
#11159 = CARTESIAN_POINT('',(-94.2,-47.2,63.8));
#11160 = DIRECTION('',(1.,0.,0.));
#11161 = DIRECTION('',(0.,0.,-1.));
#11162 = ADVANCED_FACE('',(#11163),#11181,.F.);
#11163 = FACE_BOUND('',#11164,.F.);
#11164 = EDGE_LOOP('',(#11165,#11166,#11167,#11175));
#11165 = ORIENTED_EDGE('',*,*,#9181,.T.);
#11166 = ORIENTED_EDGE('',*,*,#11125,.T.);
#11167 = ORIENTED_EDGE('',*,*,#11168,.F.);
#11168 = EDGE_CURVE('',#11169,#11117,#11171,.T.);
#11169 = VERTEX_POINT('',#11170);
#11170 = CARTESIAN_POINT('',(-91.,49.,63.8));
#11171 = LINE('',#11172,#11173);
#11172 = CARTESIAN_POINT('',(-91.,49.,3.6));
#11173 = VECTOR('',#11174,1.);
#11174 = DIRECTION('',(0.,0.,1.));
#11175 = ORIENTED_EDGE('',*,*,#11176,.F.);
#11176 = EDGE_CURVE('',#9182,#11169,#11177,.T.);
#11177 = LINE('',#11178,#11179);
#11178 = CARTESIAN_POINT('',(-94.2,49.,63.8));
#11179 = VECTOR('',#11180,1.);
#11180 = DIRECTION('',(1.,0.,0.));
#11181 = PLANE('',#11182);
#11182 = AXIS2_PLACEMENT_3D('',#11183,#11184,#11185);
#11183 = CARTESIAN_POINT('',(-94.2,49.,64.2));
#11184 = DIRECTION('',(0.,1.,0.));
#11185 = DIRECTION('',(1.,0.,0.));
#11186 = ADVANCED_FACE('',(#11187),#11205,.F.);
#11187 = FACE_BOUND('',#11188,.F.);
#11188 = EDGE_LOOP('',(#11189,#11190,#11191,#11199));
#11189 = ORIENTED_EDGE('',*,*,#11152,.F.);
#11190 = ORIENTED_EDGE('',*,*,#9198,.T.);
#11191 = ORIENTED_EDGE('',*,*,#11192,.T.);
#11192 = EDGE_CURVE('',#9190,#11193,#11195,.T.);
#11193 = VERTEX_POINT('',#11194);
#11194 = CARTESIAN_POINT('',(-91.,47.2,62.));
#11195 = LINE('',#11196,#11197);
#11196 = CARTESIAN_POINT('',(-94.2,47.2,62.));
#11197 = VECTOR('',#11198,1.);
#11198 = DIRECTION('',(1.,0.,0.));
#11199 = ORIENTED_EDGE('',*,*,#11200,.F.);
#11200 = EDGE_CURVE('',#11142,#11193,#11201,.T.);
#11201 = LINE('',#11202,#11203);
#11202 = CARTESIAN_POINT('',(-91.,-63.1,62.));
#11203 = VECTOR('',#11204,1.);
#11204 = DIRECTION('',(0.,1.,0.));
#11205 = PLANE('',#11206);
#11206 = AXIS2_PLACEMENT_3D('',#11207,#11208,#11209);
#11207 = CARTESIAN_POINT('',(-94.2,-47.2,62.));
#11208 = DIRECTION('',(0.,0.,-1.));
#11209 = DIRECTION('',(1.,0.,0.));
#11210 = ADVANCED_FACE('',(#11211),#11223,.F.);
#11211 = FACE_BOUND('',#11212,.F.);
#11212 = EDGE_LOOP('',(#11213,#11220,#11221,#11222));
#11213 = ORIENTED_EDGE('',*,*,#11214,.F.);
#11214 = EDGE_CURVE('',#11193,#11169,#11215,.T.);
#11215 = CIRCLE('',#11216,1.8);
#11216 = AXIS2_PLACEMENT_3D('',#11217,#11218,#11219);
#11217 = CARTESIAN_POINT('',(-91.,47.2,63.8));
#11218 = DIRECTION('',(1.,-0.,1.1E-16));
#11219 = DIRECTION('',(1.1E-16,0.,-1.));
#11220 = ORIENTED_EDGE('',*,*,#11192,.F.);
#11221 = ORIENTED_EDGE('',*,*,#9189,.T.);
#11222 = ORIENTED_EDGE('',*,*,#11176,.T.);
#11223 = CYLINDRICAL_SURFACE('',#11224,1.8);
#11224 = AXIS2_PLACEMENT_3D('',#11225,#11226,#11227);
#11225 = CARTESIAN_POINT('',(-94.2,47.2,63.8));
#11226 = DIRECTION('',(1.,0.,0.));
#11227 = DIRECTION('',(0.,0.,-1.));
#11228 = ADVANCED_FACE('',(#11229),#11255,.F.);
#11229 = FACE_BOUND('',#11230,.F.);
#11230 = EDGE_LOOP('',(#11231,#11242,#11248,#11249));
#11231 = ORIENTED_EDGE('',*,*,#11232,.F.);
#11232 = EDGE_CURVE('',#11233,#11235,#11237,.T.);
#11233 = VERTEX_POINT('',#11234);
#11234 = CARTESIAN_POINT('',(-91.,-47.2,75.));
#11235 = VERTEX_POINT('',#11236);
#11236 = CARTESIAN_POINT('',(-91.,-49.,73.2));
#11237 = CIRCLE('',#11238,1.8);
#11238 = AXIS2_PLACEMENT_3D('',#11239,#11240,#11241);
#11239 = CARTESIAN_POINT('',(-91.,-47.2,73.2));
#11240 = DIRECTION('',(1.,-0.,1.1E-16));
#11241 = DIRECTION('',(1.1E-16,0.,-1.));
#11242 = ORIENTED_EDGE('',*,*,#11243,.F.);
#11243 = EDGE_CURVE('',#9224,#11233,#11244,.T.);
#11244 = LINE('',#11245,#11246);
#11245 = CARTESIAN_POINT('',(-94.2,-47.2,75.));
#11246 = VECTOR('',#11247,1.);
#11247 = DIRECTION('',(1.,0.,0.));
#11248 = ORIENTED_EDGE('',*,*,#9223,.T.);
#11249 = ORIENTED_EDGE('',*,*,#11250,.T.);
#11250 = EDGE_CURVE('',#9226,#11235,#11251,.T.);
#11251 = LINE('',#11252,#11253);
#11252 = CARTESIAN_POINT('',(-94.2,-49.,73.2));
#11253 = VECTOR('',#11254,1.);
#11254 = DIRECTION('',(1.,0.,0.));
#11255 = CYLINDRICAL_SURFACE('',#11256,1.8);
#11256 = AXIS2_PLACEMENT_3D('',#11257,#11258,#11259);
#11257 = CARTESIAN_POINT('',(-94.2,-47.2,73.2));
#11258 = DIRECTION('',(1.,0.,0.));
#11259 = DIRECTION('',(0.,0.,-1.));
#11260 = ADVANCED_FACE('',(#11261),#11279,.T.);
#11261 = FACE_BOUND('',#11262,.T.);
#11262 = EDGE_LOOP('',(#11263,#11264,#11265,#11273));
#11263 = ORIENTED_EDGE('',*,*,#11243,.F.);
#11264 = ORIENTED_EDGE('',*,*,#9234,.T.);
#11265 = ORIENTED_EDGE('',*,*,#11266,.T.);
#11266 = EDGE_CURVE('',#9235,#11267,#11269,.T.);
#11267 = VERTEX_POINT('',#11268);
#11268 = CARTESIAN_POINT('',(-91.,47.2,75.));
#11269 = LINE('',#11270,#11271);
#11270 = CARTESIAN_POINT('',(-94.2,47.2,75.));
#11271 = VECTOR('',#11272,1.);
#11272 = DIRECTION('',(1.,0.,0.));
#11273 = ORIENTED_EDGE('',*,*,#11274,.F.);
#11274 = EDGE_CURVE('',#11233,#11267,#11275,.T.);
#11275 = LINE('',#11276,#11277);
#11276 = CARTESIAN_POINT('',(-91.,-63.1,75.));
#11277 = VECTOR('',#11278,1.);
#11278 = DIRECTION('',(0.,1.,0.));
#11279 = PLANE('',#11280);
#11280 = AXIS2_PLACEMENT_3D('',#11281,#11282,#11283);
#11281 = CARTESIAN_POINT('',(-94.2,-47.2,75.));
#11282 = DIRECTION('',(0.,0.,-1.));
#11283 = DIRECTION('',(1.,0.,0.));
#11284 = ADVANCED_FACE('',(#11285),#11303,.T.);
#11285 = FACE_BOUND('',#11286,.T.);
#11286 = EDGE_LOOP('',(#11287,#11288,#11289,#11297));
#11287 = ORIENTED_EDGE('',*,*,#9285,.T.);
#11288 = ORIENTED_EDGE('',*,*,#11250,.T.);
#11289 = ORIENTED_EDGE('',*,*,#11290,.F.);
#11290 = EDGE_CURVE('',#11291,#11235,#11293,.T.);
#11291 = VERTEX_POINT('',#11292);
#11292 = CARTESIAN_POINT('',(-91.,-49.,72.8));
#11293 = LINE('',#11294,#11295);
#11294 = CARTESIAN_POINT('',(-91.,-49.,8.1));
#11295 = VECTOR('',#11296,1.);
#11296 = DIRECTION('',(0.,0.,1.));
#11297 = ORIENTED_EDGE('',*,*,#11298,.F.);
#11298 = EDGE_CURVE('',#9277,#11291,#11299,.T.);
#11299 = LINE('',#11300,#11301);
#11300 = CARTESIAN_POINT('',(-94.2,-49.,72.8));
#11301 = VECTOR('',#11302,1.);
#11302 = DIRECTION('',(1.,0.,0.));
#11303 = PLANE('',#11304);
#11304 = AXIS2_PLACEMENT_3D('',#11305,#11306,#11307);
#11305 = CARTESIAN_POINT('',(-94.2,-49.,73.2));
#11306 = DIRECTION('',(0.,1.,0.));
#11307 = DIRECTION('',(1.,0.,0.));
#11308 = ADVANCED_FACE('',(#11309),#11328,.F.);
#11309 = FACE_BOUND('',#11310,.F.);
#11310 = EDGE_LOOP('',(#11311,#11320,#11326,#11327));
#11311 = ORIENTED_EDGE('',*,*,#11312,.F.);
#11312 = EDGE_CURVE('',#11313,#11267,#11315,.T.);
#11313 = VERTEX_POINT('',#11314);
#11314 = CARTESIAN_POINT('',(-91.,49.,73.2));
#11315 = CIRCLE('',#11316,1.8);
#11316 = AXIS2_PLACEMENT_3D('',#11317,#11318,#11319);
#11317 = CARTESIAN_POINT('',(-91.,47.2,73.2));
#11318 = DIRECTION('',(1.,-0.,1.1E-16));
#11319 = DIRECTION('',(1.1E-16,0.,-1.));
#11320 = ORIENTED_EDGE('',*,*,#11321,.F.);
#11321 = EDGE_CURVE('',#9243,#11313,#11322,.T.);
#11322 = LINE('',#11323,#11324);
#11323 = CARTESIAN_POINT('',(-94.2,49.,73.2));
#11324 = VECTOR('',#11325,1.);
#11325 = DIRECTION('',(1.,0.,0.));
#11326 = ORIENTED_EDGE('',*,*,#9242,.T.);
#11327 = ORIENTED_EDGE('',*,*,#11266,.T.);
#11328 = CYLINDRICAL_SURFACE('',#11329,1.8);
#11329 = AXIS2_PLACEMENT_3D('',#11330,#11331,#11332);
#11330 = CARTESIAN_POINT('',(-94.2,47.2,73.2));
#11331 = DIRECTION('',(1.,0.,0.));
#11332 = DIRECTION('',(0.,0.,-1.));
#11333 = ADVANCED_FACE('',(#11334),#11353,.F.);
#11334 = FACE_BOUND('',#11335,.F.);
#11335 = EDGE_LOOP('',(#11336,#11345,#11346,#11347));
#11336 = ORIENTED_EDGE('',*,*,#11337,.F.);
#11337 = EDGE_CURVE('',#11291,#11338,#11340,.T.);
#11338 = VERTEX_POINT('',#11339);
#11339 = CARTESIAN_POINT('',(-91.,-47.2,71.));
#11340 = CIRCLE('',#11341,1.8);
#11341 = AXIS2_PLACEMENT_3D('',#11342,#11343,#11344);
#11342 = CARTESIAN_POINT('',(-91.,-47.2,72.8));
#11343 = DIRECTION('',(1.,-0.,1.1E-16));
#11344 = DIRECTION('',(1.1E-16,0.,-1.));
#11345 = ORIENTED_EDGE('',*,*,#11298,.F.);
#11346 = ORIENTED_EDGE('',*,*,#9276,.T.);
#11347 = ORIENTED_EDGE('',*,*,#11348,.T.);
#11348 = EDGE_CURVE('',#9269,#11338,#11349,.T.);
#11349 = LINE('',#11350,#11351);
#11350 = CARTESIAN_POINT('',(-94.2,-47.2,71.));
#11351 = VECTOR('',#11352,1.);
#11352 = DIRECTION('',(1.,0.,0.));
#11353 = CYLINDRICAL_SURFACE('',#11354,1.8);
#11354 = AXIS2_PLACEMENT_3D('',#11355,#11356,#11357);
#11355 = CARTESIAN_POINT('',(-94.2,-47.2,72.8));
#11356 = DIRECTION('',(1.,0.,0.));
#11357 = DIRECTION('',(0.,0.,-1.));
#11358 = ADVANCED_FACE('',(#11359),#11377,.F.);
#11359 = FACE_BOUND('',#11360,.F.);
#11360 = EDGE_LOOP('',(#11361,#11362,#11363,#11371));
#11361 = ORIENTED_EDGE('',*,*,#9251,.T.);
#11362 = ORIENTED_EDGE('',*,*,#11321,.T.);
#11363 = ORIENTED_EDGE('',*,*,#11364,.F.);
#11364 = EDGE_CURVE('',#11365,#11313,#11367,.T.);
#11365 = VERTEX_POINT('',#11366);
#11366 = CARTESIAN_POINT('',(-91.,49.,72.8));
#11367 = LINE('',#11368,#11369);
#11368 = CARTESIAN_POINT('',(-91.,49.,8.1));
#11369 = VECTOR('',#11370,1.);
#11370 = DIRECTION('',(0.,0.,1.));
#11371 = ORIENTED_EDGE('',*,*,#11372,.F.);
#11372 = EDGE_CURVE('',#9252,#11365,#11373,.T.);
#11373 = LINE('',#11374,#11375);
#11374 = CARTESIAN_POINT('',(-94.2,49.,72.8));
#11375 = VECTOR('',#11376,1.);
#11376 = DIRECTION('',(1.,0.,0.));
#11377 = PLANE('',#11378);
#11378 = AXIS2_PLACEMENT_3D('',#11379,#11380,#11381);
#11379 = CARTESIAN_POINT('',(-94.2,49.,73.2));
#11380 = DIRECTION('',(0.,1.,0.));
#11381 = DIRECTION('',(1.,0.,0.));
#11382 = ADVANCED_FACE('',(#11383),#11401,.F.);
#11383 = FACE_BOUND('',#11384,.F.);
#11384 = EDGE_LOOP('',(#11385,#11386,#11387,#11395));
#11385 = ORIENTED_EDGE('',*,*,#11348,.F.);
#11386 = ORIENTED_EDGE('',*,*,#9268,.T.);
#11387 = ORIENTED_EDGE('',*,*,#11388,.T.);
#11388 = EDGE_CURVE('',#9260,#11389,#11391,.T.);
#11389 = VERTEX_POINT('',#11390);
#11390 = CARTESIAN_POINT('',(-91.,47.2,71.));
#11391 = LINE('',#11392,#11393);
#11392 = CARTESIAN_POINT('',(-94.2,47.2,71.));
#11393 = VECTOR('',#11394,1.);
#11394 = DIRECTION('',(1.,0.,0.));
#11395 = ORIENTED_EDGE('',*,*,#11396,.F.);
#11396 = EDGE_CURVE('',#11338,#11389,#11397,.T.);
#11397 = LINE('',#11398,#11399);
#11398 = CARTESIAN_POINT('',(-91.,-63.1,71.));
#11399 = VECTOR('',#11400,1.);
#11400 = DIRECTION('',(0.,1.,0.));
#11401 = PLANE('',#11402);
#11402 = AXIS2_PLACEMENT_3D('',#11403,#11404,#11405);
#11403 = CARTESIAN_POINT('',(-94.2,-47.2,71.));
#11404 = DIRECTION('',(0.,0.,-1.));
#11405 = DIRECTION('',(1.,0.,0.));
#11406 = ADVANCED_FACE('',(#11407),#11419,.F.);
#11407 = FACE_BOUND('',#11408,.F.);
#11408 = EDGE_LOOP('',(#11409,#11416,#11417,#11418));
#11409 = ORIENTED_EDGE('',*,*,#11410,.F.);
#11410 = EDGE_CURVE('',#11389,#11365,#11411,.T.);
#11411 = CIRCLE('',#11412,1.8);
#11412 = AXIS2_PLACEMENT_3D('',#11413,#11414,#11415);
#11413 = CARTESIAN_POINT('',(-91.,47.2,72.8));
#11414 = DIRECTION('',(1.,-0.,1.1E-16));
#11415 = DIRECTION('',(1.1E-16,0.,-1.));
#11416 = ORIENTED_EDGE('',*,*,#11388,.F.);
#11417 = ORIENTED_EDGE('',*,*,#9259,.T.);
#11418 = ORIENTED_EDGE('',*,*,#11372,.T.);
#11419 = CYLINDRICAL_SURFACE('',#11420,1.8);
#11420 = AXIS2_PLACEMENT_3D('',#11421,#11422,#11423);
#11421 = CARTESIAN_POINT('',(-94.2,47.2,72.8));
#11422 = DIRECTION('',(1.,0.,0.));
#11423 = DIRECTION('',(0.,0.,-1.));
#11424 = ADVANCED_FACE('',(#11425),#11451,.F.);
#11425 = FACE_BOUND('',#11426,.F.);
#11426 = EDGE_LOOP('',(#11427,#11438,#11444,#11445));
#11427 = ORIENTED_EDGE('',*,*,#11428,.F.);
#11428 = EDGE_CURVE('',#11429,#11431,#11433,.T.);
#11429 = VERTEX_POINT('',#11430);
#11430 = CARTESIAN_POINT('',(-91.,-47.2,84.));
#11431 = VERTEX_POINT('',#11432);
#11432 = CARTESIAN_POINT('',(-91.,-49.,82.2));
#11433 = CIRCLE('',#11434,1.8);
#11434 = AXIS2_PLACEMENT_3D('',#11435,#11436,#11437);
#11435 = CARTESIAN_POINT('',(-91.,-47.2,82.2));
#11436 = DIRECTION('',(1.,-0.,1.1E-16));
#11437 = DIRECTION('',(1.1E-16,0.,-1.));
#11438 = ORIENTED_EDGE('',*,*,#11439,.F.);
#11439 = EDGE_CURVE('',#9294,#11429,#11440,.T.);
#11440 = LINE('',#11441,#11442);
#11441 = CARTESIAN_POINT('',(-94.2,-47.2,84.));
#11442 = VECTOR('',#11443,1.);
#11443 = DIRECTION('',(1.,0.,0.));
#11444 = ORIENTED_EDGE('',*,*,#9293,.T.);
#11445 = ORIENTED_EDGE('',*,*,#11446,.T.);
#11446 = EDGE_CURVE('',#9296,#11431,#11447,.T.);
#11447 = LINE('',#11448,#11449);
#11448 = CARTESIAN_POINT('',(-94.2,-49.,82.2));
#11449 = VECTOR('',#11450,1.);
#11450 = DIRECTION('',(1.,0.,0.));
#11451 = CYLINDRICAL_SURFACE('',#11452,1.8);
#11452 = AXIS2_PLACEMENT_3D('',#11453,#11454,#11455);
#11453 = CARTESIAN_POINT('',(-94.2,-47.2,82.2));
#11454 = DIRECTION('',(1.,0.,0.));
#11455 = DIRECTION('',(0.,0.,-1.));
#11456 = ADVANCED_FACE('',(#11457),#11475,.T.);
#11457 = FACE_BOUND('',#11458,.T.);
#11458 = EDGE_LOOP('',(#11459,#11460,#11461,#11469));
#11459 = ORIENTED_EDGE('',*,*,#11439,.F.);
#11460 = ORIENTED_EDGE('',*,*,#9304,.T.);
#11461 = ORIENTED_EDGE('',*,*,#11462,.T.);
#11462 = EDGE_CURVE('',#9305,#11463,#11465,.T.);
#11463 = VERTEX_POINT('',#11464);
#11464 = CARTESIAN_POINT('',(-91.,47.2,84.));
#11465 = LINE('',#11466,#11467);
#11466 = CARTESIAN_POINT('',(-94.2,47.2,84.));
#11467 = VECTOR('',#11468,1.);
#11468 = DIRECTION('',(1.,0.,0.));
#11469 = ORIENTED_EDGE('',*,*,#11470,.F.);
#11470 = EDGE_CURVE('',#11429,#11463,#11471,.T.);
#11471 = LINE('',#11472,#11473);
#11472 = CARTESIAN_POINT('',(-91.,-63.1,84.));
#11473 = VECTOR('',#11474,1.);
#11474 = DIRECTION('',(0.,1.,0.));
#11475 = PLANE('',#11476);
#11476 = AXIS2_PLACEMENT_3D('',#11477,#11478,#11479);
#11477 = CARTESIAN_POINT('',(-94.2,-47.2,84.));
#11478 = DIRECTION('',(0.,0.,-1.));
#11479 = DIRECTION('',(1.,0.,0.));
#11480 = ADVANCED_FACE('',(#11481),#11499,.T.);
#11481 = FACE_BOUND('',#11482,.T.);
#11482 = EDGE_LOOP('',(#11483,#11484,#11485,#11493));
#11483 = ORIENTED_EDGE('',*,*,#9355,.T.);
#11484 = ORIENTED_EDGE('',*,*,#11446,.T.);
#11485 = ORIENTED_EDGE('',*,*,#11486,.F.);
#11486 = EDGE_CURVE('',#11487,#11431,#11489,.T.);
#11487 = VERTEX_POINT('',#11488);
#11488 = CARTESIAN_POINT('',(-91.,-49.,81.8));
#11489 = LINE('',#11490,#11491);
#11490 = CARTESIAN_POINT('',(-91.,-49.,12.6));
#11491 = VECTOR('',#11492,1.);
#11492 = DIRECTION('',(0.,0.,1.));
#11493 = ORIENTED_EDGE('',*,*,#11494,.F.);
#11494 = EDGE_CURVE('',#9347,#11487,#11495,.T.);
#11495 = LINE('',#11496,#11497);
#11496 = CARTESIAN_POINT('',(-94.2,-49.,81.8));
#11497 = VECTOR('',#11498,1.);
#11498 = DIRECTION('',(1.,0.,0.));
#11499 = PLANE('',#11500);
#11500 = AXIS2_PLACEMENT_3D('',#11501,#11502,#11503);
#11501 = CARTESIAN_POINT('',(-94.2,-49.,82.2));
#11502 = DIRECTION('',(0.,1.,0.));
#11503 = DIRECTION('',(1.,0.,0.));
#11504 = ADVANCED_FACE('',(#11505),#11524,.F.);
#11505 = FACE_BOUND('',#11506,.F.);
#11506 = EDGE_LOOP('',(#11507,#11516,#11522,#11523));
#11507 = ORIENTED_EDGE('',*,*,#11508,.F.);
#11508 = EDGE_CURVE('',#11509,#11463,#11511,.T.);
#11509 = VERTEX_POINT('',#11510);
#11510 = CARTESIAN_POINT('',(-91.,49.,82.2));
#11511 = CIRCLE('',#11512,1.8);
#11512 = AXIS2_PLACEMENT_3D('',#11513,#11514,#11515);
#11513 = CARTESIAN_POINT('',(-91.,47.2,82.2));
#11514 = DIRECTION('',(1.,-0.,1.1E-16));
#11515 = DIRECTION('',(1.1E-16,0.,-1.));
#11516 = ORIENTED_EDGE('',*,*,#11517,.F.);
#11517 = EDGE_CURVE('',#9313,#11509,#11518,.T.);
#11518 = LINE('',#11519,#11520);
#11519 = CARTESIAN_POINT('',(-94.2,49.,82.2));
#11520 = VECTOR('',#11521,1.);
#11521 = DIRECTION('',(1.,0.,0.));
#11522 = ORIENTED_EDGE('',*,*,#9312,.T.);
#11523 = ORIENTED_EDGE('',*,*,#11462,.T.);
#11524 = CYLINDRICAL_SURFACE('',#11525,1.8);
#11525 = AXIS2_PLACEMENT_3D('',#11526,#11527,#11528);
#11526 = CARTESIAN_POINT('',(-94.2,47.2,82.2));
#11527 = DIRECTION('',(1.,0.,0.));
#11528 = DIRECTION('',(0.,0.,-1.));
#11529 = ADVANCED_FACE('',(#11530),#11549,.F.);
#11530 = FACE_BOUND('',#11531,.F.);
#11531 = EDGE_LOOP('',(#11532,#11541,#11542,#11543));
#11532 = ORIENTED_EDGE('',*,*,#11533,.F.);
#11533 = EDGE_CURVE('',#11487,#11534,#11536,.T.);
#11534 = VERTEX_POINT('',#11535);
#11535 = CARTESIAN_POINT('',(-91.,-47.2,80.));
#11536 = CIRCLE('',#11537,1.8);
#11537 = AXIS2_PLACEMENT_3D('',#11538,#11539,#11540);
#11538 = CARTESIAN_POINT('',(-91.,-47.2,81.8));
#11539 = DIRECTION('',(1.,-0.,1.1E-16));
#11540 = DIRECTION('',(1.1E-16,0.,-1.));
#11541 = ORIENTED_EDGE('',*,*,#11494,.F.);
#11542 = ORIENTED_EDGE('',*,*,#9346,.T.);
#11543 = ORIENTED_EDGE('',*,*,#11544,.T.);
#11544 = EDGE_CURVE('',#9339,#11534,#11545,.T.);
#11545 = LINE('',#11546,#11547);
#11546 = CARTESIAN_POINT('',(-94.2,-47.2,80.));
#11547 = VECTOR('',#11548,1.);
#11548 = DIRECTION('',(1.,0.,0.));
#11549 = CYLINDRICAL_SURFACE('',#11550,1.8);
#11550 = AXIS2_PLACEMENT_3D('',#11551,#11552,#11553);
#11551 = CARTESIAN_POINT('',(-94.2,-47.2,81.8));
#11552 = DIRECTION('',(1.,0.,0.));
#11553 = DIRECTION('',(0.,0.,-1.));
#11554 = ADVANCED_FACE('',(#11555),#11573,.F.);
#11555 = FACE_BOUND('',#11556,.F.);
#11556 = EDGE_LOOP('',(#11557,#11558,#11559,#11567));
#11557 = ORIENTED_EDGE('',*,*,#9321,.T.);
#11558 = ORIENTED_EDGE('',*,*,#11517,.T.);
#11559 = ORIENTED_EDGE('',*,*,#11560,.F.);
#11560 = EDGE_CURVE('',#11561,#11509,#11563,.T.);
#11561 = VERTEX_POINT('',#11562);
#11562 = CARTESIAN_POINT('',(-91.,49.,81.8));
#11563 = LINE('',#11564,#11565);
#11564 = CARTESIAN_POINT('',(-91.,49.,12.6));
#11565 = VECTOR('',#11566,1.);
#11566 = DIRECTION('',(0.,0.,1.));
#11567 = ORIENTED_EDGE('',*,*,#11568,.F.);
#11568 = EDGE_CURVE('',#9322,#11561,#11569,.T.);
#11569 = LINE('',#11570,#11571);
#11570 = CARTESIAN_POINT('',(-94.2,49.,81.8));
#11571 = VECTOR('',#11572,1.);
#11572 = DIRECTION('',(1.,0.,0.));
#11573 = PLANE('',#11574);
#11574 = AXIS2_PLACEMENT_3D('',#11575,#11576,#11577);
#11575 = CARTESIAN_POINT('',(-94.2,49.,82.2));
#11576 = DIRECTION('',(0.,1.,0.));
#11577 = DIRECTION('',(1.,0.,0.));
#11578 = ADVANCED_FACE('',(#11579),#11597,.F.);
#11579 = FACE_BOUND('',#11580,.F.);
#11580 = EDGE_LOOP('',(#11581,#11582,#11583,#11591));
#11581 = ORIENTED_EDGE('',*,*,#11544,.F.);
#11582 = ORIENTED_EDGE('',*,*,#9338,.T.);
#11583 = ORIENTED_EDGE('',*,*,#11584,.T.);
#11584 = EDGE_CURVE('',#9330,#11585,#11587,.T.);
#11585 = VERTEX_POINT('',#11586);
#11586 = CARTESIAN_POINT('',(-91.,47.2,80.));
#11587 = LINE('',#11588,#11589);
#11588 = CARTESIAN_POINT('',(-94.2,47.2,80.));
#11589 = VECTOR('',#11590,1.);
#11590 = DIRECTION('',(1.,0.,0.));
#11591 = ORIENTED_EDGE('',*,*,#11592,.F.);
#11592 = EDGE_CURVE('',#11534,#11585,#11593,.T.);
#11593 = LINE('',#11594,#11595);
#11594 = CARTESIAN_POINT('',(-91.,-63.1,80.));
#11595 = VECTOR('',#11596,1.);
#11596 = DIRECTION('',(0.,1.,0.));
#11597 = PLANE('',#11598);
#11598 = AXIS2_PLACEMENT_3D('',#11599,#11600,#11601);
#11599 = CARTESIAN_POINT('',(-94.2,-47.2,80.));
#11600 = DIRECTION('',(0.,0.,-1.));
#11601 = DIRECTION('',(1.,0.,0.));
#11602 = ADVANCED_FACE('',(#11603),#11615,.F.);
#11603 = FACE_BOUND('',#11604,.F.);
#11604 = EDGE_LOOP('',(#11605,#11612,#11613,#11614));
#11605 = ORIENTED_EDGE('',*,*,#11606,.F.);
#11606 = EDGE_CURVE('',#11585,#11561,#11607,.T.);
#11607 = CIRCLE('',#11608,1.8);
#11608 = AXIS2_PLACEMENT_3D('',#11609,#11610,#11611);
#11609 = CARTESIAN_POINT('',(-91.,47.2,81.8));
#11610 = DIRECTION('',(1.,-0.,1.1E-16));
#11611 = DIRECTION('',(1.1E-16,0.,-1.));
#11612 = ORIENTED_EDGE('',*,*,#11584,.F.);
#11613 = ORIENTED_EDGE('',*,*,#9329,.T.);
#11614 = ORIENTED_EDGE('',*,*,#11568,.T.);
#11615 = CYLINDRICAL_SURFACE('',#11616,1.8);
#11616 = AXIS2_PLACEMENT_3D('',#11617,#11618,#11619);
#11617 = CARTESIAN_POINT('',(-94.2,47.2,81.8));
#11618 = DIRECTION('',(1.,0.,0.));
#11619 = DIRECTION('',(0.,0.,-1.));
#11620 = ADVANCED_FACE('',(#11621),#11640,.F.);
#11621 = FACE_BOUND('',#11622,.F.);
#11622 = EDGE_LOOP('',(#11623,#11631,#11638,#11639));
#11623 = ORIENTED_EDGE('',*,*,#11624,.T.);
#11624 = EDGE_CURVE('',#9364,#11625,#11627,.T.);
#11625 = VERTEX_POINT('',#11626);
#11626 = CARTESIAN_POINT('',(-92.,-62.,44.2));
#11627 = LINE('',#11628,#11629);
#11628 = CARTESIAN_POINT('',(-94.2,-62.,44.2));
#11629 = VECTOR('',#11630,1.);
#11630 = DIRECTION('',(1.,0.,0.));
#11631 = ORIENTED_EDGE('',*,*,#11632,.F.);
#11632 = EDGE_CURVE('',#11625,#11625,#11633,.T.);
#11633 = CIRCLE('',#11634,3.2);
#11634 = AXIS2_PLACEMENT_3D('',#11635,#11636,#11637);
#11635 = CARTESIAN_POINT('',(-92.,-62.,41.));
#11636 = DIRECTION('',(1.,0.,-0.));
#11637 = DIRECTION('',(0.,0.,1.));
#11638 = ORIENTED_EDGE('',*,*,#11624,.F.);
#11639 = ORIENTED_EDGE('',*,*,#9363,.T.);
#11640 = CYLINDRICAL_SURFACE('',#11641,3.2);
#11641 = AXIS2_PLACEMENT_3D('',#11642,#11643,#11644);
#11642 = CARTESIAN_POINT('',(-94.2,-62.,41.));
#11643 = DIRECTION('',(1.,0.,0.));
#11644 = DIRECTION('',(0.,0.,1.));
#11645 = ADVANCED_FACE('',(#11646),#11716,.T.);
#11646 = FACE_BOUND('',#11647,.T.);
#11647 = EDGE_LOOP('',(#11648,#11658,#11665,#11666,#11667,#11675,#11684,
    #11692,#11701,#11707,#11708,#11709));
#11648 = ORIENTED_EDGE('',*,*,#11649,.F.);
#11649 = EDGE_CURVE('',#11650,#11652,#11654,.T.);
#11650 = VERTEX_POINT('',#11651);
#11651 = CARTESIAN_POINT('',(-20.,-77.,100.));
#11652 = VERTEX_POINT('',#11653);
#11653 = CARTESIAN_POINT('',(-20.,77.,100.));
#11654 = LINE('',#11655,#11656);
#11655 = CARTESIAN_POINT('',(-20.,-86.,100.));
#11656 = VECTOR('',#11657,1.);
#11657 = DIRECTION('',(0.,1.,0.));
#11658 = ORIENTED_EDGE('',*,*,#11659,.T.);
#11659 = EDGE_CURVE('',#11650,#10435,#11660,.T.);
#11660 = CIRCLE('',#11661,5.);
#11661 = AXIS2_PLACEMENT_3D('',#11662,#11663,#11664);
#11662 = CARTESIAN_POINT('',(-20.,-77.,95.));
#11663 = DIRECTION('',(1.,0.,0.));
#11664 = DIRECTION('',(0.,-1.,0.));
#11665 = ORIENTED_EDGE('',*,*,#10442,.T.);
#11666 = ORIENTED_EDGE('',*,*,#10123,.F.);
#11667 = ORIENTED_EDGE('',*,*,#11668,.T.);
#11668 = EDGE_CURVE('',#10124,#11669,#11671,.T.);
#11669 = VERTEX_POINT('',#11670);
#11670 = CARTESIAN_POINT('',(-20.,-79.5,95.));
#11671 = LINE('',#11672,#11673);
#11672 = CARTESIAN_POINT('',(-20.,-79.5,-58.5));
#11673 = VECTOR('',#11674,1.);
#11674 = DIRECTION('',(0.,0.,1.));
#11675 = ORIENTED_EDGE('',*,*,#11676,.F.);
#11676 = EDGE_CURVE('',#11677,#11669,#11679,.T.);
#11677 = VERTEX_POINT('',#11678);
#11678 = CARTESIAN_POINT('',(-20.,-77.,97.5));
#11679 = CIRCLE('',#11680,2.5);
#11680 = AXIS2_PLACEMENT_3D('',#11681,#11682,#11683);
#11681 = CARTESIAN_POINT('',(-20.,-77.,95.));
#11682 = DIRECTION('',(1.,0.,0.));
#11683 = DIRECTION('',(0.,-1.,0.));
#11684 = ORIENTED_EDGE('',*,*,#11685,.F.);
#11685 = EDGE_CURVE('',#11686,#11677,#11688,.T.);
#11686 = VERTEX_POINT('',#11687);
#11687 = CARTESIAN_POINT('',(-20.,77.,97.5));
#11688 = LINE('',#11689,#11690);
#11689 = CARTESIAN_POINT('',(-20.,-84.75,97.5));
#11690 = VECTOR('',#11691,1.);
#11691 = DIRECTION('',(0.,-1.,0.));
#11692 = ORIENTED_EDGE('',*,*,#11693,.F.);
#11693 = EDGE_CURVE('',#11694,#11686,#11696,.T.);
#11694 = VERTEX_POINT('',#11695);
#11695 = CARTESIAN_POINT('',(-20.,79.5,95.));
#11696 = CIRCLE('',#11697,2.5);
#11697 = AXIS2_PLACEMENT_3D('',#11698,#11699,#11700);
#11698 = CARTESIAN_POINT('',(-20.,77.,95.));
#11699 = DIRECTION('',(1.,0.,0.));
#11700 = DIRECTION('',(0.,1.,0.));
#11701 = ORIENTED_EDGE('',*,*,#11702,.F.);
#11702 = EDGE_CURVE('',#10065,#11694,#11703,.T.);
#11703 = LINE('',#11704,#11705);
#11704 = CARTESIAN_POINT('',(-20.,79.5,-58.5));
#11705 = VECTOR('',#11706,1.);
#11706 = DIRECTION('',(0.,0.,1.));
#11707 = ORIENTED_EDGE('',*,*,#10073,.T.);
#11708 = ORIENTED_EDGE('',*,*,#9432,.F.);
#11709 = ORIENTED_EDGE('',*,*,#11710,.T.);
#11710 = EDGE_CURVE('',#9425,#11652,#11711,.T.);
#11711 = CIRCLE('',#11712,5.);
#11712 = AXIS2_PLACEMENT_3D('',#11713,#11714,#11715);
#11713 = CARTESIAN_POINT('',(-20.,77.,95.));
#11714 = DIRECTION('',(1.,0.,0.));
#11715 = DIRECTION('',(0.,1.,0.));
#11716 = PLANE('',#11717);
#11717 = AXIS2_PLACEMENT_3D('',#11718,#11719,#11720);
#11718 = CARTESIAN_POINT('',(-20.,-90.,-60.));
#11719 = DIRECTION('',(1.,0.,0.));
#11720 = DIRECTION('',(0.,0.,1.));
#11721 = ADVANCED_FACE('',(#11722),#11739,.T.);
#11722 = FACE_BOUND('',#11723,.T.);
#11723 = EDGE_LOOP('',(#11724,#11725,#11732,#11738));
#11724 = ORIENTED_EDGE('',*,*,#9424,.F.);
#11725 = ORIENTED_EDGE('',*,*,#11726,.T.);
#11726 = EDGE_CURVE('',#9417,#10724,#11727,.T.);
#11727 = CIRCLE('',#11728,5.);
#11728 = AXIS2_PLACEMENT_3D('',#11729,#11730,#11731);
#11729 = CARTESIAN_POINT('',(-89.,77.,95.));
#11730 = DIRECTION('',(1.,0.,6.E-17));
#11731 = DIRECTION('',(-6.E-17,0.,1.));
#11732 = ORIENTED_EDGE('',*,*,#11733,.T.);
#11733 = EDGE_CURVE('',#10724,#11652,#11734,.T.);
#11734 = LINE('',#11735,#11736);
#11735 = CARTESIAN_POINT('',(-94.,77.,100.));
#11736 = VECTOR('',#11737,1.);
#11737 = DIRECTION('',(1.,0.,0.));
#11738 = ORIENTED_EDGE('',*,*,#11710,.F.);
#11739 = CYLINDRICAL_SURFACE('',#11740,5.);
#11740 = AXIS2_PLACEMENT_3D('',#11741,#11742,#11743);
#11741 = CARTESIAN_POINT('',(-94.,77.,95.));
#11742 = DIRECTION('',(1.,0.,0.));
#11743 = DIRECTION('',(0.,1.,0.));
#11744 = ADVANCED_FACE('',(#11745),#11764,.T.);
#11745 = FACE_BOUND('',#11746,.T.);
#11746 = EDGE_LOOP('',(#11747,#11755,#11762,#11763));
#11747 = ORIENTED_EDGE('',*,*,#11748,.T.);
#11748 = EDGE_CURVE('',#9458,#11749,#11751,.T.);
#11749 = VERTEX_POINT('',#11750);
#11750 = CARTESIAN_POINT('',(-45.,86.,43.));
#11751 = LINE('',#11752,#11753);
#11752 = CARTESIAN_POINT('',(-45.,75.,43.));
#11753 = VECTOR('',#11754,1.);
#11754 = DIRECTION('',(0.,1.,0.));
#11755 = ORIENTED_EDGE('',*,*,#11756,.F.);
#11756 = EDGE_CURVE('',#11749,#11749,#11757,.T.);
#11757 = CIRCLE('',#11758,8.);
#11758 = AXIS2_PLACEMENT_3D('',#11759,#11760,#11761);
#11759 = CARTESIAN_POINT('',(-45.,86.,35.));
#11760 = DIRECTION('',(0.,1.,0.));
#11761 = DIRECTION('',(0.,0.,1.));
#11762 = ORIENTED_EDGE('',*,*,#11748,.F.);
#11763 = ORIENTED_EDGE('',*,*,#9457,.T.);
#11764 = CYLINDRICAL_SURFACE('',#11765,8.);
#11765 = AXIS2_PLACEMENT_3D('',#11766,#11767,#11768);
#11766 = CARTESIAN_POINT('',(-45.,75.,35.));
#11767 = DIRECTION('',(0.,1.,0.));
#11768 = DIRECTION('',(0.,0.,1.));
#11769 = ADVANCED_FACE('',(#11770),#11786,.T.);
#11770 = FACE_BOUND('',#11771,.T.);
#11771 = EDGE_LOOP('',(#11772,#11778,#11779,#11785));
#11772 = ORIENTED_EDGE('',*,*,#11773,.F.);
#11773 = EDGE_CURVE('',#9471,#9838,#11774,.T.);
#11774 = LINE('',#11775,#11776);
#11775 = CARTESIAN_POINT('',(-78.,82.2,56.8));
#11776 = VECTOR('',#11777,1.);
#11777 = DIRECTION('',(0.,-1.,0.));
#11778 = ORIENTED_EDGE('',*,*,#9468,.F.);
#11779 = ORIENTED_EDGE('',*,*,#11780,.T.);
#11780 = EDGE_CURVE('',#9469,#9836,#11781,.T.);
#11781 = LINE('',#11782,#11783);
#11782 = CARTESIAN_POINT('',(-78.,82.2,57.2));
#11783 = VECTOR('',#11784,1.);
#11784 = DIRECTION('',(0.,-1.,0.));
#11785 = ORIENTED_EDGE('',*,*,#9835,.T.);
#11786 = PLANE('',#11787);
#11787 = AXIS2_PLACEMENT_3D('',#11788,#11789,#11790);
#11788 = CARTESIAN_POINT('',(-78.,82.2,56.8));
#11789 = DIRECTION('',(1.,0.,0.));
#11790 = DIRECTION('',(0.,-1.,0.));
#11791 = ADVANCED_FACE('',(#11792),#11803,.F.);
#11792 = FACE_BOUND('',#11793,.F.);
#11793 = EDGE_LOOP('',(#11794,#11795,#11801,#11802));
#11794 = ORIENTED_EDGE('',*,*,#9896,.F.);
#11795 = ORIENTED_EDGE('',*,*,#11796,.F.);
#11796 = EDGE_CURVE('',#9522,#9889,#11797,.T.);
#11797 = LINE('',#11798,#11799);
#11798 = CARTESIAN_POINT('',(-76.5,82.2,58.7));
#11799 = VECTOR('',#11800,1.);
#11800 = DIRECTION('',(0.,-1.,0.));
#11801 = ORIENTED_EDGE('',*,*,#9529,.T.);
#11802 = ORIENTED_EDGE('',*,*,#11780,.T.);
#11803 = CYLINDRICAL_SURFACE('',#11804,1.5);
#11804 = AXIS2_PLACEMENT_3D('',#11805,#11806,#11807);
#11805 = CARTESIAN_POINT('',(-76.5,82.2,57.2));
#11806 = DIRECTION('',(0.,-1.,0.));
#11807 = DIRECTION('',(1.,0.,0.));
#11808 = ADVANCED_FACE('',(#11809),#11820,.F.);
#11809 = FACE_BOUND('',#11810,.F.);
#11810 = EDGE_LOOP('',(#11811,#11812,#11813,#11814));
#11811 = ORIENTED_EDGE('',*,*,#9845,.F.);
#11812 = ORIENTED_EDGE('',*,*,#11773,.F.);
#11813 = ORIENTED_EDGE('',*,*,#9478,.T.);
#11814 = ORIENTED_EDGE('',*,*,#11815,.T.);
#11815 = EDGE_CURVE('',#9479,#9846,#11816,.T.);
#11816 = LINE('',#11817,#11818);
#11817 = CARTESIAN_POINT('',(-76.5,82.2,55.3));
#11818 = VECTOR('',#11819,1.);
#11819 = DIRECTION('',(0.,-1.,0.));
#11820 = CYLINDRICAL_SURFACE('',#11821,1.5);
#11821 = AXIS2_PLACEMENT_3D('',#11822,#11823,#11824);
#11822 = CARTESIAN_POINT('',(-76.5,82.2,56.8));
#11823 = DIRECTION('',(0.,-1.,0.));
#11824 = DIRECTION('',(1.,0.,0.));
#11825 = ADVANCED_FACE('',(#11826),#11837,.F.);
#11826 = FACE_BOUND('',#11827,.F.);
#11827 = EDGE_LOOP('',(#11828,#11829,#11830,#11831));
#11828 = ORIENTED_EDGE('',*,*,#9521,.F.);
#11829 = ORIENTED_EDGE('',*,*,#11796,.T.);
#11830 = ORIENTED_EDGE('',*,*,#9888,.T.);
#11831 = ORIENTED_EDGE('',*,*,#11832,.F.);
#11832 = EDGE_CURVE('',#9513,#9880,#11833,.T.);
#11833 = LINE('',#11834,#11835);
#11834 = CARTESIAN_POINT('',(-33.5,82.2,58.7));
#11835 = VECTOR('',#11836,1.);
#11836 = DIRECTION('',(0.,-1.,0.));
#11837 = PLANE('',#11838);
#11838 = AXIS2_PLACEMENT_3D('',#11839,#11840,#11841);
#11839 = CARTESIAN_POINT('',(-76.5,82.2,58.7));
#11840 = DIRECTION('',(0.,0.,1.));
#11841 = DIRECTION('',(0.,-1.,0.));
#11842 = ADVANCED_FACE('',(#11843),#11854,.T.);
#11843 = FACE_BOUND('',#11844,.T.);
#11844 = EDGE_LOOP('',(#11845,#11846,#11847,#11848));
#11845 = ORIENTED_EDGE('',*,*,#9487,.F.);
#11846 = ORIENTED_EDGE('',*,*,#11815,.T.);
#11847 = ORIENTED_EDGE('',*,*,#9854,.T.);
#11848 = ORIENTED_EDGE('',*,*,#11849,.F.);
#11849 = EDGE_CURVE('',#9488,#9855,#11850,.T.);
#11850 = LINE('',#11851,#11852);
#11851 = CARTESIAN_POINT('',(-33.5,82.2,55.3));
#11852 = VECTOR('',#11853,1.);
#11853 = DIRECTION('',(0.,-1.,0.));
#11854 = PLANE('',#11855);
#11855 = AXIS2_PLACEMENT_3D('',#11856,#11857,#11858);
#11856 = CARTESIAN_POINT('',(-76.5,82.2,55.3));
#11857 = DIRECTION('',(0.,0.,1.));
#11858 = DIRECTION('',(0.,-1.,0.));
#11859 = ADVANCED_FACE('',(#11860),#11871,.F.);
#11860 = FACE_BOUND('',#11861,.F.);
#11861 = EDGE_LOOP('',(#11862,#11863,#11869,#11870));
#11862 = ORIENTED_EDGE('',*,*,#9879,.F.);
#11863 = ORIENTED_EDGE('',*,*,#11864,.F.);
#11864 = EDGE_CURVE('',#9505,#9872,#11865,.T.);
#11865 = LINE('',#11866,#11867);
#11866 = CARTESIAN_POINT('',(-32.,82.2,57.2));
#11867 = VECTOR('',#11868,1.);
#11868 = DIRECTION('',(0.,-1.,0.));
#11869 = ORIENTED_EDGE('',*,*,#9512,.T.);
#11870 = ORIENTED_EDGE('',*,*,#11832,.T.);
#11871 = CYLINDRICAL_SURFACE('',#11872,1.5);
#11872 = AXIS2_PLACEMENT_3D('',#11873,#11874,#11875);
#11873 = CARTESIAN_POINT('',(-33.5,82.2,57.2));
#11874 = DIRECTION('',(0.,-1.,0.));
#11875 = DIRECTION('',(1.,0.,0.));
#11876 = ADVANCED_FACE('',(#11877),#11888,.F.);
#11877 = FACE_BOUND('',#11878,.F.);
#11878 = EDGE_LOOP('',(#11879,#11880,#11881,#11882));
#11879 = ORIENTED_EDGE('',*,*,#9862,.F.);
#11880 = ORIENTED_EDGE('',*,*,#11849,.F.);
#11881 = ORIENTED_EDGE('',*,*,#9495,.T.);
#11882 = ORIENTED_EDGE('',*,*,#11883,.T.);
#11883 = EDGE_CURVE('',#9496,#9863,#11884,.T.);
#11884 = LINE('',#11885,#11886);
#11885 = CARTESIAN_POINT('',(-32.,82.2,56.8));
#11886 = VECTOR('',#11887,1.);
#11887 = DIRECTION('',(0.,-1.,0.));
#11888 = CYLINDRICAL_SURFACE('',#11889,1.5);
#11889 = AXIS2_PLACEMENT_3D('',#11890,#11891,#11892);
#11890 = CARTESIAN_POINT('',(-33.5,82.2,56.8));
#11891 = DIRECTION('',(0.,-1.,0.));
#11892 = DIRECTION('',(1.,0.,0.));
#11893 = ADVANCED_FACE('',(#11894),#11900,.F.);
#11894 = FACE_BOUND('',#11895,.F.);
#11895 = EDGE_LOOP('',(#11896,#11897,#11898,#11899));
#11896 = ORIENTED_EDGE('',*,*,#11883,.F.);
#11897 = ORIENTED_EDGE('',*,*,#9504,.F.);
#11898 = ORIENTED_EDGE('',*,*,#11864,.T.);
#11899 = ORIENTED_EDGE('',*,*,#9871,.T.);
#11900 = PLANE('',#11901);
#11901 = AXIS2_PLACEMENT_3D('',#11902,#11903,#11904);
#11902 = CARTESIAN_POINT('',(-32.,82.2,56.8));
#11903 = DIRECTION('',(1.,0.,0.));
#11904 = DIRECTION('',(0.,-1.,0.));
#11905 = ADVANCED_FACE('',(#11906),#11922,.T.);
#11906 = FACE_BOUND('',#11907,.T.);
#11907 = EDGE_LOOP('',(#11908,#11914,#11915,#11921));
#11908 = ORIENTED_EDGE('',*,*,#11909,.F.);
#11909 = EDGE_CURVE('',#9541,#9908,#11910,.T.);
#11910 = LINE('',#11911,#11912);
#11911 = CARTESIAN_POINT('',(-78.,82.2,65.8));
#11912 = VECTOR('',#11913,1.);
#11913 = DIRECTION('',(0.,-1.,0.));
#11914 = ORIENTED_EDGE('',*,*,#9538,.F.);
#11915 = ORIENTED_EDGE('',*,*,#11916,.T.);
#11916 = EDGE_CURVE('',#9539,#9906,#11917,.T.);
#11917 = LINE('',#11918,#11919);
#11918 = CARTESIAN_POINT('',(-78.,82.2,66.2));
#11919 = VECTOR('',#11920,1.);
#11920 = DIRECTION('',(0.,-1.,0.));
#11921 = ORIENTED_EDGE('',*,*,#9905,.T.);
#11922 = PLANE('',#11923);
#11923 = AXIS2_PLACEMENT_3D('',#11924,#11925,#11926);
#11924 = CARTESIAN_POINT('',(-78.,82.2,65.8));
#11925 = DIRECTION('',(1.,0.,0.));
#11926 = DIRECTION('',(0.,-1.,0.));
#11927 = ADVANCED_FACE('',(#11928),#11939,.F.);
#11928 = FACE_BOUND('',#11929,.F.);
#11929 = EDGE_LOOP('',(#11930,#11931,#11937,#11938));
#11930 = ORIENTED_EDGE('',*,*,#9966,.F.);
#11931 = ORIENTED_EDGE('',*,*,#11932,.F.);
#11932 = EDGE_CURVE('',#9592,#9959,#11933,.T.);
#11933 = LINE('',#11934,#11935);
#11934 = CARTESIAN_POINT('',(-76.5,82.2,67.7));
#11935 = VECTOR('',#11936,1.);
#11936 = DIRECTION('',(0.,-1.,0.));
#11937 = ORIENTED_EDGE('',*,*,#9599,.T.);
#11938 = ORIENTED_EDGE('',*,*,#11916,.T.);
#11939 = CYLINDRICAL_SURFACE('',#11940,1.5);
#11940 = AXIS2_PLACEMENT_3D('',#11941,#11942,#11943);
#11941 = CARTESIAN_POINT('',(-76.5,82.2,66.2));
#11942 = DIRECTION('',(0.,-1.,0.));
#11943 = DIRECTION('',(1.,0.,0.));
#11944 = ADVANCED_FACE('',(#11945),#11956,.F.);
#11945 = FACE_BOUND('',#11946,.F.);
#11946 = EDGE_LOOP('',(#11947,#11948,#11949,#11950));
#11947 = ORIENTED_EDGE('',*,*,#9915,.F.);
#11948 = ORIENTED_EDGE('',*,*,#11909,.F.);
#11949 = ORIENTED_EDGE('',*,*,#9548,.T.);
#11950 = ORIENTED_EDGE('',*,*,#11951,.T.);
#11951 = EDGE_CURVE('',#9549,#9916,#11952,.T.);
#11952 = LINE('',#11953,#11954);
#11953 = CARTESIAN_POINT('',(-76.5,82.2,64.3));
#11954 = VECTOR('',#11955,1.);
#11955 = DIRECTION('',(0.,-1.,0.));
#11956 = CYLINDRICAL_SURFACE('',#11957,1.5);
#11957 = AXIS2_PLACEMENT_3D('',#11958,#11959,#11960);
#11958 = CARTESIAN_POINT('',(-76.5,82.2,65.8));
#11959 = DIRECTION('',(0.,-1.,0.));
#11960 = DIRECTION('',(1.,0.,0.));
#11961 = ADVANCED_FACE('',(#11962),#11973,.F.);
#11962 = FACE_BOUND('',#11963,.F.);
#11963 = EDGE_LOOP('',(#11964,#11965,#11966,#11967));
#11964 = ORIENTED_EDGE('',*,*,#9591,.F.);
#11965 = ORIENTED_EDGE('',*,*,#11932,.T.);
#11966 = ORIENTED_EDGE('',*,*,#9958,.T.);
#11967 = ORIENTED_EDGE('',*,*,#11968,.F.);
#11968 = EDGE_CURVE('',#9583,#9950,#11969,.T.);
#11969 = LINE('',#11970,#11971);
#11970 = CARTESIAN_POINT('',(-33.5,82.2,67.7));
#11971 = VECTOR('',#11972,1.);
#11972 = DIRECTION('',(0.,-1.,0.));
#11973 = PLANE('',#11974);
#11974 = AXIS2_PLACEMENT_3D('',#11975,#11976,#11977);
#11975 = CARTESIAN_POINT('',(-76.5,82.2,67.7));
#11976 = DIRECTION('',(0.,0.,1.));
#11977 = DIRECTION('',(0.,-1.,0.));
#11978 = ADVANCED_FACE('',(#11979),#11990,.T.);
#11979 = FACE_BOUND('',#11980,.T.);
#11980 = EDGE_LOOP('',(#11981,#11982,#11983,#11984));
#11981 = ORIENTED_EDGE('',*,*,#9557,.F.);
#11982 = ORIENTED_EDGE('',*,*,#11951,.T.);
#11983 = ORIENTED_EDGE('',*,*,#9924,.T.);
#11984 = ORIENTED_EDGE('',*,*,#11985,.F.);
#11985 = EDGE_CURVE('',#9558,#9925,#11986,.T.);
#11986 = LINE('',#11987,#11988);
#11987 = CARTESIAN_POINT('',(-33.5,82.2,64.3));
#11988 = VECTOR('',#11989,1.);
#11989 = DIRECTION('',(0.,-1.,0.));
#11990 = PLANE('',#11991);
#11991 = AXIS2_PLACEMENT_3D('',#11992,#11993,#11994);
#11992 = CARTESIAN_POINT('',(-76.5,82.2,64.3));
#11993 = DIRECTION('',(0.,0.,1.));
#11994 = DIRECTION('',(0.,-1.,0.));
#11995 = ADVANCED_FACE('',(#11996),#12007,.F.);
#11996 = FACE_BOUND('',#11997,.F.);
#11997 = EDGE_LOOP('',(#11998,#11999,#12005,#12006));
#11998 = ORIENTED_EDGE('',*,*,#9949,.F.);
#11999 = ORIENTED_EDGE('',*,*,#12000,.F.);
#12000 = EDGE_CURVE('',#9575,#9942,#12001,.T.);
#12001 = LINE('',#12002,#12003);
#12002 = CARTESIAN_POINT('',(-32.,82.2,66.2));
#12003 = VECTOR('',#12004,1.);
#12004 = DIRECTION('',(0.,-1.,0.));
#12005 = ORIENTED_EDGE('',*,*,#9582,.T.);
#12006 = ORIENTED_EDGE('',*,*,#11968,.T.);
#12007 = CYLINDRICAL_SURFACE('',#12008,1.5);
#12008 = AXIS2_PLACEMENT_3D('',#12009,#12010,#12011);
#12009 = CARTESIAN_POINT('',(-33.5,82.2,66.2));
#12010 = DIRECTION('',(0.,-1.,0.));
#12011 = DIRECTION('',(1.,0.,0.));
#12012 = ADVANCED_FACE('',(#12013),#12024,.F.);
#12013 = FACE_BOUND('',#12014,.F.);
#12014 = EDGE_LOOP('',(#12015,#12016,#12017,#12018));
#12015 = ORIENTED_EDGE('',*,*,#9932,.F.);
#12016 = ORIENTED_EDGE('',*,*,#11985,.F.);
#12017 = ORIENTED_EDGE('',*,*,#9565,.T.);
#12018 = ORIENTED_EDGE('',*,*,#12019,.T.);
#12019 = EDGE_CURVE('',#9566,#9933,#12020,.T.);
#12020 = LINE('',#12021,#12022);
#12021 = CARTESIAN_POINT('',(-32.,82.2,65.8));
#12022 = VECTOR('',#12023,1.);
#12023 = DIRECTION('',(0.,-1.,0.));
#12024 = CYLINDRICAL_SURFACE('',#12025,1.5);
#12025 = AXIS2_PLACEMENT_3D('',#12026,#12027,#12028);
#12026 = CARTESIAN_POINT('',(-33.5,82.2,65.8));
#12027 = DIRECTION('',(0.,-1.,0.));
#12028 = DIRECTION('',(1.,0.,0.));
#12029 = ADVANCED_FACE('',(#12030),#12036,.F.);
#12030 = FACE_BOUND('',#12031,.F.);
#12031 = EDGE_LOOP('',(#12032,#12033,#12034,#12035));
#12032 = ORIENTED_EDGE('',*,*,#12019,.F.);
#12033 = ORIENTED_EDGE('',*,*,#9574,.F.);
#12034 = ORIENTED_EDGE('',*,*,#12000,.T.);
#12035 = ORIENTED_EDGE('',*,*,#9941,.T.);
#12036 = PLANE('',#12037);
#12037 = AXIS2_PLACEMENT_3D('',#12038,#12039,#12040);
#12038 = CARTESIAN_POINT('',(-32.,82.2,65.8));
#12039 = DIRECTION('',(1.,0.,0.));
#12040 = DIRECTION('',(0.,-1.,0.));
#12041 = ADVANCED_FACE('',(#12042),#12058,.T.);
#12042 = FACE_BOUND('',#12043,.T.);
#12043 = EDGE_LOOP('',(#12044,#12050,#12051,#12057));
#12044 = ORIENTED_EDGE('',*,*,#12045,.F.);
#12045 = EDGE_CURVE('',#9611,#9978,#12046,.T.);
#12046 = LINE('',#12047,#12048);
#12047 = CARTESIAN_POINT('',(-78.,82.2,74.8));
#12048 = VECTOR('',#12049,1.);
#12049 = DIRECTION('',(0.,-1.,0.));
#12050 = ORIENTED_EDGE('',*,*,#9608,.F.);
#12051 = ORIENTED_EDGE('',*,*,#12052,.T.);
#12052 = EDGE_CURVE('',#9609,#9976,#12053,.T.);
#12053 = LINE('',#12054,#12055);
#12054 = CARTESIAN_POINT('',(-78.,82.2,75.2));
#12055 = VECTOR('',#12056,1.);
#12056 = DIRECTION('',(0.,-1.,0.));
#12057 = ORIENTED_EDGE('',*,*,#9975,.T.);
#12058 = PLANE('',#12059);
#12059 = AXIS2_PLACEMENT_3D('',#12060,#12061,#12062);
#12060 = CARTESIAN_POINT('',(-78.,82.2,74.8));
#12061 = DIRECTION('',(1.,0.,0.));
#12062 = DIRECTION('',(0.,-1.,0.));
#12063 = ADVANCED_FACE('',(#12064),#12075,.F.);
#12064 = FACE_BOUND('',#12065,.F.);
#12065 = EDGE_LOOP('',(#12066,#12067,#12073,#12074));
#12066 = ORIENTED_EDGE('',*,*,#10036,.F.);
#12067 = ORIENTED_EDGE('',*,*,#12068,.F.);
#12068 = EDGE_CURVE('',#9662,#10029,#12069,.T.);
#12069 = LINE('',#12070,#12071);
#12070 = CARTESIAN_POINT('',(-76.5,82.2,76.7));
#12071 = VECTOR('',#12072,1.);
#12072 = DIRECTION('',(0.,-1.,0.));
#12073 = ORIENTED_EDGE('',*,*,#9669,.T.);
#12074 = ORIENTED_EDGE('',*,*,#12052,.T.);
#12075 = CYLINDRICAL_SURFACE('',#12076,1.5);
#12076 = AXIS2_PLACEMENT_3D('',#12077,#12078,#12079);
#12077 = CARTESIAN_POINT('',(-76.5,82.2,75.2));
#12078 = DIRECTION('',(0.,-1.,0.));
#12079 = DIRECTION('',(1.,0.,0.));
#12080 = ADVANCED_FACE('',(#12081),#12092,.F.);
#12081 = FACE_BOUND('',#12082,.F.);
#12082 = EDGE_LOOP('',(#12083,#12084,#12085,#12086));
#12083 = ORIENTED_EDGE('',*,*,#9985,.F.);
#12084 = ORIENTED_EDGE('',*,*,#12045,.F.);
#12085 = ORIENTED_EDGE('',*,*,#9618,.T.);
#12086 = ORIENTED_EDGE('',*,*,#12087,.T.);
#12087 = EDGE_CURVE('',#9619,#9986,#12088,.T.);
#12088 = LINE('',#12089,#12090);
#12089 = CARTESIAN_POINT('',(-76.5,82.2,73.3));
#12090 = VECTOR('',#12091,1.);
#12091 = DIRECTION('',(0.,-1.,0.));
#12092 = CYLINDRICAL_SURFACE('',#12093,1.5);
#12093 = AXIS2_PLACEMENT_3D('',#12094,#12095,#12096);
#12094 = CARTESIAN_POINT('',(-76.5,82.2,74.8));
#12095 = DIRECTION('',(0.,-1.,0.));
#12096 = DIRECTION('',(1.,0.,0.));
#12097 = ADVANCED_FACE('',(#12098),#12109,.F.);
#12098 = FACE_BOUND('',#12099,.F.);
#12099 = EDGE_LOOP('',(#12100,#12101,#12102,#12103));
#12100 = ORIENTED_EDGE('',*,*,#9661,.F.);
#12101 = ORIENTED_EDGE('',*,*,#12068,.T.);
#12102 = ORIENTED_EDGE('',*,*,#10028,.T.);
#12103 = ORIENTED_EDGE('',*,*,#12104,.F.);
#12104 = EDGE_CURVE('',#9653,#10020,#12105,.T.);
#12105 = LINE('',#12106,#12107);
#12106 = CARTESIAN_POINT('',(-33.5,82.2,76.7));
#12107 = VECTOR('',#12108,1.);
#12108 = DIRECTION('',(0.,-1.,0.));
#12109 = PLANE('',#12110);
#12110 = AXIS2_PLACEMENT_3D('',#12111,#12112,#12113);
#12111 = CARTESIAN_POINT('',(-76.5,82.2,76.7));
#12112 = DIRECTION('',(0.,0.,1.));
#12113 = DIRECTION('',(0.,-1.,0.));
#12114 = ADVANCED_FACE('',(#12115),#12126,.T.);
#12115 = FACE_BOUND('',#12116,.T.);
#12116 = EDGE_LOOP('',(#12117,#12118,#12119,#12120));
#12117 = ORIENTED_EDGE('',*,*,#9627,.F.);
#12118 = ORIENTED_EDGE('',*,*,#12087,.T.);
#12119 = ORIENTED_EDGE('',*,*,#9994,.T.);
#12120 = ORIENTED_EDGE('',*,*,#12121,.F.);
#12121 = EDGE_CURVE('',#9628,#9995,#12122,.T.);
#12122 = LINE('',#12123,#12124);
#12123 = CARTESIAN_POINT('',(-33.5,82.2,73.3));
#12124 = VECTOR('',#12125,1.);
#12125 = DIRECTION('',(0.,-1.,0.));
#12126 = PLANE('',#12127);
#12127 = AXIS2_PLACEMENT_3D('',#12128,#12129,#12130);
#12128 = CARTESIAN_POINT('',(-76.5,82.2,73.3));
#12129 = DIRECTION('',(0.,0.,1.));
#12130 = DIRECTION('',(0.,-1.,0.));
#12131 = ADVANCED_FACE('',(#12132),#12143,.F.);
#12132 = FACE_BOUND('',#12133,.F.);
#12133 = EDGE_LOOP('',(#12134,#12135,#12141,#12142));
#12134 = ORIENTED_EDGE('',*,*,#10019,.F.);
#12135 = ORIENTED_EDGE('',*,*,#12136,.F.);
#12136 = EDGE_CURVE('',#9645,#10012,#12137,.T.);
#12137 = LINE('',#12138,#12139);
#12138 = CARTESIAN_POINT('',(-32.,82.2,75.2));
#12139 = VECTOR('',#12140,1.);
#12140 = DIRECTION('',(0.,-1.,0.));
#12141 = ORIENTED_EDGE('',*,*,#9652,.T.);
#12142 = ORIENTED_EDGE('',*,*,#12104,.T.);
#12143 = CYLINDRICAL_SURFACE('',#12144,1.5);
#12144 = AXIS2_PLACEMENT_3D('',#12145,#12146,#12147);
#12145 = CARTESIAN_POINT('',(-33.5,82.2,75.2));
#12146 = DIRECTION('',(0.,-1.,0.));
#12147 = DIRECTION('',(1.,0.,0.));
#12148 = ADVANCED_FACE('',(#12149),#12160,.F.);
#12149 = FACE_BOUND('',#12150,.F.);
#12150 = EDGE_LOOP('',(#12151,#12152,#12153,#12154));
#12151 = ORIENTED_EDGE('',*,*,#10002,.F.);
#12152 = ORIENTED_EDGE('',*,*,#12121,.F.);
#12153 = ORIENTED_EDGE('',*,*,#9635,.T.);
#12154 = ORIENTED_EDGE('',*,*,#12155,.T.);
#12155 = EDGE_CURVE('',#9636,#10003,#12156,.T.);
#12156 = LINE('',#12157,#12158);
#12157 = CARTESIAN_POINT('',(-32.,82.2,74.8));
#12158 = VECTOR('',#12159,1.);
#12159 = DIRECTION('',(0.,-1.,0.));
#12160 = CYLINDRICAL_SURFACE('',#12161,1.5);
#12161 = AXIS2_PLACEMENT_3D('',#12162,#12163,#12164);
#12162 = CARTESIAN_POINT('',(-33.5,82.2,74.8));
#12163 = DIRECTION('',(0.,-1.,0.));
#12164 = DIRECTION('',(1.,0.,0.));
#12165 = ADVANCED_FACE('',(#12166),#12172,.F.);
#12166 = FACE_BOUND('',#12167,.F.);
#12167 = EDGE_LOOP('',(#12168,#12169,#12170,#12171));
#12168 = ORIENTED_EDGE('',*,*,#12155,.F.);
#12169 = ORIENTED_EDGE('',*,*,#9644,.F.);
#12170 = ORIENTED_EDGE('',*,*,#12136,.T.);
#12171 = ORIENTED_EDGE('',*,*,#10011,.T.);
#12172 = PLANE('',#12173);
#12173 = AXIS2_PLACEMENT_3D('',#12174,#12175,#12176);
#12174 = CARTESIAN_POINT('',(-32.,82.2,74.8));
#12175 = DIRECTION('',(1.,0.,0.));
#12176 = DIRECTION('',(0.,-1.,0.));
#12177 = ADVANCED_FACE('',(#12178),#12197,.F.);
#12178 = FACE_BOUND('',#12179,.F.);
#12179 = EDGE_LOOP('',(#12180,#12188,#12189,#12190));
#12180 = ORIENTED_EDGE('',*,*,#12181,.F.);
#12181 = EDGE_CURVE('',#9744,#12182,#12184,.T.);
#12182 = VERTEX_POINT('',#12183);
#12183 = CARTESIAN_POINT('',(-91.,-77.,95.));
#12184 = LINE('',#12185,#12186);
#12185 = CARTESIAN_POINT('',(-91.,-77.,-57.));
#12186 = VECTOR('',#12187,1.);
#12187 = DIRECTION('',(0.,0.,1.));
#12188 = ORIENTED_EDGE('',*,*,#9751,.T.);
#12189 = ORIENTED_EDGE('',*,*,#10172,.T.);
#12190 = ORIENTED_EDGE('',*,*,#12191,.F.);
#12191 = EDGE_CURVE('',#12182,#10173,#12192,.T.);
#12192 = CIRCLE('',#12193,2.);
#12193 = AXIS2_PLACEMENT_3D('',#12194,#12195,#12196);
#12194 = CARTESIAN_POINT('',(-89.,-77.,95.));
#12195 = DIRECTION('',(0.,0.,1.));
#12196 = DIRECTION('',(-1.,0.,0.));
#12197 = CYLINDRICAL_SURFACE('',#12198,2.);
#12198 = AXIS2_PLACEMENT_3D('',#12199,#12200,#12201);
#12199 = CARTESIAN_POINT('',(-89.,-77.,-57.));
#12200 = DIRECTION('',(0.,0.,1.));
#12201 = DIRECTION('',(-1.,0.,0.));
#12202 = ADVANCED_FACE('',(#12203,#12221,#12232,#12243,#12254,#12264,
    #12274,#12284,#12294),#12305,.T.);
#12203 = FACE_BOUND('',#12204,.T.);
#12204 = EDGE_LOOP('',(#12205,#12206,#12207,#12215));
#12205 = ORIENTED_EDGE('',*,*,#12181,.F.);
#12206 = ORIENTED_EDGE('',*,*,#9743,.F.);
#12207 = ORIENTED_EDGE('',*,*,#12208,.T.);
#12208 = EDGE_CURVE('',#9735,#12209,#12211,.T.);
#12209 = VERTEX_POINT('',#12210);
#12210 = CARTESIAN_POINT('',(-91.,77.,95.));
#12211 = LINE('',#12212,#12213);
#12212 = CARTESIAN_POINT('',(-91.,77.,-57.));
#12213 = VECTOR('',#12214,1.);
#12214 = DIRECTION('',(0.,0.,1.));
#12215 = ORIENTED_EDGE('',*,*,#12216,.F.);
#12216 = EDGE_CURVE('',#12182,#12209,#12217,.T.);
#12217 = LINE('',#12218,#12219);
#12218 = CARTESIAN_POINT('',(-91.,-79.,95.));
#12219 = VECTOR('',#12220,1.);
#12220 = DIRECTION('',(0.,1.,0.));
#12221 = FACE_BOUND('',#12222,.T.);
#12222 = EDGE_LOOP('',(#12223));
#12223 = ORIENTED_EDGE('',*,*,#12224,.F.);
#12224 = EDGE_CURVE('',#12225,#12225,#12227,.T.);
#12225 = VERTEX_POINT('',#12226);
#12226 = CARTESIAN_POINT('',(-91.,62.,-35.));
#12227 = CIRCLE('',#12228,5.);
#12228 = AXIS2_PLACEMENT_3D('',#12229,#12230,#12231);
#12229 = CARTESIAN_POINT('',(-91.,62.,-40.));
#12230 = DIRECTION('',(1.,0.,-0.));
#12231 = DIRECTION('',(0.,0.,1.));
#12232 = FACE_BOUND('',#12233,.T.);
#12233 = EDGE_LOOP('',(#12234));
#12234 = ORIENTED_EDGE('',*,*,#12235,.F.);
#12235 = EDGE_CURVE('',#12236,#12236,#12238,.T.);
#12236 = VERTEX_POINT('',#12237);
#12237 = CARTESIAN_POINT('',(-91.,62.,46.));
#12238 = CIRCLE('',#12239,5.);
#12239 = AXIS2_PLACEMENT_3D('',#12240,#12241,#12242);
#12240 = CARTESIAN_POINT('',(-91.,62.,41.));
#12241 = DIRECTION('',(1.,0.,-0.));
#12242 = DIRECTION('',(0.,0.,1.));
#12243 = FACE_BOUND('',#12244,.T.);
#12244 = EDGE_LOOP('',(#12245));
#12245 = ORIENTED_EDGE('',*,*,#12246,.F.);
#12246 = EDGE_CURVE('',#12247,#12247,#12249,.T.);
#12247 = VERTEX_POINT('',#12248);
#12248 = CARTESIAN_POINT('',(-91.,-62.,-35.));
#12249 = CIRCLE('',#12250,5.);
#12250 = AXIS2_PLACEMENT_3D('',#12251,#12252,#12253);
#12251 = CARTESIAN_POINT('',(-91.,-62.,-40.));
#12252 = DIRECTION('',(1.,0.,-0.));
#12253 = DIRECTION('',(0.,0.,1.));
#12254 = FACE_BOUND('',#12255,.T.);
#12255 = EDGE_LOOP('',(#12256,#12257,#12258,#12259,#12260,#12261,#12262,
    #12263));
#12256 = ORIENTED_EDGE('',*,*,#10840,.F.);
#12257 = ORIENTED_EDGE('',*,*,#10882,.T.);
#12258 = ORIENTED_EDGE('',*,*,#10920,.F.);
#12259 = ORIENTED_EDGE('',*,*,#10972,.F.);
#12260 = ORIENTED_EDGE('',*,*,#11018,.F.);
#12261 = ORIENTED_EDGE('',*,*,#11004,.F.);
#12262 = ORIENTED_EDGE('',*,*,#10945,.F.);
#12263 = ORIENTED_EDGE('',*,*,#10898,.T.);
#12264 = FACE_BOUND('',#12265,.T.);
#12265 = EDGE_LOOP('',(#12266,#12267,#12268,#12269,#12270,#12271,#12272,
    #12273));
#12266 = ORIENTED_EDGE('',*,*,#11036,.F.);
#12267 = ORIENTED_EDGE('',*,*,#11078,.T.);
#12268 = ORIENTED_EDGE('',*,*,#11116,.F.);
#12269 = ORIENTED_EDGE('',*,*,#11168,.F.);
#12270 = ORIENTED_EDGE('',*,*,#11214,.F.);
#12271 = ORIENTED_EDGE('',*,*,#11200,.F.);
#12272 = ORIENTED_EDGE('',*,*,#11141,.F.);
#12273 = ORIENTED_EDGE('',*,*,#11094,.T.);
#12274 = FACE_BOUND('',#12275,.T.);
#12275 = EDGE_LOOP('',(#12276,#12277,#12278,#12279,#12280,#12281,#12282,
    #12283));
#12276 = ORIENTED_EDGE('',*,*,#11232,.F.);
#12277 = ORIENTED_EDGE('',*,*,#11274,.T.);
#12278 = ORIENTED_EDGE('',*,*,#11312,.F.);
#12279 = ORIENTED_EDGE('',*,*,#11364,.F.);
#12280 = ORIENTED_EDGE('',*,*,#11410,.F.);
#12281 = ORIENTED_EDGE('',*,*,#11396,.F.);
#12282 = ORIENTED_EDGE('',*,*,#11337,.F.);
#12283 = ORIENTED_EDGE('',*,*,#11290,.T.);
#12284 = FACE_BOUND('',#12285,.T.);
#12285 = EDGE_LOOP('',(#12286,#12287,#12288,#12289,#12290,#12291,#12292,
    #12293));
#12286 = ORIENTED_EDGE('',*,*,#11428,.F.);
#12287 = ORIENTED_EDGE('',*,*,#11470,.T.);
#12288 = ORIENTED_EDGE('',*,*,#11508,.F.);
#12289 = ORIENTED_EDGE('',*,*,#11560,.F.);
#12290 = ORIENTED_EDGE('',*,*,#11606,.F.);
#12291 = ORIENTED_EDGE('',*,*,#11592,.F.);
#12292 = ORIENTED_EDGE('',*,*,#11533,.F.);
#12293 = ORIENTED_EDGE('',*,*,#11486,.T.);
#12294 = FACE_BOUND('',#12295,.T.);
#12295 = EDGE_LOOP('',(#12296));
#12296 = ORIENTED_EDGE('',*,*,#12297,.F.);
#12297 = EDGE_CURVE('',#12298,#12298,#12300,.T.);
#12298 = VERTEX_POINT('',#12299);
#12299 = CARTESIAN_POINT('',(-91.,-62.,46.));
#12300 = CIRCLE('',#12301,5.);
#12301 = AXIS2_PLACEMENT_3D('',#12302,#12303,#12304);
#12302 = CARTESIAN_POINT('',(-91.,-62.,41.));
#12303 = DIRECTION('',(1.,0.,-0.));
#12304 = DIRECTION('',(0.,0.,1.));
#12305 = PLANE('',#12306);
#12306 = AXIS2_PLACEMENT_3D('',#12307,#12308,#12309);
#12307 = CARTESIAN_POINT('',(-91.,-79.,-57.));
#12308 = DIRECTION('',(1.,0.,0.));
#12309 = DIRECTION('',(0.,0.,1.));
#12310 = ADVANCED_FACE('',(#12311),#12323,.F.);
#12311 = FACE_BOUND('',#12312,.T.);
#12312 = EDGE_LOOP('',(#12313,#12314,#12315,#12316));
#12313 = ORIENTED_EDGE('',*,*,#12208,.F.);
#12314 = ORIENTED_EDGE('',*,*,#9734,.F.);
#12315 = ORIENTED_EDGE('',*,*,#9790,.T.);
#12316 = ORIENTED_EDGE('',*,*,#12317,.T.);
#12317 = EDGE_CURVE('',#9791,#12209,#12318,.T.);
#12318 = CIRCLE('',#12319,2.);
#12319 = AXIS2_PLACEMENT_3D('',#12320,#12321,#12322);
#12320 = CARTESIAN_POINT('',(-89.,77.,95.));
#12321 = DIRECTION('',(0.,0.,1.));
#12322 = DIRECTION('',(-1.,0.,0.));
#12323 = CYLINDRICAL_SURFACE('',#12324,2.);
#12324 = AXIS2_PLACEMENT_3D('',#12325,#12326,#12327);
#12325 = CARTESIAN_POINT('',(-89.,77.,-57.));
#12326 = DIRECTION('',(0.,0.,1.));
#12327 = DIRECTION('',(-1.,0.,0.));
#12328 = ADVANCED_FACE('',(#12329),#12399,.T.);
#12329 = FACE_BOUND('',#12330,.T.);
#12330 = EDGE_LOOP('',(#12331,#12339,#12340,#12341,#12350,#12358,#12365,
    #12366,#12367,#12375,#12384,#12392));
#12331 = ORIENTED_EDGE('',*,*,#12332,.T.);
#12332 = EDGE_CURVE('',#12333,#10132,#12335,.T.);
#12333 = VERTEX_POINT('',#12334);
#12334 = CARTESIAN_POINT('',(-24.3,-79.5,95.));
#12335 = LINE('',#12336,#12337);
#12336 = CARTESIAN_POINT('',(-24.3,-79.5,-56.1));
#12337 = VECTOR('',#12338,1.);
#12338 = DIRECTION('',(0.,0.,-1.));
#12339 = ORIENTED_EDGE('',*,*,#10140,.F.);
#12340 = ORIENTED_EDGE('',*,*,#10188,.F.);
#12341 = ORIENTED_EDGE('',*,*,#12342,.F.);
#12342 = EDGE_CURVE('',#12343,#10181,#12345,.T.);
#12343 = VERTEX_POINT('',#12344);
#12344 = CARTESIAN_POINT('',(-24.3,-77.,97.));
#12345 = CIRCLE('',#12346,2.);
#12346 = AXIS2_PLACEMENT_3D('',#12347,#12348,#12349);
#12347 = CARTESIAN_POINT('',(-24.3,-77.,95.));
#12348 = DIRECTION('',(1.,0.,0.));
#12349 = DIRECTION('',(0.,-1.,0.));
#12350 = ORIENTED_EDGE('',*,*,#12351,.T.);
#12351 = EDGE_CURVE('',#12343,#12352,#12354,.T.);
#12352 = VERTEX_POINT('',#12353);
#12353 = CARTESIAN_POINT('',(-24.3,77.,97.));
#12354 = LINE('',#12355,#12356);
#12355 = CARTESIAN_POINT('',(-24.3,-84.5,97.));
#12356 = VECTOR('',#12357,1.);
#12357 = DIRECTION('',(0.,1.,0.));
#12358 = ORIENTED_EDGE('',*,*,#12359,.F.);
#12359 = EDGE_CURVE('',#9799,#12352,#12360,.T.);
#12360 = CIRCLE('',#12361,2.);
#12361 = AXIS2_PLACEMENT_3D('',#12362,#12363,#12364);
#12362 = CARTESIAN_POINT('',(-24.3,77.,95.));
#12363 = DIRECTION('',(1.,0.,0.));
#12364 = DIRECTION('',(0.,1.,0.));
#12365 = ORIENTED_EDGE('',*,*,#9806,.T.);
#12366 = ORIENTED_EDGE('',*,*,#10056,.T.);
#12367 = ORIENTED_EDGE('',*,*,#12368,.F.);
#12368 = EDGE_CURVE('',#12369,#10057,#12371,.T.);
#12369 = VERTEX_POINT('',#12370);
#12370 = CARTESIAN_POINT('',(-24.3,79.5,95.));
#12371 = LINE('',#12372,#12373);
#12372 = CARTESIAN_POINT('',(-24.3,79.5,-56.1));
#12373 = VECTOR('',#12374,1.);
#12374 = DIRECTION('',(0.,0.,-1.));
#12375 = ORIENTED_EDGE('',*,*,#12376,.T.);
#12376 = EDGE_CURVE('',#12369,#12377,#12379,.T.);
#12377 = VERTEX_POINT('',#12378);
#12378 = CARTESIAN_POINT('',(-24.3,77.,97.5));
#12379 = CIRCLE('',#12380,2.5);
#12380 = AXIS2_PLACEMENT_3D('',#12381,#12382,#12383);
#12381 = CARTESIAN_POINT('',(-24.3,77.,95.));
#12382 = DIRECTION('',(1.,0.,0.));
#12383 = DIRECTION('',(0.,1.,0.));
#12384 = ORIENTED_EDGE('',*,*,#12385,.F.);
#12385 = EDGE_CURVE('',#12386,#12377,#12388,.T.);
#12386 = VERTEX_POINT('',#12387);
#12387 = CARTESIAN_POINT('',(-24.3,-77.,97.5));
#12388 = LINE('',#12389,#12390);
#12389 = CARTESIAN_POINT('',(-24.3,-84.75,97.5));
#12390 = VECTOR('',#12391,1.);
#12391 = DIRECTION('',(0.,1.,0.));
#12392 = ORIENTED_EDGE('',*,*,#12393,.T.);
#12393 = EDGE_CURVE('',#12386,#12333,#12394,.T.);
#12394 = CIRCLE('',#12395,2.5);
#12395 = AXIS2_PLACEMENT_3D('',#12396,#12397,#12398);
#12396 = CARTESIAN_POINT('',(-24.3,-77.,95.));
#12397 = DIRECTION('',(1.,0.,0.));
#12398 = DIRECTION('',(0.,-1.,0.));
#12399 = PLANE('',#12400);
#12400 = AXIS2_PLACEMENT_3D('',#12401,#12402,#12403);
#12401 = CARTESIAN_POINT('',(-24.3,-90.,-55.2));
#12402 = DIRECTION('',(1.,0.,0.));
#12403 = DIRECTION('',(0.,0.,1.));
#12404 = ADVANCED_FACE('',(#12405),#12424,.F.);
#12405 = FACE_BOUND('',#12406,.F.);
#12406 = EDGE_LOOP('',(#12407,#12408,#12417,#12423));
#12407 = ORIENTED_EDGE('',*,*,#9798,.F.);
#12408 = ORIENTED_EDGE('',*,*,#12409,.T.);
#12409 = EDGE_CURVE('',#9791,#12410,#12412,.T.);
#12410 = VERTEX_POINT('',#12411);
#12411 = CARTESIAN_POINT('',(-89.,77.,97.));
#12412 = CIRCLE('',#12413,2.);
#12413 = AXIS2_PLACEMENT_3D('',#12414,#12415,#12416);
#12414 = CARTESIAN_POINT('',(-89.,77.,95.));
#12415 = DIRECTION('',(1.,0.,6.E-17));
#12416 = DIRECTION('',(-6.E-17,0.,1.));
#12417 = ORIENTED_EDGE('',*,*,#12418,.T.);
#12418 = EDGE_CURVE('',#12410,#12352,#12419,.T.);
#12419 = LINE('',#12420,#12421);
#12420 = CARTESIAN_POINT('',(-91.,77.,97.));
#12421 = VECTOR('',#12422,1.);
#12422 = DIRECTION('',(1.,0.,0.));
#12423 = ORIENTED_EDGE('',*,*,#12359,.F.);
#12424 = CYLINDRICAL_SURFACE('',#12425,2.);
#12425 = AXIS2_PLACEMENT_3D('',#12426,#12427,#12428);
#12426 = CARTESIAN_POINT('',(-91.,77.,95.));
#12427 = DIRECTION('',(1.,0.,0.));
#12428 = DIRECTION('',(0.,1.,0.));
#12429 = ADVANCED_FACE('',(#12430),#12483,.T.);
#12430 = FACE_BOUND('',#12431,.T.);
#12431 = EDGE_LOOP('',(#12432,#12440,#12441,#12442,#12451,#12459,#12468,
    #12476));
#12432 = ORIENTED_EDGE('',*,*,#12433,.T.);
#12433 = EDGE_CURVE('',#12434,#9825,#12436,.T.);
#12434 = VERTEX_POINT('',#12435);
#12435 = CARTESIAN_POINT('',(-45.,75.,43.));
#12436 = LINE('',#12437,#12438);
#12437 = CARTESIAN_POINT('',(-45.,75.,43.));
#12438 = VECTOR('',#12439,1.);
#12439 = DIRECTION('',(0.,1.,0.));
#12440 = ORIENTED_EDGE('',*,*,#9824,.F.);
#12441 = ORIENTED_EDGE('',*,*,#12433,.F.);
#12442 = ORIENTED_EDGE('',*,*,#12443,.T.);
#12443 = EDGE_CURVE('',#12434,#12444,#12446,.T.);
#12444 = VERTEX_POINT('',#12445);
#12445 = CARTESIAN_POINT('',(-38.38562172233,75.,39.5));
#12446 = CIRCLE('',#12447,8.);
#12447 = AXIS2_PLACEMENT_3D('',#12448,#12449,#12450);
#12448 = CARTESIAN_POINT('',(-45.,75.,35.));
#12449 = DIRECTION('',(0.,1.,0.));
#12450 = DIRECTION('',(0.,0.,1.));
#12451 = ORIENTED_EDGE('',*,*,#12452,.T.);
#12452 = EDGE_CURVE('',#12444,#12453,#12455,.T.);
#12453 = VERTEX_POINT('',#12454);
#12454 = CARTESIAN_POINT('',(-38.38562172233,78.5,39.5));
#12455 = LINE('',#12456,#12457);
#12456 = CARTESIAN_POINT('',(-38.38562172233,75.,39.5));
#12457 = VECTOR('',#12458,1.);
#12458 = DIRECTION('',(0.,1.,0.));
#12459 = ORIENTED_EDGE('',*,*,#12460,.T.);
#12460 = EDGE_CURVE('',#12453,#12461,#12463,.T.);
#12461 = VERTEX_POINT('',#12462);
#12462 = CARTESIAN_POINT('',(-39.5,78.5,29.190524980689));
#12463 = CIRCLE('',#12464,8.);
#12464 = AXIS2_PLACEMENT_3D('',#12465,#12466,#12467);
#12465 = CARTESIAN_POINT('',(-45.,78.5,35.));
#12466 = DIRECTION('',(0.,1.,0.));
#12467 = DIRECTION('',(0.,0.,1.));
#12468 = ORIENTED_EDGE('',*,*,#12469,.F.);
#12469 = EDGE_CURVE('',#12470,#12461,#12472,.T.);
#12470 = VERTEX_POINT('',#12471);
#12471 = CARTESIAN_POINT('',(-39.5,75.,29.190524980689));
#12472 = LINE('',#12473,#12474);
#12473 = CARTESIAN_POINT('',(-39.5,75.,29.190524980689));
#12474 = VECTOR('',#12475,1.);
#12475 = DIRECTION('',(0.,1.,0.));
#12476 = ORIENTED_EDGE('',*,*,#12477,.T.);
#12477 = EDGE_CURVE('',#12470,#12434,#12478,.T.);
#12478 = CIRCLE('',#12479,8.);
#12479 = AXIS2_PLACEMENT_3D('',#12480,#12481,#12482);
#12480 = CARTESIAN_POINT('',(-45.,75.,35.));
#12481 = DIRECTION('',(0.,1.,0.));
#12482 = DIRECTION('',(0.,0.,1.));
#12483 = CYLINDRICAL_SURFACE('',#12484,8.);
#12484 = AXIS2_PLACEMENT_3D('',#12485,#12486,#12487);
#12485 = CARTESIAN_POINT('',(-45.,75.,35.));
#12486 = DIRECTION('',(0.,1.,0.));
#12487 = DIRECTION('',(0.,0.,1.));
#12488 = ADVANCED_FACE('',(#12489),#12500,.F.);
#12489 = FACE_BOUND('',#12490,.F.);
#12490 = EDGE_LOOP('',(#12491,#12497,#12498,#12499));
#12491 = ORIENTED_EDGE('',*,*,#12492,.T.);
#12492 = EDGE_CURVE('',#12369,#11694,#12493,.T.);
#12493 = LINE('',#12494,#12495);
#12494 = CARTESIAN_POINT('',(-91.5,79.5,95.));
#12495 = VECTOR('',#12496,1.);
#12496 = DIRECTION('',(1.,0.,0.));
#12497 = ORIENTED_EDGE('',*,*,#11702,.F.);
#12498 = ORIENTED_EDGE('',*,*,#10064,.F.);
#12499 = ORIENTED_EDGE('',*,*,#12368,.F.);
#12500 = PLANE('',#12501);
#12501 = AXIS2_PLACEMENT_3D('',#12502,#12503,#12504);
#12502 = CARTESIAN_POINT('',(-91.5,79.5,-57.));
#12503 = DIRECTION('',(0.,1.,0.));
#12504 = DIRECTION('',(0.,0.,1.));
#12505 = ADVANCED_FACE('',(#12506),#12517,.T.);
#12506 = FACE_BOUND('',#12507,.T.);
#12507 = EDGE_LOOP('',(#12508,#12514,#12515,#12516));
#12508 = ORIENTED_EDGE('',*,*,#12509,.T.);
#12509 = EDGE_CURVE('',#12333,#11669,#12510,.T.);
#12510 = LINE('',#12511,#12512);
#12511 = CARTESIAN_POINT('',(-91.5,-79.5,95.));
#12512 = VECTOR('',#12513,1.);
#12513 = DIRECTION('',(1.,0.,0.));
#12514 = ORIENTED_EDGE('',*,*,#11668,.F.);
#12515 = ORIENTED_EDGE('',*,*,#10131,.T.);
#12516 = ORIENTED_EDGE('',*,*,#12332,.F.);
#12517 = PLANE('',#12518);
#12518 = AXIS2_PLACEMENT_3D('',#12519,#12520,#12521);
#12519 = CARTESIAN_POINT('',(-91.5,-79.5,-57.));
#12520 = DIRECTION('',(0.,1.,0.));
#12521 = DIRECTION('',(0.,0.,1.));
#12522 = ADVANCED_FACE('',(#12523),#12542,.F.);
#12523 = FACE_BOUND('',#12524,.T.);
#12524 = EDGE_LOOP('',(#12525,#12534,#12540,#12541));
#12525 = ORIENTED_EDGE('',*,*,#12526,.F.);
#12526 = EDGE_CURVE('',#12527,#10173,#12529,.T.);
#12527 = VERTEX_POINT('',#12528);
#12528 = CARTESIAN_POINT('',(-89.,-77.,97.));
#12529 = CIRCLE('',#12530,2.);
#12530 = AXIS2_PLACEMENT_3D('',#12531,#12532,#12533);
#12531 = CARTESIAN_POINT('',(-89.,-77.,95.));
#12532 = DIRECTION('',(1.,-6.E-17,0.));
#12533 = DIRECTION('',(-6.E-17,-1.,0.));
#12534 = ORIENTED_EDGE('',*,*,#12535,.T.);
#12535 = EDGE_CURVE('',#12527,#12343,#12536,.T.);
#12536 = LINE('',#12537,#12538);
#12537 = CARTESIAN_POINT('',(-91.,-77.,97.));
#12538 = VECTOR('',#12539,1.);
#12539 = DIRECTION('',(1.,0.,0.));
#12540 = ORIENTED_EDGE('',*,*,#12342,.T.);
#12541 = ORIENTED_EDGE('',*,*,#10180,.F.);
#12542 = CYLINDRICAL_SURFACE('',#12543,2.);
#12543 = AXIS2_PLACEMENT_3D('',#12544,#12545,#12546);
#12544 = CARTESIAN_POINT('',(-91.,-77.,95.));
#12545 = DIRECTION('',(1.,0.,0.));
#12546 = DIRECTION('',(0.,-1.,0.));
#12547 = ADVANCED_FACE('',(#12548),#12601,.T.);
#12548 = FACE_BOUND('',#12549,.T.);
#12549 = EDGE_LOOP('',(#12550,#12558,#12559,#12560,#12569,#12577,#12586,
    #12594));
#12550 = ORIENTED_EDGE('',*,*,#12551,.T.);
#12551 = EDGE_CURVE('',#12552,#10199,#12554,.T.);
#12552 = VERTEX_POINT('',#12553);
#12553 = CARTESIAN_POINT('',(-45.,-75.,27.));
#12554 = LINE('',#12555,#12556);
#12555 = CARTESIAN_POINT('',(-45.,-75.,27.));
#12556 = VECTOR('',#12557,1.);
#12557 = DIRECTION('',(0.,-1.,0.));
#12558 = ORIENTED_EDGE('',*,*,#10198,.F.);
#12559 = ORIENTED_EDGE('',*,*,#12551,.F.);
#12560 = ORIENTED_EDGE('',*,*,#12561,.T.);
#12561 = EDGE_CURVE('',#12552,#12562,#12564,.T.);
#12562 = VERTEX_POINT('',#12563);
#12563 = CARTESIAN_POINT('',(-39.5,-75.,29.190524980689));
#12564 = CIRCLE('',#12565,8.);
#12565 = AXIS2_PLACEMENT_3D('',#12566,#12567,#12568);
#12566 = CARTESIAN_POINT('',(-45.,-75.,35.));
#12567 = DIRECTION('',(0.,-1.,0.));
#12568 = DIRECTION('',(0.,0.,-1.));
#12569 = ORIENTED_EDGE('',*,*,#12570,.T.);
#12570 = EDGE_CURVE('',#12562,#12571,#12573,.T.);
#12571 = VERTEX_POINT('',#12572);
#12572 = CARTESIAN_POINT('',(-39.5,-78.5,29.190524980689));
#12573 = LINE('',#12574,#12575);
#12574 = CARTESIAN_POINT('',(-39.5,-75.,29.190524980689));
#12575 = VECTOR('',#12576,1.);
#12576 = DIRECTION('',(0.,-1.,0.));
#12577 = ORIENTED_EDGE('',*,*,#12578,.T.);
#12578 = EDGE_CURVE('',#12571,#12579,#12581,.T.);
#12579 = VERTEX_POINT('',#12580);
#12580 = CARTESIAN_POINT('',(-38.38562172233,-78.5,39.5));
#12581 = CIRCLE('',#12582,8.);
#12582 = AXIS2_PLACEMENT_3D('',#12583,#12584,#12585);
#12583 = CARTESIAN_POINT('',(-45.,-78.5,35.));
#12584 = DIRECTION('',(0.,-1.,0.));
#12585 = DIRECTION('',(0.,0.,-1.));
#12586 = ORIENTED_EDGE('',*,*,#12587,.F.);
#12587 = EDGE_CURVE('',#12588,#12579,#12590,.T.);
#12588 = VERTEX_POINT('',#12589);
#12589 = CARTESIAN_POINT('',(-38.38562172233,-75.,39.5));
#12590 = LINE('',#12591,#12592);
#12591 = CARTESIAN_POINT('',(-38.38562172233,-75.,39.5));
#12592 = VECTOR('',#12593,1.);
#12593 = DIRECTION('',(0.,-1.,0.));
#12594 = ORIENTED_EDGE('',*,*,#12595,.T.);
#12595 = EDGE_CURVE('',#12588,#12552,#12596,.T.);
#12596 = CIRCLE('',#12597,8.);
#12597 = AXIS2_PLACEMENT_3D('',#12598,#12599,#12600);
#12598 = CARTESIAN_POINT('',(-45.,-75.,35.));
#12599 = DIRECTION('',(0.,-1.,0.));
#12600 = DIRECTION('',(0.,0.,-1.));
#12601 = CYLINDRICAL_SURFACE('',#12602,8.);
#12602 = AXIS2_PLACEMENT_3D('',#12603,#12604,#12605);
#12603 = CARTESIAN_POINT('',(-45.,-75.,35.));
#12604 = DIRECTION('',(0.,-1.,0.));
#12605 = DIRECTION('',(0.,0.,-1.));
#12606 = ADVANCED_FACE('',(#12607),#12623,.T.);
#12607 = FACE_BOUND('',#12608,.T.);
#12608 = EDGE_LOOP('',(#12609,#12615,#12616,#12622));
#12609 = ORIENTED_EDGE('',*,*,#12610,.F.);
#12610 = EDGE_CURVE('',#10212,#10471,#12611,.T.);
#12611 = LINE('',#12612,#12613);
#12612 = CARTESIAN_POINT('',(-78.,-78.8,56.8));
#12613 = VECTOR('',#12614,1.);
#12614 = DIRECTION('',(0.,-1.,0.));
#12615 = ORIENTED_EDGE('',*,*,#10209,.F.);
#12616 = ORIENTED_EDGE('',*,*,#12617,.T.);
#12617 = EDGE_CURVE('',#10210,#10469,#12618,.T.);
#12618 = LINE('',#12619,#12620);
#12619 = CARTESIAN_POINT('',(-78.,-78.8,57.2));
#12620 = VECTOR('',#12621,1.);
#12621 = DIRECTION('',(0.,-1.,0.));
#12622 = ORIENTED_EDGE('',*,*,#10468,.T.);
#12623 = PLANE('',#12624);
#12624 = AXIS2_PLACEMENT_3D('',#12625,#12626,#12627);
#12625 = CARTESIAN_POINT('',(-78.,-78.8,56.8));
#12626 = DIRECTION('',(1.,0.,0.));
#12627 = DIRECTION('',(0.,-1.,0.));
#12628 = ADVANCED_FACE('',(#12629),#12640,.F.);
#12629 = FACE_BOUND('',#12630,.F.);
#12630 = EDGE_LOOP('',(#12631,#12632,#12638,#12639));
#12631 = ORIENTED_EDGE('',*,*,#10529,.F.);
#12632 = ORIENTED_EDGE('',*,*,#12633,.F.);
#12633 = EDGE_CURVE('',#10263,#10522,#12634,.T.);
#12634 = LINE('',#12635,#12636);
#12635 = CARTESIAN_POINT('',(-76.5,-78.8,58.7));
#12636 = VECTOR('',#12637,1.);
#12637 = DIRECTION('',(0.,-1.,0.));
#12638 = ORIENTED_EDGE('',*,*,#10270,.T.);
#12639 = ORIENTED_EDGE('',*,*,#12617,.T.);
#12640 = CYLINDRICAL_SURFACE('',#12641,1.5);
#12641 = AXIS2_PLACEMENT_3D('',#12642,#12643,#12644);
#12642 = CARTESIAN_POINT('',(-76.5,-78.8,57.2));
#12643 = DIRECTION('',(0.,-1.,0.));
#12644 = DIRECTION('',(1.,0.,0.));
#12645 = ADVANCED_FACE('',(#12646),#12657,.F.);
#12646 = FACE_BOUND('',#12647,.F.);
#12647 = EDGE_LOOP('',(#12648,#12649,#12650,#12651));
#12648 = ORIENTED_EDGE('',*,*,#10478,.F.);
#12649 = ORIENTED_EDGE('',*,*,#12610,.F.);
#12650 = ORIENTED_EDGE('',*,*,#10219,.T.);
#12651 = ORIENTED_EDGE('',*,*,#12652,.T.);
#12652 = EDGE_CURVE('',#10220,#10479,#12653,.T.);
#12653 = LINE('',#12654,#12655);
#12654 = CARTESIAN_POINT('',(-76.5,-78.8,55.3));
#12655 = VECTOR('',#12656,1.);
#12656 = DIRECTION('',(0.,-1.,0.));
#12657 = CYLINDRICAL_SURFACE('',#12658,1.5);
#12658 = AXIS2_PLACEMENT_3D('',#12659,#12660,#12661);
#12659 = CARTESIAN_POINT('',(-76.5,-78.8,56.8));
#12660 = DIRECTION('',(0.,-1.,0.));
#12661 = DIRECTION('',(1.,0.,0.));
#12662 = ADVANCED_FACE('',(#12663),#12674,.F.);
#12663 = FACE_BOUND('',#12664,.F.);
#12664 = EDGE_LOOP('',(#12665,#12666,#12667,#12668));
#12665 = ORIENTED_EDGE('',*,*,#10262,.F.);
#12666 = ORIENTED_EDGE('',*,*,#12633,.T.);
#12667 = ORIENTED_EDGE('',*,*,#10521,.T.);
#12668 = ORIENTED_EDGE('',*,*,#12669,.F.);
#12669 = EDGE_CURVE('',#10254,#10513,#12670,.T.);
#12670 = LINE('',#12671,#12672);
#12671 = CARTESIAN_POINT('',(-33.5,-78.8,58.7));
#12672 = VECTOR('',#12673,1.);
#12673 = DIRECTION('',(0.,-1.,0.));
#12674 = PLANE('',#12675);
#12675 = AXIS2_PLACEMENT_3D('',#12676,#12677,#12678);
#12676 = CARTESIAN_POINT('',(-76.5,-78.8,58.7));
#12677 = DIRECTION('',(0.,0.,1.));
#12678 = DIRECTION('',(0.,-1.,0.));
#12679 = ADVANCED_FACE('',(#12680),#12691,.T.);
#12680 = FACE_BOUND('',#12681,.T.);
#12681 = EDGE_LOOP('',(#12682,#12683,#12684,#12685));
#12682 = ORIENTED_EDGE('',*,*,#10228,.F.);
#12683 = ORIENTED_EDGE('',*,*,#12652,.T.);
#12684 = ORIENTED_EDGE('',*,*,#10487,.T.);
#12685 = ORIENTED_EDGE('',*,*,#12686,.F.);
#12686 = EDGE_CURVE('',#10229,#10488,#12687,.T.);
#12687 = LINE('',#12688,#12689);
#12688 = CARTESIAN_POINT('',(-33.5,-78.8,55.3));
#12689 = VECTOR('',#12690,1.);
#12690 = DIRECTION('',(0.,-1.,0.));
#12691 = PLANE('',#12692);
#12692 = AXIS2_PLACEMENT_3D('',#12693,#12694,#12695);
#12693 = CARTESIAN_POINT('',(-76.5,-78.8,55.3));
#12694 = DIRECTION('',(0.,0.,1.));
#12695 = DIRECTION('',(0.,-1.,0.));
#12696 = ADVANCED_FACE('',(#12697),#12708,.F.);
#12697 = FACE_BOUND('',#12698,.F.);
#12698 = EDGE_LOOP('',(#12699,#12700,#12706,#12707));
#12699 = ORIENTED_EDGE('',*,*,#10512,.F.);
#12700 = ORIENTED_EDGE('',*,*,#12701,.F.);
#12701 = EDGE_CURVE('',#10246,#10505,#12702,.T.);
#12702 = LINE('',#12703,#12704);
#12703 = CARTESIAN_POINT('',(-32.,-78.8,57.2));
#12704 = VECTOR('',#12705,1.);
#12705 = DIRECTION('',(0.,-1.,0.));
#12706 = ORIENTED_EDGE('',*,*,#10253,.T.);
#12707 = ORIENTED_EDGE('',*,*,#12669,.T.);
#12708 = CYLINDRICAL_SURFACE('',#12709,1.5);
#12709 = AXIS2_PLACEMENT_3D('',#12710,#12711,#12712);
#12710 = CARTESIAN_POINT('',(-33.5,-78.8,57.2));
#12711 = DIRECTION('',(0.,-1.,0.));
#12712 = DIRECTION('',(1.,0.,0.));
#12713 = ADVANCED_FACE('',(#12714),#12725,.F.);
#12714 = FACE_BOUND('',#12715,.F.);
#12715 = EDGE_LOOP('',(#12716,#12717,#12718,#12719));
#12716 = ORIENTED_EDGE('',*,*,#10495,.F.);
#12717 = ORIENTED_EDGE('',*,*,#12686,.F.);
#12718 = ORIENTED_EDGE('',*,*,#10236,.T.);
#12719 = ORIENTED_EDGE('',*,*,#12720,.T.);
#12720 = EDGE_CURVE('',#10237,#10496,#12721,.T.);
#12721 = LINE('',#12722,#12723);
#12722 = CARTESIAN_POINT('',(-32.,-78.8,56.8));
#12723 = VECTOR('',#12724,1.);
#12724 = DIRECTION('',(0.,-1.,0.));
#12725 = CYLINDRICAL_SURFACE('',#12726,1.5);
#12726 = AXIS2_PLACEMENT_3D('',#12727,#12728,#12729);
#12727 = CARTESIAN_POINT('',(-33.5,-78.8,56.8));
#12728 = DIRECTION('',(0.,-1.,0.));
#12729 = DIRECTION('',(1.,0.,0.));
#12730 = ADVANCED_FACE('',(#12731),#12737,.F.);
#12731 = FACE_BOUND('',#12732,.F.);
#12732 = EDGE_LOOP('',(#12733,#12734,#12735,#12736));
#12733 = ORIENTED_EDGE('',*,*,#12720,.F.);
#12734 = ORIENTED_EDGE('',*,*,#10245,.F.);
#12735 = ORIENTED_EDGE('',*,*,#12701,.T.);
#12736 = ORIENTED_EDGE('',*,*,#10504,.T.);
#12737 = PLANE('',#12738);
#12738 = AXIS2_PLACEMENT_3D('',#12739,#12740,#12741);
#12739 = CARTESIAN_POINT('',(-32.,-78.8,56.8));
#12740 = DIRECTION('',(1.,0.,0.));
#12741 = DIRECTION('',(0.,-1.,0.));
#12742 = ADVANCED_FACE('',(#12743),#12759,.T.);
#12743 = FACE_BOUND('',#12744,.T.);
#12744 = EDGE_LOOP('',(#12745,#12751,#12752,#12758));
#12745 = ORIENTED_EDGE('',*,*,#12746,.F.);
#12746 = EDGE_CURVE('',#10282,#10541,#12747,.T.);
#12747 = LINE('',#12748,#12749);
#12748 = CARTESIAN_POINT('',(-78.,-78.8,65.8));
#12749 = VECTOR('',#12750,1.);
#12750 = DIRECTION('',(0.,-1.,0.));
#12751 = ORIENTED_EDGE('',*,*,#10279,.F.);
#12752 = ORIENTED_EDGE('',*,*,#12753,.T.);
#12753 = EDGE_CURVE('',#10280,#10539,#12754,.T.);
#12754 = LINE('',#12755,#12756);
#12755 = CARTESIAN_POINT('',(-78.,-78.8,66.2));
#12756 = VECTOR('',#12757,1.);
#12757 = DIRECTION('',(0.,-1.,0.));
#12758 = ORIENTED_EDGE('',*,*,#10538,.T.);
#12759 = PLANE('',#12760);
#12760 = AXIS2_PLACEMENT_3D('',#12761,#12762,#12763);
#12761 = CARTESIAN_POINT('',(-78.,-78.8,65.8));
#12762 = DIRECTION('',(1.,0.,0.));
#12763 = DIRECTION('',(0.,-1.,0.));
#12764 = ADVANCED_FACE('',(#12765),#12776,.F.);
#12765 = FACE_BOUND('',#12766,.F.);
#12766 = EDGE_LOOP('',(#12767,#12768,#12774,#12775));
#12767 = ORIENTED_EDGE('',*,*,#10599,.F.);
#12768 = ORIENTED_EDGE('',*,*,#12769,.F.);
#12769 = EDGE_CURVE('',#10333,#10592,#12770,.T.);
#12770 = LINE('',#12771,#12772);
#12771 = CARTESIAN_POINT('',(-76.5,-78.8,67.7));
#12772 = VECTOR('',#12773,1.);
#12773 = DIRECTION('',(0.,-1.,0.));
#12774 = ORIENTED_EDGE('',*,*,#10340,.T.);
#12775 = ORIENTED_EDGE('',*,*,#12753,.T.);
#12776 = CYLINDRICAL_SURFACE('',#12777,1.5);
#12777 = AXIS2_PLACEMENT_3D('',#12778,#12779,#12780);
#12778 = CARTESIAN_POINT('',(-76.5,-78.8,66.2));
#12779 = DIRECTION('',(0.,-1.,0.));
#12780 = DIRECTION('',(1.,0.,0.));
#12781 = ADVANCED_FACE('',(#12782),#12793,.F.);
#12782 = FACE_BOUND('',#12783,.F.);
#12783 = EDGE_LOOP('',(#12784,#12785,#12786,#12787));
#12784 = ORIENTED_EDGE('',*,*,#10548,.F.);
#12785 = ORIENTED_EDGE('',*,*,#12746,.F.);
#12786 = ORIENTED_EDGE('',*,*,#10289,.T.);
#12787 = ORIENTED_EDGE('',*,*,#12788,.T.);
#12788 = EDGE_CURVE('',#10290,#10549,#12789,.T.);
#12789 = LINE('',#12790,#12791);
#12790 = CARTESIAN_POINT('',(-76.5,-78.8,64.3));
#12791 = VECTOR('',#12792,1.);
#12792 = DIRECTION('',(0.,-1.,0.));
#12793 = CYLINDRICAL_SURFACE('',#12794,1.5);
#12794 = AXIS2_PLACEMENT_3D('',#12795,#12796,#12797);
#12795 = CARTESIAN_POINT('',(-76.5,-78.8,65.8));
#12796 = DIRECTION('',(0.,-1.,0.));
#12797 = DIRECTION('',(1.,0.,0.));
#12798 = ADVANCED_FACE('',(#12799),#12810,.F.);
#12799 = FACE_BOUND('',#12800,.F.);
#12800 = EDGE_LOOP('',(#12801,#12802,#12803,#12804));
#12801 = ORIENTED_EDGE('',*,*,#10332,.F.);
#12802 = ORIENTED_EDGE('',*,*,#12769,.T.);
#12803 = ORIENTED_EDGE('',*,*,#10591,.T.);
#12804 = ORIENTED_EDGE('',*,*,#12805,.F.);
#12805 = EDGE_CURVE('',#10324,#10583,#12806,.T.);
#12806 = LINE('',#12807,#12808);
#12807 = CARTESIAN_POINT('',(-33.5,-78.8,67.7));
#12808 = VECTOR('',#12809,1.);
#12809 = DIRECTION('',(0.,-1.,0.));
#12810 = PLANE('',#12811);
#12811 = AXIS2_PLACEMENT_3D('',#12812,#12813,#12814);
#12812 = CARTESIAN_POINT('',(-76.5,-78.8,67.7));
#12813 = DIRECTION('',(0.,0.,1.));
#12814 = DIRECTION('',(0.,-1.,0.));
#12815 = ADVANCED_FACE('',(#12816),#12827,.T.);
#12816 = FACE_BOUND('',#12817,.T.);
#12817 = EDGE_LOOP('',(#12818,#12819,#12820,#12821));
#12818 = ORIENTED_EDGE('',*,*,#10298,.F.);
#12819 = ORIENTED_EDGE('',*,*,#12788,.T.);
#12820 = ORIENTED_EDGE('',*,*,#10557,.T.);
#12821 = ORIENTED_EDGE('',*,*,#12822,.F.);
#12822 = EDGE_CURVE('',#10299,#10558,#12823,.T.);
#12823 = LINE('',#12824,#12825);
#12824 = CARTESIAN_POINT('',(-33.5,-78.8,64.3));
#12825 = VECTOR('',#12826,1.);
#12826 = DIRECTION('',(0.,-1.,0.));
#12827 = PLANE('',#12828);
#12828 = AXIS2_PLACEMENT_3D('',#12829,#12830,#12831);
#12829 = CARTESIAN_POINT('',(-76.5,-78.8,64.3));
#12830 = DIRECTION('',(0.,0.,1.));
#12831 = DIRECTION('',(0.,-1.,0.));
#12832 = ADVANCED_FACE('',(#12833),#12844,.F.);
#12833 = FACE_BOUND('',#12834,.F.);
#12834 = EDGE_LOOP('',(#12835,#12836,#12842,#12843));
#12835 = ORIENTED_EDGE('',*,*,#10582,.F.);
#12836 = ORIENTED_EDGE('',*,*,#12837,.F.);
#12837 = EDGE_CURVE('',#10316,#10575,#12838,.T.);
#12838 = LINE('',#12839,#12840);
#12839 = CARTESIAN_POINT('',(-32.,-78.8,66.2));
#12840 = VECTOR('',#12841,1.);
#12841 = DIRECTION('',(0.,-1.,0.));
#12842 = ORIENTED_EDGE('',*,*,#10323,.T.);
#12843 = ORIENTED_EDGE('',*,*,#12805,.T.);
#12844 = CYLINDRICAL_SURFACE('',#12845,1.5);
#12845 = AXIS2_PLACEMENT_3D('',#12846,#12847,#12848);
#12846 = CARTESIAN_POINT('',(-33.5,-78.8,66.2));
#12847 = DIRECTION('',(0.,-1.,0.));
#12848 = DIRECTION('',(1.,0.,0.));
#12849 = ADVANCED_FACE('',(#12850),#12861,.F.);
#12850 = FACE_BOUND('',#12851,.F.);
#12851 = EDGE_LOOP('',(#12852,#12853,#12854,#12855));
#12852 = ORIENTED_EDGE('',*,*,#10565,.F.);
#12853 = ORIENTED_EDGE('',*,*,#12822,.F.);
#12854 = ORIENTED_EDGE('',*,*,#10306,.T.);
#12855 = ORIENTED_EDGE('',*,*,#12856,.T.);
#12856 = EDGE_CURVE('',#10307,#10566,#12857,.T.);
#12857 = LINE('',#12858,#12859);
#12858 = CARTESIAN_POINT('',(-32.,-78.8,65.8));
#12859 = VECTOR('',#12860,1.);
#12860 = DIRECTION('',(0.,-1.,0.));
#12861 = CYLINDRICAL_SURFACE('',#12862,1.5);
#12862 = AXIS2_PLACEMENT_3D('',#12863,#12864,#12865);
#12863 = CARTESIAN_POINT('',(-33.5,-78.8,65.8));
#12864 = DIRECTION('',(0.,-1.,0.));
#12865 = DIRECTION('',(1.,0.,0.));
#12866 = ADVANCED_FACE('',(#12867),#12873,.F.);
#12867 = FACE_BOUND('',#12868,.F.);
#12868 = EDGE_LOOP('',(#12869,#12870,#12871,#12872));
#12869 = ORIENTED_EDGE('',*,*,#12856,.F.);
#12870 = ORIENTED_EDGE('',*,*,#10315,.F.);
#12871 = ORIENTED_EDGE('',*,*,#12837,.T.);
#12872 = ORIENTED_EDGE('',*,*,#10574,.T.);
#12873 = PLANE('',#12874);
#12874 = AXIS2_PLACEMENT_3D('',#12875,#12876,#12877);
#12875 = CARTESIAN_POINT('',(-32.,-78.8,65.8));
#12876 = DIRECTION('',(1.,0.,0.));
#12877 = DIRECTION('',(0.,-1.,0.));
#12878 = ADVANCED_FACE('',(#12879),#12895,.T.);
#12879 = FACE_BOUND('',#12880,.T.);
#12880 = EDGE_LOOP('',(#12881,#12887,#12888,#12894));
#12881 = ORIENTED_EDGE('',*,*,#12882,.F.);
#12882 = EDGE_CURVE('',#10352,#10611,#12883,.T.);
#12883 = LINE('',#12884,#12885);
#12884 = CARTESIAN_POINT('',(-78.,-78.8,74.8));
#12885 = VECTOR('',#12886,1.);
#12886 = DIRECTION('',(0.,-1.,0.));
#12887 = ORIENTED_EDGE('',*,*,#10349,.F.);
#12888 = ORIENTED_EDGE('',*,*,#12889,.T.);
#12889 = EDGE_CURVE('',#10350,#10609,#12890,.T.);
#12890 = LINE('',#12891,#12892);
#12891 = CARTESIAN_POINT('',(-78.,-78.8,75.2));
#12892 = VECTOR('',#12893,1.);
#12893 = DIRECTION('',(0.,-1.,0.));
#12894 = ORIENTED_EDGE('',*,*,#10608,.T.);
#12895 = PLANE('',#12896);
#12896 = AXIS2_PLACEMENT_3D('',#12897,#12898,#12899);
#12897 = CARTESIAN_POINT('',(-78.,-78.8,74.8));
#12898 = DIRECTION('',(1.,0.,0.));
#12899 = DIRECTION('',(0.,-1.,0.));
#12900 = ADVANCED_FACE('',(#12901),#12912,.F.);
#12901 = FACE_BOUND('',#12902,.F.);
#12902 = EDGE_LOOP('',(#12903,#12904,#12910,#12911));
#12903 = ORIENTED_EDGE('',*,*,#10669,.F.);
#12904 = ORIENTED_EDGE('',*,*,#12905,.F.);
#12905 = EDGE_CURVE('',#10403,#10662,#12906,.T.);
#12906 = LINE('',#12907,#12908);
#12907 = CARTESIAN_POINT('',(-76.5,-78.8,76.7));
#12908 = VECTOR('',#12909,1.);
#12909 = DIRECTION('',(0.,-1.,0.));
#12910 = ORIENTED_EDGE('',*,*,#10410,.T.);
#12911 = ORIENTED_EDGE('',*,*,#12889,.T.);
#12912 = CYLINDRICAL_SURFACE('',#12913,1.5);
#12913 = AXIS2_PLACEMENT_3D('',#12914,#12915,#12916);
#12914 = CARTESIAN_POINT('',(-76.5,-78.8,75.2));
#12915 = DIRECTION('',(0.,-1.,0.));
#12916 = DIRECTION('',(1.,0.,0.));
#12917 = ADVANCED_FACE('',(#12918),#12929,.F.);
#12918 = FACE_BOUND('',#12919,.F.);
#12919 = EDGE_LOOP('',(#12920,#12921,#12922,#12923));
#12920 = ORIENTED_EDGE('',*,*,#10618,.F.);
#12921 = ORIENTED_EDGE('',*,*,#12882,.F.);
#12922 = ORIENTED_EDGE('',*,*,#10359,.T.);
#12923 = ORIENTED_EDGE('',*,*,#12924,.T.);
#12924 = EDGE_CURVE('',#10360,#10619,#12925,.T.);
#12925 = LINE('',#12926,#12927);
#12926 = CARTESIAN_POINT('',(-76.5,-78.8,73.3));
#12927 = VECTOR('',#12928,1.);
#12928 = DIRECTION('',(0.,-1.,0.));
#12929 = CYLINDRICAL_SURFACE('',#12930,1.5);
#12930 = AXIS2_PLACEMENT_3D('',#12931,#12932,#12933);
#12931 = CARTESIAN_POINT('',(-76.5,-78.8,74.8));
#12932 = DIRECTION('',(0.,-1.,0.));
#12933 = DIRECTION('',(1.,0.,0.));
#12934 = ADVANCED_FACE('',(#12935),#12946,.F.);
#12935 = FACE_BOUND('',#12936,.F.);
#12936 = EDGE_LOOP('',(#12937,#12938,#12939,#12940));
#12937 = ORIENTED_EDGE('',*,*,#10402,.F.);
#12938 = ORIENTED_EDGE('',*,*,#12905,.T.);
#12939 = ORIENTED_EDGE('',*,*,#10661,.T.);
#12940 = ORIENTED_EDGE('',*,*,#12941,.F.);
#12941 = EDGE_CURVE('',#10394,#10653,#12942,.T.);
#12942 = LINE('',#12943,#12944);
#12943 = CARTESIAN_POINT('',(-33.5,-78.8,76.7));
#12944 = VECTOR('',#12945,1.);
#12945 = DIRECTION('',(0.,-1.,0.));
#12946 = PLANE('',#12947);
#12947 = AXIS2_PLACEMENT_3D('',#12948,#12949,#12950);
#12948 = CARTESIAN_POINT('',(-76.5,-78.8,76.7));
#12949 = DIRECTION('',(0.,0.,1.));
#12950 = DIRECTION('',(0.,-1.,0.));
#12951 = ADVANCED_FACE('',(#12952),#12963,.T.);
#12952 = FACE_BOUND('',#12953,.T.);
#12953 = EDGE_LOOP('',(#12954,#12955,#12956,#12957));
#12954 = ORIENTED_EDGE('',*,*,#10368,.F.);
#12955 = ORIENTED_EDGE('',*,*,#12924,.T.);
#12956 = ORIENTED_EDGE('',*,*,#10627,.T.);
#12957 = ORIENTED_EDGE('',*,*,#12958,.F.);
#12958 = EDGE_CURVE('',#10369,#10628,#12959,.T.);
#12959 = LINE('',#12960,#12961);
#12960 = CARTESIAN_POINT('',(-33.5,-78.8,73.3));
#12961 = VECTOR('',#12962,1.);
#12962 = DIRECTION('',(0.,-1.,0.));
#12963 = PLANE('',#12964);
#12964 = AXIS2_PLACEMENT_3D('',#12965,#12966,#12967);
#12965 = CARTESIAN_POINT('',(-76.5,-78.8,73.3));
#12966 = DIRECTION('',(0.,0.,1.));
#12967 = DIRECTION('',(0.,-1.,0.));
#12968 = ADVANCED_FACE('',(#12969),#12980,.F.);
#12969 = FACE_BOUND('',#12970,.F.);
#12970 = EDGE_LOOP('',(#12971,#12972,#12978,#12979));
#12971 = ORIENTED_EDGE('',*,*,#10652,.F.);
#12972 = ORIENTED_EDGE('',*,*,#12973,.F.);
#12973 = EDGE_CURVE('',#10386,#10645,#12974,.T.);
#12974 = LINE('',#12975,#12976);
#12975 = CARTESIAN_POINT('',(-32.,-78.8,75.2));
#12976 = VECTOR('',#12977,1.);
#12977 = DIRECTION('',(0.,-1.,0.));
#12978 = ORIENTED_EDGE('',*,*,#10393,.T.);
#12979 = ORIENTED_EDGE('',*,*,#12941,.T.);
#12980 = CYLINDRICAL_SURFACE('',#12981,1.5);
#12981 = AXIS2_PLACEMENT_3D('',#12982,#12983,#12984);
#12982 = CARTESIAN_POINT('',(-33.5,-78.8,75.2));
#12983 = DIRECTION('',(0.,-1.,0.));
#12984 = DIRECTION('',(1.,0.,0.));
#12985 = ADVANCED_FACE('',(#12986),#12997,.F.);
#12986 = FACE_BOUND('',#12987,.F.);
#12987 = EDGE_LOOP('',(#12988,#12989,#12990,#12991));
#12988 = ORIENTED_EDGE('',*,*,#10635,.F.);
#12989 = ORIENTED_EDGE('',*,*,#12958,.F.);
#12990 = ORIENTED_EDGE('',*,*,#10376,.T.);
#12991 = ORIENTED_EDGE('',*,*,#12992,.T.);
#12992 = EDGE_CURVE('',#10377,#10636,#12993,.T.);
#12993 = LINE('',#12994,#12995);
#12994 = CARTESIAN_POINT('',(-32.,-78.8,74.8));
#12995 = VECTOR('',#12996,1.);
#12996 = DIRECTION('',(0.,-1.,0.));
#12997 = CYLINDRICAL_SURFACE('',#12998,1.5);
#12998 = AXIS2_PLACEMENT_3D('',#12999,#13000,#13001);
#12999 = CARTESIAN_POINT('',(-33.5,-78.8,74.8));
#13000 = DIRECTION('',(0.,-1.,0.));
#13001 = DIRECTION('',(1.,0.,0.));
#13002 = ADVANCED_FACE('',(#13003),#13009,.F.);
#13003 = FACE_BOUND('',#13004,.F.);
#13004 = EDGE_LOOP('',(#13005,#13006,#13007,#13008));
#13005 = ORIENTED_EDGE('',*,*,#12992,.F.);
#13006 = ORIENTED_EDGE('',*,*,#10385,.F.);
#13007 = ORIENTED_EDGE('',*,*,#12973,.T.);
#13008 = ORIENTED_EDGE('',*,*,#10644,.T.);
#13009 = PLANE('',#13010);
#13010 = AXIS2_PLACEMENT_3D('',#13011,#13012,#13013);
#13011 = CARTESIAN_POINT('',(-32.,-78.8,74.8));
#13012 = DIRECTION('',(1.,0.,0.));
#13013 = DIRECTION('',(0.,-1.,0.));
#13014 = ADVANCED_FACE('',(#13015),#13032,.T.);
#13015 = FACE_BOUND('',#13016,.F.);
#13016 = EDGE_LOOP('',(#13017,#13024,#13030,#13031));
#13017 = ORIENTED_EDGE('',*,*,#13018,.F.);
#13018 = EDGE_CURVE('',#10715,#10427,#13019,.T.);
#13019 = CIRCLE('',#13020,5.);
#13020 = AXIS2_PLACEMENT_3D('',#13021,#13022,#13023);
#13021 = CARTESIAN_POINT('',(-89.,-77.,95.));
#13022 = DIRECTION('',(1.,-6.E-17,0.));
#13023 = DIRECTION('',(-6.E-17,-1.,0.));
#13024 = ORIENTED_EDGE('',*,*,#13025,.T.);
#13025 = EDGE_CURVE('',#10715,#11650,#13026,.T.);
#13026 = LINE('',#13027,#13028);
#13027 = CARTESIAN_POINT('',(-94.,-77.,100.));
#13028 = VECTOR('',#13029,1.);
#13029 = DIRECTION('',(1.,0.,0.));
#13030 = ORIENTED_EDGE('',*,*,#11659,.T.);
#13031 = ORIENTED_EDGE('',*,*,#10434,.F.);
#13032 = CYLINDRICAL_SURFACE('',#13033,5.);
#13033 = AXIS2_PLACEMENT_3D('',#13034,#13035,#13036);
#13034 = CARTESIAN_POINT('',(-94.,-77.,95.));
#13035 = DIRECTION('',(1.,0.,0.));
#13036 = DIRECTION('',(0.,-1.,0.));
#13037 = ADVANCED_FACE('',(#13038),#13057,.T.);
#13038 = FACE_BOUND('',#13039,.T.);
#13039 = EDGE_LOOP('',(#13040,#13048,#13055,#13056));
#13040 = ORIENTED_EDGE('',*,*,#13041,.T.);
#13041 = EDGE_CURVE('',#10458,#13042,#13044,.T.);
#13042 = VERTEX_POINT('',#13043);
#13043 = CARTESIAN_POINT('',(-45.,-86.,27.));
#13044 = LINE('',#13045,#13046);
#13045 = CARTESIAN_POINT('',(-45.,-75.,27.));
#13046 = VECTOR('',#13047,1.);
#13047 = DIRECTION('',(0.,-1.,0.));
#13048 = ORIENTED_EDGE('',*,*,#13049,.F.);
#13049 = EDGE_CURVE('',#13042,#13042,#13050,.T.);
#13050 = CIRCLE('',#13051,8.);
#13051 = AXIS2_PLACEMENT_3D('',#13052,#13053,#13054);
#13052 = CARTESIAN_POINT('',(-45.,-86.,35.));
#13053 = DIRECTION('',(0.,-1.,0.));
#13054 = DIRECTION('',(0.,0.,-1.));
#13055 = ORIENTED_EDGE('',*,*,#13041,.F.);
#13056 = ORIENTED_EDGE('',*,*,#10457,.T.);
#13057 = CYLINDRICAL_SURFACE('',#13058,8.);
#13058 = AXIS2_PLACEMENT_3D('',#13059,#13060,#13061);
#13059 = CARTESIAN_POINT('',(-45.,-75.,35.));
#13060 = DIRECTION('',(0.,-1.,0.));
#13061 = DIRECTION('',(0.,0.,-1.));
#13062 = ADVANCED_FACE('',(#13063),#13068,.T.);
#13063 = FACE_BOUND('',#13064,.F.);
#13064 = EDGE_LOOP('',(#13065,#13066,#13067));
#13065 = ORIENTED_EDGE('',*,*,#10714,.F.);
#13066 = ORIENTED_EDGE('',*,*,#13018,.T.);
#13067 = ORIENTED_EDGE('',*,*,#10699,.F.);
#13068 = SPHERICAL_SURFACE('',#13069,5.);
#13069 = AXIS2_PLACEMENT_3D('',#13070,#13071,#13072);
#13070 = CARTESIAN_POINT('',(-89.,-77.,95.));
#13071 = DIRECTION('',(-0.,-0.,-1.));
#13072 = DIRECTION('',(-1.,0.,0.));
#13073 = ADVANCED_FACE('',(#13074,#13080,#13114,#13148,#13182,#13216,
    #13250),#13284,.T.);
#13074 = FACE_BOUND('',#13075,.T.);
#13075 = EDGE_LOOP('',(#13076,#13077,#13078,#13079));
#13076 = ORIENTED_EDGE('',*,*,#10723,.F.);
#13077 = ORIENTED_EDGE('',*,*,#13025,.T.);
#13078 = ORIENTED_EDGE('',*,*,#11649,.T.);
#13079 = ORIENTED_EDGE('',*,*,#11733,.F.);
#13080 = FACE_BOUND('',#13081,.T.);
#13081 = EDGE_LOOP('',(#13082,#13092,#13100,#13108));
#13082 = ORIENTED_EDGE('',*,*,#13083,.T.);
#13083 = EDGE_CURVE('',#13084,#13086,#13088,.T.);
#13084 = VERTEX_POINT('',#13085);
#13085 = CARTESIAN_POINT('',(-64.,-48.,100.));
#13086 = VERTEX_POINT('',#13087);
#13087 = CARTESIAN_POINT('',(-68.,-48.,100.));
#13088 = LINE('',#13089,#13090);
#13089 = CARTESIAN_POINT('',(-81.,-48.,100.));
#13090 = VECTOR('',#13091,1.);
#13091 = DIRECTION('',(-1.,0.,0.));
#13092 = ORIENTED_EDGE('',*,*,#13093,.T.);
#13093 = EDGE_CURVE('',#13086,#13094,#13096,.T.);
#13094 = VERTEX_POINT('',#13095);
#13095 = CARTESIAN_POINT('',(-68.,-22.,100.));
#13096 = LINE('',#13097,#13098);
#13097 = CARTESIAN_POINT('',(-68.,-65.,100.));
#13098 = VECTOR('',#13099,1.);
#13099 = DIRECTION('',(0.,1.,0.));
#13100 = ORIENTED_EDGE('',*,*,#13101,.F.);
#13101 = EDGE_CURVE('',#13102,#13094,#13104,.T.);
#13102 = VERTEX_POINT('',#13103);
#13103 = CARTESIAN_POINT('',(-64.,-22.,100.));
#13104 = LINE('',#13105,#13106);
#13105 = CARTESIAN_POINT('',(-81.,-22.,100.));
#13106 = VECTOR('',#13107,1.);
#13107 = DIRECTION('',(-1.,0.,0.));
#13108 = ORIENTED_EDGE('',*,*,#13109,.F.);
#13109 = EDGE_CURVE('',#13084,#13102,#13110,.T.);
#13110 = LINE('',#13111,#13112);
#13111 = CARTESIAN_POINT('',(-64.,-65.,100.));
#13112 = VECTOR('',#13113,1.);
#13113 = DIRECTION('',(0.,1.,0.));
#13114 = FACE_BOUND('',#13115,.T.);
#13115 = EDGE_LOOP('',(#13116,#13126,#13134,#13142));
#13116 = ORIENTED_EDGE('',*,*,#13117,.T.);
#13117 = EDGE_CURVE('',#13118,#13120,#13122,.T.);
#13118 = VERTEX_POINT('',#13119);
#13119 = CARTESIAN_POINT('',(-52.,-48.,100.));
#13120 = VERTEX_POINT('',#13121);
#13121 = CARTESIAN_POINT('',(-56.,-48.,100.));
#13122 = LINE('',#13123,#13124);
#13123 = CARTESIAN_POINT('',(-75.,-48.,100.));
#13124 = VECTOR('',#13125,1.);
#13125 = DIRECTION('',(-1.,0.,0.));
#13126 = ORIENTED_EDGE('',*,*,#13127,.T.);
#13127 = EDGE_CURVE('',#13120,#13128,#13130,.T.);
#13128 = VERTEX_POINT('',#13129);
#13129 = CARTESIAN_POINT('',(-56.,-22.,100.));
#13130 = LINE('',#13131,#13132);
#13131 = CARTESIAN_POINT('',(-56.,-65.,100.));
#13132 = VECTOR('',#13133,1.);
#13133 = DIRECTION('',(0.,1.,0.));
#13134 = ORIENTED_EDGE('',*,*,#13135,.F.);
#13135 = EDGE_CURVE('',#13136,#13128,#13138,.T.);
#13136 = VERTEX_POINT('',#13137);
#13137 = CARTESIAN_POINT('',(-52.,-22.,100.));
#13138 = LINE('',#13139,#13140);
#13139 = CARTESIAN_POINT('',(-75.,-22.,100.));
#13140 = VECTOR('',#13141,1.);
#13141 = DIRECTION('',(-1.,0.,0.));
#13142 = ORIENTED_EDGE('',*,*,#13143,.F.);
#13143 = EDGE_CURVE('',#13118,#13136,#13144,.T.);
#13144 = LINE('',#13145,#13146);
#13145 = CARTESIAN_POINT('',(-52.,-65.,100.));
#13146 = VECTOR('',#13147,1.);
#13147 = DIRECTION('',(0.,1.,0.));
#13148 = FACE_BOUND('',#13149,.T.);
#13149 = EDGE_LOOP('',(#13150,#13160,#13168,#13176));
#13150 = ORIENTED_EDGE('',*,*,#13151,.T.);
#13151 = EDGE_CURVE('',#13152,#13154,#13156,.T.);
#13152 = VERTEX_POINT('',#13153);
#13153 = CARTESIAN_POINT('',(-40.,-48.,100.));
#13154 = VERTEX_POINT('',#13155);
#13155 = CARTESIAN_POINT('',(-44.,-48.,100.));
#13156 = LINE('',#13157,#13158);
#13157 = CARTESIAN_POINT('',(-69.,-48.,100.));
#13158 = VECTOR('',#13159,1.);
#13159 = DIRECTION('',(-1.,0.,0.));
#13160 = ORIENTED_EDGE('',*,*,#13161,.T.);
#13161 = EDGE_CURVE('',#13154,#13162,#13164,.T.);
#13162 = VERTEX_POINT('',#13163);
#13163 = CARTESIAN_POINT('',(-44.,-22.,100.));
#13164 = LINE('',#13165,#13166);
#13165 = CARTESIAN_POINT('',(-44.,-65.,100.));
#13166 = VECTOR('',#13167,1.);
#13167 = DIRECTION('',(0.,1.,0.));
#13168 = ORIENTED_EDGE('',*,*,#13169,.F.);
#13169 = EDGE_CURVE('',#13170,#13162,#13172,.T.);
#13170 = VERTEX_POINT('',#13171);
#13171 = CARTESIAN_POINT('',(-40.,-22.,100.));
#13172 = LINE('',#13173,#13174);
#13173 = CARTESIAN_POINT('',(-69.,-22.,100.));
#13174 = VECTOR('',#13175,1.);
#13175 = DIRECTION('',(-1.,0.,0.));
#13176 = ORIENTED_EDGE('',*,*,#13177,.F.);
#13177 = EDGE_CURVE('',#13152,#13170,#13178,.T.);
#13178 = LINE('',#13179,#13180);
#13179 = CARTESIAN_POINT('',(-40.,-65.,100.));
#13180 = VECTOR('',#13181,1.);
#13181 = DIRECTION('',(0.,1.,0.));
#13182 = FACE_BOUND('',#13183,.T.);
#13183 = EDGE_LOOP('',(#13184,#13194,#13202,#13210));
#13184 = ORIENTED_EDGE('',*,*,#13185,.T.);
#13185 = EDGE_CURVE('',#13186,#13188,#13190,.T.);
#13186 = VERTEX_POINT('',#13187);
#13187 = CARTESIAN_POINT('',(-64.,22.,100.));
#13188 = VERTEX_POINT('',#13189);
#13189 = CARTESIAN_POINT('',(-68.,22.,100.));
#13190 = LINE('',#13191,#13192);
#13191 = CARTESIAN_POINT('',(-81.,22.,100.));
#13192 = VECTOR('',#13193,1.);
#13193 = DIRECTION('',(-1.,0.,0.));
#13194 = ORIENTED_EDGE('',*,*,#13195,.T.);
#13195 = EDGE_CURVE('',#13188,#13196,#13198,.T.);
#13196 = VERTEX_POINT('',#13197);
#13197 = CARTESIAN_POINT('',(-68.,48.,100.));
#13198 = LINE('',#13199,#13200);
#13199 = CARTESIAN_POINT('',(-68.,-30.,100.));
#13200 = VECTOR('',#13201,1.);
#13201 = DIRECTION('',(0.,1.,0.));
#13202 = ORIENTED_EDGE('',*,*,#13203,.F.);
#13203 = EDGE_CURVE('',#13204,#13196,#13206,.T.);
#13204 = VERTEX_POINT('',#13205);
#13205 = CARTESIAN_POINT('',(-64.,48.,100.));
#13206 = LINE('',#13207,#13208);
#13207 = CARTESIAN_POINT('',(-81.,48.,100.));
#13208 = VECTOR('',#13209,1.);
#13209 = DIRECTION('',(-1.,0.,0.));
#13210 = ORIENTED_EDGE('',*,*,#13211,.F.);
#13211 = EDGE_CURVE('',#13186,#13204,#13212,.T.);
#13212 = LINE('',#13213,#13214);
#13213 = CARTESIAN_POINT('',(-64.,-30.,100.));
#13214 = VECTOR('',#13215,1.);
#13215 = DIRECTION('',(0.,1.,0.));
#13216 = FACE_BOUND('',#13217,.T.);
#13217 = EDGE_LOOP('',(#13218,#13228,#13236,#13244));
#13218 = ORIENTED_EDGE('',*,*,#13219,.T.);
#13219 = EDGE_CURVE('',#13220,#13222,#13224,.T.);
#13220 = VERTEX_POINT('',#13221);
#13221 = CARTESIAN_POINT('',(-52.,22.,100.));
#13222 = VERTEX_POINT('',#13223);
#13223 = CARTESIAN_POINT('',(-56.,22.,100.));
#13224 = LINE('',#13225,#13226);
#13225 = CARTESIAN_POINT('',(-75.,22.,100.));
#13226 = VECTOR('',#13227,1.);
#13227 = DIRECTION('',(-1.,0.,0.));
#13228 = ORIENTED_EDGE('',*,*,#13229,.T.);
#13229 = EDGE_CURVE('',#13222,#13230,#13232,.T.);
#13230 = VERTEX_POINT('',#13231);
#13231 = CARTESIAN_POINT('',(-56.,48.,100.));
#13232 = LINE('',#13233,#13234);
#13233 = CARTESIAN_POINT('',(-56.,-30.,100.));
#13234 = VECTOR('',#13235,1.);
#13235 = DIRECTION('',(0.,1.,0.));
#13236 = ORIENTED_EDGE('',*,*,#13237,.F.);
#13237 = EDGE_CURVE('',#13238,#13230,#13240,.T.);
#13238 = VERTEX_POINT('',#13239);
#13239 = CARTESIAN_POINT('',(-52.,48.,100.));
#13240 = LINE('',#13241,#13242);
#13241 = CARTESIAN_POINT('',(-75.,48.,100.));
#13242 = VECTOR('',#13243,1.);
#13243 = DIRECTION('',(-1.,0.,0.));
#13244 = ORIENTED_EDGE('',*,*,#13245,.F.);
#13245 = EDGE_CURVE('',#13220,#13238,#13246,.T.);
#13246 = LINE('',#13247,#13248);
#13247 = CARTESIAN_POINT('',(-52.,-30.,100.));
#13248 = VECTOR('',#13249,1.);
#13249 = DIRECTION('',(0.,1.,0.));
#13250 = FACE_BOUND('',#13251,.T.);
#13251 = EDGE_LOOP('',(#13252,#13262,#13270,#13278));
#13252 = ORIENTED_EDGE('',*,*,#13253,.T.);
#13253 = EDGE_CURVE('',#13254,#13256,#13258,.T.);
#13254 = VERTEX_POINT('',#13255);
#13255 = CARTESIAN_POINT('',(-40.,22.,100.));
#13256 = VERTEX_POINT('',#13257);
#13257 = CARTESIAN_POINT('',(-44.,22.,100.));
#13258 = LINE('',#13259,#13260);
#13259 = CARTESIAN_POINT('',(-69.,22.,100.));
#13260 = VECTOR('',#13261,1.);
#13261 = DIRECTION('',(-1.,0.,0.));
#13262 = ORIENTED_EDGE('',*,*,#13263,.T.);
#13263 = EDGE_CURVE('',#13256,#13264,#13266,.T.);
#13264 = VERTEX_POINT('',#13265);
#13265 = CARTESIAN_POINT('',(-44.,48.,100.));
#13266 = LINE('',#13267,#13268);
#13267 = CARTESIAN_POINT('',(-44.,-30.,100.));
#13268 = VECTOR('',#13269,1.);
#13269 = DIRECTION('',(0.,1.,0.));
#13270 = ORIENTED_EDGE('',*,*,#13271,.F.);
#13271 = EDGE_CURVE('',#13272,#13264,#13274,.T.);
#13272 = VERTEX_POINT('',#13273);
#13273 = CARTESIAN_POINT('',(-40.,48.,100.));
#13274 = LINE('',#13275,#13276);
#13275 = CARTESIAN_POINT('',(-69.,48.,100.));
#13276 = VECTOR('',#13277,1.);
#13277 = DIRECTION('',(-1.,0.,0.));
#13278 = ORIENTED_EDGE('',*,*,#13279,.F.);
#13279 = EDGE_CURVE('',#13254,#13272,#13280,.T.);
#13280 = LINE('',#13281,#13282);
#13281 = CARTESIAN_POINT('',(-40.,-30.,100.));
#13282 = VECTOR('',#13283,1.);
#13283 = DIRECTION('',(0.,1.,0.));
#13284 = PLANE('',#13285);
#13285 = AXIS2_PLACEMENT_3D('',#13286,#13287,#13288);
#13286 = CARTESIAN_POINT('',(-94.,-82.,100.));
#13287 = DIRECTION('',(0.,0.,1.));
#13288 = DIRECTION('',(1.,0.,0.));
#13289 = ADVANCED_FACE('',(#13290),#13295,.T.);
#13290 = FACE_BOUND('',#13291,.F.);
#13291 = EDGE_LOOP('',(#13292,#13293,#13294));
#13292 = ORIENTED_EDGE('',*,*,#10750,.F.);
#13293 = ORIENTED_EDGE('',*,*,#11726,.T.);
#13294 = ORIENTED_EDGE('',*,*,#10731,.F.);
#13295 = SPHERICAL_SURFACE('',#13296,5.);
#13296 = AXIS2_PLACEMENT_3D('',#13297,#13298,#13299);
#13297 = CARTESIAN_POINT('',(-89.,77.,95.));
#13298 = DIRECTION('',(0.,-1.,0.));
#13299 = DIRECTION('',(-1.,0.,0.));
#13300 = ADVANCED_FACE('',(#13301,#13304),#13315,.F.);
#13301 = FACE_BOUND('',#13302,.F.);
#13302 = EDGE_LOOP('',(#13303));
#13303 = ORIENTED_EDGE('',*,*,#10773,.T.);
#13304 = FACE_BOUND('',#13305,.F.);
#13305 = EDGE_LOOP('',(#13306));
#13306 = ORIENTED_EDGE('',*,*,#13307,.F.);
#13307 = EDGE_CURVE('',#13308,#13308,#13310,.T.);
#13308 = VERTEX_POINT('',#13309);
#13309 = CARTESIAN_POINT('',(-92.,62.,-38.3));
#13310 = CIRCLE('',#13311,1.7);
#13311 = AXIS2_PLACEMENT_3D('',#13312,#13313,#13314);
#13312 = CARTESIAN_POINT('',(-92.,62.,-40.));
#13313 = DIRECTION('',(1.,0.,-0.));
#13314 = DIRECTION('',(0.,0.,1.));
#13315 = PLANE('',#13316);
#13316 = AXIS2_PLACEMENT_3D('',#13317,#13318,#13319);
#13317 = CARTESIAN_POINT('',(-92.,62.,-40.));
#13318 = DIRECTION('',(1.,0.,0.));
#13319 = DIRECTION('',(0.,0.,1.));
#13320 = ADVANCED_FACE('',(#13321,#13324),#13335,.F.);
#13321 = FACE_BOUND('',#13322,.F.);
#13322 = EDGE_LOOP('',(#13323));
#13323 = ORIENTED_EDGE('',*,*,#10798,.T.);
#13324 = FACE_BOUND('',#13325,.F.);
#13325 = EDGE_LOOP('',(#13326));
#13326 = ORIENTED_EDGE('',*,*,#13327,.F.);
#13327 = EDGE_CURVE('',#13328,#13328,#13330,.T.);
#13328 = VERTEX_POINT('',#13329);
#13329 = CARTESIAN_POINT('',(-92.,62.,42.7));
#13330 = CIRCLE('',#13331,1.7);
#13331 = AXIS2_PLACEMENT_3D('',#13332,#13333,#13334);
#13332 = CARTESIAN_POINT('',(-92.,62.,41.));
#13333 = DIRECTION('',(1.,0.,-0.));
#13334 = DIRECTION('',(0.,0.,1.));
#13335 = PLANE('',#13336);
#13336 = AXIS2_PLACEMENT_3D('',#13337,#13338,#13339);
#13337 = CARTESIAN_POINT('',(-92.,62.,41.));
#13338 = DIRECTION('',(1.,0.,0.));
#13339 = DIRECTION('',(0.,0.,1.));
#13340 = ADVANCED_FACE('',(#13341,#13344),#13355,.F.);
#13341 = FACE_BOUND('',#13342,.F.);
#13342 = EDGE_LOOP('',(#13343));
#13343 = ORIENTED_EDGE('',*,*,#10823,.T.);
#13344 = FACE_BOUND('',#13345,.F.);
#13345 = EDGE_LOOP('',(#13346));
#13346 = ORIENTED_EDGE('',*,*,#13347,.F.);
#13347 = EDGE_CURVE('',#13348,#13348,#13350,.T.);
#13348 = VERTEX_POINT('',#13349);
#13349 = CARTESIAN_POINT('',(-92.,-62.,-38.3));
#13350 = CIRCLE('',#13351,1.7);
#13351 = AXIS2_PLACEMENT_3D('',#13352,#13353,#13354);
#13352 = CARTESIAN_POINT('',(-92.,-62.,-40.));
#13353 = DIRECTION('',(1.,0.,-0.));
#13354 = DIRECTION('',(0.,0.,1.));
#13355 = PLANE('',#13356);
#13356 = AXIS2_PLACEMENT_3D('',#13357,#13358,#13359);
#13357 = CARTESIAN_POINT('',(-92.,-62.,-40.));
#13358 = DIRECTION('',(1.,0.,0.));
#13359 = DIRECTION('',(0.,0.,1.));
#13360 = ADVANCED_FACE('',(#13361,#13364),#13375,.F.);
#13361 = FACE_BOUND('',#13362,.F.);
#13362 = EDGE_LOOP('',(#13363));
#13363 = ORIENTED_EDGE('',*,*,#11632,.T.);
#13364 = FACE_BOUND('',#13365,.F.);
#13365 = EDGE_LOOP('',(#13366));
#13366 = ORIENTED_EDGE('',*,*,#13367,.F.);
#13367 = EDGE_CURVE('',#13368,#13368,#13370,.T.);
#13368 = VERTEX_POINT('',#13369);
#13369 = CARTESIAN_POINT('',(-92.,-62.,42.7));
#13370 = CIRCLE('',#13371,1.7);
#13371 = AXIS2_PLACEMENT_3D('',#13372,#13373,#13374);
#13372 = CARTESIAN_POINT('',(-92.,-62.,41.));
#13373 = DIRECTION('',(1.,0.,-0.));
#13374 = DIRECTION('',(0.,0.,1.));
#13375 = PLANE('',#13376);
#13376 = AXIS2_PLACEMENT_3D('',#13377,#13378,#13379);
#13377 = CARTESIAN_POINT('',(-92.,-62.,41.));
#13378 = DIRECTION('',(1.,0.,0.));
#13379 = DIRECTION('',(0.,0.,1.));
#13380 = ADVANCED_FACE('',(#13381),#13392,.F.);
#13381 = FACE_BOUND('',#13382,.F.);
#13382 = EDGE_LOOP('',(#13383,#13384,#13385,#13391));
#13383 = ORIENTED_EDGE('',*,*,#12492,.F.);
#13384 = ORIENTED_EDGE('',*,*,#12376,.T.);
#13385 = ORIENTED_EDGE('',*,*,#13386,.T.);
#13386 = EDGE_CURVE('',#12377,#11686,#13387,.T.);
#13387 = LINE('',#13388,#13389);
#13388 = CARTESIAN_POINT('',(-91.5,77.,97.5));
#13389 = VECTOR('',#13390,1.);
#13390 = DIRECTION('',(1.,0.,0.));
#13391 = ORIENTED_EDGE('',*,*,#11693,.F.);
#13392 = CYLINDRICAL_SURFACE('',#13393,2.5);
#13393 = AXIS2_PLACEMENT_3D('',#13394,#13395,#13396);
#13394 = CARTESIAN_POINT('',(-91.5,77.,95.));
#13395 = DIRECTION('',(1.,0.,0.));
#13396 = DIRECTION('',(0.,1.,0.));
#13397 = ADVANCED_FACE('',(#13398),#13409,.F.);
#13398 = FACE_BOUND('',#13399,.F.);
#13399 = EDGE_LOOP('',(#13400,#13401,#13407,#13408));
#13400 = ORIENTED_EDGE('',*,*,#12385,.F.);
#13401 = ORIENTED_EDGE('',*,*,#13402,.T.);
#13402 = EDGE_CURVE('',#12386,#11677,#13403,.T.);
#13403 = LINE('',#13404,#13405);
#13404 = CARTESIAN_POINT('',(-91.5,-77.,97.5));
#13405 = VECTOR('',#13406,1.);
#13406 = DIRECTION('',(1.,0.,0.));
#13407 = ORIENTED_EDGE('',*,*,#11685,.F.);
#13408 = ORIENTED_EDGE('',*,*,#13386,.F.);
#13409 = PLANE('',#13410);
#13410 = AXIS2_PLACEMENT_3D('',#13411,#13412,#13413);
#13411 = CARTESIAN_POINT('',(-91.5,-79.5,97.5));
#13412 = DIRECTION('',(0.,0.,1.));
#13413 = DIRECTION('',(1.,0.,0.));
#13414 = ADVANCED_FACE('',(#13415),#13421,.F.);
#13415 = FACE_BOUND('',#13416,.T.);
#13416 = EDGE_LOOP('',(#13417,#13418,#13419,#13420));
#13417 = ORIENTED_EDGE('',*,*,#12393,.F.);
#13418 = ORIENTED_EDGE('',*,*,#13402,.T.);
#13419 = ORIENTED_EDGE('',*,*,#11676,.T.);
#13420 = ORIENTED_EDGE('',*,*,#12509,.F.);
#13421 = CYLINDRICAL_SURFACE('',#13422,2.5);
#13422 = AXIS2_PLACEMENT_3D('',#13423,#13424,#13425);
#13423 = CARTESIAN_POINT('',(-91.5,-77.,95.));
#13424 = DIRECTION('',(1.,0.,0.));
#13425 = DIRECTION('',(0.,-1.,0.));
#13426 = ADVANCED_FACE('',(#13427,#13430),#13441,.T.);
#13427 = FACE_BOUND('',#13428,.T.);
#13428 = EDGE_LOOP('',(#13429));
#13429 = ORIENTED_EDGE('',*,*,#11756,.T.);
#13430 = FACE_BOUND('',#13431,.T.);
#13431 = EDGE_LOOP('',(#13432));
#13432 = ORIENTED_EDGE('',*,*,#13433,.F.);
#13433 = EDGE_CURVE('',#13434,#13434,#13436,.T.);
#13434 = VERTEX_POINT('',#13435);
#13435 = CARTESIAN_POINT('',(-45.,86.,36.7));
#13436 = CIRCLE('',#13437,1.7);
#13437 = AXIS2_PLACEMENT_3D('',#13438,#13439,#13440);
#13438 = CARTESIAN_POINT('',(-45.,86.,35.));
#13439 = DIRECTION('',(0.,1.,0.));
#13440 = DIRECTION('',(0.,0.,1.));
#13441 = PLANE('',#13442);
#13442 = AXIS2_PLACEMENT_3D('',#13443,#13444,#13445);
#13443 = CARTESIAN_POINT('',(-45.,86.,35.));
#13444 = DIRECTION('',(0.,1.,0.));
#13445 = DIRECTION('',(0.,0.,1.));
#13446 = ADVANCED_FACE('',(#13447),#13458,.F.);
#13447 = FACE_BOUND('',#13448,.T.);
#13448 = EDGE_LOOP('',(#13449,#13456,#13457));
#13449 = ORIENTED_EDGE('',*,*,#13450,.F.);
#13450 = EDGE_CURVE('',#12527,#12182,#13451,.T.);
#13451 = CIRCLE('',#13452,2.);
#13452 = AXIS2_PLACEMENT_3D('',#13453,#13454,#13455);
#13453 = CARTESIAN_POINT('',(-89.,-77.,95.));
#13454 = DIRECTION('',(0.,-1.,0.));
#13455 = DIRECTION('',(-1.,0.,0.));
#13456 = ORIENTED_EDGE('',*,*,#12526,.T.);
#13457 = ORIENTED_EDGE('',*,*,#12191,.F.);
#13458 = SPHERICAL_SURFACE('',#13459,2.);
#13459 = AXIS2_PLACEMENT_3D('',#13460,#13461,#13462);
#13460 = CARTESIAN_POINT('',(-89.,-77.,95.));
#13461 = DIRECTION('',(-0.,-0.,-1.));
#13462 = DIRECTION('',(-1.,0.,0.));
#13463 = ADVANCED_FACE('',(#13464),#13481,.F.);
#13464 = FACE_BOUND('',#13465,.F.);
#13465 = EDGE_LOOP('',(#13466,#13467,#13473,#13480));
#13466 = ORIENTED_EDGE('',*,*,#13450,.F.);
#13467 = ORIENTED_EDGE('',*,*,#13468,.T.);
#13468 = EDGE_CURVE('',#12527,#12410,#13469,.T.);
#13469 = LINE('',#13470,#13471);
#13470 = CARTESIAN_POINT('',(-89.,-79.,97.));
#13471 = VECTOR('',#13472,1.);
#13472 = DIRECTION('',(0.,1.,0.));
#13473 = ORIENTED_EDGE('',*,*,#13474,.F.);
#13474 = EDGE_CURVE('',#12209,#12410,#13475,.T.);
#13475 = CIRCLE('',#13476,2.);
#13476 = AXIS2_PLACEMENT_3D('',#13477,#13478,#13479);
#13477 = CARTESIAN_POINT('',(-89.,77.,95.));
#13478 = DIRECTION('',(0.,1.,-0.));
#13479 = DIRECTION('',(-1.,0.,0.));
#13480 = ORIENTED_EDGE('',*,*,#12216,.F.);
#13481 = CYLINDRICAL_SURFACE('',#13482,2.);
#13482 = AXIS2_PLACEMENT_3D('',#13483,#13484,#13485);
#13483 = CARTESIAN_POINT('',(-89.,-79.,95.));
#13484 = DIRECTION('',(0.,1.,0.));
#13485 = DIRECTION('',(-1.,0.,0.));
#13486 = ADVANCED_FACE('',(#13487),#13506,.T.);
#13487 = FACE_BOUND('',#13488,.T.);
#13488 = EDGE_LOOP('',(#13489,#13497,#13504,#13505));
#13489 = ORIENTED_EDGE('',*,*,#13490,.T.);
#13490 = EDGE_CURVE('',#12225,#13491,#13493,.T.);
#13491 = VERTEX_POINT('',#13492);
#13492 = CARTESIAN_POINT('',(-86.,62.,-35.));
#13493 = LINE('',#13494,#13495);
#13494 = CARTESIAN_POINT('',(-94.,62.,-35.));
#13495 = VECTOR('',#13496,1.);
#13496 = DIRECTION('',(1.,0.,0.));
#13497 = ORIENTED_EDGE('',*,*,#13498,.F.);
#13498 = EDGE_CURVE('',#13491,#13491,#13499,.T.);
#13499 = CIRCLE('',#13500,5.);
#13500 = AXIS2_PLACEMENT_3D('',#13501,#13502,#13503);
#13501 = CARTESIAN_POINT('',(-86.,62.,-40.));
#13502 = DIRECTION('',(1.,0.,-0.));
#13503 = DIRECTION('',(0.,0.,1.));
#13504 = ORIENTED_EDGE('',*,*,#13490,.F.);
#13505 = ORIENTED_EDGE('',*,*,#12224,.T.);
#13506 = CYLINDRICAL_SURFACE('',#13507,5.);
#13507 = AXIS2_PLACEMENT_3D('',#13508,#13509,#13510);
#13508 = CARTESIAN_POINT('',(-94.,62.,-40.));
#13509 = DIRECTION('',(1.,0.,0.));
#13510 = DIRECTION('',(0.,0.,1.));
#13511 = ADVANCED_FACE('',(#13512),#13531,.T.);
#13512 = FACE_BOUND('',#13513,.T.);
#13513 = EDGE_LOOP('',(#13514,#13522,#13529,#13530));
#13514 = ORIENTED_EDGE('',*,*,#13515,.T.);
#13515 = EDGE_CURVE('',#12236,#13516,#13518,.T.);
#13516 = VERTEX_POINT('',#13517);
#13517 = CARTESIAN_POINT('',(-86.,62.,46.));
#13518 = LINE('',#13519,#13520);
#13519 = CARTESIAN_POINT('',(-94.,62.,46.));
#13520 = VECTOR('',#13521,1.);
#13521 = DIRECTION('',(1.,0.,0.));
#13522 = ORIENTED_EDGE('',*,*,#13523,.F.);
#13523 = EDGE_CURVE('',#13516,#13516,#13524,.T.);
#13524 = CIRCLE('',#13525,5.);
#13525 = AXIS2_PLACEMENT_3D('',#13526,#13527,#13528);
#13526 = CARTESIAN_POINT('',(-86.,62.,41.));
#13527 = DIRECTION('',(1.,0.,-0.));
#13528 = DIRECTION('',(0.,0.,1.));
#13529 = ORIENTED_EDGE('',*,*,#13515,.F.);
#13530 = ORIENTED_EDGE('',*,*,#12235,.T.);
#13531 = CYLINDRICAL_SURFACE('',#13532,5.);
#13532 = AXIS2_PLACEMENT_3D('',#13533,#13534,#13535);
#13533 = CARTESIAN_POINT('',(-94.,62.,41.));
#13534 = DIRECTION('',(1.,0.,0.));
#13535 = DIRECTION('',(0.,0.,1.));
#13536 = ADVANCED_FACE('',(#13537),#13556,.T.);
#13537 = FACE_BOUND('',#13538,.T.);
#13538 = EDGE_LOOP('',(#13539,#13547,#13554,#13555));
#13539 = ORIENTED_EDGE('',*,*,#13540,.T.);
#13540 = EDGE_CURVE('',#12247,#13541,#13543,.T.);
#13541 = VERTEX_POINT('',#13542);
#13542 = CARTESIAN_POINT('',(-86.,-62.,-35.));
#13543 = LINE('',#13544,#13545);
#13544 = CARTESIAN_POINT('',(-94.,-62.,-35.));
#13545 = VECTOR('',#13546,1.);
#13546 = DIRECTION('',(1.,0.,0.));
#13547 = ORIENTED_EDGE('',*,*,#13548,.F.);
#13548 = EDGE_CURVE('',#13541,#13541,#13549,.T.);
#13549 = CIRCLE('',#13550,5.);
#13550 = AXIS2_PLACEMENT_3D('',#13551,#13552,#13553);
#13551 = CARTESIAN_POINT('',(-86.,-62.,-40.));
#13552 = DIRECTION('',(1.,0.,-0.));
#13553 = DIRECTION('',(0.,0.,1.));
#13554 = ORIENTED_EDGE('',*,*,#13540,.F.);
#13555 = ORIENTED_EDGE('',*,*,#12246,.T.);
#13556 = CYLINDRICAL_SURFACE('',#13557,5.);
#13557 = AXIS2_PLACEMENT_3D('',#13558,#13559,#13560);
#13558 = CARTESIAN_POINT('',(-94.,-62.,-40.));
#13559 = DIRECTION('',(1.,0.,0.));
#13560 = DIRECTION('',(0.,0.,1.));
#13561 = ADVANCED_FACE('',(#13562),#13581,.T.);
#13562 = FACE_BOUND('',#13563,.T.);
#13563 = EDGE_LOOP('',(#13564,#13572,#13579,#13580));
#13564 = ORIENTED_EDGE('',*,*,#13565,.T.);
#13565 = EDGE_CURVE('',#12298,#13566,#13568,.T.);
#13566 = VERTEX_POINT('',#13567);
#13567 = CARTESIAN_POINT('',(-86.,-62.,46.));
#13568 = LINE('',#13569,#13570);
#13569 = CARTESIAN_POINT('',(-94.,-62.,46.));
#13570 = VECTOR('',#13571,1.);
#13571 = DIRECTION('',(1.,0.,0.));
#13572 = ORIENTED_EDGE('',*,*,#13573,.F.);
#13573 = EDGE_CURVE('',#13566,#13566,#13574,.T.);
#13574 = CIRCLE('',#13575,5.);
#13575 = AXIS2_PLACEMENT_3D('',#13576,#13577,#13578);
#13576 = CARTESIAN_POINT('',(-86.,-62.,41.));
#13577 = DIRECTION('',(1.,0.,-0.));
#13578 = DIRECTION('',(0.,0.,1.));
#13579 = ORIENTED_EDGE('',*,*,#13565,.F.);
#13580 = ORIENTED_EDGE('',*,*,#12297,.T.);
#13581 = CYLINDRICAL_SURFACE('',#13582,5.);
#13582 = AXIS2_PLACEMENT_3D('',#13583,#13584,#13585);
#13583 = CARTESIAN_POINT('',(-94.,-62.,41.));
#13584 = DIRECTION('',(1.,0.,0.));
#13585 = DIRECTION('',(0.,0.,1.));
#13586 = ADVANCED_FACE('',(#13587),#13592,.F.);
#13587 = FACE_BOUND('',#13588,.T.);
#13588 = EDGE_LOOP('',(#13589,#13590,#13591));
#13589 = ORIENTED_EDGE('',*,*,#12317,.F.);
#13590 = ORIENTED_EDGE('',*,*,#12409,.T.);
#13591 = ORIENTED_EDGE('',*,*,#13474,.F.);
#13592 = SPHERICAL_SURFACE('',#13593,2.);
#13593 = AXIS2_PLACEMENT_3D('',#13594,#13595,#13596);
#13594 = CARTESIAN_POINT('',(-89.,77.,95.));
#13595 = DIRECTION('',(0.,-1.,0.));
#13596 = DIRECTION('',(-1.,0.,0.));
#13597 = ADVANCED_FACE('',(#13598,#13604,#13638,#13672,#13706,#13740,
    #13774),#13808,.F.);
#13598 = FACE_BOUND('',#13599,.F.);
#13599 = EDGE_LOOP('',(#13600,#13601,#13602,#13603));
#13600 = ORIENTED_EDGE('',*,*,#13468,.F.);
#13601 = ORIENTED_EDGE('',*,*,#12535,.T.);
#13602 = ORIENTED_EDGE('',*,*,#12351,.T.);
#13603 = ORIENTED_EDGE('',*,*,#12418,.F.);
#13604 = FACE_BOUND('',#13605,.F.);
#13605 = EDGE_LOOP('',(#13606,#13616,#13624,#13632));
#13606 = ORIENTED_EDGE('',*,*,#13607,.T.);
#13607 = EDGE_CURVE('',#13608,#13610,#13612,.T.);
#13608 = VERTEX_POINT('',#13609);
#13609 = CARTESIAN_POINT('',(-64.,-48.,97.));
#13610 = VERTEX_POINT('',#13611);
#13611 = CARTESIAN_POINT('',(-68.,-48.,97.));
#13612 = LINE('',#13613,#13614);
#13613 = CARTESIAN_POINT('',(-79.5,-48.,97.));
#13614 = VECTOR('',#13615,1.);
#13615 = DIRECTION('',(-1.,0.,0.));
#13616 = ORIENTED_EDGE('',*,*,#13617,.T.);
#13617 = EDGE_CURVE('',#13610,#13618,#13620,.T.);
#13618 = VERTEX_POINT('',#13619);
#13619 = CARTESIAN_POINT('',(-68.,-22.,97.));
#13620 = LINE('',#13621,#13622);
#13621 = CARTESIAN_POINT('',(-68.,-63.5,97.));
#13622 = VECTOR('',#13623,1.);
#13623 = DIRECTION('',(0.,1.,0.));
#13624 = ORIENTED_EDGE('',*,*,#13625,.F.);
#13625 = EDGE_CURVE('',#13626,#13618,#13628,.T.);
#13626 = VERTEX_POINT('',#13627);
#13627 = CARTESIAN_POINT('',(-64.,-22.,97.));
#13628 = LINE('',#13629,#13630);
#13629 = CARTESIAN_POINT('',(-79.5,-22.,97.));
#13630 = VECTOR('',#13631,1.);
#13631 = DIRECTION('',(-1.,0.,0.));
#13632 = ORIENTED_EDGE('',*,*,#13633,.F.);
#13633 = EDGE_CURVE('',#13608,#13626,#13634,.T.);
#13634 = LINE('',#13635,#13636);
#13635 = CARTESIAN_POINT('',(-64.,-63.5,97.));
#13636 = VECTOR('',#13637,1.);
#13637 = DIRECTION('',(0.,1.,0.));
#13638 = FACE_BOUND('',#13639,.F.);
#13639 = EDGE_LOOP('',(#13640,#13650,#13658,#13666));
#13640 = ORIENTED_EDGE('',*,*,#13641,.T.);
#13641 = EDGE_CURVE('',#13642,#13644,#13646,.T.);
#13642 = VERTEX_POINT('',#13643);
#13643 = CARTESIAN_POINT('',(-52.,-48.,97.));
#13644 = VERTEX_POINT('',#13645);
#13645 = CARTESIAN_POINT('',(-56.,-48.,97.));
#13646 = LINE('',#13647,#13648);
#13647 = CARTESIAN_POINT('',(-73.5,-48.,97.));
#13648 = VECTOR('',#13649,1.);
#13649 = DIRECTION('',(-1.,0.,0.));
#13650 = ORIENTED_EDGE('',*,*,#13651,.T.);
#13651 = EDGE_CURVE('',#13644,#13652,#13654,.T.);
#13652 = VERTEX_POINT('',#13653);
#13653 = CARTESIAN_POINT('',(-56.,-22.,97.));
#13654 = LINE('',#13655,#13656);
#13655 = CARTESIAN_POINT('',(-56.,-63.5,97.));
#13656 = VECTOR('',#13657,1.);
#13657 = DIRECTION('',(0.,1.,0.));
#13658 = ORIENTED_EDGE('',*,*,#13659,.F.);
#13659 = EDGE_CURVE('',#13660,#13652,#13662,.T.);
#13660 = VERTEX_POINT('',#13661);
#13661 = CARTESIAN_POINT('',(-52.,-22.,97.));
#13662 = LINE('',#13663,#13664);
#13663 = CARTESIAN_POINT('',(-73.5,-22.,97.));
#13664 = VECTOR('',#13665,1.);
#13665 = DIRECTION('',(-1.,0.,0.));
#13666 = ORIENTED_EDGE('',*,*,#13667,.F.);
#13667 = EDGE_CURVE('',#13642,#13660,#13668,.T.);
#13668 = LINE('',#13669,#13670);
#13669 = CARTESIAN_POINT('',(-52.,-63.5,97.));
#13670 = VECTOR('',#13671,1.);
#13671 = DIRECTION('',(0.,1.,0.));
#13672 = FACE_BOUND('',#13673,.F.);
#13673 = EDGE_LOOP('',(#13674,#13684,#13692,#13700));
#13674 = ORIENTED_EDGE('',*,*,#13675,.T.);
#13675 = EDGE_CURVE('',#13676,#13678,#13680,.T.);
#13676 = VERTEX_POINT('',#13677);
#13677 = CARTESIAN_POINT('',(-40.,-48.,97.));
#13678 = VERTEX_POINT('',#13679);
#13679 = CARTESIAN_POINT('',(-44.,-48.,97.));
#13680 = LINE('',#13681,#13682);
#13681 = CARTESIAN_POINT('',(-67.5,-48.,97.));
#13682 = VECTOR('',#13683,1.);
#13683 = DIRECTION('',(-1.,0.,0.));
#13684 = ORIENTED_EDGE('',*,*,#13685,.T.);
#13685 = EDGE_CURVE('',#13678,#13686,#13688,.T.);
#13686 = VERTEX_POINT('',#13687);
#13687 = CARTESIAN_POINT('',(-44.,-22.,97.));
#13688 = LINE('',#13689,#13690);
#13689 = CARTESIAN_POINT('',(-44.,-63.5,97.));
#13690 = VECTOR('',#13691,1.);
#13691 = DIRECTION('',(0.,1.,0.));
#13692 = ORIENTED_EDGE('',*,*,#13693,.F.);
#13693 = EDGE_CURVE('',#13694,#13686,#13696,.T.);
#13694 = VERTEX_POINT('',#13695);
#13695 = CARTESIAN_POINT('',(-40.,-22.,97.));
#13696 = LINE('',#13697,#13698);
#13697 = CARTESIAN_POINT('',(-67.5,-22.,97.));
#13698 = VECTOR('',#13699,1.);
#13699 = DIRECTION('',(-1.,0.,0.));
#13700 = ORIENTED_EDGE('',*,*,#13701,.F.);
#13701 = EDGE_CURVE('',#13676,#13694,#13702,.T.);
#13702 = LINE('',#13703,#13704);
#13703 = CARTESIAN_POINT('',(-40.,-63.5,97.));
#13704 = VECTOR('',#13705,1.);
#13705 = DIRECTION('',(0.,1.,0.));
#13706 = FACE_BOUND('',#13707,.F.);
#13707 = EDGE_LOOP('',(#13708,#13718,#13726,#13734));
#13708 = ORIENTED_EDGE('',*,*,#13709,.T.);
#13709 = EDGE_CURVE('',#13710,#13712,#13714,.T.);
#13710 = VERTEX_POINT('',#13711);
#13711 = CARTESIAN_POINT('',(-64.,22.,97.));
#13712 = VERTEX_POINT('',#13713);
#13713 = CARTESIAN_POINT('',(-68.,22.,97.));
#13714 = LINE('',#13715,#13716);
#13715 = CARTESIAN_POINT('',(-79.5,22.,97.));
#13716 = VECTOR('',#13717,1.);
#13717 = DIRECTION('',(-1.,0.,0.));
#13718 = ORIENTED_EDGE('',*,*,#13719,.T.);
#13719 = EDGE_CURVE('',#13712,#13720,#13722,.T.);
#13720 = VERTEX_POINT('',#13721);
#13721 = CARTESIAN_POINT('',(-68.,48.,97.));
#13722 = LINE('',#13723,#13724);
#13723 = CARTESIAN_POINT('',(-68.,-28.5,97.));
#13724 = VECTOR('',#13725,1.);
#13725 = DIRECTION('',(0.,1.,0.));
#13726 = ORIENTED_EDGE('',*,*,#13727,.F.);
#13727 = EDGE_CURVE('',#13728,#13720,#13730,.T.);
#13728 = VERTEX_POINT('',#13729);
#13729 = CARTESIAN_POINT('',(-64.,48.,97.));
#13730 = LINE('',#13731,#13732);
#13731 = CARTESIAN_POINT('',(-79.5,48.,97.));
#13732 = VECTOR('',#13733,1.);
#13733 = DIRECTION('',(-1.,0.,0.));
#13734 = ORIENTED_EDGE('',*,*,#13735,.F.);
#13735 = EDGE_CURVE('',#13710,#13728,#13736,.T.);
#13736 = LINE('',#13737,#13738);
#13737 = CARTESIAN_POINT('',(-64.,-28.5,97.));
#13738 = VECTOR('',#13739,1.);
#13739 = DIRECTION('',(0.,1.,0.));
#13740 = FACE_BOUND('',#13741,.F.);
#13741 = EDGE_LOOP('',(#13742,#13752,#13760,#13768));
#13742 = ORIENTED_EDGE('',*,*,#13743,.T.);
#13743 = EDGE_CURVE('',#13744,#13746,#13748,.T.);
#13744 = VERTEX_POINT('',#13745);
#13745 = CARTESIAN_POINT('',(-52.,22.,97.));
#13746 = VERTEX_POINT('',#13747);
#13747 = CARTESIAN_POINT('',(-56.,22.,97.));
#13748 = LINE('',#13749,#13750);
#13749 = CARTESIAN_POINT('',(-73.5,22.,97.));
#13750 = VECTOR('',#13751,1.);
#13751 = DIRECTION('',(-1.,0.,0.));
#13752 = ORIENTED_EDGE('',*,*,#13753,.T.);
#13753 = EDGE_CURVE('',#13746,#13754,#13756,.T.);
#13754 = VERTEX_POINT('',#13755);
#13755 = CARTESIAN_POINT('',(-56.,48.,97.));
#13756 = LINE('',#13757,#13758);
#13757 = CARTESIAN_POINT('',(-56.,-28.5,97.));
#13758 = VECTOR('',#13759,1.);
#13759 = DIRECTION('',(0.,1.,0.));
#13760 = ORIENTED_EDGE('',*,*,#13761,.F.);
#13761 = EDGE_CURVE('',#13762,#13754,#13764,.T.);
#13762 = VERTEX_POINT('',#13763);
#13763 = CARTESIAN_POINT('',(-52.,48.,97.));
#13764 = LINE('',#13765,#13766);
#13765 = CARTESIAN_POINT('',(-73.5,48.,97.));
#13766 = VECTOR('',#13767,1.);
#13767 = DIRECTION('',(-1.,0.,0.));
#13768 = ORIENTED_EDGE('',*,*,#13769,.F.);
#13769 = EDGE_CURVE('',#13744,#13762,#13770,.T.);
#13770 = LINE('',#13771,#13772);
#13771 = CARTESIAN_POINT('',(-52.,-28.5,97.));
#13772 = VECTOR('',#13773,1.);
#13773 = DIRECTION('',(0.,1.,0.));
#13774 = FACE_BOUND('',#13775,.F.);
#13775 = EDGE_LOOP('',(#13776,#13786,#13794,#13802));
#13776 = ORIENTED_EDGE('',*,*,#13777,.T.);
#13777 = EDGE_CURVE('',#13778,#13780,#13782,.T.);
#13778 = VERTEX_POINT('',#13779);
#13779 = CARTESIAN_POINT('',(-40.,22.,97.));
#13780 = VERTEX_POINT('',#13781);
#13781 = CARTESIAN_POINT('',(-44.,22.,97.));
#13782 = LINE('',#13783,#13784);
#13783 = CARTESIAN_POINT('',(-67.5,22.,97.));
#13784 = VECTOR('',#13785,1.);
#13785 = DIRECTION('',(-1.,0.,0.));
#13786 = ORIENTED_EDGE('',*,*,#13787,.T.);
#13787 = EDGE_CURVE('',#13780,#13788,#13790,.T.);
#13788 = VERTEX_POINT('',#13789);
#13789 = CARTESIAN_POINT('',(-44.,48.,97.));
#13790 = LINE('',#13791,#13792);
#13791 = CARTESIAN_POINT('',(-44.,-28.5,97.));
#13792 = VECTOR('',#13793,1.);
#13793 = DIRECTION('',(0.,1.,0.));
#13794 = ORIENTED_EDGE('',*,*,#13795,.F.);
#13795 = EDGE_CURVE('',#13796,#13788,#13798,.T.);
#13796 = VERTEX_POINT('',#13797);
#13797 = CARTESIAN_POINT('',(-40.,48.,97.));
#13798 = LINE('',#13799,#13800);
#13799 = CARTESIAN_POINT('',(-67.5,48.,97.));
#13800 = VECTOR('',#13801,1.);
#13801 = DIRECTION('',(-1.,0.,0.));
#13802 = ORIENTED_EDGE('',*,*,#13803,.F.);
#13803 = EDGE_CURVE('',#13778,#13796,#13804,.T.);
#13804 = LINE('',#13805,#13806);
#13805 = CARTESIAN_POINT('',(-40.,-28.5,97.));
#13806 = VECTOR('',#13807,1.);
#13807 = DIRECTION('',(0.,1.,0.));
#13808 = PLANE('',#13809);
#13809 = AXIS2_PLACEMENT_3D('',#13810,#13811,#13812);
#13810 = CARTESIAN_POINT('',(-91.,-79.,97.));
#13811 = DIRECTION('',(0.,0.,1.));
#13812 = DIRECTION('',(1.,0.,0.));
#13813 = ADVANCED_FACE('',(#13814,#13841),#13852,.F.);
#13814 = FACE_BOUND('',#13815,.F.);
#13815 = EDGE_LOOP('',(#13816,#13817,#13818,#13826,#13835));
#13816 = ORIENTED_EDGE('',*,*,#12477,.T.);
#13817 = ORIENTED_EDGE('',*,*,#12443,.T.);
#13818 = ORIENTED_EDGE('',*,*,#13819,.F.);
#13819 = EDGE_CURVE('',#13820,#12444,#13822,.T.);
#13820 = VERTEX_POINT('',#13821);
#13821 = CARTESIAN_POINT('',(-38.5,75.,39.5));
#13822 = LINE('',#13823,#13824);
#13823 = CARTESIAN_POINT('',(-41.75,75.,39.5));
#13824 = VECTOR('',#13825,1.);
#13825 = DIRECTION('',(1.,0.,0.));
#13826 = ORIENTED_EDGE('',*,*,#13827,.T.);
#13827 = EDGE_CURVE('',#13820,#13828,#13830,.T.);
#13828 = VERTEX_POINT('',#13829);
#13829 = CARTESIAN_POINT('',(-39.5,75.,38.5));
#13830 = CIRCLE('',#13831,1.);
#13831 = AXIS2_PLACEMENT_3D('',#13832,#13833,#13834);
#13832 = CARTESIAN_POINT('',(-38.5,75.,38.5));
#13833 = DIRECTION('',(0.,-1.,1.1E-16));
#13834 = DIRECTION('',(1.,0.,0.));
#13835 = ORIENTED_EDGE('',*,*,#13836,.T.);
#13836 = EDGE_CURVE('',#13828,#12470,#13837,.T.);
#13837 = LINE('',#13838,#13839);
#13838 = CARTESIAN_POINT('',(-39.5,75.,-1.75));
#13839 = VECTOR('',#13840,1.);
#13840 = DIRECTION('',(0.,0.,-1.));
#13841 = FACE_BOUND('',#13842,.F.);
#13842 = EDGE_LOOP('',(#13843));
#13843 = ORIENTED_EDGE('',*,*,#13844,.F.);
#13844 = EDGE_CURVE('',#13845,#13845,#13847,.T.);
#13845 = VERTEX_POINT('',#13846);
#13846 = CARTESIAN_POINT('',(-45.,75.,36.7));
#13847 = CIRCLE('',#13848,1.7);
#13848 = AXIS2_PLACEMENT_3D('',#13849,#13850,#13851);
#13849 = CARTESIAN_POINT('',(-45.,75.,35.));
#13850 = DIRECTION('',(0.,1.,0.));
#13851 = DIRECTION('',(0.,0.,1.));
#13852 = PLANE('',#13853);
#13853 = AXIS2_PLACEMENT_3D('',#13854,#13855,#13856);
#13854 = CARTESIAN_POINT('',(-45.,75.,35.));
#13855 = DIRECTION('',(0.,1.,0.));
#13856 = DIRECTION('',(0.,0.,1.));
#13857 = ADVANCED_FACE('',(#13858),#13876,.T.);
#13858 = FACE_BOUND('',#13859,.T.);
#13859 = EDGE_LOOP('',(#13860,#13861,#13869,#13875));
#13860 = ORIENTED_EDGE('',*,*,#12469,.T.);
#13861 = ORIENTED_EDGE('',*,*,#13862,.T.);
#13862 = EDGE_CURVE('',#12461,#13863,#13865,.T.);
#13863 = VERTEX_POINT('',#13864);
#13864 = CARTESIAN_POINT('',(-39.5,78.5,38.5));
#13865 = LINE('',#13866,#13867);
#13866 = CARTESIAN_POINT('',(-39.5,78.5,-38.5));
#13867 = VECTOR('',#13868,1.);
#13868 = DIRECTION('',(0.,0.,1.));
#13869 = ORIENTED_EDGE('',*,*,#13870,.T.);
#13870 = EDGE_CURVE('',#13863,#13828,#13871,.T.);
#13871 = LINE('',#13872,#13873);
#13872 = CARTESIAN_POINT('',(-39.5,78.5,38.5));
#13873 = VECTOR('',#13874,1.);
#13874 = DIRECTION('',(0.,-1.,0.));
#13875 = ORIENTED_EDGE('',*,*,#13836,.T.);
#13876 = PLANE('',#13877);
#13877 = AXIS2_PLACEMENT_3D('',#13878,#13879,#13880);
#13878 = CARTESIAN_POINT('',(-39.5,78.5,-38.5));
#13879 = DIRECTION('',(1.,0.,0.));
#13880 = DIRECTION('',(0.,-1.,0.));
#13881 = ADVANCED_FACE('',(#13882),#13901,.F.);
#13882 = FACE_BOUND('',#13883,.F.);
#13883 = EDGE_LOOP('',(#13884,#13885,#13886,#13895));
#13884 = ORIENTED_EDGE('',*,*,#12460,.T.);
#13885 = ORIENTED_EDGE('',*,*,#13862,.T.);
#13886 = ORIENTED_EDGE('',*,*,#13887,.F.);
#13887 = EDGE_CURVE('',#13888,#13863,#13890,.T.);
#13888 = VERTEX_POINT('',#13889);
#13889 = CARTESIAN_POINT('',(-38.5,78.5,39.5));
#13890 = CIRCLE('',#13891,1.);
#13891 = AXIS2_PLACEMENT_3D('',#13892,#13893,#13894);
#13892 = CARTESIAN_POINT('',(-38.5,78.5,38.5));
#13893 = DIRECTION('',(0.,-1.,0.));
#13894 = DIRECTION('',(1.,0.,0.));
#13895 = ORIENTED_EDGE('',*,*,#13896,.T.);
#13896 = EDGE_CURVE('',#13888,#12453,#13897,.T.);
#13897 = LINE('',#13898,#13899);
#13898 = CARTESIAN_POINT('',(-38.5,78.5,39.5));
#13899 = VECTOR('',#13900,1.);
#13900 = DIRECTION('',(1.,0.,0.));
#13901 = PLANE('',#13902);
#13902 = AXIS2_PLACEMENT_3D('',#13903,#13904,#13905);
#13903 = CARTESIAN_POINT('',(-2.17E-15,78.5,0.));
#13904 = DIRECTION('',(-0.,1.,-0.));
#13905 = DIRECTION('',(-1.,0.,0.));
#13906 = ADVANCED_FACE('',(#13907),#13918,.F.);
#13907 = FACE_BOUND('',#13908,.F.);
#13908 = EDGE_LOOP('',(#13909,#13910,#13916,#13917));
#13909 = ORIENTED_EDGE('',*,*,#13896,.F.);
#13910 = ORIENTED_EDGE('',*,*,#13911,.T.);
#13911 = EDGE_CURVE('',#13888,#13820,#13912,.T.);
#13912 = LINE('',#13913,#13914);
#13913 = CARTESIAN_POINT('',(-38.5,78.5,39.5));
#13914 = VECTOR('',#13915,1.);
#13915 = DIRECTION('',(0.,-1.,0.));
#13916 = ORIENTED_EDGE('',*,*,#13819,.T.);
#13917 = ORIENTED_EDGE('',*,*,#12452,.T.);
#13918 = PLANE('',#13919);
#13919 = AXIS2_PLACEMENT_3D('',#13920,#13921,#13922);
#13920 = CARTESIAN_POINT('',(-38.5,78.5,39.5));
#13921 = DIRECTION('',(0.,0.,1.));
#13922 = DIRECTION('',(0.,-1.,0.));
#13923 = ADVANCED_FACE('',(#13924,#13951),#13962,.F.);
#13924 = FACE_BOUND('',#13925,.F.);
#13925 = EDGE_LOOP('',(#13926,#13927,#13928,#13936,#13945));
#13926 = ORIENTED_EDGE('',*,*,#12595,.T.);
#13927 = ORIENTED_EDGE('',*,*,#12561,.T.);
#13928 = ORIENTED_EDGE('',*,*,#13929,.F.);
#13929 = EDGE_CURVE('',#13930,#12562,#13932,.T.);
#13930 = VERTEX_POINT('',#13931);
#13931 = CARTESIAN_POINT('',(-39.5,-75.,38.5));
#13932 = LINE('',#13933,#13934);
#13933 = CARTESIAN_POINT('',(-39.5,-75.,-1.75));
#13934 = VECTOR('',#13935,1.);
#13935 = DIRECTION('',(0.,0.,-1.));
#13936 = ORIENTED_EDGE('',*,*,#13937,.T.);
#13937 = EDGE_CURVE('',#13930,#13938,#13940,.T.);
#13938 = VERTEX_POINT('',#13939);
#13939 = CARTESIAN_POINT('',(-38.5,-75.,39.5));
#13940 = CIRCLE('',#13941,1.);
#13941 = AXIS2_PLACEMENT_3D('',#13942,#13943,#13944);
#13942 = CARTESIAN_POINT('',(-38.5,-75.,38.5));
#13943 = DIRECTION('',(-0.,1.,1.1E-16));
#13944 = DIRECTION('',(1.,0.,0.));
#13945 = ORIENTED_EDGE('',*,*,#13946,.T.);
#13946 = EDGE_CURVE('',#13938,#12588,#13947,.T.);
#13947 = LINE('',#13948,#13949);
#13948 = CARTESIAN_POINT('',(-41.75,-75.,39.5));
#13949 = VECTOR('',#13950,1.);
#13950 = DIRECTION('',(1.,0.,0.));
#13951 = FACE_BOUND('',#13952,.F.);
#13952 = EDGE_LOOP('',(#13953));
#13953 = ORIENTED_EDGE('',*,*,#13954,.F.);
#13954 = EDGE_CURVE('',#13955,#13955,#13957,.T.);
#13955 = VERTEX_POINT('',#13956);
#13956 = CARTESIAN_POINT('',(-45.,-75.,33.3));
#13957 = CIRCLE('',#13958,1.7);
#13958 = AXIS2_PLACEMENT_3D('',#13959,#13960,#13961);
#13959 = CARTESIAN_POINT('',(-45.,-75.,35.));
#13960 = DIRECTION('',(0.,-1.,0.));
#13961 = DIRECTION('',(0.,0.,-1.));
#13962 = PLANE('',#13963);
#13963 = AXIS2_PLACEMENT_3D('',#13964,#13965,#13966);
#13964 = CARTESIAN_POINT('',(-45.,-75.,35.));
#13965 = DIRECTION('',(0.,-1.,0.));
#13966 = DIRECTION('',(0.,0.,-1.));
#13967 = ADVANCED_FACE('',(#13968),#13986,.F.);
#13968 = FACE_BOUND('',#13969,.T.);
#13969 = EDGE_LOOP('',(#13970,#13978,#13984,#13985));
#13970 = ORIENTED_EDGE('',*,*,#13971,.F.);
#13971 = EDGE_CURVE('',#13972,#12579,#13974,.T.);
#13972 = VERTEX_POINT('',#13973);
#13973 = CARTESIAN_POINT('',(-38.5,-78.5,39.5));
#13974 = LINE('',#13975,#13976);
#13975 = CARTESIAN_POINT('',(-38.5,-78.5,39.5));
#13976 = VECTOR('',#13977,1.);
#13977 = DIRECTION('',(1.,0.,0.));
#13978 = ORIENTED_EDGE('',*,*,#13979,.T.);
#13979 = EDGE_CURVE('',#13972,#13938,#13980,.T.);
#13980 = LINE('',#13981,#13982);
#13981 = CARTESIAN_POINT('',(-38.5,-78.5,39.5));
#13982 = VECTOR('',#13983,1.);
#13983 = DIRECTION('',(0.,1.,2.2E-16));
#13984 = ORIENTED_EDGE('',*,*,#13946,.T.);
#13985 = ORIENTED_EDGE('',*,*,#12587,.T.);
#13986 = PLANE('',#13987);
#13987 = AXIS2_PLACEMENT_3D('',#13988,#13989,#13990);
#13988 = CARTESIAN_POINT('',(-38.5,-78.5,39.5));
#13989 = DIRECTION('',(0.,-2.2E-16,1.));
#13990 = DIRECTION('',(0.,-1.,-2.2E-16));
#13991 = ADVANCED_FACE('',(#13992),#14011,.F.);
#13992 = FACE_BOUND('',#13993,.T.);
#13993 = EDGE_LOOP('',(#13994,#13995,#14003,#14010));
#13994 = ORIENTED_EDGE('',*,*,#12578,.F.);
#13995 = ORIENTED_EDGE('',*,*,#13996,.T.);
#13996 = EDGE_CURVE('',#12571,#13997,#13999,.T.);
#13997 = VERTEX_POINT('',#13998);
#13998 = CARTESIAN_POINT('',(-39.5,-78.5,38.5));
#13999 = LINE('',#14000,#14001);
#14000 = CARTESIAN_POINT('',(-39.5,-78.5,-38.5));
#14001 = VECTOR('',#14002,1.);
#14002 = DIRECTION('',(0.,-2.2E-16,1.));
#14003 = ORIENTED_EDGE('',*,*,#14004,.F.);
#14004 = EDGE_CURVE('',#13972,#13997,#14005,.T.);
#14005 = CIRCLE('',#14006,1.);
#14006 = AXIS2_PLACEMENT_3D('',#14007,#14008,#14009);
#14007 = CARTESIAN_POINT('',(-38.5,-78.5,38.5));
#14008 = DIRECTION('',(0.,-1.,-2.2E-16));
#14009 = DIRECTION('',(1.,0.,0.));
#14010 = ORIENTED_EDGE('',*,*,#13971,.T.);
#14011 = PLANE('',#14012);
#14012 = AXIS2_PLACEMENT_3D('',#14013,#14014,#14015);
#14013 = CARTESIAN_POINT('',(-2.17E-15,-78.5,-1.743E-14));
#14014 = DIRECTION('',(0.,-1.,-2.2E-16));
#14015 = DIRECTION('',(1.,0.,0.));
#14016 = ADVANCED_FACE('',(#14017),#14028,.T.);
#14017 = FACE_BOUND('',#14018,.F.);
#14018 = EDGE_LOOP('',(#14019,#14020,#14021,#14027));
#14019 = ORIENTED_EDGE('',*,*,#12570,.T.);
#14020 = ORIENTED_EDGE('',*,*,#13996,.T.);
#14021 = ORIENTED_EDGE('',*,*,#14022,.T.);
#14022 = EDGE_CURVE('',#13997,#13930,#14023,.T.);
#14023 = LINE('',#14024,#14025);
#14024 = CARTESIAN_POINT('',(-39.5,-78.5,38.5));
#14025 = VECTOR('',#14026,1.);
#14026 = DIRECTION('',(0.,1.,2.2E-16));
#14027 = ORIENTED_EDGE('',*,*,#13929,.T.);
#14028 = PLANE('',#14029);
#14029 = AXIS2_PLACEMENT_3D('',#14030,#14031,#14032);
#14030 = CARTESIAN_POINT('',(-39.5,-78.5,-38.5));
#14031 = DIRECTION('',(1.,0.,0.));
#14032 = DIRECTION('',(0.,-1.,-2.2E-16));
#14033 = ADVANCED_FACE('',(#14034,#14037),#14048,.T.);
#14034 = FACE_BOUND('',#14035,.T.);
#14035 = EDGE_LOOP('',(#14036));
#14036 = ORIENTED_EDGE('',*,*,#13049,.T.);
#14037 = FACE_BOUND('',#14038,.T.);
#14038 = EDGE_LOOP('',(#14039));
#14039 = ORIENTED_EDGE('',*,*,#14040,.F.);
#14040 = EDGE_CURVE('',#14041,#14041,#14043,.T.);
#14041 = VERTEX_POINT('',#14042);
#14042 = CARTESIAN_POINT('',(-45.,-86.,33.3));
#14043 = CIRCLE('',#14044,1.7);
#14044 = AXIS2_PLACEMENT_3D('',#14045,#14046,#14047);
#14045 = CARTESIAN_POINT('',(-45.,-86.,35.));
#14046 = DIRECTION('',(0.,-1.,0.));
#14047 = DIRECTION('',(0.,0.,-1.));
#14048 = PLANE('',#14049);
#14049 = AXIS2_PLACEMENT_3D('',#14050,#14051,#14052);
#14050 = CARTESIAN_POINT('',(-45.,-86.,35.));
#14051 = DIRECTION('',(0.,-1.,0.));
#14052 = DIRECTION('',(0.,0.,-1.));
#14053 = ADVANCED_FACE('',(#14054),#14070,.T.);
#14054 = FACE_BOUND('',#14055,.T.);
#14055 = EDGE_LOOP('',(#14056,#14062,#14063,#14069));
#14056 = ORIENTED_EDGE('',*,*,#14057,.F.);
#14057 = EDGE_CURVE('',#13608,#13084,#14058,.T.);
#14058 = LINE('',#14059,#14060);
#14059 = CARTESIAN_POINT('',(-64.,-48.,96.8));
#14060 = VECTOR('',#14061,1.);
#14061 = DIRECTION('',(0.,0.,1.));
#14062 = ORIENTED_EDGE('',*,*,#13607,.T.);
#14063 = ORIENTED_EDGE('',*,*,#14064,.T.);
#14064 = EDGE_CURVE('',#13610,#13086,#14065,.T.);
#14065 = LINE('',#14066,#14067);
#14066 = CARTESIAN_POINT('',(-68.,-48.,96.8));
#14067 = VECTOR('',#14068,1.);
#14068 = DIRECTION('',(0.,0.,1.));
#14069 = ORIENTED_EDGE('',*,*,#13083,.F.);
#14070 = PLANE('',#14071);
#14071 = AXIS2_PLACEMENT_3D('',#14072,#14073,#14074);
#14072 = CARTESIAN_POINT('',(-68.,-48.,96.8));
#14073 = DIRECTION('',(0.,1.,0.));
#14074 = DIRECTION('',(0.,0.,1.));
#14075 = ADVANCED_FACE('',(#14076),#14087,.F.);
#14076 = FACE_BOUND('',#14077,.F.);
#14077 = EDGE_LOOP('',(#14078,#14079,#14080,#14086));
#14078 = ORIENTED_EDGE('',*,*,#14057,.F.);
#14079 = ORIENTED_EDGE('',*,*,#13633,.T.);
#14080 = ORIENTED_EDGE('',*,*,#14081,.T.);
#14081 = EDGE_CURVE('',#13626,#13102,#14082,.T.);
#14082 = LINE('',#14083,#14084);
#14083 = CARTESIAN_POINT('',(-64.,-22.,96.8));
#14084 = VECTOR('',#14085,1.);
#14085 = DIRECTION('',(0.,0.,1.));
#14086 = ORIENTED_EDGE('',*,*,#13109,.F.);
#14087 = PLANE('',#14088);
#14088 = AXIS2_PLACEMENT_3D('',#14089,#14090,#14091);
#14089 = CARTESIAN_POINT('',(-64.,-48.,96.8));
#14090 = DIRECTION('',(1.,0.,0.));
#14091 = DIRECTION('',(0.,0.,1.));
#14092 = ADVANCED_FACE('',(#14093),#14104,.T.);
#14093 = FACE_BOUND('',#14094,.T.);
#14094 = EDGE_LOOP('',(#14095,#14096,#14097,#14103));
#14095 = ORIENTED_EDGE('',*,*,#14064,.F.);
#14096 = ORIENTED_EDGE('',*,*,#13617,.T.);
#14097 = ORIENTED_EDGE('',*,*,#14098,.T.);
#14098 = EDGE_CURVE('',#13618,#13094,#14099,.T.);
#14099 = LINE('',#14100,#14101);
#14100 = CARTESIAN_POINT('',(-68.,-22.,96.8));
#14101 = VECTOR('',#14102,1.);
#14102 = DIRECTION('',(0.,0.,1.));
#14103 = ORIENTED_EDGE('',*,*,#13093,.F.);
#14104 = PLANE('',#14105);
#14105 = AXIS2_PLACEMENT_3D('',#14106,#14107,#14108);
#14106 = CARTESIAN_POINT('',(-68.,-48.,96.8));
#14107 = DIRECTION('',(1.,0.,0.));
#14108 = DIRECTION('',(0.,0.,1.));
#14109 = ADVANCED_FACE('',(#14110),#14116,.F.);
#14110 = FACE_BOUND('',#14111,.F.);
#14111 = EDGE_LOOP('',(#14112,#14113,#14114,#14115));
#14112 = ORIENTED_EDGE('',*,*,#14081,.F.);
#14113 = ORIENTED_EDGE('',*,*,#13625,.T.);
#14114 = ORIENTED_EDGE('',*,*,#14098,.T.);
#14115 = ORIENTED_EDGE('',*,*,#13101,.F.);
#14116 = PLANE('',#14117);
#14117 = AXIS2_PLACEMENT_3D('',#14118,#14119,#14120);
#14118 = CARTESIAN_POINT('',(-68.,-22.,96.8));
#14119 = DIRECTION('',(0.,1.,0.));
#14120 = DIRECTION('',(0.,0.,1.));
#14121 = ADVANCED_FACE('',(#14122),#14138,.T.);
#14122 = FACE_BOUND('',#14123,.T.);
#14123 = EDGE_LOOP('',(#14124,#14130,#14131,#14137));
#14124 = ORIENTED_EDGE('',*,*,#14125,.F.);
#14125 = EDGE_CURVE('',#13642,#13118,#14126,.T.);
#14126 = LINE('',#14127,#14128);
#14127 = CARTESIAN_POINT('',(-52.,-48.,96.8));
#14128 = VECTOR('',#14129,1.);
#14129 = DIRECTION('',(0.,0.,1.));
#14130 = ORIENTED_EDGE('',*,*,#13641,.T.);
#14131 = ORIENTED_EDGE('',*,*,#14132,.T.);
#14132 = EDGE_CURVE('',#13644,#13120,#14133,.T.);
#14133 = LINE('',#14134,#14135);
#14134 = CARTESIAN_POINT('',(-56.,-48.,96.8));
#14135 = VECTOR('',#14136,1.);
#14136 = DIRECTION('',(0.,0.,1.));
#14137 = ORIENTED_EDGE('',*,*,#13117,.F.);
#14138 = PLANE('',#14139);
#14139 = AXIS2_PLACEMENT_3D('',#14140,#14141,#14142);
#14140 = CARTESIAN_POINT('',(-56.,-48.,96.8));
#14141 = DIRECTION('',(0.,1.,0.));
#14142 = DIRECTION('',(0.,0.,1.));
#14143 = ADVANCED_FACE('',(#14144),#14155,.F.);
#14144 = FACE_BOUND('',#14145,.F.);
#14145 = EDGE_LOOP('',(#14146,#14147,#14148,#14154));
#14146 = ORIENTED_EDGE('',*,*,#14125,.F.);
#14147 = ORIENTED_EDGE('',*,*,#13667,.T.);
#14148 = ORIENTED_EDGE('',*,*,#14149,.T.);
#14149 = EDGE_CURVE('',#13660,#13136,#14150,.T.);
#14150 = LINE('',#14151,#14152);
#14151 = CARTESIAN_POINT('',(-52.,-22.,96.8));
#14152 = VECTOR('',#14153,1.);
#14153 = DIRECTION('',(0.,0.,1.));
#14154 = ORIENTED_EDGE('',*,*,#13143,.F.);
#14155 = PLANE('',#14156);
#14156 = AXIS2_PLACEMENT_3D('',#14157,#14158,#14159);
#14157 = CARTESIAN_POINT('',(-52.,-48.,96.8));
#14158 = DIRECTION('',(1.,0.,0.));
#14159 = DIRECTION('',(0.,0.,1.));
#14160 = ADVANCED_FACE('',(#14161),#14172,.T.);
#14161 = FACE_BOUND('',#14162,.T.);
#14162 = EDGE_LOOP('',(#14163,#14164,#14165,#14171));
#14163 = ORIENTED_EDGE('',*,*,#14132,.F.);
#14164 = ORIENTED_EDGE('',*,*,#13651,.T.);
#14165 = ORIENTED_EDGE('',*,*,#14166,.T.);
#14166 = EDGE_CURVE('',#13652,#13128,#14167,.T.);
#14167 = LINE('',#14168,#14169);
#14168 = CARTESIAN_POINT('',(-56.,-22.,96.8));
#14169 = VECTOR('',#14170,1.);
#14170 = DIRECTION('',(0.,0.,1.));
#14171 = ORIENTED_EDGE('',*,*,#13127,.F.);
#14172 = PLANE('',#14173);
#14173 = AXIS2_PLACEMENT_3D('',#14174,#14175,#14176);
#14174 = CARTESIAN_POINT('',(-56.,-48.,96.8));
#14175 = DIRECTION('',(1.,0.,0.));
#14176 = DIRECTION('',(0.,0.,1.));
#14177 = ADVANCED_FACE('',(#14178),#14184,.F.);
#14178 = FACE_BOUND('',#14179,.F.);
#14179 = EDGE_LOOP('',(#14180,#14181,#14182,#14183));
#14180 = ORIENTED_EDGE('',*,*,#14149,.F.);
#14181 = ORIENTED_EDGE('',*,*,#13659,.T.);
#14182 = ORIENTED_EDGE('',*,*,#14166,.T.);
#14183 = ORIENTED_EDGE('',*,*,#13135,.F.);
#14184 = PLANE('',#14185);
#14185 = AXIS2_PLACEMENT_3D('',#14186,#14187,#14188);
#14186 = CARTESIAN_POINT('',(-56.,-22.,96.8));
#14187 = DIRECTION('',(0.,1.,0.));
#14188 = DIRECTION('',(0.,0.,1.));
#14189 = ADVANCED_FACE('',(#14190),#14206,.T.);
#14190 = FACE_BOUND('',#14191,.T.);
#14191 = EDGE_LOOP('',(#14192,#14198,#14199,#14205));
#14192 = ORIENTED_EDGE('',*,*,#14193,.F.);
#14193 = EDGE_CURVE('',#13676,#13152,#14194,.T.);
#14194 = LINE('',#14195,#14196);
#14195 = CARTESIAN_POINT('',(-40.,-48.,96.8));
#14196 = VECTOR('',#14197,1.);
#14197 = DIRECTION('',(0.,0.,1.));
#14198 = ORIENTED_EDGE('',*,*,#13675,.T.);
#14199 = ORIENTED_EDGE('',*,*,#14200,.T.);
#14200 = EDGE_CURVE('',#13678,#13154,#14201,.T.);
#14201 = LINE('',#14202,#14203);
#14202 = CARTESIAN_POINT('',(-44.,-48.,96.8));
#14203 = VECTOR('',#14204,1.);
#14204 = DIRECTION('',(0.,0.,1.));
#14205 = ORIENTED_EDGE('',*,*,#13151,.F.);
#14206 = PLANE('',#14207);
#14207 = AXIS2_PLACEMENT_3D('',#14208,#14209,#14210);
#14208 = CARTESIAN_POINT('',(-44.,-48.,96.8));
#14209 = DIRECTION('',(0.,1.,0.));
#14210 = DIRECTION('',(0.,0.,1.));
#14211 = ADVANCED_FACE('',(#14212),#14223,.F.);
#14212 = FACE_BOUND('',#14213,.F.);
#14213 = EDGE_LOOP('',(#14214,#14215,#14216,#14222));
#14214 = ORIENTED_EDGE('',*,*,#14193,.F.);
#14215 = ORIENTED_EDGE('',*,*,#13701,.T.);
#14216 = ORIENTED_EDGE('',*,*,#14217,.T.);
#14217 = EDGE_CURVE('',#13694,#13170,#14218,.T.);
#14218 = LINE('',#14219,#14220);
#14219 = CARTESIAN_POINT('',(-40.,-22.,96.8));
#14220 = VECTOR('',#14221,1.);
#14221 = DIRECTION('',(0.,0.,1.));
#14222 = ORIENTED_EDGE('',*,*,#13177,.F.);
#14223 = PLANE('',#14224);
#14224 = AXIS2_PLACEMENT_3D('',#14225,#14226,#14227);
#14225 = CARTESIAN_POINT('',(-40.,-48.,96.8));
#14226 = DIRECTION('',(1.,0.,0.));
#14227 = DIRECTION('',(0.,0.,1.));
#14228 = ADVANCED_FACE('',(#14229),#14240,.T.);
#14229 = FACE_BOUND('',#14230,.T.);
#14230 = EDGE_LOOP('',(#14231,#14232,#14233,#14239));
#14231 = ORIENTED_EDGE('',*,*,#14200,.F.);
#14232 = ORIENTED_EDGE('',*,*,#13685,.T.);
#14233 = ORIENTED_EDGE('',*,*,#14234,.T.);
#14234 = EDGE_CURVE('',#13686,#13162,#14235,.T.);
#14235 = LINE('',#14236,#14237);
#14236 = CARTESIAN_POINT('',(-44.,-22.,96.8));
#14237 = VECTOR('',#14238,1.);
#14238 = DIRECTION('',(0.,0.,1.));
#14239 = ORIENTED_EDGE('',*,*,#13161,.F.);
#14240 = PLANE('',#14241);
#14241 = AXIS2_PLACEMENT_3D('',#14242,#14243,#14244);
#14242 = CARTESIAN_POINT('',(-44.,-48.,96.8));
#14243 = DIRECTION('',(1.,0.,0.));
#14244 = DIRECTION('',(0.,0.,1.));
#14245 = ADVANCED_FACE('',(#14246),#14252,.F.);
#14246 = FACE_BOUND('',#14247,.F.);
#14247 = EDGE_LOOP('',(#14248,#14249,#14250,#14251));
#14248 = ORIENTED_EDGE('',*,*,#14217,.F.);
#14249 = ORIENTED_EDGE('',*,*,#13693,.T.);
#14250 = ORIENTED_EDGE('',*,*,#14234,.T.);
#14251 = ORIENTED_EDGE('',*,*,#13169,.F.);
#14252 = PLANE('',#14253);
#14253 = AXIS2_PLACEMENT_3D('',#14254,#14255,#14256);
#14254 = CARTESIAN_POINT('',(-44.,-22.,96.8));
#14255 = DIRECTION('',(0.,1.,0.));
#14256 = DIRECTION('',(0.,0.,1.));
#14257 = ADVANCED_FACE('',(#14258),#14274,.T.);
#14258 = FACE_BOUND('',#14259,.T.);
#14259 = EDGE_LOOP('',(#14260,#14266,#14267,#14273));
#14260 = ORIENTED_EDGE('',*,*,#14261,.F.);
#14261 = EDGE_CURVE('',#13710,#13186,#14262,.T.);
#14262 = LINE('',#14263,#14264);
#14263 = CARTESIAN_POINT('',(-64.,22.,96.8));
#14264 = VECTOR('',#14265,1.);
#14265 = DIRECTION('',(0.,0.,1.));
#14266 = ORIENTED_EDGE('',*,*,#13709,.T.);
#14267 = ORIENTED_EDGE('',*,*,#14268,.T.);
#14268 = EDGE_CURVE('',#13712,#13188,#14269,.T.);
#14269 = LINE('',#14270,#14271);
#14270 = CARTESIAN_POINT('',(-68.,22.,96.8));
#14271 = VECTOR('',#14272,1.);
#14272 = DIRECTION('',(0.,0.,1.));
#14273 = ORIENTED_EDGE('',*,*,#13185,.F.);
#14274 = PLANE('',#14275);
#14275 = AXIS2_PLACEMENT_3D('',#14276,#14277,#14278);
#14276 = CARTESIAN_POINT('',(-68.,22.,96.8));
#14277 = DIRECTION('',(0.,1.,0.));
#14278 = DIRECTION('',(0.,0.,1.));
#14279 = ADVANCED_FACE('',(#14280),#14291,.F.);
#14280 = FACE_BOUND('',#14281,.F.);
#14281 = EDGE_LOOP('',(#14282,#14283,#14284,#14290));
#14282 = ORIENTED_EDGE('',*,*,#14261,.F.);
#14283 = ORIENTED_EDGE('',*,*,#13735,.T.);
#14284 = ORIENTED_EDGE('',*,*,#14285,.T.);
#14285 = EDGE_CURVE('',#13728,#13204,#14286,.T.);
#14286 = LINE('',#14287,#14288);
#14287 = CARTESIAN_POINT('',(-64.,48.,96.8));
#14288 = VECTOR('',#14289,1.);
#14289 = DIRECTION('',(0.,0.,1.));
#14290 = ORIENTED_EDGE('',*,*,#13211,.F.);
#14291 = PLANE('',#14292);
#14292 = AXIS2_PLACEMENT_3D('',#14293,#14294,#14295);
#14293 = CARTESIAN_POINT('',(-64.,22.,96.8));
#14294 = DIRECTION('',(1.,0.,0.));
#14295 = DIRECTION('',(0.,0.,1.));
#14296 = ADVANCED_FACE('',(#14297),#14308,.T.);
#14297 = FACE_BOUND('',#14298,.T.);
#14298 = EDGE_LOOP('',(#14299,#14300,#14301,#14307));
#14299 = ORIENTED_EDGE('',*,*,#14268,.F.);
#14300 = ORIENTED_EDGE('',*,*,#13719,.T.);
#14301 = ORIENTED_EDGE('',*,*,#14302,.T.);
#14302 = EDGE_CURVE('',#13720,#13196,#14303,.T.);
#14303 = LINE('',#14304,#14305);
#14304 = CARTESIAN_POINT('',(-68.,48.,96.8));
#14305 = VECTOR('',#14306,1.);
#14306 = DIRECTION('',(0.,0.,1.));
#14307 = ORIENTED_EDGE('',*,*,#13195,.F.);
#14308 = PLANE('',#14309);
#14309 = AXIS2_PLACEMENT_3D('',#14310,#14311,#14312);
#14310 = CARTESIAN_POINT('',(-68.,22.,96.8));
#14311 = DIRECTION('',(1.,0.,0.));
#14312 = DIRECTION('',(0.,0.,1.));
#14313 = ADVANCED_FACE('',(#14314),#14320,.F.);
#14314 = FACE_BOUND('',#14315,.F.);
#14315 = EDGE_LOOP('',(#14316,#14317,#14318,#14319));
#14316 = ORIENTED_EDGE('',*,*,#14285,.F.);
#14317 = ORIENTED_EDGE('',*,*,#13727,.T.);
#14318 = ORIENTED_EDGE('',*,*,#14302,.T.);
#14319 = ORIENTED_EDGE('',*,*,#13203,.F.);
#14320 = PLANE('',#14321);
#14321 = AXIS2_PLACEMENT_3D('',#14322,#14323,#14324);
#14322 = CARTESIAN_POINT('',(-68.,48.,96.8));
#14323 = DIRECTION('',(0.,1.,0.));
#14324 = DIRECTION('',(0.,0.,1.));
#14325 = ADVANCED_FACE('',(#14326),#14342,.T.);
#14326 = FACE_BOUND('',#14327,.T.);
#14327 = EDGE_LOOP('',(#14328,#14334,#14335,#14341));
#14328 = ORIENTED_EDGE('',*,*,#14329,.F.);
#14329 = EDGE_CURVE('',#13744,#13220,#14330,.T.);
#14330 = LINE('',#14331,#14332);
#14331 = CARTESIAN_POINT('',(-52.,22.,96.8));
#14332 = VECTOR('',#14333,1.);
#14333 = DIRECTION('',(0.,0.,1.));
#14334 = ORIENTED_EDGE('',*,*,#13743,.T.);
#14335 = ORIENTED_EDGE('',*,*,#14336,.T.);
#14336 = EDGE_CURVE('',#13746,#13222,#14337,.T.);
#14337 = LINE('',#14338,#14339);
#14338 = CARTESIAN_POINT('',(-56.,22.,96.8));
#14339 = VECTOR('',#14340,1.);
#14340 = DIRECTION('',(0.,0.,1.));
#14341 = ORIENTED_EDGE('',*,*,#13219,.F.);
#14342 = PLANE('',#14343);
#14343 = AXIS2_PLACEMENT_3D('',#14344,#14345,#14346);
#14344 = CARTESIAN_POINT('',(-56.,22.,96.8));
#14345 = DIRECTION('',(0.,1.,0.));
#14346 = DIRECTION('',(0.,0.,1.));
#14347 = ADVANCED_FACE('',(#14348),#14359,.F.);
#14348 = FACE_BOUND('',#14349,.F.);
#14349 = EDGE_LOOP('',(#14350,#14351,#14352,#14358));
#14350 = ORIENTED_EDGE('',*,*,#14329,.F.);
#14351 = ORIENTED_EDGE('',*,*,#13769,.T.);
#14352 = ORIENTED_EDGE('',*,*,#14353,.T.);
#14353 = EDGE_CURVE('',#13762,#13238,#14354,.T.);
#14354 = LINE('',#14355,#14356);
#14355 = CARTESIAN_POINT('',(-52.,48.,96.8));
#14356 = VECTOR('',#14357,1.);
#14357 = DIRECTION('',(0.,0.,1.));
#14358 = ORIENTED_EDGE('',*,*,#13245,.F.);
#14359 = PLANE('',#14360);
#14360 = AXIS2_PLACEMENT_3D('',#14361,#14362,#14363);
#14361 = CARTESIAN_POINT('',(-52.,22.,96.8));
#14362 = DIRECTION('',(1.,0.,0.));
#14363 = DIRECTION('',(0.,0.,1.));
#14364 = ADVANCED_FACE('',(#14365),#14376,.T.);
#14365 = FACE_BOUND('',#14366,.T.);
#14366 = EDGE_LOOP('',(#14367,#14368,#14369,#14375));
#14367 = ORIENTED_EDGE('',*,*,#14336,.F.);
#14368 = ORIENTED_EDGE('',*,*,#13753,.T.);
#14369 = ORIENTED_EDGE('',*,*,#14370,.T.);
#14370 = EDGE_CURVE('',#13754,#13230,#14371,.T.);
#14371 = LINE('',#14372,#14373);
#14372 = CARTESIAN_POINT('',(-56.,48.,96.8));
#14373 = VECTOR('',#14374,1.);
#14374 = DIRECTION('',(0.,0.,1.));
#14375 = ORIENTED_EDGE('',*,*,#13229,.F.);
#14376 = PLANE('',#14377);
#14377 = AXIS2_PLACEMENT_3D('',#14378,#14379,#14380);
#14378 = CARTESIAN_POINT('',(-56.,22.,96.8));
#14379 = DIRECTION('',(1.,0.,0.));
#14380 = DIRECTION('',(0.,0.,1.));
#14381 = ADVANCED_FACE('',(#14382),#14388,.F.);
#14382 = FACE_BOUND('',#14383,.F.);
#14383 = EDGE_LOOP('',(#14384,#14385,#14386,#14387));
#14384 = ORIENTED_EDGE('',*,*,#14353,.F.);
#14385 = ORIENTED_EDGE('',*,*,#13761,.T.);
#14386 = ORIENTED_EDGE('',*,*,#14370,.T.);
#14387 = ORIENTED_EDGE('',*,*,#13237,.F.);
#14388 = PLANE('',#14389);
#14389 = AXIS2_PLACEMENT_3D('',#14390,#14391,#14392);
#14390 = CARTESIAN_POINT('',(-56.,48.,96.8));
#14391 = DIRECTION('',(0.,1.,0.));
#14392 = DIRECTION('',(0.,0.,1.));
#14393 = ADVANCED_FACE('',(#14394),#14410,.T.);
#14394 = FACE_BOUND('',#14395,.T.);
#14395 = EDGE_LOOP('',(#14396,#14402,#14403,#14409));
#14396 = ORIENTED_EDGE('',*,*,#14397,.F.);
#14397 = EDGE_CURVE('',#13778,#13254,#14398,.T.);
#14398 = LINE('',#14399,#14400);
#14399 = CARTESIAN_POINT('',(-40.,22.,96.8));
#14400 = VECTOR('',#14401,1.);
#14401 = DIRECTION('',(0.,0.,1.));
#14402 = ORIENTED_EDGE('',*,*,#13777,.T.);
#14403 = ORIENTED_EDGE('',*,*,#14404,.T.);
#14404 = EDGE_CURVE('',#13780,#13256,#14405,.T.);
#14405 = LINE('',#14406,#14407);
#14406 = CARTESIAN_POINT('',(-44.,22.,96.8));
#14407 = VECTOR('',#14408,1.);
#14408 = DIRECTION('',(0.,0.,1.));
#14409 = ORIENTED_EDGE('',*,*,#13253,.F.);
#14410 = PLANE('',#14411);
#14411 = AXIS2_PLACEMENT_3D('',#14412,#14413,#14414);
#14412 = CARTESIAN_POINT('',(-44.,22.,96.8));
#14413 = DIRECTION('',(0.,1.,0.));
#14414 = DIRECTION('',(0.,0.,1.));
#14415 = ADVANCED_FACE('',(#14416),#14427,.F.);
#14416 = FACE_BOUND('',#14417,.F.);
#14417 = EDGE_LOOP('',(#14418,#14419,#14420,#14426));
#14418 = ORIENTED_EDGE('',*,*,#14397,.F.);
#14419 = ORIENTED_EDGE('',*,*,#13803,.T.);
#14420 = ORIENTED_EDGE('',*,*,#14421,.T.);
#14421 = EDGE_CURVE('',#13796,#13272,#14422,.T.);
#14422 = LINE('',#14423,#14424);
#14423 = CARTESIAN_POINT('',(-40.,48.,96.8));
#14424 = VECTOR('',#14425,1.);
#14425 = DIRECTION('',(0.,0.,1.));
#14426 = ORIENTED_EDGE('',*,*,#13279,.F.);
#14427 = PLANE('',#14428);
#14428 = AXIS2_PLACEMENT_3D('',#14429,#14430,#14431);
#14429 = CARTESIAN_POINT('',(-40.,22.,96.8));
#14430 = DIRECTION('',(1.,0.,0.));
#14431 = DIRECTION('',(0.,0.,1.));
#14432 = ADVANCED_FACE('',(#14433),#14444,.T.);
#14433 = FACE_BOUND('',#14434,.T.);
#14434 = EDGE_LOOP('',(#14435,#14436,#14437,#14443));
#14435 = ORIENTED_EDGE('',*,*,#14404,.F.);
#14436 = ORIENTED_EDGE('',*,*,#13787,.T.);
#14437 = ORIENTED_EDGE('',*,*,#14438,.T.);
#14438 = EDGE_CURVE('',#13788,#13264,#14439,.T.);
#14439 = LINE('',#14440,#14441);
#14440 = CARTESIAN_POINT('',(-44.,48.,96.8));
#14441 = VECTOR('',#14442,1.);
#14442 = DIRECTION('',(0.,0.,1.));
#14443 = ORIENTED_EDGE('',*,*,#13263,.F.);
#14444 = PLANE('',#14445);
#14445 = AXIS2_PLACEMENT_3D('',#14446,#14447,#14448);
#14446 = CARTESIAN_POINT('',(-44.,22.,96.8));
#14447 = DIRECTION('',(1.,0.,0.));
#14448 = DIRECTION('',(0.,0.,1.));
#14449 = ADVANCED_FACE('',(#14450),#14456,.F.);
#14450 = FACE_BOUND('',#14451,.F.);
#14451 = EDGE_LOOP('',(#14452,#14453,#14454,#14455));
#14452 = ORIENTED_EDGE('',*,*,#14421,.F.);
#14453 = ORIENTED_EDGE('',*,*,#13795,.T.);
#14454 = ORIENTED_EDGE('',*,*,#14438,.T.);
#14455 = ORIENTED_EDGE('',*,*,#13271,.F.);
#14456 = PLANE('',#14457);
#14457 = AXIS2_PLACEMENT_3D('',#14458,#14459,#14460);
#14458 = CARTESIAN_POINT('',(-44.,48.,96.8));
#14459 = DIRECTION('',(0.,1.,0.));
#14460 = DIRECTION('',(0.,0.,1.));
#14461 = ADVANCED_FACE('',(#14462),#14481,.F.);
#14462 = FACE_BOUND('',#14463,.F.);
#14463 = EDGE_LOOP('',(#14464,#14473,#14479,#14480));
#14464 = ORIENTED_EDGE('',*,*,#14465,.F.);
#14465 = EDGE_CURVE('',#14466,#14466,#14468,.T.);
#14466 = VERTEX_POINT('',#14467);
#14467 = CARTESIAN_POINT('',(-86.,62.,-38.3));
#14468 = CIRCLE('',#14469,1.7);
#14469 = AXIS2_PLACEMENT_3D('',#14470,#14471,#14472);
#14470 = CARTESIAN_POINT('',(-86.,62.,-40.));
#14471 = DIRECTION('',(1.,0.,-0.));
#14472 = DIRECTION('',(0.,0.,1.));
#14473 = ORIENTED_EDGE('',*,*,#14474,.F.);
#14474 = EDGE_CURVE('',#13308,#14466,#14475,.T.);
#14475 = LINE('',#14476,#14477);
#14476 = CARTESIAN_POINT('',(-94.2,62.,-38.3));
#14477 = VECTOR('',#14478,1.);
#14478 = DIRECTION('',(1.,0.,0.));
#14479 = ORIENTED_EDGE('',*,*,#13307,.T.);
#14480 = ORIENTED_EDGE('',*,*,#14474,.T.);
#14481 = CYLINDRICAL_SURFACE('',#14482,1.7);
#14482 = AXIS2_PLACEMENT_3D('',#14483,#14484,#14485);
#14483 = CARTESIAN_POINT('',(-94.2,62.,-40.));
#14484 = DIRECTION('',(1.,0.,0.));
#14485 = DIRECTION('',(0.,0.,1.));
#14486 = ADVANCED_FACE('',(#14487),#14506,.F.);
#14487 = FACE_BOUND('',#14488,.F.);
#14488 = EDGE_LOOP('',(#14489,#14498,#14504,#14505));
#14489 = ORIENTED_EDGE('',*,*,#14490,.F.);
#14490 = EDGE_CURVE('',#14491,#14491,#14493,.T.);
#14491 = VERTEX_POINT('',#14492);
#14492 = CARTESIAN_POINT('',(-86.,62.,42.7));
#14493 = CIRCLE('',#14494,1.7);
#14494 = AXIS2_PLACEMENT_3D('',#14495,#14496,#14497);
#14495 = CARTESIAN_POINT('',(-86.,62.,41.));
#14496 = DIRECTION('',(1.,0.,-0.));
#14497 = DIRECTION('',(0.,0.,1.));
#14498 = ORIENTED_EDGE('',*,*,#14499,.F.);
#14499 = EDGE_CURVE('',#13328,#14491,#14500,.T.);
#14500 = LINE('',#14501,#14502);
#14501 = CARTESIAN_POINT('',(-94.2,62.,42.7));
#14502 = VECTOR('',#14503,1.);
#14503 = DIRECTION('',(1.,0.,0.));
#14504 = ORIENTED_EDGE('',*,*,#13327,.T.);
#14505 = ORIENTED_EDGE('',*,*,#14499,.T.);
#14506 = CYLINDRICAL_SURFACE('',#14507,1.7);
#14507 = AXIS2_PLACEMENT_3D('',#14508,#14509,#14510);
#14508 = CARTESIAN_POINT('',(-94.2,62.,41.));
#14509 = DIRECTION('',(1.,0.,0.));
#14510 = DIRECTION('',(0.,0.,1.));
#14511 = ADVANCED_FACE('',(#14512),#14531,.F.);
#14512 = FACE_BOUND('',#14513,.F.);
#14513 = EDGE_LOOP('',(#14514,#14523,#14529,#14530));
#14514 = ORIENTED_EDGE('',*,*,#14515,.F.);
#14515 = EDGE_CURVE('',#14516,#14516,#14518,.T.);
#14516 = VERTEX_POINT('',#14517);
#14517 = CARTESIAN_POINT('',(-86.,-62.,-38.3));
#14518 = CIRCLE('',#14519,1.7);
#14519 = AXIS2_PLACEMENT_3D('',#14520,#14521,#14522);
#14520 = CARTESIAN_POINT('',(-86.,-62.,-40.));
#14521 = DIRECTION('',(1.,0.,-0.));
#14522 = DIRECTION('',(0.,0.,1.));
#14523 = ORIENTED_EDGE('',*,*,#14524,.F.);
#14524 = EDGE_CURVE('',#13348,#14516,#14525,.T.);
#14525 = LINE('',#14526,#14527);
#14526 = CARTESIAN_POINT('',(-94.2,-62.,-38.3));
#14527 = VECTOR('',#14528,1.);
#14528 = DIRECTION('',(1.,0.,0.));
#14529 = ORIENTED_EDGE('',*,*,#13347,.T.);
#14530 = ORIENTED_EDGE('',*,*,#14524,.T.);
#14531 = CYLINDRICAL_SURFACE('',#14532,1.7);
#14532 = AXIS2_PLACEMENT_3D('',#14533,#14534,#14535);
#14533 = CARTESIAN_POINT('',(-94.2,-62.,-40.));
#14534 = DIRECTION('',(1.,0.,0.));
#14535 = DIRECTION('',(0.,0.,1.));
#14536 = ADVANCED_FACE('',(#14537),#14556,.F.);
#14537 = FACE_BOUND('',#14538,.F.);
#14538 = EDGE_LOOP('',(#14539,#14548,#14554,#14555));
#14539 = ORIENTED_EDGE('',*,*,#14540,.F.);
#14540 = EDGE_CURVE('',#14541,#14541,#14543,.T.);
#14541 = VERTEX_POINT('',#14542);
#14542 = CARTESIAN_POINT('',(-86.,-62.,42.7));
#14543 = CIRCLE('',#14544,1.7);
#14544 = AXIS2_PLACEMENT_3D('',#14545,#14546,#14547);
#14545 = CARTESIAN_POINT('',(-86.,-62.,41.));
#14546 = DIRECTION('',(1.,0.,-0.));
#14547 = DIRECTION('',(0.,0.,1.));
#14548 = ORIENTED_EDGE('',*,*,#14549,.F.);
#14549 = EDGE_CURVE('',#13368,#14541,#14550,.T.);
#14550 = LINE('',#14551,#14552);
#14551 = CARTESIAN_POINT('',(-94.2,-62.,42.7));
#14552 = VECTOR('',#14553,1.);
#14553 = DIRECTION('',(1.,0.,0.));
#14554 = ORIENTED_EDGE('',*,*,#13367,.T.);
#14555 = ORIENTED_EDGE('',*,*,#14549,.T.);
#14556 = CYLINDRICAL_SURFACE('',#14557,1.7);
#14557 = AXIS2_PLACEMENT_3D('',#14558,#14559,#14560);
#14558 = CARTESIAN_POINT('',(-94.2,-62.,41.));
#14559 = DIRECTION('',(1.,0.,0.));
#14560 = DIRECTION('',(0.,0.,1.));
#14561 = ADVANCED_FACE('',(#14562),#14573,.F.);
#14562 = FACE_BOUND('',#14563,.F.);
#14563 = EDGE_LOOP('',(#14564,#14565,#14571,#14572));
#14564 = ORIENTED_EDGE('',*,*,#13433,.F.);
#14565 = ORIENTED_EDGE('',*,*,#14566,.F.);
#14566 = EDGE_CURVE('',#13845,#13434,#14567,.T.);
#14567 = LINE('',#14568,#14569);
#14568 = CARTESIAN_POINT('',(-45.,74.9,36.7));
#14569 = VECTOR('',#14570,1.);
#14570 = DIRECTION('',(0.,1.,0.));
#14571 = ORIENTED_EDGE('',*,*,#13844,.T.);
#14572 = ORIENTED_EDGE('',*,*,#14566,.T.);
#14573 = CYLINDRICAL_SURFACE('',#14574,1.7);
#14574 = AXIS2_PLACEMENT_3D('',#14575,#14576,#14577);
#14575 = CARTESIAN_POINT('',(-45.,74.9,35.));
#14576 = DIRECTION('',(0.,1.,0.));
#14577 = DIRECTION('',(0.,0.,1.));
#14578 = ADVANCED_FACE('',(#14579,#14582),#14585,.T.);
#14579 = FACE_BOUND('',#14580,.T.);
#14580 = EDGE_LOOP('',(#14581));
#14581 = ORIENTED_EDGE('',*,*,#13498,.T.);
#14582 = FACE_BOUND('',#14583,.T.);
#14583 = EDGE_LOOP('',(#14584));
#14584 = ORIENTED_EDGE('',*,*,#14465,.F.);
#14585 = PLANE('',#14586);
#14586 = AXIS2_PLACEMENT_3D('',#14587,#14588,#14589);
#14587 = CARTESIAN_POINT('',(-86.,62.,-40.));
#14588 = DIRECTION('',(1.,0.,0.));
#14589 = DIRECTION('',(0.,0.,1.));
#14590 = ADVANCED_FACE('',(#14591,#14594),#14597,.T.);
#14591 = FACE_BOUND('',#14592,.T.);
#14592 = EDGE_LOOP('',(#14593));
#14593 = ORIENTED_EDGE('',*,*,#13523,.T.);
#14594 = FACE_BOUND('',#14595,.T.);
#14595 = EDGE_LOOP('',(#14596));
#14596 = ORIENTED_EDGE('',*,*,#14490,.F.);
#14597 = PLANE('',#14598);
#14598 = AXIS2_PLACEMENT_3D('',#14599,#14600,#14601);
#14599 = CARTESIAN_POINT('',(-86.,62.,41.));
#14600 = DIRECTION('',(1.,0.,0.));
#14601 = DIRECTION('',(0.,0.,1.));
#14602 = ADVANCED_FACE('',(#14603,#14606),#14609,.T.);
#14603 = FACE_BOUND('',#14604,.T.);
#14604 = EDGE_LOOP('',(#14605));
#14605 = ORIENTED_EDGE('',*,*,#13548,.T.);
#14606 = FACE_BOUND('',#14607,.T.);
#14607 = EDGE_LOOP('',(#14608));
#14608 = ORIENTED_EDGE('',*,*,#14515,.F.);
#14609 = PLANE('',#14610);
#14610 = AXIS2_PLACEMENT_3D('',#14611,#14612,#14613);
#14611 = CARTESIAN_POINT('',(-86.,-62.,-40.));
#14612 = DIRECTION('',(1.,0.,0.));
#14613 = DIRECTION('',(0.,0.,1.));
#14614 = ADVANCED_FACE('',(#14615,#14618),#14621,.T.);
#14615 = FACE_BOUND('',#14616,.T.);
#14616 = EDGE_LOOP('',(#14617));
#14617 = ORIENTED_EDGE('',*,*,#13573,.T.);
#14618 = FACE_BOUND('',#14619,.T.);
#14619 = EDGE_LOOP('',(#14620));
#14620 = ORIENTED_EDGE('',*,*,#14540,.F.);
#14621 = PLANE('',#14622);
#14622 = AXIS2_PLACEMENT_3D('',#14623,#14624,#14625);
#14623 = CARTESIAN_POINT('',(-86.,-62.,41.));
#14624 = DIRECTION('',(1.,0.,0.));
#14625 = DIRECTION('',(0.,0.,1.));
#14626 = ADVANCED_FACE('',(#14627),#14633,.F.);
#14627 = FACE_BOUND('',#14628,.F.);
#14628 = EDGE_LOOP('',(#14629,#14630,#14631,#14632));
#14629 = ORIENTED_EDGE('',*,*,#13827,.F.);
#14630 = ORIENTED_EDGE('',*,*,#13911,.F.);
#14631 = ORIENTED_EDGE('',*,*,#13887,.T.);
#14632 = ORIENTED_EDGE('',*,*,#13870,.T.);
#14633 = CYLINDRICAL_SURFACE('',#14634,1.);
#14634 = AXIS2_PLACEMENT_3D('',#14635,#14636,#14637);
#14635 = CARTESIAN_POINT('',(-38.5,78.5,38.5));
#14636 = DIRECTION('',(0.,-1.,0.));
#14637 = DIRECTION('',(1.,0.,0.));
#14638 = ADVANCED_FACE('',(#14639),#14645,.F.);
#14639 = FACE_BOUND('',#14640,.T.);
#14640 = EDGE_LOOP('',(#14641,#14642,#14643,#14644));
#14641 = ORIENTED_EDGE('',*,*,#13937,.T.);
#14642 = ORIENTED_EDGE('',*,*,#13979,.F.);
#14643 = ORIENTED_EDGE('',*,*,#14004,.T.);
#14644 = ORIENTED_EDGE('',*,*,#14022,.T.);
#14645 = CYLINDRICAL_SURFACE('',#14646,1.);
#14646 = AXIS2_PLACEMENT_3D('',#14647,#14648,#14649);
#14647 = CARTESIAN_POINT('',(-38.5,-78.5,38.5));
#14648 = DIRECTION('',(0.,1.,2.2E-16));
#14649 = DIRECTION('',(1.,0.,0.));
#14650 = ADVANCED_FACE('',(#14651),#14662,.F.);
#14651 = FACE_BOUND('',#14652,.F.);
#14652 = EDGE_LOOP('',(#14653,#14654,#14660,#14661));
#14653 = ORIENTED_EDGE('',*,*,#14040,.F.);
#14654 = ORIENTED_EDGE('',*,*,#14655,.F.);
#14655 = EDGE_CURVE('',#13955,#14041,#14656,.T.);
#14656 = LINE('',#14657,#14658);
#14657 = CARTESIAN_POINT('',(-45.,-74.9,33.3));
#14658 = VECTOR('',#14659,1.);
#14659 = DIRECTION('',(0.,-1.,0.));
#14660 = ORIENTED_EDGE('',*,*,#13954,.T.);
#14661 = ORIENTED_EDGE('',*,*,#14655,.T.);
#14662 = CYLINDRICAL_SURFACE('',#14663,1.7);
#14663 = AXIS2_PLACEMENT_3D('',#14664,#14665,#14666);
#14664 = CARTESIAN_POINT('',(-45.,-74.9,35.));
#14665 = DIRECTION('',(0.,-1.,0.));
#14666 = DIRECTION('',(0.,0.,-1.));
#14667 = MANIFOLD_SOLID_BREP('',#14668);
#14668 = CLOSED_SHELL('',(#14669,#14891,#14922,#14956,#14990,#15007,
    #15038,#15079,#15103,#15137,#15168,#15209,#15250,#15267,#15300,
    #15362,#15424,#15441,#15472,#15513,#15554,#15571,#15604,#15666,
    #15728,#15745,#15807,#15819,#15831,#15843,#15855,#15872,#15891,
    #15903,#15920,#15932,#15944,#15961,#15980,#15992));
#14669 = ADVANCED_FACE('',(#14670,#14706,#14742,#14778,#14814,#14850),
  #14886,.T.);
#14670 = FACE_BOUND('',#14671,.T.);
#14671 = EDGE_LOOP('',(#14672,#14682,#14691,#14699));
#14672 = ORIENTED_EDGE('',*,*,#14673,.T.);
#14673 = EDGE_CURVE('',#14674,#14676,#14678,.T.);
#14674 = VERTEX_POINT('',#14675);
#14675 = CARTESIAN_POINT('',(35.651086939952,78.2,5.));
#14676 = VERTEX_POINT('',#14677);
#14677 = CARTESIAN_POINT('',(35.651086939952,130.,5.));
#14678 = LINE('',#14679,#14680);
#14679 = CARTESIAN_POINT('',(35.651086939952,78.2,5.));
#14680 = VECTOR('',#14681,1.);
#14681 = DIRECTION('',(0.,1.,0.));
#14682 = ORIENTED_EDGE('',*,*,#14683,.T.);
#14683 = EDGE_CURVE('',#14676,#14684,#14686,.T.);
#14684 = VERTEX_POINT('',#14685);
#14685 = CARTESIAN_POINT('',(-35.65108693995,130.,5.));
#14686 = CIRCLE('',#14687,36.);
#14687 = AXIS2_PLACEMENT_3D('',#14688,#14689,#14690);
#14688 = CARTESIAN_POINT('',(0.,130.,-3.05E-15));
#14689 = DIRECTION('',(0.,-1.,0.));
#14690 = DIRECTION('',(0.990307970554,0.,0.138888888889));
#14691 = ORIENTED_EDGE('',*,*,#14692,.F.);
#14692 = EDGE_CURVE('',#14693,#14684,#14695,.T.);
#14693 = VERTEX_POINT('',#14694);
#14694 = CARTESIAN_POINT('',(-35.65108693995,78.2,5.));
#14695 = LINE('',#14696,#14697);
#14696 = CARTESIAN_POINT('',(-35.65108693995,78.2,5.));
#14697 = VECTOR('',#14698,1.);
#14698 = DIRECTION('',(0.,1.,0.));
#14699 = ORIENTED_EDGE('',*,*,#14700,.F.);
#14700 = EDGE_CURVE('',#14674,#14693,#14701,.T.);
#14701 = CIRCLE('',#14702,36.);
#14702 = AXIS2_PLACEMENT_3D('',#14703,#14704,#14705);
#14703 = CARTESIAN_POINT('',(0.,78.2,-3.05E-15));
#14704 = DIRECTION('',(0.,-1.,0.));
#14705 = DIRECTION('',(0.990307970554,0.,0.138888888889));
#14706 = FACE_BOUND('',#14707,.T.);
#14707 = EDGE_LOOP('',(#14708,#14718,#14727,#14735));
#14708 = ORIENTED_EDGE('',*,*,#14709,.F.);
#14709 = EDGE_CURVE('',#14710,#14712,#14714,.T.);
#14710 = VERTEX_POINT('',#14711);
#14711 = CARTESIAN_POINT('',(-16.,125.,32.249030993194));
#14712 = VERTEX_POINT('',#14713);
#14713 = CARTESIAN_POINT('',(-16.,121.,32.249030993194));
#14714 = LINE('',#14715,#14716);
#14715 = CARTESIAN_POINT('',(-16.,78.2,32.249030993194));
#14716 = VECTOR('',#14717,1.);
#14717 = DIRECTION('',(0.,-1.,0.));
#14718 = ORIENTED_EDGE('',*,*,#14719,.F.);
#14719 = EDGE_CURVE('',#14720,#14710,#14722,.T.);
#14720 = VERTEX_POINT('',#14721);
#14721 = CARTESIAN_POINT('',(16.,125.,32.249030993194));
#14722 = CIRCLE('',#14723,36.);
#14723 = AXIS2_PLACEMENT_3D('',#14724,#14725,#14726);
#14724 = CARTESIAN_POINT('',(0.,125.,-3.05E-15));
#14725 = DIRECTION('',(0.,-1.,0.));
#14726 = DIRECTION('',(0.990307970554,0.,0.138888888889));
#14727 = ORIENTED_EDGE('',*,*,#14728,.T.);
#14728 = EDGE_CURVE('',#14720,#14729,#14731,.T.);
#14729 = VERTEX_POINT('',#14730);
#14730 = CARTESIAN_POINT('',(16.,121.,32.249030993194));
#14731 = LINE('',#14732,#14733);
#14732 = CARTESIAN_POINT('',(16.,78.2,32.249030993194));
#14733 = VECTOR('',#14734,1.);
#14734 = DIRECTION('',(0.,-1.,0.));
#14735 = ORIENTED_EDGE('',*,*,#14736,.T.);
#14736 = EDGE_CURVE('',#14729,#14712,#14737,.T.);
#14737 = CIRCLE('',#14738,36.);
#14738 = AXIS2_PLACEMENT_3D('',#14739,#14740,#14741);
#14739 = CARTESIAN_POINT('',(0.,121.,-3.05E-15));
#14740 = DIRECTION('',(0.,-1.,0.));
#14741 = DIRECTION('',(0.990307970554,0.,0.138888888889));
#14742 = FACE_BOUND('',#14743,.T.);
#14743 = EDGE_LOOP('',(#14744,#14754,#14763,#14771));
#14744 = ORIENTED_EDGE('',*,*,#14745,.F.);
#14745 = EDGE_CURVE('',#14746,#14748,#14750,.T.);
#14746 = VERTEX_POINT('',#14747);
#14747 = CARTESIAN_POINT('',(-16.,112.,32.249030993194));
#14748 = VERTEX_POINT('',#14749);
#14749 = CARTESIAN_POINT('',(-16.,108.,32.249030993194));
#14750 = LINE('',#14751,#14752);
#14751 = CARTESIAN_POINT('',(-16.,78.2,32.249030993194));
#14752 = VECTOR('',#14753,1.);
#14753 = DIRECTION('',(0.,-1.,0.));
#14754 = ORIENTED_EDGE('',*,*,#14755,.F.);
#14755 = EDGE_CURVE('',#14756,#14746,#14758,.T.);
#14756 = VERTEX_POINT('',#14757);
#14757 = CARTESIAN_POINT('',(16.,112.,32.249030993194));
#14758 = CIRCLE('',#14759,36.);
#14759 = AXIS2_PLACEMENT_3D('',#14760,#14761,#14762);
#14760 = CARTESIAN_POINT('',(0.,112.,-3.05E-15));
#14761 = DIRECTION('',(0.,-1.,0.));
#14762 = DIRECTION('',(0.990307970554,0.,0.138888888889));
#14763 = ORIENTED_EDGE('',*,*,#14764,.T.);
#14764 = EDGE_CURVE('',#14756,#14765,#14767,.T.);
#14765 = VERTEX_POINT('',#14766);
#14766 = CARTESIAN_POINT('',(16.,108.,32.249030993194));
#14767 = LINE('',#14768,#14769);
#14768 = CARTESIAN_POINT('',(16.,78.2,32.249030993194));
#14769 = VECTOR('',#14770,1.);
#14770 = DIRECTION('',(0.,-1.,0.));
#14771 = ORIENTED_EDGE('',*,*,#14772,.T.);
#14772 = EDGE_CURVE('',#14765,#14748,#14773,.T.);
#14773 = CIRCLE('',#14774,36.);
#14774 = AXIS2_PLACEMENT_3D('',#14775,#14776,#14777);
#14775 = CARTESIAN_POINT('',(0.,108.,-3.05E-15));
#14776 = DIRECTION('',(0.,-1.,0.));
#14777 = DIRECTION('',(0.990307970554,0.,0.138888888889));
#14778 = FACE_BOUND('',#14779,.T.);
#14779 = EDGE_LOOP('',(#14780,#14790,#14799,#14807));
#14780 = ORIENTED_EDGE('',*,*,#14781,.F.);
#14781 = EDGE_CURVE('',#14782,#14784,#14786,.T.);
#14782 = VERTEX_POINT('',#14783);
#14783 = CARTESIAN_POINT('',(21.955287494686,89.,28.530078005952));
#14784 = VERTEX_POINT('',#14785);
#14785 = CARTESIAN_POINT('',(21.955287494686,86.,28.530078005952));
#14786 = LINE('',#14787,#14788);
#14787 = CARTESIAN_POINT('',(21.955287494686,78.2,28.530078005951));
#14788 = VECTOR('',#14789,1.);
#14789 = DIRECTION('',(0.,-1.,0.));
#14790 = ORIENTED_EDGE('',*,*,#14791,.F.);
#14791 = EDGE_CURVE('',#14792,#14782,#14794,.T.);
#14792 = VERTEX_POINT('',#14793);
#14793 = CARTESIAN_POINT('',(30.825408034058,89.,18.595543001855));
#14794 = CIRCLE('',#14795,36.);
#14795 = AXIS2_PLACEMENT_3D('',#14796,#14797,#14798);
#14796 = CARTESIAN_POINT('',(0.,89.,-3.05E-15));
#14797 = DIRECTION('',(0.,-1.,0.));
#14798 = DIRECTION('',(0.990307970554,0.,0.138888888889));
#14799 = ORIENTED_EDGE('',*,*,#14800,.T.);
#14800 = EDGE_CURVE('',#14792,#14801,#14803,.T.);
#14801 = VERTEX_POINT('',#14802);
#14802 = CARTESIAN_POINT('',(30.825408034058,86.,18.595543001855));
#14803 = LINE('',#14804,#14805);
#14804 = CARTESIAN_POINT('',(30.825408034058,78.2,18.595543001855));
#14805 = VECTOR('',#14806,1.);
#14806 = DIRECTION('',(0.,-1.,0.));
#14807 = ORIENTED_EDGE('',*,*,#14808,.T.);
#14808 = EDGE_CURVE('',#14801,#14784,#14809,.T.);
#14809 = CIRCLE('',#14810,36.);
#14810 = AXIS2_PLACEMENT_3D('',#14811,#14812,#14813);
#14811 = CARTESIAN_POINT('',(0.,86.,-3.05E-15));
#14812 = DIRECTION('',(0.,-1.,0.));
#14813 = DIRECTION('',(0.990307970554,0.,0.138888888889));
#14814 = FACE_BOUND('',#14815,.T.);
#14815 = EDGE_LOOP('',(#14816,#14826,#14835,#14843));
#14816 = ORIENTED_EDGE('',*,*,#14817,.F.);
#14817 = EDGE_CURVE('',#14818,#14820,#14822,.T.);
#14818 = VERTEX_POINT('',#14819);
#14819 = CARTESIAN_POINT('',(-16.,98.,32.249030993194));
#14820 = VERTEX_POINT('',#14821);
#14821 = CARTESIAN_POINT('',(-16.,94.,32.249030993194));
#14822 = LINE('',#14823,#14824);
#14823 = CARTESIAN_POINT('',(-16.,78.2,32.249030993194));
#14824 = VECTOR('',#14825,1.);
#14825 = DIRECTION('',(0.,-1.,0.));
#14826 = ORIENTED_EDGE('',*,*,#14827,.F.);
#14827 = EDGE_CURVE('',#14828,#14818,#14830,.T.);
#14828 = VERTEX_POINT('',#14829);
#14829 = CARTESIAN_POINT('',(16.,98.,32.249030993194));
#14830 = CIRCLE('',#14831,36.);
#14831 = AXIS2_PLACEMENT_3D('',#14832,#14833,#14834);
#14832 = CARTESIAN_POINT('',(0.,98.,-3.05E-15));
#14833 = DIRECTION('',(0.,-1.,0.));
#14834 = DIRECTION('',(0.990307970554,0.,0.138888888889));
#14835 = ORIENTED_EDGE('',*,*,#14836,.T.);
#14836 = EDGE_CURVE('',#14828,#14837,#14839,.T.);
#14837 = VERTEX_POINT('',#14838);
#14838 = CARTESIAN_POINT('',(16.,94.,32.249030993194));
#14839 = LINE('',#14840,#14841);
#14840 = CARTESIAN_POINT('',(16.,78.2,32.249030993194));
#14841 = VECTOR('',#14842,1.);
#14842 = DIRECTION('',(0.,-1.,0.));
#14843 = ORIENTED_EDGE('',*,*,#14844,.T.);
#14844 = EDGE_CURVE('',#14837,#14820,#14845,.T.);
#14845 = CIRCLE('',#14846,36.);
#14846 = AXIS2_PLACEMENT_3D('',#14847,#14848,#14849);
#14847 = CARTESIAN_POINT('',(0.,94.,-3.05E-15));
#14848 = DIRECTION('',(0.,-1.,0.));
#14849 = DIRECTION('',(0.990307970554,0.,0.138888888889));
#14850 = FACE_BOUND('',#14851,.T.);
#14851 = EDGE_LOOP('',(#14852,#14862,#14871,#14879));
#14852 = ORIENTED_EDGE('',*,*,#14853,.F.);
#14853 = EDGE_CURVE('',#14854,#14856,#14858,.T.);
#14854 = VERTEX_POINT('',#14855);
#14855 = CARTESIAN_POINT('',(-30.82540803405,89.,18.595543001855));
#14856 = VERTEX_POINT('',#14857);
#14857 = CARTESIAN_POINT('',(-30.82540803405,86.,18.595543001855));
#14858 = LINE('',#14859,#14860);
#14859 = CARTESIAN_POINT('',(-30.82540803405,78.2,18.595543001855));
#14860 = VECTOR('',#14861,1.);
#14861 = DIRECTION('',(0.,-1.,0.));
#14862 = ORIENTED_EDGE('',*,*,#14863,.F.);
#14863 = EDGE_CURVE('',#14864,#14854,#14866,.T.);
#14864 = VERTEX_POINT('',#14865);
#14865 = CARTESIAN_POINT('',(-21.95528749468,89.,28.530078005951));
#14866 = CIRCLE('',#14867,36.);
#14867 = AXIS2_PLACEMENT_3D('',#14868,#14869,#14870);
#14868 = CARTESIAN_POINT('',(0.,89.,-3.05E-15));
#14869 = DIRECTION('',(0.,-1.,0.));
#14870 = DIRECTION('',(0.990307970554,0.,0.138888888889));
#14871 = ORIENTED_EDGE('',*,*,#14872,.T.);
#14872 = EDGE_CURVE('',#14864,#14873,#14875,.T.);
#14873 = VERTEX_POINT('',#14874);
#14874 = CARTESIAN_POINT('',(-21.95528749468,86.,28.530078005951));
#14875 = LINE('',#14876,#14877);
#14876 = CARTESIAN_POINT('',(-21.95528749468,78.2,28.530078005951));
#14877 = VECTOR('',#14878,1.);
#14878 = DIRECTION('',(0.,-1.,0.));
#14879 = ORIENTED_EDGE('',*,*,#14880,.T.);
#14880 = EDGE_CURVE('',#14873,#14856,#14881,.T.);
#14881 = CIRCLE('',#14882,36.);
#14882 = AXIS2_PLACEMENT_3D('',#14883,#14884,#14885);
#14883 = CARTESIAN_POINT('',(0.,86.,-3.05E-15));
#14884 = DIRECTION('',(0.,-1.,0.));
#14885 = DIRECTION('',(0.990307970554,0.,0.138888888889));
#14886 = CYLINDRICAL_SURFACE('',#14887,36.);
#14887 = AXIS2_PLACEMENT_3D('',#14888,#14889,#14890);
#14888 = CARTESIAN_POINT('',(0.,78.2,-3.05E-15));
#14889 = DIRECTION('',(0.,-1.,0.));
#14890 = DIRECTION('',(0.990307970554,0.,0.138888888889));
#14891 = ADVANCED_FACE('',(#14892),#14917,.T.);
#14892 = FACE_BOUND('',#14893,.T.);
#14893 = EDGE_LOOP('',(#14894,#14904,#14910,#14911));
#14894 = ORIENTED_EDGE('',*,*,#14895,.T.);
#14895 = EDGE_CURVE('',#14896,#14898,#14900,.T.);
#14896 = VERTEX_POINT('',#14897);
#14897 = CARTESIAN_POINT('',(32.6190128606,78.2,5.));
#14898 = VERTEX_POINT('',#14899);
#14899 = CARTESIAN_POINT('',(32.6190128606,130.,5.));
#14900 = LINE('',#14901,#14902);
#14901 = CARTESIAN_POINT('',(32.6190128606,78.2,5.));
#14902 = VECTOR('',#14903,1.);
#14903 = DIRECTION('',(0.,1.,0.));
#14904 = ORIENTED_EDGE('',*,*,#14905,.T.);
#14905 = EDGE_CURVE('',#14898,#14676,#14906,.T.);
#14906 = LINE('',#14907,#14908);
#14907 = CARTESIAN_POINT('',(32.6190128606,130.,5.));
#14908 = VECTOR('',#14909,1.);
#14909 = DIRECTION('',(1.,0.,0.));
#14910 = ORIENTED_EDGE('',*,*,#14673,.F.);
#14911 = ORIENTED_EDGE('',*,*,#14912,.F.);
#14912 = EDGE_CURVE('',#14896,#14674,#14913,.T.);
#14913 = LINE('',#14914,#14915);
#14914 = CARTESIAN_POINT('',(32.6190128606,78.2,5.));
#14915 = VECTOR('',#14916,1.);
#14916 = DIRECTION('',(1.,0.,0.));
#14917 = PLANE('',#14918);
#14918 = AXIS2_PLACEMENT_3D('',#14919,#14920,#14921);
#14919 = CARTESIAN_POINT('',(32.6190128606,78.2,5.));
#14920 = DIRECTION('',(0.,0.,-1.));
#14921 = DIRECTION('',(1.,0.,0.));
#14922 = ADVANCED_FACE('',(#14923),#14951,.T.);
#14923 = FACE_BOUND('',#14924,.T.);
#14924 = EDGE_LOOP('',(#14925,#14926,#14934,#14943,#14950));
#14925 = ORIENTED_EDGE('',*,*,#14700,.T.);
#14926 = ORIENTED_EDGE('',*,*,#14927,.T.);
#14927 = EDGE_CURVE('',#14693,#14928,#14930,.T.);
#14928 = VERTEX_POINT('',#14929);
#14929 = CARTESIAN_POINT('',(-32.6190128606,78.2,5.));
#14930 = LINE('',#14931,#14932);
#14931 = CARTESIAN_POINT('',(-35.65108693995,78.2,5.));
#14932 = VECTOR('',#14933,1.);
#14933 = DIRECTION('',(1.,0.,0.));
#14934 = ORIENTED_EDGE('',*,*,#14935,.T.);
#14935 = EDGE_CURVE('',#14928,#14936,#14938,.T.);
#14936 = VERTEX_POINT('',#14937);
#14937 = CARTESIAN_POINT('',(-1.455E-12,78.2,33.));
#14938 = CIRCLE('',#14939,33.);
#14939 = AXIS2_PLACEMENT_3D('',#14940,#14941,#14942);
#14940 = CARTESIAN_POINT('',(0.,78.2,2.31E-15));
#14941 = DIRECTION('',(0.,1.,-0.));
#14942 = DIRECTION('',(-0.98845493517,0.,0.151515151515));
#14943 = ORIENTED_EDGE('',*,*,#14944,.T.);
#14944 = EDGE_CURVE('',#14936,#14896,#14945,.T.);
#14945 = CIRCLE('',#14946,33.);
#14946 = AXIS2_PLACEMENT_3D('',#14947,#14948,#14949);
#14947 = CARTESIAN_POINT('',(0.,78.2,2.31E-15));
#14948 = DIRECTION('',(0.,1.,-0.));
#14949 = DIRECTION('',(-0.98845493517,0.,0.151515151515));
#14950 = ORIENTED_EDGE('',*,*,#14912,.T.);
#14951 = PLANE('',#14952);
#14952 = AXIS2_PLACEMENT_3D('',#14953,#14954,#14955);
#14953 = CARTESIAN_POINT('',(2.29E-15,78.2,21.627941108109));
#14954 = DIRECTION('',(-0.,-1.,-0.));
#14955 = DIRECTION('',(0.,0.,-1.));
#14956 = ADVANCED_FACE('',(#14957),#14985,.F.);
#14957 = FACE_BOUND('',#14958,.F.);
#14958 = EDGE_LOOP('',(#14959,#14960,#14968,#14977,#14984));
#14959 = ORIENTED_EDGE('',*,*,#14683,.T.);
#14960 = ORIENTED_EDGE('',*,*,#14961,.T.);
#14961 = EDGE_CURVE('',#14684,#14962,#14964,.T.);
#14962 = VERTEX_POINT('',#14963);
#14963 = CARTESIAN_POINT('',(-32.6190128606,130.,5.));
#14964 = LINE('',#14965,#14966);
#14965 = CARTESIAN_POINT('',(-35.65108693995,130.,5.));
#14966 = VECTOR('',#14967,1.);
#14967 = DIRECTION('',(1.,0.,0.));
#14968 = ORIENTED_EDGE('',*,*,#14969,.T.);
#14969 = EDGE_CURVE('',#14962,#14970,#14972,.T.);
#14970 = VERTEX_POINT('',#14971);
#14971 = CARTESIAN_POINT('',(-1.455E-12,130.,33.));
#14972 = CIRCLE('',#14973,33.);
#14973 = AXIS2_PLACEMENT_3D('',#14974,#14975,#14976);
#14974 = CARTESIAN_POINT('',(0.,130.,2.31E-15));
#14975 = DIRECTION('',(0.,1.,-0.));
#14976 = DIRECTION('',(-0.98845493517,0.,0.151515151515));
#14977 = ORIENTED_EDGE('',*,*,#14978,.T.);
#14978 = EDGE_CURVE('',#14970,#14898,#14979,.T.);
#14979 = CIRCLE('',#14980,33.);
#14980 = AXIS2_PLACEMENT_3D('',#14981,#14982,#14983);
#14981 = CARTESIAN_POINT('',(0.,130.,2.31E-15));
#14982 = DIRECTION('',(0.,1.,-0.));
#14983 = DIRECTION('',(-0.98845493517,0.,0.151515151515));
#14984 = ORIENTED_EDGE('',*,*,#14905,.T.);
#14985 = PLANE('',#14986);
#14986 = AXIS2_PLACEMENT_3D('',#14987,#14988,#14989);
#14987 = CARTESIAN_POINT('',(2.29E-15,130.,21.627941108109));
#14988 = DIRECTION('',(-0.,-1.,-0.));
#14989 = DIRECTION('',(0.,0.,-1.));
#14990 = ADVANCED_FACE('',(#14991),#15002,.T.);
#14991 = FACE_BOUND('',#14992,.T.);
#14992 = EDGE_LOOP('',(#14993,#14994,#14995,#15001));
#14993 = ORIENTED_EDGE('',*,*,#14692,.T.);
#14994 = ORIENTED_EDGE('',*,*,#14961,.T.);
#14995 = ORIENTED_EDGE('',*,*,#14996,.F.);
#14996 = EDGE_CURVE('',#14928,#14962,#14997,.T.);
#14997 = LINE('',#14998,#14999);
#14998 = CARTESIAN_POINT('',(-32.6190128606,78.2,5.));
#14999 = VECTOR('',#15000,1.);
#15000 = DIRECTION('',(0.,1.,0.));
#15001 = ORIENTED_EDGE('',*,*,#14927,.F.);
#15002 = PLANE('',#15003);
#15003 = AXIS2_PLACEMENT_3D('',#15004,#15005,#15006);
#15004 = CARTESIAN_POINT('',(-35.65108693995,78.2,5.));
#15005 = DIRECTION('',(0.,0.,-1.));
#15006 = DIRECTION('',(1.,0.,0.));
#15007 = ADVANCED_FACE('',(#15008),#15033,.T.);
#15008 = FACE_BOUND('',#15009,.T.);
#15009 = EDGE_LOOP('',(#15010,#15018,#15026,#15032));
#15010 = ORIENTED_EDGE('',*,*,#15011,.F.);
#15011 = EDGE_CURVE('',#15012,#14712,#15014,.T.);
#15012 = VERTEX_POINT('',#15013);
#15013 = CARTESIAN_POINT('',(-16.,121.,29.));
#15014 = LINE('',#15015,#15016);
#15015 = CARTESIAN_POINT('',(-16.,121.,29.));
#15016 = VECTOR('',#15017,1.);
#15017 = DIRECTION('',(0.,0.,1.));
#15018 = ORIENTED_EDGE('',*,*,#15019,.T.);
#15019 = EDGE_CURVE('',#15012,#15020,#15022,.T.);
#15020 = VERTEX_POINT('',#15021);
#15021 = CARTESIAN_POINT('',(-16.,125.,29.));
#15022 = LINE('',#15023,#15024);
#15023 = CARTESIAN_POINT('',(-16.,121.,29.));
#15024 = VECTOR('',#15025,1.);
#15025 = DIRECTION('',(0.,1.,0.));
#15026 = ORIENTED_EDGE('',*,*,#15027,.T.);
#15027 = EDGE_CURVE('',#15020,#14710,#15028,.T.);
#15028 = LINE('',#15029,#15030);
#15029 = CARTESIAN_POINT('',(-16.,125.,29.));
#15030 = VECTOR('',#15031,1.);
#15031 = DIRECTION('',(0.,0.,1.));
#15032 = ORIENTED_EDGE('',*,*,#14709,.T.);
#15033 = PLANE('',#15034);
#15034 = AXIS2_PLACEMENT_3D('',#15035,#15036,#15037);
#15035 = CARTESIAN_POINT('',(-16.,121.,29.));
#15036 = DIRECTION('',(1.,0.,0.));
#15037 = DIRECTION('',(0.,0.,1.));
#15038 = ADVANCED_FACE('',(#15039),#15074,.T.);
#15039 = FACE_BOUND('',#15040,.T.);
#15040 = EDGE_LOOP('',(#15041,#15049,#15050,#15051,#15059,#15067));
#15041 = ORIENTED_EDGE('',*,*,#15042,.F.);
#15042 = EDGE_CURVE('',#15012,#15043,#15045,.T.);
#15043 = VERTEX_POINT('',#15044);
#15044 = CARTESIAN_POINT('',(-15.74801574802,121.,29.));
#15045 = LINE('',#15046,#15047);
#15046 = CARTESIAN_POINT('',(-16.,121.,29.));
#15047 = VECTOR('',#15048,1.);
#15048 = DIRECTION('',(1.,0.,0.));
#15049 = ORIENTED_EDGE('',*,*,#15011,.T.);
#15050 = ORIENTED_EDGE('',*,*,#14736,.F.);
#15051 = ORIENTED_EDGE('',*,*,#15052,.F.);
#15052 = EDGE_CURVE('',#15053,#14729,#15055,.T.);
#15053 = VERTEX_POINT('',#15054);
#15054 = CARTESIAN_POINT('',(16.,121.,29.));
#15055 = LINE('',#15056,#15057);
#15056 = CARTESIAN_POINT('',(16.,121.,29.));
#15057 = VECTOR('',#15058,1.);
#15058 = DIRECTION('',(0.,0.,1.));
#15059 = ORIENTED_EDGE('',*,*,#15060,.F.);
#15060 = EDGE_CURVE('',#15061,#15053,#15063,.T.);
#15061 = VERTEX_POINT('',#15062);
#15062 = CARTESIAN_POINT('',(15.748015748024,121.,29.));
#15063 = LINE('',#15064,#15065);
#15064 = CARTESIAN_POINT('',(-16.,121.,29.));
#15065 = VECTOR('',#15066,1.);
#15066 = DIRECTION('',(1.,0.,0.));
#15067 = ORIENTED_EDGE('',*,*,#15068,.T.);
#15068 = EDGE_CURVE('',#15061,#15043,#15069,.T.);
#15069 = CIRCLE('',#15070,33.);
#15070 = AXIS2_PLACEMENT_3D('',#15071,#15072,#15073);
#15071 = CARTESIAN_POINT('',(0.,121.,2.31E-15));
#15072 = DIRECTION('',(-0.,-1.,0.));
#15073 = DIRECTION('',(-0.98845493517,0.,0.151515151515));
#15074 = PLANE('',#15075);
#15075 = AXIS2_PLACEMENT_3D('',#15076,#15077,#15078);
#15076 = CARTESIAN_POINT('',(-16.,121.,29.));
#15077 = DIRECTION('',(0.,1.,0.));
#15078 = DIRECTION('',(0.,0.,1.));
#15079 = ADVANCED_FACE('',(#15080),#15098,.F.);
#15080 = FACE_BOUND('',#15081,.F.);
#15081 = EDGE_LOOP('',(#15082,#15083,#15091,#15097));
#15082 = ORIENTED_EDGE('',*,*,#15052,.F.);
#15083 = ORIENTED_EDGE('',*,*,#15084,.T.);
#15084 = EDGE_CURVE('',#15053,#15085,#15087,.T.);
#15085 = VERTEX_POINT('',#15086);
#15086 = CARTESIAN_POINT('',(16.,125.,29.));
#15087 = LINE('',#15088,#15089);
#15088 = CARTESIAN_POINT('',(16.,121.,29.));
#15089 = VECTOR('',#15090,1.);
#15090 = DIRECTION('',(0.,1.,0.));
#15091 = ORIENTED_EDGE('',*,*,#15092,.T.);
#15092 = EDGE_CURVE('',#15085,#14720,#15093,.T.);
#15093 = LINE('',#15094,#15095);
#15094 = CARTESIAN_POINT('',(16.,125.,29.));
#15095 = VECTOR('',#15096,1.);
#15096 = DIRECTION('',(0.,0.,1.));
#15097 = ORIENTED_EDGE('',*,*,#14728,.T.);
#15098 = PLANE('',#15099);
#15099 = AXIS2_PLACEMENT_3D('',#15100,#15101,#15102);
#15100 = CARTESIAN_POINT('',(16.,121.,29.));
#15101 = DIRECTION('',(1.,0.,0.));
#15102 = DIRECTION('',(0.,0.,1.));
#15103 = ADVANCED_FACE('',(#15104),#15132,.F.);
#15104 = FACE_BOUND('',#15105,.F.);
#15105 = EDGE_LOOP('',(#15106,#15114,#15115,#15116,#15117,#15125));
#15106 = ORIENTED_EDGE('',*,*,#15107,.F.);
#15107 = EDGE_CURVE('',#15020,#15108,#15110,.T.);
#15108 = VERTEX_POINT('',#15109);
#15109 = CARTESIAN_POINT('',(-15.74801574802,125.,29.));
#15110 = LINE('',#15111,#15112);
#15111 = CARTESIAN_POINT('',(-16.,125.,29.));
#15112 = VECTOR('',#15113,1.);
#15113 = DIRECTION('',(1.,0.,0.));
#15114 = ORIENTED_EDGE('',*,*,#15027,.T.);
#15115 = ORIENTED_EDGE('',*,*,#14719,.F.);
#15116 = ORIENTED_EDGE('',*,*,#15092,.F.);
#15117 = ORIENTED_EDGE('',*,*,#15118,.F.);
#15118 = EDGE_CURVE('',#15119,#15085,#15121,.T.);
#15119 = VERTEX_POINT('',#15120);
#15120 = CARTESIAN_POINT('',(15.748015748024,125.,29.));
#15121 = LINE('',#15122,#15123);
#15122 = CARTESIAN_POINT('',(-16.,125.,29.));
#15123 = VECTOR('',#15124,1.);
#15124 = DIRECTION('',(1.,0.,0.));
#15125 = ORIENTED_EDGE('',*,*,#15126,.T.);
#15126 = EDGE_CURVE('',#15119,#15108,#15127,.T.);
#15127 = CIRCLE('',#15128,33.);
#15128 = AXIS2_PLACEMENT_3D('',#15129,#15130,#15131);
#15129 = CARTESIAN_POINT('',(0.,125.,2.31E-15));
#15130 = DIRECTION('',(-0.,-1.,0.));
#15131 = DIRECTION('',(-0.98845493517,0.,0.151515151515));
#15132 = PLANE('',#15133);
#15133 = AXIS2_PLACEMENT_3D('',#15134,#15135,#15136);
#15134 = CARTESIAN_POINT('',(-16.,125.,29.));
#15135 = DIRECTION('',(0.,1.,0.));
#15136 = DIRECTION('',(0.,0.,1.));
#15137 = ADVANCED_FACE('',(#15138),#15163,.T.);
#15138 = FACE_BOUND('',#15139,.T.);
#15139 = EDGE_LOOP('',(#15140,#15148,#15156,#15162));
#15140 = ORIENTED_EDGE('',*,*,#15141,.F.);
#15141 = EDGE_CURVE('',#15142,#14748,#15144,.T.);
#15142 = VERTEX_POINT('',#15143);
#15143 = CARTESIAN_POINT('',(-16.,108.,29.));
#15144 = LINE('',#15145,#15146);
#15145 = CARTESIAN_POINT('',(-16.,108.,29.));
#15146 = VECTOR('',#15147,1.);
#15147 = DIRECTION('',(0.,0.,1.));
#15148 = ORIENTED_EDGE('',*,*,#15149,.T.);
#15149 = EDGE_CURVE('',#15142,#15150,#15152,.T.);
#15150 = VERTEX_POINT('',#15151);
#15151 = CARTESIAN_POINT('',(-16.,112.,29.));
#15152 = LINE('',#15153,#15154);
#15153 = CARTESIAN_POINT('',(-16.,108.,29.));
#15154 = VECTOR('',#15155,1.);
#15155 = DIRECTION('',(0.,1.,0.));
#15156 = ORIENTED_EDGE('',*,*,#15157,.T.);
#15157 = EDGE_CURVE('',#15150,#14746,#15158,.T.);
#15158 = LINE('',#15159,#15160);
#15159 = CARTESIAN_POINT('',(-16.,112.,29.));
#15160 = VECTOR('',#15161,1.);
#15161 = DIRECTION('',(0.,0.,1.));
#15162 = ORIENTED_EDGE('',*,*,#14745,.T.);
#15163 = PLANE('',#15164);
#15164 = AXIS2_PLACEMENT_3D('',#15165,#15166,#15167);
#15165 = CARTESIAN_POINT('',(-16.,108.,29.));
#15166 = DIRECTION('',(1.,0.,0.));
#15167 = DIRECTION('',(0.,0.,1.));
#15168 = ADVANCED_FACE('',(#15169),#15204,.F.);
#15169 = FACE_BOUND('',#15170,.F.);
#15170 = EDGE_LOOP('',(#15171,#15179,#15180,#15181,#15189,#15197));
#15171 = ORIENTED_EDGE('',*,*,#15172,.F.);
#15172 = EDGE_CURVE('',#15150,#15173,#15175,.T.);
#15173 = VERTEX_POINT('',#15174);
#15174 = CARTESIAN_POINT('',(-15.74801574802,112.,29.));
#15175 = LINE('',#15176,#15177);
#15176 = CARTESIAN_POINT('',(-16.,112.,29.));
#15177 = VECTOR('',#15178,1.);
#15178 = DIRECTION('',(1.,0.,0.));
#15179 = ORIENTED_EDGE('',*,*,#15157,.T.);
#15180 = ORIENTED_EDGE('',*,*,#14755,.F.);
#15181 = ORIENTED_EDGE('',*,*,#15182,.F.);
#15182 = EDGE_CURVE('',#15183,#14756,#15185,.T.);
#15183 = VERTEX_POINT('',#15184);
#15184 = CARTESIAN_POINT('',(16.,112.,29.));
#15185 = LINE('',#15186,#15187);
#15186 = CARTESIAN_POINT('',(16.,112.,29.));
#15187 = VECTOR('',#15188,1.);
#15188 = DIRECTION('',(0.,0.,1.));
#15189 = ORIENTED_EDGE('',*,*,#15190,.F.);
#15190 = EDGE_CURVE('',#15191,#15183,#15193,.T.);
#15191 = VERTEX_POINT('',#15192);
#15192 = CARTESIAN_POINT('',(15.748015748024,112.,29.));
#15193 = LINE('',#15194,#15195);
#15194 = CARTESIAN_POINT('',(-16.,112.,29.));
#15195 = VECTOR('',#15196,1.);
#15196 = DIRECTION('',(1.,0.,0.));
#15197 = ORIENTED_EDGE('',*,*,#15198,.T.);
#15198 = EDGE_CURVE('',#15191,#15173,#15199,.T.);
#15199 = CIRCLE('',#15200,33.);
#15200 = AXIS2_PLACEMENT_3D('',#15201,#15202,#15203);
#15201 = CARTESIAN_POINT('',(0.,112.,2.31E-15));
#15202 = DIRECTION('',(-0.,-1.,0.));
#15203 = DIRECTION('',(-0.98845493517,0.,0.151515151515));
#15204 = PLANE('',#15205);
#15205 = AXIS2_PLACEMENT_3D('',#15206,#15207,#15208);
#15206 = CARTESIAN_POINT('',(-16.,112.,29.));
#15207 = DIRECTION('',(0.,1.,0.));
#15208 = DIRECTION('',(0.,0.,1.));
#15209 = ADVANCED_FACE('',(#15210),#15245,.T.);
#15210 = FACE_BOUND('',#15211,.T.);
#15211 = EDGE_LOOP('',(#15212,#15220,#15221,#15222,#15230,#15238));
#15212 = ORIENTED_EDGE('',*,*,#15213,.F.);
#15213 = EDGE_CURVE('',#15142,#15214,#15216,.T.);
#15214 = VERTEX_POINT('',#15215);
#15215 = CARTESIAN_POINT('',(-15.74801574802,108.,29.));
#15216 = LINE('',#15217,#15218);
#15217 = CARTESIAN_POINT('',(-16.,108.,29.));
#15218 = VECTOR('',#15219,1.);
#15219 = DIRECTION('',(1.,0.,0.));
#15220 = ORIENTED_EDGE('',*,*,#15141,.T.);
#15221 = ORIENTED_EDGE('',*,*,#14772,.F.);
#15222 = ORIENTED_EDGE('',*,*,#15223,.F.);
#15223 = EDGE_CURVE('',#15224,#14765,#15226,.T.);
#15224 = VERTEX_POINT('',#15225);
#15225 = CARTESIAN_POINT('',(16.,108.,29.));
#15226 = LINE('',#15227,#15228);
#15227 = CARTESIAN_POINT('',(16.,108.,29.));
#15228 = VECTOR('',#15229,1.);
#15229 = DIRECTION('',(0.,0.,1.));
#15230 = ORIENTED_EDGE('',*,*,#15231,.F.);
#15231 = EDGE_CURVE('',#15232,#15224,#15234,.T.);
#15232 = VERTEX_POINT('',#15233);
#15233 = CARTESIAN_POINT('',(15.748015748024,108.,29.));
#15234 = LINE('',#15235,#15236);
#15235 = CARTESIAN_POINT('',(-16.,108.,29.));
#15236 = VECTOR('',#15237,1.);
#15237 = DIRECTION('',(1.,0.,0.));
#15238 = ORIENTED_EDGE('',*,*,#15239,.T.);
#15239 = EDGE_CURVE('',#15232,#15214,#15240,.T.);
#15240 = CIRCLE('',#15241,33.);
#15241 = AXIS2_PLACEMENT_3D('',#15242,#15243,#15244);
#15242 = CARTESIAN_POINT('',(0.,108.,2.31E-15));
#15243 = DIRECTION('',(-0.,-1.,0.));
#15244 = DIRECTION('',(-0.98845493517,0.,0.151515151515));
#15245 = PLANE('',#15246);
#15246 = AXIS2_PLACEMENT_3D('',#15247,#15248,#15249);
#15247 = CARTESIAN_POINT('',(-16.,108.,29.));
#15248 = DIRECTION('',(0.,1.,0.));
#15249 = DIRECTION('',(0.,0.,1.));
#15250 = ADVANCED_FACE('',(#15251),#15262,.F.);
#15251 = FACE_BOUND('',#15252,.F.);
#15252 = EDGE_LOOP('',(#15253,#15254,#15260,#15261));
#15253 = ORIENTED_EDGE('',*,*,#15223,.F.);
#15254 = ORIENTED_EDGE('',*,*,#15255,.T.);
#15255 = EDGE_CURVE('',#15224,#15183,#15256,.T.);
#15256 = LINE('',#15257,#15258);
#15257 = CARTESIAN_POINT('',(16.,108.,29.));
#15258 = VECTOR('',#15259,1.);
#15259 = DIRECTION('',(0.,1.,0.));
#15260 = ORIENTED_EDGE('',*,*,#15182,.T.);
#15261 = ORIENTED_EDGE('',*,*,#14764,.T.);
#15262 = PLANE('',#15263);
#15263 = AXIS2_PLACEMENT_3D('',#15264,#15265,#15266);
#15264 = CARTESIAN_POINT('',(16.,108.,29.));
#15265 = DIRECTION('',(1.,0.,0.));
#15266 = DIRECTION('',(0.,0.,1.));
#15267 = ADVANCED_FACE('',(#15268),#15295,.T.);
#15268 = FACE_BOUND('',#15269,.F.);
#15269 = EDGE_LOOP('',(#15270,#15279,#15280,#15289));
#15270 = ORIENTED_EDGE('',*,*,#15271,.F.);
#15271 = EDGE_CURVE('',#14784,#15272,#15274,.T.);
#15272 = VERTEX_POINT('',#15273);
#15273 = CARTESIAN_POINT('',(24.450859114056,86.,31.033539506104));
#15274 = CIRCLE('',#15275,7.);
#15275 = AXIS2_PLACEMENT_3D('',#15276,#15277,#15278);
#15276 = CARTESIAN_POINT('',(28.,86.,25.));
#15277 = DIRECTION('',(0.,1.,0.));
#15278 = DIRECTION('',(0.507020126563,0.,-0.861934215158));
#15279 = ORIENTED_EDGE('',*,*,#14781,.F.);
#15280 = ORIENTED_EDGE('',*,*,#15281,.T.);
#15281 = EDGE_CURVE('',#14782,#15282,#15284,.T.);
#15282 = VERTEX_POINT('',#15283);
#15283 = CARTESIAN_POINT('',(24.450859114056,89.,31.033539506104));
#15284 = CIRCLE('',#15285,7.);
#15285 = AXIS2_PLACEMENT_3D('',#15286,#15287,#15288);
#15286 = CARTESIAN_POINT('',(28.,89.,25.));
#15287 = DIRECTION('',(0.,1.,0.));
#15288 = DIRECTION('',(0.507020126563,0.,-0.861934215158));
#15289 = ORIENTED_EDGE('',*,*,#15290,.F.);
#15290 = EDGE_CURVE('',#15272,#15282,#15291,.T.);
#15291 = LINE('',#15292,#15293);
#15292 = CARTESIAN_POINT('',(24.450859114056,86.,31.033539506104));
#15293 = VECTOR('',#15294,1.);
#15294 = DIRECTION('',(0.,1.,0.));
#15295 = CYLINDRICAL_SURFACE('',#15296,7.);
#15296 = AXIS2_PLACEMENT_3D('',#15297,#15298,#15299);
#15297 = CARTESIAN_POINT('',(28.,86.,25.));
#15298 = DIRECTION('',(-0.,-1.,-0.));
#15299 = DIRECTION('',(0.507020126563,0.,-0.861934215158));
#15300 = ADVANCED_FACE('',(#15301,#15346),#15357,.T.);
#15301 = FACE_BOUND('',#15302,.T.);
#15302 = EDGE_LOOP('',(#15303,#15304,#15312,#15321,#15330,#15338,#15345)
  );
#15303 = ORIENTED_EDGE('',*,*,#15281,.T.);
#15304 = ORIENTED_EDGE('',*,*,#15305,.T.);
#15305 = EDGE_CURVE('',#15282,#15306,#15308,.T.);
#15306 = VERTEX_POINT('',#15307);
#15307 = CARTESIAN_POINT('',(37.294762839091,89.,38.588776991419));
#15308 = LINE('',#15309,#15310);
#15309 = CARTESIAN_POINT('',(24.450859114056,89.,31.033539506104));
#15310 = VECTOR('',#15311,1.);
#15311 = DIRECTION('',(0.861934215158,0.,0.507020126563));
#15312 = ORIENTED_EDGE('',*,*,#15313,.T.);
#15313 = EDGE_CURVE('',#15306,#15314,#15316,.T.);
#15314 = VERTEX_POINT('',#15315);
#15315 = CARTESIAN_POINT('',(45.,89.,43.5));
#15316 = CIRCLE('',#15317,8.5);
#15317 = AXIS2_PLACEMENT_3D('',#15318,#15319,#15320);
#15318 = CARTESIAN_POINT('',(45.,89.,35.));
#15319 = DIRECTION('',(0.,1.,0.));
#15320 = DIRECTION('',(0.,0.,1.));
#15321 = ORIENTED_EDGE('',*,*,#15322,.T.);
#15322 = EDGE_CURVE('',#15314,#15323,#15325,.T.);
#15323 = VERTEX_POINT('',#15324);
#15324 = CARTESIAN_POINT('',(44.393044610978,89.,26.52169797921));
#15325 = CIRCLE('',#15326,8.5);
#15326 = AXIS2_PLACEMENT_3D('',#15327,#15328,#15329);
#15327 = CARTESIAN_POINT('',(45.,89.,35.));
#15328 = DIRECTION('',(0.,1.,0.));
#15329 = DIRECTION('',(0.,0.,1.));
#15330 = ORIENTED_EDGE('',*,*,#15331,.T.);
#15331 = EDGE_CURVE('',#15323,#15332,#15334,.T.);
#15332 = VERTEX_POINT('',#15333);
#15333 = CARTESIAN_POINT('',(31.549140885944,89.,18.966460493896));
#15334 = LINE('',#15335,#15336);
#15335 = CARTESIAN_POINT('',(48.549140885944,89.,28.966460493896));
#15336 = VECTOR('',#15337,1.);
#15337 = DIRECTION('',(-0.861934215158,0.,-0.507020126563));
#15338 = ORIENTED_EDGE('',*,*,#15339,.T.);
#15339 = EDGE_CURVE('',#15332,#14792,#15340,.T.);
#15340 = CIRCLE('',#15341,7.);
#15341 = AXIS2_PLACEMENT_3D('',#15342,#15343,#15344);
#15342 = CARTESIAN_POINT('',(28.,89.,25.));
#15343 = DIRECTION('',(0.,1.,0.));
#15344 = DIRECTION('',(0.507020126563,0.,-0.861934215158));
#15345 = ORIENTED_EDGE('',*,*,#14791,.T.);
#15346 = FACE_BOUND('',#15347,.T.);
#15347 = EDGE_LOOP('',(#15348));
#15348 = ORIENTED_EDGE('',*,*,#15349,.F.);
#15349 = EDGE_CURVE('',#15350,#15350,#15352,.T.);
#15350 = VERTEX_POINT('',#15351);
#15351 = CARTESIAN_POINT('',(45.,89.,36.7));
#15352 = CIRCLE('',#15353,1.7);
#15353 = AXIS2_PLACEMENT_3D('',#15354,#15355,#15356);
#15354 = CARTESIAN_POINT('',(45.,89.,35.));
#15355 = DIRECTION('',(0.,1.,0.));
#15356 = DIRECTION('',(0.,0.,1.));
#15357 = PLANE('',#15358);
#15358 = AXIS2_PLACEMENT_3D('',#15359,#15360,#15361);
#15359 = CARTESIAN_POINT('',(38.184385337826,89.,31.311066245359));
#15360 = DIRECTION('',(0.,1.,0.));
#15361 = DIRECTION('',(0.,0.,1.));
#15362 = ADVANCED_FACE('',(#15363,#15408),#15419,.T.);
#15363 = FACE_BOUND('',#15364,.T.);
#15364 = EDGE_LOOP('',(#15365,#15366,#15367,#15376,#15384,#15393,#15402)
  );
#15365 = ORIENTED_EDGE('',*,*,#15271,.F.);
#15366 = ORIENTED_EDGE('',*,*,#14808,.F.);
#15367 = ORIENTED_EDGE('',*,*,#15368,.F.);
#15368 = EDGE_CURVE('',#15369,#14801,#15371,.T.);
#15369 = VERTEX_POINT('',#15370);
#15370 = CARTESIAN_POINT('',(31.549140885944,86.,18.966460493896));
#15371 = CIRCLE('',#15372,7.);
#15372 = AXIS2_PLACEMENT_3D('',#15373,#15374,#15375);
#15373 = CARTESIAN_POINT('',(28.,86.,25.));
#15374 = DIRECTION('',(0.,1.,0.));
#15375 = DIRECTION('',(0.507020126563,0.,-0.861934215158));
#15376 = ORIENTED_EDGE('',*,*,#15377,.F.);
#15377 = EDGE_CURVE('',#15378,#15369,#15380,.T.);
#15378 = VERTEX_POINT('',#15379);
#15379 = CARTESIAN_POINT('',(44.393044610978,86.,26.52169797921));
#15380 = LINE('',#15381,#15382);
#15381 = CARTESIAN_POINT('',(48.549140885944,86.,28.966460493896));
#15382 = VECTOR('',#15383,1.);
#15383 = DIRECTION('',(-0.861934215158,0.,-0.507020126563));
#15384 = ORIENTED_EDGE('',*,*,#15385,.F.);
#15385 = EDGE_CURVE('',#15386,#15378,#15388,.T.);
#15386 = VERTEX_POINT('',#15387);
#15387 = CARTESIAN_POINT('',(45.,86.,43.5));
#15388 = CIRCLE('',#15389,8.5);
#15389 = AXIS2_PLACEMENT_3D('',#15390,#15391,#15392);
#15390 = CARTESIAN_POINT('',(45.,86.,35.));
#15391 = DIRECTION('',(0.,1.,0.));
#15392 = DIRECTION('',(0.,0.,1.));
#15393 = ORIENTED_EDGE('',*,*,#15394,.F.);
#15394 = EDGE_CURVE('',#15395,#15386,#15397,.T.);
#15395 = VERTEX_POINT('',#15396);
#15396 = CARTESIAN_POINT('',(37.294762839091,86.,38.588776991419));
#15397 = CIRCLE('',#15398,8.5);
#15398 = AXIS2_PLACEMENT_3D('',#15399,#15400,#15401);
#15399 = CARTESIAN_POINT('',(45.,86.,35.));
#15400 = DIRECTION('',(0.,1.,0.));
#15401 = DIRECTION('',(0.,0.,1.));
#15402 = ORIENTED_EDGE('',*,*,#15403,.F.);
#15403 = EDGE_CURVE('',#15272,#15395,#15404,.T.);
#15404 = LINE('',#15405,#15406);
#15405 = CARTESIAN_POINT('',(24.450859114056,86.,31.033539506104));
#15406 = VECTOR('',#15407,1.);
#15407 = DIRECTION('',(0.861934215158,0.,0.507020126563));
#15408 = FACE_BOUND('',#15409,.T.);
#15409 = EDGE_LOOP('',(#15410));
#15410 = ORIENTED_EDGE('',*,*,#15411,.T.);
#15411 = EDGE_CURVE('',#15412,#15412,#15414,.T.);
#15412 = VERTEX_POINT('',#15413);
#15413 = CARTESIAN_POINT('',(45.,86.,36.7));
#15414 = CIRCLE('',#15415,1.7);
#15415 = AXIS2_PLACEMENT_3D('',#15416,#15417,#15418);
#15416 = CARTESIAN_POINT('',(45.,86.,35.));
#15417 = DIRECTION('',(0.,1.,0.));
#15418 = DIRECTION('',(0.,0.,1.));
#15419 = PLANE('',#15420);
#15420 = AXIS2_PLACEMENT_3D('',#15421,#15422,#15423);
#15421 = CARTESIAN_POINT('',(38.184385337826,86.,31.311066245359));
#15422 = DIRECTION('',(-0.,-1.,-0.));
#15423 = DIRECTION('',(0.,0.,-1.));
#15424 = ADVANCED_FACE('',(#15425),#15436,.T.);
#15425 = FACE_BOUND('',#15426,.F.);
#15426 = EDGE_LOOP('',(#15427,#15428,#15434,#15435));
#15427 = ORIENTED_EDGE('',*,*,#15368,.F.);
#15428 = ORIENTED_EDGE('',*,*,#15429,.T.);
#15429 = EDGE_CURVE('',#15369,#15332,#15430,.T.);
#15430 = LINE('',#15431,#15432);
#15431 = CARTESIAN_POINT('',(31.549140885944,86.,18.966460493896));
#15432 = VECTOR('',#15433,1.);
#15433 = DIRECTION('',(0.,1.,0.));
#15434 = ORIENTED_EDGE('',*,*,#15339,.T.);
#15435 = ORIENTED_EDGE('',*,*,#14800,.T.);
#15436 = CYLINDRICAL_SURFACE('',#15437,7.);
#15437 = AXIS2_PLACEMENT_3D('',#15438,#15439,#15440);
#15438 = CARTESIAN_POINT('',(28.,86.,25.));
#15439 = DIRECTION('',(-0.,-1.,-0.));
#15440 = DIRECTION('',(0.507020126563,0.,-0.861934215158));
#15441 = ADVANCED_FACE('',(#15442),#15467,.T.);
#15442 = FACE_BOUND('',#15443,.T.);
#15443 = EDGE_LOOP('',(#15444,#15452,#15460,#15466));
#15444 = ORIENTED_EDGE('',*,*,#15445,.F.);
#15445 = EDGE_CURVE('',#15446,#14820,#15448,.T.);
#15446 = VERTEX_POINT('',#15447);
#15447 = CARTESIAN_POINT('',(-16.,94.,29.));
#15448 = LINE('',#15449,#15450);
#15449 = CARTESIAN_POINT('',(-16.,94.,29.));
#15450 = VECTOR('',#15451,1.);
#15451 = DIRECTION('',(0.,0.,1.));
#15452 = ORIENTED_EDGE('',*,*,#15453,.T.);
#15453 = EDGE_CURVE('',#15446,#15454,#15456,.T.);
#15454 = VERTEX_POINT('',#15455);
#15455 = CARTESIAN_POINT('',(-16.,98.,29.));
#15456 = LINE('',#15457,#15458);
#15457 = CARTESIAN_POINT('',(-16.,94.,29.));
#15458 = VECTOR('',#15459,1.);
#15459 = DIRECTION('',(0.,1.,0.));
#15460 = ORIENTED_EDGE('',*,*,#15461,.T.);
#15461 = EDGE_CURVE('',#15454,#14818,#15462,.T.);
#15462 = LINE('',#15463,#15464);
#15463 = CARTESIAN_POINT('',(-16.,98.,29.));
#15464 = VECTOR('',#15465,1.);
#15465 = DIRECTION('',(0.,0.,1.));
#15466 = ORIENTED_EDGE('',*,*,#14817,.T.);
#15467 = PLANE('',#15468);
#15468 = AXIS2_PLACEMENT_3D('',#15469,#15470,#15471);
#15469 = CARTESIAN_POINT('',(-16.,94.,29.));
#15470 = DIRECTION('',(1.,0.,0.));
#15471 = DIRECTION('',(0.,0.,1.));
#15472 = ADVANCED_FACE('',(#15473),#15508,.F.);
#15473 = FACE_BOUND('',#15474,.F.);
#15474 = EDGE_LOOP('',(#15475,#15483,#15484,#15485,#15493,#15501));
#15475 = ORIENTED_EDGE('',*,*,#15476,.F.);
#15476 = EDGE_CURVE('',#15454,#15477,#15479,.T.);
#15477 = VERTEX_POINT('',#15478);
#15478 = CARTESIAN_POINT('',(-15.74801574802,98.,29.));
#15479 = LINE('',#15480,#15481);
#15480 = CARTESIAN_POINT('',(-16.,98.,29.));
#15481 = VECTOR('',#15482,1.);
#15482 = DIRECTION('',(1.,0.,0.));
#15483 = ORIENTED_EDGE('',*,*,#15461,.T.);
#15484 = ORIENTED_EDGE('',*,*,#14827,.F.);
#15485 = ORIENTED_EDGE('',*,*,#15486,.F.);
#15486 = EDGE_CURVE('',#15487,#14828,#15489,.T.);
#15487 = VERTEX_POINT('',#15488);
#15488 = CARTESIAN_POINT('',(16.,98.,29.));
#15489 = LINE('',#15490,#15491);
#15490 = CARTESIAN_POINT('',(16.,98.,29.));
#15491 = VECTOR('',#15492,1.);
#15492 = DIRECTION('',(0.,0.,1.));
#15493 = ORIENTED_EDGE('',*,*,#15494,.F.);
#15494 = EDGE_CURVE('',#15495,#15487,#15497,.T.);
#15495 = VERTEX_POINT('',#15496);
#15496 = CARTESIAN_POINT('',(15.748015748024,98.,29.));
#15497 = LINE('',#15498,#15499);
#15498 = CARTESIAN_POINT('',(-16.,98.,29.));
#15499 = VECTOR('',#15500,1.);
#15500 = DIRECTION('',(1.,0.,0.));
#15501 = ORIENTED_EDGE('',*,*,#15502,.T.);
#15502 = EDGE_CURVE('',#15495,#15477,#15503,.T.);
#15503 = CIRCLE('',#15504,33.);
#15504 = AXIS2_PLACEMENT_3D('',#15505,#15506,#15507);
#15505 = CARTESIAN_POINT('',(0.,98.,2.31E-15));
#15506 = DIRECTION('',(-0.,-1.,0.));
#15507 = DIRECTION('',(-0.98845493517,0.,0.151515151515));
#15508 = PLANE('',#15509);
#15509 = AXIS2_PLACEMENT_3D('',#15510,#15511,#15512);
#15510 = CARTESIAN_POINT('',(-16.,98.,29.));
#15511 = DIRECTION('',(0.,1.,0.));
#15512 = DIRECTION('',(0.,0.,1.));
#15513 = ADVANCED_FACE('',(#15514),#15549,.T.);
#15514 = FACE_BOUND('',#15515,.T.);
#15515 = EDGE_LOOP('',(#15516,#15524,#15525,#15526,#15534,#15542));
#15516 = ORIENTED_EDGE('',*,*,#15517,.F.);
#15517 = EDGE_CURVE('',#15446,#15518,#15520,.T.);
#15518 = VERTEX_POINT('',#15519);
#15519 = CARTESIAN_POINT('',(-15.74801574802,94.,29.));
#15520 = LINE('',#15521,#15522);
#15521 = CARTESIAN_POINT('',(-16.,94.,29.));
#15522 = VECTOR('',#15523,1.);
#15523 = DIRECTION('',(1.,0.,0.));
#15524 = ORIENTED_EDGE('',*,*,#15445,.T.);
#15525 = ORIENTED_EDGE('',*,*,#14844,.F.);
#15526 = ORIENTED_EDGE('',*,*,#15527,.F.);
#15527 = EDGE_CURVE('',#15528,#14837,#15530,.T.);
#15528 = VERTEX_POINT('',#15529);
#15529 = CARTESIAN_POINT('',(16.,94.,29.));
#15530 = LINE('',#15531,#15532);
#15531 = CARTESIAN_POINT('',(16.,94.,29.));
#15532 = VECTOR('',#15533,1.);
#15533 = DIRECTION('',(0.,0.,1.));
#15534 = ORIENTED_EDGE('',*,*,#15535,.F.);
#15535 = EDGE_CURVE('',#15536,#15528,#15538,.T.);
#15536 = VERTEX_POINT('',#15537);
#15537 = CARTESIAN_POINT('',(15.748015748024,94.,29.));
#15538 = LINE('',#15539,#15540);
#15539 = CARTESIAN_POINT('',(-16.,94.,29.));
#15540 = VECTOR('',#15541,1.);
#15541 = DIRECTION('',(1.,0.,0.));
#15542 = ORIENTED_EDGE('',*,*,#15543,.T.);
#15543 = EDGE_CURVE('',#15536,#15518,#15544,.T.);
#15544 = CIRCLE('',#15545,33.);
#15545 = AXIS2_PLACEMENT_3D('',#15546,#15547,#15548);
#15546 = CARTESIAN_POINT('',(0.,94.,2.31E-15));
#15547 = DIRECTION('',(-0.,-1.,0.));
#15548 = DIRECTION('',(-0.98845493517,0.,0.151515151515));
#15549 = PLANE('',#15550);
#15550 = AXIS2_PLACEMENT_3D('',#15551,#15552,#15553);
#15551 = CARTESIAN_POINT('',(-16.,94.,29.));
#15552 = DIRECTION('',(0.,1.,0.));
#15553 = DIRECTION('',(0.,0.,1.));
#15554 = ADVANCED_FACE('',(#15555),#15566,.F.);
#15555 = FACE_BOUND('',#15556,.F.);
#15556 = EDGE_LOOP('',(#15557,#15558,#15564,#15565));
#15557 = ORIENTED_EDGE('',*,*,#15527,.F.);
#15558 = ORIENTED_EDGE('',*,*,#15559,.T.);
#15559 = EDGE_CURVE('',#15528,#15487,#15560,.T.);
#15560 = LINE('',#15561,#15562);
#15561 = CARTESIAN_POINT('',(16.,94.,29.));
#15562 = VECTOR('',#15563,1.);
#15563 = DIRECTION('',(0.,1.,0.));
#15564 = ORIENTED_EDGE('',*,*,#15486,.T.);
#15565 = ORIENTED_EDGE('',*,*,#14836,.T.);
#15566 = PLANE('',#15567);
#15567 = AXIS2_PLACEMENT_3D('',#15568,#15569,#15570);
#15568 = CARTESIAN_POINT('',(16.,94.,29.));
#15569 = DIRECTION('',(1.,0.,0.));
#15570 = DIRECTION('',(0.,0.,1.));
#15571 = ADVANCED_FACE('',(#15572),#15599,.T.);
#15572 = FACE_BOUND('',#15573,.F.);
#15573 = EDGE_LOOP('',(#15574,#15583,#15584,#15593));
#15574 = ORIENTED_EDGE('',*,*,#15575,.F.);
#15575 = EDGE_CURVE('',#14856,#15576,#15578,.T.);
#15576 = VERTEX_POINT('',#15577);
#15577 = CARTESIAN_POINT('',(-31.54914088594,86.,18.966460493896));
#15578 = CIRCLE('',#15579,7.);
#15579 = AXIS2_PLACEMENT_3D('',#15580,#15581,#15582);
#15580 = CARTESIAN_POINT('',(-28.,86.,25.));
#15581 = DIRECTION('',(-0.,1.,0.));
#15582 = DIRECTION('',(0.507020126563,0.,0.861934215158));
#15583 = ORIENTED_EDGE('',*,*,#14853,.F.);
#15584 = ORIENTED_EDGE('',*,*,#15585,.T.);
#15585 = EDGE_CURVE('',#14854,#15586,#15588,.T.);
#15586 = VERTEX_POINT('',#15587);
#15587 = CARTESIAN_POINT('',(-31.54914088594,89.,18.966460493896));
#15588 = CIRCLE('',#15589,7.);
#15589 = AXIS2_PLACEMENT_3D('',#15590,#15591,#15592);
#15590 = CARTESIAN_POINT('',(-28.,89.,25.));
#15591 = DIRECTION('',(-0.,1.,0.));
#15592 = DIRECTION('',(0.507020126563,0.,0.861934215158));
#15593 = ORIENTED_EDGE('',*,*,#15594,.F.);
#15594 = EDGE_CURVE('',#15576,#15586,#15595,.T.);
#15595 = LINE('',#15596,#15597);
#15596 = CARTESIAN_POINT('',(-31.54914088594,86.,18.966460493896));
#15597 = VECTOR('',#15598,1.);
#15598 = DIRECTION('',(0.,1.,0.));
#15599 = CYLINDRICAL_SURFACE('',#15600,7.);
#15600 = AXIS2_PLACEMENT_3D('',#15601,#15602,#15603);
#15601 = CARTESIAN_POINT('',(-28.,86.,25.));
#15602 = DIRECTION('',(-0.,-1.,-0.));
#15603 = DIRECTION('',(0.507020126563,0.,0.861934215158));
#15604 = ADVANCED_FACE('',(#15605,#15650),#15661,.T.);
#15605 = FACE_BOUND('',#15606,.T.);
#15606 = EDGE_LOOP('',(#15607,#15608,#15616,#15625,#15634,#15642,#15649)
  );
#15607 = ORIENTED_EDGE('',*,*,#15585,.T.);
#15608 = ORIENTED_EDGE('',*,*,#15609,.T.);
#15609 = EDGE_CURVE('',#15586,#15610,#15612,.T.);
#15610 = VERTEX_POINT('',#15611);
#15611 = CARTESIAN_POINT('',(-44.39304461097,89.,26.52169797921));
#15612 = LINE('',#15613,#15614);
#15613 = CARTESIAN_POINT('',(-31.54914088594,89.,18.966460493896));
#15614 = VECTOR('',#15615,1.);
#15615 = DIRECTION('',(-0.861934215158,0.,0.507020126563));
#15616 = ORIENTED_EDGE('',*,*,#15617,.T.);
#15617 = EDGE_CURVE('',#15610,#15618,#15620,.T.);
#15618 = VERTEX_POINT('',#15619);
#15619 = CARTESIAN_POINT('',(-45.,89.,43.5));
#15620 = CIRCLE('',#15621,8.5);
#15621 = AXIS2_PLACEMENT_3D('',#15622,#15623,#15624);
#15622 = CARTESIAN_POINT('',(-45.,89.,35.));
#15623 = DIRECTION('',(0.,1.,0.));
#15624 = DIRECTION('',(0.,0.,1.));
#15625 = ORIENTED_EDGE('',*,*,#15626,.T.);
#15626 = EDGE_CURVE('',#15618,#15627,#15629,.T.);
#15627 = VERTEX_POINT('',#15628);
#15628 = CARTESIAN_POINT('',(-37.29476283909,89.,38.588776991419));
#15629 = CIRCLE('',#15630,8.5);
#15630 = AXIS2_PLACEMENT_3D('',#15631,#15632,#15633);
#15631 = CARTESIAN_POINT('',(-45.,89.,35.));
#15632 = DIRECTION('',(0.,1.,0.));
#15633 = DIRECTION('',(0.,0.,1.));
#15634 = ORIENTED_EDGE('',*,*,#15635,.T.);
#15635 = EDGE_CURVE('',#15627,#15636,#15638,.T.);
#15636 = VERTEX_POINT('',#15637);
#15637 = CARTESIAN_POINT('',(-24.45085911405,89.,31.033539506104));
#15638 = LINE('',#15639,#15640);
#15639 = CARTESIAN_POINT('',(-41.45085911405,89.,41.033539506104));
#15640 = VECTOR('',#15641,1.);
#15641 = DIRECTION('',(0.861934215158,0.,-0.507020126563));
#15642 = ORIENTED_EDGE('',*,*,#15643,.T.);
#15643 = EDGE_CURVE('',#15636,#14864,#15644,.T.);
#15644 = CIRCLE('',#15645,7.);
#15645 = AXIS2_PLACEMENT_3D('',#15646,#15647,#15648);
#15646 = CARTESIAN_POINT('',(-28.,89.,25.));
#15647 = DIRECTION('',(-0.,1.,0.));
#15648 = DIRECTION('',(0.507020126563,0.,0.861934215158));
#15649 = ORIENTED_EDGE('',*,*,#14863,.T.);
#15650 = FACE_BOUND('',#15651,.T.);
#15651 = EDGE_LOOP('',(#15652));
#15652 = ORIENTED_EDGE('',*,*,#15653,.F.);
#15653 = EDGE_CURVE('',#15654,#15654,#15656,.T.);
#15654 = VERTEX_POINT('',#15655);
#15655 = CARTESIAN_POINT('',(-45.,89.,36.7));
#15656 = CIRCLE('',#15657,1.7);
#15657 = AXIS2_PLACEMENT_3D('',#15658,#15659,#15660);
#15658 = CARTESIAN_POINT('',(-45.,89.,35.));
#15659 = DIRECTION('',(0.,1.,0.));
#15660 = DIRECTION('',(0.,0.,1.));
#15661 = PLANE('',#15662);
#15662 = AXIS2_PLACEMENT_3D('',#15663,#15664,#15665);
#15663 = CARTESIAN_POINT('',(-38.18438533782,89.,31.311066245359));
#15664 = DIRECTION('',(0.,1.,0.));
#15665 = DIRECTION('',(0.,0.,1.));
#15666 = ADVANCED_FACE('',(#15667,#15712),#15723,.T.);
#15667 = FACE_BOUND('',#15668,.T.);
#15668 = EDGE_LOOP('',(#15669,#15670,#15671,#15680,#15688,#15697,#15706)
  );
#15669 = ORIENTED_EDGE('',*,*,#15575,.F.);
#15670 = ORIENTED_EDGE('',*,*,#14880,.F.);
#15671 = ORIENTED_EDGE('',*,*,#15672,.F.);
#15672 = EDGE_CURVE('',#15673,#14873,#15675,.T.);
#15673 = VERTEX_POINT('',#15674);
#15674 = CARTESIAN_POINT('',(-24.45085911405,86.,31.033539506104));
#15675 = CIRCLE('',#15676,7.);
#15676 = AXIS2_PLACEMENT_3D('',#15677,#15678,#15679);
#15677 = CARTESIAN_POINT('',(-28.,86.,25.));
#15678 = DIRECTION('',(-0.,1.,0.));
#15679 = DIRECTION('',(0.507020126563,0.,0.861934215158));
#15680 = ORIENTED_EDGE('',*,*,#15681,.F.);
#15681 = EDGE_CURVE('',#15682,#15673,#15684,.T.);
#15682 = VERTEX_POINT('',#15683);
#15683 = CARTESIAN_POINT('',(-37.29476283909,86.,38.588776991419));
#15684 = LINE('',#15685,#15686);
#15685 = CARTESIAN_POINT('',(-41.45085911405,86.,41.033539506104));
#15686 = VECTOR('',#15687,1.);
#15687 = DIRECTION('',(0.861934215158,0.,-0.507020126563));
#15688 = ORIENTED_EDGE('',*,*,#15689,.F.);
#15689 = EDGE_CURVE('',#15690,#15682,#15692,.T.);
#15690 = VERTEX_POINT('',#15691);
#15691 = CARTESIAN_POINT('',(-45.,86.,43.5));
#15692 = CIRCLE('',#15693,8.5);
#15693 = AXIS2_PLACEMENT_3D('',#15694,#15695,#15696);
#15694 = CARTESIAN_POINT('',(-45.,86.,35.));
#15695 = DIRECTION('',(0.,1.,0.));
#15696 = DIRECTION('',(0.,0.,1.));
#15697 = ORIENTED_EDGE('',*,*,#15698,.F.);
#15698 = EDGE_CURVE('',#15699,#15690,#15701,.T.);
#15699 = VERTEX_POINT('',#15700);
#15700 = CARTESIAN_POINT('',(-44.39304461097,86.,26.52169797921));
#15701 = CIRCLE('',#15702,8.5);
#15702 = AXIS2_PLACEMENT_3D('',#15703,#15704,#15705);
#15703 = CARTESIAN_POINT('',(-45.,86.,35.));
#15704 = DIRECTION('',(0.,1.,0.));
#15705 = DIRECTION('',(0.,0.,1.));
#15706 = ORIENTED_EDGE('',*,*,#15707,.F.);
#15707 = EDGE_CURVE('',#15576,#15699,#15708,.T.);
#15708 = LINE('',#15709,#15710);
#15709 = CARTESIAN_POINT('',(-31.54914088594,86.,18.966460493896));
#15710 = VECTOR('',#15711,1.);
#15711 = DIRECTION('',(-0.861934215158,0.,0.507020126563));
#15712 = FACE_BOUND('',#15713,.T.);
#15713 = EDGE_LOOP('',(#15714));
#15714 = ORIENTED_EDGE('',*,*,#15715,.T.);
#15715 = EDGE_CURVE('',#15716,#15716,#15718,.T.);
#15716 = VERTEX_POINT('',#15717);
#15717 = CARTESIAN_POINT('',(-45.,86.,36.7));
#15718 = CIRCLE('',#15719,1.7);
#15719 = AXIS2_PLACEMENT_3D('',#15720,#15721,#15722);
#15720 = CARTESIAN_POINT('',(-45.,86.,35.));
#15721 = DIRECTION('',(0.,1.,0.));
#15722 = DIRECTION('',(0.,0.,1.));
#15723 = PLANE('',#15724);
#15724 = AXIS2_PLACEMENT_3D('',#15725,#15726,#15727);
#15725 = CARTESIAN_POINT('',(-38.18438533782,86.,31.311066245359));
#15726 = DIRECTION('',(-0.,-1.,-0.));
#15727 = DIRECTION('',(0.,0.,-1.));
#15728 = ADVANCED_FACE('',(#15729),#15740,.T.);
#15729 = FACE_BOUND('',#15730,.F.);
#15730 = EDGE_LOOP('',(#15731,#15732,#15738,#15739));
#15731 = ORIENTED_EDGE('',*,*,#15672,.F.);
#15732 = ORIENTED_EDGE('',*,*,#15733,.T.);
#15733 = EDGE_CURVE('',#15673,#15636,#15734,.T.);
#15734 = LINE('',#15735,#15736);
#15735 = CARTESIAN_POINT('',(-24.45085911405,86.,31.033539506104));
#15736 = VECTOR('',#15737,1.);
#15737 = DIRECTION('',(0.,1.,0.));
#15738 = ORIENTED_EDGE('',*,*,#15643,.T.);
#15739 = ORIENTED_EDGE('',*,*,#14872,.T.);
#15740 = CYLINDRICAL_SURFACE('',#15741,7.);
#15741 = AXIS2_PLACEMENT_3D('',#15742,#15743,#15744);
#15742 = CARTESIAN_POINT('',(-28.,86.,25.));
#15743 = DIRECTION('',(-0.,-1.,-0.));
#15744 = DIRECTION('',(0.507020126563,0.,0.861934215158));
#15745 = ADVANCED_FACE('',(#15746,#15754,#15770,#15786),#15802,.F.);
#15746 = FACE_BOUND('',#15747,.T.);
#15747 = EDGE_LOOP('',(#15748,#15749,#15750,#15751,#15752,#15753));
#15748 = ORIENTED_EDGE('',*,*,#14996,.T.);
#15749 = ORIENTED_EDGE('',*,*,#14969,.T.);
#15750 = ORIENTED_EDGE('',*,*,#14978,.T.);
#15751 = ORIENTED_EDGE('',*,*,#14895,.F.);
#15752 = ORIENTED_EDGE('',*,*,#14944,.F.);
#15753 = ORIENTED_EDGE('',*,*,#14935,.F.);
#15754 = FACE_BOUND('',#15755,.T.);
#15755 = EDGE_LOOP('',(#15756,#15757,#15763,#15764));
#15756 = ORIENTED_EDGE('',*,*,#15068,.F.);
#15757 = ORIENTED_EDGE('',*,*,#15758,.F.);
#15758 = EDGE_CURVE('',#15119,#15061,#15759,.T.);
#15759 = LINE('',#15760,#15761);
#15760 = CARTESIAN_POINT('',(15.748015748024,78.2,29.));
#15761 = VECTOR('',#15762,1.);
#15762 = DIRECTION('',(0.,-1.,0.));
#15763 = ORIENTED_EDGE('',*,*,#15126,.T.);
#15764 = ORIENTED_EDGE('',*,*,#15765,.T.);
#15765 = EDGE_CURVE('',#15108,#15043,#15766,.T.);
#15766 = LINE('',#15767,#15768);
#15767 = CARTESIAN_POINT('',(-15.74801574802,78.2,29.));
#15768 = VECTOR('',#15769,1.);
#15769 = DIRECTION('',(0.,-1.,0.));
#15770 = FACE_BOUND('',#15771,.T.);
#15771 = EDGE_LOOP('',(#15772,#15773,#15779,#15780));
#15772 = ORIENTED_EDGE('',*,*,#15239,.F.);
#15773 = ORIENTED_EDGE('',*,*,#15774,.F.);
#15774 = EDGE_CURVE('',#15191,#15232,#15775,.T.);
#15775 = LINE('',#15776,#15777);
#15776 = CARTESIAN_POINT('',(15.748015748024,78.2,29.));
#15777 = VECTOR('',#15778,1.);
#15778 = DIRECTION('',(0.,-1.,0.));
#15779 = ORIENTED_EDGE('',*,*,#15198,.T.);
#15780 = ORIENTED_EDGE('',*,*,#15781,.T.);
#15781 = EDGE_CURVE('',#15173,#15214,#15782,.T.);
#15782 = LINE('',#15783,#15784);
#15783 = CARTESIAN_POINT('',(-15.74801574802,78.2,29.));
#15784 = VECTOR('',#15785,1.);
#15785 = DIRECTION('',(0.,-1.,0.));
#15786 = FACE_BOUND('',#15787,.T.);
#15787 = EDGE_LOOP('',(#15788,#15789,#15795,#15796));
#15788 = ORIENTED_EDGE('',*,*,#15543,.F.);
#15789 = ORIENTED_EDGE('',*,*,#15790,.F.);
#15790 = EDGE_CURVE('',#15495,#15536,#15791,.T.);
#15791 = LINE('',#15792,#15793);
#15792 = CARTESIAN_POINT('',(15.748015748024,78.2,29.));
#15793 = VECTOR('',#15794,1.);
#15794 = DIRECTION('',(0.,-1.,0.));
#15795 = ORIENTED_EDGE('',*,*,#15502,.T.);
#15796 = ORIENTED_EDGE('',*,*,#15797,.T.);
#15797 = EDGE_CURVE('',#15477,#15518,#15798,.T.);
#15798 = LINE('',#15799,#15800);
#15799 = CARTESIAN_POINT('',(-15.74801574802,78.2,29.));
#15800 = VECTOR('',#15801,1.);
#15801 = DIRECTION('',(0.,-1.,0.));
#15802 = CYLINDRICAL_SURFACE('',#15803,33.);
#15803 = AXIS2_PLACEMENT_3D('',#15804,#15805,#15806);
#15804 = CARTESIAN_POINT('',(0.,78.2,2.31E-15));
#15805 = DIRECTION('',(0.,-1.,0.));
#15806 = DIRECTION('',(-0.98845493517,0.,0.151515151515));
#15807 = ADVANCED_FACE('',(#15808),#15814,.T.);
#15808 = FACE_BOUND('',#15809,.T.);
#15809 = EDGE_LOOP('',(#15810,#15811,#15812,#15813));
#15810 = ORIENTED_EDGE('',*,*,#15107,.F.);
#15811 = ORIENTED_EDGE('',*,*,#15019,.F.);
#15812 = ORIENTED_EDGE('',*,*,#15042,.T.);
#15813 = ORIENTED_EDGE('',*,*,#15765,.F.);
#15814 = PLANE('',#15815);
#15815 = AXIS2_PLACEMENT_3D('',#15816,#15817,#15818);
#15816 = CARTESIAN_POINT('',(-16.,121.,29.));
#15817 = DIRECTION('',(0.,0.,1.));
#15818 = DIRECTION('',(1.,0.,0.));
#15819 = ADVANCED_FACE('',(#15820),#15826,.T.);
#15820 = FACE_BOUND('',#15821,.T.);
#15821 = EDGE_LOOP('',(#15822,#15823,#15824,#15825));
#15822 = ORIENTED_EDGE('',*,*,#15118,.F.);
#15823 = ORIENTED_EDGE('',*,*,#15758,.T.);
#15824 = ORIENTED_EDGE('',*,*,#15060,.T.);
#15825 = ORIENTED_EDGE('',*,*,#15084,.T.);
#15826 = PLANE('',#15827);
#15827 = AXIS2_PLACEMENT_3D('',#15828,#15829,#15830);
#15828 = CARTESIAN_POINT('',(-16.,121.,29.));
#15829 = DIRECTION('',(0.,0.,1.));
#15830 = DIRECTION('',(1.,0.,0.));
#15831 = ADVANCED_FACE('',(#15832),#15838,.T.);
#15832 = FACE_BOUND('',#15833,.T.);
#15833 = EDGE_LOOP('',(#15834,#15835,#15836,#15837));
#15834 = ORIENTED_EDGE('',*,*,#15172,.F.);
#15835 = ORIENTED_EDGE('',*,*,#15149,.F.);
#15836 = ORIENTED_EDGE('',*,*,#15213,.T.);
#15837 = ORIENTED_EDGE('',*,*,#15781,.F.);
#15838 = PLANE('',#15839);
#15839 = AXIS2_PLACEMENT_3D('',#15840,#15841,#15842);
#15840 = CARTESIAN_POINT('',(-16.,108.,29.));
#15841 = DIRECTION('',(0.,0.,1.));
#15842 = DIRECTION('',(1.,0.,0.));
#15843 = ADVANCED_FACE('',(#15844),#15850,.T.);
#15844 = FACE_BOUND('',#15845,.T.);
#15845 = EDGE_LOOP('',(#15846,#15847,#15848,#15849));
#15846 = ORIENTED_EDGE('',*,*,#15190,.F.);
#15847 = ORIENTED_EDGE('',*,*,#15774,.T.);
#15848 = ORIENTED_EDGE('',*,*,#15231,.T.);
#15849 = ORIENTED_EDGE('',*,*,#15255,.T.);
#15850 = PLANE('',#15851);
#15851 = AXIS2_PLACEMENT_3D('',#15852,#15853,#15854);
#15852 = CARTESIAN_POINT('',(-16.,108.,29.));
#15853 = DIRECTION('',(0.,0.,1.));
#15854 = DIRECTION('',(1.,0.,0.));
#15855 = ADVANCED_FACE('',(#15856),#15867,.F.);
#15856 = FACE_BOUND('',#15857,.F.);
#15857 = EDGE_LOOP('',(#15858,#15859,#15860,#15861));
#15858 = ORIENTED_EDGE('',*,*,#15403,.F.);
#15859 = ORIENTED_EDGE('',*,*,#15290,.T.);
#15860 = ORIENTED_EDGE('',*,*,#15305,.T.);
#15861 = ORIENTED_EDGE('',*,*,#15862,.F.);
#15862 = EDGE_CURVE('',#15395,#15306,#15863,.T.);
#15863 = LINE('',#15864,#15865);
#15864 = CARTESIAN_POINT('',(37.29476283909,86.,38.588776991418));
#15865 = VECTOR('',#15866,1.);
#15866 = DIRECTION('',(0.,1.,0.));
#15867 = PLANE('',#15868);
#15868 = AXIS2_PLACEMENT_3D('',#15869,#15870,#15871);
#15869 = CARTESIAN_POINT('',(24.450859114056,86.,31.033539506104));
#15870 = DIRECTION('',(0.507020126563,0.,-0.861934215158));
#15871 = DIRECTION('',(0.861934215158,0.,0.507020126563));
#15872 = ADVANCED_FACE('',(#15873),#15886,.T.);
#15873 = FACE_BOUND('',#15874,.T.);
#15874 = EDGE_LOOP('',(#15875,#15876,#15882,#15883,#15884,#15885));
#15875 = ORIENTED_EDGE('',*,*,#15385,.T.);
#15876 = ORIENTED_EDGE('',*,*,#15877,.T.);
#15877 = EDGE_CURVE('',#15378,#15323,#15878,.T.);
#15878 = LINE('',#15879,#15880);
#15879 = CARTESIAN_POINT('',(44.393044610978,86.,26.52169797921));
#15880 = VECTOR('',#15881,1.);
#15881 = DIRECTION('',(0.,1.,0.));
#15882 = ORIENTED_EDGE('',*,*,#15322,.F.);
#15883 = ORIENTED_EDGE('',*,*,#15313,.F.);
#15884 = ORIENTED_EDGE('',*,*,#15862,.F.);
#15885 = ORIENTED_EDGE('',*,*,#15394,.T.);
#15886 = CYLINDRICAL_SURFACE('',#15887,8.5);
#15887 = AXIS2_PLACEMENT_3D('',#15888,#15889,#15890);
#15888 = CARTESIAN_POINT('',(45.,86.,35.));
#15889 = DIRECTION('',(0.,1.,0.));
#15890 = DIRECTION('',(0.,0.,1.));
#15891 = ADVANCED_FACE('',(#15892),#15898,.F.);
#15892 = FACE_BOUND('',#15893,.F.);
#15893 = EDGE_LOOP('',(#15894,#15895,#15896,#15897));
#15894 = ORIENTED_EDGE('',*,*,#15377,.F.);
#15895 = ORIENTED_EDGE('',*,*,#15877,.T.);
#15896 = ORIENTED_EDGE('',*,*,#15331,.T.);
#15897 = ORIENTED_EDGE('',*,*,#15429,.F.);
#15898 = PLANE('',#15899);
#15899 = AXIS2_PLACEMENT_3D('',#15900,#15901,#15902);
#15900 = CARTESIAN_POINT('',(48.549140885944,86.,28.966460493896));
#15901 = DIRECTION('',(-0.507020126563,0.,0.861934215158));
#15902 = DIRECTION('',(-0.861934215158,0.,-0.507020126563));
#15903 = ADVANCED_FACE('',(#15904),#15915,.F.);
#15904 = FACE_BOUND('',#15905,.F.);
#15905 = EDGE_LOOP('',(#15906,#15907,#15913,#15914));
#15906 = ORIENTED_EDGE('',*,*,#15349,.F.);
#15907 = ORIENTED_EDGE('',*,*,#15908,.F.);
#15908 = EDGE_CURVE('',#15412,#15350,#15909,.T.);
#15909 = LINE('',#15910,#15911);
#15910 = CARTESIAN_POINT('',(45.,85.5,36.7));
#15911 = VECTOR('',#15912,1.);
#15912 = DIRECTION('',(0.,1.,0.));
#15913 = ORIENTED_EDGE('',*,*,#15411,.T.);
#15914 = ORIENTED_EDGE('',*,*,#15908,.T.);
#15915 = CYLINDRICAL_SURFACE('',#15916,1.7);
#15916 = AXIS2_PLACEMENT_3D('',#15917,#15918,#15919);
#15917 = CARTESIAN_POINT('',(45.,85.5,35.));
#15918 = DIRECTION('',(0.,1.,0.));
#15919 = DIRECTION('',(0.,0.,1.));
#15920 = ADVANCED_FACE('',(#15921),#15927,.T.);
#15921 = FACE_BOUND('',#15922,.T.);
#15922 = EDGE_LOOP('',(#15923,#15924,#15925,#15926));
#15923 = ORIENTED_EDGE('',*,*,#15476,.F.);
#15924 = ORIENTED_EDGE('',*,*,#15453,.F.);
#15925 = ORIENTED_EDGE('',*,*,#15517,.T.);
#15926 = ORIENTED_EDGE('',*,*,#15797,.F.);
#15927 = PLANE('',#15928);
#15928 = AXIS2_PLACEMENT_3D('',#15929,#15930,#15931);
#15929 = CARTESIAN_POINT('',(-16.,94.,29.));
#15930 = DIRECTION('',(0.,0.,1.));
#15931 = DIRECTION('',(1.,0.,0.));
#15932 = ADVANCED_FACE('',(#15933),#15939,.T.);
#15933 = FACE_BOUND('',#15934,.T.);
#15934 = EDGE_LOOP('',(#15935,#15936,#15937,#15938));
#15935 = ORIENTED_EDGE('',*,*,#15494,.F.);
#15936 = ORIENTED_EDGE('',*,*,#15790,.T.);
#15937 = ORIENTED_EDGE('',*,*,#15535,.T.);
#15938 = ORIENTED_EDGE('',*,*,#15559,.T.);
#15939 = PLANE('',#15940);
#15940 = AXIS2_PLACEMENT_3D('',#15941,#15942,#15943);
#15941 = CARTESIAN_POINT('',(-16.,94.,29.));
#15942 = DIRECTION('',(0.,0.,1.));
#15943 = DIRECTION('',(1.,0.,0.));
#15944 = ADVANCED_FACE('',(#15945),#15956,.F.);
#15945 = FACE_BOUND('',#15946,.F.);
#15946 = EDGE_LOOP('',(#15947,#15948,#15949,#15950));
#15947 = ORIENTED_EDGE('',*,*,#15707,.F.);
#15948 = ORIENTED_EDGE('',*,*,#15594,.T.);
#15949 = ORIENTED_EDGE('',*,*,#15609,.T.);
#15950 = ORIENTED_EDGE('',*,*,#15951,.F.);
#15951 = EDGE_CURVE('',#15699,#15610,#15952,.T.);
#15952 = LINE('',#15953,#15954);
#15953 = CARTESIAN_POINT('',(-44.39304461097,86.,26.52169797921));
#15954 = VECTOR('',#15955,1.);
#15955 = DIRECTION('',(0.,1.,0.));
#15956 = PLANE('',#15957);
#15957 = AXIS2_PLACEMENT_3D('',#15958,#15959,#15960);
#15958 = CARTESIAN_POINT('',(-31.54914088594,86.,18.966460493896));
#15959 = DIRECTION('',(0.507020126563,0.,0.861934215158));
#15960 = DIRECTION('',(-0.861934215158,0.,0.507020126563));
#15961 = ADVANCED_FACE('',(#15962),#15975,.T.);
#15962 = FACE_BOUND('',#15963,.T.);
#15963 = EDGE_LOOP('',(#15964,#15965,#15971,#15972,#15973,#15974));
#15964 = ORIENTED_EDGE('',*,*,#15689,.T.);
#15965 = ORIENTED_EDGE('',*,*,#15966,.T.);
#15966 = EDGE_CURVE('',#15682,#15627,#15967,.T.);
#15967 = LINE('',#15968,#15969);
#15968 = CARTESIAN_POINT('',(-37.29476283909,86.,38.588776991418));
#15969 = VECTOR('',#15970,1.);
#15970 = DIRECTION('',(0.,1.,0.));
#15971 = ORIENTED_EDGE('',*,*,#15626,.F.);
#15972 = ORIENTED_EDGE('',*,*,#15617,.F.);
#15973 = ORIENTED_EDGE('',*,*,#15951,.F.);
#15974 = ORIENTED_EDGE('',*,*,#15698,.T.);
#15975 = CYLINDRICAL_SURFACE('',#15976,8.5);
#15976 = AXIS2_PLACEMENT_3D('',#15977,#15978,#15979);
#15977 = CARTESIAN_POINT('',(-45.,86.,35.));
#15978 = DIRECTION('',(0.,1.,0.));
#15979 = DIRECTION('',(0.,0.,1.));
#15980 = ADVANCED_FACE('',(#15981),#15987,.F.);
#15981 = FACE_BOUND('',#15982,.F.);
#15982 = EDGE_LOOP('',(#15983,#15984,#15985,#15986));
#15983 = ORIENTED_EDGE('',*,*,#15681,.F.);
#15984 = ORIENTED_EDGE('',*,*,#15966,.T.);
#15985 = ORIENTED_EDGE('',*,*,#15635,.T.);
#15986 = ORIENTED_EDGE('',*,*,#15733,.F.);
#15987 = PLANE('',#15988);
#15988 = AXIS2_PLACEMENT_3D('',#15989,#15990,#15991);
#15989 = CARTESIAN_POINT('',(-41.45085911405,86.,41.033539506104));
#15990 = DIRECTION('',(-0.507020126563,0.,-0.861934215158));
#15991 = DIRECTION('',(0.861934215158,0.,-0.507020126563));
#15992 = ADVANCED_FACE('',(#15993),#16004,.F.);
#15993 = FACE_BOUND('',#15994,.F.);
#15994 = EDGE_LOOP('',(#15995,#15996,#16002,#16003));
#15995 = ORIENTED_EDGE('',*,*,#15653,.F.);
#15996 = ORIENTED_EDGE('',*,*,#15997,.F.);
#15997 = EDGE_CURVE('',#15716,#15654,#15998,.T.);
#15998 = LINE('',#15999,#16000);
#15999 = CARTESIAN_POINT('',(-45.,85.5,36.7));
#16000 = VECTOR('',#16001,1.);
#16001 = DIRECTION('',(0.,1.,0.));
#16002 = ORIENTED_EDGE('',*,*,#15715,.T.);
#16003 = ORIENTED_EDGE('',*,*,#15997,.T.);
#16004 = CYLINDRICAL_SURFACE('',#16005,1.7);
#16005 = AXIS2_PLACEMENT_3D('',#16006,#16007,#16008);
#16006 = CARTESIAN_POINT('',(-45.,85.5,35.));
#16007 = DIRECTION('',(0.,1.,0.));
#16008 = DIRECTION('',(0.,0.,1.));
#16009 = MANIFOLD_SOLID_BREP('',#16010);
#16010 = CLOSED_SHELL('',(#16011,#16233,#16264,#16298,#16332,#16349,
    #16380,#16421,#16445,#16479,#16510,#16551,#16592,#16609,#16642,
    #16704,#16766,#16783,#16814,#16855,#16896,#16913,#16946,#17008,
    #17070,#17087,#17149,#17161,#17173,#17185,#17197,#17214,#17233,
    #17245,#17262,#17274,#17286,#17303,#17322,#17334));
#16011 = ADVANCED_FACE('',(#16012,#16048,#16084,#16120,#16156,#16192),
  #16228,.T.);
#16012 = FACE_BOUND('',#16013,.F.);
#16013 = EDGE_LOOP('',(#16014,#16024,#16033,#16041));
#16014 = ORIENTED_EDGE('',*,*,#16015,.T.);
#16015 = EDGE_CURVE('',#16016,#16018,#16020,.T.);
#16016 = VERTEX_POINT('',#16017);
#16017 = CARTESIAN_POINT('',(35.651086939952,-78.2,5.));
#16018 = VERTEX_POINT('',#16019);
#16019 = CARTESIAN_POINT('',(35.651086939952,-130.,5.));
#16020 = LINE('',#16021,#16022);
#16021 = CARTESIAN_POINT('',(35.651086939952,-78.2,5.));
#16022 = VECTOR('',#16023,1.);
#16023 = DIRECTION('',(-0.,-1.,-0.));
#16024 = ORIENTED_EDGE('',*,*,#16025,.T.);
#16025 = EDGE_CURVE('',#16018,#16026,#16028,.T.);
#16026 = VERTEX_POINT('',#16027);
#16027 = CARTESIAN_POINT('',(-35.65108693995,-130.,5.));
#16028 = CIRCLE('',#16029,36.);
#16029 = AXIS2_PLACEMENT_3D('',#16030,#16031,#16032);
#16030 = CARTESIAN_POINT('',(0.,-130.,-3.05E-15));
#16031 = DIRECTION('',(0.,-1.,0.));
#16032 = DIRECTION('',(0.990307970554,0.,0.138888888889));
#16033 = ORIENTED_EDGE('',*,*,#16034,.F.);
#16034 = EDGE_CURVE('',#16035,#16026,#16037,.T.);
#16035 = VERTEX_POINT('',#16036);
#16036 = CARTESIAN_POINT('',(-35.65108693995,-78.2,5.));
#16037 = LINE('',#16038,#16039);
#16038 = CARTESIAN_POINT('',(-35.65108693995,-78.2,5.));
#16039 = VECTOR('',#16040,1.);
#16040 = DIRECTION('',(-0.,-1.,-0.));
#16041 = ORIENTED_EDGE('',*,*,#16042,.F.);
#16042 = EDGE_CURVE('',#16016,#16035,#16043,.T.);
#16043 = CIRCLE('',#16044,36.);
#16044 = AXIS2_PLACEMENT_3D('',#16045,#16046,#16047);
#16045 = CARTESIAN_POINT('',(0.,-78.2,-3.05E-15));
#16046 = DIRECTION('',(0.,-1.,0.));
#16047 = DIRECTION('',(0.990307970554,0.,0.138888888889));
#16048 = FACE_BOUND('',#16049,.F.);
#16049 = EDGE_LOOP('',(#16050,#16060,#16069,#16077));
#16050 = ORIENTED_EDGE('',*,*,#16051,.F.);
#16051 = EDGE_CURVE('',#16052,#16054,#16056,.T.);
#16052 = VERTEX_POINT('',#16053);
#16053 = CARTESIAN_POINT('',(-16.,-125.,32.249030993194));
#16054 = VERTEX_POINT('',#16055);
#16055 = CARTESIAN_POINT('',(-16.,-121.,32.249030993194));
#16056 = LINE('',#16057,#16058);
#16057 = CARTESIAN_POINT('',(-16.,-78.2,32.249030993194));
#16058 = VECTOR('',#16059,1.);
#16059 = DIRECTION('',(0.,1.,0.));
#16060 = ORIENTED_EDGE('',*,*,#16061,.F.);
#16061 = EDGE_CURVE('',#16062,#16052,#16064,.T.);
#16062 = VERTEX_POINT('',#16063);
#16063 = CARTESIAN_POINT('',(16.,-125.,32.249030993194));
#16064 = CIRCLE('',#16065,36.);
#16065 = AXIS2_PLACEMENT_3D('',#16066,#16067,#16068);
#16066 = CARTESIAN_POINT('',(0.,-125.,-3.05E-15));
#16067 = DIRECTION('',(0.,-1.,0.));
#16068 = DIRECTION('',(0.990307970554,0.,0.138888888889));
#16069 = ORIENTED_EDGE('',*,*,#16070,.T.);
#16070 = EDGE_CURVE('',#16062,#16071,#16073,.T.);
#16071 = VERTEX_POINT('',#16072);
#16072 = CARTESIAN_POINT('',(16.,-121.,32.249030993194));
#16073 = LINE('',#16074,#16075);
#16074 = CARTESIAN_POINT('',(16.,-78.2,32.249030993194));
#16075 = VECTOR('',#16076,1.);
#16076 = DIRECTION('',(0.,1.,0.));
#16077 = ORIENTED_EDGE('',*,*,#16078,.T.);
#16078 = EDGE_CURVE('',#16071,#16054,#16079,.T.);
#16079 = CIRCLE('',#16080,36.);
#16080 = AXIS2_PLACEMENT_3D('',#16081,#16082,#16083);
#16081 = CARTESIAN_POINT('',(0.,-121.,-3.05E-15));
#16082 = DIRECTION('',(0.,-1.,0.));
#16083 = DIRECTION('',(0.990307970554,0.,0.138888888889));
#16084 = FACE_BOUND('',#16085,.F.);
#16085 = EDGE_LOOP('',(#16086,#16096,#16105,#16113));
#16086 = ORIENTED_EDGE('',*,*,#16087,.F.);
#16087 = EDGE_CURVE('',#16088,#16090,#16092,.T.);
#16088 = VERTEX_POINT('',#16089);
#16089 = CARTESIAN_POINT('',(-16.,-112.,32.249030993194));
#16090 = VERTEX_POINT('',#16091);
#16091 = CARTESIAN_POINT('',(-16.,-108.,32.249030993194));
#16092 = LINE('',#16093,#16094);
#16093 = CARTESIAN_POINT('',(-16.,-78.2,32.249030993194));
#16094 = VECTOR('',#16095,1.);
#16095 = DIRECTION('',(0.,1.,0.));
#16096 = ORIENTED_EDGE('',*,*,#16097,.F.);
#16097 = EDGE_CURVE('',#16098,#16088,#16100,.T.);
#16098 = VERTEX_POINT('',#16099);
#16099 = CARTESIAN_POINT('',(16.,-112.,32.249030993194));
#16100 = CIRCLE('',#16101,36.);
#16101 = AXIS2_PLACEMENT_3D('',#16102,#16103,#16104);
#16102 = CARTESIAN_POINT('',(0.,-112.,-3.05E-15));
#16103 = DIRECTION('',(0.,-1.,0.));
#16104 = DIRECTION('',(0.990307970554,0.,0.138888888889));
#16105 = ORIENTED_EDGE('',*,*,#16106,.T.);
#16106 = EDGE_CURVE('',#16098,#16107,#16109,.T.);
#16107 = VERTEX_POINT('',#16108);
#16108 = CARTESIAN_POINT('',(16.,-108.,32.249030993194));
#16109 = LINE('',#16110,#16111);
#16110 = CARTESIAN_POINT('',(16.,-78.2,32.249030993194));
#16111 = VECTOR('',#16112,1.);
#16112 = DIRECTION('',(0.,1.,0.));
#16113 = ORIENTED_EDGE('',*,*,#16114,.T.);
#16114 = EDGE_CURVE('',#16107,#16090,#16115,.T.);
#16115 = CIRCLE('',#16116,36.);
#16116 = AXIS2_PLACEMENT_3D('',#16117,#16118,#16119);
#16117 = CARTESIAN_POINT('',(0.,-108.,-3.05E-15));
#16118 = DIRECTION('',(0.,-1.,0.));
#16119 = DIRECTION('',(0.990307970554,0.,0.138888888889));
#16120 = FACE_BOUND('',#16121,.F.);
#16121 = EDGE_LOOP('',(#16122,#16132,#16141,#16149));
#16122 = ORIENTED_EDGE('',*,*,#16123,.F.);
#16123 = EDGE_CURVE('',#16124,#16126,#16128,.T.);
#16124 = VERTEX_POINT('',#16125);
#16125 = CARTESIAN_POINT('',(21.955287494686,-89.,28.530078005952));
#16126 = VERTEX_POINT('',#16127);
#16127 = CARTESIAN_POINT('',(21.955287494686,-86.,28.530078005952));
#16128 = LINE('',#16129,#16130);
#16129 = CARTESIAN_POINT('',(21.955287494686,-78.2,28.530078005951));
#16130 = VECTOR('',#16131,1.);
#16131 = DIRECTION('',(0.,1.,0.));
#16132 = ORIENTED_EDGE('',*,*,#16133,.F.);
#16133 = EDGE_CURVE('',#16134,#16124,#16136,.T.);
#16134 = VERTEX_POINT('',#16135);
#16135 = CARTESIAN_POINT('',(30.825408034058,-89.,18.595543001855));
#16136 = CIRCLE('',#16137,36.);
#16137 = AXIS2_PLACEMENT_3D('',#16138,#16139,#16140);
#16138 = CARTESIAN_POINT('',(0.,-89.,-3.05E-15));
#16139 = DIRECTION('',(0.,-1.,0.));
#16140 = DIRECTION('',(0.990307970554,0.,0.138888888889));
#16141 = ORIENTED_EDGE('',*,*,#16142,.T.);
#16142 = EDGE_CURVE('',#16134,#16143,#16145,.T.);
#16143 = VERTEX_POINT('',#16144);
#16144 = CARTESIAN_POINT('',(30.825408034058,-86.,18.595543001855));
#16145 = LINE('',#16146,#16147);
#16146 = CARTESIAN_POINT('',(30.825408034058,-78.2,18.595543001855));
#16147 = VECTOR('',#16148,1.);
#16148 = DIRECTION('',(0.,1.,0.));
#16149 = ORIENTED_EDGE('',*,*,#16150,.T.);
#16150 = EDGE_CURVE('',#16143,#16126,#16151,.T.);
#16151 = CIRCLE('',#16152,36.);
#16152 = AXIS2_PLACEMENT_3D('',#16153,#16154,#16155);
#16153 = CARTESIAN_POINT('',(0.,-86.,-3.05E-15));
#16154 = DIRECTION('',(0.,-1.,0.));
#16155 = DIRECTION('',(0.990307970554,0.,0.138888888889));
#16156 = FACE_BOUND('',#16157,.F.);
#16157 = EDGE_LOOP('',(#16158,#16168,#16177,#16185));
#16158 = ORIENTED_EDGE('',*,*,#16159,.F.);
#16159 = EDGE_CURVE('',#16160,#16162,#16164,.T.);
#16160 = VERTEX_POINT('',#16161);
#16161 = CARTESIAN_POINT('',(-16.,-98.,32.249030993194));
#16162 = VERTEX_POINT('',#16163);
#16163 = CARTESIAN_POINT('',(-16.,-94.,32.249030993194));
#16164 = LINE('',#16165,#16166);
#16165 = CARTESIAN_POINT('',(-16.,-78.2,32.249030993194));
#16166 = VECTOR('',#16167,1.);
#16167 = DIRECTION('',(0.,1.,0.));
#16168 = ORIENTED_EDGE('',*,*,#16169,.F.);
#16169 = EDGE_CURVE('',#16170,#16160,#16172,.T.);
#16170 = VERTEX_POINT('',#16171);
#16171 = CARTESIAN_POINT('',(16.,-98.,32.249030993194));
#16172 = CIRCLE('',#16173,36.);
#16173 = AXIS2_PLACEMENT_3D('',#16174,#16175,#16176);
#16174 = CARTESIAN_POINT('',(0.,-98.,-3.05E-15));
#16175 = DIRECTION('',(0.,-1.,0.));
#16176 = DIRECTION('',(0.990307970554,0.,0.138888888889));
#16177 = ORIENTED_EDGE('',*,*,#16178,.T.);
#16178 = EDGE_CURVE('',#16170,#16179,#16181,.T.);
#16179 = VERTEX_POINT('',#16180);
#16180 = CARTESIAN_POINT('',(16.,-94.,32.249030993194));
#16181 = LINE('',#16182,#16183);
#16182 = CARTESIAN_POINT('',(16.,-78.2,32.249030993194));
#16183 = VECTOR('',#16184,1.);
#16184 = DIRECTION('',(0.,1.,0.));
#16185 = ORIENTED_EDGE('',*,*,#16186,.T.);
#16186 = EDGE_CURVE('',#16179,#16162,#16187,.T.);
#16187 = CIRCLE('',#16188,36.);
#16188 = AXIS2_PLACEMENT_3D('',#16189,#16190,#16191);
#16189 = CARTESIAN_POINT('',(0.,-94.,-3.05E-15));
#16190 = DIRECTION('',(0.,-1.,0.));
#16191 = DIRECTION('',(0.990307970554,0.,0.138888888889));
#16192 = FACE_BOUND('',#16193,.F.);
#16193 = EDGE_LOOP('',(#16194,#16204,#16213,#16221));
#16194 = ORIENTED_EDGE('',*,*,#16195,.F.);
#16195 = EDGE_CURVE('',#16196,#16198,#16200,.T.);
#16196 = VERTEX_POINT('',#16197);
#16197 = CARTESIAN_POINT('',(-30.82540803405,-89.,18.595543001855));
#16198 = VERTEX_POINT('',#16199);
#16199 = CARTESIAN_POINT('',(-30.82540803405,-86.,18.595543001855));
#16200 = LINE('',#16201,#16202);
#16201 = CARTESIAN_POINT('',(-30.82540803405,-78.2,18.595543001855));
#16202 = VECTOR('',#16203,1.);
#16203 = DIRECTION('',(0.,1.,0.));
#16204 = ORIENTED_EDGE('',*,*,#16205,.F.);
#16205 = EDGE_CURVE('',#16206,#16196,#16208,.T.);
#16206 = VERTEX_POINT('',#16207);
#16207 = CARTESIAN_POINT('',(-21.95528749468,-89.,28.530078005951));
#16208 = CIRCLE('',#16209,36.);
#16209 = AXIS2_PLACEMENT_3D('',#16210,#16211,#16212);
#16210 = CARTESIAN_POINT('',(0.,-89.,-3.05E-15));
#16211 = DIRECTION('',(0.,-1.,0.));
#16212 = DIRECTION('',(0.990307970554,0.,0.138888888889));
#16213 = ORIENTED_EDGE('',*,*,#16214,.T.);
#16214 = EDGE_CURVE('',#16206,#16215,#16217,.T.);
#16215 = VERTEX_POINT('',#16216);
#16216 = CARTESIAN_POINT('',(-21.95528749468,-86.,28.530078005951));
#16217 = LINE('',#16218,#16219);
#16218 = CARTESIAN_POINT('',(-21.95528749468,-78.2,28.530078005951));
#16219 = VECTOR('',#16220,1.);
#16220 = DIRECTION('',(0.,1.,0.));
#16221 = ORIENTED_EDGE('',*,*,#16222,.T.);
#16222 = EDGE_CURVE('',#16215,#16198,#16223,.T.);
#16223 = CIRCLE('',#16224,36.);
#16224 = AXIS2_PLACEMENT_3D('',#16225,#16226,#16227);
#16225 = CARTESIAN_POINT('',(0.,-86.,-3.05E-15));
#16226 = DIRECTION('',(0.,-1.,0.));
#16227 = DIRECTION('',(0.990307970554,0.,0.138888888889));
#16228 = CYLINDRICAL_SURFACE('',#16229,36.);
#16229 = AXIS2_PLACEMENT_3D('',#16230,#16231,#16232);
#16230 = CARTESIAN_POINT('',(0.,-78.2,-3.05E-15));
#16231 = DIRECTION('',(0.,1.,0.));
#16232 = DIRECTION('',(0.990307970554,0.,0.138888888889));
#16233 = ADVANCED_FACE('',(#16234),#16259,.T.);
#16234 = FACE_BOUND('',#16235,.F.);
#16235 = EDGE_LOOP('',(#16236,#16246,#16252,#16253));
#16236 = ORIENTED_EDGE('',*,*,#16237,.T.);
#16237 = EDGE_CURVE('',#16238,#16240,#16242,.T.);
#16238 = VERTEX_POINT('',#16239);
#16239 = CARTESIAN_POINT('',(32.6190128606,-78.2,5.));
#16240 = VERTEX_POINT('',#16241);
#16241 = CARTESIAN_POINT('',(32.6190128606,-130.,5.));
#16242 = LINE('',#16243,#16244);
#16243 = CARTESIAN_POINT('',(32.6190128606,-78.2,5.));
#16244 = VECTOR('',#16245,1.);
#16245 = DIRECTION('',(-0.,-1.,-0.));
#16246 = ORIENTED_EDGE('',*,*,#16247,.T.);
#16247 = EDGE_CURVE('',#16240,#16018,#16248,.T.);
#16248 = LINE('',#16249,#16250);
#16249 = CARTESIAN_POINT('',(32.6190128606,-130.,5.));
#16250 = VECTOR('',#16251,1.);
#16251 = DIRECTION('',(1.,0.,0.));
#16252 = ORIENTED_EDGE('',*,*,#16015,.F.);
#16253 = ORIENTED_EDGE('',*,*,#16254,.F.);
#16254 = EDGE_CURVE('',#16238,#16016,#16255,.T.);
#16255 = LINE('',#16256,#16257);
#16256 = CARTESIAN_POINT('',(32.6190128606,-78.2,5.));
#16257 = VECTOR('',#16258,1.);
#16258 = DIRECTION('',(1.,0.,0.));
#16259 = PLANE('',#16260);
#16260 = AXIS2_PLACEMENT_3D('',#16261,#16262,#16263);
#16261 = CARTESIAN_POINT('',(32.6190128606,-78.2,5.));
#16262 = DIRECTION('',(-0.,-0.,-1.));
#16263 = DIRECTION('',(-1.,0.,0.));
#16264 = ADVANCED_FACE('',(#16265),#16293,.T.);
#16265 = FACE_BOUND('',#16266,.F.);
#16266 = EDGE_LOOP('',(#16267,#16268,#16276,#16285,#16292));
#16267 = ORIENTED_EDGE('',*,*,#16042,.T.);
#16268 = ORIENTED_EDGE('',*,*,#16269,.T.);
#16269 = EDGE_CURVE('',#16035,#16270,#16272,.T.);
#16270 = VERTEX_POINT('',#16271);
#16271 = CARTESIAN_POINT('',(-32.6190128606,-78.2,5.));
#16272 = LINE('',#16273,#16274);
#16273 = CARTESIAN_POINT('',(-35.65108693995,-78.2,5.));
#16274 = VECTOR('',#16275,1.);
#16275 = DIRECTION('',(1.,0.,0.));
#16276 = ORIENTED_EDGE('',*,*,#16277,.T.);
#16277 = EDGE_CURVE('',#16270,#16278,#16280,.T.);
#16278 = VERTEX_POINT('',#16279);
#16279 = CARTESIAN_POINT('',(-1.455E-12,-78.2,33.));
#16280 = CIRCLE('',#16281,33.);
#16281 = AXIS2_PLACEMENT_3D('',#16282,#16283,#16284);
#16282 = CARTESIAN_POINT('',(0.,-78.2,2.31E-15));
#16283 = DIRECTION('',(0.,1.,-0.));
#16284 = DIRECTION('',(-0.98845493517,0.,0.151515151515));
#16285 = ORIENTED_EDGE('',*,*,#16286,.T.);
#16286 = EDGE_CURVE('',#16278,#16238,#16287,.T.);
#16287 = CIRCLE('',#16288,33.);
#16288 = AXIS2_PLACEMENT_3D('',#16289,#16290,#16291);
#16289 = CARTESIAN_POINT('',(0.,-78.2,2.31E-15));
#16290 = DIRECTION('',(0.,1.,-0.));
#16291 = DIRECTION('',(-0.98845493517,0.,0.151515151515));
#16292 = ORIENTED_EDGE('',*,*,#16254,.T.);
#16293 = PLANE('',#16294);
#16294 = AXIS2_PLACEMENT_3D('',#16295,#16296,#16297);
#16295 = CARTESIAN_POINT('',(2.29E-15,-78.2,21.627941108109));
#16296 = DIRECTION('',(0.,1.,0.));
#16297 = DIRECTION('',(0.,0.,1.));
#16298 = ADVANCED_FACE('',(#16299),#16327,.F.);
#16299 = FACE_BOUND('',#16300,.T.);
#16300 = EDGE_LOOP('',(#16301,#16302,#16310,#16319,#16326));
#16301 = ORIENTED_EDGE('',*,*,#16025,.T.);
#16302 = ORIENTED_EDGE('',*,*,#16303,.T.);
#16303 = EDGE_CURVE('',#16026,#16304,#16306,.T.);
#16304 = VERTEX_POINT('',#16305);
#16305 = CARTESIAN_POINT('',(-32.6190128606,-130.,5.));
#16306 = LINE('',#16307,#16308);
#16307 = CARTESIAN_POINT('',(-35.65108693995,-130.,5.));
#16308 = VECTOR('',#16309,1.);
#16309 = DIRECTION('',(1.,0.,0.));
#16310 = ORIENTED_EDGE('',*,*,#16311,.T.);
#16311 = EDGE_CURVE('',#16304,#16312,#16314,.T.);
#16312 = VERTEX_POINT('',#16313);
#16313 = CARTESIAN_POINT('',(-1.455E-12,-130.,33.));
#16314 = CIRCLE('',#16315,33.);
#16315 = AXIS2_PLACEMENT_3D('',#16316,#16317,#16318);
#16316 = CARTESIAN_POINT('',(0.,-130.,2.31E-15));
#16317 = DIRECTION('',(0.,1.,-0.));
#16318 = DIRECTION('',(-0.98845493517,0.,0.151515151515));
#16319 = ORIENTED_EDGE('',*,*,#16320,.T.);
#16320 = EDGE_CURVE('',#16312,#16240,#16321,.T.);
#16321 = CIRCLE('',#16322,33.);
#16322 = AXIS2_PLACEMENT_3D('',#16323,#16324,#16325);
#16323 = CARTESIAN_POINT('',(0.,-130.,2.31E-15));
#16324 = DIRECTION('',(0.,1.,-0.));
#16325 = DIRECTION('',(-0.98845493517,0.,0.151515151515));
#16326 = ORIENTED_EDGE('',*,*,#16247,.T.);
#16327 = PLANE('',#16328);
#16328 = AXIS2_PLACEMENT_3D('',#16329,#16330,#16331);
#16329 = CARTESIAN_POINT('',(2.29E-15,-130.,21.627941108109));
#16330 = DIRECTION('',(0.,1.,0.));
#16331 = DIRECTION('',(0.,0.,1.));
#16332 = ADVANCED_FACE('',(#16333),#16344,.T.);
#16333 = FACE_BOUND('',#16334,.F.);
#16334 = EDGE_LOOP('',(#16335,#16336,#16337,#16343));
#16335 = ORIENTED_EDGE('',*,*,#16034,.T.);
#16336 = ORIENTED_EDGE('',*,*,#16303,.T.);
#16337 = ORIENTED_EDGE('',*,*,#16338,.F.);
#16338 = EDGE_CURVE('',#16270,#16304,#16339,.T.);
#16339 = LINE('',#16340,#16341);
#16340 = CARTESIAN_POINT('',(-32.6190128606,-78.2,5.));
#16341 = VECTOR('',#16342,1.);
#16342 = DIRECTION('',(-0.,-1.,-0.));
#16343 = ORIENTED_EDGE('',*,*,#16269,.F.);
#16344 = PLANE('',#16345);
#16345 = AXIS2_PLACEMENT_3D('',#16346,#16347,#16348);
#16346 = CARTESIAN_POINT('',(-35.65108693995,-78.2,5.));
#16347 = DIRECTION('',(-0.,-0.,-1.));
#16348 = DIRECTION('',(-1.,0.,0.));
#16349 = ADVANCED_FACE('',(#16350),#16375,.T.);
#16350 = FACE_BOUND('',#16351,.F.);
#16351 = EDGE_LOOP('',(#16352,#16360,#16368,#16374));
#16352 = ORIENTED_EDGE('',*,*,#16353,.F.);
#16353 = EDGE_CURVE('',#16354,#16054,#16356,.T.);
#16354 = VERTEX_POINT('',#16355);
#16355 = CARTESIAN_POINT('',(-16.,-121.,29.));
#16356 = LINE('',#16357,#16358);
#16357 = CARTESIAN_POINT('',(-16.,-121.,29.));
#16358 = VECTOR('',#16359,1.);
#16359 = DIRECTION('',(0.,0.,1.));
#16360 = ORIENTED_EDGE('',*,*,#16361,.T.);
#16361 = EDGE_CURVE('',#16354,#16362,#16364,.T.);
#16362 = VERTEX_POINT('',#16363);
#16363 = CARTESIAN_POINT('',(-16.,-125.,29.));
#16364 = LINE('',#16365,#16366);
#16365 = CARTESIAN_POINT('',(-16.,-121.,29.));
#16366 = VECTOR('',#16367,1.);
#16367 = DIRECTION('',(-0.,-1.,-0.));
#16368 = ORIENTED_EDGE('',*,*,#16369,.T.);
#16369 = EDGE_CURVE('',#16362,#16052,#16370,.T.);
#16370 = LINE('',#16371,#16372);
#16371 = CARTESIAN_POINT('',(-16.,-125.,29.));
#16372 = VECTOR('',#16373,1.);
#16373 = DIRECTION('',(0.,0.,1.));
#16374 = ORIENTED_EDGE('',*,*,#16051,.T.);
#16375 = PLANE('',#16376);
#16376 = AXIS2_PLACEMENT_3D('',#16377,#16378,#16379);
#16377 = CARTESIAN_POINT('',(-16.,-121.,29.));
#16378 = DIRECTION('',(1.,0.,0.));
#16379 = DIRECTION('',(0.,0.,-1.));
#16380 = ADVANCED_FACE('',(#16381),#16416,.T.);
#16381 = FACE_BOUND('',#16382,.F.);
#16382 = EDGE_LOOP('',(#16383,#16391,#16392,#16393,#16401,#16409));
#16383 = ORIENTED_EDGE('',*,*,#16384,.F.);
#16384 = EDGE_CURVE('',#16354,#16385,#16387,.T.);
#16385 = VERTEX_POINT('',#16386);
#16386 = CARTESIAN_POINT('',(-15.74801574802,-121.,29.));
#16387 = LINE('',#16388,#16389);
#16388 = CARTESIAN_POINT('',(-16.,-121.,29.));
#16389 = VECTOR('',#16390,1.);
#16390 = DIRECTION('',(1.,0.,0.));
#16391 = ORIENTED_EDGE('',*,*,#16353,.T.);
#16392 = ORIENTED_EDGE('',*,*,#16078,.F.);
#16393 = ORIENTED_EDGE('',*,*,#16394,.F.);
#16394 = EDGE_CURVE('',#16395,#16071,#16397,.T.);
#16395 = VERTEX_POINT('',#16396);
#16396 = CARTESIAN_POINT('',(16.,-121.,29.));
#16397 = LINE('',#16398,#16399);
#16398 = CARTESIAN_POINT('',(16.,-121.,29.));
#16399 = VECTOR('',#16400,1.);
#16400 = DIRECTION('',(0.,0.,1.));
#16401 = ORIENTED_EDGE('',*,*,#16402,.F.);
#16402 = EDGE_CURVE('',#16403,#16395,#16405,.T.);
#16403 = VERTEX_POINT('',#16404);
#16404 = CARTESIAN_POINT('',(15.748015748024,-121.,29.));
#16405 = LINE('',#16406,#16407);
#16406 = CARTESIAN_POINT('',(-16.,-121.,29.));
#16407 = VECTOR('',#16408,1.);
#16408 = DIRECTION('',(1.,0.,0.));
#16409 = ORIENTED_EDGE('',*,*,#16410,.T.);
#16410 = EDGE_CURVE('',#16403,#16385,#16411,.T.);
#16411 = CIRCLE('',#16412,33.);
#16412 = AXIS2_PLACEMENT_3D('',#16413,#16414,#16415);
#16413 = CARTESIAN_POINT('',(0.,-121.,2.31E-15));
#16414 = DIRECTION('',(0.,-1.,0.));
#16415 = DIRECTION('',(-0.98845493517,0.,0.151515151515));
#16416 = PLANE('',#16417);
#16417 = AXIS2_PLACEMENT_3D('',#16418,#16419,#16420);
#16418 = CARTESIAN_POINT('',(-16.,-121.,29.));
#16419 = DIRECTION('',(-0.,-1.,-0.));
#16420 = DIRECTION('',(0.,0.,-1.));
#16421 = ADVANCED_FACE('',(#16422),#16440,.F.);
#16422 = FACE_BOUND('',#16423,.T.);
#16423 = EDGE_LOOP('',(#16424,#16425,#16433,#16439));
#16424 = ORIENTED_EDGE('',*,*,#16394,.F.);
#16425 = ORIENTED_EDGE('',*,*,#16426,.T.);
#16426 = EDGE_CURVE('',#16395,#16427,#16429,.T.);
#16427 = VERTEX_POINT('',#16428);
#16428 = CARTESIAN_POINT('',(16.,-125.,29.));
#16429 = LINE('',#16430,#16431);
#16430 = CARTESIAN_POINT('',(16.,-121.,29.));
#16431 = VECTOR('',#16432,1.);
#16432 = DIRECTION('',(-0.,-1.,-0.));
#16433 = ORIENTED_EDGE('',*,*,#16434,.T.);
#16434 = EDGE_CURVE('',#16427,#16062,#16435,.T.);
#16435 = LINE('',#16436,#16437);
#16436 = CARTESIAN_POINT('',(16.,-125.,29.));
#16437 = VECTOR('',#16438,1.);
#16438 = DIRECTION('',(0.,0.,1.));
#16439 = ORIENTED_EDGE('',*,*,#16070,.T.);
#16440 = PLANE('',#16441);
#16441 = AXIS2_PLACEMENT_3D('',#16442,#16443,#16444);
#16442 = CARTESIAN_POINT('',(16.,-121.,29.));
#16443 = DIRECTION('',(1.,0.,0.));
#16444 = DIRECTION('',(0.,0.,-1.));
#16445 = ADVANCED_FACE('',(#16446),#16474,.F.);
#16446 = FACE_BOUND('',#16447,.T.);
#16447 = EDGE_LOOP('',(#16448,#16456,#16457,#16458,#16459,#16467));
#16448 = ORIENTED_EDGE('',*,*,#16449,.F.);
#16449 = EDGE_CURVE('',#16362,#16450,#16452,.T.);
#16450 = VERTEX_POINT('',#16451);
#16451 = CARTESIAN_POINT('',(-15.74801574802,-125.,29.));
#16452 = LINE('',#16453,#16454);
#16453 = CARTESIAN_POINT('',(-16.,-125.,29.));
#16454 = VECTOR('',#16455,1.);
#16455 = DIRECTION('',(1.,0.,0.));
#16456 = ORIENTED_EDGE('',*,*,#16369,.T.);
#16457 = ORIENTED_EDGE('',*,*,#16061,.F.);
#16458 = ORIENTED_EDGE('',*,*,#16434,.F.);
#16459 = ORIENTED_EDGE('',*,*,#16460,.F.);
#16460 = EDGE_CURVE('',#16461,#16427,#16463,.T.);
#16461 = VERTEX_POINT('',#16462);
#16462 = CARTESIAN_POINT('',(15.748015748024,-125.,29.));
#16463 = LINE('',#16464,#16465);
#16464 = CARTESIAN_POINT('',(-16.,-125.,29.));
#16465 = VECTOR('',#16466,1.);
#16466 = DIRECTION('',(1.,0.,0.));
#16467 = ORIENTED_EDGE('',*,*,#16468,.T.);
#16468 = EDGE_CURVE('',#16461,#16450,#16469,.T.);
#16469 = CIRCLE('',#16470,33.);
#16470 = AXIS2_PLACEMENT_3D('',#16471,#16472,#16473);
#16471 = CARTESIAN_POINT('',(0.,-125.,2.31E-15));
#16472 = DIRECTION('',(0.,-1.,0.));
#16473 = DIRECTION('',(-0.98845493517,0.,0.151515151515));
#16474 = PLANE('',#16475);
#16475 = AXIS2_PLACEMENT_3D('',#16476,#16477,#16478);
#16476 = CARTESIAN_POINT('',(-16.,-125.,29.));
#16477 = DIRECTION('',(-0.,-1.,-0.));
#16478 = DIRECTION('',(0.,0.,-1.));
#16479 = ADVANCED_FACE('',(#16480),#16505,.T.);
#16480 = FACE_BOUND('',#16481,.F.);
#16481 = EDGE_LOOP('',(#16482,#16490,#16498,#16504));
#16482 = ORIENTED_EDGE('',*,*,#16483,.F.);
#16483 = EDGE_CURVE('',#16484,#16090,#16486,.T.);
#16484 = VERTEX_POINT('',#16485);
#16485 = CARTESIAN_POINT('',(-16.,-108.,29.));
#16486 = LINE('',#16487,#16488);
#16487 = CARTESIAN_POINT('',(-16.,-108.,29.));
#16488 = VECTOR('',#16489,1.);
#16489 = DIRECTION('',(0.,0.,1.));
#16490 = ORIENTED_EDGE('',*,*,#16491,.T.);
#16491 = EDGE_CURVE('',#16484,#16492,#16494,.T.);
#16492 = VERTEX_POINT('',#16493);
#16493 = CARTESIAN_POINT('',(-16.,-112.,29.));
#16494 = LINE('',#16495,#16496);
#16495 = CARTESIAN_POINT('',(-16.,-108.,29.));
#16496 = VECTOR('',#16497,1.);
#16497 = DIRECTION('',(-0.,-1.,-0.));
#16498 = ORIENTED_EDGE('',*,*,#16499,.T.);
#16499 = EDGE_CURVE('',#16492,#16088,#16500,.T.);
#16500 = LINE('',#16501,#16502);
#16501 = CARTESIAN_POINT('',(-16.,-112.,29.));
#16502 = VECTOR('',#16503,1.);
#16503 = DIRECTION('',(0.,0.,1.));
#16504 = ORIENTED_EDGE('',*,*,#16087,.T.);
#16505 = PLANE('',#16506);
#16506 = AXIS2_PLACEMENT_3D('',#16507,#16508,#16509);
#16507 = CARTESIAN_POINT('',(-16.,-108.,29.));
#16508 = DIRECTION('',(1.,0.,0.));
#16509 = DIRECTION('',(0.,0.,-1.));
#16510 = ADVANCED_FACE('',(#16511),#16546,.F.);
#16511 = FACE_BOUND('',#16512,.T.);
#16512 = EDGE_LOOP('',(#16513,#16521,#16522,#16523,#16531,#16539));
#16513 = ORIENTED_EDGE('',*,*,#16514,.F.);
#16514 = EDGE_CURVE('',#16492,#16515,#16517,.T.);
#16515 = VERTEX_POINT('',#16516);
#16516 = CARTESIAN_POINT('',(-15.74801574802,-112.,29.));
#16517 = LINE('',#16518,#16519);
#16518 = CARTESIAN_POINT('',(-16.,-112.,29.));
#16519 = VECTOR('',#16520,1.);
#16520 = DIRECTION('',(1.,0.,0.));
#16521 = ORIENTED_EDGE('',*,*,#16499,.T.);
#16522 = ORIENTED_EDGE('',*,*,#16097,.F.);
#16523 = ORIENTED_EDGE('',*,*,#16524,.F.);
#16524 = EDGE_CURVE('',#16525,#16098,#16527,.T.);
#16525 = VERTEX_POINT('',#16526);
#16526 = CARTESIAN_POINT('',(16.,-112.,29.));
#16527 = LINE('',#16528,#16529);
#16528 = CARTESIAN_POINT('',(16.,-112.,29.));
#16529 = VECTOR('',#16530,1.);
#16530 = DIRECTION('',(0.,0.,1.));
#16531 = ORIENTED_EDGE('',*,*,#16532,.F.);
#16532 = EDGE_CURVE('',#16533,#16525,#16535,.T.);
#16533 = VERTEX_POINT('',#16534);
#16534 = CARTESIAN_POINT('',(15.748015748024,-112.,29.));
#16535 = LINE('',#16536,#16537);
#16536 = CARTESIAN_POINT('',(-16.,-112.,29.));
#16537 = VECTOR('',#16538,1.);
#16538 = DIRECTION('',(1.,0.,0.));
#16539 = ORIENTED_EDGE('',*,*,#16540,.T.);
#16540 = EDGE_CURVE('',#16533,#16515,#16541,.T.);
#16541 = CIRCLE('',#16542,33.);
#16542 = AXIS2_PLACEMENT_3D('',#16543,#16544,#16545);
#16543 = CARTESIAN_POINT('',(0.,-112.,2.31E-15));
#16544 = DIRECTION('',(0.,-1.,0.));
#16545 = DIRECTION('',(-0.98845493517,0.,0.151515151515));
#16546 = PLANE('',#16547);
#16547 = AXIS2_PLACEMENT_3D('',#16548,#16549,#16550);
#16548 = CARTESIAN_POINT('',(-16.,-112.,29.));
#16549 = DIRECTION('',(-0.,-1.,-0.));
#16550 = DIRECTION('',(0.,0.,-1.));
#16551 = ADVANCED_FACE('',(#16552),#16587,.T.);
#16552 = FACE_BOUND('',#16553,.F.);
#16553 = EDGE_LOOP('',(#16554,#16562,#16563,#16564,#16572,#16580));
#16554 = ORIENTED_EDGE('',*,*,#16555,.F.);
#16555 = EDGE_CURVE('',#16484,#16556,#16558,.T.);
#16556 = VERTEX_POINT('',#16557);
#16557 = CARTESIAN_POINT('',(-15.74801574802,-108.,29.));
#16558 = LINE('',#16559,#16560);
#16559 = CARTESIAN_POINT('',(-16.,-108.,29.));
#16560 = VECTOR('',#16561,1.);
#16561 = DIRECTION('',(1.,0.,0.));
#16562 = ORIENTED_EDGE('',*,*,#16483,.T.);
#16563 = ORIENTED_EDGE('',*,*,#16114,.F.);
#16564 = ORIENTED_EDGE('',*,*,#16565,.F.);
#16565 = EDGE_CURVE('',#16566,#16107,#16568,.T.);
#16566 = VERTEX_POINT('',#16567);
#16567 = CARTESIAN_POINT('',(16.,-108.,29.));
#16568 = LINE('',#16569,#16570);
#16569 = CARTESIAN_POINT('',(16.,-108.,29.));
#16570 = VECTOR('',#16571,1.);
#16571 = DIRECTION('',(0.,0.,1.));
#16572 = ORIENTED_EDGE('',*,*,#16573,.F.);
#16573 = EDGE_CURVE('',#16574,#16566,#16576,.T.);
#16574 = VERTEX_POINT('',#16575);
#16575 = CARTESIAN_POINT('',(15.748015748024,-108.,29.));
#16576 = LINE('',#16577,#16578);
#16577 = CARTESIAN_POINT('',(-16.,-108.,29.));
#16578 = VECTOR('',#16579,1.);
#16579 = DIRECTION('',(1.,0.,0.));
#16580 = ORIENTED_EDGE('',*,*,#16581,.T.);
#16581 = EDGE_CURVE('',#16574,#16556,#16582,.T.);
#16582 = CIRCLE('',#16583,33.);
#16583 = AXIS2_PLACEMENT_3D('',#16584,#16585,#16586);
#16584 = CARTESIAN_POINT('',(0.,-108.,2.31E-15));
#16585 = DIRECTION('',(0.,-1.,0.));
#16586 = DIRECTION('',(-0.98845493517,0.,0.151515151515));
#16587 = PLANE('',#16588);
#16588 = AXIS2_PLACEMENT_3D('',#16589,#16590,#16591);
#16589 = CARTESIAN_POINT('',(-16.,-108.,29.));
#16590 = DIRECTION('',(-0.,-1.,-0.));
#16591 = DIRECTION('',(0.,0.,-1.));
#16592 = ADVANCED_FACE('',(#16593),#16604,.F.);
#16593 = FACE_BOUND('',#16594,.T.);
#16594 = EDGE_LOOP('',(#16595,#16596,#16602,#16603));
#16595 = ORIENTED_EDGE('',*,*,#16565,.F.);
#16596 = ORIENTED_EDGE('',*,*,#16597,.T.);
#16597 = EDGE_CURVE('',#16566,#16525,#16598,.T.);
#16598 = LINE('',#16599,#16600);
#16599 = CARTESIAN_POINT('',(16.,-108.,29.));
#16600 = VECTOR('',#16601,1.);
#16601 = DIRECTION('',(-0.,-1.,-0.));
#16602 = ORIENTED_EDGE('',*,*,#16524,.T.);
#16603 = ORIENTED_EDGE('',*,*,#16106,.T.);
#16604 = PLANE('',#16605);
#16605 = AXIS2_PLACEMENT_3D('',#16606,#16607,#16608);
#16606 = CARTESIAN_POINT('',(16.,-108.,29.));
#16607 = DIRECTION('',(1.,0.,0.));
#16608 = DIRECTION('',(0.,0.,-1.));
#16609 = ADVANCED_FACE('',(#16610),#16637,.T.);
#16610 = FACE_BOUND('',#16611,.T.);
#16611 = EDGE_LOOP('',(#16612,#16621,#16622,#16631));
#16612 = ORIENTED_EDGE('',*,*,#16613,.F.);
#16613 = EDGE_CURVE('',#16126,#16614,#16616,.T.);
#16614 = VERTEX_POINT('',#16615);
#16615 = CARTESIAN_POINT('',(24.450859114056,-86.,31.033539506104));
#16616 = CIRCLE('',#16617,7.);
#16617 = AXIS2_PLACEMENT_3D('',#16618,#16619,#16620);
#16618 = CARTESIAN_POINT('',(28.,-86.,25.));
#16619 = DIRECTION('',(0.,1.,0.));
#16620 = DIRECTION('',(0.507020126563,0.,-0.861934215158));
#16621 = ORIENTED_EDGE('',*,*,#16123,.F.);
#16622 = ORIENTED_EDGE('',*,*,#16623,.T.);
#16623 = EDGE_CURVE('',#16124,#16624,#16626,.T.);
#16624 = VERTEX_POINT('',#16625);
#16625 = CARTESIAN_POINT('',(24.450859114056,-89.,31.033539506104));
#16626 = CIRCLE('',#16627,7.);
#16627 = AXIS2_PLACEMENT_3D('',#16628,#16629,#16630);
#16628 = CARTESIAN_POINT('',(28.,-89.,25.));
#16629 = DIRECTION('',(0.,1.,0.));
#16630 = DIRECTION('',(0.507020126563,0.,-0.861934215158));
#16631 = ORIENTED_EDGE('',*,*,#16632,.F.);
#16632 = EDGE_CURVE('',#16614,#16624,#16633,.T.);
#16633 = LINE('',#16634,#16635);
#16634 = CARTESIAN_POINT('',(24.450859114056,-86.,31.033539506104));
#16635 = VECTOR('',#16636,1.);
#16636 = DIRECTION('',(-0.,-1.,-0.));
#16637 = CYLINDRICAL_SURFACE('',#16638,7.);
#16638 = AXIS2_PLACEMENT_3D('',#16639,#16640,#16641);
#16639 = CARTESIAN_POINT('',(28.,-86.,25.));
#16640 = DIRECTION('',(0.,1.,0.));
#16641 = DIRECTION('',(0.507020126563,0.,-0.861934215158));
#16642 = ADVANCED_FACE('',(#16643,#16688),#16699,.T.);
#16643 = FACE_BOUND('',#16644,.F.);
#16644 = EDGE_LOOP('',(#16645,#16646,#16654,#16663,#16672,#16680,#16687)
  );
#16645 = ORIENTED_EDGE('',*,*,#16623,.T.);
#16646 = ORIENTED_EDGE('',*,*,#16647,.T.);
#16647 = EDGE_CURVE('',#16624,#16648,#16650,.T.);
#16648 = VERTEX_POINT('',#16649);
#16649 = CARTESIAN_POINT('',(37.294762839091,-89.,38.588776991419));
#16650 = LINE('',#16651,#16652);
#16651 = CARTESIAN_POINT('',(24.450859114056,-89.,31.033539506104));
#16652 = VECTOR('',#16653,1.);
#16653 = DIRECTION('',(0.861934215158,0.,0.507020126563));
#16654 = ORIENTED_EDGE('',*,*,#16655,.T.);
#16655 = EDGE_CURVE('',#16648,#16656,#16658,.T.);
#16656 = VERTEX_POINT('',#16657);
#16657 = CARTESIAN_POINT('',(45.,-89.,43.5));
#16658 = CIRCLE('',#16659,8.5);
#16659 = AXIS2_PLACEMENT_3D('',#16660,#16661,#16662);
#16660 = CARTESIAN_POINT('',(45.,-89.,35.));
#16661 = DIRECTION('',(0.,1.,0.));
#16662 = DIRECTION('',(0.,0.,1.));
#16663 = ORIENTED_EDGE('',*,*,#16664,.T.);
#16664 = EDGE_CURVE('',#16656,#16665,#16667,.T.);
#16665 = VERTEX_POINT('',#16666);
#16666 = CARTESIAN_POINT('',(44.393044610978,-89.,26.52169797921));
#16667 = CIRCLE('',#16668,8.5);
#16668 = AXIS2_PLACEMENT_3D('',#16669,#16670,#16671);
#16669 = CARTESIAN_POINT('',(45.,-89.,35.));
#16670 = DIRECTION('',(0.,1.,0.));
#16671 = DIRECTION('',(0.,0.,1.));
#16672 = ORIENTED_EDGE('',*,*,#16673,.T.);
#16673 = EDGE_CURVE('',#16665,#16674,#16676,.T.);
#16674 = VERTEX_POINT('',#16675);
#16675 = CARTESIAN_POINT('',(31.549140885944,-89.,18.966460493896));
#16676 = LINE('',#16677,#16678);
#16677 = CARTESIAN_POINT('',(48.549140885944,-89.,28.966460493896));
#16678 = VECTOR('',#16679,1.);
#16679 = DIRECTION('',(-0.861934215158,-0.,-0.507020126563));
#16680 = ORIENTED_EDGE('',*,*,#16681,.T.);
#16681 = EDGE_CURVE('',#16674,#16134,#16682,.T.);
#16682 = CIRCLE('',#16683,7.);
#16683 = AXIS2_PLACEMENT_3D('',#16684,#16685,#16686);
#16684 = CARTESIAN_POINT('',(28.,-89.,25.));
#16685 = DIRECTION('',(0.,1.,0.));
#16686 = DIRECTION('',(0.507020126563,0.,-0.861934215158));
#16687 = ORIENTED_EDGE('',*,*,#16133,.T.);
#16688 = FACE_BOUND('',#16689,.F.);
#16689 = EDGE_LOOP('',(#16690));
#16690 = ORIENTED_EDGE('',*,*,#16691,.F.);
#16691 = EDGE_CURVE('',#16692,#16692,#16694,.T.);
#16692 = VERTEX_POINT('',#16693);
#16693 = CARTESIAN_POINT('',(45.,-89.,36.7));
#16694 = CIRCLE('',#16695,1.7);
#16695 = AXIS2_PLACEMENT_3D('',#16696,#16697,#16698);
#16696 = CARTESIAN_POINT('',(45.,-89.,35.));
#16697 = DIRECTION('',(0.,1.,0.));
#16698 = DIRECTION('',(0.,0.,1.));
#16699 = PLANE('',#16700);
#16700 = AXIS2_PLACEMENT_3D('',#16701,#16702,#16703);
#16701 = CARTESIAN_POINT('',(38.184385337826,-89.,31.311066245359));
#16702 = DIRECTION('',(-0.,-1.,-0.));
#16703 = DIRECTION('',(0.,0.,-1.));
#16704 = ADVANCED_FACE('',(#16705,#16750),#16761,.T.);
#16705 = FACE_BOUND('',#16706,.F.);
#16706 = EDGE_LOOP('',(#16707,#16708,#16709,#16718,#16726,#16735,#16744)
  );
#16707 = ORIENTED_EDGE('',*,*,#16613,.F.);
#16708 = ORIENTED_EDGE('',*,*,#16150,.F.);
#16709 = ORIENTED_EDGE('',*,*,#16710,.F.);
#16710 = EDGE_CURVE('',#16711,#16143,#16713,.T.);
#16711 = VERTEX_POINT('',#16712);
#16712 = CARTESIAN_POINT('',(31.549140885944,-86.,18.966460493896));
#16713 = CIRCLE('',#16714,7.);
#16714 = AXIS2_PLACEMENT_3D('',#16715,#16716,#16717);
#16715 = CARTESIAN_POINT('',(28.,-86.,25.));
#16716 = DIRECTION('',(0.,1.,0.));
#16717 = DIRECTION('',(0.507020126563,0.,-0.861934215158));
#16718 = ORIENTED_EDGE('',*,*,#16719,.F.);
#16719 = EDGE_CURVE('',#16720,#16711,#16722,.T.);
#16720 = VERTEX_POINT('',#16721);
#16721 = CARTESIAN_POINT('',(44.393044610978,-86.,26.52169797921));
#16722 = LINE('',#16723,#16724);
#16723 = CARTESIAN_POINT('',(48.549140885944,-86.,28.966460493896));
#16724 = VECTOR('',#16725,1.);
#16725 = DIRECTION('',(-0.861934215158,-0.,-0.507020126563));
#16726 = ORIENTED_EDGE('',*,*,#16727,.F.);
#16727 = EDGE_CURVE('',#16728,#16720,#16730,.T.);
#16728 = VERTEX_POINT('',#16729);
#16729 = CARTESIAN_POINT('',(45.,-86.,43.5));
#16730 = CIRCLE('',#16731,8.5);
#16731 = AXIS2_PLACEMENT_3D('',#16732,#16733,#16734);
#16732 = CARTESIAN_POINT('',(45.,-86.,35.));
#16733 = DIRECTION('',(0.,1.,0.));
#16734 = DIRECTION('',(0.,0.,1.));
#16735 = ORIENTED_EDGE('',*,*,#16736,.F.);
#16736 = EDGE_CURVE('',#16737,#16728,#16739,.T.);
#16737 = VERTEX_POINT('',#16738);
#16738 = CARTESIAN_POINT('',(37.294762839091,-86.,38.588776991419));
#16739 = CIRCLE('',#16740,8.5);
#16740 = AXIS2_PLACEMENT_3D('',#16741,#16742,#16743);
#16741 = CARTESIAN_POINT('',(45.,-86.,35.));
#16742 = DIRECTION('',(0.,1.,0.));
#16743 = DIRECTION('',(0.,0.,1.));
#16744 = ORIENTED_EDGE('',*,*,#16745,.F.);
#16745 = EDGE_CURVE('',#16614,#16737,#16746,.T.);
#16746 = LINE('',#16747,#16748);
#16747 = CARTESIAN_POINT('',(24.450859114056,-86.,31.033539506104));
#16748 = VECTOR('',#16749,1.);
#16749 = DIRECTION('',(0.861934215158,0.,0.507020126563));
#16750 = FACE_BOUND('',#16751,.F.);
#16751 = EDGE_LOOP('',(#16752));
#16752 = ORIENTED_EDGE('',*,*,#16753,.T.);
#16753 = EDGE_CURVE('',#16754,#16754,#16756,.T.);
#16754 = VERTEX_POINT('',#16755);
#16755 = CARTESIAN_POINT('',(45.,-86.,36.7));
#16756 = CIRCLE('',#16757,1.7);
#16757 = AXIS2_PLACEMENT_3D('',#16758,#16759,#16760);
#16758 = CARTESIAN_POINT('',(45.,-86.,35.));
#16759 = DIRECTION('',(0.,1.,0.));
#16760 = DIRECTION('',(0.,0.,1.));
#16761 = PLANE('',#16762);
#16762 = AXIS2_PLACEMENT_3D('',#16763,#16764,#16765);
#16763 = CARTESIAN_POINT('',(38.184385337826,-86.,31.311066245359));
#16764 = DIRECTION('',(0.,1.,0.));
#16765 = DIRECTION('',(0.,0.,1.));
#16766 = ADVANCED_FACE('',(#16767),#16778,.T.);
#16767 = FACE_BOUND('',#16768,.T.);
#16768 = EDGE_LOOP('',(#16769,#16770,#16776,#16777));
#16769 = ORIENTED_EDGE('',*,*,#16710,.F.);
#16770 = ORIENTED_EDGE('',*,*,#16771,.T.);
#16771 = EDGE_CURVE('',#16711,#16674,#16772,.T.);
#16772 = LINE('',#16773,#16774);
#16773 = CARTESIAN_POINT('',(31.549140885944,-86.,18.966460493896));
#16774 = VECTOR('',#16775,1.);
#16775 = DIRECTION('',(-0.,-1.,-0.));
#16776 = ORIENTED_EDGE('',*,*,#16681,.T.);
#16777 = ORIENTED_EDGE('',*,*,#16142,.T.);
#16778 = CYLINDRICAL_SURFACE('',#16779,7.);
#16779 = AXIS2_PLACEMENT_3D('',#16780,#16781,#16782);
#16780 = CARTESIAN_POINT('',(28.,-86.,25.));
#16781 = DIRECTION('',(0.,1.,0.));
#16782 = DIRECTION('',(0.507020126563,0.,-0.861934215158));
#16783 = ADVANCED_FACE('',(#16784),#16809,.T.);
#16784 = FACE_BOUND('',#16785,.F.);
#16785 = EDGE_LOOP('',(#16786,#16794,#16802,#16808));
#16786 = ORIENTED_EDGE('',*,*,#16787,.F.);
#16787 = EDGE_CURVE('',#16788,#16162,#16790,.T.);
#16788 = VERTEX_POINT('',#16789);
#16789 = CARTESIAN_POINT('',(-16.,-94.,29.));
#16790 = LINE('',#16791,#16792);
#16791 = CARTESIAN_POINT('',(-16.,-94.,29.));
#16792 = VECTOR('',#16793,1.);
#16793 = DIRECTION('',(0.,0.,1.));
#16794 = ORIENTED_EDGE('',*,*,#16795,.T.);
#16795 = EDGE_CURVE('',#16788,#16796,#16798,.T.);
#16796 = VERTEX_POINT('',#16797);
#16797 = CARTESIAN_POINT('',(-16.,-98.,29.));
#16798 = LINE('',#16799,#16800);
#16799 = CARTESIAN_POINT('',(-16.,-94.,29.));
#16800 = VECTOR('',#16801,1.);
#16801 = DIRECTION('',(-0.,-1.,-0.));
#16802 = ORIENTED_EDGE('',*,*,#16803,.T.);
#16803 = EDGE_CURVE('',#16796,#16160,#16804,.T.);
#16804 = LINE('',#16805,#16806);
#16805 = CARTESIAN_POINT('',(-16.,-98.,29.));
#16806 = VECTOR('',#16807,1.);
#16807 = DIRECTION('',(0.,0.,1.));
#16808 = ORIENTED_EDGE('',*,*,#16159,.T.);
#16809 = PLANE('',#16810);
#16810 = AXIS2_PLACEMENT_3D('',#16811,#16812,#16813);
#16811 = CARTESIAN_POINT('',(-16.,-94.,29.));
#16812 = DIRECTION('',(1.,0.,0.));
#16813 = DIRECTION('',(0.,0.,-1.));
#16814 = ADVANCED_FACE('',(#16815),#16850,.F.);
#16815 = FACE_BOUND('',#16816,.T.);
#16816 = EDGE_LOOP('',(#16817,#16825,#16826,#16827,#16835,#16843));
#16817 = ORIENTED_EDGE('',*,*,#16818,.F.);
#16818 = EDGE_CURVE('',#16796,#16819,#16821,.T.);
#16819 = VERTEX_POINT('',#16820);
#16820 = CARTESIAN_POINT('',(-15.74801574802,-98.,29.));
#16821 = LINE('',#16822,#16823);
#16822 = CARTESIAN_POINT('',(-16.,-98.,29.));
#16823 = VECTOR('',#16824,1.);
#16824 = DIRECTION('',(1.,0.,0.));
#16825 = ORIENTED_EDGE('',*,*,#16803,.T.);
#16826 = ORIENTED_EDGE('',*,*,#16169,.F.);
#16827 = ORIENTED_EDGE('',*,*,#16828,.F.);
#16828 = EDGE_CURVE('',#16829,#16170,#16831,.T.);
#16829 = VERTEX_POINT('',#16830);
#16830 = CARTESIAN_POINT('',(16.,-98.,29.));
#16831 = LINE('',#16832,#16833);
#16832 = CARTESIAN_POINT('',(16.,-98.,29.));
#16833 = VECTOR('',#16834,1.);
#16834 = DIRECTION('',(0.,0.,1.));
#16835 = ORIENTED_EDGE('',*,*,#16836,.F.);
#16836 = EDGE_CURVE('',#16837,#16829,#16839,.T.);
#16837 = VERTEX_POINT('',#16838);
#16838 = CARTESIAN_POINT('',(15.748015748024,-98.,29.));
#16839 = LINE('',#16840,#16841);
#16840 = CARTESIAN_POINT('',(-16.,-98.,29.));
#16841 = VECTOR('',#16842,1.);
#16842 = DIRECTION('',(1.,0.,0.));
#16843 = ORIENTED_EDGE('',*,*,#16844,.T.);
#16844 = EDGE_CURVE('',#16837,#16819,#16845,.T.);
#16845 = CIRCLE('',#16846,33.);
#16846 = AXIS2_PLACEMENT_3D('',#16847,#16848,#16849);
#16847 = CARTESIAN_POINT('',(0.,-98.,2.31E-15));
#16848 = DIRECTION('',(0.,-1.,0.));
#16849 = DIRECTION('',(-0.98845493517,0.,0.151515151515));
#16850 = PLANE('',#16851);
#16851 = AXIS2_PLACEMENT_3D('',#16852,#16853,#16854);
#16852 = CARTESIAN_POINT('',(-16.,-98.,29.));
#16853 = DIRECTION('',(-0.,-1.,-0.));
#16854 = DIRECTION('',(0.,0.,-1.));
#16855 = ADVANCED_FACE('',(#16856),#16891,.T.);
#16856 = FACE_BOUND('',#16857,.F.);
#16857 = EDGE_LOOP('',(#16858,#16866,#16867,#16868,#16876,#16884));
#16858 = ORIENTED_EDGE('',*,*,#16859,.F.);
#16859 = EDGE_CURVE('',#16788,#16860,#16862,.T.);
#16860 = VERTEX_POINT('',#16861);
#16861 = CARTESIAN_POINT('',(-15.74801574802,-94.,29.));
#16862 = LINE('',#16863,#16864);
#16863 = CARTESIAN_POINT('',(-16.,-94.,29.));
#16864 = VECTOR('',#16865,1.);
#16865 = DIRECTION('',(1.,0.,0.));
#16866 = ORIENTED_EDGE('',*,*,#16787,.T.);
#16867 = ORIENTED_EDGE('',*,*,#16186,.F.);
#16868 = ORIENTED_EDGE('',*,*,#16869,.F.);
#16869 = EDGE_CURVE('',#16870,#16179,#16872,.T.);
#16870 = VERTEX_POINT('',#16871);
#16871 = CARTESIAN_POINT('',(16.,-94.,29.));
#16872 = LINE('',#16873,#16874);
#16873 = CARTESIAN_POINT('',(16.,-94.,29.));
#16874 = VECTOR('',#16875,1.);
#16875 = DIRECTION('',(0.,0.,1.));
#16876 = ORIENTED_EDGE('',*,*,#16877,.F.);
#16877 = EDGE_CURVE('',#16878,#16870,#16880,.T.);
#16878 = VERTEX_POINT('',#16879);
#16879 = CARTESIAN_POINT('',(15.748015748024,-94.,29.));
#16880 = LINE('',#16881,#16882);
#16881 = CARTESIAN_POINT('',(-16.,-94.,29.));
#16882 = VECTOR('',#16883,1.);
#16883 = DIRECTION('',(1.,0.,0.));
#16884 = ORIENTED_EDGE('',*,*,#16885,.T.);
#16885 = EDGE_CURVE('',#16878,#16860,#16886,.T.);
#16886 = CIRCLE('',#16887,33.);
#16887 = AXIS2_PLACEMENT_3D('',#16888,#16889,#16890);
#16888 = CARTESIAN_POINT('',(0.,-94.,2.31E-15));
#16889 = DIRECTION('',(0.,-1.,0.));
#16890 = DIRECTION('',(-0.98845493517,0.,0.151515151515));
#16891 = PLANE('',#16892);
#16892 = AXIS2_PLACEMENT_3D('',#16893,#16894,#16895);
#16893 = CARTESIAN_POINT('',(-16.,-94.,29.));
#16894 = DIRECTION('',(-0.,-1.,-0.));
#16895 = DIRECTION('',(0.,0.,-1.));
#16896 = ADVANCED_FACE('',(#16897),#16908,.F.);
#16897 = FACE_BOUND('',#16898,.T.);
#16898 = EDGE_LOOP('',(#16899,#16900,#16906,#16907));
#16899 = ORIENTED_EDGE('',*,*,#16869,.F.);
#16900 = ORIENTED_EDGE('',*,*,#16901,.T.);
#16901 = EDGE_CURVE('',#16870,#16829,#16902,.T.);
#16902 = LINE('',#16903,#16904);
#16903 = CARTESIAN_POINT('',(16.,-94.,29.));
#16904 = VECTOR('',#16905,1.);
#16905 = DIRECTION('',(-0.,-1.,-0.));
#16906 = ORIENTED_EDGE('',*,*,#16828,.T.);
#16907 = ORIENTED_EDGE('',*,*,#16178,.T.);
#16908 = PLANE('',#16909);
#16909 = AXIS2_PLACEMENT_3D('',#16910,#16911,#16912);
#16910 = CARTESIAN_POINT('',(16.,-94.,29.));
#16911 = DIRECTION('',(1.,0.,0.));
#16912 = DIRECTION('',(0.,0.,-1.));
#16913 = ADVANCED_FACE('',(#16914),#16941,.T.);
#16914 = FACE_BOUND('',#16915,.T.);
#16915 = EDGE_LOOP('',(#16916,#16925,#16926,#16935));
#16916 = ORIENTED_EDGE('',*,*,#16917,.F.);
#16917 = EDGE_CURVE('',#16198,#16918,#16920,.T.);
#16918 = VERTEX_POINT('',#16919);
#16919 = CARTESIAN_POINT('',(-31.54914088594,-86.,18.966460493896));
#16920 = CIRCLE('',#16921,7.);
#16921 = AXIS2_PLACEMENT_3D('',#16922,#16923,#16924);
#16922 = CARTESIAN_POINT('',(-28.,-86.,25.));
#16923 = DIRECTION('',(-0.,1.,0.));
#16924 = DIRECTION('',(0.507020126563,0.,0.861934215158));
#16925 = ORIENTED_EDGE('',*,*,#16195,.F.);
#16926 = ORIENTED_EDGE('',*,*,#16927,.T.);
#16927 = EDGE_CURVE('',#16196,#16928,#16930,.T.);
#16928 = VERTEX_POINT('',#16929);
#16929 = CARTESIAN_POINT('',(-31.54914088594,-89.,18.966460493896));
#16930 = CIRCLE('',#16931,7.);
#16931 = AXIS2_PLACEMENT_3D('',#16932,#16933,#16934);
#16932 = CARTESIAN_POINT('',(-28.,-89.,25.));
#16933 = DIRECTION('',(-0.,1.,0.));
#16934 = DIRECTION('',(0.507020126563,0.,0.861934215158));
#16935 = ORIENTED_EDGE('',*,*,#16936,.F.);
#16936 = EDGE_CURVE('',#16918,#16928,#16937,.T.);
#16937 = LINE('',#16938,#16939);
#16938 = CARTESIAN_POINT('',(-31.54914088594,-86.,18.966460493896));
#16939 = VECTOR('',#16940,1.);
#16940 = DIRECTION('',(-0.,-1.,-0.));
#16941 = CYLINDRICAL_SURFACE('',#16942,7.);
#16942 = AXIS2_PLACEMENT_3D('',#16943,#16944,#16945);
#16943 = CARTESIAN_POINT('',(-28.,-86.,25.));
#16944 = DIRECTION('',(0.,1.,0.));
#16945 = DIRECTION('',(0.507020126563,0.,0.861934215158));
#16946 = ADVANCED_FACE('',(#16947,#16992),#17003,.T.);
#16947 = FACE_BOUND('',#16948,.F.);
#16948 = EDGE_LOOP('',(#16949,#16950,#16958,#16967,#16976,#16984,#16991)
  );
#16949 = ORIENTED_EDGE('',*,*,#16927,.T.);
#16950 = ORIENTED_EDGE('',*,*,#16951,.T.);
#16951 = EDGE_CURVE('',#16928,#16952,#16954,.T.);
#16952 = VERTEX_POINT('',#16953);
#16953 = CARTESIAN_POINT('',(-44.39304461097,-89.,26.52169797921));
#16954 = LINE('',#16955,#16956);
#16955 = CARTESIAN_POINT('',(-31.54914088594,-89.,18.966460493896));
#16956 = VECTOR('',#16957,1.);
#16957 = DIRECTION('',(-0.861934215158,0.,0.507020126563));
#16958 = ORIENTED_EDGE('',*,*,#16959,.T.);
#16959 = EDGE_CURVE('',#16952,#16960,#16962,.T.);
#16960 = VERTEX_POINT('',#16961);
#16961 = CARTESIAN_POINT('',(-45.,-89.,43.5));
#16962 = CIRCLE('',#16963,8.5);
#16963 = AXIS2_PLACEMENT_3D('',#16964,#16965,#16966);
#16964 = CARTESIAN_POINT('',(-45.,-89.,35.));
#16965 = DIRECTION('',(0.,1.,0.));
#16966 = DIRECTION('',(0.,0.,1.));
#16967 = ORIENTED_EDGE('',*,*,#16968,.T.);
#16968 = EDGE_CURVE('',#16960,#16969,#16971,.T.);
#16969 = VERTEX_POINT('',#16970);
#16970 = CARTESIAN_POINT('',(-37.29476283909,-89.,38.588776991419));
#16971 = CIRCLE('',#16972,8.5);
#16972 = AXIS2_PLACEMENT_3D('',#16973,#16974,#16975);
#16973 = CARTESIAN_POINT('',(-45.,-89.,35.));
#16974 = DIRECTION('',(0.,1.,0.));
#16975 = DIRECTION('',(0.,0.,1.));
#16976 = ORIENTED_EDGE('',*,*,#16977,.T.);
#16977 = EDGE_CURVE('',#16969,#16978,#16980,.T.);
#16978 = VERTEX_POINT('',#16979);
#16979 = CARTESIAN_POINT('',(-24.45085911405,-89.,31.033539506104));
#16980 = LINE('',#16981,#16982);
#16981 = CARTESIAN_POINT('',(-41.45085911405,-89.,41.033539506104));
#16982 = VECTOR('',#16983,1.);
#16983 = DIRECTION('',(0.861934215158,0.,-0.507020126563));
#16984 = ORIENTED_EDGE('',*,*,#16985,.T.);
#16985 = EDGE_CURVE('',#16978,#16206,#16986,.T.);
#16986 = CIRCLE('',#16987,7.);
#16987 = AXIS2_PLACEMENT_3D('',#16988,#16989,#16990);
#16988 = CARTESIAN_POINT('',(-28.,-89.,25.));
#16989 = DIRECTION('',(-0.,1.,0.));
#16990 = DIRECTION('',(0.507020126563,0.,0.861934215158));
#16991 = ORIENTED_EDGE('',*,*,#16205,.T.);
#16992 = FACE_BOUND('',#16993,.F.);
#16993 = EDGE_LOOP('',(#16994));
#16994 = ORIENTED_EDGE('',*,*,#16995,.F.);
#16995 = EDGE_CURVE('',#16996,#16996,#16998,.T.);
#16996 = VERTEX_POINT('',#16997);
#16997 = CARTESIAN_POINT('',(-45.,-89.,36.7));
#16998 = CIRCLE('',#16999,1.7);
#16999 = AXIS2_PLACEMENT_3D('',#17000,#17001,#17002);
#17000 = CARTESIAN_POINT('',(-45.,-89.,35.));
#17001 = DIRECTION('',(0.,1.,0.));
#17002 = DIRECTION('',(0.,0.,1.));
#17003 = PLANE('',#17004);
#17004 = AXIS2_PLACEMENT_3D('',#17005,#17006,#17007);
#17005 = CARTESIAN_POINT('',(-38.18438533782,-89.,31.311066245359));
#17006 = DIRECTION('',(-0.,-1.,-0.));
#17007 = DIRECTION('',(0.,0.,-1.));
#17008 = ADVANCED_FACE('',(#17009,#17054),#17065,.T.);
#17009 = FACE_BOUND('',#17010,.F.);
#17010 = EDGE_LOOP('',(#17011,#17012,#17013,#17022,#17030,#17039,#17048)
  );
#17011 = ORIENTED_EDGE('',*,*,#16917,.F.);
#17012 = ORIENTED_EDGE('',*,*,#16222,.F.);
#17013 = ORIENTED_EDGE('',*,*,#17014,.F.);
#17014 = EDGE_CURVE('',#17015,#16215,#17017,.T.);
#17015 = VERTEX_POINT('',#17016);
#17016 = CARTESIAN_POINT('',(-24.45085911405,-86.,31.033539506104));
#17017 = CIRCLE('',#17018,7.);
#17018 = AXIS2_PLACEMENT_3D('',#17019,#17020,#17021);
#17019 = CARTESIAN_POINT('',(-28.,-86.,25.));
#17020 = DIRECTION('',(-0.,1.,0.));
#17021 = DIRECTION('',(0.507020126563,0.,0.861934215158));
#17022 = ORIENTED_EDGE('',*,*,#17023,.F.);
#17023 = EDGE_CURVE('',#17024,#17015,#17026,.T.);
#17024 = VERTEX_POINT('',#17025);
#17025 = CARTESIAN_POINT('',(-37.29476283909,-86.,38.588776991419));
#17026 = LINE('',#17027,#17028);
#17027 = CARTESIAN_POINT('',(-41.45085911405,-86.,41.033539506104));
#17028 = VECTOR('',#17029,1.);
#17029 = DIRECTION('',(0.861934215158,0.,-0.507020126563));
#17030 = ORIENTED_EDGE('',*,*,#17031,.F.);
#17031 = EDGE_CURVE('',#17032,#17024,#17034,.T.);
#17032 = VERTEX_POINT('',#17033);
#17033 = CARTESIAN_POINT('',(-45.,-86.,43.5));
#17034 = CIRCLE('',#17035,8.5);
#17035 = AXIS2_PLACEMENT_3D('',#17036,#17037,#17038);
#17036 = CARTESIAN_POINT('',(-45.,-86.,35.));
#17037 = DIRECTION('',(0.,1.,0.));
#17038 = DIRECTION('',(0.,0.,1.));
#17039 = ORIENTED_EDGE('',*,*,#17040,.F.);
#17040 = EDGE_CURVE('',#17041,#17032,#17043,.T.);
#17041 = VERTEX_POINT('',#17042);
#17042 = CARTESIAN_POINT('',(-44.39304461097,-86.,26.52169797921));
#17043 = CIRCLE('',#17044,8.5);
#17044 = AXIS2_PLACEMENT_3D('',#17045,#17046,#17047);
#17045 = CARTESIAN_POINT('',(-45.,-86.,35.));
#17046 = DIRECTION('',(0.,1.,0.));
#17047 = DIRECTION('',(0.,0.,1.));
#17048 = ORIENTED_EDGE('',*,*,#17049,.F.);
#17049 = EDGE_CURVE('',#16918,#17041,#17050,.T.);
#17050 = LINE('',#17051,#17052);
#17051 = CARTESIAN_POINT('',(-31.54914088594,-86.,18.966460493896));
#17052 = VECTOR('',#17053,1.);
#17053 = DIRECTION('',(-0.861934215158,0.,0.507020126563));
#17054 = FACE_BOUND('',#17055,.F.);
#17055 = EDGE_LOOP('',(#17056));
#17056 = ORIENTED_EDGE('',*,*,#17057,.T.);
#17057 = EDGE_CURVE('',#17058,#17058,#17060,.T.);
#17058 = VERTEX_POINT('',#17059);
#17059 = CARTESIAN_POINT('',(-45.,-86.,36.7));
#17060 = CIRCLE('',#17061,1.7);
#17061 = AXIS2_PLACEMENT_3D('',#17062,#17063,#17064);
#17062 = CARTESIAN_POINT('',(-45.,-86.,35.));
#17063 = DIRECTION('',(0.,1.,0.));
#17064 = DIRECTION('',(0.,0.,1.));
#17065 = PLANE('',#17066);
#17066 = AXIS2_PLACEMENT_3D('',#17067,#17068,#17069);
#17067 = CARTESIAN_POINT('',(-38.18438533782,-86.,31.311066245359));
#17068 = DIRECTION('',(0.,1.,0.));
#17069 = DIRECTION('',(0.,0.,1.));
#17070 = ADVANCED_FACE('',(#17071),#17082,.T.);
#17071 = FACE_BOUND('',#17072,.T.);
#17072 = EDGE_LOOP('',(#17073,#17074,#17080,#17081));
#17073 = ORIENTED_EDGE('',*,*,#17014,.F.);
#17074 = ORIENTED_EDGE('',*,*,#17075,.T.);
#17075 = EDGE_CURVE('',#17015,#16978,#17076,.T.);
#17076 = LINE('',#17077,#17078);
#17077 = CARTESIAN_POINT('',(-24.45085911405,-86.,31.033539506104));
#17078 = VECTOR('',#17079,1.);
#17079 = DIRECTION('',(-0.,-1.,-0.));
#17080 = ORIENTED_EDGE('',*,*,#16985,.T.);
#17081 = ORIENTED_EDGE('',*,*,#16214,.T.);
#17082 = CYLINDRICAL_SURFACE('',#17083,7.);
#17083 = AXIS2_PLACEMENT_3D('',#17084,#17085,#17086);
#17084 = CARTESIAN_POINT('',(-28.,-86.,25.));
#17085 = DIRECTION('',(0.,1.,0.));
#17086 = DIRECTION('',(0.507020126563,0.,0.861934215158));
#17087 = ADVANCED_FACE('',(#17088,#17096,#17112,#17128),#17144,.F.);
#17088 = FACE_BOUND('',#17089,.F.);
#17089 = EDGE_LOOP('',(#17090,#17091,#17092,#17093,#17094,#17095));
#17090 = ORIENTED_EDGE('',*,*,#16338,.T.);
#17091 = ORIENTED_EDGE('',*,*,#16311,.T.);
#17092 = ORIENTED_EDGE('',*,*,#16320,.T.);
#17093 = ORIENTED_EDGE('',*,*,#16237,.F.);
#17094 = ORIENTED_EDGE('',*,*,#16286,.F.);
#17095 = ORIENTED_EDGE('',*,*,#16277,.F.);
#17096 = FACE_BOUND('',#17097,.F.);
#17097 = EDGE_LOOP('',(#17098,#17099,#17105,#17106));
#17098 = ORIENTED_EDGE('',*,*,#16410,.F.);
#17099 = ORIENTED_EDGE('',*,*,#17100,.F.);
#17100 = EDGE_CURVE('',#16461,#16403,#17101,.T.);
#17101 = LINE('',#17102,#17103);
#17102 = CARTESIAN_POINT('',(15.748015748024,-78.2,29.));
#17103 = VECTOR('',#17104,1.);
#17104 = DIRECTION('',(0.,1.,0.));
#17105 = ORIENTED_EDGE('',*,*,#16468,.T.);
#17106 = ORIENTED_EDGE('',*,*,#17107,.T.);
#17107 = EDGE_CURVE('',#16450,#16385,#17108,.T.);
#17108 = LINE('',#17109,#17110);
#17109 = CARTESIAN_POINT('',(-15.74801574802,-78.2,29.));
#17110 = VECTOR('',#17111,1.);
#17111 = DIRECTION('',(0.,1.,0.));
#17112 = FACE_BOUND('',#17113,.F.);
#17113 = EDGE_LOOP('',(#17114,#17115,#17121,#17122));
#17114 = ORIENTED_EDGE('',*,*,#16581,.F.);
#17115 = ORIENTED_EDGE('',*,*,#17116,.F.);
#17116 = EDGE_CURVE('',#16533,#16574,#17117,.T.);
#17117 = LINE('',#17118,#17119);
#17118 = CARTESIAN_POINT('',(15.748015748024,-78.2,29.));
#17119 = VECTOR('',#17120,1.);
#17120 = DIRECTION('',(0.,1.,0.));
#17121 = ORIENTED_EDGE('',*,*,#16540,.T.);
#17122 = ORIENTED_EDGE('',*,*,#17123,.T.);
#17123 = EDGE_CURVE('',#16515,#16556,#17124,.T.);
#17124 = LINE('',#17125,#17126);
#17125 = CARTESIAN_POINT('',(-15.74801574802,-78.2,29.));
#17126 = VECTOR('',#17127,1.);
#17127 = DIRECTION('',(0.,1.,0.));
#17128 = FACE_BOUND('',#17129,.F.);
#17129 = EDGE_LOOP('',(#17130,#17131,#17137,#17138));
#17130 = ORIENTED_EDGE('',*,*,#16885,.F.);
#17131 = ORIENTED_EDGE('',*,*,#17132,.F.);
#17132 = EDGE_CURVE('',#16837,#16878,#17133,.T.);
#17133 = LINE('',#17134,#17135);
#17134 = CARTESIAN_POINT('',(15.748015748024,-78.2,29.));
#17135 = VECTOR('',#17136,1.);
#17136 = DIRECTION('',(0.,1.,0.));
#17137 = ORIENTED_EDGE('',*,*,#16844,.T.);
#17138 = ORIENTED_EDGE('',*,*,#17139,.T.);
#17139 = EDGE_CURVE('',#16819,#16860,#17140,.T.);
#17140 = LINE('',#17141,#17142);
#17141 = CARTESIAN_POINT('',(-15.74801574802,-78.2,29.));
#17142 = VECTOR('',#17143,1.);
#17143 = DIRECTION('',(0.,1.,0.));
#17144 = CYLINDRICAL_SURFACE('',#17145,33.);
#17145 = AXIS2_PLACEMENT_3D('',#17146,#17147,#17148);
#17146 = CARTESIAN_POINT('',(0.,-78.2,2.31E-15));
#17147 = DIRECTION('',(0.,1.,0.));
#17148 = DIRECTION('',(-0.98845493517,0.,0.151515151515));
#17149 = ADVANCED_FACE('',(#17150),#17156,.T.);
#17150 = FACE_BOUND('',#17151,.F.);
#17151 = EDGE_LOOP('',(#17152,#17153,#17154,#17155));
#17152 = ORIENTED_EDGE('',*,*,#16449,.F.);
#17153 = ORIENTED_EDGE('',*,*,#16361,.F.);
#17154 = ORIENTED_EDGE('',*,*,#16384,.T.);
#17155 = ORIENTED_EDGE('',*,*,#17107,.F.);
#17156 = PLANE('',#17157);
#17157 = AXIS2_PLACEMENT_3D('',#17158,#17159,#17160);
#17158 = CARTESIAN_POINT('',(-16.,-121.,29.));
#17159 = DIRECTION('',(0.,0.,1.));
#17160 = DIRECTION('',(-1.,-0.,-0.));
#17161 = ADVANCED_FACE('',(#17162),#17168,.T.);
#17162 = FACE_BOUND('',#17163,.F.);
#17163 = EDGE_LOOP('',(#17164,#17165,#17166,#17167));
#17164 = ORIENTED_EDGE('',*,*,#16460,.F.);
#17165 = ORIENTED_EDGE('',*,*,#17100,.T.);
#17166 = ORIENTED_EDGE('',*,*,#16402,.T.);
#17167 = ORIENTED_EDGE('',*,*,#16426,.T.);
#17168 = PLANE('',#17169);
#17169 = AXIS2_PLACEMENT_3D('',#17170,#17171,#17172);
#17170 = CARTESIAN_POINT('',(-16.,-121.,29.));
#17171 = DIRECTION('',(0.,0.,1.));
#17172 = DIRECTION('',(-1.,-0.,-0.));
#17173 = ADVANCED_FACE('',(#17174),#17180,.T.);
#17174 = FACE_BOUND('',#17175,.F.);
#17175 = EDGE_LOOP('',(#17176,#17177,#17178,#17179));
#17176 = ORIENTED_EDGE('',*,*,#16514,.F.);
#17177 = ORIENTED_EDGE('',*,*,#16491,.F.);
#17178 = ORIENTED_EDGE('',*,*,#16555,.T.);
#17179 = ORIENTED_EDGE('',*,*,#17123,.F.);
#17180 = PLANE('',#17181);
#17181 = AXIS2_PLACEMENT_3D('',#17182,#17183,#17184);
#17182 = CARTESIAN_POINT('',(-16.,-108.,29.));
#17183 = DIRECTION('',(0.,0.,1.));
#17184 = DIRECTION('',(-1.,-0.,-0.));
#17185 = ADVANCED_FACE('',(#17186),#17192,.T.);
#17186 = FACE_BOUND('',#17187,.F.);
#17187 = EDGE_LOOP('',(#17188,#17189,#17190,#17191));
#17188 = ORIENTED_EDGE('',*,*,#16532,.F.);
#17189 = ORIENTED_EDGE('',*,*,#17116,.T.);
#17190 = ORIENTED_EDGE('',*,*,#16573,.T.);
#17191 = ORIENTED_EDGE('',*,*,#16597,.T.);
#17192 = PLANE('',#17193);
#17193 = AXIS2_PLACEMENT_3D('',#17194,#17195,#17196);
#17194 = CARTESIAN_POINT('',(-16.,-108.,29.));
#17195 = DIRECTION('',(0.,0.,1.));
#17196 = DIRECTION('',(-1.,-0.,-0.));
#17197 = ADVANCED_FACE('',(#17198),#17209,.F.);
#17198 = FACE_BOUND('',#17199,.T.);
#17199 = EDGE_LOOP('',(#17200,#17201,#17202,#17203));
#17200 = ORIENTED_EDGE('',*,*,#16745,.F.);
#17201 = ORIENTED_EDGE('',*,*,#16632,.T.);
#17202 = ORIENTED_EDGE('',*,*,#16647,.T.);
#17203 = ORIENTED_EDGE('',*,*,#17204,.F.);
#17204 = EDGE_CURVE('',#16737,#16648,#17205,.T.);
#17205 = LINE('',#17206,#17207);
#17206 = CARTESIAN_POINT('',(37.29476283909,-86.,38.588776991418));
#17207 = VECTOR('',#17208,1.);
#17208 = DIRECTION('',(-0.,-1.,-0.));
#17209 = PLANE('',#17210);
#17210 = AXIS2_PLACEMENT_3D('',#17211,#17212,#17213);
#17211 = CARTESIAN_POINT('',(24.450859114056,-86.,31.033539506104));
#17212 = DIRECTION('',(0.507020126563,0.,-0.861934215158));
#17213 = DIRECTION('',(-0.861934215158,0.,-0.507020126563));
#17214 = ADVANCED_FACE('',(#17215),#17228,.T.);
#17215 = FACE_BOUND('',#17216,.F.);
#17216 = EDGE_LOOP('',(#17217,#17218,#17224,#17225,#17226,#17227));
#17217 = ORIENTED_EDGE('',*,*,#16727,.T.);
#17218 = ORIENTED_EDGE('',*,*,#17219,.T.);
#17219 = EDGE_CURVE('',#16720,#16665,#17220,.T.);
#17220 = LINE('',#17221,#17222);
#17221 = CARTESIAN_POINT('',(44.393044610978,-86.,26.52169797921));
#17222 = VECTOR('',#17223,1.);
#17223 = DIRECTION('',(-0.,-1.,-0.));
#17224 = ORIENTED_EDGE('',*,*,#16664,.F.);
#17225 = ORIENTED_EDGE('',*,*,#16655,.F.);
#17226 = ORIENTED_EDGE('',*,*,#17204,.F.);
#17227 = ORIENTED_EDGE('',*,*,#16736,.T.);
#17228 = CYLINDRICAL_SURFACE('',#17229,8.5);
#17229 = AXIS2_PLACEMENT_3D('',#17230,#17231,#17232);
#17230 = CARTESIAN_POINT('',(45.,-86.,35.));
#17231 = DIRECTION('',(-0.,-1.,-0.));
#17232 = DIRECTION('',(0.,0.,1.));
#17233 = ADVANCED_FACE('',(#17234),#17240,.F.);
#17234 = FACE_BOUND('',#17235,.T.);
#17235 = EDGE_LOOP('',(#17236,#17237,#17238,#17239));
#17236 = ORIENTED_EDGE('',*,*,#16719,.F.);
#17237 = ORIENTED_EDGE('',*,*,#17219,.T.);
#17238 = ORIENTED_EDGE('',*,*,#16673,.T.);
#17239 = ORIENTED_EDGE('',*,*,#16771,.F.);
#17240 = PLANE('',#17241);
#17241 = AXIS2_PLACEMENT_3D('',#17242,#17243,#17244);
#17242 = CARTESIAN_POINT('',(48.549140885944,-86.,28.966460493896));
#17243 = DIRECTION('',(-0.507020126563,0.,0.861934215158));
#17244 = DIRECTION('',(0.861934215158,0.,0.507020126563));
#17245 = ADVANCED_FACE('',(#17246),#17257,.F.);
#17246 = FACE_BOUND('',#17247,.T.);
#17247 = EDGE_LOOP('',(#17248,#17249,#17255,#17256));
#17248 = ORIENTED_EDGE('',*,*,#16691,.F.);
#17249 = ORIENTED_EDGE('',*,*,#17250,.F.);
#17250 = EDGE_CURVE('',#16754,#16692,#17251,.T.);
#17251 = LINE('',#17252,#17253);
#17252 = CARTESIAN_POINT('',(45.,-85.5,36.7));
#17253 = VECTOR('',#17254,1.);
#17254 = DIRECTION('',(-0.,-1.,-0.));
#17255 = ORIENTED_EDGE('',*,*,#16753,.T.);
#17256 = ORIENTED_EDGE('',*,*,#17250,.T.);
#17257 = CYLINDRICAL_SURFACE('',#17258,1.7);
#17258 = AXIS2_PLACEMENT_3D('',#17259,#17260,#17261);
#17259 = CARTESIAN_POINT('',(45.,-85.5,35.));
#17260 = DIRECTION('',(-0.,-1.,-0.));
#17261 = DIRECTION('',(0.,0.,1.));
#17262 = ADVANCED_FACE('',(#17263),#17269,.T.);
#17263 = FACE_BOUND('',#17264,.F.);
#17264 = EDGE_LOOP('',(#17265,#17266,#17267,#17268));
#17265 = ORIENTED_EDGE('',*,*,#16818,.F.);
#17266 = ORIENTED_EDGE('',*,*,#16795,.F.);
#17267 = ORIENTED_EDGE('',*,*,#16859,.T.);
#17268 = ORIENTED_EDGE('',*,*,#17139,.F.);
#17269 = PLANE('',#17270);
#17270 = AXIS2_PLACEMENT_3D('',#17271,#17272,#17273);
#17271 = CARTESIAN_POINT('',(-16.,-94.,29.));
#17272 = DIRECTION('',(0.,0.,1.));
#17273 = DIRECTION('',(-1.,-0.,-0.));
#17274 = ADVANCED_FACE('',(#17275),#17281,.T.);
#17275 = FACE_BOUND('',#17276,.F.);
#17276 = EDGE_LOOP('',(#17277,#17278,#17279,#17280));
#17277 = ORIENTED_EDGE('',*,*,#16836,.F.);
#17278 = ORIENTED_EDGE('',*,*,#17132,.T.);
#17279 = ORIENTED_EDGE('',*,*,#16877,.T.);
#17280 = ORIENTED_EDGE('',*,*,#16901,.T.);
#17281 = PLANE('',#17282);
#17282 = AXIS2_PLACEMENT_3D('',#17283,#17284,#17285);
#17283 = CARTESIAN_POINT('',(-16.,-94.,29.));
#17284 = DIRECTION('',(0.,0.,1.));
#17285 = DIRECTION('',(-1.,-0.,-0.));
#17286 = ADVANCED_FACE('',(#17287),#17298,.F.);
#17287 = FACE_BOUND('',#17288,.T.);
#17288 = EDGE_LOOP('',(#17289,#17290,#17291,#17292));
#17289 = ORIENTED_EDGE('',*,*,#17049,.F.);
#17290 = ORIENTED_EDGE('',*,*,#16936,.T.);
#17291 = ORIENTED_EDGE('',*,*,#16951,.T.);
#17292 = ORIENTED_EDGE('',*,*,#17293,.F.);
#17293 = EDGE_CURVE('',#17041,#16952,#17294,.T.);
#17294 = LINE('',#17295,#17296);
#17295 = CARTESIAN_POINT('',(-44.39304461097,-86.,26.52169797921));
#17296 = VECTOR('',#17297,1.);
#17297 = DIRECTION('',(-0.,-1.,-0.));
#17298 = PLANE('',#17299);
#17299 = AXIS2_PLACEMENT_3D('',#17300,#17301,#17302);
#17300 = CARTESIAN_POINT('',(-31.54914088594,-86.,18.966460493896));
#17301 = DIRECTION('',(0.507020126563,0.,0.861934215158));
#17302 = DIRECTION('',(0.861934215158,0.,-0.507020126563));
#17303 = ADVANCED_FACE('',(#17304),#17317,.T.);
#17304 = FACE_BOUND('',#17305,.F.);
#17305 = EDGE_LOOP('',(#17306,#17307,#17313,#17314,#17315,#17316));
#17306 = ORIENTED_EDGE('',*,*,#17031,.T.);
#17307 = ORIENTED_EDGE('',*,*,#17308,.T.);
#17308 = EDGE_CURVE('',#17024,#16969,#17309,.T.);
#17309 = LINE('',#17310,#17311);
#17310 = CARTESIAN_POINT('',(-37.29476283909,-86.,38.588776991418));
#17311 = VECTOR('',#17312,1.);
#17312 = DIRECTION('',(-0.,-1.,-0.));
#17313 = ORIENTED_EDGE('',*,*,#16968,.F.);
#17314 = ORIENTED_EDGE('',*,*,#16959,.F.);
#17315 = ORIENTED_EDGE('',*,*,#17293,.F.);
#17316 = ORIENTED_EDGE('',*,*,#17040,.T.);
#17317 = CYLINDRICAL_SURFACE('',#17318,8.5);
#17318 = AXIS2_PLACEMENT_3D('',#17319,#17320,#17321);
#17319 = CARTESIAN_POINT('',(-45.,-86.,35.));
#17320 = DIRECTION('',(-0.,-1.,-0.));
#17321 = DIRECTION('',(0.,0.,1.));
#17322 = ADVANCED_FACE('',(#17323),#17329,.F.);
#17323 = FACE_BOUND('',#17324,.T.);
#17324 = EDGE_LOOP('',(#17325,#17326,#17327,#17328));
#17325 = ORIENTED_EDGE('',*,*,#17023,.F.);
#17326 = ORIENTED_EDGE('',*,*,#17308,.T.);
#17327 = ORIENTED_EDGE('',*,*,#16977,.T.);
#17328 = ORIENTED_EDGE('',*,*,#17075,.F.);
#17329 = PLANE('',#17330);
#17330 = AXIS2_PLACEMENT_3D('',#17331,#17332,#17333);
#17331 = CARTESIAN_POINT('',(-41.45085911405,-86.,41.033539506104));
#17332 = DIRECTION('',(-0.507020126563,-0.,-0.861934215158));
#17333 = DIRECTION('',(-0.861934215158,0.,0.507020126563));
#17334 = ADVANCED_FACE('',(#17335),#17346,.F.);
#17335 = FACE_BOUND('',#17336,.T.);
#17336 = EDGE_LOOP('',(#17337,#17338,#17344,#17345));
#17337 = ORIENTED_EDGE('',*,*,#16995,.F.);
#17338 = ORIENTED_EDGE('',*,*,#17339,.F.);
#17339 = EDGE_CURVE('',#17058,#16996,#17340,.T.);
#17340 = LINE('',#17341,#17342);
#17341 = CARTESIAN_POINT('',(-45.,-85.5,36.7));
#17342 = VECTOR('',#17343,1.);
#17343 = DIRECTION('',(-0.,-1.,-0.));
#17344 = ORIENTED_EDGE('',*,*,#17057,.T.);
#17345 = ORIENTED_EDGE('',*,*,#17339,.T.);
#17346 = CYLINDRICAL_SURFACE('',#17347,1.7);
#17347 = AXIS2_PLACEMENT_3D('',#17348,#17349,#17350);
#17348 = CARTESIAN_POINT('',(-45.,-85.5,35.));
#17349 = DIRECTION('',(-0.,-1.,-0.));
#17350 = DIRECTION('',(0.,0.,1.));
#17351 = MANIFOLD_SOLID_BREP('',#17352);
#17352 = CLOSED_SHELL('',(#17353,#17386,#17406,#17415,#17440));
#17353 = ADVANCED_FACE('',(#17354),#17381,.T.);
#17354 = FACE_BOUND('',#17355,.T.);
#17355 = EDGE_LOOP('',(#17356,#17365,#17373,#17380));
#17356 = ORIENTED_EDGE('',*,*,#17357,.F.);
#17357 = EDGE_CURVE('',#17358,#17358,#17360,.T.);
#17358 = VERTEX_POINT('',#17359);
#17359 = CARTESIAN_POINT('',(-45.,-89.,33.5));
#17360 = CIRCLE('',#17361,1.5);
#17361 = AXIS2_PLACEMENT_3D('',#17362,#17363,#17364);
#17362 = CARTESIAN_POINT('',(-45.,-89.,35.));
#17363 = DIRECTION('',(0.,-1.,0.));
#17364 = DIRECTION('',(0.,0.,-1.));
#17365 = ORIENTED_EDGE('',*,*,#17366,.F.);
#17366 = EDGE_CURVE('',#17367,#17358,#17369,.T.);
#17367 = VERTEX_POINT('',#17368);
#17368 = CARTESIAN_POINT('',(-45.,-75.,33.5));
#17369 = LINE('',#17370,#17371);
#17370 = CARTESIAN_POINT('',(-45.,-75.,33.5));
#17371 = VECTOR('',#17372,1.);
#17372 = DIRECTION('',(0.,-1.,0.));
#17373 = ORIENTED_EDGE('',*,*,#17374,.T.);
#17374 = EDGE_CURVE('',#17367,#17367,#17375,.T.);
#17375 = CIRCLE('',#17376,1.5);
#17376 = AXIS2_PLACEMENT_3D('',#17377,#17378,#17379);
#17377 = CARTESIAN_POINT('',(-45.,-75.,35.));
#17378 = DIRECTION('',(0.,-1.,0.));
#17379 = DIRECTION('',(0.,0.,-1.));
#17380 = ORIENTED_EDGE('',*,*,#17366,.T.);
#17381 = CYLINDRICAL_SURFACE('',#17382,1.5);
#17382 = AXIS2_PLACEMENT_3D('',#17383,#17384,#17385);
#17383 = CARTESIAN_POINT('',(-45.,-75.,35.));
#17384 = DIRECTION('',(0.,-1.,0.));
#17385 = DIRECTION('',(0.,0.,-1.));
#17386 = ADVANCED_FACE('',(#17387,#17398),#17401,.F.);
#17387 = FACE_BOUND('',#17388,.F.);
#17388 = EDGE_LOOP('',(#17389));
#17389 = ORIENTED_EDGE('',*,*,#17390,.T.);
#17390 = EDGE_CURVE('',#17391,#17391,#17393,.T.);
#17391 = VERTEX_POINT('',#17392);
#17392 = CARTESIAN_POINT('',(-45.,-89.,32.25));
#17393 = CIRCLE('',#17394,2.75);
#17394 = AXIS2_PLACEMENT_3D('',#17395,#17396,#17397);
#17395 = CARTESIAN_POINT('',(-45.,-89.,35.));
#17396 = DIRECTION('',(0.,-1.,0.));
#17397 = DIRECTION('',(0.,0.,-1.));
#17398 = FACE_BOUND('',#17399,.F.);
#17399 = EDGE_LOOP('',(#17400));
#17400 = ORIENTED_EDGE('',*,*,#17357,.F.);
#17401 = PLANE('',#17402);
#17402 = AXIS2_PLACEMENT_3D('',#17403,#17404,#17405);
#17403 = CARTESIAN_POINT('',(-45.,-89.,35.));
#17404 = DIRECTION('',(0.,-1.,0.));
#17405 = DIRECTION('',(0.,0.,-1.));
#17406 = ADVANCED_FACE('',(#17407),#17410,.F.);
#17407 = FACE_BOUND('',#17408,.T.);
#17408 = EDGE_LOOP('',(#17409));
#17409 = ORIENTED_EDGE('',*,*,#17374,.F.);
#17410 = PLANE('',#17411);
#17411 = AXIS2_PLACEMENT_3D('',#17412,#17413,#17414);
#17412 = CARTESIAN_POINT('',(-45.,-75.,35.));
#17413 = DIRECTION('',(0.,-1.,0.));
#17414 = DIRECTION('',(0.,0.,-1.));
#17415 = ADVANCED_FACE('',(#17416),#17435,.T.);
#17416 = FACE_BOUND('',#17417,.T.);
#17417 = EDGE_LOOP('',(#17418,#17427,#17433,#17434));
#17418 = ORIENTED_EDGE('',*,*,#17419,.F.);
#17419 = EDGE_CURVE('',#17420,#17420,#17422,.T.);
#17420 = VERTEX_POINT('',#17421);
#17421 = CARTESIAN_POINT('',(-45.,-92.,32.25));
#17422 = CIRCLE('',#17423,2.75);
#17423 = AXIS2_PLACEMENT_3D('',#17424,#17425,#17426);
#17424 = CARTESIAN_POINT('',(-45.,-92.,35.));
#17425 = DIRECTION('',(0.,-1.,0.));
#17426 = DIRECTION('',(0.,0.,-1.));
#17427 = ORIENTED_EDGE('',*,*,#17428,.F.);
#17428 = EDGE_CURVE('',#17391,#17420,#17429,.T.);
#17429 = LINE('',#17430,#17431);
#17430 = CARTESIAN_POINT('',(-45.,-89.,32.25));
#17431 = VECTOR('',#17432,1.);
#17432 = DIRECTION('',(0.,-1.,0.));
#17433 = ORIENTED_EDGE('',*,*,#17390,.T.);
#17434 = ORIENTED_EDGE('',*,*,#17428,.T.);
#17435 = CYLINDRICAL_SURFACE('',#17436,2.75);
#17436 = AXIS2_PLACEMENT_3D('',#17437,#17438,#17439);
#17437 = CARTESIAN_POINT('',(-45.,-89.,35.));
#17438 = DIRECTION('',(0.,-1.,0.));
#17439 = DIRECTION('',(0.,0.,-1.));
#17440 = ADVANCED_FACE('',(#17441),#17444,.T.);
#17441 = FACE_BOUND('',#17442,.T.);
#17442 = EDGE_LOOP('',(#17443));
#17443 = ORIENTED_EDGE('',*,*,#17419,.T.);
#17444 = PLANE('',#17445);
#17445 = AXIS2_PLACEMENT_3D('',#17446,#17447,#17448);
#17446 = CARTESIAN_POINT('',(-45.,-92.,35.));
#17447 = DIRECTION('',(0.,-1.,0.));
#17448 = DIRECTION('',(0.,0.,-1.));
#17449 = MANIFOLD_SOLID_BREP('',#17450);
#17450 = CLOSED_SHELL('',(#17451,#17484,#17504,#17513,#17538));
#17451 = ADVANCED_FACE('',(#17452),#17479,.T.);
#17452 = FACE_BOUND('',#17453,.T.);
#17453 = EDGE_LOOP('',(#17454,#17463,#17471,#17478));
#17454 = ORIENTED_EDGE('',*,*,#17455,.F.);
#17455 = EDGE_CURVE('',#17456,#17456,#17458,.T.);
#17456 = VERTEX_POINT('',#17457);
#17457 = CARTESIAN_POINT('',(45.,-89.,33.5));
#17458 = CIRCLE('',#17459,1.5);
#17459 = AXIS2_PLACEMENT_3D('',#17460,#17461,#17462);
#17460 = CARTESIAN_POINT('',(45.,-89.,35.));
#17461 = DIRECTION('',(0.,-1.,0.));
#17462 = DIRECTION('',(0.,0.,-1.));
#17463 = ORIENTED_EDGE('',*,*,#17464,.F.);
#17464 = EDGE_CURVE('',#17465,#17456,#17467,.T.);
#17465 = VERTEX_POINT('',#17466);
#17466 = CARTESIAN_POINT('',(45.,-75.,33.5));
#17467 = LINE('',#17468,#17469);
#17468 = CARTESIAN_POINT('',(45.,-75.,33.5));
#17469 = VECTOR('',#17470,1.);
#17470 = DIRECTION('',(0.,-1.,0.));
#17471 = ORIENTED_EDGE('',*,*,#17472,.T.);
#17472 = EDGE_CURVE('',#17465,#17465,#17473,.T.);
#17473 = CIRCLE('',#17474,1.5);
#17474 = AXIS2_PLACEMENT_3D('',#17475,#17476,#17477);
#17475 = CARTESIAN_POINT('',(45.,-75.,35.));
#17476 = DIRECTION('',(0.,-1.,0.));
#17477 = DIRECTION('',(0.,0.,-1.));
#17478 = ORIENTED_EDGE('',*,*,#17464,.T.);
#17479 = CYLINDRICAL_SURFACE('',#17480,1.5);
#17480 = AXIS2_PLACEMENT_3D('',#17481,#17482,#17483);
#17481 = CARTESIAN_POINT('',(45.,-75.,35.));
#17482 = DIRECTION('',(0.,-1.,0.));
#17483 = DIRECTION('',(0.,0.,-1.));
#17484 = ADVANCED_FACE('',(#17485,#17496),#17499,.F.);
#17485 = FACE_BOUND('',#17486,.F.);
#17486 = EDGE_LOOP('',(#17487));
#17487 = ORIENTED_EDGE('',*,*,#17488,.T.);
#17488 = EDGE_CURVE('',#17489,#17489,#17491,.T.);
#17489 = VERTEX_POINT('',#17490);
#17490 = CARTESIAN_POINT('',(45.,-89.,32.25));
#17491 = CIRCLE('',#17492,2.75);
#17492 = AXIS2_PLACEMENT_3D('',#17493,#17494,#17495);
#17493 = CARTESIAN_POINT('',(45.,-89.,35.));
#17494 = DIRECTION('',(0.,-1.,0.));
#17495 = DIRECTION('',(0.,0.,-1.));
#17496 = FACE_BOUND('',#17497,.F.);
#17497 = EDGE_LOOP('',(#17498));
#17498 = ORIENTED_EDGE('',*,*,#17455,.F.);
#17499 = PLANE('',#17500);
#17500 = AXIS2_PLACEMENT_3D('',#17501,#17502,#17503);
#17501 = CARTESIAN_POINT('',(45.,-89.,35.));
#17502 = DIRECTION('',(0.,-1.,0.));
#17503 = DIRECTION('',(0.,0.,-1.));
#17504 = ADVANCED_FACE('',(#17505),#17508,.F.);
#17505 = FACE_BOUND('',#17506,.T.);
#17506 = EDGE_LOOP('',(#17507));
#17507 = ORIENTED_EDGE('',*,*,#17472,.F.);
#17508 = PLANE('',#17509);
#17509 = AXIS2_PLACEMENT_3D('',#17510,#17511,#17512);
#17510 = CARTESIAN_POINT('',(45.,-75.,35.));
#17511 = DIRECTION('',(0.,-1.,0.));
#17512 = DIRECTION('',(0.,0.,-1.));
#17513 = ADVANCED_FACE('',(#17514),#17533,.T.);
#17514 = FACE_BOUND('',#17515,.T.);
#17515 = EDGE_LOOP('',(#17516,#17525,#17531,#17532));
#17516 = ORIENTED_EDGE('',*,*,#17517,.F.);
#17517 = EDGE_CURVE('',#17518,#17518,#17520,.T.);
#17518 = VERTEX_POINT('',#17519);
#17519 = CARTESIAN_POINT('',(45.,-92.,32.25));
#17520 = CIRCLE('',#17521,2.75);
#17521 = AXIS2_PLACEMENT_3D('',#17522,#17523,#17524);
#17522 = CARTESIAN_POINT('',(45.,-92.,35.));
#17523 = DIRECTION('',(0.,-1.,0.));
#17524 = DIRECTION('',(0.,0.,-1.));
#17525 = ORIENTED_EDGE('',*,*,#17526,.F.);
#17526 = EDGE_CURVE('',#17489,#17518,#17527,.T.);
#17527 = LINE('',#17528,#17529);
#17528 = CARTESIAN_POINT('',(45.,-89.,32.25));
#17529 = VECTOR('',#17530,1.);
#17530 = DIRECTION('',(0.,-1.,0.));
#17531 = ORIENTED_EDGE('',*,*,#17488,.T.);
#17532 = ORIENTED_EDGE('',*,*,#17526,.T.);
#17533 = CYLINDRICAL_SURFACE('',#17534,2.75);
#17534 = AXIS2_PLACEMENT_3D('',#17535,#17536,#17537);
#17535 = CARTESIAN_POINT('',(45.,-89.,35.));
#17536 = DIRECTION('',(0.,-1.,0.));
#17537 = DIRECTION('',(0.,0.,-1.));
#17538 = ADVANCED_FACE('',(#17539),#17542,.T.);
#17539 = FACE_BOUND('',#17540,.T.);
#17540 = EDGE_LOOP('',(#17541));
#17541 = ORIENTED_EDGE('',*,*,#17517,.T.);
#17542 = PLANE('',#17543);
#17543 = AXIS2_PLACEMENT_3D('',#17544,#17545,#17546);
#17544 = CARTESIAN_POINT('',(45.,-92.,35.));
#17545 = DIRECTION('',(0.,-1.,0.));
#17546 = DIRECTION('',(0.,0.,-1.));
#17547 = MANIFOLD_SOLID_BREP('',#17548);
#17548 = CLOSED_SHELL('',(#17549,#17582,#17602,#17611,#17636));
#17549 = ADVANCED_FACE('',(#17550),#17577,.T.);
#17550 = FACE_BOUND('',#17551,.T.);
#17551 = EDGE_LOOP('',(#17552,#17561,#17569,#17576));
#17552 = ORIENTED_EDGE('',*,*,#17553,.F.);
#17553 = EDGE_CURVE('',#17554,#17554,#17556,.T.);
#17554 = VERTEX_POINT('',#17555);
#17555 = CARTESIAN_POINT('',(-45.,89.,36.5));
#17556 = CIRCLE('',#17557,1.5);
#17557 = AXIS2_PLACEMENT_3D('',#17558,#17559,#17560);
#17558 = CARTESIAN_POINT('',(-45.,89.,35.));
#17559 = DIRECTION('',(0.,1.,0.));
#17560 = DIRECTION('',(0.,0.,1.));
#17561 = ORIENTED_EDGE('',*,*,#17562,.F.);
#17562 = EDGE_CURVE('',#17563,#17554,#17565,.T.);
#17563 = VERTEX_POINT('',#17564);
#17564 = CARTESIAN_POINT('',(-45.,75.,36.5));
#17565 = LINE('',#17566,#17567);
#17566 = CARTESIAN_POINT('',(-45.,75.,36.5));
#17567 = VECTOR('',#17568,1.);
#17568 = DIRECTION('',(0.,1.,0.));
#17569 = ORIENTED_EDGE('',*,*,#17570,.T.);
#17570 = EDGE_CURVE('',#17563,#17563,#17571,.T.);
#17571 = CIRCLE('',#17572,1.5);
#17572 = AXIS2_PLACEMENT_3D('',#17573,#17574,#17575);
#17573 = CARTESIAN_POINT('',(-45.,75.,35.));
#17574 = DIRECTION('',(0.,1.,0.));
#17575 = DIRECTION('',(0.,0.,1.));
#17576 = ORIENTED_EDGE('',*,*,#17562,.T.);
#17577 = CYLINDRICAL_SURFACE('',#17578,1.5);
#17578 = AXIS2_PLACEMENT_3D('',#17579,#17580,#17581);
#17579 = CARTESIAN_POINT('',(-45.,75.,35.));
#17580 = DIRECTION('',(0.,1.,0.));
#17581 = DIRECTION('',(0.,0.,1.));
#17582 = ADVANCED_FACE('',(#17583,#17594),#17597,.F.);
#17583 = FACE_BOUND('',#17584,.F.);
#17584 = EDGE_LOOP('',(#17585));
#17585 = ORIENTED_EDGE('',*,*,#17586,.T.);
#17586 = EDGE_CURVE('',#17587,#17587,#17589,.T.);
#17587 = VERTEX_POINT('',#17588);
#17588 = CARTESIAN_POINT('',(-45.,89.,37.75));
#17589 = CIRCLE('',#17590,2.75);
#17590 = AXIS2_PLACEMENT_3D('',#17591,#17592,#17593);
#17591 = CARTESIAN_POINT('',(-45.,89.,35.));
#17592 = DIRECTION('',(0.,1.,0.));
#17593 = DIRECTION('',(0.,0.,1.));
#17594 = FACE_BOUND('',#17595,.F.);
#17595 = EDGE_LOOP('',(#17596));
#17596 = ORIENTED_EDGE('',*,*,#17553,.F.);
#17597 = PLANE('',#17598);
#17598 = AXIS2_PLACEMENT_3D('',#17599,#17600,#17601);
#17599 = CARTESIAN_POINT('',(-45.,89.,35.));
#17600 = DIRECTION('',(0.,1.,0.));
#17601 = DIRECTION('',(0.,0.,1.));
#17602 = ADVANCED_FACE('',(#17603),#17606,.F.);
#17603 = FACE_BOUND('',#17604,.T.);
#17604 = EDGE_LOOP('',(#17605));
#17605 = ORIENTED_EDGE('',*,*,#17570,.F.);
#17606 = PLANE('',#17607);
#17607 = AXIS2_PLACEMENT_3D('',#17608,#17609,#17610);
#17608 = CARTESIAN_POINT('',(-45.,75.,35.));
#17609 = DIRECTION('',(0.,1.,0.));
#17610 = DIRECTION('',(0.,0.,1.));
#17611 = ADVANCED_FACE('',(#17612),#17631,.T.);
#17612 = FACE_BOUND('',#17613,.T.);
#17613 = EDGE_LOOP('',(#17614,#17623,#17629,#17630));
#17614 = ORIENTED_EDGE('',*,*,#17615,.F.);
#17615 = EDGE_CURVE('',#17616,#17616,#17618,.T.);
#17616 = VERTEX_POINT('',#17617);
#17617 = CARTESIAN_POINT('',(-45.,92.,37.75));
#17618 = CIRCLE('',#17619,2.75);
#17619 = AXIS2_PLACEMENT_3D('',#17620,#17621,#17622);
#17620 = CARTESIAN_POINT('',(-45.,92.,35.));
#17621 = DIRECTION('',(0.,1.,0.));
#17622 = DIRECTION('',(0.,0.,1.));
#17623 = ORIENTED_EDGE('',*,*,#17624,.F.);
#17624 = EDGE_CURVE('',#17587,#17616,#17625,.T.);
#17625 = LINE('',#17626,#17627);
#17626 = CARTESIAN_POINT('',(-45.,89.,37.75));
#17627 = VECTOR('',#17628,1.);
#17628 = DIRECTION('',(0.,1.,0.));
#17629 = ORIENTED_EDGE('',*,*,#17586,.T.);
#17630 = ORIENTED_EDGE('',*,*,#17624,.T.);
#17631 = CYLINDRICAL_SURFACE('',#17632,2.75);
#17632 = AXIS2_PLACEMENT_3D('',#17633,#17634,#17635);
#17633 = CARTESIAN_POINT('',(-45.,89.,35.));
#17634 = DIRECTION('',(0.,1.,0.));
#17635 = DIRECTION('',(0.,0.,1.));
#17636 = ADVANCED_FACE('',(#17637),#17640,.T.);
#17637 = FACE_BOUND('',#17638,.T.);
#17638 = EDGE_LOOP('',(#17639));
#17639 = ORIENTED_EDGE('',*,*,#17615,.T.);
#17640 = PLANE('',#17641);
#17641 = AXIS2_PLACEMENT_3D('',#17642,#17643,#17644);
#17642 = CARTESIAN_POINT('',(-45.,92.,35.));
#17643 = DIRECTION('',(0.,1.,0.));
#17644 = DIRECTION('',(0.,0.,1.));
#17645 = MANIFOLD_SOLID_BREP('',#17646);
#17646 = CLOSED_SHELL('',(#17647,#17680,#17700,#17709,#17734));
#17647 = ADVANCED_FACE('',(#17648),#17675,.T.);
#17648 = FACE_BOUND('',#17649,.T.);
#17649 = EDGE_LOOP('',(#17650,#17659,#17667,#17674));
#17650 = ORIENTED_EDGE('',*,*,#17651,.F.);
#17651 = EDGE_CURVE('',#17652,#17652,#17654,.T.);
#17652 = VERTEX_POINT('',#17653);
#17653 = CARTESIAN_POINT('',(45.,89.,36.5));
#17654 = CIRCLE('',#17655,1.5);
#17655 = AXIS2_PLACEMENT_3D('',#17656,#17657,#17658);
#17656 = CARTESIAN_POINT('',(45.,89.,35.));
#17657 = DIRECTION('',(0.,1.,0.));
#17658 = DIRECTION('',(0.,0.,1.));
#17659 = ORIENTED_EDGE('',*,*,#17660,.F.);
#17660 = EDGE_CURVE('',#17661,#17652,#17663,.T.);
#17661 = VERTEX_POINT('',#17662);
#17662 = CARTESIAN_POINT('',(45.,75.,36.5));
#17663 = LINE('',#17664,#17665);
#17664 = CARTESIAN_POINT('',(45.,75.,36.5));
#17665 = VECTOR('',#17666,1.);
#17666 = DIRECTION('',(0.,1.,0.));
#17667 = ORIENTED_EDGE('',*,*,#17668,.T.);
#17668 = EDGE_CURVE('',#17661,#17661,#17669,.T.);
#17669 = CIRCLE('',#17670,1.5);
#17670 = AXIS2_PLACEMENT_3D('',#17671,#17672,#17673);
#17671 = CARTESIAN_POINT('',(45.,75.,35.));
#17672 = DIRECTION('',(0.,1.,0.));
#17673 = DIRECTION('',(0.,0.,1.));
#17674 = ORIENTED_EDGE('',*,*,#17660,.T.);
#17675 = CYLINDRICAL_SURFACE('',#17676,1.5);
#17676 = AXIS2_PLACEMENT_3D('',#17677,#17678,#17679);
#17677 = CARTESIAN_POINT('',(45.,75.,35.));
#17678 = DIRECTION('',(0.,1.,0.));
#17679 = DIRECTION('',(0.,0.,1.));
#17680 = ADVANCED_FACE('',(#17681,#17692),#17695,.F.);
#17681 = FACE_BOUND('',#17682,.F.);
#17682 = EDGE_LOOP('',(#17683));
#17683 = ORIENTED_EDGE('',*,*,#17684,.T.);
#17684 = EDGE_CURVE('',#17685,#17685,#17687,.T.);
#17685 = VERTEX_POINT('',#17686);
#17686 = CARTESIAN_POINT('',(45.,89.,37.75));
#17687 = CIRCLE('',#17688,2.75);
#17688 = AXIS2_PLACEMENT_3D('',#17689,#17690,#17691);
#17689 = CARTESIAN_POINT('',(45.,89.,35.));
#17690 = DIRECTION('',(0.,1.,0.));
#17691 = DIRECTION('',(0.,0.,1.));
#17692 = FACE_BOUND('',#17693,.F.);
#17693 = EDGE_LOOP('',(#17694));
#17694 = ORIENTED_EDGE('',*,*,#17651,.F.);
#17695 = PLANE('',#17696);
#17696 = AXIS2_PLACEMENT_3D('',#17697,#17698,#17699);
#17697 = CARTESIAN_POINT('',(45.,89.,35.));
#17698 = DIRECTION('',(0.,1.,0.));
#17699 = DIRECTION('',(0.,0.,1.));
#17700 = ADVANCED_FACE('',(#17701),#17704,.F.);
#17701 = FACE_BOUND('',#17702,.T.);
#17702 = EDGE_LOOP('',(#17703));
#17703 = ORIENTED_EDGE('',*,*,#17668,.F.);
#17704 = PLANE('',#17705);
#17705 = AXIS2_PLACEMENT_3D('',#17706,#17707,#17708);
#17706 = CARTESIAN_POINT('',(45.,75.,35.));
#17707 = DIRECTION('',(0.,1.,0.));
#17708 = DIRECTION('',(0.,0.,1.));
#17709 = ADVANCED_FACE('',(#17710),#17729,.T.);
#17710 = FACE_BOUND('',#17711,.T.);
#17711 = EDGE_LOOP('',(#17712,#17721,#17727,#17728));
#17712 = ORIENTED_EDGE('',*,*,#17713,.F.);
#17713 = EDGE_CURVE('',#17714,#17714,#17716,.T.);
#17714 = VERTEX_POINT('',#17715);
#17715 = CARTESIAN_POINT('',(45.,92.,37.75));
#17716 = CIRCLE('',#17717,2.75);
#17717 = AXIS2_PLACEMENT_3D('',#17718,#17719,#17720);
#17718 = CARTESIAN_POINT('',(45.,92.,35.));
#17719 = DIRECTION('',(0.,1.,0.));
#17720 = DIRECTION('',(0.,0.,1.));
#17721 = ORIENTED_EDGE('',*,*,#17722,.F.);
#17722 = EDGE_CURVE('',#17685,#17714,#17723,.T.);
#17723 = LINE('',#17724,#17725);
#17724 = CARTESIAN_POINT('',(45.,89.,37.75));
#17725 = VECTOR('',#17726,1.);
#17726 = DIRECTION('',(0.,1.,0.));
#17727 = ORIENTED_EDGE('',*,*,#17684,.T.);
#17728 = ORIENTED_EDGE('',*,*,#17722,.T.);
#17729 = CYLINDRICAL_SURFACE('',#17730,2.75);
#17730 = AXIS2_PLACEMENT_3D('',#17731,#17732,#17733);
#17731 = CARTESIAN_POINT('',(45.,89.,35.));
#17732 = DIRECTION('',(0.,1.,0.));
#17733 = DIRECTION('',(0.,0.,1.));
#17734 = ADVANCED_FACE('',(#17735),#17738,.T.);
#17735 = FACE_BOUND('',#17736,.T.);
#17736 = EDGE_LOOP('',(#17737));
#17737 = ORIENTED_EDGE('',*,*,#17713,.T.);
#17738 = PLANE('',#17739);
#17739 = AXIS2_PLACEMENT_3D('',#17740,#17741,#17742);
#17740 = CARTESIAN_POINT('',(45.,92.,35.));
#17741 = DIRECTION('',(0.,1.,0.));
#17742 = DIRECTION('',(0.,0.,1.));
#17743 = MANIFOLD_SOLID_BREP('',#17744);
#17744 = CLOSED_SHELL('',(#17745,#17778,#17798,#17807,#17832));
#17745 = ADVANCED_FACE('',(#17746),#17773,.T.);
#17746 = FACE_BOUND('',#17747,.T.);
#17747 = EDGE_LOOP('',(#17748,#17757,#17765,#17772));
#17748 = ORIENTED_EDGE('',*,*,#17749,.F.);
#17749 = EDGE_CURVE('',#17750,#17750,#17752,.T.);
#17750 = VERTEX_POINT('',#17751);
#17751 = CARTESIAN_POINT('',(92.,-62.,-38.5));
#17752 = CIRCLE('',#17753,1.5);
#17753 = AXIS2_PLACEMENT_3D('',#17754,#17755,#17756);
#17754 = CARTESIAN_POINT('',(92.,-62.,-40.));
#17755 = DIRECTION('',(1.,0.,-0.));
#17756 = DIRECTION('',(0.,0.,1.));
#17757 = ORIENTED_EDGE('',*,*,#17758,.F.);
#17758 = EDGE_CURVE('',#17759,#17750,#17761,.T.);
#17759 = VERTEX_POINT('',#17760);
#17760 = CARTESIAN_POINT('',(86.,-62.,-38.5));
#17761 = LINE('',#17762,#17763);
#17762 = CARTESIAN_POINT('',(86.,-62.,-38.5));
#17763 = VECTOR('',#17764,1.);
#17764 = DIRECTION('',(1.,0.,0.));
#17765 = ORIENTED_EDGE('',*,*,#17766,.T.);
#17766 = EDGE_CURVE('',#17759,#17759,#17767,.T.);
#17767 = CIRCLE('',#17768,1.5);
#17768 = AXIS2_PLACEMENT_3D('',#17769,#17770,#17771);
#17769 = CARTESIAN_POINT('',(86.,-62.,-40.));
#17770 = DIRECTION('',(1.,0.,-0.));
#17771 = DIRECTION('',(0.,0.,1.));
#17772 = ORIENTED_EDGE('',*,*,#17758,.T.);
#17773 = CYLINDRICAL_SURFACE('',#17774,1.5);
#17774 = AXIS2_PLACEMENT_3D('',#17775,#17776,#17777);
#17775 = CARTESIAN_POINT('',(86.,-62.,-40.));
#17776 = DIRECTION('',(1.,0.,0.));
#17777 = DIRECTION('',(0.,0.,1.));
#17778 = ADVANCED_FACE('',(#17779,#17790),#17793,.F.);
#17779 = FACE_BOUND('',#17780,.F.);
#17780 = EDGE_LOOP('',(#17781));
#17781 = ORIENTED_EDGE('',*,*,#17782,.T.);
#17782 = EDGE_CURVE('',#17783,#17783,#17785,.T.);
#17783 = VERTEX_POINT('',#17784);
#17784 = CARTESIAN_POINT('',(92.,-62.,-37.25));
#17785 = CIRCLE('',#17786,2.75);
#17786 = AXIS2_PLACEMENT_3D('',#17787,#17788,#17789);
#17787 = CARTESIAN_POINT('',(92.,-62.,-40.));
#17788 = DIRECTION('',(1.,0.,-0.));
#17789 = DIRECTION('',(0.,0.,1.));
#17790 = FACE_BOUND('',#17791,.F.);
#17791 = EDGE_LOOP('',(#17792));
#17792 = ORIENTED_EDGE('',*,*,#17749,.F.);
#17793 = PLANE('',#17794);
#17794 = AXIS2_PLACEMENT_3D('',#17795,#17796,#17797);
#17795 = CARTESIAN_POINT('',(92.,-62.,-40.));
#17796 = DIRECTION('',(1.,0.,0.));
#17797 = DIRECTION('',(0.,0.,1.));
#17798 = ADVANCED_FACE('',(#17799),#17802,.F.);
#17799 = FACE_BOUND('',#17800,.T.);
#17800 = EDGE_LOOP('',(#17801));
#17801 = ORIENTED_EDGE('',*,*,#17766,.F.);
#17802 = PLANE('',#17803);
#17803 = AXIS2_PLACEMENT_3D('',#17804,#17805,#17806);
#17804 = CARTESIAN_POINT('',(86.,-62.,-40.));
#17805 = DIRECTION('',(1.,0.,0.));
#17806 = DIRECTION('',(0.,0.,1.));
#17807 = ADVANCED_FACE('',(#17808),#17827,.T.);
#17808 = FACE_BOUND('',#17809,.T.);
#17809 = EDGE_LOOP('',(#17810,#17819,#17825,#17826));
#17810 = ORIENTED_EDGE('',*,*,#17811,.F.);
#17811 = EDGE_CURVE('',#17812,#17812,#17814,.T.);
#17812 = VERTEX_POINT('',#17813);
#17813 = CARTESIAN_POINT('',(95.,-62.,-37.25));
#17814 = CIRCLE('',#17815,2.75);
#17815 = AXIS2_PLACEMENT_3D('',#17816,#17817,#17818);
#17816 = CARTESIAN_POINT('',(95.,-62.,-40.));
#17817 = DIRECTION('',(1.,0.,-0.));
#17818 = DIRECTION('',(0.,0.,1.));
#17819 = ORIENTED_EDGE('',*,*,#17820,.F.);
#17820 = EDGE_CURVE('',#17783,#17812,#17821,.T.);
#17821 = LINE('',#17822,#17823);
#17822 = CARTESIAN_POINT('',(92.,-62.,-37.25));
#17823 = VECTOR('',#17824,1.);
#17824 = DIRECTION('',(1.,0.,0.));
#17825 = ORIENTED_EDGE('',*,*,#17782,.T.);
#17826 = ORIENTED_EDGE('',*,*,#17820,.T.);
#17827 = CYLINDRICAL_SURFACE('',#17828,2.75);
#17828 = AXIS2_PLACEMENT_3D('',#17829,#17830,#17831);
#17829 = CARTESIAN_POINT('',(92.,-62.,-40.));
#17830 = DIRECTION('',(1.,0.,0.));
#17831 = DIRECTION('',(0.,0.,1.));
#17832 = ADVANCED_FACE('',(#17833),#17836,.T.);
#17833 = FACE_BOUND('',#17834,.T.);
#17834 = EDGE_LOOP('',(#17835));
#17835 = ORIENTED_EDGE('',*,*,#17811,.T.);
#17836 = PLANE('',#17837);
#17837 = AXIS2_PLACEMENT_3D('',#17838,#17839,#17840);
#17838 = CARTESIAN_POINT('',(95.,-62.,-40.));
#17839 = DIRECTION('',(1.,0.,0.));
#17840 = DIRECTION('',(0.,0.,1.));
#17841 = MANIFOLD_SOLID_BREP('',#17842);
#17842 = CLOSED_SHELL('',(#17843,#17876,#17885,#17905,#17930));
#17843 = ADVANCED_FACE('',(#17844),#17871,.T.);
#17844 = FACE_BOUND('',#17845,.T.);
#17845 = EDGE_LOOP('',(#17846,#17855,#17863,#17870));
#17846 = ORIENTED_EDGE('',*,*,#17847,.F.);
#17847 = EDGE_CURVE('',#17848,#17848,#17850,.T.);
#17848 = VERTEX_POINT('',#17849);
#17849 = CARTESIAN_POINT('',(-86.,-62.,-38.5));
#17850 = CIRCLE('',#17851,1.5);
#17851 = AXIS2_PLACEMENT_3D('',#17852,#17853,#17854);
#17852 = CARTESIAN_POINT('',(-86.,-62.,-40.));
#17853 = DIRECTION('',(1.,0.,-0.));
#17854 = DIRECTION('',(0.,0.,1.));
#17855 = ORIENTED_EDGE('',*,*,#17856,.F.);
#17856 = EDGE_CURVE('',#17857,#17848,#17859,.T.);
#17857 = VERTEX_POINT('',#17858);
#17858 = CARTESIAN_POINT('',(-92.,-62.,-38.5));
#17859 = LINE('',#17860,#17861);
#17860 = CARTESIAN_POINT('',(-92.,-62.,-38.5));
#17861 = VECTOR('',#17862,1.);
#17862 = DIRECTION('',(1.,0.,0.));
#17863 = ORIENTED_EDGE('',*,*,#17864,.T.);
#17864 = EDGE_CURVE('',#17857,#17857,#17865,.T.);
#17865 = CIRCLE('',#17866,1.5);
#17866 = AXIS2_PLACEMENT_3D('',#17867,#17868,#17869);
#17867 = CARTESIAN_POINT('',(-92.,-62.,-40.));
#17868 = DIRECTION('',(1.,0.,-0.));
#17869 = DIRECTION('',(0.,0.,1.));
#17870 = ORIENTED_EDGE('',*,*,#17856,.T.);
#17871 = CYLINDRICAL_SURFACE('',#17872,1.5);
#17872 = AXIS2_PLACEMENT_3D('',#17873,#17874,#17875);
#17873 = CARTESIAN_POINT('',(-92.,-62.,-40.));
#17874 = DIRECTION('',(1.,0.,0.));
#17875 = DIRECTION('',(0.,0.,1.));
#17876 = ADVANCED_FACE('',(#17877),#17880,.T.);
#17877 = FACE_BOUND('',#17878,.T.);
#17878 = EDGE_LOOP('',(#17879));
#17879 = ORIENTED_EDGE('',*,*,#17847,.T.);
#17880 = PLANE('',#17881);
#17881 = AXIS2_PLACEMENT_3D('',#17882,#17883,#17884);
#17882 = CARTESIAN_POINT('',(-86.,-62.,-40.));
#17883 = DIRECTION('',(1.,0.,0.));
#17884 = DIRECTION('',(0.,0.,1.));
#17885 = ADVANCED_FACE('',(#17886,#17897),#17900,.T.);
#17886 = FACE_BOUND('',#17887,.T.);
#17887 = EDGE_LOOP('',(#17888));
#17888 = ORIENTED_EDGE('',*,*,#17889,.T.);
#17889 = EDGE_CURVE('',#17890,#17890,#17892,.T.);
#17890 = VERTEX_POINT('',#17891);
#17891 = CARTESIAN_POINT('',(-92.,-62.,-37.25));
#17892 = CIRCLE('',#17893,2.75);
#17893 = AXIS2_PLACEMENT_3D('',#17894,#17895,#17896);
#17894 = CARTESIAN_POINT('',(-92.,-62.,-40.));
#17895 = DIRECTION('',(1.,0.,-0.));
#17896 = DIRECTION('',(0.,0.,1.));
#17897 = FACE_BOUND('',#17898,.T.);
#17898 = EDGE_LOOP('',(#17899));
#17899 = ORIENTED_EDGE('',*,*,#17864,.F.);
#17900 = PLANE('',#17901);
#17901 = AXIS2_PLACEMENT_3D('',#17902,#17903,#17904);
#17902 = CARTESIAN_POINT('',(-92.,-62.,-40.));
#17903 = DIRECTION('',(1.,0.,0.));
#17904 = DIRECTION('',(0.,0.,1.));
#17905 = ADVANCED_FACE('',(#17906),#17925,.T.);
#17906 = FACE_BOUND('',#17907,.T.);
#17907 = EDGE_LOOP('',(#17908,#17909,#17917,#17924));
#17908 = ORIENTED_EDGE('',*,*,#17889,.F.);
#17909 = ORIENTED_EDGE('',*,*,#17910,.F.);
#17910 = EDGE_CURVE('',#17911,#17890,#17913,.T.);
#17911 = VERTEX_POINT('',#17912);
#17912 = CARTESIAN_POINT('',(-95.,-62.,-37.25));
#17913 = LINE('',#17914,#17915);
#17914 = CARTESIAN_POINT('',(-95.,-62.,-37.25));
#17915 = VECTOR('',#17916,1.);
#17916 = DIRECTION('',(1.,0.,0.));
#17917 = ORIENTED_EDGE('',*,*,#17918,.T.);
#17918 = EDGE_CURVE('',#17911,#17911,#17919,.T.);
#17919 = CIRCLE('',#17920,2.75);
#17920 = AXIS2_PLACEMENT_3D('',#17921,#17922,#17923);
#17921 = CARTESIAN_POINT('',(-95.,-62.,-40.));
#17922 = DIRECTION('',(1.,0.,-0.));
#17923 = DIRECTION('',(0.,0.,1.));
#17924 = ORIENTED_EDGE('',*,*,#17910,.T.);
#17925 = CYLINDRICAL_SURFACE('',#17926,2.75);
#17926 = AXIS2_PLACEMENT_3D('',#17927,#17928,#17929);
#17927 = CARTESIAN_POINT('',(-95.,-62.,-40.));
#17928 = DIRECTION('',(1.,0.,0.));
#17929 = DIRECTION('',(0.,0.,1.));
#17930 = ADVANCED_FACE('',(#17931),#17934,.F.);
#17931 = FACE_BOUND('',#17932,.T.);
#17932 = EDGE_LOOP('',(#17933));
#17933 = ORIENTED_EDGE('',*,*,#17918,.F.);
#17934 = PLANE('',#17935);
#17935 = AXIS2_PLACEMENT_3D('',#17936,#17937,#17938);
#17936 = CARTESIAN_POINT('',(-95.,-62.,-40.));
#17937 = DIRECTION('',(1.,0.,0.));
#17938 = DIRECTION('',(0.,0.,1.));
#17939 = MANIFOLD_SOLID_BREP('',#17940);
#17940 = CLOSED_SHELL('',(#17941,#17974,#17994,#18003,#18028));
#17941 = ADVANCED_FACE('',(#17942),#17969,.T.);
#17942 = FACE_BOUND('',#17943,.T.);
#17943 = EDGE_LOOP('',(#17944,#17953,#17961,#17968));
#17944 = ORIENTED_EDGE('',*,*,#17945,.F.);
#17945 = EDGE_CURVE('',#17946,#17946,#17948,.T.);
#17946 = VERTEX_POINT('',#17947);
#17947 = CARTESIAN_POINT('',(92.,-62.,42.5));
#17948 = CIRCLE('',#17949,1.5);
#17949 = AXIS2_PLACEMENT_3D('',#17950,#17951,#17952);
#17950 = CARTESIAN_POINT('',(92.,-62.,41.));
#17951 = DIRECTION('',(1.,0.,-0.));
#17952 = DIRECTION('',(0.,0.,1.));
#17953 = ORIENTED_EDGE('',*,*,#17954,.F.);
#17954 = EDGE_CURVE('',#17955,#17946,#17957,.T.);
#17955 = VERTEX_POINT('',#17956);
#17956 = CARTESIAN_POINT('',(86.,-62.,42.5));
#17957 = LINE('',#17958,#17959);
#17958 = CARTESIAN_POINT('',(86.,-62.,42.5));
#17959 = VECTOR('',#17960,1.);
#17960 = DIRECTION('',(1.,0.,0.));
#17961 = ORIENTED_EDGE('',*,*,#17962,.T.);
#17962 = EDGE_CURVE('',#17955,#17955,#17963,.T.);
#17963 = CIRCLE('',#17964,1.5);
#17964 = AXIS2_PLACEMENT_3D('',#17965,#17966,#17967);
#17965 = CARTESIAN_POINT('',(86.,-62.,41.));
#17966 = DIRECTION('',(1.,0.,-0.));
#17967 = DIRECTION('',(0.,0.,1.));
#17968 = ORIENTED_EDGE('',*,*,#17954,.T.);
#17969 = CYLINDRICAL_SURFACE('',#17970,1.5);
#17970 = AXIS2_PLACEMENT_3D('',#17971,#17972,#17973);
#17971 = CARTESIAN_POINT('',(86.,-62.,41.));
#17972 = DIRECTION('',(1.,0.,0.));
#17973 = DIRECTION('',(0.,0.,1.));
#17974 = ADVANCED_FACE('',(#17975,#17986),#17989,.F.);
#17975 = FACE_BOUND('',#17976,.F.);
#17976 = EDGE_LOOP('',(#17977));
#17977 = ORIENTED_EDGE('',*,*,#17978,.T.);
#17978 = EDGE_CURVE('',#17979,#17979,#17981,.T.);
#17979 = VERTEX_POINT('',#17980);
#17980 = CARTESIAN_POINT('',(92.,-62.,43.75));
#17981 = CIRCLE('',#17982,2.75);
#17982 = AXIS2_PLACEMENT_3D('',#17983,#17984,#17985);
#17983 = CARTESIAN_POINT('',(92.,-62.,41.));
#17984 = DIRECTION('',(1.,0.,-0.));
#17985 = DIRECTION('',(0.,0.,1.));
#17986 = FACE_BOUND('',#17987,.F.);
#17987 = EDGE_LOOP('',(#17988));
#17988 = ORIENTED_EDGE('',*,*,#17945,.F.);
#17989 = PLANE('',#17990);
#17990 = AXIS2_PLACEMENT_3D('',#17991,#17992,#17993);
#17991 = CARTESIAN_POINT('',(92.,-62.,41.));
#17992 = DIRECTION('',(1.,0.,0.));
#17993 = DIRECTION('',(0.,0.,1.));
#17994 = ADVANCED_FACE('',(#17995),#17998,.F.);
#17995 = FACE_BOUND('',#17996,.T.);
#17996 = EDGE_LOOP('',(#17997));
#17997 = ORIENTED_EDGE('',*,*,#17962,.F.);
#17998 = PLANE('',#17999);
#17999 = AXIS2_PLACEMENT_3D('',#18000,#18001,#18002);
#18000 = CARTESIAN_POINT('',(86.,-62.,41.));
#18001 = DIRECTION('',(1.,0.,0.));
#18002 = DIRECTION('',(0.,0.,1.));
#18003 = ADVANCED_FACE('',(#18004),#18023,.T.);
#18004 = FACE_BOUND('',#18005,.T.);
#18005 = EDGE_LOOP('',(#18006,#18015,#18021,#18022));
#18006 = ORIENTED_EDGE('',*,*,#18007,.F.);
#18007 = EDGE_CURVE('',#18008,#18008,#18010,.T.);
#18008 = VERTEX_POINT('',#18009);
#18009 = CARTESIAN_POINT('',(95.,-62.,43.75));
#18010 = CIRCLE('',#18011,2.75);
#18011 = AXIS2_PLACEMENT_3D('',#18012,#18013,#18014);
#18012 = CARTESIAN_POINT('',(95.,-62.,41.));
#18013 = DIRECTION('',(1.,0.,-0.));
#18014 = DIRECTION('',(0.,0.,1.));
#18015 = ORIENTED_EDGE('',*,*,#18016,.F.);
#18016 = EDGE_CURVE('',#17979,#18008,#18017,.T.);
#18017 = LINE('',#18018,#18019);
#18018 = CARTESIAN_POINT('',(92.,-62.,43.75));
#18019 = VECTOR('',#18020,1.);
#18020 = DIRECTION('',(1.,0.,0.));
#18021 = ORIENTED_EDGE('',*,*,#17978,.T.);
#18022 = ORIENTED_EDGE('',*,*,#18016,.T.);
#18023 = CYLINDRICAL_SURFACE('',#18024,2.75);
#18024 = AXIS2_PLACEMENT_3D('',#18025,#18026,#18027);
#18025 = CARTESIAN_POINT('',(92.,-62.,41.));
#18026 = DIRECTION('',(1.,0.,0.));
#18027 = DIRECTION('',(0.,0.,1.));
#18028 = ADVANCED_FACE('',(#18029),#18032,.T.);
#18029 = FACE_BOUND('',#18030,.T.);
#18030 = EDGE_LOOP('',(#18031));
#18031 = ORIENTED_EDGE('',*,*,#18007,.T.);
#18032 = PLANE('',#18033);
#18033 = AXIS2_PLACEMENT_3D('',#18034,#18035,#18036);
#18034 = CARTESIAN_POINT('',(95.,-62.,41.));
#18035 = DIRECTION('',(1.,0.,0.));
#18036 = DIRECTION('',(0.,0.,1.));
#18037 = MANIFOLD_SOLID_BREP('',#18038);
#18038 = CLOSED_SHELL('',(#18039,#18072,#18081,#18101,#18126));
#18039 = ADVANCED_FACE('',(#18040),#18067,.T.);
#18040 = FACE_BOUND('',#18041,.T.);
#18041 = EDGE_LOOP('',(#18042,#18051,#18059,#18066));
#18042 = ORIENTED_EDGE('',*,*,#18043,.F.);
#18043 = EDGE_CURVE('',#18044,#18044,#18046,.T.);
#18044 = VERTEX_POINT('',#18045);
#18045 = CARTESIAN_POINT('',(-86.,-62.,42.5));
#18046 = CIRCLE('',#18047,1.5);
#18047 = AXIS2_PLACEMENT_3D('',#18048,#18049,#18050);
#18048 = CARTESIAN_POINT('',(-86.,-62.,41.));
#18049 = DIRECTION('',(1.,0.,-0.));
#18050 = DIRECTION('',(0.,0.,1.));
#18051 = ORIENTED_EDGE('',*,*,#18052,.F.);
#18052 = EDGE_CURVE('',#18053,#18044,#18055,.T.);
#18053 = VERTEX_POINT('',#18054);
#18054 = CARTESIAN_POINT('',(-92.,-62.,42.5));
#18055 = LINE('',#18056,#18057);
#18056 = CARTESIAN_POINT('',(-92.,-62.,42.5));
#18057 = VECTOR('',#18058,1.);
#18058 = DIRECTION('',(1.,0.,0.));
#18059 = ORIENTED_EDGE('',*,*,#18060,.T.);
#18060 = EDGE_CURVE('',#18053,#18053,#18061,.T.);
#18061 = CIRCLE('',#18062,1.5);
#18062 = AXIS2_PLACEMENT_3D('',#18063,#18064,#18065);
#18063 = CARTESIAN_POINT('',(-92.,-62.,41.));
#18064 = DIRECTION('',(1.,0.,-0.));
#18065 = DIRECTION('',(0.,0.,1.));
#18066 = ORIENTED_EDGE('',*,*,#18052,.T.);
#18067 = CYLINDRICAL_SURFACE('',#18068,1.5);
#18068 = AXIS2_PLACEMENT_3D('',#18069,#18070,#18071);
#18069 = CARTESIAN_POINT('',(-92.,-62.,41.));
#18070 = DIRECTION('',(1.,0.,0.));
#18071 = DIRECTION('',(0.,0.,1.));
#18072 = ADVANCED_FACE('',(#18073),#18076,.T.);
#18073 = FACE_BOUND('',#18074,.T.);
#18074 = EDGE_LOOP('',(#18075));
#18075 = ORIENTED_EDGE('',*,*,#18043,.T.);
#18076 = PLANE('',#18077);
#18077 = AXIS2_PLACEMENT_3D('',#18078,#18079,#18080);
#18078 = CARTESIAN_POINT('',(-86.,-62.,41.));
#18079 = DIRECTION('',(1.,0.,0.));
#18080 = DIRECTION('',(0.,0.,1.));
#18081 = ADVANCED_FACE('',(#18082,#18093),#18096,.T.);
#18082 = FACE_BOUND('',#18083,.T.);
#18083 = EDGE_LOOP('',(#18084));
#18084 = ORIENTED_EDGE('',*,*,#18085,.T.);
#18085 = EDGE_CURVE('',#18086,#18086,#18088,.T.);
#18086 = VERTEX_POINT('',#18087);
#18087 = CARTESIAN_POINT('',(-92.,-62.,43.75));
#18088 = CIRCLE('',#18089,2.75);
#18089 = AXIS2_PLACEMENT_3D('',#18090,#18091,#18092);
#18090 = CARTESIAN_POINT('',(-92.,-62.,41.));
#18091 = DIRECTION('',(1.,0.,-0.));
#18092 = DIRECTION('',(0.,0.,1.));
#18093 = FACE_BOUND('',#18094,.T.);
#18094 = EDGE_LOOP('',(#18095));
#18095 = ORIENTED_EDGE('',*,*,#18060,.F.);
#18096 = PLANE('',#18097);
#18097 = AXIS2_PLACEMENT_3D('',#18098,#18099,#18100);
#18098 = CARTESIAN_POINT('',(-92.,-62.,41.));
#18099 = DIRECTION('',(1.,0.,0.));
#18100 = DIRECTION('',(0.,0.,1.));
#18101 = ADVANCED_FACE('',(#18102),#18121,.T.);
#18102 = FACE_BOUND('',#18103,.T.);
#18103 = EDGE_LOOP('',(#18104,#18105,#18113,#18120));
#18104 = ORIENTED_EDGE('',*,*,#18085,.F.);
#18105 = ORIENTED_EDGE('',*,*,#18106,.F.);
#18106 = EDGE_CURVE('',#18107,#18086,#18109,.T.);
#18107 = VERTEX_POINT('',#18108);
#18108 = CARTESIAN_POINT('',(-95.,-62.,43.75));
#18109 = LINE('',#18110,#18111);
#18110 = CARTESIAN_POINT('',(-95.,-62.,43.75));
#18111 = VECTOR('',#18112,1.);
#18112 = DIRECTION('',(1.,0.,0.));
#18113 = ORIENTED_EDGE('',*,*,#18114,.T.);
#18114 = EDGE_CURVE('',#18107,#18107,#18115,.T.);
#18115 = CIRCLE('',#18116,2.75);
#18116 = AXIS2_PLACEMENT_3D('',#18117,#18118,#18119);
#18117 = CARTESIAN_POINT('',(-95.,-62.,41.));
#18118 = DIRECTION('',(1.,0.,-0.));
#18119 = DIRECTION('',(0.,0.,1.));
#18120 = ORIENTED_EDGE('',*,*,#18106,.T.);
#18121 = CYLINDRICAL_SURFACE('',#18122,2.75);
#18122 = AXIS2_PLACEMENT_3D('',#18123,#18124,#18125);
#18123 = CARTESIAN_POINT('',(-95.,-62.,41.));
#18124 = DIRECTION('',(1.,0.,0.));
#18125 = DIRECTION('',(0.,0.,1.));
#18126 = ADVANCED_FACE('',(#18127),#18130,.F.);
#18127 = FACE_BOUND('',#18128,.T.);
#18128 = EDGE_LOOP('',(#18129));
#18129 = ORIENTED_EDGE('',*,*,#18114,.F.);
#18130 = PLANE('',#18131);
#18131 = AXIS2_PLACEMENT_3D('',#18132,#18133,#18134);
#18132 = CARTESIAN_POINT('',(-95.,-62.,41.));
#18133 = DIRECTION('',(1.,0.,0.));
#18134 = DIRECTION('',(0.,0.,1.));
#18135 = MANIFOLD_SOLID_BREP('',#18136);
#18136 = CLOSED_SHELL('',(#18137,#18170,#18190,#18199,#18224));
#18137 = ADVANCED_FACE('',(#18138),#18165,.T.);
#18138 = FACE_BOUND('',#18139,.T.);
#18139 = EDGE_LOOP('',(#18140,#18149,#18157,#18164));
#18140 = ORIENTED_EDGE('',*,*,#18141,.F.);
#18141 = EDGE_CURVE('',#18142,#18142,#18144,.T.);
#18142 = VERTEX_POINT('',#18143);
#18143 = CARTESIAN_POINT('',(92.,62.,-38.5));
#18144 = CIRCLE('',#18145,1.5);
#18145 = AXIS2_PLACEMENT_3D('',#18146,#18147,#18148);
#18146 = CARTESIAN_POINT('',(92.,62.,-40.));
#18147 = DIRECTION('',(1.,0.,-0.));
#18148 = DIRECTION('',(0.,0.,1.));
#18149 = ORIENTED_EDGE('',*,*,#18150,.F.);
#18150 = EDGE_CURVE('',#18151,#18142,#18153,.T.);
#18151 = VERTEX_POINT('',#18152);
#18152 = CARTESIAN_POINT('',(86.,62.,-38.5));
#18153 = LINE('',#18154,#18155);
#18154 = CARTESIAN_POINT('',(86.,62.,-38.5));
#18155 = VECTOR('',#18156,1.);
#18156 = DIRECTION('',(1.,0.,0.));
#18157 = ORIENTED_EDGE('',*,*,#18158,.T.);
#18158 = EDGE_CURVE('',#18151,#18151,#18159,.T.);
#18159 = CIRCLE('',#18160,1.5);
#18160 = AXIS2_PLACEMENT_3D('',#18161,#18162,#18163);
#18161 = CARTESIAN_POINT('',(86.,62.,-40.));
#18162 = DIRECTION('',(1.,0.,-0.));
#18163 = DIRECTION('',(0.,0.,1.));
#18164 = ORIENTED_EDGE('',*,*,#18150,.T.);
#18165 = CYLINDRICAL_SURFACE('',#18166,1.5);
#18166 = AXIS2_PLACEMENT_3D('',#18167,#18168,#18169);
#18167 = CARTESIAN_POINT('',(86.,62.,-40.));
#18168 = DIRECTION('',(1.,0.,0.));
#18169 = DIRECTION('',(0.,0.,1.));
#18170 = ADVANCED_FACE('',(#18171,#18182),#18185,.F.);
#18171 = FACE_BOUND('',#18172,.F.);
#18172 = EDGE_LOOP('',(#18173));
#18173 = ORIENTED_EDGE('',*,*,#18174,.T.);
#18174 = EDGE_CURVE('',#18175,#18175,#18177,.T.);
#18175 = VERTEX_POINT('',#18176);
#18176 = CARTESIAN_POINT('',(92.,62.,-37.25));
#18177 = CIRCLE('',#18178,2.75);
#18178 = AXIS2_PLACEMENT_3D('',#18179,#18180,#18181);
#18179 = CARTESIAN_POINT('',(92.,62.,-40.));
#18180 = DIRECTION('',(1.,0.,-0.));
#18181 = DIRECTION('',(0.,0.,1.));
#18182 = FACE_BOUND('',#18183,.F.);
#18183 = EDGE_LOOP('',(#18184));
#18184 = ORIENTED_EDGE('',*,*,#18141,.F.);
#18185 = PLANE('',#18186);
#18186 = AXIS2_PLACEMENT_3D('',#18187,#18188,#18189);
#18187 = CARTESIAN_POINT('',(92.,62.,-40.));
#18188 = DIRECTION('',(1.,0.,0.));
#18189 = DIRECTION('',(0.,0.,1.));
#18190 = ADVANCED_FACE('',(#18191),#18194,.F.);
#18191 = FACE_BOUND('',#18192,.T.);
#18192 = EDGE_LOOP('',(#18193));
#18193 = ORIENTED_EDGE('',*,*,#18158,.F.);
#18194 = PLANE('',#18195);
#18195 = AXIS2_PLACEMENT_3D('',#18196,#18197,#18198);
#18196 = CARTESIAN_POINT('',(86.,62.,-40.));
#18197 = DIRECTION('',(1.,0.,0.));
#18198 = DIRECTION('',(0.,0.,1.));
#18199 = ADVANCED_FACE('',(#18200),#18219,.T.);
#18200 = FACE_BOUND('',#18201,.T.);
#18201 = EDGE_LOOP('',(#18202,#18211,#18217,#18218));
#18202 = ORIENTED_EDGE('',*,*,#18203,.F.);
#18203 = EDGE_CURVE('',#18204,#18204,#18206,.T.);
#18204 = VERTEX_POINT('',#18205);
#18205 = CARTESIAN_POINT('',(95.,62.,-37.25));
#18206 = CIRCLE('',#18207,2.75);
#18207 = AXIS2_PLACEMENT_3D('',#18208,#18209,#18210);
#18208 = CARTESIAN_POINT('',(95.,62.,-40.));
#18209 = DIRECTION('',(1.,0.,-0.));
#18210 = DIRECTION('',(0.,0.,1.));
#18211 = ORIENTED_EDGE('',*,*,#18212,.F.);
#18212 = EDGE_CURVE('',#18175,#18204,#18213,.T.);
#18213 = LINE('',#18214,#18215);
#18214 = CARTESIAN_POINT('',(92.,62.,-37.25));
#18215 = VECTOR('',#18216,1.);
#18216 = DIRECTION('',(1.,0.,0.));
#18217 = ORIENTED_EDGE('',*,*,#18174,.T.);
#18218 = ORIENTED_EDGE('',*,*,#18212,.T.);
#18219 = CYLINDRICAL_SURFACE('',#18220,2.75);
#18220 = AXIS2_PLACEMENT_3D('',#18221,#18222,#18223);
#18221 = CARTESIAN_POINT('',(92.,62.,-40.));
#18222 = DIRECTION('',(1.,0.,0.));
#18223 = DIRECTION('',(0.,0.,1.));
#18224 = ADVANCED_FACE('',(#18225),#18228,.T.);
#18225 = FACE_BOUND('',#18226,.T.);
#18226 = EDGE_LOOP('',(#18227));
#18227 = ORIENTED_EDGE('',*,*,#18203,.T.);
#18228 = PLANE('',#18229);
#18229 = AXIS2_PLACEMENT_3D('',#18230,#18231,#18232);
#18230 = CARTESIAN_POINT('',(95.,62.,-40.));
#18231 = DIRECTION('',(1.,0.,0.));
#18232 = DIRECTION('',(0.,0.,1.));
#18233 = MANIFOLD_SOLID_BREP('',#18234);
#18234 = CLOSED_SHELL('',(#18235,#18268,#18277,#18297,#18322));
#18235 = ADVANCED_FACE('',(#18236),#18263,.T.);
#18236 = FACE_BOUND('',#18237,.T.);
#18237 = EDGE_LOOP('',(#18238,#18247,#18255,#18262));
#18238 = ORIENTED_EDGE('',*,*,#18239,.F.);
#18239 = EDGE_CURVE('',#18240,#18240,#18242,.T.);
#18240 = VERTEX_POINT('',#18241);
#18241 = CARTESIAN_POINT('',(-86.,62.,-38.5));
#18242 = CIRCLE('',#18243,1.5);
#18243 = AXIS2_PLACEMENT_3D('',#18244,#18245,#18246);
#18244 = CARTESIAN_POINT('',(-86.,62.,-40.));
#18245 = DIRECTION('',(1.,0.,-0.));
#18246 = DIRECTION('',(0.,0.,1.));
#18247 = ORIENTED_EDGE('',*,*,#18248,.F.);
#18248 = EDGE_CURVE('',#18249,#18240,#18251,.T.);
#18249 = VERTEX_POINT('',#18250);
#18250 = CARTESIAN_POINT('',(-92.,62.,-38.5));
#18251 = LINE('',#18252,#18253);
#18252 = CARTESIAN_POINT('',(-92.,62.,-38.5));
#18253 = VECTOR('',#18254,1.);
#18254 = DIRECTION('',(1.,0.,0.));
#18255 = ORIENTED_EDGE('',*,*,#18256,.T.);
#18256 = EDGE_CURVE('',#18249,#18249,#18257,.T.);
#18257 = CIRCLE('',#18258,1.5);
#18258 = AXIS2_PLACEMENT_3D('',#18259,#18260,#18261);
#18259 = CARTESIAN_POINT('',(-92.,62.,-40.));
#18260 = DIRECTION('',(1.,0.,-0.));
#18261 = DIRECTION('',(0.,0.,1.));
#18262 = ORIENTED_EDGE('',*,*,#18248,.T.);
#18263 = CYLINDRICAL_SURFACE('',#18264,1.5);
#18264 = AXIS2_PLACEMENT_3D('',#18265,#18266,#18267);
#18265 = CARTESIAN_POINT('',(-92.,62.,-40.));
#18266 = DIRECTION('',(1.,0.,0.));
#18267 = DIRECTION('',(0.,0.,1.));
#18268 = ADVANCED_FACE('',(#18269),#18272,.T.);
#18269 = FACE_BOUND('',#18270,.T.);
#18270 = EDGE_LOOP('',(#18271));
#18271 = ORIENTED_EDGE('',*,*,#18239,.T.);
#18272 = PLANE('',#18273);
#18273 = AXIS2_PLACEMENT_3D('',#18274,#18275,#18276);
#18274 = CARTESIAN_POINT('',(-86.,62.,-40.));
#18275 = DIRECTION('',(1.,0.,0.));
#18276 = DIRECTION('',(0.,0.,1.));
#18277 = ADVANCED_FACE('',(#18278,#18289),#18292,.T.);
#18278 = FACE_BOUND('',#18279,.T.);
#18279 = EDGE_LOOP('',(#18280));
#18280 = ORIENTED_EDGE('',*,*,#18281,.T.);
#18281 = EDGE_CURVE('',#18282,#18282,#18284,.T.);
#18282 = VERTEX_POINT('',#18283);
#18283 = CARTESIAN_POINT('',(-92.,62.,-37.25));
#18284 = CIRCLE('',#18285,2.75);
#18285 = AXIS2_PLACEMENT_3D('',#18286,#18287,#18288);
#18286 = CARTESIAN_POINT('',(-92.,62.,-40.));
#18287 = DIRECTION('',(1.,0.,-0.));
#18288 = DIRECTION('',(0.,0.,1.));
#18289 = FACE_BOUND('',#18290,.T.);
#18290 = EDGE_LOOP('',(#18291));
#18291 = ORIENTED_EDGE('',*,*,#18256,.F.);
#18292 = PLANE('',#18293);
#18293 = AXIS2_PLACEMENT_3D('',#18294,#18295,#18296);
#18294 = CARTESIAN_POINT('',(-92.,62.,-40.));
#18295 = DIRECTION('',(1.,0.,0.));
#18296 = DIRECTION('',(0.,0.,1.));
#18297 = ADVANCED_FACE('',(#18298),#18317,.T.);
#18298 = FACE_BOUND('',#18299,.T.);
#18299 = EDGE_LOOP('',(#18300,#18301,#18309,#18316));
#18300 = ORIENTED_EDGE('',*,*,#18281,.F.);
#18301 = ORIENTED_EDGE('',*,*,#18302,.F.);
#18302 = EDGE_CURVE('',#18303,#18282,#18305,.T.);
#18303 = VERTEX_POINT('',#18304);
#18304 = CARTESIAN_POINT('',(-95.,62.,-37.25));
#18305 = LINE('',#18306,#18307);
#18306 = CARTESIAN_POINT('',(-95.,62.,-37.25));
#18307 = VECTOR('',#18308,1.);
#18308 = DIRECTION('',(1.,0.,0.));
#18309 = ORIENTED_EDGE('',*,*,#18310,.T.);
#18310 = EDGE_CURVE('',#18303,#18303,#18311,.T.);
#18311 = CIRCLE('',#18312,2.75);
#18312 = AXIS2_PLACEMENT_3D('',#18313,#18314,#18315);
#18313 = CARTESIAN_POINT('',(-95.,62.,-40.));
#18314 = DIRECTION('',(1.,0.,-0.));
#18315 = DIRECTION('',(0.,0.,1.));
#18316 = ORIENTED_EDGE('',*,*,#18302,.T.);
#18317 = CYLINDRICAL_SURFACE('',#18318,2.75);
#18318 = AXIS2_PLACEMENT_3D('',#18319,#18320,#18321);
#18319 = CARTESIAN_POINT('',(-95.,62.,-40.));
#18320 = DIRECTION('',(1.,0.,0.));
#18321 = DIRECTION('',(0.,0.,1.));
#18322 = ADVANCED_FACE('',(#18323),#18326,.F.);
#18323 = FACE_BOUND('',#18324,.T.);
#18324 = EDGE_LOOP('',(#18325));
#18325 = ORIENTED_EDGE('',*,*,#18310,.F.);
#18326 = PLANE('',#18327);
#18327 = AXIS2_PLACEMENT_3D('',#18328,#18329,#18330);
#18328 = CARTESIAN_POINT('',(-95.,62.,-40.));
#18329 = DIRECTION('',(1.,0.,0.));
#18330 = DIRECTION('',(0.,0.,1.));
#18331 = MANIFOLD_SOLID_BREP('',#18332);
#18332 = CLOSED_SHELL('',(#18333,#18366,#18386,#18395,#18420));
#18333 = ADVANCED_FACE('',(#18334),#18361,.T.);
#18334 = FACE_BOUND('',#18335,.T.);
#18335 = EDGE_LOOP('',(#18336,#18345,#18353,#18360));
#18336 = ORIENTED_EDGE('',*,*,#18337,.F.);
#18337 = EDGE_CURVE('',#18338,#18338,#18340,.T.);
#18338 = VERTEX_POINT('',#18339);
#18339 = CARTESIAN_POINT('',(92.,62.,42.5));
#18340 = CIRCLE('',#18341,1.5);
#18341 = AXIS2_PLACEMENT_3D('',#18342,#18343,#18344);
#18342 = CARTESIAN_POINT('',(92.,62.,41.));
#18343 = DIRECTION('',(1.,0.,-0.));
#18344 = DIRECTION('',(0.,0.,1.));
#18345 = ORIENTED_EDGE('',*,*,#18346,.F.);
#18346 = EDGE_CURVE('',#18347,#18338,#18349,.T.);
#18347 = VERTEX_POINT('',#18348);
#18348 = CARTESIAN_POINT('',(86.,62.,42.5));
#18349 = LINE('',#18350,#18351);
#18350 = CARTESIAN_POINT('',(86.,62.,42.5));
#18351 = VECTOR('',#18352,1.);
#18352 = DIRECTION('',(1.,0.,0.));
#18353 = ORIENTED_EDGE('',*,*,#18354,.T.);
#18354 = EDGE_CURVE('',#18347,#18347,#18355,.T.);
#18355 = CIRCLE('',#18356,1.5);
#18356 = AXIS2_PLACEMENT_3D('',#18357,#18358,#18359);
#18357 = CARTESIAN_POINT('',(86.,62.,41.));
#18358 = DIRECTION('',(1.,0.,-0.));
#18359 = DIRECTION('',(0.,0.,1.));
#18360 = ORIENTED_EDGE('',*,*,#18346,.T.);
#18361 = CYLINDRICAL_SURFACE('',#18362,1.5);
#18362 = AXIS2_PLACEMENT_3D('',#18363,#18364,#18365);
#18363 = CARTESIAN_POINT('',(86.,62.,41.));
#18364 = DIRECTION('',(1.,0.,0.));
#18365 = DIRECTION('',(0.,0.,1.));
#18366 = ADVANCED_FACE('',(#18367,#18378),#18381,.F.);
#18367 = FACE_BOUND('',#18368,.F.);
#18368 = EDGE_LOOP('',(#18369));
#18369 = ORIENTED_EDGE('',*,*,#18370,.T.);
#18370 = EDGE_CURVE('',#18371,#18371,#18373,.T.);
#18371 = VERTEX_POINT('',#18372);
#18372 = CARTESIAN_POINT('',(92.,62.,43.75));
#18373 = CIRCLE('',#18374,2.75);
#18374 = AXIS2_PLACEMENT_3D('',#18375,#18376,#18377);
#18375 = CARTESIAN_POINT('',(92.,62.,41.));
#18376 = DIRECTION('',(1.,0.,-0.));
#18377 = DIRECTION('',(0.,0.,1.));
#18378 = FACE_BOUND('',#18379,.F.);
#18379 = EDGE_LOOP('',(#18380));
#18380 = ORIENTED_EDGE('',*,*,#18337,.F.);
#18381 = PLANE('',#18382);
#18382 = AXIS2_PLACEMENT_3D('',#18383,#18384,#18385);
#18383 = CARTESIAN_POINT('',(92.,62.,41.));
#18384 = DIRECTION('',(1.,0.,0.));
#18385 = DIRECTION('',(0.,0.,1.));
#18386 = ADVANCED_FACE('',(#18387),#18390,.F.);
#18387 = FACE_BOUND('',#18388,.T.);
#18388 = EDGE_LOOP('',(#18389));
#18389 = ORIENTED_EDGE('',*,*,#18354,.F.);
#18390 = PLANE('',#18391);
#18391 = AXIS2_PLACEMENT_3D('',#18392,#18393,#18394);
#18392 = CARTESIAN_POINT('',(86.,62.,41.));
#18393 = DIRECTION('',(1.,0.,0.));
#18394 = DIRECTION('',(0.,0.,1.));
#18395 = ADVANCED_FACE('',(#18396),#18415,.T.);
#18396 = FACE_BOUND('',#18397,.T.);
#18397 = EDGE_LOOP('',(#18398,#18407,#18413,#18414));
#18398 = ORIENTED_EDGE('',*,*,#18399,.F.);
#18399 = EDGE_CURVE('',#18400,#18400,#18402,.T.);
#18400 = VERTEX_POINT('',#18401);
#18401 = CARTESIAN_POINT('',(95.,62.,43.75));
#18402 = CIRCLE('',#18403,2.75);
#18403 = AXIS2_PLACEMENT_3D('',#18404,#18405,#18406);
#18404 = CARTESIAN_POINT('',(95.,62.,41.));
#18405 = DIRECTION('',(1.,0.,-0.));
#18406 = DIRECTION('',(0.,0.,1.));
#18407 = ORIENTED_EDGE('',*,*,#18408,.F.);
#18408 = EDGE_CURVE('',#18371,#18400,#18409,.T.);
#18409 = LINE('',#18410,#18411);
#18410 = CARTESIAN_POINT('',(92.,62.,43.75));
#18411 = VECTOR('',#18412,1.);
#18412 = DIRECTION('',(1.,0.,0.));
#18413 = ORIENTED_EDGE('',*,*,#18370,.T.);
#18414 = ORIENTED_EDGE('',*,*,#18408,.T.);
#18415 = CYLINDRICAL_SURFACE('',#18416,2.75);
#18416 = AXIS2_PLACEMENT_3D('',#18417,#18418,#18419);
#18417 = CARTESIAN_POINT('',(92.,62.,41.));
#18418 = DIRECTION('',(1.,0.,0.));
#18419 = DIRECTION('',(0.,0.,1.));
#18420 = ADVANCED_FACE('',(#18421),#18424,.T.);
#18421 = FACE_BOUND('',#18422,.T.);
#18422 = EDGE_LOOP('',(#18423));
#18423 = ORIENTED_EDGE('',*,*,#18399,.T.);
#18424 = PLANE('',#18425);
#18425 = AXIS2_PLACEMENT_3D('',#18426,#18427,#18428);
#18426 = CARTESIAN_POINT('',(95.,62.,41.));
#18427 = DIRECTION('',(1.,0.,0.));
#18428 = DIRECTION('',(0.,0.,1.));
#18429 = MANIFOLD_SOLID_BREP('',#18430);
#18430 = CLOSED_SHELL('',(#18431,#18464,#18473,#18493,#18518));
#18431 = ADVANCED_FACE('',(#18432),#18459,.T.);
#18432 = FACE_BOUND('',#18433,.T.);
#18433 = EDGE_LOOP('',(#18434,#18443,#18451,#18458));
#18434 = ORIENTED_EDGE('',*,*,#18435,.F.);
#18435 = EDGE_CURVE('',#18436,#18436,#18438,.T.);
#18436 = VERTEX_POINT('',#18437);
#18437 = CARTESIAN_POINT('',(-86.,62.,42.5));
#18438 = CIRCLE('',#18439,1.5);
#18439 = AXIS2_PLACEMENT_3D('',#18440,#18441,#18442);
#18440 = CARTESIAN_POINT('',(-86.,62.,41.));
#18441 = DIRECTION('',(1.,0.,-0.));
#18442 = DIRECTION('',(0.,0.,1.));
#18443 = ORIENTED_EDGE('',*,*,#18444,.F.);
#18444 = EDGE_CURVE('',#18445,#18436,#18447,.T.);
#18445 = VERTEX_POINT('',#18446);
#18446 = CARTESIAN_POINT('',(-92.,62.,42.5));
#18447 = LINE('',#18448,#18449);
#18448 = CARTESIAN_POINT('',(-92.,62.,42.5));
#18449 = VECTOR('',#18450,1.);
#18450 = DIRECTION('',(1.,0.,0.));
#18451 = ORIENTED_EDGE('',*,*,#18452,.T.);
#18452 = EDGE_CURVE('',#18445,#18445,#18453,.T.);
#18453 = CIRCLE('',#18454,1.5);
#18454 = AXIS2_PLACEMENT_3D('',#18455,#18456,#18457);
#18455 = CARTESIAN_POINT('',(-92.,62.,41.));
#18456 = DIRECTION('',(1.,0.,-0.));
#18457 = DIRECTION('',(0.,0.,1.));
#18458 = ORIENTED_EDGE('',*,*,#18444,.T.);
#18459 = CYLINDRICAL_SURFACE('',#18460,1.5);
#18460 = AXIS2_PLACEMENT_3D('',#18461,#18462,#18463);
#18461 = CARTESIAN_POINT('',(-92.,62.,41.));
#18462 = DIRECTION('',(1.,0.,0.));
#18463 = DIRECTION('',(0.,0.,1.));
#18464 = ADVANCED_FACE('',(#18465),#18468,.T.);
#18465 = FACE_BOUND('',#18466,.T.);
#18466 = EDGE_LOOP('',(#18467));
#18467 = ORIENTED_EDGE('',*,*,#18435,.T.);
#18468 = PLANE('',#18469);
#18469 = AXIS2_PLACEMENT_3D('',#18470,#18471,#18472);
#18470 = CARTESIAN_POINT('',(-86.,62.,41.));
#18471 = DIRECTION('',(1.,0.,0.));
#18472 = DIRECTION('',(0.,0.,1.));
#18473 = ADVANCED_FACE('',(#18474,#18485),#18488,.T.);
#18474 = FACE_BOUND('',#18475,.T.);
#18475 = EDGE_LOOP('',(#18476));
#18476 = ORIENTED_EDGE('',*,*,#18477,.T.);
#18477 = EDGE_CURVE('',#18478,#18478,#18480,.T.);
#18478 = VERTEX_POINT('',#18479);
#18479 = CARTESIAN_POINT('',(-92.,62.,43.75));
#18480 = CIRCLE('',#18481,2.75);
#18481 = AXIS2_PLACEMENT_3D('',#18482,#18483,#18484);
#18482 = CARTESIAN_POINT('',(-92.,62.,41.));
#18483 = DIRECTION('',(1.,0.,-0.));
#18484 = DIRECTION('',(0.,0.,1.));
#18485 = FACE_BOUND('',#18486,.T.);
#18486 = EDGE_LOOP('',(#18487));
#18487 = ORIENTED_EDGE('',*,*,#18452,.F.);
#18488 = PLANE('',#18489);
#18489 = AXIS2_PLACEMENT_3D('',#18490,#18491,#18492);
#18490 = CARTESIAN_POINT('',(-92.,62.,41.));
#18491 = DIRECTION('',(1.,0.,0.));
#18492 = DIRECTION('',(0.,0.,1.));
#18493 = ADVANCED_FACE('',(#18494),#18513,.T.);
#18494 = FACE_BOUND('',#18495,.T.);
#18495 = EDGE_LOOP('',(#18496,#18497,#18505,#18512));
#18496 = ORIENTED_EDGE('',*,*,#18477,.F.);
#18497 = ORIENTED_EDGE('',*,*,#18498,.F.);
#18498 = EDGE_CURVE('',#18499,#18478,#18501,.T.);
#18499 = VERTEX_POINT('',#18500);
#18500 = CARTESIAN_POINT('',(-95.,62.,43.75));
#18501 = LINE('',#18502,#18503);
#18502 = CARTESIAN_POINT('',(-95.,62.,43.75));
#18503 = VECTOR('',#18504,1.);
#18504 = DIRECTION('',(1.,0.,0.));
#18505 = ORIENTED_EDGE('',*,*,#18506,.T.);
#18506 = EDGE_CURVE('',#18499,#18499,#18507,.T.);
#18507 = CIRCLE('',#18508,2.75);
#18508 = AXIS2_PLACEMENT_3D('',#18509,#18510,#18511);
#18509 = CARTESIAN_POINT('',(-95.,62.,41.));
#18510 = DIRECTION('',(1.,0.,-0.));
#18511 = DIRECTION('',(0.,0.,1.));
#18512 = ORIENTED_EDGE('',*,*,#18498,.T.);
#18513 = CYLINDRICAL_SURFACE('',#18514,2.75);
#18514 = AXIS2_PLACEMENT_3D('',#18515,#18516,#18517);
#18515 = CARTESIAN_POINT('',(-95.,62.,41.));
#18516 = DIRECTION('',(1.,0.,0.));
#18517 = DIRECTION('',(0.,0.,1.));
#18518 = ADVANCED_FACE('',(#18519),#18522,.F.);
#18519 = FACE_BOUND('',#18520,.T.);
#18520 = EDGE_LOOP('',(#18521));
#18521 = ORIENTED_EDGE('',*,*,#18506,.F.);
#18522 = PLANE('',#18523);
#18523 = AXIS2_PLACEMENT_3D('',#18524,#18525,#18526);
#18524 = CARTESIAN_POINT('',(-95.,62.,41.));
#18525 = DIRECTION('',(1.,0.,0.));
#18526 = DIRECTION('',(0.,0.,1.));
#18527 = MANIFOLD_SOLID_BREP('',#18528);
#18528 = CLOSED_SHELL('',(#18529,#18569,#18600,#18631,#18675,#18719,
    #18736,#18753,#18765));
#18529 = ADVANCED_FACE('',(#18530),#18564,.F.);
#18530 = FACE_BOUND('',#18531,.F.);
#18531 = EDGE_LOOP('',(#18532,#18542,#18550,#18558));
#18532 = ORIENTED_EDGE('',*,*,#18533,.T.);
#18533 = EDGE_CURVE('',#18534,#18536,#18538,.T.);
#18534 = VERTEX_POINT('',#18535);
#18535 = CARTESIAN_POINT('',(107.2,-65.25,-42.41228675972));
#18536 = VERTEX_POINT('',#18537);
#18537 = CARTESIAN_POINT('',(109.6,-65.25,-42.41228675972));
#18538 = LINE('',#18539,#18540);
#18539 = CARTESIAN_POINT('',(107.2,-65.25,-42.41228675972));
#18540 = VECTOR('',#18541,1.);
#18541 = DIRECTION('',(1.,0.,0.));
#18542 = ORIENTED_EDGE('',*,*,#18543,.T.);
#18543 = EDGE_CURVE('',#18536,#18544,#18546,.T.);
#18544 = VERTEX_POINT('',#18545);
#18545 = CARTESIAN_POINT('',(109.6,-68.,-40.82457351945));
#18546 = LINE('',#18547,#18548);
#18547 = CARTESIAN_POINT('',(109.6,-65.25,-42.41228675972));
#18548 = VECTOR('',#18549,1.);
#18549 = DIRECTION('',(0.,-0.866025403784,0.5));
#18550 = ORIENTED_EDGE('',*,*,#18551,.F.);
#18551 = EDGE_CURVE('',#18552,#18544,#18554,.T.);
#18552 = VERTEX_POINT('',#18553);
#18553 = CARTESIAN_POINT('',(107.2,-68.,-40.82457351945));
#18554 = LINE('',#18555,#18556);
#18555 = CARTESIAN_POINT('',(107.2,-68.,-40.82457351945));
#18556 = VECTOR('',#18557,1.);
#18557 = DIRECTION('',(1.,0.,0.));
#18558 = ORIENTED_EDGE('',*,*,#18559,.F.);
#18559 = EDGE_CURVE('',#18534,#18552,#18560,.T.);
#18560 = LINE('',#18561,#18562);
#18561 = CARTESIAN_POINT('',(107.2,-65.25,-42.41228675972));
#18562 = VECTOR('',#18563,1.);
#18563 = DIRECTION('',(0.,-0.866025403784,0.5));
#18564 = PLANE('',#18565);
#18565 = AXIS2_PLACEMENT_3D('',#18566,#18567,#18568);
#18566 = CARTESIAN_POINT('',(107.2,-65.25,-42.41228675972));
#18567 = DIRECTION('',(0.,-0.5,-0.866025403784));
#18568 = DIRECTION('',(0.,-0.866025403784,0.5));
#18569 = ADVANCED_FACE('',(#18570),#18595,.F.);
#18570 = FACE_BOUND('',#18571,.F.);
#18571 = EDGE_LOOP('',(#18572,#18582,#18588,#18589));
#18572 = ORIENTED_EDGE('',*,*,#18573,.T.);
#18573 = EDGE_CURVE('',#18574,#18576,#18578,.T.);
#18574 = VERTEX_POINT('',#18575);
#18575 = CARTESIAN_POINT('',(107.2,-65.25,-45.58771324027));
#18576 = VERTEX_POINT('',#18577);
#18577 = CARTESIAN_POINT('',(109.6,-65.25,-45.58771324027));
#18578 = LINE('',#18579,#18580);
#18579 = CARTESIAN_POINT('',(107.2,-65.25,-45.58771324027));
#18580 = VECTOR('',#18581,1.);
#18581 = DIRECTION('',(1.,0.,0.));
#18582 = ORIENTED_EDGE('',*,*,#18583,.T.);
#18583 = EDGE_CURVE('',#18576,#18536,#18584,.T.);
#18584 = LINE('',#18585,#18586);
#18585 = CARTESIAN_POINT('',(109.6,-65.25,-45.58771324027));
#18586 = VECTOR('',#18587,1.);
#18587 = DIRECTION('',(0.,0.,1.));
#18588 = ORIENTED_EDGE('',*,*,#18533,.F.);
#18589 = ORIENTED_EDGE('',*,*,#18590,.F.);
#18590 = EDGE_CURVE('',#18574,#18534,#18591,.T.);
#18591 = LINE('',#18592,#18593);
#18592 = CARTESIAN_POINT('',(107.2,-65.25,-45.58771324027));
#18593 = VECTOR('',#18594,1.);
#18594 = DIRECTION('',(0.,0.,1.));
#18595 = PLANE('',#18596);
#18596 = AXIS2_PLACEMENT_3D('',#18597,#18598,#18599);
#18597 = CARTESIAN_POINT('',(107.2,-65.25,-45.58771324027));
#18598 = DIRECTION('',(0.,-1.,0.));
#18599 = DIRECTION('',(0.,0.,1.));
#18600 = ADVANCED_FACE('',(#18601),#18626,.F.);
#18601 = FACE_BOUND('',#18602,.F.);
#18602 = EDGE_LOOP('',(#18603,#18604,#18612,#18620));
#18603 = ORIENTED_EDGE('',*,*,#18551,.T.);
#18604 = ORIENTED_EDGE('',*,*,#18605,.T.);
#18605 = EDGE_CURVE('',#18544,#18606,#18608,.T.);
#18606 = VERTEX_POINT('',#18607);
#18607 = CARTESIAN_POINT('',(109.6,-70.75,-42.41228675972));
#18608 = LINE('',#18609,#18610);
#18609 = CARTESIAN_POINT('',(109.6,-68.,-40.82457351945));
#18610 = VECTOR('',#18611,1.);
#18611 = DIRECTION('',(0.,-0.866025403784,-0.5));
#18612 = ORIENTED_EDGE('',*,*,#18613,.F.);
#18613 = EDGE_CURVE('',#18614,#18606,#18616,.T.);
#18614 = VERTEX_POINT('',#18615);
#18615 = CARTESIAN_POINT('',(107.2,-70.75,-42.41228675972));
#18616 = LINE('',#18617,#18618);
#18617 = CARTESIAN_POINT('',(107.2,-70.75,-42.41228675972));
#18618 = VECTOR('',#18619,1.);
#18619 = DIRECTION('',(1.,0.,0.));
#18620 = ORIENTED_EDGE('',*,*,#18621,.F.);
#18621 = EDGE_CURVE('',#18552,#18614,#18622,.T.);
#18622 = LINE('',#18623,#18624);
#18623 = CARTESIAN_POINT('',(107.2,-68.,-40.82457351945));
#18624 = VECTOR('',#18625,1.);
#18625 = DIRECTION('',(0.,-0.866025403784,-0.5));
#18626 = PLANE('',#18627);
#18627 = AXIS2_PLACEMENT_3D('',#18628,#18629,#18630);
#18628 = CARTESIAN_POINT('',(107.2,-68.,-40.82457351945));
#18629 = DIRECTION('',(0.,0.5,-0.866025403784));
#18630 = DIRECTION('',(0.,-0.866025403784,-0.5));
#18631 = ADVANCED_FACE('',(#18632,#18659),#18670,.F.);
#18632 = FACE_BOUND('',#18633,.F.);
#18633 = EDGE_LOOP('',(#18634,#18635,#18636,#18644,#18652,#18658));
#18634 = ORIENTED_EDGE('',*,*,#18559,.T.);
#18635 = ORIENTED_EDGE('',*,*,#18621,.T.);
#18636 = ORIENTED_EDGE('',*,*,#18637,.T.);
#18637 = EDGE_CURVE('',#18614,#18638,#18640,.T.);
#18638 = VERTEX_POINT('',#18639);
#18639 = CARTESIAN_POINT('',(107.2,-70.75,-45.58771324027));
#18640 = LINE('',#18641,#18642);
#18641 = CARTESIAN_POINT('',(107.2,-70.75,-42.41228675972));
#18642 = VECTOR('',#18643,1.);
#18643 = DIRECTION('',(0.,0.,-1.));
#18644 = ORIENTED_EDGE('',*,*,#18645,.T.);
#18645 = EDGE_CURVE('',#18638,#18646,#18648,.T.);
#18646 = VERTEX_POINT('',#18647);
#18647 = CARTESIAN_POINT('',(107.2,-68.,-47.17542648054));
#18648 = LINE('',#18649,#18650);
#18649 = CARTESIAN_POINT('',(107.2,-70.75,-45.58771324027));
#18650 = VECTOR('',#18651,1.);
#18651 = DIRECTION('',(0.,0.866025403784,-0.5));
#18652 = ORIENTED_EDGE('',*,*,#18653,.T.);
#18653 = EDGE_CURVE('',#18646,#18574,#18654,.T.);
#18654 = LINE('',#18655,#18656);
#18655 = CARTESIAN_POINT('',(107.2,-68.,-47.17542648054));
#18656 = VECTOR('',#18657,1.);
#18657 = DIRECTION('',(0.,0.866025403784,0.5));
#18658 = ORIENTED_EDGE('',*,*,#18590,.T.);
#18659 = FACE_BOUND('',#18660,.F.);
#18660 = EDGE_LOOP('',(#18661));
#18661 = ORIENTED_EDGE('',*,*,#18662,.F.);
#18662 = EDGE_CURVE('',#18663,#18663,#18665,.T.);
#18663 = VERTEX_POINT('',#18664);
#18664 = CARTESIAN_POINT('',(107.2,-68.,-42.5));
#18665 = CIRCLE('',#18666,1.5);
#18666 = AXIS2_PLACEMENT_3D('',#18667,#18668,#18669);
#18667 = CARTESIAN_POINT('',(107.2,-68.,-44.));
#18668 = DIRECTION('',(1.,0.,-0.));
#18669 = DIRECTION('',(0.,0.,1.));
#18670 = PLANE('',#18671);
#18671 = AXIS2_PLACEMENT_3D('',#18672,#18673,#18674);
#18672 = CARTESIAN_POINT('',(107.2,-68.,-44.));
#18673 = DIRECTION('',(1.,0.,0.));
#18674 = DIRECTION('',(0.,0.,1.));
#18675 = ADVANCED_FACE('',(#18676,#18703),#18714,.T.);
#18676 = FACE_BOUND('',#18677,.T.);
#18677 = EDGE_LOOP('',(#18678,#18679,#18680,#18688,#18696,#18702));
#18678 = ORIENTED_EDGE('',*,*,#18543,.T.);
#18679 = ORIENTED_EDGE('',*,*,#18605,.T.);
#18680 = ORIENTED_EDGE('',*,*,#18681,.T.);
#18681 = EDGE_CURVE('',#18606,#18682,#18684,.T.);
#18682 = VERTEX_POINT('',#18683);
#18683 = CARTESIAN_POINT('',(109.6,-70.75,-45.58771324027));
#18684 = LINE('',#18685,#18686);
#18685 = CARTESIAN_POINT('',(109.6,-70.75,-42.41228675972));
#18686 = VECTOR('',#18687,1.);
#18687 = DIRECTION('',(0.,0.,-1.));
#18688 = ORIENTED_EDGE('',*,*,#18689,.T.);
#18689 = EDGE_CURVE('',#18682,#18690,#18692,.T.);
#18690 = VERTEX_POINT('',#18691);
#18691 = CARTESIAN_POINT('',(109.6,-68.,-47.17542648054));
#18692 = LINE('',#18693,#18694);
#18693 = CARTESIAN_POINT('',(109.6,-70.75,-45.58771324027));
#18694 = VECTOR('',#18695,1.);
#18695 = DIRECTION('',(0.,0.866025403784,-0.5));
#18696 = ORIENTED_EDGE('',*,*,#18697,.T.);
#18697 = EDGE_CURVE('',#18690,#18576,#18698,.T.);
#18698 = LINE('',#18699,#18700);
#18699 = CARTESIAN_POINT('',(109.6,-68.,-47.17542648054));
#18700 = VECTOR('',#18701,1.);
#18701 = DIRECTION('',(0.,0.866025403784,0.5));
#18702 = ORIENTED_EDGE('',*,*,#18583,.T.);
#18703 = FACE_BOUND('',#18704,.T.);
#18704 = EDGE_LOOP('',(#18705));
#18705 = ORIENTED_EDGE('',*,*,#18706,.F.);
#18706 = EDGE_CURVE('',#18707,#18707,#18709,.T.);
#18707 = VERTEX_POINT('',#18708);
#18708 = CARTESIAN_POINT('',(109.6,-68.,-42.5));
#18709 = CIRCLE('',#18710,1.5);
#18710 = AXIS2_PLACEMENT_3D('',#18711,#18712,#18713);
#18711 = CARTESIAN_POINT('',(109.6,-68.,-44.));
#18712 = DIRECTION('',(1.,0.,-0.));
#18713 = DIRECTION('',(0.,0.,1.));
#18714 = PLANE('',#18715);
#18715 = AXIS2_PLACEMENT_3D('',#18716,#18717,#18718);
#18716 = CARTESIAN_POINT('',(109.6,-68.,-44.));
#18717 = DIRECTION('',(1.,0.,0.));
#18718 = DIRECTION('',(0.,0.,1.));
#18719 = ADVANCED_FACE('',(#18720),#18731,.F.);
#18720 = FACE_BOUND('',#18721,.F.);
#18721 = EDGE_LOOP('',(#18722,#18728,#18729,#18730));
#18722 = ORIENTED_EDGE('',*,*,#18723,.T.);
#18723 = EDGE_CURVE('',#18646,#18690,#18724,.T.);
#18724 = LINE('',#18725,#18726);
#18725 = CARTESIAN_POINT('',(107.2,-68.,-47.17542648054));
#18726 = VECTOR('',#18727,1.);
#18727 = DIRECTION('',(1.,0.,0.));
#18728 = ORIENTED_EDGE('',*,*,#18697,.T.);
#18729 = ORIENTED_EDGE('',*,*,#18573,.F.);
#18730 = ORIENTED_EDGE('',*,*,#18653,.F.);
#18731 = PLANE('',#18732);
#18732 = AXIS2_PLACEMENT_3D('',#18733,#18734,#18735);
#18733 = CARTESIAN_POINT('',(107.2,-68.,-47.17542648054));
#18734 = DIRECTION('',(0.,-0.5,0.866025403784));
#18735 = DIRECTION('',(0.,0.866025403784,0.5));
#18736 = ADVANCED_FACE('',(#18737),#18748,.F.);
#18737 = FACE_BOUND('',#18738,.F.);
#18738 = EDGE_LOOP('',(#18739,#18740,#18741,#18747));
#18739 = ORIENTED_EDGE('',*,*,#18613,.T.);
#18740 = ORIENTED_EDGE('',*,*,#18681,.T.);
#18741 = ORIENTED_EDGE('',*,*,#18742,.F.);
#18742 = EDGE_CURVE('',#18638,#18682,#18743,.T.);
#18743 = LINE('',#18744,#18745);
#18744 = CARTESIAN_POINT('',(107.2,-70.75,-45.58771324027));
#18745 = VECTOR('',#18746,1.);
#18746 = DIRECTION('',(1.,0.,0.));
#18747 = ORIENTED_EDGE('',*,*,#18637,.F.);
#18748 = PLANE('',#18749);
#18749 = AXIS2_PLACEMENT_3D('',#18750,#18751,#18752);
#18750 = CARTESIAN_POINT('',(107.2,-70.75,-42.41228675972));
#18751 = DIRECTION('',(0.,1.,0.));
#18752 = DIRECTION('',(0.,0.,-1.));
#18753 = ADVANCED_FACE('',(#18754),#18760,.F.);
#18754 = FACE_BOUND('',#18755,.F.);
#18755 = EDGE_LOOP('',(#18756,#18757,#18758,#18759));
#18756 = ORIENTED_EDGE('',*,*,#18742,.T.);
#18757 = ORIENTED_EDGE('',*,*,#18689,.T.);
#18758 = ORIENTED_EDGE('',*,*,#18723,.F.);
#18759 = ORIENTED_EDGE('',*,*,#18645,.F.);
#18760 = PLANE('',#18761);
#18761 = AXIS2_PLACEMENT_3D('',#18762,#18763,#18764);
#18762 = CARTESIAN_POINT('',(107.2,-70.75,-45.58771324027));
#18763 = DIRECTION('',(0.,0.5,0.866025403784));
#18764 = DIRECTION('',(0.,0.866025403784,-0.5));
#18765 = ADVANCED_FACE('',(#18766),#18777,.F.);
#18766 = FACE_BOUND('',#18767,.F.);
#18767 = EDGE_LOOP('',(#18768,#18769,#18775,#18776));
#18768 = ORIENTED_EDGE('',*,*,#18706,.F.);
#18769 = ORIENTED_EDGE('',*,*,#18770,.F.);
#18770 = EDGE_CURVE('',#18663,#18707,#18771,.T.);
#18771 = LINE('',#18772,#18773);
#18772 = CARTESIAN_POINT('',(107.,-68.,-42.5));
#18773 = VECTOR('',#18774,1.);
#18774 = DIRECTION('',(1.,0.,0.));
#18775 = ORIENTED_EDGE('',*,*,#18662,.T.);
#18776 = ORIENTED_EDGE('',*,*,#18770,.T.);
#18777 = CYLINDRICAL_SURFACE('',#18778,1.5);
#18778 = AXIS2_PLACEMENT_3D('',#18779,#18780,#18781);
#18779 = CARTESIAN_POINT('',(107.,-68.,-44.));
#18780 = DIRECTION('',(1.,0.,0.));
#18781 = DIRECTION('',(0.,0.,1.));
#18782 = MANIFOLD_SOLID_BREP('',#18783);
#18783 = CLOSED_SHELL('',(#18784,#18824,#18855,#18886,#18930,#18974,
    #18991,#19008,#19020));
#18784 = ADVANCED_FACE('',(#18785),#18819,.F.);
#18785 = FACE_BOUND('',#18786,.F.);
#18786 = EDGE_LOOP('',(#18787,#18797,#18805,#18813));
#18787 = ORIENTED_EDGE('',*,*,#18788,.T.);
#18788 = EDGE_CURVE('',#18789,#18791,#18793,.T.);
#18789 = VERTEX_POINT('',#18790);
#18790 = CARTESIAN_POINT('',(107.2,-65.25,89.587713240271));
#18791 = VERTEX_POINT('',#18792);
#18792 = CARTESIAN_POINT('',(109.6,-65.25,89.587713240271));
#18793 = LINE('',#18794,#18795);
#18794 = CARTESIAN_POINT('',(107.2,-65.25,89.587713240271));
#18795 = VECTOR('',#18796,1.);
#18796 = DIRECTION('',(1.,0.,0.));
#18797 = ORIENTED_EDGE('',*,*,#18798,.T.);
#18798 = EDGE_CURVE('',#18791,#18799,#18801,.T.);
#18799 = VERTEX_POINT('',#18800);
#18800 = CARTESIAN_POINT('',(109.6,-68.,91.175426480543));
#18801 = LINE('',#18802,#18803);
#18802 = CARTESIAN_POINT('',(109.6,-65.25,89.587713240271));
#18803 = VECTOR('',#18804,1.);
#18804 = DIRECTION('',(0.,-0.866025403784,0.5));
#18805 = ORIENTED_EDGE('',*,*,#18806,.F.);
#18806 = EDGE_CURVE('',#18807,#18799,#18809,.T.);
#18807 = VERTEX_POINT('',#18808);
#18808 = CARTESIAN_POINT('',(107.2,-68.,91.175426480543));
#18809 = LINE('',#18810,#18811);
#18810 = CARTESIAN_POINT('',(107.2,-68.,91.175426480543));
#18811 = VECTOR('',#18812,1.);
#18812 = DIRECTION('',(1.,0.,0.));
#18813 = ORIENTED_EDGE('',*,*,#18814,.F.);
#18814 = EDGE_CURVE('',#18789,#18807,#18815,.T.);
#18815 = LINE('',#18816,#18817);
#18816 = CARTESIAN_POINT('',(107.2,-65.25,89.587713240271));
#18817 = VECTOR('',#18818,1.);
#18818 = DIRECTION('',(0.,-0.866025403784,0.5));
#18819 = PLANE('',#18820);
#18820 = AXIS2_PLACEMENT_3D('',#18821,#18822,#18823);
#18821 = CARTESIAN_POINT('',(107.2,-65.25,89.587713240271));
#18822 = DIRECTION('',(0.,-0.5,-0.866025403784));
#18823 = DIRECTION('',(0.,-0.866025403784,0.5));
#18824 = ADVANCED_FACE('',(#18825),#18850,.F.);
#18825 = FACE_BOUND('',#18826,.F.);
#18826 = EDGE_LOOP('',(#18827,#18837,#18843,#18844));
#18827 = ORIENTED_EDGE('',*,*,#18828,.T.);
#18828 = EDGE_CURVE('',#18829,#18831,#18833,.T.);
#18829 = VERTEX_POINT('',#18830);
#18830 = CARTESIAN_POINT('',(107.2,-65.25,86.412286759729));
#18831 = VERTEX_POINT('',#18832);
#18832 = CARTESIAN_POINT('',(109.6,-65.25,86.412286759729));
#18833 = LINE('',#18834,#18835);
#18834 = CARTESIAN_POINT('',(107.2,-65.25,86.412286759729));
#18835 = VECTOR('',#18836,1.);
#18836 = DIRECTION('',(1.,0.,0.));
#18837 = ORIENTED_EDGE('',*,*,#18838,.T.);
#18838 = EDGE_CURVE('',#18831,#18791,#18839,.T.);
#18839 = LINE('',#18840,#18841);
#18840 = CARTESIAN_POINT('',(109.6,-65.25,86.412286759729));
#18841 = VECTOR('',#18842,1.);
#18842 = DIRECTION('',(0.,0.,1.));
#18843 = ORIENTED_EDGE('',*,*,#18788,.F.);
#18844 = ORIENTED_EDGE('',*,*,#18845,.F.);
#18845 = EDGE_CURVE('',#18829,#18789,#18846,.T.);
#18846 = LINE('',#18847,#18848);
#18847 = CARTESIAN_POINT('',(107.2,-65.25,86.412286759729));
#18848 = VECTOR('',#18849,1.);
#18849 = DIRECTION('',(0.,0.,1.));
#18850 = PLANE('',#18851);
#18851 = AXIS2_PLACEMENT_3D('',#18852,#18853,#18854);
#18852 = CARTESIAN_POINT('',(107.2,-65.25,86.412286759729));
#18853 = DIRECTION('',(0.,-1.,0.));
#18854 = DIRECTION('',(0.,0.,1.));
#18855 = ADVANCED_FACE('',(#18856),#18881,.F.);
#18856 = FACE_BOUND('',#18857,.F.);
#18857 = EDGE_LOOP('',(#18858,#18859,#18867,#18875));
#18858 = ORIENTED_EDGE('',*,*,#18806,.T.);
#18859 = ORIENTED_EDGE('',*,*,#18860,.T.);
#18860 = EDGE_CURVE('',#18799,#18861,#18863,.T.);
#18861 = VERTEX_POINT('',#18862);
#18862 = CARTESIAN_POINT('',(109.6,-70.75,89.587713240271));
#18863 = LINE('',#18864,#18865);
#18864 = CARTESIAN_POINT('',(109.6,-68.,91.175426480543));
#18865 = VECTOR('',#18866,1.);
#18866 = DIRECTION('',(0.,-0.866025403784,-0.5));
#18867 = ORIENTED_EDGE('',*,*,#18868,.F.);
#18868 = EDGE_CURVE('',#18869,#18861,#18871,.T.);
#18869 = VERTEX_POINT('',#18870);
#18870 = CARTESIAN_POINT('',(107.2,-70.75,89.587713240271));
#18871 = LINE('',#18872,#18873);
#18872 = CARTESIAN_POINT('',(107.2,-70.75,89.587713240271));
#18873 = VECTOR('',#18874,1.);
#18874 = DIRECTION('',(1.,0.,0.));
#18875 = ORIENTED_EDGE('',*,*,#18876,.F.);
#18876 = EDGE_CURVE('',#18807,#18869,#18877,.T.);
#18877 = LINE('',#18878,#18879);
#18878 = CARTESIAN_POINT('',(107.2,-68.,91.175426480543));
#18879 = VECTOR('',#18880,1.);
#18880 = DIRECTION('',(0.,-0.866025403784,-0.5));
#18881 = PLANE('',#18882);
#18882 = AXIS2_PLACEMENT_3D('',#18883,#18884,#18885);
#18883 = CARTESIAN_POINT('',(107.2,-68.,91.175426480543));
#18884 = DIRECTION('',(0.,0.5,-0.866025403784));
#18885 = DIRECTION('',(0.,-0.866025403784,-0.5));
#18886 = ADVANCED_FACE('',(#18887,#18914),#18925,.F.);
#18887 = FACE_BOUND('',#18888,.F.);
#18888 = EDGE_LOOP('',(#18889,#18890,#18891,#18899,#18907,#18913));
#18889 = ORIENTED_EDGE('',*,*,#18814,.T.);
#18890 = ORIENTED_EDGE('',*,*,#18876,.T.);
#18891 = ORIENTED_EDGE('',*,*,#18892,.T.);
#18892 = EDGE_CURVE('',#18869,#18893,#18895,.T.);
#18893 = VERTEX_POINT('',#18894);
#18894 = CARTESIAN_POINT('',(107.2,-70.75,86.412286759729));
#18895 = LINE('',#18896,#18897);
#18896 = CARTESIAN_POINT('',(107.2,-70.75,89.587713240271));
#18897 = VECTOR('',#18898,1.);
#18898 = DIRECTION('',(0.,0.,-1.));
#18899 = ORIENTED_EDGE('',*,*,#18900,.T.);
#18900 = EDGE_CURVE('',#18893,#18901,#18903,.T.);
#18901 = VERTEX_POINT('',#18902);
#18902 = CARTESIAN_POINT('',(107.2,-68.,84.824573519457));
#18903 = LINE('',#18904,#18905);
#18904 = CARTESIAN_POINT('',(107.2,-70.75,86.412286759729));
#18905 = VECTOR('',#18906,1.);
#18906 = DIRECTION('',(0.,0.866025403784,-0.5));
#18907 = ORIENTED_EDGE('',*,*,#18908,.T.);
#18908 = EDGE_CURVE('',#18901,#18829,#18909,.T.);
#18909 = LINE('',#18910,#18911);
#18910 = CARTESIAN_POINT('',(107.2,-68.,84.824573519457));
#18911 = VECTOR('',#18912,1.);
#18912 = DIRECTION('',(0.,0.866025403784,0.5));
#18913 = ORIENTED_EDGE('',*,*,#18845,.T.);
#18914 = FACE_BOUND('',#18915,.F.);
#18915 = EDGE_LOOP('',(#18916));
#18916 = ORIENTED_EDGE('',*,*,#18917,.F.);
#18917 = EDGE_CURVE('',#18918,#18918,#18920,.T.);
#18918 = VERTEX_POINT('',#18919);
#18919 = CARTESIAN_POINT('',(107.2,-68.,89.5));
#18920 = CIRCLE('',#18921,1.5);
#18921 = AXIS2_PLACEMENT_3D('',#18922,#18923,#18924);
#18922 = CARTESIAN_POINT('',(107.2,-68.,88.));
#18923 = DIRECTION('',(1.,0.,-0.));
#18924 = DIRECTION('',(0.,0.,1.));
#18925 = PLANE('',#18926);
#18926 = AXIS2_PLACEMENT_3D('',#18927,#18928,#18929);
#18927 = CARTESIAN_POINT('',(107.2,-68.,88.));
#18928 = DIRECTION('',(1.,0.,0.));
#18929 = DIRECTION('',(0.,0.,1.));
#18930 = ADVANCED_FACE('',(#18931,#18958),#18969,.T.);
#18931 = FACE_BOUND('',#18932,.T.);
#18932 = EDGE_LOOP('',(#18933,#18934,#18935,#18943,#18951,#18957));
#18933 = ORIENTED_EDGE('',*,*,#18798,.T.);
#18934 = ORIENTED_EDGE('',*,*,#18860,.T.);
#18935 = ORIENTED_EDGE('',*,*,#18936,.T.);
#18936 = EDGE_CURVE('',#18861,#18937,#18939,.T.);
#18937 = VERTEX_POINT('',#18938);
#18938 = CARTESIAN_POINT('',(109.6,-70.75,86.412286759729));
#18939 = LINE('',#18940,#18941);
#18940 = CARTESIAN_POINT('',(109.6,-70.75,89.587713240271));
#18941 = VECTOR('',#18942,1.);
#18942 = DIRECTION('',(0.,0.,-1.));
#18943 = ORIENTED_EDGE('',*,*,#18944,.T.);
#18944 = EDGE_CURVE('',#18937,#18945,#18947,.T.);
#18945 = VERTEX_POINT('',#18946);
#18946 = CARTESIAN_POINT('',(109.6,-68.,84.824573519457));
#18947 = LINE('',#18948,#18949);
#18948 = CARTESIAN_POINT('',(109.6,-70.75,86.412286759729));
#18949 = VECTOR('',#18950,1.);
#18950 = DIRECTION('',(0.,0.866025403784,-0.5));
#18951 = ORIENTED_EDGE('',*,*,#18952,.T.);
#18952 = EDGE_CURVE('',#18945,#18831,#18953,.T.);
#18953 = LINE('',#18954,#18955);
#18954 = CARTESIAN_POINT('',(109.6,-68.,84.824573519457));
#18955 = VECTOR('',#18956,1.);
#18956 = DIRECTION('',(0.,0.866025403784,0.5));
#18957 = ORIENTED_EDGE('',*,*,#18838,.T.);
#18958 = FACE_BOUND('',#18959,.T.);
#18959 = EDGE_LOOP('',(#18960));
#18960 = ORIENTED_EDGE('',*,*,#18961,.F.);
#18961 = EDGE_CURVE('',#18962,#18962,#18964,.T.);
#18962 = VERTEX_POINT('',#18963);
#18963 = CARTESIAN_POINT('',(109.6,-68.,89.5));
#18964 = CIRCLE('',#18965,1.5);
#18965 = AXIS2_PLACEMENT_3D('',#18966,#18967,#18968);
#18966 = CARTESIAN_POINT('',(109.6,-68.,88.));
#18967 = DIRECTION('',(1.,0.,-0.));
#18968 = DIRECTION('',(0.,0.,1.));
#18969 = PLANE('',#18970);
#18970 = AXIS2_PLACEMENT_3D('',#18971,#18972,#18973);
#18971 = CARTESIAN_POINT('',(109.6,-68.,88.));
#18972 = DIRECTION('',(1.,0.,0.));
#18973 = DIRECTION('',(0.,0.,1.));
#18974 = ADVANCED_FACE('',(#18975),#18986,.F.);
#18975 = FACE_BOUND('',#18976,.F.);
#18976 = EDGE_LOOP('',(#18977,#18983,#18984,#18985));
#18977 = ORIENTED_EDGE('',*,*,#18978,.T.);
#18978 = EDGE_CURVE('',#18901,#18945,#18979,.T.);
#18979 = LINE('',#18980,#18981);
#18980 = CARTESIAN_POINT('',(107.2,-68.,84.824573519457));
#18981 = VECTOR('',#18982,1.);
#18982 = DIRECTION('',(1.,0.,0.));
#18983 = ORIENTED_EDGE('',*,*,#18952,.T.);
#18984 = ORIENTED_EDGE('',*,*,#18828,.F.);
#18985 = ORIENTED_EDGE('',*,*,#18908,.F.);
#18986 = PLANE('',#18987);
#18987 = AXIS2_PLACEMENT_3D('',#18988,#18989,#18990);
#18988 = CARTESIAN_POINT('',(107.2,-68.,84.824573519457));
#18989 = DIRECTION('',(0.,-0.5,0.866025403784));
#18990 = DIRECTION('',(0.,0.866025403784,0.5));
#18991 = ADVANCED_FACE('',(#18992),#19003,.F.);
#18992 = FACE_BOUND('',#18993,.F.);
#18993 = EDGE_LOOP('',(#18994,#18995,#18996,#19002));
#18994 = ORIENTED_EDGE('',*,*,#18868,.T.);
#18995 = ORIENTED_EDGE('',*,*,#18936,.T.);
#18996 = ORIENTED_EDGE('',*,*,#18997,.F.);
#18997 = EDGE_CURVE('',#18893,#18937,#18998,.T.);
#18998 = LINE('',#18999,#19000);
#18999 = CARTESIAN_POINT('',(107.2,-70.75,86.412286759729));
#19000 = VECTOR('',#19001,1.);
#19001 = DIRECTION('',(1.,0.,0.));
#19002 = ORIENTED_EDGE('',*,*,#18892,.F.);
#19003 = PLANE('',#19004);
#19004 = AXIS2_PLACEMENT_3D('',#19005,#19006,#19007);
#19005 = CARTESIAN_POINT('',(107.2,-70.75,89.587713240271));
#19006 = DIRECTION('',(0.,1.,0.));
#19007 = DIRECTION('',(0.,0.,-1.));
#19008 = ADVANCED_FACE('',(#19009),#19015,.F.);
#19009 = FACE_BOUND('',#19010,.F.);
#19010 = EDGE_LOOP('',(#19011,#19012,#19013,#19014));
#19011 = ORIENTED_EDGE('',*,*,#18997,.T.);
#19012 = ORIENTED_EDGE('',*,*,#18944,.T.);
#19013 = ORIENTED_EDGE('',*,*,#18978,.F.);
#19014 = ORIENTED_EDGE('',*,*,#18900,.F.);
#19015 = PLANE('',#19016);
#19016 = AXIS2_PLACEMENT_3D('',#19017,#19018,#19019);
#19017 = CARTESIAN_POINT('',(107.2,-70.75,86.412286759729));
#19018 = DIRECTION('',(0.,0.5,0.866025403784));
#19019 = DIRECTION('',(0.,0.866025403784,-0.5));
#19020 = ADVANCED_FACE('',(#19021),#19032,.F.);
#19021 = FACE_BOUND('',#19022,.F.);
#19022 = EDGE_LOOP('',(#19023,#19024,#19030,#19031));
#19023 = ORIENTED_EDGE('',*,*,#18961,.F.);
#19024 = ORIENTED_EDGE('',*,*,#19025,.F.);
#19025 = EDGE_CURVE('',#18918,#18962,#19026,.T.);
#19026 = LINE('',#19027,#19028);
#19027 = CARTESIAN_POINT('',(107.,-68.,89.5));
#19028 = VECTOR('',#19029,1.);
#19029 = DIRECTION('',(1.,0.,0.));
#19030 = ORIENTED_EDGE('',*,*,#18917,.T.);
#19031 = ORIENTED_EDGE('',*,*,#19025,.T.);
#19032 = CYLINDRICAL_SURFACE('',#19033,1.5);
#19033 = AXIS2_PLACEMENT_3D('',#19034,#19035,#19036);
#19034 = CARTESIAN_POINT('',(107.,-68.,88.));
#19035 = DIRECTION('',(1.,0.,0.));
#19036 = DIRECTION('',(0.,0.,1.));
#19037 = MANIFOLD_SOLID_BREP('',#19038);
#19038 = CLOSED_SHELL('',(#19039,#19079,#19110,#19141,#19185,#19229,
    #19246,#19263,#19275));
#19039 = ADVANCED_FACE('',(#19040),#19074,.F.);
#19040 = FACE_BOUND('',#19041,.F.);
#19041 = EDGE_LOOP('',(#19042,#19052,#19060,#19068));
#19042 = ORIENTED_EDGE('',*,*,#19043,.T.);
#19043 = EDGE_CURVE('',#19044,#19046,#19048,.T.);
#19044 = VERTEX_POINT('',#19045);
#19045 = CARTESIAN_POINT('',(107.2,70.75,-42.41228675972));
#19046 = VERTEX_POINT('',#19047);
#19047 = CARTESIAN_POINT('',(109.6,70.75,-42.41228675972));
#19048 = LINE('',#19049,#19050);
#19049 = CARTESIAN_POINT('',(107.2,70.75,-42.41228675972));
#19050 = VECTOR('',#19051,1.);
#19051 = DIRECTION('',(1.,0.,0.));
#19052 = ORIENTED_EDGE('',*,*,#19053,.T.);
#19053 = EDGE_CURVE('',#19046,#19054,#19056,.T.);
#19054 = VERTEX_POINT('',#19055);
#19055 = CARTESIAN_POINT('',(109.6,68.,-40.82457351945));
#19056 = LINE('',#19057,#19058);
#19057 = CARTESIAN_POINT('',(109.6,70.75,-42.41228675972));
#19058 = VECTOR('',#19059,1.);
#19059 = DIRECTION('',(0.,-0.866025403784,0.5));
#19060 = ORIENTED_EDGE('',*,*,#19061,.F.);
#19061 = EDGE_CURVE('',#19062,#19054,#19064,.T.);
#19062 = VERTEX_POINT('',#19063);
#19063 = CARTESIAN_POINT('',(107.2,68.,-40.82457351945));
#19064 = LINE('',#19065,#19066);
#19065 = CARTESIAN_POINT('',(107.2,68.,-40.82457351945));
#19066 = VECTOR('',#19067,1.);
#19067 = DIRECTION('',(1.,0.,0.));
#19068 = ORIENTED_EDGE('',*,*,#19069,.F.);
#19069 = EDGE_CURVE('',#19044,#19062,#19070,.T.);
#19070 = LINE('',#19071,#19072);
#19071 = CARTESIAN_POINT('',(107.2,70.75,-42.41228675972));
#19072 = VECTOR('',#19073,1.);
#19073 = DIRECTION('',(0.,-0.866025403784,0.5));
#19074 = PLANE('',#19075);
#19075 = AXIS2_PLACEMENT_3D('',#19076,#19077,#19078);
#19076 = CARTESIAN_POINT('',(107.2,70.75,-42.41228675972));
#19077 = DIRECTION('',(0.,-0.5,-0.866025403784));
#19078 = DIRECTION('',(0.,-0.866025403784,0.5));
#19079 = ADVANCED_FACE('',(#19080),#19105,.F.);
#19080 = FACE_BOUND('',#19081,.F.);
#19081 = EDGE_LOOP('',(#19082,#19092,#19098,#19099));
#19082 = ORIENTED_EDGE('',*,*,#19083,.T.);
#19083 = EDGE_CURVE('',#19084,#19086,#19088,.T.);
#19084 = VERTEX_POINT('',#19085);
#19085 = CARTESIAN_POINT('',(107.2,70.75,-45.58771324027));
#19086 = VERTEX_POINT('',#19087);
#19087 = CARTESIAN_POINT('',(109.6,70.75,-45.58771324027));
#19088 = LINE('',#19089,#19090);
#19089 = CARTESIAN_POINT('',(107.2,70.75,-45.58771324027));
#19090 = VECTOR('',#19091,1.);
#19091 = DIRECTION('',(1.,0.,0.));
#19092 = ORIENTED_EDGE('',*,*,#19093,.T.);
#19093 = EDGE_CURVE('',#19086,#19046,#19094,.T.);
#19094 = LINE('',#19095,#19096);
#19095 = CARTESIAN_POINT('',(109.6,70.75,-45.58771324027));
#19096 = VECTOR('',#19097,1.);
#19097 = DIRECTION('',(0.,0.,1.));
#19098 = ORIENTED_EDGE('',*,*,#19043,.F.);
#19099 = ORIENTED_EDGE('',*,*,#19100,.F.);
#19100 = EDGE_CURVE('',#19084,#19044,#19101,.T.);
#19101 = LINE('',#19102,#19103);
#19102 = CARTESIAN_POINT('',(107.2,70.75,-45.58771324027));
#19103 = VECTOR('',#19104,1.);
#19104 = DIRECTION('',(0.,0.,1.));
#19105 = PLANE('',#19106);
#19106 = AXIS2_PLACEMENT_3D('',#19107,#19108,#19109);
#19107 = CARTESIAN_POINT('',(107.2,70.75,-45.58771324027));
#19108 = DIRECTION('',(0.,-1.,0.));
#19109 = DIRECTION('',(0.,0.,1.));
#19110 = ADVANCED_FACE('',(#19111),#19136,.F.);
#19111 = FACE_BOUND('',#19112,.F.);
#19112 = EDGE_LOOP('',(#19113,#19114,#19122,#19130));
#19113 = ORIENTED_EDGE('',*,*,#19061,.T.);
#19114 = ORIENTED_EDGE('',*,*,#19115,.T.);
#19115 = EDGE_CURVE('',#19054,#19116,#19118,.T.);
#19116 = VERTEX_POINT('',#19117);
#19117 = CARTESIAN_POINT('',(109.6,65.25,-42.41228675972));
#19118 = LINE('',#19119,#19120);
#19119 = CARTESIAN_POINT('',(109.6,68.,-40.82457351945));
#19120 = VECTOR('',#19121,1.);
#19121 = DIRECTION('',(0.,-0.866025403784,-0.5));
#19122 = ORIENTED_EDGE('',*,*,#19123,.F.);
#19123 = EDGE_CURVE('',#19124,#19116,#19126,.T.);
#19124 = VERTEX_POINT('',#19125);
#19125 = CARTESIAN_POINT('',(107.2,65.25,-42.41228675972));
#19126 = LINE('',#19127,#19128);
#19127 = CARTESIAN_POINT('',(107.2,65.25,-42.41228675972));
#19128 = VECTOR('',#19129,1.);
#19129 = DIRECTION('',(1.,0.,0.));
#19130 = ORIENTED_EDGE('',*,*,#19131,.F.);
#19131 = EDGE_CURVE('',#19062,#19124,#19132,.T.);
#19132 = LINE('',#19133,#19134);
#19133 = CARTESIAN_POINT('',(107.2,68.,-40.82457351945));
#19134 = VECTOR('',#19135,1.);
#19135 = DIRECTION('',(0.,-0.866025403784,-0.5));
#19136 = PLANE('',#19137);
#19137 = AXIS2_PLACEMENT_3D('',#19138,#19139,#19140);
#19138 = CARTESIAN_POINT('',(107.2,68.,-40.82457351945));
#19139 = DIRECTION('',(0.,0.5,-0.866025403784));
#19140 = DIRECTION('',(0.,-0.866025403784,-0.5));
#19141 = ADVANCED_FACE('',(#19142,#19169),#19180,.F.);
#19142 = FACE_BOUND('',#19143,.F.);
#19143 = EDGE_LOOP('',(#19144,#19145,#19146,#19154,#19162,#19168));
#19144 = ORIENTED_EDGE('',*,*,#19069,.T.);
#19145 = ORIENTED_EDGE('',*,*,#19131,.T.);
#19146 = ORIENTED_EDGE('',*,*,#19147,.T.);
#19147 = EDGE_CURVE('',#19124,#19148,#19150,.T.);
#19148 = VERTEX_POINT('',#19149);
#19149 = CARTESIAN_POINT('',(107.2,65.25,-45.58771324027));
#19150 = LINE('',#19151,#19152);
#19151 = CARTESIAN_POINT('',(107.2,65.25,-42.41228675972));
#19152 = VECTOR('',#19153,1.);
#19153 = DIRECTION('',(0.,0.,-1.));
#19154 = ORIENTED_EDGE('',*,*,#19155,.T.);
#19155 = EDGE_CURVE('',#19148,#19156,#19158,.T.);
#19156 = VERTEX_POINT('',#19157);
#19157 = CARTESIAN_POINT('',(107.2,68.,-47.17542648054));
#19158 = LINE('',#19159,#19160);
#19159 = CARTESIAN_POINT('',(107.2,65.25,-45.58771324027));
#19160 = VECTOR('',#19161,1.);
#19161 = DIRECTION('',(0.,0.866025403784,-0.5));
#19162 = ORIENTED_EDGE('',*,*,#19163,.T.);
#19163 = EDGE_CURVE('',#19156,#19084,#19164,.T.);
#19164 = LINE('',#19165,#19166);
#19165 = CARTESIAN_POINT('',(107.2,68.,-47.17542648054));
#19166 = VECTOR('',#19167,1.);
#19167 = DIRECTION('',(0.,0.866025403784,0.5));
#19168 = ORIENTED_EDGE('',*,*,#19100,.T.);
#19169 = FACE_BOUND('',#19170,.F.);
#19170 = EDGE_LOOP('',(#19171));
#19171 = ORIENTED_EDGE('',*,*,#19172,.F.);
#19172 = EDGE_CURVE('',#19173,#19173,#19175,.T.);
#19173 = VERTEX_POINT('',#19174);
#19174 = CARTESIAN_POINT('',(107.2,68.,-42.5));
#19175 = CIRCLE('',#19176,1.5);
#19176 = AXIS2_PLACEMENT_3D('',#19177,#19178,#19179);
#19177 = CARTESIAN_POINT('',(107.2,68.,-44.));
#19178 = DIRECTION('',(1.,0.,-0.));
#19179 = DIRECTION('',(0.,0.,1.));
#19180 = PLANE('',#19181);
#19181 = AXIS2_PLACEMENT_3D('',#19182,#19183,#19184);
#19182 = CARTESIAN_POINT('',(107.2,68.,-44.));
#19183 = DIRECTION('',(1.,0.,0.));
#19184 = DIRECTION('',(0.,0.,1.));
#19185 = ADVANCED_FACE('',(#19186,#19213),#19224,.T.);
#19186 = FACE_BOUND('',#19187,.T.);
#19187 = EDGE_LOOP('',(#19188,#19189,#19190,#19198,#19206,#19212));
#19188 = ORIENTED_EDGE('',*,*,#19053,.T.);
#19189 = ORIENTED_EDGE('',*,*,#19115,.T.);
#19190 = ORIENTED_EDGE('',*,*,#19191,.T.);
#19191 = EDGE_CURVE('',#19116,#19192,#19194,.T.);
#19192 = VERTEX_POINT('',#19193);
#19193 = CARTESIAN_POINT('',(109.6,65.25,-45.58771324027));
#19194 = LINE('',#19195,#19196);
#19195 = CARTESIAN_POINT('',(109.6,65.25,-42.41228675972));
#19196 = VECTOR('',#19197,1.);
#19197 = DIRECTION('',(0.,0.,-1.));
#19198 = ORIENTED_EDGE('',*,*,#19199,.T.);
#19199 = EDGE_CURVE('',#19192,#19200,#19202,.T.);
#19200 = VERTEX_POINT('',#19201);
#19201 = CARTESIAN_POINT('',(109.6,68.,-47.17542648054));
#19202 = LINE('',#19203,#19204);
#19203 = CARTESIAN_POINT('',(109.6,65.25,-45.58771324027));
#19204 = VECTOR('',#19205,1.);
#19205 = DIRECTION('',(0.,0.866025403784,-0.5));
#19206 = ORIENTED_EDGE('',*,*,#19207,.T.);
#19207 = EDGE_CURVE('',#19200,#19086,#19208,.T.);
#19208 = LINE('',#19209,#19210);
#19209 = CARTESIAN_POINT('',(109.6,68.,-47.17542648054));
#19210 = VECTOR('',#19211,1.);
#19211 = DIRECTION('',(0.,0.866025403784,0.5));
#19212 = ORIENTED_EDGE('',*,*,#19093,.T.);
#19213 = FACE_BOUND('',#19214,.T.);
#19214 = EDGE_LOOP('',(#19215));
#19215 = ORIENTED_EDGE('',*,*,#19216,.F.);
#19216 = EDGE_CURVE('',#19217,#19217,#19219,.T.);
#19217 = VERTEX_POINT('',#19218);
#19218 = CARTESIAN_POINT('',(109.6,68.,-42.5));
#19219 = CIRCLE('',#19220,1.5);
#19220 = AXIS2_PLACEMENT_3D('',#19221,#19222,#19223);
#19221 = CARTESIAN_POINT('',(109.6,68.,-44.));
#19222 = DIRECTION('',(1.,0.,-0.));
#19223 = DIRECTION('',(0.,0.,1.));
#19224 = PLANE('',#19225);
#19225 = AXIS2_PLACEMENT_3D('',#19226,#19227,#19228);
#19226 = CARTESIAN_POINT('',(109.6,68.,-44.));
#19227 = DIRECTION('',(1.,0.,0.));
#19228 = DIRECTION('',(0.,0.,1.));
#19229 = ADVANCED_FACE('',(#19230),#19241,.F.);
#19230 = FACE_BOUND('',#19231,.F.);
#19231 = EDGE_LOOP('',(#19232,#19238,#19239,#19240));
#19232 = ORIENTED_EDGE('',*,*,#19233,.T.);
#19233 = EDGE_CURVE('',#19156,#19200,#19234,.T.);
#19234 = LINE('',#19235,#19236);
#19235 = CARTESIAN_POINT('',(107.2,68.,-47.17542648054));
#19236 = VECTOR('',#19237,1.);
#19237 = DIRECTION('',(1.,0.,0.));
#19238 = ORIENTED_EDGE('',*,*,#19207,.T.);
#19239 = ORIENTED_EDGE('',*,*,#19083,.F.);
#19240 = ORIENTED_EDGE('',*,*,#19163,.F.);
#19241 = PLANE('',#19242);
#19242 = AXIS2_PLACEMENT_3D('',#19243,#19244,#19245);
#19243 = CARTESIAN_POINT('',(107.2,68.,-47.17542648054));
#19244 = DIRECTION('',(0.,-0.5,0.866025403784));
#19245 = DIRECTION('',(0.,0.866025403784,0.5));
#19246 = ADVANCED_FACE('',(#19247),#19258,.F.);
#19247 = FACE_BOUND('',#19248,.F.);
#19248 = EDGE_LOOP('',(#19249,#19250,#19251,#19257));
#19249 = ORIENTED_EDGE('',*,*,#19123,.T.);
#19250 = ORIENTED_EDGE('',*,*,#19191,.T.);
#19251 = ORIENTED_EDGE('',*,*,#19252,.F.);
#19252 = EDGE_CURVE('',#19148,#19192,#19253,.T.);
#19253 = LINE('',#19254,#19255);
#19254 = CARTESIAN_POINT('',(107.2,65.25,-45.58771324027));
#19255 = VECTOR('',#19256,1.);
#19256 = DIRECTION('',(1.,0.,0.));
#19257 = ORIENTED_EDGE('',*,*,#19147,.F.);
#19258 = PLANE('',#19259);
#19259 = AXIS2_PLACEMENT_3D('',#19260,#19261,#19262);
#19260 = CARTESIAN_POINT('',(107.2,65.25,-42.41228675972));
#19261 = DIRECTION('',(0.,1.,0.));
#19262 = DIRECTION('',(0.,0.,-1.));
#19263 = ADVANCED_FACE('',(#19264),#19270,.F.);
#19264 = FACE_BOUND('',#19265,.F.);
#19265 = EDGE_LOOP('',(#19266,#19267,#19268,#19269));
#19266 = ORIENTED_EDGE('',*,*,#19252,.T.);
#19267 = ORIENTED_EDGE('',*,*,#19199,.T.);
#19268 = ORIENTED_EDGE('',*,*,#19233,.F.);
#19269 = ORIENTED_EDGE('',*,*,#19155,.F.);
#19270 = PLANE('',#19271);
#19271 = AXIS2_PLACEMENT_3D('',#19272,#19273,#19274);
#19272 = CARTESIAN_POINT('',(107.2,65.25,-45.58771324027));
#19273 = DIRECTION('',(0.,0.5,0.866025403784));
#19274 = DIRECTION('',(0.,0.866025403784,-0.5));
#19275 = ADVANCED_FACE('',(#19276),#19287,.F.);
#19276 = FACE_BOUND('',#19277,.F.);
#19277 = EDGE_LOOP('',(#19278,#19279,#19285,#19286));
#19278 = ORIENTED_EDGE('',*,*,#19216,.F.);
#19279 = ORIENTED_EDGE('',*,*,#19280,.F.);
#19280 = EDGE_CURVE('',#19173,#19217,#19281,.T.);
#19281 = LINE('',#19282,#19283);
#19282 = CARTESIAN_POINT('',(107.,68.,-42.5));
#19283 = VECTOR('',#19284,1.);
#19284 = DIRECTION('',(1.,0.,0.));
#19285 = ORIENTED_EDGE('',*,*,#19172,.T.);
#19286 = ORIENTED_EDGE('',*,*,#19280,.T.);
#19287 = CYLINDRICAL_SURFACE('',#19288,1.5);
#19288 = AXIS2_PLACEMENT_3D('',#19289,#19290,#19291);
#19289 = CARTESIAN_POINT('',(107.,68.,-44.));
#19290 = DIRECTION('',(1.,0.,0.));
#19291 = DIRECTION('',(0.,0.,1.));
#19292 = MANIFOLD_SOLID_BREP('',#19293);
#19293 = CLOSED_SHELL('',(#19294,#19334,#19365,#19396,#19440,#19484,
    #19501,#19518,#19530));
#19294 = ADVANCED_FACE('',(#19295),#19329,.F.);
#19295 = FACE_BOUND('',#19296,.F.);
#19296 = EDGE_LOOP('',(#19297,#19307,#19315,#19323));
#19297 = ORIENTED_EDGE('',*,*,#19298,.T.);
#19298 = EDGE_CURVE('',#19299,#19301,#19303,.T.);
#19299 = VERTEX_POINT('',#19300);
#19300 = CARTESIAN_POINT('',(107.2,70.75,89.587713240271));
#19301 = VERTEX_POINT('',#19302);
#19302 = CARTESIAN_POINT('',(109.6,70.75,89.587713240271));
#19303 = LINE('',#19304,#19305);
#19304 = CARTESIAN_POINT('',(107.2,70.75,89.587713240271));
#19305 = VECTOR('',#19306,1.);
#19306 = DIRECTION('',(1.,0.,0.));
#19307 = ORIENTED_EDGE('',*,*,#19308,.T.);
#19308 = EDGE_CURVE('',#19301,#19309,#19311,.T.);
#19309 = VERTEX_POINT('',#19310);
#19310 = CARTESIAN_POINT('',(109.6,68.,91.175426480543));
#19311 = LINE('',#19312,#19313);
#19312 = CARTESIAN_POINT('',(109.6,70.75,89.587713240271));
#19313 = VECTOR('',#19314,1.);
#19314 = DIRECTION('',(0.,-0.866025403784,0.5));
#19315 = ORIENTED_EDGE('',*,*,#19316,.F.);
#19316 = EDGE_CURVE('',#19317,#19309,#19319,.T.);
#19317 = VERTEX_POINT('',#19318);
#19318 = CARTESIAN_POINT('',(107.2,68.,91.175426480543));
#19319 = LINE('',#19320,#19321);
#19320 = CARTESIAN_POINT('',(107.2,68.,91.175426480543));
#19321 = VECTOR('',#19322,1.);
#19322 = DIRECTION('',(1.,0.,0.));
#19323 = ORIENTED_EDGE('',*,*,#19324,.F.);
#19324 = EDGE_CURVE('',#19299,#19317,#19325,.T.);
#19325 = LINE('',#19326,#19327);
#19326 = CARTESIAN_POINT('',(107.2,70.75,89.587713240271));
#19327 = VECTOR('',#19328,1.);
#19328 = DIRECTION('',(0.,-0.866025403784,0.5));
#19329 = PLANE('',#19330);
#19330 = AXIS2_PLACEMENT_3D('',#19331,#19332,#19333);
#19331 = CARTESIAN_POINT('',(107.2,70.75,89.587713240271));
#19332 = DIRECTION('',(0.,-0.5,-0.866025403784));
#19333 = DIRECTION('',(0.,-0.866025403784,0.5));
#19334 = ADVANCED_FACE('',(#19335),#19360,.F.);
#19335 = FACE_BOUND('',#19336,.F.);
#19336 = EDGE_LOOP('',(#19337,#19347,#19353,#19354));
#19337 = ORIENTED_EDGE('',*,*,#19338,.T.);
#19338 = EDGE_CURVE('',#19339,#19341,#19343,.T.);
#19339 = VERTEX_POINT('',#19340);
#19340 = CARTESIAN_POINT('',(107.2,70.75,86.412286759729));
#19341 = VERTEX_POINT('',#19342);
#19342 = CARTESIAN_POINT('',(109.6,70.75,86.412286759729));
#19343 = LINE('',#19344,#19345);
#19344 = CARTESIAN_POINT('',(107.2,70.75,86.412286759729));
#19345 = VECTOR('',#19346,1.);
#19346 = DIRECTION('',(1.,0.,0.));
#19347 = ORIENTED_EDGE('',*,*,#19348,.T.);
#19348 = EDGE_CURVE('',#19341,#19301,#19349,.T.);
#19349 = LINE('',#19350,#19351);
#19350 = CARTESIAN_POINT('',(109.6,70.75,86.412286759729));
#19351 = VECTOR('',#19352,1.);
#19352 = DIRECTION('',(0.,0.,1.));
#19353 = ORIENTED_EDGE('',*,*,#19298,.F.);
#19354 = ORIENTED_EDGE('',*,*,#19355,.F.);
#19355 = EDGE_CURVE('',#19339,#19299,#19356,.T.);
#19356 = LINE('',#19357,#19358);
#19357 = CARTESIAN_POINT('',(107.2,70.75,86.412286759729));
#19358 = VECTOR('',#19359,1.);
#19359 = DIRECTION('',(0.,0.,1.));
#19360 = PLANE('',#19361);
#19361 = AXIS2_PLACEMENT_3D('',#19362,#19363,#19364);
#19362 = CARTESIAN_POINT('',(107.2,70.75,86.412286759729));
#19363 = DIRECTION('',(0.,-1.,0.));
#19364 = DIRECTION('',(0.,0.,1.));
#19365 = ADVANCED_FACE('',(#19366),#19391,.F.);
#19366 = FACE_BOUND('',#19367,.F.);
#19367 = EDGE_LOOP('',(#19368,#19369,#19377,#19385));
#19368 = ORIENTED_EDGE('',*,*,#19316,.T.);
#19369 = ORIENTED_EDGE('',*,*,#19370,.T.);
#19370 = EDGE_CURVE('',#19309,#19371,#19373,.T.);
#19371 = VERTEX_POINT('',#19372);
#19372 = CARTESIAN_POINT('',(109.6,65.25,89.587713240271));
#19373 = LINE('',#19374,#19375);
#19374 = CARTESIAN_POINT('',(109.6,68.,91.175426480543));
#19375 = VECTOR('',#19376,1.);
#19376 = DIRECTION('',(0.,-0.866025403784,-0.5));
#19377 = ORIENTED_EDGE('',*,*,#19378,.F.);
#19378 = EDGE_CURVE('',#19379,#19371,#19381,.T.);
#19379 = VERTEX_POINT('',#19380);
#19380 = CARTESIAN_POINT('',(107.2,65.25,89.587713240271));
#19381 = LINE('',#19382,#19383);
#19382 = CARTESIAN_POINT('',(107.2,65.25,89.587713240271));
#19383 = VECTOR('',#19384,1.);
#19384 = DIRECTION('',(1.,0.,0.));
#19385 = ORIENTED_EDGE('',*,*,#19386,.F.);
#19386 = EDGE_CURVE('',#19317,#19379,#19387,.T.);
#19387 = LINE('',#19388,#19389);
#19388 = CARTESIAN_POINT('',(107.2,68.,91.175426480543));
#19389 = VECTOR('',#19390,1.);
#19390 = DIRECTION('',(0.,-0.866025403784,-0.5));
#19391 = PLANE('',#19392);
#19392 = AXIS2_PLACEMENT_3D('',#19393,#19394,#19395);
#19393 = CARTESIAN_POINT('',(107.2,68.,91.175426480543));
#19394 = DIRECTION('',(0.,0.5,-0.866025403784));
#19395 = DIRECTION('',(0.,-0.866025403784,-0.5));
#19396 = ADVANCED_FACE('',(#19397,#19424),#19435,.F.);
#19397 = FACE_BOUND('',#19398,.F.);
#19398 = EDGE_LOOP('',(#19399,#19400,#19401,#19409,#19417,#19423));
#19399 = ORIENTED_EDGE('',*,*,#19324,.T.);
#19400 = ORIENTED_EDGE('',*,*,#19386,.T.);
#19401 = ORIENTED_EDGE('',*,*,#19402,.T.);
#19402 = EDGE_CURVE('',#19379,#19403,#19405,.T.);
#19403 = VERTEX_POINT('',#19404);
#19404 = CARTESIAN_POINT('',(107.2,65.25,86.412286759729));
#19405 = LINE('',#19406,#19407);
#19406 = CARTESIAN_POINT('',(107.2,65.25,89.587713240271));
#19407 = VECTOR('',#19408,1.);
#19408 = DIRECTION('',(0.,0.,-1.));
#19409 = ORIENTED_EDGE('',*,*,#19410,.T.);
#19410 = EDGE_CURVE('',#19403,#19411,#19413,.T.);
#19411 = VERTEX_POINT('',#19412);
#19412 = CARTESIAN_POINT('',(107.2,68.,84.824573519457));
#19413 = LINE('',#19414,#19415);
#19414 = CARTESIAN_POINT('',(107.2,65.25,86.412286759729));
#19415 = VECTOR('',#19416,1.);
#19416 = DIRECTION('',(0.,0.866025403784,-0.5));
#19417 = ORIENTED_EDGE('',*,*,#19418,.T.);
#19418 = EDGE_CURVE('',#19411,#19339,#19419,.T.);
#19419 = LINE('',#19420,#19421);
#19420 = CARTESIAN_POINT('',(107.2,68.,84.824573519457));
#19421 = VECTOR('',#19422,1.);
#19422 = DIRECTION('',(0.,0.866025403784,0.5));
#19423 = ORIENTED_EDGE('',*,*,#19355,.T.);
#19424 = FACE_BOUND('',#19425,.F.);
#19425 = EDGE_LOOP('',(#19426));
#19426 = ORIENTED_EDGE('',*,*,#19427,.F.);
#19427 = EDGE_CURVE('',#19428,#19428,#19430,.T.);
#19428 = VERTEX_POINT('',#19429);
#19429 = CARTESIAN_POINT('',(107.2,68.,89.5));
#19430 = CIRCLE('',#19431,1.5);
#19431 = AXIS2_PLACEMENT_3D('',#19432,#19433,#19434);
#19432 = CARTESIAN_POINT('',(107.2,68.,88.));
#19433 = DIRECTION('',(1.,0.,-0.));
#19434 = DIRECTION('',(0.,0.,1.));
#19435 = PLANE('',#19436);
#19436 = AXIS2_PLACEMENT_3D('',#19437,#19438,#19439);
#19437 = CARTESIAN_POINT('',(107.2,68.,88.));
#19438 = DIRECTION('',(1.,0.,0.));
#19439 = DIRECTION('',(0.,0.,1.));
#19440 = ADVANCED_FACE('',(#19441,#19468),#19479,.T.);
#19441 = FACE_BOUND('',#19442,.T.);
#19442 = EDGE_LOOP('',(#19443,#19444,#19445,#19453,#19461,#19467));
#19443 = ORIENTED_EDGE('',*,*,#19308,.T.);
#19444 = ORIENTED_EDGE('',*,*,#19370,.T.);
#19445 = ORIENTED_EDGE('',*,*,#19446,.T.);
#19446 = EDGE_CURVE('',#19371,#19447,#19449,.T.);
#19447 = VERTEX_POINT('',#19448);
#19448 = CARTESIAN_POINT('',(109.6,65.25,86.412286759729));
#19449 = LINE('',#19450,#19451);
#19450 = CARTESIAN_POINT('',(109.6,65.25,89.587713240271));
#19451 = VECTOR('',#19452,1.);
#19452 = DIRECTION('',(0.,0.,-1.));
#19453 = ORIENTED_EDGE('',*,*,#19454,.T.);
#19454 = EDGE_CURVE('',#19447,#19455,#19457,.T.);
#19455 = VERTEX_POINT('',#19456);
#19456 = CARTESIAN_POINT('',(109.6,68.,84.824573519457));
#19457 = LINE('',#19458,#19459);
#19458 = CARTESIAN_POINT('',(109.6,65.25,86.412286759729));
#19459 = VECTOR('',#19460,1.);
#19460 = DIRECTION('',(0.,0.866025403784,-0.5));
#19461 = ORIENTED_EDGE('',*,*,#19462,.T.);
#19462 = EDGE_CURVE('',#19455,#19341,#19463,.T.);
#19463 = LINE('',#19464,#19465);
#19464 = CARTESIAN_POINT('',(109.6,68.,84.824573519457));
#19465 = VECTOR('',#19466,1.);
#19466 = DIRECTION('',(0.,0.866025403784,0.5));
#19467 = ORIENTED_EDGE('',*,*,#19348,.T.);
#19468 = FACE_BOUND('',#19469,.T.);
#19469 = EDGE_LOOP('',(#19470));
#19470 = ORIENTED_EDGE('',*,*,#19471,.F.);
#19471 = EDGE_CURVE('',#19472,#19472,#19474,.T.);
#19472 = VERTEX_POINT('',#19473);
#19473 = CARTESIAN_POINT('',(109.6,68.,89.5));
#19474 = CIRCLE('',#19475,1.5);
#19475 = AXIS2_PLACEMENT_3D('',#19476,#19477,#19478);
#19476 = CARTESIAN_POINT('',(109.6,68.,88.));
#19477 = DIRECTION('',(1.,0.,-0.));
#19478 = DIRECTION('',(0.,0.,1.));
#19479 = PLANE('',#19480);
#19480 = AXIS2_PLACEMENT_3D('',#19481,#19482,#19483);
#19481 = CARTESIAN_POINT('',(109.6,68.,88.));
#19482 = DIRECTION('',(1.,0.,0.));
#19483 = DIRECTION('',(0.,0.,1.));
#19484 = ADVANCED_FACE('',(#19485),#19496,.F.);
#19485 = FACE_BOUND('',#19486,.F.);
#19486 = EDGE_LOOP('',(#19487,#19493,#19494,#19495));
#19487 = ORIENTED_EDGE('',*,*,#19488,.T.);
#19488 = EDGE_CURVE('',#19411,#19455,#19489,.T.);
#19489 = LINE('',#19490,#19491);
#19490 = CARTESIAN_POINT('',(107.2,68.,84.824573519457));
#19491 = VECTOR('',#19492,1.);
#19492 = DIRECTION('',(1.,0.,0.));
#19493 = ORIENTED_EDGE('',*,*,#19462,.T.);
#19494 = ORIENTED_EDGE('',*,*,#19338,.F.);
#19495 = ORIENTED_EDGE('',*,*,#19418,.F.);
#19496 = PLANE('',#19497);
#19497 = AXIS2_PLACEMENT_3D('',#19498,#19499,#19500);
#19498 = CARTESIAN_POINT('',(107.2,68.,84.824573519457));
#19499 = DIRECTION('',(0.,-0.5,0.866025403784));
#19500 = DIRECTION('',(0.,0.866025403784,0.5));
#19501 = ADVANCED_FACE('',(#19502),#19513,.F.);
#19502 = FACE_BOUND('',#19503,.F.);
#19503 = EDGE_LOOP('',(#19504,#19505,#19506,#19512));
#19504 = ORIENTED_EDGE('',*,*,#19378,.T.);
#19505 = ORIENTED_EDGE('',*,*,#19446,.T.);
#19506 = ORIENTED_EDGE('',*,*,#19507,.F.);
#19507 = EDGE_CURVE('',#19403,#19447,#19508,.T.);
#19508 = LINE('',#19509,#19510);
#19509 = CARTESIAN_POINT('',(107.2,65.25,86.412286759729));
#19510 = VECTOR('',#19511,1.);
#19511 = DIRECTION('',(1.,0.,0.));
#19512 = ORIENTED_EDGE('',*,*,#19402,.F.);
#19513 = PLANE('',#19514);
#19514 = AXIS2_PLACEMENT_3D('',#19515,#19516,#19517);
#19515 = CARTESIAN_POINT('',(107.2,65.25,89.587713240271));
#19516 = DIRECTION('',(0.,1.,0.));
#19517 = DIRECTION('',(0.,0.,-1.));
#19518 = ADVANCED_FACE('',(#19519),#19525,.F.);
#19519 = FACE_BOUND('',#19520,.F.);
#19520 = EDGE_LOOP('',(#19521,#19522,#19523,#19524));
#19521 = ORIENTED_EDGE('',*,*,#19507,.T.);
#19522 = ORIENTED_EDGE('',*,*,#19454,.T.);
#19523 = ORIENTED_EDGE('',*,*,#19488,.F.);
#19524 = ORIENTED_EDGE('',*,*,#19410,.F.);
#19525 = PLANE('',#19526);
#19526 = AXIS2_PLACEMENT_3D('',#19527,#19528,#19529);
#19527 = CARTESIAN_POINT('',(107.2,65.25,86.412286759729));
#19528 = DIRECTION('',(0.,0.5,0.866025403784));
#19529 = DIRECTION('',(0.,0.866025403784,-0.5));
#19530 = ADVANCED_FACE('',(#19531),#19542,.F.);
#19531 = FACE_BOUND('',#19532,.F.);
#19532 = EDGE_LOOP('',(#19533,#19534,#19540,#19541));
#19533 = ORIENTED_EDGE('',*,*,#19471,.F.);
#19534 = ORIENTED_EDGE('',*,*,#19535,.F.);
#19535 = EDGE_CURVE('',#19428,#19472,#19536,.T.);
#19536 = LINE('',#19537,#19538);
#19537 = CARTESIAN_POINT('',(107.,68.,89.5));
#19538 = VECTOR('',#19539,1.);
#19539 = DIRECTION('',(1.,0.,0.));
#19540 = ORIENTED_EDGE('',*,*,#19427,.T.);
#19541 = ORIENTED_EDGE('',*,*,#19535,.T.);
#19542 = CYLINDRICAL_SURFACE('',#19543,1.5);
#19543 = AXIS2_PLACEMENT_3D('',#19544,#19545,#19546);
#19544 = CARTESIAN_POINT('',(107.,68.,88.));
#19545 = DIRECTION('',(1.,0.,0.));
#19546 = DIRECTION('',(0.,0.,1.));
#19547 = ( GEOMETRIC_REPRESENTATION_CONTEXT(3) 
GLOBAL_UNCERTAINTY_ASSIGNED_CONTEXT((#19551)) 
GLOBAL_UNIT_ASSIGNED_CONTEXT((#19548,#19549,#19550)) 
REPRESENTATION_CONTEXT('Context #1',
  '3D Context with UNIT and UNCERTAINTY') );
#19548 = ( LENGTH_UNIT() NAMED_UNIT(*) SI_UNIT(.MILLI.,.METRE.) );
#19549 = ( NAMED_UNIT(*) PLANE_ANGLE_UNIT() SI_UNIT($,.RADIAN.) );
#19550 = ( NAMED_UNIT(*) SI_UNIT($,.STERADIAN.) SOLID_ANGLE_UNIT() );
#19551 = UNCERTAINTY_MEASURE_WITH_UNIT(LENGTH_MEASURE(1.E-07),#19548,
  'distance_accuracy_value','confusion accuracy');
#19552 = PRODUCT_RELATED_PRODUCT_CATEGORY('part',$,(#7));
ENDSEC;
END-ISO-10303-21;
