ISO-10303-21;
HEADER;
FILE_DESCRIPTION(('FreeCAD Model'),'2;1');
FILE_NAME('Open CASCADE Shape Model','2026-09-22T14:17:55',('FreeCAD'),(
    'FreeCAD'),'Open CASCADE STEP processor 7.8','FreeCAD','Unknown');
FILE_SCHEMA(('AUTOMOTIVE_DESIGN { 1 0 10303 214 1 1 1 1 }'));
ENDSEC;
DATA;
#1 = APPLICATION_PROTOCOL_DEFINITION('international standard',
  'automotive_design',2000,#2);
#2 = APPLICATION_CONTEXT(
  'core data for automotive mechanical design processes');
#3 = SHAPE_DEFINITION_REPRESENTATION(#4,#10);
#4 = PRODUCT_DEFINITION_SHAPE('','',#5);
#5 = PRODUCT_DEFINITION('design','',#6,#9);
#6 = PRODUCT_DEFINITION_FORMATION('','',#7);
#7 = PRODUCT('Open CASCADE STEP translator 7.8 32',
  'Open CASCADE STEP translator 7.8 32','',(#8));
#8 = PRODUCT_CONTEXT('',#2,'mechanical');
#9 = PRODUCT_DEFINITION_CONTEXT('part definition',#2,'design');
#10 = ADVANCED_BREP_SHAPE_REPRESENTATION('',(#11,#15),#2702);
#11 = AXIS2_PLACEMENT_3D('',#12,#13,#14);
#12 = CARTESIAN_POINT('',(0.,0.,0.));
#13 = DIRECTION('',(0.,0.,1.));
#14 = DIRECTION('',(1.,0.,-0.));
#15 = MANIFOLD_SOLID_BREP('',#16);
#16 = CLOSED_SHELL('',(#17,#190,#836,#864,#886,#914,#936,#1031,#1065,
    #1084,#1120,#1251,#1296,#1324,#1349,#1379,#1407,#1472,#1508,#1566,
    #1590,#1615,#1632,#1658,#1709,#1734,#1766,#1790,#1815,#1839,#1864,
    #1881,#1913,#1938,#1963,#1981,#2013,#2037,#2062,#2086,#2111,#2128,
    #2160,#2184,#2209,#2233,#2258,#2275,#2300,#2325,#2350,#2361,#2374,
    #2396,#2418,#2484,#2497,#2517,#2537,#2546,#2555,#2580,#2605,#2622,
    #2647,#2672,#2681,#2690));
#17 = ADVANCED_FACE('',(#18),#182,.F.);
#18 = FACE_BOUND('',#19,.F.);
#19 = EDGE_LOOP('',(#20,#31,#42,#91,#99,#108,#118,#130,#140,#149,#159,
    #174));
#20 = ORIENTED_EDGE('',*,*,#21,.T.);
#21 = EDGE_CURVE('',#22,#24,#26,.T.);
#22 = VERTEX_POINT('',#23);
#23 = CARTESIAN_POINT('',(-15.32781179817,152.1,-85.56261606708));
#24 = VERTEX_POINT('',#25);
#25 = CARTESIAN_POINT('',(-15.35721735803,152.1,-87.99999999999));
#26 = B_SPLINE_CURVE_WITH_KNOTS('',3,(#27,#28,#29,#30),.UNSPECIFIED.,.F.
  ,.F.,(4,4),(0.,1.),.PIECEWISE_BEZIER_KNOTS.);
#27 = CARTESIAN_POINT('',(-15.05,152.1,-50.));
#28 = CARTESIAN_POINT('',(-15.05,152.1,-75.));
#29 = CARTESIAN_POINT('',(-15.75,152.1,-109.));
#30 = CARTESIAN_POINT('',(-15.75,152.1,-130.));
#31 = ORIENTED_EDGE('',*,*,#32,.T.);
#32 = EDGE_CURVE('',#24,#33,#35,.T.);
#33 = VERTEX_POINT('',#34);
#34 = CARTESIAN_POINT('',(-15.35721735858,132.3,-88.));
#35 = B_SPLINE_CURVE_WITH_KNOTS('',5,(#36,#37,#38,#39,#40,#41),
  .UNSPECIFIED.,.F.,.F.,(6,6),(0.,1.),.PIECEWISE_BEZIER_KNOTS.);
#36 = CARTESIAN_POINT('',(-15.35721735803,152.1,-88.));
#37 = CARTESIAN_POINT('',(-15.35721735803,148.10975781507,-88.));
#38 = CARTESIAN_POINT('',(-15.35721735803,144.2060001999,-88.));
#39 = CARTESIAN_POINT('',(-15.35721735803,140.19465415237,-88.));
#40 = CARTESIAN_POINT('',(-15.35721735803,136.12698564536,-88.));
#41 = CARTESIAN_POINT('',(-15.35721735803,132.2999994,-88.));
#42 = ORIENTED_EDGE('',*,*,#43,.T.);
#43 = EDGE_CURVE('',#33,#44,#46,.T.);
#44 = VERTEX_POINT('',#45);
#45 = CARTESIAN_POINT('',(-15.05,132.3,-50.));
#46 = B_SPLINE_CURVE_WITH_KNOTS('',7,(#47,#48,#49,#50,#51,#52,#53,#54,
    #55,#56,#57,#58,#59,#60,#61,#62,#63,#64,#65,#66,#67,#68,#69,#70,#71,
    #72,#73,#74,#75,#76,#77,#78,#79,#80,#81,#82,#83,#84,#85,#86,#87,#88,
    #89,#90),.UNSPECIFIED.,.F.,.F.,(8,6,6,6,6,6,6,8),(0.,0.180508027616,
    0.344185712468,0.429097001874,0.541292487395,0.699003427955,
    0.963904028257,1.),.UNSPECIFIED.);
#47 = CARTESIAN_POINT('',(-15.75,132.3,-130.));
#48 = CARTESIAN_POINT('',(-15.75,132.3,-127.9370577413));
#49 = CARTESIAN_POINT('',(-15.74474657148,132.3,-125.874094284));
#50 = CARTESIAN_POINT('',(-15.73561140156,132.3,-123.8111248497));
#51 = CARTESIAN_POINT('',(-15.72335144678,132.3,-121.748159716));
#52 = CARTESIAN_POINT('',(-15.70856947921,132.3,-119.6852040815));
#53 = CARTESIAN_POINT('',(-15.69170466956,132.3,-117.6222578905));
#54 = CARTESIAN_POINT('',(-15.65627375223,132.3,-113.68872014));
#55 = CARTESIAN_POINT('',(-15.6380126607,132.3,-111.818131113));
#56 = CARTESIAN_POINT('',(-15.61860988051,132.3,-109.9475483994));
#57 = CARTESIAN_POINT('',(-15.59827929886,132.3,-108.0769714592));
#58 = CARTESIAN_POINT('',(-15.57720110656,132.3,-106.2063995268));
#59 = CARTESIAN_POINT('',(-15.55553503486,132.3,-104.3358315181));
#60 = CARTESIAN_POINT('',(-15.5219537329,132.3,-101.494870248));
#61 = CARTESIAN_POINT('',(-15.51036369517,132.3,-100.5244752312));
#62 = CARTESIAN_POINT('',(-15.49867387104,132.3,-99.55408079465));
#63 = CARTESIAN_POINT('',(-15.48690327034,132.3,-98.58368678241));
#64 = CARTESIAN_POINT('',(-15.47507012853,132.3,-97.61329303795));
#65 = CARTESIAN_POINT('',(-15.46319190666,132.3,-96.64289940388));
#66 = CARTESIAN_POINT('',(-15.43555277231,132.3,-94.39029942119));
#67 = CARTESIAN_POINT('',(-15.41977086064,132.3,-93.10809304673));
#68 = CARTESIAN_POINT('',(-15.40397855506,132.3,-91.8258862272));
#69 = CARTESIAN_POINT('',(-15.38821339759,132.3,-90.54367860804));
#70 = CARTESIAN_POINT('',(-15.37251202018,132.3,-89.26146984639));
#71 = CARTESIAN_POINT('',(-15.35691069127,132.3,-87.97925960598));
#72 = CARTESIAN_POINT('',(-15.31970726306,132.3,-84.89466782084));
#73 = CARTESIAN_POINT('',(-15.29823832726,132.3,-83.09228456909));
#74 = CARTESIAN_POINT('',(-15.27714041178,132.3,-81.28989681394));
#75 = CARTESIAN_POINT('',(-15.25651517422,132.3,-79.48750371154));
#76 = CARTESIAN_POINT('',(-15.23646766736,132.3,-77.68510452977));
#77 = CARTESIAN_POINT('',(-15.21710943331,132.3,-75.88269862084));
#78 = CARTESIAN_POINT('',(-15.16740755899,132.3,-71.05284580047));
#79 = CARTESIAN_POINT('',(-15.13853981876,132.3,-68.02538917715));
#80 = CARTESIAN_POINT('',(-15.11253488512,132.3,-64.99790816906));
#81 = CARTESIAN_POINT('',(-15.0900427816,132.3,-61.97040096105));
#82 = CARTESIAN_POINT('',(-15.07186664426,132.3,-58.942871028));
#83 = CARTESIAN_POINT('',(-15.05899579296,132.3,-55.91532690683));
#84 = CARTESIAN_POINT('',(-15.05213252562,132.3,-52.47524034602));
#85 = CARTESIAN_POINT('',(-15.05143631604,132.3,-52.06269990108));
#86 = CARTESIAN_POINT('',(-15.05087078933,132.3,-51.65015952987));
#87 = CARTESIAN_POINT('',(-15.05044000468,132.3,-51.23761928807));
#88 = CARTESIAN_POINT('',(-15.05014824162,132.3,-50.82507923827));
#89 = CARTESIAN_POINT('',(-15.05,132.3,-50.41253945007));
#90 = CARTESIAN_POINT('',(-15.05,132.3,-50.));
#91 = ORIENTED_EDGE('',*,*,#92,.T.);
#92 = EDGE_CURVE('',#44,#93,#95,.T.);
#93 = VERTEX_POINT('',#94);
#94 = CARTESIAN_POINT('',(-15.05,152.1,-50.));
#95 = LINE('',#96,#97);
#96 = CARTESIAN_POINT('',(-15.05,131.1,-50.));
#97 = VECTOR('',#98,1.);
#98 = DIRECTION('',(0.,1.,0.));
#99 = ORIENTED_EDGE('',*,*,#100,.T.);
#100 = EDGE_CURVE('',#93,#101,#103,.T.);
#101 = VERTEX_POINT('',#102);
#102 = CARTESIAN_POINT('',(-15.05043424702,152.1,-51.08930336596));
#103 = B_SPLINE_CURVE_WITH_KNOTS('',3,(#104,#105,#106,#107),
  .UNSPECIFIED.,.F.,.F.,(4,4),(0.,1.),.PIECEWISE_BEZIER_KNOTS.);
#104 = CARTESIAN_POINT('',(-15.05,152.1,-50.));
#105 = CARTESIAN_POINT('',(-15.05,152.1,-75.));
#106 = CARTESIAN_POINT('',(-15.75,152.1,-109.));
#107 = CARTESIAN_POINT('',(-15.75,152.1,-130.));
#108 = ORIENTED_EDGE('',*,*,#109,.T.);
#109 = EDGE_CURVE('',#101,#110,#112,.T.);
#110 = VERTEX_POINT('',#111);
#111 = CARTESIAN_POINT('',(-15.05043424702,135.1,-51.08930336596));
#112 = B_SPLINE_CURVE_WITH_KNOTS('',4,(#113,#114,#115,#116,#117),
  .UNSPECIFIED.,.F.,.F.,(5,5),(0.,1.),.PIECEWISE_BEZIER_KNOTS.);
#113 = CARTESIAN_POINT('',(-15.05043424702,152.1000006,-51.08930336596)
  );
#114 = CARTESIAN_POINT('',(-15.05043424702,147.8500003,-51.08930336596)
  );
#115 = CARTESIAN_POINT('',(-15.05043424702,143.6,-51.08930336596));
#116 = CARTESIAN_POINT('',(-15.05043424702,139.3499997,-51.08930336596)
  );
#117 = CARTESIAN_POINT('',(-15.05043424702,135.0999994,-51.08930336596)
  );
#118 = ORIENTED_EDGE('',*,*,#119,.F.);
#119 = EDGE_CURVE('',#120,#110,#122,.T.);
#120 = VERTEX_POINT('',#121);
#121 = CARTESIAN_POINT('',(-15.07528770266,135.1,-58.88159019447));
#122 = B_SPLINE_CURVE_WITH_KNOTS('',6,(#123,#124,#125,#126,#127,#128,
    #129),.UNSPECIFIED.,.F.,.F.,(7,7),(0.,1.),.PIECEWISE_BEZIER_KNOTS.);
#123 = CARTESIAN_POINT('',(-15.08751254885,135.1,-61.));
#124 = CARTESIAN_POINT('',(-15.07608047296,135.1,-59.16667792465));
#125 = CARTESIAN_POINT('',(-15.06635760437,135.1,-57.33334894331));
#126 = CARTESIAN_POINT('',(-15.05857570134,135.1,-55.50001331275));
#127 = CARTESIAN_POINT('',(-15.0530114706,135.1,-53.66667336056));
#128 = CARTESIAN_POINT('',(-15.05,135.1,-51.83333346135));
#129 = CARTESIAN_POINT('',(-15.05,135.1,-50.));
#130 = ORIENTED_EDGE('',*,*,#131,.F.);
#131 = EDGE_CURVE('',#132,#120,#134,.T.);
#132 = VERTEX_POINT('',#133);
#133 = CARTESIAN_POINT('',(-15.07528770266,152.1,-58.88159019447));
#134 = B_SPLINE_CURVE_WITH_KNOTS('',4,(#135,#136,#137,#138,#139),
  .UNSPECIFIED.,.F.,.F.,(5,5),(0.,1.),.PIECEWISE_BEZIER_KNOTS.);
#135 = CARTESIAN_POINT('',(-15.07528770266,152.1000006,-58.88159019447)
  );
#136 = CARTESIAN_POINT('',(-15.07528770266,147.8500003,-58.88159019447)
  );
#137 = CARTESIAN_POINT('',(-15.07528770266,143.6,-58.88159019447));
#138 = CARTESIAN_POINT('',(-15.07528770266,139.3499997,-58.88159019447)
  );
#139 = CARTESIAN_POINT('',(-15.07528770266,135.0999994,-58.88159019447)
  );
#140 = ORIENTED_EDGE('',*,*,#141,.T.);
#141 = EDGE_CURVE('',#132,#142,#144,.T.);
#142 = VERTEX_POINT('',#143);
#143 = CARTESIAN_POINT('',(-15.24402832658,152.1,-78.326555399));
#144 = B_SPLINE_CURVE_WITH_KNOTS('',3,(#145,#146,#147,#148),
  .UNSPECIFIED.,.F.,.F.,(4,4),(0.,1.),.PIECEWISE_BEZIER_KNOTS.);
#145 = CARTESIAN_POINT('',(-15.05,152.1,-50.));
#146 = CARTESIAN_POINT('',(-15.05,152.1,-75.));
#147 = CARTESIAN_POINT('',(-15.75,152.1,-109.));
#148 = CARTESIAN_POINT('',(-15.75,152.1,-130.));
#149 = ORIENTED_EDGE('',*,*,#150,.T.);
#150 = EDGE_CURVE('',#142,#151,#153,.T.);
#151 = VERTEX_POINT('',#152);
#152 = CARTESIAN_POINT('',(-15.24402832658,135.1,-78.326555399));
#153 = B_SPLINE_CURVE_WITH_KNOTS('',4,(#154,#155,#156,#157,#158),
  .UNSPECIFIED.,.F.,.F.,(5,5),(0.,1.),.PIECEWISE_BEZIER_KNOTS.);
#154 = CARTESIAN_POINT('',(-15.24402832658,152.1000006,-78.326555399));
#155 = CARTESIAN_POINT('',(-15.24402832658,147.8500003,-78.326555399));
#156 = CARTESIAN_POINT('',(-15.24402832658,143.6,-78.326555399));
#157 = CARTESIAN_POINT('',(-15.24402832658,139.3499997,-78.326555399));
#158 = CARTESIAN_POINT('',(-15.24402832658,135.0999994,-78.326555399));
#159 = ORIENTED_EDGE('',*,*,#160,.F.);
#160 = EDGE_CURVE('',#161,#151,#163,.T.);
#161 = VERTEX_POINT('',#162);
#162 = CARTESIAN_POINT('',(-15.32781179817,135.1,-85.56261606708));
#163 = B_SPLINE_CURVE_WITH_KNOTS('',5,(#164,#165,#166,#167,#168,#169,
    #170,#171,#172,#173),.UNSPECIFIED.,.F.,.F.,(6,4,6),(0.,
    0.707426032427,1.),.UNSPECIFIED.);
#164 = CARTESIAN_POINT('',(-15.35721735803,135.1,-88.));
#165 = CARTESIAN_POINT('',(-15.33659776951,135.1,-86.30218954145));
#166 = CARTESIAN_POINT('',(-15.3161849418,135.1,-84.60437614609));
#167 = CARTESIAN_POINT('',(-15.29608671793,135.1,-82.90655879841));
#168 = CARTESIAN_POINT('',(-15.27641049427,135.1,-81.20873662258));
#169 = CARTESIAN_POINT('',(-15.24935599926,135.1,-78.80872907704));
#170 = CARTESIAN_POINT('',(-15.24153244486,135.1,-78.10654838448));
#171 = CARTESIAN_POINT('',(-15.23380890296,135.1,-77.4043666737));
#172 = CARTESIAN_POINT('',(-15.22619378864,135.1,-76.7021838941));
#173 = CARTESIAN_POINT('',(-15.21869580613,135.1,-76.));
#174 = ORIENTED_EDGE('',*,*,#175,.F.);
#175 = EDGE_CURVE('',#22,#161,#176,.T.);
#176 = B_SPLINE_CURVE_WITH_KNOTS('',4,(#177,#178,#179,#180,#181),
  .UNSPECIFIED.,.F.,.F.,(5,5),(0.,1.),.PIECEWISE_BEZIER_KNOTS.);
#177 = CARTESIAN_POINT('',(-15.32781179817,152.1000006,-85.56261606708)
  );
#178 = CARTESIAN_POINT('',(-15.32781179817,147.8500003,-85.56261606708)
  );
#179 = CARTESIAN_POINT('',(-15.32781179817,143.6,-85.56261606708));
#180 = CARTESIAN_POINT('',(-15.32781179817,139.3499997,-85.56261606708)
  );
#181 = CARTESIAN_POINT('',(-15.32781179817,135.0999994,-85.56261606708)
  );
#182 = SURFACE_OF_LINEAR_EXTRUSION('',#183,#188);
#183 = B_SPLINE_CURVE_WITH_KNOTS('',3,(#184,#185,#186,#187),
  .UNSPECIFIED.,.F.,.F.,(4,4),(0.,1.),.PIECEWISE_BEZIER_KNOTS.);
#184 = CARTESIAN_POINT('',(-15.05,131.1,-50.));
#185 = CARTESIAN_POINT('',(-15.05,131.1,-75.));
#186 = CARTESIAN_POINT('',(-15.75,131.1,-109.));
#187 = CARTESIAN_POINT('',(-15.75,131.1,-130.));
#188 = VECTOR('',#189,1.);
#189 = DIRECTION('',(-0.,-1.,-0.));
#190 = ADVANCED_FACE('',(#191,#612,#623,#676,#714,#767,#820),#831,.T.);
#191 = FACE_BOUND('',#192,.T.);
#192 = EDGE_LOOP('',(#193,#203,#212,#221,#230,#239,#248,#257,#266,#275,
    #345,#354,#362,#371,#379,#388,#451,#479,#487,#494,#495,#504,#511,
    #512,#521,#528,#529,#537,#568,#577));
#193 = ORIENTED_EDGE('',*,*,#194,.F.);
#194 = EDGE_CURVE('',#195,#197,#199,.T.);
#195 = VERTEX_POINT('',#196);
#196 = CARTESIAN_POINT('',(15.357217358035,152.1,-87.99999999999));
#197 = VERTEX_POINT('',#198);
#198 = CARTESIAN_POINT('',(18.280559029975,152.1,-88.));
#199 = LINE('',#200,#201);
#200 = CARTESIAN_POINT('',(-40.,152.1,-88.));
#201 = VECTOR('',#202,1.);
#202 = DIRECTION('',(1.,0.,-0.));
#203 = ORIENTED_EDGE('',*,*,#204,.T.);
#204 = EDGE_CURVE('',#195,#205,#207,.T.);
#205 = VERTEX_POINT('',#206);
#206 = CARTESIAN_POINT('',(15.327811798172,152.1,-85.56261606708));
#207 = B_SPLINE_CURVE_WITH_KNOTS('',3,(#208,#209,#210,#211),
  .UNSPECIFIED.,.F.,.F.,(4,4),(0.,1.),.PIECEWISE_BEZIER_KNOTS.);
#208 = CARTESIAN_POINT('',(15.75,152.1,-130.));
#209 = CARTESIAN_POINT('',(15.75,152.1,-109.));
#210 = CARTESIAN_POINT('',(15.05,152.1,-75.));
#211 = CARTESIAN_POINT('',(15.05,152.1,-50.));
#212 = ORIENTED_EDGE('',*,*,#213,.T.);
#213 = EDGE_CURVE('',#205,#214,#216,.T.);
#214 = VERTEX_POINT('',#215);
#215 = CARTESIAN_POINT('',(10.5,152.1,-76.));
#216 = CIRCLE('',#217,6.);
#217 = AXIS2_PLACEMENT_3D('',#218,#219,#220);
#218 = CARTESIAN_POINT('',(10.5,152.1,-82.));
#219 = DIRECTION('',(0.,1.,0.));
#220 = DIRECTION('',(0.,-0.,1.));
#221 = ORIENTED_EDGE('',*,*,#222,.T.);
#222 = EDGE_CURVE('',#214,#223,#225,.T.);
#223 = VERTEX_POINT('',#224);
#224 = CARTESIAN_POINT('',(15.244028326583,152.1,-78.326555399));
#225 = CIRCLE('',#226,6.);
#226 = AXIS2_PLACEMENT_3D('',#227,#228,#229);
#227 = CARTESIAN_POINT('',(10.5,152.1,-82.));
#228 = DIRECTION('',(0.,1.,0.));
#229 = DIRECTION('',(0.,-0.,1.));
#230 = ORIENTED_EDGE('',*,*,#231,.T.);
#231 = EDGE_CURVE('',#223,#232,#234,.T.);
#232 = VERTEX_POINT('',#233);
#233 = CARTESIAN_POINT('',(15.075287702667,152.1,-58.88159019447));
#234 = B_SPLINE_CURVE_WITH_KNOTS('',3,(#235,#236,#237,#238),
  .UNSPECIFIED.,.F.,.F.,(4,4),(0.,1.),.PIECEWISE_BEZIER_KNOTS.);
#235 = CARTESIAN_POINT('',(15.75,152.1,-130.));
#236 = CARTESIAN_POINT('',(15.75,152.1,-109.));
#237 = CARTESIAN_POINT('',(15.05,152.1,-75.));
#238 = CARTESIAN_POINT('',(15.05,152.1,-50.));
#239 = ORIENTED_EDGE('',*,*,#240,.T.);
#240 = EDGE_CURVE('',#232,#241,#243,.T.);
#241 = VERTEX_POINT('',#242);
#242 = CARTESIAN_POINT('',(10.5,152.1,-49.));
#243 = CIRCLE('',#244,6.);
#244 = AXIS2_PLACEMENT_3D('',#245,#246,#247);
#245 = CARTESIAN_POINT('',(10.5,152.1,-55.));
#246 = DIRECTION('',(0.,1.,0.));
#247 = DIRECTION('',(0.,-0.,1.));
#248 = ORIENTED_EDGE('',*,*,#249,.T.);
#249 = EDGE_CURVE('',#241,#250,#252,.T.);
#250 = VERTEX_POINT('',#251);
#251 = CARTESIAN_POINT('',(15.050434247026,152.1,-51.08930336596));
#252 = CIRCLE('',#253,6.);
#253 = AXIS2_PLACEMENT_3D('',#254,#255,#256);
#254 = CARTESIAN_POINT('',(10.5,152.1,-55.));
#255 = DIRECTION('',(0.,1.,0.));
#256 = DIRECTION('',(0.,-0.,1.));
#257 = ORIENTED_EDGE('',*,*,#258,.T.);
#258 = EDGE_CURVE('',#250,#259,#261,.T.);
#259 = VERTEX_POINT('',#260);
#260 = CARTESIAN_POINT('',(15.05,152.1,-50.));
#261 = B_SPLINE_CURVE_WITH_KNOTS('',3,(#262,#263,#264,#265),
  .UNSPECIFIED.,.F.,.F.,(4,4),(0.,1.),.PIECEWISE_BEZIER_KNOTS.);
#262 = CARTESIAN_POINT('',(15.75,152.1,-130.));
#263 = CARTESIAN_POINT('',(15.75,152.1,-109.));
#264 = CARTESIAN_POINT('',(15.05,152.1,-75.));
#265 = CARTESIAN_POINT('',(15.05,152.1,-50.));
#266 = ORIENTED_EDGE('',*,*,#267,.T.);
#267 = EDGE_CURVE('',#259,#268,#270,.T.);
#268 = VERTEX_POINT('',#269);
#269 = CARTESIAN_POINT('',(18.641543930058,152.1,-23.03993693908));
#270 = B_SPLINE_CURVE_WITH_KNOTS('',3,(#271,#272,#273,#274),
  .UNSPECIFIED.,.F.,.F.,(4,4),(0.,1.),.PIECEWISE_BEZIER_KNOTS.);
#271 = CARTESIAN_POINT('',(15.05,152.1,-50.));
#272 = CARTESIAN_POINT('',(15.05,152.1,-38.));
#273 = CARTESIAN_POINT('',(16.25,152.1,-25.));
#274 = CARTESIAN_POINT('',(20.402543263817,152.1,-20.15254326381));
#275 = ORIENTED_EDGE('',*,*,#276,.F.);
#276 = EDGE_CURVE('',#277,#268,#279,.T.);
#277 = VERTEX_POINT('',#278);
#278 = CARTESIAN_POINT('',(20.152543263817,152.1,-20.15254326381));
#279 = B_SPLINE_CURVE_WITH_KNOTS('',8,(#280,#281,#282,#283,#284,#285,
    #286,#287,#288,#289,#290,#291,#292,#293,#294,#295,#296,#297,#298,
    #299,#300,#301,#302,#303,#304,#305,#306,#307,#308,#309,#310,#311,
    #312,#313,#314,#315,#316,#317,#318,#319,#320,#321,#322,#323,#324,
    #325,#326,#327,#328,#329,#330,#331,#332,#333,#334,#335,#336,#337,
    #338,#339,#340,#341,#342,#343,#344),.UNSPECIFIED.,.F.,.F.,(9,7,7,7,7
    ,7,7,7,7,9),(0.,0.103234871148,0.269280672433,0.454587765956,
    0.580607766668,0.634868195021,0.681682182005,0.724206948117,
    0.853106130341,1.),.UNSPECIFIED.);
#280 = CARTESIAN_POINT('',(20.152543263817,152.1,-20.15254326381));
#281 = CARTESIAN_POINT('',(19.897957167308,152.1,-20.44973344584));
#282 = CARTESIAN_POINT('',(19.666121890201,152.1,-20.76595299759));
#283 = CARTESIAN_POINT('',(19.456591735747,152.1,-21.09785263686));
#284 = CARTESIAN_POINT('',(19.267991484085,152.1,-21.4421744682));
#285 = CARTESIAN_POINT('',(19.098599000945,152.1,-21.79608092515));
#286 = CARTESIAN_POINT('',(18.946616491786,152.1,-22.15730820819));
#287 = CARTESIAN_POINT('',(18.810278236471,152.1,-22.52422917503));
#288 = CARTESIAN_POINT('',(18.491174706517,152.1,-23.49373331241));
#289 = CARTESIAN_POINT('',(18.330946433792,152.1,-24.10291266141));
#290 = CARTESIAN_POINT('',(18.200184603525,152.1,-24.71960005954));
#291 = CARTESIAN_POINT('',(18.093907549911,152.1,-25.34099254969));
#292 = CARTESIAN_POINT('',(18.008104725583,152.1,-25.96511616098));
#293 = CARTESIAN_POINT('',(17.939616673522,152.1,-26.59080885934));
#294 = CARTESIAN_POINT('',(17.885863402955,152.1,-27.21766333879));
#295 = CARTESIAN_POINT('',(17.798903829563,152.1,-28.54726001766));
#296 = CARTESIAN_POINT('',(17.76886220246,152.1,-29.24947141349));
#297 = CARTESIAN_POINT('',(17.751742447101,152.1,-29.95220635984));
#298 = CARTESIAN_POINT('',(17.74537795013,152.1,-30.65513329512));
#299 = CARTESIAN_POINT('',(17.74802187494,152.1,-31.35802905952));
#300 = CARTESIAN_POINT('',(17.758213988618,152.1,-32.06077737104));
#301 = CARTESIAN_POINT('',(17.77472763862,152.1,-32.76336842761));
#302 = CARTESIAN_POINT('',(17.811301019587,152.1,-33.94365918426));
#303 = CARTESIAN_POINT('',(17.828534619332,152.1,-34.42134808421));
#304 = CARTESIAN_POINT('',(17.847861280534,152.1,-34.89896310692));
#305 = CARTESIAN_POINT('',(17.868979056259,152.1,-35.37650569826));
#306 = CARTESIAN_POINT('',(17.891612940121,152.1,-35.85397988591));
#307 = CARTESIAN_POINT('',(17.915509048049,152.1,-36.33139253161));
#308 = CARTESIAN_POINT('',(17.940430339699,152.1,-36.80875351936));
#309 = CARTESIAN_POINT('',(17.977229663381,152.1,-37.49159655543));
#310 = CARTESIAN_POINT('',(17.988454106391,152.1,-37.69710965966));
#311 = CARTESIAN_POINT('',(17.9998094788,152.1,-37.90261602331));
#312 = CARTESIAN_POINT('',(18.011278429439,152.1,-38.10811649063));
#313 = CARTESIAN_POINT('',(18.022843985725,152.1,-38.31361191901));
#314 = CARTESIAN_POINT('',(18.034489553656,152.1,-38.51910317897));
#315 = CARTESIAN_POINT('',(18.046198917816,152.1,-38.72459115415));
#316 = CARTESIAN_POINT('',(18.068100046141,152.1,-39.10736247053));
#317 = CARTESIAN_POINT('',(18.078279503917,152.1,-39.28464640882));
#318 = CARTESIAN_POINT('',(18.088484422558,152.1,-39.46192912738));
#319 = CARTESIAN_POINT('',(18.098704742732,152.1,-39.63921119143));
#320 = CARTESIAN_POINT('',(18.108930537912,152.1,-39.81649316029));
#321 = CARTESIAN_POINT('',(18.119152014381,152.1,-39.99377558737));
#322 = CARTESIAN_POINT('',(18.129359511227,152.1,-40.17105902018));
#323 = CARTESIAN_POINT('',(18.148794405544,152.1,-40.50938566336));
#324 = CARTESIAN_POINT('',(18.158025891141,152.1,-40.670428597));
#325 = CARTESIAN_POINT('',(18.167230808059,152.1,-40.83147320607));
#326 = CARTESIAN_POINT('',(18.176402059823,152.1,-40.99251988505));
#327 = CARTESIAN_POINT('',(18.18553260256,152.1,-41.15356901805));
#328 = CARTESIAN_POINT('',(18.194615444999,152.1,-41.31462097882));
#329 = CARTESIAN_POINT('',(18.203643648472,152.1,-41.47567613076));
#330 = CARTESIAN_POINT('',(18.239789724336,152.1,-42.12492879297));
#331 = CARTESIAN_POINT('',(18.266403695637,152.1,-42.61315457143));
#332 = CARTESIAN_POINT('',(18.292260160896,152.1,-43.10142293351));
#333 = CARTESIAN_POINT('',(18.317169917673,152.1,-43.58974264344));
#334 = CARTESIAN_POINT('',(18.340944956061,152.1,-44.07812054173));
#335 = CARTESIAN_POINT('',(18.363396773728,152.1,-44.56656162851));
#336 = CARTESIAN_POINT('',(18.384334690963,152.1,-45.05506914677));
#337 = CARTESIAN_POINT('',(18.425478129109,152.1,-46.1004266977));
#338 = CARTESIAN_POINT('',(18.445173303479,152.1,-46.65729370259));
#339 = CARTESIAN_POINT('',(18.462361752793,152.1,-47.21424973764));
#340 = CARTESIAN_POINT('',(18.476749247538,152.1,-47.77129155702));
#341 = CARTESIAN_POINT('',(18.488031964386,152.1,-48.32840868052));
#342 = CARTESIAN_POINT('',(18.495893185863,152.1,-48.88558346221));
#343 = CARTESIAN_POINT('',(18.5,152.1,-49.44279115914));
#344 = CARTESIAN_POINT('',(18.5,152.1,-50.));
#345 = ORIENTED_EDGE('',*,*,#346,.T.);
#346 = EDGE_CURVE('',#277,#347,#349,.T.);
#347 = VERTEX_POINT('',#348);
#348 = CARTESIAN_POINT('',(3.434717686684E-13,152.1,-28.5));
#349 = CIRCLE('',#350,28.5);
#350 = AXIS2_PLACEMENT_3D('',#351,#352,#353);
#351 = CARTESIAN_POINT('',(0.,152.1,0.));
#352 = DIRECTION('',(0.,1.,0.));
#353 = DIRECTION('',(0.,-0.,1.));
#354 = ORIENTED_EDGE('',*,*,#355,.T.);
#355 = EDGE_CURVE('',#347,#356,#358,.T.);
#356 = VERTEX_POINT('',#357);
#357 = CARTESIAN_POINT('',(-3.384355628678E-13,152.1,-25.1));
#358 = LINE('',#359,#360);
#359 = CARTESIAN_POINT('',(0.,152.1,-34.));
#360 = VECTOR('',#361,1.);
#361 = DIRECTION('',(0.,0.,1.));
#362 = ORIENTED_EDGE('',*,*,#363,.F.);
#363 = EDGE_CURVE('',#364,#356,#366,.T.);
#364 = VERTEX_POINT('',#365);
#365 = CARTESIAN_POINT('',(-6.14772693172E-15,152.1,25.1));
#366 = CIRCLE('',#367,25.1);
#367 = AXIS2_PLACEMENT_3D('',#368,#369,#370);
#368 = CARTESIAN_POINT('',(0.,152.1,0.));
#369 = DIRECTION('',(0.,1.,0.));
#370 = DIRECTION('',(0.,-0.,1.));
#371 = ORIENTED_EDGE('',*,*,#372,.T.);
#372 = EDGE_CURVE('',#364,#373,#375,.T.);
#373 = VERTEX_POINT('',#374);
#374 = CARTESIAN_POINT('',(0.,152.1,28.5));
#375 = LINE('',#376,#377);
#376 = CARTESIAN_POINT('',(0.,152.1,-34.));
#377 = VECTOR('',#378,1.);
#378 = DIRECTION('',(0.,0.,1.));
#379 = ORIENTED_EDGE('',*,*,#380,.T.);
#380 = EDGE_CURVE('',#373,#381,#383,.T.);
#381 = VERTEX_POINT('',#382);
#382 = CARTESIAN_POINT('',(-20.15254326381,152.1,-20.15254326381));
#383 = CIRCLE('',#384,28.5);
#384 = AXIS2_PLACEMENT_3D('',#385,#386,#387);
#385 = CARTESIAN_POINT('',(0.,152.1,-4.440201538537E-16));
#386 = DIRECTION('',(0.,-1.,0.));
#387 = DIRECTION('',(0.707106781187,0.,-0.707106781187));
#388 = ORIENTED_EDGE('',*,*,#389,.F.);
#389 = EDGE_CURVE('',#390,#381,#392,.T.);
#390 = VERTEX_POINT('',#391);
#391 = CARTESIAN_POINT('',(-18.64154393005,152.1,-23.03993693908));
#392 = B_SPLINE_CURVE_WITH_KNOTS('',8,(#393,#394,#395,#396,#397,#398,
    #399,#400,#401,#402,#403,#404,#405,#406,#407,#408,#409,#410,#411,
    #412,#413,#414,#415,#416,#417,#418,#419,#420,#421,#422,#423,#424,
    #425,#426,#427,#428,#429,#430,#431,#432,#433,#434,#435,#436,#437,
    #438,#439,#440,#441,#442,#443,#444,#445,#446,#447,#448,#449,#450),
  .UNSPECIFIED.,.F.,.F.,(9,7,7,7,7,7,7,7,9),(0.,0.222242910432,
    0.300622589192,0.355791769254,0.394083699559,0.49050416407,
    0.663028474008,0.841625827698,1.),.UNSPECIFIED.);
#393 = CARTESIAN_POINT('',(-18.5,152.1,-50.));
#394 = CARTESIAN_POINT('',(-18.5,152.1,-49.15692313567));
#395 = CARTESIAN_POINT('',(-18.49059834593,152.1,-48.31385921027));
#396 = CARTESIAN_POINT('',(-18.4730162703,152.1,-47.47090552752));
#397 = CARTESIAN_POINT('',(-18.44837124348,152.1,-46.62813020235));
#398 = CARTESIAN_POINT('',(-18.41770575027,152.1,-45.78557133287));
#399 = CARTESIAN_POINT('',(-18.38201372553,152.1,-44.94323619019));
#400 = CARTESIAN_POINT('',(-18.34226464879,152.1,-44.10110042596));
#401 = CARTESIAN_POINT('',(-18.28431689896,152.1,-42.9621567641));
#402 = CARTESIAN_POINT('',(-18.26882425711,152.1,-42.66522606792));
#403 = CARTESIAN_POINT('',(-18.25298987589,152.1,-42.36831358602));
#404 = CARTESIAN_POINT('',(-18.23685625992,152.1,-42.07141753954));
#405 = CARTESIAN_POINT('',(-18.22046606922,152.1,-41.77453598585));
#406 = CARTESIAN_POINT('',(-18.20386227367,152.1,-41.47766681017));
#407 = CARTESIAN_POINT('',(-18.18708830738,152.1,-41.18080771725));
#408 = CARTESIAN_POINT('',(-18.15829274442,152.1,-40.67501107563));
#409 = CARTESIAN_POINT('',(-18.14633481587,152.1,-40.46606972946));
#410 = CARTESIAN_POINT('',(-18.1343297411,152.1,-40.25713133542));
#411 = CARTESIAN_POINT('',(-18.12229304389,152.1,-40.04819502698));
#412 = CARTESIAN_POINT('',(-18.11024046812,152.1,-39.83925992023));
#413 = CARTESIAN_POINT('',(-18.09818797775,152.1,-39.6303251138));
#414 = CARTESIAN_POINT('',(-18.08615175685,152.1,-39.42138968897));
#415 = CARTESIAN_POINT('',(-18.06581676446,152.1,-39.0674333302));
#416 = CARTESIAN_POINT('',(-18.05750108479,152.1,-38.9224132087));
#417 = CARTESIAN_POINT('',(-18.04920666679,152.1,-38.77739203385));
#418 = CARTESIAN_POINT('',(-18.04093908762,152.1,-38.63236949542));
#419 = CARTESIAN_POINT('',(-18.03270400541,152.1,-38.48734528418));
#420 = CARTESIAN_POINT('',(-18.02450715926,152.1,-38.34231909191));
#421 = CARTESIAN_POINT('',(-18.01635436922,152.1,-38.19729061137));
#422 = CARTESIAN_POINT('',(-17.98784831023,152.1,-37.68706604745));
#423 = CARTESIAN_POINT('',(-17.96776185762,152.1,-37.3218565062));
#424 = CARTESIAN_POINT('',(-17.94808672517,152.1,-36.95662553378));
#425 = CARTESIAN_POINT('',(-17.92892106983,152.1,-36.5913683433));
#426 = CARTESIAN_POINT('',(-17.9103676655,152.1,-36.22608069001));
#427 = CARTESIAN_POINT('',(-17.89253490963,152.1,-35.86075882137));
#428 = CARTESIAN_POINT('',(-17.87553782979,152.1,-35.49539942732));
#429 = CARTESIAN_POINT('',(-17.83080111149,152.1,-34.47619279693));
#430 = CARTESIAN_POINT('',(-17.80517275146,152.1,-33.82228726117));
#431 = CARTESIAN_POINT('',(-17.78331618676,152.1,-33.16823329385));
#432 = CARTESIAN_POINT('',(-17.76601535705,152.1,-32.51401835921));
#433 = CARTESIAN_POINT('',(-17.75416576132,152.1,-31.85966668849));
#434 = CARTESIAN_POINT('',(-17.74880326725,152.1,-31.20523876186));
#435 = CARTESIAN_POINT('',(-17.75115945552,152.1,-30.55083037681));
#436 = CARTESIAN_POINT('',(-17.77479132682,152.1,-29.21928102334));
#437 = CARTESIAN_POINT('',(-17.79672324128,152.1,-28.54255688354));
#438 = CARTESIAN_POINT('',(-17.83025615164,152.1,-27.86616052818));
#439 = CARTESIAN_POINT('',(-17.87745844389,152.1,-27.19026385316));
#440 = CARTESIAN_POINT('',(-17.94085066404,152.1,-26.51545387691));
#441 = CARTESIAN_POINT('',(-18.02364753648,152.1,-25.84276209039));
#442 = CARTESIAN_POINT('',(-18.129890304,152.1,-25.1736754264));
#443 = CARTESIAN_POINT('',(-18.38569198417,152.1,-23.92194185299));
#444 = CARTESIAN_POINT('',(-18.52866305635,152.1,-23.33965282765));
#445 = CARTESIAN_POINT('',(-18.69860239789,152.1,-22.76319279152));
#446 = CARTESIAN_POINT('',(-18.90061379046,152.1,-22.19518054706));
#447 = CARTESIAN_POINT('',(-19.14072914904,152.1,-21.64106265481));
#448 = CARTESIAN_POINT('',(-19.4254469772,152.1,-21.10883379647));
#449 = CARTESIAN_POINT('',(-19.76156687462,152.1,-20.60894817306));
#450 = CARTESIAN_POINT('',(-20.15254326381,152.1,-20.15254326381));
#451 = ORIENTED_EDGE('',*,*,#452,.F.);
#452 = EDGE_CURVE('',#453,#390,#455,.T.);
#453 = VERTEX_POINT('',#454);
#454 = CARTESIAN_POINT('',(-17.81432605281,152.1,-34.));
#455 = B_SPLINE_CURVE_WITH_KNOTS('',8,(#456,#457,#458,#459,#460,#461,
    #462,#463,#464,#465,#466,#467,#468,#469,#470,#471,#472,#473,#474,
    #475,#476,#477,#478),.UNSPECIFIED.,.F.,.F.,(9,7,7,9),(0.,
    0.387724164716,0.747953823627,1.),.UNSPECIFIED.);
#456 = CARTESIAN_POINT('',(-17.81432605281,152.1,-34.));
#457 = CARTESIAN_POINT('',(-17.78956143994,152.1,-33.30600856545));
#458 = CARTESIAN_POINT('',(-17.76935167578,152.1,-32.61193053528));
#459 = CARTESIAN_POINT('',(-17.75465570858,152.1,-31.91768636319));
#460 = CARTESIAN_POINT('',(-17.74656745598,152.1,-31.22327579432));
#461 = CARTESIAN_POINT('',(-17.74637350027,152.1,-30.5287784696));
#462 = CARTESIAN_POINT('',(-17.75559928348,152.1,-29.83435387938));
#463 = CARTESIAN_POINT('',(-17.77611568214,152.1,-29.14024154931));
#464 = CARTESIAN_POINT('',(-17.84221038383,152.1,-27.80245950634));
#465 = CARTESIAN_POINT('',(-17.88587828437,152.1,-27.15932310295));
#466 = CARTESIAN_POINT('',(-17.94333767314,152.1,-26.517041378));
#467 = CARTESIAN_POINT('',(-18.01701240863,152.1,-25.87593305861));
#468 = CARTESIAN_POINT('',(-18.10987023814,152.1,-25.23695539492));
#469 = CARTESIAN_POINT('',(-18.22569892683,152.1,-24.60175438208));
#470 = CARTESIAN_POINT('',(-18.3692296784,152.1,-23.97267967334));
#471 = CARTESIAN_POINT('',(-18.67188567054,152.1,-22.91938128527));
#472 = CARTESIAN_POINT('',(-18.81322545347,152.1,-22.49092455284));
#473 = CARTESIAN_POINT('',(-18.9736318524,152.1,-22.06850378745));
#474 = CARTESIAN_POINT('',(-19.15570199892,152.1,-21.65416006074));
#475 = CARTESIAN_POINT('',(-19.36217242696,152.1,-21.25098787193));
#476 = CARTESIAN_POINT('',(-19.59580582863,152.1,-20.86307023608));
#477 = CARTESIAN_POINT('',(-19.85896625151,152.1,-20.4952493539));
#478 = CARTESIAN_POINT('',(-20.15254326381,152.1,-20.15254326381));
#479 = ORIENTED_EDGE('',*,*,#480,.T.);
#480 = EDGE_CURVE('',#453,#481,#483,.T.);
#481 = VERTEX_POINT('',#482);
#482 = CARTESIAN_POINT('',(-15.94215061711,152.1,-34.));
#483 = LINE('',#484,#485);
#484 = CARTESIAN_POINT('',(-45.,152.1,-34.));
#485 = VECTOR('',#486,1.);
#486 = DIRECTION('',(1.,0.,-0.));
#487 = ORIENTED_EDGE('',*,*,#488,.T.);
#488 = EDGE_CURVE('',#481,#93,#489,.T.);
#489 = B_SPLINE_CURVE_WITH_KNOTS('',3,(#490,#491,#492,#493),
  .UNSPECIFIED.,.F.,.F.,(4,4),(0.,1.),.PIECEWISE_BEZIER_KNOTS.);
#490 = CARTESIAN_POINT('',(-20.40254326381,152.1,-20.15254326381));
#491 = CARTESIAN_POINT('',(-16.25,152.1,-25.));
#492 = CARTESIAN_POINT('',(-15.05,152.1,-38.));
#493 = CARTESIAN_POINT('',(-15.05,152.1,-50.));
#494 = ORIENTED_EDGE('',*,*,#100,.T.);
#495 = ORIENTED_EDGE('',*,*,#496,.T.);
#496 = EDGE_CURVE('',#101,#497,#499,.T.);
#497 = VERTEX_POINT('',#498);
#498 = CARTESIAN_POINT('',(-10.5,152.1,-49.));
#499 = CIRCLE('',#500,6.);
#500 = AXIS2_PLACEMENT_3D('',#501,#502,#503);
#501 = CARTESIAN_POINT('',(-10.5,152.1,-55.));
#502 = DIRECTION('',(0.,1.,0.));
#503 = DIRECTION('',(0.,-0.,1.));
#504 = ORIENTED_EDGE('',*,*,#505,.T.);
#505 = EDGE_CURVE('',#497,#132,#506,.T.);
#506 = CIRCLE('',#507,6.);
#507 = AXIS2_PLACEMENT_3D('',#508,#509,#510);
#508 = CARTESIAN_POINT('',(-10.5,152.1,-55.));
#509 = DIRECTION('',(0.,1.,0.));
#510 = DIRECTION('',(0.,-0.,1.));
#511 = ORIENTED_EDGE('',*,*,#141,.T.);
#512 = ORIENTED_EDGE('',*,*,#513,.T.);
#513 = EDGE_CURVE('',#142,#514,#516,.T.);
#514 = VERTEX_POINT('',#515);
#515 = CARTESIAN_POINT('',(-10.5,152.1,-76.));
#516 = CIRCLE('',#517,6.);
#517 = AXIS2_PLACEMENT_3D('',#518,#519,#520);
#518 = CARTESIAN_POINT('',(-10.5,152.1,-82.));
#519 = DIRECTION('',(0.,1.,0.));
#520 = DIRECTION('',(0.,-0.,1.));
#521 = ORIENTED_EDGE('',*,*,#522,.T.);
#522 = EDGE_CURVE('',#514,#22,#523,.T.);
#523 = CIRCLE('',#524,6.);
#524 = AXIS2_PLACEMENT_3D('',#525,#526,#527);
#525 = CARTESIAN_POINT('',(-10.5,152.1,-82.));
#526 = DIRECTION('',(0.,1.,0.));
#527 = DIRECTION('',(0.,-0.,1.));
#528 = ORIENTED_EDGE('',*,*,#21,.T.);
#529 = ORIENTED_EDGE('',*,*,#530,.F.);
#530 = EDGE_CURVE('',#531,#24,#533,.T.);
#531 = VERTEX_POINT('',#532);
#532 = CARTESIAN_POINT('',(-18.28055902997,152.1,-88.));
#533 = LINE('',#534,#535);
#534 = CARTESIAN_POINT('',(-40.,152.1,-88.));
#535 = VECTOR('',#536,1.);
#536 = DIRECTION('',(1.,0.,-0.));
#537 = ORIENTED_EDGE('',*,*,#538,.F.);
#538 = EDGE_CURVE('',#539,#531,#541,.T.);
#539 = VERTEX_POINT('',#540);
#540 = CARTESIAN_POINT('',(-18.,152.1,-130.));
#541 = B_SPLINE_CURVE_WITH_KNOTS('',7,(#542,#543,#544,#545,#546,#547,
    #548,#549,#550,#551,#552,#553,#554,#555,#556,#557,#558,#559,#560,
    #561,#562,#563,#564,#565,#566,#567),.UNSPECIFIED.,.F.,.F.,(8,6,6,6,8
    ),(0.,0.345643139976,0.66545804547,0.849662829622,1.),
  .UNSPECIFIED.);
#542 = CARTESIAN_POINT('',(-18.,152.1,-130.));
#543 = CARTESIAN_POINT('',(-18.,152.1,-127.9261769634));
#544 = CARTESIAN_POINT('',(-18.0037921278,152.1,-125.8523309751));
#545 = CARTESIAN_POINT('',(-18.01038109027,152.1,-123.7784733023));
#546 = CARTESIAN_POINT('',(-18.01921984322,152.1,-121.7046112));
#547 = CARTESIAN_POINT('',(-18.02987244779,152.1,-119.6307487785));
#548 = CARTESIAN_POINT('',(-18.04202184479,152.1,-117.5568868829));
#549 = CARTESIAN_POINT('',(-18.06778570384,152.1,-113.5641295669));
#550 = CARTESIAN_POINT('',(-18.08122302919,152.1,-111.6452363004));
#551 = CARTESIAN_POINT('',(-18.09550844706,152.1,-109.7263438346));
#552 = CARTESIAN_POINT('',(-18.11047879127,152.1,-107.8074522969));
#553 = CARTESIAN_POINT('',(-18.12599694149,152.1,-105.8885616067));
#554 = CARTESIAN_POINT('',(-18.14194134367,152.1,-103.9696714464));
#555 = CARTESIAN_POINT('',(-18.16756947368,152.1,-100.9455521053));
#556 = CARTESIAN_POINT('',(-18.1770409596,152.1,-99.84032299731));
#557 = CARTESIAN_POINT('',(-18.1865970396,152.1,-98.73509385422));
#558 = CARTESIAN_POINT('',(-18.19621801337,152.1,-97.62986460124));
#559 = CARTESIAN_POINT('',(-18.20588502344,152.1,-96.52463516029));
#560 = CARTESIAN_POINT('',(-18.21558005523,152.1,-95.41940545006));
#561 = CARTESIAN_POINT('',(-18.23320730998,152.1,-93.41215125447));
#562 = CARTESIAN_POINT('',(-18.24113578558,152.1,-92.51012688921));
#563 = CARTESIAN_POINT('',(-18.24906195058,152.1,-91.60810224515));
#564 = CARTESIAN_POINT('',(-18.25697650002,152.1,-90.7060772778));
#565 = CARTESIAN_POINT('',(-18.26487023727,152.1,-89.80405194326));
#566 = CARTESIAN_POINT('',(-18.27273407395,152.1,-88.90202619823));
#567 = CARTESIAN_POINT('',(-18.28055902997,152.1,-88.));
#568 = ORIENTED_EDGE('',*,*,#569,.T.);
#569 = EDGE_CURVE('',#539,#570,#572,.T.);
#570 = VERTEX_POINT('',#571);
#571 = CARTESIAN_POINT('',(18.,152.1,-130.));
#572 = CIRCLE('',#573,18.);
#573 = AXIS2_PLACEMENT_3D('',#574,#575,#576);
#574 = CARTESIAN_POINT('',(0.,152.1,-130.));
#575 = DIRECTION('',(0.,-1.,0.));
#576 = DIRECTION('',(-1.,0.,0.));
#577 = ORIENTED_EDGE('',*,*,#578,.F.);
#578 = EDGE_CURVE('',#197,#570,#579,.T.);
#579 = B_SPLINE_CURVE_WITH_KNOTS('',7,(#580,#581,#582,#583,#584,#585,
    #586,#587,#588,#589,#590,#591,#592,#593,#594,#595,#596,#597,#598,
    #599,#600,#601,#602,#603,#604,#605,#606,#607,#608,#609,#610,#611),
  .UNSPECIFIED.,.F.,.F.,(8,6,6,6,6,8),(0.,0.109772052054,0.28296023355,
    0.565804492237,0.924331300093,1.),.UNSPECIFIED.);
#580 = CARTESIAN_POINT('',(18.280559029975,152.1,-88.));
#581 = CARTESIAN_POINT('',(18.274845463411,152.1,-88.65863459309));
#582 = CARTESIAN_POINT('',(18.269111157801,152.1,-89.31726894467));
#583 = CARTESIAN_POINT('',(18.263359622725,152.1,-89.97590307128));
#584 = CARTESIAN_POINT('',(18.257594391122,152.1,-90.63453698965));
#585 = CARTESIAN_POINT('',(18.251819019296,152.1,-91.29317071674));
#586 = CARTESIAN_POINT('',(18.246037086913,152.1,-91.95180426972));
#587 = CARTESIAN_POINT('',(18.231125333236,152.1,-93.64956846513));
#588 = CARTESIAN_POINT('',(18.221991213135,152.1,-94.6886988725));
#589 = CARTESIAN_POINT('',(18.212863851808,152.1,-95.72782895778));
#590 = CARTESIAN_POINT('',(18.203757778726,152.1,-96.76695878922));
#591 = CARTESIAN_POINT('',(18.194688037715,152.1,-97.80608843367));
#592 = CARTESIAN_POINT('',(18.185670186959,152.1,-98.84521795658));
#593 = CARTESIAN_POINT('',(18.162103687155,152.1,-101.5814135889));
#594 = CARTESIAN_POINT('',(18.147668396865,152.1,-103.2784795514));
#595 = CARTESIAN_POINT('',(18.13348596964,152.1,-104.9755456569));
#596 = CARTESIAN_POINT('',(18.119632303013,152.1,-106.6726121531));
#597 = CARTESIAN_POINT('',(18.106191838286,152.1,-108.3696792017));
#598 = CARTESIAN_POINT('',(18.093261748265,152.1,-110.0667468912));
#599 = CARTESIAN_POINT('',(18.065357802982,152.1,-113.9149796547));
#600 = CARTESIAN_POINT('',(18.05076299853,152.1,-116.0661437884));
#601 = CARTESIAN_POINT('',(18.037406774893,152.1,-118.2173093001));
#602 = CARTESIAN_POINT('',(18.025567771994,152.1,-120.3684758993));
#603 = CARTESIAN_POINT('',(18.015610872509,152.1,-122.5196412904));
#604 = CARTESIAN_POINT('',(18.007994923668,152.1,-124.670801212));
#605 = CARTESIAN_POINT('',(18.002531768767,152.1,-127.2759587799));
#606 = CARTESIAN_POINT('',(18.00171806943,152.1,-127.7299676972));
#607 = CARTESIAN_POINT('',(18.001049788455,152.1,-128.1839759496));
#608 = CARTESIAN_POINT('',(18.000534773948,152.1,-128.6379834367));
#609 = CARTESIAN_POINT('',(18.000181686664,152.1,-129.0919900379));
#610 = CARTESIAN_POINT('',(18.,152.1,-129.5459956126));
#611 = CARTESIAN_POINT('',(18.,152.1,-130.));
#612 = FACE_BOUND('',#613,.T.);
#613 = EDGE_LOOP('',(#614));
#614 = ORIENTED_EDGE('',*,*,#615,.T.);
#615 = EDGE_CURVE('',#616,#616,#618,.T.);
#616 = VERTEX_POINT('',#617);
#617 = CARTESIAN_POINT('',(-4.65365783676E-15,152.1,19.));
#618 = CIRCLE('',#619,19.);
#619 = AXIS2_PLACEMENT_3D('',#620,#621,#622);
#620 = CARTESIAN_POINT('',(0.,152.1,0.));
#621 = DIRECTION('',(0.,1.,0.));
#622 = DIRECTION('',(0.,-0.,1.));
#623 = FACE_BOUND('',#624,.T.);
#624 = EDGE_LOOP('',(#625,#636,#644,#653,#661,#670));
#625 = ORIENTED_EDGE('',*,*,#626,.F.);
#626 = EDGE_CURVE('',#627,#629,#631,.T.);
#627 = VERTEX_POINT('',#628);
#628 = CARTESIAN_POINT('',(-5.,152.1,-39.));
#629 = VERTEX_POINT('',#630);
#630 = CARTESIAN_POINT('',(-7.,152.1,-41.));
#631 = CIRCLE('',#632,2.);
#632 = AXIS2_PLACEMENT_3D('',#633,#634,#635);
#633 = CARTESIAN_POINT('',(-5.,152.1,-41.));
#634 = DIRECTION('',(-0.,-1.,0.));
#635 = DIRECTION('',(-1.,0.,3.5527136788E-15));
#636 = ORIENTED_EDGE('',*,*,#637,.T.);
#637 = EDGE_CURVE('',#627,#638,#640,.T.);
#638 = VERTEX_POINT('',#639);
#639 = CARTESIAN_POINT('',(0.19037400509,152.1,-39.));
#640 = LINE('',#641,#642);
#641 = CARTESIAN_POINT('',(-2.488092599174,152.1,-39.));
#642 = VECTOR('',#643,1.);
#643 = DIRECTION('',(1.,-5.880899792132E-16,0.));
#644 = ORIENTED_EDGE('',*,*,#645,.F.);
#645 = EDGE_CURVE('',#646,#638,#648,.T.);
#646 = VERTEX_POINT('',#647);
#647 = CARTESIAN_POINT('',(1.271889187717,152.1,-42.68235695075));
#648 = CIRCLE('',#649,2.);
#649 = AXIS2_PLACEMENT_3D('',#650,#651,#652);
#650 = CARTESIAN_POINT('',(0.19037400509,152.1,-41.));
#651 = DIRECTION('',(-0.,-1.,0.));
#652 = DIRECTION('',(-3.885780586188E-16,0.,1.));
#653 = ORIENTED_EDGE('',*,*,#654,.T.);
#654 = EDGE_CURVE('',#646,#655,#657,.T.);
#655 = VERTEX_POINT('',#656);
#656 = CARTESIAN_POINT('',(-3.918484817373,152.1,-46.01902595402));
#657 = LINE('',#658,#659);
#658 = CARTESIAN_POINT('',(-1.886952985072,152.1,-44.71304120468));
#659 = VECTOR('',#660,1.);
#660 = DIRECTION('',(-0.841178475377,4.946886320988E-16,-0.540757591313)
  );
#661 = ORIENTED_EDGE('',*,*,#662,.F.);
#662 = EDGE_CURVE('',#663,#655,#665,.T.);
#663 = VERTEX_POINT('',#664);
#664 = CARTESIAN_POINT('',(-7.,152.1,-44.33666900327));
#665 = CIRCLE('',#666,2.);
#666 = AXIS2_PLACEMENT_3D('',#667,#668,#669);
#667 = CARTESIAN_POINT('',(-5.,152.1,-44.33666900327));
#668 = DIRECTION('',(0.,-1.,-0.));
#669 = DIRECTION('',(0.540757591313,0.,-0.841178475377));
#670 = ORIENTED_EDGE('',*,*,#671,.T.);
#671 = EDGE_CURVE('',#663,#629,#672,.T.);
#672 = LINE('',#673,#674);
#673 = CARTESIAN_POINT('',(-7.,152.1,-49.48322719945));
#674 = VECTOR('',#675,1.);
#675 = DIRECTION('',(0.,0.,1.));
#676 = FACE_BOUND('',#677,.T.);
#677 = EDGE_LOOP('',(#678,#689,#698,#707));
#678 = ORIENTED_EDGE('',*,*,#679,.F.);
#679 = EDGE_CURVE('',#680,#682,#684,.T.);
#680 = VERTEX_POINT('',#681);
#681 = CARTESIAN_POINT('',(-17.88980156402,152.1,17.88980156402));
#682 = VERTEX_POINT('',#683);
#683 = CARTESIAN_POINT('',(-18.94857973596,152.1,-16.76428721985));
#684 = CIRCLE('',#685,25.3);
#685 = AXIS2_PLACEMENT_3D('',#686,#687,#688);
#686 = CARTESIAN_POINT('',(9.205165431579E-15,152.1,-1.191204464078E-15)
  );
#687 = DIRECTION('',(0.,-1.,-0.));
#688 = DIRECTION('',(-0.707106781187,-0.,0.707106781187));
#689 = ORIENTED_EDGE('',*,*,#690,.T.);
#690 = EDGE_CURVE('',#680,#691,#693,.T.);
#691 = VERTEX_POINT('',#692);
#692 = CARTESIAN_POINT('',(-14.63711037056,152.1,14.637110370562));
#693 = CIRCLE('',#694,2.3);
#694 = AXIS2_PLACEMENT_3D('',#695,#696,#697);
#695 = CARTESIAN_POINT('',(-16.26345596729,152.1,16.263455967291));
#696 = DIRECTION('',(0.,1.,0.));
#697 = DIRECTION('',(0.,-0.,1.));
#698 = ORIENTED_EDGE('',*,*,#699,.T.);
#699 = EDGE_CURVE('',#691,#700,#702,.T.);
#700 = VERTEX_POINT('',#701);
#701 = CARTESIAN_POINT('',(-15.50338342033,152.1,-13.71623499806));
#702 = CIRCLE('',#703,20.7);
#703 = AXIS2_PLACEMENT_3D('',#704,#705,#706);
#704 = CARTESIAN_POINT('',(4.689097585175E-15,152.1,5.323311387635E-16)
  );
#705 = DIRECTION('',(0.,-1.,-0.));
#706 = DIRECTION('',(-0.748955720789,0.,-0.662620048216));
#707 = ORIENTED_EDGE('',*,*,#708,.T.);
#708 = EDGE_CURVE('',#700,#682,#709,.T.);
#709 = CIRCLE('',#710,2.3);
#710 = AXIS2_PLACEMENT_3D('',#711,#712,#713);
#711 = CARTESIAN_POINT('',(-17.22598157814,152.1,-15.24026110896));
#712 = DIRECTION('',(0.,1.,0.));
#713 = DIRECTION('',(0.,-0.,1.));
#714 = FACE_BOUND('',#715,.T.);
#715 = EDGE_LOOP('',(#716,#727,#735,#744,#752,#761));
#716 = ORIENTED_EDGE('',*,*,#717,.F.);
#717 = EDGE_CURVE('',#718,#720,#722,.T.);
#718 = VERTEX_POINT('',#719);
#719 = CARTESIAN_POINT('',(7.,152.1,-68.82842712474));
#720 = VERTEX_POINT('',#721);
#721 = CARTESIAN_POINT('',(3.585786437627,152.1,-67.41421356237));
#722 = CIRCLE('',#723,2.);
#723 = AXIS2_PLACEMENT_3D('',#724,#725,#726);
#724 = CARTESIAN_POINT('',(5.,152.1,-68.82842712474));
#725 = DIRECTION('',(0.,-1.,-0.));
#726 = DIRECTION('',(-0.707106781187,-0.,0.707106781187));
#727 = ORIENTED_EDGE('',*,*,#728,.T.);
#728 = EDGE_CURVE('',#718,#729,#731,.T.);
#729 = VERTEX_POINT('',#730);
#730 = CARTESIAN_POINT('',(7.,152.1,-76.));
#731 = LINE('',#732,#733);
#732 = CARTESIAN_POINT('',(7.,152.1,-61.72910626019));
#733 = VECTOR('',#734,1.);
#734 = DIRECTION('',(0.,0.,-1.));
#735 = ORIENTED_EDGE('',*,*,#736,.F.);
#736 = EDGE_CURVE('',#737,#729,#739,.T.);
#737 = VERTEX_POINT('',#738);
#738 = CARTESIAN_POINT('',(5.,152.1,-78.));
#739 = CIRCLE('',#740,2.);
#740 = AXIS2_PLACEMENT_3D('',#741,#742,#743);
#741 = CARTESIAN_POINT('',(5.,152.1,-76.));
#742 = DIRECTION('',(0.,-1.,-0.));
#743 = DIRECTION('',(1.,0.,0.));
#744 = ORIENTED_EDGE('',*,*,#745,.T.);
#745 = EDGE_CURVE('',#737,#746,#748,.T.);
#746 = VERTEX_POINT('',#747);
#747 = CARTESIAN_POINT('',(-2.171572875254,152.1,-78.));
#748 = LINE('',#749,#750);
#749 = CARTESIAN_POINT('',(2.511907400826,152.1,-78.));
#750 = VECTOR('',#751,1.);
#751 = DIRECTION('',(-1.,5.880899792132E-16,0.));
#752 = ORIENTED_EDGE('',*,*,#753,.F.);
#753 = EDGE_CURVE('',#754,#746,#756,.T.);
#754 = VERTEX_POINT('',#755);
#755 = CARTESIAN_POINT('',(-3.585786437627,152.1,-74.58578643762));
#756 = CIRCLE('',#757,2.);
#757 = AXIS2_PLACEMENT_3D('',#758,#759,#760);
#758 = CARTESIAN_POINT('',(-2.171572875254,152.1,-76.));
#759 = DIRECTION('',(0.,-1.,-0.));
#760 = DIRECTION('',(-4.440892098501E-16,0.,-1.));
#761 = ORIENTED_EDGE('',*,*,#762,.T.);
#762 = EDGE_CURVE('',#754,#720,#763,.T.);
#763 = LINE('',#764,#765);
#764 = CARTESIAN_POINT('',(2.305614132688,152.1,-68.69438586731));
#765 = VECTOR('',#766,1.);
#766 = DIRECTION('',(0.707106781187,-4.158424122495E-16,0.707106781187)
  );
#767 = FACE_BOUND('',#768,.T.);
#768 = EDGE_LOOP('',(#769,#780,#788,#797,#805,#814));
#769 = ORIENTED_EDGE('',*,*,#770,.F.);
#770 = EDGE_CURVE('',#771,#773,#775,.T.);
#771 = VERTEX_POINT('',#772);
#772 = CARTESIAN_POINT('',(-5.,152.1,-103.));
#773 = VERTEX_POINT('',#774);
#774 = CARTESIAN_POINT('',(-7.,152.1,-105.));
#775 = CIRCLE('',#776,2.);
#776 = AXIS2_PLACEMENT_3D('',#777,#778,#779);
#777 = CARTESIAN_POINT('',(-5.,152.1,-105.));
#778 = DIRECTION('',(-0.,-1.,-0.));
#779 = DIRECTION('',(-1.,0.,0.));
#780 = ORIENTED_EDGE('',*,*,#781,.T.);
#781 = EDGE_CURVE('',#771,#782,#784,.T.);
#782 = VERTEX_POINT('',#783);
#783 = CARTESIAN_POINT('',(1.217364760952,152.1,-103.));
#784 = LINE('',#785,#786);
#785 = CARTESIAN_POINT('',(-2.488092599174,152.1,-103.));
#786 = VECTOR('',#787,1.);
#787 = DIRECTION('',(1.,-5.880899792132E-16,0.));
#788 = ORIENTED_EDGE('',*,*,#789,.F.);
#789 = EDGE_CURVE('',#790,#782,#792,.T.);
#790 = VERTEX_POINT('',#791);
#791 = CARTESIAN_POINT('',(2.453007864816,152.1,-106.5726366776));
#792 = CIRCLE('',#793,2.);
#793 = AXIS2_PLACEMENT_3D('',#794,#795,#796);
#794 = CARTESIAN_POINT('',(1.217364760952,152.1,-105.));
#795 = DIRECTION('',(-0.,-1.,0.));
#796 = DIRECTION('',(7.771561172376E-16,-0.,1.));
#797 = ORIENTED_EDGE('',*,*,#798,.T.);
#798 = EDGE_CURVE('',#790,#799,#801,.T.);
#799 = VERTEX_POINT('',#800);
#800 = CARTESIAN_POINT('',(-3.764356896136,152.1,-111.4577089898));
#801 = LINE('',#802,#803);
#802 = CARTESIAN_POINT('',(14.319060320727,152.1,-97.249309748));
#803 = VECTOR('',#804,1.);
#804 = DIRECTION('',(-0.786318338822,4.62425935533E-16,-0.617821551932)
  );
#805 = ORIENTED_EDGE('',*,*,#806,.F.);
#806 = EDGE_CURVE('',#807,#799,#809,.T.);
#807 = VERTEX_POINT('',#808);
#808 = CARTESIAN_POINT('',(-7.,152.1,-109.8850723121));
#809 = CIRCLE('',#810,2.);
#810 = AXIS2_PLACEMENT_3D('',#811,#812,#813);
#811 = CARTESIAN_POINT('',(-5.,152.1,-109.8850723121));
#812 = DIRECTION('',(0.,-1.,-0.));
#813 = DIRECTION('',(0.617821551932,0.,-0.786318338822));
#814 = ORIENTED_EDGE('',*,*,#815,.T.);
#815 = EDGE_CURVE('',#807,#773,#816,.T.);
#816 = LINE('',#817,#818);
#817 = CARTESIAN_POINT('',(-7.,152.1,-82.25742885391));
#818 = VECTOR('',#819,1.);
#819 = DIRECTION('',(0.,0.,1.));
#820 = FACE_BOUND('',#821,.T.);
#821 = EDGE_LOOP('',(#822));
#822 = ORIENTED_EDGE('',*,*,#823,.T.);
#823 = EDGE_CURVE('',#824,#824,#826,.T.);
#824 = VERTEX_POINT('',#825);
#825 = CARTESIAN_POINT('',(-2.08189955855E-15,152.1,-121.5));
#826 = CIRCLE('',#827,8.5);
#827 = AXIS2_PLACEMENT_3D('',#828,#829,#830);
#828 = CARTESIAN_POINT('',(0.,152.1,-130.));
#829 = DIRECTION('',(0.,1.,0.));
#830 = DIRECTION('',(0.,-0.,1.));
#831 = PLANE('',#832);
#832 = AXIS2_PLACEMENT_3D('',#833,#834,#835);
#833 = CARTESIAN_POINT('',(2.381480165189E-02,152.1,-54.62978539564));
#834 = DIRECTION('',(-5.880899792132E-16,-1.,-0.));
#835 = DIRECTION('',(-1.,5.880899792132E-16,0.));
#836 = ADVANCED_FACE('',(#837),#859,.T.);
#837 = FACE_BOUND('',#838,.T.);
#838 = EDGE_LOOP('',(#839,#840,#841,#850,#857,#858));
#839 = ORIENTED_EDGE('',*,*,#513,.F.);
#840 = ORIENTED_EDGE('',*,*,#150,.T.);
#841 = ORIENTED_EDGE('',*,*,#842,.T.);
#842 = EDGE_CURVE('',#151,#843,#845,.T.);
#843 = VERTEX_POINT('',#844);
#844 = CARTESIAN_POINT('',(-10.5,135.1,-76.));
#845 = CIRCLE('',#846,6.);
#846 = AXIS2_PLACEMENT_3D('',#847,#848,#849);
#847 = CARTESIAN_POINT('',(-10.5,135.1,-82.));
#848 = DIRECTION('',(0.,1.,0.));
#849 = DIRECTION('',(0.,-0.,1.));
#850 = ORIENTED_EDGE('',*,*,#851,.T.);
#851 = EDGE_CURVE('',#843,#161,#852,.T.);
#852 = CIRCLE('',#853,6.);
#853 = AXIS2_PLACEMENT_3D('',#854,#855,#856);
#854 = CARTESIAN_POINT('',(-10.5,135.1,-82.));
#855 = DIRECTION('',(0.,1.,0.));
#856 = DIRECTION('',(0.,-0.,1.));
#857 = ORIENTED_EDGE('',*,*,#175,.F.);
#858 = ORIENTED_EDGE('',*,*,#522,.F.);
#859 = CYLINDRICAL_SURFACE('',#860,6.);
#860 = AXIS2_PLACEMENT_3D('',#861,#862,#863);
#861 = CARTESIAN_POINT('',(-10.5,135.1,-82.));
#862 = DIRECTION('',(0.,1.,0.));
#863 = DIRECTION('',(0.,-0.,1.));
#864 = ADVANCED_FACE('',(#865,#870),#881,.F.);
#865 = FACE_BOUND('',#866,.F.);
#866 = EDGE_LOOP('',(#867,#868,#869));
#867 = ORIENTED_EDGE('',*,*,#842,.T.);
#868 = ORIENTED_EDGE('',*,*,#851,.T.);
#869 = ORIENTED_EDGE('',*,*,#160,.T.);
#870 = FACE_BOUND('',#871,.F.);
#871 = EDGE_LOOP('',(#872));
#872 = ORIENTED_EDGE('',*,*,#873,.F.);
#873 = EDGE_CURVE('',#874,#874,#876,.T.);
#874 = VERTEX_POINT('',#875);
#875 = CARTESIAN_POINT('',(-10.5,135.1,-80.75));
#876 = CIRCLE('',#877,1.25);
#877 = AXIS2_PLACEMENT_3D('',#878,#879,#880);
#878 = CARTESIAN_POINT('',(-10.5,135.1,-82.));
#879 = DIRECTION('',(0.,1.,0.));
#880 = DIRECTION('',(0.,-0.,1.));
#881 = PLANE('',#882);
#882 = AXIS2_PLACEMENT_3D('',#883,#884,#885);
#883 = CARTESIAN_POINT('',(-10.5,135.1,-82.));
#884 = DIRECTION('',(0.,1.,0.));
#885 = DIRECTION('',(0.,-0.,1.));
#886 = ADVANCED_FACE('',(#887),#909,.T.);
#887 = FACE_BOUND('',#888,.T.);
#888 = EDGE_LOOP('',(#889,#890,#891,#900,#907,#908));
#889 = ORIENTED_EDGE('',*,*,#496,.F.);
#890 = ORIENTED_EDGE('',*,*,#109,.T.);
#891 = ORIENTED_EDGE('',*,*,#892,.T.);
#892 = EDGE_CURVE('',#110,#893,#895,.T.);
#893 = VERTEX_POINT('',#894);
#894 = CARTESIAN_POINT('',(-10.5,135.1,-49.));
#895 = CIRCLE('',#896,6.);
#896 = AXIS2_PLACEMENT_3D('',#897,#898,#899);
#897 = CARTESIAN_POINT('',(-10.5,135.1,-55.));
#898 = DIRECTION('',(0.,1.,0.));
#899 = DIRECTION('',(0.,-0.,1.));
#900 = ORIENTED_EDGE('',*,*,#901,.T.);
#901 = EDGE_CURVE('',#893,#120,#902,.T.);
#902 = CIRCLE('',#903,6.);
#903 = AXIS2_PLACEMENT_3D('',#904,#905,#906);
#904 = CARTESIAN_POINT('',(-10.5,135.1,-55.));
#905 = DIRECTION('',(0.,1.,0.));
#906 = DIRECTION('',(0.,-0.,1.));
#907 = ORIENTED_EDGE('',*,*,#131,.F.);
#908 = ORIENTED_EDGE('',*,*,#505,.F.);
#909 = CYLINDRICAL_SURFACE('',#910,6.);
#910 = AXIS2_PLACEMENT_3D('',#911,#912,#913);
#911 = CARTESIAN_POINT('',(-10.5,135.1,-55.));
#912 = DIRECTION('',(0.,1.,0.));
#913 = DIRECTION('',(0.,-0.,1.));
#914 = ADVANCED_FACE('',(#915,#920),#931,.F.);
#915 = FACE_BOUND('',#916,.F.);
#916 = EDGE_LOOP('',(#917,#918,#919));
#917 = ORIENTED_EDGE('',*,*,#892,.T.);
#918 = ORIENTED_EDGE('',*,*,#901,.T.);
#919 = ORIENTED_EDGE('',*,*,#119,.T.);
#920 = FACE_BOUND('',#921,.F.);
#921 = EDGE_LOOP('',(#922));
#922 = ORIENTED_EDGE('',*,*,#923,.F.);
#923 = EDGE_CURVE('',#924,#924,#926,.T.);
#924 = VERTEX_POINT('',#925);
#925 = CARTESIAN_POINT('',(-10.5,135.1,-53.75));
#926 = CIRCLE('',#927,1.25);
#927 = AXIS2_PLACEMENT_3D('',#928,#929,#930);
#928 = CARTESIAN_POINT('',(-10.5,135.1,-55.));
#929 = DIRECTION('',(0.,1.,0.));
#930 = DIRECTION('',(0.,-0.,1.));
#931 = PLANE('',#932);
#932 = AXIS2_PLACEMENT_3D('',#933,#934,#935);
#933 = CARTESIAN_POINT('',(-10.5,135.1,-55.));
#934 = DIRECTION('',(0.,1.,0.));
#935 = DIRECTION('',(0.,-0.,1.));
#936 = ADVANCED_FACE('',(#937),#1023,.F.);
#937 = FACE_BOUND('',#938,.F.);
#938 = EDGE_LOOP('',(#939,#976,#987,#1012,#1021,#1022));
#939 = ORIENTED_EDGE('',*,*,#940,.T.);
#940 = EDGE_CURVE('',#44,#941,#943,.T.);
#941 = VERTEX_POINT('',#942);
#942 = CARTESIAN_POINT('',(-18.64154393005,132.3,-23.03993693908));
#943 = B_SPLINE_CURVE_WITH_KNOTS('',7,(#944,#945,#946,#947,#948,#949,
    #950,#951,#952,#953,#954,#955,#956,#957,#958,#959,#960,#961,#962,
    #963,#964,#965,#966,#967,#968,#969,#970,#971,#972,#973,#974,#975),
  .UNSPECIFIED.,.F.,.F.,(8,6,6,6,6,8),(0.,0.318587233575,0.616811749282,
    0.753660381295,0.87369387142,1.),.UNSPECIFIED.);
#944 = CARTESIAN_POINT('',(-15.05,132.3,-50.));
#945 = CARTESIAN_POINT('',(-15.05,132.3,-48.59992658379));
#946 = CARTESIAN_POINT('',(-15.06270493004,132.3,-47.19987499925));
#947 = CARTESIAN_POINT('',(-15.08877924533,132.3,-45.7999428051));
#948 = CARTESIAN_POINT('',(-15.12911662239,132.3,-44.40029666546));
#949 = CARTESIAN_POINT('',(-15.18488113136,132.3,-43.00117482437));
#950 = CARTESIAN_POINT('',(-15.25756818489,132.3,-41.60288926046));
#951 = CARTESIAN_POINT('',(-15.43510600758,132.3,-38.89807555274));
#952 = CARTESIAN_POINT('',(-15.53759077797,132.3,-37.59158249396));
#953 = CARTESIAN_POINT('',(-15.65844799728,132.3,-36.28649925112));
#954 = CARTESIAN_POINT('',(-15.79982428071,132.3,-34.98328893131));
#955 = CARTESIAN_POINT('',(-15.96458274679,132.3,-33.68277705979));
#956 = CARTESIAN_POINT('',(-16.15637351787,132.3,-32.38615560383));
#957 = CARTESIAN_POINT('',(-16.48429501019,132.3,-30.50277191274));
#958 = CARTESIAN_POINT('',(-16.59437700736,132.3,-29.91161115001));
#959 = CARTESIAN_POINT('',(-16.71196900927,132.3,-29.32185603802));
#960 = CARTESIAN_POINT('',(-16.83774440248,132.3,-28.73375559744));
#961 = CARTESIAN_POINT('',(-16.97249096467,132.3,-28.1476468455));
#962 = CARTESIAN_POINT('',(-17.11717133753,132.3,-27.56396834757));
#963 = CARTESIAN_POINT('',(-17.40973766005,132.3,-26.47395174751));
#964 = CARTESIAN_POINT('',(-17.55502261611,132.3,-25.96700839389));
#965 = CARTESIAN_POINT('',(-17.70974094443,132.3,-25.46276434186));
#966 = CARTESIAN_POINT('',(-17.87488724944,132.3,-24.96173753772));
#967 = CARTESIAN_POINT('',(-18.05165675199,132.3,-24.46467652231));
#968 = CARTESIAN_POINT('',(-18.24149704978,132.3,-23.97257768638));
#969 = CARTESIAN_POINT('',(-18.66197661481,132.3,-22.97559888497));
#970 = CARTESIAN_POINT('',(-18.89393082899,132.3,-22.47210083516));
#971 = CARTESIAN_POINT('',(-19.14480865869,132.3,-21.97702132111));
#972 = CARTESIAN_POINT('',(-19.41746121014,132.3,-21.49265150839));
#973 = CARTESIAN_POINT('',(-19.71520999842,132.3,-21.02297107982));
#974 = CARTESIAN_POINT('',(-20.04182928127,132.3,-20.57362145938));
#975 = CARTESIAN_POINT('',(-20.40254326381,132.3,-20.15254326381));
#976 = ORIENTED_EDGE('',*,*,#977,.T.);
#977 = EDGE_CURVE('',#941,#978,#980,.T.);
#978 = VERTEX_POINT('',#979);
#979 = CARTESIAN_POINT('',(-18.64154393005,136.2,-23.03993693908));
#980 = B_SPLINE_CURVE_WITH_KNOTS('',5,(#981,#982,#983,#984,#985,#986),
  .UNSPECIFIED.,.F.,.F.,(6,6),(0.,1.),.PIECEWISE_BEZIER_KNOTS.);
#981 = CARTESIAN_POINT('',(-18.64154393005,132.2999994,-23.03993693908)
  );
#982 = CARTESIAN_POINT('',(-18.64154393005,136.00239100883,
    -23.03993693908));
#983 = CARTESIAN_POINT('',(-18.64154393005,140.17005886848,
    -23.03993693908));
#984 = CARTESIAN_POINT('',(-18.64154393005,144.22994468357,
    -23.03993693908));
#985 = CARTESIAN_POINT('',(-18.64154393005,148.08271436123,
    -23.03993693908));
#986 = CARTESIAN_POINT('',(-18.64154393005,152.1000006,-23.03993693908)
  );
#987 = ORIENTED_EDGE('',*,*,#988,.F.);
#988 = EDGE_CURVE('',#989,#978,#991,.T.);
#989 = VERTEX_POINT('',#990);
#990 = CARTESIAN_POINT('',(-15.94215061711,136.2,-34.));
#991 = B_SPLINE_CURVE_WITH_KNOTS('',7,(#992,#993,#994,#995,#996,#997,
    #998,#999,#1000,#1001,#1002,#1003,#1004,#1005,#1006,#1007,#1008,
    #1009,#1010,#1011),.UNSPECIFIED.,.F.,.F.,(8,6,6,8),(0.,
    0.436345714227,0.826101030766,1.),.UNSPECIFIED.);
#992 = CARTESIAN_POINT('',(-15.94215061711,136.2,-34.));
#993 = CARTESIAN_POINT('',(-16.03334487913,136.2,-33.29980612718));
#994 = CARTESIAN_POINT('',(-16.13190820779,136.2,-32.60060282988));
#995 = CARTESIAN_POINT('',(-16.23843175031,136.2,-31.90252876457));
#996 = CARTESIAN_POINT('',(-16.3536144163,136.2,-31.20579813542));
#997 = CARTESIAN_POINT('',(-16.47827802478,136.2,-30.51070298083));
#998 = CARTESIAN_POINT('',(-16.61343175036,136.2,-29.81762440977));
#999 = CARTESIAN_POINT('',(-16.89164910082,136.2,-28.51021629243));
#1000 = CARTESIAN_POINT('',(-17.03230846606,136.2,-27.89546941484));
#1001 = CARTESIAN_POINT('',(-17.1833124167,136.2,-27.28308419928));
#1002 = CARTESIAN_POINT('',(-17.3457783589,136.2,-26.67353880372));
#1003 = CARTESIAN_POINT('',(-17.52107395646,136.2,-26.06754160211));
#1004 = CARTESIAN_POINT('',(-17.71087920958,136.2,-25.46604780838));
#1005 = CARTESIAN_POINT('',(-18.0097676959,136.2,-24.60458528118));
#1006 = CARTESIAN_POINT('',(-18.10533259425,136.2,-24.3399814249));
#1007 = CARTESIAN_POINT('',(-18.20445784671,136.2,-24.07667291517));
#1008 = CARTESIAN_POINT('',(-18.30737064965,136.2,-23.8148102363));
#1009 = CARTESIAN_POINT('',(-18.41432459707,136.2,-23.55457736525));
#1010 = CARTESIAN_POINT('',(-18.52560759856,136.2,-23.29619503046));
#1011 = CARTESIAN_POINT('',(-18.64154979718,136.2,-23.03992397075));
#1012 = ORIENTED_EDGE('',*,*,#1013,.F.);
#1013 = EDGE_CURVE('',#481,#989,#1014,.T.);
#1014 = B_SPLINE_CURVE_WITH_KNOTS('',5,(#1015,#1016,#1017,#1018,#1019,
    #1020),.UNSPECIFIED.,.F.,.F.,(6,6),(0.,1.),
  .PIECEWISE_BEZIER_KNOTS.);
#1015 = CARTESIAN_POINT('',(-15.94215061711,152.1,-34.));
#1016 = CARTESIAN_POINT('',(-15.94215061711,148.87271713424,-34.));
#1017 = CARTESIAN_POINT('',(-15.94215061711,145.76053293608,-34.));
#1018 = CARTESIAN_POINT('',(-15.94215061711,142.53968672178,-34.));
#1019 = CARTESIAN_POINT('',(-15.94215061711,139.25092914104,-34.));
#1020 = CARTESIAN_POINT('',(-15.94215061711,136.2,-34.));
#1021 = ORIENTED_EDGE('',*,*,#488,.T.);
#1022 = ORIENTED_EDGE('',*,*,#92,.F.);
#1023 = SURFACE_OF_LINEAR_EXTRUSION('',#1024,#1029);
#1024 = B_SPLINE_CURVE_WITH_KNOTS('',3,(#1025,#1026,#1027,#1028),
  .UNSPECIFIED.,.F.,.F.,(4,4),(0.,1.),.PIECEWISE_BEZIER_KNOTS.);
#1025 = CARTESIAN_POINT('',(-20.40254326381,131.1,-20.15254326381));
#1026 = CARTESIAN_POINT('',(-16.25,131.1,-25.));
#1027 = CARTESIAN_POINT('',(-15.05,131.1,-38.));
#1028 = CARTESIAN_POINT('',(-15.05,131.1,-50.));
#1029 = VECTOR('',#1030,1.);
#1030 = DIRECTION('',(-0.,-1.,-0.));
#1031 = ADVANCED_FACE('',(#1032),#1060,.T.);
#1032 = FACE_BOUND('',#1033,.T.);
#1033 = EDGE_LOOP('',(#1034,#1045,#1051,#1052,#1053));
#1034 = ORIENTED_EDGE('',*,*,#1035,.T.);
#1035 = EDGE_CURVE('',#1036,#1038,#1040,.T.);
#1036 = VERTEX_POINT('',#1037);
#1037 = CARTESIAN_POINT('',(-18.5,132.3,-50.));
#1038 = VERTEX_POINT('',#1039);
#1039 = CARTESIAN_POINT('',(-18.28055902997,132.3,-88.));
#1040 = B_SPLINE_CURVE_WITH_KNOTS('',3,(#1041,#1042,#1043,#1044),
  .UNSPECIFIED.,.F.,.F.,(4,4),(0.,1.),.PIECEWISE_BEZIER_KNOTS.);
#1041 = CARTESIAN_POINT('',(-18.5,132.3,-50.));
#1042 = CARTESIAN_POINT('',(-18.5,132.3,-75.));
#1043 = CARTESIAN_POINT('',(-18.,132.3,-109.));
#1044 = CARTESIAN_POINT('',(-18.,132.3,-130.));
#1045 = ORIENTED_EDGE('',*,*,#1046,.F.);
#1046 = EDGE_CURVE('',#33,#1038,#1047,.T.);
#1047 = LINE('',#1048,#1049);
#1048 = CARTESIAN_POINT('',(-20.,132.3,-88.));
#1049 = VECTOR('',#1050,1.);
#1050 = DIRECTION('',(-1.,0.,0.));
#1051 = ORIENTED_EDGE('',*,*,#43,.T.);
#1052 = ORIENTED_EDGE('',*,*,#940,.T.);
#1053 = ORIENTED_EDGE('',*,*,#1054,.T.);
#1054 = EDGE_CURVE('',#941,#1036,#1055,.T.);
#1055 = B_SPLINE_CURVE_WITH_KNOTS('',3,(#1056,#1057,#1058,#1059),
  .UNSPECIFIED.,.F.,.F.,(4,4),(0.,1.),.PIECEWISE_BEZIER_KNOTS.);
#1056 = CARTESIAN_POINT('',(-20.15254326381,132.3,-20.15254326381));
#1057 = CARTESIAN_POINT('',(-16.,132.3,-25.));
#1058 = CARTESIAN_POINT('',(-18.5,132.3,-38.));
#1059 = CARTESIAN_POINT('',(-18.5,132.3,-50.));
#1060 = PLANE('',#1061);
#1061 = AXIS2_PLACEMENT_3D('',#1062,#1063,#1064);
#1062 = CARTESIAN_POINT('',(-3.594643858784E-16,132.3,-58.88858408053));
#1063 = DIRECTION('',(-0.,-1.,-0.));
#1064 = DIRECTION('',(0.,0.,-1.));
#1065 = ADVANCED_FACE('',(#1066),#1079,.F.);
#1066 = FACE_BOUND('',#1067,.F.);
#1067 = EDGE_LOOP('',(#1068,#1069,#1077,#1078));
#1068 = ORIENTED_EDGE('',*,*,#530,.F.);
#1069 = ORIENTED_EDGE('',*,*,#1070,.T.);
#1070 = EDGE_CURVE('',#531,#1038,#1071,.T.);
#1071 = B_SPLINE_CURVE_WITH_KNOTS('',4,(#1072,#1073,#1074,#1075,#1076),
  .UNSPECIFIED.,.F.,.F.,(5,5),(0.,1.),.PIECEWISE_BEZIER_KNOTS.);
#1072 = CARTESIAN_POINT('',(-18.28055902997,152.1,-88.));
#1073 = CARTESIAN_POINT('',(-18.28055902997,147.14999985,-88.));
#1074 = CARTESIAN_POINT('',(-18.28055902997,142.1999997,-88.));
#1075 = CARTESIAN_POINT('',(-18.28055902997,137.24999955,-88.));
#1076 = CARTESIAN_POINT('',(-18.28055902997,132.2999994,-88.));
#1077 = ORIENTED_EDGE('',*,*,#1046,.F.);
#1078 = ORIENTED_EDGE('',*,*,#32,.F.);
#1079 = PLANE('',#1080);
#1080 = AXIS2_PLACEMENT_3D('',#1081,#1082,#1083);
#1081 = CARTESIAN_POINT('',(-40.,131.1,-88.));
#1082 = DIRECTION('',(0.,0.,1.));
#1083 = DIRECTION('',(1.,0.,-0.));
#1084 = ADVANCED_FACE('',(#1085),#1115,.F.);
#1085 = FACE_BOUND('',#1086,.F.);
#1086 = EDGE_LOOP('',(#1087,#1088,#1099,#1107));
#1087 = ORIENTED_EDGE('',*,*,#194,.F.);
#1088 = ORIENTED_EDGE('',*,*,#1089,.T.);
#1089 = EDGE_CURVE('',#195,#1090,#1092,.T.);
#1090 = VERTEX_POINT('',#1091);
#1091 = CARTESIAN_POINT('',(15.357217348742,132.3,-88.));
#1092 = B_SPLINE_CURVE_WITH_KNOTS('',5,(#1093,#1094,#1095,#1096,#1097,
    #1098),.UNSPECIFIED.,.F.,.F.,(6,6),(0.,1.),
  .PIECEWISE_BEZIER_KNOTS.);
#1093 = CARTESIAN_POINT('',(15.357217358035,152.1,-88.));
#1094 = CARTESIAN_POINT('',(15.357217358035,148.10975781507,-88.));
#1095 = CARTESIAN_POINT('',(15.357217358035,144.2060001999,-88.));
#1096 = CARTESIAN_POINT('',(15.357217358035,140.19465415237,-88.));
#1097 = CARTESIAN_POINT('',(15.357217358035,136.12698564536,-88.));
#1098 = CARTESIAN_POINT('',(15.357217358035,132.2999994,-88.));
#1099 = ORIENTED_EDGE('',*,*,#1100,.F.);
#1100 = EDGE_CURVE('',#1101,#1090,#1103,.T.);
#1101 = VERTEX_POINT('',#1102);
#1102 = CARTESIAN_POINT('',(18.280559029975,132.3,-88.));
#1103 = LINE('',#1104,#1105);
#1104 = CARTESIAN_POINT('',(-20.,132.3,-88.));
#1105 = VECTOR('',#1106,1.);
#1106 = DIRECTION('',(-1.,0.,0.));
#1107 = ORIENTED_EDGE('',*,*,#1108,.F.);
#1108 = EDGE_CURVE('',#197,#1101,#1109,.T.);
#1109 = B_SPLINE_CURVE_WITH_KNOTS('',4,(#1110,#1111,#1112,#1113,#1114),
  .UNSPECIFIED.,.F.,.F.,(5,5),(0.,1.),.PIECEWISE_BEZIER_KNOTS.);
#1110 = CARTESIAN_POINT('',(18.280559029975,152.1,-88.));
#1111 = CARTESIAN_POINT('',(18.280559029975,147.14999985,-88.));
#1112 = CARTESIAN_POINT('',(18.280559029975,142.1999997,-88.));
#1113 = CARTESIAN_POINT('',(18.280559029975,137.24999955,-88.));
#1114 = CARTESIAN_POINT('',(18.280559029975,132.2999994,-88.));
#1115 = PLANE('',#1116);
#1116 = AXIS2_PLACEMENT_3D('',#1117,#1118,#1119);
#1117 = CARTESIAN_POINT('',(-40.,131.1,-88.));
#1118 = DIRECTION('',(0.,0.,1.));
#1119 = DIRECTION('',(1.,0.,-0.));
#1120 = ADVANCED_FACE('',(#1121),#1243,.F.);
#1121 = FACE_BOUND('',#1122,.F.);
#1122 = EDGE_LOOP('',(#1123,#1131,#1178,#1179,#1180,#1190,#1203,#1211,
    #1212,#1222,#1234,#1242));
#1123 = ORIENTED_EDGE('',*,*,#1124,.F.);
#1124 = EDGE_CURVE('',#1125,#259,#1127,.T.);
#1125 = VERTEX_POINT('',#1126);
#1126 = CARTESIAN_POINT('',(15.05,132.3,-50.));
#1127 = LINE('',#1128,#1129);
#1128 = CARTESIAN_POINT('',(15.05,131.1,-50.));
#1129 = VECTOR('',#1130,1.);
#1130 = DIRECTION('',(0.,1.,0.));
#1131 = ORIENTED_EDGE('',*,*,#1132,.T.);
#1132 = EDGE_CURVE('',#1125,#1090,#1133,.T.);
#1133 = B_SPLINE_CURVE_WITH_KNOTS('',7,(#1134,#1135,#1136,#1137,#1138,
    #1139,#1140,#1141,#1142,#1143,#1144,#1145,#1146,#1147,#1148,#1149,
    #1150,#1151,#1152,#1153,#1154,#1155,#1156,#1157,#1158,#1159,#1160,
    #1161,#1162,#1163,#1164,#1165,#1166,#1167,#1168,#1169,#1170,#1171,
    #1172,#1173,#1174,#1175,#1176,#1177),.UNSPECIFIED.,.F.,.F.,(8,6,6,6,
    6,6,6,8),(0.,0.268072550308,0.445808945522,0.523019512374,
    0.607830359776,0.733325653332,0.919276988919,1.),.UNSPECIFIED.);
#1134 = CARTESIAN_POINT('',(15.05,132.3,-50.));
#1135 = CARTESIAN_POINT('',(15.05,132.3,-53.06379018899));
#1136 = CARTESIAN_POINT('',(15.058176419388,132.3,-56.12759419784));
#1137 = CARTESIAN_POINT('',(15.07258821174,132.3,-59.19139168596));
#1138 = CARTESIAN_POINT('',(15.092056491086,132.3,-62.25516851121));
#1139 = CARTESIAN_POINT('',(15.115632265238,132.3,-65.31891806004));
#1140 = CARTESIAN_POINT('',(15.142574663954,132.3,-68.38264149273));
#1141 = CARTESIAN_POINT('',(15.191905376081,132.3,-73.47763430678));
#1142 = CARTESIAN_POINT('',(15.212768822557,132.3,-75.50891082175));
#1143 = CARTESIAN_POINT('',(15.234641619712,132.3,-77.54017810976));
#1144 = CARTESIAN_POINT('',(15.257356312725,132.3,-79.57143695895));
#1145 = CARTESIAN_POINT('',(15.280758731014,132.3,-81.60268832017));
#1146 = CARTESIAN_POINT('',(15.30470194199,132.3,-83.63393335837));
#1147 = CARTESIAN_POINT('',(15.339613003159,132.3,-86.54756567171));
#1148 = CARTESIAN_POINT('',(15.350260339163,132.3,-87.42995689529));
#1149 = CARTESIAN_POINT('',(15.360970394788,132.3,-88.312347279));
#1150 = CARTESIAN_POINT('',(15.371731307937,132.3,-89.19473692971));
#1151 = CARTESIAN_POINT('',(15.382531172434,132.3,-90.07712595692));
#1152 = CARTESIAN_POINT('',(15.39335803803,132.3,-90.95951447276));
#1153 = CARTESIAN_POINT('',(15.416109010677,132.3,-92.8111492532));
#1154 = CARTESIAN_POINT('',(15.42803608206,132.3,-93.7803954339));
#1155 = CARTESIAN_POINT('',(15.439965288566,132.3,-94.74964128657));
#1156 = CARTESIAN_POINT('',(15.451880321876,132.3,-95.71888696499));
#1157 = CARTESIAN_POINT('',(15.463764401335,132.3,-96.68813262424));
#1158 = CARTESIAN_POINT('',(15.475600273952,132.3,-97.65737842068));
#1159 = CARTESIAN_POINT('',(15.504786290018,132.3,-100.0608257549));
#1160 = CARTESIAN_POINT('',(15.522057909902,132.3,-101.4950276112));
#1161 = CARTESIAN_POINT('',(15.539126779418,132.3,-102.929230635));
#1162 = CARTESIAN_POINT('',(15.555931629366,132.3,-104.3634353292));
#1163 = CARTESIAN_POINT('',(15.572406154377,132.3,-105.7976421622));
#1164 = CARTESIAN_POINT('',(15.5884769513,132.3,-107.2318515849));
#1165 = CARTESIAN_POINT('',(15.627153636428,132.3,-110.7911933294));
#1166 = CARTESIAN_POINT('',(15.649177354676,132.3,-112.9163279957));
#1167 = CARTESIAN_POINT('',(15.669866423308,132.3,-115.0414711017));
#1168 = CARTESIAN_POINT('',(15.688896915589,132.3,-117.1666238791));
#1169 = CARTESIAN_POINT('',(15.705887996708,132.3,-119.2917857831));
#1170 = CARTESIAN_POINT('',(15.720341298919,132.3,-121.4169547699));
#1171 = CARTESIAN_POINT('',(15.736371106086,132.3,-124.4646829788));
#1172 = CARTESIAN_POINT('',(15.740606130298,132.3,-125.3872385584));
#1173 = CARTESIAN_POINT('',(15.744162289669,132.3,-126.3097942856));
#1174 = CARTESIAN_POINT('',(15.746970595072,132.3,-127.2323495225));
#1175 = CARTESIAN_POINT('',(15.748949548806,132.3,-128.1549032417));
#1176 = CARTESIAN_POINT('',(15.75,132.3,-129.0774540144));
#1177 = CARTESIAN_POINT('',(15.75,132.3,-130.));
#1178 = ORIENTED_EDGE('',*,*,#1089,.F.);
#1179 = ORIENTED_EDGE('',*,*,#204,.T.);
#1180 = ORIENTED_EDGE('',*,*,#1181,.T.);
#1181 = EDGE_CURVE('',#205,#1182,#1184,.T.);
#1182 = VERTEX_POINT('',#1183);
#1183 = CARTESIAN_POINT('',(15.327811798172,135.1,-85.56261606708));
#1184 = B_SPLINE_CURVE_WITH_KNOTS('',4,(#1185,#1186,#1187,#1188,#1189),
  .UNSPECIFIED.,.F.,.F.,(5,5),(0.,1.),.PIECEWISE_BEZIER_KNOTS.);
#1185 = CARTESIAN_POINT('',(15.327811798172,152.1000006,-85.56261606708)
  );
#1186 = CARTESIAN_POINT('',(15.327811798172,147.8500003,-85.56261606708)
  );
#1187 = CARTESIAN_POINT('',(15.327811798172,143.6,-85.56261606708));
#1188 = CARTESIAN_POINT('',(15.327811798172,139.3499997,-85.56261606708)
  );
#1189 = CARTESIAN_POINT('',(15.327811798172,135.0999994,-85.56261606708)
  );
#1190 = ORIENTED_EDGE('',*,*,#1191,.F.);
#1191 = EDGE_CURVE('',#1192,#1182,#1194,.T.);
#1192 = VERTEX_POINT('',#1193);
#1193 = CARTESIAN_POINT('',(15.244028326583,135.1,-78.326555399));
#1194 = B_SPLINE_CURVE_WITH_KNOTS('',4,(#1195,#1196,#1197,#1198,#1199,
    #1200,#1201,#1202),.UNSPECIFIED.,.F.,.F.,(5,3,5),(0.,0.59855801222,
    1.),.UNSPECIFIED.);
#1195 = CARTESIAN_POINT('',(15.218695806132,135.1,-76.));
#1196 = CARTESIAN_POINT('',(15.237870348316,135.1,-77.79569033064));
#1197 = CARTESIAN_POINT('',(15.257861676528,135.1,-79.59137288135));
#1198 = CARTESIAN_POINT('',(15.278484988065,135.1,-81.38704864835));
#1199 = CARTESIAN_POINT('',(15.313720783995,135.1,-84.38704249221));
#1200 = CARTESIAN_POINT('',(15.32807595048,135.1,-85.59136354422));
#1201 = CARTESIAN_POINT('',(15.342591149394,135.1,-86.795682563));
#1202 = CARTESIAN_POINT('',(15.357217358035,135.1,-88.));
#1203 = ORIENTED_EDGE('',*,*,#1204,.F.);
#1204 = EDGE_CURVE('',#223,#1192,#1205,.T.);
#1205 = B_SPLINE_CURVE_WITH_KNOTS('',4,(#1206,#1207,#1208,#1209,#1210),
  .UNSPECIFIED.,.F.,.F.,(5,5),(0.,1.),.PIECEWISE_BEZIER_KNOTS.);
#1206 = CARTESIAN_POINT('',(15.244028326583,152.1000006,-78.326555399));
#1207 = CARTESIAN_POINT('',(15.244028326583,147.8500003,-78.326555399));
#1208 = CARTESIAN_POINT('',(15.244028326583,143.6,-78.326555399));
#1209 = CARTESIAN_POINT('',(15.244028326583,139.3499997,-78.326555399));
#1210 = CARTESIAN_POINT('',(15.244028326583,135.0999994,-78.326555399));
#1211 = ORIENTED_EDGE('',*,*,#231,.T.);
#1212 = ORIENTED_EDGE('',*,*,#1213,.T.);
#1213 = EDGE_CURVE('',#232,#1214,#1216,.T.);
#1214 = VERTEX_POINT('',#1215);
#1215 = CARTESIAN_POINT('',(15.075287702667,135.1,-58.88159019447));
#1216 = B_SPLINE_CURVE_WITH_KNOTS('',4,(#1217,#1218,#1219,#1220,#1221),
  .UNSPECIFIED.,.F.,.F.,(5,5),(0.,1.),.PIECEWISE_BEZIER_KNOTS.);
#1217 = CARTESIAN_POINT('',(15.075287702667,152.1000006,-58.88159019447)
  );
#1218 = CARTESIAN_POINT('',(15.075287702667,147.8500003,-58.88159019447)
  );
#1219 = CARTESIAN_POINT('',(15.075287702667,143.6,-58.88159019447));
#1220 = CARTESIAN_POINT('',(15.075287702667,139.3499997,-58.88159019447)
  );
#1221 = CARTESIAN_POINT('',(15.075287702667,135.0999994,-58.88159019447)
  );
#1222 = ORIENTED_EDGE('',*,*,#1223,.F.);
#1223 = EDGE_CURVE('',#1224,#1214,#1226,.T.);
#1224 = VERTEX_POINT('',#1225);
#1225 = CARTESIAN_POINT('',(15.050434247026,135.1,-51.08930336596));
#1226 = B_SPLINE_CURVE_WITH_KNOTS('',6,(#1227,#1228,#1229,#1230,#1231,
    #1232,#1233),.UNSPECIFIED.,.F.,.F.,(7,7),(0.,1.),
  .PIECEWISE_BEZIER_KNOTS.);
#1227 = CARTESIAN_POINT('',(15.05,135.1,-50.));
#1228 = CARTESIAN_POINT('',(15.05,135.1,-51.83333346135));
#1229 = CARTESIAN_POINT('',(15.053011470603,135.1,-53.66667336056));
#1230 = CARTESIAN_POINT('',(15.058575701345,135.1,-55.50001331275));
#1231 = CARTESIAN_POINT('',(15.066357604377,135.1,-57.33334894331));
#1232 = CARTESIAN_POINT('',(15.076080472966,135.1,-59.16667792465));
#1233 = CARTESIAN_POINT('',(15.087512548858,135.1,-61.));
#1234 = ORIENTED_EDGE('',*,*,#1235,.F.);
#1235 = EDGE_CURVE('',#250,#1224,#1236,.T.);
#1236 = B_SPLINE_CURVE_WITH_KNOTS('',4,(#1237,#1238,#1239,#1240,#1241),
  .UNSPECIFIED.,.F.,.F.,(5,5),(0.,1.),.PIECEWISE_BEZIER_KNOTS.);
#1237 = CARTESIAN_POINT('',(15.050434247026,152.1000006,-51.08930336596)
  );
#1238 = CARTESIAN_POINT('',(15.050434247026,147.8500003,-51.08930336596)
  );
#1239 = CARTESIAN_POINT('',(15.050434247026,143.6,-51.08930336596));
#1240 = CARTESIAN_POINT('',(15.050434247026,139.3499997,-51.08930336596)
  );
#1241 = CARTESIAN_POINT('',(15.050434247026,135.0999994,-51.08930336596)
  );
#1242 = ORIENTED_EDGE('',*,*,#258,.T.);
#1243 = SURFACE_OF_LINEAR_EXTRUSION('',#1244,#1249);
#1244 = B_SPLINE_CURVE_WITH_KNOTS('',3,(#1245,#1246,#1247,#1248),
  .UNSPECIFIED.,.F.,.F.,(4,4),(0.,1.),.PIECEWISE_BEZIER_KNOTS.);
#1245 = CARTESIAN_POINT('',(15.75,131.1,-130.));
#1246 = CARTESIAN_POINT('',(15.75,131.1,-109.));
#1247 = CARTESIAN_POINT('',(15.05,131.1,-75.));
#1248 = CARTESIAN_POINT('',(15.05,131.1,-50.));
#1249 = VECTOR('',#1250,1.);
#1250 = DIRECTION('',(-0.,-1.,-0.));
#1251 = ADVANCED_FACE('',(#1252),#1288,.T.);
#1252 = FACE_BOUND('',#1253,.T.);
#1253 = EDGE_LOOP('',(#1254,#1255,#1263,#1272,#1280,#1287));
#1254 = ORIENTED_EDGE('',*,*,#578,.T.);
#1255 = ORIENTED_EDGE('',*,*,#1256,.T.);
#1256 = EDGE_CURVE('',#570,#1257,#1259,.T.);
#1257 = VERTEX_POINT('',#1258);
#1258 = CARTESIAN_POINT('',(18.,155.1,-130.));
#1259 = LINE('',#1260,#1261);
#1260 = CARTESIAN_POINT('',(18.,132.3,-130.));
#1261 = VECTOR('',#1262,1.);
#1262 = DIRECTION('',(0.,1.,0.));
#1263 = ORIENTED_EDGE('',*,*,#1264,.T.);
#1264 = EDGE_CURVE('',#1257,#1265,#1267,.T.);
#1265 = VERTEX_POINT('',#1266);
#1266 = CARTESIAN_POINT('',(18.5,155.1,-50.));
#1267 = B_SPLINE_CURVE_WITH_KNOTS('',3,(#1268,#1269,#1270,#1271),
  .UNSPECIFIED.,.F.,.F.,(4,4),(0.,1.),.PIECEWISE_BEZIER_KNOTS.);
#1268 = CARTESIAN_POINT('',(18.,155.1,-130.));
#1269 = CARTESIAN_POINT('',(18.,155.1,-109.));
#1270 = CARTESIAN_POINT('',(18.5,155.1,-75.));
#1271 = CARTESIAN_POINT('',(18.5,155.1,-50.));
#1272 = ORIENTED_EDGE('',*,*,#1273,.F.);
#1273 = EDGE_CURVE('',#1274,#1265,#1276,.T.);
#1274 = VERTEX_POINT('',#1275);
#1275 = CARTESIAN_POINT('',(18.5,132.3,-50.));
#1276 = LINE('',#1277,#1278);
#1277 = CARTESIAN_POINT('',(18.5,132.3,-50.));
#1278 = VECTOR('',#1279,1.);
#1279 = DIRECTION('',(0.,1.,0.));
#1280 = ORIENTED_EDGE('',*,*,#1281,.F.);
#1281 = EDGE_CURVE('',#1101,#1274,#1282,.T.);
#1282 = B_SPLINE_CURVE_WITH_KNOTS('',3,(#1283,#1284,#1285,#1286),
  .UNSPECIFIED.,.F.,.F.,(4,4),(0.,1.),.PIECEWISE_BEZIER_KNOTS.);
#1283 = CARTESIAN_POINT('',(18.,132.3,-130.));
#1284 = CARTESIAN_POINT('',(18.,132.3,-109.));
#1285 = CARTESIAN_POINT('',(18.5,132.3,-75.));
#1286 = CARTESIAN_POINT('',(18.5,132.3,-50.));
#1287 = ORIENTED_EDGE('',*,*,#1108,.F.);
#1288 = SURFACE_OF_LINEAR_EXTRUSION('',#1289,#1294);
#1289 = B_SPLINE_CURVE_WITH_KNOTS('',3,(#1290,#1291,#1292,#1293),
  .UNSPECIFIED.,.F.,.F.,(4,4),(0.,1.),.PIECEWISE_BEZIER_KNOTS.);
#1290 = CARTESIAN_POINT('',(18.,132.3,-130.));
#1291 = CARTESIAN_POINT('',(18.,132.3,-109.));
#1292 = CARTESIAN_POINT('',(18.5,132.3,-75.));
#1293 = CARTESIAN_POINT('',(18.5,132.3,-50.));
#1294 = VECTOR('',#1295,1.);
#1295 = DIRECTION('',(-0.,-1.,-0.));
#1296 = ADVANCED_FACE('',(#1297),#1319,.T.);
#1297 = FACE_BOUND('',#1298,.T.);
#1298 = EDGE_LOOP('',(#1299,#1300,#1301,#1310,#1317,#1318));
#1299 = ORIENTED_EDGE('',*,*,#213,.F.);
#1300 = ORIENTED_EDGE('',*,*,#1181,.T.);
#1301 = ORIENTED_EDGE('',*,*,#1302,.T.);
#1302 = EDGE_CURVE('',#1182,#1303,#1305,.T.);
#1303 = VERTEX_POINT('',#1304);
#1304 = CARTESIAN_POINT('',(10.5,135.1,-76.));
#1305 = CIRCLE('',#1306,6.);
#1306 = AXIS2_PLACEMENT_3D('',#1307,#1308,#1309);
#1307 = CARTESIAN_POINT('',(10.5,135.1,-82.));
#1308 = DIRECTION('',(0.,1.,0.));
#1309 = DIRECTION('',(0.,-0.,1.));
#1310 = ORIENTED_EDGE('',*,*,#1311,.T.);
#1311 = EDGE_CURVE('',#1303,#1192,#1312,.T.);
#1312 = CIRCLE('',#1313,6.);
#1313 = AXIS2_PLACEMENT_3D('',#1314,#1315,#1316);
#1314 = CARTESIAN_POINT('',(10.5,135.1,-82.));
#1315 = DIRECTION('',(0.,1.,0.));
#1316 = DIRECTION('',(0.,-0.,1.));
#1317 = ORIENTED_EDGE('',*,*,#1204,.F.);
#1318 = ORIENTED_EDGE('',*,*,#222,.F.);
#1319 = CYLINDRICAL_SURFACE('',#1320,6.);
#1320 = AXIS2_PLACEMENT_3D('',#1321,#1322,#1323);
#1321 = CARTESIAN_POINT('',(10.5,135.1,-82.));
#1322 = DIRECTION('',(0.,1.,0.));
#1323 = DIRECTION('',(0.,-0.,1.));
#1324 = ADVANCED_FACE('',(#1325),#1344,.T.);
#1325 = FACE_BOUND('',#1326,.T.);
#1326 = EDGE_LOOP('',(#1327,#1328,#1336,#1343));
#1327 = ORIENTED_EDGE('',*,*,#569,.F.);
#1328 = ORIENTED_EDGE('',*,*,#1329,.T.);
#1329 = EDGE_CURVE('',#539,#1330,#1332,.T.);
#1330 = VERTEX_POINT('',#1331);
#1331 = CARTESIAN_POINT('',(-18.,155.1,-130.));
#1332 = LINE('',#1333,#1334);
#1333 = CARTESIAN_POINT('',(-18.,132.3,-130.));
#1334 = VECTOR('',#1335,1.);
#1335 = DIRECTION('',(0.,1.,0.));
#1336 = ORIENTED_EDGE('',*,*,#1337,.T.);
#1337 = EDGE_CURVE('',#1330,#1257,#1338,.T.);
#1338 = CIRCLE('',#1339,18.);
#1339 = AXIS2_PLACEMENT_3D('',#1340,#1341,#1342);
#1340 = CARTESIAN_POINT('',(0.,155.1,-130.));
#1341 = DIRECTION('',(0.,-1.,0.));
#1342 = DIRECTION('',(-1.,0.,0.));
#1343 = ORIENTED_EDGE('',*,*,#1256,.F.);
#1344 = CYLINDRICAL_SURFACE('',#1345,18.);
#1345 = AXIS2_PLACEMENT_3D('',#1346,#1347,#1348);
#1346 = CARTESIAN_POINT('',(0.,132.3,-130.));
#1347 = DIRECTION('',(0.,-1.,0.));
#1348 = DIRECTION('',(-1.,0.,0.));
#1349 = ADVANCED_FACE('',(#1350),#1371,.T.);
#1350 = FACE_BOUND('',#1351,.T.);
#1351 = EDGE_LOOP('',(#1352,#1353,#1361,#1368,#1369,#1370));
#1352 = ORIENTED_EDGE('',*,*,#1035,.F.);
#1353 = ORIENTED_EDGE('',*,*,#1354,.T.);
#1354 = EDGE_CURVE('',#1036,#1355,#1357,.T.);
#1355 = VERTEX_POINT('',#1356);
#1356 = CARTESIAN_POINT('',(-18.5,155.1,-50.));
#1357 = LINE('',#1358,#1359);
#1358 = CARTESIAN_POINT('',(-18.5,132.3,-50.));
#1359 = VECTOR('',#1360,1.);
#1360 = DIRECTION('',(0.,1.,0.));
#1361 = ORIENTED_EDGE('',*,*,#1362,.T.);
#1362 = EDGE_CURVE('',#1355,#1330,#1363,.T.);
#1363 = B_SPLINE_CURVE_WITH_KNOTS('',3,(#1364,#1365,#1366,#1367),
  .UNSPECIFIED.,.F.,.F.,(4,4),(0.,1.),.PIECEWISE_BEZIER_KNOTS.);
#1364 = CARTESIAN_POINT('',(-18.5,155.1,-50.));
#1365 = CARTESIAN_POINT('',(-18.5,155.1,-75.));
#1366 = CARTESIAN_POINT('',(-18.,155.1,-109.));
#1367 = CARTESIAN_POINT('',(-18.,155.1,-130.));
#1368 = ORIENTED_EDGE('',*,*,#1329,.F.);
#1369 = ORIENTED_EDGE('',*,*,#538,.T.);
#1370 = ORIENTED_EDGE('',*,*,#1070,.T.);
#1371 = SURFACE_OF_LINEAR_EXTRUSION('',#1372,#1377);
#1372 = B_SPLINE_CURVE_WITH_KNOTS('',3,(#1373,#1374,#1375,#1376),
  .UNSPECIFIED.,.F.,.F.,(4,4),(0.,1.),.PIECEWISE_BEZIER_KNOTS.);
#1373 = CARTESIAN_POINT('',(-18.5,132.3,-50.));
#1374 = CARTESIAN_POINT('',(-18.5,132.3,-75.));
#1375 = CARTESIAN_POINT('',(-18.,132.3,-109.));
#1376 = CARTESIAN_POINT('',(-18.,132.3,-130.));
#1377 = VECTOR('',#1378,1.);
#1378 = DIRECTION('',(-0.,-1.,-0.));
#1379 = ADVANCED_FACE('',(#1380),#1402,.T.);
#1380 = FACE_BOUND('',#1381,.T.);
#1381 = EDGE_LOOP('',(#1382,#1383,#1384,#1393,#1400,#1401));
#1382 = ORIENTED_EDGE('',*,*,#240,.F.);
#1383 = ORIENTED_EDGE('',*,*,#1213,.T.);
#1384 = ORIENTED_EDGE('',*,*,#1385,.T.);
#1385 = EDGE_CURVE('',#1214,#1386,#1388,.T.);
#1386 = VERTEX_POINT('',#1387);
#1387 = CARTESIAN_POINT('',(10.5,135.1,-49.));
#1388 = CIRCLE('',#1389,6.);
#1389 = AXIS2_PLACEMENT_3D('',#1390,#1391,#1392);
#1390 = CARTESIAN_POINT('',(10.5,135.1,-55.));
#1391 = DIRECTION('',(0.,1.,0.));
#1392 = DIRECTION('',(0.,-0.,1.));
#1393 = ORIENTED_EDGE('',*,*,#1394,.T.);
#1394 = EDGE_CURVE('',#1386,#1224,#1395,.T.);
#1395 = CIRCLE('',#1396,6.);
#1396 = AXIS2_PLACEMENT_3D('',#1397,#1398,#1399);
#1397 = CARTESIAN_POINT('',(10.5,135.1,-55.));
#1398 = DIRECTION('',(0.,1.,0.));
#1399 = DIRECTION('',(0.,-0.,1.));
#1400 = ORIENTED_EDGE('',*,*,#1235,.F.);
#1401 = ORIENTED_EDGE('',*,*,#249,.F.);
#1402 = CYLINDRICAL_SURFACE('',#1403,6.);
#1403 = AXIS2_PLACEMENT_3D('',#1404,#1405,#1406);
#1404 = CARTESIAN_POINT('',(10.5,135.1,-55.));
#1405 = DIRECTION('',(0.,1.,0.));
#1406 = DIRECTION('',(0.,-0.,1.));
#1407 = ADVANCED_FACE('',(#1408),#1464,.F.);
#1408 = FACE_BOUND('',#1409,.F.);
#1409 = EDGE_LOOP('',(#1410,#1453,#1454,#1455));
#1410 = ORIENTED_EDGE('',*,*,#1411,.T.);
#1411 = EDGE_CURVE('',#1412,#1125,#1414,.T.);
#1412 = VERTEX_POINT('',#1413);
#1413 = CARTESIAN_POINT('',(18.641543930058,132.3,-23.03993693908));
#1414 = B_SPLINE_CURVE_WITH_KNOTS('',7,(#1415,#1416,#1417,#1418,#1419,
    #1420,#1421,#1422,#1423,#1424,#1425,#1426,#1427,#1428,#1429,#1430,
    #1431,#1432,#1433,#1434,#1435,#1436,#1437,#1438,#1439,#1440,#1441,
    #1442,#1443,#1444,#1445,#1446,#1447,#1448,#1449,#1450,#1451,#1452),
  .UNSPECIFIED.,.F.,.F.,(8,6,6,6,6,6,8),(0.,8.791368320231E-02,
    0.191774964952,0.310866335671,0.535653517642,0.783153855816,1.),
  .UNSPECIFIED.);
#1415 = CARTESIAN_POINT('',(20.402543263817,132.3,-20.15254326381));
#1416 = CARTESIAN_POINT('',(20.151467866191,132.3,-20.44563524388));
#1417 = CARTESIAN_POINT('',(19.916777991775,132.3,-20.7525798938));
#1418 = CARTESIAN_POINT('',(19.696881788712,132.3,-21.07056228879));
#1419 = CARTESIAN_POINT('',(19.490388185457,132.3,-21.39734362429));
#1420 = CARTESIAN_POINT('',(19.296034817273,132.3,-21.73121164309));
#1421 = CARTESIAN_POINT('',(19.112649703091,132.3,-22.07095488712));
#1422 = CARTESIAN_POINT('',(18.73417008133,132.3,-22.82333281037));
#1423 = CARTESIAN_POINT('',(18.54311175821,132.3,-23.23775901127));
#1424 = CARTESIAN_POINT('',(18.364261437968,132.3,-23.65772253222));
#1425 = CARTESIAN_POINT('',(18.196328495548,132.3,-24.08215269482));
#1426 = CARTESIAN_POINT('',(18.038229828535,132.3,-24.51023630655));
#1427 = CARTESIAN_POINT('',(17.889046813438,132.3,-24.94140037442));
#1428 = CARTESIAN_POINT('',(17.586220293007,132.3,-25.87280709722));
#1429 = CARTESIAN_POINT('',(17.4351668899,132.3,-26.37379542652));
#1430 = CARTESIAN_POINT('',(17.29363441078,132.3,-26.87761819146));
#1431 = CARTESIAN_POINT('',(17.160702955451,132.3,-27.38377887397));
#1432 = CARTESIAN_POINT('',(17.035615210723,132.3,-27.89189464578));
#1433 = CARTESIAN_POINT('',(16.917720203855,132.3,-28.40168094654));
#1434 = CARTESIAN_POINT('',(16.596455522706,132.3,-29.87797514453));
#1435 = CARTESIAN_POINT('',(16.410127666322,132.3,-30.84809774155));
#1436 = CARTESIAN_POINT('',(16.243719542361,132.3,-31.821965929));
#1437 = CARTESIAN_POINT('',(16.094733198431,132.3,-32.79862559906));
#1438 = CARTESIAN_POINT('',(15.961184406286,132.3,-33.77739300124));
#1439 = CARTESIAN_POINT('',(15.841516967702,132.3,-34.75784230769));
#1440 = CARTESIAN_POINT('',(15.616558892745,132.3,-36.82093035055));
#1441 = CARTESIAN_POINT('',(15.513957973894,132.3,-37.90374293477));
#1442 = CARTESIAN_POINT('',(15.424947649687,132.3,-38.98781057088));
#1443 = CARTESIAN_POINT('',(15.348254486178,132.3,-40.07281836941));
#1444 = CARTESIAN_POINT('',(15.282866418953,132.3,-41.15852812058));
#1445 = CARTESIAN_POINT('',(15.227943163445,132.3,-42.24477124148));
#1446 = CARTESIAN_POINT('',(15.143246315364,132.3,-44.28353386861));
#1447 = CARTESIAN_POINT('',(15.11120076974,132.3,-45.23593094802));
#1448 = CARTESIAN_POINT('',(15.086199678534,132.3,-46.18855353327));
#1449 = CARTESIAN_POINT('',(15.067865447124,132.3,-47.14132813043));
#1450 = CARTESIAN_POINT('',(15.055885377758,132.3,-48.0941927555));
#1451 = CARTESIAN_POINT('',(15.05,132.3,-49.04709661884));
#1452 = CARTESIAN_POINT('',(15.05,132.3,-50.));
#1453 = ORIENTED_EDGE('',*,*,#1124,.T.);
#1454 = ORIENTED_EDGE('',*,*,#267,.T.);
#1455 = ORIENTED_EDGE('',*,*,#1456,.T.);
#1456 = EDGE_CURVE('',#268,#1412,#1457,.T.);
#1457 = B_SPLINE_CURVE_WITH_KNOTS('',5,(#1458,#1459,#1460,#1461,#1462,
    #1463),.UNSPECIFIED.,.F.,.F.,(6,6),(0.,1.),
  .PIECEWISE_BEZIER_KNOTS.);
#1458 = CARTESIAN_POINT('',(18.641543930058,152.1000006,-23.03993693908)
  );
#1459 = CARTESIAN_POINT('',(18.641543930058,148.35320870971,
    -23.03993693908));
#1460 = CARTESIAN_POINT('',(18.641543930058,144.22790789936,
    -23.03993693908));
#1461 = CARTESIAN_POINT('',(18.641543930058,140.17178051327,
    -23.03993693908));
#1462 = CARTESIAN_POINT('',(18.641543930058,136.28059678408,
    -23.03993693908));
#1463 = CARTESIAN_POINT('',(18.641543930058,132.2999994,-23.03993693908)
  );
#1464 = SURFACE_OF_LINEAR_EXTRUSION('',#1465,#1470);
#1465 = B_SPLINE_CURVE_WITH_KNOTS('',3,(#1466,#1467,#1468,#1469),
  .UNSPECIFIED.,.F.,.F.,(4,4),(0.,1.),.PIECEWISE_BEZIER_KNOTS.);
#1466 = CARTESIAN_POINT('',(15.05,131.1,-50.));
#1467 = CARTESIAN_POINT('',(15.05,131.1,-38.));
#1468 = CARTESIAN_POINT('',(16.25,131.1,-25.));
#1469 = CARTESIAN_POINT('',(20.402543263817,131.1,-20.15254326381));
#1470 = VECTOR('',#1471,1.);
#1471 = DIRECTION('',(-0.,-1.,-0.));
#1472 = ADVANCED_FACE('',(#1473),#1500,.T.);
#1473 = FACE_BOUND('',#1474,.T.);
#1474 = EDGE_LOOP('',(#1475,#1482,#1483,#1492,#1498,#1499));
#1475 = ORIENTED_EDGE('',*,*,#1476,.F.);
#1476 = EDGE_CURVE('',#1274,#1412,#1477,.T.);
#1477 = B_SPLINE_CURVE_WITH_KNOTS('',3,(#1478,#1479,#1480,#1481),
  .UNSPECIFIED.,.F.,.F.,(4,4),(0.,1.),.PIECEWISE_BEZIER_KNOTS.);
#1478 = CARTESIAN_POINT('',(18.5,132.3,-50.));
#1479 = CARTESIAN_POINT('',(18.5,132.3,-38.));
#1480 = CARTESIAN_POINT('',(16.,132.3,-25.));
#1481 = CARTESIAN_POINT('',(20.152543263817,132.3,-20.15254326381));
#1482 = ORIENTED_EDGE('',*,*,#1273,.T.);
#1483 = ORIENTED_EDGE('',*,*,#1484,.T.);
#1484 = EDGE_CURVE('',#1265,#1485,#1487,.T.);
#1485 = VERTEX_POINT('',#1486);
#1486 = CARTESIAN_POINT('',(20.152543263817,155.1,-20.15254326381));
#1487 = B_SPLINE_CURVE_WITH_KNOTS('',3,(#1488,#1489,#1490,#1491),
  .UNSPECIFIED.,.F.,.F.,(4,4),(0.,1.),.PIECEWISE_BEZIER_KNOTS.);
#1488 = CARTESIAN_POINT('',(18.5,155.1,-50.));
#1489 = CARTESIAN_POINT('',(18.5,155.1,-38.));
#1490 = CARTESIAN_POINT('',(16.,155.1,-25.));
#1491 = CARTESIAN_POINT('',(20.152543263817,155.1,-20.15254326381));
#1492 = ORIENTED_EDGE('',*,*,#1493,.F.);
#1493 = EDGE_CURVE('',#277,#1485,#1494,.T.);
#1494 = LINE('',#1495,#1496);
#1495 = CARTESIAN_POINT('',(20.152543263817,132.3,-20.15254326381));
#1496 = VECTOR('',#1497,1.);
#1497 = DIRECTION('',(0.,1.,0.));
#1498 = ORIENTED_EDGE('',*,*,#276,.T.);
#1499 = ORIENTED_EDGE('',*,*,#1456,.T.);
#1500 = SURFACE_OF_LINEAR_EXTRUSION('',#1501,#1506);
#1501 = B_SPLINE_CURVE_WITH_KNOTS('',3,(#1502,#1503,#1504,#1505),
  .UNSPECIFIED.,.F.,.F.,(4,4),(0.,1.),.PIECEWISE_BEZIER_KNOTS.);
#1502 = CARTESIAN_POINT('',(18.5,132.3,-50.));
#1503 = CARTESIAN_POINT('',(18.5,132.3,-38.));
#1504 = CARTESIAN_POINT('',(16.,132.3,-25.));
#1505 = CARTESIAN_POINT('',(20.152543263817,132.3,-20.15254326381));
#1506 = VECTOR('',#1507,1.);
#1507 = DIRECTION('',(-0.,-1.,-0.));
#1508 = ADVANCED_FACE('',(#1509),#1561,.T.);
#1509 = FACE_BOUND('',#1510,.T.);
#1510 = EDGE_LOOP('',(#1511,#1522,#1528,#1529,#1530,#1539,#1545,#1546,
    #1554));
#1511 = ORIENTED_EDGE('',*,*,#1512,.T.);
#1512 = EDGE_CURVE('',#1513,#1515,#1517,.T.);
#1513 = VERTEX_POINT('',#1514);
#1514 = CARTESIAN_POINT('',(20.152543263817,136.3,-20.15254326381));
#1515 = VERTEX_POINT('',#1516);
#1516 = CARTESIAN_POINT('',(3.49024337757E-15,136.3,-28.5));
#1517 = CIRCLE('',#1518,28.5);
#1518 = AXIS2_PLACEMENT_3D('',#1519,#1520,#1521);
#1519 = CARTESIAN_POINT('',(0.,136.3,0.));
#1520 = DIRECTION('',(0.,1.,0.));
#1521 = DIRECTION('',(0.,-0.,1.));
#1522 = ORIENTED_EDGE('',*,*,#1523,.F.);
#1523 = EDGE_CURVE('',#347,#1515,#1524,.T.);
#1524 = LINE('',#1525,#1526);
#1525 = CARTESIAN_POINT('',(0.,132.3,-28.5));
#1526 = VECTOR('',#1527,1.);
#1527 = DIRECTION('',(0.,-1.,0.));
#1528 = ORIENTED_EDGE('',*,*,#346,.F.);
#1529 = ORIENTED_EDGE('',*,*,#1493,.T.);
#1530 = ORIENTED_EDGE('',*,*,#1531,.T.);
#1531 = EDGE_CURVE('',#1485,#1532,#1534,.T.);
#1532 = VERTEX_POINT('',#1533);
#1533 = CARTESIAN_POINT('',(-20.15254326381,155.1,-20.15254326381));
#1534 = CIRCLE('',#1535,28.5);
#1535 = AXIS2_PLACEMENT_3D('',#1536,#1537,#1538);
#1536 = CARTESIAN_POINT('',(0.,155.1,-4.440201538537E-16));
#1537 = DIRECTION('',(0.,-1.,0.));
#1538 = DIRECTION('',(0.707106781187,-0.,-0.707106781187));
#1539 = ORIENTED_EDGE('',*,*,#1540,.F.);
#1540 = EDGE_CURVE('',#381,#1532,#1541,.T.);
#1541 = LINE('',#1542,#1543);
#1542 = CARTESIAN_POINT('',(-20.15254326381,132.3,-20.15254326381));
#1543 = VECTOR('',#1544,1.);
#1544 = DIRECTION('',(0.,1.,0.));
#1545 = ORIENTED_EDGE('',*,*,#380,.F.);
#1546 = ORIENTED_EDGE('',*,*,#1547,.T.);
#1547 = EDGE_CURVE('',#373,#1548,#1550,.T.);
#1548 = VERTEX_POINT('',#1549);
#1549 = CARTESIAN_POINT('',(-6.98048675514E-15,136.3,28.5));
#1550 = LINE('',#1551,#1552);
#1551 = CARTESIAN_POINT('',(0.,132.3,28.5));
#1552 = VECTOR('',#1553,1.);
#1553 = DIRECTION('',(0.,-1.,0.));
#1554 = ORIENTED_EDGE('',*,*,#1555,.T.);
#1555 = EDGE_CURVE('',#1548,#1513,#1556,.T.);
#1556 = CIRCLE('',#1557,28.5);
#1557 = AXIS2_PLACEMENT_3D('',#1558,#1559,#1560);
#1558 = CARTESIAN_POINT('',(0.,136.3,0.));
#1559 = DIRECTION('',(0.,1.,0.));
#1560 = DIRECTION('',(0.,-0.,1.));
#1561 = CYLINDRICAL_SURFACE('',#1562,28.5);
#1562 = AXIS2_PLACEMENT_3D('',#1563,#1564,#1565);
#1563 = CARTESIAN_POINT('',(0.,132.3,-4.440201538537E-16));
#1564 = DIRECTION('',(0.,-1.,0.));
#1565 = DIRECTION('',(0.707106781187,-0.,-0.707106781187));
#1566 = ADVANCED_FACE('',(#1567),#1585,.F.);
#1567 = FACE_BOUND('',#1568,.F.);
#1568 = EDGE_LOOP('',(#1569,#1577,#1578,#1579));
#1569 = ORIENTED_EDGE('',*,*,#1570,.T.);
#1570 = EDGE_CURVE('',#1571,#1515,#1573,.T.);
#1571 = VERTEX_POINT('',#1572);
#1572 = CARTESIAN_POINT('',(3.07386346586E-15,136.3,-25.1));
#1573 = LINE('',#1574,#1575);
#1574 = CARTESIAN_POINT('',(0.,136.3,-17.));
#1575 = VECTOR('',#1576,1.);
#1576 = DIRECTION('',(-0.,0.,-1.));
#1577 = ORIENTED_EDGE('',*,*,#1523,.F.);
#1578 = ORIENTED_EDGE('',*,*,#355,.T.);
#1579 = ORIENTED_EDGE('',*,*,#1580,.F.);
#1580 = EDGE_CURVE('',#1571,#356,#1581,.T.);
#1581 = LINE('',#1582,#1583);
#1582 = CARTESIAN_POINT('',(0.,135.3,-25.1));
#1583 = VECTOR('',#1584,1.);
#1584 = DIRECTION('',(0.,1.,0.));
#1585 = PLANE('',#1586);
#1586 = AXIS2_PLACEMENT_3D('',#1587,#1588,#1589);
#1587 = CARTESIAN_POINT('',(0.,136.2,-34.));
#1588 = DIRECTION('',(1.,0.,-0.));
#1589 = DIRECTION('',(0.,0.,1.));
#1590 = ADVANCED_FACE('',(#1591),#1610,.F.);
#1591 = FACE_BOUND('',#1592,.F.);
#1592 = EDGE_LOOP('',(#1593,#1594,#1602,#1609));
#1593 = ORIENTED_EDGE('',*,*,#363,.F.);
#1594 = ORIENTED_EDGE('',*,*,#1595,.F.);
#1595 = EDGE_CURVE('',#1596,#364,#1598,.T.);
#1596 = VERTEX_POINT('',#1597);
#1597 = CARTESIAN_POINT('',(-6.14772693172E-15,136.3,25.1));
#1598 = LINE('',#1599,#1600);
#1599 = CARTESIAN_POINT('',(-6.14772693172E-15,135.3,25.1));
#1600 = VECTOR('',#1601,1.);
#1601 = DIRECTION('',(0.,1.,0.));
#1602 = ORIENTED_EDGE('',*,*,#1603,.T.);
#1603 = EDGE_CURVE('',#1596,#1571,#1604,.T.);
#1604 = CIRCLE('',#1605,25.1);
#1605 = AXIS2_PLACEMENT_3D('',#1606,#1607,#1608);
#1606 = CARTESIAN_POINT('',(0.,136.3,0.));
#1607 = DIRECTION('',(0.,1.,0.));
#1608 = DIRECTION('',(0.,-0.,1.));
#1609 = ORIENTED_EDGE('',*,*,#1580,.T.);
#1610 = CYLINDRICAL_SURFACE('',#1611,25.1);
#1611 = AXIS2_PLACEMENT_3D('',#1612,#1613,#1614);
#1612 = CARTESIAN_POINT('',(0.,135.3,0.));
#1613 = DIRECTION('',(0.,1.,0.));
#1614 = DIRECTION('',(0.,-0.,1.));
#1615 = ADVANCED_FACE('',(#1616),#1627,.F.);
#1616 = FACE_BOUND('',#1617,.F.);
#1617 = EDGE_LOOP('',(#1618,#1619,#1625,#1626));
#1618 = ORIENTED_EDGE('',*,*,#1547,.T.);
#1619 = ORIENTED_EDGE('',*,*,#1620,.T.);
#1620 = EDGE_CURVE('',#1548,#1596,#1621,.T.);
#1621 = LINE('',#1622,#1623);
#1622 = CARTESIAN_POINT('',(0.,136.3,-17.));
#1623 = VECTOR('',#1624,1.);
#1624 = DIRECTION('',(-0.,0.,-1.));
#1625 = ORIENTED_EDGE('',*,*,#1595,.T.);
#1626 = ORIENTED_EDGE('',*,*,#372,.T.);
#1627 = PLANE('',#1628);
#1628 = AXIS2_PLACEMENT_3D('',#1629,#1630,#1631);
#1629 = CARTESIAN_POINT('',(0.,136.2,-34.));
#1630 = DIRECTION('',(1.,0.,-0.));
#1631 = DIRECTION('',(0.,0.,1.));
#1632 = ADVANCED_FACE('',(#1633),#1653,.T.);
#1633 = FACE_BOUND('',#1634,.T.);
#1634 = EDGE_LOOP('',(#1635,#1636,#1646,#1652));
#1635 = ORIENTED_EDGE('',*,*,#480,.F.);
#1636 = ORIENTED_EDGE('',*,*,#1637,.T.);
#1637 = EDGE_CURVE('',#453,#1638,#1640,.T.);
#1638 = VERTEX_POINT('',#1639);
#1639 = CARTESIAN_POINT('',(-17.81432605281,136.2,-34.));
#1640 = B_SPLINE_CURVE_WITH_KNOTS('',4,(#1641,#1642,#1643,#1644,#1645),
  .UNSPECIFIED.,.F.,.F.,(5,5),(0.,1.),.PIECEWISE_BEZIER_KNOTS.);
#1641 = CARTESIAN_POINT('',(-17.81432605281,152.1,-34.));
#1642 = CARTESIAN_POINT('',(-17.81432605281,148.125,-34.));
#1643 = CARTESIAN_POINT('',(-17.81432605281,144.15,-34.));
#1644 = CARTESIAN_POINT('',(-17.81432605281,140.175,-34.));
#1645 = CARTESIAN_POINT('',(-17.81432605281,136.2,-34.));
#1646 = ORIENTED_EDGE('',*,*,#1647,.T.);
#1647 = EDGE_CURVE('',#1638,#989,#1648,.T.);
#1648 = LINE('',#1649,#1650);
#1649 = CARTESIAN_POINT('',(-45.,136.2,-34.));
#1650 = VECTOR('',#1651,1.);
#1651 = DIRECTION('',(1.,0.,-0.));
#1652 = ORIENTED_EDGE('',*,*,#1013,.F.);
#1653 = PLANE('',#1654);
#1654 = AXIS2_PLACEMENT_3D('',#1655,#1656,#1657);
#1655 = CARTESIAN_POINT('',(-45.,136.2,-34.));
#1656 = DIRECTION('',(0.,0.,1.));
#1657 = DIRECTION('',(1.,0.,-0.));
#1658 = ADVANCED_FACE('',(#1659),#1701,.T.);
#1659 = FACE_BOUND('',#1660,.T.);
#1660 = EDGE_LOOP('',(#1661,#1662,#1663,#1664,#1671,#1672,#1673,#1674,
    #1700));
#1661 = ORIENTED_EDGE('',*,*,#452,.T.);
#1662 = ORIENTED_EDGE('',*,*,#389,.T.);
#1663 = ORIENTED_EDGE('',*,*,#1540,.T.);
#1664 = ORIENTED_EDGE('',*,*,#1665,.T.);
#1665 = EDGE_CURVE('',#1532,#1355,#1666,.T.);
#1666 = B_SPLINE_CURVE_WITH_KNOTS('',3,(#1667,#1668,#1669,#1670),
  .UNSPECIFIED.,.F.,.F.,(4,4),(0.,1.),.PIECEWISE_BEZIER_KNOTS.);
#1667 = CARTESIAN_POINT('',(-20.15254326381,155.1,-20.15254326381));
#1668 = CARTESIAN_POINT('',(-16.,155.1,-25.));
#1669 = CARTESIAN_POINT('',(-18.5,155.1,-38.));
#1670 = CARTESIAN_POINT('',(-18.5,155.1,-50.));
#1671 = ORIENTED_EDGE('',*,*,#1354,.F.);
#1672 = ORIENTED_EDGE('',*,*,#1054,.F.);
#1673 = ORIENTED_EDGE('',*,*,#977,.T.);
#1674 = ORIENTED_EDGE('',*,*,#1675,.F.);
#1675 = EDGE_CURVE('',#1638,#978,#1676,.T.);
#1676 = B_SPLINE_CURVE_WITH_KNOTS('',8,(#1677,#1678,#1679,#1680,#1681,
    #1682,#1683,#1684,#1685,#1686,#1687,#1688,#1689,#1690,#1691,#1692,
    #1693,#1694,#1695,#1696,#1697,#1698,#1699),.UNSPECIFIED.,.F.,.F.,(9,
    7,7,9),(0.,0.387724164716,0.747953823627,1.),.UNSPECIFIED.);
#1677 = CARTESIAN_POINT('',(-17.81432605281,136.2,-34.));
#1678 = CARTESIAN_POINT('',(-17.78956143994,136.2,-33.30600856545));
#1679 = CARTESIAN_POINT('',(-17.76935167578,136.2,-32.61193053528));
#1680 = CARTESIAN_POINT('',(-17.75465570858,136.2,-31.91768636319));
#1681 = CARTESIAN_POINT('',(-17.74656745598,136.2,-31.22327579432));
#1682 = CARTESIAN_POINT('',(-17.74637350027,136.2,-30.5287784696));
#1683 = CARTESIAN_POINT('',(-17.75559928348,136.2,-29.83435387938));
#1684 = CARTESIAN_POINT('',(-17.77611568214,136.2,-29.14024154931));
#1685 = CARTESIAN_POINT('',(-17.84221038383,136.2,-27.80245950634));
#1686 = CARTESIAN_POINT('',(-17.88587828437,136.2,-27.15932310295));
#1687 = CARTESIAN_POINT('',(-17.94333767314,136.2,-26.517041378));
#1688 = CARTESIAN_POINT('',(-18.01701240863,136.2,-25.87593305861));
#1689 = CARTESIAN_POINT('',(-18.10987023814,136.2,-25.23695539492));
#1690 = CARTESIAN_POINT('',(-18.22569892683,136.2,-24.60175438208));
#1691 = CARTESIAN_POINT('',(-18.3692296784,136.2,-23.97267967334));
#1692 = CARTESIAN_POINT('',(-18.67188567054,136.2,-22.91938128527));
#1693 = CARTESIAN_POINT('',(-18.81322545347,136.2,-22.49092455284));
#1694 = CARTESIAN_POINT('',(-18.9736318524,136.2,-22.06850378745));
#1695 = CARTESIAN_POINT('',(-19.15570199892,136.2,-21.65416006074));
#1696 = CARTESIAN_POINT('',(-19.36217242696,136.2,-21.25098787193));
#1697 = CARTESIAN_POINT('',(-19.59580582863,136.2,-20.86307023608));
#1698 = CARTESIAN_POINT('',(-19.85896625151,136.2,-20.4952493539));
#1699 = CARTESIAN_POINT('',(-20.15254326381,136.2,-20.15254326381));
#1700 = ORIENTED_EDGE('',*,*,#1637,.F.);
#1701 = SURFACE_OF_LINEAR_EXTRUSION('',#1702,#1707);
#1702 = B_SPLINE_CURVE_WITH_KNOTS('',3,(#1703,#1704,#1705,#1706),
  .UNSPECIFIED.,.F.,.F.,(4,4),(0.,1.),.PIECEWISE_BEZIER_KNOTS.);
#1703 = CARTESIAN_POINT('',(-20.15254326381,132.3,-20.15254326381));
#1704 = CARTESIAN_POINT('',(-16.,132.3,-25.));
#1705 = CARTESIAN_POINT('',(-18.5,132.3,-38.));
#1706 = CARTESIAN_POINT('',(-18.5,132.3,-50.));
#1707 = VECTOR('',#1708,1.);
#1708 = DIRECTION('',(-0.,-1.,-0.));
#1709 = ADVANCED_FACE('',(#1710),#1729,.F.);
#1710 = FACE_BOUND('',#1711,.F.);
#1711 = EDGE_LOOP('',(#1712,#1720,#1727,#1728));
#1712 = ORIENTED_EDGE('',*,*,#1713,.T.);
#1713 = EDGE_CURVE('',#616,#1714,#1716,.T.);
#1714 = VERTEX_POINT('',#1715);
#1715 = CARTESIAN_POINT('',(-4.65365783676E-15,153.1,19.));
#1716 = LINE('',#1717,#1718);
#1717 = CARTESIAN_POINT('',(-4.65365783676E-15,152.,19.));
#1718 = VECTOR('',#1719,1.);
#1719 = DIRECTION('',(0.,1.,0.));
#1720 = ORIENTED_EDGE('',*,*,#1721,.F.);
#1721 = EDGE_CURVE('',#1714,#1714,#1722,.T.);
#1722 = CIRCLE('',#1723,19.);
#1723 = AXIS2_PLACEMENT_3D('',#1724,#1725,#1726);
#1724 = CARTESIAN_POINT('',(0.,153.1,0.));
#1725 = DIRECTION('',(0.,1.,0.));
#1726 = DIRECTION('',(0.,-0.,1.));
#1727 = ORIENTED_EDGE('',*,*,#1713,.F.);
#1728 = ORIENTED_EDGE('',*,*,#615,.T.);
#1729 = CYLINDRICAL_SURFACE('',#1730,19.);
#1730 = AXIS2_PLACEMENT_3D('',#1731,#1732,#1733);
#1731 = CARTESIAN_POINT('',(0.,152.,0.));
#1732 = DIRECTION('',(0.,1.,0.));
#1733 = DIRECTION('',(0.,-0.,1.));
#1734 = ADVANCED_FACE('',(#1735),#1761,.F.);
#1735 = FACE_BOUND('',#1736,.T.);
#1736 = EDGE_LOOP('',(#1737,#1738,#1746,#1755));
#1737 = ORIENTED_EDGE('',*,*,#626,.T.);
#1738 = ORIENTED_EDGE('',*,*,#1739,.T.);
#1739 = EDGE_CURVE('',#629,#1740,#1742,.T.);
#1740 = VERTEX_POINT('',#1741);
#1741 = CARTESIAN_POINT('',(-7.,155.1,-41.));
#1742 = LINE('',#1743,#1744);
#1743 = CARTESIAN_POINT('',(-7.,152.,-41.));
#1744 = VECTOR('',#1745,1.);
#1745 = DIRECTION('',(0.,1.,0.));
#1746 = ORIENTED_EDGE('',*,*,#1747,.F.);
#1747 = EDGE_CURVE('',#1748,#1740,#1750,.T.);
#1748 = VERTEX_POINT('',#1749);
#1749 = CARTESIAN_POINT('',(-5.,155.1,-39.));
#1750 = CIRCLE('',#1751,2.);
#1751 = AXIS2_PLACEMENT_3D('',#1752,#1753,#1754);
#1752 = CARTESIAN_POINT('',(-5.,155.1,-41.));
#1753 = DIRECTION('',(-0.,-1.,0.));
#1754 = DIRECTION('',(-1.,0.,3.5527136788E-15));
#1755 = ORIENTED_EDGE('',*,*,#1756,.F.);
#1756 = EDGE_CURVE('',#627,#1748,#1757,.T.);
#1757 = LINE('',#1758,#1759);
#1758 = CARTESIAN_POINT('',(-5.,152.,-39.));
#1759 = VECTOR('',#1760,1.);
#1760 = DIRECTION('',(0.,1.,0.));
#1761 = CYLINDRICAL_SURFACE('',#1762,2.);
#1762 = AXIS2_PLACEMENT_3D('',#1763,#1764,#1765);
#1763 = CARTESIAN_POINT('',(-5.,152.,-41.));
#1764 = DIRECTION('',(-0.,-1.,-0.));
#1765 = DIRECTION('',(-1.,0.,3.5527136788E-15));
#1766 = ADVANCED_FACE('',(#1767),#1785,.T.);
#1767 = FACE_BOUND('',#1768,.T.);
#1768 = EDGE_LOOP('',(#1769,#1770,#1778,#1784));
#1769 = ORIENTED_EDGE('',*,*,#671,.F.);
#1770 = ORIENTED_EDGE('',*,*,#1771,.T.);
#1771 = EDGE_CURVE('',#663,#1772,#1774,.T.);
#1772 = VERTEX_POINT('',#1773);
#1773 = CARTESIAN_POINT('',(-7.,155.1,-44.33666900327));
#1774 = LINE('',#1775,#1776);
#1775 = CARTESIAN_POINT('',(-7.,152.,-44.33666900327));
#1776 = VECTOR('',#1777,1.);
#1777 = DIRECTION('',(0.,1.,0.));
#1778 = ORIENTED_EDGE('',*,*,#1779,.T.);
#1779 = EDGE_CURVE('',#1772,#1740,#1780,.T.);
#1780 = LINE('',#1781,#1782);
#1781 = CARTESIAN_POINT('',(-7.,155.1,-51.6126265419));
#1782 = VECTOR('',#1783,1.);
#1783 = DIRECTION('',(0.,0.,1.));
#1784 = ORIENTED_EDGE('',*,*,#1739,.F.);
#1785 = PLANE('',#1786);
#1786 = AXIS2_PLACEMENT_3D('',#1787,#1788,#1789);
#1787 = CARTESIAN_POINT('',(-7.,152.,-44.33666900327));
#1788 = DIRECTION('',(1.,0.,0.));
#1789 = DIRECTION('',(0.,0.,1.));
#1790 = ADVANCED_FACE('',(#1791),#1810,.F.);
#1791 = FACE_BOUND('',#1792,.T.);
#1792 = EDGE_LOOP('',(#1793,#1794,#1802,#1809));
#1793 = ORIENTED_EDGE('',*,*,#662,.T.);
#1794 = ORIENTED_EDGE('',*,*,#1795,.T.);
#1795 = EDGE_CURVE('',#655,#1796,#1798,.T.);
#1796 = VERTEX_POINT('',#1797);
#1797 = CARTESIAN_POINT('',(-3.918484817373,155.1,-46.01902595402));
#1798 = LINE('',#1799,#1800);
#1799 = CARTESIAN_POINT('',(-3.918484817373,152.,-46.01902595402));
#1800 = VECTOR('',#1801,1.);
#1801 = DIRECTION('',(0.,1.,0.));
#1802 = ORIENTED_EDGE('',*,*,#1803,.F.);
#1803 = EDGE_CURVE('',#1772,#1796,#1804,.T.);
#1804 = CIRCLE('',#1805,2.);
#1805 = AXIS2_PLACEMENT_3D('',#1806,#1807,#1808);
#1806 = CARTESIAN_POINT('',(-5.,155.1,-44.33666900327));
#1807 = DIRECTION('',(0.,-1.,-0.));
#1808 = DIRECTION('',(0.540757591313,0.,-0.841178475377));
#1809 = ORIENTED_EDGE('',*,*,#1771,.F.);
#1810 = CYLINDRICAL_SURFACE('',#1811,2.);
#1811 = AXIS2_PLACEMENT_3D('',#1812,#1813,#1814);
#1812 = CARTESIAN_POINT('',(-5.,152.,-44.33666900327));
#1813 = DIRECTION('',(-0.,-1.,-0.));
#1814 = DIRECTION('',(0.540757591313,0.,-0.841178475377));
#1815 = ADVANCED_FACE('',(#1816),#1834,.T.);
#1816 = FACE_BOUND('',#1817,.T.);
#1817 = EDGE_LOOP('',(#1818,#1819,#1827,#1833));
#1818 = ORIENTED_EDGE('',*,*,#654,.F.);
#1819 = ORIENTED_EDGE('',*,*,#1820,.T.);
#1820 = EDGE_CURVE('',#646,#1821,#1823,.T.);
#1821 = VERTEX_POINT('',#1822);
#1822 = CARTESIAN_POINT('',(1.271889187717,155.1,-42.68235695075));
#1823 = LINE('',#1824,#1825);
#1824 = CARTESIAN_POINT('',(1.271889187717,152.,-42.68235695075));
#1825 = VECTOR('',#1826,1.);
#1826 = DIRECTION('',(0.,1.,0.));
#1827 = ORIENTED_EDGE('',*,*,#1828,.T.);
#1828 = EDGE_CURVE('',#1821,#1796,#1829,.T.);
#1829 = LINE('',#1830,#1831);
#1830 = CARTESIAN_POINT('',(-2.863986081497,155.1,-45.34113390953));
#1831 = VECTOR('',#1832,1.);
#1832 = DIRECTION('',(-0.841178475377,0.,-0.540757591313));
#1833 = ORIENTED_EDGE('',*,*,#1795,.F.);
#1834 = PLANE('',#1835);
#1835 = AXIS2_PLACEMENT_3D('',#1836,#1837,#1838);
#1836 = CARTESIAN_POINT('',(1.271889187717,152.,-42.68235695075));
#1837 = DIRECTION('',(-0.540757591313,0.,0.841178475377));
#1838 = DIRECTION('',(-0.841178475377,0.,-0.540757591313));
#1839 = ADVANCED_FACE('',(#1840),#1859,.F.);
#1840 = FACE_BOUND('',#1841,.T.);
#1841 = EDGE_LOOP('',(#1842,#1843,#1851,#1858));
#1842 = ORIENTED_EDGE('',*,*,#645,.T.);
#1843 = ORIENTED_EDGE('',*,*,#1844,.T.);
#1844 = EDGE_CURVE('',#638,#1845,#1847,.T.);
#1845 = VERTEX_POINT('',#1846);
#1846 = CARTESIAN_POINT('',(0.19037400509,155.1,-39.));
#1847 = LINE('',#1848,#1849);
#1848 = CARTESIAN_POINT('',(0.19037400509,152.,-39.));
#1849 = VECTOR('',#1850,1.);
#1850 = DIRECTION('',(0.,1.,0.));
#1851 = ORIENTED_EDGE('',*,*,#1852,.F.);
#1852 = EDGE_CURVE('',#1821,#1845,#1853,.T.);
#1853 = CIRCLE('',#1854,2.);
#1854 = AXIS2_PLACEMENT_3D('',#1855,#1856,#1857);
#1855 = CARTESIAN_POINT('',(0.19037400509,155.1,-41.));
#1856 = DIRECTION('',(-0.,-1.,0.));
#1857 = DIRECTION('',(-3.885780586188E-16,0.,1.));
#1858 = ORIENTED_EDGE('',*,*,#1820,.F.);
#1859 = CYLINDRICAL_SURFACE('',#1860,2.);
#1860 = AXIS2_PLACEMENT_3D('',#1861,#1862,#1863);
#1861 = CARTESIAN_POINT('',(0.19037400509,152.,-41.));
#1862 = DIRECTION('',(-0.,-1.,-0.));
#1863 = DIRECTION('',(-3.885780586188E-16,0.,1.));
#1864 = ADVANCED_FACE('',(#1865),#1876,.T.);
#1865 = FACE_BOUND('',#1866,.T.);
#1866 = EDGE_LOOP('',(#1867,#1868,#1869,#1875));
#1867 = ORIENTED_EDGE('',*,*,#637,.F.);
#1868 = ORIENTED_EDGE('',*,*,#1756,.T.);
#1869 = ORIENTED_EDGE('',*,*,#1870,.T.);
#1870 = EDGE_CURVE('',#1748,#1845,#1871,.T.);
#1871 = LINE('',#1872,#1873);
#1872 = CARTESIAN_POINT('',(-2.5,155.1,-39.));
#1873 = VECTOR('',#1874,1.);
#1874 = DIRECTION('',(1.,-0.,0.));
#1875 = ORIENTED_EDGE('',*,*,#1844,.F.);
#1876 = PLANE('',#1877);
#1877 = AXIS2_PLACEMENT_3D('',#1878,#1879,#1880);
#1878 = CARTESIAN_POINT('',(-5.,152.,-39.));
#1879 = DIRECTION('',(0.,0.,-1.));
#1880 = DIRECTION('',(1.,0.,0.));
#1881 = ADVANCED_FACE('',(#1882),#1908,.F.);
#1882 = FACE_BOUND('',#1883,.F.);
#1883 = EDGE_LOOP('',(#1884,#1885,#1893,#1902));
#1884 = ORIENTED_EDGE('',*,*,#679,.F.);
#1885 = ORIENTED_EDGE('',*,*,#1886,.T.);
#1886 = EDGE_CURVE('',#680,#1887,#1889,.T.);
#1887 = VERTEX_POINT('',#1888);
#1888 = CARTESIAN_POINT('',(-17.88980156402,155.1,17.88980156402));
#1889 = LINE('',#1890,#1891);
#1890 = CARTESIAN_POINT('',(-17.88980156402,152.,17.88980156402));
#1891 = VECTOR('',#1892,1.);
#1892 = DIRECTION('',(0.,1.,0.));
#1893 = ORIENTED_EDGE('',*,*,#1894,.T.);
#1894 = EDGE_CURVE('',#1887,#1895,#1897,.T.);
#1895 = VERTEX_POINT('',#1896);
#1896 = CARTESIAN_POINT('',(-18.94857973596,155.1,-16.76428721985));
#1897 = CIRCLE('',#1898,25.3);
#1898 = AXIS2_PLACEMENT_3D('',#1899,#1900,#1901);
#1899 = CARTESIAN_POINT('',(9.205165431579E-15,155.1,-1.191204464078E-15
    ));
#1900 = DIRECTION('',(0.,-1.,-0.));
#1901 = DIRECTION('',(-0.707106781187,-0.,0.707106781187));
#1902 = ORIENTED_EDGE('',*,*,#1903,.F.);
#1903 = EDGE_CURVE('',#682,#1895,#1904,.T.);
#1904 = LINE('',#1905,#1906);
#1905 = CARTESIAN_POINT('',(-18.94857973596,152.,-16.76428721985));
#1906 = VECTOR('',#1907,1.);
#1907 = DIRECTION('',(0.,1.,0.));
#1908 = CYLINDRICAL_SURFACE('',#1909,25.3);
#1909 = AXIS2_PLACEMENT_3D('',#1910,#1911,#1912);
#1910 = CARTESIAN_POINT('',(9.205165431579E-15,152.,-1.191204464078E-15)
  );
#1911 = DIRECTION('',(0.,-1.,-0.));
#1912 = DIRECTION('',(-0.707106781187,-0.,0.707106781187));
#1913 = ADVANCED_FACE('',(#1914),#1933,.F.);
#1914 = FACE_BOUND('',#1915,.F.);
#1915 = EDGE_LOOP('',(#1916,#1925,#1931,#1932));
#1916 = ORIENTED_EDGE('',*,*,#1917,.F.);
#1917 = EDGE_CURVE('',#1918,#1895,#1920,.T.);
#1918 = VERTEX_POINT('',#1919);
#1919 = CARTESIAN_POINT('',(-15.50338342033,155.1,-13.71623499806));
#1920 = CIRCLE('',#1921,2.3);
#1921 = AXIS2_PLACEMENT_3D('',#1922,#1923,#1924);
#1922 = CARTESIAN_POINT('',(-17.22598157814,155.1,-15.24026110896));
#1923 = DIRECTION('',(0.,1.,0.));
#1924 = DIRECTION('',(0.,-0.,1.));
#1925 = ORIENTED_EDGE('',*,*,#1926,.F.);
#1926 = EDGE_CURVE('',#700,#1918,#1927,.T.);
#1927 = LINE('',#1928,#1929);
#1928 = CARTESIAN_POINT('',(-15.50338342033,152.,-13.71623499806));
#1929 = VECTOR('',#1930,1.);
#1930 = DIRECTION('',(0.,1.,0.));
#1931 = ORIENTED_EDGE('',*,*,#708,.T.);
#1932 = ORIENTED_EDGE('',*,*,#1903,.T.);
#1933 = CYLINDRICAL_SURFACE('',#1934,2.3);
#1934 = AXIS2_PLACEMENT_3D('',#1935,#1936,#1937);
#1935 = CARTESIAN_POINT('',(-17.22598157814,152.,-15.24026110896));
#1936 = DIRECTION('',(0.,1.,0.));
#1937 = DIRECTION('',(0.,-0.,1.));
#1938 = ADVANCED_FACE('',(#1939),#1958,.T.);
#1939 = FACE_BOUND('',#1940,.F.);
#1940 = EDGE_LOOP('',(#1941,#1942,#1943,#1952));
#1941 = ORIENTED_EDGE('',*,*,#699,.T.);
#1942 = ORIENTED_EDGE('',*,*,#1926,.T.);
#1943 = ORIENTED_EDGE('',*,*,#1944,.F.);
#1944 = EDGE_CURVE('',#1945,#1918,#1947,.T.);
#1945 = VERTEX_POINT('',#1946);
#1946 = CARTESIAN_POINT('',(-14.63711037056,155.1,14.637110370562));
#1947 = CIRCLE('',#1948,20.7);
#1948 = AXIS2_PLACEMENT_3D('',#1949,#1950,#1951);
#1949 = CARTESIAN_POINT('',(4.689097585175E-15,155.1,5.323311387635E-16)
  );
#1950 = DIRECTION('',(0.,-1.,-0.));
#1951 = DIRECTION('',(-0.748955720789,0.,-0.662620048216));
#1952 = ORIENTED_EDGE('',*,*,#1953,.F.);
#1953 = EDGE_CURVE('',#691,#1945,#1954,.T.);
#1954 = LINE('',#1955,#1956);
#1955 = CARTESIAN_POINT('',(-14.63711037056,152.,14.637110370562));
#1956 = VECTOR('',#1957,1.);
#1957 = DIRECTION('',(0.,1.,0.));
#1958 = CYLINDRICAL_SURFACE('',#1959,20.7);
#1959 = AXIS2_PLACEMENT_3D('',#1960,#1961,#1962);
#1960 = CARTESIAN_POINT('',(4.689097585175E-15,152.,5.323311387635E-16)
  );
#1961 = DIRECTION('',(-0.,-1.,-0.));
#1962 = DIRECTION('',(-0.748955720789,0.,-0.662620048216));
#1963 = ADVANCED_FACE('',(#1964),#1976,.F.);
#1964 = FACE_BOUND('',#1965,.F.);
#1965 = EDGE_LOOP('',(#1966,#1967,#1968,#1975));
#1966 = ORIENTED_EDGE('',*,*,#690,.T.);
#1967 = ORIENTED_EDGE('',*,*,#1953,.T.);
#1968 = ORIENTED_EDGE('',*,*,#1969,.F.);
#1969 = EDGE_CURVE('',#1887,#1945,#1970,.T.);
#1970 = CIRCLE('',#1971,2.3);
#1971 = AXIS2_PLACEMENT_3D('',#1972,#1973,#1974);
#1972 = CARTESIAN_POINT('',(-16.26345596729,155.1,16.263455967291));
#1973 = DIRECTION('',(0.,1.,0.));
#1974 = DIRECTION('',(0.,-0.,1.));
#1975 = ORIENTED_EDGE('',*,*,#1886,.F.);
#1976 = CYLINDRICAL_SURFACE('',#1977,2.3);
#1977 = AXIS2_PLACEMENT_3D('',#1978,#1979,#1980);
#1978 = CARTESIAN_POINT('',(-16.26345596729,152.,16.263455967291));
#1979 = DIRECTION('',(0.,1.,0.));
#1980 = DIRECTION('',(0.,-0.,1.));
#1981 = ADVANCED_FACE('',(#1982),#2008,.F.);
#1982 = FACE_BOUND('',#1983,.T.);
#1983 = EDGE_LOOP('',(#1984,#1985,#1993,#2002));
#1984 = ORIENTED_EDGE('',*,*,#717,.T.);
#1985 = ORIENTED_EDGE('',*,*,#1986,.T.);
#1986 = EDGE_CURVE('',#720,#1987,#1989,.T.);
#1987 = VERTEX_POINT('',#1988);
#1988 = CARTESIAN_POINT('',(3.585786437627,155.1,-67.41421356237));
#1989 = LINE('',#1990,#1991);
#1990 = CARTESIAN_POINT('',(3.585786437627,152.,-67.41421356237));
#1991 = VECTOR('',#1992,1.);
#1992 = DIRECTION('',(0.,1.,0.));
#1993 = ORIENTED_EDGE('',*,*,#1994,.F.);
#1994 = EDGE_CURVE('',#1995,#1987,#1997,.T.);
#1995 = VERTEX_POINT('',#1996);
#1996 = CARTESIAN_POINT('',(7.,155.1,-68.82842712474));
#1997 = CIRCLE('',#1998,2.);
#1998 = AXIS2_PLACEMENT_3D('',#1999,#2000,#2001);
#1999 = CARTESIAN_POINT('',(5.,155.1,-68.82842712474));
#2000 = DIRECTION('',(0.,-1.,-0.));
#2001 = DIRECTION('',(-0.707106781187,-0.,0.707106781187));
#2002 = ORIENTED_EDGE('',*,*,#2003,.F.);
#2003 = EDGE_CURVE('',#718,#1995,#2004,.T.);
#2004 = LINE('',#2005,#2006);
#2005 = CARTESIAN_POINT('',(7.,152.,-68.82842712474));
#2006 = VECTOR('',#2007,1.);
#2007 = DIRECTION('',(0.,1.,0.));
#2008 = CYLINDRICAL_SURFACE('',#2009,2.);
#2009 = AXIS2_PLACEMENT_3D('',#2010,#2011,#2012);
#2010 = CARTESIAN_POINT('',(5.,152.,-68.82842712474));
#2011 = DIRECTION('',(0.,-1.,-0.));
#2012 = DIRECTION('',(-0.707106781187,-0.,0.707106781187));
#2013 = ADVANCED_FACE('',(#2014),#2032,.T.);
#2014 = FACE_BOUND('',#2015,.T.);
#2015 = EDGE_LOOP('',(#2016,#2017,#2025,#2031));
#2016 = ORIENTED_EDGE('',*,*,#762,.F.);
#2017 = ORIENTED_EDGE('',*,*,#2018,.T.);
#2018 = EDGE_CURVE('',#754,#2019,#2021,.T.);
#2019 = VERTEX_POINT('',#2020);
#2020 = CARTESIAN_POINT('',(-3.585786437627,155.1,-74.58578643762));
#2021 = LINE('',#2022,#2023);
#2022 = CARTESIAN_POINT('',(-3.585786437627,152.,-74.58578643762));
#2023 = VECTOR('',#2024,1.);
#2024 = DIRECTION('',(0.,1.,0.));
#2025 = ORIENTED_EDGE('',*,*,#2026,.T.);
#2026 = EDGE_CURVE('',#2019,#1987,#2027,.T.);
#2027 = LINE('',#2028,#2029);
#2028 = CARTESIAN_POINT('',(1.234960761053,155.1,-69.76503923894));
#2029 = VECTOR('',#2030,1.);
#2030 = DIRECTION('',(0.707106781187,-0.,0.707106781187));
#2031 = ORIENTED_EDGE('',*,*,#1986,.F.);
#2032 = PLANE('',#2033);
#2033 = AXIS2_PLACEMENT_3D('',#2034,#2035,#2036);
#2034 = CARTESIAN_POINT('',(-3.585786437627,152.,-74.58578643762));
#2035 = DIRECTION('',(0.707106781187,0.,-0.707106781187));
#2036 = DIRECTION('',(0.707106781187,0.,0.707106781187));
#2037 = ADVANCED_FACE('',(#2038),#2057,.F.);
#2038 = FACE_BOUND('',#2039,.T.);
#2039 = EDGE_LOOP('',(#2040,#2041,#2049,#2056));
#2040 = ORIENTED_EDGE('',*,*,#753,.T.);
#2041 = ORIENTED_EDGE('',*,*,#2042,.T.);
#2042 = EDGE_CURVE('',#746,#2043,#2045,.T.);
#2043 = VERTEX_POINT('',#2044);
#2044 = CARTESIAN_POINT('',(-2.171572875254,155.1,-78.));
#2045 = LINE('',#2046,#2047);
#2046 = CARTESIAN_POINT('',(-2.171572875254,152.,-78.));
#2047 = VECTOR('',#2048,1.);
#2048 = DIRECTION('',(0.,1.,0.));
#2049 = ORIENTED_EDGE('',*,*,#2050,.F.);
#2050 = EDGE_CURVE('',#2019,#2043,#2051,.T.);
#2051 = CIRCLE('',#2052,2.);
#2052 = AXIS2_PLACEMENT_3D('',#2053,#2054,#2055);
#2053 = CARTESIAN_POINT('',(-2.171572875254,155.1,-76.));
#2054 = DIRECTION('',(0.,-1.,-0.));
#2055 = DIRECTION('',(-4.440892098501E-16,0.,-1.));
#2056 = ORIENTED_EDGE('',*,*,#2018,.F.);
#2057 = CYLINDRICAL_SURFACE('',#2058,2.);
#2058 = AXIS2_PLACEMENT_3D('',#2059,#2060,#2061);
#2059 = CARTESIAN_POINT('',(-2.171572875254,152.,-76.));
#2060 = DIRECTION('',(-0.,-1.,-0.));
#2061 = DIRECTION('',(-4.440892098501E-16,0.,-1.));
#2062 = ADVANCED_FACE('',(#2063),#2081,.T.);
#2063 = FACE_BOUND('',#2064,.T.);
#2064 = EDGE_LOOP('',(#2065,#2066,#2074,#2080));
#2065 = ORIENTED_EDGE('',*,*,#745,.F.);
#2066 = ORIENTED_EDGE('',*,*,#2067,.T.);
#2067 = EDGE_CURVE('',#737,#2068,#2070,.T.);
#2068 = VERTEX_POINT('',#2069);
#2069 = CARTESIAN_POINT('',(5.,155.1,-78.));
#2070 = LINE('',#2071,#2072);
#2071 = CARTESIAN_POINT('',(5.,152.,-78.));
#2072 = VECTOR('',#2073,1.);
#2073 = DIRECTION('',(0.,1.,0.));
#2074 = ORIENTED_EDGE('',*,*,#2075,.T.);
#2075 = EDGE_CURVE('',#2068,#2043,#2076,.T.);
#2076 = LINE('',#2077,#2078);
#2077 = CARTESIAN_POINT('',(2.5,155.1,-78.));
#2078 = VECTOR('',#2079,1.);
#2079 = DIRECTION('',(-1.,0.,0.));
#2080 = ORIENTED_EDGE('',*,*,#2042,.F.);
#2081 = PLANE('',#2082);
#2082 = AXIS2_PLACEMENT_3D('',#2083,#2084,#2085);
#2083 = CARTESIAN_POINT('',(5.,152.,-78.));
#2084 = DIRECTION('',(0.,-0.,1.));
#2085 = DIRECTION('',(-1.,0.,0.));
#2086 = ADVANCED_FACE('',(#2087),#2106,.F.);
#2087 = FACE_BOUND('',#2088,.T.);
#2088 = EDGE_LOOP('',(#2089,#2090,#2098,#2105));
#2089 = ORIENTED_EDGE('',*,*,#736,.T.);
#2090 = ORIENTED_EDGE('',*,*,#2091,.T.);
#2091 = EDGE_CURVE('',#729,#2092,#2094,.T.);
#2092 = VERTEX_POINT('',#2093);
#2093 = CARTESIAN_POINT('',(7.,155.1,-76.));
#2094 = LINE('',#2095,#2096);
#2095 = CARTESIAN_POINT('',(7.,152.,-76.));
#2096 = VECTOR('',#2097,1.);
#2097 = DIRECTION('',(0.,1.,0.));
#2098 = ORIENTED_EDGE('',*,*,#2099,.F.);
#2099 = EDGE_CURVE('',#2068,#2092,#2100,.T.);
#2100 = CIRCLE('',#2101,2.);
#2101 = AXIS2_PLACEMENT_3D('',#2102,#2103,#2104);
#2102 = CARTESIAN_POINT('',(5.,155.1,-76.));
#2103 = DIRECTION('',(0.,-1.,-0.));
#2104 = DIRECTION('',(1.,0.,0.));
#2105 = ORIENTED_EDGE('',*,*,#2067,.F.);
#2106 = CYLINDRICAL_SURFACE('',#2107,2.);
#2107 = AXIS2_PLACEMENT_3D('',#2108,#2109,#2110);
#2108 = CARTESIAN_POINT('',(5.,152.,-76.));
#2109 = DIRECTION('',(0.,-1.,-0.));
#2110 = DIRECTION('',(1.,0.,0.));
#2111 = ADVANCED_FACE('',(#2112),#2123,.T.);
#2112 = FACE_BOUND('',#2113,.T.);
#2113 = EDGE_LOOP('',(#2114,#2115,#2116,#2122));
#2114 = ORIENTED_EDGE('',*,*,#728,.F.);
#2115 = ORIENTED_EDGE('',*,*,#2003,.T.);
#2116 = ORIENTED_EDGE('',*,*,#2117,.T.);
#2117 = EDGE_CURVE('',#1995,#2092,#2118,.T.);
#2118 = LINE('',#2119,#2120);
#2119 = CARTESIAN_POINT('',(7.,155.1,-63.85850560264));
#2120 = VECTOR('',#2121,1.);
#2121 = DIRECTION('',(0.,0.,-1.));
#2122 = ORIENTED_EDGE('',*,*,#2091,.F.);
#2123 = PLANE('',#2124);
#2124 = AXIS2_PLACEMENT_3D('',#2125,#2126,#2127);
#2125 = CARTESIAN_POINT('',(7.,152.,-68.82842712474));
#2126 = DIRECTION('',(-1.,0.,0.));
#2127 = DIRECTION('',(0.,0.,-1.));
#2128 = ADVANCED_FACE('',(#2129),#2155,.F.);
#2129 = FACE_BOUND('',#2130,.T.);
#2130 = EDGE_LOOP('',(#2131,#2132,#2140,#2149));
#2131 = ORIENTED_EDGE('',*,*,#770,.T.);
#2132 = ORIENTED_EDGE('',*,*,#2133,.T.);
#2133 = EDGE_CURVE('',#773,#2134,#2136,.T.);
#2134 = VERTEX_POINT('',#2135);
#2135 = CARTESIAN_POINT('',(-7.,155.1,-105.));
#2136 = LINE('',#2137,#2138);
#2137 = CARTESIAN_POINT('',(-7.,152.,-105.));
#2138 = VECTOR('',#2139,1.);
#2139 = DIRECTION('',(0.,1.,0.));
#2140 = ORIENTED_EDGE('',*,*,#2141,.F.);
#2141 = EDGE_CURVE('',#2142,#2134,#2144,.T.);
#2142 = VERTEX_POINT('',#2143);
#2143 = CARTESIAN_POINT('',(-5.,155.1,-103.));
#2144 = CIRCLE('',#2145,2.);
#2145 = AXIS2_PLACEMENT_3D('',#2146,#2147,#2148);
#2146 = CARTESIAN_POINT('',(-5.,155.1,-105.));
#2147 = DIRECTION('',(-0.,-1.,-0.));
#2148 = DIRECTION('',(-1.,0.,0.));
#2149 = ORIENTED_EDGE('',*,*,#2150,.F.);
#2150 = EDGE_CURVE('',#771,#2142,#2151,.T.);
#2151 = LINE('',#2152,#2153);
#2152 = CARTESIAN_POINT('',(-5.,152.,-103.));
#2153 = VECTOR('',#2154,1.);
#2154 = DIRECTION('',(0.,1.,0.));
#2155 = CYLINDRICAL_SURFACE('',#2156,2.);
#2156 = AXIS2_PLACEMENT_3D('',#2157,#2158,#2159);
#2157 = CARTESIAN_POINT('',(-5.,152.,-105.));
#2158 = DIRECTION('',(-0.,-1.,-0.));
#2159 = DIRECTION('',(-1.,0.,0.));
#2160 = ADVANCED_FACE('',(#2161),#2179,.T.);
#2161 = FACE_BOUND('',#2162,.T.);
#2162 = EDGE_LOOP('',(#2163,#2164,#2172,#2178));
#2163 = ORIENTED_EDGE('',*,*,#815,.F.);
#2164 = ORIENTED_EDGE('',*,*,#2165,.T.);
#2165 = EDGE_CURVE('',#807,#2166,#2168,.T.);
#2166 = VERTEX_POINT('',#2167);
#2167 = CARTESIAN_POINT('',(-7.,155.1,-109.8850723121));
#2168 = LINE('',#2169,#2170);
#2169 = CARTESIAN_POINT('',(-7.,152.,-109.8850723121));
#2170 = VECTOR('',#2171,1.);
#2171 = DIRECTION('',(0.,1.,0.));
#2172 = ORIENTED_EDGE('',*,*,#2173,.T.);
#2173 = EDGE_CURVE('',#2166,#2134,#2174,.T.);
#2174 = LINE('',#2175,#2176);
#2175 = CARTESIAN_POINT('',(-7.,155.1,-84.38682819635));
#2176 = VECTOR('',#2177,1.);
#2177 = DIRECTION('',(0.,0.,1.));
#2178 = ORIENTED_EDGE('',*,*,#2133,.F.);
#2179 = PLANE('',#2180);
#2180 = AXIS2_PLACEMENT_3D('',#2181,#2182,#2183);
#2181 = CARTESIAN_POINT('',(-7.,152.,-109.8850723121));
#2182 = DIRECTION('',(1.,0.,0.));
#2183 = DIRECTION('',(0.,0.,1.));
#2184 = ADVANCED_FACE('',(#2185),#2204,.F.);
#2185 = FACE_BOUND('',#2186,.T.);
#2186 = EDGE_LOOP('',(#2187,#2188,#2196,#2203));
#2187 = ORIENTED_EDGE('',*,*,#806,.T.);
#2188 = ORIENTED_EDGE('',*,*,#2189,.T.);
#2189 = EDGE_CURVE('',#799,#2190,#2192,.T.);
#2190 = VERTEX_POINT('',#2191);
#2191 = CARTESIAN_POINT('',(-3.764356896136,155.1,-111.4577089898));
#2192 = LINE('',#2193,#2194);
#2193 = CARTESIAN_POINT('',(-3.764356896136,152.,-111.4577089898));
#2194 = VECTOR('',#2195,1.);
#2195 = DIRECTION('',(0.,1.,0.));
#2196 = ORIENTED_EDGE('',*,*,#2197,.F.);
#2197 = EDGE_CURVE('',#2166,#2190,#2198,.T.);
#2198 = CIRCLE('',#2199,2.);
#2199 = AXIS2_PLACEMENT_3D('',#2200,#2201,#2202);
#2200 = CARTESIAN_POINT('',(-5.,155.1,-109.8850723121));
#2201 = DIRECTION('',(0.,-1.,-0.));
#2202 = DIRECTION('',(0.617821551932,0.,-0.786318338822));
#2203 = ORIENTED_EDGE('',*,*,#2165,.F.);
#2204 = CYLINDRICAL_SURFACE('',#2205,2.);
#2205 = AXIS2_PLACEMENT_3D('',#2206,#2207,#2208);
#2206 = CARTESIAN_POINT('',(-5.,152.,-109.8850723121));
#2207 = DIRECTION('',(-0.,-1.,-0.));
#2208 = DIRECTION('',(0.617821551932,0.,-0.786318338822));
#2209 = ADVANCED_FACE('',(#2210),#2228,.T.);
#2210 = FACE_BOUND('',#2211,.T.);
#2211 = EDGE_LOOP('',(#2212,#2213,#2221,#2227));
#2212 = ORIENTED_EDGE('',*,*,#798,.F.);
#2213 = ORIENTED_EDGE('',*,*,#2214,.T.);
#2214 = EDGE_CURVE('',#790,#2215,#2217,.T.);
#2215 = VERTEX_POINT('',#2216);
#2216 = CARTESIAN_POINT('',(2.453007864816,155.1,-106.5726366776));
#2217 = LINE('',#2218,#2219);
#2218 = CARTESIAN_POINT('',(2.453007864816,152.,-106.5726366776));
#2219 = VECTOR('',#2220,1.);
#2220 = DIRECTION('',(0.,1.,0.));
#2221 = ORIENTED_EDGE('',*,*,#2222,.T.);
#2222 = EDGE_CURVE('',#2215,#2190,#2223,.T.);
#2223 = LINE('',#2224,#2225);
#2224 = CARTESIAN_POINT('',(13.277226411269,155.1,-98.067893534));
#2225 = VECTOR('',#2226,1.);
#2226 = DIRECTION('',(-0.786318338822,0.,-0.617821551932));
#2227 = ORIENTED_EDGE('',*,*,#2189,.F.);
#2228 = PLANE('',#2229);
#2229 = AXIS2_PLACEMENT_3D('',#2230,#2231,#2232);
#2230 = CARTESIAN_POINT('',(2.453007864816,152.,-106.5726366776));
#2231 = DIRECTION('',(-0.617821551932,0.,0.786318338822));
#2232 = DIRECTION('',(-0.786318338822,0.,-0.617821551932));
#2233 = ADVANCED_FACE('',(#2234),#2253,.F.);
#2234 = FACE_BOUND('',#2235,.T.);
#2235 = EDGE_LOOP('',(#2236,#2237,#2245,#2252));
#2236 = ORIENTED_EDGE('',*,*,#789,.T.);
#2237 = ORIENTED_EDGE('',*,*,#2238,.T.);
#2238 = EDGE_CURVE('',#782,#2239,#2241,.T.);
#2239 = VERTEX_POINT('',#2240);
#2240 = CARTESIAN_POINT('',(1.217364760952,155.1,-103.));
#2241 = LINE('',#2242,#2243);
#2242 = CARTESIAN_POINT('',(1.217364760952,152.,-103.));
#2243 = VECTOR('',#2244,1.);
#2244 = DIRECTION('',(0.,1.,0.));
#2245 = ORIENTED_EDGE('',*,*,#2246,.F.);
#2246 = EDGE_CURVE('',#2215,#2239,#2247,.T.);
#2247 = CIRCLE('',#2248,2.);
#2248 = AXIS2_PLACEMENT_3D('',#2249,#2250,#2251);
#2249 = CARTESIAN_POINT('',(1.217364760952,155.1,-105.));
#2250 = DIRECTION('',(-0.,-1.,0.));
#2251 = DIRECTION('',(7.771561172376E-16,-0.,1.));
#2252 = ORIENTED_EDGE('',*,*,#2214,.F.);
#2253 = CYLINDRICAL_SURFACE('',#2254,2.);
#2254 = AXIS2_PLACEMENT_3D('',#2255,#2256,#2257);
#2255 = CARTESIAN_POINT('',(1.217364760952,152.,-105.));
#2256 = DIRECTION('',(-0.,-1.,-0.));
#2257 = DIRECTION('',(7.771561172376E-16,-0.,1.));
#2258 = ADVANCED_FACE('',(#2259),#2270,.T.);
#2259 = FACE_BOUND('',#2260,.T.);
#2260 = EDGE_LOOP('',(#2261,#2262,#2263,#2269));
#2261 = ORIENTED_EDGE('',*,*,#781,.F.);
#2262 = ORIENTED_EDGE('',*,*,#2150,.T.);
#2263 = ORIENTED_EDGE('',*,*,#2264,.T.);
#2264 = EDGE_CURVE('',#2142,#2239,#2265,.T.);
#2265 = LINE('',#2266,#2267);
#2266 = CARTESIAN_POINT('',(-2.5,155.1,-103.));
#2267 = VECTOR('',#2268,1.);
#2268 = DIRECTION('',(1.,-0.,0.));
#2269 = ORIENTED_EDGE('',*,*,#2238,.F.);
#2270 = PLANE('',#2271);
#2271 = AXIS2_PLACEMENT_3D('',#2272,#2273,#2274);
#2272 = CARTESIAN_POINT('',(-5.,152.,-103.));
#2273 = DIRECTION('',(0.,0.,-1.));
#2274 = DIRECTION('',(1.,0.,0.));
#2275 = ADVANCED_FACE('',(#2276),#2295,.T.);
#2276 = FACE_BOUND('',#2277,.T.);
#2277 = EDGE_LOOP('',(#2278,#2279,#2287,#2294));
#2278 = ORIENTED_EDGE('',*,*,#823,.F.);
#2279 = ORIENTED_EDGE('',*,*,#2280,.F.);
#2280 = EDGE_CURVE('',#2281,#824,#2283,.T.);
#2281 = VERTEX_POINT('',#2282);
#2282 = CARTESIAN_POINT('',(-2.08189955855E-15,148.6,-121.5));
#2283 = LINE('',#2284,#2285);
#2284 = CARTESIAN_POINT('',(-2.08189955855E-15,148.6,-121.5));
#2285 = VECTOR('',#2286,1.);
#2286 = DIRECTION('',(0.,1.,0.));
#2287 = ORIENTED_EDGE('',*,*,#2288,.T.);
#2288 = EDGE_CURVE('',#2281,#2281,#2289,.T.);
#2289 = CIRCLE('',#2290,8.5);
#2290 = AXIS2_PLACEMENT_3D('',#2291,#2292,#2293);
#2291 = CARTESIAN_POINT('',(0.,148.6,-130.));
#2292 = DIRECTION('',(0.,1.,0.));
#2293 = DIRECTION('',(0.,-0.,1.));
#2294 = ORIENTED_EDGE('',*,*,#2280,.T.);
#2295 = CYLINDRICAL_SURFACE('',#2296,8.5);
#2296 = AXIS2_PLACEMENT_3D('',#2297,#2298,#2299);
#2297 = CARTESIAN_POINT('',(0.,148.6,-130.));
#2298 = DIRECTION('',(0.,1.,0.));
#2299 = DIRECTION('',(0.,-0.,1.));
#2300 = ADVANCED_FACE('',(#2301),#2320,.F.);
#2301 = FACE_BOUND('',#2302,.F.);
#2302 = EDGE_LOOP('',(#2303,#2311,#2318,#2319));
#2303 = ORIENTED_EDGE('',*,*,#2304,.T.);
#2304 = EDGE_CURVE('',#874,#2305,#2307,.T.);
#2305 = VERTEX_POINT('',#2306);
#2306 = CARTESIAN_POINT('',(-10.5,143.2,-80.75));
#2307 = LINE('',#2308,#2309);
#2308 = CARTESIAN_POINT('',(-10.5,135.,-80.75));
#2309 = VECTOR('',#2310,1.);
#2310 = DIRECTION('',(0.,1.,0.));
#2311 = ORIENTED_EDGE('',*,*,#2312,.F.);
#2312 = EDGE_CURVE('',#2305,#2305,#2313,.T.);
#2313 = CIRCLE('',#2314,1.25);
#2314 = AXIS2_PLACEMENT_3D('',#2315,#2316,#2317);
#2315 = CARTESIAN_POINT('',(-10.5,143.2,-82.));
#2316 = DIRECTION('',(0.,1.,0.));
#2317 = DIRECTION('',(0.,-0.,1.));
#2318 = ORIENTED_EDGE('',*,*,#2304,.F.);
#2319 = ORIENTED_EDGE('',*,*,#873,.T.);
#2320 = CYLINDRICAL_SURFACE('',#2321,1.25);
#2321 = AXIS2_PLACEMENT_3D('',#2322,#2323,#2324);
#2322 = CARTESIAN_POINT('',(-10.5,135.,-82.));
#2323 = DIRECTION('',(0.,1.,0.));
#2324 = DIRECTION('',(0.,-0.,1.));
#2325 = ADVANCED_FACE('',(#2326),#2345,.F.);
#2326 = FACE_BOUND('',#2327,.F.);
#2327 = EDGE_LOOP('',(#2328,#2336,#2343,#2344));
#2328 = ORIENTED_EDGE('',*,*,#2329,.T.);
#2329 = EDGE_CURVE('',#924,#2330,#2332,.T.);
#2330 = VERTEX_POINT('',#2331);
#2331 = CARTESIAN_POINT('',(-10.5,143.2,-53.75));
#2332 = LINE('',#2333,#2334);
#2333 = CARTESIAN_POINT('',(-10.5,135.,-53.75));
#2334 = VECTOR('',#2335,1.);
#2335 = DIRECTION('',(0.,1.,0.));
#2336 = ORIENTED_EDGE('',*,*,#2337,.F.);
#2337 = EDGE_CURVE('',#2330,#2330,#2338,.T.);
#2338 = CIRCLE('',#2339,1.25);
#2339 = AXIS2_PLACEMENT_3D('',#2340,#2341,#2342);
#2340 = CARTESIAN_POINT('',(-10.5,143.2,-55.));
#2341 = DIRECTION('',(0.,1.,0.));
#2342 = DIRECTION('',(0.,-0.,1.));
#2343 = ORIENTED_EDGE('',*,*,#2329,.F.);
#2344 = ORIENTED_EDGE('',*,*,#923,.T.);
#2345 = CYLINDRICAL_SURFACE('',#2346,1.25);
#2346 = AXIS2_PLACEMENT_3D('',#2347,#2348,#2349);
#2347 = CARTESIAN_POINT('',(-10.5,135.,-55.));
#2348 = DIRECTION('',(0.,1.,0.));
#2349 = DIRECTION('',(0.,-0.,1.));
#2350 = ADVANCED_FACE('',(#2351),#2356,.T.);
#2351 = FACE_BOUND('',#2352,.T.);
#2352 = EDGE_LOOP('',(#2353,#2354,#2355));
#2353 = ORIENTED_EDGE('',*,*,#1647,.F.);
#2354 = ORIENTED_EDGE('',*,*,#1675,.T.);
#2355 = ORIENTED_EDGE('',*,*,#988,.F.);
#2356 = PLANE('',#2357);
#2357 = AXIS2_PLACEMENT_3D('',#2358,#2359,#2360);
#2358 = CARTESIAN_POINT('',(-45.,136.2,-34.));
#2359 = DIRECTION('',(-0.,1.,0.));
#2360 = DIRECTION('',(0.,0.,1.));
#2361 = ADVANCED_FACE('',(#2362),#2369,.T.);
#2362 = FACE_BOUND('',#2363,.T.);
#2363 = EDGE_LOOP('',(#2364,#2365,#2366,#2367,#2368));
#2364 = ORIENTED_EDGE('',*,*,#1281,.T.);
#2365 = ORIENTED_EDGE('',*,*,#1476,.T.);
#2366 = ORIENTED_EDGE('',*,*,#1411,.T.);
#2367 = ORIENTED_EDGE('',*,*,#1132,.T.);
#2368 = ORIENTED_EDGE('',*,*,#1100,.F.);
#2369 = PLANE('',#2370);
#2370 = AXIS2_PLACEMENT_3D('',#2371,#2372,#2373);
#2371 = CARTESIAN_POINT('',(-3.594643858784E-16,132.3,-58.88858408053));
#2372 = DIRECTION('',(-0.,-1.,-0.));
#2373 = DIRECTION('',(0.,0.,-1.));
#2374 = ADVANCED_FACE('',(#2375,#2380),#2391,.F.);
#2375 = FACE_BOUND('',#2376,.F.);
#2376 = EDGE_LOOP('',(#2377,#2378,#2379));
#2377 = ORIENTED_EDGE('',*,*,#1385,.T.);
#2378 = ORIENTED_EDGE('',*,*,#1394,.T.);
#2379 = ORIENTED_EDGE('',*,*,#1223,.T.);
#2380 = FACE_BOUND('',#2381,.F.);
#2381 = EDGE_LOOP('',(#2382));
#2382 = ORIENTED_EDGE('',*,*,#2383,.F.);
#2383 = EDGE_CURVE('',#2384,#2384,#2386,.T.);
#2384 = VERTEX_POINT('',#2385);
#2385 = CARTESIAN_POINT('',(10.5,135.1,-53.75));
#2386 = CIRCLE('',#2387,1.25);
#2387 = AXIS2_PLACEMENT_3D('',#2388,#2389,#2390);
#2388 = CARTESIAN_POINT('',(10.5,135.1,-55.));
#2389 = DIRECTION('',(0.,1.,0.));
#2390 = DIRECTION('',(0.,-0.,1.));
#2391 = PLANE('',#2392);
#2392 = AXIS2_PLACEMENT_3D('',#2393,#2394,#2395);
#2393 = CARTESIAN_POINT('',(10.5,135.1,-55.));
#2394 = DIRECTION('',(0.,1.,0.));
#2395 = DIRECTION('',(0.,-0.,1.));
#2396 = ADVANCED_FACE('',(#2397,#2402),#2413,.F.);
#2397 = FACE_BOUND('',#2398,.F.);
#2398 = EDGE_LOOP('',(#2399,#2400,#2401));
#2399 = ORIENTED_EDGE('',*,*,#1302,.T.);
#2400 = ORIENTED_EDGE('',*,*,#1311,.T.);
#2401 = ORIENTED_EDGE('',*,*,#1191,.T.);
#2402 = FACE_BOUND('',#2403,.F.);
#2403 = EDGE_LOOP('',(#2404));
#2404 = ORIENTED_EDGE('',*,*,#2405,.F.);
#2405 = EDGE_CURVE('',#2406,#2406,#2408,.T.);
#2406 = VERTEX_POINT('',#2407);
#2407 = CARTESIAN_POINT('',(10.5,135.1,-80.75));
#2408 = CIRCLE('',#2409,1.25);
#2409 = AXIS2_PLACEMENT_3D('',#2410,#2411,#2412);
#2410 = CARTESIAN_POINT('',(10.5,135.1,-82.));
#2411 = DIRECTION('',(0.,1.,0.));
#2412 = DIRECTION('',(0.,-0.,1.));
#2413 = PLANE('',#2414);
#2414 = AXIS2_PLACEMENT_3D('',#2415,#2416,#2417);
#2415 = CARTESIAN_POINT('',(10.5,135.1,-82.));
#2416 = DIRECTION('',(0.,1.,0.));
#2417 = DIRECTION('',(0.,-0.,1.));
#2418 = ADVANCED_FACE('',(#2419,#2427,#2433,#2444,#2452,#2460,#2468),
  #2479,.F.);
#2419 = FACE_BOUND('',#2420,.F.);
#2420 = EDGE_LOOP('',(#2421,#2422,#2423,#2424,#2425,#2426));
#2421 = ORIENTED_EDGE('',*,*,#1531,.T.);
#2422 = ORIENTED_EDGE('',*,*,#1665,.T.);
#2423 = ORIENTED_EDGE('',*,*,#1362,.T.);
#2424 = ORIENTED_EDGE('',*,*,#1337,.T.);
#2425 = ORIENTED_EDGE('',*,*,#1264,.T.);
#2426 = ORIENTED_EDGE('',*,*,#1484,.T.);
#2427 = FACE_BOUND('',#2428,.F.);
#2428 = EDGE_LOOP('',(#2429,#2430,#2431,#2432));
#2429 = ORIENTED_EDGE('',*,*,#1894,.F.);
#2430 = ORIENTED_EDGE('',*,*,#1969,.T.);
#2431 = ORIENTED_EDGE('',*,*,#1944,.T.);
#2432 = ORIENTED_EDGE('',*,*,#1917,.T.);
#2433 = FACE_BOUND('',#2434,.F.);
#2434 = EDGE_LOOP('',(#2435));
#2435 = ORIENTED_EDGE('',*,*,#2436,.T.);
#2436 = EDGE_CURVE('',#2437,#2437,#2439,.T.);
#2437 = VERTEX_POINT('',#2438);
#2438 = CARTESIAN_POINT('',(-4.335249668982E-15,155.1,17.7));
#2439 = CIRCLE('',#2440,17.7);
#2440 = AXIS2_PLACEMENT_3D('',#2441,#2442,#2443);
#2441 = CARTESIAN_POINT('',(0.,155.1,0.));
#2442 = DIRECTION('',(0.,1.,0.));
#2443 = DIRECTION('',(0.,-0.,1.));
#2444 = FACE_BOUND('',#2445,.F.);
#2445 = EDGE_LOOP('',(#2446,#2447,#2448,#2449,#2450,#2451));
#2446 = ORIENTED_EDGE('',*,*,#1747,.F.);
#2447 = ORIENTED_EDGE('',*,*,#1870,.T.);
#2448 = ORIENTED_EDGE('',*,*,#1852,.F.);
#2449 = ORIENTED_EDGE('',*,*,#1828,.T.);
#2450 = ORIENTED_EDGE('',*,*,#1803,.F.);
#2451 = ORIENTED_EDGE('',*,*,#1779,.T.);
#2452 = FACE_BOUND('',#2453,.F.);
#2453 = EDGE_LOOP('',(#2454,#2455,#2456,#2457,#2458,#2459));
#2454 = ORIENTED_EDGE('',*,*,#1994,.F.);
#2455 = ORIENTED_EDGE('',*,*,#2117,.T.);
#2456 = ORIENTED_EDGE('',*,*,#2099,.F.);
#2457 = ORIENTED_EDGE('',*,*,#2075,.T.);
#2458 = ORIENTED_EDGE('',*,*,#2050,.F.);
#2459 = ORIENTED_EDGE('',*,*,#2026,.T.);
#2460 = FACE_BOUND('',#2461,.F.);
#2461 = EDGE_LOOP('',(#2462,#2463,#2464,#2465,#2466,#2467));
#2462 = ORIENTED_EDGE('',*,*,#2141,.F.);
#2463 = ORIENTED_EDGE('',*,*,#2264,.T.);
#2464 = ORIENTED_EDGE('',*,*,#2246,.F.);
#2465 = ORIENTED_EDGE('',*,*,#2222,.T.);
#2466 = ORIENTED_EDGE('',*,*,#2197,.F.);
#2467 = ORIENTED_EDGE('',*,*,#2173,.T.);
#2468 = FACE_BOUND('',#2469,.F.);
#2469 = EDGE_LOOP('',(#2470));
#2470 = ORIENTED_EDGE('',*,*,#2471,.T.);
#2471 = EDGE_CURVE('',#2472,#2472,#2474,.T.);
#2472 = VERTEX_POINT('',#2473);
#2473 = CARTESIAN_POINT('',(-1.126675055216E-15,155.1,-125.4));
#2474 = CIRCLE('',#2475,4.6);
#2475 = AXIS2_PLACEMENT_3D('',#2476,#2477,#2478);
#2476 = CARTESIAN_POINT('',(0.,155.1,-130.));
#2477 = DIRECTION('',(0.,1.,0.));
#2478 = DIRECTION('',(0.,-0.,1.));
#2479 = PLANE('',#2480);
#2480 = AXIS2_PLACEMENT_3D('',#2481,#2482,#2483);
#2481 = CARTESIAN_POINT('',(-3.594643858784E-16,155.1,-58.88858408053));
#2482 = DIRECTION('',(-0.,-1.,-0.));
#2483 = DIRECTION('',(0.,0.,-1.));
#2484 = ADVANCED_FACE('',(#2485),#2492,.F.);
#2485 = FACE_BOUND('',#2486,.F.);
#2486 = EDGE_LOOP('',(#2487,#2488,#2489,#2490,#2491));
#2487 = ORIENTED_EDGE('',*,*,#1620,.F.);
#2488 = ORIENTED_EDGE('',*,*,#1555,.T.);
#2489 = ORIENTED_EDGE('',*,*,#1512,.T.);
#2490 = ORIENTED_EDGE('',*,*,#1570,.F.);
#2491 = ORIENTED_EDGE('',*,*,#1603,.F.);
#2492 = PLANE('',#2493);
#2493 = AXIS2_PLACEMENT_3D('',#2494,#2495,#2496);
#2494 = CARTESIAN_POINT('',(0.,136.3,0.));
#2495 = DIRECTION('',(0.,1.,0.));
#2496 = DIRECTION('',(0.,-0.,1.));
#2497 = ADVANCED_FACE('',(#2498,#2501),#2512,.F.);
#2498 = FACE_BOUND('',#2499,.F.);
#2499 = EDGE_LOOP('',(#2500));
#2500 = ORIENTED_EDGE('',*,*,#1721,.T.);
#2501 = FACE_BOUND('',#2502,.F.);
#2502 = EDGE_LOOP('',(#2503));
#2503 = ORIENTED_EDGE('',*,*,#2504,.F.);
#2504 = EDGE_CURVE('',#2505,#2505,#2507,.T.);
#2505 = VERTEX_POINT('',#2506);
#2506 = CARTESIAN_POINT('',(-4.335249668982E-15,153.1,17.7));
#2507 = CIRCLE('',#2508,17.7);
#2508 = AXIS2_PLACEMENT_3D('',#2509,#2510,#2511);
#2509 = CARTESIAN_POINT('',(0.,153.1,0.));
#2510 = DIRECTION('',(0.,1.,0.));
#2511 = DIRECTION('',(0.,-0.,1.));
#2512 = PLANE('',#2513);
#2513 = AXIS2_PLACEMENT_3D('',#2514,#2515,#2516);
#2514 = CARTESIAN_POINT('',(0.,153.1,0.));
#2515 = DIRECTION('',(0.,1.,0.));
#2516 = DIRECTION('',(0.,-0.,1.));
#2517 = ADVANCED_FACE('',(#2518,#2521),#2532,.F.);
#2518 = FACE_BOUND('',#2519,.F.);
#2519 = EDGE_LOOP('',(#2520));
#2520 = ORIENTED_EDGE('',*,*,#2288,.T.);
#2521 = FACE_BOUND('',#2522,.F.);
#2522 = EDGE_LOOP('',(#2523));
#2523 = ORIENTED_EDGE('',*,*,#2524,.F.);
#2524 = EDGE_CURVE('',#2525,#2525,#2527,.T.);
#2525 = VERTEX_POINT('',#2526);
#2526 = CARTESIAN_POINT('',(-9.797174393179E-16,148.6,-126.));
#2527 = CIRCLE('',#2528,4.);
#2528 = AXIS2_PLACEMENT_3D('',#2529,#2530,#2531);
#2529 = CARTESIAN_POINT('',(0.,148.6,-130.));
#2530 = DIRECTION('',(0.,1.,0.));
#2531 = DIRECTION('',(0.,-0.,1.));
#2532 = PLANE('',#2533);
#2533 = AXIS2_PLACEMENT_3D('',#2534,#2535,#2536);
#2534 = CARTESIAN_POINT('',(0.,148.6,-130.));
#2535 = DIRECTION('',(0.,1.,0.));
#2536 = DIRECTION('',(0.,-0.,1.));
#2537 = ADVANCED_FACE('',(#2538),#2541,.F.);
#2538 = FACE_BOUND('',#2539,.F.);
#2539 = EDGE_LOOP('',(#2540));
#2540 = ORIENTED_EDGE('',*,*,#2312,.T.);
#2541 = PLANE('',#2542);
#2542 = AXIS2_PLACEMENT_3D('',#2543,#2544,#2545);
#2543 = CARTESIAN_POINT('',(-10.5,143.2,-82.));
#2544 = DIRECTION('',(0.,1.,0.));
#2545 = DIRECTION('',(0.,-0.,1.));
#2546 = ADVANCED_FACE('',(#2547),#2550,.F.);
#2547 = FACE_BOUND('',#2548,.F.);
#2548 = EDGE_LOOP('',(#2549));
#2549 = ORIENTED_EDGE('',*,*,#2337,.T.);
#2550 = PLANE('',#2551);
#2551 = AXIS2_PLACEMENT_3D('',#2552,#2553,#2554);
#2552 = CARTESIAN_POINT('',(-10.5,143.2,-55.));
#2553 = DIRECTION('',(0.,1.,0.));
#2554 = DIRECTION('',(0.,-0.,1.));
#2555 = ADVANCED_FACE('',(#2556),#2575,.F.);
#2556 = FACE_BOUND('',#2557,.F.);
#2557 = EDGE_LOOP('',(#2558,#2566,#2573,#2574));
#2558 = ORIENTED_EDGE('',*,*,#2559,.T.);
#2559 = EDGE_CURVE('',#2384,#2560,#2562,.T.);
#2560 = VERTEX_POINT('',#2561);
#2561 = CARTESIAN_POINT('',(10.5,143.2,-53.75));
#2562 = LINE('',#2563,#2564);
#2563 = CARTESIAN_POINT('',(10.5,135.,-53.75));
#2564 = VECTOR('',#2565,1.);
#2565 = DIRECTION('',(0.,1.,0.));
#2566 = ORIENTED_EDGE('',*,*,#2567,.F.);
#2567 = EDGE_CURVE('',#2560,#2560,#2568,.T.);
#2568 = CIRCLE('',#2569,1.25);
#2569 = AXIS2_PLACEMENT_3D('',#2570,#2571,#2572);
#2570 = CARTESIAN_POINT('',(10.5,143.2,-55.));
#2571 = DIRECTION('',(0.,1.,0.));
#2572 = DIRECTION('',(0.,-0.,1.));
#2573 = ORIENTED_EDGE('',*,*,#2559,.F.);
#2574 = ORIENTED_EDGE('',*,*,#2383,.T.);
#2575 = CYLINDRICAL_SURFACE('',#2576,1.25);
#2576 = AXIS2_PLACEMENT_3D('',#2577,#2578,#2579);
#2577 = CARTESIAN_POINT('',(10.5,135.,-55.));
#2578 = DIRECTION('',(0.,1.,0.));
#2579 = DIRECTION('',(0.,-0.,1.));
#2580 = ADVANCED_FACE('',(#2581),#2600,.F.);
#2581 = FACE_BOUND('',#2582,.F.);
#2582 = EDGE_LOOP('',(#2583,#2591,#2598,#2599));
#2583 = ORIENTED_EDGE('',*,*,#2584,.T.);
#2584 = EDGE_CURVE('',#2406,#2585,#2587,.T.);
#2585 = VERTEX_POINT('',#2586);
#2586 = CARTESIAN_POINT('',(10.5,143.2,-80.75));
#2587 = LINE('',#2588,#2589);
#2588 = CARTESIAN_POINT('',(10.5,135.,-80.75));
#2589 = VECTOR('',#2590,1.);
#2590 = DIRECTION('',(0.,1.,0.));
#2591 = ORIENTED_EDGE('',*,*,#2592,.F.);
#2592 = EDGE_CURVE('',#2585,#2585,#2593,.T.);
#2593 = CIRCLE('',#2594,1.25);
#2594 = AXIS2_PLACEMENT_3D('',#2595,#2596,#2597);
#2595 = CARTESIAN_POINT('',(10.5,143.2,-82.));
#2596 = DIRECTION('',(0.,1.,0.));
#2597 = DIRECTION('',(0.,-0.,1.));
#2598 = ORIENTED_EDGE('',*,*,#2584,.F.);
#2599 = ORIENTED_EDGE('',*,*,#2405,.T.);
#2600 = CYLINDRICAL_SURFACE('',#2601,1.25);
#2601 = AXIS2_PLACEMENT_3D('',#2602,#2603,#2604);
#2602 = CARTESIAN_POINT('',(10.5,135.,-82.));
#2603 = DIRECTION('',(0.,1.,0.));
#2604 = DIRECTION('',(0.,-0.,1.));
#2605 = ADVANCED_FACE('',(#2606),#2617,.F.);
#2606 = FACE_BOUND('',#2607,.F.);
#2607 = EDGE_LOOP('',(#2608,#2609,#2615,#2616));
#2608 = ORIENTED_EDGE('',*,*,#2436,.F.);
#2609 = ORIENTED_EDGE('',*,*,#2610,.F.);
#2610 = EDGE_CURVE('',#2505,#2437,#2611,.T.);
#2611 = LINE('',#2612,#2613);
#2612 = CARTESIAN_POINT('',(-4.335249668982E-15,153.,17.7));
#2613 = VECTOR('',#2614,1.);
#2614 = DIRECTION('',(0.,1.,0.));
#2615 = ORIENTED_EDGE('',*,*,#2504,.T.);
#2616 = ORIENTED_EDGE('',*,*,#2610,.T.);
#2617 = CYLINDRICAL_SURFACE('',#2618,17.7);
#2618 = AXIS2_PLACEMENT_3D('',#2619,#2620,#2621);
#2619 = CARTESIAN_POINT('',(0.,153.,0.));
#2620 = DIRECTION('',(0.,1.,0.));
#2621 = DIRECTION('',(0.,-0.,1.));
#2622 = ADVANCED_FACE('',(#2623),#2642,.F.);
#2623 = FACE_BOUND('',#2624,.F.);
#2624 = EDGE_LOOP('',(#2625,#2626,#2634,#2641));
#2625 = ORIENTED_EDGE('',*,*,#2471,.F.);
#2626 = ORIENTED_EDGE('',*,*,#2627,.F.);
#2627 = EDGE_CURVE('',#2628,#2472,#2630,.T.);
#2628 = VERTEX_POINT('',#2629);
#2629 = CARTESIAN_POINT('',(-1.126675055216E-15,151.1,-125.4));
#2630 = LINE('',#2631,#2632);
#2631 = CARTESIAN_POINT('',(-1.126675055216E-15,151.1,-125.4));
#2632 = VECTOR('',#2633,1.);
#2633 = DIRECTION('',(0.,1.,0.));
#2634 = ORIENTED_EDGE('',*,*,#2635,.T.);
#2635 = EDGE_CURVE('',#2628,#2628,#2636,.T.);
#2636 = CIRCLE('',#2637,4.6);
#2637 = AXIS2_PLACEMENT_3D('',#2638,#2639,#2640);
#2638 = CARTESIAN_POINT('',(0.,151.1,-130.));
#2639 = DIRECTION('',(0.,1.,0.));
#2640 = DIRECTION('',(0.,-0.,1.));
#2641 = ORIENTED_EDGE('',*,*,#2627,.T.);
#2642 = CYLINDRICAL_SURFACE('',#2643,4.6);
#2643 = AXIS2_PLACEMENT_3D('',#2644,#2645,#2646);
#2644 = CARTESIAN_POINT('',(0.,151.1,-130.));
#2645 = DIRECTION('',(0.,1.,0.));
#2646 = DIRECTION('',(0.,-0.,1.));
#2647 = ADVANCED_FACE('',(#2648),#2667,.F.);
#2648 = FACE_BOUND('',#2649,.F.);
#2649 = EDGE_LOOP('',(#2650,#2659,#2665,#2666));
#2650 = ORIENTED_EDGE('',*,*,#2651,.F.);
#2651 = EDGE_CURVE('',#2652,#2652,#2654,.T.);
#2652 = VERTEX_POINT('',#2653);
#2653 = CARTESIAN_POINT('',(-9.797174393179E-16,151.1,-126.));
#2654 = CIRCLE('',#2655,4.);
#2655 = AXIS2_PLACEMENT_3D('',#2656,#2657,#2658);
#2656 = CARTESIAN_POINT('',(0.,151.1,-130.));
#2657 = DIRECTION('',(0.,1.,0.));
#2658 = DIRECTION('',(0.,-0.,1.));
#2659 = ORIENTED_EDGE('',*,*,#2660,.F.);
#2660 = EDGE_CURVE('',#2525,#2652,#2661,.T.);
#2661 = LINE('',#2662,#2663);
#2662 = CARTESIAN_POINT('',(-9.797174393179E-16,131.1,-126.));
#2663 = VECTOR('',#2664,1.);
#2664 = DIRECTION('',(0.,1.,0.));
#2665 = ORIENTED_EDGE('',*,*,#2524,.T.);
#2666 = ORIENTED_EDGE('',*,*,#2660,.T.);
#2667 = CYLINDRICAL_SURFACE('',#2668,4.);
#2668 = AXIS2_PLACEMENT_3D('',#2669,#2670,#2671);
#2669 = CARTESIAN_POINT('',(0.,131.1,-130.));
#2670 = DIRECTION('',(0.,1.,0.));
#2671 = DIRECTION('',(0.,-0.,1.));
#2672 = ADVANCED_FACE('',(#2673),#2676,.F.);
#2673 = FACE_BOUND('',#2674,.F.);
#2674 = EDGE_LOOP('',(#2675));
#2675 = ORIENTED_EDGE('',*,*,#2567,.T.);
#2676 = PLANE('',#2677);
#2677 = AXIS2_PLACEMENT_3D('',#2678,#2679,#2680);
#2678 = CARTESIAN_POINT('',(10.5,143.2,-55.));
#2679 = DIRECTION('',(0.,1.,0.));
#2680 = DIRECTION('',(0.,-0.,1.));
#2681 = ADVANCED_FACE('',(#2682),#2685,.F.);
#2682 = FACE_BOUND('',#2683,.F.);
#2683 = EDGE_LOOP('',(#2684));
#2684 = ORIENTED_EDGE('',*,*,#2592,.T.);
#2685 = PLANE('',#2686);
#2686 = AXIS2_PLACEMENT_3D('',#2687,#2688,#2689);
#2687 = CARTESIAN_POINT('',(10.5,143.2,-82.));
#2688 = DIRECTION('',(0.,1.,0.));
#2689 = DIRECTION('',(0.,-0.,1.));
#2690 = ADVANCED_FACE('',(#2691,#2694),#2697,.T.);
#2691 = FACE_BOUND('',#2692,.T.);
#2692 = EDGE_LOOP('',(#2693));
#2693 = ORIENTED_EDGE('',*,*,#2635,.T.);
#2694 = FACE_BOUND('',#2695,.T.);
#2695 = EDGE_LOOP('',(#2696));
#2696 = ORIENTED_EDGE('',*,*,#2651,.F.);
#2697 = PLANE('',#2698);
#2698 = AXIS2_PLACEMENT_3D('',#2699,#2700,#2701);
#2699 = CARTESIAN_POINT('',(0.,151.1,-130.));
#2700 = DIRECTION('',(0.,1.,0.));
#2701 = DIRECTION('',(0.,-0.,1.));
#2702 = ( GEOMETRIC_REPRESENTATION_CONTEXT(3) 
GLOBAL_UNCERTAINTY_ASSIGNED_CONTEXT((#2706)) 
GLOBAL_UNIT_ASSIGNED_CONTEXT((#2703,#2704,#2705)) REPRESENTATION_CONTEXT
('Context #1','3D Context with UNIT and UNCERTAINTY') );
#2703 = ( LENGTH_UNIT() NAMED_UNIT(*) SI_UNIT(.MILLI.,.METRE.) );
#2704 = ( NAMED_UNIT(*) PLANE_ANGLE_UNIT() SI_UNIT($,.RADIAN.) );
#2705 = ( NAMED_UNIT(*) SI_UNIT($,.STERADIAN.) SOLID_ANGLE_UNIT() );
#2706 = UNCERTAINTY_MEASURE_WITH_UNIT(LENGTH_MEASURE(2.E-06),#2703,
  'distance_accuracy_value','confusion accuracy');
#2707 = PRODUCT_RELATED_PRODUCT_CATEGORY('part',$,(#7));
ENDSEC;
END-ISO-10303-21;
